project_code,sheet,DB,projectid,key_occurrence,column,original_value,reconstructed_value,normalized_original,normalized_reconstructed,siteid,treatmentid,tsr,trt_tsr,treatment_category,treatment_type,papernumber
GAZP1,study,gazp,1,1,continent,Australia,Oceania,australia,oceania,,,,,,,
GAZP1,study,gazp,1,1,notes,,original data was blocked spatial structure that is not included in SQL version,,original data was blocked spatial structure that is not included in sql version,,,,,,,
GAZP1,site,gazp,1,1,USDA.class,3_desert and semidesert,,3_desert and semidesert,,176,,,,,,
GAZP1,site,gazp,1,1,USDA.subclass,3a_warm desert and semidesert woodland scrub and grassland ,,3a_warm desert and semidesert woodland scrub and grassland,,176,,,,,,
GAZP1,site,gazp,1,1,USDA.subsubclass,3a2_warm desert and semidesert scrub and grassland ,,3a2_warm desert and semidesert scrub and grassland,,176,,,,,,
GAZP1,site,gazp,1,1,landcover,h,,h,,176,,,,,,
GAZP1,site,gazp,1,1,elevation,552,,552,,176,,,,,,
GAZP1,site,gazp,1,1,aspect,0.0123381843200101,,0.0123381843200101,,176,,,,,,
GAZP1,site,gazp,1,1,slope,5.78727614519712,,5.78727614519712,,176,,,,,,
GAZP1,site,gazp,1,1,precipc,321,289,321,289,176,,,,,,
GAZP1,site,gazp,1,1,tempc,24,24.1,24,24.1,176,,,,,,
GAZP1,site,gazp,1,1,temp,24.1,,24.1,,176,,,,,,
GAZP1,site,gazp,1,1,drange,14.3,,14.3,,176,,,,,,
GAZP1,site,gazp,1,1,iso,4.6,,4.6,,176,,,,,,
GAZP1,site,gazp,1,1,tseason,598.6,,598.6,,176,,,,,,
GAZP1,site,gazp,1,1,mtwarm,38.5,,38.5,,176,,,,,,
GAZP1,site,gazp,1,1,mtcold,7.8,,7.8,,176,,,,,,
GAZP1,site,gazp,1,1,trange,30.7,,30.7,,176,,,,,,
GAZP1,site,gazp,1,1,twetq,30.4,,30.4,,176,,,,,,
GAZP1,site,gazp,1,1,tdryq,25,,25,,176,,,,,,
GAZP1,site,gazp,1,1,twarmq,31,,31,,176,,,,,,
GAZP1,site,gazp,1,1,tcoldq,15.9,,15.9,,176,,,,,,
GAZP1,site,gazp,1,1,precip,289,,289,,176,,,,,,
GAZP1,site,gazp,1,1,pwet,65,,65,,176,,,,,,
GAZP1,site,gazp,1,1,pdry,5,,5,,176,,,,,,
GAZP1,site,gazp,1,1,pseason,72,,72,,176,,,,,,
GAZP1,site,gazp,1,1,pwetq,151,,151,,176,,,,,,
GAZP1,site,gazp,1,1,pdryq,19,,19,,176,,,,,,
GAZP1,site,gazp,1,1,pwarmq,145,,145,,176,,,,,,
GAZP1,site,gazp,1,1,pcoldq,46,,46,,176,,,,,,
GAZP1,site,gazp,1,1,minetype,iron ore,,iron ore,,176,,,,,,
GAZP1,timepoints,gazp,,1,month,2,,2,,,1_1,6,,,,
GAZP1,timepoints,gazp,,1,month,2,,2,,,1_10,6,,,,
GAZP1,timepoints,gazp,,1,month,2,,2,,,1_11,6,,,,
GAZP1,timepoints,gazp,,1,month,2,,2,,,1_12,6,,,,
GAZP1,timepoints,gazp,,1,month,2,,2,,,1_13,6,,,,
GAZP1,timepoints,gazp,,1,month,2,,2,,,1_14,6,,,,
GAZP1,timepoints,gazp,,1,month,2,,2,,,1_15,6,,,,
GAZP1,timepoints,gazp,,1,month,2,,2,,,1_16,6,,,,
GAZP1,timepoints,gazp,,1,month,2,,2,,,1_17,6,,,,
GAZP1,timepoints,gazp,,1,month,2,,2,,,1_18,6,,,,
GAZP1,timepoints,gazp,,1,month,2,,2,,,1_19,6,,,,
GAZP1,timepoints,gazp,,1,month,2,,2,,,1_2,6,,,,
GAZP1,timepoints,gazp,,1,month,2,,2,,,1_20,6,,,,
GAZP1,timepoints,gazp,,1,month,2,,2,,,1_3,6,,,,
GAZP1,timepoints,gazp,,1,month,2,,2,,,1_4,6,,,,
GAZP1,timepoints,gazp,,1,month,2,,2,,,1_5,6,,,,
GAZP1,timepoints,gazp,,1,month,2,,2,,,1_6,6,,,,
GAZP1,timepoints,gazp,,1,month,2,,2,,,1_7,6,,,,
GAZP1,timepoints,gazp,,1,month,2,,2,,,1_8,6,,,,
GAZP1,timepoints,gazp,,1,month,2,,2,,,1_9,6,,,,
GAZP2,study,gazp,2,1,country,USA,United States of America,usa,united states of america,,,,,,,
GAZP2,study,gazp,2,1,tsrlast,25,29,25,29,,,,,,,
GAZP2,study,gazp,2,1,timepoints,2,6,2,6,,,,,,,
GAZP2,site,gazp,2,1,USDA.class,3_desert and semidesert,,3_desert and semidesert,,172,,,,,,
GAZP2,site,gazp,2,1,USDA.class,3_desert and semidesert,,3_desert and semidesert,,173,,,,,,
GAZP2,site,gazp,2,1,USDA.class,3_desert and semidesert,,3_desert and semidesert,,174,,,,,,
GAZP2,site,gazp,2,1,USDA.class,3_desert and semidesert,,3_desert and semidesert,,175,,,,,,
GAZP2,site,gazp,2,1,USDA.subclass,3b_cool semidesert scrub and grassland ,,3b_cool semidesert scrub and grassland,,172,,,,,,
GAZP2,site,gazp,2,1,USDA.subclass,3b_cool semidesert scrub and grassland ,,3b_cool semidesert scrub and grassland,,173,,,,,,
GAZP2,site,gazp,2,1,USDA.subclass,3b_cool semidesert scrub and grassland ,,3b_cool semidesert scrub and grassland,,174,,,,,,
GAZP2,site,gazp,2,1,USDA.subclass,3b_cool semidesert scrub and grassland ,,3b_cool semidesert scrub and grassland,,175,,,,,,
GAZP2,site,gazp,2,1,USDA.subsubclass,3b1_cool semidesert scrub and grassland ,,3b1_cool semidesert scrub and grassland,,172,,,,,,
GAZP2,site,gazp,2,1,USDA.subsubclass,3b1_cool semidesert scrub and grassland ,,3b1_cool semidesert scrub and grassland,,173,,,,,,
GAZP2,site,gazp,2,1,USDA.subsubclass,3b1_cool semidesert scrub and grassland ,,3b1_cool semidesert scrub and grassland,,174,,,,,,
GAZP2,site,gazp,2,1,USDA.subsubclass,3b1_cool semidesert scrub and grassland ,,3b1_cool semidesert scrub and grassland,,175,,,,,,
GAZP2,site,gazp,2,1,landcover,sc2,,sc2,,172,,,,,,
GAZP2,site,gazp,2,1,landcover,sc2,,sc2,,173,,,,,,
GAZP2,site,gazp,2,1,landcover,sc2,,sc2,,174,,,,,,
GAZP2,site,gazp,2,1,landcover,sc2,,sc2,,175,,,,,,
GAZP2,site,gazp,2,1,elevation,1195,,1195,,172,,,,,,
GAZP2,site,gazp,2,1,elevation,1349,,1349,,173,,,,,,
GAZP2,site,gazp,2,1,elevation,1482,,1482,,174,,,,,,
GAZP2,site,gazp,2,1,elevation,1434,,1434,,175,,,,,,
GAZP2,site,gazp,2,1,aspect,0.229534043889334,,0.2295340438893340,,172,,,,,,
GAZP2,site,gazp,2,1,aspect,0.154470271738303,,0.1544702717383030,,173,,,,,,
GAZP2,site,gazp,2,1,aspect,0.122568068499992,,0.1225680684999920,,174,,,,,,
GAZP2,site,gazp,2,1,aspect,0.0541348121334824,,0.0541348121334824,,175,,,,,,
GAZP2,site,gazp,2,1,slope,1.02777737087291,,1.02777737087291,,172,,,,,,
GAZP2,site,gazp,2,1,slope,4.28095177202056,,4.28095177202056,,173,,,,,,
GAZP2,site,gazp,2,1,slope,4.31671529969718,,4.31671529969718,,174,,,,,,
GAZP2,site,gazp,2,1,slope,1.18584399036835,,1.18584399036835,,175,,,,,,
GAZP2,site,gazp,2,1,precipc,283.7,322,283.7,322,172,,,,,,
GAZP2,site,gazp,2,1,precipc,254.8,295,254.8,295,173,,,,,,
GAZP2,site,gazp,2,1,precipc,288.8,304,288.8,304,174,,,,,,
GAZP2,site,gazp,2,1,precipc,288.8,285,288.8,285,175,,,,,,
GAZP2,site,gazp,2,1,tempc,7.9,6.7,7.90,6.7,172,,,,,,
GAZP2,site,gazp,2,1,tempc,9.25,7.6,9.25,7.6,173,,,,,,
GAZP2,site,gazp,2,1,tempc,7.36,5.9,7.36,5.9,174,,,,,,
GAZP2,site,gazp,2,1,tempc,7.36,6.6,7.36,6.6,175,,,,,,
GAZP2,site,gazp,2,1,temp,6.7,,6.7,,172,,,,,,
GAZP2,site,gazp,2,1,temp,7.6,,7.6,,173,,,,,,
GAZP2,site,gazp,2,1,temp,5.9,,5.9,,174,,,,,,
GAZP2,site,gazp,2,1,temp,6.6,,6.6,,175,,,,,,
GAZP2,site,gazp,2,1,drange,16.4,,16.4,,172,,,,,,
GAZP2,site,gazp,2,1,drange,16.3,,16.3,,173,,,,,,
GAZP2,site,gazp,2,1,drange,15.7,,15.7,,174,,,,,,
GAZP2,site,gazp,2,1,drange,15.8,,15.8,,175,,,,,,
GAZP2,site,gazp,2,1,iso,4.1,,4.1,,172,,,,,,
GAZP2,site,gazp,2,1,iso,4,,4.0,,173,,,,,,
GAZP2,site,gazp,2,1,iso,4.1,,4.1,,174,,,,,,
GAZP2,site,gazp,2,1,iso,4.2,,4.2,,175,,,,,,
GAZP2,site,gazp,2,1,tseason,796.4,,796.4,,172,,,,,,
GAZP2,site,gazp,2,1,tseason,803.6,,803.6,,173,,,,,,
GAZP2,site,gazp,2,1,tseason,732.4,,732.4,,174,,,,,,
GAZP2,site,gazp,2,1,tseason,718.7,,718.7,,175,,,,,,
GAZP2,site,gazp,2,1,mtwarm,29.4,,29.4,,172,,,,,,
GAZP2,site,gazp,2,1,mtwarm,30.5,,30.5,,173,,,,,,
GAZP2,site,gazp,2,1,mtwarm,27.4,,27.4,,174,,,,,,
GAZP2,site,gazp,2,1,mtwarm,28.2,,28.2,,175,,,,,,
GAZP2,site,gazp,2,1,mtcold,-10.6,,-10.6,,172,,,,,,
GAZP2,site,gazp,2,1,mtcold,-9.5,,-9.5,,173,,,,,,
GAZP2,site,gazp,2,1,mtcold,-10,,-10.0,,174,,,,,,
GAZP2,site,gazp,2,1,mtcold,-8.7,,-8.7,,175,,,,,,
GAZP2,site,gazp,2,1,trange,40,,40.0,,172,,,,,,
GAZP2,site,gazp,2,1,trange,40,,40.0,,173,,,,,,
GAZP2,site,gazp,2,1,trange,37.4,,37.4,,174,,,,,,
GAZP2,site,gazp,2,1,trange,36.9,,36.9,,175,,,,,,
GAZP2,site,gazp,2,1,twetq,-2.8,,-2.8,,172,,,,,,
GAZP2,site,gazp,2,1,twetq,-1.9,,-1.9,,173,,,,,,
GAZP2,site,gazp,2,1,twetq,-2.6,,-2.6,,174,,,,,,
GAZP2,site,gazp,2,1,twetq,-1.6,,-1.6,,175,,,,,,
GAZP2,site,gazp,2,1,tdryq,16.5,,16.5,,172,,,,,,
GAZP2,site,gazp,2,1,tdryq,17.6,,17.6,,173,,,,,,
GAZP2,site,gazp,2,1,tdryq,15.2,,15.2,,174,,,,,,
GAZP2,site,gazp,2,1,tdryq,15.8,,15.8,,175,,,,,,
GAZP2,site,gazp,2,1,twarmq,17.1,,17.1,,172,,,,,,
GAZP2,site,gazp,2,1,twarmq,18.2,,18.2,,173,,,,,,
GAZP2,site,gazp,2,1,twarmq,15.6,,15.6,,174,,,,,,
GAZP2,site,gazp,2,1,twarmq,16.2,,16.2,,175,,,,,,
GAZP2,site,gazp,2,1,tcoldq,-3.6,,-3.6,,172,,,,,,
GAZP2,site,gazp,2,1,tcoldq,-2.6,,-2.6,,173,,,,,,
GAZP2,site,gazp,2,1,tcoldq,-3.3,,-3.3,,174,,,,,,
GAZP2,site,gazp,2,1,tcoldq,-2.2,,-2.2,,175,,,,,,
GAZP2,site,gazp,2,1,precip,322,,322,,172,,,,,,
GAZP2,site,gazp,2,1,precip,295,,295,,173,,,,,,
GAZP2,site,gazp,2,1,precip,304,,304,,174,,,,,,
GAZP2,site,gazp,2,1,precip,285,,285,,175,,,,,,
GAZP2,site,gazp,2,1,pwet,43,,43,,172,,,,,,
GAZP2,site,gazp,2,1,pwet,37,,37,,173,,,,,,
GAZP2,site,gazp,2,1,pwet,38,,38,,174,,,,,,
GAZP2,site,gazp,2,1,pwet,36,,36,,175,,,,,,
GAZP2,site,gazp,2,1,pdry,12,,12,,172,,,,,,
GAZP2,site,gazp,2,1,pdry,11,,11,,173,,,,,,
GAZP2,site,gazp,2,1,pdry,13,,13,,174,,,,,,
GAZP2,site,gazp,2,1,pdry,14,,14,,175,,,,,,
GAZP2,site,gazp,2,1,pseason,33,,33,,172,,,,,,
GAZP2,site,gazp,2,1,pseason,32,,32,,173,,,,,,
GAZP2,site,gazp,2,1,pseason,28,,28,,174,,,,,,
GAZP2,site,gazp,2,1,pseason,28,,28,,175,,,,,,
GAZP2,site,gazp,2,1,pwetq,119,,119,,172,,,,,,
GAZP2,site,gazp,2,1,pwetq,105,,105,,173,,,,,,
GAZP2,site,gazp,2,1,pwetq,107,,107,,174,,,,,,
GAZP2,site,gazp,2,1,pwetq,100,,100,,175,,,,,,
GAZP2,site,gazp,2,1,pdryq,47,,47,,172,,,,,,
GAZP2,site,gazp,2,1,pdryq,42,,42,,173,,,,,,
GAZP2,site,gazp,2,1,pdryq,49,,49,,174,,,,,,
GAZP2,site,gazp,2,1,pdryq,49,,49,,175,,,,,,
GAZP2,site,gazp,2,1,pwarmq,57,,57,,172,,,,,,
GAZP2,site,gazp,2,1,pwarmq,53,,53,,173,,,,,,
GAZP2,site,gazp,2,1,pwarmq,57,,57,,174,,,,,,
GAZP2,site,gazp,2,1,pwarmq,58,,58,,175,,,,,,
GAZP2,site,gazp,2,1,pcoldq,107,,107,,172,,,,,,
GAZP2,site,gazp,2,1,pcoldq,95,,95,,173,,,,,,
GAZP2,site,gazp,2,1,pcoldq,92,,92,,174,,,,,,
GAZP2,site,gazp,2,1,pcoldq,83,,83,,175,,,,,,
GAZP2,site,gazp,2,1,invasivespe,Bromus tectorum,Bro_tec,bromus tectorum,bro_tec,172,,,,,,
GAZP2,site,gazp,2,1,invasivespe,Bromus tectorum,Bro_tec,bromus tectorum,bro_tec,173,,,,,,
GAZP2,site,gazp,2,1,invasivespe,Bromus tectorum,Bro_tec,bromus tectorum,bro_tec,174,,,,,,
GAZP2,site,gazp,2,1,invasivespe,Bromus tectorum,Bro_tec,bromus tectorum,bro_tec,175,,,,,,
GAZP2,site,gazp,2,1,invasiveform,agrass,,agrass,,172,,,,,,
GAZP2,site,gazp,2,1,invasiveform,agrass,,agrass,,173,,,,,,
GAZP2,site,gazp,2,1,invasiveform,agrass,,agrass,,174,,,,,,
GAZP2,site,gazp,2,1,invasiveform,agrass,,agrass,,175,,,,,,
GAZP2,treatments,gazp,,1,trt_year,2007,2008,2007,2008,,2_13,,6,irrigation,irrigation,
GAZP2,treatments,gazp,,1,trt_year,2007,2008,2007,2008,,2_13,,8,irrigation,irrigation,
GAZP2,treatments,gazp,,1,trt_year,2007,2008,2007,2008,,2_13,,10,irrigation,irrigation,
GAZP2,treatments,gazp,,1,trt_year,2007,2008,2007,2008,,2_13,,12,irrigation,irrigation,
GAZP2,treatments,gazp,,1,trt_year,2007,2008,2007,2008,,2_13,,14,irrigation,irrigation,
GAZP2,treatments,gazp,,1,trt_year,2007,2008,2007,2008,,2_13,,16,irrigation,irrigation,
GAZP2,treatments,gazp,,1,trt_year,2007,2008,2007,2008,,2_14,,6,irrigation,irrigation,
GAZP2,treatments,gazp,,1,trt_year,2007,2008,2007,2008,,2_14,,8,irrigation,irrigation,
GAZP2,treatments,gazp,,1,trt_year,2007,2008,2007,2008,,2_14,,10,irrigation,irrigation,
GAZP2,treatments,gazp,,1,trt_year,2007,2008,2007,2008,,2_14,,12,irrigation,irrigation,
GAZP2,treatments,gazp,,1,trt_year,2007,2008,2007,2008,,2_14,,14,irrigation,irrigation,
GAZP2,treatments,gazp,,1,trt_year,2007,2008,2007,2008,,2_14,,16,irrigation,irrigation,
GAZP2,treatments,gazp,,1,trt_year,2007,2008,2007,2008,,2_17,,6,irrigation,irrigation,
GAZP2,treatments,gazp,,1,trt_year,2007,2008,2007,2008,,2_17,,8,irrigation,irrigation,
GAZP2,treatments,gazp,,1,trt_year,2007,2008,2007,2008,,2_17,,10,irrigation,irrigation,
GAZP2,treatments,gazp,,1,trt_year,2007,2008,2007,2008,,2_17,,12,irrigation,irrigation,
GAZP2,treatments,gazp,,1,trt_year,2007,2008,2007,2008,,2_17,,14,irrigation,irrigation,
GAZP2,treatments,gazp,,1,trt_year,2007,2008,2007,2008,,2_17,,16,irrigation,irrigation,
GAZP2,treatments,gazp,,1,trt_year,2007,2008,2007,2008,,2_18,,6,irrigation,irrigation,
GAZP2,treatments,gazp,,1,trt_year,2007,2008,2007,2008,,2_18,,8,irrigation,irrigation,
GAZP2,treatments,gazp,,1,trt_year,2007,2008,2007,2008,,2_18,,10,irrigation,irrigation,
GAZP2,treatments,gazp,,1,trt_year,2007,2008,2007,2008,,2_18,,12,irrigation,irrigation,
GAZP2,treatments,gazp,,1,trt_year,2007,2008,2007,2008,,2_18,,14,irrigation,irrigation,
GAZP2,treatments,gazp,,1,trt_year,2007,2008,2007,2008,,2_18,,16,irrigation,irrigation,
GAZP2,treatments,gazp,,1,trt_year,2007,2008,2007,2008,,2_22,,8,irrigation,irrigation,
GAZP2,treatments,gazp,,1,trt_year,2007,2008,2007,2008,,2_22,,10,irrigation,irrigation,
GAZP2,treatments,gazp,,1,trt_year,2007,2008,2007,2008,,2_22,,12,irrigation,irrigation,
GAZP2,treatments,gazp,,1,trt_year,2007,2008,2007,2008,,2_22,,14,irrigation,irrigation,
GAZP2,treatments,gazp,,1,trt_year,2007,2008,2007,2008,,2_22,,16,irrigation,irrigation,
GAZP2,treatments,gazp,,1,trt_year,2007,2008,2007,2008,,2_23,,8,irrigation,irrigation,
GAZP2,treatments,gazp,,1,trt_year,2007,2008,2007,2008,,2_23,,10,irrigation,irrigation,
GAZP2,treatments,gazp,,1,trt_year,2007,2008,2007,2008,,2_23,,12,irrigation,irrigation,
GAZP2,treatments,gazp,,1,trt_year,2007,2008,2007,2008,,2_23,,14,irrigation,irrigation,
GAZP2,treatments,gazp,,1,trt_year,2007,2008,2007,2008,,2_23,,16,irrigation,irrigation,
GAZP2,treatments,gazp,,1,trt_year,2007,2008,2007,2008,,2_26,,8,irrigation,irrigation,
GAZP2,treatments,gazp,,1,trt_year,2007,2008,2007,2008,,2_26,,10,irrigation,irrigation,
GAZP2,treatments,gazp,,1,trt_year,2007,2008,2007,2008,,2_26,,12,irrigation,irrigation,
GAZP2,treatments,gazp,,1,trt_year,2007,2008,2007,2008,,2_26,,14,irrigation,irrigation,
GAZP2,treatments,gazp,,1,trt_year,2007,2008,2007,2008,,2_26,,16,irrigation,irrigation,
GAZP2,treatments,gazp,,1,trt_year,2007,2008,,,,2_27,,8,irrigation,irrigation,
GAZP2,treatments,gazp,,1,trt_year,2007,2008,,,,2_27,,10,irrigation,irrigation,
GAZP2,treatments,gazp,,1,trt_year,2007,2008,,,,2_27,,12,irrigation,irrigation,
GAZP2,treatments,gazp,,1,trt_year,2007,2008,,,,2_27,,14,irrigation,irrigation,
GAZP2,treatments,gazp,,1,trt_year,2007,2008,,,,2_27,,16,irrigation,irrigation,
GAZP2,treatments,gazp,,1,trt_year,2007,2008,,,,2_31,,10,irrigation,irrigation,
GAZP2,treatments,gazp,,1,trt_year,2007,2008,,,,2_31,,12,irrigation,irrigation,
GAZP2,treatments,gazp,,1,trt_year,2007,2008,,,,2_31,,14,irrigation,irrigation,
GAZP2,treatments,gazp,,1,trt_year,2007,2008,,,,2_31,,16,irrigation,irrigation,
GAZP2,treatments,gazp,,1,trt_year,2007,2008,,,,2_32,,10,irrigation,irrigation,
GAZP2,treatments,gazp,,1,trt_year,2007,2008,,,,2_32,,12,irrigation,irrigation,
GAZP2,treatments,gazp,,1,trt_year,2007,2008,,,,2_32,,14,irrigation,irrigation,
GAZP2,treatments,gazp,,1,trt_year,2007,2008,,,,2_32,,16,irrigation,irrigation,
GAZP2,treatments,gazp,,1,trt_year,2007,2008,,,,2_35,,10,irrigation,irrigation,
GAZP2,treatments,gazp,,1,trt_year,2007,2008,,,,2_35,,12,irrigation,irrigation,
GAZP2,treatments,gazp,,1,trt_year,2007,2008,,,,2_35,,14,irrigation,irrigation,
GAZP2,treatments,gazp,,1,trt_year,2007,2008,,,,2_35,,16,irrigation,irrigation,
GAZP2,treatments,gazp,,1,trt_year,2007,2008,,,,2_36,,10,irrigation,irrigation,
GAZP2,treatments,gazp,,1,trt_year,2007,2008,,,,2_36,,12,irrigation,irrigation,
GAZP2,treatments,gazp,,1,trt_year,2007,2008,,,,2_36,,14,irrigation,irrigation,
GAZP2,treatments,gazp,,1,trt_year,2007,2008,,,,2_36,,16,irrigation,irrigation,
GAZP2,treatments,gazp,,1,trt_year,2007,2008,,,,2_4,,6,irrigation,irrigation,
GAZP2,treatments,gazp,,1,trt_year,2007,2008,,,,2_4,,8,irrigation,irrigation,
GAZP2,treatments,gazp,,1,trt_year,2007,2008,,,,2_4,,10,irrigation,irrigation,
GAZP2,treatments,gazp,,1,trt_year,2007,2008,,,,2_4,,12,irrigation,irrigation,
GAZP2,treatments,gazp,,1,trt_year,2007,2008,,,,2_4,,14,irrigation,irrigation,
GAZP2,treatments,gazp,,1,trt_year,2007,2008,,,,2_4,,16,irrigation,irrigation,
GAZP2,treatments,gazp,,1,trt_year,2007,2008,,,,2_5,,6,irrigation,irrigation,
GAZP2,treatments,gazp,,1,trt_year,2007,2008,,,,2_5,,8,irrigation,irrigation,
GAZP2,treatments,gazp,,1,trt_year,2007,2008,,,,2_5,,10,irrigation,irrigation,
GAZP2,treatments,gazp,,1,trt_year,2007,2008,,,,2_5,,12,irrigation,irrigation,
GAZP2,treatments,gazp,,1,trt_year,2007,2008,,,,2_5,,14,irrigation,irrigation,
GAZP2,treatments,gazp,,1,trt_year,2007,2008,,,,2_5,,16,irrigation,irrigation,
GAZP2,treatments,gazp,,1,trt_year,2007,2008,,,,2_8,,6,irrigation,irrigation,
GAZP2,treatments,gazp,,1,trt_year,2007,2008,,,,2_8,,8,irrigation,irrigation,
GAZP2,treatments,gazp,,1,trt_year,2007,2008,,,,2_8,,10,irrigation,irrigation,
GAZP2,treatments,gazp,,1,trt_year,2007,2008,,,,2_8,,12,irrigation,irrigation,
GAZP2,treatments,gazp,,1,trt_year,2007,2008,,,,2_8,,14,irrigation,irrigation,
GAZP2,treatments,gazp,,1,trt_year,2007,2008,,,,2_8,,16,irrigation,irrigation,
GAZP2,treatments,gazp,,1,trt_year,2007,2008,,,,2_9,,6,irrigation,irrigation,
GAZP2,treatments,gazp,,1,trt_year,2007,2008,,,,2_9,,8,irrigation,irrigation,
GAZP2,treatments,gazp,,1,trt_year,2007,2008,,,,2_9,,10,irrigation,irrigation,
GAZP2,treatments,gazp,,1,trt_year,2007,2008,,,,2_9,,12,irrigation,irrigation,
GAZP2,treatments,gazp,,1,trt_year,2007,2008,,,,2_9,,14,irrigation,irrigation,
GAZP2,treatments,gazp,,1,trt_year,2007,2008,,,,2_9,,16,irrigation,irrigation,
GAZP2,treatments,gazp,,1,treatmentmonth,11,12,11,1,,2_13,,2,irrigation,irrigation,
GAZP2,treatments,gazp,,1,treatmentmonth,11,12,11,2,,2_13,,4,irrigation,irrigation,
GAZP2,treatments,gazp,,1,treatmentmonth,11,1,11,2,,2_13,,6,irrigation,irrigation,
GAZP2,treatments,gazp,,1,treatmentmonth,11,1,11,3,,2_13,,8,irrigation,irrigation,
GAZP2,treatments,gazp,,1,treatmentmonth,11,2,11,3,,2_13,,10,irrigation,irrigation,
GAZP2,treatments,gazp,,1,treatmentmonth,11,2,11,12,,2_13,,12,irrigation,irrigation,
GAZP2,treatments,gazp,,1,treatmentmonth,11,3,11,12,,2_13,,14,irrigation,irrigation,
GAZP2,treatments,gazp,,1,treatmentmonth,11,3,11,1,,2_13,,16,irrigation,irrigation,
GAZP2,treatments,gazp,,1,treatmentmonth,11,12,11,2,,2_14,,2,irrigation,irrigation,
GAZP2,treatments,gazp,,1,treatmentmonth,11,12,11,2,,2_14,,4,irrigation,irrigation,
GAZP2,treatments,gazp,,1,treatmentmonth,11,1,11,3,,2_14,,6,irrigation,irrigation,
GAZP2,treatments,gazp,,1,treatmentmonth,11,1,11,3,,2_14,,8,irrigation,irrigation,
GAZP2,treatments,gazp,,1,treatmentmonth,11,2,11,12,,2_14,,10,irrigation,irrigation,
GAZP2,treatments,gazp,,1,treatmentmonth,11,2,11,12,,2_14,,12,irrigation,irrigation,
GAZP2,treatments,gazp,,1,treatmentmonth,11,3,11,1,,2_14,,14,irrigation,irrigation,
GAZP2,treatments,gazp,,1,treatmentmonth,11,3,11,1,,2_14,,16,irrigation,irrigation,
GAZP2,treatments,gazp,,1,treatmentmonth,11,12,11,1,,2_17,,2,irrigation,irrigation,
GAZP2,treatments,gazp,,1,treatmentmonth,11,12,11,1,,2_17,,4,irrigation,irrigation,
GAZP2,treatments,gazp,,1,treatmentmonth,11,1,11,2,,2_17,,6,irrigation,irrigation,
GAZP2,treatments,gazp,,1,treatmentmonth,11,1,11,2,,2_17,,8,irrigation,irrigation,
GAZP2,treatments,gazp,,1,treatmentmonth,11,2,11,3,,2_17,,10,irrigation,irrigation,
GAZP2,treatments,gazp,,1,treatmentmonth,11,2,11,3,,2_17,,12,irrigation,irrigation,
GAZP2,treatments,gazp,,1,treatmentmonth,11,3,11,12,,2_17,,14,irrigation,irrigation,
GAZP2,treatments,gazp,,1,treatmentmonth,11,3,11,12,,2_17,,16,irrigation,irrigation,
GAZP2,treatments,gazp,,1,treatmentmonth,11,12,11,2,,2_18,,2,irrigation,irrigation,
GAZP2,treatments,gazp,,1,treatmentmonth,11,12,11,2,,2_18,,4,irrigation,irrigation,
GAZP2,treatments,gazp,,1,treatmentmonth,11,1,11,3,,2_18,,6,irrigation,irrigation,
GAZP2,treatments,gazp,,1,treatmentmonth,11,1,11,12,,2_18,,8,irrigation,irrigation,
GAZP2,treatments,gazp,,1,treatmentmonth,11,2,11,12,,2_18,,10,irrigation,irrigation,
GAZP2,treatments,gazp,,1,treatmentmonth,11,2,11,1,,2_18,,12,irrigation,irrigation,
GAZP2,treatments,gazp,,1,treatmentmonth,11,3,11,1,,2_18,,14,irrigation,irrigation,
GAZP2,treatments,gazp,,1,treatmentmonth,11,3,11,2,,2_18,,16,irrigation,irrigation,
GAZP2,treatments,gazp,,1,treatmentmonth,11,12,11,1,,2_22,,4,irrigation,irrigation,
GAZP2,treatments,gazp,,1,treatmentmonth,11,12,11,2,,2_22,,6,irrigation,irrigation,
GAZP2,treatments,gazp,,1,treatmentmonth,11,1,11,2,,2_22,,8,irrigation,irrigation,
GAZP2,treatments,gazp,,1,treatmentmonth,11,1,11,3,,2_22,,10,irrigation,irrigation,
GAZP2,treatments,gazp,,1,treatmentmonth,11,2,11,12,,2_22,,12,irrigation,irrigation,
GAZP2,treatments,gazp,,1,treatmentmonth,11,2,11,12,,2_22,,14,irrigation,irrigation,
GAZP2,treatments,gazp,,1,treatmentmonth,11,3,11,1,,2_22,,16,irrigation,irrigation,
GAZP2,treatments,gazp,,1,treatmentmonth,11,12,11,2,,2_23,,4,irrigation,irrigation,
GAZP2,treatments,gazp,,1,treatmentmonth,11,12,11,3,,2_23,,6,irrigation,irrigation,
GAZP2,treatments,gazp,,1,treatmentmonth,11,1,11,12,,2_23,,8,irrigation,irrigation,
GAZP2,treatments,gazp,,1,treatmentmonth,11,1,11,12,,2_23,,10,irrigation,irrigation,
GAZP2,treatments,gazp,,1,treatmentmonth,11,2,11,1,,2_23,,12,irrigation,irrigation,
GAZP2,treatments,gazp,,1,treatmentmonth,11,2,11,1,,2_23,,14,irrigation,irrigation,
GAZP2,treatments,gazp,,1,treatmentmonth,11,3,11,2,,2_23,,16,irrigation,irrigation,
GAZP2,treatments,gazp,,1,treatmentmonth,11,12,11,12,,2_26,,4,irrigation,irrigation,
GAZP2,treatments,gazp,,1,treatmentmonth,11,12,11,12,,2_26,,6,irrigation,irrigation,
GAZP2,treatments,gazp,,1,treatmentmonth,11,1,11,1,,2_26,,8,irrigation,irrigation,
GAZP2,treatments,gazp,,1,treatmentmonth,11,1,11,1,,2_26,,10,irrigation,irrigation,
GAZP2,treatments,gazp,,1,treatmentmonth,11,2,11,2,,2_26,,12,irrigation,irrigation,
GAZP2,treatments,gazp,,1,treatmentmonth,11,2,11,2,,2_26,,14,irrigation,irrigation,
GAZP2,treatments,gazp,,1,treatmentmonth,11,3,11,12,,2_26,,16,irrigation,irrigation,
GAZP2,treatments,gazp,,1,treatmentmonth,11,12,11,2,,2_27,,4,irrigation,irrigation,
GAZP2,treatments,gazp,,1,treatmentmonth,11,12,11,2,,2_27,,6,irrigation,irrigation,
GAZP2,treatments,gazp,,1,treatmentmonth,11,1,11,12,,2_27,,8,irrigation,irrigation,
GAZP2,treatments,gazp,,1,treatmentmonth,11,1,11,12,,2_27,,10,irrigation,irrigation,
GAZP2,treatments,gazp,,1,treatmentmonth,11,2,11,1,,2_27,,12,irrigation,irrigation,
GAZP2,treatments,gazp,,1,treatmentmonth,11,2,11,1,,2_27,,14,irrigation,irrigation,
GAZP2,treatments,gazp,,1,treatmentmonth,11,3,11,2,,2_27,,16,irrigation,irrigation,
GAZP2,treatments,gazp,,1,treatmentmonth,11,12,11,1,,2_31,,6,irrigation,irrigation,
GAZP2,treatments,gazp,,1,treatmentmonth,11,12,11,2,,2_31,,8,irrigation,irrigation,
GAZP2,treatments,gazp,,1,treatmentmonth,11,1,11,2,,2_31,,10,irrigation,irrigation,
GAZP2,treatments,gazp,,1,treatmentmonth,11,1,11,3,,2_31,,12,irrigation,irrigation,
GAZP2,treatments,gazp,,1,treatmentmonth,11,2,11,3,,2_31,,14,irrigation,irrigation,
GAZP2,treatments,gazp,,1,treatmentmonth,11,2,11,12,,2_31,,16,irrigation,irrigation,
GAZP2,treatments,gazp,,1,treatmentmonth,11,12,11,2,,2_32,,6,irrigation,irrigation,
GAZP2,treatments,gazp,,1,treatmentmonth,11,12,11,2,,2_32,,8,irrigation,irrigation,
GAZP2,treatments,gazp,,1,treatmentmonth,11,1,11,3,,2_32,,10,irrigation,irrigation,
GAZP2,treatments,gazp,,1,treatmentmonth,11,1,11,3,,2_32,,12,irrigation,irrigation,
GAZP2,treatments,gazp,,1,treatmentmonth,11,2,11,12,,2_32,,14,irrigation,irrigation,
GAZP2,treatments,gazp,,1,treatmentmonth,11,2,11,12,,2_32,,16,irrigation,irrigation,
GAZP2,treatments,gazp,,1,treatmentmonth,11,12,,,,2_35,,6,irrigation,irrigation,
GAZP2,treatments,gazp,,1,treatmentmonth,11,12,,,,2_35,,8,irrigation,irrigation,
GAZP2,treatments,gazp,,1,treatmentmonth,11,1,,,,2_35,,10,irrigation,irrigation,
GAZP2,treatments,gazp,,1,treatmentmonth,11,1,,,,2_35,,12,irrigation,irrigation,
GAZP2,treatments,gazp,,1,treatmentmonth,11,2,,,,2_35,,14,irrigation,irrigation,
GAZP2,treatments,gazp,,1,treatmentmonth,11,2,,,,2_35,,16,irrigation,irrigation,
GAZP2,treatments,gazp,,1,treatmentmonth,11,12,,,,2_36,,6,irrigation,irrigation,
GAZP2,treatments,gazp,,1,treatmentmonth,11,12,,,,2_36,,8,irrigation,irrigation,
GAZP2,treatments,gazp,,1,treatmentmonth,11,1,,,,2_36,,10,irrigation,irrigation,
GAZP2,treatments,gazp,,1,treatmentmonth,11,1,,,,2_36,,12,irrigation,irrigation,
GAZP2,treatments,gazp,,1,treatmentmonth,11,2,,,,2_36,,14,irrigation,irrigation,
GAZP2,treatments,gazp,,1,treatmentmonth,11,2,,,,2_36,,16,irrigation,irrigation,
GAZP2,treatments,gazp,,1,treatmentmonth,11,12,,,,2_4,,2,irrigation,irrigation,
GAZP2,treatments,gazp,,1,treatmentmonth,11,12,,,,2_4,,4,irrigation,irrigation,
GAZP2,treatments,gazp,,1,treatmentmonth,11,1,,,,2_4,,6,irrigation,irrigation,
GAZP2,treatments,gazp,,1,treatmentmonth,11,1,,,,2_4,,8,irrigation,irrigation,
GAZP2,treatments,gazp,,1,treatmentmonth,11,2,,,,2_4,,10,irrigation,irrigation,
GAZP2,treatments,gazp,,1,treatmentmonth,11,2,,,,2_4,,12,irrigation,irrigation,
GAZP2,treatments,gazp,,1,treatmentmonth,11,3,,,,2_4,,14,irrigation,irrigation,
GAZP2,treatments,gazp,,1,treatmentmonth,11,3,,,,2_4,,16,irrigation,irrigation,
GAZP2,treatments,gazp,,1,treatmentmonth,11,12,,,,2_5,,2,irrigation,irrigation,
GAZP2,treatments,gazp,,1,treatmentmonth,11,12,,,,2_5,,4,irrigation,irrigation,
GAZP2,treatments,gazp,,1,treatmentmonth,11,1,,,,2_5,,6,irrigation,irrigation,
GAZP2,treatments,gazp,,1,treatmentmonth,11,1,,,,2_5,,8,irrigation,irrigation,
GAZP2,treatments,gazp,,1,treatmentmonth,11,2,,,,2_5,,10,irrigation,irrigation,
GAZP2,treatments,gazp,,1,treatmentmonth,11,2,,,,2_5,,12,irrigation,irrigation,
GAZP2,treatments,gazp,,1,treatmentmonth,11,3,,,,2_5,,14,irrigation,irrigation,
GAZP2,treatments,gazp,,1,treatmentmonth,11,3,,,,2_5,,16,irrigation,irrigation,
GAZP2,treatments,gazp,,1,treatmentmonth,11,12,,,,2_8,,2,irrigation,irrigation,
GAZP2,treatments,gazp,,1,treatmentmonth,11,12,,,,2_8,,4,irrigation,irrigation,
GAZP2,treatments,gazp,,1,treatmentmonth,11,1,,,,2_8,,6,irrigation,irrigation,
GAZP2,treatments,gazp,,1,treatmentmonth,11,1,,,,2_8,,8,irrigation,irrigation,
GAZP2,treatments,gazp,,1,treatmentmonth,11,2,,,,2_8,,10,irrigation,irrigation,
GAZP2,treatments,gazp,,1,treatmentmonth,11,2,,,,2_8,,12,irrigation,irrigation,
GAZP2,treatments,gazp,,1,treatmentmonth,11,3,,,,2_8,,14,irrigation,irrigation,
GAZP2,treatments,gazp,,1,treatmentmonth,11,3,,,,2_8,,16,irrigation,irrigation,
GAZP2,treatments,gazp,,1,treatmentmonth,11,12,,,,2_9,,2,irrigation,irrigation,
GAZP2,treatments,gazp,,1,treatmentmonth,11,12,,,,2_9,,4,irrigation,irrigation,
GAZP2,treatments,gazp,,1,treatmentmonth,11,1,,,,2_9,,6,irrigation,irrigation,
GAZP2,treatments,gazp,,1,treatmentmonth,11,1,,,,2_9,,8,irrigation,irrigation,
GAZP2,treatments,gazp,,1,treatmentmonth,11,2,,,,2_9,,10,irrigation,irrigation,
GAZP2,treatments,gazp,,1,treatmentmonth,11,2,,,,2_9,,12,irrigation,irrigation,
GAZP2,treatments,gazp,,1,treatmentmonth,11,3,,,,2_9,,14,irrigation,irrigation,
GAZP2,treatments,gazp,,1,treatmentmonth,11,3,,,,2_9,,16,irrigation,irrigation,
GAZP2,treatments,gazp,,1,treatmentday,26,10,26,21,,2_13,,2,irrigation,irrigation,
GAZP2,treatments,gazp,,1,treatmentday,26,24,26,4,,2_13,,4,irrigation,irrigation,
GAZP2,treatments,gazp,,1,treatmentday,26,7,26,18,,2_13,,6,irrigation,irrigation,
GAZP2,treatments,gazp,,1,treatmentday,26,21,26,3,,2_13,,8,irrigation,irrigation,
GAZP2,treatments,gazp,,1,treatmentday,26,4,26,17,,2_13,,10,irrigation,irrigation,
GAZP2,treatments,gazp,,1,treatmentday,26,18,26,10,,2_13,,12,irrigation,irrigation,
GAZP2,treatments,gazp,,1,treatmentday,26,3,26,24,,2_13,,14,irrigation,irrigation,
GAZP2,treatments,gazp,,1,treatmentday,26,17,26,7,,2_13,,16,irrigation,irrigation,
GAZP2,treatments,gazp,,1,treatmentday,26,10,26,4,,2_14,,2,irrigation,irrigation,
GAZP2,treatments,gazp,,1,treatmentday,26,24,26,18,,2_14,,4,irrigation,irrigation,
GAZP2,treatments,gazp,,1,treatmentday,26,7,26,3,,2_14,,6,irrigation,irrigation,
GAZP2,treatments,gazp,,1,treatmentday,26,21,26,17,,2_14,,8,irrigation,irrigation,
GAZP2,treatments,gazp,,1,treatmentday,26,4,26,10,,2_14,,10,irrigation,irrigation,
GAZP2,treatments,gazp,,1,treatmentday,26,18,26,24,,2_14,,12,irrigation,irrigation,
GAZP2,treatments,gazp,,1,treatmentday,26,3,26,7,,2_14,,14,irrigation,irrigation,
GAZP2,treatments,gazp,,1,treatmentday,26,17,26,21,,2_14,,16,irrigation,irrigation,
GAZP2,treatments,gazp,,1,treatmentday,26,10,26,7,,2_17,,2,irrigation,irrigation,
GAZP2,treatments,gazp,,1,treatmentday,26,24,26,21,,2_17,,4,irrigation,irrigation,
GAZP2,treatments,gazp,,1,treatmentday,26,7,26,4,,2_17,,6,irrigation,irrigation,
GAZP2,treatments,gazp,,1,treatmentday,26,21,26,18,,2_17,,8,irrigation,irrigation,
GAZP2,treatments,gazp,,1,treatmentday,26,4,26,3,,2_17,,10,irrigation,irrigation,
GAZP2,treatments,gazp,,1,treatmentday,26,18,26,17,,2_17,,12,irrigation,irrigation,
GAZP2,treatments,gazp,,1,treatmentday,26,3,15,29,,2_17,,14,irrigation,irrigation,
GAZP2,treatments,gazp,,1,treatmentday,26,17,15,13,,2_17,,16,irrigation,irrigation,
GAZP2,treatments,gazp,,1,treatmentday,26,10,15,24,,2_18,,2,irrigation,irrigation,
GAZP2,treatments,gazp,,1,treatmentday,26,24,15,7,,2_18,,4,irrigation,irrigation,
GAZP2,treatments,gazp,,1,treatmentday,26,7,15,21,,2_18,,6,irrigation,irrigation,
GAZP2,treatments,gazp,,1,treatmentday,26,21,15,6,,2_18,,8,irrigation,irrigation,
GAZP2,treatments,gazp,,1,treatmentday,26,4,15,29,,2_18,,10,irrigation,irrigation,
GAZP2,treatments,gazp,,1,treatmentday,26,18,15,13,,2_18,,12,irrigation,irrigation,
GAZP2,treatments,gazp,,1,treatmentday,26,3,15,27,,2_18,,14,irrigation,irrigation,
GAZP2,treatments,gazp,,1,treatmentday,26,17,15,10,,2_18,,16,irrigation,irrigation,
GAZP2,treatments,gazp,,1,treatmentday,15,29,15,29,,2_22,,2,irrigation,irrigation,
GAZP2,treatments,gazp,,1,treatmentday,15,13,15,13,,2_22,,4,irrigation,irrigation,
GAZP2,treatments,gazp,,1,treatmentday,15,27,15,27,,2_22,,6,irrigation,irrigation,
GAZP2,treatments,gazp,,1,treatmentday,15,10,15,10,,2_22,,8,irrigation,irrigation,
GAZP2,treatments,gazp,,1,treatmentday,15,24,15,24,,2_22,,10,irrigation,irrigation,
GAZP2,treatments,gazp,,1,treatmentday,15,7,15,7,,2_22,,12,irrigation,irrigation,
GAZP2,treatments,gazp,,1,treatmentday,15,21,15,21,,2_22,,14,irrigation,irrigation,
GAZP2,treatments,gazp,,1,treatmentday,15,6,15,6,,2_22,,16,irrigation,irrigation,
GAZP2,treatments,gazp,,1,treatmentday,15,29,15,13,,2_23,,2,irrigation,irrigation,
GAZP2,treatments,gazp,,1,treatmentday,15,13,15,27,,2_23,,4,irrigation,irrigation,
GAZP2,treatments,gazp,,1,treatmentday,15,27,15,10,,2_23,,6,irrigation,irrigation,
GAZP2,treatments,gazp,,1,treatmentday,15,10,15,24,,2_23,,8,irrigation,irrigation,
GAZP2,treatments,gazp,,1,treatmentday,15,24,15,7,,2_23,,10,irrigation,irrigation,
GAZP2,treatments,gazp,,1,treatmentday,15,7,15,21,,2_23,,12,irrigation,irrigation,
GAZP2,treatments,gazp,,1,treatmentday,15,21,15,6,,2_23,,14,irrigation,irrigation,
GAZP2,treatments,gazp,,1,treatmentday,15,6,2,16,,2_23,,16,irrigation,irrigation,
GAZP2,treatments,gazp,,1,treatmentday,15,29,2,22,,2_26,,2,irrigation,irrigation,
GAZP2,treatments,gazp,,1,treatmentday,15,13,2,16,,2_26,,4,irrigation,irrigation,
GAZP2,treatments,gazp,,1,treatmentday,15,27,2,30,,2_26,,6,irrigation,irrigation,
GAZP2,treatments,gazp,,1,treatmentday,15,10,2,14,,2_26,,8,irrigation,irrigation,
GAZP2,treatments,gazp,,1,treatmentday,15,24,2,28,,2_26,,10,irrigation,irrigation,
GAZP2,treatments,gazp,,1,treatmentday,15,7,2,11,,2_26,,12,irrigation,irrigation,
GAZP2,treatments,gazp,,1,treatmentday,15,21,2,25,,2_26,,14,irrigation,irrigation,
GAZP2,treatments,gazp,,1,treatmentday,15,6,2,8,,2_26,,16,irrigation,irrigation,
GAZP2,treatments,gazp,,1,treatmentday,15,29,2,30,,2_27,,2,irrigation,irrigation,
GAZP2,treatments,gazp,,1,treatmentday,15,13,2,14,,2_27,,4,irrigation,irrigation,
GAZP2,treatments,gazp,,1,treatmentday,15,27,2,28,,2_27,,6,irrigation,irrigation,
GAZP2,treatments,gazp,,1,treatmentday,15,10,2,11,,2_27,,8,irrigation,irrigation,
GAZP2,treatments,gazp,,1,treatmentday,15,24,2,25,,2_27,,10,irrigation,irrigation,
GAZP2,treatments,gazp,,1,treatmentday,15,7,2,8,,2_27,,12,irrigation,irrigation,
GAZP2,treatments,gazp,,1,treatmentday,15,21,2,22,,2_27,,14,irrigation,irrigation,
GAZP2,treatments,gazp,,1,treatmentday,15,6,2,16,,2_27,,16,irrigation,irrigation,
GAZP2,treatments,gazp,,1,treatmentday,2,16,2,25,,2_31,,2,irrigation,irrigation,
GAZP2,treatments,gazp,,1,treatmentday,2,30,2,8,,2_31,,4,irrigation,irrigation,
GAZP2,treatments,gazp,,1,treatmentday,2,14,2,22,,2_31,,6,irrigation,irrigation,
GAZP2,treatments,gazp,,1,treatmentday,2,28,28,12,,2_31,,8,irrigation,irrigation,
GAZP2,treatments,gazp,,1,treatmentday,2,11,28,26,,2_31,,10,irrigation,irrigation,
GAZP2,treatments,gazp,,1,treatmentday,2,25,28,9,,2_31,,12,irrigation,irrigation,
GAZP2,treatments,gazp,,1,treatmentday,2,8,28,23,,2_31,,14,irrigation,irrigation,
GAZP2,treatments,gazp,,1,treatmentday,2,22,28,6,,2_31,,16,irrigation,irrigation,
GAZP2,treatments,gazp,,1,treatmentday,2,16,28,5,,2_32,,2,irrigation,irrigation,
GAZP2,treatments,gazp,,1,treatmentday,2,30,28,19,,2_32,,4,irrigation,irrigation,
GAZP2,treatments,gazp,,1,treatmentday,2,14,28,12,,2_32,,6,irrigation,irrigation,
GAZP2,treatments,gazp,,1,treatmentday,2,28,28,26,,2_32,,8,irrigation,irrigation,
GAZP2,treatments,gazp,,1,treatmentday,2,11,28,9,,2_32,,10,irrigation,irrigation,
GAZP2,treatments,gazp,,1,treatmentday,2,25,28,23,,2_32,,12,irrigation,irrigation,
GAZP2,treatments,gazp,,1,treatmentday,2,8,28,6,,2_32,,14,irrigation,irrigation,
GAZP2,treatments,gazp,,1,treatmentday,2,22,28,20,,2_32,,16,irrigation,irrigation,
GAZP2,treatments,gazp,,1,treatmentday,2,16,28,6,,2_35,,2,irrigation,irrigation,
GAZP2,treatments,gazp,,1,treatmentday,2,30,28,20,,2_35,,4,irrigation,irrigation,
GAZP2,treatments,gazp,,1,treatmentday,2,14,28,5,,2_35,,6,irrigation,irrigation,
GAZP2,treatments,gazp,,1,treatmentday,2,28,28,19,,2_35,,8,irrigation,irrigation,
GAZP2,treatments,gazp,,1,treatmentday,2,11,28,12,,2_35,,10,irrigation,irrigation,
GAZP2,treatments,gazp,,1,treatmentday,2,25,28,26,,2_35,,12,irrigation,irrigation,
GAZP2,treatments,gazp,,1,treatmentday,2,8,28,9,,2_35,,14,irrigation,irrigation,
GAZP2,treatments,gazp,,1,treatmentday,2,22,28,23,,2_35,,16,irrigation,irrigation,
GAZP2,treatments,gazp,,1,treatmentday,2,16,28,5,,2_36,,2,irrigation,irrigation,
GAZP2,treatments,gazp,,1,treatmentday,2,30,28,19,,2_36,,4,irrigation,irrigation,
GAZP2,treatments,gazp,,1,treatmentday,2,14,,,,2_36,,6,irrigation,irrigation,
GAZP2,treatments,gazp,,1,treatmentday,2,28,,,,2_36,,8,irrigation,irrigation,
GAZP2,treatments,gazp,,1,treatmentday,2,11,,,,2_36,,10,irrigation,irrigation,
GAZP2,treatments,gazp,,1,treatmentday,2,25,,,,2_36,,12,irrigation,irrigation,
GAZP2,treatments,gazp,,1,treatmentday,2,8,,,,2_36,,14,irrigation,irrigation,
GAZP2,treatments,gazp,,1,treatmentday,2,22,,,,2_36,,16,irrigation,irrigation,
GAZP2,treatments,gazp,,1,treatmentday,28,12,,,,2_4,,2,irrigation,irrigation,
GAZP2,treatments,gazp,,1,treatmentday,28,26,,,,2_4,,4,irrigation,irrigation,
GAZP2,treatments,gazp,,1,treatmentday,28,9,,,,2_4,,6,irrigation,irrigation,
GAZP2,treatments,gazp,,1,treatmentday,28,23,,,,2_4,,8,irrigation,irrigation,
GAZP2,treatments,gazp,,1,treatmentday,28,6,,,,2_4,,10,irrigation,irrigation,
GAZP2,treatments,gazp,,1,treatmentday,28,20,,,,2_4,,12,irrigation,irrigation,
GAZP2,treatments,gazp,,1,treatmentday,28,5,,,,2_4,,14,irrigation,irrigation,
GAZP2,treatments,gazp,,1,treatmentday,28,19,,,,2_4,,16,irrigation,irrigation,
GAZP2,treatments,gazp,,1,treatmentday,28,12,,,,2_5,,2,irrigation,irrigation,
GAZP2,treatments,gazp,,1,treatmentday,28,26,,,,2_5,,4,irrigation,irrigation,
GAZP2,treatments,gazp,,1,treatmentday,28,9,,,,2_5,,6,irrigation,irrigation,
GAZP2,treatments,gazp,,1,treatmentday,28,23,,,,2_5,,8,irrigation,irrigation,
GAZP2,treatments,gazp,,1,treatmentday,28,6,,,,2_5,,10,irrigation,irrigation,
GAZP2,treatments,gazp,,1,treatmentday,28,20,,,,2_5,,12,irrigation,irrigation,
GAZP2,treatments,gazp,,1,treatmentday,28,5,,,,2_5,,14,irrigation,irrigation,
GAZP2,treatments,gazp,,1,treatmentday,28,19,,,,2_5,,16,irrigation,irrigation,
GAZP2,treatments,gazp,,1,treatmentday,28,12,,,,2_8,,2,irrigation,irrigation,
GAZP2,treatments,gazp,,1,treatmentday,28,26,,,,2_8,,4,irrigation,irrigation,
GAZP2,treatments,gazp,,1,treatmentday,28,9,,,,2_8,,6,irrigation,irrigation,
GAZP2,treatments,gazp,,1,treatmentday,28,23,,,,2_8,,8,irrigation,irrigation,
GAZP2,treatments,gazp,,1,treatmentday,28,6,,,,2_8,,10,irrigation,irrigation,
GAZP2,treatments,gazp,,1,treatmentday,28,20,,,,2_8,,12,irrigation,irrigation,
GAZP2,treatments,gazp,,1,treatmentday,28,5,,,,2_8,,14,irrigation,irrigation,
GAZP2,treatments,gazp,,1,treatmentday,28,19,,,,2_8,,16,irrigation,irrigation,
GAZP2,treatments,gazp,,1,treatmentday,28,12,,,,2_9,,2,irrigation,irrigation,
GAZP2,treatments,gazp,,1,treatmentday,28,26,,,,2_9,,4,irrigation,irrigation,
GAZP2,treatments,gazp,,1,treatmentday,28,9,,,,2_9,,6,irrigation,irrigation,
GAZP2,treatments,gazp,,1,treatmentday,28,23,,,,2_9,,8,irrigation,irrigation,
GAZP2,treatments,gazp,,1,treatmentday,28,6,,,,2_9,,10,irrigation,irrigation,
GAZP2,treatments,gazp,,1,treatmentday,28,20,,,,2_9,,12,irrigation,irrigation,
GAZP2,treatments,gazp,,1,treatmentday,28,5,,,,2_9,,14,irrigation,irrigation,
GAZP2,treatments,gazp,,1,treatmentday,28,19,,,,2_9,,16,irrigation,irrigation,
GAZP2,timepoints,gazp,,1,month,4,,4,,,2_1,17,,,,
GAZP2,timepoints,gazp,,1,month,7,,7,,,2_1,25,,,,
GAZP2,timepoints,gazp,,1,month,4,,4,,,2_10,17,,,,
GAZP2,timepoints,gazp,,1,month,7,,7,,,2_10,25,,,,
GAZP2,timepoints,gazp,,1,month,4,,4,,,2_11,17,,,,
GAZP2,timepoints,gazp,,1,month,7,,7,,,2_11,25,,,,
GAZP2,timepoints,gazp,,1,month,4,,4,,,2_12,17,,,,
GAZP2,timepoints,gazp,,1,month,7,,7,,,2_12,25,,,,
GAZP2,timepoints,gazp,,1,month,4,,4,,,2_13,17,,,,
GAZP2,timepoints,gazp,,1,month,7,,7,,,2_13,25,,,,
GAZP2,timepoints,gazp,,1,month,4,,4,,,2_14,17,,,,
GAZP2,timepoints,gazp,,1,month,7,,7,,,2_14,25,,,,
GAZP2,timepoints,gazp,,1,month,4,,4,,,2_15,17,,,,
GAZP2,timepoints,gazp,,1,month,7,,7,,,2_15,25,,,,
GAZP2,timepoints,gazp,,1,month,4,,4,,,2_16,17,,,,
GAZP2,timepoints,gazp,,1,month,7,,7,,,2_16,25,,,,
GAZP2,timepoints,gazp,,1,month,4,,4,,,2_17,17,,,,
GAZP2,timepoints,gazp,,1,month,7,,7,,,2_17,25,,,,
GAZP2,timepoints,gazp,,1,month,4,,4,,,2_18,17,,,,
GAZP2,timepoints,gazp,,1,month,7,,7,,,2_18,25,,,,
GAZP2,timepoints,gazp,,1,month,4,,4,,,2_19,19,,,,
GAZP2,timepoints,gazp,,1,month,7,,7,,,2_19,27,,,,
GAZP2,timepoints,gazp,,1,month,4,,4,,,2_2,17,,,,
GAZP2,timepoints,gazp,,1,month,7,,7,,,2_2,25,,,,
GAZP2,timepoints,gazp,,1,month,4,,4,,,2_20,19,,,,
GAZP2,timepoints,gazp,,1,month,7,,7,,,2_20,27,,,,
GAZP2,timepoints,gazp,,1,month,4,,4,,,2_21,19,,,,
GAZP2,timepoints,gazp,,1,month,7,,7,,,2_21,27,,,,
GAZP2,timepoints,gazp,,1,month,4,,4,,,2_22,19,,,,
GAZP2,timepoints,gazp,,1,month,7,,7,,,2_22,27,,,,
GAZP2,timepoints,gazp,,1,month,4,,4,,,2_23,19,,,,
GAZP2,timepoints,gazp,,1,month,7,,7,,,2_23,27,,,,
GAZP2,timepoints,gazp,,1,month,4,,4,,,2_24,19,,,,
GAZP2,timepoints,gazp,,1,month,7,,7,,,2_24,27,,,,
GAZP2,timepoints,gazp,,1,month,4,,4,,,2_25,19,,,,
GAZP2,timepoints,gazp,,1,month,7,,7,,,2_25,27,,,,
GAZP2,timepoints,gazp,,1,month,4,,4,,,2_26,19,,,,
GAZP2,timepoints,gazp,,1,month,7,,7,,,2_26,27,,,,
GAZP2,timepoints,gazp,,1,month,4,,4,,,2_27,19,,,,
GAZP2,timepoints,gazp,,1,month,7,,7,,,2_27,27,,,,
GAZP2,timepoints,gazp,,1,month,4,,4,,,2_28,21,,,,
GAZP2,timepoints,gazp,,1,month,7,,7,,,2_28,29,,,,
GAZP2,timepoints,gazp,,1,month,4,,4,,,2_29,21,,,,
GAZP2,timepoints,gazp,,1,month,7,,7,,,2_29,29,,,,
GAZP2,timepoints,gazp,,1,month,4,,4,,,2_3,17,,,,
GAZP2,timepoints,gazp,,1,month,7,,7,,,2_3,25,,,,
GAZP2,timepoints,gazp,,1,month,4,,4,,,2_30,21,,,,
GAZP2,timepoints,gazp,,1,month,7,,7,,,2_30,29,,,,
GAZP2,timepoints,gazp,,1,month,4,,4,,,2_31,21,,,,
GAZP2,timepoints,gazp,,1,month,7,,7,,,2_31,29,,,,
GAZP2,timepoints,gazp,,1,month,4,,4,,,2_32,21,,,,
GAZP2,timepoints,gazp,,1,month,7,,7,,,2_32,29,,,,
GAZP2,timepoints,gazp,,1,month,4,,4,,,2_33,21,,,,
GAZP2,timepoints,gazp,,1,month,7,,7,,,2_33,29,,,,
GAZP2,timepoints,gazp,,1,month,4,,4,,,2_34,21,,,,
GAZP2,timepoints,gazp,,1,month,7,,7,,,2_34,29,,,,
GAZP2,timepoints,gazp,,1,month,4,,4,,,2_35,21,,,,
GAZP2,timepoints,gazp,,1,month,7,,7,,,2_35,29,,,,
GAZP2,timepoints,gazp,,1,month,4,,4,,,2_36,21,,,,
GAZP2,timepoints,gazp,,1,month,7,,7,,,2_36,29,,,,
GAZP2,timepoints,gazp,,1,month,4,,4,,,2_4,17,,,,
GAZP2,timepoints,gazp,,1,month,7,,7,,,2_4,25,,,,
GAZP2,timepoints,gazp,,1,month,4,,4,,,2_5,17,,,,
GAZP2,timepoints,gazp,,1,month,7,,7,,,2_5,25,,,,
GAZP2,timepoints,gazp,,1,month,4,,4,,,2_6,17,,,,
GAZP2,timepoints,gazp,,1,month,7,,7,,,2_6,25,,,,
GAZP2,timepoints,gazp,,1,month,4,,4,,,2_7,17,,,,
GAZP2,timepoints,gazp,,1,month,7,,7,,,2_7,25,,,,
GAZP2,timepoints,gazp,,1,month,4,,4,,,2_8,17,,,,
GAZP2,timepoints,gazp,,1,month,7,,7,,,2_8,25,,,,
GAZP2,timepoints,gazp,,1,month,4,,4,,,2_9,17,,,,
GAZP2,timepoints,gazp,,1,month,7,,7,,,2_9,25,,,,
GAZP3,study,gazp,3,1,country,USA,United States of America,usa,united states of america,,,,,,,
GAZP3,study,gazp,3,1,tsrfirst,8,12,8,12,,,,,,,
GAZP3,study,gazp,3,1,tsrlast,104,76,104,76,,,,,,,
GAZP3,site,gazp,3,1,USDA.class,3_desert and semidesert,,3_desert and semidesert,,171,,,,,,
GAZP3,site,gazp,3,1,USDA.subclass,3b_cool semidesert scrub and grassland ,,3b_cool semidesert scrub and grassland,,171,,,,,,
GAZP3,site,gazp,3,1,USDA.subsubclass,3b1_cool semidesert scrub and grassland ,,3b1_cool semidesert scrub and grassland,,171,,,,,,
GAZP3,site,gazp,3,1,landcover,sc2,,sc2,,171,,,,,,
GAZP3,site,gazp,3,1,elevation,1220,,1220,,171,,,,,,
GAZP3,site,gazp,3,1,aspect,0.178522656246643,,0.178522656246643,,171,,,,,,
GAZP3,site,gazp,3,1,slope,3.5876713388428,,3.5876713388428,,171,,,,,,
GAZP3,site,gazp,3,1,precipc,283,270,283,270,171,,,,,,
GAZP3,site,gazp,3,1,tempc,9.25,7.9,9.25,7.9,171,,,,,,
GAZP3,site,gazp,3,1,temp,7.9,,7.9,,171,,,,,,
GAZP3,site,gazp,3,1,drange,16.4,,16.4,,171,,,,,,
GAZP3,site,gazp,3,1,iso,4.1,,4.1,,171,,,,,,
GAZP3,site,gazp,3,1,tseason,775.5,,775.5,,171,,,,,,
GAZP3,site,gazp,3,1,mtwarm,30.4,,30.4,,171,,,,,,
GAZP3,site,gazp,3,1,mtcold,-8.7,,-8.7,,171,,,,,,
GAZP3,site,gazp,3,1,trange,39.1,,39.1,,171,,,,,,
GAZP3,site,gazp,3,1,twetq,-1.2,,-1.2,,171,,,,,,
GAZP3,site,gazp,3,1,tdryq,17.5,,17.5,,171,,,,,,
GAZP3,site,gazp,3,1,twarmq,18.2,,18.2,,171,,,,,,
GAZP3,site,gazp,3,1,tcoldq,-1.8,,-1.8,,171,,,,,,
GAZP3,site,gazp,3,1,precip,270,,270,,171,,,,,,
GAZP3,site,gazp,3,1,pwet,31,,31,,171,,,,,,
GAZP3,site,gazp,3,1,pdry,10,,10,,171,,,,,,
GAZP3,site,gazp,3,1,pseason,28,,28,,171,,,,,,
GAZP3,site,gazp,3,1,pwetq,90,,90,,171,,,,,,
GAZP3,site,gazp,3,1,pdryq,40,,40,,171,,,,,,
GAZP3,site,gazp,3,1,pwarmq,50,,50,,171,,,,,,
GAZP3,site,gazp,3,1,pcoldq,81,,81,,171,,,,,,
GAZP3,site,gazp,3,1,invasivespe,Bromus tectorum,Bro_tec,bromus tectorum,bro_tec,171,,,,,,
GAZP3,site,gazp,3,1,invasiveform,agrass,,agrass,,171,,,,,,
GAZP3,timepoints,gazp,,1,month,3,,3,,,3_1,12,,,,
GAZP3,timepoints,gazp,,1,month,6,,6,,,3_1,24,,,,
GAZP3,timepoints,gazp,,1,month,6,,6,,,3_1,76,,,,
GAZP3,timepoints,gazp,,1,month,3,,3,,,3_2,12,,,,
GAZP3,timepoints,gazp,,1,month,6,,6,,,3_2,24,,,,
GAZP3,timepoints,gazp,,1,month,6,,6,,,3_2,76,,,,
GAZP3,timepoints,gazp,,1,month,3,,3,,,3_3,12,,,,
GAZP3,timepoints,gazp,,1,month,6,,6,,,3_3,24,,,,
GAZP3,timepoints,gazp,,1,month,6,,6,,,3_3,76,,,,
GAZP5,study,gazp,5,1,country,USA,United States of America,usa,united states of america,,,,,,,
GAZP5,study,gazp,5,1,timepoints,1,21,1,21,,,,,,,
GAZP5,site,gazp,5,1,USDA.class,3_desert and semidesert,,3_desert and semidesert,,177,,,,,,
GAZP5,site,gazp,5,1,USDA.class,3_desert and semidesert,,3_desert and semidesert,,178,,,,,,
GAZP5,site,gazp,5,1,USDA.class,3_desert and semidesert,,3_desert and semidesert,,179,,,,,,
GAZP5,site,gazp,5,1,USDA.class,3_desert and semidesert,,3_desert and semidesert,,180,,,,,,
GAZP5,site,gazp,5,1,USDA.class,3_desert and semidesert,,3_desert and semidesert,,181,,,,,,
GAZP5,site,gazp,5,1,USDA.class,3_desert and semidesert,,3_desert and semidesert,,182,,,,,,
GAZP5,site,gazp,5,1,USDA.class,3_desert and semidesert,,3_desert and semidesert,,183,,,,,,
GAZP5,site,gazp,5,1,USDA.class,3_desert and semidesert,,3_desert and semidesert,,184,,,,,,
GAZP5,site,gazp,5,1,USDA.class,3_desert and semidesert,,3_desert and semidesert,,185,,,,,,
GAZP5,site,gazp,5,1,USDA.class,3_desert and semidesert,,3_desert and semidesert,,186,,,,,,
GAZP5,site,gazp,5,1,USDA.class,3_desert and semidesert,,3_desert and semidesert,,187,,,,,,
GAZP5,site,gazp,5,1,USDA.class,3_desert and semidesert,,3_desert and semidesert,,188,,,,,,
GAZP5,site,gazp,5,1,USDA.class,3_desert and semidesert,,3_desert and semidesert,,189,,,,,,
GAZP5,site,gazp,5,1,USDA.class,3_desert and semidesert,,3_desert and semidesert,,190,,,,,,
GAZP5,site,gazp,5,1,USDA.class,3_desert and semidesert,,3_desert and semidesert,,191,,,,,,
GAZP5,site,gazp,5,1,USDA.class,3_desert and semidesert,,3_desert and semidesert,,192,,,,,,
GAZP5,site,gazp,5,1,USDA.class,3_desert and semidesert,,3_desert and semidesert,,193,,,,,,
GAZP5,site,gazp,5,1,USDA.class,3_desert and semidesert,,3_desert and semidesert,,194,,,,,,
GAZP5,site,gazp,5,1,USDA.class,3_desert and semidesert,,3_desert and semidesert,,195,,,,,,
GAZP5,site,gazp,5,1,USDA.class,3_desert and semidesert,,3_desert and semidesert,,196,,,,,,
GAZP5,site,gazp,5,1,USDA.class,3_desert and semidesert,,3_desert and semidesert,,197,,,,,,
GAZP5,site,gazp,5,1,USDA.class,3_desert and semidesert,,3_desert and semidesert,,198,,,,,,
GAZP5,site,gazp,5,1,USDA.class,3_desert and semidesert,,3_desert and semidesert,,199,,,,,,
GAZP5,site,gazp,5,1,USDA.class,3_desert and semidesert,,3_desert and semidesert,,200,,,,,,
GAZP5,site,gazp,5,1,USDA.class,3_desert and semidesert,,3_desert and semidesert,,201,,,,,,
GAZP5,site,gazp,5,1,USDA.class,3_desert and semidesert,,3_desert and semidesert,,202,,,,,,
GAZP5,site,gazp,5,1,USDA.class,3_desert and semidesert,,3_desert and semidesert,,203,,,,,,
GAZP5,site,gazp,5,1,USDA.class,3_desert and semidesert,,3_desert and semidesert,,204,,,,,,
GAZP5,site,gazp,5,1,USDA.class,3_desert and semidesert,,3_desert and semidesert,,205,,,,,,
GAZP5,site,gazp,5,1,USDA.class,3_desert and semidesert,,3_desert and semidesert,,206,,,,,,
GAZP5,site,gazp,5,1,USDA.class,3_desert and semidesert,,3_desert and semidesert,,207,,,,,,
GAZP5,site,gazp,5,1,USDA.class,3_desert and semidesert,,3_desert and semidesert,,208,,,,,,
GAZP5,site,gazp,5,1,USDA.class,3_desert and semidesert,,3_desert and semidesert,,209,,,,,,
GAZP5,site,gazp,5,1,USDA.class,3_desert and semidesert,,3_desert and semidesert,,210,,,,,,
GAZP5,site,gazp,5,1,USDA.class,3_desert and semidesert,,3_desert and semidesert,,211,,,,,,
GAZP5,site,gazp,5,1,USDA.class,3_desert and semidesert,,3_desert and semidesert,,212,,,,,,
GAZP5,site,gazp,5,1,USDA.class,3_desert and semidesert,,3_desert and semidesert,,213,,,,,,
GAZP5,site,gazp,5,1,USDA.class,3_desert and semidesert,,3_desert and semidesert,,214,,,,,,
GAZP5,site,gazp,5,1,USDA.class,3_desert and semidesert,,3_desert and semidesert,,215,,,,,,
GAZP5,site,gazp,5,1,USDA.class,3_desert and semidesert,,3_desert and semidesert,,216,,,,,,
GAZP5,site,gazp,5,1,USDA.class,3_desert and semidesert,,3_desert and semidesert,,217,,,,,,
GAZP5,site,gazp,5,1,USDA.class,3_desert and semidesert,,3_desert and semidesert,,218,,,,,,
GAZP5,site,gazp,5,1,USDA.class,3_desert and semidesert,,3_desert and semidesert,,219,,,,,,
GAZP5,site,gazp,5,1,USDA.class,3_desert and semidesert,,3_desert and semidesert,,220,,,,,,
GAZP5,site,gazp,5,1,USDA.class,3_desert and semidesert,,3_desert and semidesert,,221,,,,,,
GAZP5,site,gazp,5,1,USDA.class,3_desert and semidesert,,3_desert and semidesert,,222,,,,,,
GAZP5,site,gazp,5,1,USDA.class,3_desert and semidesert,,3_desert and semidesert,,223,,,,,,
GAZP5,site,gazp,5,1,USDA.class,3_desert and semidesert,,3_desert and semidesert,,224,,,,,,
GAZP5,site,gazp,5,1,USDA.class,3_desert and semidesert,,3_desert and semidesert,,225,,,,,,
GAZP5,site,gazp,5,1,USDA.class,3_desert and semidesert,,3_desert and semidesert,,226,,,,,,
GAZP5,site,gazp,5,1,USDA.class,3_desert and semidesert,,3_desert and semidesert,,227,,,,,,
GAZP5,site,gazp,5,1,USDA.class,3_desert and semidesert,,3_desert and semidesert,,228,,,,,,
GAZP5,site,gazp,5,1,USDA.class,3_desert and semidesert,,3_desert and semidesert,,229,,,,,,
GAZP5,site,gazp,5,1,USDA.class,3_desert and semidesert,,3_desert and semidesert,,230,,,,,,
GAZP5,site,gazp,5,1,USDA.class,3_desert and semidesert,,3_desert and semidesert,,231,,,,,,
GAZP5,site,gazp,5,1,USDA.class,3_desert and semidesert,,3_desert and semidesert,,232,,,,,,
GAZP5,site,gazp,5,1,USDA.class,3_desert and semidesert,,3_desert and semidesert,,233,,,,,,
GAZP5,site,gazp,5,1,USDA.class,3_desert and semidesert,,3_desert and semidesert,,234,,,,,,
GAZP5,site,gazp,5,1,USDA.class,3_desert and semidesert,,3_desert and semidesert,,235,,,,,,
GAZP5,site,gazp,5,1,USDA.class,3_desert and semidesert,,3_desert and semidesert,,236,,,,,,
GAZP5,site,gazp,5,1,USDA.class,3_desert and semidesert,,3_desert and semidesert,,237,,,,,,
GAZP5,site,gazp,5,1,USDA.class,3_desert and semidesert,,3_desert and semidesert,,238,,,,,,
GAZP5,site,gazp,5,1,USDA.class,3_desert and semidesert,,3_desert and semidesert,,239,,,,,,
GAZP5,site,gazp,5,1,USDA.class,3_desert and semidesert,,3_desert and semidesert,,240,,,,,,
GAZP5,site,gazp,5,1,USDA.class,3_desert and semidesert,,3_desert and semidesert,,241,,,,,,
GAZP5,site,gazp,5,1,USDA.class,3_desert and semidesert,,3_desert and semidesert,,242,,,,,,
GAZP5,site,gazp,5,1,USDA.class,3_desert and semidesert,,3_desert and semidesert,,243,,,,,,
GAZP5,site,gazp,5,1,USDA.class,3_desert and semidesert,,3_desert and semidesert,,244,,,,,,
GAZP5,site,gazp,5,1,USDA.class,3_desert and semidesert,,3_desert and semidesert,,245,,,,,,
GAZP5,site,gazp,5,1,USDA.class,3_desert and semidesert,,3_desert and semidesert,,246,,,,,,
GAZP5,site,gazp,5,1,USDA.class,3_desert and semidesert,,3_desert and semidesert,,247,,,,,,
GAZP5,site,gazp,5,1,USDA.class,3_desert and semidesert,,3_desert and semidesert,,248,,,,,,
GAZP5,site,gazp,5,1,USDA.class,3_desert and semidesert,,3_desert and semidesert,,249,,,,,,
GAZP5,site,gazp,5,1,USDA.class,3_desert and semidesert,,3_desert and semidesert,,250,,,,,,
GAZP5,site,gazp,5,1,USDA.class,3_desert and semidesert,,3_desert and semidesert,,251,,,,,,
GAZP5,site,gazp,5,1,USDA.class,3_desert and semidesert,,3_desert and semidesert,,252,,,,,,
GAZP5,site,gazp,5,1,USDA.class,3_desert and semidesert,,3_desert and semidesert,,253,,,,,,
GAZP5,site,gazp,5,1,USDA.class,3_desert and semidesert,,3_desert and semidesert,,254,,,,,,
GAZP5,site,gazp,5,1,USDA.class,3_desert and semidesert,,3_desert and semidesert,,255,,,,,,
GAZP5,site,gazp,5,1,USDA.class,3_desert and semidesert,,3_desert and semidesert,,256,,,,,,
GAZP5,site,gazp,5,1,USDA.class,3_desert and semidesert,,3_desert and semidesert,,257,,,,,,
GAZP5,site,gazp,5,1,USDA.class,3_desert and semidesert,,3_desert and semidesert,,258,,,,,,
GAZP5,site,gazp,5,1,USDA.class,3_desert and semidesert,,3_desert and semidesert,,259,,,,,,
GAZP5,site,gazp,5,1,USDA.class,3_desert and semidesert,,3_desert and semidesert,,260,,,,,,
GAZP5,site,gazp,5,1,USDA.class,3_desert and semidesert,,3_desert and semidesert,,261,,,,,,
GAZP5,site,gazp,5,1,USDA.class,3_desert and semidesert,,3_desert and semidesert,,262,,,,,,
GAZP5,site,gazp,5,1,USDA.class,3_desert and semidesert,,3_desert and semidesert,,263,,,,,,
GAZP5,site,gazp,5,1,USDA.class,3_desert and semidesert,,3_desert and semidesert,,264,,,,,,
GAZP5,site,gazp,5,1,USDA.class,3_desert and semidesert,,3_desert and semidesert,,265,,,,,,
GAZP5,site,gazp,5,1,USDA.class,3_desert and semidesert,,3_desert and semidesert,,266,,,,,,
GAZP5,site,gazp,5,1,USDA.class,3_desert and semidesert,,3_desert and semidesert,,267,,,,,,
GAZP5,site,gazp,5,1,USDA.class,3_desert and semidesert,,3_desert and semidesert,,268,,,,,,
GAZP5,site,gazp,5,1,USDA.class,3_desert and semidesert,,3_desert and semidesert,,269,,,,,,
GAZP5,site,gazp,5,1,USDA.class,3_desert and semidesert,,3_desert and semidesert,,270,,,,,,
GAZP5,site,gazp,5,1,USDA.class,3_desert and semidesert,,3_desert and semidesert,,271,,,,,,
GAZP5,site,gazp,5,1,USDA.class,3_desert and semidesert,,3_desert and semidesert,,272,,,,,,
GAZP5,site,gazp,5,1,USDA.class,3_desert and semidesert,,3_desert and semidesert,,273,,,,,,
GAZP5,site,gazp,5,1,USDA.class,3_desert and semidesert,,3_desert and semidesert,,274,,,,,,
GAZP5,site,gazp,5,1,USDA.class,3_desert and semidesert,,3_desert and semidesert,,275,,,,,,
GAZP5,site,gazp,5,1,USDA.class,3_desert and semidesert,,3_desert and semidesert,,276,,,,,,
GAZP5,site,gazp,5,1,USDA.class,3_desert and semidesert,,3_desert and semidesert,,277,,,,,,
GAZP5,site,gazp,5,1,USDA.class,3_desert and semidesert,,3_desert and semidesert,,278,,,,,,
GAZP5,site,gazp,5,1,USDA.class,3_desert and semidesert,,3_desert and semidesert,,279,,,,,,
GAZP5,site,gazp,5,1,USDA.class,3_desert and semidesert,,3_desert and semidesert,,280,,,,,,
GAZP5,site,gazp,5,1,USDA.class,3_desert and semidesert,,3_desert and semidesert,,281,,,,,,
GAZP5,site,gazp,5,1,USDA.class,3_desert and semidesert,,3_desert and semidesert,,282,,,,,,
GAZP5,site,gazp,5,1,USDA.class,3_desert and semidesert,,3_desert and semidesert,,283,,,,,,
GAZP5,site,gazp,5,1,USDA.class,3_desert and semidesert,,3_desert and semidesert,,284,,,,,,
GAZP5,site,gazp,5,1,USDA.class,3_desert and semidesert,,3_desert and semidesert,,285,,,,,,
GAZP5,site,gazp,5,1,USDA.class,3_desert and semidesert,,3_desert and semidesert,,286,,,,,,
GAZP5,site,gazp,5,1,USDA.class,3_desert and semidesert,,3_desert and semidesert,,287,,,,,,
GAZP5,site,gazp,5,1,USDA.class,3_desert and semidesert,,3_desert and semidesert,,288,,,,,,
GAZP5,site,gazp,5,1,USDA.class,3_desert and semidesert,,3_desert and semidesert,,289,,,,,,
GAZP5,site,gazp,5,1,USDA.class,3_desert and semidesert,,3_desert and semidesert,,290,,,,,,
GAZP5,site,gazp,5,1,USDA.class,3_desert and semidesert,,3_desert and semidesert,,291,,,,,,
GAZP5,site,gazp,5,1,USDA.class,3_desert and semidesert,,3_desert and semidesert,,292,,,,,,
GAZP5,site,gazp,5,1,USDA.class,3_desert and semidesert,,3_desert and semidesert,,293,,,,,,
GAZP5,site,gazp,5,1,USDA.class,3_desert and semidesert,,3_desert and semidesert,,294,,,,,,
GAZP5,site,gazp,5,1,USDA.class,3_desert and semidesert,,3_desert and semidesert,,295,,,,,,
GAZP5,site,gazp,5,1,USDA.class,3_desert and semidesert,,3_desert and semidesert,,296,,,,,,
GAZP5,site,gazp,5,1,USDA.class,3_desert and semidesert,,3_desert and semidesert,,297,,,,,,
GAZP5,site,gazp,5,1,USDA.class,3_desert and semidesert,,3_desert and semidesert,,298,,,,,,
GAZP5,site,gazp,5,1,USDA.class,3_desert and semidesert,,3_desert and semidesert,,299,,,,,,
GAZP5,site,gazp,5,1,USDA.class,3_desert and semidesert,,3_desert and semidesert,,300,,,,,,
GAZP5,site,gazp,5,1,USDA.class,3_desert and semidesert,,3_desert and semidesert,,301,,,,,,
GAZP5,site,gazp,5,1,USDA.class,3_desert and semidesert,,3_desert and semidesert,,302,,,,,,
GAZP5,site,gazp,5,1,USDA.class,3_desert and semidesert,,3_desert and semidesert,,303,,,,,,
GAZP5,site,gazp,5,1,USDA.class,3_desert and semidesert,,3_desert and semidesert,,304,,,,,,
GAZP5,site,gazp,5,1,USDA.class,3_desert and semidesert,,3_desert and semidesert,,305,,,,,,
GAZP5,site,gazp,5,1,USDA.class,3_desert and semidesert,,3_desert and semidesert,,306,,,,,,
GAZP5,site,gazp,5,1,USDA.class,3_desert and semidesert,,3_desert and semidesert,,307,,,,,,
GAZP5,site,gazp,5,1,USDA.class,3_desert and semidesert,,3_desert and semidesert,,308,,,,,,
GAZP5,site,gazp,5,1,USDA.class,3_desert and semidesert,,3_desert and semidesert,,309,,,,,,
GAZP5,site,gazp,5,1,USDA.class,3_desert and semidesert,,3_desert and semidesert,,310,,,,,,
GAZP5,site,gazp,5,1,USDA.class,3_desert and semidesert,,3_desert and semidesert,,311,,,,,,
GAZP5,site,gazp,5,1,USDA.class,3_desert and semidesert,,3_desert and semidesert,,312,,,,,,
GAZP5,site,gazp,5,1,USDA.class,3_desert and semidesert,,3_desert and semidesert,,313,,,,,,
GAZP5,site,gazp,5,1,USDA.class,3_desert and semidesert,,3_desert and semidesert,,314,,,,,,
GAZP5,site,gazp,5,1,USDA.class,3_desert and semidesert,,3_desert and semidesert,,315,,,,,,
GAZP5,site,gazp,5,1,USDA.class,3_desert and semidesert,,3_desert and semidesert,,316,,,,,,
GAZP5,site,gazp,5,1,USDA.class,3_desert and semidesert,,3_desert and semidesert,,317,,,,,,
GAZP5,site,gazp,5,1,USDA.class,3_desert and semidesert,,3_desert and semidesert,,318,,,,,,
GAZP5,site,gazp,5,1,USDA.class,3_desert and semidesert,,3_desert and semidesert,,319,,,,,,
GAZP5,site,gazp,5,1,USDA.class,3_desert and semidesert,,3_desert and semidesert,,320,,,,,,
GAZP5,site,gazp,5,1,USDA.class,3_desert and semidesert,,3_desert and semidesert,,321,,,,,,
GAZP5,site,gazp,5,1,USDA.class,3_desert and semidesert,,3_desert and semidesert,,322,,,,,,
GAZP5,site,gazp,5,1,USDA.class,3_desert and semidesert,,3_desert and semidesert,,323,,,,,,
GAZP5,site,gazp,5,1,USDA.class,3_desert and semidesert,,3_desert and semidesert,,324,,,,,,
GAZP5,site,gazp,5,1,USDA.class,3_desert and semidesert,,3_desert and semidesert,,325,,,,,,
GAZP5,site,gazp,5,1,USDA.class,3_desert and semidesert,,3_desert and semidesert,,326,,,,,,
GAZP5,site,gazp,5,1,USDA.class,3_desert and semidesert,,3_desert and semidesert,,327,,,,,,
GAZP5,site,gazp,5,1,USDA.class,3_desert and semidesert,,3_desert and semidesert,,328,,,,,,
GAZP5,site,gazp,5,1,USDA.class,3_desert and semidesert,,3_desert and semidesert,,329,,,,,,
GAZP5,site,gazp,5,1,USDA.class,3_desert and semidesert,,3_desert and semidesert,,330,,,,,,
GAZP5,site,gazp,5,1,USDA.class,3_desert and semidesert,,3_desert and semidesert,,331,,,,,,
GAZP5,site,gazp,5,1,USDA.class,3_desert and semidesert,,3_desert and semidesert,,332,,,,,,
GAZP5,site,gazp,5,1,USDA.class,3_desert and semidesert,,3_desert and semidesert,,333,,,,,,
GAZP5,site,gazp,5,1,USDA.class,3_desert and semidesert,,3_desert and semidesert,,334,,,,,,
GAZP5,site,gazp,5,1,USDA.class,3_desert and semidesert,,3_desert and semidesert,,335,,,,,,
GAZP5,site,gazp,5,1,USDA.class,3_desert and semidesert,,3_desert and semidesert,,336,,,,,,
GAZP5,site,gazp,5,1,USDA.class,3_desert and semidesert,,3_desert and semidesert,,337,,,,,,
GAZP5,site,gazp,5,1,USDA.class,3_desert and semidesert,,3_desert and semidesert,,338,,,,,,
GAZP5,site,gazp,5,1,USDA.class,3_desert and semidesert,,3_desert and semidesert,,339,,,,,,
GAZP5,site,gazp,5,1,USDA.class,3_desert and semidesert,,3_desert and semidesert,,340,,,,,,
GAZP5,site,gazp,5,1,USDA.class,3_desert and semidesert,,3_desert and semidesert,,341,,,,,,
GAZP5,site,gazp,5,1,USDA.class,3_desert and semidesert,,3_desert and semidesert,,342,,,,,,
GAZP5,site,gazp,5,1,USDA.class,3_desert and semidesert,,3_desert and semidesert,,343,,,,,,
GAZP5,site,gazp,5,1,USDA.class,3_desert and semidesert,,3_desert and semidesert,,344,,,,,,
GAZP5,site,gazp,5,1,USDA.class,3_desert and semidesert,,3_desert and semidesert,,345,,,,,,
GAZP5,site,gazp,5,1,USDA.class,3_desert and semidesert,,3_desert and semidesert,,346,,,,,,
GAZP5,site,gazp,5,1,USDA.class,3_desert and semidesert,,3_desert and semidesert,,347,,,,,,
GAZP5,site,gazp,5,1,USDA.class,3_desert and semidesert,,3_desert and semidesert,,348,,,,,,
GAZP5,site,gazp,5,1,USDA.class,3_desert and semidesert,,3_desert and semidesert,,349,,,,,,
GAZP5,site,gazp,5,1,USDA.class,3_desert and semidesert,,3_desert and semidesert,,350,,,,,,
GAZP5,site,gazp,5,1,USDA.class,3_desert and semidesert,,3_desert and semidesert,,351,,,,,,
GAZP5,site,gazp,5,1,USDA.class,3_desert and semidesert,,3_desert and semidesert,,352,,,,,,
GAZP5,site,gazp,5,1,USDA.class,3_desert and semidesert,,3_desert and semidesert,,353,,,,,,
GAZP5,site,gazp,5,1,USDA.class,3_desert and semidesert,,3_desert and semidesert,,354,,,,,,
GAZP5,site,gazp,5,1,USDA.class,3_desert and semidesert,,3_desert and semidesert,,355,,,,,,
GAZP5,site,gazp,5,1,USDA.class,3_desert and semidesert,,3_desert and semidesert,,356,,,,,,
GAZP5,site,gazp,5,1,USDA.class,3_desert and semidesert,,3_desert and semidesert,,357,,,,,,
GAZP5,site,gazp,5,1,USDA.class,3_desert and semidesert,,3_desert and semidesert,,358,,,,,,
GAZP5,site,gazp,5,1,USDA.class,3_desert and semidesert,,3_desert and semidesert,,359,,,,,,
GAZP5,site,gazp,5,1,USDA.class,3_desert and semidesert,,3_desert and semidesert,,360,,,,,,
GAZP5,site,gazp,5,1,USDA.class,3_desert and semidesert,,3_desert and semidesert,,361,,,,,,
GAZP5,site,gazp,5,1,USDA.class,3_desert and semidesert,,3_desert and semidesert,,362,,,,,,
GAZP5,site,gazp,5,1,USDA.class,3_desert and semidesert,,3_desert and semidesert,,363,,,,,,
GAZP5,site,gazp,5,1,USDA.class,3_desert and semidesert,,3_desert and semidesert,,364,,,,,,
GAZP5,site,gazp,5,1,USDA.class,3_desert and semidesert,,3_desert and semidesert,,365,,,,,,
GAZP5,site,gazp,5,1,USDA.class,3_desert and semidesert,,3_desert and semidesert,,366,,,,,,
GAZP5,site,gazp,5,1,USDA.class,3_desert and semidesert,,3_desert and semidesert,,367,,,,,,
GAZP5,site,gazp,5,1,USDA.class,3_desert and semidesert,,3_desert and semidesert,,368,,,,,,
GAZP5,site,gazp,5,1,USDA.class,3_desert and semidesert,,3_desert and semidesert,,369,,,,,,
GAZP5,site,gazp,5,1,USDA.subclass,3b_cool semidesert scrub and grassland ,,3b_cool semidesert scrub and grassland,,177,,,,,,
GAZP5,site,gazp,5,1,USDA.subclass,3b_cool semidesert scrub and grassland ,,3b_cool semidesert scrub and grassland,,178,,,,,,
GAZP5,site,gazp,5,1,USDA.subclass,3b_cool semidesert scrub and grassland ,,3b_cool semidesert scrub and grassland,,179,,,,,,
GAZP5,site,gazp,5,1,USDA.subclass,3b_cool semidesert scrub and grassland ,,3b_cool semidesert scrub and grassland,,180,,,,,,
GAZP5,site,gazp,5,1,USDA.subclass,3b_cool semidesert scrub and grassland ,,3b_cool semidesert scrub and grassland,,181,,,,,,
GAZP5,site,gazp,5,1,USDA.subclass,3b_cool semidesert scrub and grassland ,,3b_cool semidesert scrub and grassland,,182,,,,,,
GAZP5,site,gazp,5,1,USDA.subclass,3b_cool semidesert scrub and grassland ,,3b_cool semidesert scrub and grassland,,183,,,,,,
GAZP5,site,gazp,5,1,USDA.subclass,3b_cool semidesert scrub and grassland ,,3b_cool semidesert scrub and grassland,,184,,,,,,
GAZP5,site,gazp,5,1,USDA.subclass,3b_cool semidesert scrub and grassland ,,3b_cool semidesert scrub and grassland,,185,,,,,,
GAZP5,site,gazp,5,1,USDA.subclass,3b_cool semidesert scrub and grassland ,,3b_cool semidesert scrub and grassland,,186,,,,,,
GAZP5,site,gazp,5,1,USDA.subclass,3b_cool semidesert scrub and grassland ,,3b_cool semidesert scrub and grassland,,187,,,,,,
GAZP5,site,gazp,5,1,USDA.subclass,3b_cool semidesert scrub and grassland ,,3b_cool semidesert scrub and grassland,,188,,,,,,
GAZP5,site,gazp,5,1,USDA.subclass,3b_cool semidesert scrub and grassland ,,3b_cool semidesert scrub and grassland,,189,,,,,,
GAZP5,site,gazp,5,1,USDA.subclass,3b_cool semidesert scrub and grassland ,,3b_cool semidesert scrub and grassland,,190,,,,,,
GAZP5,site,gazp,5,1,USDA.subclass,3b_cool semidesert scrub and grassland ,,3b_cool semidesert scrub and grassland,,191,,,,,,
GAZP5,site,gazp,5,1,USDA.subclass,3b_cool semidesert scrub and grassland ,,3b_cool semidesert scrub and grassland,,192,,,,,,
GAZP5,site,gazp,5,1,USDA.subclass,3b_cool semidesert scrub and grassland ,,3b_cool semidesert scrub and grassland,,193,,,,,,
GAZP5,site,gazp,5,1,USDA.subclass,3b_cool semidesert scrub and grassland ,,3b_cool semidesert scrub and grassland,,194,,,,,,
GAZP5,site,gazp,5,1,USDA.subclass,3b_cool semidesert scrub and grassland ,,3b_cool semidesert scrub and grassland,,195,,,,,,
GAZP5,site,gazp,5,1,USDA.subclass,3b_cool semidesert scrub and grassland ,,3b_cool semidesert scrub and grassland,,196,,,,,,
GAZP5,site,gazp,5,1,USDA.subclass,3b_cool semidesert scrub and grassland ,,3b_cool semidesert scrub and grassland,,197,,,,,,
GAZP5,site,gazp,5,1,USDA.subclass,3b_cool semidesert scrub and grassland ,,3b_cool semidesert scrub and grassland,,198,,,,,,
GAZP5,site,gazp,5,1,USDA.subclass,3b_cool semidesert scrub and grassland ,,3b_cool semidesert scrub and grassland,,199,,,,,,
GAZP5,site,gazp,5,1,USDA.subclass,3b_cool semidesert scrub and grassland ,,3b_cool semidesert scrub and grassland,,200,,,,,,
GAZP5,site,gazp,5,1,USDA.subclass,3b_cool semidesert scrub and grassland ,,3b_cool semidesert scrub and grassland,,201,,,,,,
GAZP5,site,gazp,5,1,USDA.subclass,3b_cool semidesert scrub and grassland ,,3b_cool semidesert scrub and grassland,,202,,,,,,
GAZP5,site,gazp,5,1,USDA.subclass,3b_cool semidesert scrub and grassland ,,3b_cool semidesert scrub and grassland,,203,,,,,,
GAZP5,site,gazp,5,1,USDA.subclass,3b_cool semidesert scrub and grassland ,,3b_cool semidesert scrub and grassland,,204,,,,,,
GAZP5,site,gazp,5,1,USDA.subclass,3b_cool semidesert scrub and grassland ,,3b_cool semidesert scrub and grassland,,205,,,,,,
GAZP5,site,gazp,5,1,USDA.subclass,3b_cool semidesert scrub and grassland ,,3b_cool semidesert scrub and grassland,,206,,,,,,
GAZP5,site,gazp,5,1,USDA.subclass,3b_cool semidesert scrub and grassland ,,3b_cool semidesert scrub and grassland,,207,,,,,,
GAZP5,site,gazp,5,1,USDA.subclass,3b_cool semidesert scrub and grassland ,,3b_cool semidesert scrub and grassland,,208,,,,,,
GAZP5,site,gazp,5,1,USDA.subclass,3b_cool semidesert scrub and grassland ,,3b_cool semidesert scrub and grassland,,209,,,,,,
GAZP5,site,gazp,5,1,USDA.subclass,3b_cool semidesert scrub and grassland ,,3b_cool semidesert scrub and grassland,,210,,,,,,
GAZP5,site,gazp,5,1,USDA.subclass,3b_cool semidesert scrub and grassland ,,3b_cool semidesert scrub and grassland,,211,,,,,,
GAZP5,site,gazp,5,1,USDA.subclass,3b_cool semidesert scrub and grassland ,,3b_cool semidesert scrub and grassland,,212,,,,,,
GAZP5,site,gazp,5,1,USDA.subclass,3b_cool semidesert scrub and grassland ,,3b_cool semidesert scrub and grassland,,213,,,,,,
GAZP5,site,gazp,5,1,USDA.subclass,3b_cool semidesert scrub and grassland ,,3b_cool semidesert scrub and grassland,,214,,,,,,
GAZP5,site,gazp,5,1,USDA.subclass,3b_cool semidesert scrub and grassland ,,3b_cool semidesert scrub and grassland,,215,,,,,,
GAZP5,site,gazp,5,1,USDA.subclass,3b_cool semidesert scrub and grassland ,,3b_cool semidesert scrub and grassland,,216,,,,,,
GAZP5,site,gazp,5,1,USDA.subclass,3b_cool semidesert scrub and grassland ,,3b_cool semidesert scrub and grassland,,217,,,,,,
GAZP5,site,gazp,5,1,USDA.subclass,3b_cool semidesert scrub and grassland ,,3b_cool semidesert scrub and grassland,,218,,,,,,
GAZP5,site,gazp,5,1,USDA.subclass,3b_cool semidesert scrub and grassland ,,3b_cool semidesert scrub and grassland,,219,,,,,,
GAZP5,site,gazp,5,1,USDA.subclass,3b_cool semidesert scrub and grassland ,,3b_cool semidesert scrub and grassland,,220,,,,,,
GAZP5,site,gazp,5,1,USDA.subclass,3b_cool semidesert scrub and grassland ,,3b_cool semidesert scrub and grassland,,221,,,,,,
GAZP5,site,gazp,5,1,USDA.subclass,3b_cool semidesert scrub and grassland ,,3b_cool semidesert scrub and grassland,,222,,,,,,
GAZP5,site,gazp,5,1,USDA.subclass,3b_cool semidesert scrub and grassland ,,3b_cool semidesert scrub and grassland,,223,,,,,,
GAZP5,site,gazp,5,1,USDA.subclass,3b_cool semidesert scrub and grassland ,,3b_cool semidesert scrub and grassland,,224,,,,,,
GAZP5,site,gazp,5,1,USDA.subclass,3b_cool semidesert scrub and grassland ,,3b_cool semidesert scrub and grassland,,225,,,,,,
GAZP5,site,gazp,5,1,USDA.subclass,3b_cool semidesert scrub and grassland ,,3b_cool semidesert scrub and grassland,,226,,,,,,
GAZP5,site,gazp,5,1,USDA.subclass,3b_cool semidesert scrub and grassland ,,3b_cool semidesert scrub and grassland,,227,,,,,,
GAZP5,site,gazp,5,1,USDA.subclass,3b_cool semidesert scrub and grassland ,,3b_cool semidesert scrub and grassland,,228,,,,,,
GAZP5,site,gazp,5,1,USDA.subclass,3b_cool semidesert scrub and grassland ,,3b_cool semidesert scrub and grassland,,229,,,,,,
GAZP5,site,gazp,5,1,USDA.subclass,3b_cool semidesert scrub and grassland ,,3b_cool semidesert scrub and grassland,,230,,,,,,
GAZP5,site,gazp,5,1,USDA.subclass,3b_cool semidesert scrub and grassland ,,3b_cool semidesert scrub and grassland,,231,,,,,,
GAZP5,site,gazp,5,1,USDA.subclass,3b_cool semidesert scrub and grassland ,,3b_cool semidesert scrub and grassland,,232,,,,,,
GAZP5,site,gazp,5,1,USDA.subclass,3b_cool semidesert scrub and grassland ,,3b_cool semidesert scrub and grassland,,233,,,,,,
GAZP5,site,gazp,5,1,USDA.subclass,3b_cool semidesert scrub and grassland ,,3b_cool semidesert scrub and grassland,,234,,,,,,
GAZP5,site,gazp,5,1,USDA.subclass,3b_cool semidesert scrub and grassland ,,3b_cool semidesert scrub and grassland,,235,,,,,,
GAZP5,site,gazp,5,1,USDA.subclass,3b_cool semidesert scrub and grassland ,,3b_cool semidesert scrub and grassland,,236,,,,,,
GAZP5,site,gazp,5,1,USDA.subclass,3b_cool semidesert scrub and grassland ,,3b_cool semidesert scrub and grassland,,237,,,,,,
GAZP5,site,gazp,5,1,USDA.subclass,3b_cool semidesert scrub and grassland ,,3b_cool semidesert scrub and grassland,,238,,,,,,
GAZP5,site,gazp,5,1,USDA.subclass,3b_cool semidesert scrub and grassland ,,3b_cool semidesert scrub and grassland,,239,,,,,,
GAZP5,site,gazp,5,1,USDA.subclass,3b_cool semidesert scrub and grassland ,,3b_cool semidesert scrub and grassland,,240,,,,,,
GAZP5,site,gazp,5,1,USDA.subclass,3b_cool semidesert scrub and grassland ,,3b_cool semidesert scrub and grassland,,241,,,,,,
GAZP5,site,gazp,5,1,USDA.subclass,3b_cool semidesert scrub and grassland ,,3b_cool semidesert scrub and grassland,,242,,,,,,
GAZP5,site,gazp,5,1,USDA.subclass,3b_cool semidesert scrub and grassland ,,3b_cool semidesert scrub and grassland,,243,,,,,,
GAZP5,site,gazp,5,1,USDA.subclass,3b_cool semidesert scrub and grassland ,,3b_cool semidesert scrub and grassland,,244,,,,,,
GAZP5,site,gazp,5,1,USDA.subclass,3b_cool semidesert scrub and grassland ,,3b_cool semidesert scrub and grassland,,245,,,,,,
GAZP5,site,gazp,5,1,USDA.subclass,3b_cool semidesert scrub and grassland ,,3b_cool semidesert scrub and grassland,,246,,,,,,
GAZP5,site,gazp,5,1,USDA.subclass,3b_cool semidesert scrub and grassland ,,3b_cool semidesert scrub and grassland,,247,,,,,,
GAZP5,site,gazp,5,1,USDA.subclass,3b_cool semidesert scrub and grassland ,,3b_cool semidesert scrub and grassland,,248,,,,,,
GAZP5,site,gazp,5,1,USDA.subclass,3b_cool semidesert scrub and grassland ,,3b_cool semidesert scrub and grassland,,249,,,,,,
GAZP5,site,gazp,5,1,USDA.subclass,3b_cool semidesert scrub and grassland ,,3b_cool semidesert scrub and grassland,,250,,,,,,
GAZP5,site,gazp,5,1,USDA.subclass,3b_cool semidesert scrub and grassland ,,3b_cool semidesert scrub and grassland,,251,,,,,,
GAZP5,site,gazp,5,1,USDA.subclass,3b_cool semidesert scrub and grassland ,,3b_cool semidesert scrub and grassland,,252,,,,,,
GAZP5,site,gazp,5,1,USDA.subclass,3b_cool semidesert scrub and grassland ,,3b_cool semidesert scrub and grassland,,253,,,,,,
GAZP5,site,gazp,5,1,USDA.subclass,3b_cool semidesert scrub and grassland ,,3b_cool semidesert scrub and grassland,,254,,,,,,
GAZP5,site,gazp,5,1,USDA.subclass,3b_cool semidesert scrub and grassland ,,3b_cool semidesert scrub and grassland,,255,,,,,,
GAZP5,site,gazp,5,1,USDA.subclass,3b_cool semidesert scrub and grassland ,,3b_cool semidesert scrub and grassland,,256,,,,,,
GAZP5,site,gazp,5,1,USDA.subclass,3b_cool semidesert scrub and grassland ,,3b_cool semidesert scrub and grassland,,257,,,,,,
GAZP5,site,gazp,5,1,USDA.subclass,3b_cool semidesert scrub and grassland ,,3b_cool semidesert scrub and grassland,,258,,,,,,
GAZP5,site,gazp,5,1,USDA.subclass,3b_cool semidesert scrub and grassland ,,3b_cool semidesert scrub and grassland,,259,,,,,,
GAZP5,site,gazp,5,1,USDA.subclass,3b_cool semidesert scrub and grassland ,,3b_cool semidesert scrub and grassland,,260,,,,,,
GAZP5,site,gazp,5,1,USDA.subclass,3b_cool semidesert scrub and grassland ,,3b_cool semidesert scrub and grassland,,261,,,,,,
GAZP5,site,gazp,5,1,USDA.subclass,3b_cool semidesert scrub and grassland ,,3b_cool semidesert scrub and grassland,,262,,,,,,
GAZP5,site,gazp,5,1,USDA.subclass,3b_cool semidesert scrub and grassland ,,3b_cool semidesert scrub and grassland,,263,,,,,,
GAZP5,site,gazp,5,1,USDA.subclass,3b_cool semidesert scrub and grassland ,,3b_cool semidesert scrub and grassland,,264,,,,,,
GAZP5,site,gazp,5,1,USDA.subclass,3b_cool semidesert scrub and grassland ,,3b_cool semidesert scrub and grassland,,265,,,,,,
GAZP5,site,gazp,5,1,USDA.subclass,3b_cool semidesert scrub and grassland ,,3b_cool semidesert scrub and grassland,,266,,,,,,
GAZP5,site,gazp,5,1,USDA.subclass,3b_cool semidesert scrub and grassland ,,3b_cool semidesert scrub and grassland,,267,,,,,,
GAZP5,site,gazp,5,1,USDA.subclass,3b_cool semidesert scrub and grassland ,,3b_cool semidesert scrub and grassland,,268,,,,,,
GAZP5,site,gazp,5,1,USDA.subclass,3b_cool semidesert scrub and grassland ,,3b_cool semidesert scrub and grassland,,269,,,,,,
GAZP5,site,gazp,5,1,USDA.subclass,3b_cool semidesert scrub and grassland ,,3b_cool semidesert scrub and grassland,,270,,,,,,
GAZP5,site,gazp,5,1,USDA.subclass,3b_cool semidesert scrub and grassland ,,3b_cool semidesert scrub and grassland,,271,,,,,,
GAZP5,site,gazp,5,1,USDA.subclass,3b_cool semidesert scrub and grassland ,,3b_cool semidesert scrub and grassland,,272,,,,,,
GAZP5,site,gazp,5,1,USDA.subclass,3b_cool semidesert scrub and grassland ,,3b_cool semidesert scrub and grassland,,273,,,,,,
GAZP5,site,gazp,5,1,USDA.subclass,3b_cool semidesert scrub and grassland ,,3b_cool semidesert scrub and grassland,,274,,,,,,
GAZP5,site,gazp,5,1,USDA.subclass,3b_cool semidesert scrub and grassland ,,3b_cool semidesert scrub and grassland,,275,,,,,,
GAZP5,site,gazp,5,1,USDA.subclass,3b_cool semidesert scrub and grassland ,,3b_cool semidesert scrub and grassland,,276,,,,,,
GAZP5,site,gazp,5,1,USDA.subclass,3b_cool semidesert scrub and grassland ,,3b_cool semidesert scrub and grassland,,277,,,,,,
GAZP5,site,gazp,5,1,USDA.subclass,3b_cool semidesert scrub and grassland ,,3b_cool semidesert scrub and grassland,,278,,,,,,
GAZP5,site,gazp,5,1,USDA.subclass,3b_cool semidesert scrub and grassland ,,3b_cool semidesert scrub and grassland,,279,,,,,,
GAZP5,site,gazp,5,1,USDA.subclass,3b_cool semidesert scrub and grassland ,,3b_cool semidesert scrub and grassland,,280,,,,,,
GAZP5,site,gazp,5,1,USDA.subclass,3b_cool semidesert scrub and grassland ,,3b_cool semidesert scrub and grassland,,281,,,,,,
GAZP5,site,gazp,5,1,USDA.subclass,3b_cool semidesert scrub and grassland ,,3b_cool semidesert scrub and grassland,,282,,,,,,
GAZP5,site,gazp,5,1,USDA.subclass,3b_cool semidesert scrub and grassland ,,3b_cool semidesert scrub and grassland,,283,,,,,,
GAZP5,site,gazp,5,1,USDA.subclass,3b_cool semidesert scrub and grassland ,,3b_cool semidesert scrub and grassland,,284,,,,,,
GAZP5,site,gazp,5,1,USDA.subclass,3b_cool semidesert scrub and grassland ,,3b_cool semidesert scrub and grassland,,285,,,,,,
GAZP5,site,gazp,5,1,USDA.subclass,3b_cool semidesert scrub and grassland ,,3b_cool semidesert scrub and grassland,,286,,,,,,
GAZP5,site,gazp,5,1,USDA.subclass,3b_cool semidesert scrub and grassland ,,3b_cool semidesert scrub and grassland,,287,,,,,,
GAZP5,site,gazp,5,1,USDA.subclass,3b_cool semidesert scrub and grassland ,,3b_cool semidesert scrub and grassland,,288,,,,,,
GAZP5,site,gazp,5,1,USDA.subclass,3b_cool semidesert scrub and grassland ,,3b_cool semidesert scrub and grassland,,289,,,,,,
GAZP5,site,gazp,5,1,USDA.subclass,3b_cool semidesert scrub and grassland ,,3b_cool semidesert scrub and grassland,,290,,,,,,
GAZP5,site,gazp,5,1,USDA.subclass,3b_cool semidesert scrub and grassland ,,3b_cool semidesert scrub and grassland,,291,,,,,,
GAZP5,site,gazp,5,1,USDA.subclass,3b_cool semidesert scrub and grassland ,,3b_cool semidesert scrub and grassland,,292,,,,,,
GAZP5,site,gazp,5,1,USDA.subclass,3b_cool semidesert scrub and grassland ,,3b_cool semidesert scrub and grassland,,293,,,,,,
GAZP5,site,gazp,5,1,USDA.subclass,3b_cool semidesert scrub and grassland ,,3b_cool semidesert scrub and grassland,,294,,,,,,
GAZP5,site,gazp,5,1,USDA.subclass,3b_cool semidesert scrub and grassland ,,3b_cool semidesert scrub and grassland,,295,,,,,,
GAZP5,site,gazp,5,1,USDA.subclass,3b_cool semidesert scrub and grassland ,,3b_cool semidesert scrub and grassland,,296,,,,,,
GAZP5,site,gazp,5,1,USDA.subclass,3b_cool semidesert scrub and grassland ,,3b_cool semidesert scrub and grassland,,297,,,,,,
GAZP5,site,gazp,5,1,USDA.subclass,3b_cool semidesert scrub and grassland ,,3b_cool semidesert scrub and grassland,,298,,,,,,
GAZP5,site,gazp,5,1,USDA.subclass,3b_cool semidesert scrub and grassland ,,3b_cool semidesert scrub and grassland,,299,,,,,,
GAZP5,site,gazp,5,1,USDA.subclass,3b_cool semidesert scrub and grassland ,,3b_cool semidesert scrub and grassland,,300,,,,,,
GAZP5,site,gazp,5,1,USDA.subclass,3b_cool semidesert scrub and grassland ,,3b_cool semidesert scrub and grassland,,301,,,,,,
GAZP5,site,gazp,5,1,USDA.subclass,3b_cool semidesert scrub and grassland ,,3b_cool semidesert scrub and grassland,,302,,,,,,
GAZP5,site,gazp,5,1,USDA.subclass,3b_cool semidesert scrub and grassland ,,3b_cool semidesert scrub and grassland,,303,,,,,,
GAZP5,site,gazp,5,1,USDA.subclass,3b_cool semidesert scrub and grassland ,,3b_cool semidesert scrub and grassland,,304,,,,,,
GAZP5,site,gazp,5,1,USDA.subclass,3b_cool semidesert scrub and grassland ,,3b_cool semidesert scrub and grassland,,305,,,,,,
GAZP5,site,gazp,5,1,USDA.subclass,3b_cool semidesert scrub and grassland ,,3b_cool semidesert scrub and grassland,,306,,,,,,
GAZP5,site,gazp,5,1,USDA.subclass,3b_cool semidesert scrub and grassland ,,3b_cool semidesert scrub and grassland,,307,,,,,,
GAZP5,site,gazp,5,1,USDA.subclass,3b_cool semidesert scrub and grassland ,,3b_cool semidesert scrub and grassland,,308,,,,,,
GAZP5,site,gazp,5,1,USDA.subclass,3b_cool semidesert scrub and grassland ,,3b_cool semidesert scrub and grassland,,309,,,,,,
GAZP5,site,gazp,5,1,USDA.subclass,3b_cool semidesert scrub and grassland ,,3b_cool semidesert scrub and grassland,,310,,,,,,
GAZP5,site,gazp,5,1,USDA.subclass,3b_cool semidesert scrub and grassland ,,3b_cool semidesert scrub and grassland,,311,,,,,,
GAZP5,site,gazp,5,1,USDA.subclass,3b_cool semidesert scrub and grassland ,,3b_cool semidesert scrub and grassland,,312,,,,,,
GAZP5,site,gazp,5,1,USDA.subclass,3b_cool semidesert scrub and grassland ,,3b_cool semidesert scrub and grassland,,313,,,,,,
GAZP5,site,gazp,5,1,USDA.subclass,3b_cool semidesert scrub and grassland ,,3b_cool semidesert scrub and grassland,,314,,,,,,
GAZP5,site,gazp,5,1,USDA.subclass,3b_cool semidesert scrub and grassland ,,3b_cool semidesert scrub and grassland,,315,,,,,,
GAZP5,site,gazp,5,1,USDA.subclass,3b_cool semidesert scrub and grassland ,,3b_cool semidesert scrub and grassland,,316,,,,,,
GAZP5,site,gazp,5,1,USDA.subclass,3b_cool semidesert scrub and grassland ,,3b_cool semidesert scrub and grassland,,317,,,,,,
GAZP5,site,gazp,5,1,USDA.subclass,3b_cool semidesert scrub and grassland ,,3b_cool semidesert scrub and grassland,,318,,,,,,
GAZP5,site,gazp,5,1,USDA.subclass,3b_cool semidesert scrub and grassland ,,3b_cool semidesert scrub and grassland,,319,,,,,,
GAZP5,site,gazp,5,1,USDA.subclass,3b_cool semidesert scrub and grassland ,,3b_cool semidesert scrub and grassland,,320,,,,,,
GAZP5,site,gazp,5,1,USDA.subclass,3b_cool semidesert scrub and grassland ,,3b_cool semidesert scrub and grassland,,321,,,,,,
GAZP5,site,gazp,5,1,USDA.subclass,3b_cool semidesert scrub and grassland ,,3b_cool semidesert scrub and grassland,,322,,,,,,
GAZP5,site,gazp,5,1,USDA.subclass,3b_cool semidesert scrub and grassland ,,3b_cool semidesert scrub and grassland,,323,,,,,,
GAZP5,site,gazp,5,1,USDA.subclass,3b_cool semidesert scrub and grassland ,,3b_cool semidesert scrub and grassland,,324,,,,,,
GAZP5,site,gazp,5,1,USDA.subclass,3b_cool semidesert scrub and grassland ,,3b_cool semidesert scrub and grassland,,325,,,,,,
GAZP5,site,gazp,5,1,USDA.subclass,3b_cool semidesert scrub and grassland ,,3b_cool semidesert scrub and grassland,,326,,,,,,
GAZP5,site,gazp,5,1,USDA.subclass,3b_cool semidesert scrub and grassland ,,3b_cool semidesert scrub and grassland,,327,,,,,,
GAZP5,site,gazp,5,1,USDA.subclass,3b_cool semidesert scrub and grassland ,,3b_cool semidesert scrub and grassland,,328,,,,,,
GAZP5,site,gazp,5,1,USDA.subclass,3b_cool semidesert scrub and grassland ,,3b_cool semidesert scrub and grassland,,329,,,,,,
GAZP5,site,gazp,5,1,USDA.subclass,3b_cool semidesert scrub and grassland ,,3b_cool semidesert scrub and grassland,,330,,,,,,
GAZP5,site,gazp,5,1,USDA.subclass,3b_cool semidesert scrub and grassland ,,3b_cool semidesert scrub and grassland,,331,,,,,,
GAZP5,site,gazp,5,1,USDA.subclass,3b_cool semidesert scrub and grassland ,,3b_cool semidesert scrub and grassland,,332,,,,,,
GAZP5,site,gazp,5,1,USDA.subclass,3b_cool semidesert scrub and grassland ,,3b_cool semidesert scrub and grassland,,333,,,,,,
GAZP5,site,gazp,5,1,USDA.subclass,3b_cool semidesert scrub and grassland ,,3b_cool semidesert scrub and grassland,,334,,,,,,
GAZP5,site,gazp,5,1,USDA.subclass,3b_cool semidesert scrub and grassland ,,3b_cool semidesert scrub and grassland,,335,,,,,,
GAZP5,site,gazp,5,1,USDA.subclass,3b_cool semidesert scrub and grassland ,,3b_cool semidesert scrub and grassland,,336,,,,,,
GAZP5,site,gazp,5,1,USDA.subclass,3b_cool semidesert scrub and grassland ,,3b_cool semidesert scrub and grassland,,337,,,,,,
GAZP5,site,gazp,5,1,USDA.subclass,3b_cool semidesert scrub and grassland ,,3b_cool semidesert scrub and grassland,,338,,,,,,
GAZP5,site,gazp,5,1,USDA.subclass,3b_cool semidesert scrub and grassland ,,3b_cool semidesert scrub and grassland,,339,,,,,,
GAZP5,site,gazp,5,1,USDA.subclass,3b_cool semidesert scrub and grassland ,,3b_cool semidesert scrub and grassland,,340,,,,,,
GAZP5,site,gazp,5,1,USDA.subclass,3b_cool semidesert scrub and grassland ,,3b_cool semidesert scrub and grassland,,341,,,,,,
GAZP5,site,gazp,5,1,USDA.subclass,3b_cool semidesert scrub and grassland ,,3b_cool semidesert scrub and grassland,,342,,,,,,
GAZP5,site,gazp,5,1,USDA.subclass,3b_cool semidesert scrub and grassland ,,3b_cool semidesert scrub and grassland,,343,,,,,,
GAZP5,site,gazp,5,1,USDA.subclass,3b_cool semidesert scrub and grassland ,,3b_cool semidesert scrub and grassland,,344,,,,,,
GAZP5,site,gazp,5,1,USDA.subclass,3b_cool semidesert scrub and grassland ,,3b_cool semidesert scrub and grassland,,345,,,,,,
GAZP5,site,gazp,5,1,USDA.subclass,3b_cool semidesert scrub and grassland ,,3b_cool semidesert scrub and grassland,,346,,,,,,
GAZP5,site,gazp,5,1,USDA.subclass,3b_cool semidesert scrub and grassland ,,3b_cool semidesert scrub and grassland,,347,,,,,,
GAZP5,site,gazp,5,1,USDA.subclass,3b_cool semidesert scrub and grassland ,,3b_cool semidesert scrub and grassland,,348,,,,,,
GAZP5,site,gazp,5,1,USDA.subclass,3b_cool semidesert scrub and grassland ,,3b_cool semidesert scrub and grassland,,349,,,,,,
GAZP5,site,gazp,5,1,USDA.subclass,3b_cool semidesert scrub and grassland ,,3b_cool semidesert scrub and grassland,,350,,,,,,
GAZP5,site,gazp,5,1,USDA.subclass,3b_cool semidesert scrub and grassland ,,3b_cool semidesert scrub and grassland,,351,,,,,,
GAZP5,site,gazp,5,1,USDA.subclass,3b_cool semidesert scrub and grassland ,,3b_cool semidesert scrub and grassland,,352,,,,,,
GAZP5,site,gazp,5,1,USDA.subclass,3b_cool semidesert scrub and grassland ,,3b_cool semidesert scrub and grassland,,353,,,,,,
GAZP5,site,gazp,5,1,USDA.subclass,3b_cool semidesert scrub and grassland ,,3b_cool semidesert scrub and grassland,,354,,,,,,
GAZP5,site,gazp,5,1,USDA.subclass,3b_cool semidesert scrub and grassland ,,3b_cool semidesert scrub and grassland,,355,,,,,,
GAZP5,site,gazp,5,1,USDA.subclass,3b_cool semidesert scrub and grassland ,,3b_cool semidesert scrub and grassland,,356,,,,,,
GAZP5,site,gazp,5,1,USDA.subclass,3b_cool semidesert scrub and grassland ,,3b_cool semidesert scrub and grassland,,357,,,,,,
GAZP5,site,gazp,5,1,USDA.subclass,3b_cool semidesert scrub and grassland ,,3b_cool semidesert scrub and grassland,,358,,,,,,
GAZP5,site,gazp,5,1,USDA.subclass,3b_cool semidesert scrub and grassland ,,3b_cool semidesert scrub and grassland,,359,,,,,,
GAZP5,site,gazp,5,1,USDA.subclass,3b_cool semidesert scrub and grassland ,,3b_cool semidesert scrub and grassland,,360,,,,,,
GAZP5,site,gazp,5,1,USDA.subclass,3b_cool semidesert scrub and grassland ,,3b_cool semidesert scrub and grassland,,361,,,,,,
GAZP5,site,gazp,5,1,USDA.subclass,3b_cool semidesert scrub and grassland ,,3b_cool semidesert scrub and grassland,,362,,,,,,
GAZP5,site,gazp,5,1,USDA.subclass,3b_cool semidesert scrub and grassland ,,3b_cool semidesert scrub and grassland,,363,,,,,,
GAZP5,site,gazp,5,1,USDA.subclass,3b_cool semidesert scrub and grassland ,,3b_cool semidesert scrub and grassland,,364,,,,,,
GAZP5,site,gazp,5,1,USDA.subclass,3b_cool semidesert scrub and grassland ,,3b_cool semidesert scrub and grassland,,365,,,,,,
GAZP5,site,gazp,5,1,USDA.subclass,3b_cool semidesert scrub and grassland ,,3b_cool semidesert scrub and grassland,,366,,,,,,
GAZP5,site,gazp,5,1,USDA.subclass,3b_cool semidesert scrub and grassland ,,3b_cool semidesert scrub and grassland,,367,,,,,,
GAZP5,site,gazp,5,1,USDA.subclass,3b_cool semidesert scrub and grassland ,,3b_cool semidesert scrub and grassland,,368,,,,,,
GAZP5,site,gazp,5,1,USDA.subclass,3b_cool semidesert scrub and grassland ,,3b_cool semidesert scrub and grassland,,369,,,,,,
GAZP5,site,gazp,5,1,USDA.subsubclass,3b1_cool semidesert scrub and grassland,,3b1_cool semidesert scrub and grassland,,177,,,,,,
GAZP5,site,gazp,5,1,USDA.subsubclass,3b1_cool semidesert scrub and grassland,,3b1_cool semidesert scrub and grassland,,178,,,,,,
GAZP5,site,gazp,5,1,USDA.subsubclass,3b1_cool semidesert scrub and grassland,,3b1_cool semidesert scrub and grassland,,179,,,,,,
GAZP5,site,gazp,5,1,USDA.subsubclass,3b1_cool semidesert scrub and grassland,,3b1_cool semidesert scrub and grassland,,180,,,,,,
GAZP5,site,gazp,5,1,USDA.subsubclass,3b1_cool semidesert scrub and grassland,,3b1_cool semidesert scrub and grassland,,181,,,,,,
GAZP5,site,gazp,5,1,USDA.subsubclass,3b1_cool semidesert scrub and grassland,,3b1_cool semidesert scrub and grassland,,182,,,,,,
GAZP5,site,gazp,5,1,USDA.subsubclass,3b1_cool semidesert scrub and grassland,,3b1_cool semidesert scrub and grassland,,183,,,,,,
GAZP5,site,gazp,5,1,USDA.subsubclass,3b1_cool semidesert scrub and grassland,,3b1_cool semidesert scrub and grassland,,184,,,,,,
GAZP5,site,gazp,5,1,USDA.subsubclass,3b1_cool semidesert scrub and grassland,,3b1_cool semidesert scrub and grassland,,185,,,,,,
GAZP5,site,gazp,5,1,USDA.subsubclass,3b1_cool semidesert scrub and grassland,,3b1_cool semidesert scrub and grassland,,186,,,,,,
GAZP5,site,gazp,5,1,USDA.subsubclass,3b1_cool semidesert scrub and grassland,,3b1_cool semidesert scrub and grassland,,187,,,,,,
GAZP5,site,gazp,5,1,USDA.subsubclass,3b1_cool semidesert scrub and grassland,,3b1_cool semidesert scrub and grassland,,188,,,,,,
GAZP5,site,gazp,5,1,USDA.subsubclass,3b1_cool semidesert scrub and grassland,,3b1_cool semidesert scrub and grassland,,189,,,,,,
GAZP5,site,gazp,5,1,USDA.subsubclass,3b1_cool semidesert scrub and grassland,,3b1_cool semidesert scrub and grassland,,190,,,,,,
GAZP5,site,gazp,5,1,USDA.subsubclass,3b1_cool semidesert scrub and grassland,,3b1_cool semidesert scrub and grassland,,191,,,,,,
GAZP5,site,gazp,5,1,USDA.subsubclass,3b1_cool semidesert scrub and grassland,,3b1_cool semidesert scrub and grassland,,192,,,,,,
GAZP5,site,gazp,5,1,USDA.subsubclass,3b1_cool semidesert scrub and grassland,,3b1_cool semidesert scrub and grassland,,193,,,,,,
GAZP5,site,gazp,5,1,USDA.subsubclass,3b1_cool semidesert scrub and grassland,,3b1_cool semidesert scrub and grassland,,194,,,,,,
GAZP5,site,gazp,5,1,USDA.subsubclass,3b1_cool semidesert scrub and grassland,,3b1_cool semidesert scrub and grassland,,195,,,,,,
GAZP5,site,gazp,5,1,USDA.subsubclass,3b1_cool semidesert scrub and grassland,,3b1_cool semidesert scrub and grassland,,196,,,,,,
GAZP5,site,gazp,5,1,USDA.subsubclass,3b1_cool semidesert scrub and grassland,,3b1_cool semidesert scrub and grassland,,197,,,,,,
GAZP5,site,gazp,5,1,USDA.subsubclass,3b1_cool semidesert scrub and grassland,,3b1_cool semidesert scrub and grassland,,198,,,,,,
GAZP5,site,gazp,5,1,USDA.subsubclass,3b1_cool semidesert scrub and grassland,,3b1_cool semidesert scrub and grassland,,199,,,,,,
GAZP5,site,gazp,5,1,USDA.subsubclass,3b1_cool semidesert scrub and grassland,,3b1_cool semidesert scrub and grassland,,200,,,,,,
GAZP5,site,gazp,5,1,USDA.subsubclass,3b1_cool semidesert scrub and grassland,,3b1_cool semidesert scrub and grassland,,201,,,,,,
GAZP5,site,gazp,5,1,USDA.subsubclass,3b1_cool semidesert scrub and grassland,,3b1_cool semidesert scrub and grassland,,202,,,,,,
GAZP5,site,gazp,5,1,USDA.subsubclass,3b1_cool semidesert scrub and grassland,,3b1_cool semidesert scrub and grassland,,203,,,,,,
GAZP5,site,gazp,5,1,USDA.subsubclass,3b1_cool semidesert scrub and grassland,,3b1_cool semidesert scrub and grassland,,204,,,,,,
GAZP5,site,gazp,5,1,USDA.subsubclass,3b1_cool semidesert scrub and grassland,,3b1_cool semidesert scrub and grassland,,205,,,,,,
GAZP5,site,gazp,5,1,USDA.subsubclass,3b1_cool semidesert scrub and grassland,,3b1_cool semidesert scrub and grassland,,206,,,,,,
GAZP5,site,gazp,5,1,USDA.subsubclass,3b1_cool semidesert scrub and grassland,,3b1_cool semidesert scrub and grassland,,207,,,,,,
GAZP5,site,gazp,5,1,USDA.subsubclass,3b1_cool semidesert scrub and grassland,,3b1_cool semidesert scrub and grassland,,208,,,,,,
GAZP5,site,gazp,5,1,USDA.subsubclass,3b1_cool semidesert scrub and grassland,,3b1_cool semidesert scrub and grassland,,209,,,,,,
GAZP5,site,gazp,5,1,USDA.subsubclass,3b1_cool semidesert scrub and grassland,,3b1_cool semidesert scrub and grassland,,210,,,,,,
GAZP5,site,gazp,5,1,USDA.subsubclass,3b1_cool semidesert scrub and grassland,,3b1_cool semidesert scrub and grassland,,211,,,,,,
GAZP5,site,gazp,5,1,USDA.subsubclass,3b1_cool semidesert scrub and grassland,,3b1_cool semidesert scrub and grassland,,212,,,,,,
GAZP5,site,gazp,5,1,USDA.subsubclass,3b1_cool semidesert scrub and grassland,,3b1_cool semidesert scrub and grassland,,213,,,,,,
GAZP5,site,gazp,5,1,USDA.subsubclass,3b1_cool semidesert scrub and grassland,,3b1_cool semidesert scrub and grassland,,214,,,,,,
GAZP5,site,gazp,5,1,USDA.subsubclass,3b1_cool semidesert scrub and grassland,,3b1_cool semidesert scrub and grassland,,215,,,,,,
GAZP5,site,gazp,5,1,USDA.subsubclass,3b1_cool semidesert scrub and grassland,,3b1_cool semidesert scrub and grassland,,216,,,,,,
GAZP5,site,gazp,5,1,USDA.subsubclass,3b1_cool semidesert scrub and grassland,,3b1_cool semidesert scrub and grassland,,217,,,,,,
GAZP5,site,gazp,5,1,USDA.subsubclass,3b1_cool semidesert scrub and grassland,,3b1_cool semidesert scrub and grassland,,218,,,,,,
GAZP5,site,gazp,5,1,USDA.subsubclass,3b1_cool semidesert scrub and grassland,,3b1_cool semidesert scrub and grassland,,219,,,,,,
GAZP5,site,gazp,5,1,USDA.subsubclass,3b1_cool semidesert scrub and grassland,,3b1_cool semidesert scrub and grassland,,220,,,,,,
GAZP5,site,gazp,5,1,USDA.subsubclass,3b1_cool semidesert scrub and grassland,,3b1_cool semidesert scrub and grassland,,221,,,,,,
GAZP5,site,gazp,5,1,USDA.subsubclass,3b1_cool semidesert scrub and grassland,,3b1_cool semidesert scrub and grassland,,222,,,,,,
GAZP5,site,gazp,5,1,USDA.subsubclass,3b1_cool semidesert scrub and grassland,,3b1_cool semidesert scrub and grassland,,223,,,,,,
GAZP5,site,gazp,5,1,USDA.subsubclass,3b1_cool semidesert scrub and grassland,,3b1_cool semidesert scrub and grassland,,224,,,,,,
GAZP5,site,gazp,5,1,USDA.subsubclass,3b1_cool semidesert scrub and grassland,,3b1_cool semidesert scrub and grassland,,225,,,,,,
GAZP5,site,gazp,5,1,USDA.subsubclass,3b1_cool semidesert scrub and grassland,,3b1_cool semidesert scrub and grassland,,226,,,,,,
GAZP5,site,gazp,5,1,USDA.subsubclass,3b1_cool semidesert scrub and grassland,,3b1_cool semidesert scrub and grassland,,227,,,,,,
GAZP5,site,gazp,5,1,USDA.subsubclass,3b1_cool semidesert scrub and grassland,,3b1_cool semidesert scrub and grassland,,228,,,,,,
GAZP5,site,gazp,5,1,USDA.subsubclass,3b1_cool semidesert scrub and grassland,,3b1_cool semidesert scrub and grassland,,229,,,,,,
GAZP5,site,gazp,5,1,USDA.subsubclass,3b1_cool semidesert scrub and grassland,,3b1_cool semidesert scrub and grassland,,230,,,,,,
GAZP5,site,gazp,5,1,USDA.subsubclass,3b1_cool semidesert scrub and grassland,,3b1_cool semidesert scrub and grassland,,231,,,,,,
GAZP5,site,gazp,5,1,USDA.subsubclass,3b1_cool semidesert scrub and grassland,,3b1_cool semidesert scrub and grassland,,232,,,,,,
GAZP5,site,gazp,5,1,USDA.subsubclass,3b1_cool semidesert scrub and grassland,,3b1_cool semidesert scrub and grassland,,233,,,,,,
GAZP5,site,gazp,5,1,USDA.subsubclass,3b1_cool semidesert scrub and grassland,,3b1_cool semidesert scrub and grassland,,234,,,,,,
GAZP5,site,gazp,5,1,USDA.subsubclass,3b1_cool semidesert scrub and grassland,,3b1_cool semidesert scrub and grassland,,235,,,,,,
GAZP5,site,gazp,5,1,USDA.subsubclass,3b1_cool semidesert scrub and grassland,,3b1_cool semidesert scrub and grassland,,236,,,,,,
GAZP5,site,gazp,5,1,USDA.subsubclass,3b1_cool semidesert scrub and grassland,,3b1_cool semidesert scrub and grassland,,237,,,,,,
GAZP5,site,gazp,5,1,USDA.subsubclass,3b1_cool semidesert scrub and grassland,,3b1_cool semidesert scrub and grassland,,238,,,,,,
GAZP5,site,gazp,5,1,USDA.subsubclass,3b1_cool semidesert scrub and grassland,,3b1_cool semidesert scrub and grassland,,239,,,,,,
GAZP5,site,gazp,5,1,USDA.subsubclass,3b1_cool semidesert scrub and grassland,,3b1_cool semidesert scrub and grassland,,240,,,,,,
GAZP5,site,gazp,5,1,USDA.subsubclass,3b1_cool semidesert scrub and grassland,,3b1_cool semidesert scrub and grassland,,241,,,,,,
GAZP5,site,gazp,5,1,USDA.subsubclass,3b1_cool semidesert scrub and grassland,,3b1_cool semidesert scrub and grassland,,242,,,,,,
GAZP5,site,gazp,5,1,USDA.subsubclass,3b1_cool semidesert scrub and grassland,,3b1_cool semidesert scrub and grassland,,243,,,,,,
GAZP5,site,gazp,5,1,USDA.subsubclass,3b1_cool semidesert scrub and grassland,,3b1_cool semidesert scrub and grassland,,244,,,,,,
GAZP5,site,gazp,5,1,USDA.subsubclass,3b1_cool semidesert scrub and grassland,,3b1_cool semidesert scrub and grassland,,245,,,,,,
GAZP5,site,gazp,5,1,USDA.subsubclass,3b1_cool semidesert scrub and grassland,,3b1_cool semidesert scrub and grassland,,246,,,,,,
GAZP5,site,gazp,5,1,USDA.subsubclass,3b1_cool semidesert scrub and grassland,,3b1_cool semidesert scrub and grassland,,247,,,,,,
GAZP5,site,gazp,5,1,USDA.subsubclass,3b1_cool semidesert scrub and grassland,,3b1_cool semidesert scrub and grassland,,248,,,,,,
GAZP5,site,gazp,5,1,USDA.subsubclass,3b1_cool semidesert scrub and grassland,,3b1_cool semidesert scrub and grassland,,249,,,,,,
GAZP5,site,gazp,5,1,USDA.subsubclass,3b1_cool semidesert scrub and grassland,,3b1_cool semidesert scrub and grassland,,250,,,,,,
GAZP5,site,gazp,5,1,USDA.subsubclass,3b1_cool semidesert scrub and grassland,,3b1_cool semidesert scrub and grassland,,251,,,,,,
GAZP5,site,gazp,5,1,USDA.subsubclass,3b1_cool semidesert scrub and grassland,,3b1_cool semidesert scrub and grassland,,252,,,,,,
GAZP5,site,gazp,5,1,USDA.subsubclass,3b1_cool semidesert scrub and grassland,,3b1_cool semidesert scrub and grassland,,253,,,,,,
GAZP5,site,gazp,5,1,USDA.subsubclass,3b1_cool semidesert scrub and grassland,,3b1_cool semidesert scrub and grassland,,254,,,,,,
GAZP5,site,gazp,5,1,USDA.subsubclass,3b1_cool semidesert scrub and grassland,,3b1_cool semidesert scrub and grassland,,255,,,,,,
GAZP5,site,gazp,5,1,USDA.subsubclass,3b1_cool semidesert scrub and grassland,,3b1_cool semidesert scrub and grassland,,256,,,,,,
GAZP5,site,gazp,5,1,USDA.subsubclass,3b1_cool semidesert scrub and grassland,,3b1_cool semidesert scrub and grassland,,257,,,,,,
GAZP5,site,gazp,5,1,USDA.subsubclass,3b1_cool semidesert scrub and grassland,,3b1_cool semidesert scrub and grassland,,258,,,,,,
GAZP5,site,gazp,5,1,USDA.subsubclass,3b1_cool semidesert scrub and grassland,,3b1_cool semidesert scrub and grassland,,259,,,,,,
GAZP5,site,gazp,5,1,USDA.subsubclass,3b1_cool semidesert scrub and grassland,,3b1_cool semidesert scrub and grassland,,260,,,,,,
GAZP5,site,gazp,5,1,USDA.subsubclass,3b1_cool semidesert scrub and grassland,,3b1_cool semidesert scrub and grassland,,261,,,,,,
GAZP5,site,gazp,5,1,USDA.subsubclass,3b1_cool semidesert scrub and grassland,,3b1_cool semidesert scrub and grassland,,262,,,,,,
GAZP5,site,gazp,5,1,USDA.subsubclass,3b1_cool semidesert scrub and grassland,,3b1_cool semidesert scrub and grassland,,263,,,,,,
GAZP5,site,gazp,5,1,USDA.subsubclass,3b1_cool semidesert scrub and grassland,,3b1_cool semidesert scrub and grassland,,264,,,,,,
GAZP5,site,gazp,5,1,USDA.subsubclass,3b1_cool semidesert scrub and grassland,,3b1_cool semidesert scrub and grassland,,265,,,,,,
GAZP5,site,gazp,5,1,USDA.subsubclass,3b1_cool semidesert scrub and grassland,,3b1_cool semidesert scrub and grassland,,266,,,,,,
GAZP5,site,gazp,5,1,USDA.subsubclass,3b1_cool semidesert scrub and grassland,,3b1_cool semidesert scrub and grassland,,267,,,,,,
GAZP5,site,gazp,5,1,USDA.subsubclass,3b1_cool semidesert scrub and grassland,,3b1_cool semidesert scrub and grassland,,268,,,,,,
GAZP5,site,gazp,5,1,USDA.subsubclass,3b1_cool semidesert scrub and grassland,,3b1_cool semidesert scrub and grassland,,269,,,,,,
GAZP5,site,gazp,5,1,USDA.subsubclass,3b1_cool semidesert scrub and grassland,,3b1_cool semidesert scrub and grassland,,270,,,,,,
GAZP5,site,gazp,5,1,USDA.subsubclass,3b1_cool semidesert scrub and grassland,,3b1_cool semidesert scrub and grassland,,271,,,,,,
GAZP5,site,gazp,5,1,USDA.subsubclass,3b1_cool semidesert scrub and grassland,,3b1_cool semidesert scrub and grassland,,272,,,,,,
GAZP5,site,gazp,5,1,USDA.subsubclass,3b1_cool semidesert scrub and grassland,,3b1_cool semidesert scrub and grassland,,273,,,,,,
GAZP5,site,gazp,5,1,USDA.subsubclass,3b1_cool semidesert scrub and grassland,,3b1_cool semidesert scrub and grassland,,274,,,,,,
GAZP5,site,gazp,5,1,USDA.subsubclass,3b1_cool semidesert scrub and grassland,,3b1_cool semidesert scrub and grassland,,275,,,,,,
GAZP5,site,gazp,5,1,USDA.subsubclass,3b1_cool semidesert scrub and grassland,,3b1_cool semidesert scrub and grassland,,276,,,,,,
GAZP5,site,gazp,5,1,USDA.subsubclass,3b1_cool semidesert scrub and grassland,,3b1_cool semidesert scrub and grassland,,277,,,,,,
GAZP5,site,gazp,5,1,USDA.subsubclass,3b1_cool semidesert scrub and grassland,,3b1_cool semidesert scrub and grassland,,278,,,,,,
GAZP5,site,gazp,5,1,USDA.subsubclass,3b1_cool semidesert scrub and grassland,,3b1_cool semidesert scrub and grassland,,279,,,,,,
GAZP5,site,gazp,5,1,USDA.subsubclass,3b1_cool semidesert scrub and grassland,,3b1_cool semidesert scrub and grassland,,280,,,,,,
GAZP5,site,gazp,5,1,USDA.subsubclass,3b1_cool semidesert scrub and grassland,,3b1_cool semidesert scrub and grassland,,281,,,,,,
GAZP5,site,gazp,5,1,USDA.subsubclass,3b1_cool semidesert scrub and grassland,,3b1_cool semidesert scrub and grassland,,282,,,,,,
GAZP5,site,gazp,5,1,USDA.subsubclass,3b1_cool semidesert scrub and grassland,,3b1_cool semidesert scrub and grassland,,283,,,,,,
GAZP5,site,gazp,5,1,USDA.subsubclass,3b1_cool semidesert scrub and grassland,,3b1_cool semidesert scrub and grassland,,284,,,,,,
GAZP5,site,gazp,5,1,USDA.subsubclass,3b1_cool semidesert scrub and grassland,,3b1_cool semidesert scrub and grassland,,285,,,,,,
GAZP5,site,gazp,5,1,USDA.subsubclass,3b1_cool semidesert scrub and grassland,,3b1_cool semidesert scrub and grassland,,286,,,,,,
GAZP5,site,gazp,5,1,USDA.subsubclass,3b1_cool semidesert scrub and grassland,,3b1_cool semidesert scrub and grassland,,287,,,,,,
GAZP5,site,gazp,5,1,USDA.subsubclass,3b1_cool semidesert scrub and grassland,,3b1_cool semidesert scrub and grassland,,288,,,,,,
GAZP5,site,gazp,5,1,USDA.subsubclass,3b1_cool semidesert scrub and grassland,,3b1_cool semidesert scrub and grassland,,289,,,,,,
GAZP5,site,gazp,5,1,USDA.subsubclass,3b1_cool semidesert scrub and grassland,,3b1_cool semidesert scrub and grassland,,290,,,,,,
GAZP5,site,gazp,5,1,USDA.subsubclass,3b1_cool semidesert scrub and grassland,,3b1_cool semidesert scrub and grassland,,291,,,,,,
GAZP5,site,gazp,5,1,USDA.subsubclass,3b1_cool semidesert scrub and grassland,,3b1_cool semidesert scrub and grassland,,292,,,,,,
GAZP5,site,gazp,5,1,USDA.subsubclass,3b1_cool semidesert scrub and grassland,,3b1_cool semidesert scrub and grassland,,293,,,,,,
GAZP5,site,gazp,5,1,USDA.subsubclass,3b1_cool semidesert scrub and grassland,,3b1_cool semidesert scrub and grassland,,294,,,,,,
GAZP5,site,gazp,5,1,USDA.subsubclass,3b1_cool semidesert scrub and grassland,,3b1_cool semidesert scrub and grassland,,295,,,,,,
GAZP5,site,gazp,5,1,USDA.subsubclass,3b1_cool semidesert scrub and grassland,,3b1_cool semidesert scrub and grassland,,296,,,,,,
GAZP5,site,gazp,5,1,USDA.subsubclass,3b1_cool semidesert scrub and grassland,,3b1_cool semidesert scrub and grassland,,297,,,,,,
GAZP5,site,gazp,5,1,USDA.subsubclass,3b1_cool semidesert scrub and grassland,,3b1_cool semidesert scrub and grassland,,298,,,,,,
GAZP5,site,gazp,5,1,USDA.subsubclass,3b1_cool semidesert scrub and grassland,,3b1_cool semidesert scrub and grassland,,299,,,,,,
GAZP5,site,gazp,5,1,USDA.subsubclass,3b1_cool semidesert scrub and grassland,,3b1_cool semidesert scrub and grassland,,300,,,,,,
GAZP5,site,gazp,5,1,USDA.subsubclass,3b1_cool semidesert scrub and grassland,,3b1_cool semidesert scrub and grassland,,301,,,,,,
GAZP5,site,gazp,5,1,USDA.subsubclass,3b1_cool semidesert scrub and grassland,,3b1_cool semidesert scrub and grassland,,302,,,,,,
GAZP5,site,gazp,5,1,USDA.subsubclass,3b1_cool semidesert scrub and grassland,,3b1_cool semidesert scrub and grassland,,303,,,,,,
GAZP5,site,gazp,5,1,USDA.subsubclass,3b1_cool semidesert scrub and grassland,,3b1_cool semidesert scrub and grassland,,304,,,,,,
GAZP5,site,gazp,5,1,USDA.subsubclass,3b1_cool semidesert scrub and grassland,,3b1_cool semidesert scrub and grassland,,305,,,,,,
GAZP5,site,gazp,5,1,USDA.subsubclass,3b1_cool semidesert scrub and grassland,,3b1_cool semidesert scrub and grassland,,306,,,,,,
GAZP5,site,gazp,5,1,USDA.subsubclass,3b1_cool semidesert scrub and grassland,,3b1_cool semidesert scrub and grassland,,307,,,,,,
GAZP5,site,gazp,5,1,USDA.subsubclass,3b1_cool semidesert scrub and grassland,,3b1_cool semidesert scrub and grassland,,308,,,,,,
GAZP5,site,gazp,5,1,USDA.subsubclass,3b1_cool semidesert scrub and grassland,,3b1_cool semidesert scrub and grassland,,309,,,,,,
GAZP5,site,gazp,5,1,USDA.subsubclass,3b1_cool semidesert scrub and grassland,,3b1_cool semidesert scrub and grassland,,310,,,,,,
GAZP5,site,gazp,5,1,USDA.subsubclass,3b1_cool semidesert scrub and grassland,,3b1_cool semidesert scrub and grassland,,311,,,,,,
GAZP5,site,gazp,5,1,USDA.subsubclass,3b1_cool semidesert scrub and grassland,,3b1_cool semidesert scrub and grassland,,312,,,,,,
GAZP5,site,gazp,5,1,USDA.subsubclass,3b1_cool semidesert scrub and grassland,,3b1_cool semidesert scrub and grassland,,313,,,,,,
GAZP5,site,gazp,5,1,USDA.subsubclass,3b1_cool semidesert scrub and grassland,,3b1_cool semidesert scrub and grassland,,314,,,,,,
GAZP5,site,gazp,5,1,USDA.subsubclass,3b1_cool semidesert scrub and grassland,,3b1_cool semidesert scrub and grassland,,315,,,,,,
GAZP5,site,gazp,5,1,USDA.subsubclass,3b1_cool semidesert scrub and grassland,,3b1_cool semidesert scrub and grassland,,316,,,,,,
GAZP5,site,gazp,5,1,USDA.subsubclass,3b1_cool semidesert scrub and grassland,,3b1_cool semidesert scrub and grassland,,317,,,,,,
GAZP5,site,gazp,5,1,USDA.subsubclass,3b1_cool semidesert scrub and grassland,,3b1_cool semidesert scrub and grassland,,318,,,,,,
GAZP5,site,gazp,5,1,USDA.subsubclass,3b1_cool semidesert scrub and grassland,,3b1_cool semidesert scrub and grassland,,319,,,,,,
GAZP5,site,gazp,5,1,USDA.subsubclass,3b1_cool semidesert scrub and grassland,,3b1_cool semidesert scrub and grassland,,320,,,,,,
GAZP5,site,gazp,5,1,USDA.subsubclass,3b1_cool semidesert scrub and grassland,,3b1_cool semidesert scrub and grassland,,321,,,,,,
GAZP5,site,gazp,5,1,USDA.subsubclass,3b1_cool semidesert scrub and grassland,,3b1_cool semidesert scrub and grassland,,322,,,,,,
GAZP5,site,gazp,5,1,USDA.subsubclass,3b1_cool semidesert scrub and grassland,,3b1_cool semidesert scrub and grassland,,323,,,,,,
GAZP5,site,gazp,5,1,USDA.subsubclass,3b1_cool semidesert scrub and grassland,,3b1_cool semidesert scrub and grassland,,324,,,,,,
GAZP5,site,gazp,5,1,USDA.subsubclass,3b1_cool semidesert scrub and grassland,,3b1_cool semidesert scrub and grassland,,325,,,,,,
GAZP5,site,gazp,5,1,USDA.subsubclass,3b1_cool semidesert scrub and grassland,,3b1_cool semidesert scrub and grassland,,326,,,,,,
GAZP5,site,gazp,5,1,USDA.subsubclass,3b1_cool semidesert scrub and grassland,,3b1_cool semidesert scrub and grassland,,327,,,,,,
GAZP5,site,gazp,5,1,USDA.subsubclass,3b1_cool semidesert scrub and grassland,,3b1_cool semidesert scrub and grassland,,328,,,,,,
GAZP5,site,gazp,5,1,USDA.subsubclass,3b1_cool semidesert scrub and grassland,,3b1_cool semidesert scrub and grassland,,329,,,,,,
GAZP5,site,gazp,5,1,USDA.subsubclass,3b1_cool semidesert scrub and grassland,,3b1_cool semidesert scrub and grassland,,330,,,,,,
GAZP5,site,gazp,5,1,USDA.subsubclass,3b1_cool semidesert scrub and grassland,,3b1_cool semidesert scrub and grassland,,331,,,,,,
GAZP5,site,gazp,5,1,USDA.subsubclass,3b1_cool semidesert scrub and grassland,,3b1_cool semidesert scrub and grassland,,332,,,,,,
GAZP5,site,gazp,5,1,USDA.subsubclass,3b1_cool semidesert scrub and grassland,,3b1_cool semidesert scrub and grassland,,333,,,,,,
GAZP5,site,gazp,5,1,USDA.subsubclass,3b1_cool semidesert scrub and grassland,,3b1_cool semidesert scrub and grassland,,334,,,,,,
GAZP5,site,gazp,5,1,USDA.subsubclass,3b1_cool semidesert scrub and grassland,,3b1_cool semidesert scrub and grassland,,335,,,,,,
GAZP5,site,gazp,5,1,USDA.subsubclass,3b1_cool semidesert scrub and grassland,,3b1_cool semidesert scrub and grassland,,336,,,,,,
GAZP5,site,gazp,5,1,USDA.subsubclass,3b1_cool semidesert scrub and grassland,,3b1_cool semidesert scrub and grassland,,337,,,,,,
GAZP5,site,gazp,5,1,USDA.subsubclass,3b1_cool semidesert scrub and grassland,,3b1_cool semidesert scrub and grassland,,338,,,,,,
GAZP5,site,gazp,5,1,USDA.subsubclass,3b1_cool semidesert scrub and grassland,,3b1_cool semidesert scrub and grassland,,339,,,,,,
GAZP5,site,gazp,5,1,USDA.subsubclass,3b1_cool semidesert scrub and grassland,,3b1_cool semidesert scrub and grassland,,340,,,,,,
GAZP5,site,gazp,5,1,USDA.subsubclass,3b1_cool semidesert scrub and grassland,,3b1_cool semidesert scrub and grassland,,341,,,,,,
GAZP5,site,gazp,5,1,USDA.subsubclass,3b1_cool semidesert scrub and grassland,,3b1_cool semidesert scrub and grassland,,342,,,,,,
GAZP5,site,gazp,5,1,USDA.subsubclass,3b1_cool semidesert scrub and grassland,,3b1_cool semidesert scrub and grassland,,343,,,,,,
GAZP5,site,gazp,5,1,USDA.subsubclass,3b1_cool semidesert scrub and grassland,,3b1_cool semidesert scrub and grassland,,344,,,,,,
GAZP5,site,gazp,5,1,USDA.subsubclass,3b1_cool semidesert scrub and grassland,,3b1_cool semidesert scrub and grassland,,345,,,,,,
GAZP5,site,gazp,5,1,USDA.subsubclass,3b1_cool semidesert scrub and grassland,,3b1_cool semidesert scrub and grassland,,346,,,,,,
GAZP5,site,gazp,5,1,USDA.subsubclass,3b1_cool semidesert scrub and grassland,,3b1_cool semidesert scrub and grassland,,347,,,,,,
GAZP5,site,gazp,5,1,USDA.subsubclass,3b1_cool semidesert scrub and grassland,,3b1_cool semidesert scrub and grassland,,348,,,,,,
GAZP5,site,gazp,5,1,USDA.subsubclass,3b1_cool semidesert scrub and grassland,,3b1_cool semidesert scrub and grassland,,349,,,,,,
GAZP5,site,gazp,5,1,USDA.subsubclass,3b1_cool semidesert scrub and grassland,,3b1_cool semidesert scrub and grassland,,350,,,,,,
GAZP5,site,gazp,5,1,USDA.subsubclass,3b1_cool semidesert scrub and grassland,,3b1_cool semidesert scrub and grassland,,351,,,,,,
GAZP5,site,gazp,5,1,USDA.subsubclass,3b1_cool semidesert scrub and grassland,,3b1_cool semidesert scrub and grassland,,352,,,,,,
GAZP5,site,gazp,5,1,USDA.subsubclass,3b1_cool semidesert scrub and grassland,,3b1_cool semidesert scrub and grassland,,353,,,,,,
GAZP5,site,gazp,5,1,USDA.subsubclass,3b1_cool semidesert scrub and grassland,,3b1_cool semidesert scrub and grassland,,354,,,,,,
GAZP5,site,gazp,5,1,USDA.subsubclass,3b1_cool semidesert scrub and grassland,,3b1_cool semidesert scrub and grassland,,355,,,,,,
GAZP5,site,gazp,5,1,USDA.subsubclass,3b1_cool semidesert scrub and grassland,,3b1_cool semidesert scrub and grassland,,356,,,,,,
GAZP5,site,gazp,5,1,USDA.subsubclass,3b1_cool semidesert scrub and grassland,,3b1_cool semidesert scrub and grassland,,357,,,,,,
GAZP5,site,gazp,5,1,USDA.subsubclass,3b1_cool semidesert scrub and grassland,,3b1_cool semidesert scrub and grassland,,358,,,,,,
GAZP5,site,gazp,5,1,USDA.subsubclass,3b1_cool semidesert scrub and grassland,,3b1_cool semidesert scrub and grassland,,359,,,,,,
GAZP5,site,gazp,5,1,USDA.subsubclass,3b1_cool semidesert scrub and grassland,,3b1_cool semidesert scrub and grassland,,360,,,,,,
GAZP5,site,gazp,5,1,USDA.subsubclass,3b1_cool semidesert scrub and grassland,,3b1_cool semidesert scrub and grassland,,361,,,,,,
GAZP5,site,gazp,5,1,USDA.subsubclass,3b1_cool semidesert scrub and grassland,,3b1_cool semidesert scrub and grassland,,362,,,,,,
GAZP5,site,gazp,5,1,USDA.subsubclass,3b1_cool semidesert scrub and grassland,,3b1_cool semidesert scrub and grassland,,363,,,,,,
GAZP5,site,gazp,5,1,USDA.subsubclass,3b1_cool semidesert scrub and grassland,,3b1_cool semidesert scrub and grassland,,364,,,,,,
GAZP5,site,gazp,5,1,USDA.subsubclass,3b1_cool semidesert scrub and grassland,,3b1_cool semidesert scrub and grassland,,365,,,,,,
GAZP5,site,gazp,5,1,USDA.subsubclass,3b1_cool semidesert scrub and grassland,,3b1_cool semidesert scrub and grassland,,366,,,,,,
GAZP5,site,gazp,5,1,USDA.subsubclass,3b1_cool semidesert scrub and grassland,,3b1_cool semidesert scrub and grassland,,367,,,,,,
GAZP5,site,gazp,5,1,USDA.subsubclass,3b1_cool semidesert scrub and grassland,,3b1_cool semidesert scrub and grassland,,368,,,,,,
GAZP5,site,gazp,5,1,USDA.subsubclass,3b1_cool semidesert scrub and grassland,,3b1_cool semidesert scrub and grassland,,369,,,,,,
GAZP5,site,gazp,5,1,landcover,sc2,,sc2,,177,,,,,,
GAZP5,site,gazp,5,1,landcover,sc2,,sc2,,178,,,,,,
GAZP5,site,gazp,5,1,landcover,sc2,,sc2,,179,,,,,,
GAZP5,site,gazp,5,1,landcover,sc2,,sc2,,180,,,,,,
GAZP5,site,gazp,5,1,landcover,sc2,,sc2,,181,,,,,,
GAZP5,site,gazp,5,1,landcover,sc2,,sc2,,182,,,,,,
GAZP5,site,gazp,5,1,landcover,sc2,,sc2,,183,,,,,,
GAZP5,site,gazp,5,1,landcover,sc2,,sc2,,184,,,,,,
GAZP5,site,gazp,5,1,landcover,sc2,,sc2,,185,,,,,,
GAZP5,site,gazp,5,1,landcover,sc2,,sc2,,186,,,,,,
GAZP5,site,gazp,5,1,landcover,sc2,,sc2,,187,,,,,,
GAZP5,site,gazp,5,1,landcover,sc2,,sc2,,188,,,,,,
GAZP5,site,gazp,5,1,landcover,sc2,,sc2,,189,,,,,,
GAZP5,site,gazp,5,1,landcover,sc2,,sc2,,190,,,,,,
GAZP5,site,gazp,5,1,landcover,sc2,,sc2,,191,,,,,,
GAZP5,site,gazp,5,1,landcover,sc2,,sc2,,192,,,,,,
GAZP5,site,gazp,5,1,landcover,sc2,,sc2,,193,,,,,,
GAZP5,site,gazp,5,1,landcover,sc2,,sc2,,194,,,,,,
GAZP5,site,gazp,5,1,landcover,sc2,,sc2,,195,,,,,,
GAZP5,site,gazp,5,1,landcover,sc2,,sc2,,196,,,,,,
GAZP5,site,gazp,5,1,landcover,sc2,,sc2,,197,,,,,,
GAZP5,site,gazp,5,1,landcover,sc2,,sc2,,198,,,,,,
GAZP5,site,gazp,5,1,landcover,sc2,,sc2,,199,,,,,,
GAZP5,site,gazp,5,1,landcover,sc2,,sc2,,200,,,,,,
GAZP5,site,gazp,5,1,landcover,sc2,,sc2,,201,,,,,,
GAZP5,site,gazp,5,1,landcover,sc2,,sc2,,202,,,,,,
GAZP5,site,gazp,5,1,landcover,sc2,,sc2,,203,,,,,,
GAZP5,site,gazp,5,1,landcover,sc2,,sc2,,204,,,,,,
GAZP5,site,gazp,5,1,landcover,sc2,,sc2,,205,,,,,,
GAZP5,site,gazp,5,1,landcover,sc2,,sc2,,206,,,,,,
GAZP5,site,gazp,5,1,landcover,sc2,,sc2,,207,,,,,,
GAZP5,site,gazp,5,1,landcover,sc2,,sc2,,208,,,,,,
GAZP5,site,gazp,5,1,landcover,sc2,,sc2,,209,,,,,,
GAZP5,site,gazp,5,1,landcover,sc2,,sc2,,210,,,,,,
GAZP5,site,gazp,5,1,landcover,sc2,,sc2,,211,,,,,,
GAZP5,site,gazp,5,1,landcover,sc2,,sc2,,212,,,,,,
GAZP5,site,gazp,5,1,landcover,sc2,,sc2,,213,,,,,,
GAZP5,site,gazp,5,1,landcover,sc2,,sc2,,214,,,,,,
GAZP5,site,gazp,5,1,landcover,sc2,,sc2,,215,,,,,,
GAZP5,site,gazp,5,1,landcover,sc2,,sc2,,216,,,,,,
GAZP5,site,gazp,5,1,landcover,sc2,,sc2,,217,,,,,,
GAZP5,site,gazp,5,1,landcover,sc2,,sc2,,218,,,,,,
GAZP5,site,gazp,5,1,landcover,sc2,,sc2,,219,,,,,,
GAZP5,site,gazp,5,1,landcover,sc2,,sc2,,220,,,,,,
GAZP5,site,gazp,5,1,landcover,sc2,,sc2,,221,,,,,,
GAZP5,site,gazp,5,1,landcover,sc2,,sc2,,222,,,,,,
GAZP5,site,gazp,5,1,landcover,sc2,,sc2,,223,,,,,,
GAZP5,site,gazp,5,1,landcover,sc2,,sc2,,224,,,,,,
GAZP5,site,gazp,5,1,landcover,sc2,,sc2,,225,,,,,,
GAZP5,site,gazp,5,1,landcover,sc2,,sc2,,226,,,,,,
GAZP5,site,gazp,5,1,landcover,sc2,,sc2,,227,,,,,,
GAZP5,site,gazp,5,1,landcover,sc2,,sc2,,228,,,,,,
GAZP5,site,gazp,5,1,landcover,sc2,,sc2,,229,,,,,,
GAZP5,site,gazp,5,1,landcover,sc2,,sc2,,230,,,,,,
GAZP5,site,gazp,5,1,landcover,sc2,,sc2,,231,,,,,,
GAZP5,site,gazp,5,1,landcover,sc2,,sc2,,232,,,,,,
GAZP5,site,gazp,5,1,landcover,sc2,,sc2,,233,,,,,,
GAZP5,site,gazp,5,1,landcover,sc2,,sc2,,234,,,,,,
GAZP5,site,gazp,5,1,landcover,sc2,,sc2,,235,,,,,,
GAZP5,site,gazp,5,1,landcover,sc2,,sc2,,236,,,,,,
GAZP5,site,gazp,5,1,landcover,sc2,,sc2,,237,,,,,,
GAZP5,site,gazp,5,1,landcover,sc2,,sc2,,238,,,,,,
GAZP5,site,gazp,5,1,landcover,sc2,,sc2,,239,,,,,,
GAZP5,site,gazp,5,1,landcover,sc2,,sc2,,240,,,,,,
GAZP5,site,gazp,5,1,landcover,sc2,,sc2,,241,,,,,,
GAZP5,site,gazp,5,1,landcover,sc2,,sc2,,242,,,,,,
GAZP5,site,gazp,5,1,landcover,sc2,,sc2,,243,,,,,,
GAZP5,site,gazp,5,1,landcover,sc2,,sc2,,244,,,,,,
GAZP5,site,gazp,5,1,landcover,sc2,,sc2,,245,,,,,,
GAZP5,site,gazp,5,1,landcover,sc2,,sc2,,246,,,,,,
GAZP5,site,gazp,5,1,landcover,sc2,,sc2,,247,,,,,,
GAZP5,site,gazp,5,1,landcover,sc2,,sc2,,248,,,,,,
GAZP5,site,gazp,5,1,landcover,sc2,,sc2,,249,,,,,,
GAZP5,site,gazp,5,1,landcover,sc2,,sc2,,250,,,,,,
GAZP5,site,gazp,5,1,landcover,sc2,,sc2,,251,,,,,,
GAZP5,site,gazp,5,1,landcover,sc2,,sc2,,252,,,,,,
GAZP5,site,gazp,5,1,landcover,sc2,,sc2,,253,,,,,,
GAZP5,site,gazp,5,1,landcover,sc2,,sc2,,254,,,,,,
GAZP5,site,gazp,5,1,landcover,sc2,,sc2,,255,,,,,,
GAZP5,site,gazp,5,1,landcover,sc2,,sc2,,256,,,,,,
GAZP5,site,gazp,5,1,landcover,sc2,,sc2,,257,,,,,,
GAZP5,site,gazp,5,1,landcover,sc2,,sc2,,258,,,,,,
GAZP5,site,gazp,5,1,landcover,sc2,,sc2,,259,,,,,,
GAZP5,site,gazp,5,1,landcover,sc2,,sc2,,260,,,,,,
GAZP5,site,gazp,5,1,landcover,sc2,,sc2,,261,,,,,,
GAZP5,site,gazp,5,1,landcover,sc2,,sc2,,262,,,,,,
GAZP5,site,gazp,5,1,landcover,sc2,,sc2,,263,,,,,,
GAZP5,site,gazp,5,1,landcover,sc2,,sc2,,264,,,,,,
GAZP5,site,gazp,5,1,landcover,sc2,,sc2,,265,,,,,,
GAZP5,site,gazp,5,1,landcover,sc2,,sc2,,266,,,,,,
GAZP5,site,gazp,5,1,landcover,sc2,,sc2,,267,,,,,,
GAZP5,site,gazp,5,1,landcover,sc2,,sc2,,268,,,,,,
GAZP5,site,gazp,5,1,landcover,sc2,,sc2,,269,,,,,,
GAZP5,site,gazp,5,1,landcover,sc2,,sc2,,270,,,,,,
GAZP5,site,gazp,5,1,landcover,sc2,,sc2,,271,,,,,,
GAZP5,site,gazp,5,1,landcover,sc2,,sc2,,272,,,,,,
GAZP5,site,gazp,5,1,landcover,sc2,,sc2,,273,,,,,,
GAZP5,site,gazp,5,1,landcover,sc2,,sc2,,274,,,,,,
GAZP5,site,gazp,5,1,landcover,sc2,,sc2,,275,,,,,,
GAZP5,site,gazp,5,1,landcover,sc2,,sc2,,276,,,,,,
GAZP5,site,gazp,5,1,landcover,sc2,,sc2,,277,,,,,,
GAZP5,site,gazp,5,1,landcover,sc2,,sc2,,278,,,,,,
GAZP5,site,gazp,5,1,landcover,sc2,,sc2,,279,,,,,,
GAZP5,site,gazp,5,1,landcover,sc2,,sc2,,280,,,,,,
GAZP5,site,gazp,5,1,landcover,sc2,,sc2,,281,,,,,,
GAZP5,site,gazp,5,1,landcover,sc2,,sc2,,282,,,,,,
GAZP5,site,gazp,5,1,landcover,sc2,,sc2,,283,,,,,,
GAZP5,site,gazp,5,1,landcover,sc2,,sc2,,284,,,,,,
GAZP5,site,gazp,5,1,landcover,sc2,,sc2,,285,,,,,,
GAZP5,site,gazp,5,1,landcover,sc2,,sc2,,286,,,,,,
GAZP5,site,gazp,5,1,landcover,sc2,,sc2,,287,,,,,,
GAZP5,site,gazp,5,1,landcover,sc2,,sc2,,288,,,,,,
GAZP5,site,gazp,5,1,landcover,sc2,,sc2,,289,,,,,,
GAZP5,site,gazp,5,1,landcover,sc2,,sc2,,290,,,,,,
GAZP5,site,gazp,5,1,landcover,sc2,,sc2,,291,,,,,,
GAZP5,site,gazp,5,1,landcover,sc2,,sc2,,292,,,,,,
GAZP5,site,gazp,5,1,landcover,sc2,,sc2,,293,,,,,,
GAZP5,site,gazp,5,1,landcover,sc2,,sc2,,294,,,,,,
GAZP5,site,gazp,5,1,landcover,sc2,,sc2,,295,,,,,,
GAZP5,site,gazp,5,1,landcover,sc2,,sc2,,296,,,,,,
GAZP5,site,gazp,5,1,landcover,sc2,,sc2,,297,,,,,,
GAZP5,site,gazp,5,1,landcover,sc2,,sc2,,298,,,,,,
GAZP5,site,gazp,5,1,landcover,sc2,,sc2,,299,,,,,,
GAZP5,site,gazp,5,1,landcover,sc2,,sc2,,300,,,,,,
GAZP5,site,gazp,5,1,landcover,sc2,,sc2,,301,,,,,,
GAZP5,site,gazp,5,1,landcover,sc2,,sc2,,302,,,,,,
GAZP5,site,gazp,5,1,landcover,sc2,,sc2,,303,,,,,,
GAZP5,site,gazp,5,1,landcover,sc2,,sc2,,304,,,,,,
GAZP5,site,gazp,5,1,landcover,sc2,,sc2,,305,,,,,,
GAZP5,site,gazp,5,1,landcover,sc2,,sc2,,306,,,,,,
GAZP5,site,gazp,5,1,landcover,sc2,,sc2,,307,,,,,,
GAZP5,site,gazp,5,1,landcover,sc2,,sc2,,308,,,,,,
GAZP5,site,gazp,5,1,landcover,sc2,,sc2,,309,,,,,,
GAZP5,site,gazp,5,1,landcover,sc2,,sc2,,310,,,,,,
GAZP5,site,gazp,5,1,landcover,sc2,,sc2,,311,,,,,,
GAZP5,site,gazp,5,1,landcover,sc2,,sc2,,312,,,,,,
GAZP5,site,gazp,5,1,landcover,sc2,,sc2,,313,,,,,,
GAZP5,site,gazp,5,1,landcover,sc2,,sc2,,314,,,,,,
GAZP5,site,gazp,5,1,landcover,sc2,,sc2,,315,,,,,,
GAZP5,site,gazp,5,1,landcover,sc2,,sc2,,316,,,,,,
GAZP5,site,gazp,5,1,landcover,sc2,,sc2,,317,,,,,,
GAZP5,site,gazp,5,1,landcover,sc2,,sc2,,318,,,,,,
GAZP5,site,gazp,5,1,landcover,sc2,,sc2,,319,,,,,,
GAZP5,site,gazp,5,1,landcover,sc2,,sc2,,320,,,,,,
GAZP5,site,gazp,5,1,landcover,sc2,,sc2,,321,,,,,,
GAZP5,site,gazp,5,1,landcover,sc2,,sc2,,322,,,,,,
GAZP5,site,gazp,5,1,landcover,sc2,,sc2,,323,,,,,,
GAZP5,site,gazp,5,1,landcover,sc2,,sc2,,324,,,,,,
GAZP5,site,gazp,5,1,landcover,sc2,,sc2,,325,,,,,,
GAZP5,site,gazp,5,1,landcover,sc2,,sc2,,326,,,,,,
GAZP5,site,gazp,5,1,landcover,sc2,,sc2,,327,,,,,,
GAZP5,site,gazp,5,1,landcover,sc2,,sc2,,328,,,,,,
GAZP5,site,gazp,5,1,landcover,sc2,,sc2,,329,,,,,,
GAZP5,site,gazp,5,1,landcover,sc2,,sc2,,330,,,,,,
GAZP5,site,gazp,5,1,landcover,sc2,,sc2,,331,,,,,,
GAZP5,site,gazp,5,1,landcover,sc2,,sc2,,332,,,,,,
GAZP5,site,gazp,5,1,landcover,sc2,,sc2,,333,,,,,,
GAZP5,site,gazp,5,1,landcover,sc2,,sc2,,334,,,,,,
GAZP5,site,gazp,5,1,landcover,sc2,,sc2,,335,,,,,,
GAZP5,site,gazp,5,1,landcover,sc2,,sc2,,336,,,,,,
GAZP5,site,gazp,5,1,landcover,sc2,,sc2,,337,,,,,,
GAZP5,site,gazp,5,1,landcover,sc2,,sc2,,338,,,,,,
GAZP5,site,gazp,5,1,landcover,sc2,,sc2,,339,,,,,,
GAZP5,site,gazp,5,1,landcover,sc2,,sc2,,340,,,,,,
GAZP5,site,gazp,5,1,landcover,sc2,,sc2,,341,,,,,,
GAZP5,site,gazp,5,1,landcover,sc2,,sc2,,342,,,,,,
GAZP5,site,gazp,5,1,landcover,sc2,,sc2,,343,,,,,,
GAZP5,site,gazp,5,1,landcover,sc2,,sc2,,344,,,,,,
GAZP5,site,gazp,5,1,landcover,sc2,,sc2,,345,,,,,,
GAZP5,site,gazp,5,1,landcover,sc2,,sc2,,346,,,,,,
GAZP5,site,gazp,5,1,landcover,sc2,,sc2,,347,,,,,,
GAZP5,site,gazp,5,1,landcover,sc2,,sc2,,348,,,,,,
GAZP5,site,gazp,5,1,landcover,sc2,,sc2,,349,,,,,,
GAZP5,site,gazp,5,1,landcover,sc2,,sc2,,350,,,,,,
GAZP5,site,gazp,5,1,landcover,sc2,,sc2,,351,,,,,,
GAZP5,site,gazp,5,1,landcover,sc2,,sc2,,352,,,,,,
GAZP5,site,gazp,5,1,landcover,sc2,,sc2,,353,,,,,,
GAZP5,site,gazp,5,1,landcover,sc2,,sc2,,354,,,,,,
GAZP5,site,gazp,5,1,landcover,sc2,,sc2,,355,,,,,,
GAZP5,site,gazp,5,1,landcover,sc2,,sc2,,356,,,,,,
GAZP5,site,gazp,5,1,landcover,sc2,,sc2,,357,,,,,,
GAZP5,site,gazp,5,1,landcover,sc2,,sc2,,358,,,,,,
GAZP5,site,gazp,5,1,landcover,sc2,,sc2,,359,,,,,,
GAZP5,site,gazp,5,1,landcover,sc2,,sc2,,360,,,,,,
GAZP5,site,gazp,5,1,landcover,sc2,,sc2,,361,,,,,,
GAZP5,site,gazp,5,1,landcover,sc2,,sc2,,362,,,,,,
GAZP5,site,gazp,5,1,landcover,sc2,,sc2,,363,,,,,,
GAZP5,site,gazp,5,1,landcover,sc2,,sc2,,364,,,,,,
GAZP5,site,gazp,5,1,landcover,sc2,,sc2,,365,,,,,,
GAZP5,site,gazp,5,1,landcover,sc2,,sc2,,366,,,,,,
GAZP5,site,gazp,5,1,landcover,sc2,,sc2,,367,,,,,,
GAZP5,site,gazp,5,1,landcover,sc2,,sc2,,368,,,,,,
GAZP5,site,gazp,5,1,landcover,sc2,,sc2,,369,,,,,,
GAZP5,site,gazp,5,1,elevation,1096,,1096,,177,,,,,,
GAZP5,site,gazp,5,1,elevation,1096,,1096,,178,,,,,,
GAZP5,site,gazp,5,1,elevation,1096,,1096,,179,,,,,,
GAZP5,site,gazp,5,1,elevation,1096,,1096,,180,,,,,,
GAZP5,site,gazp,5,1,elevation,1096,,1096,,181,,,,,,
GAZP5,site,gazp,5,1,elevation,1096,,1096,,182,,,,,,
GAZP5,site,gazp,5,1,elevation,1096,,1096,,183,,,,,,
GAZP5,site,gazp,5,1,elevation,1096,,1096,,184,,,,,,
GAZP5,site,gazp,5,1,elevation,1096,,1096,,185,,,,,,
GAZP5,site,gazp,5,1,elevation,1096,,1096,,186,,,,,,
GAZP5,site,gazp,5,1,elevation,1096,,1096,,187,,,,,,
GAZP5,site,gazp,5,1,elevation,1096,,1096,,188,,,,,,
GAZP5,site,gazp,5,1,elevation,1096,,1096,,189,,,,,,
GAZP5,site,gazp,5,1,elevation,1096,,1096,,190,,,,,,
GAZP5,site,gazp,5,1,elevation,1096,,1096,,191,,,,,,
GAZP5,site,gazp,5,1,elevation,1096,,1096,,192,,,,,,
GAZP5,site,gazp,5,1,elevation,1096,,1096,,193,,,,,,
GAZP5,site,gazp,5,1,elevation,1096,,1096,,194,,,,,,
GAZP5,site,gazp,5,1,elevation,1096,,1096,,195,,,,,,
GAZP5,site,gazp,5,1,elevation,1096,,1096,,196,,,,,,
GAZP5,site,gazp,5,1,elevation,1096,,1096,,197,,,,,,
GAZP5,site,gazp,5,1,elevation,1096,,1096,,198,,,,,,
GAZP5,site,gazp,5,1,elevation,1096,,1096,,199,,,,,,
GAZP5,site,gazp,5,1,elevation,1096,,1096,,200,,,,,,
GAZP5,site,gazp,5,1,elevation,1096,,1096,,201,,,,,,
GAZP5,site,gazp,5,1,elevation,1096,,1096,,202,,,,,,
GAZP5,site,gazp,5,1,elevation,1096,,1096,,203,,,,,,
GAZP5,site,gazp,5,1,elevation,1096,,1096,,204,,,,,,
GAZP5,site,gazp,5,1,elevation,1096,,1096,,205,,,,,,
GAZP5,site,gazp,5,1,elevation,1096,,1096,,206,,,,,,
GAZP5,site,gazp,5,1,elevation,1096,,1096,,207,,,,,,
GAZP5,site,gazp,5,1,elevation,1096,,1096,,208,,,,,,
GAZP5,site,gazp,5,1,elevation,1096,,1096,,209,,,,,,
GAZP5,site,gazp,5,1,elevation,1096,,1096,,210,,,,,,
GAZP5,site,gazp,5,1,elevation,1096,,1096,,211,,,,,,
GAZP5,site,gazp,5,1,elevation,1096,,1096,,212,,,,,,
GAZP5,site,gazp,5,1,elevation,1096,,1096,,213,,,,,,
GAZP5,site,gazp,5,1,elevation,1096,,1096,,214,,,,,,
GAZP5,site,gazp,5,1,elevation,1096,,1096,,215,,,,,,
GAZP5,site,gazp,5,1,elevation,1096,,1096,,216,,,,,,
GAZP5,site,gazp,5,1,elevation,1096,,1096,,217,,,,,,
GAZP5,site,gazp,5,1,elevation,1096,,1096,,218,,,,,,
GAZP5,site,gazp,5,1,elevation,1096,,1096,,219,,,,,,
GAZP5,site,gazp,5,1,elevation,1096,,1096,,220,,,,,,
GAZP5,site,gazp,5,1,elevation,1096,,1096,,221,,,,,,
GAZP5,site,gazp,5,1,elevation,1096,,1096,,222,,,,,,
GAZP5,site,gazp,5,1,elevation,1096,,1096,,223,,,,,,
GAZP5,site,gazp,5,1,elevation,1096,,1096,,224,,,,,,
GAZP5,site,gazp,5,1,elevation,1096,,1096,,225,,,,,,
GAZP5,site,gazp,5,1,elevation,1096,,1096,,226,,,,,,
GAZP5,site,gazp,5,1,elevation,1096,,1096,,227,,,,,,
GAZP5,site,gazp,5,1,elevation,1096,,1096,,228,,,,,,
GAZP5,site,gazp,5,1,elevation,1096,,1096,,229,,,,,,
GAZP5,site,gazp,5,1,elevation,1096,,1096,,230,,,,,,
GAZP5,site,gazp,5,1,elevation,1096,,1096,,231,,,,,,
GAZP5,site,gazp,5,1,elevation,1096,,1096,,232,,,,,,
GAZP5,site,gazp,5,1,elevation,1096,,1096,,233,,,,,,
GAZP5,site,gazp,5,1,elevation,1096,,1096,,234,,,,,,
GAZP5,site,gazp,5,1,elevation,1096,,1096,,235,,,,,,
GAZP5,site,gazp,5,1,elevation,1096,,1096,,236,,,,,,
GAZP5,site,gazp,5,1,elevation,1096,,1096,,237,,,,,,
GAZP5,site,gazp,5,1,elevation,1096,,1096,,238,,,,,,
GAZP5,site,gazp,5,1,elevation,1096,,1096,,239,,,,,,
GAZP5,site,gazp,5,1,elevation,1096,,1096,,240,,,,,,
GAZP5,site,gazp,5,1,elevation,1096,,1096,,241,,,,,,
GAZP5,site,gazp,5,1,elevation,1096,,1096,,242,,,,,,
GAZP5,site,gazp,5,1,elevation,1096,,1096,,243,,,,,,
GAZP5,site,gazp,5,1,elevation,1096,,1096,,244,,,,,,
GAZP5,site,gazp,5,1,elevation,1096,,1096,,245,,,,,,
GAZP5,site,gazp,5,1,elevation,1096,,1096,,246,,,,,,
GAZP5,site,gazp,5,1,elevation,1096,,1096,,247,,,,,,
GAZP5,site,gazp,5,1,elevation,1096,,1096,,248,,,,,,
GAZP5,site,gazp,5,1,elevation,1096,,1096,,249,,,,,,
GAZP5,site,gazp,5,1,elevation,1096,,1096,,250,,,,,,
GAZP5,site,gazp,5,1,elevation,1096,,1096,,251,,,,,,
GAZP5,site,gazp,5,1,elevation,1096,,1096,,252,,,,,,
GAZP5,site,gazp,5,1,elevation,1096,,1096,,253,,,,,,
GAZP5,site,gazp,5,1,elevation,1096,,1096,,254,,,,,,
GAZP5,site,gazp,5,1,elevation,1096,,1096,,255,,,,,,
GAZP5,site,gazp,5,1,elevation,1096,,1096,,256,,,,,,
GAZP5,site,gazp,5,1,elevation,1096,,1096,,257,,,,,,
GAZP5,site,gazp,5,1,elevation,1096,,1096,,258,,,,,,
GAZP5,site,gazp,5,1,elevation,1096,,1096,,259,,,,,,
GAZP5,site,gazp,5,1,elevation,1096,,1096,,260,,,,,,
GAZP5,site,gazp,5,1,elevation,1096,,1096,,261,,,,,,
GAZP5,site,gazp,5,1,elevation,1096,,1096,,262,,,,,,
GAZP5,site,gazp,5,1,elevation,1096,,1096,,263,,,,,,
GAZP5,site,gazp,5,1,elevation,1096,,1096,,264,,,,,,
GAZP5,site,gazp,5,1,elevation,1096,,1096,,265,,,,,,
GAZP5,site,gazp,5,1,elevation,1096,,1096,,266,,,,,,
GAZP5,site,gazp,5,1,elevation,1096,,1096,,267,,,,,,
GAZP5,site,gazp,5,1,elevation,1096,,1096,,268,,,,,,
GAZP5,site,gazp,5,1,elevation,1096,,1096,,269,,,,,,
GAZP5,site,gazp,5,1,elevation,1096,,1096,,270,,,,,,
GAZP5,site,gazp,5,1,elevation,1096,,1096,,271,,,,,,
GAZP5,site,gazp,5,1,elevation,1096,,1096,,272,,,,,,
GAZP5,site,gazp,5,1,elevation,1096,,1096,,273,,,,,,
GAZP5,site,gazp,5,1,elevation,1096,,1096,,274,,,,,,
GAZP5,site,gazp,5,1,elevation,1096,,1096,,275,,,,,,
GAZP5,site,gazp,5,1,elevation,1096,,1096,,276,,,,,,
GAZP5,site,gazp,5,1,elevation,1096,,1096,,277,,,,,,
GAZP5,site,gazp,5,1,elevation,1096,,1096,,278,,,,,,
GAZP5,site,gazp,5,1,elevation,1096,,1096,,279,,,,,,
GAZP5,site,gazp,5,1,elevation,1096,,1096,,280,,,,,,
GAZP5,site,gazp,5,1,elevation,1096,,1096,,281,,,,,,
GAZP5,site,gazp,5,1,elevation,1096,,1096,,282,,,,,,
GAZP5,site,gazp,5,1,elevation,1096,,1096,,283,,,,,,
GAZP5,site,gazp,5,1,elevation,1096,,1096,,284,,,,,,
GAZP5,site,gazp,5,1,elevation,1096,,1096,,285,,,,,,
GAZP5,site,gazp,5,1,elevation,1096,,1096,,286,,,,,,
GAZP5,site,gazp,5,1,elevation,1096,,1096,,287,,,,,,
GAZP5,site,gazp,5,1,elevation,1096,,1096,,288,,,,,,
GAZP5,site,gazp,5,1,elevation,1096,,1096,,289,,,,,,
GAZP5,site,gazp,5,1,elevation,1096,,1096,,290,,,,,,
GAZP5,site,gazp,5,1,elevation,1096,,1096,,291,,,,,,
GAZP5,site,gazp,5,1,elevation,1096,,1096,,292,,,,,,
GAZP5,site,gazp,5,1,elevation,1096,,1096,,293,,,,,,
GAZP5,site,gazp,5,1,elevation,1096,,1096,,294,,,,,,
GAZP5,site,gazp,5,1,elevation,1096,,1096,,295,,,,,,
GAZP5,site,gazp,5,1,elevation,1096,,1096,,296,,,,,,
GAZP5,site,gazp,5,1,elevation,1096,,1096,,297,,,,,,
GAZP5,site,gazp,5,1,elevation,1096,,1096,,298,,,,,,
GAZP5,site,gazp,5,1,elevation,1096,,1096,,299,,,,,,
GAZP5,site,gazp,5,1,elevation,1096,,1096,,300,,,,,,
GAZP5,site,gazp,5,1,elevation,1096,,1096,,301,,,,,,
GAZP5,site,gazp,5,1,elevation,1096,,1096,,302,,,,,,
GAZP5,site,gazp,5,1,elevation,1096,,1096,,303,,,,,,
GAZP5,site,gazp,5,1,elevation,1096,,1096,,304,,,,,,
GAZP5,site,gazp,5,1,elevation,1096,,1096,,305,,,,,,
GAZP5,site,gazp,5,1,elevation,1096,,1096,,306,,,,,,
GAZP5,site,gazp,5,1,elevation,1096,,1096,,307,,,,,,
GAZP5,site,gazp,5,1,elevation,1096,,1096,,308,,,,,,
GAZP5,site,gazp,5,1,elevation,1096,,1096,,309,,,,,,
GAZP5,site,gazp,5,1,elevation,1096,,1096,,310,,,,,,
GAZP5,site,gazp,5,1,elevation,1096,,1096,,311,,,,,,
GAZP5,site,gazp,5,1,elevation,1096,,1096,,312,,,,,,
GAZP5,site,gazp,5,1,elevation,1096,,1096,,313,,,,,,
GAZP5,site,gazp,5,1,elevation,1096,,1096,,314,,,,,,
GAZP5,site,gazp,5,1,elevation,1096,,1096,,315,,,,,,
GAZP5,site,gazp,5,1,elevation,1096,,1096,,316,,,,,,
GAZP5,site,gazp,5,1,elevation,1096,,1096,,317,,,,,,
GAZP5,site,gazp,5,1,elevation,1096,,1096,,318,,,,,,
GAZP5,site,gazp,5,1,elevation,1096,,1096,,319,,,,,,
GAZP5,site,gazp,5,1,elevation,1096,,1096,,320,,,,,,
GAZP5,site,gazp,5,1,elevation,1096,,1096,,321,,,,,,
GAZP5,site,gazp,5,1,elevation,1096,,1096,,322,,,,,,
GAZP5,site,gazp,5,1,elevation,1165,,1165,,323,,,,,,
GAZP5,site,gazp,5,1,elevation,1165,,1165,,324,,,,,,
GAZP5,site,gazp,5,1,elevation,1165,,1165,,325,,,,,,
GAZP5,site,gazp,5,1,elevation,1165,,1165,,326,,,,,,
GAZP5,site,gazp,5,1,elevation,1165,,1165,,327,,,,,,
GAZP5,site,gazp,5,1,elevation,1165,,1165,,328,,,,,,
GAZP5,site,gazp,5,1,elevation,1165,,1165,,329,,,,,,
GAZP5,site,gazp,5,1,elevation,1165,,1165,,330,,,,,,
GAZP5,site,gazp,5,1,elevation,1165,,1165,,331,,,,,,
GAZP5,site,gazp,5,1,elevation,1165,,1165,,332,,,,,,
GAZP5,site,gazp,5,1,elevation,1165,,1165,,333,,,,,,
GAZP5,site,gazp,5,1,elevation,1165,,1165,,334,,,,,,
GAZP5,site,gazp,5,1,elevation,1165,,1165,,335,,,,,,
GAZP5,site,gazp,5,1,elevation,1165,,1165,,336,,,,,,
GAZP5,site,gazp,5,1,elevation,1165,,1165,,337,,,,,,
GAZP5,site,gazp,5,1,elevation,1165,,1165,,338,,,,,,
GAZP5,site,gazp,5,1,elevation,1165,,1165,,339,,,,,,
GAZP5,site,gazp,5,1,elevation,1165,,1165,,340,,,,,,
GAZP5,site,gazp,5,1,elevation,1165,,1165,,341,,,,,,
GAZP5,site,gazp,5,1,elevation,1165,,1165,,342,,,,,,
GAZP5,site,gazp,5,1,elevation,1165,,1165,,343,,,,,,
GAZP5,site,gazp,5,1,elevation,1165,,1165,,344,,,,,,
GAZP5,site,gazp,5,1,elevation,1165,,1165,,345,,,,,,
GAZP5,site,gazp,5,1,elevation,1165,,1165,,346,,,,,,
GAZP5,site,gazp,5,1,elevation,1165,,1165,,347,,,,,,
GAZP5,site,gazp,5,1,elevation,1165,,1165,,348,,,,,,
GAZP5,site,gazp,5,1,elevation,1165,,1165,,349,,,,,,
GAZP5,site,gazp,5,1,elevation,1165,,1165,,350,,,,,,
GAZP5,site,gazp,5,1,elevation,1165,,1165,,351,,,,,,
GAZP5,site,gazp,5,1,elevation,1165,,1165,,352,,,,,,
GAZP5,site,gazp,5,1,elevation,1165,,1165,,353,,,,,,
GAZP5,site,gazp,5,1,elevation,1165,,1165,,354,,,,,,
GAZP5,site,gazp,5,1,elevation,1165,,1165,,355,,,,,,
GAZP5,site,gazp,5,1,elevation,1165,,1165,,356,,,,,,
GAZP5,site,gazp,5,1,elevation,1165,,1165,,357,,,,,,
GAZP5,site,gazp,5,1,elevation,1165,,1165,,358,,,,,,
GAZP5,site,gazp,5,1,elevation,1165,,1165,,359,,,,,,
GAZP5,site,gazp,5,1,elevation,1165,,1165,,360,,,,,,
GAZP5,site,gazp,5,1,elevation,1165,,1165,,361,,,,,,
GAZP5,site,gazp,5,1,elevation,1165,,1165,,362,,,,,,
GAZP5,site,gazp,5,1,elevation,1165,,1165,,363,,,,,,
GAZP5,site,gazp,5,1,elevation,1165,,1165,,364,,,,,,
GAZP5,site,gazp,5,1,elevation,1165,,1165,,365,,,,,,
GAZP5,site,gazp,5,1,elevation,1165,,1165,,366,,,,,,
GAZP5,site,gazp,5,1,elevation,1165,,1165,,367,,,,,,
GAZP5,site,gazp,5,1,elevation,1165,,1165,,368,,,,,,
GAZP5,site,gazp,5,1,elevation,1165,,1165,,369,,,,,,
GAZP5,site,gazp,5,1,aspect,2.92328878051315,,2.92328878051315,,177,,,,,,
GAZP5,site,gazp,5,1,aspect,2.92328878051315,,2.92328878051315,,178,,,,,,
GAZP5,site,gazp,5,1,aspect,2.92328878051315,,2.92328878051315,,179,,,,,,
GAZP5,site,gazp,5,1,aspect,2.92328878051315,,2.92328878051315,,180,,,,,,
GAZP5,site,gazp,5,1,aspect,2.92328878051315,,2.92328878051315,,181,,,,,,
GAZP5,site,gazp,5,1,aspect,2.92328878051315,,2.92328878051315,,182,,,,,,
GAZP5,site,gazp,5,1,aspect,2.92328878051315,,2.92328878051315,,183,,,,,,
GAZP5,site,gazp,5,1,aspect,2.92328878051315,,2.92328878051315,,184,,,,,,
GAZP5,site,gazp,5,1,aspect,2.92328878051315,,2.92328878051315,,185,,,,,,
GAZP5,site,gazp,5,1,aspect,2.92328878051315,,2.92328878051315,,186,,,,,,
GAZP5,site,gazp,5,1,aspect,2.92328878051315,,2.92328878051315,,187,,,,,,
GAZP5,site,gazp,5,1,aspect,2.92328878051315,,2.92328878051315,,188,,,,,,
GAZP5,site,gazp,5,1,aspect,2.92328878051315,,2.92328878051315,,189,,,,,,
GAZP5,site,gazp,5,1,aspect,2.92328878051315,,2.92328878051315,,190,,,,,,
GAZP5,site,gazp,5,1,aspect,2.92328878051315,,2.92328878051315,,191,,,,,,
GAZP5,site,gazp,5,1,aspect,2.92328878051315,,2.92328878051315,,192,,,,,,
GAZP5,site,gazp,5,1,aspect,2.92328878051315,,2.92328878051315,,193,,,,,,
GAZP5,site,gazp,5,1,aspect,2.92328878051315,,2.92328878051315,,194,,,,,,
GAZP5,site,gazp,5,1,aspect,2.92328878051315,,2.92328878051315,,195,,,,,,
GAZP5,site,gazp,5,1,aspect,2.92328878051315,,2.92328878051315,,196,,,,,,
GAZP5,site,gazp,5,1,aspect,2.92328878051315,,2.92328878051315,,197,,,,,,
GAZP5,site,gazp,5,1,aspect,2.92328878051315,,2.92328878051315,,198,,,,,,
GAZP5,site,gazp,5,1,aspect,2.92328878051315,,2.92328878051315,,199,,,,,,
GAZP5,site,gazp,5,1,aspect,2.92328878051315,,2.92328878051315,,200,,,,,,
GAZP5,site,gazp,5,1,aspect,2.92328878051315,,2.92328878051315,,201,,,,,,
GAZP5,site,gazp,5,1,aspect,2.92328878051315,,2.92328878051315,,202,,,,,,
GAZP5,site,gazp,5,1,aspect,2.92328878051315,,2.92328878051315,,203,,,,,,
GAZP5,site,gazp,5,1,aspect,2.92328878051315,,2.92328878051315,,204,,,,,,
GAZP5,site,gazp,5,1,aspect,2.92328878051315,,2.92328878051315,,205,,,,,,
GAZP5,site,gazp,5,1,aspect,2.92328878051315,,2.92328878051315,,206,,,,,,
GAZP5,site,gazp,5,1,aspect,2.92328878051315,,2.92328878051315,,207,,,,,,
GAZP5,site,gazp,5,1,aspect,2.92328878051315,,2.92328878051315,,208,,,,,,
GAZP5,site,gazp,5,1,aspect,2.92328878051315,,2.92328878051315,,209,,,,,,
GAZP5,site,gazp,5,1,aspect,2.92328878051315,,2.92328878051315,,210,,,,,,
GAZP5,site,gazp,5,1,aspect,2.92328878051315,,2.92328878051315,,211,,,,,,
GAZP5,site,gazp,5,1,aspect,2.92328878051315,,2.92328878051315,,212,,,,,,
GAZP5,site,gazp,5,1,aspect,2.92328878051315,,2.92328878051315,,213,,,,,,
GAZP5,site,gazp,5,1,aspect,2.92328878051315,,2.92328878051315,,214,,,,,,
GAZP5,site,gazp,5,1,aspect,2.92328878051315,,2.92328878051315,,215,,,,,,
GAZP5,site,gazp,5,1,aspect,2.92328878051315,,2.92328878051315,,216,,,,,,
GAZP5,site,gazp,5,1,aspect,2.92328878051315,,2.92328878051315,,217,,,,,,
GAZP5,site,gazp,5,1,aspect,2.92328878051315,,2.92328878051315,,218,,,,,,
GAZP5,site,gazp,5,1,aspect,2.92328878051315,,2.92328878051315,,219,,,,,,
GAZP5,site,gazp,5,1,aspect,2.92328878051315,,2.92328878051315,,220,,,,,,
GAZP5,site,gazp,5,1,aspect,2.92328878051315,,2.92328878051315,,221,,,,,,
GAZP5,site,gazp,5,1,aspect,2.92328878051315,,2.92328878051315,,222,,,,,,
GAZP5,site,gazp,5,1,aspect,2.92328878051315,,2.92328878051315,,223,,,,,,
GAZP5,site,gazp,5,1,aspect,2.92328878051315,,2.92328878051315,,224,,,,,,
GAZP5,site,gazp,5,1,aspect,2.92328878051315,,2.92328878051315,,225,,,,,,
GAZP5,site,gazp,5,1,aspect,2.92328878051315,,2.92328878051315,,226,,,,,,
GAZP5,site,gazp,5,1,aspect,2.92328878051315,,2.92328878051315,,227,,,,,,
GAZP5,site,gazp,5,1,aspect,2.92328878051315,,2.92328878051315,,228,,,,,,
GAZP5,site,gazp,5,1,aspect,2.92328878051315,,2.92328878051315,,229,,,,,,
GAZP5,site,gazp,5,1,aspect,2.92328878051315,,2.92328878051315,,230,,,,,,
GAZP5,site,gazp,5,1,aspect,2.92328878051315,,2.92328878051315,,231,,,,,,
GAZP5,site,gazp,5,1,aspect,2.92328878051315,,2.92328878051315,,232,,,,,,
GAZP5,site,gazp,5,1,aspect,2.92328878051315,,2.92328878051315,,233,,,,,,
GAZP5,site,gazp,5,1,aspect,2.92328878051315,,2.92328878051315,,234,,,,,,
GAZP5,site,gazp,5,1,aspect,2.92328878051315,,2.92328878051315,,235,,,,,,
GAZP5,site,gazp,5,1,aspect,2.92328878051315,,2.92328878051315,,236,,,,,,
GAZP5,site,gazp,5,1,aspect,2.92328878051315,,2.92328878051315,,237,,,,,,
GAZP5,site,gazp,5,1,aspect,2.92328878051315,,2.92328878051315,,238,,,,,,
GAZP5,site,gazp,5,1,aspect,2.92328878051315,,2.92328878051315,,239,,,,,,
GAZP5,site,gazp,5,1,aspect,2.92328878051315,,2.92328878051315,,240,,,,,,
GAZP5,site,gazp,5,1,aspect,2.92328878051315,,2.92328878051315,,241,,,,,,
GAZP5,site,gazp,5,1,aspect,2.92328878051315,,2.92328878051315,,242,,,,,,
GAZP5,site,gazp,5,1,aspect,2.92328878051315,,2.92328878051315,,243,,,,,,
GAZP5,site,gazp,5,1,aspect,2.92328878051315,,2.92328878051315,,244,,,,,,
GAZP5,site,gazp,5,1,aspect,2.92328878051315,,2.92328878051315,,245,,,,,,
GAZP5,site,gazp,5,1,aspect,2.92328878051315,,2.92328878051315,,246,,,,,,
GAZP5,site,gazp,5,1,aspect,2.92328878051315,,2.92328878051315,,247,,,,,,
GAZP5,site,gazp,5,1,aspect,2.92328878051315,,2.92328878051315,,248,,,,,,
GAZP5,site,gazp,5,1,aspect,2.92328878051315,,2.92328878051315,,249,,,,,,
GAZP5,site,gazp,5,1,aspect,2.92328878051315,,2.92328878051315,,250,,,,,,
GAZP5,site,gazp,5,1,aspect,2.92328878051315,,2.92328878051315,,251,,,,,,
GAZP5,site,gazp,5,1,aspect,2.92328878051315,,2.92328878051315,,252,,,,,,
GAZP5,site,gazp,5,1,aspect,2.92328878051315,,2.92328878051315,,253,,,,,,
GAZP5,site,gazp,5,1,aspect,2.92328878051315,,2.92328878051315,,254,,,,,,
GAZP5,site,gazp,5,1,aspect,2.92328878051315,,2.92328878051315,,255,,,,,,
GAZP5,site,gazp,5,1,aspect,2.92328878051315,,2.92328878051315,,256,,,,,,
GAZP5,site,gazp,5,1,aspect,2.92328878051315,,2.92328878051315,,257,,,,,,
GAZP5,site,gazp,5,1,aspect,2.92328878051315,,2.92328878051315,,258,,,,,,
GAZP5,site,gazp,5,1,aspect,2.92328878051315,,2.92328878051315,,259,,,,,,
GAZP5,site,gazp,5,1,aspect,2.92328878051315,,2.92328878051315,,260,,,,,,
GAZP5,site,gazp,5,1,aspect,2.92328878051315,,2.92328878051315,,261,,,,,,
GAZP5,site,gazp,5,1,aspect,2.92328878051315,,2.92328878051315,,262,,,,,,
GAZP5,site,gazp,5,1,aspect,2.92328878051315,,2.92328878051315,,263,,,,,,
GAZP5,site,gazp,5,1,aspect,2.92328878051315,,2.92328878051315,,264,,,,,,
GAZP5,site,gazp,5,1,aspect,2.92328878051315,,2.92328878051315,,265,,,,,,
GAZP5,site,gazp,5,1,aspect,2.92328878051315,,2.92328878051315,,266,,,,,,
GAZP5,site,gazp,5,1,aspect,2.92328878051315,,2.92328878051315,,267,,,,,,
GAZP5,site,gazp,5,1,aspect,2.92328878051315,,2.92328878051315,,268,,,,,,
GAZP5,site,gazp,5,1,aspect,2.92328878051315,,2.92328878051315,,269,,,,,,
GAZP5,site,gazp,5,1,aspect,2.92328878051315,,2.92328878051315,,270,,,,,,
GAZP5,site,gazp,5,1,aspect,2.92328878051315,,2.92328878051315,,271,,,,,,
GAZP5,site,gazp,5,1,aspect,2.92328878051315,,2.92328878051315,,272,,,,,,
GAZP5,site,gazp,5,1,aspect,2.92328878051315,,2.92328878051315,,273,,,,,,
GAZP5,site,gazp,5,1,aspect,2.92328878051315,,2.92328878051315,,274,,,,,,
GAZP5,site,gazp,5,1,aspect,2.92328878051315,,2.92328878051315,,275,,,,,,
GAZP5,site,gazp,5,1,aspect,2.92328878051315,,2.92328878051315,,276,,,,,,
GAZP5,site,gazp,5,1,aspect,2.92328878051315,,2.92328878051315,,277,,,,,,
GAZP5,site,gazp,5,1,aspect,2.92328878051315,,2.92328878051315,,278,,,,,,
GAZP5,site,gazp,5,1,aspect,2.92328878051315,,2.92328878051315,,279,,,,,,
GAZP5,site,gazp,5,1,aspect,2.92328878051315,,2.92328878051315,,280,,,,,,
GAZP5,site,gazp,5,1,aspect,2.92328878051315,,2.92328878051315,,281,,,,,,
GAZP5,site,gazp,5,1,aspect,2.92328878051315,,2.92328878051315,,282,,,,,,
GAZP5,site,gazp,5,1,aspect,2.92328878051315,,2.92328878051315,,283,,,,,,
GAZP5,site,gazp,5,1,aspect,2.92328878051315,,2.92328878051315,,284,,,,,,
GAZP5,site,gazp,5,1,aspect,2.92328878051315,,2.92328878051315,,285,,,,,,
GAZP5,site,gazp,5,1,aspect,2.92328878051315,,2.92328878051315,,286,,,,,,
GAZP5,site,gazp,5,1,aspect,2.92328878051315,,2.92328878051315,,287,,,,,,
GAZP5,site,gazp,5,1,aspect,2.92328878051315,,2.92328878051315,,288,,,,,,
GAZP5,site,gazp,5,1,aspect,2.92328878051315,,2.92328878051315,,289,,,,,,
GAZP5,site,gazp,5,1,aspect,2.92328878051315,,2.92328878051315,,290,,,,,,
GAZP5,site,gazp,5,1,aspect,2.92328878051315,,2.92328878051315,,291,,,,,,
GAZP5,site,gazp,5,1,aspect,2.92328878051315,,2.92328878051315,,292,,,,,,
GAZP5,site,gazp,5,1,aspect,2.92328878051315,,2.92328878051315,,293,,,,,,
GAZP5,site,gazp,5,1,aspect,2.92328878051315,,2.92328878051315,,294,,,,,,
GAZP5,site,gazp,5,1,aspect,2.92328878051315,,2.92328878051315,,295,,,,,,
GAZP5,site,gazp,5,1,aspect,2.92328878051315,,2.92328878051315,,296,,,,,,
GAZP5,site,gazp,5,1,aspect,2.92328878051315,,2.92328878051315,,297,,,,,,
GAZP5,site,gazp,5,1,aspect,2.92328878051315,,2.92328878051315,,298,,,,,,
GAZP5,site,gazp,5,1,aspect,2.92328878051315,,2.92328878051315,,299,,,,,,
GAZP5,site,gazp,5,1,aspect,2.92328878051315,,2.92328878051315,,300,,,,,,
GAZP5,site,gazp,5,1,aspect,2.92328878051315,,2.92328878051315,,301,,,,,,
GAZP5,site,gazp,5,1,aspect,2.92328878051315,,2.92328878051315,,302,,,,,,
GAZP5,site,gazp,5,1,aspect,2.92328878051315,,2.92328878051315,,303,,,,,,
GAZP5,site,gazp,5,1,aspect,2.92328878051315,,2.92328878051315,,304,,,,,,
GAZP5,site,gazp,5,1,aspect,2.92328878051315,,2.92328878051315,,305,,,,,,
GAZP5,site,gazp,5,1,aspect,2.92328878051315,,2.92328878051315,,306,,,,,,
GAZP5,site,gazp,5,1,aspect,2.92328878051315,,2.92328878051315,,307,,,,,,
GAZP5,site,gazp,5,1,aspect,2.92328878051315,,2.92328878051315,,308,,,,,,
GAZP5,site,gazp,5,1,aspect,2.92328878051315,,2.92328878051315,,309,,,,,,
GAZP5,site,gazp,5,1,aspect,2.92328878051315,,2.92328878051315,,310,,,,,,
GAZP5,site,gazp,5,1,aspect,2.92328878051315,,2.92328878051315,,311,,,,,,
GAZP5,site,gazp,5,1,aspect,2.92328878051315,,2.92328878051315,,312,,,,,,
GAZP5,site,gazp,5,1,aspect,2.92328878051315,,2.92328878051315,,313,,,,,,
GAZP5,site,gazp,5,1,aspect,2.92328878051315,,2.92328878051315,,314,,,,,,
GAZP5,site,gazp,5,1,aspect,2.92328878051315,,2.92328878051315,,315,,,,,,
GAZP5,site,gazp,5,1,aspect,2.92328878051315,,2.92328878051315,,316,,,,,,
GAZP5,site,gazp,5,1,aspect,2.92328878051315,,2.92328878051315,,317,,,,,,
GAZP5,site,gazp,5,1,aspect,2.92328878051315,,2.92328878051315,,318,,,,,,
GAZP5,site,gazp,5,1,aspect,2.92328878051315,,2.92328878051315,,319,,,,,,
GAZP5,site,gazp,5,1,aspect,2.92328878051315,,2.92328878051315,,320,,,,,,
GAZP5,site,gazp,5,1,aspect,2.92328878051315,,2.92328878051315,,321,,,,,,
GAZP5,site,gazp,5,1,aspect,2.92328878051315,,2.92328878051315,,322,,,,,,
GAZP5,site,gazp,5,1,aspect,3.26889634463319,,3.26889634463319,,323,,,,,,
GAZP5,site,gazp,5,1,aspect,3.26889634463319,,3.26889634463319,,324,,,,,,
GAZP5,site,gazp,5,1,aspect,3.26889634463319,,3.26889634463319,,325,,,,,,
GAZP5,site,gazp,5,1,aspect,3.26889634463319,,3.26889634463319,,326,,,,,,
GAZP5,site,gazp,5,1,aspect,3.26889634463319,,3.26889634463319,,327,,,,,,
GAZP5,site,gazp,5,1,aspect,3.26889634463319,,3.26889634463319,,328,,,,,,
GAZP5,site,gazp,5,1,aspect,3.26889634463319,,3.26889634463319,,329,,,,,,
GAZP5,site,gazp,5,1,aspect,3.26889634463319,,3.26889634463319,,330,,,,,,
GAZP5,site,gazp,5,1,aspect,3.26889634463319,,3.26889634463319,,331,,,,,,
GAZP5,site,gazp,5,1,aspect,3.26889634463319,,3.26889634463319,,332,,,,,,
GAZP5,site,gazp,5,1,aspect,3.26889634463319,,3.26889634463319,,333,,,,,,
GAZP5,site,gazp,5,1,aspect,3.26889634463319,,3.26889634463319,,334,,,,,,
GAZP5,site,gazp,5,1,aspect,3.26889634463319,,3.26889634463319,,335,,,,,,
GAZP5,site,gazp,5,1,aspect,3.26889634463319,,3.26889634463319,,336,,,,,,
GAZP5,site,gazp,5,1,aspect,3.26889634463319,,3.26889634463319,,337,,,,,,
GAZP5,site,gazp,5,1,aspect,3.26889634463319,,3.26889634463319,,338,,,,,,
GAZP5,site,gazp,5,1,aspect,3.26889634463319,,3.26889634463319,,339,,,,,,
GAZP5,site,gazp,5,1,aspect,3.26889634463319,,3.26889634463319,,340,,,,,,
GAZP5,site,gazp,5,1,aspect,3.26889634463319,,3.26889634463319,,341,,,,,,
GAZP5,site,gazp,5,1,aspect,3.26889634463319,,3.26889634463319,,342,,,,,,
GAZP5,site,gazp,5,1,aspect,3.26889634463319,,3.26889634463319,,343,,,,,,
GAZP5,site,gazp,5,1,aspect,3.26889634463319,,3.26889634463319,,344,,,,,,
GAZP5,site,gazp,5,1,aspect,3.26889634463319,,3.26889634463319,,345,,,,,,
GAZP5,site,gazp,5,1,aspect,3.26889634463319,,3.26889634463319,,346,,,,,,
GAZP5,site,gazp,5,1,aspect,3.26889634463319,,3.26889634463319,,347,,,,,,
GAZP5,site,gazp,5,1,aspect,3.26889634463319,,3.26889634463319,,348,,,,,,
GAZP5,site,gazp,5,1,aspect,3.26889634463319,,3.26889634463319,,349,,,,,,
GAZP5,site,gazp,5,1,aspect,3.26889634463319,,3.26889634463319,,350,,,,,,
GAZP5,site,gazp,5,1,aspect,3.26889634463319,,3.26889634463319,,351,,,,,,
GAZP5,site,gazp,5,1,aspect,3.26889634463319,,3.26889634463319,,352,,,,,,
GAZP5,site,gazp,5,1,aspect,3.26889634463319,,3.26889634463319,,353,,,,,,
GAZP5,site,gazp,5,1,aspect,3.26889634463319,,3.26889634463319,,354,,,,,,
GAZP5,site,gazp,5,1,aspect,3.26889634463319,,3.26889634463319,,355,,,,,,
GAZP5,site,gazp,5,1,aspect,3.26889634463319,,3.26889634463319,,356,,,,,,
GAZP5,site,gazp,5,1,aspect,3.26889634463319,,3.26889634463319,,357,,,,,,
GAZP5,site,gazp,5,1,aspect,3.26889634463319,,3.26889634463319,,358,,,,,,
GAZP5,site,gazp,5,1,aspect,3.26889634463319,,3.26889634463319,,359,,,,,,
GAZP5,site,gazp,5,1,aspect,3.26889634463319,,3.26889634463319,,360,,,,,,
GAZP5,site,gazp,5,1,aspect,3.26889634463319,,3.26889634463319,,361,,,,,,
GAZP5,site,gazp,5,1,aspect,3.26889634463319,,3.26889634463319,,362,,,,,,
GAZP5,site,gazp,5,1,aspect,3.26889634463319,,3.26889634463319,,363,,,,,,
GAZP5,site,gazp,5,1,aspect,3.26889634463319,,3.26889634463319,,364,,,,,,
GAZP5,site,gazp,5,1,aspect,3.26889634463319,,3.26889634463319,,365,,,,,,
GAZP5,site,gazp,5,1,aspect,3.26889634463319,,3.26889634463319,,366,,,,,,
GAZP5,site,gazp,5,1,aspect,3.26889634463319,,3.26889634463319,,367,,,,,,
GAZP5,site,gazp,5,1,aspect,3.26889634463319,,3.26889634463319,,368,,,,,,
GAZP5,site,gazp,5,1,aspect,3.26889634463319,,3.26889634463319,,369,,,,,,
GAZP5,site,gazp,5,1,slope,0.0527532685901894,,0.0527532685901894,,177,,,,,,
GAZP5,site,gazp,5,1,slope,0.0527532685901894,,0.0527532685901894,,178,,,,,,
GAZP5,site,gazp,5,1,slope,0.0527532685901894,,0.0527532685901894,,179,,,,,,
GAZP5,site,gazp,5,1,slope,0.0527532685901894,,0.0527532685901894,,180,,,,,,
GAZP5,site,gazp,5,1,slope,0.0527532685901894,,0.0527532685901894,,181,,,,,,
GAZP5,site,gazp,5,1,slope,0.0527532685901894,,0.0527532685901894,,182,,,,,,
GAZP5,site,gazp,5,1,slope,0.0527532685901894,,0.0527532685901894,,183,,,,,,
GAZP5,site,gazp,5,1,slope,0.0527532685901894,,0.0527532685901894,,184,,,,,,
GAZP5,site,gazp,5,1,slope,0.0527532685901894,,0.0527532685901894,,185,,,,,,
GAZP5,site,gazp,5,1,slope,0.0527532685901894,,0.0527532685901894,,186,,,,,,
GAZP5,site,gazp,5,1,slope,0.0527532685901894,,0.0527532685901894,,187,,,,,,
GAZP5,site,gazp,5,1,slope,0.0527532685901894,,0.0527532685901894,,188,,,,,,
GAZP5,site,gazp,5,1,slope,0.0527532685901894,,0.0527532685901894,,189,,,,,,
GAZP5,site,gazp,5,1,slope,0.0527532685901894,,0.0527532685901894,,190,,,,,,
GAZP5,site,gazp,5,1,slope,0.0527532685901894,,0.0527532685901894,,191,,,,,,
GAZP5,site,gazp,5,1,slope,0.0527532685901894,,0.0527532685901894,,192,,,,,,
GAZP5,site,gazp,5,1,slope,0.0527532685901894,,0.0527532685901894,,193,,,,,,
GAZP5,site,gazp,5,1,slope,0.0527532685901894,,0.0527532685901894,,194,,,,,,
GAZP5,site,gazp,5,1,slope,0.0527532685901894,,0.0527532685901894,,195,,,,,,
GAZP5,site,gazp,5,1,slope,0.0527532685901894,,0.0527532685901894,,196,,,,,,
GAZP5,site,gazp,5,1,slope,0.0527532685901894,,0.0527532685901894,,197,,,,,,
GAZP5,site,gazp,5,1,slope,0.0527532685901894,,0.0527532685901894,,198,,,,,,
GAZP5,site,gazp,5,1,slope,0.0527532685901894,,0.0527532685901894,,199,,,,,,
GAZP5,site,gazp,5,1,slope,0.0527532685901894,,0.0527532685901894,,200,,,,,,
GAZP5,site,gazp,5,1,slope,0.0527532685901894,,0.0527532685901894,,201,,,,,,
GAZP5,site,gazp,5,1,slope,0.0527532685901894,,0.0527532685901894,,202,,,,,,
GAZP5,site,gazp,5,1,slope,0.0527532685901894,,0.0527532685901894,,203,,,,,,
GAZP5,site,gazp,5,1,slope,0.0527532685901894,,0.0527532685901894,,204,,,,,,
GAZP5,site,gazp,5,1,slope,0.0527532685901894,,0.0527532685901894,,205,,,,,,
GAZP5,site,gazp,5,1,slope,0.0527532685901894,,0.0527532685901894,,206,,,,,,
GAZP5,site,gazp,5,1,slope,0.0527532685901894,,0.0527532685901894,,207,,,,,,
GAZP5,site,gazp,5,1,slope,0.0527532685901894,,0.0527532685901894,,208,,,,,,
GAZP5,site,gazp,5,1,slope,0.0527532685901894,,0.0527532685901894,,209,,,,,,
GAZP5,site,gazp,5,1,slope,0.0527532685901894,,0.0527532685901894,,210,,,,,,
GAZP5,site,gazp,5,1,slope,0.0527532685901894,,0.0527532685901894,,211,,,,,,
GAZP5,site,gazp,5,1,slope,0.0527532685901894,,0.0527532685901894,,212,,,,,,
GAZP5,site,gazp,5,1,slope,0.0527532685901894,,0.0527532685901894,,213,,,,,,
GAZP5,site,gazp,5,1,slope,0.0527532685901894,,0.0527532685901894,,214,,,,,,
GAZP5,site,gazp,5,1,slope,0.0527532685901894,,0.0527532685901894,,215,,,,,,
GAZP5,site,gazp,5,1,slope,0.0527532685901894,,0.0527532685901894,,216,,,,,,
GAZP5,site,gazp,5,1,slope,0.0527532685901894,,0.0527532685901894,,217,,,,,,
GAZP5,site,gazp,5,1,slope,0.0527532685901894,,0.0527532685901894,,218,,,,,,
GAZP5,site,gazp,5,1,slope,0.0527532685901894,,0.0527532685901894,,219,,,,,,
GAZP5,site,gazp,5,1,slope,0.0527532685901894,,0.0527532685901894,,220,,,,,,
GAZP5,site,gazp,5,1,slope,0.0527532685901894,,0.0527532685901894,,221,,,,,,
GAZP5,site,gazp,5,1,slope,0.0527532685901894,,0.0527532685901894,,222,,,,,,
GAZP5,site,gazp,5,1,slope,0.0527532685901894,,0.0527532685901894,,223,,,,,,
GAZP5,site,gazp,5,1,slope,0.0527532685901894,,0.0527532685901894,,224,,,,,,
GAZP5,site,gazp,5,1,slope,0.0527532685901894,,0.0527532685901894,,225,,,,,,
GAZP5,site,gazp,5,1,slope,0.0527532685901894,,0.0527532685901894,,226,,,,,,
GAZP5,site,gazp,5,1,slope,0.0527532685901894,,0.0527532685901894,,227,,,,,,
GAZP5,site,gazp,5,1,slope,0.0527532685901894,,0.0527532685901894,,228,,,,,,
GAZP5,site,gazp,5,1,slope,0.0527532685901894,,0.0527532685901894,,229,,,,,,
GAZP5,site,gazp,5,1,slope,0.0527532685901894,,0.0527532685901894,,230,,,,,,
GAZP5,site,gazp,5,1,slope,0.0527532685901894,,0.0527532685901894,,231,,,,,,
GAZP5,site,gazp,5,1,slope,0.0527532685901894,,0.0527532685901894,,232,,,,,,
GAZP5,site,gazp,5,1,slope,0.0527532685901894,,0.0527532685901894,,233,,,,,,
GAZP5,site,gazp,5,1,slope,0.0527532685901894,,0.0527532685901894,,234,,,,,,
GAZP5,site,gazp,5,1,slope,0.0527532685901894,,0.0527532685901894,,235,,,,,,
GAZP5,site,gazp,5,1,slope,0.0527532685901894,,0.0527532685901894,,236,,,,,,
GAZP5,site,gazp,5,1,slope,0.0527532685901894,,0.0527532685901894,,237,,,,,,
GAZP5,site,gazp,5,1,slope,0.0527532685901894,,0.0527532685901894,,238,,,,,,
GAZP5,site,gazp,5,1,slope,0.0527532685901894,,0.0527532685901894,,239,,,,,,
GAZP5,site,gazp,5,1,slope,0.0527532685901894,,0.0527532685901894,,240,,,,,,
GAZP5,site,gazp,5,1,slope,0.0527532685901894,,0.0527532685901894,,241,,,,,,
GAZP5,site,gazp,5,1,slope,0.0527532685901894,,0.0527532685901894,,242,,,,,,
GAZP5,site,gazp,5,1,slope,0.0527532685901894,,0.0527532685901894,,243,,,,,,
GAZP5,site,gazp,5,1,slope,0.0527532685901894,,0.0527532685901894,,244,,,,,,
GAZP5,site,gazp,5,1,slope,0.0527532685901894,,0.0527532685901894,,245,,,,,,
GAZP5,site,gazp,5,1,slope,0.0527532685901894,,0.0527532685901894,,246,,,,,,
GAZP5,site,gazp,5,1,slope,0.0527532685901894,,0.0527532685901894,,247,,,,,,
GAZP5,site,gazp,5,1,slope,0.0527532685901894,,0.0527532685901894,,248,,,,,,
GAZP5,site,gazp,5,1,slope,0.0527532685901894,,0.0527532685901894,,249,,,,,,
GAZP5,site,gazp,5,1,slope,0.0527532685901894,,0.0527532685901894,,250,,,,,,
GAZP5,site,gazp,5,1,slope,0.0527532685901894,,0.0527532685901894,,251,,,,,,
GAZP5,site,gazp,5,1,slope,0.0527532685901894,,0.0527532685901894,,252,,,,,,
GAZP5,site,gazp,5,1,slope,0.0527532685901894,,0.0527532685901894,,253,,,,,,
GAZP5,site,gazp,5,1,slope,0.0527532685901894,,0.0527532685901894,,254,,,,,,
GAZP5,site,gazp,5,1,slope,0.0527532685901894,,0.0527532685901894,,255,,,,,,
GAZP5,site,gazp,5,1,slope,0.0527532685901894,,0.0527532685901894,,256,,,,,,
GAZP5,site,gazp,5,1,slope,0.0527532685901894,,0.0527532685901894,,257,,,,,,
GAZP5,site,gazp,5,1,slope,0.0527532685901894,,0.0527532685901894,,258,,,,,,
GAZP5,site,gazp,5,1,slope,0.0527532685901894,,0.0527532685901894,,259,,,,,,
GAZP5,site,gazp,5,1,slope,0.0527532685901894,,0.0527532685901894,,260,,,,,,
GAZP5,site,gazp,5,1,slope,0.0527532685901894,,0.0527532685901894,,261,,,,,,
GAZP5,site,gazp,5,1,slope,0.0527532685901894,,0.0527532685901894,,262,,,,,,
GAZP5,site,gazp,5,1,slope,0.0527532685901894,,0.0527532685901894,,263,,,,,,
GAZP5,site,gazp,5,1,slope,0.0527532685901894,,0.0527532685901894,,264,,,,,,
GAZP5,site,gazp,5,1,slope,0.0527532685901894,,0.0527532685901894,,265,,,,,,
GAZP5,site,gazp,5,1,slope,0.0527532685901894,,0.0527532685901894,,266,,,,,,
GAZP5,site,gazp,5,1,slope,0.0527532685901894,,0.0527532685901894,,267,,,,,,
GAZP5,site,gazp,5,1,slope,0.0527532685901894,,0.0527532685901894,,268,,,,,,
GAZP5,site,gazp,5,1,slope,0.0527532685901894,,0.0527532685901894,,269,,,,,,
GAZP5,site,gazp,5,1,slope,0.0527532685901894,,0.0527532685901894,,270,,,,,,
GAZP5,site,gazp,5,1,slope,0.0527532685901894,,0.0527532685901894,,271,,,,,,
GAZP5,site,gazp,5,1,slope,0.0527532685901894,,0.0527532685901894,,272,,,,,,
GAZP5,site,gazp,5,1,slope,0.0527532685901894,,0.0527532685901894,,273,,,,,,
GAZP5,site,gazp,5,1,slope,0.0527532685901894,,0.0527532685901894,,274,,,,,,
GAZP5,site,gazp,5,1,slope,0.0527532685901894,,0.0527532685901894,,275,,,,,,
GAZP5,site,gazp,5,1,slope,0.0527532685901894,,0.0527532685901894,,276,,,,,,
GAZP5,site,gazp,5,1,slope,0.0527532685901894,,0.0527532685901894,,277,,,,,,
GAZP5,site,gazp,5,1,slope,0.0527532685901894,,0.0527532685901894,,278,,,,,,
GAZP5,site,gazp,5,1,slope,0.0527532685901894,,0.0527532685901894,,279,,,,,,
GAZP5,site,gazp,5,1,slope,0.0527532685901894,,0.0527532685901894,,280,,,,,,
GAZP5,site,gazp,5,1,slope,0.0527532685901894,,0.0527532685901894,,281,,,,,,
GAZP5,site,gazp,5,1,slope,0.0527532685901894,,0.0527532685901894,,282,,,,,,
GAZP5,site,gazp,5,1,slope,0.0527532685901894,,0.0527532685901894,,283,,,,,,
GAZP5,site,gazp,5,1,slope,0.0527532685901894,,0.0527532685901894,,284,,,,,,
GAZP5,site,gazp,5,1,slope,0.0527532685901894,,0.0527532685901894,,285,,,,,,
GAZP5,site,gazp,5,1,slope,0.0527532685901894,,0.0527532685901894,,286,,,,,,
GAZP5,site,gazp,5,1,slope,0.0527532685901894,,0.0527532685901894,,287,,,,,,
GAZP5,site,gazp,5,1,slope,0.0527532685901894,,0.0527532685901894,,288,,,,,,
GAZP5,site,gazp,5,1,slope,0.0527532685901894,,0.0527532685901894,,289,,,,,,
GAZP5,site,gazp,5,1,slope,0.0527532685901894,,0.0527532685901894,,290,,,,,,
GAZP5,site,gazp,5,1,slope,0.0527532685901894,,0.0527532685901894,,291,,,,,,
GAZP5,site,gazp,5,1,slope,0.0527532685901894,,0.0527532685901894,,292,,,,,,
GAZP5,site,gazp,5,1,slope,0.0527532685901894,,0.0527532685901894,,293,,,,,,
GAZP5,site,gazp,5,1,slope,0.0527532685901894,,0.0527532685901894,,294,,,,,,
GAZP5,site,gazp,5,1,slope,0.0527532685901894,,0.0527532685901894,,295,,,,,,
GAZP5,site,gazp,5,1,slope,0.0527532685901894,,0.0527532685901894,,296,,,,,,
GAZP5,site,gazp,5,1,slope,0.0527532685901894,,0.0527532685901894,,297,,,,,,
GAZP5,site,gazp,5,1,slope,0.0527532685901894,,0.0527532685901894,,298,,,,,,
GAZP5,site,gazp,5,1,slope,0.0527532685901894,,0.0527532685901894,,299,,,,,,
GAZP5,site,gazp,5,1,slope,0.0527532685901894,,0.0527532685901894,,300,,,,,,
GAZP5,site,gazp,5,1,slope,0.0527532685901894,,0.0527532685901894,,301,,,,,,
GAZP5,site,gazp,5,1,slope,0.0527532685901894,,0.0527532685901894,,302,,,,,,
GAZP5,site,gazp,5,1,slope,0.0527532685901894,,0.0527532685901894,,303,,,,,,
GAZP5,site,gazp,5,1,slope,0.0527532685901894,,0.0527532685901894,,304,,,,,,
GAZP5,site,gazp,5,1,slope,0.0527532685901894,,0.0527532685901894,,305,,,,,,
GAZP5,site,gazp,5,1,slope,0.0527532685901894,,0.0527532685901894,,306,,,,,,
GAZP5,site,gazp,5,1,slope,0.0527532685901894,,0.0527532685901894,,307,,,,,,
GAZP5,site,gazp,5,1,slope,0.0527532685901894,,0.0527532685901894,,308,,,,,,
GAZP5,site,gazp,5,1,slope,0.0527532685901894,,0.0527532685901894,,309,,,,,,
GAZP5,site,gazp,5,1,slope,0.0527532685901894,,0.0527532685901894,,310,,,,,,
GAZP5,site,gazp,5,1,slope,0.0527532685901894,,0.0527532685901894,,311,,,,,,
GAZP5,site,gazp,5,1,slope,0.0527532685901894,,0.0527532685901894,,312,,,,,,
GAZP5,site,gazp,5,1,slope,0.0527532685901894,,0.0527532685901894,,313,,,,,,
GAZP5,site,gazp,5,1,slope,0.0527532685901894,,0.0527532685901894,,314,,,,,,
GAZP5,site,gazp,5,1,slope,0.0527532685901894,,0.0527532685901894,,315,,,,,,
GAZP5,site,gazp,5,1,slope,0.0527532685901894,,0.0527532685901894,,316,,,,,,
GAZP5,site,gazp,5,1,slope,0.0527532685901894,,0.0527532685901894,,317,,,,,,
GAZP5,site,gazp,5,1,slope,0.0527532685901894,,0.0527532685901894,,318,,,,,,
GAZP5,site,gazp,5,1,slope,0.0527532685901894,,0.0527532685901894,,319,,,,,,
GAZP5,site,gazp,5,1,slope,0.0527532685901894,,0.0527532685901894,,320,,,,,,
GAZP5,site,gazp,5,1,slope,0.0527532685901894,,0.0527532685901894,,321,,,,,,
GAZP5,site,gazp,5,1,slope,0.0527532685901894,,0.0527532685901894,,322,,,,,,
GAZP5,site,gazp,5,1,slope,0.0601028593158654,,0.0601028593158654,,323,,,,,,
GAZP5,site,gazp,5,1,slope,0.0601028593158654,,0.0601028593158654,,324,,,,,,
GAZP5,site,gazp,5,1,slope,0.0601028593158654,,0.0601028593158654,,325,,,,,,
GAZP5,site,gazp,5,1,slope,0.0601028593158654,,0.0601028593158654,,326,,,,,,
GAZP5,site,gazp,5,1,slope,0.0601028593158654,,0.0601028593158654,,327,,,,,,
GAZP5,site,gazp,5,1,slope,0.0601028593158654,,0.0601028593158654,,328,,,,,,
GAZP5,site,gazp,5,1,slope,0.0601028593158654,,0.0601028593158654,,329,,,,,,
GAZP5,site,gazp,5,1,slope,0.0601028593158654,,0.0601028593158654,,330,,,,,,
GAZP5,site,gazp,5,1,slope,0.0601028593158654,,0.0601028593158654,,331,,,,,,
GAZP5,site,gazp,5,1,slope,0.0601028593158654,,0.0601028593158654,,332,,,,,,
GAZP5,site,gazp,5,1,slope,0.0601028593158654,,0.0601028593158654,,333,,,,,,
GAZP5,site,gazp,5,1,slope,0.0601028593158654,,0.0601028593158654,,334,,,,,,
GAZP5,site,gazp,5,1,slope,0.0601028593158654,,0.0601028593158654,,335,,,,,,
GAZP5,site,gazp,5,1,slope,0.0601028593158654,,0.0601028593158654,,336,,,,,,
GAZP5,site,gazp,5,1,slope,0.0601028593158654,,0.0601028593158654,,337,,,,,,
GAZP5,site,gazp,5,1,slope,0.0601028593158654,,0.0601028593158654,,338,,,,,,
GAZP5,site,gazp,5,1,slope,0.0601028593158654,,0.0601028593158654,,339,,,,,,
GAZP5,site,gazp,5,1,slope,0.0601028593158654,,0.0601028593158654,,340,,,,,,
GAZP5,site,gazp,5,1,slope,0.0601028593158654,,0.0601028593158654,,341,,,,,,
GAZP5,site,gazp,5,1,slope,0.0601028593158654,,0.0601028593158654,,342,,,,,,
GAZP5,site,gazp,5,1,slope,0.0601028593158654,,0.0601028593158654,,343,,,,,,
GAZP5,site,gazp,5,1,slope,0.0601028593158654,,0.0601028593158654,,344,,,,,,
GAZP5,site,gazp,5,1,slope,0.0601028593158654,,0.0601028593158654,,345,,,,,,
GAZP5,site,gazp,5,1,slope,0.0601028593158654,,0.0601028593158654,,346,,,,,,
GAZP5,site,gazp,5,1,slope,0.0601028593158654,,0.0601028593158654,,347,,,,,,
GAZP5,site,gazp,5,1,slope,0.0601028593158654,,0.0601028593158654,,348,,,,,,
GAZP5,site,gazp,5,1,slope,0.0601028593158654,,0.0601028593158654,,349,,,,,,
GAZP5,site,gazp,5,1,slope,0.0601028593158654,,0.0601028593158654,,350,,,,,,
GAZP5,site,gazp,5,1,slope,0.0601028593158654,,0.0601028593158654,,351,,,,,,
GAZP5,site,gazp,5,1,slope,0.0601028593158654,,0.0601028593158654,,352,,,,,,
GAZP5,site,gazp,5,1,slope,0.0601028593158654,,0.0601028593158654,,353,,,,,,
GAZP5,site,gazp,5,1,slope,0.0601028593158654,,0.0601028593158654,,354,,,,,,
GAZP5,site,gazp,5,1,slope,0.0601028593158654,,0.0601028593158654,,355,,,,,,
GAZP5,site,gazp,5,1,slope,0.0601028593158654,,0.0601028593158654,,356,,,,,,
GAZP5,site,gazp,5,1,slope,0.0601028593158654,,0.0601028593158654,,357,,,,,,
GAZP5,site,gazp,5,1,slope,0.0601028593158654,,0.0601028593158654,,358,,,,,,
GAZP5,site,gazp,5,1,slope,0.0601028593158654,,0.0601028593158654,,359,,,,,,
GAZP5,site,gazp,5,1,slope,0.0601028593158654,,0.0601028593158654,,360,,,,,,
GAZP5,site,gazp,5,1,slope,0.0601028593158654,,0.0601028593158654,,361,,,,,,
GAZP5,site,gazp,5,1,slope,0.0601028593158654,,0.0601028593158654,,362,,,,,,
GAZP5,site,gazp,5,1,slope,0.0601028593158654,,0.0601028593158654,,363,,,,,,
GAZP5,site,gazp,5,1,slope,0.0601028593158654,,0.0601028593158654,,364,,,,,,
GAZP5,site,gazp,5,1,slope,0.0601028593158654,,0.0601028593158654,,365,,,,,,
GAZP5,site,gazp,5,1,slope,0.0601028593158654,,0.0601028593158654,,366,,,,,,
GAZP5,site,gazp,5,1,slope,0.0601028593158654,,0.0601028593158654,,367,,,,,,
GAZP5,site,gazp,5,1,slope,0.0601028593158654,,0.0601028593158654,,368,,,,,,
GAZP5,site,gazp,5,1,slope,0.0601028593158654,,0.0601028593158654,,369,,,,,,
GAZP5,site,gazp,5,1,precipc,NA,355,,355,177,,,,,,
GAZP5,site,gazp,5,1,precipc,NA,355,,355,178,,,,,,
GAZP5,site,gazp,5,1,precipc,NA,355,,355,179,,,,,,
GAZP5,site,gazp,5,1,precipc,NA,355,,355,180,,,,,,
GAZP5,site,gazp,5,1,precipc,NA,355,,355,181,,,,,,
GAZP5,site,gazp,5,1,precipc,NA,355,,355,182,,,,,,
GAZP5,site,gazp,5,1,precipc,NA,355,,355,183,,,,,,
GAZP5,site,gazp,5,1,precipc,NA,355,,355,184,,,,,,
GAZP5,site,gazp,5,1,precipc,NA,355,,355,185,,,,,,
GAZP5,site,gazp,5,1,precipc,NA,355,,355,186,,,,,,
GAZP5,site,gazp,5,1,precipc,NA,355,,355,187,,,,,,
GAZP5,site,gazp,5,1,precipc,NA,355,,355,188,,,,,,
GAZP5,site,gazp,5,1,precipc,NA,355,,355,189,,,,,,
GAZP5,site,gazp,5,1,precipc,NA,355,,355,190,,,,,,
GAZP5,site,gazp,5,1,precipc,NA,355,,355,191,,,,,,
GAZP5,site,gazp,5,1,precipc,NA,355,,355,192,,,,,,
GAZP5,site,gazp,5,1,precipc,NA,355,,355,193,,,,,,
GAZP5,site,gazp,5,1,precipc,NA,355,,355,194,,,,,,
GAZP5,site,gazp,5,1,precipc,NA,355,,355,195,,,,,,
GAZP5,site,gazp,5,1,precipc,NA,355,,355,196,,,,,,
GAZP5,site,gazp,5,1,precipc,NA,355,,355,197,,,,,,
GAZP5,site,gazp,5,1,precipc,NA,355,,355,198,,,,,,
GAZP5,site,gazp,5,1,precipc,NA,355,,355,199,,,,,,
GAZP5,site,gazp,5,1,precipc,NA,355,,355,200,,,,,,
GAZP5,site,gazp,5,1,precipc,NA,355,,355,201,,,,,,
GAZP5,site,gazp,5,1,precipc,NA,355,,355,202,,,,,,
GAZP5,site,gazp,5,1,precipc,NA,355,,355,203,,,,,,
GAZP5,site,gazp,5,1,precipc,NA,355,,355,204,,,,,,
GAZP5,site,gazp,5,1,precipc,NA,355,,355,205,,,,,,
GAZP5,site,gazp,5,1,precipc,NA,355,,355,206,,,,,,
GAZP5,site,gazp,5,1,precipc,NA,355,,355,207,,,,,,
GAZP5,site,gazp,5,1,precipc,NA,355,,355,208,,,,,,
GAZP5,site,gazp,5,1,precipc,NA,355,,355,209,,,,,,
GAZP5,site,gazp,5,1,precipc,NA,355,,355,210,,,,,,
GAZP5,site,gazp,5,1,precipc,NA,355,,355,211,,,,,,
GAZP5,site,gazp,5,1,precipc,NA,355,,355,212,,,,,,
GAZP5,site,gazp,5,1,precipc,NA,355,,355,213,,,,,,
GAZP5,site,gazp,5,1,precipc,NA,355,,355,214,,,,,,
GAZP5,site,gazp,5,1,precipc,NA,355,,355,215,,,,,,
GAZP5,site,gazp,5,1,precipc,NA,355,,355,216,,,,,,
GAZP5,site,gazp,5,1,precipc,NA,355,,355,217,,,,,,
GAZP5,site,gazp,5,1,precipc,NA,355,,355,218,,,,,,
GAZP5,site,gazp,5,1,precipc,NA,355,,355,219,,,,,,
GAZP5,site,gazp,5,1,precipc,NA,355,,355,220,,,,,,
GAZP5,site,gazp,5,1,precipc,NA,355,,355,221,,,,,,
GAZP5,site,gazp,5,1,precipc,NA,355,,355,222,,,,,,
GAZP5,site,gazp,5,1,precipc,NA,355,,355,223,,,,,,
GAZP5,site,gazp,5,1,precipc,NA,355,,355,224,,,,,,
GAZP5,site,gazp,5,1,precipc,NA,355,,355,225,,,,,,
GAZP5,site,gazp,5,1,precipc,NA,355,,355,226,,,,,,
GAZP5,site,gazp,5,1,precipc,NA,355,,355,227,,,,,,
GAZP5,site,gazp,5,1,precipc,NA,355,,355,228,,,,,,
GAZP5,site,gazp,5,1,precipc,NA,355,,355,229,,,,,,
GAZP5,site,gazp,5,1,precipc,NA,355,,355,230,,,,,,
GAZP5,site,gazp,5,1,precipc,NA,355,,355,231,,,,,,
GAZP5,site,gazp,5,1,precipc,NA,355,,355,232,,,,,,
GAZP5,site,gazp,5,1,precipc,NA,355,,355,233,,,,,,
GAZP5,site,gazp,5,1,precipc,NA,355,,355,234,,,,,,
GAZP5,site,gazp,5,1,precipc,NA,355,,355,235,,,,,,
GAZP5,site,gazp,5,1,precipc,NA,355,,355,236,,,,,,
GAZP5,site,gazp,5,1,precipc,NA,355,,355,237,,,,,,
GAZP5,site,gazp,5,1,precipc,NA,355,,355,238,,,,,,
GAZP5,site,gazp,5,1,precipc,NA,355,,355,239,,,,,,
GAZP5,site,gazp,5,1,precipc,NA,355,,355,240,,,,,,
GAZP5,site,gazp,5,1,precipc,NA,355,,355,241,,,,,,
GAZP5,site,gazp,5,1,precipc,NA,355,,355,242,,,,,,
GAZP5,site,gazp,5,1,precipc,NA,355,,355,243,,,,,,
GAZP5,site,gazp,5,1,precipc,NA,355,,355,244,,,,,,
GAZP5,site,gazp,5,1,precipc,NA,355,,355,245,,,,,,
GAZP5,site,gazp,5,1,precipc,NA,355,,355,246,,,,,,
GAZP5,site,gazp,5,1,precipc,NA,355,,355,247,,,,,,
GAZP5,site,gazp,5,1,precipc,NA,355,,355,248,,,,,,
GAZP5,site,gazp,5,1,precipc,NA,355,,355,249,,,,,,
GAZP5,site,gazp,5,1,precipc,NA,355,,355,250,,,,,,
GAZP5,site,gazp,5,1,precipc,NA,355,,355,251,,,,,,
GAZP5,site,gazp,5,1,precipc,NA,355,,355,252,,,,,,
GAZP5,site,gazp,5,1,precipc,NA,355,,355,253,,,,,,
GAZP5,site,gazp,5,1,precipc,NA,355,,355,254,,,,,,
GAZP5,site,gazp,5,1,precipc,NA,355,,355,255,,,,,,
GAZP5,site,gazp,5,1,precipc,NA,355,,355,256,,,,,,
GAZP5,site,gazp,5,1,precipc,NA,355,,355,257,,,,,,
GAZP5,site,gazp,5,1,precipc,NA,355,,355,258,,,,,,
GAZP5,site,gazp,5,1,precipc,NA,355,,355,259,,,,,,
GAZP5,site,gazp,5,1,precipc,NA,355,,355,260,,,,,,
GAZP5,site,gazp,5,1,precipc,NA,355,,355,261,,,,,,
GAZP5,site,gazp,5,1,precipc,NA,355,,355,262,,,,,,
GAZP5,site,gazp,5,1,precipc,NA,355,,355,263,,,,,,
GAZP5,site,gazp,5,1,precipc,NA,355,,355,264,,,,,,
GAZP5,site,gazp,5,1,precipc,NA,355,,355,265,,,,,,
GAZP5,site,gazp,5,1,precipc,NA,355,,355,266,,,,,,
GAZP5,site,gazp,5,1,precipc,NA,355,,355,267,,,,,,
GAZP5,site,gazp,5,1,precipc,NA,355,,355,268,,,,,,
GAZP5,site,gazp,5,1,precipc,NA,355,,355,269,,,,,,
GAZP5,site,gazp,5,1,precipc,NA,355,,355,270,,,,,,
GAZP5,site,gazp,5,1,precipc,NA,355,,355,271,,,,,,
GAZP5,site,gazp,5,1,precipc,NA,355,,355,272,,,,,,
GAZP5,site,gazp,5,1,precipc,NA,355,,355,273,,,,,,
GAZP5,site,gazp,5,1,precipc,NA,355,,355,274,,,,,,
GAZP5,site,gazp,5,1,precipc,NA,355,,355,275,,,,,,
GAZP5,site,gazp,5,1,precipc,NA,355,,355,276,,,,,,
GAZP5,site,gazp,5,1,precipc,NA,355,,355,277,,,,,,
GAZP5,site,gazp,5,1,precipc,NA,355,,355,278,,,,,,
GAZP5,site,gazp,5,1,precipc,NA,355,,355,279,,,,,,
GAZP5,site,gazp,5,1,precipc,NA,355,,355,280,,,,,,
GAZP5,site,gazp,5,1,precipc,NA,355,,355,281,,,,,,
GAZP5,site,gazp,5,1,precipc,NA,355,,355,282,,,,,,
GAZP5,site,gazp,5,1,precipc,NA,355,,355,283,,,,,,
GAZP5,site,gazp,5,1,precipc,NA,355,,355,284,,,,,,
GAZP5,site,gazp,5,1,precipc,NA,355,,355,285,,,,,,
GAZP5,site,gazp,5,1,precipc,NA,355,,355,286,,,,,,
GAZP5,site,gazp,5,1,precipc,NA,355,,355,287,,,,,,
GAZP5,site,gazp,5,1,precipc,NA,355,,355,288,,,,,,
GAZP5,site,gazp,5,1,precipc,NA,355,,355,289,,,,,,
GAZP5,site,gazp,5,1,precipc,NA,355,,355,290,,,,,,
GAZP5,site,gazp,5,1,precipc,NA,355,,355,291,,,,,,
GAZP5,site,gazp,5,1,precipc,NA,355,,355,292,,,,,,
GAZP5,site,gazp,5,1,precipc,NA,355,,355,293,,,,,,
GAZP5,site,gazp,5,1,precipc,NA,355,,355,294,,,,,,
GAZP5,site,gazp,5,1,precipc,NA,355,,355,295,,,,,,
GAZP5,site,gazp,5,1,precipc,NA,355,,355,296,,,,,,
GAZP5,site,gazp,5,1,precipc,NA,355,,355,297,,,,,,
GAZP5,site,gazp,5,1,precipc,NA,355,,355,298,,,,,,
GAZP5,site,gazp,5,1,precipc,NA,355,,355,299,,,,,,
GAZP5,site,gazp,5,1,precipc,NA,355,,355,300,,,,,,
GAZP5,site,gazp,5,1,precipc,NA,355,,355,301,,,,,,
GAZP5,site,gazp,5,1,precipc,NA,355,,355,302,,,,,,
GAZP5,site,gazp,5,1,precipc,NA,355,,355,303,,,,,,
GAZP5,site,gazp,5,1,precipc,NA,355,,355,304,,,,,,
GAZP5,site,gazp,5,1,precipc,NA,355,,355,305,,,,,,
GAZP5,site,gazp,5,1,precipc,NA,355,,355,306,,,,,,
GAZP5,site,gazp,5,1,precipc,NA,355,,355,307,,,,,,
GAZP5,site,gazp,5,1,precipc,NA,355,,355,308,,,,,,
GAZP5,site,gazp,5,1,precipc,NA,355,,355,309,,,,,,
GAZP5,site,gazp,5,1,precipc,NA,355,,355,310,,,,,,
GAZP5,site,gazp,5,1,precipc,NA,355,,355,311,,,,,,
GAZP5,site,gazp,5,1,precipc,NA,355,,355,312,,,,,,
GAZP5,site,gazp,5,1,precipc,NA,355,,355,313,,,,,,
GAZP5,site,gazp,5,1,precipc,NA,355,,355,314,,,,,,
GAZP5,site,gazp,5,1,precipc,NA,355,,355,315,,,,,,
GAZP5,site,gazp,5,1,precipc,NA,355,,355,316,,,,,,
GAZP5,site,gazp,5,1,precipc,NA,355,,355,317,,,,,,
GAZP5,site,gazp,5,1,precipc,NA,355,,355,318,,,,,,
GAZP5,site,gazp,5,1,precipc,NA,355,,355,319,,,,,,
GAZP5,site,gazp,5,1,precipc,NA,355,,355,320,,,,,,
GAZP5,site,gazp,5,1,precipc,NA,355,,355,321,,,,,,
GAZP5,site,gazp,5,1,precipc,NA,355,,355,322,,,,,,
GAZP5,site,gazp,5,1,precipc,NA,389,,389,323,,,,,,
GAZP5,site,gazp,5,1,precipc,NA,389,,389,324,,,,,,
GAZP5,site,gazp,5,1,precipc,NA,389,,389,325,,,,,,
GAZP5,site,gazp,5,1,precipc,NA,389,,389,326,,,,,,
GAZP5,site,gazp,5,1,precipc,NA,389,,389,327,,,,,,
GAZP5,site,gazp,5,1,precipc,NA,389,,389,328,,,,,,
GAZP5,site,gazp,5,1,precipc,NA,389,,389,329,,,,,,
GAZP5,site,gazp,5,1,precipc,NA,389,,389,330,,,,,,
GAZP5,site,gazp,5,1,precipc,NA,389,,389,331,,,,,,
GAZP5,site,gazp,5,1,precipc,NA,389,,389,332,,,,,,
GAZP5,site,gazp,5,1,precipc,NA,389,,389,333,,,,,,
GAZP5,site,gazp,5,1,precipc,NA,389,,389,334,,,,,,
GAZP5,site,gazp,5,1,precipc,NA,389,,389,335,,,,,,
GAZP5,site,gazp,5,1,precipc,NA,389,,389,336,,,,,,
GAZP5,site,gazp,5,1,precipc,NA,389,,389,337,,,,,,
GAZP5,site,gazp,5,1,precipc,NA,389,,389,338,,,,,,
GAZP5,site,gazp,5,1,precipc,NA,389,,389,339,,,,,,
GAZP5,site,gazp,5,1,precipc,NA,389,,389,340,,,,,,
GAZP5,site,gazp,5,1,precipc,NA,389,,389,341,,,,,,
GAZP5,site,gazp,5,1,precipc,NA,389,,389,342,,,,,,
GAZP5,site,gazp,5,1,precipc,NA,389,,389,343,,,,,,
GAZP5,site,gazp,5,1,precipc,NA,389,,389,344,,,,,,
GAZP5,site,gazp,5,1,precipc,NA,389,,389,345,,,,,,
GAZP5,site,gazp,5,1,precipc,NA,389,,389,346,,,,,,
GAZP5,site,gazp,5,1,precipc,NA,389,,389,347,,,,,,
GAZP5,site,gazp,5,1,precipc,NA,389,,389,348,,,,,,
GAZP5,site,gazp,5,1,precipc,NA,389,,389,349,,,,,,
GAZP5,site,gazp,5,1,precipc,NA,389,,389,350,,,,,,
GAZP5,site,gazp,5,1,precipc,NA,389,,389,351,,,,,,
GAZP5,site,gazp,5,1,precipc,NA,389,,389,352,,,,,,
GAZP5,site,gazp,5,1,precipc,NA,389,,389,353,,,,,,
GAZP5,site,gazp,5,1,precipc,NA,389,,389,354,,,,,,
GAZP5,site,gazp,5,1,precipc,NA,389,,389,355,,,,,,
GAZP5,site,gazp,5,1,precipc,NA,389,,389,356,,,,,,
GAZP5,site,gazp,5,1,precipc,NA,389,,389,357,,,,,,
GAZP5,site,gazp,5,1,precipc,NA,389,,389,358,,,,,,
GAZP5,site,gazp,5,1,precipc,NA,389,,389,359,,,,,,
GAZP5,site,gazp,5,1,precipc,NA,389,,389,360,,,,,,
GAZP5,site,gazp,5,1,precipc,NA,389,,389,361,,,,,,
GAZP5,site,gazp,5,1,precipc,NA,389,,389,362,,,,,,
GAZP5,site,gazp,5,1,precipc,NA,389,,389,363,,,,,,
GAZP5,site,gazp,5,1,precipc,NA,389,,389,364,,,,,,
GAZP5,site,gazp,5,1,precipc,NA,389,,389,365,,,,,,
GAZP5,site,gazp,5,1,precipc,NA,389,,389,366,,,,,,
GAZP5,site,gazp,5,1,precipc,NA,389,,389,367,,,,,,
GAZP5,site,gazp,5,1,precipc,NA,389,,389,368,,,,,,
GAZP5,site,gazp,5,1,precipc,NA,389,,389,369,,,,,,
GAZP5,site,gazp,5,1,tempc,NA,7.1,,7.1,177,,,,,,
GAZP5,site,gazp,5,1,tempc,NA,7.1,,7.1,178,,,,,,
GAZP5,site,gazp,5,1,tempc,NA,7.1,,7.1,179,,,,,,
GAZP5,site,gazp,5,1,tempc,NA,7.1,,7.1,180,,,,,,
GAZP5,site,gazp,5,1,tempc,NA,7.1,,7.1,181,,,,,,
GAZP5,site,gazp,5,1,tempc,NA,7.1,,7.1,182,,,,,,
GAZP5,site,gazp,5,1,tempc,NA,7.1,,7.1,183,,,,,,
GAZP5,site,gazp,5,1,tempc,NA,7.1,,7.1,184,,,,,,
GAZP5,site,gazp,5,1,tempc,NA,7.1,,7.1,185,,,,,,
GAZP5,site,gazp,5,1,tempc,NA,7.1,,7.1,186,,,,,,
GAZP5,site,gazp,5,1,tempc,NA,7.1,,7.1,187,,,,,,
GAZP5,site,gazp,5,1,tempc,NA,7.1,,7.1,188,,,,,,
GAZP5,site,gazp,5,1,tempc,NA,7.1,,7.1,189,,,,,,
GAZP5,site,gazp,5,1,tempc,NA,7.1,,7.1,190,,,,,,
GAZP5,site,gazp,5,1,tempc,NA,7.1,,7.1,191,,,,,,
GAZP5,site,gazp,5,1,tempc,NA,7.1,,7.1,192,,,,,,
GAZP5,site,gazp,5,1,tempc,NA,7.1,,7.1,193,,,,,,
GAZP5,site,gazp,5,1,tempc,NA,7.1,,7.1,194,,,,,,
GAZP5,site,gazp,5,1,tempc,NA,7.1,,7.1,195,,,,,,
GAZP5,site,gazp,5,1,tempc,NA,7.1,,7.1,196,,,,,,
GAZP5,site,gazp,5,1,tempc,NA,7.1,,7.1,197,,,,,,
GAZP5,site,gazp,5,1,tempc,NA,7.1,,7.1,198,,,,,,
GAZP5,site,gazp,5,1,tempc,NA,7.1,,7.1,199,,,,,,
GAZP5,site,gazp,5,1,tempc,NA,7.1,,7.1,200,,,,,,
GAZP5,site,gazp,5,1,tempc,NA,7.1,,7.1,201,,,,,,
GAZP5,site,gazp,5,1,tempc,NA,7.1,,7.1,202,,,,,,
GAZP5,site,gazp,5,1,tempc,NA,7.1,,7.1,203,,,,,,
GAZP5,site,gazp,5,1,tempc,NA,7.1,,7.1,204,,,,,,
GAZP5,site,gazp,5,1,tempc,NA,7.1,,7.1,205,,,,,,
GAZP5,site,gazp,5,1,tempc,NA,7.1,,7.1,206,,,,,,
GAZP5,site,gazp,5,1,tempc,NA,7.1,,7.1,207,,,,,,
GAZP5,site,gazp,5,1,tempc,NA,7.1,,7.1,208,,,,,,
GAZP5,site,gazp,5,1,tempc,NA,7.1,,7.1,209,,,,,,
GAZP5,site,gazp,5,1,tempc,NA,7.1,,7.1,210,,,,,,
GAZP5,site,gazp,5,1,tempc,NA,7.1,,7.1,211,,,,,,
GAZP5,site,gazp,5,1,tempc,NA,7.1,,7.1,212,,,,,,
GAZP5,site,gazp,5,1,tempc,NA,7.1,,7.1,213,,,,,,
GAZP5,site,gazp,5,1,tempc,NA,7.1,,7.1,214,,,,,,
GAZP5,site,gazp,5,1,tempc,NA,7.1,,7.1,215,,,,,,
GAZP5,site,gazp,5,1,tempc,NA,7.1,,7.1,216,,,,,,
GAZP5,site,gazp,5,1,tempc,NA,7.1,,7.1,217,,,,,,
GAZP5,site,gazp,5,1,tempc,NA,7.1,,7.1,218,,,,,,
GAZP5,site,gazp,5,1,tempc,NA,7.1,,7.1,219,,,,,,
GAZP5,site,gazp,5,1,tempc,NA,7.1,,7.1,220,,,,,,
GAZP5,site,gazp,5,1,tempc,NA,7.1,,7.1,221,,,,,,
GAZP5,site,gazp,5,1,tempc,NA,7.1,,7.1,222,,,,,,
GAZP5,site,gazp,5,1,tempc,NA,7.1,,7.1,223,,,,,,
GAZP5,site,gazp,5,1,tempc,NA,7.1,,7.1,224,,,,,,
GAZP5,site,gazp,5,1,tempc,NA,7.1,,7.1,225,,,,,,
GAZP5,site,gazp,5,1,tempc,NA,7.1,,7.1,226,,,,,,
GAZP5,site,gazp,5,1,tempc,NA,7.1,,7.1,227,,,,,,
GAZP5,site,gazp,5,1,tempc,NA,7.1,,7.1,228,,,,,,
GAZP5,site,gazp,5,1,tempc,NA,7.1,,7.1,229,,,,,,
GAZP5,site,gazp,5,1,tempc,NA,7.1,,7.1,230,,,,,,
GAZP5,site,gazp,5,1,tempc,NA,7.1,,7.1,231,,,,,,
GAZP5,site,gazp,5,1,tempc,NA,7.1,,7.1,232,,,,,,
GAZP5,site,gazp,5,1,tempc,NA,7.1,,7.1,233,,,,,,
GAZP5,site,gazp,5,1,tempc,NA,7.1,,7.1,234,,,,,,
GAZP5,site,gazp,5,1,tempc,NA,7.1,,7.1,235,,,,,,
GAZP5,site,gazp,5,1,tempc,NA,7.1,,7.1,236,,,,,,
GAZP5,site,gazp,5,1,tempc,NA,7.1,,7.1,237,,,,,,
GAZP5,site,gazp,5,1,tempc,NA,7.1,,7.1,238,,,,,,
GAZP5,site,gazp,5,1,tempc,NA,7.1,,7.1,239,,,,,,
GAZP5,site,gazp,5,1,tempc,NA,7.1,,7.1,240,,,,,,
GAZP5,site,gazp,5,1,tempc,NA,7.1,,7.1,241,,,,,,
GAZP5,site,gazp,5,1,tempc,NA,7.1,,7.1,242,,,,,,
GAZP5,site,gazp,5,1,tempc,NA,7.1,,7.1,243,,,,,,
GAZP5,site,gazp,5,1,tempc,NA,7.1,,7.1,244,,,,,,
GAZP5,site,gazp,5,1,tempc,NA,7.1,,7.1,245,,,,,,
GAZP5,site,gazp,5,1,tempc,NA,7.1,,7.1,246,,,,,,
GAZP5,site,gazp,5,1,tempc,NA,7.1,,7.1,247,,,,,,
GAZP5,site,gazp,5,1,tempc,NA,7.1,,7.1,248,,,,,,
GAZP5,site,gazp,5,1,tempc,NA,7.1,,7.1,249,,,,,,
GAZP5,site,gazp,5,1,tempc,NA,7.1,,7.1,250,,,,,,
GAZP5,site,gazp,5,1,tempc,NA,7.1,,7.1,251,,,,,,
GAZP5,site,gazp,5,1,tempc,NA,7.1,,7.1,252,,,,,,
GAZP5,site,gazp,5,1,tempc,NA,7.1,,7.1,253,,,,,,
GAZP5,site,gazp,5,1,tempc,NA,7.1,,7.1,254,,,,,,
GAZP5,site,gazp,5,1,tempc,NA,7.1,,7.1,255,,,,,,
GAZP5,site,gazp,5,1,tempc,NA,7.1,,7.1,256,,,,,,
GAZP5,site,gazp,5,1,tempc,NA,7.1,,7.1,257,,,,,,
GAZP5,site,gazp,5,1,tempc,NA,7.1,,7.1,258,,,,,,
GAZP5,site,gazp,5,1,tempc,NA,7.1,,7.1,259,,,,,,
GAZP5,site,gazp,5,1,tempc,NA,7.1,,7.1,260,,,,,,
GAZP5,site,gazp,5,1,tempc,NA,7.1,,7.1,261,,,,,,
GAZP5,site,gazp,5,1,tempc,NA,7.1,,7.1,262,,,,,,
GAZP5,site,gazp,5,1,tempc,NA,7.1,,7.1,263,,,,,,
GAZP5,site,gazp,5,1,tempc,NA,7.1,,7.1,264,,,,,,
GAZP5,site,gazp,5,1,tempc,NA,7.1,,7.1,265,,,,,,
GAZP5,site,gazp,5,1,tempc,NA,7.1,,7.1,266,,,,,,
GAZP5,site,gazp,5,1,tempc,NA,7.1,,7.1,267,,,,,,
GAZP5,site,gazp,5,1,tempc,NA,7.1,,7.1,268,,,,,,
GAZP5,site,gazp,5,1,tempc,NA,7.1,,7.1,269,,,,,,
GAZP5,site,gazp,5,1,tempc,NA,7.1,,7.1,270,,,,,,
GAZP5,site,gazp,5,1,tempc,NA,7.1,,7.1,271,,,,,,
GAZP5,site,gazp,5,1,tempc,NA,7.1,,7.1,272,,,,,,
GAZP5,site,gazp,5,1,tempc,NA,7.1,,7.1,273,,,,,,
GAZP5,site,gazp,5,1,tempc,NA,7.1,,7.1,274,,,,,,
GAZP5,site,gazp,5,1,tempc,NA,7.1,,7.1,275,,,,,,
GAZP5,site,gazp,5,1,tempc,NA,7.1,,7.1,276,,,,,,
GAZP5,site,gazp,5,1,tempc,NA,7.1,,7.1,277,,,,,,
GAZP5,site,gazp,5,1,tempc,NA,7.1,,7.1,278,,,,,,
GAZP5,site,gazp,5,1,tempc,NA,7.1,,7.1,279,,,,,,
GAZP5,site,gazp,5,1,tempc,NA,7.1,,7.1,280,,,,,,
GAZP5,site,gazp,5,1,tempc,NA,7.1,,7.1,281,,,,,,
GAZP5,site,gazp,5,1,tempc,NA,7.1,,7.1,282,,,,,,
GAZP5,site,gazp,5,1,tempc,NA,7.1,,7.1,283,,,,,,
GAZP5,site,gazp,5,1,tempc,NA,7.1,,7.1,284,,,,,,
GAZP5,site,gazp,5,1,tempc,NA,7.1,,7.1,285,,,,,,
GAZP5,site,gazp,5,1,tempc,NA,7.1,,7.1,286,,,,,,
GAZP5,site,gazp,5,1,tempc,NA,7.1,,7.1,287,,,,,,
GAZP5,site,gazp,5,1,tempc,NA,7.1,,7.1,288,,,,,,
GAZP5,site,gazp,5,1,tempc,NA,7.1,,7.1,289,,,,,,
GAZP5,site,gazp,5,1,tempc,NA,7.1,,7.1,290,,,,,,
GAZP5,site,gazp,5,1,tempc,NA,7.1,,7.1,291,,,,,,
GAZP5,site,gazp,5,1,tempc,NA,7.1,,7.1,292,,,,,,
GAZP5,site,gazp,5,1,tempc,NA,7.1,,7.1,293,,,,,,
GAZP5,site,gazp,5,1,tempc,NA,7.1,,7.1,294,,,,,,
GAZP5,site,gazp,5,1,tempc,NA,7.1,,7.1,295,,,,,,
GAZP5,site,gazp,5,1,tempc,NA,7.1,,7.1,296,,,,,,
GAZP5,site,gazp,5,1,tempc,NA,7.1,,7.1,297,,,,,,
GAZP5,site,gazp,5,1,tempc,NA,7.1,,7.1,298,,,,,,
GAZP5,site,gazp,5,1,tempc,NA,7.1,,7.1,299,,,,,,
GAZP5,site,gazp,5,1,tempc,NA,7.1,,7.1,300,,,,,,
GAZP5,site,gazp,5,1,tempc,NA,7.1,,7.1,301,,,,,,
GAZP5,site,gazp,5,1,tempc,NA,7.1,,7.1,302,,,,,,
GAZP5,site,gazp,5,1,tempc,NA,7.1,,7.1,303,,,,,,
GAZP5,site,gazp,5,1,tempc,NA,7.1,,7.1,304,,,,,,
GAZP5,site,gazp,5,1,tempc,NA,7.1,,7.1,305,,,,,,
GAZP5,site,gazp,5,1,tempc,NA,7.1,,7.1,306,,,,,,
GAZP5,site,gazp,5,1,tempc,NA,7.1,,7.1,307,,,,,,
GAZP5,site,gazp,5,1,tempc,NA,7.1,,7.1,308,,,,,,
GAZP5,site,gazp,5,1,tempc,NA,7.1,,7.1,309,,,,,,
GAZP5,site,gazp,5,1,tempc,NA,7.1,,7.1,310,,,,,,
GAZP5,site,gazp,5,1,tempc,NA,7.1,,7.1,311,,,,,,
GAZP5,site,gazp,5,1,tempc,NA,7.1,,7.1,312,,,,,,
GAZP5,site,gazp,5,1,tempc,NA,7.1,,7.1,313,,,,,,
GAZP5,site,gazp,5,1,tempc,NA,7.1,,7.1,314,,,,,,
GAZP5,site,gazp,5,1,tempc,NA,7.1,,7.1,315,,,,,,
GAZP5,site,gazp,5,1,tempc,NA,7.1,,7.1,316,,,,,,
GAZP5,site,gazp,5,1,tempc,NA,7.1,,7.1,317,,,,,,
GAZP5,site,gazp,5,1,tempc,NA,7.1,,7.1,318,,,,,,
GAZP5,site,gazp,5,1,tempc,NA,7.1,,7.1,319,,,,,,
GAZP5,site,gazp,5,1,tempc,NA,7.1,,7.1,320,,,,,,
GAZP5,site,gazp,5,1,tempc,NA,7.1,,7.1,321,,,,,,
GAZP5,site,gazp,5,1,tempc,NA,7.1,,7.1,322,,,,,,
GAZP5,site,gazp,5,1,tempc,NA,6.6,,6.6,323,,,,,,
GAZP5,site,gazp,5,1,tempc,NA,6.6,,6.6,324,,,,,,
GAZP5,site,gazp,5,1,tempc,NA,6.6,,6.6,325,,,,,,
GAZP5,site,gazp,5,1,tempc,NA,6.6,,6.6,326,,,,,,
GAZP5,site,gazp,5,1,tempc,NA,6.6,,6.6,327,,,,,,
GAZP5,site,gazp,5,1,tempc,NA,6.6,,6.6,328,,,,,,
GAZP5,site,gazp,5,1,tempc,NA,6.6,,6.6,329,,,,,,
GAZP5,site,gazp,5,1,tempc,NA,6.6,,6.6,330,,,,,,
GAZP5,site,gazp,5,1,tempc,NA,6.6,,6.6,331,,,,,,
GAZP5,site,gazp,5,1,tempc,NA,6.6,,6.6,332,,,,,,
GAZP5,site,gazp,5,1,tempc,NA,6.6,,6.6,333,,,,,,
GAZP5,site,gazp,5,1,tempc,NA,6.6,,6.6,334,,,,,,
GAZP5,site,gazp,5,1,tempc,NA,6.6,,6.6,335,,,,,,
GAZP5,site,gazp,5,1,tempc,NA,6.6,,6.6,336,,,,,,
GAZP5,site,gazp,5,1,tempc,NA,6.6,,6.6,337,,,,,,
GAZP5,site,gazp,5,1,tempc,NA,6.6,,6.6,338,,,,,,
GAZP5,site,gazp,5,1,tempc,NA,6.6,,6.6,339,,,,,,
GAZP5,site,gazp,5,1,tempc,NA,6.6,,6.6,340,,,,,,
GAZP5,site,gazp,5,1,tempc,NA,6.6,,6.6,341,,,,,,
GAZP5,site,gazp,5,1,tempc,NA,6.6,,6.6,342,,,,,,
GAZP5,site,gazp,5,1,tempc,NA,6.6,,6.6,343,,,,,,
GAZP5,site,gazp,5,1,tempc,NA,6.6,,6.6,344,,,,,,
GAZP5,site,gazp,5,1,tempc,NA,6.6,,6.6,345,,,,,,
GAZP5,site,gazp,5,1,tempc,NA,6.6,,6.6,346,,,,,,
GAZP5,site,gazp,5,1,tempc,NA,6.6,,6.6,347,,,,,,
GAZP5,site,gazp,5,1,tempc,NA,6.6,,6.6,348,,,,,,
GAZP5,site,gazp,5,1,tempc,NA,6.6,,6.6,349,,,,,,
GAZP5,site,gazp,5,1,tempc,NA,6.6,,6.6,350,,,,,,
GAZP5,site,gazp,5,1,tempc,NA,6.6,,6.6,351,,,,,,
GAZP5,site,gazp,5,1,tempc,NA,6.6,,6.6,352,,,,,,
GAZP5,site,gazp,5,1,tempc,NA,6.6,,6.6,353,,,,,,
GAZP5,site,gazp,5,1,tempc,NA,6.6,,6.6,354,,,,,,
GAZP5,site,gazp,5,1,tempc,NA,6.6,,6.6,355,,,,,,
GAZP5,site,gazp,5,1,tempc,NA,6.6,,6.6,356,,,,,,
GAZP5,site,gazp,5,1,tempc,NA,6.6,,6.6,357,,,,,,
GAZP5,site,gazp,5,1,tempc,NA,6.6,,6.6,358,,,,,,
GAZP5,site,gazp,5,1,tempc,NA,6.6,,6.6,359,,,,,,
GAZP5,site,gazp,5,1,tempc,NA,6.6,,6.6,360,,,,,,
GAZP5,site,gazp,5,1,tempc,NA,6.6,,6.6,361,,,,,,
GAZP5,site,gazp,5,1,tempc,NA,6.6,,6.6,362,,,,,,
GAZP5,site,gazp,5,1,tempc,NA,6.6,,6.6,363,,,,,,
GAZP5,site,gazp,5,1,tempc,NA,6.6,,6.6,364,,,,,,
GAZP5,site,gazp,5,1,tempc,NA,6.6,,6.6,365,,,,,,
GAZP5,site,gazp,5,1,tempc,NA,6.6,,6.6,366,,,,,,
GAZP5,site,gazp,5,1,tempc,NA,6.6,,6.6,367,,,,,,
GAZP5,site,gazp,5,1,tempc,NA,6.6,,6.6,368,,,,,,
GAZP5,site,gazp,5,1,tempc,NA,6.6,,6.6,369,,,,,,
GAZP5,site,gazp,5,1,temp,7.1,,7.1,,177,,,,,,
GAZP5,site,gazp,5,1,temp,7.1,,7.1,,178,,,,,,
GAZP5,site,gazp,5,1,temp,7.1,,7.1,,179,,,,,,
GAZP5,site,gazp,5,1,temp,7.1,,7.1,,180,,,,,,
GAZP5,site,gazp,5,1,temp,7.1,,7.1,,181,,,,,,
GAZP5,site,gazp,5,1,temp,7.1,,7.1,,182,,,,,,
GAZP5,site,gazp,5,1,temp,7.1,,7.1,,183,,,,,,
GAZP5,site,gazp,5,1,temp,7.1,,7.1,,184,,,,,,
GAZP5,site,gazp,5,1,temp,7.1,,7.1,,185,,,,,,
GAZP5,site,gazp,5,1,temp,7.1,,7.1,,186,,,,,,
GAZP5,site,gazp,5,1,temp,7.1,,7.1,,187,,,,,,
GAZP5,site,gazp,5,1,temp,7.1,,7.1,,188,,,,,,
GAZP5,site,gazp,5,1,temp,7.1,,7.1,,189,,,,,,
GAZP5,site,gazp,5,1,temp,7.1,,7.1,,190,,,,,,
GAZP5,site,gazp,5,1,temp,7.1,,7.1,,191,,,,,,
GAZP5,site,gazp,5,1,temp,7.1,,7.1,,192,,,,,,
GAZP5,site,gazp,5,1,temp,7.1,,7.1,,193,,,,,,
GAZP5,site,gazp,5,1,temp,7.1,,7.1,,194,,,,,,
GAZP5,site,gazp,5,1,temp,7.1,,7.1,,195,,,,,,
GAZP5,site,gazp,5,1,temp,7.1,,7.1,,196,,,,,,
GAZP5,site,gazp,5,1,temp,7.1,,7.1,,197,,,,,,
GAZP5,site,gazp,5,1,temp,7.1,,7.1,,198,,,,,,
GAZP5,site,gazp,5,1,temp,7.1,,7.1,,199,,,,,,
GAZP5,site,gazp,5,1,temp,7.1,,7.1,,200,,,,,,
GAZP5,site,gazp,5,1,temp,7.1,,7.1,,201,,,,,,
GAZP5,site,gazp,5,1,temp,7.1,,7.1,,202,,,,,,
GAZP5,site,gazp,5,1,temp,7.1,,7.1,,203,,,,,,
GAZP5,site,gazp,5,1,temp,7.1,,7.1,,204,,,,,,
GAZP5,site,gazp,5,1,temp,7.1,,7.1,,205,,,,,,
GAZP5,site,gazp,5,1,temp,7.1,,7.1,,206,,,,,,
GAZP5,site,gazp,5,1,temp,7.1,,7.1,,207,,,,,,
GAZP5,site,gazp,5,1,temp,7.1,,7.1,,208,,,,,,
GAZP5,site,gazp,5,1,temp,7.1,,7.1,,209,,,,,,
GAZP5,site,gazp,5,1,temp,7.1,,7.1,,210,,,,,,
GAZP5,site,gazp,5,1,temp,7.1,,7.1,,211,,,,,,
GAZP5,site,gazp,5,1,temp,7.1,,7.1,,212,,,,,,
GAZP5,site,gazp,5,1,temp,7.1,,7.1,,213,,,,,,
GAZP5,site,gazp,5,1,temp,7.1,,7.1,,214,,,,,,
GAZP5,site,gazp,5,1,temp,7.1,,7.1,,215,,,,,,
GAZP5,site,gazp,5,1,temp,7.1,,7.1,,216,,,,,,
GAZP5,site,gazp,5,1,temp,7.1,,7.1,,217,,,,,,
GAZP5,site,gazp,5,1,temp,7.1,,7.1,,218,,,,,,
GAZP5,site,gazp,5,1,temp,7.1,,7.1,,219,,,,,,
GAZP5,site,gazp,5,1,temp,7.1,,7.1,,220,,,,,,
GAZP5,site,gazp,5,1,temp,7.1,,7.1,,221,,,,,,
GAZP5,site,gazp,5,1,temp,7.1,,7.1,,222,,,,,,
GAZP5,site,gazp,5,1,temp,7.1,,7.1,,223,,,,,,
GAZP5,site,gazp,5,1,temp,7.1,,7.1,,224,,,,,,
GAZP5,site,gazp,5,1,temp,7.1,,7.1,,225,,,,,,
GAZP5,site,gazp,5,1,temp,7.1,,7.1,,226,,,,,,
GAZP5,site,gazp,5,1,temp,7.1,,7.1,,227,,,,,,
GAZP5,site,gazp,5,1,temp,7.1,,7.1,,228,,,,,,
GAZP5,site,gazp,5,1,temp,7.1,,7.1,,229,,,,,,
GAZP5,site,gazp,5,1,temp,7.1,,7.1,,230,,,,,,
GAZP5,site,gazp,5,1,temp,7.1,,7.1,,231,,,,,,
GAZP5,site,gazp,5,1,temp,7.1,,7.1,,232,,,,,,
GAZP5,site,gazp,5,1,temp,7.1,,7.1,,233,,,,,,
GAZP5,site,gazp,5,1,temp,7.1,,7.1,,234,,,,,,
GAZP5,site,gazp,5,1,temp,7.1,,7.1,,235,,,,,,
GAZP5,site,gazp,5,1,temp,7.1,,7.1,,236,,,,,,
GAZP5,site,gazp,5,1,temp,7.1,,7.1,,237,,,,,,
GAZP5,site,gazp,5,1,temp,7.1,,7.1,,238,,,,,,
GAZP5,site,gazp,5,1,temp,7.1,,7.1,,239,,,,,,
GAZP5,site,gazp,5,1,temp,7.1,,7.1,,240,,,,,,
GAZP5,site,gazp,5,1,temp,7.1,,7.1,,241,,,,,,
GAZP5,site,gazp,5,1,temp,7.1,,7.1,,242,,,,,,
GAZP5,site,gazp,5,1,temp,7.1,,7.1,,243,,,,,,
GAZP5,site,gazp,5,1,temp,7.1,,7.1,,244,,,,,,
GAZP5,site,gazp,5,1,temp,7.1,,7.1,,245,,,,,,
GAZP5,site,gazp,5,1,temp,7.1,,7.1,,246,,,,,,
GAZP5,site,gazp,5,1,temp,7.1,,7.1,,247,,,,,,
GAZP5,site,gazp,5,1,temp,7.1,,7.1,,248,,,,,,
GAZP5,site,gazp,5,1,temp,7.1,,7.1,,249,,,,,,
GAZP5,site,gazp,5,1,temp,7.1,,7.1,,250,,,,,,
GAZP5,site,gazp,5,1,temp,7.1,,7.1,,251,,,,,,
GAZP5,site,gazp,5,1,temp,7.1,,7.1,,252,,,,,,
GAZP5,site,gazp,5,1,temp,7.1,,7.1,,253,,,,,,
GAZP5,site,gazp,5,1,temp,7.1,,7.1,,254,,,,,,
GAZP5,site,gazp,5,1,temp,7.1,,7.1,,255,,,,,,
GAZP5,site,gazp,5,1,temp,7.1,,7.1,,256,,,,,,
GAZP5,site,gazp,5,1,temp,7.1,,7.1,,257,,,,,,
GAZP5,site,gazp,5,1,temp,7.1,,7.1,,258,,,,,,
GAZP5,site,gazp,5,1,temp,7.1,,7.1,,259,,,,,,
GAZP5,site,gazp,5,1,temp,7.1,,7.1,,260,,,,,,
GAZP5,site,gazp,5,1,temp,7.1,,7.1,,261,,,,,,
GAZP5,site,gazp,5,1,temp,7.1,,7.1,,262,,,,,,
GAZP5,site,gazp,5,1,temp,7.1,,7.1,,263,,,,,,
GAZP5,site,gazp,5,1,temp,7.1,,7.1,,264,,,,,,
GAZP5,site,gazp,5,1,temp,7.1,,7.1,,265,,,,,,
GAZP5,site,gazp,5,1,temp,7.1,,7.1,,266,,,,,,
GAZP5,site,gazp,5,1,temp,7.1,,7.1,,267,,,,,,
GAZP5,site,gazp,5,1,temp,7.1,,7.1,,268,,,,,,
GAZP5,site,gazp,5,1,temp,7.1,,7.1,,269,,,,,,
GAZP5,site,gazp,5,1,temp,7.1,,7.1,,270,,,,,,
GAZP5,site,gazp,5,1,temp,7.1,,7.1,,271,,,,,,
GAZP5,site,gazp,5,1,temp,7.1,,7.1,,272,,,,,,
GAZP5,site,gazp,5,1,temp,7.1,,7.1,,273,,,,,,
GAZP5,site,gazp,5,1,temp,7.1,,7.1,,274,,,,,,
GAZP5,site,gazp,5,1,temp,7.1,,7.1,,275,,,,,,
GAZP5,site,gazp,5,1,temp,7.1,,7.1,,276,,,,,,
GAZP5,site,gazp,5,1,temp,7.1,,7.1,,277,,,,,,
GAZP5,site,gazp,5,1,temp,7.1,,7.1,,278,,,,,,
GAZP5,site,gazp,5,1,temp,7.1,,7.1,,279,,,,,,
GAZP5,site,gazp,5,1,temp,7.1,,7.1,,280,,,,,,
GAZP5,site,gazp,5,1,temp,7.1,,7.1,,281,,,,,,
GAZP5,site,gazp,5,1,temp,7.1,,7.1,,282,,,,,,
GAZP5,site,gazp,5,1,temp,7.1,,7.1,,283,,,,,,
GAZP5,site,gazp,5,1,temp,7.1,,7.1,,284,,,,,,
GAZP5,site,gazp,5,1,temp,7.1,,7.1,,285,,,,,,
GAZP5,site,gazp,5,1,temp,7.1,,7.1,,286,,,,,,
GAZP5,site,gazp,5,1,temp,7.1,,7.1,,287,,,,,,
GAZP5,site,gazp,5,1,temp,7.1,,7.1,,288,,,,,,
GAZP5,site,gazp,5,1,temp,7.1,,7.1,,289,,,,,,
GAZP5,site,gazp,5,1,temp,7.1,,7.1,,290,,,,,,
GAZP5,site,gazp,5,1,temp,7.1,,7.1,,291,,,,,,
GAZP5,site,gazp,5,1,temp,7.1,,7.1,,292,,,,,,
GAZP5,site,gazp,5,1,temp,7.1,,7.1,,293,,,,,,
GAZP5,site,gazp,5,1,temp,7.1,,7.1,,294,,,,,,
GAZP5,site,gazp,5,1,temp,7.1,,7.1,,295,,,,,,
GAZP5,site,gazp,5,1,temp,7.1,,7.1,,296,,,,,,
GAZP5,site,gazp,5,1,temp,7.1,,7.1,,297,,,,,,
GAZP5,site,gazp,5,1,temp,7.1,,7.1,,298,,,,,,
GAZP5,site,gazp,5,1,temp,7.1,,7.1,,299,,,,,,
GAZP5,site,gazp,5,1,temp,7.1,,7.1,,300,,,,,,
GAZP5,site,gazp,5,1,temp,7.1,,7.1,,301,,,,,,
GAZP5,site,gazp,5,1,temp,7.1,,7.1,,302,,,,,,
GAZP5,site,gazp,5,1,temp,7.1,,7.1,,303,,,,,,
GAZP5,site,gazp,5,1,temp,7.1,,7.1,,304,,,,,,
GAZP5,site,gazp,5,1,temp,7.1,,7.1,,305,,,,,,
GAZP5,site,gazp,5,1,temp,7.1,,7.1,,306,,,,,,
GAZP5,site,gazp,5,1,temp,7.1,,7.1,,307,,,,,,
GAZP5,site,gazp,5,1,temp,7.1,,7.1,,308,,,,,,
GAZP5,site,gazp,5,1,temp,7.1,,7.1,,309,,,,,,
GAZP5,site,gazp,5,1,temp,7.1,,7.1,,310,,,,,,
GAZP5,site,gazp,5,1,temp,7.1,,7.1,,311,,,,,,
GAZP5,site,gazp,5,1,temp,7.1,,7.1,,312,,,,,,
GAZP5,site,gazp,5,1,temp,7.1,,7.1,,313,,,,,,
GAZP5,site,gazp,5,1,temp,7.1,,7.1,,314,,,,,,
GAZP5,site,gazp,5,1,temp,7.1,,7.1,,315,,,,,,
GAZP5,site,gazp,5,1,temp,7.1,,7.1,,316,,,,,,
GAZP5,site,gazp,5,1,temp,7.1,,7.1,,317,,,,,,
GAZP5,site,gazp,5,1,temp,7.1,,7.1,,318,,,,,,
GAZP5,site,gazp,5,1,temp,7.1,,7.1,,319,,,,,,
GAZP5,site,gazp,5,1,temp,7.1,,7.1,,320,,,,,,
GAZP5,site,gazp,5,1,temp,7.1,,7.1,,321,,,,,,
GAZP5,site,gazp,5,1,temp,7.1,,7.1,,322,,,,,,
GAZP5,site,gazp,5,1,temp,6.6,,6.6,,323,,,,,,
GAZP5,site,gazp,5,1,temp,6.6,,6.6,,324,,,,,,
GAZP5,site,gazp,5,1,temp,6.6,,6.6,,325,,,,,,
GAZP5,site,gazp,5,1,temp,6.6,,6.6,,326,,,,,,
GAZP5,site,gazp,5,1,temp,6.6,,6.6,,327,,,,,,
GAZP5,site,gazp,5,1,temp,6.6,,6.6,,328,,,,,,
GAZP5,site,gazp,5,1,temp,6.6,,6.6,,329,,,,,,
GAZP5,site,gazp,5,1,temp,6.6,,6.6,,330,,,,,,
GAZP5,site,gazp,5,1,temp,6.6,,6.6,,331,,,,,,
GAZP5,site,gazp,5,1,temp,6.6,,6.6,,332,,,,,,
GAZP5,site,gazp,5,1,temp,6.6,,6.6,,333,,,,,,
GAZP5,site,gazp,5,1,temp,6.6,,6.6,,334,,,,,,
GAZP5,site,gazp,5,1,temp,6.6,,6.6,,335,,,,,,
GAZP5,site,gazp,5,1,temp,6.6,,6.6,,336,,,,,,
GAZP5,site,gazp,5,1,temp,6.6,,6.6,,337,,,,,,
GAZP5,site,gazp,5,1,temp,6.6,,6.6,,338,,,,,,
GAZP5,site,gazp,5,1,temp,6.6,,6.6,,339,,,,,,
GAZP5,site,gazp,5,1,temp,6.6,,6.6,,340,,,,,,
GAZP5,site,gazp,5,1,temp,6.6,,6.6,,341,,,,,,
GAZP5,site,gazp,5,1,temp,6.6,,6.6,,342,,,,,,
GAZP5,site,gazp,5,1,temp,6.6,,6.6,,343,,,,,,
GAZP5,site,gazp,5,1,temp,6.6,,6.6,,344,,,,,,
GAZP5,site,gazp,5,1,temp,6.6,,6.6,,345,,,,,,
GAZP5,site,gazp,5,1,temp,6.6,,6.6,,346,,,,,,
GAZP5,site,gazp,5,1,temp,6.6,,6.6,,347,,,,,,
GAZP5,site,gazp,5,1,temp,6.6,,6.6,,348,,,,,,
GAZP5,site,gazp,5,1,temp,6.6,,6.6,,349,,,,,,
GAZP5,site,gazp,5,1,temp,6.6,,6.6,,350,,,,,,
GAZP5,site,gazp,5,1,temp,6.6,,6.6,,351,,,,,,
GAZP5,site,gazp,5,1,temp,6.6,,6.6,,352,,,,,,
GAZP5,site,gazp,5,1,temp,6.6,,6.6,,353,,,,,,
GAZP5,site,gazp,5,1,temp,6.6,,6.6,,354,,,,,,
GAZP5,site,gazp,5,1,temp,6.6,,6.6,,355,,,,,,
GAZP5,site,gazp,5,1,temp,6.6,,6.6,,356,,,,,,
GAZP5,site,gazp,5,1,temp,6.6,,6.6,,357,,,,,,
GAZP5,site,gazp,5,1,temp,6.6,,6.6,,358,,,,,,
GAZP5,site,gazp,5,1,temp,6.6,,6.6,,359,,,,,,
GAZP5,site,gazp,5,1,temp,6.6,,6.6,,360,,,,,,
GAZP5,site,gazp,5,1,temp,6.6,,6.6,,361,,,,,,
GAZP5,site,gazp,5,1,temp,6.6,,6.6,,362,,,,,,
GAZP5,site,gazp,5,1,temp,6.6,,6.6,,363,,,,,,
GAZP5,site,gazp,5,1,temp,6.6,,6.6,,364,,,,,,
GAZP5,site,gazp,5,1,temp,6.6,,6.6,,365,,,,,,
GAZP5,site,gazp,5,1,temp,6.6,,6.6,,366,,,,,,
GAZP5,site,gazp,5,1,temp,6.6,,6.6,,367,,,,,,
GAZP5,site,gazp,5,1,temp,6.6,,6.6,,368,,,,,,
GAZP5,site,gazp,5,1,temp,6.6,,6.6,,369,,,,,,
GAZP5,site,gazp,5,1,drange,16.7,,16.7,,177,,,,,,
GAZP5,site,gazp,5,1,drange,16.7,,16.7,,178,,,,,,
GAZP5,site,gazp,5,1,drange,16.7,,16.7,,179,,,,,,
GAZP5,site,gazp,5,1,drange,16.7,,16.7,,180,,,,,,
GAZP5,site,gazp,5,1,drange,16.7,,16.7,,181,,,,,,
GAZP5,site,gazp,5,1,drange,16.7,,16.7,,182,,,,,,
GAZP5,site,gazp,5,1,drange,16.7,,16.7,,183,,,,,,
GAZP5,site,gazp,5,1,drange,16.7,,16.7,,184,,,,,,
GAZP5,site,gazp,5,1,drange,16.7,,16.7,,185,,,,,,
GAZP5,site,gazp,5,1,drange,16.7,,16.7,,186,,,,,,
GAZP5,site,gazp,5,1,drange,16.7,,16.7,,187,,,,,,
GAZP5,site,gazp,5,1,drange,16.7,,16.7,,188,,,,,,
GAZP5,site,gazp,5,1,drange,16.7,,16.7,,189,,,,,,
GAZP5,site,gazp,5,1,drange,16.7,,16.7,,190,,,,,,
GAZP5,site,gazp,5,1,drange,16.7,,16.7,,191,,,,,,
GAZP5,site,gazp,5,1,drange,16.7,,16.7,,192,,,,,,
GAZP5,site,gazp,5,1,drange,16.7,,16.7,,193,,,,,,
GAZP5,site,gazp,5,1,drange,16.7,,16.7,,194,,,,,,
GAZP5,site,gazp,5,1,drange,16.7,,16.7,,195,,,,,,
GAZP5,site,gazp,5,1,drange,16.7,,16.7,,196,,,,,,
GAZP5,site,gazp,5,1,drange,16.7,,16.7,,197,,,,,,
GAZP5,site,gazp,5,1,drange,16.7,,16.7,,198,,,,,,
GAZP5,site,gazp,5,1,drange,16.7,,16.7,,199,,,,,,
GAZP5,site,gazp,5,1,drange,16.7,,16.7,,200,,,,,,
GAZP5,site,gazp,5,1,drange,16.7,,16.7,,201,,,,,,
GAZP5,site,gazp,5,1,drange,16.7,,16.7,,202,,,,,,
GAZP5,site,gazp,5,1,drange,16.7,,16.7,,203,,,,,,
GAZP5,site,gazp,5,1,drange,16.7,,16.7,,204,,,,,,
GAZP5,site,gazp,5,1,drange,16.7,,16.7,,205,,,,,,
GAZP5,site,gazp,5,1,drange,16.7,,16.7,,206,,,,,,
GAZP5,site,gazp,5,1,drange,16.7,,16.7,,207,,,,,,
GAZP5,site,gazp,5,1,drange,16.7,,16.7,,208,,,,,,
GAZP5,site,gazp,5,1,drange,16.7,,16.7,,209,,,,,,
GAZP5,site,gazp,5,1,drange,16.7,,16.7,,210,,,,,,
GAZP5,site,gazp,5,1,drange,16.7,,16.7,,211,,,,,,
GAZP5,site,gazp,5,1,drange,16.7,,16.7,,212,,,,,,
GAZP5,site,gazp,5,1,drange,16.7,,16.7,,213,,,,,,
GAZP5,site,gazp,5,1,drange,16.7,,16.7,,214,,,,,,
GAZP5,site,gazp,5,1,drange,16.7,,16.7,,215,,,,,,
GAZP5,site,gazp,5,1,drange,16.7,,16.7,,216,,,,,,
GAZP5,site,gazp,5,1,drange,16.7,,16.7,,217,,,,,,
GAZP5,site,gazp,5,1,drange,16.7,,16.7,,218,,,,,,
GAZP5,site,gazp,5,1,drange,16.7,,16.7,,219,,,,,,
GAZP5,site,gazp,5,1,drange,16.7,,16.7,,220,,,,,,
GAZP5,site,gazp,5,1,drange,16.7,,16.7,,221,,,,,,
GAZP5,site,gazp,5,1,drange,16.7,,16.7,,222,,,,,,
GAZP5,site,gazp,5,1,drange,16.7,,16.7,,223,,,,,,
GAZP5,site,gazp,5,1,drange,16.7,,16.7,,224,,,,,,
GAZP5,site,gazp,5,1,drange,16.7,,16.7,,225,,,,,,
GAZP5,site,gazp,5,1,drange,16.7,,16.7,,226,,,,,,
GAZP5,site,gazp,5,1,drange,16.7,,16.7,,227,,,,,,
GAZP5,site,gazp,5,1,drange,16.7,,16.7,,228,,,,,,
GAZP5,site,gazp,5,1,drange,16.7,,16.7,,229,,,,,,
GAZP5,site,gazp,5,1,drange,16.7,,16.7,,230,,,,,,
GAZP5,site,gazp,5,1,drange,16.7,,16.7,,231,,,,,,
GAZP5,site,gazp,5,1,drange,16.7,,16.7,,232,,,,,,
GAZP5,site,gazp,5,1,drange,16.7,,16.7,,233,,,,,,
GAZP5,site,gazp,5,1,drange,16.7,,16.7,,234,,,,,,
GAZP5,site,gazp,5,1,drange,16.7,,16.7,,235,,,,,,
GAZP5,site,gazp,5,1,drange,16.7,,16.7,,236,,,,,,
GAZP5,site,gazp,5,1,drange,16.7,,16.7,,237,,,,,,
GAZP5,site,gazp,5,1,drange,16.7,,16.7,,238,,,,,,
GAZP5,site,gazp,5,1,drange,16.7,,16.7,,239,,,,,,
GAZP5,site,gazp,5,1,drange,16.7,,16.7,,240,,,,,,
GAZP5,site,gazp,5,1,drange,16.7,,16.7,,241,,,,,,
GAZP5,site,gazp,5,1,drange,16.7,,16.7,,242,,,,,,
GAZP5,site,gazp,5,1,drange,16.7,,16.7,,243,,,,,,
GAZP5,site,gazp,5,1,drange,16.7,,16.7,,244,,,,,,
GAZP5,site,gazp,5,1,drange,16.7,,16.7,,245,,,,,,
GAZP5,site,gazp,5,1,drange,16.7,,16.7,,246,,,,,,
GAZP5,site,gazp,5,1,drange,16.7,,16.7,,247,,,,,,
GAZP5,site,gazp,5,1,drange,16.7,,16.7,,248,,,,,,
GAZP5,site,gazp,5,1,drange,16.7,,16.7,,249,,,,,,
GAZP5,site,gazp,5,1,drange,16.7,,16.7,,250,,,,,,
GAZP5,site,gazp,5,1,drange,16.7,,16.7,,251,,,,,,
GAZP5,site,gazp,5,1,drange,16.7,,16.7,,252,,,,,,
GAZP5,site,gazp,5,1,drange,16.7,,16.7,,253,,,,,,
GAZP5,site,gazp,5,1,drange,16.7,,16.7,,254,,,,,,
GAZP5,site,gazp,5,1,drange,16.7,,16.7,,255,,,,,,
GAZP5,site,gazp,5,1,drange,16.7,,16.7,,256,,,,,,
GAZP5,site,gazp,5,1,drange,16.7,,16.7,,257,,,,,,
GAZP5,site,gazp,5,1,drange,16.7,,16.7,,258,,,,,,
GAZP5,site,gazp,5,1,drange,16.7,,16.7,,259,,,,,,
GAZP5,site,gazp,5,1,drange,16.7,,16.7,,260,,,,,,
GAZP5,site,gazp,5,1,drange,16.7,,16.7,,261,,,,,,
GAZP5,site,gazp,5,1,drange,16.7,,16.7,,262,,,,,,
GAZP5,site,gazp,5,1,drange,16.7,,16.7,,263,,,,,,
GAZP5,site,gazp,5,1,drange,16.7,,16.7,,264,,,,,,
GAZP5,site,gazp,5,1,drange,16.7,,16.7,,265,,,,,,
GAZP5,site,gazp,5,1,drange,16.7,,16.7,,266,,,,,,
GAZP5,site,gazp,5,1,drange,16.7,,16.7,,267,,,,,,
GAZP5,site,gazp,5,1,drange,16.7,,16.7,,268,,,,,,
GAZP5,site,gazp,5,1,drange,16.7,,16.7,,269,,,,,,
GAZP5,site,gazp,5,1,drange,16.7,,16.7,,270,,,,,,
GAZP5,site,gazp,5,1,drange,16.7,,16.7,,271,,,,,,
GAZP5,site,gazp,5,1,drange,16.7,,16.7,,272,,,,,,
GAZP5,site,gazp,5,1,drange,16.7,,16.7,,273,,,,,,
GAZP5,site,gazp,5,1,drange,16.7,,16.7,,274,,,,,,
GAZP5,site,gazp,5,1,drange,16.7,,16.7,,275,,,,,,
GAZP5,site,gazp,5,1,drange,16.7,,16.7,,276,,,,,,
GAZP5,site,gazp,5,1,drange,16.7,,16.7,,277,,,,,,
GAZP5,site,gazp,5,1,drange,16.7,,16.7,,278,,,,,,
GAZP5,site,gazp,5,1,drange,16.7,,16.7,,279,,,,,,
GAZP5,site,gazp,5,1,drange,16.7,,16.7,,280,,,,,,
GAZP5,site,gazp,5,1,drange,16.7,,16.7,,281,,,,,,
GAZP5,site,gazp,5,1,drange,16.7,,16.7,,282,,,,,,
GAZP5,site,gazp,5,1,drange,16.7,,16.7,,283,,,,,,
GAZP5,site,gazp,5,1,drange,16.7,,16.7,,284,,,,,,
GAZP5,site,gazp,5,1,drange,16.7,,16.7,,285,,,,,,
GAZP5,site,gazp,5,1,drange,16.7,,16.7,,286,,,,,,
GAZP5,site,gazp,5,1,drange,16.7,,16.7,,287,,,,,,
GAZP5,site,gazp,5,1,drange,16.7,,16.7,,288,,,,,,
GAZP5,site,gazp,5,1,drange,16.7,,16.7,,289,,,,,,
GAZP5,site,gazp,5,1,drange,16.7,,16.7,,290,,,,,,
GAZP5,site,gazp,5,1,drange,16.7,,16.7,,291,,,,,,
GAZP5,site,gazp,5,1,drange,16.7,,16.7,,292,,,,,,
GAZP5,site,gazp,5,1,drange,16.7,,16.7,,293,,,,,,
GAZP5,site,gazp,5,1,drange,16.7,,16.7,,294,,,,,,
GAZP5,site,gazp,5,1,drange,16.7,,16.7,,295,,,,,,
GAZP5,site,gazp,5,1,drange,16.7,,16.7,,296,,,,,,
GAZP5,site,gazp,5,1,drange,16.7,,16.7,,297,,,,,,
GAZP5,site,gazp,5,1,drange,16.7,,16.7,,298,,,,,,
GAZP5,site,gazp,5,1,drange,16.7,,16.7,,299,,,,,,
GAZP5,site,gazp,5,1,drange,16.7,,16.7,,300,,,,,,
GAZP5,site,gazp,5,1,drange,16.7,,16.7,,301,,,,,,
GAZP5,site,gazp,5,1,drange,16.7,,16.7,,302,,,,,,
GAZP5,site,gazp,5,1,drange,16.7,,16.7,,303,,,,,,
GAZP5,site,gazp,5,1,drange,16.7,,16.7,,304,,,,,,
GAZP5,site,gazp,5,1,drange,16.7,,16.7,,305,,,,,,
GAZP5,site,gazp,5,1,drange,16.7,,16.7,,306,,,,,,
GAZP5,site,gazp,5,1,drange,16.7,,16.7,,307,,,,,,
GAZP5,site,gazp,5,1,drange,16.7,,16.7,,308,,,,,,
GAZP5,site,gazp,5,1,drange,16.7,,16.7,,309,,,,,,
GAZP5,site,gazp,5,1,drange,16.7,,16.7,,310,,,,,,
GAZP5,site,gazp,5,1,drange,16.7,,16.7,,311,,,,,,
GAZP5,site,gazp,5,1,drange,16.7,,16.7,,312,,,,,,
GAZP5,site,gazp,5,1,drange,16.7,,16.7,,313,,,,,,
GAZP5,site,gazp,5,1,drange,16.7,,16.7,,314,,,,,,
GAZP5,site,gazp,5,1,drange,16.7,,16.7,,315,,,,,,
GAZP5,site,gazp,5,1,drange,16.7,,16.7,,316,,,,,,
GAZP5,site,gazp,5,1,drange,16.7,,16.7,,317,,,,,,
GAZP5,site,gazp,5,1,drange,16.7,,16.7,,318,,,,,,
GAZP5,site,gazp,5,1,drange,16.7,,16.7,,319,,,,,,
GAZP5,site,gazp,5,1,drange,16.7,,16.7,,320,,,,,,
GAZP5,site,gazp,5,1,drange,16.7,,16.7,,321,,,,,,
GAZP5,site,gazp,5,1,drange,16.7,,16.7,,322,,,,,,
GAZP5,site,gazp,5,1,drange,16.5,,16.5,,323,,,,,,
GAZP5,site,gazp,5,1,drange,16.5,,16.5,,324,,,,,,
GAZP5,site,gazp,5,1,drange,16.5,,16.5,,325,,,,,,
GAZP5,site,gazp,5,1,drange,16.5,,16.5,,326,,,,,,
GAZP5,site,gazp,5,1,drange,16.5,,16.5,,327,,,,,,
GAZP5,site,gazp,5,1,drange,16.5,,16.5,,328,,,,,,
GAZP5,site,gazp,5,1,drange,16.5,,16.5,,329,,,,,,
GAZP5,site,gazp,5,1,drange,16.5,,16.5,,330,,,,,,
GAZP5,site,gazp,5,1,drange,16.5,,16.5,,331,,,,,,
GAZP5,site,gazp,5,1,drange,16.5,,16.5,,332,,,,,,
GAZP5,site,gazp,5,1,drange,16.5,,16.5,,333,,,,,,
GAZP5,site,gazp,5,1,drange,16.5,,16.5,,334,,,,,,
GAZP5,site,gazp,5,1,drange,16.5,,16.5,,335,,,,,,
GAZP5,site,gazp,5,1,drange,16.5,,16.5,,336,,,,,,
GAZP5,site,gazp,5,1,drange,16.5,,16.5,,337,,,,,,
GAZP5,site,gazp,5,1,drange,16.5,,16.5,,338,,,,,,
GAZP5,site,gazp,5,1,drange,16.5,,16.5,,339,,,,,,
GAZP5,site,gazp,5,1,drange,16.5,,16.5,,340,,,,,,
GAZP5,site,gazp,5,1,drange,16.5,,16.5,,341,,,,,,
GAZP5,site,gazp,5,1,drange,16.5,,16.5,,342,,,,,,
GAZP5,site,gazp,5,1,drange,16.5,,16.5,,343,,,,,,
GAZP5,site,gazp,5,1,drange,16.5,,16.5,,344,,,,,,
GAZP5,site,gazp,5,1,drange,16.5,,16.5,,345,,,,,,
GAZP5,site,gazp,5,1,drange,16.5,,16.5,,346,,,,,,
GAZP5,site,gazp,5,1,drange,16.5,,16.5,,347,,,,,,
GAZP5,site,gazp,5,1,drange,16.5,,16.5,,348,,,,,,
GAZP5,site,gazp,5,1,drange,16.5,,16.5,,349,,,,,,
GAZP5,site,gazp,5,1,drange,16.5,,16.5,,350,,,,,,
GAZP5,site,gazp,5,1,drange,16.5,,16.5,,351,,,,,,
GAZP5,site,gazp,5,1,drange,16.5,,16.5,,352,,,,,,
GAZP5,site,gazp,5,1,drange,16.5,,16.5,,353,,,,,,
GAZP5,site,gazp,5,1,drange,16.5,,16.5,,354,,,,,,
GAZP5,site,gazp,5,1,drange,16.5,,16.5,,355,,,,,,
GAZP5,site,gazp,5,1,drange,16.5,,16.5,,356,,,,,,
GAZP5,site,gazp,5,1,drange,16.5,,16.5,,357,,,,,,
GAZP5,site,gazp,5,1,drange,16.5,,16.5,,358,,,,,,
GAZP5,site,gazp,5,1,drange,16.5,,16.5,,359,,,,,,
GAZP5,site,gazp,5,1,drange,16.5,,16.5,,360,,,,,,
GAZP5,site,gazp,5,1,drange,16.5,,16.5,,361,,,,,,
GAZP5,site,gazp,5,1,drange,16.5,,16.5,,362,,,,,,
GAZP5,site,gazp,5,1,drange,16.5,,16.5,,363,,,,,,
GAZP5,site,gazp,5,1,drange,16.5,,16.5,,364,,,,,,
GAZP5,site,gazp,5,1,drange,16.5,,16.5,,365,,,,,,
GAZP5,site,gazp,5,1,drange,16.5,,16.5,,366,,,,,,
GAZP5,site,gazp,5,1,drange,16.5,,16.5,,367,,,,,,
GAZP5,site,gazp,5,1,drange,16.5,,16.5,,368,,,,,,
GAZP5,site,gazp,5,1,drange,16.5,,16.5,,369,,,,,,
GAZP5,site,gazp,5,1,iso,3.7,,3.7,,177,,,,,,
GAZP5,site,gazp,5,1,iso,3.7,,3.7,,178,,,,,,
GAZP5,site,gazp,5,1,iso,3.7,,3.7,,179,,,,,,
GAZP5,site,gazp,5,1,iso,3.7,,3.7,,180,,,,,,
GAZP5,site,gazp,5,1,iso,3.7,,3.7,,181,,,,,,
GAZP5,site,gazp,5,1,iso,3.7,,3.7,,182,,,,,,
GAZP5,site,gazp,5,1,iso,3.7,,3.7,,183,,,,,,
GAZP5,site,gazp,5,1,iso,3.7,,3.7,,184,,,,,,
GAZP5,site,gazp,5,1,iso,3.7,,3.7,,185,,,,,,
GAZP5,site,gazp,5,1,iso,3.7,,3.7,,186,,,,,,
GAZP5,site,gazp,5,1,iso,3.7,,3.7,,187,,,,,,
GAZP5,site,gazp,5,1,iso,3.7,,3.7,,188,,,,,,
GAZP5,site,gazp,5,1,iso,3.7,,3.7,,189,,,,,,
GAZP5,site,gazp,5,1,iso,3.7,,3.7,,190,,,,,,
GAZP5,site,gazp,5,1,iso,3.7,,3.7,,191,,,,,,
GAZP5,site,gazp,5,1,iso,3.7,,3.7,,192,,,,,,
GAZP5,site,gazp,5,1,iso,3.7,,3.7,,193,,,,,,
GAZP5,site,gazp,5,1,iso,3.7,,3.7,,194,,,,,,
GAZP5,site,gazp,5,1,iso,3.7,,3.7,,195,,,,,,
GAZP5,site,gazp,5,1,iso,3.7,,3.7,,196,,,,,,
GAZP5,site,gazp,5,1,iso,3.7,,3.7,,197,,,,,,
GAZP5,site,gazp,5,1,iso,3.7,,3.7,,198,,,,,,
GAZP5,site,gazp,5,1,iso,3.7,,3.7,,199,,,,,,
GAZP5,site,gazp,5,1,iso,3.7,,3.7,,200,,,,,,
GAZP5,site,gazp,5,1,iso,3.7,,3.7,,201,,,,,,
GAZP5,site,gazp,5,1,iso,3.7,,3.7,,202,,,,,,
GAZP5,site,gazp,5,1,iso,3.7,,3.7,,203,,,,,,
GAZP5,site,gazp,5,1,iso,3.7,,3.7,,204,,,,,,
GAZP5,site,gazp,5,1,iso,3.7,,3.7,,205,,,,,,
GAZP5,site,gazp,5,1,iso,3.7,,3.7,,206,,,,,,
GAZP5,site,gazp,5,1,iso,3.7,,3.7,,207,,,,,,
GAZP5,site,gazp,5,1,iso,3.7,,3.7,,208,,,,,,
GAZP5,site,gazp,5,1,iso,3.7,,3.7,,209,,,,,,
GAZP5,site,gazp,5,1,iso,3.7,,3.7,,210,,,,,,
GAZP5,site,gazp,5,1,iso,3.7,,3.7,,211,,,,,,
GAZP5,site,gazp,5,1,iso,3.7,,3.7,,212,,,,,,
GAZP5,site,gazp,5,1,iso,3.7,,3.7,,213,,,,,,
GAZP5,site,gazp,5,1,iso,3.7,,3.7,,214,,,,,,
GAZP5,site,gazp,5,1,iso,3.7,,3.7,,215,,,,,,
GAZP5,site,gazp,5,1,iso,3.7,,3.7,,216,,,,,,
GAZP5,site,gazp,5,1,iso,3.7,,3.7,,217,,,,,,
GAZP5,site,gazp,5,1,iso,3.7,,3.7,,218,,,,,,
GAZP5,site,gazp,5,1,iso,3.7,,3.7,,219,,,,,,
GAZP5,site,gazp,5,1,iso,3.7,,3.7,,220,,,,,,
GAZP5,site,gazp,5,1,iso,3.7,,3.7,,221,,,,,,
GAZP5,site,gazp,5,1,iso,3.7,,3.7,,222,,,,,,
GAZP5,site,gazp,5,1,iso,3.7,,3.7,,223,,,,,,
GAZP5,site,gazp,5,1,iso,3.7,,3.7,,224,,,,,,
GAZP5,site,gazp,5,1,iso,3.7,,3.7,,225,,,,,,
GAZP5,site,gazp,5,1,iso,3.7,,3.7,,226,,,,,,
GAZP5,site,gazp,5,1,iso,3.7,,3.7,,227,,,,,,
GAZP5,site,gazp,5,1,iso,3.7,,3.7,,228,,,,,,
GAZP5,site,gazp,5,1,iso,3.7,,3.7,,229,,,,,,
GAZP5,site,gazp,5,1,iso,3.7,,3.7,,230,,,,,,
GAZP5,site,gazp,5,1,iso,3.7,,3.7,,231,,,,,,
GAZP5,site,gazp,5,1,iso,3.7,,3.7,,232,,,,,,
GAZP5,site,gazp,5,1,iso,3.7,,3.7,,233,,,,,,
GAZP5,site,gazp,5,1,iso,3.7,,3.7,,234,,,,,,
GAZP5,site,gazp,5,1,iso,3.7,,3.7,,235,,,,,,
GAZP5,site,gazp,5,1,iso,3.7,,3.7,,236,,,,,,
GAZP5,site,gazp,5,1,iso,3.7,,3.7,,237,,,,,,
GAZP5,site,gazp,5,1,iso,3.7,,3.7,,238,,,,,,
GAZP5,site,gazp,5,1,iso,3.7,,3.7,,239,,,,,,
GAZP5,site,gazp,5,1,iso,3.7,,3.7,,240,,,,,,
GAZP5,site,gazp,5,1,iso,3.7,,3.7,,241,,,,,,
GAZP5,site,gazp,5,1,iso,3.7,,3.7,,242,,,,,,
GAZP5,site,gazp,5,1,iso,3.7,,3.7,,243,,,,,,
GAZP5,site,gazp,5,1,iso,3.7,,3.7,,244,,,,,,
GAZP5,site,gazp,5,1,iso,3.7,,3.7,,245,,,,,,
GAZP5,site,gazp,5,1,iso,3.7,,3.7,,246,,,,,,
GAZP5,site,gazp,5,1,iso,3.7,,3.7,,247,,,,,,
GAZP5,site,gazp,5,1,iso,3.7,,3.7,,248,,,,,,
GAZP5,site,gazp,5,1,iso,3.7,,3.7,,249,,,,,,
GAZP5,site,gazp,5,1,iso,3.7,,3.7,,250,,,,,,
GAZP5,site,gazp,5,1,iso,3.7,,3.7,,251,,,,,,
GAZP5,site,gazp,5,1,iso,3.7,,3.7,,252,,,,,,
GAZP5,site,gazp,5,1,iso,3.7,,3.7,,253,,,,,,
GAZP5,site,gazp,5,1,iso,3.7,,3.7,,254,,,,,,
GAZP5,site,gazp,5,1,iso,3.7,,3.7,,255,,,,,,
GAZP5,site,gazp,5,1,iso,3.7,,3.7,,256,,,,,,
GAZP5,site,gazp,5,1,iso,3.7,,3.7,,257,,,,,,
GAZP5,site,gazp,5,1,iso,3.7,,3.7,,258,,,,,,
GAZP5,site,gazp,5,1,iso,3.7,,3.7,,259,,,,,,
GAZP5,site,gazp,5,1,iso,3.7,,3.7,,260,,,,,,
GAZP5,site,gazp,5,1,iso,3.7,,3.7,,261,,,,,,
GAZP5,site,gazp,5,1,iso,3.7,,3.7,,262,,,,,,
GAZP5,site,gazp,5,1,iso,3.7,,3.7,,263,,,,,,
GAZP5,site,gazp,5,1,iso,3.7,,3.7,,264,,,,,,
GAZP5,site,gazp,5,1,iso,3.7,,3.7,,265,,,,,,
GAZP5,site,gazp,5,1,iso,3.7,,3.7,,266,,,,,,
GAZP5,site,gazp,5,1,iso,3.7,,3.7,,267,,,,,,
GAZP5,site,gazp,5,1,iso,3.7,,3.7,,268,,,,,,
GAZP5,site,gazp,5,1,iso,3.7,,3.7,,269,,,,,,
GAZP5,site,gazp,5,1,iso,3.7,,3.7,,270,,,,,,
GAZP5,site,gazp,5,1,iso,3.7,,3.7,,271,,,,,,
GAZP5,site,gazp,5,1,iso,3.7,,3.7,,272,,,,,,
GAZP5,site,gazp,5,1,iso,3.7,,3.7,,273,,,,,,
GAZP5,site,gazp,5,1,iso,3.7,,3.7,,274,,,,,,
GAZP5,site,gazp,5,1,iso,3.7,,3.7,,275,,,,,,
GAZP5,site,gazp,5,1,iso,3.7,,3.7,,276,,,,,,
GAZP5,site,gazp,5,1,iso,3.7,,3.7,,277,,,,,,
GAZP5,site,gazp,5,1,iso,3.7,,3.7,,278,,,,,,
GAZP5,site,gazp,5,1,iso,3.7,,3.7,,279,,,,,,
GAZP5,site,gazp,5,1,iso,3.7,,3.7,,280,,,,,,
GAZP5,site,gazp,5,1,iso,3.7,,3.7,,281,,,,,,
GAZP5,site,gazp,5,1,iso,3.7,,3.7,,282,,,,,,
GAZP5,site,gazp,5,1,iso,3.7,,3.7,,283,,,,,,
GAZP5,site,gazp,5,1,iso,3.7,,3.7,,284,,,,,,
GAZP5,site,gazp,5,1,iso,3.7,,3.7,,285,,,,,,
GAZP5,site,gazp,5,1,iso,3.7,,3.7,,286,,,,,,
GAZP5,site,gazp,5,1,iso,3.7,,3.7,,287,,,,,,
GAZP5,site,gazp,5,1,iso,3.7,,3.7,,288,,,,,,
GAZP5,site,gazp,5,1,iso,3.7,,3.7,,289,,,,,,
GAZP5,site,gazp,5,1,iso,3.7,,3.7,,290,,,,,,
GAZP5,site,gazp,5,1,iso,3.7,,3.7,,291,,,,,,
GAZP5,site,gazp,5,1,iso,3.7,,3.7,,292,,,,,,
GAZP5,site,gazp,5,1,iso,3.7,,3.7,,293,,,,,,
GAZP5,site,gazp,5,1,iso,3.7,,3.7,,294,,,,,,
GAZP5,site,gazp,5,1,iso,3.7,,3.7,,295,,,,,,
GAZP5,site,gazp,5,1,iso,3.7,,3.7,,296,,,,,,
GAZP5,site,gazp,5,1,iso,3.7,,3.7,,297,,,,,,
GAZP5,site,gazp,5,1,iso,3.7,,3.7,,298,,,,,,
GAZP5,site,gazp,5,1,iso,3.7,,3.7,,299,,,,,,
GAZP5,site,gazp,5,1,iso,3.7,,3.7,,300,,,,,,
GAZP5,site,gazp,5,1,iso,3.7,,3.7,,301,,,,,,
GAZP5,site,gazp,5,1,iso,3.7,,3.7,,302,,,,,,
GAZP5,site,gazp,5,1,iso,3.7,,3.7,,303,,,,,,
GAZP5,site,gazp,5,1,iso,3.7,,3.7,,304,,,,,,
GAZP5,site,gazp,5,1,iso,3.7,,3.7,,305,,,,,,
GAZP5,site,gazp,5,1,iso,3.7,,3.7,,306,,,,,,
GAZP5,site,gazp,5,1,iso,3.7,,3.7,,307,,,,,,
GAZP5,site,gazp,5,1,iso,3.7,,3.7,,308,,,,,,
GAZP5,site,gazp,5,1,iso,3.7,,3.7,,309,,,,,,
GAZP5,site,gazp,5,1,iso,3.7,,3.7,,310,,,,,,
GAZP5,site,gazp,5,1,iso,3.7,,3.7,,311,,,,,,
GAZP5,site,gazp,5,1,iso,3.7,,3.7,,312,,,,,,
GAZP5,site,gazp,5,1,iso,3.7,,3.7,,313,,,,,,
GAZP5,site,gazp,5,1,iso,3.7,,3.7,,314,,,,,,
GAZP5,site,gazp,5,1,iso,3.7,,3.7,,315,,,,,,
GAZP5,site,gazp,5,1,iso,3.7,,3.7,,316,,,,,,
GAZP5,site,gazp,5,1,iso,3.7,,3.7,,317,,,,,,
GAZP5,site,gazp,5,1,iso,3.7,,3.7,,318,,,,,,
GAZP5,site,gazp,5,1,iso,3.7,,3.7,,319,,,,,,
GAZP5,site,gazp,5,1,iso,3.7,,3.7,,320,,,,,,
GAZP5,site,gazp,5,1,iso,3.7,,3.7,,321,,,,,,
GAZP5,site,gazp,5,1,iso,3.7,,3.7,,322,,,,,,
GAZP5,site,gazp,5,1,iso,3.7,,3.7,,323,,,,,,
GAZP5,site,gazp,5,1,iso,3.7,,3.7,,324,,,,,,
GAZP5,site,gazp,5,1,iso,3.7,,3.7,,325,,,,,,
GAZP5,site,gazp,5,1,iso,3.7,,3.7,,326,,,,,,
GAZP5,site,gazp,5,1,iso,3.7,,3.7,,327,,,,,,
GAZP5,site,gazp,5,1,iso,3.7,,3.7,,328,,,,,,
GAZP5,site,gazp,5,1,iso,3.7,,3.7,,329,,,,,,
GAZP5,site,gazp,5,1,iso,3.7,,3.7,,330,,,,,,
GAZP5,site,gazp,5,1,iso,3.7,,3.7,,331,,,,,,
GAZP5,site,gazp,5,1,iso,3.7,,3.7,,332,,,,,,
GAZP5,site,gazp,5,1,iso,3.7,,3.7,,333,,,,,,
GAZP5,site,gazp,5,1,iso,3.7,,3.7,,334,,,,,,
GAZP5,site,gazp,5,1,iso,3.7,,3.7,,335,,,,,,
GAZP5,site,gazp,5,1,iso,3.7,,3.7,,336,,,,,,
GAZP5,site,gazp,5,1,iso,3.7,,3.7,,337,,,,,,
GAZP5,site,gazp,5,1,iso,3.7,,3.7,,338,,,,,,
GAZP5,site,gazp,5,1,iso,3.7,,3.7,,339,,,,,,
GAZP5,site,gazp,5,1,iso,3.7,,3.7,,340,,,,,,
GAZP5,site,gazp,5,1,iso,3.7,,3.7,,341,,,,,,
GAZP5,site,gazp,5,1,iso,3.7,,3.7,,342,,,,,,
GAZP5,site,gazp,5,1,iso,3.7,,3.7,,343,,,,,,
GAZP5,site,gazp,5,1,iso,3.7,,3.7,,344,,,,,,
GAZP5,site,gazp,5,1,iso,3.7,,3.7,,345,,,,,,
GAZP5,site,gazp,5,1,iso,3.7,,3.7,,346,,,,,,
GAZP5,site,gazp,5,1,iso,3.7,,3.7,,347,,,,,,
GAZP5,site,gazp,5,1,iso,3.7,,3.7,,348,,,,,,
GAZP5,site,gazp,5,1,iso,3.7,,3.7,,349,,,,,,
GAZP5,site,gazp,5,1,iso,3.7,,3.7,,350,,,,,,
GAZP5,site,gazp,5,1,iso,3.7,,3.7,,351,,,,,,
GAZP5,site,gazp,5,1,iso,3.7,,3.7,,352,,,,,,
GAZP5,site,gazp,5,1,iso,3.7,,3.7,,353,,,,,,
GAZP5,site,gazp,5,1,iso,3.7,,3.7,,354,,,,,,
GAZP5,site,gazp,5,1,iso,3.7,,3.7,,355,,,,,,
GAZP5,site,gazp,5,1,iso,3.7,,3.7,,356,,,,,,
GAZP5,site,gazp,5,1,iso,3.7,,3.7,,357,,,,,,
GAZP5,site,gazp,5,1,iso,3.7,,3.7,,358,,,,,,
GAZP5,site,gazp,5,1,iso,3.7,,3.7,,359,,,,,,
GAZP5,site,gazp,5,1,iso,3.7,,3.7,,360,,,,,,
GAZP5,site,gazp,5,1,iso,3.7,,3.7,,361,,,,,,
GAZP5,site,gazp,5,1,iso,3.7,,3.7,,362,,,,,,
GAZP5,site,gazp,5,1,iso,3.7,,3.7,,363,,,,,,
GAZP5,site,gazp,5,1,iso,3.7,,3.7,,364,,,,,,
GAZP5,site,gazp,5,1,iso,3.7,,3.7,,365,,,,,,
GAZP5,site,gazp,5,1,iso,3.7,,3.7,,366,,,,,,
GAZP5,site,gazp,5,1,iso,3.7,,3.7,,367,,,,,,
GAZP5,site,gazp,5,1,iso,3.7,,3.7,,368,,,,,,
GAZP5,site,gazp,5,1,iso,3.7,,3.7,,369,,,,,,
GAZP5,site,gazp,5,1,tseason,956.6,,956.6,,177,,,,,,
GAZP5,site,gazp,5,1,tseason,956.6,,956.6,,178,,,,,,
GAZP5,site,gazp,5,1,tseason,956.6,,956.6,,179,,,,,,
GAZP5,site,gazp,5,1,tseason,956.6,,956.6,,180,,,,,,
GAZP5,site,gazp,5,1,tseason,956.6,,956.6,,181,,,,,,
GAZP5,site,gazp,5,1,tseason,956.6,,956.6,,182,,,,,,
GAZP5,site,gazp,5,1,tseason,956.6,,956.6,,183,,,,,,
GAZP5,site,gazp,5,1,tseason,956.6,,956.6,,184,,,,,,
GAZP5,site,gazp,5,1,tseason,956.6,,956.6,,185,,,,,,
GAZP5,site,gazp,5,1,tseason,956.6,,956.6,,186,,,,,,
GAZP5,site,gazp,5,1,tseason,956.6,,956.6,,187,,,,,,
GAZP5,site,gazp,5,1,tseason,956.6,,956.6,,188,,,,,,
GAZP5,site,gazp,5,1,tseason,956.6,,956.6,,189,,,,,,
GAZP5,site,gazp,5,1,tseason,956.6,,956.6,,190,,,,,,
GAZP5,site,gazp,5,1,tseason,956.6,,956.6,,191,,,,,,
GAZP5,site,gazp,5,1,tseason,956.6,,956.6,,192,,,,,,
GAZP5,site,gazp,5,1,tseason,956.6,,956.6,,193,,,,,,
GAZP5,site,gazp,5,1,tseason,956.6,,956.6,,194,,,,,,
GAZP5,site,gazp,5,1,tseason,956.6,,956.6,,195,,,,,,
GAZP5,site,gazp,5,1,tseason,956.6,,956.6,,196,,,,,,
GAZP5,site,gazp,5,1,tseason,956.6,,956.6,,197,,,,,,
GAZP5,site,gazp,5,1,tseason,956.6,,956.6,,198,,,,,,
GAZP5,site,gazp,5,1,tseason,956.6,,956.6,,199,,,,,,
GAZP5,site,gazp,5,1,tseason,956.6,,956.6,,200,,,,,,
GAZP5,site,gazp,5,1,tseason,956.6,,956.6,,201,,,,,,
GAZP5,site,gazp,5,1,tseason,956.6,,956.6,,202,,,,,,
GAZP5,site,gazp,5,1,tseason,956.6,,956.6,,203,,,,,,
GAZP5,site,gazp,5,1,tseason,956.6,,956.6,,204,,,,,,
GAZP5,site,gazp,5,1,tseason,956.6,,956.6,,205,,,,,,
GAZP5,site,gazp,5,1,tseason,956.6,,956.6,,206,,,,,,
GAZP5,site,gazp,5,1,tseason,956.6,,956.6,,207,,,,,,
GAZP5,site,gazp,5,1,tseason,956.6,,956.6,,208,,,,,,
GAZP5,site,gazp,5,1,tseason,956.6,,956.6,,209,,,,,,
GAZP5,site,gazp,5,1,tseason,956.6,,956.6,,210,,,,,,
GAZP5,site,gazp,5,1,tseason,956.6,,956.6,,211,,,,,,
GAZP5,site,gazp,5,1,tseason,956.6,,956.6,,212,,,,,,
GAZP5,site,gazp,5,1,tseason,956.6,,956.6,,213,,,,,,
GAZP5,site,gazp,5,1,tseason,956.6,,956.6,,214,,,,,,
GAZP5,site,gazp,5,1,tseason,956.6,,956.6,,215,,,,,,
GAZP5,site,gazp,5,1,tseason,956.6,,956.6,,216,,,,,,
GAZP5,site,gazp,5,1,tseason,956.6,,956.6,,217,,,,,,
GAZP5,site,gazp,5,1,tseason,956.6,,956.6,,218,,,,,,
GAZP5,site,gazp,5,1,tseason,956.6,,956.6,,219,,,,,,
GAZP5,site,gazp,5,1,tseason,956.6,,956.6,,220,,,,,,
GAZP5,site,gazp,5,1,tseason,956.6,,956.6,,221,,,,,,
GAZP5,site,gazp,5,1,tseason,956.6,,956.6,,222,,,,,,
GAZP5,site,gazp,5,1,tseason,956.6,,956.6,,223,,,,,,
GAZP5,site,gazp,5,1,tseason,956.6,,956.6,,224,,,,,,
GAZP5,site,gazp,5,1,tseason,956.6,,956.6,,225,,,,,,
GAZP5,site,gazp,5,1,tseason,956.6,,956.6,,226,,,,,,
GAZP5,site,gazp,5,1,tseason,956.6,,956.6,,227,,,,,,
GAZP5,site,gazp,5,1,tseason,956.6,,956.6,,228,,,,,,
GAZP5,site,gazp,5,1,tseason,956.6,,956.6,,229,,,,,,
GAZP5,site,gazp,5,1,tseason,956.6,,956.6,,230,,,,,,
GAZP5,site,gazp,5,1,tseason,956.6,,956.6,,231,,,,,,
GAZP5,site,gazp,5,1,tseason,956.6,,956.6,,232,,,,,,
GAZP5,site,gazp,5,1,tseason,956.6,,956.6,,233,,,,,,
GAZP5,site,gazp,5,1,tseason,956.6,,956.6,,234,,,,,,
GAZP5,site,gazp,5,1,tseason,956.6,,956.6,,235,,,,,,
GAZP5,site,gazp,5,1,tseason,956.6,,956.6,,236,,,,,,
GAZP5,site,gazp,5,1,tseason,956.6,,956.6,,237,,,,,,
GAZP5,site,gazp,5,1,tseason,956.6,,956.6,,238,,,,,,
GAZP5,site,gazp,5,1,tseason,956.6,,956.6,,239,,,,,,
GAZP5,site,gazp,5,1,tseason,956.6,,956.6,,240,,,,,,
GAZP5,site,gazp,5,1,tseason,956.6,,956.6,,241,,,,,,
GAZP5,site,gazp,5,1,tseason,956.6,,956.6,,242,,,,,,
GAZP5,site,gazp,5,1,tseason,956.6,,956.6,,243,,,,,,
GAZP5,site,gazp,5,1,tseason,956.6,,956.6,,244,,,,,,
GAZP5,site,gazp,5,1,tseason,956.6,,956.6,,245,,,,,,
GAZP5,site,gazp,5,1,tseason,956.6,,956.6,,246,,,,,,
GAZP5,site,gazp,5,1,tseason,956.6,,956.6,,247,,,,,,
GAZP5,site,gazp,5,1,tseason,956.6,,956.6,,248,,,,,,
GAZP5,site,gazp,5,1,tseason,956.6,,956.6,,249,,,,,,
GAZP5,site,gazp,5,1,tseason,956.6,,956.6,,250,,,,,,
GAZP5,site,gazp,5,1,tseason,956.6,,956.6,,251,,,,,,
GAZP5,site,gazp,5,1,tseason,956.6,,956.6,,252,,,,,,
GAZP5,site,gazp,5,1,tseason,956.6,,956.6,,253,,,,,,
GAZP5,site,gazp,5,1,tseason,956.6,,956.6,,254,,,,,,
GAZP5,site,gazp,5,1,tseason,956.6,,956.6,,255,,,,,,
GAZP5,site,gazp,5,1,tseason,956.6,,956.6,,256,,,,,,
GAZP5,site,gazp,5,1,tseason,956.6,,956.6,,257,,,,,,
GAZP5,site,gazp,5,1,tseason,956.6,,956.6,,258,,,,,,
GAZP5,site,gazp,5,1,tseason,956.6,,956.6,,259,,,,,,
GAZP5,site,gazp,5,1,tseason,956.6,,956.6,,260,,,,,,
GAZP5,site,gazp,5,1,tseason,956.6,,956.6,,261,,,,,,
GAZP5,site,gazp,5,1,tseason,956.6,,956.6,,262,,,,,,
GAZP5,site,gazp,5,1,tseason,956.6,,956.6,,263,,,,,,
GAZP5,site,gazp,5,1,tseason,956.6,,956.6,,264,,,,,,
GAZP5,site,gazp,5,1,tseason,956.6,,956.6,,265,,,,,,
GAZP5,site,gazp,5,1,tseason,956.6,,956.6,,266,,,,,,
GAZP5,site,gazp,5,1,tseason,956.6,,956.6,,267,,,,,,
GAZP5,site,gazp,5,1,tseason,956.6,,956.6,,268,,,,,,
GAZP5,site,gazp,5,1,tseason,956.6,,956.6,,269,,,,,,
GAZP5,site,gazp,5,1,tseason,956.6,,956.6,,270,,,,,,
GAZP5,site,gazp,5,1,tseason,956.6,,956.6,,271,,,,,,
GAZP5,site,gazp,5,1,tseason,956.6,,956.6,,272,,,,,,
GAZP5,site,gazp,5,1,tseason,956.6,,956.6,,273,,,,,,
GAZP5,site,gazp,5,1,tseason,956.6,,956.6,,274,,,,,,
GAZP5,site,gazp,5,1,tseason,956.6,,956.6,,275,,,,,,
GAZP5,site,gazp,5,1,tseason,956.6,,956.6,,276,,,,,,
GAZP5,site,gazp,5,1,tseason,956.6,,956.6,,277,,,,,,
GAZP5,site,gazp,5,1,tseason,956.6,,956.6,,278,,,,,,
GAZP5,site,gazp,5,1,tseason,956.6,,956.6,,279,,,,,,
GAZP5,site,gazp,5,1,tseason,956.6,,956.6,,280,,,,,,
GAZP5,site,gazp,5,1,tseason,956.6,,956.6,,281,,,,,,
GAZP5,site,gazp,5,1,tseason,956.6,,956.6,,282,,,,,,
GAZP5,site,gazp,5,1,tseason,956.6,,956.6,,283,,,,,,
GAZP5,site,gazp,5,1,tseason,956.6,,956.6,,284,,,,,,
GAZP5,site,gazp,5,1,tseason,956.6,,956.6,,285,,,,,,
GAZP5,site,gazp,5,1,tseason,956.6,,956.6,,286,,,,,,
GAZP5,site,gazp,5,1,tseason,956.6,,956.6,,287,,,,,,
GAZP5,site,gazp,5,1,tseason,956.6,,956.6,,288,,,,,,
GAZP5,site,gazp,5,1,tseason,956.6,,956.6,,289,,,,,,
GAZP5,site,gazp,5,1,tseason,956.6,,956.6,,290,,,,,,
GAZP5,site,gazp,5,1,tseason,956.6,,956.6,,291,,,,,,
GAZP5,site,gazp,5,1,tseason,956.6,,956.6,,292,,,,,,
GAZP5,site,gazp,5,1,tseason,956.6,,956.6,,293,,,,,,
GAZP5,site,gazp,5,1,tseason,956.6,,956.6,,294,,,,,,
GAZP5,site,gazp,5,1,tseason,956.6,,956.6,,295,,,,,,
GAZP5,site,gazp,5,1,tseason,956.6,,956.6,,296,,,,,,
GAZP5,site,gazp,5,1,tseason,956.6,,956.6,,297,,,,,,
GAZP5,site,gazp,5,1,tseason,956.6,,956.6,,298,,,,,,
GAZP5,site,gazp,5,1,tseason,956.6,,956.6,,299,,,,,,
GAZP5,site,gazp,5,1,tseason,956.6,,956.6,,300,,,,,,
GAZP5,site,gazp,5,1,tseason,956.6,,956.6,,301,,,,,,
GAZP5,site,gazp,5,1,tseason,956.6,,956.6,,302,,,,,,
GAZP5,site,gazp,5,1,tseason,956.6,,956.6,,303,,,,,,
GAZP5,site,gazp,5,1,tseason,956.6,,956.6,,304,,,,,,
GAZP5,site,gazp,5,1,tseason,956.6,,956.6,,305,,,,,,
GAZP5,site,gazp,5,1,tseason,956.6,,956.6,,306,,,,,,
GAZP5,site,gazp,5,1,tseason,956.6,,956.6,,307,,,,,,
GAZP5,site,gazp,5,1,tseason,956.6,,956.6,,308,,,,,,
GAZP5,site,gazp,5,1,tseason,956.6,,956.6,,309,,,,,,
GAZP5,site,gazp,5,1,tseason,956.6,,956.6,,310,,,,,,
GAZP5,site,gazp,5,1,tseason,956.6,,956.6,,311,,,,,,
GAZP5,site,gazp,5,1,tseason,956.6,,956.6,,312,,,,,,
GAZP5,site,gazp,5,1,tseason,956.6,,956.6,,313,,,,,,
GAZP5,site,gazp,5,1,tseason,956.6,,956.6,,314,,,,,,
GAZP5,site,gazp,5,1,tseason,956.6,,956.6,,315,,,,,,
GAZP5,site,gazp,5,1,tseason,956.6,,956.6,,316,,,,,,
GAZP5,site,gazp,5,1,tseason,956.6,,956.6,,317,,,,,,
GAZP5,site,gazp,5,1,tseason,956.6,,956.6,,318,,,,,,
GAZP5,site,gazp,5,1,tseason,956.6,,956.6,,319,,,,,,
GAZP5,site,gazp,5,1,tseason,956.6,,956.6,,320,,,,,,
GAZP5,site,gazp,5,1,tseason,956.6,,956.6,,321,,,,,,
GAZP5,site,gazp,5,1,tseason,956.6,,956.6,,322,,,,,,
GAZP5,site,gazp,5,1,tseason,933.5,,933.5,,323,,,,,,
GAZP5,site,gazp,5,1,tseason,933.5,,933.5,,324,,,,,,
GAZP5,site,gazp,5,1,tseason,933.5,,933.5,,325,,,,,,
GAZP5,site,gazp,5,1,tseason,933.5,,933.5,,326,,,,,,
GAZP5,site,gazp,5,1,tseason,933.5,,933.5,,327,,,,,,
GAZP5,site,gazp,5,1,tseason,933.5,,933.5,,328,,,,,,
GAZP5,site,gazp,5,1,tseason,933.5,,933.5,,329,,,,,,
GAZP5,site,gazp,5,1,tseason,933.5,,933.5,,330,,,,,,
GAZP5,site,gazp,5,1,tseason,933.5,,933.5,,331,,,,,,
GAZP5,site,gazp,5,1,tseason,933.5,,933.5,,332,,,,,,
GAZP5,site,gazp,5,1,tseason,933.5,,933.5,,333,,,,,,
GAZP5,site,gazp,5,1,tseason,933.5,,933.5,,334,,,,,,
GAZP5,site,gazp,5,1,tseason,933.5,,933.5,,335,,,,,,
GAZP5,site,gazp,5,1,tseason,933.5,,933.5,,336,,,,,,
GAZP5,site,gazp,5,1,tseason,933.5,,933.5,,337,,,,,,
GAZP5,site,gazp,5,1,tseason,933.5,,933.5,,338,,,,,,
GAZP5,site,gazp,5,1,tseason,933.5,,933.5,,339,,,,,,
GAZP5,site,gazp,5,1,tseason,933.5,,933.5,,340,,,,,,
GAZP5,site,gazp,5,1,tseason,933.5,,933.5,,341,,,,,,
GAZP5,site,gazp,5,1,tseason,933.5,,933.5,,342,,,,,,
GAZP5,site,gazp,5,1,tseason,933.5,,933.5,,343,,,,,,
GAZP5,site,gazp,5,1,tseason,933.5,,933.5,,344,,,,,,
GAZP5,site,gazp,5,1,tseason,933.5,,933.5,,345,,,,,,
GAZP5,site,gazp,5,1,tseason,933.5,,933.5,,346,,,,,,
GAZP5,site,gazp,5,1,tseason,933.5,,933.5,,347,,,,,,
GAZP5,site,gazp,5,1,tseason,933.5,,933.5,,348,,,,,,
GAZP5,site,gazp,5,1,tseason,933.5,,933.5,,349,,,,,,
GAZP5,site,gazp,5,1,tseason,933.5,,933.5,,350,,,,,,
GAZP5,site,gazp,5,1,tseason,933.5,,933.5,,351,,,,,,
GAZP5,site,gazp,5,1,tseason,933.5,,933.5,,352,,,,,,
GAZP5,site,gazp,5,1,tseason,933.5,,933.5,,353,,,,,,
GAZP5,site,gazp,5,1,tseason,933.5,,933.5,,354,,,,,,
GAZP5,site,gazp,5,1,tseason,933.5,,933.5,,355,,,,,,
GAZP5,site,gazp,5,1,tseason,933.5,,933.5,,356,,,,,,
GAZP5,site,gazp,5,1,tseason,933.5,,933.5,,357,,,,,,
GAZP5,site,gazp,5,1,tseason,933.5,,933.5,,358,,,,,,
GAZP5,site,gazp,5,1,tseason,933.5,,933.5,,359,,,,,,
GAZP5,site,gazp,5,1,tseason,933.5,,933.5,,360,,,,,,
GAZP5,site,gazp,5,1,tseason,933.5,,933.5,,361,,,,,,
GAZP5,site,gazp,5,1,tseason,933.5,,933.5,,362,,,,,,
GAZP5,site,gazp,5,1,tseason,933.5,,933.5,,363,,,,,,
GAZP5,site,gazp,5,1,tseason,933.5,,933.5,,364,,,,,,
GAZP5,site,gazp,5,1,tseason,933.5,,933.5,,365,,,,,,
GAZP5,site,gazp,5,1,tseason,933.5,,933.5,,366,,,,,,
GAZP5,site,gazp,5,1,tseason,933.5,,933.5,,367,,,,,,
GAZP5,site,gazp,5,1,tseason,933.5,,933.5,,368,,,,,,
GAZP5,site,gazp,5,1,tseason,933.5,,933.5,,369,,,,,,
GAZP5,site,gazp,5,1,mtwarm,31,,31.0,,177,,,,,,
GAZP5,site,gazp,5,1,mtwarm,31,,31.0,,178,,,,,,
GAZP5,site,gazp,5,1,mtwarm,31,,31.0,,179,,,,,,
GAZP5,site,gazp,5,1,mtwarm,31,,31.0,,180,,,,,,
GAZP5,site,gazp,5,1,mtwarm,31,,31.0,,181,,,,,,
GAZP5,site,gazp,5,1,mtwarm,31,,31.0,,182,,,,,,
GAZP5,site,gazp,5,1,mtwarm,31,,31.0,,183,,,,,,
GAZP5,site,gazp,5,1,mtwarm,31,,31.0,,184,,,,,,
GAZP5,site,gazp,5,1,mtwarm,31,,31.0,,185,,,,,,
GAZP5,site,gazp,5,1,mtwarm,31,,31.0,,186,,,,,,
GAZP5,site,gazp,5,1,mtwarm,31,,31.0,,187,,,,,,
GAZP5,site,gazp,5,1,mtwarm,31,,31.0,,188,,,,,,
GAZP5,site,gazp,5,1,mtwarm,31,,31.0,,189,,,,,,
GAZP5,site,gazp,5,1,mtwarm,31,,31.0,,190,,,,,,
GAZP5,site,gazp,5,1,mtwarm,31,,31.0,,191,,,,,,
GAZP5,site,gazp,5,1,mtwarm,31,,31.0,,192,,,,,,
GAZP5,site,gazp,5,1,mtwarm,31,,31.0,,193,,,,,,
GAZP5,site,gazp,5,1,mtwarm,31,,31.0,,194,,,,,,
GAZP5,site,gazp,5,1,mtwarm,31,,31.0,,195,,,,,,
GAZP5,site,gazp,5,1,mtwarm,31,,31.0,,196,,,,,,
GAZP5,site,gazp,5,1,mtwarm,31,,31.0,,197,,,,,,
GAZP5,site,gazp,5,1,mtwarm,31,,31.0,,198,,,,,,
GAZP5,site,gazp,5,1,mtwarm,31,,31.0,,199,,,,,,
GAZP5,site,gazp,5,1,mtwarm,31,,31.0,,200,,,,,,
GAZP5,site,gazp,5,1,mtwarm,31,,31.0,,201,,,,,,
GAZP5,site,gazp,5,1,mtwarm,31,,31.0,,202,,,,,,
GAZP5,site,gazp,5,1,mtwarm,31,,31.0,,203,,,,,,
GAZP5,site,gazp,5,1,mtwarm,31,,31.0,,204,,,,,,
GAZP5,site,gazp,5,1,mtwarm,31,,31.0,,205,,,,,,
GAZP5,site,gazp,5,1,mtwarm,31,,31.0,,206,,,,,,
GAZP5,site,gazp,5,1,mtwarm,31,,31.0,,207,,,,,,
GAZP5,site,gazp,5,1,mtwarm,31,,31.0,,208,,,,,,
GAZP5,site,gazp,5,1,mtwarm,31,,31.0,,209,,,,,,
GAZP5,site,gazp,5,1,mtwarm,31,,31.0,,210,,,,,,
GAZP5,site,gazp,5,1,mtwarm,31,,31.0,,211,,,,,,
GAZP5,site,gazp,5,1,mtwarm,31,,31.0,,212,,,,,,
GAZP5,site,gazp,5,1,mtwarm,31,,31.0,,213,,,,,,
GAZP5,site,gazp,5,1,mtwarm,31,,31.0,,214,,,,,,
GAZP5,site,gazp,5,1,mtwarm,31,,31.0,,215,,,,,,
GAZP5,site,gazp,5,1,mtwarm,31,,31.0,,216,,,,,,
GAZP5,site,gazp,5,1,mtwarm,31,,31.0,,217,,,,,,
GAZP5,site,gazp,5,1,mtwarm,31,,31.0,,218,,,,,,
GAZP5,site,gazp,5,1,mtwarm,31,,31.0,,219,,,,,,
GAZP5,site,gazp,5,1,mtwarm,31,,31.0,,220,,,,,,
GAZP5,site,gazp,5,1,mtwarm,31,,31.0,,221,,,,,,
GAZP5,site,gazp,5,1,mtwarm,31,,31.0,,222,,,,,,
GAZP5,site,gazp,5,1,mtwarm,31,,31.0,,223,,,,,,
GAZP5,site,gazp,5,1,mtwarm,31,,31.0,,224,,,,,,
GAZP5,site,gazp,5,1,mtwarm,31,,31.0,,225,,,,,,
GAZP5,site,gazp,5,1,mtwarm,31,,31.0,,226,,,,,,
GAZP5,site,gazp,5,1,mtwarm,31,,31.0,,227,,,,,,
GAZP5,site,gazp,5,1,mtwarm,31,,31.0,,228,,,,,,
GAZP5,site,gazp,5,1,mtwarm,31,,31.0,,229,,,,,,
GAZP5,site,gazp,5,1,mtwarm,31,,31.0,,230,,,,,,
GAZP5,site,gazp,5,1,mtwarm,31,,31.0,,231,,,,,,
GAZP5,site,gazp,5,1,mtwarm,31,,31.0,,232,,,,,,
GAZP5,site,gazp,5,1,mtwarm,31,,31.0,,233,,,,,,
GAZP5,site,gazp,5,1,mtwarm,31,,31.0,,234,,,,,,
GAZP5,site,gazp,5,1,mtwarm,31,,31.0,,235,,,,,,
GAZP5,site,gazp,5,1,mtwarm,31,,31.0,,236,,,,,,
GAZP5,site,gazp,5,1,mtwarm,31,,31.0,,237,,,,,,
GAZP5,site,gazp,5,1,mtwarm,31,,31.0,,238,,,,,,
GAZP5,site,gazp,5,1,mtwarm,31,,31.0,,239,,,,,,
GAZP5,site,gazp,5,1,mtwarm,31,,31.0,,240,,,,,,
GAZP5,site,gazp,5,1,mtwarm,31,,31.0,,241,,,,,,
GAZP5,site,gazp,5,1,mtwarm,31,,31.0,,242,,,,,,
GAZP5,site,gazp,5,1,mtwarm,31,,31.0,,243,,,,,,
GAZP5,site,gazp,5,1,mtwarm,31,,31.0,,244,,,,,,
GAZP5,site,gazp,5,1,mtwarm,31,,31.0,,245,,,,,,
GAZP5,site,gazp,5,1,mtwarm,31,,31.0,,246,,,,,,
GAZP5,site,gazp,5,1,mtwarm,31,,31.0,,247,,,,,,
GAZP5,site,gazp,5,1,mtwarm,31,,31.0,,248,,,,,,
GAZP5,site,gazp,5,1,mtwarm,31,,31.0,,249,,,,,,
GAZP5,site,gazp,5,1,mtwarm,31,,31.0,,250,,,,,,
GAZP5,site,gazp,5,1,mtwarm,31,,31.0,,251,,,,,,
GAZP5,site,gazp,5,1,mtwarm,31,,31.0,,252,,,,,,
GAZP5,site,gazp,5,1,mtwarm,31,,31.0,,253,,,,,,
GAZP5,site,gazp,5,1,mtwarm,31,,31.0,,254,,,,,,
GAZP5,site,gazp,5,1,mtwarm,31,,31.0,,255,,,,,,
GAZP5,site,gazp,5,1,mtwarm,31,,31.0,,256,,,,,,
GAZP5,site,gazp,5,1,mtwarm,31,,31.0,,257,,,,,,
GAZP5,site,gazp,5,1,mtwarm,31,,31.0,,258,,,,,,
GAZP5,site,gazp,5,1,mtwarm,31,,31.0,,259,,,,,,
GAZP5,site,gazp,5,1,mtwarm,31,,31.0,,260,,,,,,
GAZP5,site,gazp,5,1,mtwarm,31,,31.0,,261,,,,,,
GAZP5,site,gazp,5,1,mtwarm,31,,31.0,,262,,,,,,
GAZP5,site,gazp,5,1,mtwarm,31,,31.0,,263,,,,,,
GAZP5,site,gazp,5,1,mtwarm,31,,31.0,,264,,,,,,
GAZP5,site,gazp,5,1,mtwarm,31,,31.0,,265,,,,,,
GAZP5,site,gazp,5,1,mtwarm,31,,31.0,,266,,,,,,
GAZP5,site,gazp,5,1,mtwarm,31,,31.0,,267,,,,,,
GAZP5,site,gazp,5,1,mtwarm,31,,31.0,,268,,,,,,
GAZP5,site,gazp,5,1,mtwarm,31,,31.0,,269,,,,,,
GAZP5,site,gazp,5,1,mtwarm,31,,31.0,,270,,,,,,
GAZP5,site,gazp,5,1,mtwarm,31,,31.0,,271,,,,,,
GAZP5,site,gazp,5,1,mtwarm,31,,31.0,,272,,,,,,
GAZP5,site,gazp,5,1,mtwarm,31,,31.0,,273,,,,,,
GAZP5,site,gazp,5,1,mtwarm,31,,31.0,,274,,,,,,
GAZP5,site,gazp,5,1,mtwarm,31,,31.0,,275,,,,,,
GAZP5,site,gazp,5,1,mtwarm,31,,31.0,,276,,,,,,
GAZP5,site,gazp,5,1,mtwarm,31,,31.0,,277,,,,,,
GAZP5,site,gazp,5,1,mtwarm,31,,31.0,,278,,,,,,
GAZP5,site,gazp,5,1,mtwarm,31,,31.0,,279,,,,,,
GAZP5,site,gazp,5,1,mtwarm,31,,31.0,,280,,,,,,
GAZP5,site,gazp,5,1,mtwarm,31,,31.0,,281,,,,,,
GAZP5,site,gazp,5,1,mtwarm,31,,31.0,,282,,,,,,
GAZP5,site,gazp,5,1,mtwarm,31,,31.0,,283,,,,,,
GAZP5,site,gazp,5,1,mtwarm,31,,31.0,,284,,,,,,
GAZP5,site,gazp,5,1,mtwarm,31,,31.0,,285,,,,,,
GAZP5,site,gazp,5,1,mtwarm,31,,31.0,,286,,,,,,
GAZP5,site,gazp,5,1,mtwarm,31,,31.0,,287,,,,,,
GAZP5,site,gazp,5,1,mtwarm,31,,31.0,,288,,,,,,
GAZP5,site,gazp,5,1,mtwarm,31,,31.0,,289,,,,,,
GAZP5,site,gazp,5,1,mtwarm,31,,31.0,,290,,,,,,
GAZP5,site,gazp,5,1,mtwarm,31,,31.0,,291,,,,,,
GAZP5,site,gazp,5,1,mtwarm,31,,31.0,,292,,,,,,
GAZP5,site,gazp,5,1,mtwarm,31,,31.0,,293,,,,,,
GAZP5,site,gazp,5,1,mtwarm,31,,31.0,,294,,,,,,
GAZP5,site,gazp,5,1,mtwarm,31,,31.0,,295,,,,,,
GAZP5,site,gazp,5,1,mtwarm,31,,31.0,,296,,,,,,
GAZP5,site,gazp,5,1,mtwarm,31,,31.0,,297,,,,,,
GAZP5,site,gazp,5,1,mtwarm,31,,31.0,,298,,,,,,
GAZP5,site,gazp,5,1,mtwarm,31,,31.0,,299,,,,,,
GAZP5,site,gazp,5,1,mtwarm,31,,31.0,,300,,,,,,
GAZP5,site,gazp,5,1,mtwarm,31,,31.0,,301,,,,,,
GAZP5,site,gazp,5,1,mtwarm,31,,31.0,,302,,,,,,
GAZP5,site,gazp,5,1,mtwarm,31,,31.0,,303,,,,,,
GAZP5,site,gazp,5,1,mtwarm,31,,31.0,,304,,,,,,
GAZP5,site,gazp,5,1,mtwarm,31,,31.0,,305,,,,,,
GAZP5,site,gazp,5,1,mtwarm,31,,31.0,,306,,,,,,
GAZP5,site,gazp,5,1,mtwarm,31,,31.0,,307,,,,,,
GAZP5,site,gazp,5,1,mtwarm,31,,31.0,,308,,,,,,
GAZP5,site,gazp,5,1,mtwarm,31,,31.0,,309,,,,,,
GAZP5,site,gazp,5,1,mtwarm,31,,31.0,,310,,,,,,
GAZP5,site,gazp,5,1,mtwarm,31,,31.0,,311,,,,,,
GAZP5,site,gazp,5,1,mtwarm,31,,31.0,,312,,,,,,
GAZP5,site,gazp,5,1,mtwarm,31,,31.0,,313,,,,,,
GAZP5,site,gazp,5,1,mtwarm,31,,31.0,,314,,,,,,
GAZP5,site,gazp,5,1,mtwarm,31,,31.0,,315,,,,,,
GAZP5,site,gazp,5,1,mtwarm,31,,31.0,,316,,,,,,
GAZP5,site,gazp,5,1,mtwarm,31,,31.0,,317,,,,,,
GAZP5,site,gazp,5,1,mtwarm,31,,31.0,,318,,,,,,
GAZP5,site,gazp,5,1,mtwarm,31,,31.0,,319,,,,,,
GAZP5,site,gazp,5,1,mtwarm,31,,31.0,,320,,,,,,
GAZP5,site,gazp,5,1,mtwarm,31,,31.0,,321,,,,,,
GAZP5,site,gazp,5,1,mtwarm,31,,31.0,,322,,,,,,
GAZP5,site,gazp,5,1,mtwarm,30.2,,30.2,,323,,,,,,
GAZP5,site,gazp,5,1,mtwarm,30.2,,30.2,,324,,,,,,
GAZP5,site,gazp,5,1,mtwarm,30.2,,30.2,,325,,,,,,
GAZP5,site,gazp,5,1,mtwarm,30.2,,30.2,,326,,,,,,
GAZP5,site,gazp,5,1,mtwarm,30.2,,30.2,,327,,,,,,
GAZP5,site,gazp,5,1,mtwarm,30.2,,30.2,,328,,,,,,
GAZP5,site,gazp,5,1,mtwarm,30.2,,30.2,,329,,,,,,
GAZP5,site,gazp,5,1,mtwarm,30.2,,30.2,,330,,,,,,
GAZP5,site,gazp,5,1,mtwarm,30.2,,30.2,,331,,,,,,
GAZP5,site,gazp,5,1,mtwarm,30.2,,30.2,,332,,,,,,
GAZP5,site,gazp,5,1,mtwarm,30.2,,30.2,,333,,,,,,
GAZP5,site,gazp,5,1,mtwarm,30.2,,30.2,,334,,,,,,
GAZP5,site,gazp,5,1,mtwarm,30.2,,30.2,,335,,,,,,
GAZP5,site,gazp,5,1,mtwarm,30.2,,30.2,,336,,,,,,
GAZP5,site,gazp,5,1,mtwarm,30.2,,30.2,,337,,,,,,
GAZP5,site,gazp,5,1,mtwarm,30.2,,30.2,,338,,,,,,
GAZP5,site,gazp,5,1,mtwarm,30.2,,30.2,,339,,,,,,
GAZP5,site,gazp,5,1,mtwarm,30.2,,30.2,,340,,,,,,
GAZP5,site,gazp,5,1,mtwarm,30.2,,30.2,,341,,,,,,
GAZP5,site,gazp,5,1,mtwarm,30.2,,30.2,,342,,,,,,
GAZP5,site,gazp,5,1,mtwarm,30.2,,30.2,,343,,,,,,
GAZP5,site,gazp,5,1,mtwarm,30.2,,30.2,,344,,,,,,
GAZP5,site,gazp,5,1,mtwarm,30.2,,30.2,,345,,,,,,
GAZP5,site,gazp,5,1,mtwarm,30.2,,30.2,,346,,,,,,
GAZP5,site,gazp,5,1,mtwarm,30.2,,30.2,,347,,,,,,
GAZP5,site,gazp,5,1,mtwarm,30.2,,30.2,,348,,,,,,
GAZP5,site,gazp,5,1,mtwarm,30.2,,30.2,,349,,,,,,
GAZP5,site,gazp,5,1,mtwarm,30.2,,30.2,,350,,,,,,
GAZP5,site,gazp,5,1,mtwarm,30.2,,30.2,,351,,,,,,
GAZP5,site,gazp,5,1,mtwarm,30.2,,30.2,,352,,,,,,
GAZP5,site,gazp,5,1,mtwarm,30.2,,30.2,,353,,,,,,
GAZP5,site,gazp,5,1,mtwarm,30.2,,30.2,,354,,,,,,
GAZP5,site,gazp,5,1,mtwarm,30.2,,30.2,,355,,,,,,
GAZP5,site,gazp,5,1,mtwarm,30.2,,30.2,,356,,,,,,
GAZP5,site,gazp,5,1,mtwarm,30.2,,30.2,,357,,,,,,
GAZP5,site,gazp,5,1,mtwarm,30.2,,30.2,,358,,,,,,
GAZP5,site,gazp,5,1,mtwarm,30.2,,30.2,,359,,,,,,
GAZP5,site,gazp,5,1,mtwarm,30.2,,30.2,,360,,,,,,
GAZP5,site,gazp,5,1,mtwarm,30.2,,30.2,,361,,,,,,
GAZP5,site,gazp,5,1,mtwarm,30.2,,30.2,,362,,,,,,
GAZP5,site,gazp,5,1,mtwarm,30.2,,30.2,,363,,,,,,
GAZP5,site,gazp,5,1,mtwarm,30.2,,30.2,,364,,,,,,
GAZP5,site,gazp,5,1,mtwarm,30.2,,30.2,,365,,,,,,
GAZP5,site,gazp,5,1,mtwarm,30.2,,30.2,,366,,,,,,
GAZP5,site,gazp,5,1,mtwarm,30.2,,30.2,,367,,,,,,
GAZP5,site,gazp,5,1,mtwarm,30.2,,30.2,,368,,,,,,
GAZP5,site,gazp,5,1,mtwarm,30.2,,30.2,,369,,,,,,
GAZP5,site,gazp,5,1,mtcold,-14,,-14.0,,177,,,,,,
GAZP5,site,gazp,5,1,mtcold,-14,,-14.0,,178,,,,,,
GAZP5,site,gazp,5,1,mtcold,-14,,-14.0,,179,,,,,,
GAZP5,site,gazp,5,1,mtcold,-14,,-14.0,,180,,,,,,
GAZP5,site,gazp,5,1,mtcold,-14,,-14.0,,181,,,,,,
GAZP5,site,gazp,5,1,mtcold,-14,,-14.0,,182,,,,,,
GAZP5,site,gazp,5,1,mtcold,-14,,-14.0,,183,,,,,,
GAZP5,site,gazp,5,1,mtcold,-14,,-14.0,,184,,,,,,
GAZP5,site,gazp,5,1,mtcold,-14,,-14.0,,185,,,,,,
GAZP5,site,gazp,5,1,mtcold,-14,,-14.0,,186,,,,,,
GAZP5,site,gazp,5,1,mtcold,-14,,-14.0,,187,,,,,,
GAZP5,site,gazp,5,1,mtcold,-14,,-14.0,,188,,,,,,
GAZP5,site,gazp,5,1,mtcold,-14,,-14.0,,189,,,,,,
GAZP5,site,gazp,5,1,mtcold,-14,,-14.0,,190,,,,,,
GAZP5,site,gazp,5,1,mtcold,-14,,-14.0,,191,,,,,,
GAZP5,site,gazp,5,1,mtcold,-14,,-14.0,,192,,,,,,
GAZP5,site,gazp,5,1,mtcold,-14,,-14.0,,193,,,,,,
GAZP5,site,gazp,5,1,mtcold,-14,,-14.0,,194,,,,,,
GAZP5,site,gazp,5,1,mtcold,-14,,-14.0,,195,,,,,,
GAZP5,site,gazp,5,1,mtcold,-14,,-14.0,,196,,,,,,
GAZP5,site,gazp,5,1,mtcold,-14,,-14.0,,197,,,,,,
GAZP5,site,gazp,5,1,mtcold,-14,,-14.0,,198,,,,,,
GAZP5,site,gazp,5,1,mtcold,-14,,-14.0,,199,,,,,,
GAZP5,site,gazp,5,1,mtcold,-14,,-14.0,,200,,,,,,
GAZP5,site,gazp,5,1,mtcold,-14,,-14.0,,201,,,,,,
GAZP5,site,gazp,5,1,mtcold,-14,,-14.0,,202,,,,,,
GAZP5,site,gazp,5,1,mtcold,-14,,-14.0,,203,,,,,,
GAZP5,site,gazp,5,1,mtcold,-14,,-14.0,,204,,,,,,
GAZP5,site,gazp,5,1,mtcold,-14,,-14.0,,205,,,,,,
GAZP5,site,gazp,5,1,mtcold,-14,,-14.0,,206,,,,,,
GAZP5,site,gazp,5,1,mtcold,-14,,-14.0,,207,,,,,,
GAZP5,site,gazp,5,1,mtcold,-14,,-14.0,,208,,,,,,
GAZP5,site,gazp,5,1,mtcold,-14,,-14.0,,209,,,,,,
GAZP5,site,gazp,5,1,mtcold,-14,,-14.0,,210,,,,,,
GAZP5,site,gazp,5,1,mtcold,-14,,-14.0,,211,,,,,,
GAZP5,site,gazp,5,1,mtcold,-14,,-14.0,,212,,,,,,
GAZP5,site,gazp,5,1,mtcold,-14,,-14.0,,213,,,,,,
GAZP5,site,gazp,5,1,mtcold,-14,,-14.0,,214,,,,,,
GAZP5,site,gazp,5,1,mtcold,-14,,-14.0,,215,,,,,,
GAZP5,site,gazp,5,1,mtcold,-14,,-14.0,,216,,,,,,
GAZP5,site,gazp,5,1,mtcold,-14,,-14.0,,217,,,,,,
GAZP5,site,gazp,5,1,mtcold,-14,,-14.0,,218,,,,,,
GAZP5,site,gazp,5,1,mtcold,-14,,-14.0,,219,,,,,,
GAZP5,site,gazp,5,1,mtcold,-14,,-14.0,,220,,,,,,
GAZP5,site,gazp,5,1,mtcold,-14,,-14.0,,221,,,,,,
GAZP5,site,gazp,5,1,mtcold,-14,,-14.0,,222,,,,,,
GAZP5,site,gazp,5,1,mtcold,-14,,-14.0,,223,,,,,,
GAZP5,site,gazp,5,1,mtcold,-14,,-14.0,,224,,,,,,
GAZP5,site,gazp,5,1,mtcold,-14,,-14.0,,225,,,,,,
GAZP5,site,gazp,5,1,mtcold,-14,,-14.0,,226,,,,,,
GAZP5,site,gazp,5,1,mtcold,-14,,-14.0,,227,,,,,,
GAZP5,site,gazp,5,1,mtcold,-14,,-14.0,,228,,,,,,
GAZP5,site,gazp,5,1,mtcold,-14,,-14.0,,229,,,,,,
GAZP5,site,gazp,5,1,mtcold,-14,,-14.0,,230,,,,,,
GAZP5,site,gazp,5,1,mtcold,-14,,-14.0,,231,,,,,,
GAZP5,site,gazp,5,1,mtcold,-14,,-14.0,,232,,,,,,
GAZP5,site,gazp,5,1,mtcold,-14,,-14.0,,233,,,,,,
GAZP5,site,gazp,5,1,mtcold,-14,,-14.0,,234,,,,,,
GAZP5,site,gazp,5,1,mtcold,-14,,-14.0,,235,,,,,,
GAZP5,site,gazp,5,1,mtcold,-14,,-14.0,,236,,,,,,
GAZP5,site,gazp,5,1,mtcold,-14,,-14.0,,237,,,,,,
GAZP5,site,gazp,5,1,mtcold,-14,,-14.0,,238,,,,,,
GAZP5,site,gazp,5,1,mtcold,-14,,-14.0,,239,,,,,,
GAZP5,site,gazp,5,1,mtcold,-14,,-14.0,,240,,,,,,
GAZP5,site,gazp,5,1,mtcold,-14,,-14.0,,241,,,,,,
GAZP5,site,gazp,5,1,mtcold,-14,,-14.0,,242,,,,,,
GAZP5,site,gazp,5,1,mtcold,-14,,-14.0,,243,,,,,,
GAZP5,site,gazp,5,1,mtcold,-14,,-14.0,,244,,,,,,
GAZP5,site,gazp,5,1,mtcold,-14,,-14.0,,245,,,,,,
GAZP5,site,gazp,5,1,mtcold,-14,,-14.0,,246,,,,,,
GAZP5,site,gazp,5,1,mtcold,-14,,-14.0,,247,,,,,,
GAZP5,site,gazp,5,1,mtcold,-14,,-14.0,,248,,,,,,
GAZP5,site,gazp,5,1,mtcold,-14,,-14.0,,249,,,,,,
GAZP5,site,gazp,5,1,mtcold,-14,,-14.0,,250,,,,,,
GAZP5,site,gazp,5,1,mtcold,-14,,-14.0,,251,,,,,,
GAZP5,site,gazp,5,1,mtcold,-14,,-14.0,,252,,,,,,
GAZP5,site,gazp,5,1,mtcold,-14,,-14.0,,253,,,,,,
GAZP5,site,gazp,5,1,mtcold,-14,,-14.0,,254,,,,,,
GAZP5,site,gazp,5,1,mtcold,-14,,-14.0,,255,,,,,,
GAZP5,site,gazp,5,1,mtcold,-14,,-14.0,,256,,,,,,
GAZP5,site,gazp,5,1,mtcold,-14,,-14.0,,257,,,,,,
GAZP5,site,gazp,5,1,mtcold,-14,,-14.0,,258,,,,,,
GAZP5,site,gazp,5,1,mtcold,-14,,-14.0,,259,,,,,,
GAZP5,site,gazp,5,1,mtcold,-14,,-14.0,,260,,,,,,
GAZP5,site,gazp,5,1,mtcold,-14,,-14.0,,261,,,,,,
GAZP5,site,gazp,5,1,mtcold,-14,,-14.0,,262,,,,,,
GAZP5,site,gazp,5,1,mtcold,-14,,-14.0,,263,,,,,,
GAZP5,site,gazp,5,1,mtcold,-14,,-14.0,,264,,,,,,
GAZP5,site,gazp,5,1,mtcold,-14,,-14.0,,265,,,,,,
GAZP5,site,gazp,5,1,mtcold,-14,,-14.0,,266,,,,,,
GAZP5,site,gazp,5,1,mtcold,-14,,-14.0,,267,,,,,,
GAZP5,site,gazp,5,1,mtcold,-14,,-14.0,,268,,,,,,
GAZP5,site,gazp,5,1,mtcold,-14,,-14.0,,269,,,,,,
GAZP5,site,gazp,5,1,mtcold,-14,,-14.0,,270,,,,,,
GAZP5,site,gazp,5,1,mtcold,-14,,-14.0,,271,,,,,,
GAZP5,site,gazp,5,1,mtcold,-14,,-14.0,,272,,,,,,
GAZP5,site,gazp,5,1,mtcold,-14,,-14.0,,273,,,,,,
GAZP5,site,gazp,5,1,mtcold,-14,,-14.0,,274,,,,,,
GAZP5,site,gazp,5,1,mtcold,-14,,-14.0,,275,,,,,,
GAZP5,site,gazp,5,1,mtcold,-14,,-14.0,,276,,,,,,
GAZP5,site,gazp,5,1,mtcold,-14,,-14.0,,277,,,,,,
GAZP5,site,gazp,5,1,mtcold,-14,,-14.0,,278,,,,,,
GAZP5,site,gazp,5,1,mtcold,-14,,-14.0,,279,,,,,,
GAZP5,site,gazp,5,1,mtcold,-14,,-14.0,,280,,,,,,
GAZP5,site,gazp,5,1,mtcold,-14,,-14.0,,281,,,,,,
GAZP5,site,gazp,5,1,mtcold,-14,,-14.0,,282,,,,,,
GAZP5,site,gazp,5,1,mtcold,-14,,-14.0,,283,,,,,,
GAZP5,site,gazp,5,1,mtcold,-14,,-14.0,,284,,,,,,
GAZP5,site,gazp,5,1,mtcold,-14,,-14.0,,285,,,,,,
GAZP5,site,gazp,5,1,mtcold,-14,,-14.0,,286,,,,,,
GAZP5,site,gazp,5,1,mtcold,-14,,-14.0,,287,,,,,,
GAZP5,site,gazp,5,1,mtcold,-14,,-14.0,,288,,,,,,
GAZP5,site,gazp,5,1,mtcold,-14,,-14.0,,289,,,,,,
GAZP5,site,gazp,5,1,mtcold,-14,,-14.0,,290,,,,,,
GAZP5,site,gazp,5,1,mtcold,-14,,-14.0,,291,,,,,,
GAZP5,site,gazp,5,1,mtcold,-14,,-14.0,,292,,,,,,
GAZP5,site,gazp,5,1,mtcold,-14,,-14.0,,293,,,,,,
GAZP5,site,gazp,5,1,mtcold,-14,,-14.0,,294,,,,,,
GAZP5,site,gazp,5,1,mtcold,-14,,-14.0,,295,,,,,,
GAZP5,site,gazp,5,1,mtcold,-14,,-14.0,,296,,,,,,
GAZP5,site,gazp,5,1,mtcold,-14,,-14.0,,297,,,,,,
GAZP5,site,gazp,5,1,mtcold,-14,,-14.0,,298,,,,,,
GAZP5,site,gazp,5,1,mtcold,-14,,-14.0,,299,,,,,,
GAZP5,site,gazp,5,1,mtcold,-14,,-14.0,,300,,,,,,
GAZP5,site,gazp,5,1,mtcold,-14,,-14.0,,301,,,,,,
GAZP5,site,gazp,5,1,mtcold,-14,,-14.0,,302,,,,,,
GAZP5,site,gazp,5,1,mtcold,-14,,-14.0,,303,,,,,,
GAZP5,site,gazp,5,1,mtcold,-14,,-14.0,,304,,,,,,
GAZP5,site,gazp,5,1,mtcold,-14,,-14.0,,305,,,,,,
GAZP5,site,gazp,5,1,mtcold,-14,,-14.0,,306,,,,,,
GAZP5,site,gazp,5,1,mtcold,-14,,-14.0,,307,,,,,,
GAZP5,site,gazp,5,1,mtcold,-14,,-14.0,,308,,,,,,
GAZP5,site,gazp,5,1,mtcold,-14,,-14.0,,309,,,,,,
GAZP5,site,gazp,5,1,mtcold,-14,,-14.0,,310,,,,,,
GAZP5,site,gazp,5,1,mtcold,-14,,-14.0,,311,,,,,,
GAZP5,site,gazp,5,1,mtcold,-14,,-14.0,,312,,,,,,
GAZP5,site,gazp,5,1,mtcold,-14,,-14.0,,313,,,,,,
GAZP5,site,gazp,5,1,mtcold,-14,,-14.0,,314,,,,,,
GAZP5,site,gazp,5,1,mtcold,-14,,-14.0,,315,,,,,,
GAZP5,site,gazp,5,1,mtcold,-14,,-14.0,,316,,,,,,
GAZP5,site,gazp,5,1,mtcold,-14,,-14.0,,317,,,,,,
GAZP5,site,gazp,5,1,mtcold,-14,,-14.0,,318,,,,,,
GAZP5,site,gazp,5,1,mtcold,-14,,-14.0,,319,,,,,,
GAZP5,site,gazp,5,1,mtcold,-14,,-14.0,,320,,,,,,
GAZP5,site,gazp,5,1,mtcold,-14,,-14.0,,321,,,,,,
GAZP5,site,gazp,5,1,mtcold,-14,,-14.0,,322,,,,,,
GAZP5,site,gazp,5,1,mtcold,-14.1,,-14.1,,323,,,,,,
GAZP5,site,gazp,5,1,mtcold,-14.1,,-14.1,,324,,,,,,
GAZP5,site,gazp,5,1,mtcold,-14.1,,-14.1,,325,,,,,,
GAZP5,site,gazp,5,1,mtcold,-14.1,,-14.1,,326,,,,,,
GAZP5,site,gazp,5,1,mtcold,-14.1,,-14.1,,327,,,,,,
GAZP5,site,gazp,5,1,mtcold,-14.1,,-14.1,,328,,,,,,
GAZP5,site,gazp,5,1,mtcold,-14.1,,-14.1,,329,,,,,,
GAZP5,site,gazp,5,1,mtcold,-14.1,,-14.1,,330,,,,,,
GAZP5,site,gazp,5,1,mtcold,-14.1,,-14.1,,331,,,,,,
GAZP5,site,gazp,5,1,mtcold,-14.1,,-14.1,,332,,,,,,
GAZP5,site,gazp,5,1,mtcold,-14.1,,-14.1,,333,,,,,,
GAZP5,site,gazp,5,1,mtcold,-14.1,,-14.1,,334,,,,,,
GAZP5,site,gazp,5,1,mtcold,-14.1,,-14.1,,335,,,,,,
GAZP5,site,gazp,5,1,mtcold,-14.1,,-14.1,,336,,,,,,
GAZP5,site,gazp,5,1,mtcold,-14.1,,-14.1,,337,,,,,,
GAZP5,site,gazp,5,1,mtcold,-14.1,,-14.1,,338,,,,,,
GAZP5,site,gazp,5,1,mtcold,-14.1,,-14.1,,339,,,,,,
GAZP5,site,gazp,5,1,mtcold,-14.1,,-14.1,,340,,,,,,
GAZP5,site,gazp,5,1,mtcold,-14.1,,-14.1,,341,,,,,,
GAZP5,site,gazp,5,1,mtcold,-14.1,,-14.1,,342,,,,,,
GAZP5,site,gazp,5,1,mtcold,-14.1,,-14.1,,343,,,,,,
GAZP5,site,gazp,5,1,mtcold,-14.1,,-14.1,,344,,,,,,
GAZP5,site,gazp,5,1,mtcold,-14.1,,-14.1,,345,,,,,,
GAZP5,site,gazp,5,1,mtcold,-14.1,,-14.1,,346,,,,,,
GAZP5,site,gazp,5,1,mtcold,-14.1,,-14.1,,347,,,,,,
GAZP5,site,gazp,5,1,mtcold,-14.1,,-14.1,,348,,,,,,
GAZP5,site,gazp,5,1,mtcold,-14.1,,-14.1,,349,,,,,,
GAZP5,site,gazp,5,1,mtcold,-14.1,,-14.1,,350,,,,,,
GAZP5,site,gazp,5,1,mtcold,-14.1,,-14.1,,351,,,,,,
GAZP5,site,gazp,5,1,mtcold,-14.1,,-14.1,,352,,,,,,
GAZP5,site,gazp,5,1,mtcold,-14.1,,-14.1,,353,,,,,,
GAZP5,site,gazp,5,1,mtcold,-14.1,,-14.1,,354,,,,,,
GAZP5,site,gazp,5,1,mtcold,-14.1,,-14.1,,355,,,,,,
GAZP5,site,gazp,5,1,mtcold,-14.1,,-14.1,,356,,,,,,
GAZP5,site,gazp,5,1,mtcold,-14.1,,-14.1,,357,,,,,,
GAZP5,site,gazp,5,1,mtcold,-14.1,,-14.1,,358,,,,,,
GAZP5,site,gazp,5,1,mtcold,-14.1,,-14.1,,359,,,,,,
GAZP5,site,gazp,5,1,mtcold,-14.1,,-14.1,,360,,,,,,
GAZP5,site,gazp,5,1,mtcold,-14.1,,-14.1,,361,,,,,,
GAZP5,site,gazp,5,1,mtcold,-14.1,,-14.1,,362,,,,,,
GAZP5,site,gazp,5,1,mtcold,-14.1,,-14.1,,363,,,,,,
GAZP5,site,gazp,5,1,mtcold,-14.1,,-14.1,,364,,,,,,
GAZP5,site,gazp,5,1,mtcold,-14.1,,-14.1,,365,,,,,,
GAZP5,site,gazp,5,1,mtcold,-14.1,,-14.1,,366,,,,,,
GAZP5,site,gazp,5,1,mtcold,-14.1,,-14.1,,367,,,,,,
GAZP5,site,gazp,5,1,mtcold,-14.1,,-14.1,,368,,,,,,
GAZP5,site,gazp,5,1,mtcold,-14.1,,-14.1,,369,,,,,,
GAZP5,site,gazp,5,1,trange,45,,45.0,,177,,,,,,
GAZP5,site,gazp,5,1,trange,45,,45.0,,178,,,,,,
GAZP5,site,gazp,5,1,trange,45,,45.0,,179,,,,,,
GAZP5,site,gazp,5,1,trange,45,,45.0,,180,,,,,,
GAZP5,site,gazp,5,1,trange,45,,45.0,,181,,,,,,
GAZP5,site,gazp,5,1,trange,45,,45.0,,182,,,,,,
GAZP5,site,gazp,5,1,trange,45,,45.0,,183,,,,,,
GAZP5,site,gazp,5,1,trange,45,,45.0,,184,,,,,,
GAZP5,site,gazp,5,1,trange,45,,45.0,,185,,,,,,
GAZP5,site,gazp,5,1,trange,45,,45.0,,186,,,,,,
GAZP5,site,gazp,5,1,trange,45,,45.0,,187,,,,,,
GAZP5,site,gazp,5,1,trange,45,,45.0,,188,,,,,,
GAZP5,site,gazp,5,1,trange,45,,45.0,,189,,,,,,
GAZP5,site,gazp,5,1,trange,45,,45.0,,190,,,,,,
GAZP5,site,gazp,5,1,trange,45,,45.0,,191,,,,,,
GAZP5,site,gazp,5,1,trange,45,,45.0,,192,,,,,,
GAZP5,site,gazp,5,1,trange,45,,45.0,,193,,,,,,
GAZP5,site,gazp,5,1,trange,45,,45.0,,194,,,,,,
GAZP5,site,gazp,5,1,trange,45,,45.0,,195,,,,,,
GAZP5,site,gazp,5,1,trange,45,,45.0,,196,,,,,,
GAZP5,site,gazp,5,1,trange,45,,45.0,,197,,,,,,
GAZP5,site,gazp,5,1,trange,45,,45.0,,198,,,,,,
GAZP5,site,gazp,5,1,trange,45,,45.0,,199,,,,,,
GAZP5,site,gazp,5,1,trange,45,,45.0,,200,,,,,,
GAZP5,site,gazp,5,1,trange,45,,45.0,,201,,,,,,
GAZP5,site,gazp,5,1,trange,45,,45.0,,202,,,,,,
GAZP5,site,gazp,5,1,trange,45,,45.0,,203,,,,,,
GAZP5,site,gazp,5,1,trange,45,,45.0,,204,,,,,,
GAZP5,site,gazp,5,1,trange,45,,45.0,,205,,,,,,
GAZP5,site,gazp,5,1,trange,45,,45.0,,206,,,,,,
GAZP5,site,gazp,5,1,trange,45,,45.0,,207,,,,,,
GAZP5,site,gazp,5,1,trange,45,,45.0,,208,,,,,,
GAZP5,site,gazp,5,1,trange,45,,45.0,,209,,,,,,
GAZP5,site,gazp,5,1,trange,45,,45.0,,210,,,,,,
GAZP5,site,gazp,5,1,trange,45,,45.0,,211,,,,,,
GAZP5,site,gazp,5,1,trange,45,,45.0,,212,,,,,,
GAZP5,site,gazp,5,1,trange,45,,45.0,,213,,,,,,
GAZP5,site,gazp,5,1,trange,45,,45.0,,214,,,,,,
GAZP5,site,gazp,5,1,trange,45,,45.0,,215,,,,,,
GAZP5,site,gazp,5,1,trange,45,,45.0,,216,,,,,,
GAZP5,site,gazp,5,1,trange,45,,45.0,,217,,,,,,
GAZP5,site,gazp,5,1,trange,45,,45.0,,218,,,,,,
GAZP5,site,gazp,5,1,trange,45,,45.0,,219,,,,,,
GAZP5,site,gazp,5,1,trange,45,,45.0,,220,,,,,,
GAZP5,site,gazp,5,1,trange,45,,45.0,,221,,,,,,
GAZP5,site,gazp,5,1,trange,45,,45.0,,222,,,,,,
GAZP5,site,gazp,5,1,trange,45,,45.0,,223,,,,,,
GAZP5,site,gazp,5,1,trange,45,,45.0,,224,,,,,,
GAZP5,site,gazp,5,1,trange,45,,45.0,,225,,,,,,
GAZP5,site,gazp,5,1,trange,45,,45.0,,226,,,,,,
GAZP5,site,gazp,5,1,trange,45,,45.0,,227,,,,,,
GAZP5,site,gazp,5,1,trange,45,,45.0,,228,,,,,,
GAZP5,site,gazp,5,1,trange,45,,45.0,,229,,,,,,
GAZP5,site,gazp,5,1,trange,45,,45.0,,230,,,,,,
GAZP5,site,gazp,5,1,trange,45,,45.0,,231,,,,,,
GAZP5,site,gazp,5,1,trange,45,,45.0,,232,,,,,,
GAZP5,site,gazp,5,1,trange,45,,45.0,,233,,,,,,
GAZP5,site,gazp,5,1,trange,45,,45.0,,234,,,,,,
GAZP5,site,gazp,5,1,trange,45,,45.0,,235,,,,,,
GAZP5,site,gazp,5,1,trange,45,,45.0,,236,,,,,,
GAZP5,site,gazp,5,1,trange,45,,45.0,,237,,,,,,
GAZP5,site,gazp,5,1,trange,45,,45.0,,238,,,,,,
GAZP5,site,gazp,5,1,trange,45,,45.0,,239,,,,,,
GAZP5,site,gazp,5,1,trange,45,,45.0,,240,,,,,,
GAZP5,site,gazp,5,1,trange,45,,45.0,,241,,,,,,
GAZP5,site,gazp,5,1,trange,45,,45.0,,242,,,,,,
GAZP5,site,gazp,5,1,trange,45,,45.0,,243,,,,,,
GAZP5,site,gazp,5,1,trange,45,,45.0,,244,,,,,,
GAZP5,site,gazp,5,1,trange,45,,45.0,,245,,,,,,
GAZP5,site,gazp,5,1,trange,45,,45.0,,246,,,,,,
GAZP5,site,gazp,5,1,trange,45,,45.0,,247,,,,,,
GAZP5,site,gazp,5,1,trange,45,,45.0,,248,,,,,,
GAZP5,site,gazp,5,1,trange,45,,45.0,,249,,,,,,
GAZP5,site,gazp,5,1,trange,45,,45.0,,250,,,,,,
GAZP5,site,gazp,5,1,trange,45,,45.0,,251,,,,,,
GAZP5,site,gazp,5,1,trange,45,,45.0,,252,,,,,,
GAZP5,site,gazp,5,1,trange,45,,45.0,,253,,,,,,
GAZP5,site,gazp,5,1,trange,45,,45.0,,254,,,,,,
GAZP5,site,gazp,5,1,trange,45,,45.0,,255,,,,,,
GAZP5,site,gazp,5,1,trange,45,,45.0,,256,,,,,,
GAZP5,site,gazp,5,1,trange,45,,45.0,,257,,,,,,
GAZP5,site,gazp,5,1,trange,45,,45.0,,258,,,,,,
GAZP5,site,gazp,5,1,trange,45,,45.0,,259,,,,,,
GAZP5,site,gazp,5,1,trange,45,,45.0,,260,,,,,,
GAZP5,site,gazp,5,1,trange,45,,45.0,,261,,,,,,
GAZP5,site,gazp,5,1,trange,45,,45.0,,262,,,,,,
GAZP5,site,gazp,5,1,trange,45,,45.0,,263,,,,,,
GAZP5,site,gazp,5,1,trange,45,,45.0,,264,,,,,,
GAZP5,site,gazp,5,1,trange,45,,45.0,,265,,,,,,
GAZP5,site,gazp,5,1,trange,45,,45.0,,266,,,,,,
GAZP5,site,gazp,5,1,trange,45,,45.0,,267,,,,,,
GAZP5,site,gazp,5,1,trange,45,,45.0,,268,,,,,,
GAZP5,site,gazp,5,1,trange,45,,45.0,,269,,,,,,
GAZP5,site,gazp,5,1,trange,45,,45.0,,270,,,,,,
GAZP5,site,gazp,5,1,trange,45,,45.0,,271,,,,,,
GAZP5,site,gazp,5,1,trange,45,,45.0,,272,,,,,,
GAZP5,site,gazp,5,1,trange,45,,45.0,,273,,,,,,
GAZP5,site,gazp,5,1,trange,45,,45.0,,274,,,,,,
GAZP5,site,gazp,5,1,trange,45,,45.0,,275,,,,,,
GAZP5,site,gazp,5,1,trange,45,,45.0,,276,,,,,,
GAZP5,site,gazp,5,1,trange,45,,45.0,,277,,,,,,
GAZP5,site,gazp,5,1,trange,45,,45.0,,278,,,,,,
GAZP5,site,gazp,5,1,trange,45,,45.0,,279,,,,,,
GAZP5,site,gazp,5,1,trange,45,,45.0,,280,,,,,,
GAZP5,site,gazp,5,1,trange,45,,45.0,,281,,,,,,
GAZP5,site,gazp,5,1,trange,45,,45.0,,282,,,,,,
GAZP5,site,gazp,5,1,trange,45,,45.0,,283,,,,,,
GAZP5,site,gazp,5,1,trange,45,,45.0,,284,,,,,,
GAZP5,site,gazp,5,1,trange,45,,45.0,,285,,,,,,
GAZP5,site,gazp,5,1,trange,45,,45.0,,286,,,,,,
GAZP5,site,gazp,5,1,trange,45,,45.0,,287,,,,,,
GAZP5,site,gazp,5,1,trange,45,,45.0,,288,,,,,,
GAZP5,site,gazp,5,1,trange,45,,45.0,,289,,,,,,
GAZP5,site,gazp,5,1,trange,45,,45.0,,290,,,,,,
GAZP5,site,gazp,5,1,trange,45,,45.0,,291,,,,,,
GAZP5,site,gazp,5,1,trange,45,,45.0,,292,,,,,,
GAZP5,site,gazp,5,1,trange,45,,45.0,,293,,,,,,
GAZP5,site,gazp,5,1,trange,45,,45.0,,294,,,,,,
GAZP5,site,gazp,5,1,trange,45,,45.0,,295,,,,,,
GAZP5,site,gazp,5,1,trange,45,,45.0,,296,,,,,,
GAZP5,site,gazp,5,1,trange,45,,45.0,,297,,,,,,
GAZP5,site,gazp,5,1,trange,45,,45.0,,298,,,,,,
GAZP5,site,gazp,5,1,trange,45,,45.0,,299,,,,,,
GAZP5,site,gazp,5,1,trange,45,,45.0,,300,,,,,,
GAZP5,site,gazp,5,1,trange,45,,45.0,,301,,,,,,
GAZP5,site,gazp,5,1,trange,45,,45.0,,302,,,,,,
GAZP5,site,gazp,5,1,trange,45,,45.0,,303,,,,,,
GAZP5,site,gazp,5,1,trange,45,,45.0,,304,,,,,,
GAZP5,site,gazp,5,1,trange,45,,45.0,,305,,,,,,
GAZP5,site,gazp,5,1,trange,45,,45.0,,306,,,,,,
GAZP5,site,gazp,5,1,trange,45,,45.0,,307,,,,,,
GAZP5,site,gazp,5,1,trange,45,,45.0,,308,,,,,,
GAZP5,site,gazp,5,1,trange,45,,45.0,,309,,,,,,
GAZP5,site,gazp,5,1,trange,45,,45.0,,310,,,,,,
GAZP5,site,gazp,5,1,trange,45,,45.0,,311,,,,,,
GAZP5,site,gazp,5,1,trange,45,,45.0,,312,,,,,,
GAZP5,site,gazp,5,1,trange,45,,45.0,,313,,,,,,
GAZP5,site,gazp,5,1,trange,45,,45.0,,314,,,,,,
GAZP5,site,gazp,5,1,trange,45,,45.0,,315,,,,,,
GAZP5,site,gazp,5,1,trange,45,,45.0,,316,,,,,,
GAZP5,site,gazp,5,1,trange,45,,45.0,,317,,,,,,
GAZP5,site,gazp,5,1,trange,45,,45.0,,318,,,,,,
GAZP5,site,gazp,5,1,trange,45,,45.0,,319,,,,,,
GAZP5,site,gazp,5,1,trange,45,,45.0,,320,,,,,,
GAZP5,site,gazp,5,1,trange,45,,45.0,,321,,,,,,
GAZP5,site,gazp,5,1,trange,45,,45.0,,322,,,,,,
GAZP5,site,gazp,5,1,trange,44.3,,44.3,,323,,,,,,
GAZP5,site,gazp,5,1,trange,44.3,,44.3,,324,,,,,,
GAZP5,site,gazp,5,1,trange,44.3,,44.3,,325,,,,,,
GAZP5,site,gazp,5,1,trange,44.3,,44.3,,326,,,,,,
GAZP5,site,gazp,5,1,trange,44.3,,44.3,,327,,,,,,
GAZP5,site,gazp,5,1,trange,44.3,,44.3,,328,,,,,,
GAZP5,site,gazp,5,1,trange,44.3,,44.3,,329,,,,,,
GAZP5,site,gazp,5,1,trange,44.3,,44.3,,330,,,,,,
GAZP5,site,gazp,5,1,trange,44.3,,44.3,,331,,,,,,
GAZP5,site,gazp,5,1,trange,44.3,,44.3,,332,,,,,,
GAZP5,site,gazp,5,1,trange,44.3,,44.3,,333,,,,,,
GAZP5,site,gazp,5,1,trange,44.3,,44.3,,334,,,,,,
GAZP5,site,gazp,5,1,trange,44.3,,44.3,,335,,,,,,
GAZP5,site,gazp,5,1,trange,44.3,,44.3,,336,,,,,,
GAZP5,site,gazp,5,1,trange,44.3,,44.3,,337,,,,,,
GAZP5,site,gazp,5,1,trange,44.3,,44.3,,338,,,,,,
GAZP5,site,gazp,5,1,trange,44.3,,44.3,,339,,,,,,
GAZP5,site,gazp,5,1,trange,44.3,,44.3,,340,,,,,,
GAZP5,site,gazp,5,1,trange,44.3,,44.3,,341,,,,,,
GAZP5,site,gazp,5,1,trange,44.3,,44.3,,342,,,,,,
GAZP5,site,gazp,5,1,trange,44.3,,44.3,,343,,,,,,
GAZP5,site,gazp,5,1,trange,44.3,,44.3,,344,,,,,,
GAZP5,site,gazp,5,1,trange,44.3,,44.3,,345,,,,,,
GAZP5,site,gazp,5,1,trange,44.3,,44.3,,346,,,,,,
GAZP5,site,gazp,5,1,trange,44.3,,44.3,,347,,,,,,
GAZP5,site,gazp,5,1,trange,44.3,,44.3,,348,,,,,,
GAZP5,site,gazp,5,1,trange,44.3,,44.3,,349,,,,,,
GAZP5,site,gazp,5,1,trange,44.3,,44.3,,350,,,,,,
GAZP5,site,gazp,5,1,trange,44.3,,44.3,,351,,,,,,
GAZP5,site,gazp,5,1,trange,44.3,,44.3,,352,,,,,,
GAZP5,site,gazp,5,1,trange,44.3,,44.3,,353,,,,,,
GAZP5,site,gazp,5,1,trange,44.3,,44.3,,354,,,,,,
GAZP5,site,gazp,5,1,trange,44.3,,44.3,,355,,,,,,
GAZP5,site,gazp,5,1,trange,44.3,,44.3,,356,,,,,,
GAZP5,site,gazp,5,1,trange,44.3,,44.3,,357,,,,,,
GAZP5,site,gazp,5,1,trange,44.3,,44.3,,358,,,,,,
GAZP5,site,gazp,5,1,trange,44.3,,44.3,,359,,,,,,
GAZP5,site,gazp,5,1,trange,44.3,,44.3,,360,,,,,,
GAZP5,site,gazp,5,1,trange,44.3,,44.3,,361,,,,,,
GAZP5,site,gazp,5,1,trange,44.3,,44.3,,362,,,,,,
GAZP5,site,gazp,5,1,trange,44.3,,44.3,,363,,,,,,
GAZP5,site,gazp,5,1,trange,44.3,,44.3,,364,,,,,,
GAZP5,site,gazp,5,1,trange,44.3,,44.3,,365,,,,,,
GAZP5,site,gazp,5,1,trange,44.3,,44.3,,366,,,,,,
GAZP5,site,gazp,5,1,trange,44.3,,44.3,,367,,,,,,
GAZP5,site,gazp,5,1,trange,44.3,,44.3,,368,,,,,,
GAZP5,site,gazp,5,1,trange,44.3,,44.3,,369,,,,,,
GAZP5,site,gazp,5,1,twetq,12,,12.0,,177,,,,,,
GAZP5,site,gazp,5,1,twetq,12,,12.0,,178,,,,,,
GAZP5,site,gazp,5,1,twetq,12,,12.0,,179,,,,,,
GAZP5,site,gazp,5,1,twetq,12,,12.0,,180,,,,,,
GAZP5,site,gazp,5,1,twetq,12,,12.0,,181,,,,,,
GAZP5,site,gazp,5,1,twetq,12,,12.0,,182,,,,,,
GAZP5,site,gazp,5,1,twetq,12,,12.0,,183,,,,,,
GAZP5,site,gazp,5,1,twetq,12,,12.0,,184,,,,,,
GAZP5,site,gazp,5,1,twetq,12,,12.0,,185,,,,,,
GAZP5,site,gazp,5,1,twetq,12,,12.0,,186,,,,,,
GAZP5,site,gazp,5,1,twetq,12,,12.0,,187,,,,,,
GAZP5,site,gazp,5,1,twetq,12,,12.0,,188,,,,,,
GAZP5,site,gazp,5,1,twetq,12,,12.0,,189,,,,,,
GAZP5,site,gazp,5,1,twetq,12,,12.0,,190,,,,,,
GAZP5,site,gazp,5,1,twetq,12,,12.0,,191,,,,,,
GAZP5,site,gazp,5,1,twetq,12,,12.0,,192,,,,,,
GAZP5,site,gazp,5,1,twetq,12,,12.0,,193,,,,,,
GAZP5,site,gazp,5,1,twetq,12,,12.0,,194,,,,,,
GAZP5,site,gazp,5,1,twetq,12,,12.0,,195,,,,,,
GAZP5,site,gazp,5,1,twetq,12,,12.0,,196,,,,,,
GAZP5,site,gazp,5,1,twetq,12,,12.0,,197,,,,,,
GAZP5,site,gazp,5,1,twetq,12,,12.0,,198,,,,,,
GAZP5,site,gazp,5,1,twetq,12,,12.0,,199,,,,,,
GAZP5,site,gazp,5,1,twetq,12,,12.0,,200,,,,,,
GAZP5,site,gazp,5,1,twetq,12,,12.0,,201,,,,,,
GAZP5,site,gazp,5,1,twetq,12,,12.0,,202,,,,,,
GAZP5,site,gazp,5,1,twetq,12,,12.0,,203,,,,,,
GAZP5,site,gazp,5,1,twetq,12,,12.0,,204,,,,,,
GAZP5,site,gazp,5,1,twetq,12,,12.0,,205,,,,,,
GAZP5,site,gazp,5,1,twetq,12,,12.0,,206,,,,,,
GAZP5,site,gazp,5,1,twetq,12,,12.0,,207,,,,,,
GAZP5,site,gazp,5,1,twetq,12,,12.0,,208,,,,,,
GAZP5,site,gazp,5,1,twetq,12,,12.0,,209,,,,,,
GAZP5,site,gazp,5,1,twetq,12,,12.0,,210,,,,,,
GAZP5,site,gazp,5,1,twetq,12,,12.0,,211,,,,,,
GAZP5,site,gazp,5,1,twetq,12,,12.0,,212,,,,,,
GAZP5,site,gazp,5,1,twetq,12,,12.0,,213,,,,,,
GAZP5,site,gazp,5,1,twetq,12,,12.0,,214,,,,,,
GAZP5,site,gazp,5,1,twetq,12,,12.0,,215,,,,,,
GAZP5,site,gazp,5,1,twetq,12,,12.0,,216,,,,,,
GAZP5,site,gazp,5,1,twetq,12,,12.0,,217,,,,,,
GAZP5,site,gazp,5,1,twetq,12,,12.0,,218,,,,,,
GAZP5,site,gazp,5,1,twetq,12,,12.0,,219,,,,,,
GAZP5,site,gazp,5,1,twetq,12,,12.0,,220,,,,,,
GAZP5,site,gazp,5,1,twetq,12,,12.0,,221,,,,,,
GAZP5,site,gazp,5,1,twetq,12,,12.0,,222,,,,,,
GAZP5,site,gazp,5,1,twetq,12,,12.0,,223,,,,,,
GAZP5,site,gazp,5,1,twetq,12,,12.0,,224,,,,,,
GAZP5,site,gazp,5,1,twetq,12,,12.0,,225,,,,,,
GAZP5,site,gazp,5,1,twetq,12,,12.0,,226,,,,,,
GAZP5,site,gazp,5,1,twetq,12,,12.0,,227,,,,,,
GAZP5,site,gazp,5,1,twetq,12,,12.0,,228,,,,,,
GAZP5,site,gazp,5,1,twetq,12,,12.0,,229,,,,,,
GAZP5,site,gazp,5,1,twetq,12,,12.0,,230,,,,,,
GAZP5,site,gazp,5,1,twetq,12,,12.0,,231,,,,,,
GAZP5,site,gazp,5,1,twetq,12,,12.0,,232,,,,,,
GAZP5,site,gazp,5,1,twetq,12,,12.0,,233,,,,,,
GAZP5,site,gazp,5,1,twetq,12,,12.0,,234,,,,,,
GAZP5,site,gazp,5,1,twetq,12,,12.0,,235,,,,,,
GAZP5,site,gazp,5,1,twetq,12,,12.0,,236,,,,,,
GAZP5,site,gazp,5,1,twetq,12,,12.0,,237,,,,,,
GAZP5,site,gazp,5,1,twetq,12,,12.0,,238,,,,,,
GAZP5,site,gazp,5,1,twetq,12,,12.0,,239,,,,,,
GAZP5,site,gazp,5,1,twetq,12,,12.0,,240,,,,,,
GAZP5,site,gazp,5,1,twetq,12,,12.0,,241,,,,,,
GAZP5,site,gazp,5,1,twetq,12,,12.0,,242,,,,,,
GAZP5,site,gazp,5,1,twetq,12,,12.0,,243,,,,,,
GAZP5,site,gazp,5,1,twetq,12,,12.0,,244,,,,,,
GAZP5,site,gazp,5,1,twetq,12,,12.0,,245,,,,,,
GAZP5,site,gazp,5,1,twetq,12,,12.0,,246,,,,,,
GAZP5,site,gazp,5,1,twetq,12,,12.0,,247,,,,,,
GAZP5,site,gazp,5,1,twetq,12,,12.0,,248,,,,,,
GAZP5,site,gazp,5,1,twetq,12,,12.0,,249,,,,,,
GAZP5,site,gazp,5,1,twetq,12,,12.0,,250,,,,,,
GAZP5,site,gazp,5,1,twetq,12,,12.0,,251,,,,,,
GAZP5,site,gazp,5,1,twetq,12,,12.0,,252,,,,,,
GAZP5,site,gazp,5,1,twetq,12,,12.0,,253,,,,,,
GAZP5,site,gazp,5,1,twetq,12,,12.0,,254,,,,,,
GAZP5,site,gazp,5,1,twetq,12,,12.0,,255,,,,,,
GAZP5,site,gazp,5,1,twetq,12,,12.0,,256,,,,,,
GAZP5,site,gazp,5,1,twetq,12,,12.0,,257,,,,,,
GAZP5,site,gazp,5,1,twetq,12,,12.0,,258,,,,,,
GAZP5,site,gazp,5,1,twetq,12,,12.0,,259,,,,,,
GAZP5,site,gazp,5,1,twetq,12,,12.0,,260,,,,,,
GAZP5,site,gazp,5,1,twetq,12,,12.0,,261,,,,,,
GAZP5,site,gazp,5,1,twetq,12,,12.0,,262,,,,,,
GAZP5,site,gazp,5,1,twetq,12,,12.0,,263,,,,,,
GAZP5,site,gazp,5,1,twetq,12,,12.0,,264,,,,,,
GAZP5,site,gazp,5,1,twetq,12,,12.0,,265,,,,,,
GAZP5,site,gazp,5,1,twetq,12,,12.0,,266,,,,,,
GAZP5,site,gazp,5,1,twetq,12,,12.0,,267,,,,,,
GAZP5,site,gazp,5,1,twetq,12,,12.0,,268,,,,,,
GAZP5,site,gazp,5,1,twetq,12,,12.0,,269,,,,,,
GAZP5,site,gazp,5,1,twetq,12,,12.0,,270,,,,,,
GAZP5,site,gazp,5,1,twetq,12,,12.0,,271,,,,,,
GAZP5,site,gazp,5,1,twetq,12,,12.0,,272,,,,,,
GAZP5,site,gazp,5,1,twetq,12,,12.0,,273,,,,,,
GAZP5,site,gazp,5,1,twetq,12,,12.0,,274,,,,,,
GAZP5,site,gazp,5,1,twetq,12,,12.0,,275,,,,,,
GAZP5,site,gazp,5,1,twetq,12,,12.0,,276,,,,,,
GAZP5,site,gazp,5,1,twetq,12,,12.0,,277,,,,,,
GAZP5,site,gazp,5,1,twetq,12,,12.0,,278,,,,,,
GAZP5,site,gazp,5,1,twetq,12,,12.0,,279,,,,,,
GAZP5,site,gazp,5,1,twetq,12,,12.0,,280,,,,,,
GAZP5,site,gazp,5,1,twetq,12,,12.0,,281,,,,,,
GAZP5,site,gazp,5,1,twetq,12,,12.0,,282,,,,,,
GAZP5,site,gazp,5,1,twetq,12,,12.0,,283,,,,,,
GAZP5,site,gazp,5,1,twetq,12,,12.0,,284,,,,,,
GAZP5,site,gazp,5,1,twetq,12,,12.0,,285,,,,,,
GAZP5,site,gazp,5,1,twetq,12,,12.0,,286,,,,,,
GAZP5,site,gazp,5,1,twetq,12,,12.0,,287,,,,,,
GAZP5,site,gazp,5,1,twetq,12,,12.0,,288,,,,,,
GAZP5,site,gazp,5,1,twetq,12,,12.0,,289,,,,,,
GAZP5,site,gazp,5,1,twetq,12,,12.0,,290,,,,,,
GAZP5,site,gazp,5,1,twetq,12,,12.0,,291,,,,,,
GAZP5,site,gazp,5,1,twetq,12,,12.0,,292,,,,,,
GAZP5,site,gazp,5,1,twetq,12,,12.0,,293,,,,,,
GAZP5,site,gazp,5,1,twetq,12,,12.0,,294,,,,,,
GAZP5,site,gazp,5,1,twetq,12,,12.0,,295,,,,,,
GAZP5,site,gazp,5,1,twetq,12,,12.0,,296,,,,,,
GAZP5,site,gazp,5,1,twetq,12,,12.0,,297,,,,,,
GAZP5,site,gazp,5,1,twetq,12,,12.0,,298,,,,,,
GAZP5,site,gazp,5,1,twetq,12,,12.0,,299,,,,,,
GAZP5,site,gazp,5,1,twetq,12,,12.0,,300,,,,,,
GAZP5,site,gazp,5,1,twetq,12,,12.0,,301,,,,,,
GAZP5,site,gazp,5,1,twetq,12,,12.0,,302,,,,,,
GAZP5,site,gazp,5,1,twetq,12,,12.0,,303,,,,,,
GAZP5,site,gazp,5,1,twetq,12,,12.0,,304,,,,,,
GAZP5,site,gazp,5,1,twetq,12,,12.0,,305,,,,,,
GAZP5,site,gazp,5,1,twetq,12,,12.0,,306,,,,,,
GAZP5,site,gazp,5,1,twetq,12,,12.0,,307,,,,,,
GAZP5,site,gazp,5,1,twetq,12,,12.0,,308,,,,,,
GAZP5,site,gazp,5,1,twetq,12,,12.0,,309,,,,,,
GAZP5,site,gazp,5,1,twetq,12,,12.0,,310,,,,,,
GAZP5,site,gazp,5,1,twetq,12,,12.0,,311,,,,,,
GAZP5,site,gazp,5,1,twetq,12,,12.0,,312,,,,,,
GAZP5,site,gazp,5,1,twetq,12,,12.0,,313,,,,,,
GAZP5,site,gazp,5,1,twetq,12,,12.0,,314,,,,,,
GAZP5,site,gazp,5,1,twetq,12,,12.0,,315,,,,,,
GAZP5,site,gazp,5,1,twetq,12,,12.0,,316,,,,,,
GAZP5,site,gazp,5,1,twetq,12,,12.0,,317,,,,,,
GAZP5,site,gazp,5,1,twetq,12,,12.0,,318,,,,,,
GAZP5,site,gazp,5,1,twetq,12,,12.0,,319,,,,,,
GAZP5,site,gazp,5,1,twetq,12,,12.0,,320,,,,,,
GAZP5,site,gazp,5,1,twetq,12,,12.0,,321,,,,,,
GAZP5,site,gazp,5,1,twetq,12,,12.0,,322,,,,,,
GAZP5,site,gazp,5,1,twetq,11.2,,11.2,,323,,,,,,
GAZP5,site,gazp,5,1,twetq,11.2,,11.2,,324,,,,,,
GAZP5,site,gazp,5,1,twetq,11.2,,11.2,,325,,,,,,
GAZP5,site,gazp,5,1,twetq,11.2,,11.2,,326,,,,,,
GAZP5,site,gazp,5,1,twetq,11.2,,11.2,,327,,,,,,
GAZP5,site,gazp,5,1,twetq,11.2,,11.2,,328,,,,,,
GAZP5,site,gazp,5,1,twetq,11.2,,11.2,,329,,,,,,
GAZP5,site,gazp,5,1,twetq,11.2,,11.2,,330,,,,,,
GAZP5,site,gazp,5,1,twetq,11.2,,11.2,,331,,,,,,
GAZP5,site,gazp,5,1,twetq,11.2,,11.2,,332,,,,,,
GAZP5,site,gazp,5,1,twetq,11.2,,11.2,,333,,,,,,
GAZP5,site,gazp,5,1,twetq,11.2,,11.2,,334,,,,,,
GAZP5,site,gazp,5,1,twetq,11.2,,11.2,,335,,,,,,
GAZP5,site,gazp,5,1,twetq,11.2,,11.2,,336,,,,,,
GAZP5,site,gazp,5,1,twetq,11.2,,11.2,,337,,,,,,
GAZP5,site,gazp,5,1,twetq,11.2,,11.2,,338,,,,,,
GAZP5,site,gazp,5,1,twetq,11.2,,11.2,,339,,,,,,
GAZP5,site,gazp,5,1,twetq,11.2,,11.2,,340,,,,,,
GAZP5,site,gazp,5,1,twetq,11.2,,11.2,,341,,,,,,
GAZP5,site,gazp,5,1,twetq,11.2,,11.2,,342,,,,,,
GAZP5,site,gazp,5,1,twetq,11.2,,11.2,,343,,,,,,
GAZP5,site,gazp,5,1,twetq,11.2,,11.2,,344,,,,,,
GAZP5,site,gazp,5,1,twetq,11.2,,11.2,,345,,,,,,
GAZP5,site,gazp,5,1,twetq,11.2,,11.2,,346,,,,,,
GAZP5,site,gazp,5,1,twetq,11.2,,11.2,,347,,,,,,
GAZP5,site,gazp,5,1,twetq,11.2,,11.2,,348,,,,,,
GAZP5,site,gazp,5,1,twetq,11.2,,11.2,,349,,,,,,
GAZP5,site,gazp,5,1,twetq,11.2,,11.2,,350,,,,,,
GAZP5,site,gazp,5,1,twetq,11.2,,11.2,,351,,,,,,
GAZP5,site,gazp,5,1,twetq,11.2,,11.2,,352,,,,,,
GAZP5,site,gazp,5,1,twetq,11.2,,11.2,,353,,,,,,
GAZP5,site,gazp,5,1,twetq,11.2,,11.2,,354,,,,,,
GAZP5,site,gazp,5,1,twetq,11.2,,11.2,,355,,,,,,
GAZP5,site,gazp,5,1,twetq,11.2,,11.2,,356,,,,,,
GAZP5,site,gazp,5,1,twetq,11.2,,11.2,,357,,,,,,
GAZP5,site,gazp,5,1,twetq,11.2,,11.2,,358,,,,,,
GAZP5,site,gazp,5,1,twetq,11.2,,11.2,,359,,,,,,
GAZP5,site,gazp,5,1,twetq,11.2,,11.2,,360,,,,,,
GAZP5,site,gazp,5,1,twetq,11.2,,11.2,,361,,,,,,
GAZP5,site,gazp,5,1,twetq,11.2,,11.2,,362,,,,,,
GAZP5,site,gazp,5,1,twetq,11.2,,11.2,,363,,,,,,
GAZP5,site,gazp,5,1,twetq,11.2,,11.2,,364,,,,,,
GAZP5,site,gazp,5,1,twetq,11.2,,11.2,,365,,,,,,
GAZP5,site,gazp,5,1,twetq,11.2,,11.2,,366,,,,,,
GAZP5,site,gazp,5,1,twetq,11.2,,11.2,,367,,,,,,
GAZP5,site,gazp,5,1,twetq,11.2,,11.2,,368,,,,,,
GAZP5,site,gazp,5,1,twetq,11.2,,11.2,,369,,,,,,
GAZP5,site,gazp,5,1,tdryq,-5.3,,-5.3,,177,,,,,,
GAZP5,site,gazp,5,1,tdryq,-5.3,,-5.3,,178,,,,,,
GAZP5,site,gazp,5,1,tdryq,-5.3,,-5.3,,179,,,,,,
GAZP5,site,gazp,5,1,tdryq,-5.3,,-5.3,,180,,,,,,
GAZP5,site,gazp,5,1,tdryq,-5.3,,-5.3,,181,,,,,,
GAZP5,site,gazp,5,1,tdryq,-5.3,,-5.3,,182,,,,,,
GAZP5,site,gazp,5,1,tdryq,-5.3,,-5.3,,183,,,,,,
GAZP5,site,gazp,5,1,tdryq,-5.3,,-5.3,,184,,,,,,
GAZP5,site,gazp,5,1,tdryq,-5.3,,-5.3,,185,,,,,,
GAZP5,site,gazp,5,1,tdryq,-5.3,,-5.3,,186,,,,,,
GAZP5,site,gazp,5,1,tdryq,-5.3,,-5.3,,187,,,,,,
GAZP5,site,gazp,5,1,tdryq,-5.3,,-5.3,,188,,,,,,
GAZP5,site,gazp,5,1,tdryq,-5.3,,-5.3,,189,,,,,,
GAZP5,site,gazp,5,1,tdryq,-5.3,,-5.3,,190,,,,,,
GAZP5,site,gazp,5,1,tdryq,-5.3,,-5.3,,191,,,,,,
GAZP5,site,gazp,5,1,tdryq,-5.3,,-5.3,,192,,,,,,
GAZP5,site,gazp,5,1,tdryq,-5.3,,-5.3,,193,,,,,,
GAZP5,site,gazp,5,1,tdryq,-5.3,,-5.3,,194,,,,,,
GAZP5,site,gazp,5,1,tdryq,-5.3,,-5.3,,195,,,,,,
GAZP5,site,gazp,5,1,tdryq,-5.3,,-5.3,,196,,,,,,
GAZP5,site,gazp,5,1,tdryq,-5.3,,-5.3,,197,,,,,,
GAZP5,site,gazp,5,1,tdryq,-5.3,,-5.3,,198,,,,,,
GAZP5,site,gazp,5,1,tdryq,-5.3,,-5.3,,199,,,,,,
GAZP5,site,gazp,5,1,tdryq,-5.3,,-5.3,,200,,,,,,
GAZP5,site,gazp,5,1,tdryq,-5.3,,-5.3,,201,,,,,,
GAZP5,site,gazp,5,1,tdryq,-5.3,,-5.3,,202,,,,,,
GAZP5,site,gazp,5,1,tdryq,-5.3,,-5.3,,203,,,,,,
GAZP5,site,gazp,5,1,tdryq,-5.3,,-5.3,,204,,,,,,
GAZP5,site,gazp,5,1,tdryq,-5.3,,-5.3,,205,,,,,,
GAZP5,site,gazp,5,1,tdryq,-5.3,,-5.3,,206,,,,,,
GAZP5,site,gazp,5,1,tdryq,-5.3,,-5.3,,207,,,,,,
GAZP5,site,gazp,5,1,tdryq,-5.3,,-5.3,,208,,,,,,
GAZP5,site,gazp,5,1,tdryq,-5.3,,-5.3,,209,,,,,,
GAZP5,site,gazp,5,1,tdryq,-5.3,,-5.3,,210,,,,,,
GAZP5,site,gazp,5,1,tdryq,-5.3,,-5.3,,211,,,,,,
GAZP5,site,gazp,5,1,tdryq,-5.3,,-5.3,,212,,,,,,
GAZP5,site,gazp,5,1,tdryq,-5.3,,-5.3,,213,,,,,,
GAZP5,site,gazp,5,1,tdryq,-5.3,,-5.3,,214,,,,,,
GAZP5,site,gazp,5,1,tdryq,-5.3,,-5.3,,215,,,,,,
GAZP5,site,gazp,5,1,tdryq,-5.3,,-5.3,,216,,,,,,
GAZP5,site,gazp,5,1,tdryq,-5.3,,-5.3,,217,,,,,,
GAZP5,site,gazp,5,1,tdryq,-5.3,,-5.3,,218,,,,,,
GAZP5,site,gazp,5,1,tdryq,-5.3,,-5.3,,219,,,,,,
GAZP5,site,gazp,5,1,tdryq,-5.3,,-5.3,,220,,,,,,
GAZP5,site,gazp,5,1,tdryq,-5.3,,-5.3,,221,,,,,,
GAZP5,site,gazp,5,1,tdryq,-5.3,,-5.3,,222,,,,,,
GAZP5,site,gazp,5,1,tdryq,-5.3,,-5.3,,223,,,,,,
GAZP5,site,gazp,5,1,tdryq,-5.3,,-5.3,,224,,,,,,
GAZP5,site,gazp,5,1,tdryq,-5.3,,-5.3,,225,,,,,,
GAZP5,site,gazp,5,1,tdryq,-5.3,,-5.3,,226,,,,,,
GAZP5,site,gazp,5,1,tdryq,-5.3,,-5.3,,227,,,,,,
GAZP5,site,gazp,5,1,tdryq,-5.3,,-5.3,,228,,,,,,
GAZP5,site,gazp,5,1,tdryq,-5.3,,-5.3,,229,,,,,,
GAZP5,site,gazp,5,1,tdryq,-5.3,,-5.3,,230,,,,,,
GAZP5,site,gazp,5,1,tdryq,-5.3,,-5.3,,231,,,,,,
GAZP5,site,gazp,5,1,tdryq,-5.3,,-5.3,,232,,,,,,
GAZP5,site,gazp,5,1,tdryq,-5.3,,-5.3,,233,,,,,,
GAZP5,site,gazp,5,1,tdryq,-5.3,,-5.3,,234,,,,,,
GAZP5,site,gazp,5,1,tdryq,-5.3,,-5.3,,235,,,,,,
GAZP5,site,gazp,5,1,tdryq,-5.3,,-5.3,,236,,,,,,
GAZP5,site,gazp,5,1,tdryq,-5.3,,-5.3,,237,,,,,,
GAZP5,site,gazp,5,1,tdryq,-5.3,,-5.3,,238,,,,,,
GAZP5,site,gazp,5,1,tdryq,-5.3,,-5.3,,239,,,,,,
GAZP5,site,gazp,5,1,tdryq,-5.3,,-5.3,,240,,,,,,
GAZP5,site,gazp,5,1,tdryq,-5.3,,-5.3,,241,,,,,,
GAZP5,site,gazp,5,1,tdryq,-5.3,,-5.3,,242,,,,,,
GAZP5,site,gazp,5,1,tdryq,-5.3,,-5.3,,243,,,,,,
GAZP5,site,gazp,5,1,tdryq,-5.3,,-5.3,,244,,,,,,
GAZP5,site,gazp,5,1,tdryq,-5.3,,-5.3,,245,,,,,,
GAZP5,site,gazp,5,1,tdryq,-5.3,,-5.3,,246,,,,,,
GAZP5,site,gazp,5,1,tdryq,-5.3,,-5.3,,247,,,,,,
GAZP5,site,gazp,5,1,tdryq,-5.3,,-5.3,,248,,,,,,
GAZP5,site,gazp,5,1,tdryq,-5.3,,-5.3,,249,,,,,,
GAZP5,site,gazp,5,1,tdryq,-5.3,,-5.3,,250,,,,,,
GAZP5,site,gazp,5,1,tdryq,-5.3,,-5.3,,251,,,,,,
GAZP5,site,gazp,5,1,tdryq,-5.3,,-5.3,,252,,,,,,
GAZP5,site,gazp,5,1,tdryq,-5.3,,-5.3,,253,,,,,,
GAZP5,site,gazp,5,1,tdryq,-5.3,,-5.3,,254,,,,,,
GAZP5,site,gazp,5,1,tdryq,-5.3,,-5.3,,255,,,,,,
GAZP5,site,gazp,5,1,tdryq,-5.3,,-5.3,,256,,,,,,
GAZP5,site,gazp,5,1,tdryq,-5.3,,-5.3,,257,,,,,,
GAZP5,site,gazp,5,1,tdryq,-5.3,,-5.3,,258,,,,,,
GAZP5,site,gazp,5,1,tdryq,-5.3,,-5.3,,259,,,,,,
GAZP5,site,gazp,5,1,tdryq,-5.3,,-5.3,,260,,,,,,
GAZP5,site,gazp,5,1,tdryq,-5.3,,-5.3,,261,,,,,,
GAZP5,site,gazp,5,1,tdryq,-5.3,,-5.3,,262,,,,,,
GAZP5,site,gazp,5,1,tdryq,-5.3,,-5.3,,263,,,,,,
GAZP5,site,gazp,5,1,tdryq,-5.3,,-5.3,,264,,,,,,
GAZP5,site,gazp,5,1,tdryq,-5.3,,-5.3,,265,,,,,,
GAZP5,site,gazp,5,1,tdryq,-5.3,,-5.3,,266,,,,,,
GAZP5,site,gazp,5,1,tdryq,-5.3,,-5.3,,267,,,,,,
GAZP5,site,gazp,5,1,tdryq,-5.3,,-5.3,,268,,,,,,
GAZP5,site,gazp,5,1,tdryq,-5.3,,-5.3,,269,,,,,,
GAZP5,site,gazp,5,1,tdryq,-5.3,,-5.3,,270,,,,,,
GAZP5,site,gazp,5,1,tdryq,-5.3,,-5.3,,271,,,,,,
GAZP5,site,gazp,5,1,tdryq,-5.3,,-5.3,,272,,,,,,
GAZP5,site,gazp,5,1,tdryq,-5.3,,-5.3,,273,,,,,,
GAZP5,site,gazp,5,1,tdryq,-5.3,,-5.3,,274,,,,,,
GAZP5,site,gazp,5,1,tdryq,-5.3,,-5.3,,275,,,,,,
GAZP5,site,gazp,5,1,tdryq,-5.3,,-5.3,,276,,,,,,
GAZP5,site,gazp,5,1,tdryq,-5.3,,-5.3,,277,,,,,,
GAZP5,site,gazp,5,1,tdryq,-5.3,,-5.3,,278,,,,,,
GAZP5,site,gazp,5,1,tdryq,-5.3,,-5.3,,279,,,,,,
GAZP5,site,gazp,5,1,tdryq,-5.3,,-5.3,,280,,,,,,
GAZP5,site,gazp,5,1,tdryq,-5.3,,-5.3,,281,,,,,,
GAZP5,site,gazp,5,1,tdryq,-5.3,,-5.3,,282,,,,,,
GAZP5,site,gazp,5,1,tdryq,-5.3,,-5.3,,283,,,,,,
GAZP5,site,gazp,5,1,tdryq,-5.3,,-5.3,,284,,,,,,
GAZP5,site,gazp,5,1,tdryq,-5.3,,-5.3,,285,,,,,,
GAZP5,site,gazp,5,1,tdryq,-5.3,,-5.3,,286,,,,,,
GAZP5,site,gazp,5,1,tdryq,-5.3,,-5.3,,287,,,,,,
GAZP5,site,gazp,5,1,tdryq,-5.3,,-5.3,,288,,,,,,
GAZP5,site,gazp,5,1,tdryq,-5.3,,-5.3,,289,,,,,,
GAZP5,site,gazp,5,1,tdryq,-5.3,,-5.3,,290,,,,,,
GAZP5,site,gazp,5,1,tdryq,-5.3,,-5.3,,291,,,,,,
GAZP5,site,gazp,5,1,tdryq,-5.3,,-5.3,,292,,,,,,
GAZP5,site,gazp,5,1,tdryq,-5.3,,-5.3,,293,,,,,,
GAZP5,site,gazp,5,1,tdryq,-5.3,,-5.3,,294,,,,,,
GAZP5,site,gazp,5,1,tdryq,-5.3,,-5.3,,295,,,,,,
GAZP5,site,gazp,5,1,tdryq,-5.3,,-5.3,,296,,,,,,
GAZP5,site,gazp,5,1,tdryq,-5.3,,-5.3,,297,,,,,,
GAZP5,site,gazp,5,1,tdryq,-5.3,,-5.3,,298,,,,,,
GAZP5,site,gazp,5,1,tdryq,-5.3,,-5.3,,299,,,,,,
GAZP5,site,gazp,5,1,tdryq,-5.3,,-5.3,,300,,,,,,
GAZP5,site,gazp,5,1,tdryq,-5.3,,-5.3,,301,,,,,,
GAZP5,site,gazp,5,1,tdryq,-5.3,,-5.3,,302,,,,,,
GAZP5,site,gazp,5,1,tdryq,-5.3,,-5.3,,303,,,,,,
GAZP5,site,gazp,5,1,tdryq,-5.3,,-5.3,,304,,,,,,
GAZP5,site,gazp,5,1,tdryq,-5.3,,-5.3,,305,,,,,,
GAZP5,site,gazp,5,1,tdryq,-5.3,,-5.3,,306,,,,,,
GAZP5,site,gazp,5,1,tdryq,-5.3,,-5.3,,307,,,,,,
GAZP5,site,gazp,5,1,tdryq,-5.3,,-5.3,,308,,,,,,
GAZP5,site,gazp,5,1,tdryq,-5.3,,-5.3,,309,,,,,,
GAZP5,site,gazp,5,1,tdryq,-5.3,,-5.3,,310,,,,,,
GAZP5,site,gazp,5,1,tdryq,-5.3,,-5.3,,311,,,,,,
GAZP5,site,gazp,5,1,tdryq,-5.3,,-5.3,,312,,,,,,
GAZP5,site,gazp,5,1,tdryq,-5.3,,-5.3,,313,,,,,,
GAZP5,site,gazp,5,1,tdryq,-5.3,,-5.3,,314,,,,,,
GAZP5,site,gazp,5,1,tdryq,-5.3,,-5.3,,315,,,,,,
GAZP5,site,gazp,5,1,tdryq,-5.3,,-5.3,,316,,,,,,
GAZP5,site,gazp,5,1,tdryq,-5.3,,-5.3,,317,,,,,,
GAZP5,site,gazp,5,1,tdryq,-5.3,,-5.3,,318,,,,,,
GAZP5,site,gazp,5,1,tdryq,-5.3,,-5.3,,319,,,,,,
GAZP5,site,gazp,5,1,tdryq,-5.3,,-5.3,,320,,,,,,
GAZP5,site,gazp,5,1,tdryq,-5.3,,-5.3,,321,,,,,,
GAZP5,site,gazp,5,1,tdryq,-5.3,,-5.3,,322,,,,,,
GAZP5,site,gazp,5,1,tdryq,-5.5,,-5.5,,323,,,,,,
GAZP5,site,gazp,5,1,tdryq,-5.5,,-5.5,,324,,,,,,
GAZP5,site,gazp,5,1,tdryq,-5.5,,-5.5,,325,,,,,,
GAZP5,site,gazp,5,1,tdryq,-5.5,,-5.5,,326,,,,,,
GAZP5,site,gazp,5,1,tdryq,-5.5,,-5.5,,327,,,,,,
GAZP5,site,gazp,5,1,tdryq,-5.5,,-5.5,,328,,,,,,
GAZP5,site,gazp,5,1,tdryq,-5.5,,-5.5,,329,,,,,,
GAZP5,site,gazp,5,1,tdryq,-5.5,,-5.5,,330,,,,,,
GAZP5,site,gazp,5,1,tdryq,-5.5,,-5.5,,331,,,,,,
GAZP5,site,gazp,5,1,tdryq,-5.5,,-5.5,,332,,,,,,
GAZP5,site,gazp,5,1,tdryq,-5.5,,-5.5,,333,,,,,,
GAZP5,site,gazp,5,1,tdryq,-5.5,,-5.5,,334,,,,,,
GAZP5,site,gazp,5,1,tdryq,-5.5,,-5.5,,335,,,,,,
GAZP5,site,gazp,5,1,tdryq,-5.5,,-5.5,,336,,,,,,
GAZP5,site,gazp,5,1,tdryq,-5.5,,-5.5,,337,,,,,,
GAZP5,site,gazp,5,1,tdryq,-5.5,,-5.5,,338,,,,,,
GAZP5,site,gazp,5,1,tdryq,-5.5,,-5.5,,339,,,,,,
GAZP5,site,gazp,5,1,tdryq,-5.5,,-5.5,,340,,,,,,
GAZP5,site,gazp,5,1,tdryq,-5.5,,-5.5,,341,,,,,,
GAZP5,site,gazp,5,1,tdryq,-5.5,,-5.5,,342,,,,,,
GAZP5,site,gazp,5,1,tdryq,-5.5,,-5.5,,343,,,,,,
GAZP5,site,gazp,5,1,tdryq,-5.5,,-5.5,,344,,,,,,
GAZP5,site,gazp,5,1,tdryq,-5.5,,-5.5,,345,,,,,,
GAZP5,site,gazp,5,1,tdryq,-5.5,,-5.5,,346,,,,,,
GAZP5,site,gazp,5,1,tdryq,-5.5,,-5.5,,347,,,,,,
GAZP5,site,gazp,5,1,tdryq,-5.5,,-5.5,,348,,,,,,
GAZP5,site,gazp,5,1,tdryq,-5.5,,-5.5,,349,,,,,,
GAZP5,site,gazp,5,1,tdryq,-5.5,,-5.5,,350,,,,,,
GAZP5,site,gazp,5,1,tdryq,-5.5,,-5.5,,351,,,,,,
GAZP5,site,gazp,5,1,tdryq,-5.5,,-5.5,,352,,,,,,
GAZP5,site,gazp,5,1,tdryq,-5.5,,-5.5,,353,,,,,,
GAZP5,site,gazp,5,1,tdryq,-5.5,,-5.5,,354,,,,,,
GAZP5,site,gazp,5,1,tdryq,-5.5,,-5.5,,355,,,,,,
GAZP5,site,gazp,5,1,tdryq,-5.5,,-5.5,,356,,,,,,
GAZP5,site,gazp,5,1,tdryq,-5.5,,-5.5,,357,,,,,,
GAZP5,site,gazp,5,1,tdryq,-5.5,,-5.5,,358,,,,,,
GAZP5,site,gazp,5,1,tdryq,-5.5,,-5.5,,359,,,,,,
GAZP5,site,gazp,5,1,tdryq,-5.5,,-5.5,,360,,,,,,
GAZP5,site,gazp,5,1,tdryq,-5.5,,-5.5,,361,,,,,,
GAZP5,site,gazp,5,1,tdryq,-5.5,,-5.5,,362,,,,,,
GAZP5,site,gazp,5,1,tdryq,-5.5,,-5.5,,363,,,,,,
GAZP5,site,gazp,5,1,tdryq,-5.5,,-5.5,,364,,,,,,
GAZP5,site,gazp,5,1,tdryq,-5.5,,-5.5,,365,,,,,,
GAZP5,site,gazp,5,1,tdryq,-5.5,,-5.5,,366,,,,,,
GAZP5,site,gazp,5,1,tdryq,-5.5,,-5.5,,367,,,,,,
GAZP5,site,gazp,5,1,tdryq,-5.5,,-5.5,,368,,,,,,
GAZP5,site,gazp,5,1,tdryq,-5.5,,-5.5,,369,,,,,,
GAZP5,site,gazp,5,1,twarmq,19.5,,19.5,,177,,,,,,
GAZP5,site,gazp,5,1,twarmq,19.5,,19.5,,178,,,,,,
GAZP5,site,gazp,5,1,twarmq,19.5,,19.5,,179,,,,,,
GAZP5,site,gazp,5,1,twarmq,19.5,,19.5,,180,,,,,,
GAZP5,site,gazp,5,1,twarmq,19.5,,19.5,,181,,,,,,
GAZP5,site,gazp,5,1,twarmq,19.5,,19.5,,182,,,,,,
GAZP5,site,gazp,5,1,twarmq,19.5,,19.5,,183,,,,,,
GAZP5,site,gazp,5,1,twarmq,19.5,,19.5,,184,,,,,,
GAZP5,site,gazp,5,1,twarmq,19.5,,19.5,,185,,,,,,
GAZP5,site,gazp,5,1,twarmq,19.5,,19.5,,186,,,,,,
GAZP5,site,gazp,5,1,twarmq,19.5,,19.5,,187,,,,,,
GAZP5,site,gazp,5,1,twarmq,19.5,,19.5,,188,,,,,,
GAZP5,site,gazp,5,1,twarmq,19.5,,19.5,,189,,,,,,
GAZP5,site,gazp,5,1,twarmq,19.5,,19.5,,190,,,,,,
GAZP5,site,gazp,5,1,twarmq,19.5,,19.5,,191,,,,,,
GAZP5,site,gazp,5,1,twarmq,19.5,,19.5,,192,,,,,,
GAZP5,site,gazp,5,1,twarmq,19.5,,19.5,,193,,,,,,
GAZP5,site,gazp,5,1,twarmq,19.5,,19.5,,194,,,,,,
GAZP5,site,gazp,5,1,twarmq,19.5,,19.5,,195,,,,,,
GAZP5,site,gazp,5,1,twarmq,19.5,,19.5,,196,,,,,,
GAZP5,site,gazp,5,1,twarmq,19.5,,19.5,,197,,,,,,
GAZP5,site,gazp,5,1,twarmq,19.5,,19.5,,198,,,,,,
GAZP5,site,gazp,5,1,twarmq,19.5,,19.5,,199,,,,,,
GAZP5,site,gazp,5,1,twarmq,19.5,,19.5,,200,,,,,,
GAZP5,site,gazp,5,1,twarmq,19.5,,19.5,,201,,,,,,
GAZP5,site,gazp,5,1,twarmq,19.5,,19.5,,202,,,,,,
GAZP5,site,gazp,5,1,twarmq,19.5,,19.5,,203,,,,,,
GAZP5,site,gazp,5,1,twarmq,19.5,,19.5,,204,,,,,,
GAZP5,site,gazp,5,1,twarmq,19.5,,19.5,,205,,,,,,
GAZP5,site,gazp,5,1,twarmq,19.5,,19.5,,206,,,,,,
GAZP5,site,gazp,5,1,twarmq,19.5,,19.5,,207,,,,,,
GAZP5,site,gazp,5,1,twarmq,19.5,,19.5,,208,,,,,,
GAZP5,site,gazp,5,1,twarmq,19.5,,19.5,,209,,,,,,
GAZP5,site,gazp,5,1,twarmq,19.5,,19.5,,210,,,,,,
GAZP5,site,gazp,5,1,twarmq,19.5,,19.5,,211,,,,,,
GAZP5,site,gazp,5,1,twarmq,19.5,,19.5,,212,,,,,,
GAZP5,site,gazp,5,1,twarmq,19.5,,19.5,,213,,,,,,
GAZP5,site,gazp,5,1,twarmq,19.5,,19.5,,214,,,,,,
GAZP5,site,gazp,5,1,twarmq,19.5,,19.5,,215,,,,,,
GAZP5,site,gazp,5,1,twarmq,19.5,,19.5,,216,,,,,,
GAZP5,site,gazp,5,1,twarmq,19.5,,19.5,,217,,,,,,
GAZP5,site,gazp,5,1,twarmq,19.5,,19.5,,218,,,,,,
GAZP5,site,gazp,5,1,twarmq,19.5,,19.5,,219,,,,,,
GAZP5,site,gazp,5,1,twarmq,19.5,,19.5,,220,,,,,,
GAZP5,site,gazp,5,1,twarmq,19.5,,19.5,,221,,,,,,
GAZP5,site,gazp,5,1,twarmq,19.5,,19.5,,222,,,,,,
GAZP5,site,gazp,5,1,twarmq,19.5,,19.5,,223,,,,,,
GAZP5,site,gazp,5,1,twarmq,19.5,,19.5,,224,,,,,,
GAZP5,site,gazp,5,1,twarmq,19.5,,19.5,,225,,,,,,
GAZP5,site,gazp,5,1,twarmq,19.5,,19.5,,226,,,,,,
GAZP5,site,gazp,5,1,twarmq,19.5,,19.5,,227,,,,,,
GAZP5,site,gazp,5,1,twarmq,19.5,,19.5,,228,,,,,,
GAZP5,site,gazp,5,1,twarmq,19.5,,19.5,,229,,,,,,
GAZP5,site,gazp,5,1,twarmq,19.5,,19.5,,230,,,,,,
GAZP5,site,gazp,5,1,twarmq,19.5,,19.5,,231,,,,,,
GAZP5,site,gazp,5,1,twarmq,19.5,,19.5,,232,,,,,,
GAZP5,site,gazp,5,1,twarmq,19.5,,19.5,,233,,,,,,
GAZP5,site,gazp,5,1,twarmq,19.5,,19.5,,234,,,,,,
GAZP5,site,gazp,5,1,twarmq,19.5,,19.5,,235,,,,,,
GAZP5,site,gazp,5,1,twarmq,19.5,,19.5,,236,,,,,,
GAZP5,site,gazp,5,1,twarmq,19.5,,19.5,,237,,,,,,
GAZP5,site,gazp,5,1,twarmq,19.5,,19.5,,238,,,,,,
GAZP5,site,gazp,5,1,twarmq,19.5,,19.5,,239,,,,,,
GAZP5,site,gazp,5,1,twarmq,19.5,,19.5,,240,,,,,,
GAZP5,site,gazp,5,1,twarmq,19.5,,19.5,,241,,,,,,
GAZP5,site,gazp,5,1,twarmq,19.5,,19.5,,242,,,,,,
GAZP5,site,gazp,5,1,twarmq,19.5,,19.5,,243,,,,,,
GAZP5,site,gazp,5,1,twarmq,19.5,,19.5,,244,,,,,,
GAZP5,site,gazp,5,1,twarmq,19.5,,19.5,,245,,,,,,
GAZP5,site,gazp,5,1,twarmq,19.5,,19.5,,246,,,,,,
GAZP5,site,gazp,5,1,twarmq,19.5,,19.5,,247,,,,,,
GAZP5,site,gazp,5,1,twarmq,19.5,,19.5,,248,,,,,,
GAZP5,site,gazp,5,1,twarmq,19.5,,19.5,,249,,,,,,
GAZP5,site,gazp,5,1,twarmq,19.5,,19.5,,250,,,,,,
GAZP5,site,gazp,5,1,twarmq,19.5,,19.5,,251,,,,,,
GAZP5,site,gazp,5,1,twarmq,19.5,,19.5,,252,,,,,,
GAZP5,site,gazp,5,1,twarmq,19.5,,19.5,,253,,,,,,
GAZP5,site,gazp,5,1,twarmq,19.5,,19.5,,254,,,,,,
GAZP5,site,gazp,5,1,twarmq,19.5,,19.5,,255,,,,,,
GAZP5,site,gazp,5,1,twarmq,19.5,,19.5,,256,,,,,,
GAZP5,site,gazp,5,1,twarmq,19.5,,19.5,,257,,,,,,
GAZP5,site,gazp,5,1,twarmq,19.5,,19.5,,258,,,,,,
GAZP5,site,gazp,5,1,twarmq,19.5,,19.5,,259,,,,,,
GAZP5,site,gazp,5,1,twarmq,19.5,,19.5,,260,,,,,,
GAZP5,site,gazp,5,1,twarmq,19.5,,19.5,,261,,,,,,
GAZP5,site,gazp,5,1,twarmq,19.5,,19.5,,262,,,,,,
GAZP5,site,gazp,5,1,twarmq,19.5,,19.5,,263,,,,,,
GAZP5,site,gazp,5,1,twarmq,19.5,,19.5,,264,,,,,,
GAZP5,site,gazp,5,1,twarmq,19.5,,19.5,,265,,,,,,
GAZP5,site,gazp,5,1,twarmq,19.5,,19.5,,266,,,,,,
GAZP5,site,gazp,5,1,twarmq,19.5,,19.5,,267,,,,,,
GAZP5,site,gazp,5,1,twarmq,19.5,,19.5,,268,,,,,,
GAZP5,site,gazp,5,1,twarmq,19.5,,19.5,,269,,,,,,
GAZP5,site,gazp,5,1,twarmq,19.5,,19.5,,270,,,,,,
GAZP5,site,gazp,5,1,twarmq,19.5,,19.5,,271,,,,,,
GAZP5,site,gazp,5,1,twarmq,19.5,,19.5,,272,,,,,,
GAZP5,site,gazp,5,1,twarmq,19.5,,19.5,,273,,,,,,
GAZP5,site,gazp,5,1,twarmq,19.5,,19.5,,274,,,,,,
GAZP5,site,gazp,5,1,twarmq,19.5,,19.5,,275,,,,,,
GAZP5,site,gazp,5,1,twarmq,19.5,,19.5,,276,,,,,,
GAZP5,site,gazp,5,1,twarmq,19.5,,19.5,,277,,,,,,
GAZP5,site,gazp,5,1,twarmq,19.5,,19.5,,278,,,,,,
GAZP5,site,gazp,5,1,twarmq,19.5,,19.5,,279,,,,,,
GAZP5,site,gazp,5,1,twarmq,19.5,,19.5,,280,,,,,,
GAZP5,site,gazp,5,1,twarmq,19.5,,19.5,,281,,,,,,
GAZP5,site,gazp,5,1,twarmq,19.5,,19.5,,282,,,,,,
GAZP5,site,gazp,5,1,twarmq,19.5,,19.5,,283,,,,,,
GAZP5,site,gazp,5,1,twarmq,19.5,,19.5,,284,,,,,,
GAZP5,site,gazp,5,1,twarmq,19.5,,19.5,,285,,,,,,
GAZP5,site,gazp,5,1,twarmq,19.5,,19.5,,286,,,,,,
GAZP5,site,gazp,5,1,twarmq,19.5,,19.5,,287,,,,,,
GAZP5,site,gazp,5,1,twarmq,19.5,,19.5,,288,,,,,,
GAZP5,site,gazp,5,1,twarmq,19.5,,19.5,,289,,,,,,
GAZP5,site,gazp,5,1,twarmq,19.5,,19.5,,290,,,,,,
GAZP5,site,gazp,5,1,twarmq,19.5,,19.5,,291,,,,,,
GAZP5,site,gazp,5,1,twarmq,19.5,,19.5,,292,,,,,,
GAZP5,site,gazp,5,1,twarmq,19.5,,19.5,,293,,,,,,
GAZP5,site,gazp,5,1,twarmq,19.5,,19.5,,294,,,,,,
GAZP5,site,gazp,5,1,twarmq,19.5,,19.5,,295,,,,,,
GAZP5,site,gazp,5,1,twarmq,19.5,,19.5,,296,,,,,,
GAZP5,site,gazp,5,1,twarmq,19.5,,19.5,,297,,,,,,
GAZP5,site,gazp,5,1,twarmq,19.5,,19.5,,298,,,,,,
GAZP5,site,gazp,5,1,twarmq,19.5,,19.5,,299,,,,,,
GAZP5,site,gazp,5,1,twarmq,19.5,,19.5,,300,,,,,,
GAZP5,site,gazp,5,1,twarmq,19.5,,19.5,,301,,,,,,
GAZP5,site,gazp,5,1,twarmq,19.5,,19.5,,302,,,,,,
GAZP5,site,gazp,5,1,twarmq,19.5,,19.5,,303,,,,,,
GAZP5,site,gazp,5,1,twarmq,19.5,,19.5,,304,,,,,,
GAZP5,site,gazp,5,1,twarmq,19.5,,19.5,,305,,,,,,
GAZP5,site,gazp,5,1,twarmq,19.5,,19.5,,306,,,,,,
GAZP5,site,gazp,5,1,twarmq,19.5,,19.5,,307,,,,,,
GAZP5,site,gazp,5,1,twarmq,19.5,,19.5,,308,,,,,,
GAZP5,site,gazp,5,1,twarmq,19.5,,19.5,,309,,,,,,
GAZP5,site,gazp,5,1,twarmq,19.5,,19.5,,310,,,,,,
GAZP5,site,gazp,5,1,twarmq,19.5,,19.5,,311,,,,,,
GAZP5,site,gazp,5,1,twarmq,19.5,,19.5,,312,,,,,,
GAZP5,site,gazp,5,1,twarmq,19.5,,19.5,,313,,,,,,
GAZP5,site,gazp,5,1,twarmq,19.5,,19.5,,314,,,,,,
GAZP5,site,gazp,5,1,twarmq,19.5,,19.5,,315,,,,,,
GAZP5,site,gazp,5,1,twarmq,19.5,,19.5,,316,,,,,,
GAZP5,site,gazp,5,1,twarmq,19.5,,19.5,,317,,,,,,
GAZP5,site,gazp,5,1,twarmq,19.5,,19.5,,318,,,,,,
GAZP5,site,gazp,5,1,twarmq,19.5,,19.5,,319,,,,,,
GAZP5,site,gazp,5,1,twarmq,19.5,,19.5,,320,,,,,,
GAZP5,site,gazp,5,1,twarmq,19.5,,19.5,,321,,,,,,
GAZP5,site,gazp,5,1,twarmq,19.5,,19.5,,322,,,,,,
GAZP5,site,gazp,5,1,twarmq,18.7,,18.7,,323,,,,,,
GAZP5,site,gazp,5,1,twarmq,18.7,,18.7,,324,,,,,,
GAZP5,site,gazp,5,1,twarmq,18.7,,18.7,,325,,,,,,
GAZP5,site,gazp,5,1,twarmq,18.7,,18.7,,326,,,,,,
GAZP5,site,gazp,5,1,twarmq,18.7,,18.7,,327,,,,,,
GAZP5,site,gazp,5,1,twarmq,18.7,,18.7,,328,,,,,,
GAZP5,site,gazp,5,1,twarmq,18.7,,18.7,,329,,,,,,
GAZP5,site,gazp,5,1,twarmq,18.7,,18.7,,330,,,,,,
GAZP5,site,gazp,5,1,twarmq,18.7,,18.7,,331,,,,,,
GAZP5,site,gazp,5,1,twarmq,18.7,,18.7,,332,,,,,,
GAZP5,site,gazp,5,1,twarmq,18.7,,18.7,,333,,,,,,
GAZP5,site,gazp,5,1,twarmq,18.7,,18.7,,334,,,,,,
GAZP5,site,gazp,5,1,twarmq,18.7,,18.7,,335,,,,,,
GAZP5,site,gazp,5,1,twarmq,18.7,,18.7,,336,,,,,,
GAZP5,site,gazp,5,1,twarmq,18.7,,18.7,,337,,,,,,
GAZP5,site,gazp,5,1,twarmq,18.7,,18.7,,338,,,,,,
GAZP5,site,gazp,5,1,twarmq,18.7,,18.7,,339,,,,,,
GAZP5,site,gazp,5,1,twarmq,18.7,,18.7,,340,,,,,,
GAZP5,site,gazp,5,1,twarmq,18.7,,18.7,,341,,,,,,
GAZP5,site,gazp,5,1,twarmq,18.7,,18.7,,342,,,,,,
GAZP5,site,gazp,5,1,twarmq,18.7,,18.7,,343,,,,,,
GAZP5,site,gazp,5,1,twarmq,18.7,,18.7,,344,,,,,,
GAZP5,site,gazp,5,1,twarmq,18.7,,18.7,,345,,,,,,
GAZP5,site,gazp,5,1,twarmq,18.7,,18.7,,346,,,,,,
GAZP5,site,gazp,5,1,twarmq,18.7,,18.7,,347,,,,,,
GAZP5,site,gazp,5,1,twarmq,18.7,,18.7,,348,,,,,,
GAZP5,site,gazp,5,1,twarmq,18.7,,18.7,,349,,,,,,
GAZP5,site,gazp,5,1,twarmq,18.7,,18.7,,350,,,,,,
GAZP5,site,gazp,5,1,twarmq,18.7,,18.7,,351,,,,,,
GAZP5,site,gazp,5,1,twarmq,18.7,,18.7,,352,,,,,,
GAZP5,site,gazp,5,1,twarmq,18.7,,18.7,,353,,,,,,
GAZP5,site,gazp,5,1,twarmq,18.7,,18.7,,354,,,,,,
GAZP5,site,gazp,5,1,twarmq,18.7,,18.7,,355,,,,,,
GAZP5,site,gazp,5,1,twarmq,18.7,,18.7,,356,,,,,,
GAZP5,site,gazp,5,1,twarmq,18.7,,18.7,,357,,,,,,
GAZP5,site,gazp,5,1,twarmq,18.7,,18.7,,358,,,,,,
GAZP5,site,gazp,5,1,twarmq,18.7,,18.7,,359,,,,,,
GAZP5,site,gazp,5,1,twarmq,18.7,,18.7,,360,,,,,,
GAZP5,site,gazp,5,1,twarmq,18.7,,18.7,,361,,,,,,
GAZP5,site,gazp,5,1,twarmq,18.7,,18.7,,362,,,,,,
GAZP5,site,gazp,5,1,twarmq,18.7,,18.7,,363,,,,,,
GAZP5,site,gazp,5,1,twarmq,18.7,,18.7,,364,,,,,,
GAZP5,site,gazp,5,1,twarmq,18.7,,18.7,,365,,,,,,
GAZP5,site,gazp,5,1,twarmq,18.7,,18.7,,366,,,,,,
GAZP5,site,gazp,5,1,twarmq,18.7,,18.7,,367,,,,,,
GAZP5,site,gazp,5,1,twarmq,18.7,,18.7,,368,,,,,,
GAZP5,site,gazp,5,1,twarmq,18.7,,18.7,,369,,,,,,
GAZP5,site,gazp,5,1,tcoldq,-5.3,,-5.3,,177,,,,,,
GAZP5,site,gazp,5,1,tcoldq,-5.3,,-5.3,,178,,,,,,
GAZP5,site,gazp,5,1,tcoldq,-5.3,,-5.3,,179,,,,,,
GAZP5,site,gazp,5,1,tcoldq,-5.3,,-5.3,,180,,,,,,
GAZP5,site,gazp,5,1,tcoldq,-5.3,,-5.3,,181,,,,,,
GAZP5,site,gazp,5,1,tcoldq,-5.3,,-5.3,,182,,,,,,
GAZP5,site,gazp,5,1,tcoldq,-5.3,,-5.3,,183,,,,,,
GAZP5,site,gazp,5,1,tcoldq,-5.3,,-5.3,,184,,,,,,
GAZP5,site,gazp,5,1,tcoldq,-5.3,,-5.3,,185,,,,,,
GAZP5,site,gazp,5,1,tcoldq,-5.3,,-5.3,,186,,,,,,
GAZP5,site,gazp,5,1,tcoldq,-5.3,,-5.3,,187,,,,,,
GAZP5,site,gazp,5,1,tcoldq,-5.3,,-5.3,,188,,,,,,
GAZP5,site,gazp,5,1,tcoldq,-5.3,,-5.3,,189,,,,,,
GAZP5,site,gazp,5,1,tcoldq,-5.3,,-5.3,,190,,,,,,
GAZP5,site,gazp,5,1,tcoldq,-5.3,,-5.3,,191,,,,,,
GAZP5,site,gazp,5,1,tcoldq,-5.3,,-5.3,,192,,,,,,
GAZP5,site,gazp,5,1,tcoldq,-5.3,,-5.3,,193,,,,,,
GAZP5,site,gazp,5,1,tcoldq,-5.3,,-5.3,,194,,,,,,
GAZP5,site,gazp,5,1,tcoldq,-5.3,,-5.3,,195,,,,,,
GAZP5,site,gazp,5,1,tcoldq,-5.3,,-5.3,,196,,,,,,
GAZP5,site,gazp,5,1,tcoldq,-5.3,,-5.3,,197,,,,,,
GAZP5,site,gazp,5,1,tcoldq,-5.3,,-5.3,,198,,,,,,
GAZP5,site,gazp,5,1,tcoldq,-5.3,,-5.3,,199,,,,,,
GAZP5,site,gazp,5,1,tcoldq,-5.3,,-5.3,,200,,,,,,
GAZP5,site,gazp,5,1,tcoldq,-5.3,,-5.3,,201,,,,,,
GAZP5,site,gazp,5,1,tcoldq,-5.3,,-5.3,,202,,,,,,
GAZP5,site,gazp,5,1,tcoldq,-5.3,,-5.3,,203,,,,,,
GAZP5,site,gazp,5,1,tcoldq,-5.3,,-5.3,,204,,,,,,
GAZP5,site,gazp,5,1,tcoldq,-5.3,,-5.3,,205,,,,,,
GAZP5,site,gazp,5,1,tcoldq,-5.3,,-5.3,,206,,,,,,
GAZP5,site,gazp,5,1,tcoldq,-5.3,,-5.3,,207,,,,,,
GAZP5,site,gazp,5,1,tcoldq,-5.3,,-5.3,,208,,,,,,
GAZP5,site,gazp,5,1,tcoldq,-5.3,,-5.3,,209,,,,,,
GAZP5,site,gazp,5,1,tcoldq,-5.3,,-5.3,,210,,,,,,
GAZP5,site,gazp,5,1,tcoldq,-5.3,,-5.3,,211,,,,,,
GAZP5,site,gazp,5,1,tcoldq,-5.3,,-5.3,,212,,,,,,
GAZP5,site,gazp,5,1,tcoldq,-5.3,,-5.3,,213,,,,,,
GAZP5,site,gazp,5,1,tcoldq,-5.3,,-5.3,,214,,,,,,
GAZP5,site,gazp,5,1,tcoldq,-5.3,,-5.3,,215,,,,,,
GAZP5,site,gazp,5,1,tcoldq,-5.3,,-5.3,,216,,,,,,
GAZP5,site,gazp,5,1,tcoldq,-5.3,,-5.3,,217,,,,,,
GAZP5,site,gazp,5,1,tcoldq,-5.3,,-5.3,,218,,,,,,
GAZP5,site,gazp,5,1,tcoldq,-5.3,,-5.3,,219,,,,,,
GAZP5,site,gazp,5,1,tcoldq,-5.3,,-5.3,,220,,,,,,
GAZP5,site,gazp,5,1,tcoldq,-5.3,,-5.3,,221,,,,,,
GAZP5,site,gazp,5,1,tcoldq,-5.3,,-5.3,,222,,,,,,
GAZP5,site,gazp,5,1,tcoldq,-5.3,,-5.3,,223,,,,,,
GAZP5,site,gazp,5,1,tcoldq,-5.3,,-5.3,,224,,,,,,
GAZP5,site,gazp,5,1,tcoldq,-5.3,,-5.3,,225,,,,,,
GAZP5,site,gazp,5,1,tcoldq,-5.3,,-5.3,,226,,,,,,
GAZP5,site,gazp,5,1,tcoldq,-5.3,,-5.3,,227,,,,,,
GAZP5,site,gazp,5,1,tcoldq,-5.3,,-5.3,,228,,,,,,
GAZP5,site,gazp,5,1,tcoldq,-5.3,,-5.3,,229,,,,,,
GAZP5,site,gazp,5,1,tcoldq,-5.3,,-5.3,,230,,,,,,
GAZP5,site,gazp,5,1,tcoldq,-5.3,,-5.3,,231,,,,,,
GAZP5,site,gazp,5,1,tcoldq,-5.3,,-5.3,,232,,,,,,
GAZP5,site,gazp,5,1,tcoldq,-5.3,,-5.3,,233,,,,,,
GAZP5,site,gazp,5,1,tcoldq,-5.3,,-5.3,,234,,,,,,
GAZP5,site,gazp,5,1,tcoldq,-5.3,,-5.3,,235,,,,,,
GAZP5,site,gazp,5,1,tcoldq,-5.3,,-5.3,,236,,,,,,
GAZP5,site,gazp,5,1,tcoldq,-5.3,,-5.3,,237,,,,,,
GAZP5,site,gazp,5,1,tcoldq,-5.3,,-5.3,,238,,,,,,
GAZP5,site,gazp,5,1,tcoldq,-5.3,,-5.3,,239,,,,,,
GAZP5,site,gazp,5,1,tcoldq,-5.3,,-5.3,,240,,,,,,
GAZP5,site,gazp,5,1,tcoldq,-5.3,,-5.3,,241,,,,,,
GAZP5,site,gazp,5,1,tcoldq,-5.3,,-5.3,,242,,,,,,
GAZP5,site,gazp,5,1,tcoldq,-5.3,,-5.3,,243,,,,,,
GAZP5,site,gazp,5,1,tcoldq,-5.3,,-5.3,,244,,,,,,
GAZP5,site,gazp,5,1,tcoldq,-5.3,,-5.3,,245,,,,,,
GAZP5,site,gazp,5,1,tcoldq,-5.3,,-5.3,,246,,,,,,
GAZP5,site,gazp,5,1,tcoldq,-5.3,,-5.3,,247,,,,,,
GAZP5,site,gazp,5,1,tcoldq,-5.3,,-5.3,,248,,,,,,
GAZP5,site,gazp,5,1,tcoldq,-5.3,,-5.3,,249,,,,,,
GAZP5,site,gazp,5,1,tcoldq,-5.3,,-5.3,,250,,,,,,
GAZP5,site,gazp,5,1,tcoldq,-5.3,,-5.3,,251,,,,,,
GAZP5,site,gazp,5,1,tcoldq,-5.3,,-5.3,,252,,,,,,
GAZP5,site,gazp,5,1,tcoldq,-5.3,,-5.3,,253,,,,,,
GAZP5,site,gazp,5,1,tcoldq,-5.3,,-5.3,,254,,,,,,
GAZP5,site,gazp,5,1,tcoldq,-5.3,,-5.3,,255,,,,,,
GAZP5,site,gazp,5,1,tcoldq,-5.3,,-5.3,,256,,,,,,
GAZP5,site,gazp,5,1,tcoldq,-5.3,,-5.3,,257,,,,,,
GAZP5,site,gazp,5,1,tcoldq,-5.3,,-5.3,,258,,,,,,
GAZP5,site,gazp,5,1,tcoldq,-5.3,,-5.3,,259,,,,,,
GAZP5,site,gazp,5,1,tcoldq,-5.3,,-5.3,,260,,,,,,
GAZP5,site,gazp,5,1,tcoldq,-5.3,,-5.3,,261,,,,,,
GAZP5,site,gazp,5,1,tcoldq,-5.3,,-5.3,,262,,,,,,
GAZP5,site,gazp,5,1,tcoldq,-5.3,,-5.3,,263,,,,,,
GAZP5,site,gazp,5,1,tcoldq,-5.3,,-5.3,,264,,,,,,
GAZP5,site,gazp,5,1,tcoldq,-5.3,,-5.3,,265,,,,,,
GAZP5,site,gazp,5,1,tcoldq,-5.3,,-5.3,,266,,,,,,
GAZP5,site,gazp,5,1,tcoldq,-5.3,,-5.3,,267,,,,,,
GAZP5,site,gazp,5,1,tcoldq,-5.3,,-5.3,,268,,,,,,
GAZP5,site,gazp,5,1,tcoldq,-5.3,,-5.3,,269,,,,,,
GAZP5,site,gazp,5,1,tcoldq,-5.3,,-5.3,,270,,,,,,
GAZP5,site,gazp,5,1,tcoldq,-5.3,,-5.3,,271,,,,,,
GAZP5,site,gazp,5,1,tcoldq,-5.3,,-5.3,,272,,,,,,
GAZP5,site,gazp,5,1,tcoldq,-5.3,,-5.3,,273,,,,,,
GAZP5,site,gazp,5,1,tcoldq,-5.3,,-5.3,,274,,,,,,
GAZP5,site,gazp,5,1,tcoldq,-5.3,,-5.3,,275,,,,,,
GAZP5,site,gazp,5,1,tcoldq,-5.3,,-5.3,,276,,,,,,
GAZP5,site,gazp,5,1,tcoldq,-5.3,,-5.3,,277,,,,,,
GAZP5,site,gazp,5,1,tcoldq,-5.3,,-5.3,,278,,,,,,
GAZP5,site,gazp,5,1,tcoldq,-5.3,,-5.3,,279,,,,,,
GAZP5,site,gazp,5,1,tcoldq,-5.3,,-5.3,,280,,,,,,
GAZP5,site,gazp,5,1,tcoldq,-5.3,,-5.3,,281,,,,,,
GAZP5,site,gazp,5,1,tcoldq,-5.3,,-5.3,,282,,,,,,
GAZP5,site,gazp,5,1,tcoldq,-5.3,,-5.3,,283,,,,,,
GAZP5,site,gazp,5,1,tcoldq,-5.3,,-5.3,,284,,,,,,
GAZP5,site,gazp,5,1,tcoldq,-5.3,,-5.3,,285,,,,,,
GAZP5,site,gazp,5,1,tcoldq,-5.3,,-5.3,,286,,,,,,
GAZP5,site,gazp,5,1,tcoldq,-5.3,,-5.3,,287,,,,,,
GAZP5,site,gazp,5,1,tcoldq,-5.3,,-5.3,,288,,,,,,
GAZP5,site,gazp,5,1,tcoldq,-5.3,,-5.3,,289,,,,,,
GAZP5,site,gazp,5,1,tcoldq,-5.3,,-5.3,,290,,,,,,
GAZP5,site,gazp,5,1,tcoldq,-5.3,,-5.3,,291,,,,,,
GAZP5,site,gazp,5,1,tcoldq,-5.3,,-5.3,,292,,,,,,
GAZP5,site,gazp,5,1,tcoldq,-5.3,,-5.3,,293,,,,,,
GAZP5,site,gazp,5,1,tcoldq,-5.3,,-5.3,,294,,,,,,
GAZP5,site,gazp,5,1,tcoldq,-5.3,,-5.3,,295,,,,,,
GAZP5,site,gazp,5,1,tcoldq,-5.3,,-5.3,,296,,,,,,
GAZP5,site,gazp,5,1,tcoldq,-5.3,,-5.3,,297,,,,,,
GAZP5,site,gazp,5,1,tcoldq,-5.3,,-5.3,,298,,,,,,
GAZP5,site,gazp,5,1,tcoldq,-5.3,,-5.3,,299,,,,,,
GAZP5,site,gazp,5,1,tcoldq,-5.3,,-5.3,,300,,,,,,
GAZP5,site,gazp,5,1,tcoldq,-5.3,,-5.3,,301,,,,,,
GAZP5,site,gazp,5,1,tcoldq,-5.3,,-5.3,,302,,,,,,
GAZP5,site,gazp,5,1,tcoldq,-5.3,,-5.3,,303,,,,,,
GAZP5,site,gazp,5,1,tcoldq,-5.3,,-5.3,,304,,,,,,
GAZP5,site,gazp,5,1,tcoldq,-5.3,,-5.3,,305,,,,,,
GAZP5,site,gazp,5,1,tcoldq,-5.3,,-5.3,,306,,,,,,
GAZP5,site,gazp,5,1,tcoldq,-5.3,,-5.3,,307,,,,,,
GAZP5,site,gazp,5,1,tcoldq,-5.3,,-5.3,,308,,,,,,
GAZP5,site,gazp,5,1,tcoldq,-5.3,,-5.3,,309,,,,,,
GAZP5,site,gazp,5,1,tcoldq,-5.3,,-5.3,,310,,,,,,
GAZP5,site,gazp,5,1,tcoldq,-5.3,,-5.3,,311,,,,,,
GAZP5,site,gazp,5,1,tcoldq,-5.3,,-5.3,,312,,,,,,
GAZP5,site,gazp,5,1,tcoldq,-5.3,,-5.3,,313,,,,,,
GAZP5,site,gazp,5,1,tcoldq,-5.3,,-5.3,,314,,,,,,
GAZP5,site,gazp,5,1,tcoldq,-5.3,,-5.3,,315,,,,,,
GAZP5,site,gazp,5,1,tcoldq,-5.3,,-5.3,,316,,,,,,
GAZP5,site,gazp,5,1,tcoldq,-5.3,,-5.3,,317,,,,,,
GAZP5,site,gazp,5,1,tcoldq,-5.3,,-5.3,,318,,,,,,
GAZP5,site,gazp,5,1,tcoldq,-5.3,,-5.3,,319,,,,,,
GAZP5,site,gazp,5,1,tcoldq,-5.3,,-5.3,,320,,,,,,
GAZP5,site,gazp,5,1,tcoldq,-5.3,,-5.3,,321,,,,,,
GAZP5,site,gazp,5,1,tcoldq,-5.3,,-5.3,,322,,,,,,
GAZP5,site,gazp,5,1,tcoldq,-5.5,,-5.5,,323,,,,,,
GAZP5,site,gazp,5,1,tcoldq,-5.5,,-5.5,,324,,,,,,
GAZP5,site,gazp,5,1,tcoldq,-5.5,,-5.5,,325,,,,,,
GAZP5,site,gazp,5,1,tcoldq,-5.5,,-5.5,,326,,,,,,
GAZP5,site,gazp,5,1,tcoldq,-5.5,,-5.5,,327,,,,,,
GAZP5,site,gazp,5,1,tcoldq,-5.5,,-5.5,,328,,,,,,
GAZP5,site,gazp,5,1,tcoldq,-5.5,,-5.5,,329,,,,,,
GAZP5,site,gazp,5,1,tcoldq,-5.5,,-5.5,,330,,,,,,
GAZP5,site,gazp,5,1,tcoldq,-5.5,,-5.5,,331,,,,,,
GAZP5,site,gazp,5,1,tcoldq,-5.5,,-5.5,,332,,,,,,
GAZP5,site,gazp,5,1,tcoldq,-5.5,,-5.5,,333,,,,,,
GAZP5,site,gazp,5,1,tcoldq,-5.5,,-5.5,,334,,,,,,
GAZP5,site,gazp,5,1,tcoldq,-5.5,,-5.5,,335,,,,,,
GAZP5,site,gazp,5,1,tcoldq,-5.5,,-5.5,,336,,,,,,
GAZP5,site,gazp,5,1,tcoldq,-5.5,,-5.5,,337,,,,,,
GAZP5,site,gazp,5,1,tcoldq,-5.5,,-5.5,,338,,,,,,
GAZP5,site,gazp,5,1,tcoldq,-5.5,,-5.5,,339,,,,,,
GAZP5,site,gazp,5,1,tcoldq,-5.5,,-5.5,,340,,,,,,
GAZP5,site,gazp,5,1,tcoldq,-5.5,,-5.5,,341,,,,,,
GAZP5,site,gazp,5,1,tcoldq,-5.5,,-5.5,,342,,,,,,
GAZP5,site,gazp,5,1,tcoldq,-5.5,,-5.5,,343,,,,,,
GAZP5,site,gazp,5,1,tcoldq,-5.5,,-5.5,,344,,,,,,
GAZP5,site,gazp,5,1,tcoldq,-5.5,,-5.5,,345,,,,,,
GAZP5,site,gazp,5,1,tcoldq,-5.5,,-5.5,,346,,,,,,
GAZP5,site,gazp,5,1,tcoldq,-5.5,,-5.5,,347,,,,,,
GAZP5,site,gazp,5,1,tcoldq,-5.5,,-5.5,,348,,,,,,
GAZP5,site,gazp,5,1,tcoldq,-5.5,,-5.5,,349,,,,,,
GAZP5,site,gazp,5,1,tcoldq,-5.5,,-5.5,,350,,,,,,
GAZP5,site,gazp,5,1,tcoldq,-5.5,,-5.5,,351,,,,,,
GAZP5,site,gazp,5,1,tcoldq,-5.5,,-5.5,,352,,,,,,
GAZP5,site,gazp,5,1,tcoldq,-5.5,,-5.5,,353,,,,,,
GAZP5,site,gazp,5,1,tcoldq,-5.5,,-5.5,,354,,,,,,
GAZP5,site,gazp,5,1,tcoldq,-5.5,,-5.5,,355,,,,,,
GAZP5,site,gazp,5,1,tcoldq,-5.5,,-5.5,,356,,,,,,
GAZP5,site,gazp,5,1,tcoldq,-5.5,,-5.5,,357,,,,,,
GAZP5,site,gazp,5,1,tcoldq,-5.5,,-5.5,,358,,,,,,
GAZP5,site,gazp,5,1,tcoldq,-5.5,,-5.5,,359,,,,,,
GAZP5,site,gazp,5,1,tcoldq,-5.5,,-5.5,,360,,,,,,
GAZP5,site,gazp,5,1,tcoldq,-5.5,,-5.5,,361,,,,,,
GAZP5,site,gazp,5,1,tcoldq,-5.5,,-5.5,,362,,,,,,
GAZP5,site,gazp,5,1,tcoldq,-5.5,,-5.5,,363,,,,,,
GAZP5,site,gazp,5,1,tcoldq,-5.5,,-5.5,,364,,,,,,
GAZP5,site,gazp,5,1,tcoldq,-5.5,,-5.5,,365,,,,,,
GAZP5,site,gazp,5,1,tcoldq,-5.5,,-5.5,,366,,,,,,
GAZP5,site,gazp,5,1,tcoldq,-5.5,,-5.5,,367,,,,,,
GAZP5,site,gazp,5,1,tcoldq,-5.5,,-5.5,,368,,,,,,
GAZP5,site,gazp,5,1,tcoldq,-5.5,,-5.5,,369,,,,,,
GAZP5,site,gazp,5,1,precip,355,,355,,177,,,,,,
GAZP5,site,gazp,5,1,precip,355,,355,,178,,,,,,
GAZP5,site,gazp,5,1,precip,355,,355,,179,,,,,,
GAZP5,site,gazp,5,1,precip,355,,355,,180,,,,,,
GAZP5,site,gazp,5,1,precip,355,,355,,181,,,,,,
GAZP5,site,gazp,5,1,precip,355,,355,,182,,,,,,
GAZP5,site,gazp,5,1,precip,355,,355,,183,,,,,,
GAZP5,site,gazp,5,1,precip,355,,355,,184,,,,,,
GAZP5,site,gazp,5,1,precip,355,,355,,185,,,,,,
GAZP5,site,gazp,5,1,precip,355,,355,,186,,,,,,
GAZP5,site,gazp,5,1,precip,355,,355,,187,,,,,,
GAZP5,site,gazp,5,1,precip,355,,355,,188,,,,,,
GAZP5,site,gazp,5,1,precip,355,,355,,189,,,,,,
GAZP5,site,gazp,5,1,precip,355,,355,,190,,,,,,
GAZP5,site,gazp,5,1,precip,355,,355,,191,,,,,,
GAZP5,site,gazp,5,1,precip,355,,355,,192,,,,,,
GAZP5,site,gazp,5,1,precip,355,,355,,193,,,,,,
GAZP5,site,gazp,5,1,precip,355,,355,,194,,,,,,
GAZP5,site,gazp,5,1,precip,355,,355,,195,,,,,,
GAZP5,site,gazp,5,1,precip,355,,355,,196,,,,,,
GAZP5,site,gazp,5,1,precip,355,,355,,197,,,,,,
GAZP5,site,gazp,5,1,precip,355,,355,,198,,,,,,
GAZP5,site,gazp,5,1,precip,355,,355,,199,,,,,,
GAZP5,site,gazp,5,1,precip,355,,355,,200,,,,,,
GAZP5,site,gazp,5,1,precip,355,,355,,201,,,,,,
GAZP5,site,gazp,5,1,precip,355,,355,,202,,,,,,
GAZP5,site,gazp,5,1,precip,355,,355,,203,,,,,,
GAZP5,site,gazp,5,1,precip,355,,355,,204,,,,,,
GAZP5,site,gazp,5,1,precip,355,,355,,205,,,,,,
GAZP5,site,gazp,5,1,precip,355,,355,,206,,,,,,
GAZP5,site,gazp,5,1,precip,355,,355,,207,,,,,,
GAZP5,site,gazp,5,1,precip,355,,355,,208,,,,,,
GAZP5,site,gazp,5,1,precip,355,,355,,209,,,,,,
GAZP5,site,gazp,5,1,precip,355,,355,,210,,,,,,
GAZP5,site,gazp,5,1,precip,355,,355,,211,,,,,,
GAZP5,site,gazp,5,1,precip,355,,355,,212,,,,,,
GAZP5,site,gazp,5,1,precip,355,,355,,213,,,,,,
GAZP5,site,gazp,5,1,precip,355,,355,,214,,,,,,
GAZP5,site,gazp,5,1,precip,355,,355,,215,,,,,,
GAZP5,site,gazp,5,1,precip,355,,355,,216,,,,,,
GAZP5,site,gazp,5,1,precip,355,,355,,217,,,,,,
GAZP5,site,gazp,5,1,precip,355,,355,,218,,,,,,
GAZP5,site,gazp,5,1,precip,355,,355,,219,,,,,,
GAZP5,site,gazp,5,1,precip,355,,355,,220,,,,,,
GAZP5,site,gazp,5,1,precip,355,,355,,221,,,,,,
GAZP5,site,gazp,5,1,precip,355,,355,,222,,,,,,
GAZP5,site,gazp,5,1,precip,355,,355,,223,,,,,,
GAZP5,site,gazp,5,1,precip,355,,355,,224,,,,,,
GAZP5,site,gazp,5,1,precip,355,,355,,225,,,,,,
GAZP5,site,gazp,5,1,precip,355,,355,,226,,,,,,
GAZP5,site,gazp,5,1,precip,355,,355,,227,,,,,,
GAZP5,site,gazp,5,1,precip,355,,355,,228,,,,,,
GAZP5,site,gazp,5,1,precip,355,,355,,229,,,,,,
GAZP5,site,gazp,5,1,precip,355,,355,,230,,,,,,
GAZP5,site,gazp,5,1,precip,355,,355,,231,,,,,,
GAZP5,site,gazp,5,1,precip,355,,355,,232,,,,,,
GAZP5,site,gazp,5,1,precip,355,,355,,233,,,,,,
GAZP5,site,gazp,5,1,precip,355,,355,,234,,,,,,
GAZP5,site,gazp,5,1,precip,355,,355,,235,,,,,,
GAZP5,site,gazp,5,1,precip,355,,355,,236,,,,,,
GAZP5,site,gazp,5,1,precip,355,,355,,237,,,,,,
GAZP5,site,gazp,5,1,precip,355,,355,,238,,,,,,
GAZP5,site,gazp,5,1,precip,355,,355,,239,,,,,,
GAZP5,site,gazp,5,1,precip,355,,355,,240,,,,,,
GAZP5,site,gazp,5,1,precip,355,,355,,241,,,,,,
GAZP5,site,gazp,5,1,precip,355,,355,,242,,,,,,
GAZP5,site,gazp,5,1,precip,355,,355,,243,,,,,,
GAZP5,site,gazp,5,1,precip,355,,355,,244,,,,,,
GAZP5,site,gazp,5,1,precip,355,,355,,245,,,,,,
GAZP5,site,gazp,5,1,precip,355,,355,,246,,,,,,
GAZP5,site,gazp,5,1,precip,355,,355,,247,,,,,,
GAZP5,site,gazp,5,1,precip,355,,355,,248,,,,,,
GAZP5,site,gazp,5,1,precip,355,,355,,249,,,,,,
GAZP5,site,gazp,5,1,precip,355,,355,,250,,,,,,
GAZP5,site,gazp,5,1,precip,355,,355,,251,,,,,,
GAZP5,site,gazp,5,1,precip,355,,355,,252,,,,,,
GAZP5,site,gazp,5,1,precip,355,,355,,253,,,,,,
GAZP5,site,gazp,5,1,precip,355,,355,,254,,,,,,
GAZP5,site,gazp,5,1,precip,355,,355,,255,,,,,,
GAZP5,site,gazp,5,1,precip,355,,355,,256,,,,,,
GAZP5,site,gazp,5,1,precip,355,,355,,257,,,,,,
GAZP5,site,gazp,5,1,precip,355,,355,,258,,,,,,
GAZP5,site,gazp,5,1,precip,355,,355,,259,,,,,,
GAZP5,site,gazp,5,1,precip,355,,355,,260,,,,,,
GAZP5,site,gazp,5,1,precip,355,,355,,261,,,,,,
GAZP5,site,gazp,5,1,precip,355,,355,,262,,,,,,
GAZP5,site,gazp,5,1,precip,355,,355,,263,,,,,,
GAZP5,site,gazp,5,1,precip,355,,355,,264,,,,,,
GAZP5,site,gazp,5,1,precip,355,,355,,265,,,,,,
GAZP5,site,gazp,5,1,precip,355,,355,,266,,,,,,
GAZP5,site,gazp,5,1,precip,355,,355,,267,,,,,,
GAZP5,site,gazp,5,1,precip,355,,355,,268,,,,,,
GAZP5,site,gazp,5,1,precip,355,,355,,269,,,,,,
GAZP5,site,gazp,5,1,precip,355,,355,,270,,,,,,
GAZP5,site,gazp,5,1,precip,355,,355,,271,,,,,,
GAZP5,site,gazp,5,1,precip,355,,355,,272,,,,,,
GAZP5,site,gazp,5,1,precip,355,,355,,273,,,,,,
GAZP5,site,gazp,5,1,precip,355,,355,,274,,,,,,
GAZP5,site,gazp,5,1,precip,355,,355,,275,,,,,,
GAZP5,site,gazp,5,1,precip,355,,355,,276,,,,,,
GAZP5,site,gazp,5,1,precip,355,,355,,277,,,,,,
GAZP5,site,gazp,5,1,precip,355,,355,,278,,,,,,
GAZP5,site,gazp,5,1,precip,355,,355,,279,,,,,,
GAZP5,site,gazp,5,1,precip,355,,355,,280,,,,,,
GAZP5,site,gazp,5,1,precip,355,,355,,281,,,,,,
GAZP5,site,gazp,5,1,precip,355,,355,,282,,,,,,
GAZP5,site,gazp,5,1,precip,355,,355,,283,,,,,,
GAZP5,site,gazp,5,1,precip,355,,355,,284,,,,,,
GAZP5,site,gazp,5,1,precip,355,,355,,285,,,,,,
GAZP5,site,gazp,5,1,precip,355,,355,,286,,,,,,
GAZP5,site,gazp,5,1,precip,355,,355,,287,,,,,,
GAZP5,site,gazp,5,1,precip,355,,355,,288,,,,,,
GAZP5,site,gazp,5,1,precip,355,,355,,289,,,,,,
GAZP5,site,gazp,5,1,precip,355,,355,,290,,,,,,
GAZP5,site,gazp,5,1,precip,355,,355,,291,,,,,,
GAZP5,site,gazp,5,1,precip,355,,355,,292,,,,,,
GAZP5,site,gazp,5,1,precip,355,,355,,293,,,,,,
GAZP5,site,gazp,5,1,precip,355,,355,,294,,,,,,
GAZP5,site,gazp,5,1,precip,355,,355,,295,,,,,,
GAZP5,site,gazp,5,1,precip,355,,355,,296,,,,,,
GAZP5,site,gazp,5,1,precip,355,,355,,297,,,,,,
GAZP5,site,gazp,5,1,precip,355,,355,,298,,,,,,
GAZP5,site,gazp,5,1,precip,355,,355,,299,,,,,,
GAZP5,site,gazp,5,1,precip,355,,355,,300,,,,,,
GAZP5,site,gazp,5,1,precip,355,,355,,301,,,,,,
GAZP5,site,gazp,5,1,precip,355,,355,,302,,,,,,
GAZP5,site,gazp,5,1,precip,355,,355,,303,,,,,,
GAZP5,site,gazp,5,1,precip,355,,355,,304,,,,,,
GAZP5,site,gazp,5,1,precip,355,,355,,305,,,,,,
GAZP5,site,gazp,5,1,precip,355,,355,,306,,,,,,
GAZP5,site,gazp,5,1,precip,355,,355,,307,,,,,,
GAZP5,site,gazp,5,1,precip,355,,355,,308,,,,,,
GAZP5,site,gazp,5,1,precip,355,,355,,309,,,,,,
GAZP5,site,gazp,5,1,precip,355,,355,,310,,,,,,
GAZP5,site,gazp,5,1,precip,355,,355,,311,,,,,,
GAZP5,site,gazp,5,1,precip,355,,355,,312,,,,,,
GAZP5,site,gazp,5,1,precip,355,,355,,313,,,,,,
GAZP5,site,gazp,5,1,precip,355,,355,,314,,,,,,
GAZP5,site,gazp,5,1,precip,355,,355,,315,,,,,,
GAZP5,site,gazp,5,1,precip,355,,355,,316,,,,,,
GAZP5,site,gazp,5,1,precip,355,,355,,317,,,,,,
GAZP5,site,gazp,5,1,precip,355,,355,,318,,,,,,
GAZP5,site,gazp,5,1,precip,355,,355,,319,,,,,,
GAZP5,site,gazp,5,1,precip,355,,355,,320,,,,,,
GAZP5,site,gazp,5,1,precip,355,,355,,321,,,,,,
GAZP5,site,gazp,5,1,precip,355,,355,,322,,,,,,
GAZP5,site,gazp,5,1,precip,389,,389,,323,,,,,,
GAZP5,site,gazp,5,1,precip,389,,389,,324,,,,,,
GAZP5,site,gazp,5,1,precip,389,,389,,325,,,,,,
GAZP5,site,gazp,5,1,precip,389,,389,,326,,,,,,
GAZP5,site,gazp,5,1,precip,389,,389,,327,,,,,,
GAZP5,site,gazp,5,1,precip,389,,389,,328,,,,,,
GAZP5,site,gazp,5,1,precip,389,,389,,329,,,,,,
GAZP5,site,gazp,5,1,precip,389,,389,,330,,,,,,
GAZP5,site,gazp,5,1,precip,389,,389,,331,,,,,,
GAZP5,site,gazp,5,1,precip,389,,389,,332,,,,,,
GAZP5,site,gazp,5,1,precip,389,,389,,333,,,,,,
GAZP5,site,gazp,5,1,precip,389,,389,,334,,,,,,
GAZP5,site,gazp,5,1,precip,389,,389,,335,,,,,,
GAZP5,site,gazp,5,1,precip,389,,389,,336,,,,,,
GAZP5,site,gazp,5,1,precip,389,,389,,337,,,,,,
GAZP5,site,gazp,5,1,precip,389,,389,,338,,,,,,
GAZP5,site,gazp,5,1,precip,389,,389,,339,,,,,,
GAZP5,site,gazp,5,1,precip,389,,389,,340,,,,,,
GAZP5,site,gazp,5,1,precip,389,,389,,341,,,,,,
GAZP5,site,gazp,5,1,precip,389,,389,,342,,,,,,
GAZP5,site,gazp,5,1,precip,389,,389,,343,,,,,,
GAZP5,site,gazp,5,1,precip,389,,389,,344,,,,,,
GAZP5,site,gazp,5,1,precip,389,,389,,345,,,,,,
GAZP5,site,gazp,5,1,precip,389,,389,,346,,,,,,
GAZP5,site,gazp,5,1,precip,389,,389,,347,,,,,,
GAZP5,site,gazp,5,1,precip,389,,389,,348,,,,,,
GAZP5,site,gazp,5,1,precip,389,,389,,349,,,,,,
GAZP5,site,gazp,5,1,precip,389,,389,,350,,,,,,
GAZP5,site,gazp,5,1,precip,389,,389,,351,,,,,,
GAZP5,site,gazp,5,1,precip,389,,389,,352,,,,,,
GAZP5,site,gazp,5,1,precip,389,,389,,353,,,,,,
GAZP5,site,gazp,5,1,precip,389,,389,,354,,,,,,
GAZP5,site,gazp,5,1,precip,389,,389,,355,,,,,,
GAZP5,site,gazp,5,1,precip,389,,389,,356,,,,,,
GAZP5,site,gazp,5,1,precip,389,,389,,357,,,,,,
GAZP5,site,gazp,5,1,precip,389,,389,,358,,,,,,
GAZP5,site,gazp,5,1,precip,389,,389,,359,,,,,,
GAZP5,site,gazp,5,1,precip,389,,389,,360,,,,,,
GAZP5,site,gazp,5,1,precip,389,,389,,361,,,,,,
GAZP5,site,gazp,5,1,precip,389,,389,,362,,,,,,
GAZP5,site,gazp,5,1,precip,389,,389,,363,,,,,,
GAZP5,site,gazp,5,1,precip,389,,389,,364,,,,,,
GAZP5,site,gazp,5,1,precip,389,,389,,365,,,,,,
GAZP5,site,gazp,5,1,precip,389,,389,,366,,,,,,
GAZP5,site,gazp,5,1,precip,389,,389,,367,,,,,,
GAZP5,site,gazp,5,1,precip,389,,389,,368,,,,,,
GAZP5,site,gazp,5,1,precip,389,,389,,369,,,,,,
GAZP5,site,gazp,5,1,pwet,64,,64,,177,,,,,,
GAZP5,site,gazp,5,1,pwet,64,,64,,178,,,,,,
GAZP5,site,gazp,5,1,pwet,64,,64,,179,,,,,,
GAZP5,site,gazp,5,1,pwet,64,,64,,180,,,,,,
GAZP5,site,gazp,5,1,pwet,64,,64,,181,,,,,,
GAZP5,site,gazp,5,1,pwet,64,,64,,182,,,,,,
GAZP5,site,gazp,5,1,pwet,64,,64,,183,,,,,,
GAZP5,site,gazp,5,1,pwet,64,,64,,184,,,,,,
GAZP5,site,gazp,5,1,pwet,64,,64,,185,,,,,,
GAZP5,site,gazp,5,1,pwet,64,,64,,186,,,,,,
GAZP5,site,gazp,5,1,pwet,64,,64,,187,,,,,,
GAZP5,site,gazp,5,1,pwet,64,,64,,188,,,,,,
GAZP5,site,gazp,5,1,pwet,64,,64,,189,,,,,,
GAZP5,site,gazp,5,1,pwet,64,,64,,190,,,,,,
GAZP5,site,gazp,5,1,pwet,64,,64,,191,,,,,,
GAZP5,site,gazp,5,1,pwet,64,,64,,192,,,,,,
GAZP5,site,gazp,5,1,pwet,64,,64,,193,,,,,,
GAZP5,site,gazp,5,1,pwet,64,,64,,194,,,,,,
GAZP5,site,gazp,5,1,pwet,64,,64,,195,,,,,,
GAZP5,site,gazp,5,1,pwet,64,,64,,196,,,,,,
GAZP5,site,gazp,5,1,pwet,64,,64,,197,,,,,,
GAZP5,site,gazp,5,1,pwet,64,,64,,198,,,,,,
GAZP5,site,gazp,5,1,pwet,64,,64,,199,,,,,,
GAZP5,site,gazp,5,1,pwet,64,,64,,200,,,,,,
GAZP5,site,gazp,5,1,pwet,64,,64,,201,,,,,,
GAZP5,site,gazp,5,1,pwet,64,,64,,202,,,,,,
GAZP5,site,gazp,5,1,pwet,64,,64,,203,,,,,,
GAZP5,site,gazp,5,1,pwet,64,,64,,204,,,,,,
GAZP5,site,gazp,5,1,pwet,64,,64,,205,,,,,,
GAZP5,site,gazp,5,1,pwet,64,,64,,206,,,,,,
GAZP5,site,gazp,5,1,pwet,64,,64,,207,,,,,,
GAZP5,site,gazp,5,1,pwet,64,,64,,208,,,,,,
GAZP5,site,gazp,5,1,pwet,64,,64,,209,,,,,,
GAZP5,site,gazp,5,1,pwet,64,,64,,210,,,,,,
GAZP5,site,gazp,5,1,pwet,64,,64,,211,,,,,,
GAZP5,site,gazp,5,1,pwet,64,,64,,212,,,,,,
GAZP5,site,gazp,5,1,pwet,64,,64,,213,,,,,,
GAZP5,site,gazp,5,1,pwet,64,,64,,214,,,,,,
GAZP5,site,gazp,5,1,pwet,64,,64,,215,,,,,,
GAZP5,site,gazp,5,1,pwet,64,,64,,216,,,,,,
GAZP5,site,gazp,5,1,pwet,64,,64,,217,,,,,,
GAZP5,site,gazp,5,1,pwet,64,,64,,218,,,,,,
GAZP5,site,gazp,5,1,pwet,64,,64,,219,,,,,,
GAZP5,site,gazp,5,1,pwet,64,,64,,220,,,,,,
GAZP5,site,gazp,5,1,pwet,64,,64,,221,,,,,,
GAZP5,site,gazp,5,1,pwet,64,,64,,222,,,,,,
GAZP5,site,gazp,5,1,pwet,64,,64,,223,,,,,,
GAZP5,site,gazp,5,1,pwet,64,,64,,224,,,,,,
GAZP5,site,gazp,5,1,pwet,64,,64,,225,,,,,,
GAZP5,site,gazp,5,1,pwet,64,,64,,226,,,,,,
GAZP5,site,gazp,5,1,pwet,64,,64,,227,,,,,,
GAZP5,site,gazp,5,1,pwet,64,,64,,228,,,,,,
GAZP5,site,gazp,5,1,pwet,64,,64,,229,,,,,,
GAZP5,site,gazp,5,1,pwet,64,,64,,230,,,,,,
GAZP5,site,gazp,5,1,pwet,64,,64,,231,,,,,,
GAZP5,site,gazp,5,1,pwet,64,,64,,232,,,,,,
GAZP5,site,gazp,5,1,pwet,64,,64,,233,,,,,,
GAZP5,site,gazp,5,1,pwet,64,,64,,234,,,,,,
GAZP5,site,gazp,5,1,pwet,64,,64,,235,,,,,,
GAZP5,site,gazp,5,1,pwet,64,,64,,236,,,,,,
GAZP5,site,gazp,5,1,pwet,64,,64,,237,,,,,,
GAZP5,site,gazp,5,1,pwet,64,,64,,238,,,,,,
GAZP5,site,gazp,5,1,pwet,64,,64,,239,,,,,,
GAZP5,site,gazp,5,1,pwet,64,,64,,240,,,,,,
GAZP5,site,gazp,5,1,pwet,64,,64,,241,,,,,,
GAZP5,site,gazp,5,1,pwet,64,,64,,242,,,,,,
GAZP5,site,gazp,5,1,pwet,64,,64,,243,,,,,,
GAZP5,site,gazp,5,1,pwet,64,,64,,244,,,,,,
GAZP5,site,gazp,5,1,pwet,64,,64,,245,,,,,,
GAZP5,site,gazp,5,1,pwet,64,,64,,246,,,,,,
GAZP5,site,gazp,5,1,pwet,64,,64,,247,,,,,,
GAZP5,site,gazp,5,1,pwet,64,,64,,248,,,,,,
GAZP5,site,gazp,5,1,pwet,64,,64,,249,,,,,,
GAZP5,site,gazp,5,1,pwet,64,,64,,250,,,,,,
GAZP5,site,gazp,5,1,pwet,64,,64,,251,,,,,,
GAZP5,site,gazp,5,1,pwet,64,,64,,252,,,,,,
GAZP5,site,gazp,5,1,pwet,64,,64,,253,,,,,,
GAZP5,site,gazp,5,1,pwet,64,,64,,254,,,,,,
GAZP5,site,gazp,5,1,pwet,64,,64,,255,,,,,,
GAZP5,site,gazp,5,1,pwet,64,,64,,256,,,,,,
GAZP5,site,gazp,5,1,pwet,64,,64,,257,,,,,,
GAZP5,site,gazp,5,1,pwet,64,,64,,258,,,,,,
GAZP5,site,gazp,5,1,pwet,64,,64,,259,,,,,,
GAZP5,site,gazp,5,1,pwet,64,,64,,260,,,,,,
GAZP5,site,gazp,5,1,pwet,64,,64,,261,,,,,,
GAZP5,site,gazp,5,1,pwet,64,,64,,262,,,,,,
GAZP5,site,gazp,5,1,pwet,64,,64,,263,,,,,,
GAZP5,site,gazp,5,1,pwet,64,,64,,264,,,,,,
GAZP5,site,gazp,5,1,pwet,64,,64,,265,,,,,,
GAZP5,site,gazp,5,1,pwet,64,,64,,266,,,,,,
GAZP5,site,gazp,5,1,pwet,64,,64,,267,,,,,,
GAZP5,site,gazp,5,1,pwet,64,,64,,268,,,,,,
GAZP5,site,gazp,5,1,pwet,64,,64,,269,,,,,,
GAZP5,site,gazp,5,1,pwet,64,,64,,270,,,,,,
GAZP5,site,gazp,5,1,pwet,64,,64,,271,,,,,,
GAZP5,site,gazp,5,1,pwet,64,,64,,272,,,,,,
GAZP5,site,gazp,5,1,pwet,64,,64,,273,,,,,,
GAZP5,site,gazp,5,1,pwet,64,,64,,274,,,,,,
GAZP5,site,gazp,5,1,pwet,64,,64,,275,,,,,,
GAZP5,site,gazp,5,1,pwet,64,,64,,276,,,,,,
GAZP5,site,gazp,5,1,pwet,64,,64,,277,,,,,,
GAZP5,site,gazp,5,1,pwet,64,,64,,278,,,,,,
GAZP5,site,gazp,5,1,pwet,64,,64,,279,,,,,,
GAZP5,site,gazp,5,1,pwet,64,,64,,280,,,,,,
GAZP5,site,gazp,5,1,pwet,64,,64,,281,,,,,,
GAZP5,site,gazp,5,1,pwet,64,,64,,282,,,,,,
GAZP5,site,gazp,5,1,pwet,64,,64,,283,,,,,,
GAZP5,site,gazp,5,1,pwet,64,,64,,284,,,,,,
GAZP5,site,gazp,5,1,pwet,64,,64,,285,,,,,,
GAZP5,site,gazp,5,1,pwet,64,,64,,286,,,,,,
GAZP5,site,gazp,5,1,pwet,64,,64,,287,,,,,,
GAZP5,site,gazp,5,1,pwet,64,,64,,288,,,,,,
GAZP5,site,gazp,5,1,pwet,64,,64,,289,,,,,,
GAZP5,site,gazp,5,1,pwet,64,,64,,290,,,,,,
GAZP5,site,gazp,5,1,pwet,64,,64,,291,,,,,,
GAZP5,site,gazp,5,1,pwet,64,,64,,292,,,,,,
GAZP5,site,gazp,5,1,pwet,64,,64,,293,,,,,,
GAZP5,site,gazp,5,1,pwet,64,,64,,294,,,,,,
GAZP5,site,gazp,5,1,pwet,64,,64,,295,,,,,,
GAZP5,site,gazp,5,1,pwet,64,,64,,296,,,,,,
GAZP5,site,gazp,5,1,pwet,64,,64,,297,,,,,,
GAZP5,site,gazp,5,1,pwet,64,,64,,298,,,,,,
GAZP5,site,gazp,5,1,pwet,64,,64,,299,,,,,,
GAZP5,site,gazp,5,1,pwet,64,,64,,300,,,,,,
GAZP5,site,gazp,5,1,pwet,64,,64,,301,,,,,,
GAZP5,site,gazp,5,1,pwet,64,,64,,302,,,,,,
GAZP5,site,gazp,5,1,pwet,64,,64,,303,,,,,,
GAZP5,site,gazp,5,1,pwet,64,,64,,304,,,,,,
GAZP5,site,gazp,5,1,pwet,64,,64,,305,,,,,,
GAZP5,site,gazp,5,1,pwet,64,,64,,306,,,,,,
GAZP5,site,gazp,5,1,pwet,64,,64,,307,,,,,,
GAZP5,site,gazp,5,1,pwet,64,,64,,308,,,,,,
GAZP5,site,gazp,5,1,pwet,64,,64,,309,,,,,,
GAZP5,site,gazp,5,1,pwet,64,,64,,310,,,,,,
GAZP5,site,gazp,5,1,pwet,64,,64,,311,,,,,,
GAZP5,site,gazp,5,1,pwet,64,,64,,312,,,,,,
GAZP5,site,gazp,5,1,pwet,64,,64,,313,,,,,,
GAZP5,site,gazp,5,1,pwet,64,,64,,314,,,,,,
GAZP5,site,gazp,5,1,pwet,64,,64,,315,,,,,,
GAZP5,site,gazp,5,1,pwet,64,,64,,316,,,,,,
GAZP5,site,gazp,5,1,pwet,64,,64,,317,,,,,,
GAZP5,site,gazp,5,1,pwet,64,,64,,318,,,,,,
GAZP5,site,gazp,5,1,pwet,64,,64,,319,,,,,,
GAZP5,site,gazp,5,1,pwet,64,,64,,320,,,,,,
GAZP5,site,gazp,5,1,pwet,64,,64,,321,,,,,,
GAZP5,site,gazp,5,1,pwet,64,,64,,322,,,,,,
GAZP5,site,gazp,5,1,pwet,66,,66,,323,,,,,,
GAZP5,site,gazp,5,1,pwet,66,,66,,324,,,,,,
GAZP5,site,gazp,5,1,pwet,66,,66,,325,,,,,,
GAZP5,site,gazp,5,1,pwet,66,,66,,326,,,,,,
GAZP5,site,gazp,5,1,pwet,66,,66,,327,,,,,,
GAZP5,site,gazp,5,1,pwet,66,,66,,328,,,,,,
GAZP5,site,gazp,5,1,pwet,66,,66,,329,,,,,,
GAZP5,site,gazp,5,1,pwet,66,,66,,330,,,,,,
GAZP5,site,gazp,5,1,pwet,66,,66,,331,,,,,,
GAZP5,site,gazp,5,1,pwet,66,,66,,332,,,,,,
GAZP5,site,gazp,5,1,pwet,66,,66,,333,,,,,,
GAZP5,site,gazp,5,1,pwet,66,,66,,334,,,,,,
GAZP5,site,gazp,5,1,pwet,66,,66,,335,,,,,,
GAZP5,site,gazp,5,1,pwet,66,,66,,336,,,,,,
GAZP5,site,gazp,5,1,pwet,66,,66,,337,,,,,,
GAZP5,site,gazp,5,1,pwet,66,,66,,338,,,,,,
GAZP5,site,gazp,5,1,pwet,66,,66,,339,,,,,,
GAZP5,site,gazp,5,1,pwet,66,,66,,340,,,,,,
GAZP5,site,gazp,5,1,pwet,66,,66,,341,,,,,,
GAZP5,site,gazp,5,1,pwet,66,,66,,342,,,,,,
GAZP5,site,gazp,5,1,pwet,66,,66,,343,,,,,,
GAZP5,site,gazp,5,1,pwet,66,,66,,344,,,,,,
GAZP5,site,gazp,5,1,pwet,66,,66,,345,,,,,,
GAZP5,site,gazp,5,1,pwet,66,,66,,346,,,,,,
GAZP5,site,gazp,5,1,pwet,66,,66,,347,,,,,,
GAZP5,site,gazp,5,1,pwet,66,,66,,348,,,,,,
GAZP5,site,gazp,5,1,pwet,66,,66,,349,,,,,,
GAZP5,site,gazp,5,1,pwet,66,,66,,350,,,,,,
GAZP5,site,gazp,5,1,pwet,66,,66,,351,,,,,,
GAZP5,site,gazp,5,1,pwet,66,,66,,352,,,,,,
GAZP5,site,gazp,5,1,pwet,66,,66,,353,,,,,,
GAZP5,site,gazp,5,1,pwet,66,,66,,354,,,,,,
GAZP5,site,gazp,5,1,pwet,66,,66,,355,,,,,,
GAZP5,site,gazp,5,1,pwet,66,,66,,356,,,,,,
GAZP5,site,gazp,5,1,pwet,66,,66,,357,,,,,,
GAZP5,site,gazp,5,1,pwet,66,,66,,358,,,,,,
GAZP5,site,gazp,5,1,pwet,66,,66,,359,,,,,,
GAZP5,site,gazp,5,1,pwet,66,,66,,360,,,,,,
GAZP5,site,gazp,5,1,pwet,66,,66,,361,,,,,,
GAZP5,site,gazp,5,1,pwet,66,,66,,362,,,,,,
GAZP5,site,gazp,5,1,pwet,66,,66,,363,,,,,,
GAZP5,site,gazp,5,1,pwet,66,,66,,364,,,,,,
GAZP5,site,gazp,5,1,pwet,66,,66,,365,,,,,,
GAZP5,site,gazp,5,1,pwet,66,,66,,366,,,,,,
GAZP5,site,gazp,5,1,pwet,66,,66,,367,,,,,,
GAZP5,site,gazp,5,1,pwet,66,,66,,368,,,,,,
GAZP5,site,gazp,5,1,pwet,66,,66,,369,,,,,,
GAZP5,site,gazp,5,1,pdry,11,,11,,177,,,,,,
GAZP5,site,gazp,5,1,pdry,11,,11,,178,,,,,,
GAZP5,site,gazp,5,1,pdry,11,,11,,179,,,,,,
GAZP5,site,gazp,5,1,pdry,11,,11,,180,,,,,,
GAZP5,site,gazp,5,1,pdry,11,,11,,181,,,,,,
GAZP5,site,gazp,5,1,pdry,11,,11,,182,,,,,,
GAZP5,site,gazp,5,1,pdry,11,,11,,183,,,,,,
GAZP5,site,gazp,5,1,pdry,11,,11,,184,,,,,,
GAZP5,site,gazp,5,1,pdry,11,,11,,185,,,,,,
GAZP5,site,gazp,5,1,pdry,11,,11,,186,,,,,,
GAZP5,site,gazp,5,1,pdry,11,,11,,187,,,,,,
GAZP5,site,gazp,5,1,pdry,11,,11,,188,,,,,,
GAZP5,site,gazp,5,1,pdry,11,,11,,189,,,,,,
GAZP5,site,gazp,5,1,pdry,11,,11,,190,,,,,,
GAZP5,site,gazp,5,1,pdry,11,,11,,191,,,,,,
GAZP5,site,gazp,5,1,pdry,11,,11,,192,,,,,,
GAZP5,site,gazp,5,1,pdry,11,,11,,193,,,,,,
GAZP5,site,gazp,5,1,pdry,11,,11,,194,,,,,,
GAZP5,site,gazp,5,1,pdry,11,,11,,195,,,,,,
GAZP5,site,gazp,5,1,pdry,11,,11,,196,,,,,,
GAZP5,site,gazp,5,1,pdry,11,,11,,197,,,,,,
GAZP5,site,gazp,5,1,pdry,11,,11,,198,,,,,,
GAZP5,site,gazp,5,1,pdry,11,,11,,199,,,,,,
GAZP5,site,gazp,5,1,pdry,11,,11,,200,,,,,,
GAZP5,site,gazp,5,1,pdry,11,,11,,201,,,,,,
GAZP5,site,gazp,5,1,pdry,11,,11,,202,,,,,,
GAZP5,site,gazp,5,1,pdry,11,,11,,203,,,,,,
GAZP5,site,gazp,5,1,pdry,11,,11,,204,,,,,,
GAZP5,site,gazp,5,1,pdry,11,,11,,205,,,,,,
GAZP5,site,gazp,5,1,pdry,11,,11,,206,,,,,,
GAZP5,site,gazp,5,1,pdry,11,,11,,207,,,,,,
GAZP5,site,gazp,5,1,pdry,11,,11,,208,,,,,,
GAZP5,site,gazp,5,1,pdry,11,,11,,209,,,,,,
GAZP5,site,gazp,5,1,pdry,11,,11,,210,,,,,,
GAZP5,site,gazp,5,1,pdry,11,,11,,211,,,,,,
GAZP5,site,gazp,5,1,pdry,11,,11,,212,,,,,,
GAZP5,site,gazp,5,1,pdry,11,,11,,213,,,,,,
GAZP5,site,gazp,5,1,pdry,11,,11,,214,,,,,,
GAZP5,site,gazp,5,1,pdry,11,,11,,215,,,,,,
GAZP5,site,gazp,5,1,pdry,11,,11,,216,,,,,,
GAZP5,site,gazp,5,1,pdry,11,,11,,217,,,,,,
GAZP5,site,gazp,5,1,pdry,11,,11,,218,,,,,,
GAZP5,site,gazp,5,1,pdry,11,,11,,219,,,,,,
GAZP5,site,gazp,5,1,pdry,11,,11,,220,,,,,,
GAZP5,site,gazp,5,1,pdry,11,,11,,221,,,,,,
GAZP5,site,gazp,5,1,pdry,11,,11,,222,,,,,,
GAZP5,site,gazp,5,1,pdry,11,,11,,223,,,,,,
GAZP5,site,gazp,5,1,pdry,11,,11,,224,,,,,,
GAZP5,site,gazp,5,1,pdry,11,,11,,225,,,,,,
GAZP5,site,gazp,5,1,pdry,11,,11,,226,,,,,,
GAZP5,site,gazp,5,1,pdry,11,,11,,227,,,,,,
GAZP5,site,gazp,5,1,pdry,11,,11,,228,,,,,,
GAZP5,site,gazp,5,1,pdry,11,,11,,229,,,,,,
GAZP5,site,gazp,5,1,pdry,11,,11,,230,,,,,,
GAZP5,site,gazp,5,1,pdry,11,,11,,231,,,,,,
GAZP5,site,gazp,5,1,pdry,11,,11,,232,,,,,,
GAZP5,site,gazp,5,1,pdry,11,,11,,233,,,,,,
GAZP5,site,gazp,5,1,pdry,11,,11,,234,,,,,,
GAZP5,site,gazp,5,1,pdry,11,,11,,235,,,,,,
GAZP5,site,gazp,5,1,pdry,11,,11,,236,,,,,,
GAZP5,site,gazp,5,1,pdry,11,,11,,237,,,,,,
GAZP5,site,gazp,5,1,pdry,11,,11,,238,,,,,,
GAZP5,site,gazp,5,1,pdry,11,,11,,239,,,,,,
GAZP5,site,gazp,5,1,pdry,11,,11,,240,,,,,,
GAZP5,site,gazp,5,1,pdry,11,,11,,241,,,,,,
GAZP5,site,gazp,5,1,pdry,11,,11,,242,,,,,,
GAZP5,site,gazp,5,1,pdry,11,,11,,243,,,,,,
GAZP5,site,gazp,5,1,pdry,11,,11,,244,,,,,,
GAZP5,site,gazp,5,1,pdry,11,,11,,245,,,,,,
GAZP5,site,gazp,5,1,pdry,11,,11,,246,,,,,,
GAZP5,site,gazp,5,1,pdry,11,,11,,247,,,,,,
GAZP5,site,gazp,5,1,pdry,11,,11,,248,,,,,,
GAZP5,site,gazp,5,1,pdry,11,,11,,249,,,,,,
GAZP5,site,gazp,5,1,pdry,11,,11,,250,,,,,,
GAZP5,site,gazp,5,1,pdry,11,,11,,251,,,,,,
GAZP5,site,gazp,5,1,pdry,11,,11,,252,,,,,,
GAZP5,site,gazp,5,1,pdry,11,,11,,253,,,,,,
GAZP5,site,gazp,5,1,pdry,11,,11,,254,,,,,,
GAZP5,site,gazp,5,1,pdry,11,,11,,255,,,,,,
GAZP5,site,gazp,5,1,pdry,11,,11,,256,,,,,,
GAZP5,site,gazp,5,1,pdry,11,,11,,257,,,,,,
GAZP5,site,gazp,5,1,pdry,11,,11,,258,,,,,,
GAZP5,site,gazp,5,1,pdry,11,,11,,259,,,,,,
GAZP5,site,gazp,5,1,pdry,11,,11,,260,,,,,,
GAZP5,site,gazp,5,1,pdry,11,,11,,261,,,,,,
GAZP5,site,gazp,5,1,pdry,11,,11,,262,,,,,,
GAZP5,site,gazp,5,1,pdry,11,,11,,263,,,,,,
GAZP5,site,gazp,5,1,pdry,11,,11,,264,,,,,,
GAZP5,site,gazp,5,1,pdry,11,,11,,265,,,,,,
GAZP5,site,gazp,5,1,pdry,11,,11,,266,,,,,,
GAZP5,site,gazp,5,1,pdry,11,,11,,267,,,,,,
GAZP5,site,gazp,5,1,pdry,11,,11,,268,,,,,,
GAZP5,site,gazp,5,1,pdry,11,,11,,269,,,,,,
GAZP5,site,gazp,5,1,pdry,11,,11,,270,,,,,,
GAZP5,site,gazp,5,1,pdry,11,,11,,271,,,,,,
GAZP5,site,gazp,5,1,pdry,11,,11,,272,,,,,,
GAZP5,site,gazp,5,1,pdry,11,,11,,273,,,,,,
GAZP5,site,gazp,5,1,pdry,11,,11,,274,,,,,,
GAZP5,site,gazp,5,1,pdry,11,,11,,275,,,,,,
GAZP5,site,gazp,5,1,pdry,11,,11,,276,,,,,,
GAZP5,site,gazp,5,1,pdry,11,,11,,277,,,,,,
GAZP5,site,gazp,5,1,pdry,11,,11,,278,,,,,,
GAZP5,site,gazp,5,1,pdry,11,,11,,279,,,,,,
GAZP5,site,gazp,5,1,pdry,11,,11,,280,,,,,,
GAZP5,site,gazp,5,1,pdry,11,,11,,281,,,,,,
GAZP5,site,gazp,5,1,pdry,11,,11,,282,,,,,,
GAZP5,site,gazp,5,1,pdry,11,,11,,283,,,,,,
GAZP5,site,gazp,5,1,pdry,11,,11,,284,,,,,,
GAZP5,site,gazp,5,1,pdry,11,,11,,285,,,,,,
GAZP5,site,gazp,5,1,pdry,11,,11,,286,,,,,,
GAZP5,site,gazp,5,1,pdry,11,,11,,287,,,,,,
GAZP5,site,gazp,5,1,pdry,11,,11,,288,,,,,,
GAZP5,site,gazp,5,1,pdry,11,,11,,289,,,,,,
GAZP5,site,gazp,5,1,pdry,11,,11,,290,,,,,,
GAZP5,site,gazp,5,1,pdry,11,,11,,291,,,,,,
GAZP5,site,gazp,5,1,pdry,11,,11,,292,,,,,,
GAZP5,site,gazp,5,1,pdry,11,,11,,293,,,,,,
GAZP5,site,gazp,5,1,pdry,11,,11,,294,,,,,,
GAZP5,site,gazp,5,1,pdry,11,,11,,295,,,,,,
GAZP5,site,gazp,5,1,pdry,11,,11,,296,,,,,,
GAZP5,site,gazp,5,1,pdry,11,,11,,297,,,,,,
GAZP5,site,gazp,5,1,pdry,11,,11,,298,,,,,,
GAZP5,site,gazp,5,1,pdry,11,,11,,299,,,,,,
GAZP5,site,gazp,5,1,pdry,11,,11,,300,,,,,,
GAZP5,site,gazp,5,1,pdry,11,,11,,301,,,,,,
GAZP5,site,gazp,5,1,pdry,11,,11,,302,,,,,,
GAZP5,site,gazp,5,1,pdry,11,,11,,303,,,,,,
GAZP5,site,gazp,5,1,pdry,11,,11,,304,,,,,,
GAZP5,site,gazp,5,1,pdry,11,,11,,305,,,,,,
GAZP5,site,gazp,5,1,pdry,11,,11,,306,,,,,,
GAZP5,site,gazp,5,1,pdry,11,,11,,307,,,,,,
GAZP5,site,gazp,5,1,pdry,11,,11,,308,,,,,,
GAZP5,site,gazp,5,1,pdry,11,,11,,309,,,,,,
GAZP5,site,gazp,5,1,pdry,11,,11,,310,,,,,,
GAZP5,site,gazp,5,1,pdry,11,,11,,311,,,,,,
GAZP5,site,gazp,5,1,pdry,11,,11,,312,,,,,,
GAZP5,site,gazp,5,1,pdry,11,,11,,313,,,,,,
GAZP5,site,gazp,5,1,pdry,11,,11,,314,,,,,,
GAZP5,site,gazp,5,1,pdry,11,,11,,315,,,,,,
GAZP5,site,gazp,5,1,pdry,11,,11,,316,,,,,,
GAZP5,site,gazp,5,1,pdry,11,,11,,317,,,,,,
GAZP5,site,gazp,5,1,pdry,11,,11,,318,,,,,,
GAZP5,site,gazp,5,1,pdry,11,,11,,319,,,,,,
GAZP5,site,gazp,5,1,pdry,11,,11,,320,,,,,,
GAZP5,site,gazp,5,1,pdry,11,,11,,321,,,,,,
GAZP5,site,gazp,5,1,pdry,11,,11,,322,,,,,,
GAZP5,site,gazp,5,1,pdry,15,,15,,323,,,,,,
GAZP5,site,gazp,5,1,pdry,15,,15,,324,,,,,,
GAZP5,site,gazp,5,1,pdry,15,,15,,325,,,,,,
GAZP5,site,gazp,5,1,pdry,15,,15,,326,,,,,,
GAZP5,site,gazp,5,1,pdry,15,,15,,327,,,,,,
GAZP5,site,gazp,5,1,pdry,15,,15,,328,,,,,,
GAZP5,site,gazp,5,1,pdry,15,,15,,329,,,,,,
GAZP5,site,gazp,5,1,pdry,15,,15,,330,,,,,,
GAZP5,site,gazp,5,1,pdry,15,,15,,331,,,,,,
GAZP5,site,gazp,5,1,pdry,15,,15,,332,,,,,,
GAZP5,site,gazp,5,1,pdry,15,,15,,333,,,,,,
GAZP5,site,gazp,5,1,pdry,15,,15,,334,,,,,,
GAZP5,site,gazp,5,1,pdry,15,,15,,335,,,,,,
GAZP5,site,gazp,5,1,pdry,15,,15,,336,,,,,,
GAZP5,site,gazp,5,1,pdry,15,,15,,337,,,,,,
GAZP5,site,gazp,5,1,pdry,15,,15,,338,,,,,,
GAZP5,site,gazp,5,1,pdry,15,,15,,339,,,,,,
GAZP5,site,gazp,5,1,pdry,15,,15,,340,,,,,,
GAZP5,site,gazp,5,1,pdry,15,,15,,341,,,,,,
GAZP5,site,gazp,5,1,pdry,15,,15,,342,,,,,,
GAZP5,site,gazp,5,1,pdry,15,,15,,343,,,,,,
GAZP5,site,gazp,5,1,pdry,15,,15,,344,,,,,,
GAZP5,site,gazp,5,1,pdry,15,,15,,345,,,,,,
GAZP5,site,gazp,5,1,pdry,15,,15,,346,,,,,,
GAZP5,site,gazp,5,1,pdry,15,,15,,347,,,,,,
GAZP5,site,gazp,5,1,pdry,15,,15,,348,,,,,,
GAZP5,site,gazp,5,1,pdry,15,,15,,349,,,,,,
GAZP5,site,gazp,5,1,pdry,15,,15,,350,,,,,,
GAZP5,site,gazp,5,1,pdry,15,,15,,351,,,,,,
GAZP5,site,gazp,5,1,pdry,15,,15,,352,,,,,,
GAZP5,site,gazp,5,1,pdry,15,,15,,353,,,,,,
GAZP5,site,gazp,5,1,pdry,15,,15,,354,,,,,,
GAZP5,site,gazp,5,1,pdry,15,,15,,355,,,,,,
GAZP5,site,gazp,5,1,pdry,15,,15,,356,,,,,,
GAZP5,site,gazp,5,1,pdry,15,,15,,357,,,,,,
GAZP5,site,gazp,5,1,pdry,15,,15,,358,,,,,,
GAZP5,site,gazp,5,1,pdry,15,,15,,359,,,,,,
GAZP5,site,gazp,5,1,pdry,15,,15,,360,,,,,,
GAZP5,site,gazp,5,1,pdry,15,,15,,361,,,,,,
GAZP5,site,gazp,5,1,pdry,15,,15,,362,,,,,,
GAZP5,site,gazp,5,1,pdry,15,,15,,363,,,,,,
GAZP5,site,gazp,5,1,pdry,15,,15,,364,,,,,,
GAZP5,site,gazp,5,1,pdry,15,,15,,365,,,,,,
GAZP5,site,gazp,5,1,pdry,15,,15,,366,,,,,,
GAZP5,site,gazp,5,1,pdry,15,,15,,367,,,,,,
GAZP5,site,gazp,5,1,pdry,15,,15,,368,,,,,,
GAZP5,site,gazp,5,1,pdry,15,,15,,369,,,,,,
GAZP5,site,gazp,5,1,pseason,55,,55,,177,,,,,,
GAZP5,site,gazp,5,1,pseason,55,,55,,178,,,,,,
GAZP5,site,gazp,5,1,pseason,55,,55,,179,,,,,,
GAZP5,site,gazp,5,1,pseason,55,,55,,180,,,,,,
GAZP5,site,gazp,5,1,pseason,55,,55,,181,,,,,,
GAZP5,site,gazp,5,1,pseason,55,,55,,182,,,,,,
GAZP5,site,gazp,5,1,pseason,55,,55,,183,,,,,,
GAZP5,site,gazp,5,1,pseason,55,,55,,184,,,,,,
GAZP5,site,gazp,5,1,pseason,55,,55,,185,,,,,,
GAZP5,site,gazp,5,1,pseason,55,,55,,186,,,,,,
GAZP5,site,gazp,5,1,pseason,55,,55,,187,,,,,,
GAZP5,site,gazp,5,1,pseason,55,,55,,188,,,,,,
GAZP5,site,gazp,5,1,pseason,55,,55,,189,,,,,,
GAZP5,site,gazp,5,1,pseason,55,,55,,190,,,,,,
GAZP5,site,gazp,5,1,pseason,55,,55,,191,,,,,,
GAZP5,site,gazp,5,1,pseason,55,,55,,192,,,,,,
GAZP5,site,gazp,5,1,pseason,55,,55,,193,,,,,,
GAZP5,site,gazp,5,1,pseason,55,,55,,194,,,,,,
GAZP5,site,gazp,5,1,pseason,55,,55,,195,,,,,,
GAZP5,site,gazp,5,1,pseason,55,,55,,196,,,,,,
GAZP5,site,gazp,5,1,pseason,55,,55,,197,,,,,,
GAZP5,site,gazp,5,1,pseason,55,,55,,198,,,,,,
GAZP5,site,gazp,5,1,pseason,55,,55,,199,,,,,,
GAZP5,site,gazp,5,1,pseason,55,,55,,200,,,,,,
GAZP5,site,gazp,5,1,pseason,55,,55,,201,,,,,,
GAZP5,site,gazp,5,1,pseason,55,,55,,202,,,,,,
GAZP5,site,gazp,5,1,pseason,55,,55,,203,,,,,,
GAZP5,site,gazp,5,1,pseason,55,,55,,204,,,,,,
GAZP5,site,gazp,5,1,pseason,55,,55,,205,,,,,,
GAZP5,site,gazp,5,1,pseason,55,,55,,206,,,,,,
GAZP5,site,gazp,5,1,pseason,55,,55,,207,,,,,,
GAZP5,site,gazp,5,1,pseason,55,,55,,208,,,,,,
GAZP5,site,gazp,5,1,pseason,55,,55,,209,,,,,,
GAZP5,site,gazp,5,1,pseason,55,,55,,210,,,,,,
GAZP5,site,gazp,5,1,pseason,55,,55,,211,,,,,,
GAZP5,site,gazp,5,1,pseason,55,,55,,212,,,,,,
GAZP5,site,gazp,5,1,pseason,55,,55,,213,,,,,,
GAZP5,site,gazp,5,1,pseason,55,,55,,214,,,,,,
GAZP5,site,gazp,5,1,pseason,55,,55,,215,,,,,,
GAZP5,site,gazp,5,1,pseason,55,,55,,216,,,,,,
GAZP5,site,gazp,5,1,pseason,55,,55,,217,,,,,,
GAZP5,site,gazp,5,1,pseason,55,,55,,218,,,,,,
GAZP5,site,gazp,5,1,pseason,55,,55,,219,,,,,,
GAZP5,site,gazp,5,1,pseason,55,,55,,220,,,,,,
GAZP5,site,gazp,5,1,pseason,55,,55,,221,,,,,,
GAZP5,site,gazp,5,1,pseason,55,,55,,222,,,,,,
GAZP5,site,gazp,5,1,pseason,55,,55,,223,,,,,,
GAZP5,site,gazp,5,1,pseason,55,,55,,224,,,,,,
GAZP5,site,gazp,5,1,pseason,55,,55,,225,,,,,,
GAZP5,site,gazp,5,1,pseason,55,,55,,226,,,,,,
GAZP5,site,gazp,5,1,pseason,55,,55,,227,,,,,,
GAZP5,site,gazp,5,1,pseason,55,,55,,228,,,,,,
GAZP5,site,gazp,5,1,pseason,55,,55,,229,,,,,,
GAZP5,site,gazp,5,1,pseason,55,,55,,230,,,,,,
GAZP5,site,gazp,5,1,pseason,55,,55,,231,,,,,,
GAZP5,site,gazp,5,1,pseason,55,,55,,232,,,,,,
GAZP5,site,gazp,5,1,pseason,55,,55,,233,,,,,,
GAZP5,site,gazp,5,1,pseason,55,,55,,234,,,,,,
GAZP5,site,gazp,5,1,pseason,55,,55,,235,,,,,,
GAZP5,site,gazp,5,1,pseason,55,,55,,236,,,,,,
GAZP5,site,gazp,5,1,pseason,55,,55,,237,,,,,,
GAZP5,site,gazp,5,1,pseason,55,,55,,238,,,,,,
GAZP5,site,gazp,5,1,pseason,55,,55,,239,,,,,,
GAZP5,site,gazp,5,1,pseason,55,,55,,240,,,,,,
GAZP5,site,gazp,5,1,pseason,55,,55,,241,,,,,,
GAZP5,site,gazp,5,1,pseason,55,,55,,242,,,,,,
GAZP5,site,gazp,5,1,pseason,55,,55,,243,,,,,,
GAZP5,site,gazp,5,1,pseason,55,,55,,244,,,,,,
GAZP5,site,gazp,5,1,pseason,55,,55,,245,,,,,,
GAZP5,site,gazp,5,1,pseason,55,,55,,246,,,,,,
GAZP5,site,gazp,5,1,pseason,55,,55,,247,,,,,,
GAZP5,site,gazp,5,1,pseason,55,,55,,248,,,,,,
GAZP5,site,gazp,5,1,pseason,55,,55,,249,,,,,,
GAZP5,site,gazp,5,1,pseason,55,,55,,250,,,,,,
GAZP5,site,gazp,5,1,pseason,55,,55,,251,,,,,,
GAZP5,site,gazp,5,1,pseason,55,,55,,252,,,,,,
GAZP5,site,gazp,5,1,pseason,55,,55,,253,,,,,,
GAZP5,site,gazp,5,1,pseason,55,,55,,254,,,,,,
GAZP5,site,gazp,5,1,pseason,55,,55,,255,,,,,,
GAZP5,site,gazp,5,1,pseason,55,,55,,256,,,,,,
GAZP5,site,gazp,5,1,pseason,55,,55,,257,,,,,,
GAZP5,site,gazp,5,1,pseason,55,,55,,258,,,,,,
GAZP5,site,gazp,5,1,pseason,55,,55,,259,,,,,,
GAZP5,site,gazp,5,1,pseason,55,,55,,260,,,,,,
GAZP5,site,gazp,5,1,pseason,55,,55,,261,,,,,,
GAZP5,site,gazp,5,1,pseason,55,,55,,262,,,,,,
GAZP5,site,gazp,5,1,pseason,55,,55,,263,,,,,,
GAZP5,site,gazp,5,1,pseason,55,,55,,264,,,,,,
GAZP5,site,gazp,5,1,pseason,55,,55,,265,,,,,,
GAZP5,site,gazp,5,1,pseason,55,,55,,266,,,,,,
GAZP5,site,gazp,5,1,pseason,55,,55,,267,,,,,,
GAZP5,site,gazp,5,1,pseason,55,,55,,268,,,,,,
GAZP5,site,gazp,5,1,pseason,55,,55,,269,,,,,,
GAZP5,site,gazp,5,1,pseason,55,,55,,270,,,,,,
GAZP5,site,gazp,5,1,pseason,55,,55,,271,,,,,,
GAZP5,site,gazp,5,1,pseason,55,,55,,272,,,,,,
GAZP5,site,gazp,5,1,pseason,55,,55,,273,,,,,,
GAZP5,site,gazp,5,1,pseason,55,,55,,274,,,,,,
GAZP5,site,gazp,5,1,pseason,55,,55,,275,,,,,,
GAZP5,site,gazp,5,1,pseason,55,,55,,276,,,,,,
GAZP5,site,gazp,5,1,pseason,55,,55,,277,,,,,,
GAZP5,site,gazp,5,1,pseason,55,,55,,278,,,,,,
GAZP5,site,gazp,5,1,pseason,55,,55,,279,,,,,,
GAZP5,site,gazp,5,1,pseason,55,,55,,280,,,,,,
GAZP5,site,gazp,5,1,pseason,55,,55,,281,,,,,,
GAZP5,site,gazp,5,1,pseason,55,,55,,282,,,,,,
GAZP5,site,gazp,5,1,pseason,55,,55,,283,,,,,,
GAZP5,site,gazp,5,1,pseason,55,,55,,284,,,,,,
GAZP5,site,gazp,5,1,pseason,55,,55,,285,,,,,,
GAZP5,site,gazp,5,1,pseason,55,,55,,286,,,,,,
GAZP5,site,gazp,5,1,pseason,55,,55,,287,,,,,,
GAZP5,site,gazp,5,1,pseason,55,,55,,288,,,,,,
GAZP5,site,gazp,5,1,pseason,55,,55,,289,,,,,,
GAZP5,site,gazp,5,1,pseason,55,,55,,290,,,,,,
GAZP5,site,gazp,5,1,pseason,55,,55,,291,,,,,,
GAZP5,site,gazp,5,1,pseason,55,,55,,292,,,,,,
GAZP5,site,gazp,5,1,pseason,55,,55,,293,,,,,,
GAZP5,site,gazp,5,1,pseason,55,,55,,294,,,,,,
GAZP5,site,gazp,5,1,pseason,55,,55,,295,,,,,,
GAZP5,site,gazp,5,1,pseason,55,,55,,296,,,,,,
GAZP5,site,gazp,5,1,pseason,55,,55,,297,,,,,,
GAZP5,site,gazp,5,1,pseason,55,,55,,298,,,,,,
GAZP5,site,gazp,5,1,pseason,55,,55,,299,,,,,,
GAZP5,site,gazp,5,1,pseason,55,,55,,300,,,,,,
GAZP5,site,gazp,5,1,pseason,55,,55,,301,,,,,,
GAZP5,site,gazp,5,1,pseason,55,,55,,302,,,,,,
GAZP5,site,gazp,5,1,pseason,55,,55,,303,,,,,,
GAZP5,site,gazp,5,1,pseason,55,,55,,304,,,,,,
GAZP5,site,gazp,5,1,pseason,55,,55,,305,,,,,,
GAZP5,site,gazp,5,1,pseason,55,,55,,306,,,,,,
GAZP5,site,gazp,5,1,pseason,55,,55,,307,,,,,,
GAZP5,site,gazp,5,1,pseason,55,,55,,308,,,,,,
GAZP5,site,gazp,5,1,pseason,55,,55,,309,,,,,,
GAZP5,site,gazp,5,1,pseason,55,,55,,310,,,,,,
GAZP5,site,gazp,5,1,pseason,55,,55,,311,,,,,,
GAZP5,site,gazp,5,1,pseason,55,,55,,312,,,,,,
GAZP5,site,gazp,5,1,pseason,55,,55,,313,,,,,,
GAZP5,site,gazp,5,1,pseason,55,,55,,314,,,,,,
GAZP5,site,gazp,5,1,pseason,55,,55,,315,,,,,,
GAZP5,site,gazp,5,1,pseason,55,,55,,316,,,,,,
GAZP5,site,gazp,5,1,pseason,55,,55,,317,,,,,,
GAZP5,site,gazp,5,1,pseason,55,,55,,318,,,,,,
GAZP5,site,gazp,5,1,pseason,55,,55,,319,,,,,,
GAZP5,site,gazp,5,1,pseason,55,,55,,320,,,,,,
GAZP5,site,gazp,5,1,pseason,55,,55,,321,,,,,,
GAZP5,site,gazp,5,1,pseason,55,,55,,322,,,,,,
GAZP5,site,gazp,5,1,pseason,49,,49,,323,,,,,,
GAZP5,site,gazp,5,1,pseason,49,,49,,324,,,,,,
GAZP5,site,gazp,5,1,pseason,49,,49,,325,,,,,,
GAZP5,site,gazp,5,1,pseason,49,,49,,326,,,,,,
GAZP5,site,gazp,5,1,pseason,49,,49,,327,,,,,,
GAZP5,site,gazp,5,1,pseason,49,,49,,328,,,,,,
GAZP5,site,gazp,5,1,pseason,49,,49,,329,,,,,,
GAZP5,site,gazp,5,1,pseason,49,,49,,330,,,,,,
GAZP5,site,gazp,5,1,pseason,49,,49,,331,,,,,,
GAZP5,site,gazp,5,1,pseason,49,,49,,332,,,,,,
GAZP5,site,gazp,5,1,pseason,49,,49,,333,,,,,,
GAZP5,site,gazp,5,1,pseason,49,,49,,334,,,,,,
GAZP5,site,gazp,5,1,pseason,49,,49,,335,,,,,,
GAZP5,site,gazp,5,1,pseason,49,,49,,336,,,,,,
GAZP5,site,gazp,5,1,pseason,49,,49,,337,,,,,,
GAZP5,site,gazp,5,1,pseason,49,,49,,338,,,,,,
GAZP5,site,gazp,5,1,pseason,49,,49,,339,,,,,,
GAZP5,site,gazp,5,1,pseason,49,,49,,340,,,,,,
GAZP5,site,gazp,5,1,pseason,49,,49,,341,,,,,,
GAZP5,site,gazp,5,1,pseason,49,,49,,342,,,,,,
GAZP5,site,gazp,5,1,pseason,49,,49,,343,,,,,,
GAZP5,site,gazp,5,1,pseason,49,,49,,344,,,,,,
GAZP5,site,gazp,5,1,pseason,49,,49,,345,,,,,,
GAZP5,site,gazp,5,1,pseason,49,,49,,346,,,,,,
GAZP5,site,gazp,5,1,pseason,49,,49,,347,,,,,,
GAZP5,site,gazp,5,1,pseason,49,,49,,348,,,,,,
GAZP5,site,gazp,5,1,pseason,49,,49,,349,,,,,,
GAZP5,site,gazp,5,1,pseason,49,,49,,350,,,,,,
GAZP5,site,gazp,5,1,pseason,49,,49,,351,,,,,,
GAZP5,site,gazp,5,1,pseason,49,,49,,352,,,,,,
GAZP5,site,gazp,5,1,pseason,49,,49,,353,,,,,,
GAZP5,site,gazp,5,1,pseason,49,,49,,354,,,,,,
GAZP5,site,gazp,5,1,pseason,49,,49,,355,,,,,,
GAZP5,site,gazp,5,1,pseason,49,,49,,356,,,,,,
GAZP5,site,gazp,5,1,pseason,49,,49,,357,,,,,,
GAZP5,site,gazp,5,1,pseason,49,,49,,358,,,,,,
GAZP5,site,gazp,5,1,pseason,49,,49,,359,,,,,,
GAZP5,site,gazp,5,1,pseason,49,,49,,360,,,,,,
GAZP5,site,gazp,5,1,pseason,49,,49,,361,,,,,,
GAZP5,site,gazp,5,1,pseason,49,,49,,362,,,,,,
GAZP5,site,gazp,5,1,pseason,49,,49,,363,,,,,,
GAZP5,site,gazp,5,1,pseason,49,,49,,364,,,,,,
GAZP5,site,gazp,5,1,pseason,49,,49,,365,,,,,,
GAZP5,site,gazp,5,1,pseason,49,,49,,366,,,,,,
GAZP5,site,gazp,5,1,pseason,49,,49,,367,,,,,,
GAZP5,site,gazp,5,1,pseason,49,,49,,368,,,,,,
GAZP5,site,gazp,5,1,pseason,49,,49,,369,,,,,,
GAZP5,site,gazp,5,1,pwetq,163,,163,,177,,,,,,
GAZP5,site,gazp,5,1,pwetq,163,,163,,178,,,,,,
GAZP5,site,gazp,5,1,pwetq,163,,163,,179,,,,,,
GAZP5,site,gazp,5,1,pwetq,163,,163,,180,,,,,,
GAZP5,site,gazp,5,1,pwetq,163,,163,,181,,,,,,
GAZP5,site,gazp,5,1,pwetq,163,,163,,182,,,,,,
GAZP5,site,gazp,5,1,pwetq,163,,163,,183,,,,,,
GAZP5,site,gazp,5,1,pwetq,163,,163,,184,,,,,,
GAZP5,site,gazp,5,1,pwetq,163,,163,,185,,,,,,
GAZP5,site,gazp,5,1,pwetq,163,,163,,186,,,,,,
GAZP5,site,gazp,5,1,pwetq,163,,163,,187,,,,,,
GAZP5,site,gazp,5,1,pwetq,163,,163,,188,,,,,,
GAZP5,site,gazp,5,1,pwetq,163,,163,,189,,,,,,
GAZP5,site,gazp,5,1,pwetq,163,,163,,190,,,,,,
GAZP5,site,gazp,5,1,pwetq,163,,163,,191,,,,,,
GAZP5,site,gazp,5,1,pwetq,163,,163,,192,,,,,,
GAZP5,site,gazp,5,1,pwetq,163,,163,,193,,,,,,
GAZP5,site,gazp,5,1,pwetq,163,,163,,194,,,,,,
GAZP5,site,gazp,5,1,pwetq,163,,163,,195,,,,,,
GAZP5,site,gazp,5,1,pwetq,163,,163,,196,,,,,,
GAZP5,site,gazp,5,1,pwetq,163,,163,,197,,,,,,
GAZP5,site,gazp,5,1,pwetq,163,,163,,198,,,,,,
GAZP5,site,gazp,5,1,pwetq,163,,163,,199,,,,,,
GAZP5,site,gazp,5,1,pwetq,163,,163,,200,,,,,,
GAZP5,site,gazp,5,1,pwetq,163,,163,,201,,,,,,
GAZP5,site,gazp,5,1,pwetq,163,,163,,202,,,,,,
GAZP5,site,gazp,5,1,pwetq,163,,163,,203,,,,,,
GAZP5,site,gazp,5,1,pwetq,163,,163,,204,,,,,,
GAZP5,site,gazp,5,1,pwetq,163,,163,,205,,,,,,
GAZP5,site,gazp,5,1,pwetq,163,,163,,206,,,,,,
GAZP5,site,gazp,5,1,pwetq,163,,163,,207,,,,,,
GAZP5,site,gazp,5,1,pwetq,163,,163,,208,,,,,,
GAZP5,site,gazp,5,1,pwetq,163,,163,,209,,,,,,
GAZP5,site,gazp,5,1,pwetq,163,,163,,210,,,,,,
GAZP5,site,gazp,5,1,pwetq,163,,163,,211,,,,,,
GAZP5,site,gazp,5,1,pwetq,163,,163,,212,,,,,,
GAZP5,site,gazp,5,1,pwetq,163,,163,,213,,,,,,
GAZP5,site,gazp,5,1,pwetq,163,,163,,214,,,,,,
GAZP5,site,gazp,5,1,pwetq,163,,163,,215,,,,,,
GAZP5,site,gazp,5,1,pwetq,163,,163,,216,,,,,,
GAZP5,site,gazp,5,1,pwetq,163,,163,,217,,,,,,
GAZP5,site,gazp,5,1,pwetq,163,,163,,218,,,,,,
GAZP5,site,gazp,5,1,pwetq,163,,163,,219,,,,,,
GAZP5,site,gazp,5,1,pwetq,163,,163,,220,,,,,,
GAZP5,site,gazp,5,1,pwetq,163,,163,,221,,,,,,
GAZP5,site,gazp,5,1,pwetq,163,,163,,222,,,,,,
GAZP5,site,gazp,5,1,pwetq,163,,163,,223,,,,,,
GAZP5,site,gazp,5,1,pwetq,163,,163,,224,,,,,,
GAZP5,site,gazp,5,1,pwetq,163,,163,,225,,,,,,
GAZP5,site,gazp,5,1,pwetq,163,,163,,226,,,,,,
GAZP5,site,gazp,5,1,pwetq,163,,163,,227,,,,,,
GAZP5,site,gazp,5,1,pwetq,163,,163,,228,,,,,,
GAZP5,site,gazp,5,1,pwetq,163,,163,,229,,,,,,
GAZP5,site,gazp,5,1,pwetq,163,,163,,230,,,,,,
GAZP5,site,gazp,5,1,pwetq,163,,163,,231,,,,,,
GAZP5,site,gazp,5,1,pwetq,163,,163,,232,,,,,,
GAZP5,site,gazp,5,1,pwetq,163,,163,,233,,,,,,
GAZP5,site,gazp,5,1,pwetq,163,,163,,234,,,,,,
GAZP5,site,gazp,5,1,pwetq,163,,163,,235,,,,,,
GAZP5,site,gazp,5,1,pwetq,163,,163,,236,,,,,,
GAZP5,site,gazp,5,1,pwetq,163,,163,,237,,,,,,
GAZP5,site,gazp,5,1,pwetq,163,,163,,238,,,,,,
GAZP5,site,gazp,5,1,pwetq,163,,163,,239,,,,,,
GAZP5,site,gazp,5,1,pwetq,163,,163,,240,,,,,,
GAZP5,site,gazp,5,1,pwetq,163,,163,,241,,,,,,
GAZP5,site,gazp,5,1,pwetq,163,,163,,242,,,,,,
GAZP5,site,gazp,5,1,pwetq,163,,163,,243,,,,,,
GAZP5,site,gazp,5,1,pwetq,163,,163,,244,,,,,,
GAZP5,site,gazp,5,1,pwetq,163,,163,,245,,,,,,
GAZP5,site,gazp,5,1,pwetq,163,,163,,246,,,,,,
GAZP5,site,gazp,5,1,pwetq,163,,163,,247,,,,,,
GAZP5,site,gazp,5,1,pwetq,163,,163,,248,,,,,,
GAZP5,site,gazp,5,1,pwetq,163,,163,,249,,,,,,
GAZP5,site,gazp,5,1,pwetq,163,,163,,250,,,,,,
GAZP5,site,gazp,5,1,pwetq,163,,163,,251,,,,,,
GAZP5,site,gazp,5,1,pwetq,163,,163,,252,,,,,,
GAZP5,site,gazp,5,1,pwetq,163,,163,,253,,,,,,
GAZP5,site,gazp,5,1,pwetq,163,,163,,254,,,,,,
GAZP5,site,gazp,5,1,pwetq,163,,163,,255,,,,,,
GAZP5,site,gazp,5,1,pwetq,163,,163,,256,,,,,,
GAZP5,site,gazp,5,1,pwetq,163,,163,,257,,,,,,
GAZP5,site,gazp,5,1,pwetq,163,,163,,258,,,,,,
GAZP5,site,gazp,5,1,pwetq,163,,163,,259,,,,,,
GAZP5,site,gazp,5,1,pwetq,163,,163,,260,,,,,,
GAZP5,site,gazp,5,1,pwetq,163,,163,,261,,,,,,
GAZP5,site,gazp,5,1,pwetq,163,,163,,262,,,,,,
GAZP5,site,gazp,5,1,pwetq,163,,163,,263,,,,,,
GAZP5,site,gazp,5,1,pwetq,163,,163,,264,,,,,,
GAZP5,site,gazp,5,1,pwetq,163,,163,,265,,,,,,
GAZP5,site,gazp,5,1,pwetq,163,,163,,266,,,,,,
GAZP5,site,gazp,5,1,pwetq,163,,163,,267,,,,,,
GAZP5,site,gazp,5,1,pwetq,163,,163,,268,,,,,,
GAZP5,site,gazp,5,1,pwetq,163,,163,,269,,,,,,
GAZP5,site,gazp,5,1,pwetq,163,,163,,270,,,,,,
GAZP5,site,gazp,5,1,pwetq,163,,163,,271,,,,,,
GAZP5,site,gazp,5,1,pwetq,163,,163,,272,,,,,,
GAZP5,site,gazp,5,1,pwetq,163,,163,,273,,,,,,
GAZP5,site,gazp,5,1,pwetq,163,,163,,274,,,,,,
GAZP5,site,gazp,5,1,pwetq,163,,163,,275,,,,,,
GAZP5,site,gazp,5,1,pwetq,163,,163,,276,,,,,,
GAZP5,site,gazp,5,1,pwetq,163,,163,,277,,,,,,
GAZP5,site,gazp,5,1,pwetq,163,,163,,278,,,,,,
GAZP5,site,gazp,5,1,pwetq,163,,163,,279,,,,,,
GAZP5,site,gazp,5,1,pwetq,163,,163,,280,,,,,,
GAZP5,site,gazp,5,1,pwetq,163,,163,,281,,,,,,
GAZP5,site,gazp,5,1,pwetq,163,,163,,282,,,,,,
GAZP5,site,gazp,5,1,pwetq,163,,163,,283,,,,,,
GAZP5,site,gazp,5,1,pwetq,163,,163,,284,,,,,,
GAZP5,site,gazp,5,1,pwetq,163,,163,,285,,,,,,
GAZP5,site,gazp,5,1,pwetq,163,,163,,286,,,,,,
GAZP5,site,gazp,5,1,pwetq,163,,163,,287,,,,,,
GAZP5,site,gazp,5,1,pwetq,163,,163,,288,,,,,,
GAZP5,site,gazp,5,1,pwetq,163,,163,,289,,,,,,
GAZP5,site,gazp,5,1,pwetq,163,,163,,290,,,,,,
GAZP5,site,gazp,5,1,pwetq,163,,163,,291,,,,,,
GAZP5,site,gazp,5,1,pwetq,163,,163,,292,,,,,,
GAZP5,site,gazp,5,1,pwetq,163,,163,,293,,,,,,
GAZP5,site,gazp,5,1,pwetq,163,,163,,294,,,,,,
GAZP5,site,gazp,5,1,pwetq,163,,163,,295,,,,,,
GAZP5,site,gazp,5,1,pwetq,163,,163,,296,,,,,,
GAZP5,site,gazp,5,1,pwetq,163,,163,,297,,,,,,
GAZP5,site,gazp,5,1,pwetq,163,,163,,298,,,,,,
GAZP5,site,gazp,5,1,pwetq,163,,163,,299,,,,,,
GAZP5,site,gazp,5,1,pwetq,163,,163,,300,,,,,,
GAZP5,site,gazp,5,1,pwetq,163,,163,,301,,,,,,
GAZP5,site,gazp,5,1,pwetq,163,,163,,302,,,,,,
GAZP5,site,gazp,5,1,pwetq,163,,163,,303,,,,,,
GAZP5,site,gazp,5,1,pwetq,163,,163,,304,,,,,,
GAZP5,site,gazp,5,1,pwetq,163,,163,,305,,,,,,
GAZP5,site,gazp,5,1,pwetq,163,,163,,306,,,,,,
GAZP5,site,gazp,5,1,pwetq,163,,163,,307,,,,,,
GAZP5,site,gazp,5,1,pwetq,163,,163,,308,,,,,,
GAZP5,site,gazp,5,1,pwetq,163,,163,,309,,,,,,
GAZP5,site,gazp,5,1,pwetq,163,,163,,310,,,,,,
GAZP5,site,gazp,5,1,pwetq,163,,163,,311,,,,,,
GAZP5,site,gazp,5,1,pwetq,163,,163,,312,,,,,,
GAZP5,site,gazp,5,1,pwetq,163,,163,,313,,,,,,
GAZP5,site,gazp,5,1,pwetq,163,,163,,314,,,,,,
GAZP5,site,gazp,5,1,pwetq,163,,163,,315,,,,,,
GAZP5,site,gazp,5,1,pwetq,163,,163,,316,,,,,,
GAZP5,site,gazp,5,1,pwetq,163,,163,,317,,,,,,
GAZP5,site,gazp,5,1,pwetq,163,,163,,318,,,,,,
GAZP5,site,gazp,5,1,pwetq,163,,163,,319,,,,,,
GAZP5,site,gazp,5,1,pwetq,163,,163,,320,,,,,,
GAZP5,site,gazp,5,1,pwetq,163,,163,,321,,,,,,
GAZP5,site,gazp,5,1,pwetq,163,,163,,322,,,,,,
GAZP5,site,gazp,5,1,pwetq,171,,171,,323,,,,,,
GAZP5,site,gazp,5,1,pwetq,171,,171,,324,,,,,,
GAZP5,site,gazp,5,1,pwetq,171,,171,,325,,,,,,
GAZP5,site,gazp,5,1,pwetq,171,,171,,326,,,,,,
GAZP5,site,gazp,5,1,pwetq,171,,171,,327,,,,,,
GAZP5,site,gazp,5,1,pwetq,171,,171,,328,,,,,,
GAZP5,site,gazp,5,1,pwetq,171,,171,,329,,,,,,
GAZP5,site,gazp,5,1,pwetq,171,,171,,330,,,,,,
GAZP5,site,gazp,5,1,pwetq,171,,171,,331,,,,,,
GAZP5,site,gazp,5,1,pwetq,171,,171,,332,,,,,,
GAZP5,site,gazp,5,1,pwetq,171,,171,,333,,,,,,
GAZP5,site,gazp,5,1,pwetq,171,,171,,334,,,,,,
GAZP5,site,gazp,5,1,pwetq,171,,171,,335,,,,,,
GAZP5,site,gazp,5,1,pwetq,171,,171,,336,,,,,,
GAZP5,site,gazp,5,1,pwetq,171,,171,,337,,,,,,
GAZP5,site,gazp,5,1,pwetq,171,,171,,338,,,,,,
GAZP5,site,gazp,5,1,pwetq,171,,171,,339,,,,,,
GAZP5,site,gazp,5,1,pwetq,171,,171,,340,,,,,,
GAZP5,site,gazp,5,1,pwetq,171,,171,,341,,,,,,
GAZP5,site,gazp,5,1,pwetq,171,,171,,342,,,,,,
GAZP5,site,gazp,5,1,pwetq,171,,171,,343,,,,,,
GAZP5,site,gazp,5,1,pwetq,171,,171,,344,,,,,,
GAZP5,site,gazp,5,1,pwetq,171,,171,,345,,,,,,
GAZP5,site,gazp,5,1,pwetq,171,,171,,346,,,,,,
GAZP5,site,gazp,5,1,pwetq,171,,171,,347,,,,,,
GAZP5,site,gazp,5,1,pwetq,171,,171,,348,,,,,,
GAZP5,site,gazp,5,1,pwetq,171,,171,,349,,,,,,
GAZP5,site,gazp,5,1,pwetq,171,,171,,350,,,,,,
GAZP5,site,gazp,5,1,pwetq,171,,171,,351,,,,,,
GAZP5,site,gazp,5,1,pwetq,171,,171,,352,,,,,,
GAZP5,site,gazp,5,1,pwetq,171,,171,,353,,,,,,
GAZP5,site,gazp,5,1,pwetq,171,,171,,354,,,,,,
GAZP5,site,gazp,5,1,pwetq,171,,171,,355,,,,,,
GAZP5,site,gazp,5,1,pwetq,171,,171,,356,,,,,,
GAZP5,site,gazp,5,1,pwetq,171,,171,,357,,,,,,
GAZP5,site,gazp,5,1,pwetq,171,,171,,358,,,,,,
GAZP5,site,gazp,5,1,pwetq,171,,171,,359,,,,,,
GAZP5,site,gazp,5,1,pwetq,171,,171,,360,,,,,,
GAZP5,site,gazp,5,1,pwetq,171,,171,,361,,,,,,
GAZP5,site,gazp,5,1,pwetq,171,,171,,362,,,,,,
GAZP5,site,gazp,5,1,pwetq,171,,171,,363,,,,,,
GAZP5,site,gazp,5,1,pwetq,171,,171,,364,,,,,,
GAZP5,site,gazp,5,1,pwetq,171,,171,,365,,,,,,
GAZP5,site,gazp,5,1,pwetq,171,,171,,366,,,,,,
GAZP5,site,gazp,5,1,pwetq,171,,171,,367,,,,,,
GAZP5,site,gazp,5,1,pwetq,171,,171,,368,,,,,,
GAZP5,site,gazp,5,1,pwetq,171,,171,,369,,,,,,
GAZP5,site,gazp,5,1,pdryq,41,,41,,177,,,,,,
GAZP5,site,gazp,5,1,pdryq,41,,41,,178,,,,,,
GAZP5,site,gazp,5,1,pdryq,41,,41,,179,,,,,,
GAZP5,site,gazp,5,1,pdryq,41,,41,,180,,,,,,
GAZP5,site,gazp,5,1,pdryq,41,,41,,181,,,,,,
GAZP5,site,gazp,5,1,pdryq,41,,41,,182,,,,,,
GAZP5,site,gazp,5,1,pdryq,41,,41,,183,,,,,,
GAZP5,site,gazp,5,1,pdryq,41,,41,,184,,,,,,
GAZP5,site,gazp,5,1,pdryq,41,,41,,185,,,,,,
GAZP5,site,gazp,5,1,pdryq,41,,41,,186,,,,,,
GAZP5,site,gazp,5,1,pdryq,41,,41,,187,,,,,,
GAZP5,site,gazp,5,1,pdryq,41,,41,,188,,,,,,
GAZP5,site,gazp,5,1,pdryq,41,,41,,189,,,,,,
GAZP5,site,gazp,5,1,pdryq,41,,41,,190,,,,,,
GAZP5,site,gazp,5,1,pdryq,41,,41,,191,,,,,,
GAZP5,site,gazp,5,1,pdryq,41,,41,,192,,,,,,
GAZP5,site,gazp,5,1,pdryq,41,,41,,193,,,,,,
GAZP5,site,gazp,5,1,pdryq,41,,41,,194,,,,,,
GAZP5,site,gazp,5,1,pdryq,41,,41,,195,,,,,,
GAZP5,site,gazp,5,1,pdryq,41,,41,,196,,,,,,
GAZP5,site,gazp,5,1,pdryq,41,,41,,197,,,,,,
GAZP5,site,gazp,5,1,pdryq,41,,41,,198,,,,,,
GAZP5,site,gazp,5,1,pdryq,41,,41,,199,,,,,,
GAZP5,site,gazp,5,1,pdryq,41,,41,,200,,,,,,
GAZP5,site,gazp,5,1,pdryq,41,,41,,201,,,,,,
GAZP5,site,gazp,5,1,pdryq,41,,41,,202,,,,,,
GAZP5,site,gazp,5,1,pdryq,41,,41,,203,,,,,,
GAZP5,site,gazp,5,1,pdryq,41,,41,,204,,,,,,
GAZP5,site,gazp,5,1,pdryq,41,,41,,205,,,,,,
GAZP5,site,gazp,5,1,pdryq,41,,41,,206,,,,,,
GAZP5,site,gazp,5,1,pdryq,41,,41,,207,,,,,,
GAZP5,site,gazp,5,1,pdryq,41,,41,,208,,,,,,
GAZP5,site,gazp,5,1,pdryq,41,,41,,209,,,,,,
GAZP5,site,gazp,5,1,pdryq,41,,41,,210,,,,,,
GAZP5,site,gazp,5,1,pdryq,41,,41,,211,,,,,,
GAZP5,site,gazp,5,1,pdryq,41,,41,,212,,,,,,
GAZP5,site,gazp,5,1,pdryq,41,,41,,213,,,,,,
GAZP5,site,gazp,5,1,pdryq,41,,41,,214,,,,,,
GAZP5,site,gazp,5,1,pdryq,41,,41,,215,,,,,,
GAZP5,site,gazp,5,1,pdryq,41,,41,,216,,,,,,
GAZP5,site,gazp,5,1,pdryq,41,,41,,217,,,,,,
GAZP5,site,gazp,5,1,pdryq,41,,41,,218,,,,,,
GAZP5,site,gazp,5,1,pdryq,41,,41,,219,,,,,,
GAZP5,site,gazp,5,1,pdryq,41,,41,,220,,,,,,
GAZP5,site,gazp,5,1,pdryq,41,,41,,221,,,,,,
GAZP5,site,gazp,5,1,pdryq,41,,41,,222,,,,,,
GAZP5,site,gazp,5,1,pdryq,41,,41,,223,,,,,,
GAZP5,site,gazp,5,1,pdryq,41,,41,,224,,,,,,
GAZP5,site,gazp,5,1,pdryq,41,,41,,225,,,,,,
GAZP5,site,gazp,5,1,pdryq,41,,41,,226,,,,,,
GAZP5,site,gazp,5,1,pdryq,41,,41,,227,,,,,,
GAZP5,site,gazp,5,1,pdryq,41,,41,,228,,,,,,
GAZP5,site,gazp,5,1,pdryq,41,,41,,229,,,,,,
GAZP5,site,gazp,5,1,pdryq,41,,41,,230,,,,,,
GAZP5,site,gazp,5,1,pdryq,41,,41,,231,,,,,,
GAZP5,site,gazp,5,1,pdryq,41,,41,,232,,,,,,
GAZP5,site,gazp,5,1,pdryq,41,,41,,233,,,,,,
GAZP5,site,gazp,5,1,pdryq,41,,41,,234,,,,,,
GAZP5,site,gazp,5,1,pdryq,41,,41,,235,,,,,,
GAZP5,site,gazp,5,1,pdryq,41,,41,,236,,,,,,
GAZP5,site,gazp,5,1,pdryq,41,,41,,237,,,,,,
GAZP5,site,gazp,5,1,pdryq,41,,41,,238,,,,,,
GAZP5,site,gazp,5,1,pdryq,41,,41,,239,,,,,,
GAZP5,site,gazp,5,1,pdryq,41,,41,,240,,,,,,
GAZP5,site,gazp,5,1,pdryq,41,,41,,241,,,,,,
GAZP5,site,gazp,5,1,pdryq,41,,41,,242,,,,,,
GAZP5,site,gazp,5,1,pdryq,41,,41,,243,,,,,,
GAZP5,site,gazp,5,1,pdryq,41,,41,,244,,,,,,
GAZP5,site,gazp,5,1,pdryq,41,,41,,245,,,,,,
GAZP5,site,gazp,5,1,pdryq,41,,41,,246,,,,,,
GAZP5,site,gazp,5,1,pdryq,41,,41,,247,,,,,,
GAZP5,site,gazp,5,1,pdryq,41,,41,,248,,,,,,
GAZP5,site,gazp,5,1,pdryq,41,,41,,249,,,,,,
GAZP5,site,gazp,5,1,pdryq,41,,41,,250,,,,,,
GAZP5,site,gazp,5,1,pdryq,41,,41,,251,,,,,,
GAZP5,site,gazp,5,1,pdryq,41,,41,,252,,,,,,
GAZP5,site,gazp,5,1,pdryq,41,,41,,253,,,,,,
GAZP5,site,gazp,5,1,pdryq,41,,41,,254,,,,,,
GAZP5,site,gazp,5,1,pdryq,41,,41,,255,,,,,,
GAZP5,site,gazp,5,1,pdryq,41,,41,,256,,,,,,
GAZP5,site,gazp,5,1,pdryq,41,,41,,257,,,,,,
GAZP5,site,gazp,5,1,pdryq,41,,41,,258,,,,,,
GAZP5,site,gazp,5,1,pdryq,41,,41,,259,,,,,,
GAZP5,site,gazp,5,1,pdryq,41,,41,,260,,,,,,
GAZP5,site,gazp,5,1,pdryq,41,,41,,261,,,,,,
GAZP5,site,gazp,5,1,pdryq,41,,41,,262,,,,,,
GAZP5,site,gazp,5,1,pdryq,41,,41,,263,,,,,,
GAZP5,site,gazp,5,1,pdryq,41,,41,,264,,,,,,
GAZP5,site,gazp,5,1,pdryq,41,,41,,265,,,,,,
GAZP5,site,gazp,5,1,pdryq,41,,41,,266,,,,,,
GAZP5,site,gazp,5,1,pdryq,41,,41,,267,,,,,,
GAZP5,site,gazp,5,1,pdryq,41,,41,,268,,,,,,
GAZP5,site,gazp,5,1,pdryq,41,,41,,269,,,,,,
GAZP5,site,gazp,5,1,pdryq,41,,41,,270,,,,,,
GAZP5,site,gazp,5,1,pdryq,41,,41,,271,,,,,,
GAZP5,site,gazp,5,1,pdryq,41,,41,,272,,,,,,
GAZP5,site,gazp,5,1,pdryq,41,,41,,273,,,,,,
GAZP5,site,gazp,5,1,pdryq,41,,41,,274,,,,,,
GAZP5,site,gazp,5,1,pdryq,41,,41,,275,,,,,,
GAZP5,site,gazp,5,1,pdryq,41,,41,,276,,,,,,
GAZP5,site,gazp,5,1,pdryq,41,,41,,277,,,,,,
GAZP5,site,gazp,5,1,pdryq,41,,41,,278,,,,,,
GAZP5,site,gazp,5,1,pdryq,41,,41,,279,,,,,,
GAZP5,site,gazp,5,1,pdryq,41,,41,,280,,,,,,
GAZP5,site,gazp,5,1,pdryq,41,,41,,281,,,,,,
GAZP5,site,gazp,5,1,pdryq,41,,41,,282,,,,,,
GAZP5,site,gazp,5,1,pdryq,41,,41,,283,,,,,,
GAZP5,site,gazp,5,1,pdryq,41,,41,,284,,,,,,
GAZP5,site,gazp,5,1,pdryq,41,,41,,285,,,,,,
GAZP5,site,gazp,5,1,pdryq,41,,41,,286,,,,,,
GAZP5,site,gazp,5,1,pdryq,41,,41,,287,,,,,,
GAZP5,site,gazp,5,1,pdryq,41,,41,,288,,,,,,
GAZP5,site,gazp,5,1,pdryq,41,,41,,289,,,,,,
GAZP5,site,gazp,5,1,pdryq,41,,41,,290,,,,,,
GAZP5,site,gazp,5,1,pdryq,41,,41,,291,,,,,,
GAZP5,site,gazp,5,1,pdryq,41,,41,,292,,,,,,
GAZP5,site,gazp,5,1,pdryq,41,,41,,293,,,,,,
GAZP5,site,gazp,5,1,pdryq,41,,41,,294,,,,,,
GAZP5,site,gazp,5,1,pdryq,41,,41,,295,,,,,,
GAZP5,site,gazp,5,1,pdryq,41,,41,,296,,,,,,
GAZP5,site,gazp,5,1,pdryq,41,,41,,297,,,,,,
GAZP5,site,gazp,5,1,pdryq,41,,41,,298,,,,,,
GAZP5,site,gazp,5,1,pdryq,41,,41,,299,,,,,,
GAZP5,site,gazp,5,1,pdryq,41,,41,,300,,,,,,
GAZP5,site,gazp,5,1,pdryq,41,,41,,301,,,,,,
GAZP5,site,gazp,5,1,pdryq,41,,41,,302,,,,,,
GAZP5,site,gazp,5,1,pdryq,41,,41,,303,,,,,,
GAZP5,site,gazp,5,1,pdryq,41,,41,,304,,,,,,
GAZP5,site,gazp,5,1,pdryq,41,,41,,305,,,,,,
GAZP5,site,gazp,5,1,pdryq,41,,41,,306,,,,,,
GAZP5,site,gazp,5,1,pdryq,41,,41,,307,,,,,,
GAZP5,site,gazp,5,1,pdryq,41,,41,,308,,,,,,
GAZP5,site,gazp,5,1,pdryq,41,,41,,309,,,,,,
GAZP5,site,gazp,5,1,pdryq,41,,41,,310,,,,,,
GAZP5,site,gazp,5,1,pdryq,41,,41,,311,,,,,,
GAZP5,site,gazp,5,1,pdryq,41,,41,,312,,,,,,
GAZP5,site,gazp,5,1,pdryq,41,,41,,313,,,,,,
GAZP5,site,gazp,5,1,pdryq,41,,41,,314,,,,,,
GAZP5,site,gazp,5,1,pdryq,41,,41,,315,,,,,,
GAZP5,site,gazp,5,1,pdryq,41,,41,,316,,,,,,
GAZP5,site,gazp,5,1,pdryq,41,,41,,317,,,,,,
GAZP5,site,gazp,5,1,pdryq,41,,41,,318,,,,,,
GAZP5,site,gazp,5,1,pdryq,41,,41,,319,,,,,,
GAZP5,site,gazp,5,1,pdryq,41,,41,,320,,,,,,
GAZP5,site,gazp,5,1,pdryq,41,,41,,321,,,,,,
GAZP5,site,gazp,5,1,pdryq,41,,41,,322,,,,,,
GAZP5,site,gazp,5,1,pdryq,51,,51,,323,,,,,,
GAZP5,site,gazp,5,1,pdryq,51,,51,,324,,,,,,
GAZP5,site,gazp,5,1,pdryq,51,,51,,325,,,,,,
GAZP5,site,gazp,5,1,pdryq,51,,51,,326,,,,,,
GAZP5,site,gazp,5,1,pdryq,51,,51,,327,,,,,,
GAZP5,site,gazp,5,1,pdryq,51,,51,,328,,,,,,
GAZP5,site,gazp,5,1,pdryq,51,,51,,329,,,,,,
GAZP5,site,gazp,5,1,pdryq,51,,51,,330,,,,,,
GAZP5,site,gazp,5,1,pdryq,51,,51,,331,,,,,,
GAZP5,site,gazp,5,1,pdryq,51,,51,,332,,,,,,
GAZP5,site,gazp,5,1,pdryq,51,,51,,333,,,,,,
GAZP5,site,gazp,5,1,pdryq,51,,51,,334,,,,,,
GAZP5,site,gazp,5,1,pdryq,51,,51,,335,,,,,,
GAZP5,site,gazp,5,1,pdryq,51,,51,,336,,,,,,
GAZP5,site,gazp,5,1,pdryq,51,,51,,337,,,,,,
GAZP5,site,gazp,5,1,pdryq,51,,51,,338,,,,,,
GAZP5,site,gazp,5,1,pdryq,51,,51,,339,,,,,,
GAZP5,site,gazp,5,1,pdryq,51,,51,,340,,,,,,
GAZP5,site,gazp,5,1,pdryq,51,,51,,341,,,,,,
GAZP5,site,gazp,5,1,pdryq,51,,51,,342,,,,,,
GAZP5,site,gazp,5,1,pdryq,51,,51,,343,,,,,,
GAZP5,site,gazp,5,1,pdryq,51,,51,,344,,,,,,
GAZP5,site,gazp,5,1,pdryq,51,,51,,345,,,,,,
GAZP5,site,gazp,5,1,pdryq,51,,51,,346,,,,,,
GAZP5,site,gazp,5,1,pdryq,51,,51,,347,,,,,,
GAZP5,site,gazp,5,1,pdryq,51,,51,,348,,,,,,
GAZP5,site,gazp,5,1,pdryq,51,,51,,349,,,,,,
GAZP5,site,gazp,5,1,pdryq,51,,51,,350,,,,,,
GAZP5,site,gazp,5,1,pdryq,51,,51,,351,,,,,,
GAZP5,site,gazp,5,1,pdryq,51,,51,,352,,,,,,
GAZP5,site,gazp,5,1,pdryq,51,,51,,353,,,,,,
GAZP5,site,gazp,5,1,pdryq,51,,51,,354,,,,,,
GAZP5,site,gazp,5,1,pdryq,51,,51,,355,,,,,,
GAZP5,site,gazp,5,1,pdryq,51,,51,,356,,,,,,
GAZP5,site,gazp,5,1,pdryq,51,,51,,357,,,,,,
GAZP5,site,gazp,5,1,pdryq,51,,51,,358,,,,,,
GAZP5,site,gazp,5,1,pdryq,51,,51,,359,,,,,,
GAZP5,site,gazp,5,1,pdryq,51,,51,,360,,,,,,
GAZP5,site,gazp,5,1,pdryq,51,,51,,361,,,,,,
GAZP5,site,gazp,5,1,pdryq,51,,51,,362,,,,,,
GAZP5,site,gazp,5,1,pdryq,51,,51,,363,,,,,,
GAZP5,site,gazp,5,1,pdryq,51,,51,,364,,,,,,
GAZP5,site,gazp,5,1,pdryq,51,,51,,365,,,,,,
GAZP5,site,gazp,5,1,pdryq,51,,51,,366,,,,,,
GAZP5,site,gazp,5,1,pdryq,51,,51,,367,,,,,,
GAZP5,site,gazp,5,1,pdryq,51,,51,,368,,,,,,
GAZP5,site,gazp,5,1,pdryq,51,,51,,369,,,,,,
GAZP5,site,gazp,5,1,pwarmq,115,,115,,177,,,,,,
GAZP5,site,gazp,5,1,pwarmq,115,,115,,178,,,,,,
GAZP5,site,gazp,5,1,pwarmq,115,,115,,179,,,,,,
GAZP5,site,gazp,5,1,pwarmq,115,,115,,180,,,,,,
GAZP5,site,gazp,5,1,pwarmq,115,,115,,181,,,,,,
GAZP5,site,gazp,5,1,pwarmq,115,,115,,182,,,,,,
GAZP5,site,gazp,5,1,pwarmq,115,,115,,183,,,,,,
GAZP5,site,gazp,5,1,pwarmq,115,,115,,184,,,,,,
GAZP5,site,gazp,5,1,pwarmq,115,,115,,185,,,,,,
GAZP5,site,gazp,5,1,pwarmq,115,,115,,186,,,,,,
GAZP5,site,gazp,5,1,pwarmq,115,,115,,187,,,,,,
GAZP5,site,gazp,5,1,pwarmq,115,,115,,188,,,,,,
GAZP5,site,gazp,5,1,pwarmq,115,,115,,189,,,,,,
GAZP5,site,gazp,5,1,pwarmq,115,,115,,190,,,,,,
GAZP5,site,gazp,5,1,pwarmq,115,,115,,191,,,,,,
GAZP5,site,gazp,5,1,pwarmq,115,,115,,192,,,,,,
GAZP5,site,gazp,5,1,pwarmq,115,,115,,193,,,,,,
GAZP5,site,gazp,5,1,pwarmq,115,,115,,194,,,,,,
GAZP5,site,gazp,5,1,pwarmq,115,,115,,195,,,,,,
GAZP5,site,gazp,5,1,pwarmq,115,,115,,196,,,,,,
GAZP5,site,gazp,5,1,pwarmq,115,,115,,197,,,,,,
GAZP5,site,gazp,5,1,pwarmq,115,,115,,198,,,,,,
GAZP5,site,gazp,5,1,pwarmq,115,,115,,199,,,,,,
GAZP5,site,gazp,5,1,pwarmq,115,,115,,200,,,,,,
GAZP5,site,gazp,5,1,pwarmq,115,,115,,201,,,,,,
GAZP5,site,gazp,5,1,pwarmq,115,,115,,202,,,,,,
GAZP5,site,gazp,5,1,pwarmq,115,,115,,203,,,,,,
GAZP5,site,gazp,5,1,pwarmq,115,,115,,204,,,,,,
GAZP5,site,gazp,5,1,pwarmq,115,,115,,205,,,,,,
GAZP5,site,gazp,5,1,pwarmq,115,,115,,206,,,,,,
GAZP5,site,gazp,5,1,pwarmq,115,,115,,207,,,,,,
GAZP5,site,gazp,5,1,pwarmq,115,,115,,208,,,,,,
GAZP5,site,gazp,5,1,pwarmq,115,,115,,209,,,,,,
GAZP5,site,gazp,5,1,pwarmq,115,,115,,210,,,,,,
GAZP5,site,gazp,5,1,pwarmq,115,,115,,211,,,,,,
GAZP5,site,gazp,5,1,pwarmq,115,,115,,212,,,,,,
GAZP5,site,gazp,5,1,pwarmq,115,,115,,213,,,,,,
GAZP5,site,gazp,5,1,pwarmq,115,,115,,214,,,,,,
GAZP5,site,gazp,5,1,pwarmq,115,,115,,215,,,,,,
GAZP5,site,gazp,5,1,pwarmq,115,,115,,216,,,,,,
GAZP5,site,gazp,5,1,pwarmq,115,,115,,217,,,,,,
GAZP5,site,gazp,5,1,pwarmq,115,,115,,218,,,,,,
GAZP5,site,gazp,5,1,pwarmq,115,,115,,219,,,,,,
GAZP5,site,gazp,5,1,pwarmq,115,,115,,220,,,,,,
GAZP5,site,gazp,5,1,pwarmq,115,,115,,221,,,,,,
GAZP5,site,gazp,5,1,pwarmq,115,,115,,222,,,,,,
GAZP5,site,gazp,5,1,pwarmq,115,,115,,223,,,,,,
GAZP5,site,gazp,5,1,pwarmq,115,,115,,224,,,,,,
GAZP5,site,gazp,5,1,pwarmq,115,,115,,225,,,,,,
GAZP5,site,gazp,5,1,pwarmq,115,,115,,226,,,,,,
GAZP5,site,gazp,5,1,pwarmq,115,,115,,227,,,,,,
GAZP5,site,gazp,5,1,pwarmq,115,,115,,228,,,,,,
GAZP5,site,gazp,5,1,pwarmq,115,,115,,229,,,,,,
GAZP5,site,gazp,5,1,pwarmq,115,,115,,230,,,,,,
GAZP5,site,gazp,5,1,pwarmq,115,,115,,231,,,,,,
GAZP5,site,gazp,5,1,pwarmq,115,,115,,232,,,,,,
GAZP5,site,gazp,5,1,pwarmq,115,,115,,233,,,,,,
GAZP5,site,gazp,5,1,pwarmq,115,,115,,234,,,,,,
GAZP5,site,gazp,5,1,pwarmq,115,,115,,235,,,,,,
GAZP5,site,gazp,5,1,pwarmq,115,,115,,236,,,,,,
GAZP5,site,gazp,5,1,pwarmq,115,,115,,237,,,,,,
GAZP5,site,gazp,5,1,pwarmq,115,,115,,238,,,,,,
GAZP5,site,gazp,5,1,pwarmq,115,,115,,239,,,,,,
GAZP5,site,gazp,5,1,pwarmq,115,,115,,240,,,,,,
GAZP5,site,gazp,5,1,pwarmq,115,,115,,241,,,,,,
GAZP5,site,gazp,5,1,pwarmq,115,,115,,242,,,,,,
GAZP5,site,gazp,5,1,pwarmq,115,,115,,243,,,,,,
GAZP5,site,gazp,5,1,pwarmq,115,,115,,244,,,,,,
GAZP5,site,gazp,5,1,pwarmq,115,,115,,245,,,,,,
GAZP5,site,gazp,5,1,pwarmq,115,,115,,246,,,,,,
GAZP5,site,gazp,5,1,pwarmq,115,,115,,247,,,,,,
GAZP5,site,gazp,5,1,pwarmq,115,,115,,248,,,,,,
GAZP5,site,gazp,5,1,pwarmq,115,,115,,249,,,,,,
GAZP5,site,gazp,5,1,pwarmq,115,,115,,250,,,,,,
GAZP5,site,gazp,5,1,pwarmq,115,,115,,251,,,,,,
GAZP5,site,gazp,5,1,pwarmq,115,,115,,252,,,,,,
GAZP5,site,gazp,5,1,pwarmq,115,,115,,253,,,,,,
GAZP5,site,gazp,5,1,pwarmq,115,,115,,254,,,,,,
GAZP5,site,gazp,5,1,pwarmq,115,,115,,255,,,,,,
GAZP5,site,gazp,5,1,pwarmq,115,,115,,256,,,,,,
GAZP5,site,gazp,5,1,pwarmq,115,,115,,257,,,,,,
GAZP5,site,gazp,5,1,pwarmq,115,,115,,258,,,,,,
GAZP5,site,gazp,5,1,pwarmq,115,,115,,259,,,,,,
GAZP5,site,gazp,5,1,pwarmq,115,,115,,260,,,,,,
GAZP5,site,gazp,5,1,pwarmq,115,,115,,261,,,,,,
GAZP5,site,gazp,5,1,pwarmq,115,,115,,262,,,,,,
GAZP5,site,gazp,5,1,pwarmq,115,,115,,263,,,,,,
GAZP5,site,gazp,5,1,pwarmq,115,,115,,264,,,,,,
GAZP5,site,gazp,5,1,pwarmq,115,,115,,265,,,,,,
GAZP5,site,gazp,5,1,pwarmq,115,,115,,266,,,,,,
GAZP5,site,gazp,5,1,pwarmq,115,,115,,267,,,,,,
GAZP5,site,gazp,5,1,pwarmq,115,,115,,268,,,,,,
GAZP5,site,gazp,5,1,pwarmq,115,,115,,269,,,,,,
GAZP5,site,gazp,5,1,pwarmq,115,,115,,270,,,,,,
GAZP5,site,gazp,5,1,pwarmq,115,,115,,271,,,,,,
GAZP5,site,gazp,5,1,pwarmq,115,,115,,272,,,,,,
GAZP5,site,gazp,5,1,pwarmq,115,,115,,273,,,,,,
GAZP5,site,gazp,5,1,pwarmq,115,,115,,274,,,,,,
GAZP5,site,gazp,5,1,pwarmq,115,,115,,275,,,,,,
GAZP5,site,gazp,5,1,pwarmq,115,,115,,276,,,,,,
GAZP5,site,gazp,5,1,pwarmq,115,,115,,277,,,,,,
GAZP5,site,gazp,5,1,pwarmq,115,,115,,278,,,,,,
GAZP5,site,gazp,5,1,pwarmq,115,,115,,279,,,,,,
GAZP5,site,gazp,5,1,pwarmq,115,,115,,280,,,,,,
GAZP5,site,gazp,5,1,pwarmq,115,,115,,281,,,,,,
GAZP5,site,gazp,5,1,pwarmq,115,,115,,282,,,,,,
GAZP5,site,gazp,5,1,pwarmq,115,,115,,283,,,,,,
GAZP5,site,gazp,5,1,pwarmq,115,,115,,284,,,,,,
GAZP5,site,gazp,5,1,pwarmq,115,,115,,285,,,,,,
GAZP5,site,gazp,5,1,pwarmq,115,,115,,286,,,,,,
GAZP5,site,gazp,5,1,pwarmq,115,,115,,287,,,,,,
GAZP5,site,gazp,5,1,pwarmq,115,,115,,288,,,,,,
GAZP5,site,gazp,5,1,pwarmq,115,,115,,289,,,,,,
GAZP5,site,gazp,5,1,pwarmq,115,,115,,290,,,,,,
GAZP5,site,gazp,5,1,pwarmq,115,,115,,291,,,,,,
GAZP5,site,gazp,5,1,pwarmq,115,,115,,292,,,,,,
GAZP5,site,gazp,5,1,pwarmq,115,,115,,293,,,,,,
GAZP5,site,gazp,5,1,pwarmq,115,,115,,294,,,,,,
GAZP5,site,gazp,5,1,pwarmq,115,,115,,295,,,,,,
GAZP5,site,gazp,5,1,pwarmq,115,,115,,296,,,,,,
GAZP5,site,gazp,5,1,pwarmq,115,,115,,297,,,,,,
GAZP5,site,gazp,5,1,pwarmq,115,,115,,298,,,,,,
GAZP5,site,gazp,5,1,pwarmq,115,,115,,299,,,,,,
GAZP5,site,gazp,5,1,pwarmq,115,,115,,300,,,,,,
GAZP5,site,gazp,5,1,pwarmq,115,,115,,301,,,,,,
GAZP5,site,gazp,5,1,pwarmq,115,,115,,302,,,,,,
GAZP5,site,gazp,5,1,pwarmq,115,,115,,303,,,,,,
GAZP5,site,gazp,5,1,pwarmq,115,,115,,304,,,,,,
GAZP5,site,gazp,5,1,pwarmq,115,,115,,305,,,,,,
GAZP5,site,gazp,5,1,pwarmq,115,,115,,306,,,,,,
GAZP5,site,gazp,5,1,pwarmq,115,,115,,307,,,,,,
GAZP5,site,gazp,5,1,pwarmq,115,,115,,308,,,,,,
GAZP5,site,gazp,5,1,pwarmq,115,,115,,309,,,,,,
GAZP5,site,gazp,5,1,pwarmq,115,,115,,310,,,,,,
GAZP5,site,gazp,5,1,pwarmq,115,,115,,311,,,,,,
GAZP5,site,gazp,5,1,pwarmq,115,,115,,312,,,,,,
GAZP5,site,gazp,5,1,pwarmq,115,,115,,313,,,,,,
GAZP5,site,gazp,5,1,pwarmq,115,,115,,314,,,,,,
GAZP5,site,gazp,5,1,pwarmq,115,,115,,315,,,,,,
GAZP5,site,gazp,5,1,pwarmq,115,,115,,316,,,,,,
GAZP5,site,gazp,5,1,pwarmq,115,,115,,317,,,,,,
GAZP5,site,gazp,5,1,pwarmq,115,,115,,318,,,,,,
GAZP5,site,gazp,5,1,pwarmq,115,,115,,319,,,,,,
GAZP5,site,gazp,5,1,pwarmq,115,,115,,320,,,,,,
GAZP5,site,gazp,5,1,pwarmq,115,,115,,321,,,,,,
GAZP5,site,gazp,5,1,pwarmq,115,,115,,322,,,,,,
GAZP5,site,gazp,5,1,pwarmq,121,,121,,323,,,,,,
GAZP5,site,gazp,5,1,pwarmq,121,,121,,324,,,,,,
GAZP5,site,gazp,5,1,pwarmq,121,,121,,325,,,,,,
GAZP5,site,gazp,5,1,pwarmq,121,,121,,326,,,,,,
GAZP5,site,gazp,5,1,pwarmq,121,,121,,327,,,,,,
GAZP5,site,gazp,5,1,pwarmq,121,,121,,328,,,,,,
GAZP5,site,gazp,5,1,pwarmq,121,,121,,329,,,,,,
GAZP5,site,gazp,5,1,pwarmq,121,,121,,330,,,,,,
GAZP5,site,gazp,5,1,pwarmq,121,,121,,331,,,,,,
GAZP5,site,gazp,5,1,pwarmq,121,,121,,332,,,,,,
GAZP5,site,gazp,5,1,pwarmq,121,,121,,333,,,,,,
GAZP5,site,gazp,5,1,pwarmq,121,,121,,334,,,,,,
GAZP5,site,gazp,5,1,pwarmq,121,,121,,335,,,,,,
GAZP5,site,gazp,5,1,pwarmq,121,,121,,336,,,,,,
GAZP5,site,gazp,5,1,pwarmq,121,,121,,337,,,,,,
GAZP5,site,gazp,5,1,pwarmq,121,,121,,338,,,,,,
GAZP5,site,gazp,5,1,pwarmq,121,,121,,339,,,,,,
GAZP5,site,gazp,5,1,pwarmq,121,,121,,340,,,,,,
GAZP5,site,gazp,5,1,pwarmq,121,,121,,341,,,,,,
GAZP5,site,gazp,5,1,pwarmq,121,,121,,342,,,,,,
GAZP5,site,gazp,5,1,pwarmq,121,,121,,343,,,,,,
GAZP5,site,gazp,5,1,pwarmq,121,,121,,344,,,,,,
GAZP5,site,gazp,5,1,pwarmq,121,,121,,345,,,,,,
GAZP5,site,gazp,5,1,pwarmq,121,,121,,346,,,,,,
GAZP5,site,gazp,5,1,pwarmq,121,,121,,347,,,,,,
GAZP5,site,gazp,5,1,pwarmq,121,,121,,348,,,,,,
GAZP5,site,gazp,5,1,pwarmq,121,,121,,349,,,,,,
GAZP5,site,gazp,5,1,pwarmq,121,,121,,350,,,,,,
GAZP5,site,gazp,5,1,pwarmq,121,,121,,351,,,,,,
GAZP5,site,gazp,5,1,pwarmq,121,,121,,352,,,,,,
GAZP5,site,gazp,5,1,pwarmq,121,,121,,353,,,,,,
GAZP5,site,gazp,5,1,pwarmq,121,,121,,354,,,,,,
GAZP5,site,gazp,5,1,pwarmq,121,,121,,355,,,,,,
GAZP5,site,gazp,5,1,pwarmq,121,,121,,356,,,,,,
GAZP5,site,gazp,5,1,pwarmq,121,,121,,357,,,,,,
GAZP5,site,gazp,5,1,pwarmq,121,,121,,358,,,,,,
GAZP5,site,gazp,5,1,pwarmq,121,,121,,359,,,,,,
GAZP5,site,gazp,5,1,pwarmq,121,,121,,360,,,,,,
GAZP5,site,gazp,5,1,pwarmq,121,,121,,361,,,,,,
GAZP5,site,gazp,5,1,pwarmq,121,,121,,362,,,,,,
GAZP5,site,gazp,5,1,pwarmq,121,,121,,363,,,,,,
GAZP5,site,gazp,5,1,pwarmq,121,,121,,364,,,,,,
GAZP5,site,gazp,5,1,pwarmq,121,,121,,365,,,,,,
GAZP5,site,gazp,5,1,pwarmq,121,,121,,366,,,,,,
GAZP5,site,gazp,5,1,pwarmq,121,,121,,367,,,,,,
GAZP5,site,gazp,5,1,pwarmq,121,,121,,368,,,,,,
GAZP5,site,gazp,5,1,pwarmq,121,,121,,369,,,,,,
GAZP5,site,gazp,5,1,pcoldq,41,,41,,177,,,,,,
GAZP5,site,gazp,5,1,pcoldq,41,,41,,178,,,,,,
GAZP5,site,gazp,5,1,pcoldq,41,,41,,179,,,,,,
GAZP5,site,gazp,5,1,pcoldq,41,,41,,180,,,,,,
GAZP5,site,gazp,5,1,pcoldq,41,,41,,181,,,,,,
GAZP5,site,gazp,5,1,pcoldq,41,,41,,182,,,,,,
GAZP5,site,gazp,5,1,pcoldq,41,,41,,183,,,,,,
GAZP5,site,gazp,5,1,pcoldq,41,,41,,184,,,,,,
GAZP5,site,gazp,5,1,pcoldq,41,,41,,185,,,,,,
GAZP5,site,gazp,5,1,pcoldq,41,,41,,186,,,,,,
GAZP5,site,gazp,5,1,pcoldq,41,,41,,187,,,,,,
GAZP5,site,gazp,5,1,pcoldq,41,,41,,188,,,,,,
GAZP5,site,gazp,5,1,pcoldq,41,,41,,189,,,,,,
GAZP5,site,gazp,5,1,pcoldq,41,,41,,190,,,,,,
GAZP5,site,gazp,5,1,pcoldq,41,,41,,191,,,,,,
GAZP5,site,gazp,5,1,pcoldq,41,,41,,192,,,,,,
GAZP5,site,gazp,5,1,pcoldq,41,,41,,193,,,,,,
GAZP5,site,gazp,5,1,pcoldq,41,,41,,194,,,,,,
GAZP5,site,gazp,5,1,pcoldq,41,,41,,195,,,,,,
GAZP5,site,gazp,5,1,pcoldq,41,,41,,196,,,,,,
GAZP5,site,gazp,5,1,pcoldq,41,,41,,197,,,,,,
GAZP5,site,gazp,5,1,pcoldq,41,,41,,198,,,,,,
GAZP5,site,gazp,5,1,pcoldq,41,,41,,199,,,,,,
GAZP5,site,gazp,5,1,pcoldq,41,,41,,200,,,,,,
GAZP5,site,gazp,5,1,pcoldq,41,,41,,201,,,,,,
GAZP5,site,gazp,5,1,pcoldq,41,,41,,202,,,,,,
GAZP5,site,gazp,5,1,pcoldq,41,,41,,203,,,,,,
GAZP5,site,gazp,5,1,pcoldq,41,,41,,204,,,,,,
GAZP5,site,gazp,5,1,pcoldq,41,,41,,205,,,,,,
GAZP5,site,gazp,5,1,pcoldq,41,,41,,206,,,,,,
GAZP5,site,gazp,5,1,pcoldq,41,,41,,207,,,,,,
GAZP5,site,gazp,5,1,pcoldq,41,,41,,208,,,,,,
GAZP5,site,gazp,5,1,pcoldq,41,,41,,209,,,,,,
GAZP5,site,gazp,5,1,pcoldq,41,,41,,210,,,,,,
GAZP5,site,gazp,5,1,pcoldq,41,,41,,211,,,,,,
GAZP5,site,gazp,5,1,pcoldq,41,,41,,212,,,,,,
GAZP5,site,gazp,5,1,pcoldq,41,,41,,213,,,,,,
GAZP5,site,gazp,5,1,pcoldq,41,,41,,214,,,,,,
GAZP5,site,gazp,5,1,pcoldq,41,,41,,215,,,,,,
GAZP5,site,gazp,5,1,pcoldq,41,,41,,216,,,,,,
GAZP5,site,gazp,5,1,pcoldq,41,,41,,217,,,,,,
GAZP5,site,gazp,5,1,pcoldq,41,,41,,218,,,,,,
GAZP5,site,gazp,5,1,pcoldq,41,,41,,219,,,,,,
GAZP5,site,gazp,5,1,pcoldq,41,,41,,220,,,,,,
GAZP5,site,gazp,5,1,pcoldq,41,,41,,221,,,,,,
GAZP5,site,gazp,5,1,pcoldq,41,,41,,222,,,,,,
GAZP5,site,gazp,5,1,pcoldq,41,,41,,223,,,,,,
GAZP5,site,gazp,5,1,pcoldq,41,,41,,224,,,,,,
GAZP5,site,gazp,5,1,pcoldq,41,,41,,225,,,,,,
GAZP5,site,gazp,5,1,pcoldq,41,,41,,226,,,,,,
GAZP5,site,gazp,5,1,pcoldq,41,,41,,227,,,,,,
GAZP5,site,gazp,5,1,pcoldq,41,,41,,228,,,,,,
GAZP5,site,gazp,5,1,pcoldq,41,,41,,229,,,,,,
GAZP5,site,gazp,5,1,pcoldq,41,,41,,230,,,,,,
GAZP5,site,gazp,5,1,pcoldq,41,,41,,231,,,,,,
GAZP5,site,gazp,5,1,pcoldq,41,,41,,232,,,,,,
GAZP5,site,gazp,5,1,pcoldq,41,,41,,233,,,,,,
GAZP5,site,gazp,5,1,pcoldq,41,,41,,234,,,,,,
GAZP5,site,gazp,5,1,pcoldq,41,,41,,235,,,,,,
GAZP5,site,gazp,5,1,pcoldq,41,,41,,236,,,,,,
GAZP5,site,gazp,5,1,pcoldq,41,,41,,237,,,,,,
GAZP5,site,gazp,5,1,pcoldq,41,,41,,238,,,,,,
GAZP5,site,gazp,5,1,pcoldq,41,,41,,239,,,,,,
GAZP5,site,gazp,5,1,pcoldq,41,,41,,240,,,,,,
GAZP5,site,gazp,5,1,pcoldq,41,,41,,241,,,,,,
GAZP5,site,gazp,5,1,pcoldq,41,,41,,242,,,,,,
GAZP5,site,gazp,5,1,pcoldq,41,,41,,243,,,,,,
GAZP5,site,gazp,5,1,pcoldq,41,,41,,244,,,,,,
GAZP5,site,gazp,5,1,pcoldq,41,,41,,245,,,,,,
GAZP5,site,gazp,5,1,pcoldq,41,,41,,246,,,,,,
GAZP5,site,gazp,5,1,pcoldq,41,,41,,247,,,,,,
GAZP5,site,gazp,5,1,pcoldq,41,,41,,248,,,,,,
GAZP5,site,gazp,5,1,pcoldq,41,,41,,249,,,,,,
GAZP5,site,gazp,5,1,pcoldq,41,,41,,250,,,,,,
GAZP5,site,gazp,5,1,pcoldq,41,,41,,251,,,,,,
GAZP5,site,gazp,5,1,pcoldq,41,,41,,252,,,,,,
GAZP5,site,gazp,5,1,pcoldq,41,,41,,253,,,,,,
GAZP5,site,gazp,5,1,pcoldq,41,,41,,254,,,,,,
GAZP5,site,gazp,5,1,pcoldq,41,,41,,255,,,,,,
GAZP5,site,gazp,5,1,pcoldq,41,,41,,256,,,,,,
GAZP5,site,gazp,5,1,pcoldq,41,,41,,257,,,,,,
GAZP5,site,gazp,5,1,pcoldq,41,,41,,258,,,,,,
GAZP5,site,gazp,5,1,pcoldq,41,,41,,259,,,,,,
GAZP5,site,gazp,5,1,pcoldq,41,,41,,260,,,,,,
GAZP5,site,gazp,5,1,pcoldq,41,,41,,261,,,,,,
GAZP5,site,gazp,5,1,pcoldq,41,,41,,262,,,,,,
GAZP5,site,gazp,5,1,pcoldq,41,,41,,263,,,,,,
GAZP5,site,gazp,5,1,pcoldq,41,,41,,264,,,,,,
GAZP5,site,gazp,5,1,pcoldq,41,,41,,265,,,,,,
GAZP5,site,gazp,5,1,pcoldq,41,,41,,266,,,,,,
GAZP5,site,gazp,5,1,pcoldq,41,,41,,267,,,,,,
GAZP5,site,gazp,5,1,pcoldq,41,,41,,268,,,,,,
GAZP5,site,gazp,5,1,pcoldq,41,,41,,269,,,,,,
GAZP5,site,gazp,5,1,pcoldq,41,,41,,270,,,,,,
GAZP5,site,gazp,5,1,pcoldq,41,,41,,271,,,,,,
GAZP5,site,gazp,5,1,pcoldq,41,,41,,272,,,,,,
GAZP5,site,gazp,5,1,pcoldq,41,,41,,273,,,,,,
GAZP5,site,gazp,5,1,pcoldq,41,,41,,274,,,,,,
GAZP5,site,gazp,5,1,pcoldq,41,,41,,275,,,,,,
GAZP5,site,gazp,5,1,pcoldq,41,,41,,276,,,,,,
GAZP5,site,gazp,5,1,pcoldq,41,,41,,277,,,,,,
GAZP5,site,gazp,5,1,pcoldq,41,,41,,278,,,,,,
GAZP5,site,gazp,5,1,pcoldq,41,,41,,279,,,,,,
GAZP5,site,gazp,5,1,pcoldq,41,,41,,280,,,,,,
GAZP5,site,gazp,5,1,pcoldq,41,,41,,281,,,,,,
GAZP5,site,gazp,5,1,pcoldq,41,,41,,282,,,,,,
GAZP5,site,gazp,5,1,pcoldq,41,,41,,283,,,,,,
GAZP5,site,gazp,5,1,pcoldq,41,,41,,284,,,,,,
GAZP5,site,gazp,5,1,pcoldq,41,,41,,285,,,,,,
GAZP5,site,gazp,5,1,pcoldq,41,,41,,286,,,,,,
GAZP5,site,gazp,5,1,pcoldq,41,,41,,287,,,,,,
GAZP5,site,gazp,5,1,pcoldq,41,,41,,288,,,,,,
GAZP5,site,gazp,5,1,pcoldq,41,,41,,289,,,,,,
GAZP5,site,gazp,5,1,pcoldq,41,,41,,290,,,,,,
GAZP5,site,gazp,5,1,pcoldq,41,,41,,291,,,,,,
GAZP5,site,gazp,5,1,pcoldq,41,,41,,292,,,,,,
GAZP5,site,gazp,5,1,pcoldq,41,,41,,293,,,,,,
GAZP5,site,gazp,5,1,pcoldq,41,,41,,294,,,,,,
GAZP5,site,gazp,5,1,pcoldq,41,,41,,295,,,,,,
GAZP5,site,gazp,5,1,pcoldq,41,,41,,296,,,,,,
GAZP5,site,gazp,5,1,pcoldq,41,,41,,297,,,,,,
GAZP5,site,gazp,5,1,pcoldq,41,,41,,298,,,,,,
GAZP5,site,gazp,5,1,pcoldq,41,,41,,299,,,,,,
GAZP5,site,gazp,5,1,pcoldq,41,,41,,300,,,,,,
GAZP5,site,gazp,5,1,pcoldq,41,,41,,301,,,,,,
GAZP5,site,gazp,5,1,pcoldq,41,,41,,302,,,,,,
GAZP5,site,gazp,5,1,pcoldq,41,,41,,303,,,,,,
GAZP5,site,gazp,5,1,pcoldq,41,,41,,304,,,,,,
GAZP5,site,gazp,5,1,pcoldq,41,,41,,305,,,,,,
GAZP5,site,gazp,5,1,pcoldq,41,,41,,306,,,,,,
GAZP5,site,gazp,5,1,pcoldq,41,,41,,307,,,,,,
GAZP5,site,gazp,5,1,pcoldq,41,,41,,308,,,,,,
GAZP5,site,gazp,5,1,pcoldq,41,,41,,309,,,,,,
GAZP5,site,gazp,5,1,pcoldq,41,,41,,310,,,,,,
GAZP5,site,gazp,5,1,pcoldq,41,,41,,311,,,,,,
GAZP5,site,gazp,5,1,pcoldq,41,,41,,312,,,,,,
GAZP5,site,gazp,5,1,pcoldq,41,,41,,313,,,,,,
GAZP5,site,gazp,5,1,pcoldq,41,,41,,314,,,,,,
GAZP5,site,gazp,5,1,pcoldq,41,,41,,315,,,,,,
GAZP5,site,gazp,5,1,pcoldq,41,,41,,316,,,,,,
GAZP5,site,gazp,5,1,pcoldq,41,,41,,317,,,,,,
GAZP5,site,gazp,5,1,pcoldq,41,,41,,318,,,,,,
GAZP5,site,gazp,5,1,pcoldq,41,,41,,319,,,,,,
GAZP5,site,gazp,5,1,pcoldq,41,,41,,320,,,,,,
GAZP5,site,gazp,5,1,pcoldq,41,,41,,321,,,,,,
GAZP5,site,gazp,5,1,pcoldq,41,,41,,322,,,,,,
GAZP5,site,gazp,5,1,pcoldq,51,,51,,323,,,,,,
GAZP5,site,gazp,5,1,pcoldq,51,,51,,324,,,,,,
GAZP5,site,gazp,5,1,pcoldq,51,,51,,325,,,,,,
GAZP5,site,gazp,5,1,pcoldq,51,,51,,326,,,,,,
GAZP5,site,gazp,5,1,pcoldq,51,,51,,327,,,,,,
GAZP5,site,gazp,5,1,pcoldq,51,,51,,328,,,,,,
GAZP5,site,gazp,5,1,pcoldq,51,,51,,329,,,,,,
GAZP5,site,gazp,5,1,pcoldq,51,,51,,330,,,,,,
GAZP5,site,gazp,5,1,pcoldq,51,,51,,331,,,,,,
GAZP5,site,gazp,5,1,pcoldq,51,,51,,332,,,,,,
GAZP5,site,gazp,5,1,pcoldq,51,,51,,333,,,,,,
GAZP5,site,gazp,5,1,pcoldq,51,,51,,334,,,,,,
GAZP5,site,gazp,5,1,pcoldq,51,,51,,335,,,,,,
GAZP5,site,gazp,5,1,pcoldq,51,,51,,336,,,,,,
GAZP5,site,gazp,5,1,pcoldq,51,,51,,337,,,,,,
GAZP5,site,gazp,5,1,pcoldq,51,,51,,338,,,,,,
GAZP5,site,gazp,5,1,pcoldq,51,,51,,339,,,,,,
GAZP5,site,gazp,5,1,pcoldq,51,,51,,340,,,,,,
GAZP5,site,gazp,5,1,pcoldq,51,,51,,341,,,,,,
GAZP5,site,gazp,5,1,pcoldq,51,,51,,342,,,,,,
GAZP5,site,gazp,5,1,pcoldq,51,,51,,343,,,,,,
GAZP5,site,gazp,5,1,pcoldq,51,,51,,344,,,,,,
GAZP5,site,gazp,5,1,pcoldq,51,,51,,345,,,,,,
GAZP5,site,gazp,5,1,pcoldq,51,,51,,346,,,,,,
GAZP5,site,gazp,5,1,pcoldq,51,,51,,347,,,,,,
GAZP5,site,gazp,5,1,pcoldq,51,,51,,348,,,,,,
GAZP5,site,gazp,5,1,pcoldq,51,,51,,349,,,,,,
GAZP5,site,gazp,5,1,pcoldq,51,,51,,350,,,,,,
GAZP5,site,gazp,5,1,pcoldq,51,,51,,351,,,,,,
GAZP5,site,gazp,5,1,pcoldq,51,,51,,352,,,,,,
GAZP5,site,gazp,5,1,pcoldq,51,,51,,353,,,,,,
GAZP5,site,gazp,5,1,pcoldq,51,,51,,354,,,,,,
GAZP5,site,gazp,5,1,pcoldq,51,,51,,355,,,,,,
GAZP5,site,gazp,5,1,pcoldq,51,,51,,356,,,,,,
GAZP5,site,gazp,5,1,pcoldq,51,,51,,357,,,,,,
GAZP5,site,gazp,5,1,pcoldq,51,,51,,358,,,,,,
GAZP5,site,gazp,5,1,pcoldq,51,,51,,359,,,,,,
GAZP5,site,gazp,5,1,pcoldq,51,,51,,360,,,,,,
GAZP5,site,gazp,5,1,pcoldq,51,,51,,361,,,,,,
GAZP5,site,gazp,5,1,pcoldq,51,,51,,362,,,,,,
GAZP5,site,gazp,5,1,pcoldq,51,,51,,363,,,,,,
GAZP5,site,gazp,5,1,pcoldq,51,,51,,364,,,,,,
GAZP5,site,gazp,5,1,pcoldq,51,,51,,365,,,,,,
GAZP5,site,gazp,5,1,pcoldq,51,,51,,366,,,,,,
GAZP5,site,gazp,5,1,pcoldq,51,,51,,367,,,,,,
GAZP5,site,gazp,5,1,pcoldq,51,,51,,368,,,,,,
GAZP5,site,gazp,5,1,pcoldq,51,,51,,369,,,,,,
GAZP5,site,gazp,5,1,minetype,coal,,coal,,177,,,,,,
GAZP5,site,gazp,5,1,minetype,coal,,coal,,178,,,,,,
GAZP5,site,gazp,5,1,minetype,coal,,coal,,179,,,,,,
GAZP5,site,gazp,5,1,minetype,coal,,coal,,180,,,,,,
GAZP5,site,gazp,5,1,minetype,coal,,coal,,181,,,,,,
GAZP5,site,gazp,5,1,minetype,coal,,coal,,182,,,,,,
GAZP5,site,gazp,5,1,minetype,coal,,coal,,183,,,,,,
GAZP5,site,gazp,5,1,minetype,coal,,coal,,184,,,,,,
GAZP5,site,gazp,5,1,minetype,coal,,coal,,185,,,,,,
GAZP5,site,gazp,5,1,minetype,coal,,coal,,186,,,,,,
GAZP5,site,gazp,5,1,minetype,coal,,coal,,187,,,,,,
GAZP5,site,gazp,5,1,minetype,coal,,coal,,188,,,,,,
GAZP5,site,gazp,5,1,minetype,coal,,coal,,189,,,,,,
GAZP5,site,gazp,5,1,minetype,coal,,coal,,190,,,,,,
GAZP5,site,gazp,5,1,minetype,coal,,coal,,191,,,,,,
GAZP5,site,gazp,5,1,minetype,coal,,coal,,192,,,,,,
GAZP5,site,gazp,5,1,minetype,coal,,coal,,193,,,,,,
GAZP5,site,gazp,5,1,minetype,coal,,coal,,194,,,,,,
GAZP5,site,gazp,5,1,minetype,coal,,coal,,195,,,,,,
GAZP5,site,gazp,5,1,minetype,coal,,coal,,196,,,,,,
GAZP5,site,gazp,5,1,minetype,coal,,coal,,197,,,,,,
GAZP5,site,gazp,5,1,minetype,coal,,coal,,198,,,,,,
GAZP5,site,gazp,5,1,minetype,coal,,coal,,199,,,,,,
GAZP5,site,gazp,5,1,minetype,coal,,coal,,200,,,,,,
GAZP5,site,gazp,5,1,minetype,coal,,coal,,201,,,,,,
GAZP5,site,gazp,5,1,minetype,coal,,coal,,202,,,,,,
GAZP5,site,gazp,5,1,minetype,coal,,coal,,203,,,,,,
GAZP5,site,gazp,5,1,minetype,coal,,coal,,204,,,,,,
GAZP5,site,gazp,5,1,minetype,coal,,coal,,205,,,,,,
GAZP5,site,gazp,5,1,minetype,coal,,coal,,206,,,,,,
GAZP5,site,gazp,5,1,minetype,coal,,coal,,207,,,,,,
GAZP5,site,gazp,5,1,minetype,coal,,coal,,208,,,,,,
GAZP5,site,gazp,5,1,minetype,coal,,coal,,209,,,,,,
GAZP5,site,gazp,5,1,minetype,coal,,coal,,210,,,,,,
GAZP5,site,gazp,5,1,minetype,coal,,coal,,211,,,,,,
GAZP5,site,gazp,5,1,minetype,coal,,coal,,212,,,,,,
GAZP5,site,gazp,5,1,minetype,coal,,coal,,213,,,,,,
GAZP5,site,gazp,5,1,minetype,coal,,coal,,214,,,,,,
GAZP5,site,gazp,5,1,minetype,coal,,coal,,215,,,,,,
GAZP5,site,gazp,5,1,minetype,coal,,coal,,216,,,,,,
GAZP5,site,gazp,5,1,minetype,coal,,coal,,217,,,,,,
GAZP5,site,gazp,5,1,minetype,coal,,coal,,218,,,,,,
GAZP5,site,gazp,5,1,minetype,coal,,coal,,219,,,,,,
GAZP5,site,gazp,5,1,minetype,coal,,coal,,220,,,,,,
GAZP5,site,gazp,5,1,minetype,coal,,coal,,221,,,,,,
GAZP5,site,gazp,5,1,minetype,coal,,coal,,222,,,,,,
GAZP5,site,gazp,5,1,minetype,coal,,coal,,223,,,,,,
GAZP5,site,gazp,5,1,minetype,coal,,coal,,224,,,,,,
GAZP5,site,gazp,5,1,minetype,coal,,coal,,225,,,,,,
GAZP5,site,gazp,5,1,minetype,coal,,coal,,226,,,,,,
GAZP5,site,gazp,5,1,minetype,coal,,coal,,227,,,,,,
GAZP5,site,gazp,5,1,minetype,coal,,coal,,228,,,,,,
GAZP5,site,gazp,5,1,minetype,coal,,coal,,229,,,,,,
GAZP5,site,gazp,5,1,minetype,coal,,coal,,230,,,,,,
GAZP5,site,gazp,5,1,minetype,coal,,coal,,231,,,,,,
GAZP5,site,gazp,5,1,minetype,coal,,coal,,232,,,,,,
GAZP5,site,gazp,5,1,minetype,coal,,coal,,233,,,,,,
GAZP5,site,gazp,5,1,minetype,coal,,coal,,234,,,,,,
GAZP5,site,gazp,5,1,minetype,coal,,coal,,235,,,,,,
GAZP5,site,gazp,5,1,minetype,coal,,coal,,236,,,,,,
GAZP5,site,gazp,5,1,minetype,coal,,coal,,237,,,,,,
GAZP5,site,gazp,5,1,minetype,coal,,coal,,238,,,,,,
GAZP5,site,gazp,5,1,minetype,coal,,coal,,239,,,,,,
GAZP5,site,gazp,5,1,minetype,coal,,coal,,240,,,,,,
GAZP5,site,gazp,5,1,minetype,coal,,coal,,241,,,,,,
GAZP5,site,gazp,5,1,minetype,coal,,coal,,242,,,,,,
GAZP5,site,gazp,5,1,minetype,coal,,coal,,243,,,,,,
GAZP5,site,gazp,5,1,minetype,coal,,coal,,244,,,,,,
GAZP5,site,gazp,5,1,minetype,coal,,coal,,245,,,,,,
GAZP5,site,gazp,5,1,minetype,coal,,coal,,246,,,,,,
GAZP5,site,gazp,5,1,minetype,coal,,coal,,247,,,,,,
GAZP5,site,gazp,5,1,minetype,coal,,coal,,248,,,,,,
GAZP5,site,gazp,5,1,minetype,coal,,coal,,249,,,,,,
GAZP5,site,gazp,5,1,minetype,coal,,coal,,250,,,,,,
GAZP5,site,gazp,5,1,minetype,coal,,coal,,251,,,,,,
GAZP5,site,gazp,5,1,minetype,coal,,coal,,252,,,,,,
GAZP5,site,gazp,5,1,minetype,coal,,coal,,253,,,,,,
GAZP5,site,gazp,5,1,minetype,coal,,coal,,254,,,,,,
GAZP5,site,gazp,5,1,minetype,coal,,coal,,255,,,,,,
GAZP5,site,gazp,5,1,minetype,coal,,coal,,256,,,,,,
GAZP5,site,gazp,5,1,minetype,coal,,coal,,257,,,,,,
GAZP5,site,gazp,5,1,minetype,coal,,coal,,258,,,,,,
GAZP5,site,gazp,5,1,minetype,coal,,coal,,259,,,,,,
GAZP5,site,gazp,5,1,minetype,coal,,coal,,260,,,,,,
GAZP5,site,gazp,5,1,minetype,coal,,coal,,261,,,,,,
GAZP5,site,gazp,5,1,minetype,coal,,coal,,262,,,,,,
GAZP5,site,gazp,5,1,minetype,coal,,coal,,263,,,,,,
GAZP5,site,gazp,5,1,minetype,coal,,coal,,264,,,,,,
GAZP5,site,gazp,5,1,minetype,coal,,coal,,265,,,,,,
GAZP5,site,gazp,5,1,minetype,coal,,coal,,266,,,,,,
GAZP5,site,gazp,5,1,minetype,coal,,coal,,267,,,,,,
GAZP5,site,gazp,5,1,minetype,coal,,coal,,268,,,,,,
GAZP5,site,gazp,5,1,minetype,coal,,coal,,269,,,,,,
GAZP5,site,gazp,5,1,minetype,coal,,coal,,270,,,,,,
GAZP5,site,gazp,5,1,minetype,coal,,coal,,271,,,,,,
GAZP5,site,gazp,5,1,minetype,coal,,coal,,272,,,,,,
GAZP5,site,gazp,5,1,minetype,coal,,coal,,273,,,,,,
GAZP5,site,gazp,5,1,minetype,coal,,coal,,274,,,,,,
GAZP5,site,gazp,5,1,minetype,coal,,coal,,275,,,,,,
GAZP5,site,gazp,5,1,minetype,coal,,coal,,276,,,,,,
GAZP5,site,gazp,5,1,minetype,coal,,coal,,277,,,,,,
GAZP5,site,gazp,5,1,minetype,coal,,coal,,278,,,,,,
GAZP5,site,gazp,5,1,minetype,coal,,coal,,279,,,,,,
GAZP5,site,gazp,5,1,minetype,coal,,coal,,280,,,,,,
GAZP5,site,gazp,5,1,minetype,coal,,coal,,281,,,,,,
GAZP5,site,gazp,5,1,minetype,coal,,coal,,282,,,,,,
GAZP5,site,gazp,5,1,minetype,coal,,coal,,283,,,,,,
GAZP5,site,gazp,5,1,minetype,coal,,coal,,284,,,,,,
GAZP5,site,gazp,5,1,minetype,coal,,coal,,285,,,,,,
GAZP5,site,gazp,5,1,minetype,coal,,coal,,286,,,,,,
GAZP5,site,gazp,5,1,minetype,coal,,coal,,287,,,,,,
GAZP5,site,gazp,5,1,minetype,coal,,coal,,288,,,,,,
GAZP5,site,gazp,5,1,minetype,coal,,coal,,289,,,,,,
GAZP5,site,gazp,5,1,minetype,coal,,coal,,290,,,,,,
GAZP5,site,gazp,5,1,minetype,coal,,coal,,291,,,,,,
GAZP5,site,gazp,5,1,minetype,coal,,coal,,292,,,,,,
GAZP5,site,gazp,5,1,minetype,coal,,coal,,293,,,,,,
GAZP5,site,gazp,5,1,minetype,coal,,coal,,294,,,,,,
GAZP5,site,gazp,5,1,minetype,coal,,coal,,295,,,,,,
GAZP5,site,gazp,5,1,minetype,coal,,coal,,296,,,,,,
GAZP5,site,gazp,5,1,minetype,coal,,coal,,297,,,,,,
GAZP5,site,gazp,5,1,minetype,coal,,coal,,298,,,,,,
GAZP5,site,gazp,5,1,minetype,coal,,coal,,299,,,,,,
GAZP5,site,gazp,5,1,minetype,coal,,coal,,300,,,,,,
GAZP5,site,gazp,5,1,minetype,coal,,coal,,301,,,,,,
GAZP5,site,gazp,5,1,minetype,coal,,coal,,302,,,,,,
GAZP5,site,gazp,5,1,minetype,coal,,coal,,303,,,,,,
GAZP5,site,gazp,5,1,minetype,coal,,coal,,304,,,,,,
GAZP5,site,gazp,5,1,minetype,coal,,coal,,305,,,,,,
GAZP5,site,gazp,5,1,minetype,coal,,coal,,306,,,,,,
GAZP5,site,gazp,5,1,minetype,coal,,coal,,307,,,,,,
GAZP5,site,gazp,5,1,minetype,coal,,coal,,308,,,,,,
GAZP5,site,gazp,5,1,minetype,coal,,coal,,309,,,,,,
GAZP5,site,gazp,5,1,minetype,coal,,coal,,310,,,,,,
GAZP5,site,gazp,5,1,minetype,coal,,coal,,311,,,,,,
GAZP5,site,gazp,5,1,minetype,coal,,coal,,312,,,,,,
GAZP5,site,gazp,5,1,minetype,coal,,coal,,313,,,,,,
GAZP5,site,gazp,5,1,minetype,coal,,coal,,314,,,,,,
GAZP5,site,gazp,5,1,minetype,coal,,coal,,315,,,,,,
GAZP5,site,gazp,5,1,minetype,coal,,coal,,316,,,,,,
GAZP5,site,gazp,5,1,minetype,coal,,coal,,317,,,,,,
GAZP5,site,gazp,5,1,minetype,coal,,coal,,318,,,,,,
GAZP5,site,gazp,5,1,minetype,coal,,coal,,319,,,,,,
GAZP5,site,gazp,5,1,minetype,coal,,coal,,320,,,,,,
GAZP5,site,gazp,5,1,minetype,coal,,coal,,321,,,,,,
GAZP5,site,gazp,5,1,minetype,coal,,coal,,322,,,,,,
GAZP5,site,gazp,5,1,minetype,coal,,coal,,323,,,,,,
GAZP5,site,gazp,5,1,minetype,coal,,coal,,324,,,,,,
GAZP5,site,gazp,5,1,minetype,coal,,coal,,325,,,,,,
GAZP5,site,gazp,5,1,minetype,coal,,coal,,326,,,,,,
GAZP5,site,gazp,5,1,minetype,coal,,coal,,327,,,,,,
GAZP5,site,gazp,5,1,minetype,coal,,coal,,328,,,,,,
GAZP5,site,gazp,5,1,minetype,coal,,coal,,329,,,,,,
GAZP5,site,gazp,5,1,minetype,coal,,coal,,330,,,,,,
GAZP5,site,gazp,5,1,minetype,coal,,coal,,331,,,,,,
GAZP5,site,gazp,5,1,minetype,coal,,coal,,332,,,,,,
GAZP5,site,gazp,5,1,minetype,coal,,coal,,333,,,,,,
GAZP5,site,gazp,5,1,minetype,coal,,coal,,334,,,,,,
GAZP5,site,gazp,5,1,minetype,coal,,coal,,335,,,,,,
GAZP5,site,gazp,5,1,minetype,coal,,coal,,336,,,,,,
GAZP5,site,gazp,5,1,minetype,coal,,coal,,337,,,,,,
GAZP5,site,gazp,5,1,minetype,coal,,coal,,338,,,,,,
GAZP5,site,gazp,5,1,minetype,coal,,coal,,339,,,,,,
GAZP5,site,gazp,5,1,minetype,coal,,coal,,340,,,,,,
GAZP5,site,gazp,5,1,minetype,coal,,coal,,341,,,,,,
GAZP5,site,gazp,5,1,minetype,coal,,coal,,342,,,,,,
GAZP5,site,gazp,5,1,minetype,coal,,coal,,343,,,,,,
GAZP5,site,gazp,5,1,minetype,coal,,coal,,344,,,,,,
GAZP5,site,gazp,5,1,minetype,coal,,coal,,345,,,,,,
GAZP5,site,gazp,5,1,minetype,coal,,coal,,346,,,,,,
GAZP5,site,gazp,5,1,minetype,coal,,coal,,347,,,,,,
GAZP5,site,gazp,5,1,minetype,coal,,coal,,348,,,,,,
GAZP5,site,gazp,5,1,minetype,coal,,coal,,349,,,,,,
GAZP5,site,gazp,5,1,minetype,coal,,coal,,350,,,,,,
GAZP5,site,gazp,5,1,minetype,coal,,coal,,351,,,,,,
GAZP5,site,gazp,5,1,minetype,coal,,coal,,352,,,,,,
GAZP5,site,gazp,5,1,minetype,coal,,coal,,353,,,,,,
GAZP5,site,gazp,5,1,minetype,coal,,coal,,354,,,,,,
GAZP5,site,gazp,5,1,minetype,coal,,coal,,355,,,,,,
GAZP5,site,gazp,5,1,minetype,coal,,coal,,356,,,,,,
GAZP5,site,gazp,5,1,minetype,coal,,coal,,357,,,,,,
GAZP5,site,gazp,5,1,minetype,coal,,coal,,358,,,,,,
GAZP5,site,gazp,5,1,minetype,coal,,coal,,359,,,,,,
GAZP5,site,gazp,5,1,minetype,coal,,coal,,360,,,,,,
GAZP5,site,gazp,5,1,minetype,coal,,coal,,361,,,,,,
GAZP5,site,gazp,5,1,minetype,coal,,coal,,362,,,,,,
GAZP5,site,gazp,5,1,minetype,coal,,coal,,363,,,,,,
GAZP5,site,gazp,5,1,minetype,coal,,coal,,364,,,,,,
GAZP5,site,gazp,5,1,minetype,coal,,coal,,365,,,,,,
GAZP5,site,gazp,5,1,minetype,coal,,coal,,366,,,,,,
GAZP5,site,gazp,5,1,minetype,coal,,coal,,367,,,,,,
GAZP5,site,gazp,5,1,minetype,coal,,coal,,368,,,,,,
GAZP5,site,gazp,5,1,minetype,coal,,coal,,369,,,,,,
GAZP5,treatments,gazp,,1,othertreatments,cover crop,,cover crop,,,5_100,,0,application method,broadcast,
GAZP5,treatments,gazp,,1,othertreatments,cover crop,,cover crop,,,5_100,,0,growth medium,topsoil,
GAZP5,treatments,gazp,,1,othertreatments,cover crop,,cover crop,,,5_101,,0,application method,broadcast,
GAZP5,treatments,gazp,,1,othertreatments,cover crop,,cover crop,,,5_101,,0,growth medium,haul,
GAZP5,treatments,gazp,,1,othertreatments,cover crop,,cover crop,,,5_101,,0,growth medium,topsoil,
GAZP5,treatments,gazp,,1,othertreatments,cover crop,,cover crop,,,5_102,,0,application method,broadcast,
GAZP5,treatments,gazp,,1,othertreatments,cover crop,,cover crop,,,5_102,,0,growth medium,topsoil,
GAZP5,treatments,gazp,,1,othertreatments,cover crop,,cover crop,,,5_103,,0,application method,broadcast,
GAZP5,treatments,gazp,,1,othertreatments,cover crop,,cover crop,,,5_103,,0,bed prep,ripping,
GAZP5,treatments,gazp,,1,othertreatments,cover crop,,cover crop,,,5_103,,0,growth medium,haul,
GAZP5,treatments,gazp,,1,othertreatments,cover crop,,cover crop,,,5_103,,0,growth medium,topsoil,
GAZP5,treatments,gazp,,1,othertreatments,cover crop,,cover crop,,,5_104,,0,application method,broadcast,
GAZP5,treatments,gazp,,1,othertreatments,cover crop,,cover crop,,,5_104,,0,bed prep,ripping,
GAZP5,treatments,gazp,,1,othertreatments,cover crop,,cover crop,,,5_104,,0,growth medium,topsoil,
GAZP5,treatments,gazp,,1,othertreatments,cover crop,,cover crop,,,5_105,,0,application method,broadcast,
GAZP5,treatments,gazp,,1,othertreatments,cover crop,,cover crop,,,5_105,,0,bed prep,ripping,
GAZP5,treatments,gazp,,1,othertreatments,cover crop,,cover crop,,,5_105,,0,growth medium,topsoil,
GAZP5,treatments,gazp,,1,othertreatments,cover crop,,cover crop,,,5_106,,0,application method,broadcast,
GAZP5,treatments,gazp,,1,othertreatments,cover crop,,cover crop,,,5_106,,0,bed prep,ripping,
GAZP5,treatments,gazp,,1,othertreatments,cover crop,,cover crop,,,5_106,,0,growth medium,haul,
GAZP5,treatments,gazp,,1,othertreatments,cover crop,,cover crop,,,5_106,,0,growth medium,topsoil,
GAZP5,treatments,gazp,,1,othertreatments,cover crop,,cover crop,,,5_107,,0,application method,broadcast,
GAZP5,treatments,gazp,,1,othertreatments,cover crop,,cover crop,,,5_107,,0,bed prep,ripping,
GAZP5,treatments,gazp,,1,othertreatments,cover crop,,cover crop,,,5_107,,0,growth medium,scoria,
GAZP5,treatments,gazp,,1,othertreatments,cover crop,,cover crop,,,5_108,,0,application method,broadcast,
GAZP5,treatments,gazp,,1,othertreatments,cover crop,,cover crop,,,5_108,,0,bed prep,scarification,
GAZP5,treatments,gazp,,1,othertreatments,cover crop,,cover crop,,,5_108,,0,growth medium,haul,
GAZP5,treatments,gazp,,1,othertreatments,cover crop,,cover crop,,,5_108,,0,growth medium,topsoil,
GAZP5,treatments,gazp,,1,othertreatments,cover crop,,cover crop,,,5_110,,0,application method,broadcast,
GAZP5,treatments,gazp,,1,othertreatments,cover crop,,cover crop,,,5_110,,0,bed prep,scarification,
GAZP5,treatments,gazp,,1,othertreatments,cover crop,,cover crop,,,5_110,,0,growth medium,topsoil,
GAZP5,treatments,gazp,,1,othertreatments,cover crop,,cover crop,,,5_111,,0,application method,broadcast,
GAZP5,treatments,gazp,,1,othertreatments,cover crop,,cover crop,,,5_111,,0,application method,hand,
GAZP5,treatments,gazp,,1,othertreatments,cover crop,,cover crop,,,5_111,,0,bed prep,scarification,
GAZP5,treatments,gazp,,1,othertreatments,cover crop,,cover crop,,,5_111,,0,growth medium,topsoil,
GAZP5,treatments,gazp,,1,othertreatments,cover crop,,cover crop,,,5_112,,0,application method,broadcast,
GAZP5,treatments,gazp,,1,othertreatments,cover crop,,cover crop,,,5_112,,0,bed prep,scarification,
GAZP5,treatments,gazp,,1,othertreatments,cover crop,,cover crop,,,5_112,,0,growth medium,topsoil,
GAZP5,treatments,gazp,,1,othertreatments,cover crop,,cover crop,,,5_113,,0,application method,broadcast,
GAZP5,treatments,gazp,,1,othertreatments,cover crop,,cover crop,,,5_113,,0,bed prep,scarification,
GAZP5,treatments,gazp,,1,othertreatments,cover crop,,cover crop,,,5_113,,0,growth medium,haul,
GAZP5,treatments,gazp,,1,othertreatments,cover crop,,cover crop,,,5_113,,0,growth medium,topsoil,
GAZP5,treatments,gazp,,1,othertreatments,cover crop,,cover crop,,,5_114,,0,application method,broadcast,
GAZP5,treatments,gazp,,1,othertreatments,cover crop,,cover crop,,,5_114,,0,bed prep,ripping,
GAZP5,treatments,gazp,,1,othertreatments,cover crop,,cover crop,,,5_114,,0,growth medium,haul,
GAZP5,treatments,gazp,,1,othertreatments,cover crop,,cover crop,,,5_114,,0,growth medium,topsoil,
GAZP5,treatments,gazp,,1,othertreatments,cover crop,,cover crop,,,5_116,,0,application method,broadcast,
GAZP5,treatments,gazp,,1,othertreatments,cover crop,,cover crop,,,5_116,,0,application method,drill,
GAZP5,treatments,gazp,,1,othertreatments,cover crop,,cover crop,,,5_116,,0,bed prep,harrowing,
GAZP5,treatments,gazp,,1,othertreatments,cover crop,,cover crop,,,5_116,,0,bed prep,scarification,
GAZP5,treatments,gazp,,1,othertreatments,cover crop,,cover crop,,,5_116,,0,growth medium,topsoil,
GAZP5,treatments,gazp,,1,othertreatments,cover crop,,cover crop,,,5_117,,0,application method,unknown,
GAZP5,treatments,gazp,,1,othertreatments,cover crop,,cover crop,,,5_117,,0,bed prep,discing,
GAZP5,treatments,gazp,,1,othertreatments,cover crop,,cover crop,,,5_117,,0,bed prep,harrowing,
GAZP5,treatments,gazp,,1,othertreatments,cover crop,,cover crop,,,5_117,,0,bed prep,scarification,
GAZP5,treatments,gazp,,1,othertreatments,cover crop,,cover crop,,,5_117,,0,growth medium,haul,
GAZP5,treatments,gazp,,1,othertreatments,cover crop,,cover crop,,,5_117,,0,growth medium,topsoil,
GAZP5,treatments,gazp,,1,othertreatments,cover crop,,cover crop,,,5_120,,0,application method,drill,
GAZP5,treatments,gazp,,1,othertreatments,cover crop,,cover crop,,,5_120,,0,bed prep,scarification,
GAZP5,treatments,gazp,,1,othertreatments,cover crop,,cover crop,,,5_120,,0,growth medium,haul,
GAZP5,treatments,gazp,,1,othertreatments,cover crop,,cover crop,,,5_120,,0,growth medium,topsoil,
GAZP5,treatments,gazp,,1,othertreatments,cover crop,,cover crop,,,5_121,,0,application method,drill,
GAZP5,treatments,gazp,,1,othertreatments,cover crop,,cover crop,,,5_121,,0,bed prep,scarification,
GAZP5,treatments,gazp,,1,othertreatments,cover crop,,cover crop,,,5_121,,0,growth medium,haul,
GAZP5,treatments,gazp,,1,othertreatments,cover crop,,cover crop,,,5_121,,0,growth medium,topsoil,
GAZP5,treatments,gazp,,1,othertreatments,cover crop,,cover crop,,,5_122,,0,application method,broadcast,
GAZP5,treatments,gazp,,1,othertreatments,cover crop,,cover crop,,,5_122,,0,application method,drill,
GAZP5,treatments,gazp,,1,othertreatments,cover crop,,cover crop,,,5_122,,0,bed prep,scarification,
GAZP5,treatments,gazp,,1,othertreatments,cover crop,,cover crop,,,5_122,,0,growth medium,haul,
GAZP5,treatments,gazp,,1,othertreatments,cover crop,,cover crop,,,5_122,,0,growth medium,topsoil,
GAZP5,treatments,gazp,,1,othertreatments,cover crop,,cover crop,,,5_125,,0,application method,unknown,
GAZP5,treatments,gazp,,1,othertreatments,cover crop,,cover crop,,,5_125,,0,bed prep,discing,
GAZP5,treatments,gazp,,1,othertreatments,cover crop,,cover crop,,,5_125,,0,bed prep,harrowing,
GAZP5,treatments,gazp,,1,othertreatments,cover crop,,cover crop,,,5_125,,0,bed prep,scarification,
GAZP5,treatments,gazp,,1,othertreatments,cover crop,,cover crop,,,5_125,,0,growth medium,haul,
GAZP5,treatments,gazp,,1,othertreatments,cover crop,,cover crop,,,5_125,,0,growth medium,topsoil,
GAZP5,treatments,gazp,,1,othertreatments,cover crop,,cover crop,,,5_126,,0,application method,unknown,
GAZP5,treatments,gazp,,1,othertreatments,cover crop,,cover crop,,,5_126,,0,bed prep,discing,
GAZP5,treatments,gazp,,1,othertreatments,cover crop,,cover crop,,,5_126,,0,bed prep,harrowing,
GAZP5,treatments,gazp,,1,othertreatments,cover crop,,cover crop,,,5_126,,0,bed prep,scarification,
GAZP5,treatments,gazp,,1,othertreatments,cover crop,,cover crop,,,5_126,,0,growth medium,haul,
GAZP5,treatments,gazp,,1,othertreatments,cover crop,,cover crop,,,5_127,,0,application method,unknown,
GAZP5,treatments,gazp,,1,othertreatments,cover crop,,cover crop,,,5_127,,0,bed prep,discing,
GAZP5,treatments,gazp,,1,othertreatments,cover crop,,cover crop,,,5_127,,0,bed prep,harrowing,
GAZP5,treatments,gazp,,1,othertreatments,cover crop,,cultipack,,,5_127,,0,bed prep,scarification,
GAZP5,treatments,gazp,,1,othertreatments,cover crop,,cultipack,,,5_127,,0,growth medium,haul,
GAZP5,treatments,gazp,,1,othertreatments,cover crop,,cover crop,,,5_129,,0,application method,broadcast,
GAZP5,treatments,gazp,,1,othertreatments,cover crop,,cover crop,,,5_129,,0,bed prep,scarification,
GAZP5,treatments,gazp,,1,othertreatments,cover crop,,cultipack,,,5_129,,0,growth medium,haul,
GAZP5,treatments,gazp,,1,othertreatments,cover crop,,cultipack,,,5_130,,0,application method,broadcast,
GAZP5,treatments,gazp,,1,othertreatments,cover crop,,cultipack,,,5_130,,0,bed prep,scarification,
GAZP5,treatments,gazp,,1,othertreatments,cover crop,,cultipack,,,5_130,,0,growth medium,haul,
GAZP5,treatments,gazp,,1,othertreatments,cover crop,,cultipack,,,5_131,,0,application method,broadcast,
GAZP5,treatments,gazp,,1,othertreatments,cover crop,,cultipack,,,5_131,,0,application method,drill,
GAZP5,treatments,gazp,,1,othertreatments,cover crop,,cultipack,,,5_131,,0,bed prep,ripping,
GAZP5,treatments,gazp,,1,othertreatments,cover crop,,cultipack,,,5_131,,0,growth medium,haul,
GAZP5,treatments,gazp,,1,othertreatments,cover crop,,cultipack,,,5_131,,0,growth medium,topsoil,
GAZP5,treatments,gazp,,1,othertreatments,cover crop,,cultipack,,,5_132,,0,application method,broadcast,
GAZP5,treatments,gazp,,1,othertreatments,cover crop,,cultipack,,,5_132,,0,bed prep,ripping,
GAZP5,treatments,gazp,,1,othertreatments,cover crop,,cultipack,,,5_132,,0,growth medium,haul,
GAZP5,treatments,gazp,,1,othertreatments,cover crop,,cultipack,,,5_132,,0,growth medium,topsoil,
GAZP5,treatments,gazp,,1,othertreatments,cover crop,,cultipack,,,5_134,,0,application method,unknown,
GAZP5,treatments,gazp,,1,othertreatments,cover crop,,cultipack,,,5_134,,0,growth medium,topsoil,
GAZP5,treatments,gazp,,1,othertreatments,cover crop,,cultipack,,,5_135,,0,application method,unknown,
GAZP5,treatments,gazp,,1,othertreatments,cover crop,,cultipack,,,5_135,,0,bed prep,discing,
GAZP5,treatments,gazp,,1,othertreatments,cover crop,,cultipack,,,5_135,,0,bed prep,harrowing,
GAZP5,treatments,gazp,,1,othertreatments,cover crop,,cultipack,,,5_135,,0,bed prep,scarification,
GAZP5,treatments,gazp,,1,othertreatments,cover crop,,cultipack,,,5_135,,0,growth medium,scoria,
GAZP5,treatments,gazp,,1,othertreatments,cover crop,,cultipack,,,5_135,,0,growth medium,topsoil,
GAZP5,treatments,gazp,,1,othertreatments,cover crop,,cultipack,,,5_136,,0,application method,unknown,
GAZP5,treatments,gazp,,1,othertreatments,cover crop,,cultipack,,,5_136,,0,growth medium,topsoil,
GAZP5,treatments,gazp,,1,othertreatments,cover crop,,cultipack,,,5_137,,0,application method,unknown,
GAZP5,treatments,gazp,,1,othertreatments,cover crop,,cultipack,,,5_137,,0,bed prep,discing,
GAZP5,treatments,gazp,,1,othertreatments,cover crop,,cultipack,,,5_137,,0,bed prep,harrowing,
GAZP5,treatments,gazp,,1,othertreatments,cover crop,,cultipack,,,5_137,,0,bed prep,scarification,
GAZP5,treatments,gazp,,1,othertreatments,cover crop,,cultipack,,,5_137,,0,growth medium,scoria,
GAZP5,treatments,gazp,,1,othertreatments,cover crop,,cultipack,,,5_137,,0,growth medium,topsoil,
GAZP5,treatments,gazp,,1,othertreatments,cover crop,,cultipack,,,5_138,,0,application method,unknown,
GAZP5,treatments,gazp,,1,othertreatments,cover crop,,cultipack,,,5_138,,0,bed prep,discing,
GAZP5,treatments,gazp,,1,othertreatments,cover crop,,cultipack,,,5_138,,0,bed prep,harrowing,
GAZP5,treatments,gazp,,1,othertreatments,cover crop,,cultipack,,,5_138,,0,bed prep,scarification,
GAZP5,treatments,gazp,,1,othertreatments,cover crop,,cultipack,,,5_138,,0,growth medium,topsoil,
GAZP5,treatments,gazp,,1,othertreatments,cover crop,,cultipack,,,5_140,,0,application method,broadcast,
GAZP5,treatments,gazp,,1,othertreatments,cover crop,,cultipack,,,5_140,,0,bed prep,ripping,
GAZP5,treatments,gazp,,1,othertreatments,cover crop,,cultipack,,,5_140,,0,growth medium,topsoil,
GAZP5,treatments,gazp,,1,othertreatments,cover crop,,cultipack,,,5_141,,0,application method,broadcast,
GAZP5,treatments,gazp,,1,othertreatments,cover crop,,cultipack,,,5_141,,0,bed prep,ripping,
GAZP5,treatments,gazp,,1,othertreatments,cover crop,,cultipack,,,5_141,,0,growth medium,topsoil,
GAZP5,treatments,gazp,,1,othertreatments,cover crop,,cultipack,,,5_142,,0,application method,broadcast,
GAZP5,treatments,gazp,,1,othertreatments,cover crop,,cultipack,,,5_142,,0,bed prep,ripping,
GAZP5,treatments,gazp,,1,othertreatments,cover crop,,cultipack,,,5_142,,0,growth medium,topsoil,
GAZP5,treatments,gazp,,1,othertreatments,cultipack,,cultipack,,,5_149,,0,application method,broadcast,
GAZP5,treatments,gazp,,1,othertreatments,cultipack,,cultipack,,,5_149,,0,application method,drill,
GAZP5,treatments,gazp,,1,othertreatments,cultipack,,cultipack,,,5_149,,0,bed prep,discing,
GAZP5,treatments,gazp,,1,othertreatments,cultipack,,cultipack,,,5_149,,0,bed prep,packing,
GAZP5,treatments,gazp,,1,othertreatments,cultipack,,cultipack,,,5_149,,0,growth medium,haul,
GAZP5,treatments,gazp,,1,othertreatments,cultipack,,cultipack,,,5_149,,0,growth medium,topsoil,
GAZP5,treatments,gazp,,1,othertreatments,cover crop,,cultipack,,,5_15,,0,application method,broadcast,
GAZP5,treatments,gazp,,1,othertreatments,cover crop,,cultipack,,,5_15,,0,application method,drill,
GAZP5,treatments,gazp,,1,othertreatments,cover crop,,cultipack,,,5_15,,0,bed prep,ripping,
GAZP5,treatments,gazp,,1,othertreatments,cover crop,,cultipack,,,5_15,,0,growth medium,topsoil,
GAZP5,treatments,gazp,,1,othertreatments,cultipack,,cultipack,,,5_150,,0,application method,broadcast,
GAZP5,treatments,gazp,,1,othertreatments,cultipack,,cultipack,,,5_150,,0,bed prep,discing,
GAZP5,treatments,gazp,,1,othertreatments,cultipack,,cultipack,,,5_150,,0,bed prep,packing,
GAZP5,treatments,gazp,,1,othertreatments,cultipack,,cultipack,,,5_150,,0,growth medium,haul,
GAZP5,treatments,gazp,,1,othertreatments,cultipack,,cultipack,,,5_150,,0,growth medium,topsoil,
GAZP5,treatments,gazp,,1,othertreatments,cultipack,,cover crop,,,5_151,,0,application method,broadcast,
GAZP5,treatments,gazp,,1,othertreatments,cultipack,,cover crop,,,5_151,,0,bed prep,discing,
GAZP5,treatments,gazp,,1,othertreatments,cultipack,,cover crop,,,5_151,,0,bed prep,packing,
GAZP5,treatments,gazp,,1,othertreatments,cultipack,,cultipack,,,5_151,,0,growth medium,haul,
GAZP5,treatments,gazp,,1,othertreatments,cultipack,,cultipack,,,5_151,,0,growth medium,topsoil,
GAZP5,treatments,gazp,,1,othertreatments,cultipack,,cultipack,,,5_152,,0,application method,broadcast,
GAZP5,treatments,gazp,,1,othertreatments,cultipack,,cultipack,,,5_152,,0,application method,drill,
GAZP5,treatments,gazp,,1,othertreatments,cultipack,,cultipack,,,5_152,,0,bed prep,discing,
GAZP5,treatments,gazp,,1,othertreatments,cultipack,,cultipack,,,5_152,,0,bed prep,packing,
GAZP5,treatments,gazp,,1,othertreatments,cultipack,,cultipack,,,5_152,,0,growth medium,haul,
GAZP5,treatments,gazp,,1,othertreatments,cultipack,,cultipack,,,5_152,,0,growth medium,topsoil,
GAZP5,treatments,gazp,,1,othertreatments,cultipack,,cultipack,,,5_153,,0,application method,broadcast,
GAZP5,treatments,gazp,,1,othertreatments,cultipack,,cultipack,,,5_153,,0,bed prep,discing,
GAZP5,treatments,gazp,,1,othertreatments,cultipack,,cultipack,,,5_153,,0,bed prep,packing,
GAZP5,treatments,gazp,,1,othertreatments,cultipack,,cultipack,,,5_153,,0,growth medium,topsoil,
GAZP5,treatments,gazp,,1,othertreatments,cultipack,,cultipack,,,5_155,,0,application method,broadcast,
GAZP5,treatments,gazp,,1,othertreatments,cultipack,,cultipack,,,5_155,,0,application method,drill,
GAZP5,treatments,gazp,,1,othertreatments,cultipack,,cultipack,,,5_155,,0,bed prep,discing,
GAZP5,treatments,gazp,,1,othertreatments,cultipack,,cultipack,,,5_155,,0,bed prep,packing,
GAZP5,treatments,gazp,,1,othertreatments,cultipack,,cultipack,,,5_155,,0,growth medium,haul,
GAZP5,treatments,gazp,,1,othertreatments,cultipack,,cultipack,,,5_155,,0,growth medium,topsoil,
GAZP5,treatments,gazp,,1,othertreatments,cultipack,,cultipack,,,5_156,,0,application method,broadcast,
GAZP5,treatments,gazp,,1,othertreatments,cultipack,,cultipack,,,5_156,,0,bed prep,discing,
GAZP5,treatments,gazp,,1,othertreatments,cultipack,,cultipack,,,5_156,,0,bed prep,packing,
GAZP5,treatments,gazp,,1,othertreatments,cultipack,,cultipack,,,5_156,,0,growth medium,haul,
GAZP5,treatments,gazp,,1,othertreatments,cultipack,,cultipack,,,5_156,,0,growth medium,topsoil,
GAZP5,treatments,gazp,,1,othertreatments,cultipack,,cultipack,,,5_157,,0,application method,broadcast,
GAZP5,treatments,gazp,,1,othertreatments,cultipack,,cultipack,,,5_157,,0,bed prep,discing,
GAZP5,treatments,gazp,,1,othertreatments,cultipack,,cultipack,,,5_157,,0,bed prep,packing,
GAZP5,treatments,gazp,,1,othertreatments,cultipack,,cultipack,,,5_157,,0,growth medium,haul,
GAZP5,treatments,gazp,,1,othertreatments,cultipack,,cultipack,,,5_157,,0,growth medium,topsoil,
GAZP5,treatments,gazp,,1,othertreatments,cultipack,,cultipack,,,5_158,,0,application method,broadcast,
GAZP5,treatments,gazp,,1,othertreatments,cultipack,,cultipack,,,5_158,,0,application method,drill,
GAZP5,treatments,gazp,,1,othertreatments,cultipack,,cultipack,,,5_158,,0,bed prep,discing,
GAZP5,treatments,gazp,,1,othertreatments,cultipack,,cultipack,,,5_158,,0,bed prep,packing,
GAZP5,treatments,gazp,,1,othertreatments,cultipack,,cultipack,,,5_158,,0,growth medium,topsoil,
GAZP5,treatments,gazp,,1,othertreatments,cultipack,,cover crop,,,5_159,,0,application method,broadcast,
GAZP5,treatments,gazp,,1,othertreatments,cultipack,,cover crop,,,5_159,,0,bed prep,discing,
GAZP5,treatments,gazp,,1,othertreatments,cultipack,,cover crop,,,5_159,,0,bed prep,packing,
GAZP5,treatments,gazp,,1,othertreatments,cultipack,,cultipack,,,5_159,,0,growth medium,haul,
GAZP5,treatments,gazp,,1,othertreatments,cover crop,,cultipack,,,5_16,,0,application method,broadcast,
GAZP5,treatments,gazp,,1,othertreatments,cover crop,,cultipack,,,5_16,,0,application method,drill,
GAZP5,treatments,gazp,,1,othertreatments,cover crop,,cultipack,,,5_16,,0,bed prep,ripping,
GAZP5,treatments,gazp,,1,othertreatments,cover crop,,cultipack,,,5_16,,0,growth medium,topsoil,
GAZP5,treatments,gazp,,1,othertreatments,cultipack,,cultipack,,,5_160,,0,application method,broadcast,
GAZP5,treatments,gazp,,1,othertreatments,cultipack,,cultipack,,,5_160,,0,bed prep,discing,
GAZP5,treatments,gazp,,1,othertreatments,cultipack,,cultipack,,,5_160,,0,bed prep,packing,
GAZP5,treatments,gazp,,1,othertreatments,cultipack,,cultipack,,,5_160,,0,growth medium,topsoil,
GAZP5,treatments,gazp,,1,othertreatments,cultipack,,cultipack,,,5_161,,0,application method,broadcast,
GAZP5,treatments,gazp,,1,othertreatments,cultipack,,cultipack,,,5_161,,0,bed prep,discing,
GAZP5,treatments,gazp,,1,othertreatments,cultipack,,cultipack,,,5_161,,0,bed prep,packing,
GAZP5,treatments,gazp,,1,othertreatments,cultipack,,cultipack,,,5_161,,0,growth medium,haul,
GAZP5,treatments,gazp,,1,othertreatments,cultipack,,cultipack,,,5_161,,0,growth medium,topsoil,
GAZP5,treatments,gazp,,1,othertreatments,cultipack,,cultipack,,,5_162,,0,application method,broadcast,
GAZP5,treatments,gazp,,1,othertreatments,cultipack,,cultipack,,,5_162,,0,bed prep,discing,
GAZP5,treatments,gazp,,1,othertreatments,cultipack,,cultipack,,,5_162,,0,bed prep,packing,
GAZP5,treatments,gazp,,1,othertreatments,cultipack,,cultipack,,,5_162,,0,growth medium,haul,
GAZP5,treatments,gazp,,1,othertreatments,cultipack,,cultipack,,,5_162,,0,growth medium,topsoil,
GAZP5,treatments,gazp,,1,othertreatments,cultipack,,cultipack,,,5_163,,0,application method,broadcast,
GAZP5,treatments,gazp,,1,othertreatments,cultipack,,cultipack,,,5_163,,0,bed prep,discing,
GAZP5,treatments,gazp,,1,othertreatments,cultipack,,cultipack,,,5_163,,0,bed prep,packing,
GAZP5,treatments,gazp,,1,othertreatments,cultipack,,cultipack,,,5_163,,0,growth medium,haul,
GAZP5,treatments,gazp,,1,othertreatments,cultipack,,cultipack,,,5_163,,0,growth medium,topsoil,
GAZP5,treatments,gazp,,1,othertreatments,cultipack,,cultipack,,,5_164,,0,application method,broadcast,
GAZP5,treatments,gazp,,1,othertreatments,cultipack,,cultipack,,,5_164,,0,bed prep,discing,
GAZP5,treatments,gazp,,1,othertreatments,cultipack,,cultipack,,,5_164,,0,bed prep,packing,
GAZP5,treatments,gazp,,1,othertreatments,cultipack,,cultipack,,,5_164,,0,growth medium,haul,
GAZP5,treatments,gazp,,1,othertreatments,cultipack,,cultipack,,,5_164,,0,growth medium,topsoil,
GAZP5,treatments,gazp,,1,othertreatments,cultipack,,cultipack,,,5_165,,0,application method,broadcast,
GAZP5,treatments,gazp,,1,othertreatments,cultipack,,cultipack,,,5_165,,0,bed prep,discing,
GAZP5,treatments,gazp,,1,othertreatments,cultipack,,cultipack,,,5_165,,0,bed prep,packing,
GAZP5,treatments,gazp,,1,othertreatments,cultipack,,cultipack,,,5_165,,0,growth medium,haul,
GAZP5,treatments,gazp,,1,othertreatments,cultipack,,cultipack,,,5_165,,0,growth medium,topsoil,
GAZP5,treatments,gazp,,1,othertreatments,cultipack,,cultipack,,,5_166,,0,application method,broadcast,
GAZP5,treatments,gazp,,1,othertreatments,cultipack,,cultipack,,,5_166,,0,bed prep,discing,
GAZP5,treatments,gazp,,1,othertreatments,cultipack,,cultipack,,,5_166,,0,bed prep,packing,
GAZP5,treatments,gazp,,1,othertreatments,cultipack,,cultipack,,,5_166,,0,growth medium,haul,
GAZP5,treatments,gazp,,1,othertreatments,cultipack,,cultipack,,,5_166,,0,growth medium,topsoil,
GAZP5,treatments,gazp,,1,othertreatments,cultipack,,cultipack,,,5_167,,0,application method,broadcast,
GAZP5,treatments,gazp,,1,othertreatments,cultipack,,cultipack,,,5_167,,0,bed prep,discing,
GAZP5,treatments,gazp,,1,othertreatments,cultipack,,cultipack,,,5_167,,0,bed prep,packing,
GAZP5,treatments,gazp,,1,othertreatments,cultipack,,cultipack,,,5_167,,0,growth medium,haul,
GAZP5,treatments,gazp,,1,othertreatments,cultipack,,cultipack,,,5_167,,0,growth medium,topsoil,
GAZP5,treatments,gazp,,1,othertreatments,cultipack,,cultipack,,,5_168,,0,application method,broadcast,
GAZP5,treatments,gazp,,1,othertreatments,cultipack,,cultipack,,,5_168,,0,bed prep,discing,
GAZP5,treatments,gazp,,1,othertreatments,cultipack,,cultipack,,,5_168,,0,bed prep,packing,
GAZP5,treatments,gazp,,1,othertreatments,cultipack,,cultipack,,,5_168,,0,growth medium,topsoil,
GAZP5,treatments,gazp,,1,othertreatments,cultipack,,cultipack,,,5_169,,0,application method,broadcast,
GAZP5,treatments,gazp,,1,othertreatments,cultipack,,cover crop,,,5_169,,0,bed prep,discing,
GAZP5,treatments,gazp,,1,othertreatments,cultipack,,cover crop,,,5_169,,0,bed prep,packing,
GAZP5,treatments,gazp,,1,othertreatments,cultipack,,cover crop,,,5_169,,0,growth medium,haul,
GAZP5,treatments,gazp,,1,othertreatments,cultipack,,cultipack,,,5_169,,0,growth medium,topsoil,
GAZP5,treatments,gazp,,1,othertreatments,cover crop,,cultipack,,,5_17,,0,application method,broadcast,
GAZP5,treatments,gazp,,1,othertreatments,cover crop,,cultipack,,,5_17,,0,application method,drill,
GAZP5,treatments,gazp,,1,othertreatments,cover crop,,cultipack,,,5_17,,0,growth medium,topsoil,
GAZP5,treatments,gazp,,1,othertreatments,cultipack,,cultipack,,,5_170,,0,application method,broadcast,
GAZP5,treatments,gazp,,1,othertreatments,cultipack,,cultipack,,,5_170,,0,bed prep,discing,
GAZP5,treatments,gazp,,1,othertreatments,cultipack,,cultipack,,,5_170,,0,bed prep,packing,
GAZP5,treatments,gazp,,1,othertreatments,cultipack,,cultipack,,,5_170,,0,growth medium,haul,
GAZP5,treatments,gazp,,1,othertreatments,cultipack,,cultipack,,,5_170,,0,growth medium,topsoil,
GAZP5,treatments,gazp,,1,othertreatments,cultipack,,cultipack,,,5_171,,0,application method,broadcast,
GAZP5,treatments,gazp,,1,othertreatments,cultipack,,cultipack,,,5_171,,0,bed prep,discing,
GAZP5,treatments,gazp,,1,othertreatments,cultipack,,cultipack,,,5_171,,0,bed prep,packing,
GAZP5,treatments,gazp,,1,othertreatments,cultipack,,cultipack,,,5_171,,0,growth medium,haul,
GAZP5,treatments,gazp,,1,othertreatments,cultipack,,cultipack,,,5_171,,0,growth medium,topsoil,
GAZP5,treatments,gazp,,1,othertreatments,cultipack,,cultipack,,,5_172,,0,application method,broadcast,
GAZP5,treatments,gazp,,1,othertreatments,cultipack,,cultipack,,,5_172,,0,bed prep,discing,
GAZP5,treatments,gazp,,1,othertreatments,cultipack,,cultipack,,,5_172,,0,bed prep,packing,
GAZP5,treatments,gazp,,1,othertreatments,cultipack,,cultipack,,,5_172,,0,growth medium,topsoil,
GAZP5,treatments,gazp,,1,othertreatments,cultipack,,cultipack,,,5_173,,0,application method,broadcast,
GAZP5,treatments,gazp,,1,othertreatments,cultipack,,cultipack,,,5_173,,0,bed prep,discing,
GAZP5,treatments,gazp,,1,othertreatments,cultipack,,cover crop,,,5_173,,0,bed prep,packing,
GAZP5,treatments,gazp,,1,othertreatments,cultipack,,cover crop,,,5_173,,0,growth medium,topsoil,
GAZP5,treatments,gazp,,1,othertreatments,cultipack,,cover crop,,,5_175,,0,application method,broadcast,
GAZP5,treatments,gazp,,1,othertreatments,cultipack,,cover crop,,,5_175,,0,bed prep,discing,
GAZP5,treatments,gazp,,1,othertreatments,cultipack,,cover crop,,,5_175,,0,bed prep,packing,
GAZP5,treatments,gazp,,1,othertreatments,cultipack,,cover crop,,,5_175,,0,growth medium,topsoil,
GAZP5,treatments,gazp,,1,othertreatments,cultipack,,cover crop,,,5_176,,0,application method,broadcast,
GAZP5,treatments,gazp,,1,othertreatments,cultipack,,cover crop,,,5_176,,0,application method,drill,
GAZP5,treatments,gazp,,1,othertreatments,cultipack,,cover crop,,,5_176,,0,bed prep,discing,
GAZP5,treatments,gazp,,1,othertreatments,cultipack,,cover crop,,,5_176,,0,bed prep,packing,
GAZP5,treatments,gazp,,1,othertreatments,cultipack,,cover crop,,,5_176,,0,growth medium,topsoil,
GAZP5,treatments,gazp,,1,othertreatments,cultipack,,cover crop,,,5_177,,0,application method,broadcast,
GAZP5,treatments,gazp,,1,othertreatments,cultipack,,cover crop,,,5_177,,0,application method,drill,
GAZP5,treatments,gazp,,1,othertreatments,cultipack,,cover crop,,,5_177,,0,bed prep,discing,
GAZP5,treatments,gazp,,1,othertreatments,cultipack,,cover crop,,,5_177,,0,bed prep,packing,
GAZP5,treatments,gazp,,1,othertreatments,cultipack,,cover crop,,,5_177,,0,growth medium,topsoil,
GAZP5,treatments,gazp,,1,othertreatments,cultipack,,cover crop,,,5_179,,0,application method,broadcast,
GAZP5,treatments,gazp,,1,othertreatments,cultipack,,cover crop,,,5_179,,0,application method,drill,
GAZP5,treatments,gazp,,1,othertreatments,cultipack,,cover crop,,,5_179,,0,bed prep,discing,
GAZP5,treatments,gazp,,1,othertreatments,cultipack,,cover crop,,,5_179,,0,bed prep,packing,
GAZP5,treatments,gazp,,1,othertreatments,cultipack,,cover crop,,,5_179,,0,growth medium,topsoil,
GAZP5,treatments,gazp,,1,othertreatments,cover crop,,cover crop,,,5_18,,0,application method,broadcast,
GAZP5,treatments,gazp,,1,othertreatments,cover crop,,cover crop,,,5_18,,0,application method,drill,
GAZP5,treatments,gazp,,1,othertreatments,cover crop,,cover crop,,,5_18,,0,growth medium,topsoil,
GAZP5,treatments,gazp,,1,othertreatments,cultipack,,cover crop,,,5_180,,0,application method,broadcast,
GAZP5,treatments,gazp,,1,othertreatments,cultipack,,cover crop,,,5_180,,0,application method,drill,
GAZP5,treatments,gazp,,1,othertreatments,cultipack,,cover crop,,,5_180,,0,bed prep,discing,
GAZP5,treatments,gazp,,1,othertreatments,cultipack,,cover crop,,,5_180,,0,bed prep,packing,
GAZP5,treatments,gazp,,1,othertreatments,cultipack,,cover crop,,,5_180,,0,growth medium,topsoil,
GAZP5,treatments,gazp,,1,othertreatments,cultipack,,cover crop,,,5_181,,0,application method,broadcast,
GAZP5,treatments,gazp,,1,othertreatments,cultipack,,cover crop,,,5_181,,0,application method,drill,
GAZP5,treatments,gazp,,1,othertreatments,cultipack,,cover crop,,,5_181,,0,bed prep,discing,
GAZP5,treatments,gazp,,1,othertreatments,cultipack,,cover crop,,,5_181,,0,bed prep,packing,
GAZP5,treatments,gazp,,1,othertreatments,cultipack,,cover crop,,,5_181,,0,growth medium,topsoil,
GAZP5,treatments,gazp,,1,othertreatments,cultipack,,cover crop,,,5_182,,0,application method,broadcast,
GAZP5,treatments,gazp,,1,othertreatments,cultipack,,cover crop,,,5_182,,0,application method,drill,
GAZP5,treatments,gazp,,1,othertreatments,cultipack,,cover crop,,,5_182,,0,bed prep,discing,
GAZP5,treatments,gazp,,1,othertreatments,cultipack,,cover crop,,,5_182,,0,bed prep,packing,
GAZP5,treatments,gazp,,1,othertreatments,cultipack,,cover crop,,,5_182,,0,growth medium,topsoil,
GAZP5,treatments,gazp,,1,othertreatments,cultipack,,cover crop,,,5_183,,0,application method,drill,
GAZP5,treatments,gazp,,1,othertreatments,cultipack,,cover crop,,,5_183,,0,bed prep,discing,
GAZP5,treatments,gazp,,1,othertreatments,cultipack,,cover crop,,,5_183,,0,bed prep,packing,
GAZP5,treatments,gazp,,1,othertreatments,cultipack,,cover crop,,,5_183,,0,growth medium,topsoil,
GAZP5,treatments,gazp,,1,othertreatments,cultipack,,cover crop,,,5_184,,0,application method,broadcast,
GAZP5,treatments,gazp,,1,othertreatments,cultipack,,cover crop,,,5_184,,0,application method,drill,
GAZP5,treatments,gazp,,1,othertreatments,cultipack,,cover crop,,,5_184,,0,bed prep,discing,
GAZP5,treatments,gazp,,1,othertreatments,cultipack,,cover crop,,,5_184,,0,bed prep,packing,
GAZP5,treatments,gazp,,1,othertreatments,cultipack,,cover crop,,,5_184,,0,growth medium,topsoil,
GAZP5,treatments,gazp,,1,othertreatments,cultipack,,cover crop,,,5_185,,0,application method,broadcast,
GAZP5,treatments,gazp,,1,othertreatments,cultipack,,cover crop,,,5_185,,0,application method,drill,
GAZP5,treatments,gazp,,1,othertreatments,cultipack,,cover crop,,,5_185,,0,bed prep,discing,
GAZP5,treatments,gazp,,1,othertreatments,cultipack,,cover crop,,,5_185,,0,bed prep,packing,
GAZP5,treatments,gazp,,1,othertreatments,cultipack,,cover crop,,,5_185,,0,growth medium,topsoil,
GAZP5,treatments,gazp,,1,othertreatments,cultipack,,cover crop,,,5_186,,0,application method,broadcast,
GAZP5,treatments,gazp,,1,othertreatments,cultipack,,cover crop,,,5_186,,0,application method,drill,
GAZP5,treatments,gazp,,1,othertreatments,cultipack,,cover crop,,,5_186,,0,bed prep,discing,
GAZP5,treatments,gazp,,1,othertreatments,cultipack,,cover crop,,,5_186,,0,bed prep,packing,
GAZP5,treatments,gazp,,1,othertreatments,cultipack,,cover crop,,,5_186,,0,growth medium,topsoil,
GAZP5,treatments,gazp,,1,othertreatments,cultipack,,cover crop,,,5_187,,0,application method,broadcast,
GAZP5,treatments,gazp,,1,othertreatments,cultipack,,cover crop,,,5_187,,0,application method,drill,
GAZP5,treatments,gazp,,1,othertreatments,cultipack,,cover crop,,,5_187,,0,bed prep,discing,
GAZP5,treatments,gazp,,1,othertreatments,cultipack,,cover crop,,,5_187,,0,bed prep,packing,
GAZP5,treatments,gazp,,1,othertreatments,cultipack,,cover crop,,,5_187,,0,growth medium,topsoil,
GAZP5,treatments,gazp,,1,othertreatments,cultipack,,cover crop,,,5_188,,0,application method,broadcast,
GAZP5,treatments,gazp,,1,othertreatments,cultipack,,cover crop,,,5_188,,0,application method,drill,
GAZP5,treatments,gazp,,1,othertreatments,cultipack,,cover crop,,,5_188,,0,bed prep,discing,
GAZP5,treatments,gazp,,1,othertreatments,cultipack,,cover crop,,,5_188,,0,bed prep,packing,
GAZP5,treatments,gazp,,1,othertreatments,cultipack,,cover crop,,,5_188,,0,growth medium,topsoil,
GAZP5,treatments,gazp,,1,othertreatments,cultipack,,cover crop,,,5_189,,0,application method,broadcast,
GAZP5,treatments,gazp,,1,othertreatments,cultipack,,cover crop,,,5_189,,0,application method,drill,
GAZP5,treatments,gazp,,1,othertreatments,cultipack,,cover crop,,,5_189,,0,bed prep,discing,
GAZP5,treatments,gazp,,1,othertreatments,cultipack,,cover crop,,,5_189,,0,bed prep,packing,
GAZP5,treatments,gazp,,1,othertreatments,cultipack,,cover crop,,,5_189,,0,growth medium,topsoil,
GAZP5,treatments,gazp,,1,othertreatments,cover crop,,cover crop,,,5_19,,0,application method,broadcast,
GAZP5,treatments,gazp,,1,othertreatments,cover crop,,cover crop,,,5_19,,0,application method,drill,
GAZP5,treatments,gazp,,1,othertreatments,cover crop,,cover crop,,,5_19,,0,growth medium,topsoil,
GAZP5,treatments,gazp,,1,othertreatments,cultipack,,cover crop,,,5_190,,0,application method,broadcast,
GAZP5,treatments,gazp,,1,othertreatments,cultipack,,cover crop,,,5_190,,0,application method,drill,
GAZP5,treatments,gazp,,1,othertreatments,cultipack,,cover crop,,,5_190,,0,bed prep,discing,
GAZP5,treatments,gazp,,1,othertreatments,cultipack,,cover crop,,,5_190,,0,bed prep,packing,
GAZP5,treatments,gazp,,1,othertreatments,cultipack,,cover crop,,,5_190,,0,growth medium,topsoil,
GAZP5,treatments,gazp,,1,othertreatments,cultipack,,cover crop,,,5_191,,0,application method,broadcast,
GAZP5,treatments,gazp,,1,othertreatments,cultipack,,cover crop,,,5_191,,0,application method,drill,
GAZP5,treatments,gazp,,1,othertreatments,cultipack,,cover crop,,,5_191,,0,bed prep,discing,
GAZP5,treatments,gazp,,1,othertreatments,cultipack,,cover crop,,,5_191,,0,bed prep,packing,
GAZP5,treatments,gazp,,1,othertreatments,cultipack,,cover crop,,,5_191,,0,growth medium,haul,
GAZP5,treatments,gazp,,1,othertreatments,cultipack,,cover crop,,,5_192,,0,application method,broadcast,
GAZP5,treatments,gazp,,1,othertreatments,cultipack,,cover crop,,,5_192,,0,application method,drill,
GAZP5,treatments,gazp,,1,othertreatments,cultipack,,cover crop,,,5_192,,0,bed prep,discing,
GAZP5,treatments,gazp,,1,othertreatments,cultipack,,cover crop,,,5_192,,0,bed prep,packing,
GAZP5,treatments,gazp,,1,othertreatments,cultipack,,cover crop,,,5_192,,0,growth medium,haul,
GAZP5,treatments,gazp,,1,othertreatments,cultipack,,cover crop,,,5_193,,0,application method,broadcast,
GAZP5,treatments,gazp,,1,othertreatments,cultipack,,cover crop,,,5_193,,0,application method,drill,
GAZP5,treatments,gazp,,1,othertreatments,cultipack,,cover crop,,,5_193,,0,bed prep,discing,
GAZP5,treatments,gazp,,1,othertreatments,cultipack,,cover crop,,,5_193,,0,bed prep,packing,
GAZP5,treatments,gazp,,1,othertreatments,cultipack,,cover crop,,,5_193,,0,growth medium,topsoil,
GAZP5,treatments,gazp,,1,othertreatments,cover crop,,cover crop,,,5_2,,0,application method,drill,
GAZP5,treatments,gazp,,1,othertreatments,cover crop,,cover crop,,,5_2,,0,bed prep,discing,
GAZP5,treatments,gazp,,1,othertreatments,cover crop,,cover crop,,,5_2,,0,bed prep,harrowing,
GAZP5,treatments,gazp,,1,othertreatments,cover crop,,cover crop,,,5_2,,0,bed prep,scarification,
GAZP5,treatments,gazp,,1,othertreatments,cover crop,,cover crop,,,5_2,,0,growth medium,haul,
GAZP5,treatments,gazp,,1,othertreatments,cover crop,,cover crop,,,5_20,,0,application method,broadcast,
GAZP5,treatments,gazp,,1,othertreatments,cover crop,,cover crop,,,5_20,,0,application method,drill,
GAZP5,treatments,gazp,,1,othertreatments,cover crop,,cover crop,,,5_20,,0,growth medium,topsoil,
GAZP5,treatments,gazp,,1,othertreatments,cover crop,,cover crop,,,5_21,,0,application method,broadcast,
GAZP5,treatments,gazp,,1,othertreatments,cover crop,,cover crop,,,5_21,,0,application method,drill,
GAZP5,treatments,gazp,,1,othertreatments,cover crop,,cover crop,,,5_21,,0,growth medium,topsoil,
GAZP5,treatments,gazp,,1,othertreatments,cover crop,,cover crop,,,5_24,,0,application method,broadcast,
GAZP5,treatments,gazp,,1,othertreatments,cover crop,,cover crop,,,5_24,,0,application method,drill,
GAZP5,treatments,gazp,,1,othertreatments,cover crop,,cover crop,,,5_24,,0,growth medium,spoil,
GAZP5,treatments,gazp,,1,othertreatments,cover crop,,cover crop,,,5_25,,0,application method,broadcast,
GAZP5,treatments,gazp,,1,othertreatments,cover crop,,cover crop,,,5_25,,0,application method,drill,
GAZP5,treatments,gazp,,1,othertreatments,cover crop,,cover crop,,,5_25,,0,bed prep,ripping,
GAZP5,treatments,gazp,,1,othertreatments,cover crop,,cover crop,,,5_25,,0,growth medium,topsoil,
GAZP5,treatments,gazp,,1,othertreatments,cover crop,,cover crop,,,5_26,,0,application method,broadcast,
GAZP5,treatments,gazp,,1,othertreatments,cover crop,,cover crop,,,5_26,,0,application method,drill,
GAZP5,treatments,gazp,,1,othertreatments,cover crop,,cover crop,,,5_26,,0,bed prep,ripping,
GAZP5,treatments,gazp,,1,othertreatments,cover crop,,cover crop,,,5_26,,0,growth medium,topsoil,
GAZP5,treatments,gazp,,1,othertreatments,cover crop,,,,,5_3,,0,application method,drill,
GAZP5,treatments,gazp,,1,othertreatments,cover crop,,,,,5_3,,0,bed prep,discing,
GAZP5,treatments,gazp,,1,othertreatments,cover crop,,,,,5_3,,0,bed prep,harrowing,
GAZP5,treatments,gazp,,1,othertreatments,cover crop,,,,,5_3,,0,bed prep,scarification,
GAZP5,treatments,gazp,,1,othertreatments,cover crop,,,,,5_3,,0,growth medium,haul,
GAZP5,treatments,gazp,,1,othertreatments,cover crop,,,,,5_3,,0,growth medium,topsoil,
GAZP5,treatments,gazp,,1,othertreatments,cover crop,,,,,5_4,,0,application method,drill,
GAZP5,treatments,gazp,,1,othertreatments,cover crop,,,,,5_4,,0,bed prep,discing,
GAZP5,treatments,gazp,,1,othertreatments,cover crop,,,,,5_4,,0,bed prep,harrowing,
GAZP5,treatments,gazp,,1,othertreatments,cover crop,,,,,5_4,,0,bed prep,scarification,
GAZP5,treatments,gazp,,1,othertreatments,cover crop,,,,,5_4,,0,growth medium,haul,
GAZP5,treatments,gazp,,1,othertreatments,cover crop,,,,,5_4,,0,growth medium,topsoil,
GAZP5,treatments,gazp,,1,othertreatments,cover crop,,,,,5_41,,0,application method,unknown,
GAZP5,treatments,gazp,,1,othertreatments,cover crop,,,,,5_41,,0,bed prep,discing,
GAZP5,treatments,gazp,,1,othertreatments,cover crop,,,,,5_41,,0,bed prep,harrowing,
GAZP5,treatments,gazp,,1,othertreatments,cover crop,,,,,5_41,,0,bed prep,scarification,
GAZP5,treatments,gazp,,1,othertreatments,cover crop,,,,,5_41,,0,growth medium,topsoil,
GAZP5,treatments,gazp,,1,othertreatments,cover crop,,,,,5_42,,0,application method,unknown,
GAZP5,treatments,gazp,,1,othertreatments,cover crop,,,,,5_42,,0,growth medium,haul,
GAZP5,treatments,gazp,,1,othertreatments,cover crop,,,,,5_42,,0,growth medium,topsoil,
GAZP5,treatments,gazp,,1,othertreatments,cover crop,,,,,5_47,,0,application method,broadcast,
GAZP5,treatments,gazp,,1,othertreatments,cover crop,,,,,5_47,,0,application method,drill,
GAZP5,treatments,gazp,,1,othertreatments,cover crop,,,,,5_47,,0,bed prep,scarification,
GAZP5,treatments,gazp,,1,othertreatments,cover crop,,,,,5_47,,0,growth medium,topsoil,
GAZP5,treatments,gazp,,1,othertreatments,cover crop,,,,,5_48,,0,application method,broadcast,
GAZP5,treatments,gazp,,1,othertreatments,cover crop,,,,,5_48,,0,application method,drill,
GAZP5,treatments,gazp,,1,othertreatments,cover crop,,,,,5_48,,0,bed prep,scarification,
GAZP5,treatments,gazp,,1,othertreatments,cover crop,,,,,5_48,,0,growth medium,topsoil,
GAZP5,treatments,gazp,,1,othertreatments,cover crop,,,,,5_49,,0,application method,drill,
GAZP5,treatments,gazp,,1,othertreatments,cover crop,,,,,5_49,,0,bed prep,harrowing,
GAZP5,treatments,gazp,,1,othertreatments,cover crop,,,,,5_49,,0,bed prep,scarification,
GAZP5,treatments,gazp,,1,othertreatments,cover crop,,,,,5_49,,0,growth medium,topsoil,
GAZP5,treatments,gazp,,1,othertreatments,cover crop,,,,,5_5,,0,application method,drill,
GAZP5,treatments,gazp,,1,othertreatments,cover crop,,,,,5_5,,0,bed prep,discing,
GAZP5,treatments,gazp,,1,othertreatments,cover crop,,,,,5_5,,0,bed prep,harrowing,
GAZP5,treatments,gazp,,1,othertreatments,cover crop,,,,,5_5,,0,bed prep,scarification,
GAZP5,treatments,gazp,,1,othertreatments,cover crop,,,,,5_5,,0,growth medium,haul,
GAZP5,treatments,gazp,,1,othertreatments,cover crop,,,,,5_5,,0,growth medium,topsoil,
GAZP5,treatments,gazp,,1,othertreatments,cover crop,,,,,5_6,,0,application method,drill,
GAZP5,treatments,gazp,,1,othertreatments,cover crop,,,,,5_6,,0,bed prep,discing,
GAZP5,treatments,gazp,,1,othertreatments,cover crop,,,,,5_6,,0,bed prep,harrowing,
GAZP5,treatments,gazp,,1,othertreatments,cover crop,,,,,5_6,,0,bed prep,scarification,
GAZP5,treatments,gazp,,1,othertreatments,cover crop,,,,,5_6,,0,growth medium,haul,
GAZP5,treatments,gazp,,1,othertreatments,cover crop,,,,,5_6,,0,growth medium,topsoil,
GAZP5,treatments,gazp,,1,othertreatments,cover crop,,,,,5_62,,0,application method,drill,
GAZP5,treatments,gazp,,1,othertreatments,cover crop,,,,,5_62,,0,bed prep,discing,
GAZP5,treatments,gazp,,1,othertreatments,cover crop,,,,,5_62,,0,bed prep,harrowing,
GAZP5,treatments,gazp,,1,othertreatments,cover crop,,,,,5_62,,0,bed prep,scarification,
GAZP5,treatments,gazp,,1,othertreatments,cover crop,,,,,5_62,,0,growth medium,haul,
GAZP5,treatments,gazp,,1,othertreatments,cover crop,,,,,5_63,,0,application method,unknown,
GAZP5,treatments,gazp,,1,othertreatments,cover crop,,,,,5_63,,0,bed prep,discing,
GAZP5,treatments,gazp,,1,othertreatments,cover crop,,,,,5_63,,0,bed prep,harrowing,
GAZP5,treatments,gazp,,1,othertreatments,cover crop,,,,,5_63,,0,bed prep,scarification,
GAZP5,treatments,gazp,,1,othertreatments,cover crop,,,,,5_63,,0,growth medium,topsoil,
GAZP5,treatments,gazp,,1,othertreatments,cover crop,,,,,5_74,,0,application method,broadcast,
GAZP5,treatments,gazp,,1,othertreatments,cover crop,,,,,5_74,,0,bed prep,scarification,
GAZP5,treatments,gazp,,1,othertreatments,cover crop,,,,,5_74,,0,growth medium,haul,
GAZP5,treatments,gazp,,1,othertreatments,cover crop,,,,,5_75,,0,application method,broadcast,
GAZP5,treatments,gazp,,1,othertreatments,cover crop,,,,,5_75,,0,application method,drill,
GAZP5,treatments,gazp,,1,othertreatments,cover crop,,,,,5_75,,0,bed prep,scarification,
GAZP5,treatments,gazp,,1,othertreatments,cover crop,,,,,5_75,,0,growth medium,haul,
GAZP5,treatments,gazp,,1,othertreatments,cover crop,,,,,5_75,,0,growth medium,topsoil,
GAZP5,treatments,gazp,,1,othertreatments,cover crop,,,,,5_77,,0,application method,broadcast,
GAZP5,treatments,gazp,,1,othertreatments,cover crop,,,,,5_77,,0,application method,drill,
GAZP5,treatments,gazp,,1,othertreatments,cover crop,,,,,5_77,,0,bed prep,scarification,
GAZP5,treatments,gazp,,1,othertreatments,cover crop,,,,,5_77,,0,growth medium,haul,
GAZP5,treatments,gazp,,1,othertreatments,cover crop,,,,,5_77,,0,growth medium,topsoil,
GAZP5,treatments,gazp,,1,othertreatments,cover crop,,,,,5_78,,0,application method,broadcast,
GAZP5,treatments,gazp,,1,othertreatments,cover crop,,,,,5_78,,0,application method,drill,
GAZP5,treatments,gazp,,1,othertreatments,cover crop,,,,,5_78,,0,bed prep,scarification,
GAZP5,treatments,gazp,,1,othertreatments,cover crop,,,,,5_78,,0,growth medium,haul,
GAZP5,treatments,gazp,,1,othertreatments,cover crop,,,,,5_78,,0,growth medium,topsoil,
GAZP5,treatments,gazp,,1,othertreatments,cover crop,,,,,5_79,,0,application method,broadcast,
GAZP5,treatments,gazp,,1,othertreatments,cover crop,,,,,5_79,,0,bed prep,scarification,
GAZP5,treatments,gazp,,1,othertreatments,cover crop,,,,,5_79,,0,growth medium,haul,
GAZP5,treatments,gazp,,1,othertreatments,cover crop,,,,,5_79,,0,growth medium,topsoil,
GAZP5,treatments,gazp,,1,othertreatments,cover crop,,,,,5_81,,0,application method,broadcast,
GAZP5,treatments,gazp,,1,othertreatments,cover crop,,,,,5_81,,0,application method,drill,
GAZP5,treatments,gazp,,1,othertreatments,cover crop,,,,,5_81,,0,bed prep,scarification,
GAZP5,treatments,gazp,,1,othertreatments,cover crop,,,,,5_81,,0,growth medium,topsoil,
GAZP5,treatments,gazp,,1,othertreatments,cover crop,,,,,5_82,,0,application method,broadcast,
GAZP5,treatments,gazp,,1,othertreatments,cover crop,,,,,5_82,,0,application method,drill,
GAZP5,treatments,gazp,,1,othertreatments,cover crop,,,,,5_82,,0,bed prep,scarification,
GAZP5,treatments,gazp,,1,othertreatments,cover crop,,,,,5_82,,0,growth medium,topsoil,
GAZP5,treatments,gazp,,1,othertreatments,cover crop,,,,,5_83,,0,application method,broadcast,
GAZP5,treatments,gazp,,1,othertreatments,cover crop,,,,,5_83,,0,application method,drill,
GAZP5,treatments,gazp,,1,othertreatments,cover crop,,,,,5_83,,0,bed prep,scarification,
GAZP5,treatments,gazp,,1,othertreatments,cover crop,,,,,5_83,,0,growth medium,topsoil,
GAZP5,treatments,gazp,,1,othertreatments,cover crop,,,,,5_84,,0,application method,broadcast,
GAZP5,treatments,gazp,,1,othertreatments,cover crop,,,,,5_84,,0,application method,drill,
GAZP5,treatments,gazp,,1,othertreatments,cover crop,,,,,5_84,,0,bed prep,scarification,
GAZP5,treatments,gazp,,1,othertreatments,cover crop,,,,,5_84,,0,growth medium,topsoil,
GAZP5,treatments,gazp,,1,othertreatments,cover crop,,,,,5_86,,0,application method,drill,
GAZP5,treatments,gazp,,1,othertreatments,cover crop,,,,,5_86,,0,bed prep,discing,
GAZP5,treatments,gazp,,1,othertreatments,cover crop,,,,,5_86,,0,bed prep,harrowing,
GAZP5,treatments,gazp,,1,othertreatments,cover crop,,,,,5_86,,0,bed prep,scarification,
GAZP5,treatments,gazp,,1,othertreatments,cover crop,,,,,5_86,,0,growth medium,haul,
GAZP5,treatments,gazp,,1,othertreatments,cover crop,,,,,5_87,,0,application method,broadcast,
GAZP5,treatments,gazp,,1,othertreatments,cover crop,,,,,5_87,,0,bed prep,ripping,
GAZP5,treatments,gazp,,1,othertreatments,cover crop,,,,,5_87,,0,growth medium,topsoil,
GAZP5,treatments,gazp,,1,othertreatments,cover crop,,,,,5_88,,0,application method,broadcast,
GAZP5,treatments,gazp,,1,othertreatments,cover crop,,,,,5_88,,0,application method,drill,
GAZP5,treatments,gazp,,1,othertreatments,cover crop,,,,,5_88,,0,bed prep,scarification,
GAZP5,treatments,gazp,,1,othertreatments,cover crop,,,,,5_88,,0,growth medium,haul,
GAZP5,treatments,gazp,,1,othertreatments,cover crop,,,,,5_88,,0,growth medium,topsoil,
GAZP5,treatments,gazp,,1,othertreatments,cover crop,,,,,5_92,,0,application method,broadcast,
GAZP5,treatments,gazp,,1,othertreatments,cover crop,,,,,5_92,,0,bed prep,scarification,
GAZP5,treatments,gazp,,1,othertreatments,cover crop,,,,,5_92,,0,growth medium,haul,
GAZP5,treatments,gazp,,1,othertreatments,cover crop,,,,,5_92,,0,growth medium,topsoil,
GAZP5,treatments,gazp,,1,othertreatments,cover crop,,,,,5_93,,0,application method,broadcast,
GAZP5,treatments,gazp,,1,othertreatments,cover crop,,,,,5_93,,0,bed prep,scarification,
GAZP5,treatments,gazp,,1,othertreatments,cover crop,,,,,5_93,,0,growth medium,haul,
GAZP5,treatments,gazp,,1,othertreatments,cover crop,,,,,5_93,,0,growth medium,topsoil,
GAZP5,treatments,gazp,,1,othertreatments,cover crop,,,,,5_94,,0,application method,broadcast,
GAZP5,treatments,gazp,,1,othertreatments,cover crop,,,,,5_94,,0,application method,drill,
GAZP5,treatments,gazp,,1,othertreatments,cover crop,,,,,5_94,,0,bed prep,scarification,
GAZP5,treatments,gazp,,1,othertreatments,cover crop,,,,,5_94,,0,growth medium,topsoil,
GAZP5,treatments,gazp,,1,othertreatments,cover crop,,,,,5_99,,0,application method,broadcast,
GAZP5,treatments,gazp,,1,othertreatments,cover crop,,,,,5_99,,0,growth medium,topsoil,
GAZP5,treatments,gazp,,1,treatment_amount,0.5,applied,0.75,applied,,5_10,,0,growth medium,topsoil,
GAZP5,treatments,gazp,,1,treatment_amount,0.5,applied,0.75,applied,,5_100,,0,growth medium,topsoil,
GAZP5,treatments,gazp,,1,treatment_amount,0.5,applied,0.10,applied,,5_101,,0,growth medium,topsoil,
GAZP5,treatments,gazp,,1,treatment_amount,0.5,applied,0.10,applied,,5_102,,0,growth medium,topsoil,
GAZP5,treatments,gazp,,1,treatment_amount,0.5,applied,0.25,applied,,5_103,,0,growth medium,topsoil,
GAZP5,treatments,gazp,,1,treatment_amount,0.1,applied,0.50,applied,,5_104,,0,growth medium,topsoil,
GAZP5,treatments,gazp,,1,treatment_amount,0.1,applied,0.10,applied,,5_105,,0,growth medium,topsoil,
GAZP5,treatments,gazp,,1,treatment_amount,0.3,applied,0.50,applied,,5_106,,0,growth medium,topsoil,
GAZP5,treatments,gazp,,1,treatment_amount,0.1,applied,0.50,applied,,5_108,,0,growth medium,topsoil,
GAZP5,treatments,gazp,,1,treatment_amount,0.5,applied,0.50,applied,,5_11,,0,growth medium,topsoil,
GAZP5,treatments,gazp,,1,treatment_amount,0.75,applied,0.50,applied,,5_110,,0,growth medium,topsoil,
GAZP5,treatments,gazp,,1,treatment_amount,0.75,applied,0.50,applied,,5_111,,0,growth medium,topsoil,
GAZP5,treatments,gazp,,1,treatment_amount,0.75,applied,1.50,applied,,5_112,,0,growth medium,topsoil,
GAZP5,treatments,gazp,,1,treatment_amount,0.1,applied,0.50,applied,,5_113,,0,growth medium,topsoil,
GAZP5,treatments,gazp,,1,treatment_amount,0.1,applied,0.50,applied,,5_114,,0,growth medium,topsoil,
GAZP5,treatments,gazp,,1,treatment_amount,0.1,applied,0.50,applied,,5_116,,0,growth medium,topsoil,
GAZP5,treatments,gazp,,1,treatment_amount,0.5,applied,0.30,applied,,5_117,,0,growth medium,topsoil,
GAZP5,treatments,gazp,,1,treatment_amount,0.1,applied,0.30,applied,,5_118,,0,growth medium,topsoil,
GAZP5,treatments,gazp,,1,treatment_amount,0.5,applied,0.50,applied,,5_12,,0,growth medium,topsoil,
GAZP5,treatments,gazp,,1,treatment_amount,0.25,applied,0.50,applied,,5_120,,0,growth medium,topsoil,
GAZP5,treatments,gazp,,1,treatment_amount,0.25,applied,0.50,applied,,5_121,,0,growth medium,topsoil,
GAZP5,treatments,gazp,,1,treatment_amount,0.25,applied,0.50,applied,,5_122,,0,growth medium,topsoil,
GAZP5,treatments,gazp,,1,treatment_amount,1,applied,0.50,applied,,5_123,,0,growth medium,topsoil,
GAZP5,treatments,gazp,,1,treatment_amount,0.1,applied,1.10,applied,,5_124,,0,growth medium,topsoil,
GAZP5,treatments,gazp,,1,treatment_amount,0.5,applied,0.20,applied,,5_125,,0,growth medium,topsoil,
GAZP5,treatments,gazp,,1,treatment_amount,0.5,applied,0.20,applied,,5_128,,0,growth medium,topsoil,
GAZP5,treatments,gazp,,1,treatment_amount,0.5,applied,0.50,applied,,5_13,,0,growth medium,topsoil,
GAZP5,treatments,gazp,,1,treatment_amount,0.1,applied,,,,5_131,,0,growth medium,topsoil,
GAZP5,treatments,gazp,,1,treatment_amount,0.1,applied,,,,5_132,,0,growth medium,topsoil,
GAZP5,treatments,gazp,,1,treatment_amount,0,applied,,,,5_133,,0,growth medium,topsoil,
GAZP5,treatments,gazp,,1,treatment_amount,0.5,applied,,,,5_134,,0,growth medium,topsoil,
GAZP5,treatments,gazp,,1,treatment_amount,0.5,applied,,,,5_135,,0,growth medium,topsoil,
GAZP5,treatments,gazp,,1,treatment_amount,0.5,applied,,,,5_136,,0,growth medium,topsoil,
GAZP5,treatments,gazp,,1,treatment_amount,0.5,applied,,,,5_137,,0,growth medium,topsoil,
GAZP5,treatments,gazp,,1,treatment_amount,0.5,applied,,,,5_138,,0,growth medium,topsoil,
GAZP5,treatments,gazp,,1,treatment_amount,0.5,applied,,,,5_139,,0,growth medium,topsoil,
GAZP5,treatments,gazp,,1,treatment_amount,0.5,applied,,,,5_14,,0,growth medium,topsoil,
GAZP5,treatments,gazp,,1,treatment_amount,0.5,applied,,,,5_140,,0,growth medium,topsoil,
GAZP5,treatments,gazp,,1,treatment_amount,0.5,applied,,,,5_141,,0,growth medium,topsoil,
GAZP5,treatments,gazp,,1,treatment_amount,0.5,applied,,,,5_142,,0,growth medium,topsoil,
GAZP5,treatments,gazp,,1,treatment_amount,0,applied,,,,5_146,,0,growth medium,topsoil,
GAZP5,treatments,gazp,,1,treatment_amount,0,applied,,,,5_147,,0,growth medium,topsoil,
GAZP5,treatments,gazp,,1,treatment_amount,2.5,applied,,,,5_148,,0,growth medium,topsoil,
GAZP5,treatments,gazp,,1,treatment_amount,1.5,applied,,,,5_149,,0,growth medium,topsoil,
GAZP5,treatments,gazp,,1,treatment_amount,0.6,applied,,,,5_15,,0,growth medium,topsoil,
GAZP5,treatments,gazp,,1,treatment_amount,0.5,applied,,,,5_150,,0,growth medium,topsoil,
GAZP5,treatments,gazp,,1,treatment_amount,4,applied,,,,5_151,,0,growth medium,topsoil,
GAZP5,treatments,gazp,,1,treatment_amount,6,applied,,,,5_152,,0,growth medium,topsoil,
GAZP5,treatments,gazp,,1,treatment_amount,0.5,applied,,,,5_153,,0,growth medium,topsoil,
GAZP5,treatments,gazp,,1,treatment_amount,0.25,applied,,,,5_154,,0,growth medium,topsoil,
GAZP5,treatments,gazp,,1,treatment_amount,0.5,applied,,,,5_155,,0,growth medium,topsoil,
GAZP5,treatments,gazp,,1,treatment_amount,0.5,applied,,,,5_156,,0,growth medium,topsoil,
GAZP5,treatments,gazp,,1,treatment_amount,0.5,applied,,,,5_157,,0,growth medium,topsoil,
GAZP5,treatments,gazp,,1,treatment_amount,0.5,applied,,,,5_158,,0,growth medium,topsoil,
GAZP5,treatments,gazp,,1,treatment_amount,0.6,applied,,,,5_16,,0,growth medium,topsoil,
GAZP5,treatments,gazp,,1,treatment_amount,0.5,applied,,,,5_160,,0,growth medium,topsoil,
GAZP5,treatments,gazp,,1,treatment_amount,0.5,applied,,,,5_161,,0,growth medium,topsoil,
GAZP5,treatments,gazp,,1,treatment_amount,0.5,applied,,,,5_162,,0,growth medium,topsoil,
GAZP5,treatments,gazp,,1,treatment_amount,1.5,applied,,,,5_163,,0,growth medium,topsoil,
GAZP5,treatments,gazp,,1,treatment_amount,0.5,applied,,,,5_164,,0,growth medium,topsoil,
GAZP5,treatments,gazp,,1,treatment_amount,0.5,applied,,,,5_165,,0,growth medium,topsoil,
GAZP5,treatments,gazp,,1,treatment_amount,0.5,applied,,,,5_166,,0,growth medium,topsoil,
GAZP5,treatments,gazp,,1,treatment_amount,0.5,applied,,,,5_167,,0,growth medium,topsoil,
GAZP5,treatments,gazp,,1,treatment_amount,0.5,applied,,,,5_168,,0,growth medium,topsoil,
GAZP5,treatments,gazp,,1,treatment_amount,0.5,applied,,,,5_169,,0,growth medium,topsoil,
GAZP5,treatments,gazp,,1,treatment_amount,0.6,applied,,,,5_17,,0,growth medium,topsoil,
GAZP5,treatments,gazp,,1,treatment_amount,0.5,applied,,,,5_170,,0,growth medium,topsoil,
GAZP5,treatments,gazp,,1,treatment_amount,0.5,applied,,,,5_171,,0,growth medium,topsoil,
GAZP5,treatments,gazp,,1,treatment_amount,0.5,applied,,,,5_172,,0,growth medium,topsoil,
GAZP5,treatments,gazp,,1,treatment_amount,0.25,applied,,,,5_173,,0,growth medium,topsoil,
GAZP5,treatments,gazp,,1,treatment_amount,0.3,applied,,,,5_174,,0,growth medium,topsoil,
GAZP5,treatments,gazp,,1,treatment_amount,0.25,applied,,,,5_175,,0,growth medium,topsoil,
GAZP5,treatments,gazp,,1,treatment_amount,0.3,applied,,,,5_176,,0,growth medium,topsoil,
GAZP5,treatments,gazp,,1,treatment_amount,0.5,applied,,,,5_177,,0,growth medium,topsoil,
GAZP5,treatments,gazp,,1,treatment_amount,0.5,applied,,,,5_178,,0,growth medium,topsoil,
GAZP5,treatments,gazp,,1,treatment_amount,0.5,applied,,,,5_179,,0,growth medium,topsoil,
GAZP5,treatments,gazp,,1,treatment_amount,0.6,applied,,,,5_18,,0,growth medium,topsoil,
GAZP5,treatments,gazp,,1,treatment_amount,0.5,applied,,,,5_180,,0,growth medium,topsoil,
GAZP5,treatments,gazp,,1,treatment_amount,0.5,applied,,,,5_181,,0,growth medium,topsoil,
GAZP5,treatments,gazp,,1,treatment_amount,0.5,applied,,,,5_182,,0,growth medium,topsoil,
GAZP5,treatments,gazp,,1,treatment_amount,0.5,applied,,,,5_183,,0,growth medium,topsoil,
GAZP5,treatments,gazp,,1,treatment_amount,0.3,applied,,,,5_184,,0,growth medium,topsoil,
GAZP5,treatments,gazp,,1,treatment_amount,0.3,applied,,,,5_185,,0,growth medium,topsoil,
GAZP5,treatments,gazp,,1,treatment_amount,0.4,applied,,,,5_186,,0,growth medium,topsoil,
GAZP5,treatments,gazp,,1,treatment_amount,0.3,applied,,,,5_187,,0,growth medium,topsoil,
GAZP5,treatments,gazp,,1,treatment_amount,0.3,applied,,,,5_188,,0,growth medium,topsoil,
GAZP5,treatments,gazp,,1,treatment_amount,0.3,applied,,,,5_189,,0,growth medium,topsoil,
GAZP5,treatments,gazp,,1,treatment_amount,0.1,applied,,,,5_19,,0,growth medium,topsoil,
GAZP5,treatments,gazp,,1,treatment_amount,0.25,applied,,,,5_190,,0,growth medium,topsoil,
GAZP5,treatments,gazp,,1,treatment_amount,0.5,applied,,,,5_193,,0,growth medium,topsoil,
GAZP5,treatments,gazp,,1,treatment_amount,0.1,applied,,,,5_20,,0,growth medium,topsoil,
GAZP5,treatments,gazp,,1,treatment_amount,0.1,applied,,,,5_21,,0,growth medium,topsoil,
GAZP5,treatments,gazp,,1,treatment_amount,0.2,applied,,,,5_25,,0,growth medium,topsoil,
GAZP5,treatments,gazp,,1,treatment_amount,0.2,applied,,,,5_26,,0,growth medium,topsoil,
GAZP5,treatments,gazp,,1,treatment_amount,0.5,applied,,,,5_29,,0,growth medium,topsoil,
GAZP5,treatments,gazp,,1,treatment_amount,0.5,applied,,,,5_3,,0,growth medium,topsoil,
GAZP5,treatments,gazp,,1,treatment_amount,0.5,applied,,,,5_30,,0,growth medium,topsoil,
GAZP5,treatments,gazp,,1,treatment_amount,0.5,applied,,,,5_31,,0,growth medium,topsoil,
GAZP5,treatments,gazp,,1,treatment_amount,0.5,applied,,,,5_32,,0,growth medium,topsoil,
GAZP5,treatments,gazp,,1,treatment_amount,0.5,applied,,,,5_36,,0,growth medium,topsoil,
GAZP5,treatments,gazp,,1,treatment_amount,0.5,applied,,,,5_37,,0,growth medium,topsoil,
GAZP5,treatments,gazp,,1,treatment_amount,0.5,applied,,,,5_38,,0,growth medium,topsoil,
GAZP5,treatments,gazp,,1,treatment_amount,0.5,applied,,,,5_39,,0,growth medium,topsoil,
GAZP5,treatments,gazp,,1,treatment_amount,0.5,applied,,,,5_4,,0,growth medium,topsoil,
GAZP5,treatments,gazp,,1,treatment_amount,0.75,applied,,,,5_40,,0,growth medium,topsoil,
GAZP5,treatments,gazp,,1,treatment_amount,0.5,applied,,,,5_41,,0,growth medium,topsoil,
GAZP5,treatments,gazp,,1,treatment_amount,0.5,applied,,,,5_42,,0,growth medium,topsoil,
GAZP5,treatments,gazp,,1,treatment_amount,0.5,applied,,,,5_43,,0,growth medium,topsoil,
GAZP5,treatments,gazp,,1,treatment_amount,0.5,applied,,,,5_46,,0,growth medium,topsoil,
GAZP5,treatments,gazp,,1,treatment_amount,0.6,applied,,,,5_47,,0,growth medium,topsoil,
GAZP5,treatments,gazp,,1,treatment_amount,0.6,applied,,,,5_48,,0,growth medium,topsoil,
GAZP5,treatments,gazp,,1,treatment_amount,0.1,applied,,,,5_49,,0,growth medium,topsoil,
GAZP5,treatments,gazp,,1,treatment_amount,0.5,applied,,,,5_5,,0,growth medium,topsoil,
GAZP5,treatments,gazp,,1,treatment_amount,0.1,applied,,,,5_50,,0,growth medium,topsoil,
GAZP5,treatments,gazp,,1,treatment_amount,0.75,applied,,,,5_54,,0,growth medium,topsoil,
GAZP5,treatments,gazp,,1,treatment_amount,0.3,applied,,,,5_56,,0,growth medium,topsoil,
GAZP5,treatments,gazp,,1,treatment_amount,1.1000000000000001,applied,,,,5_58,,0,growth medium,topsoil,
GAZP5,treatments,gazp,,1,treatment_amount,1.5,applied,,,,5_59,,0,growth medium,topsoil,
GAZP5,treatments,gazp,,1,treatment_amount,0.5,applied,,,,5_6,,0,growth medium,topsoil,
GAZP5,treatments,gazp,,1,treatment_amount,1.5,applied,,,,5_60,,0,growth medium,topsoil,
GAZP5,treatments,gazp,,1,treatment_amount,0.5,applied,,,,5_63,,0,growth medium,topsoil,
GAZP5,treatments,gazp,,1,treatment_amount,0.4,applied,,,,5_65,,0,growth medium,topsoil,
GAZP5,treatments,gazp,,1,treatment_amount,0.2,applied,,,,5_66,,0,growth medium,topsoil,
GAZP5,treatments,gazp,,1,treatment_amount,0.2,applied,,,,5_67,,0,growth medium,topsoil,
GAZP5,treatments,gazp,,1,treatment_amount,0.5,applied,,,,5_68,,0,growth medium,topsoil,
GAZP5,treatments,gazp,,1,treatment_amount,0.2,applied,,,,5_69,,0,growth medium,topsoil,
GAZP5,treatments,gazp,,1,treatment_amount,0.5,applied,,,,5_7,,0,growth medium,topsoil,
GAZP5,treatments,gazp,,1,treatment_amount,0.1,applied,,,,5_70,,0,growth medium,topsoil,
GAZP5,treatments,gazp,,1,treatment_amount,0.1,applied,,,,5_71,,0,growth medium,topsoil,
GAZP5,treatments,gazp,,1,treatment_amount,0,applied,,,,5_75,,0,growth medium,topsoil,
GAZP5,treatments,gazp,,1,treatment_amount,0,applied,,,,5_77,,0,growth medium,topsoil,
GAZP5,treatments,gazp,,1,treatment_amount,0,applied,,,,5_78,,0,growth medium,topsoil,
GAZP5,treatments,gazp,,1,treatment_amount,0,applied,,,,5_79,,0,growth medium,topsoil,
GAZP5,treatments,gazp,,1,treatment_amount,0.5,applied,,,,5_8,,0,growth medium,topsoil,
GAZP5,treatments,gazp,,1,treatment_amount,0,applied,,,,5_81,,0,growth medium,topsoil,
GAZP5,treatments,gazp,,1,treatment_amount,0,applied,,,,5_82,,0,growth medium,topsoil,
GAZP5,treatments,gazp,,1,treatment_amount,0,applied,,,,5_83,,0,growth medium,topsoil,
GAZP5,treatments,gazp,,1,treatment_amount,0,applied,,,,5_84,,0,growth medium,topsoil,
GAZP5,treatments,gazp,,1,treatment_amount,0.2,applied,,,,5_85,,0,growth medium,topsoil,
GAZP5,treatments,gazp,,1,treatment_amount,0.1,applied,,,,5_87,,0,growth medium,topsoil,
GAZP5,treatments,gazp,,1,treatment_amount,0.25,applied,,,,5_88,,0,growth medium,topsoil,
GAZP5,treatments,gazp,,1,treatment_amount,0.5,applied,,,,5_9,,0,growth medium,topsoil,
GAZP5,treatments,gazp,,1,treatment_amount,0.1,applied,,,,5_92,,0,growth medium,topsoil,
GAZP5,treatments,gazp,,1,treatment_amount,0.1,applied,,,,5_93,,0,growth medium,topsoil,
GAZP5,treatments,gazp,,1,treatment_amount,0.2,applied,,,,5_94,,0,growth medium,topsoil,
GAZP5,treatments,gazp,,1,treatment_amount,1.6,applied,,,,5_95,,0,growth medium,topsoil,
GAZP5,treatments,gazp,,1,treatment_amount,0.2,applied,,,,5_96,,0,growth medium,topsoil,
GAZP5,treatments,gazp,,1,treatment_amount,0.5,applied,,,,5_99,,0,growth medium,topsoil,
GAZP5,treatments,gazp,,1,treatment_units,years,treatment presence,years,treatment presence,,5_10,,0,growth medium,topsoil,
GAZP5,treatments,gazp,,1,treatment_units,years,treatment presence,years,treatment presence,,5_100,,0,growth medium,topsoil,
GAZP5,treatments,gazp,,1,treatment_units,years,treatment presence,years,treatment presence,,5_101,,0,growth medium,topsoil,
GAZP5,treatments,gazp,,1,treatment_units,years,treatment presence,years,treatment presence,,5_102,,0,growth medium,topsoil,
GAZP5,treatments,gazp,,1,treatment_units,years,treatment presence,years,treatment presence,,5_103,,0,growth medium,topsoil,
GAZP5,treatments,gazp,,1,treatment_units,years,treatment presence,years,treatment presence,,5_104,,0,growth medium,topsoil,
GAZP5,treatments,gazp,,1,treatment_units,years,treatment presence,years,treatment presence,,5_105,,0,growth medium,topsoil,
GAZP5,treatments,gazp,,1,treatment_units,years,treatment presence,years,treatment presence,,5_106,,0,growth medium,topsoil,
GAZP5,treatments,gazp,,1,treatment_units,years,treatment presence,years,treatment presence,,5_108,,0,growth medium,topsoil,
GAZP5,treatments,gazp,,1,treatment_units,years,treatment presence,years,treatment presence,,5_11,,0,growth medium,topsoil,
GAZP5,treatments,gazp,,1,treatment_units,years,treatment presence,years,treatment presence,,5_110,,0,growth medium,topsoil,
GAZP5,treatments,gazp,,1,treatment_units,years,treatment presence,years,treatment presence,,5_111,,0,growth medium,topsoil,
GAZP5,treatments,gazp,,1,treatment_units,years,treatment presence,years,treatment presence,,5_112,,0,growth medium,topsoil,
GAZP5,treatments,gazp,,1,treatment_units,years,treatment presence,years,treatment presence,,5_113,,0,growth medium,topsoil,
GAZP5,treatments,gazp,,1,treatment_units,years,treatment presence,years,treatment presence,,5_114,,0,growth medium,topsoil,
GAZP5,treatments,gazp,,1,treatment_units,years,treatment presence,years,treatment presence,,5_116,,0,growth medium,topsoil,
GAZP5,treatments,gazp,,1,treatment_units,years,treatment presence,years,treatment presence,,5_117,,0,growth medium,topsoil,
GAZP5,treatments,gazp,,1,treatment_units,years,treatment presence,years,treatment presence,,5_118,,0,growth medium,topsoil,
GAZP5,treatments,gazp,,1,treatment_units,years,treatment presence,years,treatment presence,,5_12,,0,growth medium,topsoil,
GAZP5,treatments,gazp,,1,treatment_units,years,treatment presence,years,treatment presence,,5_120,,0,growth medium,topsoil,
GAZP5,treatments,gazp,,1,treatment_units,years,treatment presence,years,treatment presence,,5_121,,0,growth medium,topsoil,
GAZP5,treatments,gazp,,1,treatment_units,years,treatment presence,years,treatment presence,,5_122,,0,growth medium,topsoil,
GAZP5,treatments,gazp,,1,treatment_units,years,treatment presence,years,treatment presence,,5_123,,0,growth medium,topsoil,
GAZP5,treatments,gazp,,1,treatment_units,years,treatment presence,years,treatment presence,,5_124,,0,growth medium,topsoil,
GAZP5,treatments,gazp,,1,treatment_units,years,treatment presence,years,treatment presence,,5_125,,0,growth medium,topsoil,
GAZP5,treatments,gazp,,1,treatment_units,years,treatment presence,years,treatment presence,,5_128,,0,growth medium,topsoil,
GAZP5,treatments,gazp,,1,treatment_units,years,treatment presence,years,treatment presence,,5_13,,0,growth medium,topsoil,
GAZP5,treatments,gazp,,1,treatment_units,years,treatment presence,,,,5_131,,0,growth medium,topsoil,
GAZP5,treatments,gazp,,1,treatment_units,years,treatment presence,,,,5_132,,0,growth medium,topsoil,
GAZP5,treatments,gazp,,1,treatment_units,years,treatment presence,,,,5_133,,0,growth medium,topsoil,
GAZP5,treatments,gazp,,1,treatment_units,years,treatment presence,,,,5_134,,0,growth medium,topsoil,
GAZP5,treatments,gazp,,1,treatment_units,years,treatment presence,,,,5_135,,0,growth medium,topsoil,
GAZP5,treatments,gazp,,1,treatment_units,years,treatment presence,,,,5_136,,0,growth medium,topsoil,
GAZP5,treatments,gazp,,1,treatment_units,years,treatment presence,,,,5_137,,0,growth medium,topsoil,
GAZP5,treatments,gazp,,1,treatment_units,years,treatment presence,,,,5_138,,0,growth medium,topsoil,
GAZP5,treatments,gazp,,1,treatment_units,years,treatment presence,,,,5_139,,0,growth medium,topsoil,
GAZP5,treatments,gazp,,1,treatment_units,years,treatment presence,,,,5_14,,0,growth medium,topsoil,
GAZP5,treatments,gazp,,1,treatment_units,years,treatment presence,,,,5_140,,0,growth medium,topsoil,
GAZP5,treatments,gazp,,1,treatment_units,years,treatment presence,,,,5_141,,0,growth medium,topsoil,
GAZP5,treatments,gazp,,1,treatment_units,years,treatment presence,,,,5_142,,0,growth medium,topsoil,
GAZP5,treatments,gazp,,1,treatment_units,years,treatment presence,,,,5_146,,0,growth medium,topsoil,
GAZP5,treatments,gazp,,1,treatment_units,years,treatment presence,,,,5_147,,0,growth medium,topsoil,
GAZP5,treatments,gazp,,1,treatment_units,years,treatment presence,,,,5_148,,0,growth medium,topsoil,
GAZP5,treatments,gazp,,1,treatment_units,years,treatment presence,,,,5_149,,0,growth medium,topsoil,
GAZP5,treatments,gazp,,1,treatment_units,years,treatment presence,,,,5_15,,0,growth medium,topsoil,
GAZP5,treatments,gazp,,1,treatment_units,years,treatment presence,,,,5_150,,0,growth medium,topsoil,
GAZP5,treatments,gazp,,1,treatment_units,years,treatment presence,,,,5_151,,0,growth medium,topsoil,
GAZP5,treatments,gazp,,1,treatment_units,years,treatment presence,,,,5_152,,0,growth medium,topsoil,
GAZP5,treatments,gazp,,1,treatment_units,years,treatment presence,,,,5_153,,0,growth medium,topsoil,
GAZP5,treatments,gazp,,1,treatment_units,years,treatment presence,,,,5_154,,0,growth medium,topsoil,
GAZP5,treatments,gazp,,1,treatment_units,years,treatment presence,,,,5_155,,0,growth medium,topsoil,
GAZP5,treatments,gazp,,1,treatment_units,years,treatment presence,,,,5_156,,0,growth medium,topsoil,
GAZP5,treatments,gazp,,1,treatment_units,years,treatment presence,,,,5_157,,0,growth medium,topsoil,
GAZP5,treatments,gazp,,1,treatment_units,years,treatment presence,,,,5_158,,0,growth medium,topsoil,
GAZP5,treatments,gazp,,1,treatment_units,years,treatment presence,,,,5_16,,0,growth medium,topsoil,
GAZP5,treatments,gazp,,1,treatment_units,years,treatment presence,,,,5_160,,0,growth medium,topsoil,
GAZP5,treatments,gazp,,1,treatment_units,years,treatment presence,,,,5_161,,0,growth medium,topsoil,
GAZP5,treatments,gazp,,1,treatment_units,years,treatment presence,,,,5_162,,0,growth medium,topsoil,
GAZP5,treatments,gazp,,1,treatment_units,years,treatment presence,,,,5_163,,0,growth medium,topsoil,
GAZP5,treatments,gazp,,1,treatment_units,years,treatment presence,,,,5_164,,0,growth medium,topsoil,
GAZP5,treatments,gazp,,1,treatment_units,years,treatment presence,,,,5_165,,0,growth medium,topsoil,
GAZP5,treatments,gazp,,1,treatment_units,years,treatment presence,,,,5_166,,0,growth medium,topsoil,
GAZP5,treatments,gazp,,1,treatment_units,years,treatment presence,,,,5_167,,0,growth medium,topsoil,
GAZP5,treatments,gazp,,1,treatment_units,years,treatment presence,,,,5_168,,0,growth medium,topsoil,
GAZP5,treatments,gazp,,1,treatment_units,years,treatment presence,,,,5_169,,0,growth medium,topsoil,
GAZP5,treatments,gazp,,1,treatment_units,years,treatment presence,,,,5_17,,0,growth medium,topsoil,
GAZP5,treatments,gazp,,1,treatment_units,years,treatment presence,,,,5_170,,0,growth medium,topsoil,
GAZP5,treatments,gazp,,1,treatment_units,years,treatment presence,,,,5_171,,0,growth medium,topsoil,
GAZP5,treatments,gazp,,1,treatment_units,years,treatment presence,,,,5_172,,0,growth medium,topsoil,
GAZP5,treatments,gazp,,1,treatment_units,years,treatment presence,,,,5_173,,0,growth medium,topsoil,
GAZP5,treatments,gazp,,1,treatment_units,years,treatment presence,,,,5_174,,0,growth medium,topsoil,
GAZP5,treatments,gazp,,1,treatment_units,years,treatment presence,,,,5_175,,0,growth medium,topsoil,
GAZP5,treatments,gazp,,1,treatment_units,years,treatment presence,,,,5_176,,0,growth medium,topsoil,
GAZP5,treatments,gazp,,1,treatment_units,years,treatment presence,,,,5_177,,0,growth medium,topsoil,
GAZP5,treatments,gazp,,1,treatment_units,years,treatment presence,,,,5_178,,0,growth medium,topsoil,
GAZP5,treatments,gazp,,1,treatment_units,years,treatment presence,,,,5_179,,0,growth medium,topsoil,
GAZP5,treatments,gazp,,1,treatment_units,years,treatment presence,,,,5_18,,0,growth medium,topsoil,
GAZP5,treatments,gazp,,1,treatment_units,years,treatment presence,,,,5_180,,0,growth medium,topsoil,
GAZP5,treatments,gazp,,1,treatment_units,years,treatment presence,,,,5_181,,0,growth medium,topsoil,
GAZP5,treatments,gazp,,1,treatment_units,years,treatment presence,,,,5_182,,0,growth medium,topsoil,
GAZP5,treatments,gazp,,1,treatment_units,years,treatment presence,,,,5_183,,0,growth medium,topsoil,
GAZP5,treatments,gazp,,1,treatment_units,years,treatment presence,,,,5_184,,0,growth medium,topsoil,
GAZP5,treatments,gazp,,1,treatment_units,years,treatment presence,,,,5_185,,0,growth medium,topsoil,
GAZP5,treatments,gazp,,1,treatment_units,years,treatment presence,,,,5_186,,0,growth medium,topsoil,
GAZP5,treatments,gazp,,1,treatment_units,years,treatment presence,,,,5_187,,0,growth medium,topsoil,
GAZP5,treatments,gazp,,1,treatment_units,years,treatment presence,,,,5_188,,0,growth medium,topsoil,
GAZP5,treatments,gazp,,1,treatment_units,years,treatment presence,,,,5_189,,0,growth medium,topsoil,
GAZP5,treatments,gazp,,1,treatment_units,years,treatment presence,,,,5_19,,0,growth medium,topsoil,
GAZP5,treatments,gazp,,1,treatment_units,years,treatment presence,,,,5_190,,0,growth medium,topsoil,
GAZP5,treatments,gazp,,1,treatment_units,years,treatment presence,,,,5_193,,0,growth medium,topsoil,
GAZP5,treatments,gazp,,1,treatment_units,years,treatment presence,,,,5_20,,0,growth medium,topsoil,
GAZP5,treatments,gazp,,1,treatment_units,years,treatment presence,,,,5_21,,0,growth medium,topsoil,
GAZP5,treatments,gazp,,1,treatment_units,years,treatment presence,,,,5_25,,0,growth medium,topsoil,
GAZP5,treatments,gazp,,1,treatment_units,years,treatment presence,,,,5_26,,0,growth medium,topsoil,
GAZP5,treatments,gazp,,1,treatment_units,years,treatment presence,,,,5_29,,0,growth medium,topsoil,
GAZP5,treatments,gazp,,1,treatment_units,years,treatment presence,,,,5_3,,0,growth medium,topsoil,
GAZP5,treatments,gazp,,1,treatment_units,years,treatment presence,,,,5_30,,0,growth medium,topsoil,
GAZP5,treatments,gazp,,1,treatment_units,years,treatment presence,,,,5_31,,0,growth medium,topsoil,
GAZP5,treatments,gazp,,1,treatment_units,years,treatment presence,,,,5_32,,0,growth medium,topsoil,
GAZP5,treatments,gazp,,1,treatment_units,years,treatment presence,,,,5_36,,0,growth medium,topsoil,
GAZP5,treatments,gazp,,1,treatment_units,years,treatment presence,,,,5_37,,0,growth medium,topsoil,
GAZP5,treatments,gazp,,1,treatment_units,years,treatment presence,,,,5_38,,0,growth medium,topsoil,
GAZP5,treatments,gazp,,1,treatment_units,years,treatment presence,,,,5_39,,0,growth medium,topsoil,
GAZP5,treatments,gazp,,1,treatment_units,years,treatment presence,,,,5_4,,0,growth medium,topsoil,
GAZP5,treatments,gazp,,1,treatment_units,years,treatment presence,,,,5_40,,0,growth medium,topsoil,
GAZP5,treatments,gazp,,1,treatment_units,years,treatment presence,,,,5_41,,0,growth medium,topsoil,
GAZP5,treatments,gazp,,1,treatment_units,years,treatment presence,,,,5_42,,0,growth medium,topsoil,
GAZP5,treatments,gazp,,1,treatment_units,years,treatment presence,,,,5_43,,0,growth medium,topsoil,
GAZP5,treatments,gazp,,1,treatment_units,years,treatment presence,,,,5_46,,0,growth medium,topsoil,
GAZP5,treatments,gazp,,1,treatment_units,years,treatment presence,,,,5_47,,0,growth medium,topsoil,
GAZP5,treatments,gazp,,1,treatment_units,years,treatment presence,,,,5_48,,0,growth medium,topsoil,
GAZP5,treatments,gazp,,1,treatment_units,years,treatment presence,,,,5_49,,0,growth medium,topsoil,
GAZP5,treatments,gazp,,1,treatment_units,years,treatment presence,,,,5_5,,0,growth medium,topsoil,
GAZP5,treatments,gazp,,1,treatment_units,years,treatment presence,,,,5_50,,0,growth medium,topsoil,
GAZP5,treatments,gazp,,1,treatment_units,years,treatment presence,,,,5_54,,0,growth medium,topsoil,
GAZP5,treatments,gazp,,1,treatment_units,years,treatment presence,,,,5_56,,0,growth medium,topsoil,
GAZP5,treatments,gazp,,1,treatment_units,years,treatment presence,,,,5_58,,0,growth medium,topsoil,
GAZP5,treatments,gazp,,1,treatment_units,years,treatment presence,,,,5_59,,0,growth medium,topsoil,
GAZP5,treatments,gazp,,1,treatment_units,years,treatment presence,,,,5_6,,0,growth medium,topsoil,
GAZP5,treatments,gazp,,1,treatment_units,years,treatment presence,,,,5_60,,0,growth medium,topsoil,
GAZP5,treatments,gazp,,1,treatment_units,years,treatment presence,,,,5_63,,0,growth medium,topsoil,
GAZP5,treatments,gazp,,1,treatment_units,years,treatment presence,,,,5_65,,0,growth medium,topsoil,
GAZP5,treatments,gazp,,1,treatment_units,years,treatment presence,,,,5_66,,0,growth medium,topsoil,
GAZP5,treatments,gazp,,1,treatment_units,years,treatment presence,,,,5_67,,0,growth medium,topsoil,
GAZP5,treatments,gazp,,1,treatment_units,years,treatment presence,,,,5_68,,0,growth medium,topsoil,
GAZP5,treatments,gazp,,1,treatment_units,years,treatment presence,,,,5_69,,0,growth medium,topsoil,
GAZP5,treatments,gazp,,1,treatment_units,years,treatment presence,,,,5_7,,0,growth medium,topsoil,
GAZP5,treatments,gazp,,1,treatment_units,years,treatment presence,,,,5_70,,0,growth medium,topsoil,
GAZP5,treatments,gazp,,1,treatment_units,years,treatment presence,,,,5_71,,0,growth medium,topsoil,
GAZP5,treatments,gazp,,1,treatment_units,years,treatment presence,,,,5_75,,0,growth medium,topsoil,
GAZP5,treatments,gazp,,1,treatment_units,years,treatment presence,,,,5_77,,0,growth medium,topsoil,
GAZP5,treatments,gazp,,1,treatment_units,years,treatment presence,,,,5_78,,0,growth medium,topsoil,
GAZP5,treatments,gazp,,1,treatment_units,years,treatment presence,,,,5_79,,0,growth medium,topsoil,
GAZP5,treatments,gazp,,1,treatment_units,years,treatment presence,,,,5_8,,0,growth medium,topsoil,
GAZP5,treatments,gazp,,1,treatment_units,years,treatment presence,,,,5_81,,0,growth medium,topsoil,
GAZP5,treatments,gazp,,1,treatment_units,years,treatment presence,,,,5_82,,0,growth medium,topsoil,
GAZP5,treatments,gazp,,1,treatment_units,years,treatment presence,,,,5_83,,0,growth medium,topsoil,
GAZP5,treatments,gazp,,1,treatment_units,years,treatment presence,,,,5_84,,0,growth medium,topsoil,
GAZP5,treatments,gazp,,1,treatment_units,years,treatment presence,,,,5_85,,0,growth medium,topsoil,
GAZP5,treatments,gazp,,1,treatment_units,years,treatment presence,,,,5_87,,0,growth medium,topsoil,
GAZP5,treatments,gazp,,1,treatment_units,years,treatment presence,,,,5_88,,0,growth medium,topsoil,
GAZP5,treatments,gazp,,1,treatment_units,years,treatment presence,,,,5_9,,0,growth medium,topsoil,
GAZP5,treatments,gazp,,1,treatment_units,years,treatment presence,,,,5_92,,0,growth medium,topsoil,
GAZP5,treatments,gazp,,1,treatment_units,years,treatment presence,,,,5_93,,0,growth medium,topsoil,
GAZP5,treatments,gazp,,1,treatment_units,years,treatment presence,,,,5_94,,0,growth medium,topsoil,
GAZP5,treatments,gazp,,1,treatment_units,years,treatment presence,,,,5_95,,0,growth medium,topsoil,
GAZP5,treatments,gazp,,1,treatment_units,years,treatment presence,,,,5_96,,0,growth medium,topsoil,
GAZP5,treatments,gazp,,1,treatment_units,years,treatment presence,,,,5_99,,0,growth medium,topsoil,
GAZP5,refs,gazp,5,1,author,"Rinella, M., Hammond, Darcy, H., Bryant, Ana-Elisa, Kozar, Brian J.",Matt Rinella,"rinella, m., hammond, darcy, h., bryant, ana-elisa, kozar, brian j.",matt rinella,,,,,,,1
