areaid,time_since_restoration,year,month,day,speciesid,cultivarid,individualid,origin,level,response,metric,notes
3066,16,2008,,,1895,,,native,species,8,cover,
3066,16,2008,,,5584,,,native,species,8,cover,
3066,16,2008,,,803,,,native,species,10,cover,
3066,16,2008,,,5721,,,native,species,0,cover,
3066,16,2008,,,5758,,,native,species,10,cover,
3066,16,2008,,,3019,,,native,species,8,cover,
3066,16,2008,,,3061,,,native,species,10,cover,
3067,16,2008,,,1895,,,native,species,0.25,cover,
3067,16,2008,,,5584,,,native,species,11.625,cover,
3067,16,2008,,,803,,,native,species,9.375,cover,
3067,16,2008,,,5721,,,native,species,0.625,cover,
3067,16,2008,,,5758,,,native,species,10,cover,
3067,16,2008,,,3019,,,native,species,5,cover,
3067,16,2008,,,3061,,,native,species,11.25,cover,
3041,16,2008,,,1895,,,native,species,0.625,cover,
3041,16,2008,,,5584,,,native,species,9,cover,
3041,16,2008,,,803,,,native,species,9.125,cover,
3041,16,2008,,,5721,,,native,species,0.25,cover,
3041,16,2008,,,5758,,,native,species,9.375,cover,
3041,16,2008,,,3019,,,native,species,6.25,cover,
3041,16,2008,,,3061,,,native,species,9.375,cover,
3068,16,2008,,,1895,,,native,species,0,cover,
3068,16,2008,,,5584,,,native,species,8,cover,
3068,16,2008,,,803,,,native,species,40,cover,
3068,16,2008,,,5721,,,native,species,0,cover,
3068,16,2008,,,5758,,,native,species,8,cover,
3068,16,2008,,,3019,,,native,species,15,cover,
3068,16,2008,,,3061,,,native,species,10,cover,
3069,16,2008,,,1895,,,native,species,1.875,cover,
3069,16,2008,,,5584,,,native,species,4.25,cover,
3069,16,2008,,,803,,,native,species,10,cover,
3069,16,2008,,,5721,,,native,species,0.375,cover,
3069,16,2008,,,5758,,,native,species,9.375,cover,
3069,16,2008,,,3019,,,native,species,3.125,cover,
3069,16,2008,,,3061,,,native,species,5,cover,
3042,16,2008,,,1895,,,native,species,3.75,cover,
3042,16,2008,,,5584,,,native,species,6.875,cover,
3042,16,2008,,,803,,,native,species,10.875,cover,
3042,16,2008,,,5721,,,native,species,0.375,cover,
3042,16,2008,,,5758,,,native,species,9.375,cover,
3042,16,2008,,,3019,,,native,species,4,cover,
3042,16,2008,,,3061,,,native,species,7.5,cover,
3072,16,2008,,,1895,,,native,species,0,cover,
3072,16,2008,,,5584,,,native,species,5,cover,
3072,16,2008,,,803,,,native,species,20,cover,
3072,16,2008,,,5721,,,native,species,2,cover,
3072,16,2008,,,5758,,,native,species,10,cover,
3072,16,2008,,,3019,,,native,species,3,cover,
3072,16,2008,,,3061,,,native,species,5,cover,
3073,16,2008,,,1895,,,native,species,0,cover,
3073,16,2008,,,5584,,,native,species,3.75,cover,
3073,16,2008,,,803,,,native,species,9.375,cover,
3073,16,2008,,,5721,,,native,species,0.375,cover,
3073,16,2008,,,5758,,,native,species,5,cover,
3073,16,2008,,,3019,,,native,species,1.875,cover,
3073,16,2008,,,3061,,,native,species,2.5,cover,
3044,16,2008,,,1895,,,native,species,0.375,cover,
3044,16,2008,,,5584,,,native,species,5.25,cover,
3044,16,2008,,,803,,,native,species,10.625,cover,
3044,16,2008,,,5721,,,native,species,0.125,cover,
3044,16,2008,,,5758,,,native,species,7.75,cover,
3044,16,2008,,,3019,,,native,species,1.875,cover,
3044,16,2008,,,3061,,,native,species,2.5,cover,
3074,16,2008,,,1895,,,native,species,3,cover,
3074,16,2008,,,5584,,,native,species,5,cover,
3074,16,2008,,,803,,,native,species,40,cover,
3074,16,2008,,,5721,,,native,species,0,cover,
3074,16,2008,,,5758,,,native,species,1,cover,
3074,16,2008,,,3019,,,native,species,3,cover,
3074,16,2008,,,3061,,,native,species,5,cover,
3075,16,2008,,,1895,,,native,species,0.625,cover,
3075,16,2008,,,5584,,,native,species,0.625,cover,
3075,16,2008,,,803,,,native,species,10,cover,
3075,16,2008,,,5721,,,native,species,0.25,cover,
3075,16,2008,,,5758,,,native,species,5.625,cover,
3075,16,2008,,,3019,,,native,species,1.875,cover,
3075,16,2008,,,3061,,,native,species,1.25,cover,
3045,16,2008,,,1895,,,native,species,1.25,cover,
3045,16,2008,,,5584,,,native,species,3.25,cover,
3045,16,2008,,,803,,,native,species,12.5,cover,
3045,16,2008,,,5721,,,native,species,0.375,cover,
3045,16,2008,,,5758,,,native,species,6.375,cover,
3045,16,2008,,,3019,,,native,species,1.875,cover,
3045,16,2008,,,3061,,,native,species,1.875,cover,
3078,16,2008,,,1895,,,native,species,5,cover,
3078,16,2008,,,5584,,,native,species,3,cover,
3078,16,2008,,,803,,,native,species,40,cover,
3078,16,2008,,,5721,,,native,species,2,cover,
3078,16,2008,,,5758,,,native,species,10,cover,
3078,16,2008,,,3019,,,native,species,8,cover,
3078,16,2008,,,3061,,,native,species,8,cover,
3079,16,2008,,,1895,,,native,species,4.375,cover,
3079,16,2008,,,5584,,,native,species,8.125,cover,
3079,16,2008,,,803,,,native,species,10.625,cover,
3079,16,2008,,,5721,,,native,species,0.625,cover,
3079,16,2008,,,5758,,,native,species,10,cover,
3079,16,2008,,,3019,,,native,species,2.5,cover,
3079,16,2008,,,3061,,,native,species,8.75,cover,
3047,16,2008,,,1895,,,native,species,3.75,cover,
3047,16,2008,,,5584,,,native,species,7.875,cover,
3047,16,2008,,,803,,,native,species,13.25,cover,
3047,16,2008,,,5721,,,native,species,0.625,cover,
3047,16,2008,,,5758,,,native,species,10.75,cover,
3047,16,2008,,,3019,,,native,species,2.5,cover,
3047,16,2008,,,3061,,,native,species,8.125,cover,
3084,16,2008,,,1895,,,native,species,0,cover,
3084,16,2008,,,5584,,,native,species,3,cover,
3084,16,2008,,,803,,,native,species,20,cover,
3084,16,2008,,,5721,,,native,species,1,cover,
3084,16,2008,,,5758,,,native,species,5,cover,
3084,16,2008,,,3019,,,native,species,2,cover,
3084,16,2008,,,3061,,,native,species,5,cover,
3085,16,2008,,,1895,,,native,species,0,cover,
3085,16,2008,,,5584,,,native,species,4.625,cover,
3085,16,2008,,,803,,,native,species,10.625,cover,
3085,16,2008,,,5721,,,native,species,0.375,cover,
3085,16,2008,,,5758,,,native,species,10,cover,
3085,16,2008,,,3019,,,native,species,3.75,cover,
3085,16,2008,,,3061,,,native,species,2.5,cover,
3050,16,2008,,,1895,,,native,species,0.625,cover,
3050,16,2008,,,5584,,,native,species,7,cover,
3050,16,2008,,,803,,,native,species,11.75,cover,
3050,16,2008,,,5721,,,native,species,0.625,cover,
3050,16,2008,,,5758,,,native,species,10.125,cover,
3050,16,2008,,,3019,,,native,species,2.5,cover,
3050,16,2008,,,3061,,,native,species,5,cover,
3088,16,2008,,,1895,,,native,species,0,cover,
3088,16,2008,,,5584,,,native,species,1,cover,
3088,16,2008,,,803,,,native,species,8,cover,
3088,16,2008,,,5721,,,native,species,0,cover,
3088,16,2008,,,5758,,,native,species,5,cover,
3088,16,2008,,,3019,,,native,species,2,cover,
3088,16,2008,,,3061,,,native,species,1,cover,
3089,16,2008,,,1895,,,native,species,0.625,cover,
3089,16,2008,,,5584,,,native,species,1,cover,
3089,16,2008,,,803,,,native,species,5,cover,
3089,16,2008,,,5721,,,native,species,0.25,cover,
3089,16,2008,,,5758,,,native,species,6.25,cover,
3089,16,2008,,,3019,,,native,species,0.625,cover,
3089,16,2008,,,3061,,,native,species,0.625,cover,
3052,16,2008,,,1895,,,native,species,0.25,cover,
3052,16,2008,,,5584,,,native,species,0.875,cover,
3052,16,2008,,,803,,,native,species,6.5,cover,
3052,16,2008,,,5721,,,native,species,0.5,cover,
3052,16,2008,,,5758,,,native,species,8.875,cover,
3052,16,2008,,,3019,,,native,species,1.25,cover,
3052,16,2008,,,3061,,,native,species,2.5,cover,
3090,16,2008,,,1895,,,native,species,0,cover,
3090,16,2008,,,5584,,,native,species,0,cover,
3090,16,2008,,,803,,,native,species,5,cover,
3090,16,2008,,,5721,,,native,species,1,cover,
3090,16,2008,,,5758,,,native,species,3,cover,
3090,16,2008,,,3019,,,native,species,1,cover,
3090,16,2008,,,3061,,,native,species,3,cover,
3091,16,2008,,,1895,,,native,species,0.25,cover,
3091,16,2008,,,5584,,,native,species,1,cover,
3091,16,2008,,,803,,,native,species,9.375,cover,
3091,16,2008,,,5721,,,native,species,0.625,cover,
3091,16,2008,,,5758,,,native,species,10,cover,
3091,16,2008,,,3019,,,native,species,0.625,cover,
3091,16,2008,,,3061,,,native,species,0.5,cover,
3053,16,2008,,,1895,,,native,species,0.375,cover,
3053,16,2008,,,5584,,,native,species,2.625,cover,
3053,16,2008,,,803,,,native,species,11.375,cover,
3053,16,2008,,,5721,,,native,species,0.625,cover,
3053,16,2008,,,5758,,,native,species,8.875,cover,
3053,16,2008,,,3019,,,native,species,1,cover,
3053,16,2008,,,3061,,,native,species,1.875,cover,
3092,16,2008,,,1895,,,native,species,0,cover,
3092,16,2008,,,5584,,,native,species,2,cover,
3092,16,2008,,,803,,,native,species,25,cover,
3092,16,2008,,,5721,,,native,species,0,cover,
3092,16,2008,,,5758,,,native,species,3,cover,
3092,16,2008,,,3019,,,native,species,1,cover,
3092,16,2008,,,3061,,,native,species,2,cover,
3093,16,2008,,,1895,,,native,species,0.125,cover,
3093,16,2008,,,5584,,,native,species,3.25,cover,
3093,16,2008,,,803,,,native,species,11.875,cover,
3093,16,2008,,,5721,,,native,species,0.125,cover,
3093,16,2008,,,5758,,,native,species,11.25,cover,
3093,16,2008,,,3019,,,native,species,1,cover,
3093,16,2008,,,3061,,,native,species,3.75,cover,
3054,16,2008,,,1895,,,native,species,1.25,cover,
3054,16,2008,,,5584,,,native,species,6.875,cover,
3054,16,2008,,,803,,,native,species,12.625,cover,
3054,16,2008,,,5721,,,native,species,0.375,cover,
3054,16,2008,,,5758,,,native,species,10,cover,
3054,16,2008,,,3019,,,native,species,1.25,cover,
3054,16,2008,,,3061,,,native,species,3.125,cover,
3094,16,2008,,,1895,,,native,species,1,cover,
3094,16,2008,,,5584,,,native,species,4,cover,
3094,16,2008,,,803,,,native,species,25,cover,
3094,16,2008,,,5721,,,native,species,3,cover,
3094,16,2008,,,5758,,,native,species,5,cover,
3094,16,2008,,,3019,,,native,species,2,cover,
3094,16,2008,,,3061,,,native,species,2,cover,
3095,16,2008,,,1895,,,native,species,1.25,cover,
3095,16,2008,,,5584,,,native,species,2.5,cover,
3095,16,2008,,,803,,,native,species,11.875,cover,
3095,16,2008,,,5721,,,native,species,0.5,cover,
3095,16,2008,,,5758,,,native,species,10,cover,
3095,16,2008,,,3019,,,native,species,1.25,cover,
3095,16,2008,,,3061,,,native,species,3.125,cover,
3055,16,2008,,,1895,,,native,species,1.875,cover,
3055,16,2008,,,5584,,,native,species,4,cover,
3055,16,2008,,,803,,,native,species,11.25,cover,
3055,16,2008,,,5721,,,native,species,0.25,cover,
3055,16,2008,,,5758,,,native,species,10,cover,
3055,16,2008,,,3019,,,native,species,1.25,cover,
3055,16,2008,,,3061,,,native,species,6.25,cover,
3098,16,2008,,,1895,,,native,species,0,cover,
3098,16,2008,,,5584,,,native,species,0,cover,
3098,16,2008,,,803,,,native,species,5,cover,
3098,16,2008,,,5721,,,native,species,1,cover,
3098,16,2008,,,5758,,,native,species,5,cover,
3098,16,2008,,,3019,,,native,species,0,cover,
3098,16,2008,,,3061,,,native,species,3,cover,
3099,16,2008,,,1895,,,native,species,1.875,cover,
3099,16,2008,,,5584,,,native,species,1.375,cover,
3099,16,2008,,,803,,,native,species,8.75,cover,
3099,16,2008,,,5721,,,native,species,0.375,cover,
3099,16,2008,,,5758,,,native,species,9.375,cover,
3099,16,2008,,,3019,,,native,species,1.875,cover,
3099,16,2008,,,3061,,,native,species,2.5,cover,
3057,16,2008,,,1895,,,native,species,1.875,cover,
3057,16,2008,,,5584,,,native,species,3.375,cover,
3057,16,2008,,,803,,,native,species,6.5,cover,
3057,16,2008,,,5721,,,native,species,0.375,cover,
3057,16,2008,,,5758,,,native,species,8.875,cover,
3057,16,2008,,,3019,,,native,species,1.875,cover,
3057,16,2008,,,3061,,,native,species,2.5,cover,
3106,16,2008,,,1895,,,native,species,15,cover,
3106,16,2008,,,5584,,,native,species,3,cover,
3106,16,2008,,,803,,,native,species,10,cover,
3106,16,2008,,,5721,,,native,species,3,cover,
3106,16,2008,,,5758,,,native,species,15,cover,
3106,16,2008,,,3019,,,native,species,10,cover,
3106,16,2008,,,3061,,,native,species,0,cover,
3107,16,2008,,,1895,,,native,species,5,cover,
3107,16,2008,,,5584,,,native,species,10.125,cover,
3107,16,2008,,,803,,,native,species,6.25,cover,
3107,16,2008,,,5721,,,native,species,0.25,cover,
3107,16,2008,,,5758,,,native,species,6.25,cover,
3107,16,2008,,,3019,,,native,species,1.875,cover,
3107,16,2008,,,3061,,,native,species,3.125,cover,
3061,16,2008,,,1895,,,native,species,6.25,cover,
3061,16,2008,,,5584,,,native,species,9.5,cover,
3061,16,2008,,,803,,,native,species,5.625,cover,
3061,16,2008,,,5721,,,native,species,1,cover,
3061,16,2008,,,5758,,,native,species,8.625,cover,
3061,16,2008,,,3019,,,native,species,6.375,cover,
3061,16,2008,,,3061,,,native,species,0.625,cover,
3112,16,2008,,,1895,,,native,species,1,cover,
3112,16,2008,,,5584,,,native,species,3,cover,
3112,16,2008,,,803,,,native,species,5,cover,
3112,16,2008,,,5721,,,native,species,1,cover,
3112,16,2008,,,5758,,,native,species,5,cover,
3112,16,2008,,,3019,,,native,species,3,cover,
3112,16,2008,,,3061,,,native,species,0,cover,
3113,16,2008,,,1895,,,native,species,1,cover,
3113,16,2008,,,5584,,,native,species,1,cover,
3113,16,2008,,,803,,,native,species,7.5,cover,
3113,16,2008,,,5721,,,native,species,0.125,cover,
3113,16,2008,,,5758,,,native,species,10,cover,
3113,16,2008,,,3019,,,native,species,1,cover,
3113,16,2008,,,3061,,,native,species,0.625,cover,
3064,16,2008,,,1895,,,native,species,5,cover,
3064,16,2008,,,5584,,,native,species,3.25,cover,
3064,16,2008,,,803,,,native,species,9.375,cover,
3064,16,2008,,,5721,,,native,species,0.25,cover,
3064,16,2008,,,5758,,,native,species,10.25,cover,
3064,16,2008,,,3019,,,native,species,1.875,cover,
3064,16,2008,,,3061,,,native,species,2.5,cover,
3070,16,2008,,,1895,,,native,species,10,cover,
3070,16,2008,,,5584,,,native,species,10,cover,
3070,16,2008,,,803,,,native,species,5,cover,
3070,16,2008,,,5721,,,native,species,1,cover,
3070,16,2008,,,5758,,,native,species,10,cover,
3070,16,2008,,,3019,,,native,species,10,cover,
3070,16,2008,,,3061,,,native,species,15,cover,
3071,16,2008,,,1895,,,native,species,3.375,cover,
3071,16,2008,,,5584,,,native,species,6.875,cover,
3071,16,2008,,,803,,,native,species,39.375,cover,
3071,16,2008,,,5721,,,native,species,0.5,cover,
3071,16,2008,,,5758,,,native,species,13.125,cover,
3071,16,2008,,,3019,,,native,species,10.75,cover,
3071,16,2008,,,3061,,,native,species,5.125,cover,
3043,16,2008,,,1895,,,native,species,5,cover,
3043,16,2008,,,5584,,,native,species,7.375,cover,
3043,16,2008,,,803,,,native,species,38.125,cover,
3043,16,2008,,,5721,,,native,species,0.4,cover,
3043,16,2008,,,5758,,,native,species,10,cover,
3043,16,2008,,,3019,,,native,species,11.25,cover,
3043,16,2008,,,3061,,,native,species,7.625,cover,
3076,16,2008,,,1895,,,native,species,0,cover,
3076,16,2008,,,5584,,,native,species,5,cover,
3076,16,2008,,,803,,,native,species,70,cover,
3076,16,2008,,,5721,,,native,species,1,cover,
3076,16,2008,,,5758,,,native,species,50,cover,
3076,16,2008,,,3019,,,native,species,25,cover,
3076,16,2008,,,3061,,,native,species,20,cover,
3077,16,2008,,,1895,,,native,species,0,cover,
3077,16,2008,,,5584,,,native,species,3.75,cover,
3077,16,2008,,,803,,,native,species,31.875,cover,
3077,16,2008,,,5721,,,native,species,0.125,cover,
3077,16,2008,,,5758,,,native,species,15.625,cover,
3077,16,2008,,,3019,,,native,species,3.875,cover,
3077,16,2008,,,3061,,,native,species,6,cover,
3046,16,2008,,,1895,,,native,species,3.75,cover,
3046,16,2008,,,5584,,,native,species,4.125,cover,
3046,16,2008,,,803,,,native,species,32.5,cover,
3046,16,2008,,,5721,,,native,species,0.375,cover,
3046,16,2008,,,5758,,,native,species,18.125,cover,
3046,16,2008,,,3019,,,native,species,9.125,cover,
3046,16,2008,,,3061,,,native,species,8.125,cover,
3080,16,2008,,,1895,,,native,species,40,cover,
3080,16,2008,,,5584,,,native,species,2,cover,
3080,16,2008,,,803,,,native,species,20,cover,
3080,16,2008,,,5721,,,native,species,0,cover,
3080,16,2008,,,5758,,,native,species,15,cover,
3080,16,2008,,,3019,,,native,species,25,cover,
3080,16,2008,,,3061,,,native,species,25,cover,
3081,16,2008,,,1895,,,native,species,8.125,cover,
3081,16,2008,,,5584,,,native,species,7.125,cover,
3081,16,2008,,,803,,,native,species,15,cover,
3081,16,2008,,,5721,,,native,species,0,cover,
3081,16,2008,,,5758,,,native,species,8.25,cover,
3081,16,2008,,,3019,,,native,species,8.125,cover,
3081,16,2008,,,3061,,,native,species,7.875,cover,
3048,16,2008,,,1895,,,native,species,15,cover,
3048,16,2008,,,5584,,,native,species,5.875,cover,
3048,16,2008,,,803,,,native,species,28.125,cover,
3048,16,2008,,,5721,,,native,species,0.25,cover,
3048,16,2008,,,5758,,,native,species,7.625,cover,
3048,16,2008,,,3019,,,native,species,11.875,cover,
3048,16,2008,,,3061,,,native,species,9.375,cover,
3082,16,2008,,,1895,,,native,species,10,cover,
3082,16,2008,,,5584,,,native,species,10,cover,
3082,16,2008,,,803,,,native,species,15,cover,
3082,16,2008,,,5721,,,native,species,2,cover,
3082,16,2008,,,5758,,,native,species,10,cover,
3082,16,2008,,,3019,,,native,species,10,cover,
3082,16,2008,,,3061,,,native,species,10,cover,
3083,16,2008,,,1895,,,native,species,2.5,cover,
3083,16,2008,,,5584,,,native,species,3.375,cover,
3083,16,2008,,,803,,,native,species,19.75,cover,
3083,16,2008,,,5721,,,native,species,0.5,cover,
3083,16,2008,,,5758,,,native,species,13.125,cover,
3083,16,2008,,,3019,,,native,species,4.125,cover,
3083,16,2008,,,3061,,,native,species,2.5,cover,
3049,16,2008,,,1895,,,native,species,4.125,cover,
3049,16,2008,,,5584,,,native,species,4.375,cover,
3049,16,2008,,,803,,,native,species,17.5,cover,
3049,16,2008,,,5721,,,native,species,0.375,cover,
3049,16,2008,,,5758,,,native,species,14.375,cover,
3049,16,2008,,,3019,,,native,species,5.75,cover,
3049,16,2008,,,3061,,,native,species,4.25,cover,
3086,16,2008,,,1895,,,native,species,0,cover,
3086,16,2008,,,5584,,,native,species,5,cover,
3086,16,2008,,,803,,,native,species,65,cover,
3086,16,2008,,,5721,,,native,species,0,cover,
3086,16,2008,,,5758,,,native,species,10,cover,
3086,16,2008,,,3019,,,native,species,5,cover,
3086,16,2008,,,3061,,,native,species,5,cover,
3087,16,2008,,,1895,,,native,species,2.5,cover,
3087,16,2008,,,5584,,,native,species,2.75,cover,
3087,16,2008,,,803,,,native,species,21.625,cover,
3087,16,2008,,,5721,,,native,species,0,cover,
3087,16,2008,,,5758,,,native,species,21.875,cover,
3087,16,2008,,,3019,,,native,species,7.125,cover,
3087,16,2008,,,3061,,,native,species,4.75,cover,
3051,16,2008,,,1895,,,native,species,2.375,cover,
3051,16,2008,,,5584,,,native,species,4.875,cover,
3051,16,2008,,,803,,,native,species,35,cover,
3051,16,2008,,,5721,,,native,species,0.5,cover,
3051,16,2008,,,5758,,,native,species,26.25,cover,
3051,16,2008,,,3019,,,native,species,6.375,cover,
3051,16,2008,,,3061,,,native,species,8,cover,
3096,16,2008,,,1895,,,native,species,10,cover,
3096,16,2008,,,5584,,,native,species,2,cover,
3096,16,2008,,,803,,,native,species,25,cover,
3096,16,2008,,,5721,,,native,species,1,cover,
3096,16,2008,,,5758,,,native,species,3,cover,
3096,16,2008,,,3019,,,native,species,5,cover,
3096,16,2008,,,3061,,,native,species,5,cover,
3097,16,2008,,,1895,,,native,species,2.125,cover,
3097,16,2008,,,5584,,,native,species,4.125,cover,
3097,16,2008,,,803,,,native,species,10,cover,
3097,16,2008,,,5721,,,native,species,0.875,cover,
3097,16,2008,,,5758,,,native,species,7.875,cover,
3097,16,2008,,,3019,,,native,species,2.875,cover,
3097,16,2008,,,3061,,,native,species,2.25,cover,
3056,16,2008,,,1895,,,native,species,2.875,cover,
3056,16,2008,,,5584,,,native,species,3.5,cover,
3056,16,2008,,,803,,,native,species,9.125,cover,
3056,16,2008,,,5721,,,native,species,0.5,cover,
3056,16,2008,,,5758,,,native,species,7,cover,
3056,16,2008,,,3019,,,native,species,2.75,cover,
3056,16,2008,,,3061,,,native,species,3.125,cover,
3100,16,2008,,,1895,,,native,species,10,cover,
3100,16,2008,,,5584,,,native,species,3,cover,
3100,16,2008,,,803,,,native,species,30,cover,
3100,16,2008,,,5721,,,native,species,1,cover,
3100,16,2008,,,5758,,,native,species,3,cover,
3100,16,2008,,,3019,,,native,species,10,cover,
3100,16,2008,,,3061,,,native,species,10,cover,
3101,16,2008,,,1895,,,native,species,1.875,cover,
3101,16,2008,,,5584,,,native,species,2,cover,
3101,16,2008,,,803,,,native,species,11.25,cover,
3101,16,2008,,,5721,,,native,species,0.375,cover,
3101,16,2008,,,5758,,,native,species,14.75,cover,
3101,16,2008,,,3019,,,native,species,3,cover,
3101,16,2008,,,3061,,,native,species,1.375,cover,
3058,16,2008,,,1895,,,native,species,5.375,cover,
3058,16,2008,,,5584,,,native,species,3.75,cover,
3058,16,2008,,,803,,,native,species,16.25,cover,
3058,16,2008,,,5721,,,native,species,0.25,cover,
3058,16,2008,,,5758,,,native,species,12.25,cover,
3058,16,2008,,,3019,,,native,species,6.625,cover,
3058,16,2008,,,3061,,,native,species,3.625,cover,
3102,16,2008,,,1895,,,native,species,0,cover,
3102,16,2008,,,5584,,,native,species,1,cover,
3102,16,2008,,,803,,,native,species,40,cover,
3102,16,2008,,,5721,,,native,species,0,cover,
3102,16,2008,,,5758,,,native,species,15,cover,
3102,16,2008,,,3019,,,native,species,5,cover,
3102,16,2008,,,3061,,,native,species,3,cover,
3103,16,2008,,,1895,,,native,species,7.5,cover,
3103,16,2008,,,5584,,,native,species,1.875,cover,
3103,16,2008,,,803,,,native,species,18.25,cover,
3103,16,2008,,,5721,,,native,species,0,cover,
3103,16,2008,,,5758,,,native,species,11,cover,
3103,16,2008,,,3019,,,native,species,5,cover,
3103,16,2008,,,3061,,,native,species,2.375,cover,
3059,16,2008,,,1895,,,native,species,4.875,cover,
3059,16,2008,,,5584,,,native,species,2.875,cover,
3059,16,2008,,,803,,,native,species,33.75,cover,
3059,16,2008,,,5721,,,native,species,0,cover,
3059,16,2008,,,5758,,,native,species,10.625,cover,
3059,16,2008,,,3019,,,native,species,5.25,cover,
3059,16,2008,,,3061,,,native,species,2.125,cover,
3104,16,2008,,,1895,,,native,species,25,cover,
3104,16,2008,,,5584,,,native,species,3,cover,
3104,16,2008,,,803,,,native,species,40,cover,
3104,16,2008,,,5721,,,native,species,0,cover,
3104,16,2008,,,5758,,,native,species,8,cover,
3104,16,2008,,,3019,,,native,species,15,cover,
3104,16,2008,,,3061,,,native,species,10,cover,
3105,16,2008,,,1895,,,native,species,1.75,cover,
3105,16,2008,,,5584,,,native,species,9.125,cover,
3105,16,2008,,,803,,,native,species,21.875,cover,
3105,16,2008,,,5721,,,native,species,0.25,cover,
3105,16,2008,,,5758,,,native,species,16,cover,
3105,16,2008,,,3019,,,native,species,4.5,cover,
3105,16,2008,,,3061,,,native,species,4.5,cover,
3060,16,2008,,,1895,,,native,species,13,cover,
3060,16,2008,,,5584,,,native,species,6.75,cover,
3060,16,2008,,,803,,,native,species,22.5,cover,
3060,16,2008,,,5721,,,native,species,0.125,cover,
3060,16,2008,,,5758,,,native,species,15.625,cover,
3060,16,2008,,,3019,,,native,species,4,cover,
3060,16,2008,,,3061,,,native,species,4.75,cover,
3108,16,2008,,,1895,,,native,species,15,cover,
3108,16,2008,,,5584,,,native,species,8,cover,
3108,16,2008,,,803,,,native,species,15,cover,
3108,16,2008,,,5721,,,native,species,0,cover,
3108,16,2008,,,5758,,,native,species,5,cover,
3108,16,2008,,,3019,,,native,species,5,cover,
3108,16,2008,,,3061,,,native,species,3,cover,
3109,16,2008,,,1895,,,native,species,10.875,cover,
3109,16,2008,,,5584,,,native,species,4.625,cover,
3109,16,2008,,,803,,,native,species,7,cover,
3109,16,2008,,,5721,,,native,species,0,cover,
3109,16,2008,,,5758,,,native,species,7.125,cover,
3109,16,2008,,,3019,,,native,species,3.875,cover,
3109,16,2008,,,3061,,,native,species,3,cover,
3062,16,2008,,,1895,,,native,species,8.875,cover,
3062,16,2008,,,5584,,,native,species,5.625,cover,
3062,16,2008,,,803,,,native,species,9,cover,
3062,16,2008,,,5721,,,native,species,0.625,cover,
3062,16,2008,,,5758,,,native,species,7.5,cover,
3062,16,2008,,,3019,,,native,species,3.375,cover,
3062,16,2008,,,3061,,,native,species,3,cover,
3110,16,2008,,,1895,,,native,species,3,cover,
3110,16,2008,,,5584,,,native,species,2,cover,
3110,16,2008,,,803,,,native,species,5,cover,
3110,16,2008,,,5721,,,native,species,0,cover,
3110,16,2008,,,5758,,,native,species,10,cover,
3110,16,2008,,,3019,,,native,species,1,cover,
3110,16,2008,,,3061,,,native,species,4,cover,
3111,16,2008,,,1895,,,native,species,0,cover,
3111,16,2008,,,5584,,,native,species,3.375,cover,
3111,16,2008,,,803,,,native,species,12.5,cover,
3111,16,2008,,,5721,,,native,species,0.125,cover,
3111,16,2008,,,5758,,,native,species,15,cover,
3111,16,2008,,,3019,,,native,species,2.375,cover,
3111,16,2008,,,3061,,,native,species,2.5,cover,
3063,16,2008,,,1895,,,native,species,1,cover,
3063,16,2008,,,5584,,,native,species,2.875,cover,
3063,16,2008,,,803,,,native,species,7.5,cover,
3063,16,2008,,,5721,,,native,species,0.25,cover,
3063,16,2008,,,5758,,,native,species,8.5,cover,
3063,16,2008,,,3019,,,native,species,1.875,cover,
3063,16,2008,,,3061,,,native,species,1.625,cover,
3114,16,2008,,,1895,,,native,species,0,cover,
3114,16,2008,,,5584,,,native,species,5,cover,
3114,16,2008,,,803,,,native,species,10,cover,
3114,16,2008,,,5721,,,native,species,1,cover,
3114,16,2008,,,5758,,,native,species,20,cover,
3114,16,2008,,,3019,,,native,species,10,cover,
3114,16,2008,,,3061,,,native,species,10,cover,
3115,16,2008,,,1895,,,native,species,11.25,cover,
3115,16,2008,,,5584,,,native,species,8.25,cover,
3115,16,2008,,,803,,,native,species,7.125,cover,
3115,16,2008,,,5721,,,native,species,0.125,cover,
3115,16,2008,,,5758,,,native,species,12.25,cover,
3115,16,2008,,,3019,,,native,species,4.125,cover,
3115,16,2008,,,3061,,,native,species,2.125,cover,
3065,16,2008,,,1895,,,native,species,13.75,cover,
3065,16,2008,,,5584,,,native,species,9.375,cover,
3065,16,2008,,,803,,,native,species,9.75,cover,
3065,16,2008,,,5721,,,native,species,0.25,cover,
3065,16,2008,,,5758,,,native,species,9.75,cover,
3065,16,2008,,,3019,,,native,species,3,cover,
3065,16,2008,,,3061,,,native,species,3,cover,
3066,68,2009,,,1895,,,native,species,16.25,cover,
3066,68,2009,,,5574,,,native,species,3.375,cover,
3066,68,2009,,,803,,,native,species,40.625,cover,
3066,68,2009,,,5712,,,native,species,2.625,cover,
3066,68,2009,,,5721,,,native,species,0,cover,
3066,68,2009,,,5758,,,native,species,17.25,cover,
3066,68,2009,,,3019,,,native,species,24.625,cover,
3066,68,2009,,,3061,,,native,species,12.75,cover,
3067,68,2009,,,1895,,,native,species,12.125,cover,
3067,68,2009,,,5574,,,native,species,9.375,cover,
3067,68,2009,,,803,,,native,species,32.625,cover,
3067,68,2009,,,5712,,,native,species,4,cover,
3067,68,2009,,,5721,,,native,species,1.25,cover,
3067,68,2009,,,5758,,,native,species,11.875,cover,
3067,68,2009,,,3019,,,native,species,8.875,cover,
3067,68,2009,,,3061,,,native,species,11.25,cover,
3041,68,2009,,,1895,,,native,species,13.375,cover,
3041,68,2009,,,5574,,,native,species,10,cover,
3041,68,2009,,,803,,,native,species,32.5,cover,
3041,68,2009,,,5712,,,native,species,6.25,cover,
3041,68,2009,,,5721,,,native,species,1.25,cover,
3041,68,2009,,,5758,,,native,species,15.25,cover,
3041,68,2009,,,3019,,,native,species,11.875,cover,
3041,68,2009,,,3061,,,native,species,11.25,cover,
3068,68,2009,,,1895,,,native,species,3.75,cover,
3068,68,2009,,,5574,,,native,species,5.375,cover,
3068,68,2009,,,803,,,native,species,79.125,cover,
3068,68,2009,,,5712,,,native,species,0.25,cover,
3068,68,2009,,,5721,,,native,species,0,cover,
3068,68,2009,,,5758,,,native,species,5.625,cover,
3068,68,2009,,,3019,,,native,species,6.125,cover,
3068,68,2009,,,3061,,,native,species,0.625,cover,
3069,68,2009,,,1895,,,native,species,20.125,cover,
3069,68,2009,,,5574,,,native,species,3.75,cover,
3069,68,2009,,,803,,,native,species,37.875,cover,
3069,68,2009,,,5712,,,native,species,2.5,cover,
3069,68,2009,,,5721,,,native,species,1.5,cover,
3069,68,2009,,,5758,,,native,species,8.75,cover,
3069,68,2009,,,3019,,,native,species,2.25,cover,
3069,68,2009,,,3061,,,native,species,3.125,cover,
3042,68,2009,,,1895,,,native,species,23.5,cover,
3042,68,2009,,,5574,,,native,species,4.75,cover,
3042,68,2009,,,803,,,native,species,44.125,cover,
3042,68,2009,,,5712,,,native,species,4.125,cover,
3042,68,2009,,,5721,,,native,species,1.25,cover,
3042,68,2009,,,5758,,,native,species,11.875,cover,
3042,68,2009,,,3019,,,native,species,6.625,cover,
3042,68,2009,,,3061,,,native,species,3.5,cover,
3072,68,2009,,,1895,,,native,species,3.625,cover,
3072,68,2009,,,5574,,,native,species,1.875,cover,
3072,68,2009,,,803,,,native,species,83.5,cover,
3072,68,2009,,,5712,,,native,species,0.75,cover,
3072,68,2009,,,5721,,,native,species,0,cover,
3072,68,2009,,,5758,,,native,species,12.5,cover,
3072,68,2009,,,3019,,,native,species,0.25,cover,
3072,68,2009,,,3061,,,native,species,2.5,cover,
3073,68,2009,,,1895,,,native,species,13.75,cover,
3073,68,2009,,,5574,,,native,species,1.5,cover,
3073,68,2009,,,803,,,native,species,54.375,cover,
3073,68,2009,,,5712,,,native,species,0.625,cover,
3073,68,2009,,,5721,,,native,species,1,cover,
3073,68,2009,,,5758,,,native,species,11.375,cover,
3073,68,2009,,,3019,,,native,species,7.5,cover,
3073,68,2009,,,3061,,,native,species,4.25,cover,
3044,68,2009,,,1895,,,native,species,13.875,cover,
3044,68,2009,,,5574,,,native,species,2.625,cover,
3044,68,2009,,,803,,,native,species,70.875,cover,
3044,68,2009,,,5712,,,native,species,1.125,cover,
3044,68,2009,,,5721,,,native,species,1,cover,
3044,68,2009,,,5758,,,native,species,11.375,cover,
3044,68,2009,,,3019,,,native,species,6.25,cover,
3044,68,2009,,,3061,,,native,species,8.125,cover,
3074,68,2009,,,1895,,,native,species,8.875,cover,
3074,68,2009,,,5574,,,native,species,2.125,cover,
3074,68,2009,,,803,,,native,species,88.5,cover,
3074,68,2009,,,5712,,,native,species,1.125,cover,
3074,68,2009,,,5721,,,native,species,0,cover,
3074,68,2009,,,5758,,,native,species,1.5,cover,
3074,68,2009,,,3019,,,native,species,5,cover,
3074,68,2009,,,3061,,,native,species,7.875,cover,
3075,68,2009,,,1895,,,native,species,15,cover,
3075,68,2009,,,5574,,,native,species,3.75,cover,
3075,68,2009,,,803,,,native,species,54.375,cover,
3075,68,2009,,,5712,,,native,species,0.5,cover,
3075,68,2009,,,5721,,,native,species,0,cover,
3075,68,2009,,,5758,,,native,species,11.25,cover,
3075,68,2009,,,3019,,,native,species,7.625,cover,
3075,68,2009,,,3061,,,native,species,3.75,cover,
3045,68,2009,,,1895,,,native,species,10.375,cover,
3045,68,2009,,,5574,,,native,species,5.125,cover,
3045,68,2009,,,803,,,native,species,66.625,cover,
3045,68,2009,,,5712,,,native,species,3.375,cover,
3045,68,2009,,,5721,,,native,species,0.625,cover,
3045,68,2009,,,5758,,,native,species,13.875,cover,
3045,68,2009,,,3019,,,native,species,10.625,cover,
3045,68,2009,,,3061,,,native,species,7.5,cover,
3078,68,2009,,,1895,,,native,species,7.125,cover,
3078,68,2009,,,5574,,,native,species,1.5,cover,
3078,68,2009,,,803,,,native,species,75.625,cover,
3078,68,2009,,,5712,,,native,species,0,cover,
3078,68,2009,,,5721,,,native,species,0,cover,
3078,68,2009,,,5758,,,native,species,13.75,cover,
3078,68,2009,,,3019,,,native,species,5.5,cover,
3078,68,2009,,,3061,,,native,species,5.375,cover,
3079,68,2009,,,1895,,,native,species,20.25,cover,
3079,68,2009,,,5574,,,native,species,8.125,cover,
3079,68,2009,,,803,,,native,species,29,cover,
3079,68,2009,,,5712,,,native,species,1.5,cover,
3079,68,2009,,,5721,,,native,species,2.5,cover,
3079,68,2009,,,5758,,,native,species,11.375,cover,
3079,68,2009,,,3019,,,native,species,10.625,cover,
3079,68,2009,,,3061,,,native,species,11.25,cover,
3047,68,2009,,,1895,,,native,species,19.625,cover,
3047,68,2009,,,5574,,,native,species,5.5,cover,
3047,68,2009,,,803,,,native,species,35.25,cover,
3047,68,2009,,,5712,,,native,species,3.375,cover,
3047,68,2009,,,5721,,,native,species,1.875,cover,
3047,68,2009,,,5758,,,native,species,11.75,cover,
3047,68,2009,,,3019,,,native,species,10.625,cover,
3047,68,2009,,,3061,,,native,species,8.125,cover,
3084,68,2009,,,1895,,,native,species,23.5,cover,
3084,68,2009,,,5574,,,native,species,2.75,cover,
3084,68,2009,,,803,,,native,species,53.75,cover,
3084,68,2009,,,5712,,,native,species,0.75,cover,
3084,68,2009,,,5721,,,native,species,0,cover,
3084,68,2009,,,5758,,,native,species,9.125,cover,
3084,68,2009,,,3019,,,native,species,10.125,cover,
3084,68,2009,,,3061,,,native,species,5.5,cover,
3085,68,2009,,,1895,,,native,species,22.375,cover,
3085,68,2009,,,5574,,,native,species,3.875,cover,
3085,68,2009,,,803,,,native,species,42.125,cover,
3085,68,2009,,,5712,,,native,species,8.125,cover,
3085,68,2009,,,5721,,,native,species,1.875,cover,
3085,68,2009,,,5758,,,native,species,11,cover,
3085,68,2009,,,3019,,,native,species,9.375,cover,
3085,68,2009,,,3061,,,native,species,3.5,cover,
3050,68,2009,,,1895,,,native,species,24.125,cover,
3050,68,2009,,,5574,,,native,species,6.25,cover,
3050,68,2009,,,803,,,native,species,33.25,cover,
3050,68,2009,,,5712,,,native,species,9.375,cover,
3050,68,2009,,,5721,,,native,species,2.5,cover,
3050,68,2009,,,5758,,,native,species,13.125,cover,
3050,68,2009,,,3019,,,native,species,7.25,cover,
3050,68,2009,,,3061,,,native,species,3.625,cover,
3088,68,2009,,,1895,,,native,species,26.875,cover,
3088,68,2009,,,5574,,,native,species,0,cover,
3088,68,2009,,,803,,,native,species,76.25,cover,
3088,68,2009,,,5712,,,native,species,0.375,cover,
3088,68,2009,,,5721,,,native,species,0,cover,
3088,68,2009,,,5758,,,native,species,10.25,cover,
3088,68,2009,,,3019,,,native,species,3.75,cover,
3088,68,2009,,,3061,,,native,species,14.375,cover,
3089,68,2009,,,1895,,,native,species,31.75,cover,
3089,68,2009,,,5574,,,native,species,5,cover,
3089,68,2009,,,803,,,native,species,31,cover,
3089,68,2009,,,5712,,,native,species,0.5,cover,
3089,68,2009,,,5721,,,native,species,0,cover,
3089,68,2009,,,5758,,,native,species,10.5,cover,
3089,68,2009,,,3019,,,native,species,9.375,cover,
3089,68,2009,,,3061,,,native,species,3.125,cover,
3052,68,2009,,,1895,,,native,species,29.625,cover,
3052,68,2009,,,5574,,,native,species,6,cover,
3052,68,2009,,,803,,,native,species,30.625,cover,
3052,68,2009,,,5712,,,native,species,0.5,cover,
3052,68,2009,,,5721,,,native,species,0.375,cover,
3052,68,2009,,,5758,,,native,species,11.125,cover,
3052,68,2009,,,3019,,,native,species,11.5,cover,
3052,68,2009,,,3061,,,native,species,16.4,cover,
3090,68,2009,,,1895,,,native,species,36.875,cover,
3090,68,2009,,,5574,,,native,species,0,cover,
3090,68,2009,,,803,,,native,species,61.875,cover,
3090,68,2009,,,5712,,,native,species,0,cover,
3090,68,2009,,,5721,,,native,species,0,cover,
3090,68,2009,,,5758,,,native,species,12.125,cover,
3090,68,2009,,,3019,,,native,species,3.875,cover,
3090,68,2009,,,3061,,,native,species,18.125,cover,
3091,68,2009,,,1895,,,native,species,38,cover,
3091,68,2009,,,5574,,,native,species,5,cover,
3091,68,2009,,,803,,,native,species,28.125,cover,
3091,68,2009,,,5712,,,native,species,3.75,cover,
3091,68,2009,,,5721,,,native,species,2.5,cover,
3091,68,2009,,,5758,,,native,species,11.875,cover,
3091,68,2009,,,3019,,,native,species,3.75,cover,
3091,68,2009,,,3061,,,native,species,7.75,cover,
3053,68,2009,,,1895,,,native,species,38.75,cover,
3053,68,2009,,,5574,,,native,species,4.375,cover,
3053,68,2009,,,803,,,native,species,30.625,cover,
3053,68,2009,,,5712,,,native,species,4.625,cover,
3053,68,2009,,,5721,,,native,species,1.875,cover,
3053,68,2009,,,5758,,,native,species,12.75,cover,
3053,68,2009,,,3019,,,native,species,4.125,cover,
3053,68,2009,,,3061,,,native,species,10.125,cover,
3092,68,2009,,,1895,,,native,species,13.125,cover,
3092,68,2009,,,5574,,,native,species,0,cover,
3092,68,2009,,,803,,,native,species,66.25,cover,
3092,68,2009,,,5712,,,native,species,0.625,cover,
3092,68,2009,,,5721,,,native,species,0,cover,
3092,68,2009,,,5758,,,native,species,6.5,cover,
3092,68,2009,,,3019,,,native,species,7.125,cover,
3092,68,2009,,,3061,,,native,species,1,cover,
3093,68,2009,,,1895,,,native,species,35.625,cover,
3093,68,2009,,,5574,,,native,species,6.625,cover,
3093,68,2009,,,803,,,native,species,31.125,cover,
3093,68,2009,,,5712,,,native,species,6.625,cover,
3093,68,2009,,,5721,,,native,species,0,cover,
3093,68,2009,,,5758,,,native,species,14.125,cover,
3093,68,2009,,,3019,,,native,species,7.5,cover,
3093,68,2009,,,3061,,,native,species,10.625,cover,
3054,68,2009,,,1895,,,native,species,30.875,cover,
3054,68,2009,,,5574,,,native,species,4.875,cover,
3054,68,2009,,,803,,,native,species,31.625,cover,
3054,68,2009,,,5712,,,native,species,4.125,cover,
3054,68,2009,,,5721,,,native,species,0,cover,
3054,68,2009,,,5758,,,native,species,15.125,cover,
3054,68,2009,,,3019,,,native,species,10.875,cover,
3054,68,2009,,,3061,,,native,species,10.71428571,cover,
3094,68,2009,,,1895,,,native,species,22.5,cover,
3094,68,2009,,,5574,,,native,species,7.5,cover,
3094,68,2009,,,803,,,native,species,70.625,cover,
3094,68,2009,,,5712,,,native,species,0.125,cover,
3094,68,2009,,,5721,,,native,species,0,cover,
3094,68,2009,,,5758,,,native,species,8.125,cover,
3094,68,2009,,,3019,,,native,species,5.25,cover,
3094,68,2009,,,3061,,,native,species,0.125,cover,
3095,68,2009,,,1895,,,native,species,29.375,cover,
3095,68,2009,,,5574,,,native,species,5.75,cover,
3095,68,2009,,,803,,,native,species,23.5,cover,
3095,68,2009,,,5712,,,native,species,5.625,cover,
3095,68,2009,,,5721,,,native,species,0.625,cover,
3095,68,2009,,,5758,,,native,species,11.25,cover,
3095,68,2009,,,3019,,,native,species,10.625,cover,
3095,68,2009,,,3061,,,native,species,7.5,cover,
3055,68,2009,,,1895,,,native,species,32.125,cover,
3055,68,2009,,,5574,,,native,species,5.75,cover,
3055,68,2009,,,803,,,native,species,32.25,cover,
3055,68,2009,,,5712,,,native,species,4.75,cover,
3055,68,2009,,,5721,,,native,species,0.625,cover,
3055,68,2009,,,5758,,,native,species,11.25,cover,
3055,68,2009,,,3019,,,native,species,11.5,cover,
3055,68,2009,,,3061,,,native,species,4.75,cover,
3098,68,2009,,,1895,,,native,species,32.5,cover,
3098,68,2009,,,5574,,,native,species,0,cover,
3098,68,2009,,,803,,,native,species,5.625,cover,
3098,68,2009,,,5712,,,native,species,0.125,cover,
3098,68,2009,,,5721,,,native,species,0,cover,
3098,68,2009,,,5758,,,native,species,10.25,cover,
3098,68,2009,,,3019,,,native,species,2.75,cover,
3098,68,2009,,,3061,,,native,species,8.375,cover,
3099,68,2009,,,1895,,,native,species,23.5,cover,
3099,68,2009,,,5574,,,native,species,2.625,cover,
3099,68,2009,,,803,,,native,species,20.5,cover,
3099,68,2009,,,5712,,,native,species,0.125,cover,
3099,68,2009,,,5721,,,native,species,0.625,cover,
3099,68,2009,,,5758,,,native,species,10.5,cover,
3099,68,2009,,,3019,,,native,species,6.25,cover,
3099,68,2009,,,3061,,,native,species,3.75,cover,
3057,68,2009,,,1895,,,native,species,21.5,cover,
3057,68,2009,,,5574,,,native,species,4.125,cover,
3057,68,2009,,,803,,,native,species,19,cover,
3057,68,2009,,,5712,,,native,species,1.125,cover,
3057,68,2009,,,5721,,,native,species,0.625,cover,
3057,68,2009,,,5758,,,native,species,11.625,cover,
3057,68,2009,,,3019,,,native,species,3.75,cover,
3057,68,2009,,,3061,,,native,species,6.5,cover,
3106,68,2009,,,1895,,,native,species,56.25,cover,
3106,68,2009,,,5574,,,native,species,5.25,cover,
3106,68,2009,,,803,,,native,species,27.125,cover,
3106,68,2009,,,5712,,,native,species,10,cover,
3106,68,2009,,,5721,,,native,species,0,cover,
3106,68,2009,,,5758,,,native,species,6.375,cover,
3106,68,2009,,,3019,,,native,species,0.875,cover,
3106,68,2009,,,3061,,,native,species,0.5,cover,
3107,68,2009,,,1895,,,native,species,32.25,cover,
3107,68,2009,,,5574,,,native,species,6.375,cover,
3107,68,2009,,,803,,,native,species,13,cover,
3107,68,2009,,,5712,,,native,species,2.625,cover,
3107,68,2009,,,5721,,,native,species,3.125,cover,
3107,68,2009,,,5758,,,native,species,3.125,cover,
3107,68,2009,,,3019,,,native,species,0,cover,
3107,68,2009,,,3061,,,native,species,2.5,cover,
3061,68,2009,,,1895,,,native,species,39,cover,
3061,68,2009,,,5574,,,native,species,5.625,cover,
3061,68,2009,,,803,,,native,species,19.75,cover,
3061,68,2009,,,5712,,,native,species,4.375,cover,
3061,68,2009,,,5721,,,native,species,2.5,cover,
3061,68,2009,,,5758,,,native,species,10,cover,
3061,68,2009,,,3019,,,native,species,0.125,cover,
3061,68,2009,,,3061,,,native,species,0.625,cover,
3112,68,2009,,,1895,,,native,species,22,cover,
3112,68,2009,,,5574,,,native,species,1.875,cover,
3112,68,2009,,,803,,,native,species,12.875,cover,
3112,68,2009,,,5712,,,native,species,9,cover,
3112,68,2009,,,5721,,,native,species,0,cover,
3112,68,2009,,,5758,,,native,species,7.75,cover,
3112,68,2009,,,3019,,,native,species,1.5,cover,
3112,68,2009,,,3061,,,native,species,4.625,cover,
3113,68,2009,,,1895,,,native,species,14.5,cover,
3113,68,2009,,,5574,,,native,species,2.5,cover,
3113,68,2009,,,803,,,native,species,25.375,cover,
3113,68,2009,,,5712,,,native,species,4.125,cover,
3113,68,2009,,,5721,,,native,species,0.375,cover,
3113,68,2009,,,5758,,,native,species,10.875,cover,
3113,68,2009,,,3019,,,native,species,5.5,cover,
3113,68,2009,,,3061,,,native,species,1.25,cover,
3064,68,2009,,,1895,,,native,species,17.5,cover,
3064,68,2009,,,5574,,,native,species,4.625,cover,
3064,68,2009,,,803,,,native,species,25.5,cover,
3064,68,2009,,,5712,,,native,species,6.5,cover,
3064,68,2009,,,5721,,,native,species,0.625,cover,
3064,68,2009,,,5758,,,native,species,11.625,cover,
3064,68,2009,,,3019,,,native,species,2.625,cover,
3064,68,2009,,,3061,,,native,species,1.875,cover,
3070,68,2009,,,1895,,,native,species,20.625,cover,
3070,68,2009,,,5574,,,native,species,2.5,cover,
3070,68,2009,,,803,,,native,species,58.125,cover,
3070,68,2009,,,5712,,,native,species,3.125,cover,
3070,68,2009,,,5721,,,native,species,0,cover,
3070,68,2009,,,5758,,,native,species,31.875,cover,
3070,68,2009,,,3019,,,native,species,0.875,cover,
3070,68,2009,,,3061,,,native,species,3.875,cover,
3071,68,2009,,,1895,,,native,species,5.5,cover,
3071,68,2009,,,5574,,,native,species,10.375,cover,
3071,68,2009,,,803,,,native,species,74.375,cover,
3071,68,2009,,,5712,,,native,species,3.625,cover,
3071,68,2009,,,5721,,,native,species,0,cover,
3071,68,2009,,,5758,,,native,species,17.875,cover,
3071,68,2009,,,3019,,,native,species,0.375,cover,
3071,68,2009,,,3061,,,native,species,0.5,cover,
3043,68,2009,,,1895,,,native,species,12.125,cover,
3043,68,2009,,,5574,,,native,species,9.625,cover,
3043,68,2009,,,803,,,native,species,75.625,cover,
3043,68,2009,,,5712,,,native,species,5.25,cover,
3043,68,2009,,,5721,,,native,species,0.125,cover,
3043,68,2009,,,5758,,,native,species,20,cover,
3043,68,2009,,,3019,,,native,species,1,cover,
3043,68,2009,,,3061,,,native,species,1.625,cover,
3076,68,2009,,,1895,,,native,species,1.5,cover,
3076,68,2009,,,5574,,,native,species,1.25,cover,
3076,68,2009,,,803,,,native,species,86.25,cover,
3076,68,2009,,,5712,,,native,species,0.5,cover,
3076,68,2009,,,5721,,,native,species,0.5,cover,
3076,68,2009,,,5758,,,native,species,27.5,cover,
3076,68,2009,,,3019,,,native,species,0.125,cover,
3076,68,2009,,,3061,,,native,species,0.875,cover,
3077,68,2009,,,1895,,,native,species,2.625,cover,
3077,68,2009,,,5574,,,native,species,2.375,cover,
3077,68,2009,,,803,,,native,species,65.625,cover,
3077,68,2009,,,5712,,,native,species,3.75,cover,
3077,68,2009,,,5721,,,native,species,0,cover,
3077,68,2009,,,5758,,,native,species,35.25,cover,
3077,68,2009,,,3019,,,native,species,0.125,cover,
3077,68,2009,,,3061,,,native,species,0.375,cover,
3046,68,2009,,,1895,,,native,species,3.875,cover,
3046,68,2009,,,5574,,,native,species,5,cover,
3046,68,2009,,,803,,,native,species,80,cover,
3046,68,2009,,,5712,,,native,species,2.375,cover,
3046,68,2009,,,5721,,,native,species,0.125,cover,
3046,68,2009,,,5758,,,native,species,19.125,cover,
3046,68,2009,,,3019,,,native,species,1.375,cover,
3046,68,2009,,,3061,,,native,species,1.125,cover,
3080,68,2009,,,1895,,,native,species,9.125,cover,
3080,68,2009,,,5574,,,native,species,2.125,cover,
3080,68,2009,,,803,,,native,species,51.875,cover,
3080,68,2009,,,5712,,,native,species,0.5,cover,
3080,68,2009,,,5721,,,native,species,0,cover,
3080,68,2009,,,5758,,,native,species,46.875,cover,
3080,68,2009,,,3019,,,native,species,2.375,cover,
3080,68,2009,,,3061,,,native,species,6.25,cover,
3081,68,2009,,,1895,,,native,species,4.5,cover,
3081,68,2009,,,5574,,,native,species,6.625,cover,
3081,68,2009,,,803,,,native,species,75.625,cover,
3081,68,2009,,,5712,,,native,species,4,cover,
3081,68,2009,,,5721,,,native,species,0,cover,
3081,68,2009,,,5758,,,native,species,20,cover,
3081,68,2009,,,3019,,,native,species,1,cover,
3081,68,2009,,,3061,,,native,species,0.625,cover,
3048,68,2009,,,1895,,,native,species,8.5,cover,
3048,68,2009,,,5574,,,native,species,6.875,cover,
3048,68,2009,,,803,,,native,species,73.75,cover,
3048,68,2009,,,5712,,,native,species,3,cover,
3048,68,2009,,,5721,,,native,species,0,cover,
3048,68,2009,,,5758,,,native,species,14.375,cover,
3048,68,2009,,,3019,,,native,species,2.375,cover,
3048,68,2009,,,3061,,,native,species,4.25,cover,
3082,68,2009,,,1895,,,native,species,3.875,cover,
3082,68,2009,,,5574,,,native,species,5,cover,
3082,68,2009,,,803,,,native,species,47.5,cover,
3082,68,2009,,,5712,,,native,species,2.125,cover,
3082,68,2009,,,5721,,,native,species,0,cover,
3082,68,2009,,,5758,,,native,species,15.625,cover,
3082,68,2009,,,3019,,,native,species,0.875,cover,
3082,68,2009,,,3061,,,native,species,4.375,cover,
3083,68,2009,,,1895,,,native,species,7.125,cover,
3083,68,2009,,,5574,,,native,species,3.75,cover,
3083,68,2009,,,803,,,native,species,61.875,cover,
3083,68,2009,,,5712,,,native,species,1,cover,
3083,68,2009,,,5721,,,native,species,0,cover,
3083,68,2009,,,5758,,,native,species,21.625,cover,
3083,68,2009,,,3019,,,native,species,3.875,cover,
3083,68,2009,,,3061,,,native,species,1.25,cover,
3049,68,2009,,,1895,,,native,species,8.75,cover,
3049,68,2009,,,5574,,,native,species,8.125,cover,
3049,68,2009,,,803,,,native,species,65,cover,
3049,68,2009,,,5712,,,native,species,1.75,cover,
3049,68,2009,,,5721,,,native,species,0.125,cover,
3049,68,2009,,,5758,,,native,species,25,cover,
3049,68,2009,,,3019,,,native,species,3.125,cover,
3049,68,2009,,,3061,,,native,species,2.375,cover,
3086,68,2009,,,1895,,,native,species,1.5,cover,
3086,68,2009,,,5574,,,native,species,4.625,cover,
3086,68,2009,,,803,,,native,species,57.5,cover,
3086,68,2009,,,5712,,,native,species,0,cover,
3086,68,2009,,,5721,,,native,species,0,cover,
3086,68,2009,,,5758,,,native,species,29.375,cover,
3086,68,2009,,,3019,,,native,species,0,cover,
3086,68,2009,,,3061,,,native,species,3.75,cover,
3087,68,2009,,,1895,,,native,species,4.125,cover,
3087,68,2009,,,5574,,,native,species,4.625,cover,
3087,68,2009,,,803,,,native,species,73.75,cover,
3087,68,2009,,,5712,,,native,species,0.375,cover,
3087,68,2009,,,5721,,,native,species,0,cover,
3087,68,2009,,,5758,,,native,species,26.125,cover,
3087,68,2009,,,3019,,,native,species,0.125,cover,
3087,68,2009,,,3061,,,native,species,0.375,cover,
3051,68,2009,,,1895,,,native,species,4.25,cover,
3051,68,2009,,,5574,,,native,species,6.5,cover,
3051,68,2009,,,803,,,native,species,75.625,cover,
3051,68,2009,,,5712,,,native,species,2.875,cover,
3051,68,2009,,,5721,,,native,species,0.125,cover,
3051,68,2009,,,5758,,,native,species,21.5,cover,
3051,68,2009,,,3019,,,native,species,0.75,cover,
3051,68,2009,,,3061,,,native,species,2.571428571,cover,
3096,68,2009,,,1895,,,native,species,35.25,cover,
3096,68,2009,,,5574,,,native,species,0,cover,
3096,68,2009,,,803,,,native,species,40.625,cover,
3096,68,2009,,,5712,,,native,species,0,cover,
3096,68,2009,,,5721,,,native,species,0,cover,
3096,68,2009,,,5758,,,native,species,15.625,cover,
3096,68,2009,,,3019,,,native,species,3,cover,
3096,68,2009,,,3061,,,native,species,21.25,cover,
3097,68,2009,,,1895,,,native,species,20.25,cover,
3097,68,2009,,,5574,,,native,species,5.75,cover,
3097,68,2009,,,803,,,native,species,51.25,cover,
3097,68,2009,,,5712,,,native,species,3.75,cover,
3097,68,2009,,,5721,,,native,species,0,cover,
3097,68,2009,,,5758,,,native,species,28.75,cover,
3097,68,2009,,,3019,,,native,species,2,cover,
3097,68,2009,,,3061,,,native,species,3.875,cover,
3056,68,2009,,,1895,,,native,species,31.625,cover,
3056,68,2009,,,5574,,,native,species,5.125,cover,
3056,68,2009,,,803,,,native,species,43.125,cover,
3056,68,2009,,,5712,,,native,species,3.25,cover,
3056,68,2009,,,5721,,,native,species,0,cover,
3056,68,2009,,,5758,,,native,species,16.25,cover,
3056,68,2009,,,3019,,,native,species,2.375,cover,
3056,68,2009,,,3061,,,native,species,7.375,cover,
3100,68,2009,,,1895,,,native,species,8.625,cover,
3100,68,2009,,,5574,,,native,species,3.25,cover,
3100,68,2009,,,803,,,native,species,85.625,cover,
3100,68,2009,,,5712,,,native,species,0.125,cover,
3100,68,2009,,,5721,,,native,species,0,cover,
3100,68,2009,,,5758,,,native,species,5.5,cover,
3100,68,2009,,,3019,,,native,species,0.75,cover,
3100,68,2009,,,3061,,,native,species,7.25,cover,
3101,68,2009,,,1895,,,native,species,19.875,cover,
3101,68,2009,,,5574,,,native,species,2.25,cover,
3101,68,2009,,,803,,,native,species,71.875,cover,
3101,68,2009,,,5712,,,native,species,1.125,cover,
3101,68,2009,,,5721,,,native,species,0,cover,
3101,68,2009,,,5758,,,native,species,20.25,cover,
3101,68,2009,,,3019,,,native,species,1.125,cover,
3101,68,2009,,,3061,,,native,species,1.875,cover,
3058,68,2009,,,1895,,,native,species,16.875,cover,
3058,68,2009,,,5574,,,native,species,3.875,cover,
3058,68,2009,,,803,,,native,species,75,cover,
3058,68,2009,,,5712,,,native,species,2.75,cover,
3058,68,2009,,,5721,,,native,species,0,cover,
3058,68,2009,,,5758,,,native,species,11.875,cover,
3058,68,2009,,,3019,,,native,species,1.5,cover,
3058,68,2009,,,3061,,,native,species,2,cover,
3102,68,2009,,,1895,,,native,species,15.875,cover,
3102,68,2009,,,5574,,,native,species,0,cover,
3102,68,2009,,,803,,,native,species,66.875,cover,
3102,68,2009,,,5712,,,native,species,0,cover,
3102,68,2009,,,5721,,,native,species,0,cover,
3102,68,2009,,,5758,,,native,species,14.125,cover,
3102,68,2009,,,3019,,,native,species,1.375,cover,
3102,68,2009,,,3061,,,native,species,3.625,cover,
3103,68,2009,,,1895,,,native,species,4.25,cover,
3103,68,2009,,,5574,,,native,species,1,cover,
3103,68,2009,,,803,,,native,species,86,cover,
3103,68,2009,,,5712,,,native,species,0.75,cover,
3103,68,2009,,,5721,,,native,species,0.25,cover,
3103,68,2009,,,5758,,,native,species,19.625,cover,
3103,68,2009,,,3019,,,native,species,1.125,cover,
3103,68,2009,,,3061,,,native,species,1.375,cover,
3059,68,2009,,,1895,,,native,species,10,cover,
3059,68,2009,,,5574,,,native,species,2.625,cover,
3059,68,2009,,,803,,,native,species,81.25,cover,
3059,68,2009,,,5712,,,native,species,1.625,cover,
3059,68,2009,,,5721,,,native,species,0.25,cover,
3059,68,2009,,,5758,,,native,species,14.125,cover,
3059,68,2009,,,3019,,,native,species,2,cover,
3059,68,2009,,,3061,,,native,species,1.5,cover,
3104,68,2009,,,1895,,,native,species,4.75,cover,
3104,68,2009,,,5574,,,native,species,2.5,cover,
3104,68,2009,,,803,,,native,species,28,cover,
3104,68,2009,,,5712,,,native,species,0.25,cover,
3104,68,2009,,,5721,,,native,species,0,cover,
3104,68,2009,,,5758,,,native,species,13.75,cover,
3104,68,2009,,,3019,,,native,species,0.75,cover,
3104,68,2009,,,3061,,,native,species,1.625,cover,
3105,68,2009,,,1895,,,native,species,12.5,cover,
3105,68,2009,,,5574,,,native,species,5,cover,
3105,68,2009,,,803,,,native,species,48.25,cover,
3105,68,2009,,,5712,,,native,species,1.125,cover,
3105,68,2009,,,5721,,,native,species,0,cover,
3105,68,2009,,,5758,,,native,species,23.75,cover,
3105,68,2009,,,3019,,,native,species,0.375,cover,
3105,68,2009,,,3061,,,native,species,1.875,cover,
3060,68,2009,,,1895,,,native,species,16.375,cover,
3060,68,2009,,,5574,,,native,species,9.125,cover,
3060,68,2009,,,803,,,native,species,52.5,cover,
3060,68,2009,,,5712,,,native,species,3.375,cover,
3060,68,2009,,,5721,,,native,species,0.25,cover,
3060,68,2009,,,5758,,,native,species,19.125,cover,
3060,68,2009,,,3019,,,native,species,0.75,cover,
3060,68,2009,,,3061,,,native,species,0.875,cover,
3108,68,2009,,,1895,,,native,species,25.625,cover,
3108,68,2009,,,5574,,,native,species,6.25,cover,
3108,68,2009,,,803,,,native,species,37.5,cover,
3108,68,2009,,,5712,,,native,species,1.25,cover,
3108,68,2009,,,5721,,,native,species,0,cover,
3108,68,2009,,,5758,,,native,species,10.625,cover,
3108,68,2009,,,3019,,,native,species,0,cover,
3108,68,2009,,,3061,,,native,species,0,cover,
3109,68,2009,,,1895,,,native,species,33.125,cover,
3109,68,2009,,,5574,,,native,species,4.5,cover,
3109,68,2009,,,803,,,native,species,51.25,cover,
3109,68,2009,,,5712,,,native,species,1.5,cover,
3109,68,2009,,,5721,,,native,species,0,cover,
3109,68,2009,,,5758,,,native,species,27,cover,
3109,68,2009,,,3019,,,native,species,0,cover,
3109,68,2009,,,3061,,,native,species,0.125,cover,
3062,68,2009,,,1895,,,native,species,35,cover,
3062,68,2009,,,5574,,,native,species,5.5,cover,
3062,68,2009,,,803,,,native,species,37.25,cover,
3062,68,2009,,,5712,,,native,species,2.125,cover,
3062,68,2009,,,5721,,,native,species,0.25,cover,
3062,68,2009,,,5758,,,native,species,16.625,cover,
3062,68,2009,,,3019,,,native,species,0,cover,
3062,68,2009,,,3061,,,native,species,0,cover,
3110,68,2009,,,1895,,,native,species,70,cover,
3110,68,2009,,,5574,,,native,species,1.25,cover,
3110,68,2009,,,803,,,native,species,29,cover,
3110,68,2009,,,5712,,,native,species,0,cover,
3110,68,2009,,,5721,,,native,species,0,cover,
3110,68,2009,,,5758,,,native,species,4,cover,
3110,68,2009,,,3019,,,native,species,0.75,cover,
3110,68,2009,,,3061,,,native,species,7.125,cover,
3111,68,2009,,,1895,,,native,species,29.375,cover,
3111,68,2009,,,5574,,,native,species,2.25,cover,
3111,68,2009,,,803,,,native,species,29.375,cover,
3111,68,2009,,,5712,,,native,species,3.375,cover,
3111,68,2009,,,5721,,,native,species,0.25,cover,
3111,68,2009,,,5758,,,native,species,11.875,cover,
3111,68,2009,,,3019,,,native,species,1.25,cover,
3111,68,2009,,,3061,,,native,species,3.625,cover,
3063,68,2009,,,1895,,,native,species,43.75,cover,
3063,68,2009,,,5574,,,native,species,3.25,cover,
3063,68,2009,,,803,,,native,species,31,cover,
3063,68,2009,,,5712,,,native,species,2,cover,
3063,68,2009,,,5721,,,native,species,0.25,cover,
3063,68,2009,,,5758,,,native,species,8.75,cover,
3063,68,2009,,,3019,,,native,species,1.5,cover,
3063,68,2009,,,3061,,,native,species,1.375,cover,
3114,68,2009,,,1895,,,native,species,33.125,cover,
3114,68,2009,,,5574,,,native,species,1.25,cover,
3114,68,2009,,,803,,,native,species,22.375,cover,
3114,68,2009,,,5712,,,native,species,0.875,cover,
3114,68,2009,,,5721,,,native,species,0,cover,
3114,68,2009,,,5758,,,native,species,33.75,cover,
3114,68,2009,,,3019,,,native,species,2.75,cover,
3114,68,2009,,,3061,,,native,species,0.375,cover,
3115,68,2009,,,1895,,,native,species,31.75,cover,
3115,68,2009,,,5574,,,native,species,3.75,cover,
3115,68,2009,,,803,,,native,species,43.75,cover,
3115,68,2009,,,5712,,,native,species,2.5,cover,
3115,68,2009,,,5721,,,native,species,0,cover,
3115,68,2009,,,5758,,,native,species,16.625,cover,
3115,68,2009,,,3019,,,native,species,0.25,cover,
3115,68,2009,,,3061,,,native,species,3.875,cover,
3065,68,2009,,,1895,,,native,species,38.875,cover,
3065,68,2009,,,5574,,,native,species,5.5,cover,
3065,68,2009,,,803,,,native,species,29.625,cover,
3065,68,2009,,,5712,,,native,species,3.25,cover,
3065,68,2009,,,5721,,,native,species,0,cover,
3065,68,2009,,,5758,,,native,species,16.25,cover,
3065,68,2009,,,3019,,,native,species,2.375,cover,
3065,68,2009,,,3061,,,native,species,1.625,cover,
3066,120,2010,,,1895,,,native,species,0,cover,
3066,120,2010,,,5574,,,native,species,24.125,cover,
3066,120,2010,,,803,,,native,species,23.375,cover,
3066,120,2010,,,5712,,,native,species,16.25,cover,
3066,120,2010,,,5721,,,native,species,0,cover,
3066,120,2010,,,5758,,,native,species,28.375,cover,
3066,120,2010,,,3019,,,native,species,0.125,cover,
3066,120,2010,,,3061,,,native,species,0,cover,
3067,120,2010,,,1895,,,native,species,0.125,cover,
3067,120,2010,,,5574,,,native,species,16.875,cover,
3067,120,2010,,,803,,,native,species,47.25,cover,
3067,120,2010,,,5712,,,native,species,12.125,cover,
3067,120,2010,,,5721,,,native,species,1.875,cover,
3067,120,2010,,,5758,,,native,species,14.375,cover,
3067,120,2010,,,3019,,,native,species,0,cover,
3067,120,2010,,,3061,,,native,species,0.625,cover,
3041,120,2010,,,1895,,,native,species,0.625,cover,
3041,120,2010,,,5574,,,native,species,18.875,cover,
3041,120,2010,,,803,,,native,species,50.125,cover,
3041,120,2010,,,5712,,,native,species,15.625,cover,
3041,120,2010,,,5721,,,native,species,1.875,cover,
3041,120,2010,,,5758,,,native,species,19.125,cover,
3041,120,2010,,,3019,,,native,species,0.125,cover,
3041,120,2010,,,3061,,,native,species,0.625,cover,
3068,120,2010,,,1895,,,native,species,0,cover,
3068,120,2010,,,5574,,,native,species,7,cover,
3068,120,2010,,,803,,,native,species,91.25,cover,
3068,120,2010,,,5712,,,native,species,2.375,cover,
3068,120,2010,,,5721,,,native,species,0,cover,
3068,120,2010,,,5758,,,native,species,6.875,cover,
3068,120,2010,,,3019,,,native,species,0,cover,
3068,120,2010,,,3061,,,native,species,0,cover,
3069,120,2010,,,1895,,,native,species,0.125,cover,
3069,120,2010,,,5574,,,native,species,5.125,cover,
3069,120,2010,,,803,,,native,species,72.5,cover,
3069,120,2010,,,5712,,,native,species,3.75,cover,
3069,120,2010,,,5721,,,native,species,3.75,cover,
3069,120,2010,,,5758,,,native,species,17.5,cover,
3069,120,2010,,,3019,,,native,species,0,cover,
3069,120,2010,,,3061,,,native,species,0,cover,
3042,120,2010,,,1895,,,native,species,0.875,cover,
3042,120,2010,,,5574,,,native,species,5.5,cover,
3042,120,2010,,,803,,,native,species,81.25,cover,
3042,120,2010,,,5712,,,native,species,10.375,cover,
3042,120,2010,,,5721,,,native,species,3.875,cover,
3042,120,2010,,,5758,,,native,species,17.25,cover,
3042,120,2010,,,3019,,,native,species,0,cover,
3042,120,2010,,,3061,,,native,species,0,cover,
3072,120,2010,,,1895,,,native,species,0,cover,
3072,120,2010,,,5574,,,native,species,1.25,cover,
3072,120,2010,,,803,,,native,species,63.125,cover,
3072,120,2010,,,5712,,,native,species,0.375,cover,
3072,120,2010,,,5721,,,native,species,0.375,cover,
3072,120,2010,,,5758,,,native,species,21.75,cover,
3072,120,2010,,,3019,,,native,species,0,cover,
3072,120,2010,,,3061,,,native,species,0,cover,
3073,120,2010,,,1895,,,native,species,0,cover,
3073,120,2010,,,5574,,,native,species,2.5,cover,
3073,120,2010,,,803,,,native,species,57.625,cover,
3073,120,2010,,,5712,,,native,species,1.25,cover,
3073,120,2010,,,5721,,,native,species,1.5,cover,
3073,120,2010,,,5758,,,native,species,14.125,cover,
3073,120,2010,,,3019,,,native,species,0,cover,
3073,120,2010,,,3061,,,native,species,0,cover,
3044,120,2010,,,1895,,,native,species,0.25,cover,
3044,120,2010,,,5574,,,native,species,4.875,cover,
3044,120,2010,,,803,,,native,species,65,cover,
3044,120,2010,,,5712,,,native,species,1.875,cover,
3044,120,2010,,,5721,,,native,species,1.625,cover,
3044,120,2010,,,5758,,,native,species,16.375,cover,
3044,120,2010,,,3019,,,native,species,0,cover,
3044,120,2010,,,3061,,,native,species,0,cover,
3074,120,2010,,,1895,,,native,species,0,cover,
3074,120,2010,,,5574,,,native,species,2.75,cover,
3074,120,2010,,,803,,,native,species,87.25,cover,
3074,120,2010,,,5712,,,native,species,1.625,cover,
3074,120,2010,,,5721,,,native,species,0,cover,
3074,120,2010,,,5758,,,native,species,3.125,cover,
3074,120,2010,,,3019,,,native,species,0,cover,
3074,120,2010,,,3061,,,native,species,0.125,cover,
3075,120,2010,,,1895,,,native,species,0.125,cover,
3075,120,2010,,,5574,,,native,species,6,cover,
3075,120,2010,,,803,,,native,species,67.625,cover,
3075,120,2010,,,5712,,,native,species,2.75,cover,
3075,120,2010,,,5721,,,native,species,1,cover,
3075,120,2010,,,5758,,,native,species,13.125,cover,
3075,120,2010,,,3019,,,native,species,0,cover,
3075,120,2010,,,3061,,,native,species,0.125,cover,
3045,120,2010,,,1895,,,native,species,0.875,cover,
3045,120,2010,,,5574,,,native,species,5.875,cover,
3045,120,2010,,,803,,,native,species,68,cover,
3045,120,2010,,,5712,,,native,species,6,cover,
3045,120,2010,,,5721,,,native,species,0.375,cover,
3045,120,2010,,,5758,,,native,species,16.625,cover,
3045,120,2010,,,3019,,,native,species,0,cover,
3045,120,2010,,,3061,,,native,species,0.375,cover,
3078,120,2010,,,1895,,,native,species,0,cover,
3078,120,2010,,,5574,,,native,species,6.625,cover,
3078,120,2010,,,803,,,native,species,80,cover,
3078,120,2010,,,5712,,,native,species,0.5,cover,
3078,120,2010,,,5721,,,native,species,1.5,cover,
3078,120,2010,,,5758,,,native,species,6.5,cover,
3078,120,2010,,,3019,,,native,species,0,cover,
3078,120,2010,,,3061,,,native,species,0,cover,
3079,120,2010,,,1895,,,native,species,0.25,cover,
3079,120,2010,,,5574,,,native,species,5.625,cover,
3079,120,2010,,,803,,,native,species,36.25,cover,
3079,120,2010,,,5712,,,native,species,3.375,cover,
3079,120,2010,,,5721,,,native,species,2.5,cover,
3079,120,2010,,,5758,,,native,species,13.75,cover,
3079,120,2010,,,3019,,,native,species,0,cover,
3079,120,2010,,,3061,,,native,species,0,cover,
3047,120,2010,,,1895,,,native,species,1,cover,
3047,120,2010,,,5574,,,native,species,5.75,cover,
3047,120,2010,,,803,,,native,species,37.875,cover,
3047,120,2010,,,5712,,,native,species,4.5,cover,
3047,120,2010,,,5721,,,native,species,3.625,cover,
3047,120,2010,,,5758,,,native,species,14.75,cover,
3047,120,2010,,,3019,,,native,species,0,cover,
3047,120,2010,,,3061,,,native,species,0,cover,
3084,120,2010,,,1895,,,native,species,0,cover,
3084,120,2010,,,5574,,,native,species,15.25,cover,
3084,120,2010,,,803,,,native,species,52.5,cover,
3084,120,2010,,,5712,,,native,species,2.625,cover,
3084,120,2010,,,5721,,,native,species,0,cover,
3084,120,2010,,,5758,,,native,species,16.25,cover,
3084,120,2010,,,3019,,,native,species,0,cover,
3084,120,2010,,,3061,,,native,species,0,cover,
3085,120,2010,,,1895,,,native,species,3.625,cover,
3085,120,2010,,,5574,,,native,species,8.25,cover,
3085,120,2010,,,803,,,native,species,47.875,cover,
3085,120,2010,,,5712,,,native,species,10.5,cover,
3085,120,2010,,,5721,,,native,species,3.125,cover,
3085,120,2010,,,5758,,,native,species,12.25,cover,
3085,120,2010,,,3019,,,native,species,0,cover,
3085,120,2010,,,3061,,,native,species,0.75,cover,
3050,120,2010,,,1895,,,native,species,3.375,cover,
3050,120,2010,,,5574,,,native,species,12.125,cover,
3050,120,2010,,,803,,,native,species,40.375,cover,
3050,120,2010,,,5712,,,native,species,17.5,cover,
3050,120,2010,,,5721,,,native,species,2.125,cover,
3050,120,2010,,,5758,,,native,species,16.625,cover,
3050,120,2010,,,3019,,,native,species,0,cover,
3050,120,2010,,,3061,,,native,species,1.375,cover,
3088,120,2010,,,1895,,,native,species,0,cover,
3088,120,2010,,,5574,,,native,species,1.375,cover,
3088,120,2010,,,803,,,native,species,53.125,cover,
3088,120,2010,,,5712,,,native,species,0.375,cover,
3088,120,2010,,,5721,,,native,species,0,cover,
3088,120,2010,,,5758,,,native,species,17.125,cover,
3088,120,2010,,,3019,,,native,species,0,cover,
3088,120,2010,,,3061,,,native,species,0,cover,
3089,120,2010,,,1895,,,native,species,1.75,cover,
3089,120,2010,,,5574,,,native,species,2.375,cover,
3089,120,2010,,,803,,,native,species,43.375,cover,
3089,120,2010,,,5712,,,native,species,2.125,cover,
3089,120,2010,,,5721,,,native,species,0.25,cover,
3089,120,2010,,,5758,,,native,species,17.625,cover,
3089,120,2010,,,3019,,,native,species,0.625,cover,
3089,120,2010,,,3061,,,native,species,1.5,cover,
3052,120,2010,,,1895,,,native,species,1.625,cover,
3052,120,2010,,,5574,,,native,species,2,cover,
3052,120,2010,,,803,,,native,species,45.5,cover,
3052,120,2010,,,5712,,,native,species,1.375,cover,
3052,120,2010,,,5721,,,native,species,0.125,cover,
3052,120,2010,,,5758,,,native,species,19.75,cover,
3052,120,2010,,,3019,,,native,species,0.625,cover,
3052,120,2010,,,3061,,,native,species,1.875,cover,
3090,120,2010,,,1895,,,native,species,0,cover,
3090,120,2010,,,5574,,,native,species,0,cover,
3090,120,2010,,,803,,,native,species,19.75,cover,
3090,120,2010,,,5712,,,native,species,0.375,cover,
3090,120,2010,,,5721,,,native,species,0,cover,
3090,120,2010,,,5758,,,native,species,36.25,cover,
3090,120,2010,,,3019,,,native,species,0,cover,
3090,120,2010,,,3061,,,native,species,0.25,cover,
3091,120,2010,,,1895,,,native,species,2.75,cover,
3091,120,2010,,,5574,,,native,species,9.125,cover,
3091,120,2010,,,803,,,native,species,22.25,cover,
3091,120,2010,,,5712,,,native,species,3.375,cover,
3091,120,2010,,,5721,,,native,species,1.25,cover,
3091,120,2010,,,5758,,,native,species,18.125,cover,
3091,120,2010,,,3019,,,native,species,0.125,cover,
3091,120,2010,,,3061,,,native,species,1.25,cover,
3053,120,2010,,,1895,,,native,species,0.875,cover,
3053,120,2010,,,5574,,,native,species,1.75,cover,
3053,120,2010,,,803,,,native,species,27,cover,
3053,120,2010,,,5712,,,native,species,3.375,cover,
3053,120,2010,,,5721,,,native,species,1.25,cover,
3053,120,2010,,,5758,,,native,species,23.75,cover,
3053,120,2010,,,3019,,,native,species,0.375,cover,
3053,120,2010,,,3061,,,native,species,1.125,cover,
3092,120,2010,,,1895,,,native,species,0,cover,
3092,120,2010,,,5574,,,native,species,1.875,cover,
3092,120,2010,,,803,,,native,species,21.375,cover,
3092,120,2010,,,5712,,,native,species,0,cover,
3092,120,2010,,,5721,,,native,species,0,cover,
3092,120,2010,,,5758,,,native,species,12.875,cover,
3092,120,2010,,,3019,,,native,species,0,cover,
3092,120,2010,,,3061,,,native,species,0,cover,
3093,120,2010,,,1895,,,native,species,1.875,cover,
3093,120,2010,,,5574,,,native,species,8.625,cover,
3093,120,2010,,,803,,,native,species,24.25,cover,
3093,120,2010,,,5712,,,native,species,4.375,cover,
3093,120,2010,,,5721,,,native,species,0.125,cover,
3093,120,2010,,,5758,,,native,species,26.375,cover,
3093,120,2010,,,3019,,,native,species,0.375,cover,
3093,120,2010,,,3061,,,native,species,0.625,cover,
3054,120,2010,,,1895,,,native,species,1,cover,
3054,120,2010,,,5574,,,native,species,10.125,cover,
3054,120,2010,,,803,,,native,species,29.625,cover,
3054,120,2010,,,5712,,,native,species,2.875,cover,
3054,120,2010,,,5721,,,native,species,0.375,cover,
3054,120,2010,,,5758,,,native,species,26.375,cover,
3054,120,2010,,,3019,,,native,species,0.375,cover,
3054,120,2010,,,3061,,,native,species,0.625,cover,
3094,120,2010,,,1895,,,native,species,0,cover,
3094,120,2010,,,5574,,,native,species,5.25,cover,
3094,120,2010,,,803,,,native,species,51.875,cover,
3094,120,2010,,,5712,,,native,species,0,cover,
3094,120,2010,,,5721,,,native,species,0,cover,
3094,120,2010,,,5758,,,native,species,18.5,cover,
3094,120,2010,,,3019,,,native,species,0,cover,
3094,120,2010,,,3061,,,native,species,0,cover,
3095,120,2010,,,1895,,,native,species,2.375,cover,
3095,120,2010,,,5574,,,native,species,7.75,cover,
3095,120,2010,,,803,,,native,species,33.375,cover,
3095,120,2010,,,5712,,,native,species,13.5,cover,
3095,120,2010,,,5721,,,native,species,0.875,cover,
3095,120,2010,,,5758,,,native,species,14.125,cover,
3095,120,2010,,,3019,,,native,species,0,cover,
3095,120,2010,,,3061,,,native,species,0,cover,
3055,120,2010,,,1895,,,native,species,2.25,cover,
3055,120,2010,,,5574,,,native,species,7.25,cover,
3055,120,2010,,,803,,,native,species,42.875,cover,
3055,120,2010,,,5712,,,native,species,4.125,cover,
3055,120,2010,,,5721,,,native,species,1.25,cover,
3055,120,2010,,,5758,,,native,species,21.25,cover,
3055,120,2010,,,3019,,,native,species,0,cover,
3055,120,2010,,,3061,,,native,species,0.75,cover,
3098,120,2010,,,1895,,,native,species,0,cover,
3098,120,2010,,,5574,,,native,species,3.125,cover,
3098,120,2010,,,803,,,native,species,5.875,cover,
3098,120,2010,,,5712,,,native,species,0.5,cover,
3098,120,2010,,,5721,,,native,species,0,cover,
3098,120,2010,,,5758,,,native,species,5.625,cover,
3098,120,2010,,,3019,,,native,species,0,cover,
3098,120,2010,,,3061,,,native,species,0,cover,
3099,120,2010,,,1895,,,native,species,2.375,cover,
3099,120,2010,,,5574,,,native,species,3.5,cover,
3099,120,2010,,,803,,,native,species,19.375,cover,
3099,120,2010,,,5712,,,native,species,0.5,cover,
3099,120,2010,,,5721,,,native,species,5,cover,
3099,120,2010,,,5758,,,native,species,12.75,cover,
3099,120,2010,,,3019,,,native,species,0,cover,
3099,120,2010,,,3061,,,native,species,0,cover,
3057,120,2010,,,1895,,,native,species,1,cover,
3057,120,2010,,,5574,,,native,species,6.25,cover,
3057,120,2010,,,803,,,native,species,21.5,cover,
3057,120,2010,,,5712,,,native,species,0.75,cover,
3057,120,2010,,,5721,,,native,species,2,cover,
3057,120,2010,,,5758,,,native,species,13.125,cover,
3057,120,2010,,,3019,,,native,species,0,cover,
3057,120,2010,,,3061,,,native,species,0,cover,
3106,120,2010,,,1895,,,native,species,0,cover,
3106,120,2010,,,5574,,,native,species,19.75,cover,
3106,120,2010,,,803,,,native,species,50.625,cover,
3106,120,2010,,,5712,,,native,species,8.375,cover,
3106,120,2010,,,5721,,,native,species,5.625,cover,
3106,120,2010,,,5758,,,native,species,8.75,cover,
3106,120,2010,,,3019,,,native,species,0,cover,
3106,120,2010,,,3061,,,native,species,0,cover,
3107,120,2010,,,1895,,,native,species,21.75,cover,
3107,120,2010,,,5574,,,native,species,7.875,cover,
3107,120,2010,,,803,,,native,species,21.75,cover,
3107,120,2010,,,5712,,,native,species,8.25,cover,
3107,120,2010,,,5721,,,native,species,0,cover,
3107,120,2010,,,5758,,,native,species,12.875,cover,
3107,120,2010,,,3019,,,native,species,0,cover,
3107,120,2010,,,3061,,,native,species,0.25,cover,
3061,120,2010,,,1895,,,native,species,6.5,cover,
3061,120,2010,,,5574,,,native,species,10.5,cover,
3061,120,2010,,,803,,,native,species,25.375,cover,
3061,120,2010,,,5712,,,native,species,14.25,cover,
3061,120,2010,,,5721,,,native,species,0.875,cover,
3061,120,2010,,,5758,,,native,species,12.5,cover,
3061,120,2010,,,3019,,,native,species,0,cover,
3061,120,2010,,,3061,,,native,species,0.5,cover,
3112,120,2010,,,1895,,,native,species,1.25,cover,
3112,120,2010,,,5574,,,native,species,6.625,cover,
3112,120,2010,,,803,,,native,species,11.625,cover,
3112,120,2010,,,5712,,,native,species,9.625,cover,
3112,120,2010,,,5721,,,native,species,0,cover,
3112,120,2010,,,5758,,,native,species,11.125,cover,
3112,120,2010,,,3019,,,native,species,0.125,cover,
3112,120,2010,,,3061,,,native,species,1,cover,
3113,120,2010,,,1895,,,native,species,5.125,cover,
3113,120,2010,,,5574,,,native,species,4.625,cover,
3113,120,2010,,,803,,,native,species,42.625,cover,
3113,120,2010,,,5712,,,native,species,11,cover,
3113,120,2010,,,5721,,,native,species,0.25,cover,
3113,120,2010,,,5758,,,native,species,10.625,cover,
3113,120,2010,,,3019,,,native,species,0,cover,
3113,120,2010,,,3061,,,native,species,0,cover,
3064,120,2010,,,1895,,,native,species,3.25,cover,
3064,120,2010,,,5574,,,native,species,5,cover,
3064,120,2010,,,803,,,native,species,41.125,cover,
3064,120,2010,,,5712,,,native,species,12.875,cover,
3064,120,2010,,,5721,,,native,species,0.5,cover,
3064,120,2010,,,5758,,,native,species,13.625,cover,
3064,120,2010,,,3019,,,native,species,0.25,cover,
3064,120,2010,,,3061,,,native,species,0.375,cover,
3070,120,2010,,,1895,,,native,species,0,cover,
3070,120,2010,,,5574,,,native,species,2.375,cover,
3070,120,2010,,,803,,,native,species,70.625,cover,
3070,120,2010,,,5712,,,native,species,3.5,cover,
3070,120,2010,,,5721,,,native,species,0,cover,
3070,120,2010,,,5758,,,native,species,48.75,cover,
3070,120,2010,,,3019,,,native,species,0,cover,
3070,120,2010,,,3061,,,native,species,0,cover,
3071,120,2010,,,1895,,,native,species,0,cover,
3071,120,2010,,,5574,,,native,species,7.25,cover,
3071,120,2010,,,803,,,native,species,81,cover,
3071,120,2010,,,5712,,,native,species,3.25,cover,
3071,120,2010,,,5721,,,native,species,0,cover,
3071,120,2010,,,5758,,,native,species,21.75,cover,
3071,120,2010,,,3019,,,native,species,0,cover,
3071,120,2010,,,3061,,,native,species,0,cover,
3043,120,2010,,,1895,,,native,species,0,cover,
3043,120,2010,,,5574,,,native,species,9.5,cover,
3043,120,2010,,,803,,,native,species,77.5,cover,
3043,120,2010,,,5712,,,native,species,5.625,cover,
3043,120,2010,,,5721,,,native,species,0,cover,
3043,120,2010,,,5758,,,native,species,24.375,cover,
3043,120,2010,,,3019,,,native,species,0,cover,
3043,120,2010,,,3061,,,native,species,0,cover,
3076,120,2010,,,1895,,,native,species,0,cover,
3076,120,2010,,,5574,,,native,species,0,cover,
3076,120,2010,,,803,,,native,species,85,cover,
3076,120,2010,,,5712,,,native,species,3,cover,
3076,120,2010,,,5721,,,native,species,0.625,cover,
3076,120,2010,,,5758,,,native,species,41.875,cover,
3076,120,2010,,,3019,,,native,species,0,cover,
3076,120,2010,,,3061,,,native,species,0,cover,
3077,120,2010,,,1895,,,native,species,0,cover,
3077,120,2010,,,5574,,,native,species,1.875,cover,
3077,120,2010,,,803,,,native,species,80,cover,
3077,120,2010,,,5712,,,native,species,7.875,cover,
3077,120,2010,,,5721,,,native,species,0.5,cover,
3077,120,2010,,,5758,,,native,species,40,cover,
3077,120,2010,,,3019,,,native,species,0,cover,
3077,120,2010,,,3061,,,native,species,0,cover,
3046,120,2010,,,1895,,,native,species,0,cover,
3046,120,2010,,,5574,,,native,species,5.5,cover,
3046,120,2010,,,803,,,native,species,69.125,cover,
3046,120,2010,,,5712,,,native,species,4.5,cover,
3046,120,2010,,,5721,,,native,species,0.25,cover,
3046,120,2010,,,5758,,,native,species,48.125,cover,
3046,120,2010,,,3019,,,native,species,0,cover,
3046,120,2010,,,3061,,,native,species,0,cover,
3080,120,2010,,,1895,,,native,species,0,cover,
3080,120,2010,,,5574,,,native,species,0.75,cover,
3080,120,2010,,,803,,,native,species,26.875,cover,
3080,120,2010,,,5712,,,native,species,0.375,cover,
3080,120,2010,,,5721,,,native,species,0,cover,
3080,120,2010,,,5758,,,native,species,83.75,cover,
3080,120,2010,,,3019,,,native,species,1.25,cover,
3080,120,2010,,,3061,,,native,species,0.125,cover,
3081,120,2010,,,1895,,,native,species,0,cover,
3081,120,2010,,,5574,,,native,species,14.25,cover,
3081,120,2010,,,803,,,native,species,72.5,cover,
3081,120,2010,,,5712,,,native,species,0.75,cover,
3081,120,2010,,,5721,,,native,species,0,cover,
3081,120,2010,,,5758,,,native,species,48.75,cover,
3081,120,2010,,,3019,,,native,species,0,cover,
3081,120,2010,,,3061,,,native,species,0,cover,
3048,120,2010,,,1895,,,native,species,0,cover,
3048,120,2010,,,5574,,,native,species,4.75,cover,
3048,120,2010,,,803,,,native,species,58.75,cover,
3048,120,2010,,,5712,,,native,species,2.5,cover,
3048,120,2010,,,5721,,,native,species,0,cover,
3048,120,2010,,,5758,,,native,species,61.25,cover,
3048,120,2010,,,3019,,,native,species,0.625,cover,
3048,120,2010,,,3061,,,native,species,0,cover,
3082,120,2010,,,1895,,,native,species,0,cover,
3082,120,2010,,,5574,,,native,species,5.25,cover,
3082,120,2010,,,803,,,native,species,28.75,cover,
3082,120,2010,,,5712,,,native,species,1.375,cover,
3082,120,2010,,,5721,,,native,species,0.125,cover,
3082,120,2010,,,5758,,,native,species,61.25,cover,
3082,120,2010,,,3019,,,native,species,0,cover,
3082,120,2010,,,3061,,,native,species,0,cover,
3083,120,2010,,,1895,,,native,species,0,cover,
3083,120,2010,,,5574,,,native,species,5.75,cover,
3083,120,2010,,,803,,,native,species,71.875,cover,
3083,120,2010,,,5712,,,native,species,5.875,cover,
3083,120,2010,,,5721,,,native,species,0,cover,
3083,120,2010,,,5758,,,native,species,53.125,cover,
3083,120,2010,,,3019,,,native,species,0,cover,
3083,120,2010,,,3061,,,native,species,0,cover,
3049,120,2010,,,1895,,,native,species,0,cover,
3049,120,2010,,,5574,,,native,species,9,cover,
3049,120,2010,,,803,,,native,species,56.25,cover,
3049,120,2010,,,5712,,,native,species,2.25,cover,
3049,120,2010,,,5721,,,native,species,0.125,cover,
3049,120,2010,,,5758,,,native,species,59.375,cover,
3049,120,2010,,,3019,,,native,species,0,cover,
3049,120,2010,,,3061,,,native,species,0.125,cover,
3086,120,2010,,,1895,,,native,species,0,cover,
3086,120,2010,,,5574,,,native,species,2.625,cover,
3086,120,2010,,,803,,,native,species,61.25,cover,
3086,120,2010,,,5712,,,native,species,0,cover,
3086,120,2010,,,5721,,,native,species,0,cover,
3086,120,2010,,,5758,,,native,species,31.625,cover,
3086,120,2010,,,3019,,,native,species,0,cover,
3086,120,2010,,,3061,,,native,species,0,cover,
3087,120,2010,,,1895,,,native,species,0,cover,
3087,120,2010,,,5574,,,native,species,11.25,cover,
3087,120,2010,,,803,,,native,species,76,cover,
3087,120,2010,,,5712,,,native,species,0.375,cover,
3087,120,2010,,,5721,,,native,species,0,cover,
3087,120,2010,,,5758,,,native,species,25.875,cover,
3087,120,2010,,,3019,,,native,species,0,cover,
3087,120,2010,,,3061,,,native,species,0,cover,
3051,120,2010,,,1895,,,native,species,0,cover,
3051,120,2010,,,5574,,,native,species,6.75,cover,
3051,120,2010,,,803,,,native,species,75.625,cover,
3051,120,2010,,,5712,,,native,species,1.625,cover,
3051,120,2010,,,5721,,,native,species,0,cover,
3051,120,2010,,,5758,,,native,species,19.375,cover,
3051,120,2010,,,3019,,,native,species,0,cover,
3051,120,2010,,,3061,,,native,species,0,cover,
3096,120,2010,,,1895,,,native,species,0.125,cover,
3096,120,2010,,,5574,,,native,species,0,cover,
3096,120,2010,,,803,,,native,species,22.5,cover,
3096,120,2010,,,5712,,,native,species,0.25,cover,
3096,120,2010,,,5721,,,native,species,0,cover,
3096,120,2010,,,5758,,,native,species,23.125,cover,
3096,120,2010,,,3019,,,native,species,0,cover,
3096,120,2010,,,3061,,,native,species,0.875,cover,
3097,120,2010,,,1895,,,native,species,2.125,cover,
3097,120,2010,,,5574,,,native,species,5.5,cover,
3097,120,2010,,,803,,,native,species,60.625,cover,
3097,120,2010,,,5712,,,native,species,0.25,cover,
3097,120,2010,,,5721,,,native,species,0,cover,
3097,120,2010,,,5758,,,native,species,27.875,cover,
3097,120,2010,,,3019,,,native,species,0,cover,
3097,120,2010,,,3061,,,native,species,0,cover,
3056,120,2010,,,1895,,,native,species,1.75,cover,
3056,120,2010,,,5574,,,native,species,6,cover,
3056,120,2010,,,803,,,native,species,60,cover,
3056,120,2010,,,5712,,,native,species,5.25,cover,
3056,120,2010,,,5721,,,native,species,0.625,cover,
3056,120,2010,,,5758,,,native,species,43.75,cover,
3056,120,2010,,,3019,,,native,species,0.125,cover,
3056,120,2010,,,3061,,,native,species,0.625,cover,
3100,120,2010,,,1895,,,native,species,0,cover,
3100,120,2010,,,5574,,,native,species,10.5,cover,
3100,120,2010,,,803,,,native,species,66.25,cover,
3100,120,2010,,,5712,,,native,species,1,cover,
3100,120,2010,,,5721,,,native,species,0,cover,
3100,120,2010,,,5758,,,native,species,16.25,cover,
3100,120,2010,,,3019,,,native,species,0,cover,
3100,120,2010,,,3061,,,native,species,0,cover,
3101,120,2010,,,1895,,,native,species,0,cover,
3101,120,2010,,,5574,,,native,species,1.25,cover,
3101,120,2010,,,803,,,native,species,40.25,cover,
3101,120,2010,,,5712,,,native,species,4.375,cover,
3101,120,2010,,,5721,,,native,species,0,cover,
3101,120,2010,,,5758,,,native,species,42.5,cover,
3101,120,2010,,,3019,,,native,species,0,cover,
3101,120,2010,,,3061,,,native,species,0.25,cover,
3058,120,2010,,,1895,,,native,species,0.375,cover,
3058,120,2010,,,5574,,,native,species,5.125,cover,
3058,120,2010,,,803,,,native,species,58.375,cover,
3058,120,2010,,,5712,,,native,species,3.375,cover,
3058,120,2010,,,5721,,,native,species,0,cover,
3058,120,2010,,,5758,,,native,species,40,cover,
3058,120,2010,,,3019,,,native,species,0,cover,
3058,120,2010,,,3061,,,native,species,0.25,cover,
3102,120,2010,,,1895,,,native,species,0,cover,
3102,120,2010,,,5574,,,native,species,0.125,cover,
3102,120,2010,,,803,,,native,species,59.625,cover,
3102,120,2010,,,5712,,,native,species,0,cover,
3102,120,2010,,,5721,,,native,species,0,cover,
3102,120,2010,,,5758,,,native,species,53.75,cover,
3102,120,2010,,,3019,,,native,species,0,cover,
3102,120,2010,,,3061,,,native,species,0,cover,
3103,120,2010,,,1895,,,native,species,0,cover,
3103,120,2010,,,5574,,,native,species,4.375,cover,
3103,120,2010,,,803,,,native,species,47.5,cover,
3103,120,2010,,,5712,,,native,species,4.875,cover,
3103,120,2010,,,5721,,,native,species,0,cover,
3103,120,2010,,,5758,,,native,species,48.75,cover,
3103,120,2010,,,3019,,,native,species,0,cover,
3103,120,2010,,,3061,,,native,species,0,cover,
3059,120,2010,,,1895,,,native,species,0.125,cover,
3059,120,2010,,,5574,,,native,species,4.5,cover,
3059,120,2010,,,803,,,native,species,40,cover,
3059,120,2010,,,5712,,,native,species,4.375,cover,
3059,120,2010,,,5721,,,native,species,0.75,cover,
3059,120,2010,,,5758,,,native,species,50,cover,
3059,120,2010,,,3019,,,native,species,0,cover,
3059,120,2010,,,3061,,,native,species,0.125,cover,
3104,120,2010,,,1895,,,native,species,0,cover,
3104,120,2010,,,5574,,,native,species,10,cover,
3104,120,2010,,,803,,,native,species,12.875,cover,
3104,120,2010,,,5712,,,native,species,1.375,cover,
3104,120,2010,,,5721,,,native,species,0,cover,
3104,120,2010,,,5758,,,native,species,27.5,cover,
3104,120,2010,,,3019,,,native,species,0,cover,
3104,120,2010,,,3061,,,native,species,0,cover,
3105,120,2010,,,1895,,,native,species,0,cover,
3105,120,2010,,,5574,,,native,species,9.5,cover,
3105,120,2010,,,803,,,native,species,47.25,cover,
3105,120,2010,,,5712,,,native,species,2.375,cover,
3105,120,2010,,,5721,,,native,species,0.125,cover,
3105,120,2010,,,5758,,,native,species,61.25,cover,
3105,120,2010,,,3019,,,native,species,0,cover,
3105,120,2010,,,3061,,,native,species,0,cover,
3060,120,2010,,,1895,,,native,species,0.25,cover,
3060,120,2010,,,5574,,,native,species,8.125,cover,
3060,120,2010,,,803,,,native,species,50.625,cover,
3060,120,2010,,,5712,,,native,species,3.375,cover,
3060,120,2010,,,5721,,,native,species,0.375,cover,
3060,120,2010,,,5758,,,native,species,51.25,cover,
3060,120,2010,,,3019,,,native,species,0,cover,
3060,120,2010,,,3061,,,native,species,0,cover,
3108,120,2010,,,1895,,,native,species,3.5,cover,
3108,120,2010,,,5574,,,native,species,10,cover,
3108,120,2010,,,803,,,native,species,11.125,cover,
3108,120,2010,,,5712,,,native,species,1.875,cover,
3108,120,2010,,,5721,,,native,species,0.25,cover,
3108,120,2010,,,5758,,,native,species,26.875,cover,
3108,120,2010,,,3019,,,native,species,0,cover,
3108,120,2010,,,3061,,,native,species,0,cover,
3109,120,2010,,,1895,,,native,species,5.125,cover,
3109,120,2010,,,5574,,,native,species,16.625,cover,
3109,120,2010,,,803,,,native,species,52.5,cover,
3109,120,2010,,,5712,,,native,species,1.5,cover,
3109,120,2010,,,5721,,,native,species,1,cover,
3109,120,2010,,,5758,,,native,species,24.375,cover,
3109,120,2010,,,3019,,,native,species,0,cover,
3109,120,2010,,,3061,,,native,species,0,cover,
3062,120,2010,,,1895,,,native,species,2.25,cover,
3062,120,2010,,,5574,,,native,species,20.75,cover,
3062,120,2010,,,803,,,native,species,56.25,cover,
3062,120,2010,,,5712,,,native,species,4.125,cover,
3062,120,2010,,,5721,,,native,species,0.5,cover,
3062,120,2010,,,5758,,,native,species,26,cover,
3062,120,2010,,,3019,,,native,species,0,cover,
3062,120,2010,,,3061,,,native,species,0.125,cover,
3110,120,2010,,,1895,,,native,species,0,cover,
3110,120,2010,,,5574,,,native,species,0.25,cover,
3110,120,2010,,,803,,,native,species,13.125,cover,
3110,120,2010,,,5712,,,native,species,0,cover,
3110,120,2010,,,5721,,,native,species,0.25,cover,
3110,120,2010,,,5758,,,native,species,32.875,cover,
3110,120,2010,,,3019,,,native,species,0,cover,
3110,120,2010,,,3061,,,native,species,0,cover,
3111,120,2010,,,1895,,,native,species,1.5,cover,
3111,120,2010,,,5574,,,native,species,11.25,cover,
3111,120,2010,,,803,,,native,species,28.875,cover,
3111,120,2010,,,5712,,,native,species,4,cover,
3111,120,2010,,,5721,,,native,species,0.25,cover,
3111,120,2010,,,5758,,,native,species,33.375,cover,
3111,120,2010,,,3019,,,native,species,0,cover,
3111,120,2010,,,3061,,,native,species,0.125,cover,
3063,120,2010,,,1895,,,native,species,1.125,cover,
3063,120,2010,,,5574,,,native,species,7.625,cover,
3063,120,2010,,,803,,,native,species,36.375,cover,
3063,120,2010,,,5712,,,native,species,2.75,cover,
3063,120,2010,,,5721,,,native,species,1.125,cover,
3063,120,2010,,,5758,,,native,species,30.375,cover,
3063,120,2010,,,3019,,,native,species,0,cover,
3063,120,2010,,,3061,,,native,species,0.25,cover,
3114,120,2010,,,1895,,,native,species,0,cover,
3114,120,2010,,,5574,,,native,species,0.625,cover,
3114,120,2010,,,803,,,native,species,41.875,cover,
3114,120,2010,,,5712,,,native,species,0.5,cover,
3114,120,2010,,,5721,,,native,species,0,cover,
3114,120,2010,,,5758,,,native,species,80,cover,
3114,120,2010,,,3019,,,native,species,0,cover,
3114,120,2010,,,3061,,,native,species,0,cover,
3115,120,2010,,,1895,,,native,species,1.875,cover,
3115,120,2010,,,5574,,,native,species,9.5,cover,
3115,120,2010,,,803,,,native,species,53.375,cover,
3115,120,2010,,,5712,,,native,species,4,cover,
3115,120,2010,,,5721,,,native,species,0.375,cover,
3115,120,2010,,,5758,,,native,species,40.125,cover,
3115,120,2010,,,3019,,,native,species,0,cover,
3115,120,2010,,,3061,,,native,species,0,cover,
3065,120,2010,,,1895,,,native,species,0.875,cover,
3065,120,2010,,,5574,,,native,species,8.5,cover,
3065,120,2010,,,803,,,native,species,41.125,cover,
3065,120,2010,,,5712,,,native,species,5.625,cover,
3065,120,2010,,,5721,,,native,species,1,cover,
3065,120,2010,,,5758,,,native,species,46.25,cover,
3065,120,2010,,,3019,,,native,species,0,cover,
3065,120,2010,,,3061,,,native,species,0,cover,
3066,224,2011,,,1895,,,native,species,0,cover,
3066,224,2011,,,5721,,,native,species,0,cover,
3066,224,2011,,,3019,,,native,species,0,cover,
3066,224,2011,,,3061,,,native,species,0,cover,
3067,224,2011,,,1895,,,native,species,0,cover,
3067,224,2011,,,5721,,,native,species,0.25,cover,
3067,224,2011,,,3019,,,native,species,0,cover,
3067,224,2011,,,3061,,,native,species,0,cover,
3041,224,2011,,,1895,,,native,species,0,cover,
3041,224,2011,,,5721,,,native,species,0.375,cover,
3041,224,2011,,,3019,,,native,species,0,cover,
3041,224,2011,,,3061,,,native,species,0,cover,
3072,224,2011,,,1895,,,native,species,0,cover,
3072,224,2011,,,5721,,,native,species,0,cover,
3072,224,2011,,,3019,,,native,species,0,cover,
3072,224,2011,,,3061,,,native,species,0,cover,
3073,224,2011,,,1895,,,native,species,0,cover,
3073,224,2011,,,5721,,,native,species,1.5,cover,
3073,224,2011,,,3019,,,native,species,0,cover,
3073,224,2011,,,3061,,,native,species,0,cover,
3044,224,2011,,,1895,,,native,species,0,cover,
3044,224,2011,,,5721,,,native,species,3.875,cover,
3044,224,2011,,,3019,,,native,species,0,cover,
3044,224,2011,,,3061,,,native,species,0,cover,
3084,224,2011,,,1895,,,native,species,0,cover,
3084,224,2011,,,5721,,,native,species,0,cover,
3084,224,2011,,,3019,,,native,species,0,cover,
3084,224,2011,,,3061,,,native,species,0,cover,
3085,224,2011,,,1895,,,native,species,0,cover,
3085,224,2011,,,5721,,,native,species,0,cover,
3085,224,2011,,,3019,,,native,species,0,cover,
3085,224,2011,,,3061,,,native,species,0,cover,
3050,224,2011,,,1895,,,native,species,0,cover,
3050,224,2011,,,5721,,,native,species,0.125,cover,
3050,224,2011,,,3019,,,native,species,0,cover,
3050,224,2011,,,3061,,,native,species,0,cover,
3092,224,2011,,,1895,,,native,species,0,cover,
3092,224,2011,,,5721,,,native,species,0,cover,
3092,224,2011,,,3019,,,native,species,0,cover,
3092,224,2011,,,3061,,,native,species,0,cover,
3093,224,2011,,,1895,,,native,species,0,cover,
3093,224,2011,,,5721,,,native,species,0,cover,
3093,224,2011,,,3019,,,native,species,0.125,cover,
3093,224,2011,,,3061,,,native,species,0,cover,
3054,224,2011,,,1895,,,native,species,0,cover,
3054,224,2011,,,5721,,,native,species,0,cover,
3054,224,2011,,,3019,,,native,species,0.375,cover,
3054,224,2011,,,3061,,,native,species,0,cover,
3098,224,2011,,,1895,,,native,species,0,cover,
3098,224,2011,,,5721,,,native,species,0,cover,
3098,224,2011,,,3019,,,native,species,0,cover,
3098,224,2011,,,3061,,,native,species,0,cover,
3099,224,2011,,,1895,,,native,species,0,cover,
3099,224,2011,,,5721,,,native,species,0.25,cover,
3099,224,2011,,,3019,,,native,species,0,cover,
3099,224,2011,,,3061,,,native,species,0,cover,
3057,224,2011,,,1895,,,native,species,0,cover,
3057,224,2011,,,5721,,,native,species,0.25,cover,
3057,224,2011,,,3019,,,native,species,0,cover,
3057,224,2011,,,3061,,,native,species,0,cover,
3112,224,2011,,,1895,,,native,species,0,cover,
3112,224,2011,,,5721,,,native,species,0,cover,
3112,224,2011,,,3019,,,native,species,0,cover,
3112,224,2011,,,3061,,,native,species,0,cover,
3113,224,2011,,,1895,,,native,species,0,cover,
3113,224,2011,,,5721,,,native,species,0,cover,
3113,224,2011,,,3019,,,native,species,0,cover,
3113,224,2011,,,3061,,,native,species,0,cover,
3064,224,2011,,,1895,,,native,species,0,cover,
3064,224,2011,,,5721,,,native,species,0.625,cover,
3064,224,2011,,,3019,,,native,species,0,cover,
3064,224,2011,,,3061,,,native,species,0,cover,
3070,224,2011,,,1895,,,native,species,0,cover,
3070,224,2011,,,5721,,,native,species,0,cover,
3070,224,2011,,,3019,,,native,species,0,cover,
3070,224,2011,,,3061,,,native,species,0,cover,
3071,224,2011,,,1895,,,native,species,0,cover,
3071,224,2011,,,5721,,,native,species,0,cover,
3071,224,2011,,,3019,,,native,species,0,cover,
3071,224,2011,,,3061,,,native,species,0,cover,
3043,224,2011,,,1895,,,native,species,0,cover,
3043,224,2011,,,5721,,,native,species,0,cover,
3043,224,2011,,,3019,,,native,species,0,cover,
3043,224,2011,,,3061,,,native,species,0,cover,
3080,224,2011,,,1895,,,native,species,0,cover,
3080,224,2011,,,5721,,,native,species,0,cover,
3080,224,2011,,,3019,,,native,species,0,cover,
3080,224,2011,,,3061,,,native,species,0,cover,
3081,224,2011,,,1895,,,native,species,0,cover,
3081,224,2011,,,5721,,,native,species,0.25,cover,
3081,224,2011,,,3019,,,native,species,1.125,cover,
3081,224,2011,,,3061,,,native,species,0,cover,
3048,224,2011,,,1895,,,native,species,0,cover,
3048,224,2011,,,5721,,,native,species,0.125,cover,
3048,224,2011,,,3019,,,native,species,0,cover,
3048,224,2011,,,3061,,,native,species,0,cover,
3086,224,2011,,,1895,,,native,species,0,cover,
3086,224,2011,,,5721,,,native,species,0,cover,
3086,224,2011,,,3019,,,native,species,0,cover,
3086,224,2011,,,3061,,,native,species,0,cover,
3087,224,2011,,,1895,,,native,species,0,cover,
3087,224,2011,,,5721,,,native,species,0,cover,
3087,224,2011,,,3019,,,native,species,0.625,cover,
3087,224,2011,,,3061,,,native,species,0.375,cover,
3051,224,2011,,,1895,,,native,species,0,cover,
3051,224,2011,,,5721,,,native,species,0,cover,
3051,224,2011,,,3019,,,native,species,0,cover,
3051,224,2011,,,3061,,,native,species,0,cover,
3108,224,2011,,,1895,,,native,species,0,cover,
3108,224,2011,,,5721,,,native,species,0,cover,
3108,224,2011,,,3019,,,native,species,0,cover,
3108,224,2011,,,3061,,,native,species,0,cover,
3109,224,2011,,,1895,,,native,species,0,cover,
3109,224,2011,,,5721,,,native,species,0.75,cover,
3109,224,2011,,,3019,,,native,species,0,cover,
3109,224,2011,,,3061,,,native,species,0,cover,
3062,224,2011,,,1895,,,native,species,0,cover,
3062,224,2011,,,5721,,,native,species,1,cover,
3062,224,2011,,,3019,,,native,species,0,cover,
3062,224,2011,,,3061,,,native,species,0,cover,
3110,224,2011,,,1895,,,native,species,0,cover,
3110,224,2011,,,5721,,,native,species,0,cover,
3110,224,2011,,,3019,,,native,species,0,cover,
3110,224,2011,,,3061,,,native,species,0,cover,
3111,224,2011,,,1895,,,native,species,0.375,cover,
3111,224,2011,,,5721,,,native,species,0,cover,
3111,224,2011,,,3019,,,native,species,0,cover,
3111,224,2011,,,3061,,,native,species,0,cover,
3063,224,2011,,,1895,,,native,species,0.375,cover,
3063,224,2011,,,5721,,,native,species,0,cover,
3063,224,2011,,,3019,,,native,species,0,cover,
3063,224,2011,,,3061,,,native,species,0,cover,
3114,224,2011,,,1895,,,native,species,0,cover,
3114,224,2011,,,5721,,,native,species,0,cover,
3114,224,2011,,,3019,,,native,species,0,cover,
3114,224,2011,,,3061,,,native,species,0,cover,
3115,224,2011,,,1895,,,native,species,0,cover,
3115,224,2011,,,5721,,,native,species,1,cover,
3115,224,2011,,,3019,,,native,species,0,cover,
3115,224,2011,,,3061,,,native,species,0,cover,
3065,224,2011,,,1895,,,native,species,0,cover,
3065,224,2011,,,5721,,,native,species,1.125,cover,
3065,224,2011,,,3019,,,native,species,0,cover,
3065,224,2011,,,3061,,,native,species,0,cover,
3068,224,2011,,,1895,,,native,species,0,cover,
3068,224,2011,,,5721,,,native,species,0,cover,
3068,224,2011,,,3019,,,native,species,0,cover,
3068,224,2011,,,3061,,,native,species,0,cover,
3069,224,2011,,,1895,,,native,species,0,cover,
3069,224,2011,,,5721,,,native,species,2.5,cover,
3069,224,2011,,,3019,,,native,species,0,cover,
3069,224,2011,,,3061,,,native,species,0,cover,
3042,224,2011,,,1895,,,native,species,0,cover,
3042,224,2011,,,5721,,,native,species,4.625,cover,
3042,224,2011,,,3019,,,native,species,0,cover,
3042,224,2011,,,3061,,,native,species,0,cover,
3074,224,2011,,,1895,,,native,species,0,cover,
3074,224,2011,,,5721,,,native,species,0,cover,
3074,224,2011,,,3019,,,native,species,0,cover,
3074,224,2011,,,3061,,,native,species,0,cover,
3075,224,2011,,,1895,,,native,species,0,cover,
3075,224,2011,,,5721,,,native,species,0,cover,
3075,224,2011,,,3019,,,native,species,0,cover,
3075,224,2011,,,3061,,,native,species,0,cover,
3045,224,2011,,,1895,,,native,species,0,cover,
3045,224,2011,,,5721,,,native,species,0,cover,
3045,224,2011,,,3019,,,native,species,0,cover,
3045,224,2011,,,3061,,,native,species,0,cover,
3078,224,2011,,,1895,,,native,species,0,cover,
3078,224,2011,,,5721,,,native,species,0,cover,
3078,224,2011,,,3019,,,native,species,0,cover,
3078,224,2011,,,3061,,,native,species,0,cover,
3079,224,2011,,,1895,,,native,species,0,cover,
3079,224,2011,,,5721,,,native,species,0.5,cover,
3079,224,2011,,,3019,,,native,species,0,cover,
3079,224,2011,,,3061,,,native,species,0,cover,
3047,224,2011,,,1895,,,native,species,0,cover,
3047,224,2011,,,5721,,,native,species,0.25,cover,
3047,224,2011,,,3019,,,native,species,0,cover,
3047,224,2011,,,3061,,,native,species,0,cover,
3088,224,2011,,,1895,,,native,species,0,cover,
3088,224,2011,,,5721,,,native,species,0,cover,
3088,224,2011,,,3019,,,native,species,0.625,cover,
3088,224,2011,,,3061,,,native,species,0,cover,
3089,224,2011,,,1895,,,native,species,0,cover,
3089,224,2011,,,5721,,,native,species,0,cover,
3089,224,2011,,,3019,,,native,species,0,cover,
3089,224,2011,,,3061,,,native,species,0.25,cover,
3052,224,2011,,,1895,,,native,species,0,cover,
3052,224,2011,,,5721,,,native,species,0,cover,
3052,224,2011,,,3019,,,native,species,1.375,cover,
3052,224,2011,,,3061,,,native,species,0.625,cover,
3090,224,2011,,,1895,,,native,species,0,cover,
3090,224,2011,,,5721,,,native,species,0,cover,
3090,224,2011,,,3019,,,native,species,0,cover,
3090,224,2011,,,3061,,,native,species,0.25,cover,
3091,224,2011,,,1895,,,native,species,0,cover,
3091,224,2011,,,5721,,,native,species,0,cover,
3091,224,2011,,,3019,,,native,species,0,cover,
3091,224,2011,,,3061,,,native,species,0,cover,
3053,224,2011,,,1895,,,native,species,0,cover,
3053,224,2011,,,5721,,,native,species,0,cover,
3053,224,2011,,,3019,,,native,species,0,cover,
3053,224,2011,,,3061,,,native,species,0.625,cover,
3094,224,2011,,,1895,,,native,species,0,cover,
3094,224,2011,,,5721,,,native,species,0,cover,
3094,224,2011,,,3019,,,native,species,0,cover,
3094,224,2011,,,3061,,,native,species,0,cover,
3095,224,2011,,,1895,,,native,species,0,cover,
3095,224,2011,,,5721,,,native,species,0,cover,
3095,224,2011,,,3019,,,native,species,0,cover,
3095,224,2011,,,3061,,,native,species,0,cover,
3055,224,2011,,,1895,,,native,species,0,cover,
3055,224,2011,,,5721,,,native,species,2.25,cover,
3055,224,2011,,,3019,,,native,species,0,cover,
3055,224,2011,,,3061,,,native,species,0,cover,
3106,224,2011,,,1895,,,native,species,0,cover,
3106,224,2011,,,5721,,,native,species,2,cover,
3106,224,2011,,,3019,,,native,species,0,cover,
3106,224,2011,,,3061,,,native,species,0,cover,
3107,224,2011,,,1895,,,native,species,0,cover,
3107,224,2011,,,5721,,,native,species,0,cover,
3107,224,2011,,,3019,,,native,species,0,cover,
3107,224,2011,,,3061,,,native,species,0,cover,
3061,224,2011,,,1895,,,native,species,0.25,cover,
3061,224,2011,,,5721,,,native,species,0.875,cover,
3061,224,2011,,,3019,,,native,species,0,cover,
3061,224,2011,,,3061,,,native,species,0,cover,
3076,224,2011,,,1895,,,native,species,0,cover,
3076,224,2011,,,5721,,,native,species,0,cover,
3076,224,2011,,,3019,,,native,species,0,cover,
3076,224,2011,,,3061,,,native,species,0,cover,
3077,224,2011,,,1895,,,native,species,0,cover,
3077,224,2011,,,5721,,,native,species,0.875,cover,
3077,224,2011,,,3019,,,native,species,0,cover,
3077,224,2011,,,3061,,,native,species,0,cover,
3046,224,2011,,,1895,,,native,species,0,cover,
3046,224,2011,,,5721,,,native,species,1.625,cover,
3046,224,2011,,,3019,,,native,species,0,cover,
3046,224,2011,,,3061,,,native,species,0,cover,
3082,224,2011,,,1895,,,native,species,0,cover,
3082,224,2011,,,5721,,,native,species,0,cover,
3082,224,2011,,,3019,,,native,species,0,cover,
3082,224,2011,,,3061,,,native,species,0,cover,
3083,224,2011,,,1895,,,native,species,0,cover,
3083,224,2011,,,5721,,,native,species,0.25,cover,
3083,224,2011,,,3019,,,native,species,0,cover,
3083,224,2011,,,3061,,,native,species,0,cover,
3049,224,2011,,,1895,,,native,species,0,cover,
3049,224,2011,,,5721,,,native,species,0.25,cover,
3049,224,2011,,,3019,,,native,species,0.25,cover,
3049,224,2011,,,3061,,,native,species,0,cover,
3096,224,2011,,,1895,,,native,species,0,cover,
3096,224,2011,,,5721,,,native,species,0,cover,
3096,224,2011,,,3019,,,native,species,0,cover,
3096,224,2011,,,3061,,,native,species,0,cover,
3097,224,2011,,,1895,,,native,species,0,cover,
3097,224,2011,,,5721,,,native,species,0,cover,
3097,224,2011,,,3019,,,native,species,0,cover,
3097,224,2011,,,3061,,,native,species,0,cover,
3056,224,2011,,,1895,,,native,species,0,cover,
3056,224,2011,,,5721,,,native,species,0,cover,
3056,224,2011,,,3019,,,native,species,0,cover,
3056,224,2011,,,3061,,,native,species,0,cover,
3100,224,2011,,,1895,,,native,species,0,cover,
3100,224,2011,,,5721,,,native,species,0,cover,
3100,224,2011,,,3019,,,native,species,0,cover,
3100,224,2011,,,3061,,,native,species,0,cover,
3101,224,2011,,,1895,,,native,species,0,cover,
3101,224,2011,,,5721,,,native,species,0,cover,
3101,224,2011,,,3019,,,native,species,0,cover,
3101,224,2011,,,3061,,,native,species,0,cover,
3058,224,2011,,,1895,,,native,species,0,cover,
3058,224,2011,,,5721,,,native,species,0,cover,
3058,224,2011,,,3019,,,native,species,0,cover,
3058,224,2011,,,3061,,,native,species,0,cover,
3102,224,2011,,,1895,,,native,species,0,cover,
3102,224,2011,,,5721,,,native,species,0,cover,
3102,224,2011,,,3019,,,native,species,0,cover,
3102,224,2011,,,3061,,,native,species,0,cover,
3103,224,2011,,,1895,,,native,species,0,cover,
3103,224,2011,,,5721,,,native,species,0.125,cover,
3103,224,2011,,,3019,,,native,species,0,cover,
3103,224,2011,,,3061,,,native,species,0,cover,
3059,224,2011,,,1895,,,native,species,0,cover,
3059,224,2011,,,5721,,,native,species,0.375,cover,
3059,224,2011,,,3019,,,native,species,0,cover,
3059,224,2011,,,3061,,,native,species,0,cover,
3104,224,2011,,,1895,,,native,species,0,cover,
3104,224,2011,,,5721,,,native,species,0,cover,
3104,224,2011,,,3019,,,native,species,0,cover,
3104,224,2011,,,3061,,,native,species,0,cover,
3105,224,2011,,,1895,,,native,species,0,cover,
3105,224,2011,,,5721,,,native,species,0,cover,
3105,224,2011,,,3019,,,native,species,0,cover,
3105,224,2011,,,3061,,,native,species,0,cover,
3060,224,2011,,,1895,,,native,species,0,cover,
3060,224,2011,,,5721,,,native,species,0,cover,
3060,224,2011,,,3019,,,native,species,0,cover,
3060,224,2011,,,3061,,,native,species,0,cover,
3066,276,2012,,,1895,,,native,species,0,cover,
3066,276,2012,,,5574,,,native,species,0.125,cover,
3066,276,2012,,,803,,,native,species,0,cover,
3066,276,2012,,,5712,,,native,species,38.6428571428571,cover,
3066,276,2012,,,5721,,,native,species,0,cover,
3066,276,2012,,,5758,,,native,species,0.375,cover,
3066,276,2012,,,3019,,,native,species,0,cover,
3066,276,2012,,,3061,,,native,species,0,cover,
3067,276,2012,,,1895,,,native,species,0,cover,
3067,276,2012,,,5574,,,native,species,3.25,cover,
3067,276,2012,,,803,,,native,species,1.3125,cover,
3067,276,2012,,,5712,,,native,species,9,cover,
3067,276,2012,,,5721,,,native,species,0,cover,
3067,276,2012,,,5758,,,native,species,3.125,cover,
3067,276,2012,,,3019,,,native,species,0,cover,
3067,276,2012,,,3061,,,native,species,0,cover,
3041,276,2012,,,1895,,,native,species,0,cover,
3041,276,2012,,,5574,,,native,species,4.875,cover,
3041,276,2012,,,803,,,native,species,2.3125,cover,
3041,276,2012,,,5712,,,native,species,20,cover,
3041,276,2012,,,5721,,,native,species,0.0625,cover,
3041,276,2012,,,5758,,,native,species,12.6875,cover,
3041,276,2012,,,3019,,,native,species,0,cover,
3041,276,2012,,,3061,,,native,species,0,cover,
3072,276,2012,,,1895,,,native,species,0,cover,
3072,276,2012,,,5574,,,native,species,4.8125,cover,
3072,276,2012,,,803,,,native,species,21.6875,cover,
3072,276,2012,,,5712,,,native,species,1,cover,
3072,276,2012,,,5721,,,native,species,0,cover,
3072,276,2012,,,5758,,,native,species,12.0625,cover,
3072,276,2012,,,3019,,,native,species,0,cover,
3072,276,2012,,,3061,,,native,species,0,cover,
3073,276,2012,,,1895,,,native,species,0,cover,
3073,276,2012,,,5574,,,native,species,0.125,cover,
3073,276,2012,,,803,,,native,species,14.75,cover,
3073,276,2012,,,5712,,,native,species,0.5,cover,
3073,276,2012,,,5721,,,native,species,0.375,cover,
3073,276,2012,,,5758,,,native,species,0,cover,
3073,276,2012,,,3019,,,native,species,0,cover,
3073,276,2012,,,3061,,,native,species,0,cover,
3044,276,2012,,,1895,,,native,species,0,cover,
3044,276,2012,,,5574,,,native,species,0.5625,cover,
3044,276,2012,,,803,,,native,species,35,cover,
3044,276,2012,,,5712,,,native,species,5.875,cover,
3044,276,2012,,,5721,,,native,species,0.0625,cover,
3044,276,2012,,,5758,,,native,species,0.5,cover,
3044,276,2012,,,3019,,,native,species,0,cover,
3044,276,2012,,,3061,,,native,species,0,cover,
3084,276,2012,,,1895,,,native,species,0,cover,
3084,276,2012,,,5574,,,native,species,2.3125,cover,
3084,276,2012,,,803,,,native,species,0.75,cover,
3084,276,2012,,,5712,,,native,species,22.75,cover,
3084,276,2012,,,5721,,,native,species,0,cover,
3084,276,2012,,,5758,,,native,species,1.125,cover,
3084,276,2012,,,3019,,,native,species,0,cover,
3084,276,2012,,,3061,,,native,species,0,cover,
3085,276,2012,,,1895,,,native,species,0,cover,
3085,276,2012,,,5574,,,native,species,10.0625,cover,
3085,276,2012,,,803,,,native,species,8.1875,cover,
3085,276,2012,,,5712,,,native,species,16.0625,cover,
3085,276,2012,,,5721,,,native,species,0.375,cover,
3085,276,2012,,,5758,,,native,species,8.4375,cover,
3085,276,2012,,,3019,,,native,species,0,cover,
3085,276,2012,,,3061,,,native,species,0,cover,
3050,276,2012,,,1895,,,native,species,0,cover,
3050,276,2012,,,5574,,,native,species,5.5,cover,
3050,276,2012,,,803,,,native,species,6.4375,cover,
3050,276,2012,,,5712,,,native,species,19,cover,
3050,276,2012,,,5721,,,native,species,0.125,cover,
3050,276,2012,,,5758,,,native,species,15.875,cover,
3050,276,2012,,,3019,,,native,species,0,cover,
3050,276,2012,,,3061,,,native,species,0,cover,
3092,276,2012,,,1895,,,native,species,0,cover,
3092,276,2012,,,5574,,,native,species,32.2857142857143,cover,
3092,276,2012,,,803,,,native,species,0,cover,
3092,276,2012,,,5712,,,native,species,0.0625,cover,
3092,276,2012,,,5721,,,native,species,0,cover,
3092,276,2012,,,5758,,,native,species,6.5,cover,
3092,276,2012,,,3019,,,native,species,0,cover,
3092,276,2012,,,3061,,,native,species,0,cover,
3093,276,2012,,,1895,,,native,species,0,cover,
3093,276,2012,,,5574,,,native,species,4.75,cover,
3093,276,2012,,,803,,,native,species,0.5,cover,
3093,276,2012,,,5712,,,native,species,0.5,cover,
3093,276,2012,,,5721,,,native,species,0,cover,
3093,276,2012,,,5758,,,native,species,1.75,cover,
3093,276,2012,,,3019,,,native,species,0,cover,
3093,276,2012,,,3061,,,native,species,0,cover,
3054,276,2012,,,1895,,,native,species,0.0625,cover,
3054,276,2012,,,5574,,,native,species,17.4375,cover,
3054,276,2012,,,803,,,native,species,1.4375,cover,
3054,276,2012,,,5712,,,native,species,1.5625,cover,
3054,276,2012,,,5721,,,native,species,0.125,cover,
3054,276,2012,,,5758,,,native,species,5.375,cover,
3054,276,2012,,,3019,,,native,species,0,cover,
3054,276,2012,,,3061,,,native,species,0,cover,
3098,276,2012,,,1895,,,native,species,0,cover,
3098,276,2012,,,5574,,,native,species,1.125,cover,
3098,276,2012,,,803,,,native,species,0,cover,
3098,276,2012,,,5712,,,native,species,0.125,cover,
3098,276,2012,,,5721,,,native,species,0.125,cover,
3098,276,2012,,,5758,,,native,species,1.3125,cover,
3098,276,2012,,,3019,,,native,species,0,cover,
3098,276,2012,,,3061,,,native,species,0,cover,
3099,276,2012,,,1895,,,native,species,0,cover,
3099,276,2012,,,5574,,,native,species,18.3125,cover,
3099,276,2012,,,803,,,native,species,1.125,cover,
3099,276,2012,,,5712,,,native,species,0.1875,cover,
3099,276,2012,,,5721,,,native,species,0.0625,cover,
3099,276,2012,,,5758,,,native,species,1.9375,cover,
3099,276,2012,,,3019,,,native,species,0,cover,
3099,276,2012,,,3061,,,native,species,0,cover,
3057,276,2012,,,1895,,,native,species,0,cover,
3057,276,2012,,,5574,,,native,species,6.5625,cover,
3057,276,2012,,,803,,,native,species,0.9375,cover,
3057,276,2012,,,5712,,,native,species,1,cover,
3057,276,2012,,,5721,,,native,species,0.1875,cover,
3057,276,2012,,,5758,,,native,species,14.6875,cover,
3057,276,2012,,,3019,,,native,species,0,cover,
3057,276,2012,,,3061,,,native,species,0,cover,
3112,276,2012,,,1895,,,native,species,0,cover,
3112,276,2012,,,5574,,,native,species,3.25,cover,
3112,276,2012,,,803,,,native,species,4.6875,cover,
3112,276,2012,,,5712,,,native,species,5.375,cover,
3112,276,2012,,,5721,,,native,species,0,cover,
3112,276,2012,,,5758,,,native,species,4,cover,
3112,276,2012,,,3019,,,native,species,0,cover,
3112,276,2012,,,3061,,,native,species,0,cover,
3113,276,2012,,,1895,,,native,species,0,cover,
3113,276,2012,,,5574,,,native,species,0.625,cover,
3113,276,2012,,,803,,,native,species,0,cover,
3113,276,2012,,,5712,,,native,species,2.3125,cover,
3113,276,2012,,,5721,,,native,species,0,cover,
3113,276,2012,,,5758,,,native,species,2.3125,cover,
3113,276,2012,,,3019,,,native,species,0,cover,
3113,276,2012,,,3061,,,native,species,0,cover,
3064,276,2012,,,1895,,,native,species,0,cover,
3064,276,2012,,,5574,,,native,species,1.9375,cover,
3064,276,2012,,,803,,,native,species,1.4375,cover,
3064,276,2012,,,5712,,,native,species,3.8125,cover,
3064,276,2012,,,5721,,,native,species,0.4375,cover,
3064,276,2012,,,5758,,,native,species,7.5,cover,
3064,276,2012,,,3019,,,native,species,0,cover,
3064,276,2012,,,3061,,,native,species,0,cover,
3070,276,2012,,,1895,,,native,species,0,cover,
3070,276,2012,,,5574,,,native,species,1.0625,cover,
3070,276,2012,,,803,,,native,species,0,cover,
3070,276,2012,,,5712,,,native,species,0.0625,cover,
3070,276,2012,,,5721,,,native,species,0,cover,
3070,276,2012,,,5758,,,native,species,55,cover,
3070,276,2012,,,3019,,,native,species,0,cover,
3070,276,2012,,,3061,,,native,species,0,cover,
3071,276,2012,,,1895,,,native,species,0,cover,
3071,276,2012,,,5574,,,native,species,0.5625,cover,
3071,276,2012,,,803,,,native,species,2.25,cover,
3071,276,2012,,,5712,,,native,species,0.4375,cover,
3071,276,2012,,,5721,,,native,species,0,cover,
3071,276,2012,,,5758,,,native,species,4.875,cover,
3071,276,2012,,,3019,,,native,species,0,cover,
3071,276,2012,,,3061,,,native,species,0,cover,
3043,276,2012,,,1895,,,native,species,0,cover,
3043,276,2012,,,5574,,,native,species,0.75,cover,
3043,276,2012,,,803,,,native,species,1.625,cover,
3043,276,2012,,,5712,,,native,species,0.5,cover,
3043,276,2012,,,5721,,,native,species,0,cover,
3043,276,2012,,,5758,,,native,species,19.5625,cover,
3043,276,2012,,,3019,,,native,species,0,cover,
3043,276,2012,,,3061,,,native,species,0,cover,
3080,276,2012,,,1895,,,native,species,0,cover,
3080,276,2012,,,5574,,,native,species,0.1875,cover,
3080,276,2012,,,803,,,native,species,0,cover,
3080,276,2012,,,5712,,,native,species,0,cover,
3080,276,2012,,,5721,,,native,species,0,cover,
3080,276,2012,,,5758,,,native,species,65.625,cover,
3080,276,2012,,,3019,,,native,species,0,cover,
3080,276,2012,,,3061,,,native,species,0,cover,
3081,276,2012,,,1895,,,native,species,0,cover,
3081,276,2012,,,5574,,,native,species,1.25,cover,
3081,276,2012,,,803,,,native,species,0.4375,cover,
3081,276,2012,,,5712,,,native,species,0.0625,cover,
3081,276,2012,,,5721,,,native,species,0,cover,
3081,276,2012,,,5758,,,native,species,28.875,cover,
3081,276,2012,,,3019,,,native,species,0,cover,
3081,276,2012,,,3061,,,native,species,0,cover,
3048,276,2012,,,1895,,,native,species,0,cover,
3048,276,2012,,,5574,,,native,species,0.8125,cover,
3048,276,2012,,,803,,,native,species,0.625,cover,
3048,276,2012,,,5712,,,native,species,0.375,cover,
3048,276,2012,,,5721,,,native,species,0,cover,
3048,276,2012,,,5758,,,native,species,65.625,cover,
3048,276,2012,,,3019,,,native,species,0,cover,
3048,276,2012,,,3061,,,native,species,0,cover,
3086,276,2012,,,1895,,,native,species,0,cover,
3086,276,2012,,,5574,,,native,species,0.625,cover,
3086,276,2012,,,803,,,native,species,0,cover,
3086,276,2012,,,5712,,,native,species,0,cover,
3086,276,2012,,,5721,,,native,species,0.0625,cover,
3086,276,2012,,,5758,,,native,species,40.0625,cover,
3086,276,2012,,,3019,,,native,species,0,cover,
3086,276,2012,,,3061,,,native,species,0,cover,
3087,276,2012,,,1895,,,native,species,0,cover,
3087,276,2012,,,5574,,,native,species,2.8125,cover,
3087,276,2012,,,803,,,native,species,0,cover,
3087,276,2012,,,5712,,,native,species,0.0625,cover,
3087,276,2012,,,5721,,,native,species,0.0625,cover,
3087,276,2012,,,5758,,,native,species,7.75,cover,
3087,276,2012,,,3019,,,native,species,0,cover,
3087,276,2012,,,3061,,,native,species,0,cover,
3051,276,2012,,,1895,,,native,species,0,cover,
3051,276,2012,,,5574,,,native,species,3.5625,cover,
3051,276,2012,,,803,,,native,species,0.4375,cover,
3051,276,2012,,,5712,,,native,species,0.875,cover,
3051,276,2012,,,5721,,,native,species,0.1875,cover,
3051,276,2012,,,5758,,,native,species,31.25,cover,
3051,276,2012,,,3019,,,native,species,0,cover,
3051,276,2012,,,3061,,,native,species,0,cover,
3108,276,2012,,,1895,,,native,species,0,cover,
3108,276,2012,,,5574,,,native,species,0.1875,cover,
3108,276,2012,,,803,,,native,species,0,cover,
3108,276,2012,,,5712,,,native,species,0.25,cover,
3108,276,2012,,,5721,,,native,species,0,cover,
3108,276,2012,,,5758,,,native,species,9.6875,cover,
3108,276,2012,,,3019,,,native,species,0,cover,
3108,276,2012,,,3061,,,native,species,0,cover,
3109,276,2012,,,1895,,,native,species,0,cover,
3109,276,2012,,,5574,,,native,species,8.0625,cover,
3109,276,2012,,,803,,,native,species,0.375,cover,
3109,276,2012,,,5712,,,native,species,3,cover,
3109,276,2012,,,5721,,,native,species,0,cover,
3109,276,2012,,,5758,,,native,species,10.6875,cover,
3109,276,2012,,,3019,,,native,species,0,cover,
3109,276,2012,,,3061,,,native,species,0,cover,
3062,276,2012,,,1895,,,native,species,0,cover,
3062,276,2012,,,5574,,,native,species,15.875,cover,
3062,276,2012,,,803,,,native,species,0.3125,cover,
3062,276,2012,,,5712,,,native,species,13.0625,cover,
3062,276,2012,,,5721,,,native,species,0.0625,cover,
3062,276,2012,,,5758,,,native,species,11.5,cover,
3062,276,2012,,,3019,,,native,species,0,cover,
3062,276,2012,,,3061,,,native,species,0,cover,
3110,276,2012,,,1895,,,native,species,0,cover,
3110,276,2012,,,5574,,,native,species,0.125,cover,
3110,276,2012,,,803,,,native,species,0,cover,
3110,276,2012,,,5712,,,native,species,0.0625,cover,
3110,276,2012,,,5721,,,native,species,0.1875,cover,
3110,276,2012,,,5758,,,native,species,23.75,cover,
3110,276,2012,,,3019,,,native,species,0,cover,
3110,276,2012,,,3061,,,native,species,0,cover,
3111,276,2012,,,1895,,,native,species,0,cover,
3111,276,2012,,,5574,,,native,species,3.8125,cover,
3111,276,2012,,,803,,,native,species,0,cover,
3111,276,2012,,,5712,,,native,species,0.25,cover,
3111,276,2012,,,5721,,,native,species,0.0625,cover,
3111,276,2012,,,5758,,,native,species,20.0625,cover,
3111,276,2012,,,3019,,,native,species,0,cover,
3111,276,2012,,,3061,,,native,species,0,cover,
3063,276,2012,,,1895,,,native,species,0,cover,
3063,276,2012,,,5574,,,native,species,2.3125,cover,
3063,276,2012,,,803,,,native,species,0.75,cover,
3063,276,2012,,,5712,,,native,species,0.5,cover,
3063,276,2012,,,5721,,,native,species,0.375,cover,
3063,276,2012,,,5758,,,native,species,53.125,cover,
3063,276,2012,,,3019,,,native,species,0,cover,
3063,276,2012,,,3061,,,native,species,0,cover,
3114,276,2012,,,1895,,,native,species,0,cover,
3114,276,2012,,,5574,,,native,species,5,cover,
3114,276,2012,,,803,,,native,species,0,cover,
3114,276,2012,,,5712,,,native,species,0,cover,
3114,276,2012,,,5721,,,native,species,1.125,cover,
3114,276,2012,,,5758,,,native,species,10.6875,cover,
3114,276,2012,,,3019,,,native,species,0,cover,
3114,276,2012,,,3061,,,native,species,0,cover,
3115,276,2012,,,1895,,,native,species,0,cover,
3115,276,2012,,,5574,,,native,species,16.75,cover,
3115,276,2012,,,803,,,native,species,0,cover,
3115,276,2012,,,5712,,,native,species,0.125,cover,
3115,276,2012,,,5721,,,native,species,0.0625,cover,
3115,276,2012,,,5758,,,native,species,14.875,cover,
3115,276,2012,,,3019,,,native,species,0,cover,
3115,276,2012,,,3061,,,native,species,0,cover,
3065,276,2012,,,1895,,,native,species,0,cover,
3065,276,2012,,,5574,,,native,species,17.0625,cover,
3065,276,2012,,,803,,,native,species,0.8125,cover,
3065,276,2012,,,5712,,,native,species,0.9375,cover,
3065,276,2012,,,5721,,,native,species,0.5625,cover,
3065,276,2012,,,5758,,,native,species,38.75,cover,
3065,276,2012,,,3019,,,native,species,0,cover,
3065,276,2012,,,3061,,,native,species,0,cover,
3068,276,2012,,,1895,,,native,species,0,cover,
3068,276,2012,,,5574,,,native,species,0.5,cover,
3068,276,2012,,,803,,,native,species,12.5625,cover,
3068,276,2012,,,5712,,,native,species,0.5625,cover,
3068,276,2012,,,5721,,,native,species,0,cover,
3068,276,2012,,,5758,,,native,species,1.25,cover,
3068,276,2012,,,3019,,,native,species,0,cover,
3068,276,2012,,,3061,,,native,species,0,cover,
3069,276,2012,,,1895,,,native,species,0,cover,
3069,276,2012,,,5574,,,native,species,0.125,cover,
3069,276,2012,,,803,,,native,species,4.5625,cover,
3069,276,2012,,,5712,,,native,species,7.8125,cover,
3069,276,2012,,,5721,,,native,species,0.9375,cover,
3069,276,2012,,,5758,,,native,species,1.3125,cover,
3069,276,2012,,,3019,,,native,species,0,cover,
3069,276,2012,,,3061,,,native,species,0,cover,
3042,276,2012,,,1895,,,native,species,0,cover,
3042,276,2012,,,5574,,,native,species,4.875,cover,
3042,276,2012,,,803,,,native,species,17.5,cover,
3042,276,2012,,,5712,,,native,species,7,cover,
3042,276,2012,,,5721,,,native,species,0.375,cover,
3042,276,2012,,,5758,,,native,species,0.75,cover,
3042,276,2012,,,3019,,,native,species,0,cover,
3042,276,2012,,,3061,,,native,species,0,cover,
3074,276,2012,,,1895,,,native,species,0,cover,
3074,276,2012,,,5574,,,native,species,1.125,cover,
3074,276,2012,,,803,,,native,species,2.6875,cover,
3074,276,2012,,,5712,,,native,species,0.1875,cover,
3074,276,2012,,,5721,,,native,species,0,cover,
3074,276,2012,,,5758,,,native,species,15.4375,cover,
3074,276,2012,,,3019,,,native,species,0,cover,
3074,276,2012,,,3061,,,native,species,0,cover,
3075,276,2012,,,1895,,,native,species,0,cover,
3075,276,2012,,,5574,,,native,species,12.625,cover,
3075,276,2012,,,803,,,native,species,1.375,cover,
3075,276,2012,,,5712,,,native,species,12,cover,
3075,276,2012,,,5721,,,native,species,0,cover,
3075,276,2012,,,5758,,,native,species,10.375,cover,
3075,276,2012,,,3019,,,native,species,0,cover,
3075,276,2012,,,3061,,,native,species,0,cover,
3045,276,2012,,,1895,,,native,species,0,cover,
3045,276,2012,,,5574,,,native,species,14.0625,cover,
3045,276,2012,,,803,,,native,species,3.8125,cover,
3045,276,2012,,,5712,,,native,species,8.125,cover,
3045,276,2012,,,5721,,,native,species,0,cover,
3045,276,2012,,,5758,,,native,species,17.3125,cover,
3045,276,2012,,,3019,,,native,species,0,cover,
3045,276,2012,,,3061,,,native,species,0,cover,
3078,276,2012,,,1895,,,native,species,0,cover,
3078,276,2012,,,5574,,,native,species,11.5625,cover,
3078,276,2012,,,803,,,native,species,0.5625,cover,
3078,276,2012,,,5712,,,native,species,0.0625,cover,
3078,276,2012,,,5721,,,native,species,0,cover,
3078,276,2012,,,5758,,,native,species,9.25,cover,
3078,276,2012,,,3019,,,native,species,0,cover,
3078,276,2012,,,3061,,,native,species,0,cover,
3079,276,2012,,,1895,,,native,species,0,cover,
3079,276,2012,,,5574,,,native,species,7.9375,cover,
3079,276,2012,,,803,,,native,species,11.375,cover,
3079,276,2012,,,5712,,,native,species,0.4375,cover,
3079,276,2012,,,5721,,,native,species,0.0625,cover,
3079,276,2012,,,5758,,,native,species,18.1875,cover,
3079,276,2012,,,3019,,,native,species,0,cover,
3079,276,2012,,,3061,,,native,species,0,cover,
3047,276,2012,,,1895,,,native,species,0,cover,
3047,276,2012,,,5574,,,native,species,10,cover,
3047,276,2012,,,803,,,native,species,8.875,cover,
3047,276,2012,,,5712,,,native,species,1.25,cover,
3047,276,2012,,,5721,,,native,species,0.0625,cover,
3047,276,2012,,,5758,,,native,species,12,cover,
3047,276,2012,,,3019,,,native,species,0,cover,
3047,276,2012,,,3061,,,native,species,0,cover,
3088,276,2012,,,1895,,,native,species,0,cover,
3088,276,2012,,,5574,,,native,species,0.5625,cover,
3088,276,2012,,,803,,,native,species,4.875,cover,
3088,276,2012,,,5712,,,native,species,0,cover,
3088,276,2012,,,5721,,,native,species,0,cover,
3088,276,2012,,,5758,,,native,species,9.28571428571429,cover,
3088,276,2012,,,3019,,,native,species,0,cover,
3088,276,2012,,,3061,,,native,species,0,cover,
3089,276,2012,,,1895,,,native,species,0.375,cover,
3089,276,2012,,,5574,,,native,species,2.3125,cover,
3089,276,2012,,,803,,,native,species,9.1875,cover,
3089,276,2012,,,5712,,,native,species,0.4375,cover,
3089,276,2012,,,5721,,,native,species,0,cover,
3089,276,2012,,,5758,,,native,species,4.875,cover,
3089,276,2012,,,3019,,,native,species,0,cover,
3089,276,2012,,,3061,,,native,species,0,cover,
3052,276,2012,,,1895,,,native,species,0.125,cover,
3052,276,2012,,,5574,,,native,species,2.5625,cover,
3052,276,2012,,,803,,,native,species,9.5625,cover,
3052,276,2012,,,5712,,,native,species,0.9375,cover,
3052,276,2012,,,5721,,,native,species,0,cover,
3052,276,2012,,,5758,,,native,species,14.375,cover,
3052,276,2012,,,3019,,,native,species,0,cover,
3052,276,2012,,,3061,,,native,species,0,cover,
3090,276,2012,,,1895,,,native,species,0,cover,
3090,276,2012,,,5574,,,native,species,3.0625,cover,
3090,276,2012,,,803,,,native,species,1.75,cover,
3090,276,2012,,,5712,,,native,species,3.75,cover,
3090,276,2012,,,5721,,,native,species,0,cover,
3090,276,2012,,,5758,,,native,species,23.25,cover,
3090,276,2012,,,3019,,,native,species,0,cover,
3090,276,2012,,,3061,,,native,species,0,cover,
3091,276,2012,,,1895,,,native,species,0,cover,
3091,276,2012,,,5574,,,native,species,2.625,cover,
3091,276,2012,,,803,,,native,species,5,cover,
3091,276,2012,,,5712,,,native,species,3.42857142857143,cover,
3091,276,2012,,,5721,,,native,species,0.0625,cover,
3091,276,2012,,,5758,,,native,species,1,cover,
3091,276,2012,,,3019,,,native,species,0,cover,
3091,276,2012,,,3061,,,native,species,0,cover,
3053,276,2012,,,1895,,,native,species,0.0625,cover,
3053,276,2012,,,5574,,,native,species,7.125,cover,
3053,276,2012,,,803,,,native,species,5,cover,
3053,276,2012,,,5712,,,native,species,9.14285714285714,cover,
3053,276,2012,,,5721,,,native,species,0.125,cover,
3053,276,2012,,,5758,,,native,species,11.375,cover,
3053,276,2012,,,3019,,,native,species,0,cover,
3053,276,2012,,,3061,,,native,species,0,cover,
3094,276,2012,,,1895,,,native,species,0,cover,
3094,276,2012,,,5574,,,native,species,8.375,cover,
3094,276,2012,,,803,,,native,species,0,cover,
3094,276,2012,,,5712,,,native,species,0.5,cover,
3094,276,2012,,,5721,,,native,species,0,cover,
3094,276,2012,,,5758,,,native,species,8.5,cover,
3094,276,2012,,,3019,,,native,species,0,cover,
3094,276,2012,,,3061,,,native,species,0,cover,
3095,276,2012,,,1895,,,native,species,0,cover,
3095,276,2012,,,5574,,,native,species,16.375,cover,
3095,276,2012,,,803,,,native,species,4.75,cover,
3095,276,2012,,,5712,,,native,species,3.1875,cover,
3095,276,2012,,,5721,,,native,species,0.0625,cover,
3095,276,2012,,,5758,,,native,species,6.4375,cover,
3095,276,2012,,,3019,,,native,species,0,cover,
3095,276,2012,,,3061,,,native,species,0,cover,
3055,276,2012,,,1895,,,native,species,0,cover,
3055,276,2012,,,5574,,,native,species,12.1428571428571,cover,
3055,276,2012,,,803,,,native,species,8.8125,cover,
3055,276,2012,,,5712,,,native,species,14.9375,cover,
3055,276,2012,,,5721,,,native,species,0.4375,cover,
3055,276,2012,,,5758,,,native,species,15.3125,cover,
3055,276,2012,,,3019,,,native,species,0,cover,
3055,276,2012,,,3061,,,native,species,0,cover,
3106,276,2012,,,1895,,,native,species,0,cover,
3106,276,2012,,,5574,,,native,species,9.0625,cover,
3106,276,2012,,,803,,,native,species,10.625,cover,
3106,276,2012,,,5712,,,native,species,1.375,cover,
3106,276,2012,,,5721,,,native,species,0,cover,
3106,276,2012,,,5758,,,native,species,0.6875,cover,
3106,276,2012,,,3019,,,native,species,0,cover,
3106,276,2012,,,3061,,,native,species,0,cover,
3107,276,2012,,,1895,,,native,species,0,cover,
3107,276,2012,,,5574,,,native,species,10.875,cover,
3107,276,2012,,,803,,,native,species,3.125,cover,
3107,276,2012,,,5712,,,native,species,8.42857142857143,cover,
3107,276,2012,,,5721,,,native,species,0.125,cover,
3107,276,2012,,,5758,,,native,species,4.4375,cover,
3107,276,2012,,,3019,,,native,species,0,cover,
3107,276,2012,,,3061,,,native,species,0,cover,
3061,276,2012,,,1895,,,native,species,0,cover,
3061,276,2012,,,5574,,,native,species,15,cover,
3061,276,2012,,,803,,,native,species,3.4375,cover,
3061,276,2012,,,5712,,,native,species,16.125,cover,
3061,276,2012,,,5721,,,native,species,0.4375,cover,
3061,276,2012,,,5758,,,native,species,4.6875,cover,
3061,276,2012,,,3019,,,native,species,0,cover,
3061,276,2012,,,3061,,,native,species,0,cover,
3076,276,2012,,,1895,,,native,species,0,cover,
3076,276,2012,,,5574,,,native,species,0.0625,cover,
3076,276,2012,,,803,,,native,species,0,cover,
3076,276,2012,,,5712,,,native,species,0,cover,
3076,276,2012,,,5721,,,native,species,0,cover,
3076,276,2012,,,5758,,,native,species,20.0625,cover,
3076,276,2012,,,3019,,,native,species,0,cover,
3076,276,2012,,,3061,,,native,species,0,cover,
3077,276,2012,,,1895,,,native,species,0,cover,
3077,276,2012,,,5574,,,native,species,0.9375,cover,
3077,276,2012,,,803,,,native,species,0.4375,cover,
3077,276,2012,,,5712,,,native,species,0.875,cover,
3077,276,2012,,,5721,,,native,species,0.0625,cover,
3077,276,2012,,,5758,,,native,species,18.9375,cover,
3077,276,2012,,,3019,,,native,species,0,cover,
3077,276,2012,,,3061,,,native,species,0,cover,
3046,276,2012,,,1895,,,native,species,0,cover,
3046,276,2012,,,5574,,,native,species,3.8125,cover,
3046,276,2012,,,803,,,native,species,0.75,cover,
3046,276,2012,,,5712,,,native,species,2.125,cover,
3046,276,2012,,,5721,,,native,species,0.125,cover,
3046,276,2012,,,5758,,,native,species,55.625,cover,
3046,276,2012,,,3019,,,native,species,0,cover,
3046,276,2012,,,3061,,,native,species,0,cover,
3082,276,2012,,,1895,,,native,species,0,cover,
3082,276,2012,,,5574,,,native,species,1.6875,cover,
3082,276,2012,,,803,,,native,species,2.0625,cover,
3082,276,2012,,,5712,,,native,species,0,cover,
3082,276,2012,,,5721,,,native,species,0,cover,
3082,276,2012,,,5758,,,native,species,39.375,cover,
3082,276,2012,,,3019,,,native,species,0,cover,
3082,276,2012,,,3061,,,native,species,0,cover,
3083,276,2012,,,1895,,,native,species,0,cover,
3083,276,2012,,,5574,,,native,species,1,cover,
3083,276,2012,,,803,,,native,species,0.375,cover,
3083,276,2012,,,5712,,,native,species,0.5625,cover,
3083,276,2012,,,5721,,,native,species,0,cover,
3083,276,2012,,,5758,,,native,species,23.75,cover,
3083,276,2012,,,3019,,,native,species,0,cover,
3083,276,2012,,,3061,,,native,species,0,cover,
3049,276,2012,,,1895,,,native,species,0,cover,
3049,276,2012,,,5574,,,native,species,0.8125,cover,
3049,276,2012,,,803,,,native,species,1.375,cover,
3049,276,2012,,,5712,,,native,species,0.375,cover,
3049,276,2012,,,5721,,,native,species,0.1875,cover,
3049,276,2012,,,5758,,,native,species,83.9285714285714,cover,
3049,276,2012,,,3019,,,native,species,0,cover,
3049,276,2012,,,3061,,,native,species,0,cover,
3096,276,2012,,,1895,,,native,species,0,cover,
3096,276,2012,,,5574,,,native,species,0,cover,
3096,276,2012,,,803,,,native,species,0.375,cover,
3096,276,2012,,,5712,,,native,species,0.125,cover,
3096,276,2012,,,5721,,,native,species,0,cover,
3096,276,2012,,,5758,,,native,species,22,cover,
3096,276,2012,,,3019,,,native,species,0,cover,
3096,276,2012,,,3061,,,native,species,0,cover,
3097,276,2012,,,1895,,,native,species,0,cover,
3097,276,2012,,,5574,,,native,species,16.1875,cover,
3097,276,2012,,,803,,,native,species,2.5625,cover,
3097,276,2012,,,5712,,,native,species,0.5,cover,
3097,276,2012,,,5721,,,native,species,0.0625,cover,
3097,276,2012,,,5758,,,native,species,9.375,cover,
3097,276,2012,,,3019,,,native,species,0,cover,
3097,276,2012,,,3061,,,native,species,0,cover,
3056,276,2012,,,1895,,,native,species,0,cover,
3056,276,2012,,,5574,,,native,species,4.625,cover,
3056,276,2012,,,803,,,native,species,1.125,cover,
3056,276,2012,,,5712,,,native,species,2.875,cover,
3056,276,2012,,,5721,,,native,species,0.1875,cover,
3056,276,2012,,,5758,,,native,species,32.5,cover,
3056,276,2012,,,3019,,,native,species,0,cover,
3056,276,2012,,,3061,,,native,species,0,cover,
3100,276,2012,,,1895,,,native,species,0,cover,
3100,276,2012,,,5574,,,native,species,1.25,cover,
3100,276,2012,,,803,,,native,species,0,cover,
3100,276,2012,,,5712,,,native,species,0.125,cover,
3100,276,2012,,,5721,,,native,species,0,cover,
3100,276,2012,,,5758,,,native,species,25.6875,cover,
3100,276,2012,,,3019,,,native,species,0,cover,
3100,276,2012,,,3061,,,native,species,0,cover,
3101,276,2012,,,1895,,,native,species,0,cover,
3101,276,2012,,,5574,,,native,species,1.125,cover,
3101,276,2012,,,803,,,native,species,0.4375,cover,
3101,276,2012,,,5712,,,native,species,0.4375,cover,
3101,276,2012,,,5721,,,native,species,0,cover,
3101,276,2012,,,5758,,,native,species,22.5625,cover,
3101,276,2012,,,3019,,,native,species,0,cover,
3101,276,2012,,,3061,,,native,species,0,cover,
3058,276,2012,,,1895,,,native,species,0,cover,
3058,276,2012,,,5574,,,native,species,2.5625,cover,
3058,276,2012,,,803,,,native,species,0.4375,cover,
3058,276,2012,,,5712,,,native,species,0.75,cover,
3058,276,2012,,,5721,,,native,species,0,cover,
3058,276,2012,,,5758,,,native,species,41.875,cover,
3058,276,2012,,,3019,,,native,species,0,cover,
3058,276,2012,,,3061,,,native,species,0,cover,
3102,276,2012,,,1895,,,native,species,0,cover,
3102,276,2012,,,5574,,,native,species,0.0625,cover,
3102,276,2012,,,803,,,native,species,0,cover,
3102,276,2012,,,5712,,,native,species,0,cover,
3102,276,2012,,,5721,,,native,species,0,cover,
3102,276,2012,,,5758,,,native,species,49.7142857142857,cover,
3102,276,2012,,,3019,,,native,species,0,cover,
3102,276,2012,,,3061,,,native,species,0,cover,
3103,276,2012,,,1895,,,native,species,0,cover,
3103,276,2012,,,5574,,,native,species,5.6875,cover,
3103,276,2012,,,803,,,native,species,0,cover,
3103,276,2012,,,5712,,,native,species,0.0625,cover,
3103,276,2012,,,5721,,,native,species,0.0625,cover,
3103,276,2012,,,5758,,,native,species,27.875,cover,
3103,276,2012,,,3019,,,native,species,0,cover,
3103,276,2012,,,3061,,,native,species,0,cover,
3059,276,2012,,,1895,,,native,species,0,cover,
3059,276,2012,,,5574,,,native,species,3.75,cover,
3059,276,2012,,,803,,,native,species,0.4375,cover,
3059,276,2012,,,5712,,,native,species,0.6875,cover,
3059,276,2012,,,5721,,,native,species,0.125,cover,
3059,276,2012,,,5758,,,native,species,55.0625,cover,
3059,276,2012,,,3019,,,native,species,0,cover,
3059,276,2012,,,3061,,,native,species,0,cover,
3104,276,2012,,,1895,,,native,species,0,cover,
3104,276,2012,,,5574,,,native,species,16.0625,cover,
3104,276,2012,,,803,,,native,species,0,cover,
3104,276,2012,,,5712,,,native,species,0,cover,
3104,276,2012,,,5721,,,native,species,0,cover,
3104,276,2012,,,5758,,,native,species,16.9375,cover,
3104,276,2012,,,3019,,,native,species,0,cover,
3104,276,2012,,,3061,,,native,species,0,cover,
3105,276,2012,,,1895,,,native,species,0,cover,
3105,276,2012,,,5574,,,native,species,13.1875,cover,
3105,276,2012,,,803,,,native,species,0.9375,cover,
3105,276,2012,,,5712,,,native,species,0.125,cover,
3105,276,2012,,,5721,,,native,species,0.0625,cover,
3105,276,2012,,,5758,,,native,species,18.1875,cover,
3105,276,2012,,,3019,,,native,species,0,cover,
3105,276,2012,,,3061,,,native,species,0,cover,
3060,276,2012,,,1895,,,native,species,0,cover,
3060,276,2012,,,5574,,,native,species,15.6875,cover,
3060,276,2012,,,803,,,native,species,0.1875,cover,
3060,276,2012,,,5712,,,native,species,0.5625,cover,
3060,276,2012,,,5721,,,native,species,0.25,cover,
3060,276,2012,,,5758,,,native,species,41.25,cover,
3060,276,2012,,,3019,,,native,species,0,cover,
3060,276,2012,,,3061,,,native,species,0,cover,
