source_row,source_observationid,database,source_treatmentid,source_year,time_since_restoration,block,replicate,source_species_code,origin,response,level,metric,siteid,area_key,month,day,year,area_found,timepoint_found,prepare_status
1,GAZP_11,GAZP,11_26,2015,26,301,23,L_Pgrass,native,6,species,abundance,166,plot:166:301:23,5,,2015,TRUE,TRUE,ready_for_build
2,GAZP_11,GAZP,11_26,2015,26,301,43,L_Pgrass,native,1,species,abundance,166,plot:166:301:43,5,,2015,TRUE,TRUE,ready_for_build
3,GAZP_11,GAZP,11_26,2015,26,302,122,L_Pgrass,native,4,species,abundance,166,plot:166:302:122,5,,2015,TRUE,TRUE,ready_for_build
4,GAZP_11,GAZP,11_26,2015,26,302,142,L_Pgrass,native,11,species,abundance,166,plot:166:302:142,5,,2015,TRUE,TRUE,ready_for_build
5,GAZP_11,GAZP,11_26,2015,26,303,122,L_Pgrass,native,0,species,abundance,166,plot:166:303:122,5,,2015,TRUE,TRUE,ready_for_build
6,GAZP_11,GAZP,11_26,2015,26,303,142,L_Pgrass,native,1,species,abundance,166,plot:166:303:142,5,,2015,TRUE,TRUE,ready_for_build
7,GAZP_11,GAZP,11_26,2015,26,304,23,L_Pgrass,native,7,species,abundance,166,plot:166:304:23,5,,2015,TRUE,TRUE,ready_for_build
8,GAZP_11,GAZP,11_26,2015,26,304,43,L_Pgrass,native,2,species,abundance,166,plot:166:304:43,5,,2015,TRUE,TRUE,ready_for_build
9,GAZP_11,GAZP,11_26,2015,26,305,121,L_Pgrass,native,6,species,abundance,166,plot:166:305:121,5,,2015,TRUE,TRUE,ready_for_build
10,GAZP_11,GAZP,11_26,2015,26,305,141,L_Pgrass,native,7,species,abundance,166,plot:166:305:141,5,,2015,TRUE,TRUE,ready_for_build
11,GAZP_11,GAZP,11_26,2015,26,306,23,L_Pgrass,native,10,species,abundance,166,plot:166:306:23,5,,2015,TRUE,TRUE,ready_for_build
12,GAZP_11,GAZP,11_26,2015,26,306,43,L_Pgrass,native,2,species,abundance,166,plot:166:306:43,5,,2015,TRUE,TRUE,ready_for_build
13,GAZP_11,GAZP,11_26,2015,26,307,22,L_Pgrass,native,0,species,abundance,166,plot:166:307:22,5,,2015,TRUE,TRUE,ready_for_build
14,GAZP_11,GAZP,11_26,2015,26,307,42,L_Pgrass,native,0,species,abundance,166,plot:166:307:42,5,,2015,TRUE,TRUE,ready_for_build
15,GAZP_11,GAZP,11_26,2015,26,308,121,L_Pgrass,native,6,species,abundance,166,plot:166:308:121,5,,2015,TRUE,TRUE,ready_for_build
16,GAZP_11,GAZP,11_26,2015,26,308,141,L_Pgrass,native,3,species,abundance,166,plot:166:308:141,5,,2015,TRUE,TRUE,ready_for_build
17,GAZP_11,GAZP,11_26,2015,26,309,21,L_Pgrass,native,7,species,abundance,166,plot:166:309:21,5,,2015,TRUE,TRUE,ready_for_build
18,GAZP_11,GAZP,11_26,2015,26,309,41,L_Pgrass,native,2,species,abundance,166,plot:166:309:41,5,,2015,TRUE,TRUE,ready_for_build
19,GAZP_11,GAZP,11_26,2015,26,401,123,L_Pgrass,native,1,species,abundance,166,plot:166:401:123,5,,2015,TRUE,TRUE,ready_for_build
20,GAZP_11,GAZP,11_26,2015,26,401,143,L_Pgrass,native,1,species,abundance,166,plot:166:401:143,5,,2015,TRUE,TRUE,ready_for_build
21,GAZP_11,GAZP,11_26,2015,26,402,22,L_Pgrass,native,9,species,abundance,166,plot:166:402:22,5,,2015,TRUE,TRUE,ready_for_build
22,GAZP_11,GAZP,11_26,2015,26,402,42,L_Pgrass,native,0,species,abundance,166,plot:166:402:42,5,,2015,TRUE,TRUE,ready_for_build
23,GAZP_11,GAZP,11_26,2015,26,403,122,L_Pgrass,native,3,species,abundance,166,plot:166:403:122,5,,2015,TRUE,TRUE,ready_for_build
24,GAZP_11,GAZP,11_26,2015,26,403,142,L_Pgrass,native,1,species,abundance,166,plot:166:403:142,5,,2015,TRUE,TRUE,ready_for_build
25,GAZP_11,GAZP,11_26,2015,26,404,23,L_Pgrass,native,0,species,abundance,166,plot:166:404:23,5,,2015,TRUE,TRUE,ready_for_build
26,GAZP_11,GAZP,11_26,2015,26,404,43,L_Pgrass,native,7,species,abundance,166,plot:166:404:43,5,,2015,TRUE,TRUE,ready_for_build
27,GAZP_11,GAZP,11_26,2015,26,405,21,L_Pgrass,native,3,species,abundance,166,plot:166:405:21,5,,2015,TRUE,TRUE,ready_for_build
28,GAZP_11,GAZP,11_26,2015,26,405,41,L_Pgrass,native,7,species,abundance,166,plot:166:405:41,5,,2015,TRUE,TRUE,ready_for_build
29,GAZP_11,GAZP,11_26,2015,26,406,123,L_Pgrass,native,6,species,abundance,166,plot:166:406:123,5,,2015,TRUE,TRUE,ready_for_build
30,GAZP_11,GAZP,11_26,2015,26,406,143,L_Pgrass,native,4,species,abundance,166,plot:166:406:143,5,,2015,TRUE,TRUE,ready_for_build
31,GAZP_11,GAZP,11_26,2015,26,407,22,L_Pgrass,native,11,species,abundance,166,plot:166:407:22,5,,2015,TRUE,TRUE,ready_for_build
32,GAZP_11,GAZP,11_26,2015,26,407,42,L_Pgrass,native,8,species,abundance,166,plot:166:407:42,5,,2015,TRUE,TRUE,ready_for_build
33,GAZP_11,GAZP,11_26,2015,26,408,21,L_Pgrass,native,0,species,abundance,166,plot:166:408:21,5,,2015,TRUE,TRUE,ready_for_build
34,GAZP_11,GAZP,11_26,2015,26,408,41,L_Pgrass,native,7,species,abundance,166,plot:166:408:41,5,,2015,TRUE,TRUE,ready_for_build
35,GAZP_11,GAZP,11_26,2015,26,409,21,L_Pgrass,native,5,species,abundance,166,plot:166:409:21,5,,2015,TRUE,TRUE,ready_for_build
36,GAZP_11,GAZP,11_26,2015,26,409,41,L_Pgrass,native,3,species,abundance,166,plot:166:409:41,5,,2015,TRUE,TRUE,ready_for_build
37,GAZP_11,GAZP,11_27,2015,26,701,123,L_Pgrass,native,3,species,abundance,166,plot:166:701:123,5,,2015,TRUE,TRUE,ready_for_build
38,GAZP_11,GAZP,11_27,2015,26,701,143,L_Pgrass,native,16,species,abundance,166,plot:166:701:143,5,,2015,TRUE,TRUE,ready_for_build
39,GAZP_11,GAZP,11_27,2015,26,702,22,L_Pgrass,native,8,species,abundance,166,plot:166:702:22,5,,2015,TRUE,TRUE,ready_for_build
40,GAZP_11,GAZP,11_27,2015,26,702,42,L_Pgrass,native,24,species,abundance,166,plot:166:702:42,5,,2015,TRUE,TRUE,ready_for_build
41,GAZP_11,GAZP,11_27,2015,26,703,22,L_Pgrass,native,5,species,abundance,166,plot:166:703:22,5,,2015,TRUE,TRUE,ready_for_build
42,GAZP_11,GAZP,11_27,2015,26,703,42,L_Pgrass,native,5,species,abundance,166,plot:166:703:42,5,,2015,TRUE,TRUE,ready_for_build
43,GAZP_11,GAZP,11_27,2015,26,704,123,L_Pgrass,native,13,species,abundance,166,plot:166:704:123,5,,2015,TRUE,TRUE,ready_for_build
44,GAZP_11,GAZP,11_27,2015,26,704,143,L_Pgrass,native,13,species,abundance,166,plot:166:704:143,5,,2015,TRUE,TRUE,ready_for_build
45,GAZP_11,GAZP,11_27,2015,26,705,21,L_Pgrass,native,8,species,abundance,166,plot:166:705:21,5,,2015,TRUE,TRUE,ready_for_build
46,GAZP_11,GAZP,11_27,2015,26,705,41,L_Pgrass,native,3,species,abundance,166,plot:166:705:41,5,,2015,TRUE,TRUE,ready_for_build
47,GAZP_11,GAZP,11_27,2015,26,706,123,L_Pgrass,native,0,species,abundance,166,plot:166:706:123,5,,2015,TRUE,TRUE,ready_for_build
48,GAZP_11,GAZP,11_27,2015,26,706,143,L_Pgrass,native,1,species,abundance,166,plot:166:706:143,5,,2015,TRUE,TRUE,ready_for_build
49,GAZP_11,GAZP,11_27,2015,26,707,122,L_Pgrass,native,9,species,abundance,166,plot:166:707:122,5,,2015,TRUE,TRUE,ready_for_build
50,GAZP_11,GAZP,11_27,2015,26,707,142,L_Pgrass,native,5,species,abundance,166,plot:166:707:142,5,,2015,TRUE,TRUE,ready_for_build
51,GAZP_11,GAZP,11_27,2015,26,708,21,L_Pgrass,native,12,species,abundance,166,plot:166:708:21,5,,2015,TRUE,TRUE,ready_for_build
52,GAZP_11,GAZP,11_27,2015,26,708,41,L_Pgrass,native,7,species,abundance,166,plot:166:708:41,5,,2015,TRUE,TRUE,ready_for_build
53,GAZP_11,GAZP,11_27,2015,26,709,121,L_Pgrass,native,9,species,abundance,166,plot:166:709:121,5,,2015,TRUE,TRUE,ready_for_build
54,GAZP_11,GAZP,11_27,2015,26,709,141,L_Pgrass,native,12,species,abundance,166,plot:166:709:141,5,,2015,TRUE,TRUE,ready_for_build
55,GAZP_11,GAZP,11_27,2015,26,801,23,L_Pgrass,native,0,species,abundance,166,plot:166:801:23,5,,2015,TRUE,TRUE,ready_for_build
56,GAZP_11,GAZP,11_27,2015,26,801,43,L_Pgrass,native,0,species,abundance,166,plot:166:801:43,5,,2015,TRUE,TRUE,ready_for_build
57,GAZP_11,GAZP,11_27,2015,26,802,122,L_Pgrass,native,6,species,abundance,166,plot:166:802:122,5,,2015,TRUE,TRUE,ready_for_build
58,GAZP_11,GAZP,11_27,2015,26,802,142,L_Pgrass,native,11,species,abundance,166,plot:166:802:142,5,,2015,TRUE,TRUE,ready_for_build
59,GAZP_11,GAZP,11_27,2015,26,803,22,L_Pgrass,native,6,species,abundance,166,plot:166:803:22,5,,2015,TRUE,TRUE,ready_for_build
60,GAZP_11,GAZP,11_27,2015,26,803,42,L_Pgrass,native,1,species,abundance,166,plot:166:803:42,5,,2015,TRUE,TRUE,ready_for_build
61,GAZP_11,GAZP,11_27,2015,26,804,123,L_Pgrass,native,10,species,abundance,166,plot:166:804:123,5,,2015,TRUE,TRUE,ready_for_build
62,GAZP_11,GAZP,11_27,2015,26,804,143,L_Pgrass,native,13,species,abundance,166,plot:166:804:143,5,,2015,TRUE,TRUE,ready_for_build
63,GAZP_11,GAZP,11_27,2015,26,805,121,L_Pgrass,native,3,species,abundance,166,plot:166:805:121,5,,2015,TRUE,TRUE,ready_for_build
64,GAZP_11,GAZP,11_27,2015,26,805,141,L_Pgrass,native,14,species,abundance,166,plot:166:805:141,5,,2015,TRUE,TRUE,ready_for_build
65,GAZP_11,GAZP,11_27,2015,26,806,23,L_Pgrass,native,2,species,abundance,166,plot:166:806:23,5,,2015,TRUE,TRUE,ready_for_build
66,GAZP_11,GAZP,11_27,2015,26,806,43,L_Pgrass,native,0,species,abundance,166,plot:166:806:43,5,,2015,TRUE,TRUE,ready_for_build
67,GAZP_11,GAZP,11_27,2015,26,808,121,L_Pgrass,native,0,species,abundance,166,plot:166:808:121,5,,2015,TRUE,TRUE,ready_for_build
68,GAZP_11,GAZP,11_27,2015,26,808,141,L_Pgrass,native,3,species,abundance,166,plot:166:808:141,5,,2015,TRUE,TRUE,ready_for_build
69,GAZP_11,GAZP,11_27,2015,26,809,121,L_Pgrass,native,9,species,abundance,166,plot:166:809:121,5,,2015,TRUE,TRUE,ready_for_build
70,GAZP_11,GAZP,11_27,2015,26,809,141,L_Pgrass,native,5,species,abundance,166,plot:166:809:141,5,,2015,TRUE,TRUE,ready_for_build
71,GAZP_11,GAZP,11_28,2015,26,310,23,L_Pgrass,native,7,species,abundance,166,plot:166:310:23,5,,2015,TRUE,TRUE,ready_for_build
72,GAZP_11,GAZP,11_28,2015,26,310,43,L_Pgrass,native,0,species,abundance,166,plot:166:310:43,5,,2015,TRUE,TRUE,ready_for_build
73,GAZP_11,GAZP,11_28,2015,26,311,22,L_Pgrass,native,1,species,abundance,166,plot:166:311:22,5,,2015,TRUE,TRUE,ready_for_build
74,GAZP_11,GAZP,11_28,2015,26,311,42,L_Pgrass,native,7,species,abundance,166,plot:166:311:42,5,,2015,TRUE,TRUE,ready_for_build
75,GAZP_11,GAZP,11_28,2015,26,312,22,L_Pgrass,native,1,species,abundance,166,plot:166:312:22,5,,2015,TRUE,TRUE,ready_for_build
76,GAZP_11,GAZP,11_28,2015,26,312,42,L_Pgrass,native,4,species,abundance,166,plot:166:312:42,5,,2015,TRUE,TRUE,ready_for_build
77,GAZP_11,GAZP,11_28,2015,26,313,23,L_Pgrass,native,0,species,abundance,166,plot:166:313:23,5,,2015,TRUE,TRUE,ready_for_build
78,GAZP_11,GAZP,11_28,2015,26,313,43,L_Pgrass,native,6,species,abundance,166,plot:166:313:43,5,,2015,TRUE,TRUE,ready_for_build
79,GAZP_11,GAZP,11_28,2015,26,314,121,L_Pgrass,native,0,species,abundance,166,plot:166:314:121,5,,2015,TRUE,TRUE,ready_for_build
80,GAZP_11,GAZP,11_28,2015,26,314,141,L_Pgrass,native,0,species,abundance,166,plot:166:314:141,5,,2015,TRUE,TRUE,ready_for_build
81,GAZP_11,GAZP,11_28,2015,26,315,23,L_Pgrass,native,9,species,abundance,166,plot:166:315:23,5,,2015,TRUE,TRUE,ready_for_build
82,GAZP_11,GAZP,11_28,2015,26,315,43,L_Pgrass,native,3,species,abundance,166,plot:166:315:43,5,,2015,TRUE,TRUE,ready_for_build
83,GAZP_11,GAZP,11_28,2015,26,316,22,L_Pgrass,native,0,species,abundance,166,plot:166:316:22,5,,2015,TRUE,TRUE,ready_for_build
84,GAZP_11,GAZP,11_28,2015,26,316,42,L_Pgrass,native,0,species,abundance,166,plot:166:316:42,5,,2015,TRUE,TRUE,ready_for_build
85,GAZP_11,GAZP,11_28,2015,26,317,121,L_Pgrass,native,1,species,abundance,166,plot:166:317:121,5,,2015,TRUE,TRUE,ready_for_build
86,GAZP_11,GAZP,11_28,2015,26,317,141,L_Pgrass,native,0,species,abundance,166,plot:166:317:141,5,,2015,TRUE,TRUE,ready_for_build
87,GAZP_11,GAZP,11_28,2015,26,318,21,L_Pgrass,native,4,species,abundance,166,plot:166:318:21,5,,2015,TRUE,TRUE,ready_for_build
88,GAZP_11,GAZP,11_28,2015,26,318,41,L_Pgrass,native,4,species,abundance,166,plot:166:318:41,5,,2015,TRUE,TRUE,ready_for_build
89,GAZP_11,GAZP,11_28,2015,26,410,23,L_Pgrass,native,0,species,abundance,166,plot:166:410:23,5,,2015,TRUE,TRUE,ready_for_build
90,GAZP_11,GAZP,11_28,2015,26,410,43,L_Pgrass,native,5,species,abundance,166,plot:166:410:43,5,,2015,TRUE,TRUE,ready_for_build
91,GAZP_11,GAZP,11_28,2015,26,411,122,L_Pgrass,native,3,species,abundance,166,plot:166:411:122,5,,2015,TRUE,TRUE,ready_for_build
92,GAZP_11,GAZP,11_28,2015,26,411,142,L_Pgrass,native,1,species,abundance,166,plot:166:411:142,5,,2015,TRUE,TRUE,ready_for_build
93,GAZP_11,GAZP,11_28,2015,26,412,122,L_Pgrass,native,0,species,abundance,166,plot:166:412:122,5,,2015,TRUE,TRUE,ready_for_build
94,GAZP_11,GAZP,11_28,2015,26,412,142,L_Pgrass,native,0,species,abundance,166,plot:166:412:142,5,,2015,TRUE,TRUE,ready_for_build
95,GAZP_11,GAZP,11_28,2015,26,413,23,L_Pgrass,native,2,species,abundance,166,plot:166:413:23,5,,2015,TRUE,TRUE,ready_for_build
96,GAZP_11,GAZP,11_28,2015,26,413,43,L_Pgrass,native,2,species,abundance,166,plot:166:413:43,5,,2015,TRUE,TRUE,ready_for_build
97,GAZP_11,GAZP,11_28,2015,26,414,121,L_Pgrass,native,3,species,abundance,166,plot:166:414:121,5,,2015,TRUE,TRUE,ready_for_build
98,GAZP_11,GAZP,11_28,2015,26,414,141,L_Pgrass,native,0,species,abundance,166,plot:166:414:141,5,,2015,TRUE,TRUE,ready_for_build
99,GAZP_11,GAZP,11_28,2015,26,415,123,L_Pgrass,native,1,species,abundance,166,plot:166:415:123,5,,2015,TRUE,TRUE,ready_for_build
100,GAZP_11,GAZP,11_28,2015,26,415,143,L_Pgrass,native,2,species,abundance,166,plot:166:415:143,5,,2015,TRUE,TRUE,ready_for_build
101,GAZP_11,GAZP,11_28,2015,26,416,122,L_Pgrass,native,6,species,abundance,166,plot:166:416:122,5,,2015,TRUE,TRUE,ready_for_build
102,GAZP_11,GAZP,11_28,2015,26,416,142,L_Pgrass,native,8,species,abundance,166,plot:166:416:142,5,,2015,TRUE,TRUE,ready_for_build
103,GAZP_11,GAZP,11_28,2015,26,417,121,L_Pgrass,native,1,species,abundance,166,plot:166:417:121,5,,2015,TRUE,TRUE,ready_for_build
104,GAZP_11,GAZP,11_28,2015,26,417,141,L_Pgrass,native,3,species,abundance,166,plot:166:417:141,5,,2015,TRUE,TRUE,ready_for_build
105,GAZP_11,GAZP,11_28,2015,26,418,121,L_Pgrass,native,4,species,abundance,166,plot:166:418:121,5,,2015,TRUE,TRUE,ready_for_build
106,GAZP_11,GAZP,11_28,2015,26,418,141,L_Pgrass,native,1,species,abundance,166,plot:166:418:141,5,,2015,TRUE,TRUE,ready_for_build
107,GAZP_11,GAZP,11_29,2015,26,710,123,L_Pgrass,native,0,species,abundance,166,plot:166:710:123,5,,2015,TRUE,TRUE,ready_for_build
108,GAZP_11,GAZP,11_29,2015,26,710,143,L_Pgrass,native,0,species,abundance,166,plot:166:710:143,5,,2015,TRUE,TRUE,ready_for_build
109,GAZP_11,GAZP,11_29,2015,26,711,122,L_Pgrass,native,7,species,abundance,166,plot:166:711:122,5,,2015,TRUE,TRUE,ready_for_build
110,GAZP_11,GAZP,11_29,2015,26,711,142,L_Pgrass,native,0,species,abundance,166,plot:166:711:142,5,,2015,TRUE,TRUE,ready_for_build
111,GAZP_11,GAZP,11_29,2015,26,712,122,L_Pgrass,native,2,species,abundance,166,plot:166:712:122,5,,2015,TRUE,TRUE,ready_for_build
112,GAZP_11,GAZP,11_29,2015,26,712,142,L_Pgrass,native,4,species,abundance,166,plot:166:712:142,5,,2015,TRUE,TRUE,ready_for_build
113,GAZP_11,GAZP,11_29,2015,26,713,123,L_Pgrass,native,3,species,abundance,166,plot:166:713:123,5,,2015,TRUE,TRUE,ready_for_build
114,GAZP_11,GAZP,11_29,2015,26,713,143,L_Pgrass,native,8,species,abundance,166,plot:166:713:143,5,,2015,TRUE,TRUE,ready_for_build
115,GAZP_11,GAZP,11_29,2015,26,714,21,L_Pgrass,native,1,species,abundance,166,plot:166:714:21,5,,2015,TRUE,TRUE,ready_for_build
116,GAZP_11,GAZP,11_29,2015,26,714,41,L_Pgrass,native,0,species,abundance,166,plot:166:714:41,5,,2015,TRUE,TRUE,ready_for_build
117,GAZP_11,GAZP,11_29,2015,26,715,123,L_Pgrass,native,1,species,abundance,166,plot:166:715:123,5,,2015,TRUE,TRUE,ready_for_build
118,GAZP_11,GAZP,11_29,2015,26,715,143,L_Pgrass,native,9,species,abundance,166,plot:166:715:143,5,,2015,TRUE,TRUE,ready_for_build
119,GAZP_11,GAZP,11_29,2015,26,716,122,L_Pgrass,native,4,species,abundance,166,plot:166:716:122,5,,2015,TRUE,TRUE,ready_for_build
120,GAZP_11,GAZP,11_29,2015,26,716,142,L_Pgrass,native,1,species,abundance,166,plot:166:716:142,5,,2015,TRUE,TRUE,ready_for_build
121,GAZP_11,GAZP,11_29,2015,26,717,21,L_Pgrass,native,3,species,abundance,166,plot:166:717:21,5,,2015,TRUE,TRUE,ready_for_build
122,GAZP_11,GAZP,11_29,2015,26,717,41,L_Pgrass,native,2,species,abundance,166,plot:166:717:41,5,,2015,TRUE,TRUE,ready_for_build
123,GAZP_11,GAZP,11_29,2015,26,718,121,L_Pgrass,native,0,species,abundance,166,plot:166:718:121,5,,2015,TRUE,TRUE,ready_for_build
124,GAZP_11,GAZP,11_29,2015,26,718,141,L_Pgrass,native,0,species,abundance,166,plot:166:718:141,5,,2015,TRUE,TRUE,ready_for_build
125,GAZP_11,GAZP,11_29,2015,26,810,123,L_Pgrass,native,0,species,abundance,166,plot:166:810:123,5,,2015,TRUE,TRUE,ready_for_build
126,GAZP_11,GAZP,11_29,2015,26,810,143,L_Pgrass,native,1,species,abundance,166,plot:166:810:143,5,,2015,TRUE,TRUE,ready_for_build
127,GAZP_11,GAZP,11_29,2015,26,811,22,L_Pgrass,native,7,species,abundance,166,plot:166:811:22,5,,2015,TRUE,TRUE,ready_for_build
128,GAZP_11,GAZP,11_29,2015,26,811,42,L_Pgrass,native,0,species,abundance,166,plot:166:811:42,5,,2015,TRUE,TRUE,ready_for_build
129,GAZP_11,GAZP,11_29,2015,26,812,22,L_Pgrass,native,0,species,abundance,166,plot:166:812:22,5,,2015,TRUE,TRUE,ready_for_build
130,GAZP_11,GAZP,11_29,2015,26,812,42,L_Pgrass,native,4,species,abundance,166,plot:166:812:42,5,,2015,TRUE,TRUE,ready_for_build
131,GAZP_11,GAZP,11_29,2015,26,813,123,L_Pgrass,native,0,species,abundance,166,plot:166:813:123,5,,2015,TRUE,TRUE,ready_for_build
132,GAZP_11,GAZP,11_29,2015,26,813,143,L_Pgrass,native,4,species,abundance,166,plot:166:813:143,5,,2015,TRUE,TRUE,ready_for_build
133,GAZP_11,GAZP,11_29,2015,26,814,21,L_Pgrass,native,0,species,abundance,166,plot:166:814:21,5,,2015,TRUE,TRUE,ready_for_build
134,GAZP_11,GAZP,11_29,2015,26,814,41,L_Pgrass,native,4,species,abundance,166,plot:166:814:41,5,,2015,TRUE,TRUE,ready_for_build
135,GAZP_11,GAZP,11_29,2015,26,815,23,L_Pgrass,native,7,species,abundance,166,plot:166:815:23,5,,2015,TRUE,TRUE,ready_for_build
136,GAZP_11,GAZP,11_29,2015,26,815,43,L_Pgrass,native,6,species,abundance,166,plot:166:815:43,5,,2015,TRUE,TRUE,ready_for_build
137,GAZP_11,GAZP,11_29,2015,26,816,22,L_Pgrass,native,3,species,abundance,166,plot:166:816:22,5,,2015,TRUE,TRUE,ready_for_build
138,GAZP_11,GAZP,11_29,2015,26,816,42,L_Pgrass,native,2,species,abundance,166,plot:166:816:42,5,,2015,TRUE,TRUE,ready_for_build
139,GAZP_11,GAZP,11_29,2015,26,817,21,L_Pgrass,native,0,species,abundance,166,plot:166:817:21,5,,2015,TRUE,TRUE,ready_for_build
140,GAZP_11,GAZP,11_29,2015,26,817,41,L_Pgrass,native,2,species,abundance,166,plot:166:817:41,5,,2015,TRUE,TRUE,ready_for_build
141,GAZP_11,GAZP,11_29,2015,26,818,21,L_Pgrass,native,9,species,abundance,166,plot:166:818:21,5,,2015,TRUE,TRUE,ready_for_build
142,GAZP_11,GAZP,11_29,2015,26,818,41,L_Pgrass,native,0,species,abundance,166,plot:166:818:41,5,,2015,TRUE,TRUE,ready_for_build
143,GAZP_11,GAZP,11_30,2015,26,1101,53,Ely_ely,native,2,species,abundance,166,plot:166:1101:53,5,,2015,TRUE,TRUE,ready_for_build
144,GAZP_11,GAZP,11_30,2015,26,1102,32,Ely_ely,native,3,species,abundance,166,plot:166:1102:32,5,,2015,TRUE,TRUE,ready_for_build
145,GAZP_11,GAZP,11_30,2015,26,1103,42,Ely_ely,native,7,species,abundance,166,plot:166:1103:42,5,,2015,TRUE,TRUE,ready_for_build
146,GAZP_11,GAZP,11_30,2015,26,1104,153,Ely_ely,native,6,species,abundance,166,plot:166:1104:153,5,,2015,TRUE,TRUE,ready_for_build
147,GAZP_11,GAZP,11_30,2015,26,1105,21,Ely_ely,native,14,species,abundance,166,plot:166:1105:21,5,,2015,TRUE,TRUE,ready_for_build
148,GAZP_11,GAZP,11_30,2015,26,1106,153,Ely_ely,native,15,species,abundance,166,plot:166:1106:153,5,,2015,TRUE,TRUE,ready_for_build
149,GAZP_11,GAZP,11_30,2015,26,1107,52,Ely_ely,native,29,species,abundance,166,plot:166:1107:52,5,,2015,TRUE,TRUE,ready_for_build
150,GAZP_11,GAZP,11_30,2015,26,1108,31,Ely_ely,native,9,species,abundance,166,plot:166:1108:31,5,,2015,TRUE,TRUE,ready_for_build
151,GAZP_11,GAZP,11_30,2015,26,1109,31,Ely_ely,native,8,species,abundance,166,plot:166:1109:31,5,,2015,TRUE,TRUE,ready_for_build
152,GAZP_11,GAZP,11_30,2015,26,1201,53,Ely_ely,native,1,species,abundance,166,plot:166:1201:53,5,,2015,TRUE,TRUE,ready_for_build
153,GAZP_11,GAZP,11_30,2015,26,1202,32,Ely_ely,native,14,species,abundance,166,plot:166:1202:32,5,,2015,TRUE,TRUE,ready_for_build
154,GAZP_11,GAZP,11_30,2015,26,1203,12,Ely_ely,native,4,species,abundance,166,plot:166:1203:12,5,,2015,TRUE,TRUE,ready_for_build
155,GAZP_11,GAZP,11_30,2015,26,1204,13,Ely_ely,native,14,species,abundance,166,plot:166:1204:13,5,,2015,TRUE,TRUE,ready_for_build
156,GAZP_11,GAZP,11_30,2015,26,1205,111,Ely_ely,native,6,species,abundance,166,plot:166:1205:111,5,,2015,TRUE,TRUE,ready_for_build
157,GAZP_11,GAZP,11_30,2015,26,1206,43,Ely_ely,native,5,species,abundance,166,plot:166:1206:43,5,,2015,TRUE,TRUE,ready_for_build
158,GAZP_11,GAZP,11_30,2015,26,1207,52,Ely_ely,native,19,species,abundance,166,plot:166:1207:52,5,,2015,TRUE,TRUE,ready_for_build
159,GAZP_11,GAZP,11_30,2015,26,1208,11,Ely_ely,native,10,species,abundance,166,plot:166:1208:11,5,,2015,TRUE,TRUE,ready_for_build
160,GAZP_11,GAZP,11_30,2015,26,1209,31,Ely_ely,native,1,species,abundance,166,plot:166:1209:31,5,,2015,TRUE,TRUE,ready_for_build
161,GAZP_11,GAZP,11_31,2015,26,1501,123,Ely_ely,native,3,species,abundance,166,plot:166:1501:123,5,,2015,TRUE,TRUE,ready_for_build
162,GAZP_11,GAZP,11_31,2015,26,1502,152,Ely_ely,native,14,species,abundance,166,plot:166:1502:152,5,,2015,TRUE,TRUE,ready_for_build
163,GAZP_11,GAZP,11_31,2015,26,1503,112,Ely_ely,native,6,species,abundance,166,plot:166:1503:112,5,,2015,TRUE,TRUE,ready_for_build
164,GAZP_11,GAZP,11_31,2015,26,1504,43,Ely_ely,native,5,species,abundance,166,plot:166:1504:43,5,,2015,TRUE,TRUE,ready_for_build
165,GAZP_11,GAZP,11_31,2015,26,1505,121,Ely_ely,native,1,species,abundance,166,plot:166:1505:121,5,,2015,TRUE,TRUE,ready_for_build
166,GAZP_11,GAZP,11_31,2015,26,1506,43,Ely_ely,native,22,species,abundance,166,plot:166:1506:43,5,,2015,TRUE,TRUE,ready_for_build
167,GAZP_11,GAZP,11_31,2015,26,1507,142,Ely_ely,native,31,species,abundance,166,plot:166:1507:142,5,,2015,TRUE,TRUE,ready_for_build
168,GAZP_11,GAZP,11_31,2015,26,1508,131,Ely_ely,native,5,species,abundance,166,plot:166:1508:131,5,,2015,TRUE,TRUE,ready_for_build
169,GAZP_11,GAZP,11_31,2015,26,1509,121,Ely_ely,native,15,species,abundance,166,plot:166:1509:121,5,,2015,TRUE,TRUE,ready_for_build
170,GAZP_11,GAZP,11_31,2015,26,1601,153,Ely_ely,native,1,species,abundance,166,plot:166:1601:153,5,,2015,TRUE,TRUE,ready_for_build
171,GAZP_11,GAZP,11_31,2015,26,1602,122,Ely_ely,native,6,species,abundance,166,plot:166:1602:122,5,,2015,TRUE,TRUE,ready_for_build
172,GAZP_11,GAZP,11_31,2015,26,1603,142,Ely_ely,native,0,species,abundance,166,plot:166:1603:142,5,,2015,TRUE,TRUE,ready_for_build
173,GAZP_11,GAZP,11_31,2015,26,1604,113,Ely_ely,native,5,species,abundance,166,plot:166:1604:113,5,,2015,TRUE,TRUE,ready_for_build
174,GAZP_11,GAZP,11_31,2015,26,1605,11,Ely_ely,native,12,species,abundance,166,plot:166:1605:11,5,,2015,TRUE,TRUE,ready_for_build
175,GAZP_11,GAZP,11_31,2015,26,1606,133,Ely_ely,native,29,species,abundance,166,plot:166:1606:133,5,,2015,TRUE,TRUE,ready_for_build
176,GAZP_11,GAZP,11_31,2015,26,1607,132,Ely_ely,native,11,species,abundance,166,plot:166:1607:132,5,,2015,TRUE,TRUE,ready_for_build
177,GAZP_11,GAZP,11_31,2015,26,1608,141,Ely_ely,native,1,species,abundance,166,plot:166:1608:141,5,,2015,TRUE,TRUE,ready_for_build
178,GAZP_11,GAZP,11_31,2015,26,1609,151,Ely_ely,native,9,species,abundance,166,plot:166:1609:151,5,,2015,TRUE,TRUE,ready_for_build
179,GAZP_11,GAZP,11_32,2015,26,1110,13,Ely_ely,native,0,species,abundance,166,plot:166:1110:13,5,,2015,TRUE,TRUE,ready_for_build
180,GAZP_11,GAZP,11_32,2015,26,1111,12,Ely_ely,native,2,species,abundance,166,plot:166:1111:12,5,,2015,TRUE,TRUE,ready_for_build
181,GAZP_11,GAZP,11_32,2015,26,1112,22,Ely_ely,native,3,species,abundance,166,plot:166:1112:22,5,,2015,TRUE,TRUE,ready_for_build
182,GAZP_11,GAZP,11_32,2015,26,1113,43,Ely_ely,native,3,species,abundance,166,plot:166:1113:43,5,,2015,TRUE,TRUE,ready_for_build
183,GAZP_11,GAZP,11_32,2015,26,1114,21,Ely_ely,native,1,species,abundance,166,plot:166:1114:21,5,,2015,TRUE,TRUE,ready_for_build
184,GAZP_11,GAZP,11_32,2015,26,1115,53,Ely_ely,native,4,species,abundance,166,plot:166:1115:53,5,,2015,TRUE,TRUE,ready_for_build
185,GAZP_11,GAZP,11_32,2015,26,1116,42,Ely_ely,native,5,species,abundance,166,plot:166:1116:42,5,,2015,TRUE,TRUE,ready_for_build
186,GAZP_11,GAZP,11_32,2015,26,1117,121,Ely_ely,native,0,species,abundance,166,plot:166:1117:121,5,,2015,TRUE,TRUE,ready_for_build
187,GAZP_11,GAZP,11_32,2015,26,1118,121,Ely_ely,native,14,species,abundance,166,plot:166:1118:121,5,,2015,TRUE,TRUE,ready_for_build
188,GAZP_11,GAZP,11_32,2015,26,1210,143,Ely_ely,native,0,species,abundance,166,plot:166:1210:143,5,,2015,TRUE,TRUE,ready_for_build
189,GAZP_11,GAZP,11_32,2015,26,1211,132,Ely_ely,native,3,species,abundance,166,plot:166:1211:132,5,,2015,TRUE,TRUE,ready_for_build
190,GAZP_11,GAZP,11_32,2015,26,1212,152,Ely_ely,native,11,species,abundance,166,plot:166:1212:152,5,,2015,TRUE,TRUE,ready_for_build
191,GAZP_11,GAZP,11_32,2015,26,1213,153,Ely_ely,native,6,species,abundance,166,plot:166:1213:153,5,,2015,TRUE,TRUE,ready_for_build
192,GAZP_11,GAZP,11_32,2015,26,1214,21,Ely_ely,native,1,species,abundance,166,plot:166:1214:21,5,,2015,TRUE,TRUE,ready_for_build
193,GAZP_11,GAZP,11_32,2015,26,1215,13,Ely_ely,native,0,species,abundance,166,plot:166:1215:13,5,,2015,TRUE,TRUE,ready_for_build
194,GAZP_11,GAZP,11_32,2015,26,1216,12,Ely_ely,native,18,species,abundance,166,plot:166:1216:12,5,,2015,TRUE,TRUE,ready_for_build
195,GAZP_11,GAZP,11_32,2015,26,1217,111,Ely_ely,native,4,species,abundance,166,plot:166:1217:111,5,,2015,TRUE,TRUE,ready_for_build
196,GAZP_11,GAZP,11_32,2015,26,1218,21,Ely_ely,native,6,species,abundance,166,plot:166:1218:21,5,,2015,TRUE,TRUE,ready_for_build
197,GAZP_11,GAZP,11_33,2015,26,1510,153,Ely_ely,native,0,species,abundance,166,plot:166:1510:153,5,,2015,TRUE,TRUE,ready_for_build
198,GAZP_11,GAZP,11_33,2015,26,1511,132,Ely_ely,native,3,species,abundance,166,plot:166:1511:132,5,,2015,TRUE,TRUE,ready_for_build
199,GAZP_11,GAZP,11_33,2015,26,1512,142,Ely_ely,native,1,species,abundance,166,plot:166:1512:142,5,,2015,TRUE,TRUE,ready_for_build
200,GAZP_11,GAZP,11_33,2015,26,1513,143,Ely_ely,native,1,species,abundance,166,plot:166:1513:143,5,,2015,TRUE,TRUE,ready_for_build
201,GAZP_11,GAZP,11_33,2015,26,1514,141,Ely_ely,native,15,species,abundance,166,plot:166:1514:141,5,,2015,TRUE,TRUE,ready_for_build
202,GAZP_11,GAZP,11_33,2015,26,1515,153,Ely_ely,native,10,species,abundance,166,plot:166:1515:153,5,,2015,TRUE,TRUE,ready_for_build
203,GAZP_11,GAZP,11_33,2015,26,1516,152,Ely_ely,native,11,species,abundance,166,plot:166:1516:152,5,,2015,TRUE,TRUE,ready_for_build
204,GAZP_11,GAZP,11_33,2015,26,1517,11,Ely_ely,native,15,species,abundance,166,plot:166:1517:11,5,,2015,TRUE,TRUE,ready_for_build
205,GAZP_11,GAZP,11_33,2015,26,1518,51,Ely_ely,native,12,species,abundance,166,plot:166:1518:51,5,,2015,TRUE,TRUE,ready_for_build
206,GAZP_11,GAZP,11_33,2015,26,1610,53,Ely_ely,native,1,species,abundance,166,plot:166:1610:53,5,,2015,TRUE,TRUE,ready_for_build
207,GAZP_11,GAZP,11_33,2015,26,1611,42,Ely_ely,native,2,species,abundance,166,plot:166:1611:42,5,,2015,TRUE,TRUE,ready_for_build
208,GAZP_11,GAZP,11_33,2015,26,1612,42,Ely_ely,native,22,species,abundance,166,plot:166:1612:42,5,,2015,TRUE,TRUE,ready_for_build
209,GAZP_11,GAZP,11_33,2015,26,1613,23,Ely_ely,native,1,species,abundance,166,plot:166:1613:23,5,,2015,TRUE,TRUE,ready_for_build
210,GAZP_11,GAZP,11_33,2015,26,1614,151,Ely_ely,native,7,species,abundance,166,plot:166:1614:151,5,,2015,TRUE,TRUE,ready_for_build
211,GAZP_11,GAZP,11_33,2015,26,1615,143,Ely_ely,native,11,species,abundance,166,plot:166:1615:143,5,,2015,TRUE,TRUE,ready_for_build
212,GAZP_11,GAZP,11_33,2015,26,1616,142,Ely_ely,native,10,species,abundance,166,plot:166:1616:142,5,,2015,TRUE,TRUE,ready_for_build
213,GAZP_11,GAZP,11_33,2015,26,1617,51,Ely_ely,native,6,species,abundance,166,plot:166:1617:51,5,,2015,TRUE,TRUE,ready_for_build
214,GAZP_11,GAZP,11_33,2015,26,1618,141,Ely_ely,native,5,species,abundance,166,plot:166:1618:141,5,,2015,TRUE,TRUE,ready_for_build
215,GAZP_11,GAZP,11_34,2015,26,1101,23,Ely_tra,native,2,species,abundance,166,plot:166:1101:23,5,,2015,TRUE,TRUE,ready_for_build
216,GAZP_11,GAZP,11_34,2015,26,1102,42,Ely_tra,native,25,species,abundance,166,plot:166:1102:42,5,,2015,TRUE,TRUE,ready_for_build
217,GAZP_11,GAZP,11_34,2015,26,1103,22,Ely_tra,native,32,species,abundance,166,plot:166:1103:22,5,,2015,TRUE,TRUE,ready_for_build
218,GAZP_11,GAZP,11_34,2015,26,1104,133,Ely_tra,native,27,species,abundance,166,plot:166:1104:133,5,,2015,TRUE,TRUE,ready_for_build
219,GAZP_11,GAZP,11_34,2015,26,1105,11,Ely_tra,native,16,species,abundance,166,plot:166:1105:11,5,,2015,TRUE,TRUE,ready_for_build
220,GAZP_11,GAZP,11_34,2015,26,1106,113,Ely_tra,native,17,species,abundance,166,plot:166:1106:113,5,,2015,TRUE,TRUE,ready_for_build
221,GAZP_11,GAZP,11_34,2015,26,1107,32,Ely_tra,native,30,species,abundance,166,plot:166:1107:32,5,,2015,TRUE,TRUE,ready_for_build
222,GAZP_11,GAZP,11_34,2015,26,1108,51,Ely_tra,native,11,species,abundance,166,plot:166:1108:51,5,,2015,TRUE,TRUE,ready_for_build
223,GAZP_11,GAZP,11_34,2015,26,1109,21,Ely_tra,native,10,species,abundance,166,plot:166:1109:21,5,,2015,TRUE,TRUE,ready_for_build
224,GAZP_11,GAZP,11_34,2015,26,1201,23,Ely_tra,native,6,species,abundance,166,plot:166:1201:23,5,,2015,TRUE,TRUE,ready_for_build
225,GAZP_11,GAZP,11_34,2015,26,1202,22,Ely_tra,native,36,species,abundance,166,plot:166:1202:22,5,,2015,TRUE,TRUE,ready_for_build
226,GAZP_11,GAZP,11_34,2015,26,1203,22,Ely_tra,native,16,species,abundance,166,plot:166:1203:22,5,,2015,TRUE,TRUE,ready_for_build
227,GAZP_11,GAZP,11_34,2015,26,1204,43,Ely_tra,native,5,species,abundance,166,plot:166:1204:43,5,,2015,TRUE,TRUE,ready_for_build
228,GAZP_11,GAZP,11_34,2015,26,1205,151,Ely_tra,native,13,species,abundance,166,plot:166:1205:151,5,,2015,TRUE,TRUE,ready_for_build
229,GAZP_11,GAZP,11_34,2015,26,1206,33,Ely_tra,native,24,species,abundance,166,plot:166:1206:33,5,,2015,TRUE,TRUE,ready_for_build
230,GAZP_11,GAZP,11_34,2015,26,1207,32,Ely_tra,native,48,species,abundance,166,plot:166:1207:32,5,,2015,TRUE,TRUE,ready_for_build
231,GAZP_11,GAZP,11_34,2015,26,1208,51,Ely_tra,native,39,species,abundance,166,plot:166:1208:51,5,,2015,TRUE,TRUE,ready_for_build
232,GAZP_11,GAZP,11_34,2015,26,1209,11,Ely_tra,native,20,species,abundance,166,plot:166:1209:11,5,,2015,TRUE,TRUE,ready_for_build
233,GAZP_11,GAZP,11_35,2015,26,1501,153,Ely_tra,native,5,species,abundance,166,plot:166:1501:153,5,,2015,TRUE,TRUE,ready_for_build
234,GAZP_11,GAZP,11_35,2015,26,1502,122,Ely_tra,native,23,species,abundance,166,plot:166:1502:122,5,,2015,TRUE,TRUE,ready_for_build
235,GAZP_11,GAZP,11_35,2015,26,1503,142,Ely_tra,native,9,species,abundance,166,plot:166:1503:142,5,,2015,TRUE,TRUE,ready_for_build
236,GAZP_11,GAZP,11_35,2015,26,1504,13,Ely_tra,native,0,species,abundance,166,plot:166:1504:13,5,,2015,TRUE,TRUE,ready_for_build
237,GAZP_11,GAZP,11_35,2015,26,1505,151,Ely_tra,native,23,species,abundance,166,plot:166:1505:151,5,,2015,TRUE,TRUE,ready_for_build
238,GAZP_11,GAZP,11_35,2015,26,1506,13,Ely_tra,native,9,species,abundance,166,plot:166:1506:13,5,,2015,TRUE,TRUE,ready_for_build
239,GAZP_11,GAZP,11_35,2015,26,1507,132,Ely_tra,native,2,species,abundance,166,plot:166:1507:132,5,,2015,TRUE,TRUE,ready_for_build
240,GAZP_11,GAZP,11_35,2015,26,1508,111,Ely_tra,native,4,species,abundance,166,plot:166:1508:111,5,,2015,TRUE,TRUE,ready_for_build
241,GAZP_11,GAZP,11_35,2015,26,1509,131,Ely_tra,native,3,species,abundance,166,plot:166:1509:131,5,,2015,TRUE,TRUE,ready_for_build
242,GAZP_11,GAZP,11_35,2015,26,1601,113,Ely_tra,native,7,species,abundance,166,plot:166:1601:113,5,,2015,TRUE,TRUE,ready_for_build
243,GAZP_11,GAZP,11_35,2015,26,1602,152,Ely_tra,native,28,species,abundance,166,plot:166:1602:152,5,,2015,TRUE,TRUE,ready_for_build
244,GAZP_11,GAZP,11_35,2015,26,1603,122,Ely_tra,native,14,species,abundance,166,plot:166:1603:122,5,,2015,TRUE,TRUE,ready_for_build
245,GAZP_11,GAZP,11_35,2015,26,1604,133,Ely_tra,native,25,species,abundance,166,plot:166:1604:133,5,,2015,TRUE,TRUE,ready_for_build
246,GAZP_11,GAZP,11_35,2015,26,1605,41,Ely_tra,native,13,species,abundance,166,plot:166:1605:41,5,,2015,TRUE,TRUE,ready_for_build
247,GAZP_11,GAZP,11_35,2015,26,1606,113,Ely_tra,native,9,species,abundance,166,plot:166:1606:113,5,,2015,TRUE,TRUE,ready_for_build
248,GAZP_11,GAZP,11_35,2015,26,1607,142,Ely_tra,native,35,species,abundance,166,plot:166:1607:142,5,,2015,TRUE,TRUE,ready_for_build
249,GAZP_11,GAZP,11_35,2015,26,1608,111,Ely_tra,native,7,species,abundance,166,plot:166:1608:111,5,,2015,TRUE,TRUE,ready_for_build
250,GAZP_11,GAZP,11_35,2015,26,1609,131,Ely_tra,native,5,species,abundance,166,plot:166:1609:131,5,,2015,TRUE,TRUE,ready_for_build
251,GAZP_11,GAZP,11_36,2015,26,1110,53,Ely_tra,native,1,species,abundance,166,plot:166:1110:53,5,,2015,TRUE,TRUE,ready_for_build
252,GAZP_11,GAZP,11_36,2015,26,1111,22,Ely_tra,native,10,species,abundance,166,plot:166:1111:22,5,,2015,TRUE,TRUE,ready_for_build
253,GAZP_11,GAZP,11_36,2015,26,1112,52,Ely_tra,native,9,species,abundance,166,plot:166:1112:52,5,,2015,TRUE,TRUE,ready_for_build
254,GAZP_11,GAZP,11_36,2015,26,1113,23,Ely_tra,native,2,species,abundance,166,plot:166:1113:23,5,,2015,TRUE,TRUE,ready_for_build
255,GAZP_11,GAZP,11_36,2015,26,1114,41,Ely_tra,native,9,species,abundance,166,plot:166:1114:41,5,,2015,TRUE,TRUE,ready_for_build
256,GAZP_11,GAZP,11_36,2015,26,1115,43,Ely_tra,native,19,species,abundance,166,plot:166:1115:43,5,,2015,TRUE,TRUE,ready_for_build
257,GAZP_11,GAZP,11_36,2015,26,1116,32,Ely_tra,native,21,species,abundance,166,plot:166:1116:32,5,,2015,TRUE,TRUE,ready_for_build
258,GAZP_11,GAZP,11_36,2015,26,1117,151,Ely_tra,native,11,species,abundance,166,plot:166:1117:151,5,,2015,TRUE,TRUE,ready_for_build
259,GAZP_11,GAZP,11_36,2015,26,1118,151,Ely_tra,native,7,species,abundance,166,plot:166:1118:151,5,,2015,TRUE,TRUE,ready_for_build
260,GAZP_11,GAZP,11_36,2015,26,1210,153,Ely_tra,native,15,species,abundance,166,plot:166:1210:153,5,,2015,TRUE,TRUE,ready_for_build
261,GAZP_11,GAZP,11_36,2015,26,1211,112,Ely_tra,native,9,species,abundance,166,plot:166:1211:112,5,,2015,TRUE,TRUE,ready_for_build
262,GAZP_11,GAZP,11_36,2015,26,1212,122,Ely_tra,native,10,species,abundance,166,plot:166:1212:122,5,,2015,TRUE,TRUE,ready_for_build
263,GAZP_11,GAZP,11_36,2015,26,1213,133,Ely_tra,native,8,species,abundance,166,plot:166:1213:133,5,,2015,TRUE,TRUE,ready_for_build
264,GAZP_11,GAZP,11_36,2015,26,1214,41,Ely_tra,native,13,species,abundance,166,plot:166:1214:41,5,,2015,TRUE,TRUE,ready_for_build
265,GAZP_11,GAZP,11_36,2015,26,1215,23,Ely_tra,native,4,species,abundance,166,plot:166:1215:23,5,,2015,TRUE,TRUE,ready_for_build
266,GAZP_11,GAZP,11_36,2015,26,1216,42,Ely_tra,native,15,species,abundance,166,plot:166:1216:42,5,,2015,TRUE,TRUE,ready_for_build
267,GAZP_11,GAZP,11_36,2015,26,1217,151,Ely_tra,native,6,species,abundance,166,plot:166:1217:151,5,,2015,TRUE,TRUE,ready_for_build
268,GAZP_11,GAZP,11_36,2015,26,1218,31,Ely_tra,native,3,species,abundance,166,plot:166:1218:31,5,,2015,TRUE,TRUE,ready_for_build
269,GAZP_11,GAZP,11_37,2015,26,1510,113,Ely_tra,native,4,species,abundance,166,plot:166:1510:113,5,,2015,TRUE,TRUE,ready_for_build
270,GAZP_11,GAZP,11_37,2015,26,1511,142,Ely_tra,native,2,species,abundance,166,plot:166:1511:142,5,,2015,TRUE,TRUE,ready_for_build
271,GAZP_11,GAZP,11_37,2015,26,1512,132,Ely_tra,native,3,species,abundance,166,plot:166:1512:132,5,,2015,TRUE,TRUE,ready_for_build
272,GAZP_11,GAZP,11_37,2015,26,1513,113,Ely_tra,native,16,species,abundance,166,plot:166:1513:113,5,,2015,TRUE,TRUE,ready_for_build
273,GAZP_11,GAZP,11_37,2015,26,1514,131,Ely_tra,native,10,species,abundance,166,plot:166:1514:131,5,,2015,TRUE,TRUE,ready_for_build
274,GAZP_11,GAZP,11_37,2015,26,1515,133,Ely_tra,native,5,species,abundance,166,plot:166:1515:133,5,,2015,TRUE,TRUE,ready_for_build
275,GAZP_11,GAZP,11_37,2015,26,1516,112,Ely_tra,native,0,species,abundance,166,plot:166:1516:112,5,,2015,TRUE,TRUE,ready_for_build
276,GAZP_11,GAZP,11_37,2015,26,1517,31,Ely_tra,native,8,species,abundance,166,plot:166:1517:31,5,,2015,TRUE,TRUE,ready_for_build
277,GAZP_11,GAZP,11_37,2015,26,1518,41,Ely_tra,native,4,species,abundance,166,plot:166:1518:41,5,,2015,TRUE,TRUE,ready_for_build
278,GAZP_11,GAZP,11_37,2015,26,1610,23,Ely_tra,native,0,species,abundance,166,plot:166:1610:23,5,,2015,TRUE,TRUE,ready_for_build
279,GAZP_11,GAZP,11_37,2015,26,1611,22,Ely_tra,native,2,species,abundance,166,plot:166:1611:22,5,,2015,TRUE,TRUE,ready_for_build
280,GAZP_11,GAZP,11_37,2015,26,1612,52,Ely_tra,native,13,species,abundance,166,plot:166:1612:52,5,,2015,TRUE,TRUE,ready_for_build
281,GAZP_11,GAZP,11_37,2015,26,1613,43,Ely_tra,native,8,species,abundance,166,plot:166:1613:43,5,,2015,TRUE,TRUE,ready_for_build
282,GAZP_11,GAZP,11_37,2015,26,1614,141,Ely_tra,native,5,species,abundance,166,plot:166:1614:141,5,,2015,TRUE,TRUE,ready_for_build
283,GAZP_11,GAZP,11_37,2015,26,1615,123,Ely_tra,native,11,species,abundance,166,plot:166:1615:123,5,,2015,TRUE,TRUE,ready_for_build
284,GAZP_11,GAZP,11_37,2015,26,1616,122,Ely_tra,native,7,species,abundance,166,plot:166:1616:122,5,,2015,TRUE,TRUE,ready_for_build
285,GAZP_11,GAZP,11_37,2015,26,1617,21,Ely_tra,native,3,species,abundance,166,plot:166:1617:21,5,,2015,TRUE,TRUE,ready_for_build
286,GAZP_11,GAZP,11_37,2015,26,1618,151,Ely_tra,native,4,species,abundance,166,plot:166:1618:151,5,,2015,TRUE,TRUE,ready_for_build
287,GAZP_11,GAZP,11_38,2015,26,1101,13,Poa_fen,native,0,species,abundance,166,plot:166:1101:13,5,,2015,TRUE,TRUE,ready_for_build
288,GAZP_11,GAZP,11_38,2015,26,1102,12,Poa_fen,native,0,species,abundance,166,plot:166:1102:12,5,,2015,TRUE,TRUE,ready_for_build
289,GAZP_11,GAZP,11_38,2015,26,1103,32,Poa_fen,native,2,species,abundance,166,plot:166:1103:32,5,,2015,TRUE,TRUE,ready_for_build
290,GAZP_11,GAZP,11_38,2015,26,1104,143,Poa_fen,native,5,species,abundance,166,plot:166:1104:143,5,,2015,TRUE,TRUE,ready_for_build
291,GAZP_11,GAZP,11_38,2015,26,1105,51,Poa_fen,native,1,species,abundance,166,plot:166:1105:51,5,,2015,TRUE,TRUE,ready_for_build
292,GAZP_11,GAZP,11_38,2015,26,1106,143,Poa_fen,native,1,species,abundance,166,plot:166:1106:143,5,,2015,TRUE,TRUE,ready_for_build
293,GAZP_11,GAZP,11_38,2015,26,1107,42,Poa_fen,native,4,species,abundance,166,plot:166:1107:42,5,,2015,TRUE,TRUE,ready_for_build
294,GAZP_11,GAZP,11_38,2015,26,1108,41,Poa_fen,native,0,species,abundance,166,plot:166:1108:41,5,,2015,TRUE,TRUE,ready_for_build
295,GAZP_11,GAZP,11_38,2015,26,1109,41,Poa_fen,native,1,species,abundance,166,plot:166:1109:41,5,,2015,TRUE,TRUE,ready_for_build
296,GAZP_11,GAZP,11_38,2015,26,1201,43,Poa_fen,native,0,species,abundance,166,plot:166:1201:43,5,,2015,TRUE,TRUE,ready_for_build
297,GAZP_11,GAZP,11_38,2015,26,1202,42,Poa_fen,native,1,species,abundance,166,plot:166:1202:42,5,,2015,TRUE,TRUE,ready_for_build
298,GAZP_11,GAZP,11_38,2015,26,1203,42,Poa_fen,native,0,species,abundance,166,plot:166:1203:42,5,,2015,TRUE,TRUE,ready_for_build
299,GAZP_11,GAZP,11_38,2015,26,1204,33,Poa_fen,native,1,species,abundance,166,plot:166:1204:33,5,,2015,TRUE,TRUE,ready_for_build
300,GAZP_11,GAZP,11_38,2015,26,1205,121,Poa_fen,native,4,species,abundance,166,plot:166:1205:121,5,,2015,TRUE,TRUE,ready_for_build
301,GAZP_11,GAZP,11_38,2015,26,1206,13,Poa_fen,native,0,species,abundance,166,plot:166:1206:13,5,,2015,TRUE,TRUE,ready_for_build
302,GAZP_11,GAZP,11_38,2015,26,1207,22,Poa_fen,native,5,species,abundance,166,plot:166:1207:22,5,,2015,TRUE,TRUE,ready_for_build
303,GAZP_11,GAZP,11_38,2015,26,1208,41,Poa_fen,native,0,species,abundance,166,plot:166:1208:41,5,,2015,TRUE,TRUE,ready_for_build
304,GAZP_11,GAZP,11_38,2015,26,1209,21,Poa_fen,native,1,species,abundance,166,plot:166:1209:21,5,,2015,TRUE,TRUE,ready_for_build
305,GAZP_11,GAZP,11_39,2015,26,1501,133,Poa_fen,native,0,species,abundance,166,plot:166:1501:133,5,,2015,TRUE,TRUE,ready_for_build
306,GAZP_11,GAZP,11_39,2015,26,1502,132,Poa_fen,native,3,species,abundance,166,plot:166:1502:132,5,,2015,TRUE,TRUE,ready_for_build
307,GAZP_11,GAZP,11_39,2015,26,1503,132,Poa_fen,native,0,species,abundance,166,plot:166:1503:132,5,,2015,TRUE,TRUE,ready_for_build
308,GAZP_11,GAZP,11_39,2015,26,1504,33,Poa_fen,native,0,species,abundance,166,plot:166:1504:33,5,,2015,TRUE,TRUE,ready_for_build
309,GAZP_11,GAZP,11_39,2015,26,1505,111,Poa_fen,native,1,species,abundance,166,plot:166:1505:111,5,,2015,TRUE,TRUE,ready_for_build
310,GAZP_11,GAZP,11_39,2015,26,1506,23,Poa_fen,native,0,species,abundance,166,plot:166:1506:23,5,,2015,TRUE,TRUE,ready_for_build
311,GAZP_11,GAZP,11_39,2015,26,1507,152,Poa_fen,native,0,species,abundance,166,plot:166:1507:152,5,,2015,TRUE,TRUE,ready_for_build
312,GAZP_11,GAZP,11_39,2015,26,1508,141,Poa_fen,native,0,species,abundance,166,plot:166:1508:141,5,,2015,TRUE,TRUE,ready_for_build
313,GAZP_11,GAZP,11_39,2015,26,1509,111,Poa_fen,native,1,species,abundance,166,plot:166:1509:111,5,,2015,TRUE,TRUE,ready_for_build
314,GAZP_11,GAZP,11_39,2015,26,1601,133,Poa_fen,native,0,species,abundance,166,plot:166:1601:133,5,,2015,TRUE,TRUE,ready_for_build
315,GAZP_11,GAZP,11_39,2015,26,1602,132,Poa_fen,native,0,species,abundance,166,plot:166:1602:132,5,,2015,TRUE,TRUE,ready_for_build
316,GAZP_11,GAZP,11_39,2015,26,1603,112,Poa_fen,native,0,species,abundance,166,plot:166:1603:112,5,,2015,TRUE,TRUE,ready_for_build
317,GAZP_11,GAZP,11_39,2015,26,1604,123,Poa_fen,native,0,species,abundance,166,plot:166:1604:123,5,,2015,TRUE,TRUE,ready_for_build
318,GAZP_11,GAZP,11_39,2015,26,1605,31,Poa_fen,native,6,species,abundance,166,plot:166:1605:31,5,,2015,TRUE,TRUE,ready_for_build
319,GAZP_11,GAZP,11_39,2015,26,1606,123,Poa_fen,native,4,species,abundance,166,plot:166:1606:123,5,,2015,TRUE,TRUE,ready_for_build
320,GAZP_11,GAZP,11_39,2015,26,1607,112,Poa_fen,native,1,species,abundance,166,plot:166:1607:112,5,,2015,TRUE,TRUE,ready_for_build
321,GAZP_11,GAZP,11_39,2015,26,1608,151,Poa_fen,native,1,species,abundance,166,plot:166:1608:151,5,,2015,TRUE,TRUE,ready_for_build
322,GAZP_11,GAZP,11_39,2015,26,1609,121,Poa_fen,native,0,species,abundance,166,plot:166:1609:121,5,,2015,TRUE,TRUE,ready_for_build
323,GAZP_11,GAZP,11_40,2015,26,1110,43,Poa_fen,native,0,species,abundance,166,plot:166:1110:43,5,,2015,TRUE,TRUE,ready_for_build
324,GAZP_11,GAZP,11_40,2015,26,1111,32,Poa_fen,native,1,species,abundance,166,plot:166:1111:32,5,,2015,TRUE,TRUE,ready_for_build
325,GAZP_11,GAZP,11_40,2015,26,1112,42,Poa_fen,native,1,species,abundance,166,plot:166:1112:42,5,,2015,TRUE,TRUE,ready_for_build
326,GAZP_11,GAZP,11_40,2015,26,1113,53,Poa_fen,native,0,species,abundance,166,plot:166:1113:53,5,,2015,TRUE,TRUE,ready_for_build
327,GAZP_11,GAZP,11_40,2015,26,1114,51,Poa_fen,native,2,species,abundance,166,plot:166:1114:51,5,,2015,TRUE,TRUE,ready_for_build
328,GAZP_11,GAZP,11_40,2015,26,1115,33,Poa_fen,native,0,species,abundance,166,plot:166:1115:33,5,,2015,TRUE,TRUE,ready_for_build
329,GAZP_11,GAZP,11_40,2015,26,1116,22,Poa_fen,native,5,species,abundance,166,plot:166:1116:22,5,,2015,TRUE,TRUE,ready_for_build
330,GAZP_11,GAZP,11_40,2015,26,1117,111,Poa_fen,native,3,species,abundance,166,plot:166:1117:111,5,,2015,TRUE,TRUE,ready_for_build
331,GAZP_11,GAZP,11_40,2015,26,1118,131,Poa_fen,native,0,species,abundance,166,plot:166:1118:131,5,,2015,TRUE,TRUE,ready_for_build
332,GAZP_11,GAZP,11_40,2015,26,1210,123,Poa_fen,native,0,species,abundance,166,plot:166:1210:123,5,,2015,TRUE,TRUE,ready_for_build
333,GAZP_11,GAZP,11_40,2015,26,1211,142,Poa_fen,native,0,species,abundance,166,plot:166:1211:142,5,,2015,TRUE,TRUE,ready_for_build
334,GAZP_11,GAZP,11_40,2015,26,1212,132,Poa_fen,native,0,species,abundance,166,plot:166:1212:132,5,,2015,TRUE,TRUE,ready_for_build
335,GAZP_11,GAZP,11_40,2015,26,1213,113,Poa_fen,native,0,species,abundance,166,plot:166:1213:113,5,,2015,TRUE,TRUE,ready_for_build
336,GAZP_11,GAZP,11_40,2015,26,1214,11,Poa_fen,native,1,species,abundance,166,plot:166:1214:11,5,,2015,TRUE,TRUE,ready_for_build
337,GAZP_11,GAZP,11_40,2015,26,1215,33,Poa_fen,native,1,species,abundance,166,plot:166:1215:33,5,,2015,TRUE,TRUE,ready_for_build
338,GAZP_11,GAZP,11_40,2015,26,1216,52,Poa_fen,native,5,species,abundance,166,plot:166:1216:52,5,,2015,TRUE,TRUE,ready_for_build
339,GAZP_11,GAZP,11_40,2015,26,1217,131,Poa_fen,native,5,species,abundance,166,plot:166:1217:131,5,,2015,TRUE,TRUE,ready_for_build
340,GAZP_11,GAZP,11_40,2015,26,1218,51,Poa_fen,native,2,species,abundance,166,plot:166:1218:51,5,,2015,TRUE,TRUE,ready_for_build
341,GAZP_11,GAZP,11_41,2015,26,1510,143,Poa_fen,native,0,species,abundance,166,plot:166:1510:143,5,,2015,TRUE,TRUE,ready_for_build
342,GAZP_11,GAZP,11_41,2015,26,1511,122,Poa_fen,native,1,species,abundance,166,plot:166:1511:122,5,,2015,TRUE,TRUE,ready_for_build
343,GAZP_11,GAZP,11_41,2015,26,1512,152,Poa_fen,native,0,species,abundance,166,plot:166:1512:152,5,,2015,TRUE,TRUE,ready_for_build
344,GAZP_11,GAZP,11_41,2015,26,1513,133,Poa_fen,native,0,species,abundance,166,plot:166:1513:133,5,,2015,TRUE,TRUE,ready_for_build
345,GAZP_11,GAZP,11_41,2015,26,1514,111,Poa_fen,native,0,species,abundance,166,plot:166:1514:111,5,,2015,TRUE,TRUE,ready_for_build
346,GAZP_11,GAZP,11_41,2015,26,1515,143,Poa_fen,native,1,species,abundance,166,plot:166:1515:143,5,,2015,TRUE,TRUE,ready_for_build
347,GAZP_11,GAZP,11_41,2015,26,1516,132,Poa_fen,native,1,species,abundance,166,plot:166:1516:132,5,,2015,TRUE,TRUE,ready_for_build
348,GAZP_11,GAZP,11_41,2015,26,1517,21,Poa_fen,native,8,species,abundance,166,plot:166:1517:21,5,,2015,TRUE,TRUE,ready_for_build
349,GAZP_11,GAZP,11_41,2015,26,1518,11,Poa_fen,native,2,species,abundance,166,plot:166:1518:11,5,,2015,TRUE,TRUE,ready_for_build
350,GAZP_11,GAZP,11_41,2015,26,1610,43,Poa_fen,native,0,species,abundance,166,plot:166:1610:43,5,,2015,TRUE,TRUE,ready_for_build
351,GAZP_11,GAZP,11_41,2015,26,1611,32,Poa_fen,native,0,species,abundance,166,plot:166:1611:32,5,,2015,TRUE,TRUE,ready_for_build
352,GAZP_11,GAZP,11_41,2015,26,1612,12,Poa_fen,native,0,species,abundance,166,plot:166:1612:12,5,,2015,TRUE,TRUE,ready_for_build
353,GAZP_11,GAZP,11_41,2015,26,1613,13,Poa_fen,native,0,species,abundance,166,plot:166:1613:13,5,,2015,TRUE,TRUE,ready_for_build
354,GAZP_11,GAZP,11_41,2015,26,1614,121,Poa_fen,native,0,species,abundance,166,plot:166:1614:121,5,,2015,TRUE,TRUE,ready_for_build
355,GAZP_11,GAZP,11_41,2015,26,1615,153,Poa_fen,native,0,species,abundance,166,plot:166:1615:153,5,,2015,TRUE,TRUE,ready_for_build
356,GAZP_11,GAZP,11_41,2015,26,1616,112,Poa_fen,native,11,species,abundance,166,plot:166:1616:112,5,,2015,TRUE,TRUE,ready_for_build
357,GAZP_11,GAZP,11_41,2015,26,1617,11,Poa_fen,native,3,species,abundance,166,plot:166:1617:11,5,,2015,TRUE,TRUE,ready_for_build
358,GAZP_11,GAZP,11_41,2015,26,1618,111,Poa_fen,native,0,species,abundance,166,plot:166:1618:111,5,,2015,TRUE,TRUE,ready_for_build
359,GAZP_11,GAZP,11_42,2015,26,1101,33,Pse_rup,native,1,species,abundance,166,plot:166:1101:33,5,,2015,TRUE,TRUE,ready_for_build
360,GAZP_11,GAZP,11_42,2015,26,1102,22,Pse_rup,native,2,species,abundance,166,plot:166:1102:22,5,,2015,TRUE,TRUE,ready_for_build
361,GAZP_11,GAZP,11_42,2015,26,1103,12,Pse_rup,native,0,species,abundance,166,plot:166:1103:12,5,,2015,TRUE,TRUE,ready_for_build
362,GAZP_11,GAZP,11_42,2015,26,1104,123,Pse_rup,native,0,species,abundance,166,plot:166:1104:123,5,,2015,TRUE,TRUE,ready_for_build
363,GAZP_11,GAZP,11_42,2015,26,1105,41,Pse_rup,native,6,species,abundance,166,plot:166:1105:41,5,,2015,TRUE,TRUE,ready_for_build
364,GAZP_11,GAZP,11_42,2015,26,1106,133,Pse_rup,native,2,species,abundance,166,plot:166:1106:133,5,,2015,TRUE,TRUE,ready_for_build
365,GAZP_11,GAZP,11_42,2015,26,1107,22,Pse_rup,native,7,species,abundance,166,plot:166:1107:22,5,,2015,TRUE,TRUE,ready_for_build
366,GAZP_11,GAZP,11_42,2015,26,1108,11,Pse_rup,native,2,species,abundance,166,plot:166:1108:11,5,,2015,TRUE,TRUE,ready_for_build
367,GAZP_11,GAZP,11_42,2015,26,1109,51,Pse_rup,native,3,species,abundance,166,plot:166:1109:51,5,,2015,TRUE,TRUE,ready_for_build
368,GAZP_11,GAZP,11_42,2015,26,1201,33,Pse_rup,native,0,species,abundance,166,plot:166:1201:33,5,,2015,TRUE,TRUE,ready_for_build
369,GAZP_11,GAZP,11_42,2015,26,1202,52,Pse_rup,native,8,species,abundance,166,plot:166:1202:52,5,,2015,TRUE,TRUE,ready_for_build
370,GAZP_11,GAZP,11_42,2015,26,1203,52,Pse_rup,native,0,species,abundance,166,plot:166:1203:52,5,,2015,TRUE,TRUE,ready_for_build
371,GAZP_11,GAZP,11_42,2015,26,1204,23,Pse_rup,native,0,species,abundance,166,plot:166:1204:23,5,,2015,TRUE,TRUE,ready_for_build
372,GAZP_11,GAZP,11_42,2015,26,1205,141,Pse_rup,native,14,species,abundance,166,plot:166:1205:141,5,,2015,TRUE,TRUE,ready_for_build
373,GAZP_11,GAZP,11_42,2015,26,1206,53,Pse_rup,native,0,species,abundance,166,plot:166:1206:53,5,,2015,TRUE,TRUE,ready_for_build
374,GAZP_11,GAZP,11_42,2015,26,1207,12,Pse_rup,native,3,species,abundance,166,plot:166:1207:12,5,,2015,TRUE,TRUE,ready_for_build
375,GAZP_11,GAZP,11_42,2015,26,1208,31,Pse_rup,native,16,species,abundance,166,plot:166:1208:31,5,,2015,TRUE,TRUE,ready_for_build
376,GAZP_11,GAZP,11_42,2015,26,1209,41,Pse_rup,native,0,species,abundance,166,plot:166:1209:41,5,,2015,TRUE,TRUE,ready_for_build
377,GAZP_11,GAZP,11_43,2015,26,1501,113,Pse_rup,native,0,species,abundance,166,plot:166:1501:113,5,,2015,TRUE,TRUE,ready_for_build
378,GAZP_11,GAZP,11_43,2015,26,1502,112,Pse_rup,native,17,species,abundance,166,plot:166:1502:112,5,,2015,TRUE,TRUE,ready_for_build
379,GAZP_11,GAZP,11_43,2015,26,1503,152,Pse_rup,native,0,species,abundance,166,plot:166:1503:152,5,,2015,TRUE,TRUE,ready_for_build
380,GAZP_11,GAZP,11_43,2015,26,1504,53,Pse_rup,native,0,species,abundance,166,plot:166:1504:53,5,,2015,TRUE,TRUE,ready_for_build
381,GAZP_11,GAZP,11_43,2015,26,1505,131,Pse_rup,native,0,species,abundance,166,plot:166:1505:131,5,,2015,TRUE,TRUE,ready_for_build
382,GAZP_11,GAZP,11_43,2015,26,1506,53,Pse_rup,native,5,species,abundance,166,plot:166:1506:53,5,,2015,TRUE,TRUE,ready_for_build
383,GAZP_11,GAZP,11_43,2015,26,1507,122,Pse_rup,native,2,species,abundance,166,plot:166:1507:122,5,,2015,TRUE,TRUE,ready_for_build
384,GAZP_11,GAZP,11_43,2015,26,1508,151,Pse_rup,native,0,species,abundance,166,plot:166:1508:151,5,,2015,TRUE,TRUE,ready_for_build
385,GAZP_11,GAZP,11_43,2015,26,1509,141,Pse_rup,native,2,species,abundance,166,plot:166:1509:141,5,,2015,TRUE,TRUE,ready_for_build
386,GAZP_11,GAZP,11_43,2015,26,1601,123,Pse_rup,native,0,species,abundance,166,plot:166:1601:123,5,,2015,TRUE,TRUE,ready_for_build
387,GAZP_11,GAZP,11_43,2015,26,1602,142,Pse_rup,native,9,species,abundance,166,plot:166:1602:142,5,,2015,TRUE,TRUE,ready_for_build
388,GAZP_11,GAZP,11_43,2015,26,1603,152,Pse_rup,native,0,species,abundance,166,plot:166:1603:152,5,,2015,TRUE,TRUE,ready_for_build
389,GAZP_11,GAZP,11_43,2015,26,1604,153,Pse_rup,native,0,species,abundance,166,plot:166:1604:153,5,,2015,TRUE,TRUE,ready_for_build
390,GAZP_11,GAZP,11_43,2015,26,1605,51,Pse_rup,native,2,species,abundance,166,plot:166:1605:51,5,,2015,TRUE,TRUE,ready_for_build
391,GAZP_11,GAZP,11_43,2015,26,1606,143,Pse_rup,native,0,species,abundance,166,plot:166:1606:143,5,,2015,TRUE,TRUE,ready_for_build
392,GAZP_11,GAZP,11_43,2015,26,1607,152,Pse_rup,native,0,species,abundance,166,plot:166:1607:152,5,,2015,TRUE,TRUE,ready_for_build
393,GAZP_11,GAZP,11_43,2015,26,1608,121,Pse_rup,native,16,species,abundance,166,plot:166:1608:121,5,,2015,TRUE,TRUE,ready_for_build
394,GAZP_11,GAZP,11_43,2015,26,1609,111,Pse_rup,native,0,species,abundance,166,plot:166:1609:111,5,,2015,TRUE,TRUE,ready_for_build
395,GAZP_11,GAZP,11_44,2015,26,1110,23,Pse_rup,native,0,species,abundance,166,plot:166:1110:23,5,,2015,TRUE,TRUE,ready_for_build
396,GAZP_11,GAZP,11_44,2015,26,1111,42,Pse_rup,native,9,species,abundance,166,plot:166:1111:42,5,,2015,TRUE,TRUE,ready_for_build
397,GAZP_11,GAZP,11_44,2015,26,1112,32,Pse_rup,native,2,species,abundance,166,plot:166:1112:32,5,,2015,TRUE,TRUE,ready_for_build
398,GAZP_11,GAZP,11_44,2015,26,1113,33,Pse_rup,native,0,species,abundance,166,plot:166:1113:33,5,,2015,TRUE,TRUE,ready_for_build
399,GAZP_11,GAZP,11_44,2015,26,1114,31,Pse_rup,native,1,species,abundance,166,plot:166:1114:31,5,,2015,TRUE,TRUE,ready_for_build
400,GAZP_11,GAZP,11_44,2015,26,1115,23,Pse_rup,native,0,species,abundance,166,plot:166:1115:23,5,,2015,TRUE,TRUE,ready_for_build
401,GAZP_11,GAZP,11_44,2015,26,1116,12,Pse_rup,native,2,species,abundance,166,plot:166:1116:12,5,,2015,TRUE,TRUE,ready_for_build
402,GAZP_11,GAZP,11_44,2015,26,1117,141,Pse_rup,native,4,species,abundance,166,plot:166:1117:141,5,,2015,TRUE,TRUE,ready_for_build
403,GAZP_11,GAZP,11_44,2015,26,1118,111,Pse_rup,native,0,species,abundance,166,plot:166:1118:111,5,,2015,TRUE,TRUE,ready_for_build
404,GAZP_11,GAZP,11_44,2015,26,1210,113,Pse_rup,native,1,species,abundance,166,plot:166:1210:113,5,,2015,TRUE,TRUE,ready_for_build
405,GAZP_11,GAZP,11_44,2015,26,1211,152,Pse_rup,native,0,species,abundance,166,plot:166:1211:152,5,,2015,TRUE,TRUE,ready_for_build
406,GAZP_11,GAZP,11_44,2015,26,1212,112,Pse_rup,native,2,species,abundance,166,plot:166:1212:112,5,,2015,TRUE,TRUE,ready_for_build
407,GAZP_11,GAZP,11_44,2015,26,1213,143,Pse_rup,native,2,species,abundance,166,plot:166:1213:143,5,,2015,TRUE,TRUE,ready_for_build
408,GAZP_11,GAZP,11_44,2015,26,1214,51,Pse_rup,native,4,species,abundance,166,plot:166:1214:51,5,,2015,TRUE,TRUE,ready_for_build
409,GAZP_11,GAZP,11_44,2015,26,1215,53,Pse_rup,native,1,species,abundance,166,plot:166:1215:53,5,,2015,TRUE,TRUE,ready_for_build
410,GAZP_11,GAZP,11_44,2015,26,1216,32,Pse_rup,native,3,species,abundance,166,plot:166:1216:32,5,,2015,TRUE,TRUE,ready_for_build
411,GAZP_11,GAZP,11_44,2015,26,1217,121,Pse_rup,native,0,species,abundance,166,plot:166:1217:121,5,,2015,TRUE,TRUE,ready_for_build
412,GAZP_11,GAZP,11_44,2015,26,1218,41,Pse_rup,native,1,species,abundance,166,plot:166:1218:41,5,,2015,TRUE,TRUE,ready_for_build
413,GAZP_11,GAZP,11_45,2015,26,1510,133,Pse_rup,native,0,species,abundance,166,plot:166:1510:133,5,,2015,TRUE,TRUE,ready_for_build
414,GAZP_11,GAZP,11_45,2015,26,1511,112,Pse_rup,native,3,species,abundance,166,plot:166:1511:112,5,,2015,TRUE,TRUE,ready_for_build
415,GAZP_11,GAZP,11_45,2015,26,1512,122,Pse_rup,native,0,species,abundance,166,plot:166:1512:122,5,,2015,TRUE,TRUE,ready_for_build
416,GAZP_11,GAZP,11_45,2015,26,1513,153,Pse_rup,native,10,species,abundance,166,plot:166:1513:153,5,,2015,TRUE,TRUE,ready_for_build
417,GAZP_11,GAZP,11_45,2015,26,1514,151,Pse_rup,native,0,species,abundance,166,plot:166:1514:151,5,,2015,TRUE,TRUE,ready_for_build
418,GAZP_11,GAZP,11_45,2015,26,1515,113,Pse_rup,native,2,species,abundance,166,plot:166:1515:113,5,,2015,TRUE,TRUE,ready_for_build
419,GAZP_11,GAZP,11_45,2015,26,1516,122,Pse_rup,native,2,species,abundance,166,plot:166:1516:122,5,,2015,TRUE,TRUE,ready_for_build
420,GAZP_11,GAZP,11_45,2015,26,1517,51,Pse_rup,native,0,species,abundance,166,plot:166:1517:51,5,,2015,TRUE,TRUE,ready_for_build
421,GAZP_11,GAZP,11_45,2015,26,1518,21,Pse_rup,native,11,species,abundance,166,plot:166:1518:21,5,,2015,TRUE,TRUE,ready_for_build
422,GAZP_11,GAZP,11_45,2015,26,1610,33,Pse_rup,native,0,species,abundance,166,plot:166:1610:33,5,,2015,TRUE,TRUE,ready_for_build
423,GAZP_11,GAZP,11_45,2015,26,1611,52,Pse_rup,native,0,species,abundance,166,plot:166:1611:52,5,,2015,TRUE,TRUE,ready_for_build
424,GAZP_11,GAZP,11_45,2015,26,1612,22,Pse_rup,native,4,species,abundance,166,plot:166:1612:22,5,,2015,TRUE,TRUE,ready_for_build
425,GAZP_11,GAZP,11_45,2015,26,1613,33,Pse_rup,native,0,species,abundance,166,plot:166:1613:33,5,,2015,TRUE,TRUE,ready_for_build
426,GAZP_11,GAZP,11_45,2015,26,1614,131,Pse_rup,native,0,species,abundance,166,plot:166:1614:131,5,,2015,TRUE,TRUE,ready_for_build
427,GAZP_11,GAZP,11_45,2015,26,1615,133,Pse_rup,native,0,species,abundance,166,plot:166:1615:133,5,,2015,TRUE,TRUE,ready_for_build
428,GAZP_11,GAZP,11_45,2015,26,1616,132,Pse_rup,native,16,species,abundance,166,plot:166:1616:132,5,,2015,TRUE,TRUE,ready_for_build
429,GAZP_11,GAZP,11_45,2015,26,1617,31,Pse_rup,native,2,species,abundance,166,plot:166:1617:31,5,,2015,TRUE,TRUE,ready_for_build
430,GAZP_11,GAZP,11_45,2015,26,1618,131,Pse_rup,native,0,species,abundance,166,plot:166:1618:131,5,,2015,TRUE,TRUE,ready_for_build
431,GAZP_11,GAZP,11_46,2015,26,1101,43,Vul_mic,native,0,species,abundance,166,plot:166:1101:43,5,,2015,TRUE,TRUE,ready_for_build
432,GAZP_11,GAZP,11_46,2015,26,1102,52,Vul_mic,native,24,species,abundance,166,plot:166:1102:52,5,,2015,TRUE,TRUE,ready_for_build
433,GAZP_11,GAZP,11_46,2015,26,1103,52,Vul_mic,native,0,species,abundance,166,plot:166:1103:52,5,,2015,TRUE,TRUE,ready_for_build
434,GAZP_11,GAZP,11_46,2015,26,1104,113,Vul_mic,native,4,species,abundance,166,plot:166:1104:113,5,,2015,TRUE,TRUE,ready_for_build
435,GAZP_11,GAZP,11_46,2015,26,1105,31,Vul_mic,native,5,species,abundance,166,plot:166:1105:31,5,,2015,TRUE,TRUE,ready_for_build
436,GAZP_11,GAZP,11_46,2015,26,1106,123,Vul_mic,native,8,species,abundance,166,plot:166:1106:123,5,,2015,TRUE,TRUE,ready_for_build
437,GAZP_11,GAZP,11_46,2015,26,1107,12,Vul_mic,native,2,species,abundance,166,plot:166:1107:12,5,,2015,TRUE,TRUE,ready_for_build
438,GAZP_11,GAZP,11_46,2015,26,1108,21,Vul_mic,native,0,species,abundance,166,plot:166:1108:21,5,,2015,TRUE,TRUE,ready_for_build
439,GAZP_11,GAZP,11_46,2015,26,1109,11,Vul_mic,native,2,species,abundance,166,plot:166:1109:11,5,,2015,TRUE,TRUE,ready_for_build
440,GAZP_11,GAZP,11_46,2015,26,1201,13,Vul_mic,native,1,species,abundance,166,plot:166:1201:13,5,,2015,TRUE,TRUE,ready_for_build
441,GAZP_11,GAZP,11_46,2015,26,1202,12,Vul_mic,native,7,species,abundance,166,plot:166:1202:12,5,,2015,TRUE,TRUE,ready_for_build
442,GAZP_11,GAZP,11_46,2015,26,1203,32,Vul_mic,native,6,species,abundance,166,plot:166:1203:32,5,,2015,TRUE,TRUE,ready_for_build
443,GAZP_11,GAZP,11_46,2015,26,1204,53,Vul_mic,native,4,species,abundance,166,plot:166:1204:53,5,,2015,TRUE,TRUE,ready_for_build
444,GAZP_11,GAZP,11_46,2015,26,1205,131,Vul_mic,native,1,species,abundance,166,plot:166:1205:131,5,,2015,TRUE,TRUE,ready_for_build
445,GAZP_11,GAZP,11_46,2015,26,1206,23,Vul_mic,native,5,species,abundance,166,plot:166:1206:23,5,,2015,TRUE,TRUE,ready_for_build
446,GAZP_11,GAZP,11_46,2015,26,1207,42,Vul_mic,native,16,species,abundance,166,plot:166:1207:42,5,,2015,TRUE,TRUE,ready_for_build
447,GAZP_11,GAZP,11_46,2015,26,1208,21,Vul_mic,native,24,species,abundance,166,plot:166:1208:21,5,,2015,TRUE,TRUE,ready_for_build
448,GAZP_11,GAZP,11_46,2015,26,1209,51,Vul_mic,native,8,species,abundance,166,plot:166:1209:51,5,,2015,TRUE,TRUE,ready_for_build
449,GAZP_11,GAZP,11_47,2015,26,1501,143,Vul_mic,native,0,species,abundance,166,plot:166:1501:143,5,,2015,TRUE,TRUE,ready_for_build
450,GAZP_11,GAZP,11_47,2015,26,1502,142,Vul_mic,native,20,species,abundance,166,plot:166:1502:142,5,,2015,TRUE,TRUE,ready_for_build
451,GAZP_11,GAZP,11_47,2015,26,1503,122,Vul_mic,native,1,species,abundance,166,plot:166:1503:122,5,,2015,TRUE,TRUE,ready_for_build
452,GAZP_11,GAZP,11_47,2015,26,1504,23,Vul_mic,native,0,species,abundance,166,plot:166:1504:23,5,,2015,TRUE,TRUE,ready_for_build
453,GAZP_11,GAZP,11_47,2015,26,1505,141,Vul_mic,native,2,species,abundance,166,plot:166:1505:141,5,,2015,TRUE,TRUE,ready_for_build
454,GAZP_11,GAZP,11_47,2015,26,1506,33,Vul_mic,native,2,species,abundance,166,plot:166:1506:33,5,,2015,TRUE,TRUE,ready_for_build
455,GAZP_11,GAZP,11_47,2015,26,1507,112,Vul_mic,native,0,species,abundance,166,plot:166:1507:112,5,,2015,TRUE,TRUE,ready_for_build
456,GAZP_11,GAZP,11_47,2015,26,1508,121,Vul_mic,native,0,species,abundance,166,plot:166:1508:121,5,,2015,TRUE,TRUE,ready_for_build
457,GAZP_11,GAZP,11_47,2015,26,1509,151,Vul_mic,native,0,species,abundance,166,plot:166:1509:151,5,,2015,TRUE,TRUE,ready_for_build
458,GAZP_11,GAZP,11_47,2015,26,1601,143,Vul_mic,native,1,species,abundance,166,plot:166:1601:143,5,,2015,TRUE,TRUE,ready_for_build
459,GAZP_11,GAZP,11_47,2015,26,1602,112,Vul_mic,native,3,species,abundance,166,plot:166:1602:112,5,,2015,TRUE,TRUE,ready_for_build
460,GAZP_11,GAZP,11_47,2015,26,1603,132,Vul_mic,native,1,species,abundance,166,plot:166:1603:132,5,,2015,TRUE,TRUE,ready_for_build
461,GAZP_11,GAZP,11_47,2015,26,1604,143,Vul_mic,native,5,species,abundance,166,plot:166:1604:143,5,,2015,TRUE,TRUE,ready_for_build
462,GAZP_11,GAZP,11_47,2015,26,1605,21,Vul_mic,native,0,species,abundance,166,plot:166:1605:21,5,,2015,TRUE,TRUE,ready_for_build
463,GAZP_11,GAZP,11_47,2015,26,1606,153,Vul_mic,native,6,species,abundance,166,plot:166:1606:153,5,,2015,TRUE,TRUE,ready_for_build
464,GAZP_11,GAZP,11_47,2015,26,1607,122,Vul_mic,native,0,species,abundance,166,plot:166:1607:122,5,,2015,TRUE,TRUE,ready_for_build
465,GAZP_11,GAZP,11_47,2015,26,1608,131,Vul_mic,native,13,species,abundance,166,plot:166:1608:131,5,,2015,TRUE,TRUE,ready_for_build
466,GAZP_11,GAZP,11_47,2015,26,1609,141,Vul_mic,native,0,species,abundance,166,plot:166:1609:141,5,,2015,TRUE,TRUE,ready_for_build
467,GAZP_11,GAZP,11_48,2015,26,1110,33,Vul_mic,native,0,species,abundance,166,plot:166:1110:33,5,,2015,TRUE,TRUE,ready_for_build
468,GAZP_11,GAZP,11_48,2015,26,1111,52,Vul_mic,native,1,species,abundance,166,plot:166:1111:52,5,,2015,TRUE,TRUE,ready_for_build
469,GAZP_11,GAZP,11_48,2015,26,1112,12,Vul_mic,native,3,species,abundance,166,plot:166:1112:12,5,,2015,TRUE,TRUE,ready_for_build
470,GAZP_11,GAZP,11_48,2015,26,1113,13,Vul_mic,native,0,species,abundance,166,plot:166:1113:13,5,,2015,TRUE,TRUE,ready_for_build
471,GAZP_11,GAZP,11_48,2015,26,1114,11,Vul_mic,native,0,species,abundance,166,plot:166:1114:11,5,,2015,TRUE,TRUE,ready_for_build
472,GAZP_11,GAZP,11_48,2015,26,1115,13,Vul_mic,native,0,species,abundance,166,plot:166:1115:13,5,,2015,TRUE,TRUE,ready_for_build
473,GAZP_11,GAZP,11_48,2015,26,1116,52,Vul_mic,native,0,species,abundance,166,plot:166:1116:52,5,,2015,TRUE,TRUE,ready_for_build
474,GAZP_11,GAZP,11_48,2015,26,1117,131,Vul_mic,native,1,species,abundance,166,plot:166:1117:131,5,,2015,TRUE,TRUE,ready_for_build
475,GAZP_11,GAZP,11_48,2015,26,1118,141,Vul_mic,native,6,species,abundance,166,plot:166:1118:141,5,,2015,TRUE,TRUE,ready_for_build
476,GAZP_11,GAZP,11_48,2015,26,1210,133,Vul_mic,native,2,species,abundance,166,plot:166:1210:133,5,,2015,TRUE,TRUE,ready_for_build
477,GAZP_11,GAZP,11_48,2015,26,1211,122,Vul_mic,native,1,species,abundance,166,plot:166:1211:122,5,,2015,TRUE,TRUE,ready_for_build
478,GAZP_11,GAZP,11_48,2015,26,1212,142,Vul_mic,native,0,species,abundance,166,plot:166:1212:142,5,,2015,TRUE,TRUE,ready_for_build
479,GAZP_11,GAZP,11_48,2015,26,1213,123,Vul_mic,native,0,species,abundance,166,plot:166:1213:123,5,,2015,TRUE,TRUE,ready_for_build
480,GAZP_11,GAZP,11_48,2015,26,1214,31,Vul_mic,native,0,species,abundance,166,plot:166:1214:31,5,,2015,TRUE,TRUE,ready_for_build
481,GAZP_11,GAZP,11_48,2015,26,1215,43,Vul_mic,native,0,species,abundance,166,plot:166:1215:43,5,,2015,TRUE,TRUE,ready_for_build
482,GAZP_11,GAZP,11_48,2015,26,1216,22,Vul_mic,native,2,species,abundance,166,plot:166:1216:22,5,,2015,TRUE,TRUE,ready_for_build
483,GAZP_11,GAZP,11_48,2015,26,1217,141,Vul_mic,native,0,species,abundance,166,plot:166:1217:141,5,,2015,TRUE,TRUE,ready_for_build
484,GAZP_11,GAZP,11_48,2015,26,1218,11,Vul_mic,native,0,species,abundance,166,plot:166:1218:11,5,,2015,TRUE,TRUE,ready_for_build
485,GAZP_11,GAZP,11_49,2015,26,1510,123,Vul_mic,native,0,species,abundance,166,plot:166:1510:123,5,,2015,TRUE,TRUE,ready_for_build
486,GAZP_11,GAZP,11_49,2015,26,1511,152,Vul_mic,native,0,species,abundance,166,plot:166:1511:152,5,,2015,TRUE,TRUE,ready_for_build
487,GAZP_11,GAZP,11_49,2015,26,1512,112,Vul_mic,native,0,species,abundance,166,plot:166:1512:112,5,,2015,TRUE,TRUE,ready_for_build
488,GAZP_11,GAZP,11_49,2015,26,1513,123,Vul_mic,native,3,species,abundance,166,plot:166:1513:123,5,,2015,TRUE,TRUE,ready_for_build
489,GAZP_11,GAZP,11_49,2015,26,1514,121,Vul_mic,native,4,species,abundance,166,plot:166:1514:121,5,,2015,TRUE,TRUE,ready_for_build
490,GAZP_11,GAZP,11_49,2015,26,1515,123,Vul_mic,native,0,species,abundance,166,plot:166:1515:123,5,,2015,TRUE,TRUE,ready_for_build
491,GAZP_11,GAZP,11_49,2015,26,1516,142,Vul_mic,native,2,species,abundance,166,plot:166:1516:142,5,,2015,TRUE,TRUE,ready_for_build
492,GAZP_11,GAZP,11_49,2015,26,1517,41,Vul_mic,native,8,species,abundance,166,plot:166:1517:41,5,,2015,TRUE,TRUE,ready_for_build
493,GAZP_11,GAZP,11_49,2015,26,1518,31,Vul_mic,native,1,species,abundance,166,plot:166:1518:31,5,,2015,TRUE,TRUE,ready_for_build
494,GAZP_11,GAZP,11_49,2015,26,1610,13,Vul_mic,native,1,species,abundance,166,plot:166:1610:13,5,,2015,TRUE,TRUE,ready_for_build
495,GAZP_11,GAZP,11_49,2015,26,1611,12,Vul_mic,native,0,species,abundance,166,plot:166:1611:12,5,,2015,TRUE,TRUE,ready_for_build
496,GAZP_11,GAZP,11_49,2015,26,1612,32,Vul_mic,native,0,species,abundance,166,plot:166:1612:32,5,,2015,TRUE,TRUE,ready_for_build
497,GAZP_11,GAZP,11_49,2015,26,1613,53,Vul_mic,native,0,species,abundance,166,plot:166:1613:53,5,,2015,TRUE,TRUE,ready_for_build
498,GAZP_11,GAZP,11_49,2015,26,1614,111,Vul_mic,native,0,species,abundance,166,plot:166:1614:111,5,,2015,TRUE,TRUE,ready_for_build
499,GAZP_11,GAZP,11_49,2015,26,1615,113,Vul_mic,native,0,species,abundance,166,plot:166:1615:113,5,,2015,TRUE,TRUE,ready_for_build
500,GAZP_11,GAZP,11_49,2015,26,1616,152,Vul_mic,native,0,species,abundance,166,plot:166:1616:152,5,,2015,TRUE,TRUE,ready_for_build
501,GAZP_11,GAZP,11_49,2015,26,1617,41,Vul_mic,native,2,species,abundance,166,plot:166:1617:41,5,,2015,TRUE,TRUE,ready_for_build
502,GAZP_11,GAZP,11_49,2015,26,1618,121,Vul_mic,native,0,species,abundance,166,plot:166:1618:121,5,,2015,TRUE,TRUE,ready_for_build
503,GAZP_11,GAZP,11_1,2016,78,10101,462,L_Pgrass,native,8,species,abundance,166,plot:166:10101:462,6,,2016,TRUE,TRUE,ready_for_build
504,GAZP_11,GAZP,11_1,2016,78,10101,542,L_Pgrass,native,4,species,abundance,166,plot:166:10101:542,6,,2016,TRUE,TRUE,ready_for_build
505,GAZP_11,GAZP,11_1,2016,78,10102,461,L_Pgrass,native,18,species,abundance,166,plot:166:10102:461,6,,2016,TRUE,TRUE,ready_for_build
506,GAZP_11,GAZP,11_1,2016,78,10102,501,L_Pgrass,native,2,species,abundance,166,plot:166:10102:501,6,,2016,TRUE,TRUE,ready_for_build
507,GAZP_11,GAZP,11_1,2016,78,10102,541,L_Pgrass,native,6,species,abundance,166,plot:166:10102:541,6,,2016,TRUE,TRUE,ready_for_build
508,GAZP_11,GAZP,11_1,2016,78,10103,63,L_Pgrass,native,5,species,abundance,166,plot:166:10103:63,6,,2016,TRUE,TRUE,ready_for_build
509,GAZP_11,GAZP,11_1,2016,78,10103,143,L_Pgrass,native,1,species,abundance,166,plot:166:10103:143,6,,2016,TRUE,TRUE,ready_for_build
510,GAZP_11,GAZP,11_1,2016,78,10201,102,L_Pgrass,native,2,species,abundance,166,plot:166:10201:102,6,,2016,TRUE,TRUE,ready_for_build
511,GAZP_11,GAZP,11_1,2016,78,10201,142,L_Pgrass,native,0,species,abundance,166,plot:166:10201:142,6,,2016,TRUE,TRUE,ready_for_build
512,GAZP_11,GAZP,11_1,2016,78,10202,463,L_Pgrass,native,2,species,abundance,166,plot:166:10202:463,6,,2016,TRUE,TRUE,ready_for_build
513,GAZP_11,GAZP,11_1,2016,78,10202,543,L_Pgrass,native,0,species,abundance,166,plot:166:10202:543,6,,2016,TRUE,TRUE,ready_for_build
514,GAZP_11,GAZP,11_2,2016,78,10501,62,L_Pgrass,native,3,species,abundance,166,plot:166:10501:62,6,,2016,TRUE,TRUE,ready_for_build
515,GAZP_11,GAZP,11_2,2016,78,10501,142,L_Pgrass,native,0,species,abundance,166,plot:166:10501:142,6,,2016,TRUE,TRUE,ready_for_build
516,GAZP_11,GAZP,11_2,2016,78,10502,61,L_Pgrass,native,2,species,abundance,166,plot:166:10502:61,6,,2016,TRUE,TRUE,ready_for_build
517,GAZP_11,GAZP,11_2,2016,78,10502,101,L_Pgrass,native,13,species,abundance,166,plot:166:10502:101,6,,2016,TRUE,TRUE,ready_for_build
518,GAZP_11,GAZP,11_2,2016,78,10502,141,L_Pgrass,native,12,species,abundance,166,plot:166:10502:141,6,,2016,TRUE,TRUE,ready_for_build
519,GAZP_11,GAZP,11_2,2016,78,10503,463,L_Pgrass,native,1,species,abundance,166,plot:166:10503:463,6,,2016,TRUE,TRUE,ready_for_build
520,GAZP_11,GAZP,11_2,2016,78,10503,543,L_Pgrass,native,0,species,abundance,166,plot:166:10503:543,6,,2016,TRUE,TRUE,ready_for_build
521,GAZP_11,GAZP,11_2,2016,78,10601,502,L_Pgrass,native,2,species,abundance,166,plot:166:10601:502,6,,2016,TRUE,TRUE,ready_for_build
522,GAZP_11,GAZP,11_2,2016,78,10601,542,L_Pgrass,native,4,species,abundance,166,plot:166:10601:542,6,,2016,TRUE,TRUE,ready_for_build
523,GAZP_11,GAZP,11_2,2016,78,10602,63,L_Pgrass,native,7,species,abundance,166,plot:166:10602:63,6,,2016,TRUE,TRUE,ready_for_build
524,GAZP_11,GAZP,11_2,2016,78,10602,143,L_Pgrass,native,5,species,abundance,166,plot:166:10602:143,6,,2016,TRUE,TRUE,ready_for_build
525,GAZP_11,GAZP,11_3,2016,78,10104,102,L_Pgrass,native,8,species,abundance,166,plot:166:10104:102,6,,2016,TRUE,TRUE,ready_for_build
526,GAZP_11,GAZP,11_3,2016,78,10104,142,L_Pgrass,native,4,species,abundance,166,plot:166:10104:142,6,,2016,TRUE,TRUE,ready_for_build
527,GAZP_11,GAZP,11_3,2016,78,10105,461,L_Pgrass,native,19,species,abundance,166,plot:166:10105:461,6,,2016,TRUE,TRUE,ready_for_build
528,GAZP_11,GAZP,11_3,2016,78,10105,501,L_Pgrass,native,0,species,abundance,166,plot:166:10105:501,6,,2016,TRUE,TRUE,ready_for_build
529,GAZP_11,GAZP,11_3,2016,78,10105,541,L_Pgrass,native,0,species,abundance,166,plot:166:10105:541,6,,2016,TRUE,TRUE,ready_for_build
530,GAZP_11,GAZP,11_3,2016,78,10106,453,L_Pgrass,native,1,species,abundance,166,plot:166:10106:453,6,,2016,TRUE,TRUE,ready_for_build
531,GAZP_11,GAZP,11_3,2016,78,10106,543,L_Pgrass,native,0,species,abundance,166,plot:166:10106:543,6,,2016,TRUE,TRUE,ready_for_build
532,GAZP_11,GAZP,11_3,2016,78,10203,502,L_Pgrass,native,9,species,abundance,166,plot:166:10203:502,6,,2016,TRUE,TRUE,ready_for_build
533,GAZP_11,GAZP,11_3,2016,78,10203,542,L_Pgrass,native,0,species,abundance,166,plot:166:10203:542,6,,2016,TRUE,TRUE,ready_for_build
534,GAZP_11,GAZP,11_3,2016,78,10204,461,L_Pgrass,native,0,species,abundance,166,plot:166:10204:461,6,,2016,TRUE,TRUE,ready_for_build
535,GAZP_11,GAZP,11_3,2016,78,10204,501,L_Pgrass,native,14,species,abundance,166,plot:166:10204:501,6,,2016,TRUE,TRUE,ready_for_build
536,GAZP_11,GAZP,11_3,2016,78,10204,541,L_Pgrass,native,5,species,abundance,166,plot:166:10204:541,6,,2016,TRUE,TRUE,ready_for_build
537,GAZP_11,GAZP,11_3,2016,78,10205,463,L_Pgrass,native,0,species,abundance,166,plot:166:10205:463,6,,2016,TRUE,TRUE,ready_for_build
538,GAZP_11,GAZP,11_3,2016,78,10205,543,L_Pgrass,native,0,species,abundance,166,plot:166:10205:543,6,,2016,TRUE,TRUE,ready_for_build
539,GAZP_11,GAZP,11_4,2016,78,10504,502,L_Pgrass,native,2,species,abundance,166,plot:166:10504:502,6,,2016,TRUE,TRUE,ready_for_build
540,GAZP_11,GAZP,11_4,2016,78,10504,542,L_Pgrass,native,1,species,abundance,166,plot:166:10504:542,6,,2016,TRUE,TRUE,ready_for_build
541,GAZP_11,GAZP,11_4,2016,78,10505,61,L_Pgrass,native,20,species,abundance,166,plot:166:10505:61,6,,2016,TRUE,TRUE,ready_for_build
542,GAZP_11,GAZP,11_4,2016,78,10505,101,L_Pgrass,native,6,species,abundance,166,plot:166:10505:101,6,,2016,TRUE,TRUE,ready_for_build
543,GAZP_11,GAZP,11_4,2016,78,10505,141,L_Pgrass,native,5,species,abundance,166,plot:166:10505:141,6,,2016,TRUE,TRUE,ready_for_build
544,GAZP_11,GAZP,11_4,2016,78,10506,63,L_Pgrass,native,3,species,abundance,166,plot:166:10506:63,6,,2016,TRUE,TRUE,ready_for_build
545,GAZP_11,GAZP,11_4,2016,78,10506,143,L_Pgrass,native,0,species,abundance,166,plot:166:10506:143,6,,2016,TRUE,TRUE,ready_for_build
546,GAZP_11,GAZP,11_4,2016,78,10603,102,L_Pgrass,native,8,species,abundance,166,plot:166:10603:102,6,,2016,TRUE,TRUE,ready_for_build
547,GAZP_11,GAZP,11_4,2016,78,10603,142,L_Pgrass,native,12,species,abundance,166,plot:166:10603:142,6,,2016,TRUE,TRUE,ready_for_build
548,GAZP_11,GAZP,11_4,2016,78,10604,61,L_Pgrass,native,0,species,abundance,166,plot:166:10604:61,6,,2016,TRUE,TRUE,ready_for_build
549,GAZP_11,GAZP,11_4,2016,78,10604,101,L_Pgrass,native,3,species,abundance,166,plot:166:10604:101,6,,2016,TRUE,TRUE,ready_for_build
550,GAZP_11,GAZP,11_4,2016,78,10604,141,L_Pgrass,native,8,species,abundance,166,plot:166:10604:141,6,,2016,TRUE,TRUE,ready_for_build
551,GAZP_11,GAZP,11_4,2016,78,10605,63,L_Pgrass,native,3,species,abundance,166,plot:166:10605:63,6,,2016,TRUE,TRUE,ready_for_build
552,GAZP_11,GAZP,11_4,2016,78,10605,143,L_Pgrass,native,1,species,abundance,166,plot:166:10605:143,6,,2016,TRUE,TRUE,ready_for_build
553,GAZP_11,GAZP,11_5,2016,78,10901,102,Ely_ely,native,0,species,abundance,166,plot:166:10901:102,6,,2016,TRUE,TRUE,ready_for_build
554,GAZP_11,GAZP,11_5,2016,78,10902,61,Ely_ely,native,1,species,abundance,166,plot:166:10902:61,6,,2016,TRUE,TRUE,ready_for_build
555,GAZP_11,GAZP,11_5,2016,78,10903,583,Ely_ely,native,0,species,abundance,166,plot:166:10903:583,6,,2016,TRUE,TRUE,ready_for_build
556,GAZP_11,GAZP,11_5,2016,78,11001,112,Ely_ely,native,2,species,abundance,166,plot:166:11001:112,6,,2016,TRUE,TRUE,ready_for_build
557,GAZP_11,GAZP,11_5,2016,78,11002,421,Ely_ely,native,5,species,abundance,166,plot:166:11002:421,6,,2016,TRUE,TRUE,ready_for_build
558,GAZP_11,GAZP,11_5,2016,78,11003,143,Ely_ely,native,0,species,abundance,166,plot:166:11003:143,6,,2016,TRUE,TRUE,ready_for_build
559,GAZP_11,GAZP,11_6,2016,78,11301,582,Ely_ely,native,6,species,abundance,166,plot:166:11301:582,6,,2016,TRUE,TRUE,ready_for_build
560,GAZP_11,GAZP,11_6,2016,78,11302,461,Ely_ely,native,4,species,abundance,166,plot:166:11302:461,6,,2016,TRUE,TRUE,ready_for_build
561,GAZP_11,GAZP,11_6,2016,78,11303,143,Ely_ely,native,0,species,abundance,166,plot:166:11303:143,6,,2016,TRUE,TRUE,ready_for_build
562,GAZP_11,GAZP,11_6,2016,78,11401,462,Ely_ely,native,3,species,abundance,166,plot:166:11401:462,6,,2016,TRUE,TRUE,ready_for_build
563,GAZP_11,GAZP,11_6,2016,78,11402,21,Ely_ely,native,0,species,abundance,166,plot:166:11402:21,6,,2016,TRUE,TRUE,ready_for_build
564,GAZP_11,GAZP,11_6,2016,78,11403,503,Ely_ely,native,0,species,abundance,166,plot:166:11403:503,6,,2016,TRUE,TRUE,ready_for_build
565,GAZP_11,GAZP,11_7,2016,78,10904,22,Ely_ely,native,1,species,abundance,166,plot:166:10904:22,6,,2016,TRUE,TRUE,ready_for_build
566,GAZP_11,GAZP,11_7,2016,78,10905,61,Ely_ely,native,0,species,abundance,166,plot:166:10905:61,6,,2016,TRUE,TRUE,ready_for_build
567,GAZP_11,GAZP,11_7,2016,78,10906,173,Ely_ely,native,10,species,abundance,166,plot:166:10906:173,6,,2016,TRUE,TRUE,ready_for_build
568,GAZP_11,GAZP,11_7,2016,78,11004,502,Ely_ely,native,0,species,abundance,166,plot:166:11004:502,6,,2016,TRUE,TRUE,ready_for_build
569,GAZP_11,GAZP,11_7,2016,78,11005,61,Ely_ely,native,5,species,abundance,166,plot:166:11005:61,6,,2016,TRUE,TRUE,ready_for_build
570,GAZP_11,GAZP,11_7,2016,78,11006,23,Ely_ely,native,2,species,abundance,166,plot:166:11006:23,6,,2016,TRUE,TRUE,ready_for_build
571,GAZP_11,GAZP,11_8,2016,78,11304,502,Ely_ely,native,14,species,abundance,166,plot:166:11304:502,6,,2016,TRUE,TRUE,ready_for_build
572,GAZP_11,GAZP,11_8,2016,78,11305,541,Ely_ely,native,1,species,abundance,166,plot:166:11305:541,6,,2016,TRUE,TRUE,ready_for_build
573,GAZP_11,GAZP,11_8,2016,78,11306,563,Ely_ely,native,1,species,abundance,166,plot:166:11306:563,6,,2016,TRUE,TRUE,ready_for_build
574,GAZP_11,GAZP,11_8,2016,78,11404,142,Ely_ely,native,0,species,abundance,166,plot:166:11404:142,6,,2016,TRUE,TRUE,ready_for_build
575,GAZP_11,GAZP,11_8,2016,78,11405,581,Ely_ely,native,0,species,abundance,166,plot:166:11405:581,6,,2016,TRUE,TRUE,ready_for_build
576,GAZP_11,GAZP,11_8,2016,78,11406,543,Ely_ely,native,2,species,abundance,166,plot:166:11406:543,6,,2016,TRUE,TRUE,ready_for_build
577,GAZP_11,GAZP,11_9,2016,78,10901,142,Ely_tra,native,24,species,abundance,166,plot:166:10901:142,6,,2016,TRUE,TRUE,ready_for_build
578,GAZP_11,GAZP,11_9,2016,78,10902,21,Ely_tra,native,11,species,abundance,166,plot:166:10902:21,6,,2016,TRUE,TRUE,ready_for_build
579,GAZP_11,GAZP,11_9,2016,78,10903,423,Ely_tra,native,4,species,abundance,166,plot:166:10903:423,6,,2016,TRUE,TRUE,ready_for_build
580,GAZP_11,GAZP,11_9,2016,78,11001,62,Ely_tra,native,3,species,abundance,166,plot:166:11001:62,6,,2016,TRUE,TRUE,ready_for_build
581,GAZP_11,GAZP,11_9,2016,78,11002,581,Ely_tra,native,4,species,abundance,166,plot:166:11002:581,6,,2016,TRUE,TRUE,ready_for_build
582,GAZP_11,GAZP,11_9,2016,78,11003,103,Ely_tra,native,0,species,abundance,166,plot:166:11003:103,6,,2016,TRUE,TRUE,ready_for_build
583,GAZP_11,GAZP,11_10,2016,78,11301,462,Ely_tra,native,8,species,abundance,166,plot:166:11301:462,6,,2016,TRUE,TRUE,ready_for_build
584,GAZP_11,GAZP,11_10,2016,78,11302,581,Ely_tra,native,21,species,abundance,166,plot:166:11302:581,6,,2016,TRUE,TRUE,ready_for_build
585,GAZP_11,GAZP,11_10,2016,78,11303,23,Ely_tra,native,0,species,abundance,166,plot:166:11303:23,6,,2016,TRUE,TRUE,ready_for_build
586,GAZP_11,GAZP,11_10,2016,78,11401,582,Ely_tra,native,9,species,abundance,166,plot:166:11401:582,6,,2016,TRUE,TRUE,ready_for_build
587,GAZP_11,GAZP,11_10,2016,78,11402,141,Ely_tra,native,23,species,abundance,166,plot:166:11402:141,6,,2016,TRUE,TRUE,ready_for_build
588,GAZP_11,GAZP,11_10,2016,78,11403,423,Ely_tra,native,3,species,abundance,166,plot:166:11403:423,6,,2016,TRUE,TRUE,ready_for_build
589,GAZP_11,GAZP,11_11,2016,78,10904,62,Ely_tra,native,14,species,abundance,166,plot:166:10904:62,6,,2016,TRUE,TRUE,ready_for_build
590,GAZP_11,GAZP,11_11,2016,78,10905,141,Ely_tra,native,12,species,abundance,166,plot:166:10905:141,6,,2016,TRUE,TRUE,ready_for_build
591,GAZP_11,GAZP,11_11,2016,78,10906,133,Ely_tra,native,0,species,abundance,166,plot:166:10906:133,6,,2016,TRUE,TRUE,ready_for_build
592,GAZP_11,GAZP,11_11,2016,78,11004,422,Ely_tra,native,11,species,abundance,166,plot:166:11004:422,6,,2016,TRUE,TRUE,ready_for_build
593,GAZP_11,GAZP,11_11,2016,78,11005,141,Ely_tra,native,9,species,abundance,166,plot:166:11005:141,6,,2016,TRUE,TRUE,ready_for_build
594,GAZP_11,GAZP,11_11,2016,78,11006,63,Ely_tra,native,7,species,abundance,166,plot:166:11006:63,6,,2016,TRUE,TRUE,ready_for_build
595,GAZP_11,GAZP,11_12,2016,78,11304,542,Ely_tra,native,4,species,abundance,166,plot:166:11304:542,6,,2016,TRUE,TRUE,ready_for_build
596,GAZP_11,GAZP,11_12,2016,78,11305,501,Ely_tra,native,3,species,abundance,166,plot:166:11305:501,6,,2016,TRUE,TRUE,ready_for_build
597,GAZP_11,GAZP,11_12,2016,78,11306,483,Ely_tra,native,5,species,abundance,166,plot:166:11306:483,6,,2016,TRUE,TRUE,ready_for_build
598,GAZP_11,GAZP,11_12,2016,78,11404,62,Ely_tra,native,0,species,abundance,166,plot:166:11404:62,6,,2016,TRUE,TRUE,ready_for_build
599,GAZP_11,GAZP,11_12,2016,78,11405,541,Ely_tra,native,1,species,abundance,166,plot:166:11405:541,6,,2016,TRUE,TRUE,ready_for_build
600,GAZP_11,GAZP,11_12,2016,78,11406,463,Ely_tra,native,1,species,abundance,166,plot:166:11406:463,6,,2016,TRUE,TRUE,ready_for_build
601,GAZP_11,GAZP,11_13,2016,78,10901,22,Poa_fen,native,0,species,abundance,166,plot:166:10901:22,6,,2016,TRUE,TRUE,ready_for_build
602,GAZP_11,GAZP,11_13,2016,78,10902,181,Poa_fen,native,1,species,abundance,166,plot:166:10902:181,6,,2016,TRUE,TRUE,ready_for_build
603,GAZP_11,GAZP,11_13,2016,78,10903,543,Poa_fen,native,0,species,abundance,166,plot:166:10903:543,6,,2016,TRUE,TRUE,ready_for_build
604,GAZP_11,GAZP,11_13,2016,78,11001,152,Poa_fen,native,3,species,abundance,166,plot:166:11001:152,6,,2016,TRUE,TRUE,ready_for_build
605,GAZP_11,GAZP,11_13,2016,78,11002,461,Poa_fen,native,0,species,abundance,166,plot:166:11002:461,6,,2016,TRUE,TRUE,ready_for_build
606,GAZP_11,GAZP,11_13,2016,78,11003,23,Poa_fen,native,0,species,abundance,166,plot:166:11003:23,6,,2016,TRUE,TRUE,ready_for_build
607,GAZP_11,GAZP,11_14,2016,78,11301,502,Poa_fen,native,4,species,abundance,166,plot:166:11301:502,6,,2016,TRUE,TRUE,ready_for_build
608,GAZP_11,GAZP,11_14,2016,78,11302,421,Poa_fen,native,9,species,abundance,166,plot:166:11302:421,6,,2016,TRUE,TRUE,ready_for_build
609,GAZP_11,GAZP,11_14,2016,78,11303,63,Poa_fen,native,0,species,abundance,166,plot:166:11303:63,6,,2016,TRUE,TRUE,ready_for_build
610,GAZP_11,GAZP,11_14,2016,78,11401,502,Poa_fen,native,1,species,abundance,166,plot:166:11401:502,6,,2016,TRUE,TRUE,ready_for_build
611,GAZP_11,GAZP,11_14,2016,78,11402,101,Poa_fen,native,7,species,abundance,166,plot:166:11402:101,6,,2016,TRUE,TRUE,ready_for_build
612,GAZP_11,GAZP,11_14,2016,78,11403,463,Poa_fen,native,0,species,abundance,166,plot:166:11403:463,6,,2016,TRUE,TRUE,ready_for_build
613,GAZP_11,GAZP,11_15,2016,78,10904,102,Poa_fen,native,18,species,abundance,166,plot:166:10904:102,6,,2016,TRUE,TRUE,ready_for_build
614,GAZP_11,GAZP,11_15,2016,78,10905,181,Poa_fen,native,0,species,abundance,166,plot:166:10905:181,6,,2016,TRUE,TRUE,ready_for_build
615,GAZP_11,GAZP,11_15,2016,78,10906,103,Poa_fen,native,0,species,abundance,166,plot:166:10906:103,6,,2016,TRUE,TRUE,ready_for_build
616,GAZP_11,GAZP,11_15,2016,78,11004,542,Poa_fen,native,0,species,abundance,166,plot:166:11004:542,6,,2016,TRUE,TRUE,ready_for_build
617,GAZP_11,GAZP,11_15,2016,78,11005,21,Poa_fen,native,2,species,abundance,166,plot:166:11005:21,6,,2016,TRUE,TRUE,ready_for_build
618,GAZP_11,GAZP,11_15,2016,78,11006,103,Poa_fen,native,1,species,abundance,166,plot:166:11006:103,6,,2016,TRUE,TRUE,ready_for_build
619,GAZP_11,GAZP,11_16,2016,78,11304,462,Poa_fen,native,0,species,abundance,166,plot:166:11304:462,6,,2016,TRUE,TRUE,ready_for_build
620,GAZP_11,GAZP,11_16,2016,78,11305,421,Poa_fen,native,0,species,abundance,166,plot:166:11305:421,6,,2016,TRUE,TRUE,ready_for_build
621,GAZP_11,GAZP,11_16,2016,78,11306,523,Poa_fen,native,0,species,abundance,166,plot:166:11306:523,6,,2016,TRUE,TRUE,ready_for_build
622,GAZP_11,GAZP,11_16,2016,78,11404,102,Poa_fen,native,0,species,abundance,166,plot:166:11404:102,6,,2016,TRUE,TRUE,ready_for_build
623,GAZP_11,GAZP,11_16,2016,78,11405,461,Poa_fen,native,0,species,abundance,166,plot:166:11405:461,6,,2016,TRUE,TRUE,ready_for_build
624,GAZP_11,GAZP,11_16,2016,78,11406,583,Poa_fen,native,1,species,abundance,166,plot:166:11406:583,6,,2016,TRUE,TRUE,ready_for_build
625,GAZP_11,GAZP,11_17,2016,78,10901,62,Pse_rup,native,5,species,abundance,166,plot:166:10901:62,6,,2016,TRUE,TRUE,ready_for_build
626,GAZP_11,GAZP,11_17,2016,78,10902,101,Pse_rup,native,0,species,abundance,166,plot:166:10902:101,6,,2016,TRUE,TRUE,ready_for_build
627,GAZP_11,GAZP,11_17,2016,78,10903,503,Pse_rup,native,0,species,abundance,166,plot:166:10903:503,6,,2016,TRUE,TRUE,ready_for_build
628,GAZP_11,GAZP,11_17,2016,78,11001,182,Pse_rup,native,6,species,abundance,166,plot:166:11001:182,6,,2016,TRUE,TRUE,ready_for_build
629,GAZP_11,GAZP,11_17,2016,78,11002,541,Pse_rup,native,9,species,abundance,166,plot:166:11002:541,6,,2016,TRUE,TRUE,ready_for_build
630,GAZP_11,GAZP,11_17,2016,78,11003,183,Pse_rup,native,0,species,abundance,166,plot:166:11003:183,6,,2016,TRUE,TRUE,ready_for_build
631,GAZP_11,GAZP,11_18,2016,78,11301,422,Pse_rup,native,4,species,abundance,166,plot:166:11301:422,6,,2016,TRUE,TRUE,ready_for_build
632,GAZP_11,GAZP,11_18,2016,78,11302,501,Pse_rup,native,4,species,abundance,166,plot:166:11302:501,6,,2016,TRUE,TRUE,ready_for_build
633,GAZP_11,GAZP,11_18,2016,78,11303,183,Pse_rup,native,1,species,abundance,166,plot:166:11303:183,6,,2016,TRUE,TRUE,ready_for_build
634,GAZP_11,GAZP,11_18,2016,78,11401,542,Pse_rup,native,17,species,abundance,166,plot:166:11401:542,6,,2016,TRUE,TRUE,ready_for_build
635,GAZP_11,GAZP,11_18,2016,78,11402,181,Pse_rup,native,7,species,abundance,166,plot:166:11402:181,6,,2016,TRUE,TRUE,ready_for_build
636,GAZP_11,GAZP,11_18,2016,78,11403,543,Pse_rup,native,0,species,abundance,166,plot:166:11403:543,6,,2016,TRUE,TRUE,ready_for_build
637,GAZP_11,GAZP,11_19,2016,78,10904,142,Pse_rup,native,12,species,abundance,166,plot:166:10904:142,6,,2016,TRUE,TRUE,ready_for_build
638,GAZP_11,GAZP,11_19,2016,78,10905,101,Pse_rup,native,2,species,abundance,166,plot:166:10905:101,6,,2016,TRUE,TRUE,ready_for_build
639,GAZP_11,GAZP,11_19,2016,78,10906,63,Pse_rup,native,2,species,abundance,166,plot:166:10906:63,6,,2016,TRUE,TRUE,ready_for_build
640,GAZP_11,GAZP,11_19,2016,78,11004,582,Pse_rup,native,0,species,abundance,166,plot:166:11004:582,6,,2016,TRUE,TRUE,ready_for_build
641,GAZP_11,GAZP,11_19,2016,78,11005,181,Pse_rup,native,6,species,abundance,166,plot:166:11005:181,6,,2016,TRUE,TRUE,ready_for_build
642,GAZP_11,GAZP,11_19,2016,78,11006,173,Pse_rup,native,4,species,abundance,166,plot:166:11006:173,6,,2016,TRUE,TRUE,ready_for_build
643,GAZP_11,GAZP,11_20,2016,78,11304,422,Pse_rup,native,0,species,abundance,166,plot:166:11304:422,6,,2016,TRUE,TRUE,ready_for_build
644,GAZP_11,GAZP,11_20,2016,78,11305,581,Pse_rup,native,0,species,abundance,166,plot:166:11305:581,6,,2016,TRUE,TRUE,ready_for_build
645,GAZP_11,GAZP,11_20,2016,78,11306,413,Pse_rup,native,1,species,abundance,166,plot:166:11306:413,6,,2016,TRUE,TRUE,ready_for_build
646,GAZP_11,GAZP,11_20,2016,78,11404,182,Pse_rup,native,1,species,abundance,166,plot:166:11404:182,6,,2016,TRUE,TRUE,ready_for_build
647,GAZP_11,GAZP,11_20,2016,78,11405,501,Pse_rup,native,0,species,abundance,166,plot:166:11405:501,6,,2016,TRUE,TRUE,ready_for_build
648,GAZP_11,GAZP,11_20,2016,78,11406,503,Pse_rup,native,2,species,abundance,166,plot:166:11406:503,6,,2016,TRUE,TRUE,ready_for_build
649,GAZP_11,GAZP,11_21,2016,78,10901,182,Vul_mic,native,1,species,abundance,166,plot:166:10901:182,6,,2016,TRUE,TRUE,ready_for_build
650,GAZP_11,GAZP,11_21,2016,78,10902,141,Vul_mic,native,0,species,abundance,166,plot:166:10902:141,6,,2016,TRUE,TRUE,ready_for_build
651,GAZP_11,GAZP,11_21,2016,78,10903,463,Vul_mic,native,0,species,abundance,166,plot:166:10903:463,6,,2016,TRUE,TRUE,ready_for_build
652,GAZP_11,GAZP,11_21,2016,78,11001,22,Vul_mic,native,2,species,abundance,166,plot:166:11001:22,6,,2016,TRUE,TRUE,ready_for_build
653,GAZP_11,GAZP,11_21,2016,78,11002,501,Vul_mic,native,3,species,abundance,166,plot:166:11002:501,6,,2016,TRUE,TRUE,ready_for_build
654,GAZP_11,GAZP,11_21,2016,78,11003,63,Vul_mic,native,1,species,abundance,166,plot:166:11003:63,6,,2016,TRUE,TRUE,ready_for_build
655,GAZP_11,GAZP,11_22,2016,78,11301,542,Vul_mic,native,0,species,abundance,166,plot:166:11301:542,6,,2016,TRUE,TRUE,ready_for_build
656,GAZP_11,GAZP,11_22,2016,78,11302,541,Vul_mic,native,0,species,abundance,166,plot:166:11302:541,6,,2016,TRUE,TRUE,ready_for_build
657,GAZP_11,GAZP,11_22,2016,78,11303,103,Vul_mic,native,15,species,abundance,166,plot:166:11303:103,6,,2016,TRUE,TRUE,ready_for_build
658,GAZP_11,GAZP,11_22,2016,78,11401,422,Vul_mic,native,6,species,abundance,166,plot:166:11401:422,6,,2016,TRUE,TRUE,ready_for_build
659,GAZP_11,GAZP,11_22,2016,78,11402,61,Vul_mic,native,0,species,abundance,166,plot:166:11402:61,6,,2016,TRUE,TRUE,ready_for_build
660,GAZP_11,GAZP,11_22,2016,78,11403,583,Vul_mic,native,2,species,abundance,166,plot:166:11403:583,6,,2016,TRUE,TRUE,ready_for_build
661,GAZP_11,GAZP,11_23,2016,78,10904,182,Vul_mic,native,0,species,abundance,166,plot:166:10904:182,6,,2016,TRUE,TRUE,ready_for_build
662,GAZP_11,GAZP,11_23,2016,78,10905,21,Vul_mic,native,0,species,abundance,166,plot:166:10905:21,6,,2016,TRUE,TRUE,ready_for_build
663,GAZP_11,GAZP,11_23,2016,78,10906,23,Vul_mic,native,1,species,abundance,166,plot:166:10906:23,6,,2016,TRUE,TRUE,ready_for_build
664,GAZP_11,GAZP,11_23,2016,78,11004,462,Vul_mic,native,0,species,abundance,166,plot:166:11004:462,6,,2016,TRUE,TRUE,ready_for_build
665,GAZP_11,GAZP,11_23,2016,78,11005,101,Vul_mic,native,0,species,abundance,166,plot:166:11005:101,6,,2016,TRUE,TRUE,ready_for_build
666,GAZP_11,GAZP,11_23,2016,78,11006,133,Vul_mic,native,0,species,abundance,166,plot:166:11006:133,6,,2016,TRUE,TRUE,ready_for_build
667,GAZP_11,GAZP,11_24,2016,78,11304,582,Vul_mic,native,0,species,abundance,166,plot:166:11304:582,6,,2016,TRUE,TRUE,ready_for_build
668,GAZP_11,GAZP,11_24,2016,78,11305,461,Vul_mic,native,6,species,abundance,166,plot:166:11305:461,6,,2016,TRUE,TRUE,ready_for_build
669,GAZP_11,GAZP,11_24,2016,78,11306,453,Vul_mic,native,3,species,abundance,166,plot:166:11306:453,6,,2016,TRUE,TRUE,ready_for_build
670,GAZP_11,GAZP,11_24,2016,78,11404,22,Vul_mic,native,1,species,abundance,166,plot:166:11404:22,6,,2016,TRUE,TRUE,ready_for_build
671,GAZP_11,GAZP,11_24,2016,78,11405,421,Vul_mic,native,2,species,abundance,166,plot:166:11405:421,6,,2016,TRUE,TRUE,ready_for_build
672,GAZP_11,GAZP,11_24,2016,78,11406,423,Vul_mic,native,1,species,abundance,166,plot:166:11406:423,6,,2016,TRUE,TRUE,ready_for_build
673,GAZP_11,GAZP,11_25,2016,78,20025,1,L_Pgrass,native,19,species,abundance,166,plot:166:20025:1,6,,2016,TRUE,TRUE,ready_for_build
674,GAZP_11,GAZP,11_25,2016,78,20025,2,L_Pgrass,native,0,species,abundance,166,plot:166:20025:2,6,,2016,TRUE,TRUE,ready_for_build
675,GAZP_11,GAZP,11_25,2016,78,20025,3,L_Pgrass,native,0,species,abundance,166,plot:166:20025:3,6,,2016,TRUE,TRUE,ready_for_build
676,GAZP_11,GAZP,11_25,2016,78,20025,4,L_Pgrass,native,0,species,abundance,166,plot:166:20025:4,6,,2016,TRUE,TRUE,ready_for_build
677,GAZP_11,GAZP,11_25,2016,78,20025,5,L_Pgrass,native,0,species,abundance,166,plot:166:20025:5,6,,2016,TRUE,TRUE,ready_for_build
678,GAZP_11,GAZP,11_25,2016,78,20025,6,L_Pgrass,native,0,species,abundance,166,plot:166:20025:6,6,,2016,TRUE,TRUE,ready_for_build
679,GAZP_11,GAZP,11_25,2016,78,20025,7,L_Pgrass,native,0,species,abundance,166,plot:166:20025:7,6,,2016,TRUE,TRUE,ready_for_build
680,GAZP_11,GAZP,11_25,2016,78,20025,8,L_Pgrass,native,0,species,abundance,166,plot:166:20025:8,6,,2016,TRUE,TRUE,ready_for_build
681,GAZP_11,GAZP,11_25,2016,78,20025,9,L_Pgrass,native,0,species,abundance,166,plot:166:20025:9,6,,2016,TRUE,TRUE,ready_for_build
682,GAZP_11,GAZP,11_25,2016,78,20025,10,L_Pgrass,native,0,species,abundance,166,plot:166:20025:10,6,,2016,TRUE,TRUE,ready_for_build
683,GAZP_11,GAZP,11_25,2016,78,20025,11,L_Pgrass,native,0,species,abundance,166,plot:166:20025:11,6,,2016,TRUE,TRUE,ready_for_build
684,GAZP_11,GAZP,11_25,2016,78,20025,12,L_Pgrass,native,0,species,abundance,166,plot:166:20025:12,6,,2016,TRUE,TRUE,ready_for_build
685,GAZP_11,GAZP,11_25,2016,78,20025,13,L_Pgrass,native,0,species,abundance,166,plot:166:20025:13,6,,2016,TRUE,TRUE,ready_for_build
686,GAZP_11,GAZP,11_25,2016,78,20025,14,L_Pgrass,native,0,species,abundance,166,plot:166:20025:14,6,,2016,TRUE,TRUE,ready_for_build
687,GAZP_11,GAZP,11_25,2016,78,20025,15,L_Pgrass,native,0,species,abundance,166,plot:166:20025:15,6,,2016,TRUE,TRUE,ready_for_build
688,GAZP_11,GAZP,11_25,2016,78,20025,16,L_Pgrass,native,0,species,abundance,166,plot:166:20025:16,6,,2016,TRUE,TRUE,ready_for_build
689,GAZP_11,GAZP,11_25,2016,78,20025,17,L_Pgrass,native,0,species,abundance,166,plot:166:20025:17,6,,2016,TRUE,TRUE,ready_for_build
690,GAZP_11,GAZP,11_25,2016,78,20025,18,L_Pgrass,native,0,species,abundance,166,plot:166:20025:18,6,,2016,TRUE,TRUE,ready_for_build
691,GAZP_11,GAZP,11_25,2016,78,20025,19,L_Pgrass,native,0,species,abundance,166,plot:166:20025:19,6,,2016,TRUE,TRUE,ready_for_build
692,GAZP_11,GAZP,11_25,2016,78,20025,20,L_Pgrass,native,0,species,abundance,166,plot:166:20025:20,6,,2016,TRUE,TRUE,ready_for_build
693,GAZP_11,GAZP,11_25,2016,78,20025,21,L_Pgrass,native,0,species,abundance,166,plot:166:20025:21,6,,2016,TRUE,TRUE,ready_for_build
694,GAZP_11,GAZP,11_25,2016,78,20025,22,L_Pgrass,native,0,species,abundance,166,plot:166:20025:22,6,,2016,TRUE,TRUE,ready_for_build
695,GAZP_11,GAZP,11_25,2016,78,20025,23,L_Pgrass,native,0,species,abundance,166,plot:166:20025:23,6,,2016,TRUE,TRUE,ready_for_build
696,GAZP_11,GAZP,11_25,2016,78,20025,24,L_Pgrass,native,0,species,abundance,166,plot:166:20025:24,6,,2016,TRUE,TRUE,ready_for_build
697,GAZP_11,GAZP,11_25,2016,78,20025,25,L_Pgrass,native,0,species,abundance,166,plot:166:20025:25,6,,2016,TRUE,TRUE,ready_for_build
698,GAZP_11,GAZP,11_25,2016,78,20025,26,L_Pgrass,native,0,species,abundance,166,plot:166:20025:26,6,,2016,TRUE,TRUE,ready_for_build
699,GAZP_11,GAZP,11_25,2016,78,20025,27,L_Pgrass,native,0,species,abundance,166,plot:166:20025:27,6,,2016,TRUE,TRUE,ready_for_build
700,GAZP_11,GAZP,11_25,2016,78,20025,28,L_Pgrass,native,0,species,abundance,166,plot:166:20025:28,6,,2016,TRUE,TRUE,ready_for_build
701,GAZP_11,GAZP,11_25,2016,78,20025,29,L_Pgrass,native,0,species,abundance,166,plot:166:20025:29,6,,2016,TRUE,TRUE,ready_for_build
702,GAZP_11,GAZP,11_25,2016,78,20025,30,L_Pgrass,native,0,species,abundance,166,plot:166:20025:30,6,,2016,TRUE,TRUE,ready_for_build
703,GAZP_11,GAZP,11_25,2016,78,20025,31,L_Pgrass,native,0,species,abundance,166,plot:166:20025:31,6,,2016,TRUE,TRUE,ready_for_build
704,GAZP_11,GAZP,11_25,2016,78,20025,32,L_Pgrass,native,0,species,abundance,166,plot:166:20025:32,6,,2016,TRUE,TRUE,ready_for_build
705,GAZP_11,GAZP,11_25,2016,78,20025,33,L_Pgrass,native,0,species,abundance,166,plot:166:20025:33,6,,2016,TRUE,TRUE,ready_for_build
706,GAZP_11,GAZP,11_25,2016,78,20025,34,L_Pgrass,native,0,species,abundance,166,plot:166:20025:34,6,,2016,TRUE,TRUE,ready_for_build
707,GAZP_11,GAZP,11_25,2016,78,20025,35,L_Pgrass,native,0,species,abundance,166,plot:166:20025:35,6,,2016,TRUE,TRUE,ready_for_build
708,GAZP_11,GAZP,11_25,2016,78,20025,36,L_Pgrass,native,0,species,abundance,166,plot:166:20025:36,6,,2016,TRUE,TRUE,ready_for_build
709,GAZP_11,GAZP,11_25,2016,78,20025,37,L_Pgrass,native,0,species,abundance,166,plot:166:20025:37,6,,2016,TRUE,TRUE,ready_for_build
710,GAZP_11,GAZP,11_25,2016,78,20025,38,L_Pgrass,native,0,species,abundance,166,plot:166:20025:38,6,,2016,TRUE,TRUE,ready_for_build
711,GAZP_11,GAZP,11_25,2016,78,20025,39,L_Pgrass,native,0,species,abundance,166,plot:166:20025:39,6,,2016,TRUE,TRUE,ready_for_build
712,GAZP_11,GAZP,11_25,2016,78,20025,40,L_Pgrass,native,0,species,abundance,166,plot:166:20025:40,6,,2016,TRUE,TRUE,ready_for_build
713,GAZP_11,GAZP,11_25,2016,78,20025,41,L_Pgrass,native,0,species,abundance,166,plot:166:20025:41,6,,2016,TRUE,TRUE,ready_for_build
714,GAZP_11,GAZP,11_25,2016,78,20025,42,L_Pgrass,native,0,species,abundance,166,plot:166:20025:42,6,,2016,TRUE,TRUE,ready_for_build
715,GAZP_11,GAZP,11_25,2016,78,20025,43,L_Pgrass,native,0,species,abundance,166,plot:166:20025:43,6,,2016,TRUE,TRUE,ready_for_build
716,GAZP_11,GAZP,11_25,2016,78,20025,44,L_Pgrass,native,0,species,abundance,166,plot:166:20025:44,6,,2016,TRUE,TRUE,ready_for_build
717,GAZP_11,GAZP,11_25,2016,78,20025,45,L_Pgrass,native,0,species,abundance,166,plot:166:20025:45,6,,2016,TRUE,TRUE,ready_for_build
718,GAZP_11,GAZP,11_25,2016,78,20025,46,L_Pgrass,native,0,species,abundance,166,plot:166:20025:46,6,,2016,TRUE,TRUE,ready_for_build
719,GAZP_11,GAZP,11_25,2016,78,20025,47,L_Pgrass,native,0,species,abundance,166,plot:166:20025:47,6,,2016,TRUE,TRUE,ready_for_build
720,GAZP_11,GAZP,11_25,2016,78,20025,48,L_Pgrass,native,0,species,abundance,166,plot:166:20025:48,6,,2016,TRUE,TRUE,ready_for_build
721,GAZP_11,GAZP,11_25,2016,78,20025,49,L_Pgrass,native,0,species,abundance,166,plot:166:20025:49,6,,2016,TRUE,TRUE,ready_for_build
722,GAZP_11,GAZP,11_25,2016,78,20025,50,L_Pgrass,native,0,species,abundance,166,plot:166:20025:50,6,,2016,TRUE,TRUE,ready_for_build
723,GAZP_11,GAZP,11_25,2016,78,20025,51,L_Pgrass,native,0,species,abundance,166,plot:166:20025:51,6,,2016,TRUE,TRUE,ready_for_build
724,GAZP_11,GAZP,11_25,2016,78,20025,52,L_Pgrass,native,0,species,abundance,166,plot:166:20025:52,6,,2016,TRUE,TRUE,ready_for_build
725,GAZP_11,GAZP,11_25,2016,78,20025,53,L_Pgrass,native,0,species,abundance,166,plot:166:20025:53,6,,2016,TRUE,TRUE,ready_for_build
726,GAZP_11,GAZP,11_25,2016,78,20025,54,L_Pgrass,native,0,species,abundance,166,plot:166:20025:54,6,,2016,TRUE,TRUE,ready_for_build
727,GAZP_11,GAZP,11_25,2016,78,20025,55,L_Pgrass,native,0,species,abundance,166,plot:166:20025:55,6,,2016,TRUE,TRUE,ready_for_build
728,GAZP_11,GAZP,11_25,2016,78,20025,56,L_Pgrass,native,0,species,abundance,166,plot:166:20025:56,6,,2016,TRUE,TRUE,ready_for_build
729,GAZP_11,GAZP,11_25,2016,78,20025,57,L_Pgrass,native,0,species,abundance,166,plot:166:20025:57,6,,2016,TRUE,TRUE,ready_for_build
730,GAZP_11,GAZP,11_25,2016,78,20025,58,L_Pgrass,native,0,species,abundance,166,plot:166:20025:58,6,,2016,TRUE,TRUE,ready_for_build
731,GAZP_11,GAZP,11_25,2016,78,20025,59,L_Pgrass,native,0,species,abundance,166,plot:166:20025:59,6,,2016,TRUE,TRUE,ready_for_build
732,GAZP_11,GAZP,11_25,2016,78,20025,60,L_Pgrass,native,0,species,abundance,166,plot:166:20025:60,6,,2016,TRUE,TRUE,ready_for_build
733,GAZP_11,GAZP,11_25,2016,78,20025,61,L_Pgrass,native,0,species,abundance,166,plot:166:20025:61,6,,2016,TRUE,TRUE,ready_for_build
734,GAZP_11,GAZP,11_25,2016,78,20025,62,L_Pgrass,native,1,species,abundance,166,plot:166:20025:62,6,,2016,TRUE,TRUE,ready_for_build
735,GAZP_11,GAZP,11_25,2016,78,20025,63,L_Pgrass,native,1,species,abundance,166,plot:166:20025:63,6,,2016,TRUE,TRUE,ready_for_build
736,GAZP_11,GAZP,11_25,2016,78,20025,64,L_Pgrass,native,0,species,abundance,166,plot:166:20025:64,6,,2016,TRUE,TRUE,ready_for_build
737,GAZP_11,GAZP,11_25,2016,78,20025,65,L_Pgrass,native,3,species,abundance,166,plot:166:20025:65,6,,2016,TRUE,TRUE,ready_for_build
738,GAZP_11,GAZP,11_25,2016,78,20025,66,L_Pgrass,native,0,species,abundance,166,plot:166:20025:66,6,,2016,TRUE,TRUE,ready_for_build
739,GAZP_11,GAZP,11_25,2016,78,20025,67,L_Pgrass,native,5,species,abundance,166,plot:166:20025:67,6,,2016,TRUE,TRUE,ready_for_build
740,GAZP_11,GAZP,11_25,2016,78,20025,68,L_Pgrass,native,1,species,abundance,166,plot:166:20025:68,6,,2016,TRUE,TRUE,ready_for_build
741,GAZP_11,GAZP,11_25,2016,78,20025,69,L_Pgrass,native,0,species,abundance,166,plot:166:20025:69,6,,2016,TRUE,TRUE,ready_for_build
742,GAZP_11,GAZP,11_25,2016,78,20025,70,L_Pgrass,native,0,species,abundance,166,plot:166:20025:70,6,,2016,TRUE,TRUE,ready_for_build
743,GAZP_11,GAZP,11_25,2016,78,20025,71,L_Pgrass,native,0,species,abundance,166,plot:166:20025:71,6,,2016,TRUE,TRUE,ready_for_build
744,GAZP_11,GAZP,11_25,2016,78,20025,72,L_Pgrass,native,0,species,abundance,166,plot:166:20025:72,6,,2016,TRUE,TRUE,ready_for_build
745,GAZP_11,GAZP,11_25,2016,78,20025,73,L_Pgrass,native,0,species,abundance,166,plot:166:20025:73,6,,2016,TRUE,TRUE,ready_for_build
746,GAZP_11,GAZP,11_25,2016,78,20025,74,L_Pgrass,native,0,species,abundance,166,plot:166:20025:74,6,,2016,TRUE,TRUE,ready_for_build
747,GAZP_11,GAZP,11_25,2016,78,20025,75,L_Pgrass,native,0,species,abundance,166,plot:166:20025:75,6,,2016,TRUE,TRUE,ready_for_build
748,GAZP_11,GAZP,11_25,2016,78,20025,76,L_Pgrass,native,0,species,abundance,166,plot:166:20025:76,6,,2016,TRUE,TRUE,ready_for_build
749,GAZP_11,GAZP,11_25,2016,78,20025,77,L_Pgrass,native,0,species,abundance,166,plot:166:20025:77,6,,2016,TRUE,TRUE,ready_for_build
750,GAZP_11,GAZP,11_25,2016,78,20025,78,L_Pgrass,native,0,species,abundance,166,plot:166:20025:78,6,,2016,TRUE,TRUE,ready_for_build
751,GAZP_11,GAZP,11_25,2016,78,20025,79,L_Pgrass,native,0,species,abundance,166,plot:166:20025:79,6,,2016,TRUE,TRUE,ready_for_build
752,GAZP_11,GAZP,11_25,2016,78,20025,80,L_Pgrass,native,0,species,abundance,166,plot:166:20025:80,6,,2016,TRUE,TRUE,ready_for_build
753,GAZP_11,GAZP,11_25,2016,78,20025,81,L_Pgrass,native,0,species,abundance,166,plot:166:20025:81,6,,2016,TRUE,TRUE,ready_for_build
754,GAZP_11,GAZP,11_25,2016,78,20025,82,L_Pgrass,native,0,species,abundance,166,plot:166:20025:82,6,,2016,TRUE,TRUE,ready_for_build
755,GAZP_11,GAZP,11_25,2016,78,20025,83,L_Pgrass,native,0,species,abundance,166,plot:166:20025:83,6,,2016,TRUE,TRUE,ready_for_build
756,GAZP_11,GAZP,11_25,2016,78,20025,84,L_Pgrass,native,0,species,abundance,166,plot:166:20025:84,6,,2016,TRUE,TRUE,ready_for_build
757,GAZP_11,GAZP,11_25,2016,78,20025,85,L_Pgrass,native,0,species,abundance,166,plot:166:20025:85,6,,2016,TRUE,TRUE,ready_for_build
758,GAZP_11,GAZP,11_25,2016,78,20025,86,L_Pgrass,native,0,species,abundance,166,plot:166:20025:86,6,,2016,TRUE,TRUE,ready_for_build
759,GAZP_11,GAZP,11_25,2016,78,20025,87,L_Pgrass,native,0,species,abundance,166,plot:166:20025:87,6,,2016,TRUE,TRUE,ready_for_build
760,GAZP_11,GAZP,11_25,2016,78,20025,88,L_Pgrass,native,0,species,abundance,166,plot:166:20025:88,6,,2016,TRUE,TRUE,ready_for_build
761,GAZP_11,GAZP,11_25,2016,78,20025,89,L_Pgrass,native,0,species,abundance,166,plot:166:20025:89,6,,2016,TRUE,TRUE,ready_for_build
762,GAZP_11,GAZP,11_25,2016,78,20025,90,L_Pgrass,native,0,species,abundance,166,plot:166:20025:90,6,,2016,TRUE,TRUE,ready_for_build
763,GAZP_11,GAZP,11_25,2016,78,20025,91,L_Pgrass,native,0,species,abundance,166,plot:166:20025:91,6,,2016,TRUE,TRUE,ready_for_build
764,GAZP_11,GAZP,11_25,2016,78,20025,92,L_Pgrass,native,0,species,abundance,166,plot:166:20025:92,6,,2016,TRUE,TRUE,ready_for_build
765,GAZP_11,GAZP,11_25,2016,78,20025,93,L_Pgrass,native,0,species,abundance,166,plot:166:20025:93,6,,2016,TRUE,TRUE,ready_for_build
766,GAZP_11,GAZP,11_25,2016,78,20025,94,L_Pgrass,native,0,species,abundance,166,plot:166:20025:94,6,,2016,TRUE,TRUE,ready_for_build
767,GAZP_11,GAZP,11_25,2016,78,20025,95,L_Pgrass,native,0,species,abundance,166,plot:166:20025:95,6,,2016,TRUE,TRUE,ready_for_build
768,GAZP_11,GAZP,11_25,2016,78,20025,96,L_Pgrass,native,0,species,abundance,166,plot:166:20025:96,6,,2016,TRUE,TRUE,ready_for_build
769,GAZP_11,GAZP,11_25,2016,78,20025,97,L_Pgrass,native,0,species,abundance,166,plot:166:20025:97,6,,2016,TRUE,TRUE,ready_for_build
770,GAZP_11,GAZP,11_25,2016,78,20025,98,L_Pgrass,native,0,species,abundance,166,plot:166:20025:98,6,,2016,TRUE,TRUE,ready_for_build
771,GAZP_11,GAZP,11_25,2016,78,20025,99,L_Pgrass,native,0,species,abundance,166,plot:166:20025:99,6,,2016,TRUE,TRUE,ready_for_build
772,GAZP_11,GAZP,11_25,2016,78,20025,100,L_Pgrass,native,0,species,abundance,166,plot:166:20025:100,6,,2016,TRUE,TRUE,ready_for_build
773,GAZP_11,GAZP,11_25,2016,78,20025,101,L_Pgrass,native,0,species,abundance,166,plot:166:20025:101,6,,2016,TRUE,TRUE,ready_for_build
774,GAZP_11,GAZP,11_25,2016,78,20025,102,L_Pgrass,native,0,species,abundance,166,plot:166:20025:102,6,,2016,TRUE,TRUE,ready_for_build
775,GAZP_11,GAZP,11_25,2016,78,20025,103,L_Pgrass,native,0,species,abundance,166,plot:166:20025:103,6,,2016,TRUE,TRUE,ready_for_build
776,GAZP_11,GAZP,11_25,2016,78,20025,104,L_Pgrass,native,0,species,abundance,166,plot:166:20025:104,6,,2016,TRUE,TRUE,ready_for_build
777,GAZP_11,GAZP,11_25,2016,78,20025,105,L_Pgrass,native,0,species,abundance,166,plot:166:20025:105,6,,2016,TRUE,TRUE,ready_for_build
778,GAZP_11,GAZP,11_25,2016,78,20025,106,L_Pgrass,native,0,species,abundance,166,plot:166:20025:106,6,,2016,TRUE,TRUE,ready_for_build
779,GAZP_11,GAZP,11_25,2016,78,20025,107,L_Pgrass,native,0,species,abundance,166,plot:166:20025:107,6,,2016,TRUE,TRUE,ready_for_build
780,GAZP_11,GAZP,11_25,2016,78,20025,108,L_Pgrass,native,0,species,abundance,166,plot:166:20025:108,6,,2016,TRUE,TRUE,ready_for_build
781,GAZP_11,GAZP,11_25,2016,78,20025,109,L_Pgrass,native,0,species,abundance,166,plot:166:20025:109,6,,2016,TRUE,TRUE,ready_for_build
782,GAZP_11,GAZP,11_25,2016,78,20025,110,L_Pgrass,native,0,species,abundance,166,plot:166:20025:110,6,,2016,TRUE,TRUE,ready_for_build
783,GAZP_11,GAZP,11_25,2016,78,20025,111,L_Pgrass,native,0,species,abundance,166,plot:166:20025:111,6,,2016,TRUE,TRUE,ready_for_build
784,GAZP_11,GAZP,11_25,2016,78,20025,112,L_Pgrass,native,0,species,abundance,166,plot:166:20025:112,6,,2016,TRUE,TRUE,ready_for_build
785,GAZP_11,GAZP,11_25,2016,78,20025,113,L_Pgrass,native,12,species,abundance,166,plot:166:20025:113,6,,2016,TRUE,TRUE,ready_for_build
786,GAZP_11,GAZP,11_25,2016,78,20025,114,L_Pgrass,native,16,species,abundance,166,plot:166:20025:114,6,,2016,TRUE,TRUE,ready_for_build
787,GAZP_11,GAZP,11_25,2016,78,20025,115,L_Pgrass,native,0,species,abundance,166,plot:166:20025:115,6,,2016,TRUE,TRUE,ready_for_build
788,GAZP_11,GAZP,11_25,2016,78,20025,116,L_Pgrass,native,0,species,abundance,166,plot:166:20025:116,6,,2016,TRUE,TRUE,ready_for_build
789,GAZP_11,GAZP,11_25,2016,78,20025,117,L_Pgrass,native,0,species,abundance,166,plot:166:20025:117,6,,2016,TRUE,TRUE,ready_for_build
790,GAZP_11,GAZP,11_25,2016,78,20025,118,L_Pgrass,native,0,species,abundance,166,plot:166:20025:118,6,,2016,TRUE,TRUE,ready_for_build
791,GAZP_11,GAZP,11_25,2016,78,20025,119,L_Pgrass,native,0,species,abundance,166,plot:166:20025:119,6,,2016,TRUE,TRUE,ready_for_build
792,GAZP_11,GAZP,11_25,2016,78,20025,120,L_Pgrass,native,0,species,abundance,166,plot:166:20025:120,6,,2016,TRUE,TRUE,ready_for_build
793,GAZP_11,GAZP,11_25,2016,78,20025,121,L_Pgrass,native,0,species,abundance,166,plot:166:20025:121,6,,2016,TRUE,TRUE,ready_for_build
794,GAZP_11,GAZP,11_25,2016,78,20025,122,L_Pgrass,native,0,species,abundance,166,plot:166:20025:122,6,,2016,TRUE,TRUE,ready_for_build
795,GAZP_11,GAZP,11_25,2016,78,20025,123,L_Pgrass,native,0,species,abundance,166,plot:166:20025:123,6,,2016,TRUE,TRUE,ready_for_build
796,GAZP_11,GAZP,11_25,2016,78,20025,124,L_Pgrass,native,0,species,abundance,166,plot:166:20025:124,6,,2016,TRUE,TRUE,ready_for_build
797,GAZP_11,GAZP,11_25,2016,78,20025,125,L_Pgrass,native,0,species,abundance,166,plot:166:20025:125,6,,2016,TRUE,TRUE,ready_for_build
798,GAZP_11,GAZP,11_25,2016,78,20025,126,L_Pgrass,native,0,species,abundance,166,plot:166:20025:126,6,,2016,TRUE,TRUE,ready_for_build
799,GAZP_11,GAZP,11_25,2016,78,20025,127,L_Pgrass,native,0,species,abundance,166,plot:166:20025:127,6,,2016,TRUE,TRUE,ready_for_build
800,GAZP_11,GAZP,11_25,2016,78,20025,128,L_Pgrass,native,0,species,abundance,166,plot:166:20025:128,6,,2016,TRUE,TRUE,ready_for_build
801,GAZP_11,GAZP,11_25,2016,78,20025,129,L_Pgrass,native,0,species,abundance,166,plot:166:20025:129,6,,2016,TRUE,TRUE,ready_for_build
802,GAZP_11,GAZP,11_25,2016,78,20025,130,L_Pgrass,native,0,species,abundance,166,plot:166:20025:130,6,,2016,TRUE,TRUE,ready_for_build
803,GAZP_11,GAZP,11_25,2016,78,20025,131,L_Pgrass,native,0,species,abundance,166,plot:166:20025:131,6,,2016,TRUE,TRUE,ready_for_build
804,GAZP_11,GAZP,11_25,2016,78,20025,132,L_Pgrass,native,1,species,abundance,166,plot:166:20025:132,6,,2016,TRUE,TRUE,ready_for_build
805,GAZP_11,GAZP,11_25,2016,78,20025,133,L_Pgrass,native,0,species,abundance,166,plot:166:20025:133,6,,2016,TRUE,TRUE,ready_for_build
806,GAZP_11,GAZP,11_25,2016,78,20025,134,L_Pgrass,native,0,species,abundance,166,plot:166:20025:134,6,,2016,TRUE,TRUE,ready_for_build
807,GAZP_11,GAZP,11_25,2016,78,20025,135,L_Pgrass,native,0,species,abundance,166,plot:166:20025:135,6,,2016,TRUE,TRUE,ready_for_build
808,GAZP_11,GAZP,11_25,2016,78,20025,136,L_Pgrass,native,0,species,abundance,166,plot:166:20025:136,6,,2016,TRUE,TRUE,ready_for_build
809,GAZP_11,GAZP,11_26,2016,78,10301,73,L_Pgrass,native,7,species,abundance,166,plot:166:10301:73,6,,2016,TRUE,TRUE,ready_for_build
810,GAZP_11,GAZP,11_26,2016,78,10301,163,L_Pgrass,native,7,species,abundance,166,plot:166:10301:163,6,,2016,TRUE,TRUE,ready_for_build
811,GAZP_11,GAZP,11_26,2016,78,10307,102,L_Pgrass,native,5,species,abundance,166,plot:166:10307:102,6,,2016,TRUE,TRUE,ready_for_build
812,GAZP_11,GAZP,11_26,2016,78,10307,142,L_Pgrass,native,1,species,abundance,166,plot:166:10307:142,6,,2016,TRUE,TRUE,ready_for_build
813,GAZP_11,GAZP,11_26,2016,78,10308,461,L_Pgrass,native,6,species,abundance,166,plot:166:10308:461,6,,2016,TRUE,TRUE,ready_for_build
814,GAZP_11,GAZP,11_26,2016,78,10308,501,L_Pgrass,native,29,species,abundance,166,plot:166:10308:501,6,,2016,TRUE,TRUE,ready_for_build
815,GAZP_11,GAZP,11_26,2016,78,10308,541,L_Pgrass,native,14,species,abundance,166,plot:166:10308:541,6,,2016,TRUE,TRUE,ready_for_build
816,GAZP_11,GAZP,11_26,2016,78,10401,463,L_Pgrass,native,1,species,abundance,166,plot:166:10401:463,6,,2016,TRUE,TRUE,ready_for_build
817,GAZP_11,GAZP,11_26,2016,78,10401,543,L_Pgrass,native,0,species,abundance,166,plot:166:10401:543,6,,2016,TRUE,TRUE,ready_for_build
818,GAZP_11,GAZP,11_26,2016,78,10407,102,L_Pgrass,native,8,species,abundance,166,plot:166:10407:102,6,,2016,TRUE,TRUE,ready_for_build
819,GAZP_11,GAZP,11_26,2016,78,10407,142,L_Pgrass,native,4,species,abundance,166,plot:166:10407:142,6,,2016,TRUE,TRUE,ready_for_build
820,GAZP_11,GAZP,11_26,2016,78,10408,61,L_Pgrass,native,26,species,abundance,166,plot:166:10408:61,6,,2016,TRUE,TRUE,ready_for_build
821,GAZP_11,GAZP,11_26,2016,78,10408,101,L_Pgrass,native,0,species,abundance,166,plot:166:10408:101,6,,2016,TRUE,TRUE,ready_for_build
822,GAZP_11,GAZP,11_26,2016,78,10408,141,L_Pgrass,native,13,species,abundance,166,plot:166:10408:141,6,,2016,TRUE,TRUE,ready_for_build
823,GAZP_11,GAZP,11_27,2016,78,10701,493,L_Pgrass,native,29,species,abundance,166,plot:166:10701:493,6,,2016,TRUE,TRUE,ready_for_build
824,GAZP_11,GAZP,11_27,2016,78,10701,573,L_Pgrass,native,6,species,abundance,166,plot:166:10701:573,6,,2016,TRUE,TRUE,ready_for_build
825,GAZP_11,GAZP,11_27,2016,78,10707,502,L_Pgrass,native,6,species,abundance,166,plot:166:10707:502,6,,2016,TRUE,TRUE,ready_for_build
826,GAZP_11,GAZP,11_27,2016,78,10707,542,L_Pgrass,native,29,species,abundance,166,plot:166:10707:542,6,,2016,TRUE,TRUE,ready_for_build
827,GAZP_11,GAZP,11_27,2016,78,10708,61,L_Pgrass,native,17,species,abundance,166,plot:166:10708:61,6,,2016,TRUE,TRUE,ready_for_build
828,GAZP_11,GAZP,11_27,2016,78,10708,101,L_Pgrass,native,2,species,abundance,166,plot:166:10708:101,6,,2016,TRUE,TRUE,ready_for_build
829,GAZP_11,GAZP,11_27,2016,78,10708,141,L_Pgrass,native,16,species,abundance,166,plot:166:10708:141,6,,2016,TRUE,TRUE,ready_for_build
830,GAZP_11,GAZP,11_27,2016,78,10801,63,L_Pgrass,native,6,species,abundance,166,plot:166:10801:63,6,,2016,TRUE,TRUE,ready_for_build
831,GAZP_11,GAZP,11_27,2016,78,10801,143,L_Pgrass,native,8,species,abundance,166,plot:166:10801:143,6,,2016,TRUE,TRUE,ready_for_build
832,GAZP_11,GAZP,11_27,2016,78,10807,502,L_Pgrass,native,9,species,abundance,166,plot:166:10807:502,6,,2016,TRUE,TRUE,ready_for_build
833,GAZP_11,GAZP,11_27,2016,78,10807,542,L_Pgrass,native,17,species,abundance,166,plot:166:10807:542,6,,2016,TRUE,TRUE,ready_for_build
834,GAZP_11,GAZP,11_27,2016,78,10808,461,L_Pgrass,native,38,species,abundance,166,plot:166:10808:461,6,,2016,TRUE,TRUE,ready_for_build
835,GAZP_11,GAZP,11_27,2016,78,10808,501,L_Pgrass,native,27,species,abundance,166,plot:166:10808:501,6,,2016,TRUE,TRUE,ready_for_build
836,GAZP_11,GAZP,11_27,2016,78,10808,541,L_Pgrass,native,24,species,abundance,166,plot:166:10808:541,6,,2016,TRUE,TRUE,ready_for_build
837,GAZP_11,GAZP,11_28,2016,78,10310,63,L_Pgrass,native,4,species,abundance,166,plot:166:10310:63,6,,2016,TRUE,TRUE,ready_for_build
838,GAZP_11,GAZP,11_28,2016,78,10310,143,L_Pgrass,native,3,species,abundance,166,plot:166:10310:143,6,,2016,TRUE,TRUE,ready_for_build
839,GAZP_11,GAZP,11_28,2016,78,10316,102,L_Pgrass,native,4,species,abundance,166,plot:166:10316:102,6,,2016,TRUE,TRUE,ready_for_build
840,GAZP_11,GAZP,11_28,2016,78,10316,142,L_Pgrass,native,1,species,abundance,166,plot:166:10316:142,6,,2016,TRUE,TRUE,ready_for_build
841,GAZP_11,GAZP,11_28,2016,78,10317,461,L_Pgrass,native,1,species,abundance,166,plot:166:10317:461,6,,2016,TRUE,TRUE,ready_for_build
842,GAZP_11,GAZP,11_28,2016,78,10317,501,L_Pgrass,native,2,species,abundance,166,plot:166:10317:501,6,,2016,TRUE,TRUE,ready_for_build
843,GAZP_11,GAZP,11_28,2016,78,10317,541,L_Pgrass,native,5,species,abundance,166,plot:166:10317:541,6,,2016,TRUE,TRUE,ready_for_build
844,GAZP_11,GAZP,11_28,2016,78,10410,63,L_Pgrass,native,3,species,abundance,166,plot:166:10410:63,6,,2016,TRUE,TRUE,ready_for_build
845,GAZP_11,GAZP,11_28,2016,78,10410,143,L_Pgrass,native,3,species,abundance,166,plot:166:10410:143,6,,2016,TRUE,TRUE,ready_for_build
846,GAZP_11,GAZP,11_28,2016,78,10416,502,L_Pgrass,native,0,species,abundance,166,plot:166:10416:502,6,,2016,TRUE,TRUE,ready_for_build
847,GAZP_11,GAZP,11_28,2016,78,10416,542,L_Pgrass,native,4,species,abundance,166,plot:166:10416:542,6,,2016,TRUE,TRUE,ready_for_build
848,GAZP_11,GAZP,11_28,2016,78,10417,461,L_Pgrass,native,1,species,abundance,166,plot:166:10417:461,6,,2016,TRUE,TRUE,ready_for_build
849,GAZP_11,GAZP,11_28,2016,78,10417,501,L_Pgrass,native,10,species,abundance,166,plot:166:10417:501,6,,2016,TRUE,TRUE,ready_for_build
850,GAZP_11,GAZP,11_28,2016,78,10417,541,L_Pgrass,native,12,species,abundance,166,plot:166:10417:541,6,,2016,TRUE,TRUE,ready_for_build
851,GAZP_11,GAZP,11_29,2016,78,10710,463,L_Pgrass,native,1,species,abundance,166,plot:166:10710:463,6,,2016,TRUE,TRUE,ready_for_build
852,GAZP_11,GAZP,11_29,2016,78,10710,543,L_Pgrass,native,0,species,abundance,166,plot:166:10710:543,6,,2016,TRUE,TRUE,ready_for_build
853,GAZP_11,GAZP,11_29,2016,78,10716,502,L_Pgrass,native,3,species,abundance,166,plot:166:10716:502,6,,2016,TRUE,TRUE,ready_for_build
854,GAZP_11,GAZP,11_29,2016,78,10716,542,L_Pgrass,native,0,species,abundance,166,plot:166:10716:542,6,,2016,TRUE,TRUE,ready_for_build
855,GAZP_11,GAZP,11_29,2016,78,10717,61,L_Pgrass,native,0,species,abundance,166,plot:166:10717:61,6,,2016,TRUE,TRUE,ready_for_build
856,GAZP_11,GAZP,11_29,2016,78,10717,101,L_Pgrass,native,29,species,abundance,166,plot:166:10717:101,6,,2016,TRUE,TRUE,ready_for_build
857,GAZP_11,GAZP,11_29,2016,78,10717,141,L_Pgrass,native,2,species,abundance,166,plot:166:10717:141,6,,2016,TRUE,TRUE,ready_for_build
858,GAZP_11,GAZP,11_29,2016,78,10810,463,L_Pgrass,native,1,species,abundance,166,plot:166:10810:463,6,,2016,TRUE,TRUE,ready_for_build
859,GAZP_11,GAZP,11_29,2016,78,10810,543,L_Pgrass,native,2,species,abundance,166,plot:166:10810:543,6,,2016,TRUE,TRUE,ready_for_build
860,GAZP_11,GAZP,11_29,2016,78,10816,102,L_Pgrass,native,6,species,abundance,166,plot:166:10816:102,6,,2016,TRUE,TRUE,ready_for_build
861,GAZP_11,GAZP,11_29,2016,78,10816,142,L_Pgrass,native,1,species,abundance,166,plot:166:10816:142,6,,2016,TRUE,TRUE,ready_for_build
862,GAZP_11,GAZP,11_29,2016,78,10817,61,L_Pgrass,native,10,species,abundance,166,plot:166:10817:61,6,,2016,TRUE,TRUE,ready_for_build
863,GAZP_11,GAZP,11_29,2016,78,10817,101,L_Pgrass,native,9,species,abundance,166,plot:166:10817:101,6,,2016,TRUE,TRUE,ready_for_build
864,GAZP_11,GAZP,11_29,2016,78,10817,141,L_Pgrass,native,15,species,abundance,166,plot:166:10817:141,6,,2016,TRUE,TRUE,ready_for_build
865,GAZP_11,GAZP,11_30,2016,78,11101,183,Ely_ely,native,6,species,abundance,166,plot:166:11101:183,6,,2016,TRUE,TRUE,ready_for_build
866,GAZP_11,GAZP,11_30,2016,78,11107,182,Ely_ely,native,0,species,abundance,166,plot:166:11107:182,6,,2016,TRUE,TRUE,ready_for_build
867,GAZP_11,GAZP,11_30,2016,78,11108,101,Ely_ely,native,1,species,abundance,166,plot:166:11108:101,6,,2016,TRUE,TRUE,ready_for_build
868,GAZP_11,GAZP,11_30,2016,78,11201,173,Ely_ely,native,6,species,abundance,166,plot:166:11201:173,6,,2016,TRUE,TRUE,ready_for_build
869,GAZP_11,GAZP,11_30,2016,78,11207,182,Ely_ely,native,0,species,abundance,166,plot:166:11207:182,6,,2016,TRUE,TRUE,ready_for_build
870,GAZP_11,GAZP,11_30,2016,78,11208,21,Ely_ely,native,0,species,abundance,166,plot:166:11208:21,6,,2016,TRUE,TRUE,ready_for_build
871,GAZP_11,GAZP,11_31,2016,78,11501,463,Ely_ely,native,6,species,abundance,166,plot:166:11501:463,6,,2016,TRUE,TRUE,ready_for_build
872,GAZP_11,GAZP,11_31,2016,78,11507,542,Ely_ely,native,1,species,abundance,166,plot:166:11507:542,6,,2016,TRUE,TRUE,ready_for_build
873,GAZP_11,GAZP,11_31,2016,78,11508,501,Ely_ely,native,10,species,abundance,166,plot:166:11508:501,6,,2016,TRUE,TRUE,ready_for_build
874,GAZP_11,GAZP,11_31,2016,78,11601,583,Ely_ely,native,9,species,abundance,166,plot:166:11601:583,6,,2016,TRUE,TRUE,ready_for_build
875,GAZP_11,GAZP,11_31,2016,78,11607,502,Ely_ely,native,0,species,abundance,166,plot:166:11607:502,6,,2016,TRUE,TRUE,ready_for_build
876,GAZP_11,GAZP,11_31,2016,78,11608,541,Ely_ely,native,1,species,abundance,166,plot:166:11608:541,6,,2016,TRUE,TRUE,ready_for_build
877,GAZP_11,GAZP,11_32,2016,78,11110,23,Ely_ely,native,5,species,abundance,166,plot:166:11110:23,6,,2016,TRUE,TRUE,ready_for_build
878,GAZP_11,GAZP,11_32,2016,78,11116,142,Ely_ely,native,7,species,abundance,166,plot:166:11116:142,6,,2016,TRUE,TRUE,ready_for_build
879,GAZP_11,GAZP,11_32,2016,78,11117,481,Ely_ely,native,4,species,abundance,166,plot:166:11117:481,6,,2016,TRUE,TRUE,ready_for_build
880,GAZP_11,GAZP,11_32,2016,78,11210,543,Ely_ely,native,0,species,abundance,166,plot:166:11210:543,6,,2016,TRUE,TRUE,ready_for_build
881,GAZP_11,GAZP,11_32,2016,78,11216,22,Ely_ely,native,1,species,abundance,166,plot:166:11216:22,6,,2016,TRUE,TRUE,ready_for_build
882,GAZP_11,GAZP,11_32,2016,78,11217,421,Ely_ely,native,0,species,abundance,166,plot:166:11217:421,6,,2016,TRUE,TRUE,ready_for_build
883,GAZP_11,GAZP,11_33,2016,78,11510,583,Ely_ely,native,2,species,abundance,166,plot:166:11510:583,6,,2016,TRUE,TRUE,ready_for_build
884,GAZP_11,GAZP,11_33,2016,78,11516,582,Ely_ely,native,2,species,abundance,166,plot:166:11516:582,6,,2016,TRUE,TRUE,ready_for_build
885,GAZP_11,GAZP,11_33,2016,78,11517,21,Ely_ely,native,0,species,abundance,166,plot:166:11517:21,6,,2016,TRUE,TRUE,ready_for_build
886,GAZP_11,GAZP,11_33,2016,78,11610,183,Ely_ely,native,5,species,abundance,166,plot:166:11610:183,6,,2016,TRUE,TRUE,ready_for_build
887,GAZP_11,GAZP,11_33,2016,78,11616,542,Ely_ely,native,2,species,abundance,166,plot:166:11616:542,6,,2016,TRUE,TRUE,ready_for_build
888,GAZP_11,GAZP,11_33,2016,78,11617,181,Ely_ely,native,9,species,abundance,166,plot:166:11617:181,6,,2016,TRUE,TRUE,ready_for_build
889,GAZP_11,GAZP,11_34,2016,78,11101,63,Ely_tra,native,32,species,abundance,166,plot:166:11101:63,6,,2016,TRUE,TRUE,ready_for_build
890,GAZP_11,GAZP,11_34,2016,78,11107,102,Ely_tra,native,10,species,abundance,166,plot:166:11107:102,6,,2016,TRUE,TRUE,ready_for_build
891,GAZP_11,GAZP,11_34,2016,78,11108,181,Ely_tra,native,19,species,abundance,166,plot:166:11108:181,6,,2016,TRUE,TRUE,ready_for_build
892,GAZP_11,GAZP,11_34,2016,78,11201,63,Ely_tra,native,23,species,abundance,166,plot:166:11201:63,6,,2016,TRUE,TRUE,ready_for_build
893,GAZP_11,GAZP,11_34,2016,78,11207,102,Ely_tra,native,10,species,abundance,166,plot:166:11207:102,6,,2016,TRUE,TRUE,ready_for_build
894,GAZP_11,GAZP,11_34,2016,78,11208,181,Ely_tra,native,21,species,abundance,166,plot:166:11208:181,6,,2016,TRUE,TRUE,ready_for_build
895,GAZP_11,GAZP,11_35,2016,78,11501,583,Ely_tra,native,13,species,abundance,166,plot:166:11501:583,6,,2016,TRUE,TRUE,ready_for_build
896,GAZP_11,GAZP,11_35,2016,78,11507,502,Ely_tra,native,13,species,abundance,166,plot:166:11507:502,6,,2016,TRUE,TRUE,ready_for_build
897,GAZP_11,GAZP,11_35,2016,78,11508,421,Ely_tra,native,26,species,abundance,166,plot:166:11508:421,6,,2016,TRUE,TRUE,ready_for_build
898,GAZP_11,GAZP,11_35,2016,78,11601,423,Ely_tra,native,37,species,abundance,166,plot:166:11601:423,6,,2016,TRUE,TRUE,ready_for_build
899,GAZP_11,GAZP,11_35,2016,78,11607,542,Ely_tra,native,36,species,abundance,166,plot:166:11607:542,6,,2016,TRUE,TRUE,ready_for_build
900,GAZP_11,GAZP,11_35,2016,78,11608,421,Ely_tra,native,28,species,abundance,166,plot:166:11608:421,6,,2016,TRUE,TRUE,ready_for_build
901,GAZP_11,GAZP,11_36,2016,78,11110,183,Ely_tra,native,16,species,abundance,166,plot:166:11110:183,6,,2016,TRUE,TRUE,ready_for_build
902,GAZP_11,GAZP,11_36,2016,78,11116,102,Ely_tra,native,19,species,abundance,166,plot:166:11116:102,6,,2016,TRUE,TRUE,ready_for_build
903,GAZP_11,GAZP,11_36,2016,78,11117,581,Ely_tra,native,14,species,abundance,166,plot:166:11117:581,6,,2016,TRUE,TRUE,ready_for_build
904,GAZP_11,GAZP,11_36,2016,78,11210,583,Ely_tra,native,19,species,abundance,166,plot:166:11210:583,6,,2016,TRUE,TRUE,ready_for_build
905,GAZP_11,GAZP,11_36,2016,78,11216,142,Ely_tra,native,9,species,abundance,166,plot:166:11216:142,6,,2016,TRUE,TRUE,ready_for_build
906,GAZP_11,GAZP,11_36,2016,78,11217,581,Ely_tra,native,36,species,abundance,166,plot:166:11217:581,6,,2016,TRUE,TRUE,ready_for_build
907,GAZP_11,GAZP,11_37,2016,78,11510,423,Ely_tra,native,2,species,abundance,166,plot:166:11510:423,6,,2016,TRUE,TRUE,ready_for_build
908,GAZP_11,GAZP,11_37,2016,78,11516,422,Ely_tra,native,36,species,abundance,166,plot:166:11516:422,6,,2016,TRUE,TRUE,ready_for_build
909,GAZP_11,GAZP,11_37,2016,78,11517,101,Ely_tra,native,9,species,abundance,166,plot:166:11517:101,6,,2016,TRUE,TRUE,ready_for_build
910,GAZP_11,GAZP,11_37,2016,78,11610,63,Ely_tra,native,8,species,abundance,166,plot:166:11610:63,6,,2016,TRUE,TRUE,ready_for_build
911,GAZP_11,GAZP,11_37,2016,78,11616,462,Ely_tra,native,10,species,abundance,166,plot:166:11616:462,6,,2016,TRUE,TRUE,ready_for_build
912,GAZP_11,GAZP,11_37,2016,78,11617,61,Ely_tra,native,9,species,abundance,166,plot:166:11617:61,6,,2016,TRUE,TRUE,ready_for_build
913,GAZP_11,GAZP,11_38,2016,78,11101,23,Poa_fen,native,2,species,abundance,166,plot:166:11101:23,6,,2016,TRUE,TRUE,ready_for_build
914,GAZP_11,GAZP,11_38,2016,78,11107,142,Poa_fen,native,0,species,abundance,166,plot:166:11107:142,6,,2016,TRUE,TRUE,ready_for_build
915,GAZP_11,GAZP,11_38,2016,78,11108,141,Poa_fen,native,9,species,abundance,166,plot:166:11108:141,6,,2016,TRUE,TRUE,ready_for_build
916,GAZP_11,GAZP,11_38,2016,78,11201,133,Poa_fen,native,0,species,abundance,166,plot:166:11201:133,6,,2016,TRUE,TRUE,ready_for_build
917,GAZP_11,GAZP,11_38,2016,78,11207,62,Poa_fen,native,1,species,abundance,166,plot:166:11207:62,6,,2016,TRUE,TRUE,ready_for_build
918,GAZP_11,GAZP,11_38,2016,78,11208,141,Poa_fen,native,9,species,abundance,166,plot:166:11208:141,6,,2016,TRUE,TRUE,ready_for_build
919,GAZP_11,GAZP,11_39,2016,78,11501,503,Poa_fen,native,1,species,abundance,166,plot:166:11501:503,6,,2016,TRUE,TRUE,ready_for_build
920,GAZP_11,GAZP,11_39,2016,78,11507,582,Poa_fen,native,1,species,abundance,166,plot:166:11507:582,6,,2016,TRUE,TRUE,ready_for_build
921,GAZP_11,GAZP,11_39,2016,78,11508,541,Poa_fen,native,23,species,abundance,166,plot:166:11508:541,6,,2016,TRUE,TRUE,ready_for_build
922,GAZP_11,GAZP,11_39,2016,78,11601,503,Poa_fen,native,0,species,abundance,166,plot:166:11601:503,6,,2016,TRUE,TRUE,ready_for_build
923,GAZP_11,GAZP,11_39,2016,78,11607,422,Poa_fen,native,0,species,abundance,166,plot:166:11607:422,6,,2016,TRUE,TRUE,ready_for_build
924,GAZP_11,GAZP,11_39,2016,78,11608,571,Poa_fen,native,1,species,abundance,166,plot:166:11608:571,6,,2016,TRUE,TRUE,ready_for_build
925,GAZP_11,GAZP,11_40,2016,78,11110,143,Poa_fen,native,2,species,abundance,166,plot:166:11110:143,6,,2016,TRUE,TRUE,ready_for_build
926,GAZP_11,GAZP,11_40,2016,78,11116,62,Poa_fen,native,0,species,abundance,166,plot:166:11116:62,6,,2016,TRUE,TRUE,ready_for_build
927,GAZP_11,GAZP,11_40,2016,78,11117,421,Poa_fen,native,9,species,abundance,166,plot:166:11117:421,6,,2016,TRUE,TRUE,ready_for_build
928,GAZP_11,GAZP,11_40,2016,78,11210,463,Poa_fen,native,1,species,abundance,166,plot:166:11210:463,6,,2016,TRUE,TRUE,ready_for_build
929,GAZP_11,GAZP,11_40,2016,78,11216,182,Poa_fen,native,0,species,abundance,166,plot:166:11216:182,6,,2016,TRUE,TRUE,ready_for_build
930,GAZP_11,GAZP,11_40,2016,78,11217,501,Poa_fen,native,6,species,abundance,166,plot:166:11217:501,6,,2016,TRUE,TRUE,ready_for_build
931,GAZP_11,GAZP,11_41,2016,78,11510,543,Poa_fen,native,0,species,abundance,166,plot:166:11510:543,6,,2016,TRUE,TRUE,ready_for_build
932,GAZP_11,GAZP,11_41,2016,78,11516,502,Poa_fen,native,0,species,abundance,166,plot:166:11516:502,6,,2016,TRUE,TRUE,ready_for_build
933,GAZP_11,GAZP,11_41,2016,78,11517,61,Poa_fen,native,2,species,abundance,166,plot:166:11517:61,6,,2016,TRUE,TRUE,ready_for_build
934,GAZP_11,GAZP,11_41,2016,78,11610,143,Poa_fen,native,0,species,abundance,166,plot:166:11610:143,6,,2016,TRUE,TRUE,ready_for_build
935,GAZP_11,GAZP,11_41,2016,78,11616,422,Poa_fen,native,0,species,abundance,166,plot:166:11616:422,6,,2016,TRUE,TRUE,ready_for_build
936,GAZP_11,GAZP,11_41,2016,78,11617,21,Poa_fen,native,14,species,abundance,166,plot:166:11617:21,6,,2016,TRUE,TRUE,ready_for_build
937,GAZP_11,GAZP,11_42,2016,78,11101,103,Pse_rup,native,1,species,abundance,166,plot:166:11101:103,6,,2016,TRUE,TRUE,ready_for_build
938,GAZP_11,GAZP,11_42,2016,78,11107,62,Pse_rup,native,4,species,abundance,166,plot:166:11107:62,6,,2016,TRUE,TRUE,ready_for_build
939,GAZP_11,GAZP,11_42,2016,78,11108,21,Pse_rup,native,7,species,abundance,166,plot:166:11108:21,6,,2016,TRUE,TRUE,ready_for_build
940,GAZP_11,GAZP,11_42,2016,78,11201,93,Pse_rup,native,2,species,abundance,166,plot:166:11201:93,6,,2016,TRUE,TRUE,ready_for_build
941,GAZP_11,GAZP,11_42,2016,78,11207,22,Pse_rup,native,0,species,abundance,166,plot:166:11207:22,6,,2016,TRUE,TRUE,ready_for_build
942,GAZP_11,GAZP,11_42,2016,78,11208,101,Pse_rup,native,13,species,abundance,166,plot:166:11208:101,6,,2016,TRUE,TRUE,ready_for_build
943,GAZP_11,GAZP,11_43,2016,78,11501,423,Pse_rup,native,1,species,abundance,166,plot:166:11501:423,6,,2016,TRUE,TRUE,ready_for_build
944,GAZP_11,GAZP,11_43,2016,78,11507,462,Pse_rup,native,0,species,abundance,166,plot:166:11507:462,6,,2016,TRUE,TRUE,ready_for_build
945,GAZP_11,GAZP,11_43,2016,78,11508,581,Pse_rup,native,23,species,abundance,166,plot:166:11508:581,6,,2016,TRUE,TRUE,ready_for_build
946,GAZP_11,GAZP,11_43,2016,78,11601,463,Pse_rup,native,4,species,abundance,166,plot:166:11601:463,6,,2016,TRUE,TRUE,ready_for_build
947,GAZP_11,GAZP,11_43,2016,78,11607,582,Pse_rup,native,0,species,abundance,166,plot:166:11607:582,6,,2016,TRUE,TRUE,ready_for_build
948,GAZP_11,GAZP,11_43,2016,78,11608,461,Pse_rup,native,9,species,abundance,166,plot:166:11608:461,6,,2016,TRUE,TRUE,ready_for_build
949,GAZP_11,GAZP,11_44,2016,78,11110,63,Pse_rup,native,2,species,abundance,166,plot:166:11110:63,6,,2016,TRUE,TRUE,ready_for_build
950,GAZP_11,GAZP,11_44,2016,78,11116,22,Pse_rup,native,1,species,abundance,166,plot:166:11116:22,6,,2016,TRUE,TRUE,ready_for_build
951,GAZP_11,GAZP,11_44,2016,78,11117,541,Pse_rup,native,6,species,abundance,166,plot:166:11117:541,6,,2016,TRUE,TRUE,ready_for_build
952,GAZP_11,GAZP,11_44,2016,78,11210,423,Pse_rup,native,1,species,abundance,166,plot:166:11210:423,6,,2016,TRUE,TRUE,ready_for_build
953,GAZP_11,GAZP,11_44,2016,78,11216,102,Pse_rup,native,0,species,abundance,166,plot:166:11216:102,6,,2016,TRUE,TRUE,ready_for_build
954,GAZP_11,GAZP,11_44,2016,78,11217,461,Pse_rup,native,14,species,abundance,166,plot:166:11217:461,6,,2016,TRUE,TRUE,ready_for_build
955,GAZP_11,GAZP,11_45,2016,78,11510,503,Pse_rup,native,2,species,abundance,166,plot:166:11510:503,6,,2016,TRUE,TRUE,ready_for_build
956,GAZP_11,GAZP,11_45,2016,78,11516,462,Pse_rup,native,7,species,abundance,166,plot:166:11516:462,6,,2016,TRUE,TRUE,ready_for_build
957,GAZP_11,GAZP,11_45,2016,78,11517,181,Pse_rup,native,22,species,abundance,166,plot:166:11517:181,6,,2016,TRUE,TRUE,ready_for_build
958,GAZP_11,GAZP,11_45,2016,78,11610,103,Pse_rup,native,0,species,abundance,166,plot:166:11610:103,6,,2016,TRUE,TRUE,ready_for_build
959,GAZP_11,GAZP,11_45,2016,78,11616,502,Pse_rup,native,0,species,abundance,166,plot:166:11616:502,6,,2016,TRUE,TRUE,ready_for_build
960,GAZP_11,GAZP,11_45,2016,78,11617,101,Pse_rup,native,9,species,abundance,166,plot:166:11617:101,6,,2016,TRUE,TRUE,ready_for_build
961,GAZP_11,GAZP,11_46,2016,78,11101,143,Vul_mic,native,2,species,abundance,166,plot:166:11101:143,6,,2016,TRUE,TRUE,ready_for_build
962,GAZP_11,GAZP,11_46,2016,78,11107,22,Vul_mic,native,1,species,abundance,166,plot:166:11107:22,6,,2016,TRUE,TRUE,ready_for_build
963,GAZP_11,GAZP,11_46,2016,78,11108,61,Vul_mic,native,7,species,abundance,166,plot:166:11108:61,6,,2016,TRUE,TRUE,ready_for_build
964,GAZP_11,GAZP,11_46,2016,78,11201,23,Vul_mic,native,8,species,abundance,166,plot:166:11201:23,6,,2016,TRUE,TRUE,ready_for_build
965,GAZP_11,GAZP,11_46,2016,78,11207,142,Vul_mic,native,6,species,abundance,166,plot:166:11207:142,6,,2016,TRUE,TRUE,ready_for_build
966,GAZP_11,GAZP,11_46,2016,78,11208,61,Vul_mic,native,4,species,abundance,166,plot:166:11208:61,6,,2016,TRUE,TRUE,ready_for_build
967,GAZP_11,GAZP,11_47,2016,78,11501,543,Vul_mic,native,0,species,abundance,166,plot:166:11501:543,6,,2016,TRUE,TRUE,ready_for_build
968,GAZP_11,GAZP,11_47,2016,78,11507,422,Vul_mic,native,0,species,abundance,166,plot:166:11507:422,6,,2016,TRUE,TRUE,ready_for_build
969,GAZP_11,GAZP,11_47,2016,78,11508,461,Vul_mic,native,1,species,abundance,166,plot:166:11508:461,6,,2016,TRUE,TRUE,ready_for_build
970,GAZP_11,GAZP,11_47,2016,78,11601,543,Vul_mic,native,11,species,abundance,166,plot:166:11601:543,6,,2016,TRUE,TRUE,ready_for_build
971,GAZP_11,GAZP,11_47,2016,78,11607,462,Vul_mic,native,15,species,abundance,166,plot:166:11607:462,6,,2016,TRUE,TRUE,ready_for_build
972,GAZP_11,GAZP,11_47,2016,78,11608,501,Vul_mic,native,9,species,abundance,166,plot:166:11608:501,6,,2016,TRUE,TRUE,ready_for_build
973,GAZP_11,GAZP,11_48,2016,78,11110,103,Vul_mic,native,9,species,abundance,166,plot:166:11110:103,6,,2016,TRUE,TRUE,ready_for_build
974,GAZP_11,GAZP,11_48,2016,78,11116,182,Vul_mic,native,0,species,abundance,166,plot:166:11116:182,6,,2016,TRUE,TRUE,ready_for_build
975,GAZP_11,GAZP,11_48,2016,78,11117,501,Vul_mic,native,0,species,abundance,166,plot:166:11117:501,6,,2016,TRUE,TRUE,ready_for_build
976,GAZP_11,GAZP,11_48,2016,78,11210,503,Vul_mic,native,7,species,abundance,166,plot:166:11210:503,6,,2016,TRUE,TRUE,ready_for_build
977,GAZP_11,GAZP,11_48,2016,78,11216,62,Vul_mic,native,2,species,abundance,166,plot:166:11216:62,6,,2016,TRUE,TRUE,ready_for_build
978,GAZP_11,GAZP,11_48,2016,78,11217,541,Vul_mic,native,6,species,abundance,166,plot:166:11217:541,6,,2016,TRUE,TRUE,ready_for_build
979,GAZP_11,GAZP,11_49,2016,78,11510,463,Vul_mic,native,1,species,abundance,166,plot:166:11510:463,6,,2016,TRUE,TRUE,ready_for_build
980,GAZP_11,GAZP,11_49,2016,78,11516,542,Vul_mic,native,0,species,abundance,166,plot:166:11516:542,6,,2016,TRUE,TRUE,ready_for_build
981,GAZP_11,GAZP,11_49,2016,78,11517,141,Vul_mic,native,0,species,abundance,166,plot:166:11517:141,6,,2016,TRUE,TRUE,ready_for_build
982,GAZP_11,GAZP,11_49,2016,78,11610,23,Vul_mic,native,1,species,abundance,166,plot:166:11610:23,6,,2016,TRUE,TRUE,ready_for_build
983,GAZP_11,GAZP,11_49,2016,78,11616,582,Vul_mic,native,0,species,abundance,166,plot:166:11616:582,6,,2016,TRUE,TRUE,ready_for_build
984,GAZP_11,GAZP,11_49,2016,78,11617,141,Vul_mic,native,2,species,abundance,166,plot:166:11617:141,6,,2016,TRUE,TRUE,ready_for_build
985,GAZP_11,GAZP,11_50,2016,78,20050,1,L_Pgrass,native,1,species,abundance,166,plot:166:20050:1,6,,2016,TRUE,TRUE,ready_for_build
986,GAZP_11,GAZP,11_50,2016,78,20050,2,L_Pgrass,native,0,species,abundance,166,plot:166:20050:2,6,,2016,TRUE,TRUE,ready_for_build
987,GAZP_11,GAZP,11_50,2016,78,20050,3,L_Pgrass,native,0,species,abundance,166,plot:166:20050:3,6,,2016,TRUE,TRUE,ready_for_build
988,GAZP_11,GAZP,11_50,2016,78,20050,4,L_Pgrass,native,0,species,abundance,166,plot:166:20050:4,6,,2016,TRUE,TRUE,ready_for_build
989,GAZP_11,GAZP,11_50,2016,78,20050,5,L_Pgrass,native,0,species,abundance,166,plot:166:20050:5,6,,2016,TRUE,TRUE,ready_for_build
990,GAZP_11,GAZP,11_50,2016,78,20050,6,L_Pgrass,native,0,species,abundance,166,plot:166:20050:6,6,,2016,TRUE,TRUE,ready_for_build
991,GAZP_11,GAZP,11_50,2016,78,20050,7,L_Pgrass,native,0,species,abundance,166,plot:166:20050:7,6,,2016,TRUE,TRUE,ready_for_build
992,GAZP_11,GAZP,11_50,2016,78,20050,8,L_Pgrass,native,0,species,abundance,166,plot:166:20050:8,6,,2016,TRUE,TRUE,ready_for_build
993,GAZP_11,GAZP,11_50,2016,78,20050,9,L_Pgrass,native,0,species,abundance,166,plot:166:20050:9,6,,2016,TRUE,TRUE,ready_for_build
994,GAZP_11,GAZP,11_50,2016,78,20050,10,L_Pgrass,native,1,species,abundance,166,plot:166:20050:10,6,,2016,TRUE,TRUE,ready_for_build
995,GAZP_11,GAZP,11_50,2016,78,20050,11,L_Pgrass,native,0,species,abundance,166,plot:166:20050:11,6,,2016,TRUE,TRUE,ready_for_build
996,GAZP_11,GAZP,11_50,2016,78,20050,12,L_Pgrass,native,0,species,abundance,166,plot:166:20050:12,6,,2016,TRUE,TRUE,ready_for_build
997,GAZP_11,GAZP,11_50,2016,78,20050,13,L_Pgrass,native,0,species,abundance,166,plot:166:20050:13,6,,2016,TRUE,TRUE,ready_for_build
998,GAZP_11,GAZP,11_50,2016,78,20050,14,L_Pgrass,native,0,species,abundance,166,plot:166:20050:14,6,,2016,TRUE,TRUE,ready_for_build
999,GAZP_11,GAZP,11_50,2016,78,20050,15,L_Pgrass,native,0,species,abundance,166,plot:166:20050:15,6,,2016,TRUE,TRUE,ready_for_build
1000,GAZP_11,GAZP,11_50,2016,78,20050,16,L_Pgrass,native,0,species,abundance,166,plot:166:20050:16,6,,2016,TRUE,TRUE,ready_for_build
1001,GAZP_11,GAZP,11_50,2016,78,20050,17,L_Pgrass,native,0,species,abundance,166,plot:166:20050:17,6,,2016,TRUE,TRUE,ready_for_build
1002,GAZP_11,GAZP,11_50,2016,78,20050,18,L_Pgrass,native,0,species,abundance,166,plot:166:20050:18,6,,2016,TRUE,TRUE,ready_for_build
1003,GAZP_11,GAZP,11_50,2016,78,20050,19,L_Pgrass,native,0,species,abundance,166,plot:166:20050:19,6,,2016,TRUE,TRUE,ready_for_build
1004,GAZP_11,GAZP,11_50,2016,78,20050,20,L_Pgrass,native,0,species,abundance,166,plot:166:20050:20,6,,2016,TRUE,TRUE,ready_for_build
1005,GAZP_11,GAZP,11_50,2016,78,20050,21,L_Pgrass,native,0,species,abundance,166,plot:166:20050:21,6,,2016,TRUE,TRUE,ready_for_build
1006,GAZP_11,GAZP,11_50,2016,78,20050,22,L_Pgrass,native,0,species,abundance,166,plot:166:20050:22,6,,2016,TRUE,TRUE,ready_for_build
1007,GAZP_11,GAZP,11_50,2016,78,20050,23,L_Pgrass,native,0,species,abundance,166,plot:166:20050:23,6,,2016,TRUE,TRUE,ready_for_build
1008,GAZP_11,GAZP,11_50,2016,78,20050,24,L_Pgrass,native,0,species,abundance,166,plot:166:20050:24,6,,2016,TRUE,TRUE,ready_for_build
1009,GAZP_11,GAZP,11_50,2016,78,20050,25,L_Pgrass,native,0,species,abundance,166,plot:166:20050:25,6,,2016,TRUE,TRUE,ready_for_build
1010,GAZP_11,GAZP,11_50,2016,78,20050,26,L_Pgrass,native,0,species,abundance,166,plot:166:20050:26,6,,2016,TRUE,TRUE,ready_for_build
1011,GAZP_11,GAZP,11_50,2016,78,20050,27,L_Pgrass,native,0,species,abundance,166,plot:166:20050:27,6,,2016,TRUE,TRUE,ready_for_build
1012,GAZP_11,GAZP,11_50,2016,78,20050,28,L_Pgrass,native,0,species,abundance,166,plot:166:20050:28,6,,2016,TRUE,TRUE,ready_for_build
1013,GAZP_11,GAZP,11_50,2016,78,20050,29,L_Pgrass,native,0,species,abundance,166,plot:166:20050:29,6,,2016,TRUE,TRUE,ready_for_build
1014,GAZP_11,GAZP,11_50,2016,78,20050,30,L_Pgrass,native,0,species,abundance,166,plot:166:20050:30,6,,2016,TRUE,TRUE,ready_for_build
1015,GAZP_11,GAZP,11_50,2016,78,20050,31,L_Pgrass,native,0,species,abundance,166,plot:166:20050:31,6,,2016,TRUE,TRUE,ready_for_build
1016,GAZP_11,GAZP,11_50,2016,78,20050,32,L_Pgrass,native,0,species,abundance,166,plot:166:20050:32,6,,2016,TRUE,TRUE,ready_for_build
1017,GAZP_11,GAZP,11_50,2016,78,20050,33,L_Pgrass,native,0,species,abundance,166,plot:166:20050:33,6,,2016,TRUE,TRUE,ready_for_build
1018,GAZP_11,GAZP,11_50,2016,78,20050,34,L_Pgrass,native,0,species,abundance,166,plot:166:20050:34,6,,2016,TRUE,TRUE,ready_for_build
1019,GAZP_11,GAZP,11_50,2016,78,20050,35,L_Pgrass,native,0,species,abundance,166,plot:166:20050:35,6,,2016,TRUE,TRUE,ready_for_build
1020,GAZP_11,GAZP,11_50,2016,78,20050,36,L_Pgrass,native,0,species,abundance,166,plot:166:20050:36,6,,2016,TRUE,TRUE,ready_for_build
1021,GAZP_11,GAZP,11_50,2016,78,20050,37,L_Pgrass,native,0,species,abundance,166,plot:166:20050:37,6,,2016,TRUE,TRUE,ready_for_build
1022,GAZP_11,GAZP,11_50,2016,78,20050,38,L_Pgrass,native,0,species,abundance,166,plot:166:20050:38,6,,2016,TRUE,TRUE,ready_for_build
1023,GAZP_11,GAZP,11_50,2016,78,20050,39,L_Pgrass,native,0,species,abundance,166,plot:166:20050:39,6,,2016,TRUE,TRUE,ready_for_build
1024,GAZP_11,GAZP,11_50,2016,78,20050,40,L_Pgrass,native,0,species,abundance,166,plot:166:20050:40,6,,2016,TRUE,TRUE,ready_for_build
1025,GAZP_11,GAZP,11_50,2016,78,20050,41,L_Pgrass,native,0,species,abundance,166,plot:166:20050:41,6,,2016,TRUE,TRUE,ready_for_build
1026,GAZP_11,GAZP,11_50,2016,78,20050,42,L_Pgrass,native,0,species,abundance,166,plot:166:20050:42,6,,2016,TRUE,TRUE,ready_for_build
1027,GAZP_11,GAZP,11_50,2016,78,20050,43,L_Pgrass,native,0,species,abundance,166,plot:166:20050:43,6,,2016,TRUE,TRUE,ready_for_build
1028,GAZP_11,GAZP,11_50,2016,78,20050,44,L_Pgrass,native,0,species,abundance,166,plot:166:20050:44,6,,2016,TRUE,TRUE,ready_for_build
1029,GAZP_11,GAZP,11_50,2016,78,20050,45,L_Pgrass,native,0,species,abundance,166,plot:166:20050:45,6,,2016,TRUE,TRUE,ready_for_build
1030,GAZP_11,GAZP,11_50,2016,78,20050,46,L_Pgrass,native,0,species,abundance,166,plot:166:20050:46,6,,2016,TRUE,TRUE,ready_for_build
1031,GAZP_11,GAZP,11_50,2016,78,20050,47,L_Pgrass,native,0,species,abundance,166,plot:166:20050:47,6,,2016,TRUE,TRUE,ready_for_build
1032,GAZP_11,GAZP,11_50,2016,78,20050,48,L_Pgrass,native,0,species,abundance,166,plot:166:20050:48,6,,2016,TRUE,TRUE,ready_for_build
1033,GAZP_11,GAZP,11_50,2016,78,20050,49,L_Pgrass,native,0,species,abundance,166,plot:166:20050:49,6,,2016,TRUE,TRUE,ready_for_build
1034,GAZP_11,GAZP,11_50,2016,78,20050,50,L_Pgrass,native,0,species,abundance,166,plot:166:20050:50,6,,2016,TRUE,TRUE,ready_for_build
1035,GAZP_11,GAZP,11_50,2016,78,20050,51,L_Pgrass,native,0,species,abundance,166,plot:166:20050:51,6,,2016,TRUE,TRUE,ready_for_build
1036,GAZP_11,GAZP,11_50,2016,78,20050,52,L_Pgrass,native,0,species,abundance,166,plot:166:20050:52,6,,2016,TRUE,TRUE,ready_for_build
1037,GAZP_11,GAZP,11_50,2016,78,20050,53,L_Pgrass,native,0,species,abundance,166,plot:166:20050:53,6,,2016,TRUE,TRUE,ready_for_build
1038,GAZP_11,GAZP,11_50,2016,78,20050,54,L_Pgrass,native,0,species,abundance,166,plot:166:20050:54,6,,2016,TRUE,TRUE,ready_for_build
1039,GAZP_11,GAZP,11_50,2016,78,20050,55,L_Pgrass,native,0,species,abundance,166,plot:166:20050:55,6,,2016,TRUE,TRUE,ready_for_build
1040,GAZP_11,GAZP,11_50,2016,78,20050,56,L_Pgrass,native,0,species,abundance,166,plot:166:20050:56,6,,2016,TRUE,TRUE,ready_for_build
1041,GAZP_11,GAZP,11_50,2016,78,20050,57,L_Pgrass,native,0,species,abundance,166,plot:166:20050:57,6,,2016,TRUE,TRUE,ready_for_build
1042,GAZP_11,GAZP,11_50,2016,78,20050,58,L_Pgrass,native,0,species,abundance,166,plot:166:20050:58,6,,2016,TRUE,TRUE,ready_for_build
1043,GAZP_11,GAZP,11_50,2016,78,20050,59,L_Pgrass,native,0,species,abundance,166,plot:166:20050:59,6,,2016,TRUE,TRUE,ready_for_build
1044,GAZP_11,GAZP,11_50,2016,78,20050,60,L_Pgrass,native,0,species,abundance,166,plot:166:20050:60,6,,2016,TRUE,TRUE,ready_for_build
1045,GAZP_11,GAZP,11_51,2016,78,10107,462,L_Pgrass,native,11,species,abundance,166,plot:166:10107:462,6,,2016,TRUE,TRUE,ready_for_build
1046,GAZP_11,GAZP,11_51,2016,78,10107,542,L_Pgrass,native,5,species,abundance,166,plot:166:10107:542,6,,2016,TRUE,TRUE,ready_for_build
1047,GAZP_11,GAZP,11_51,2016,78,10108,63,L_Pgrass,native,6,species,abundance,166,plot:166:10108:63,6,,2016,TRUE,TRUE,ready_for_build
1048,GAZP_11,GAZP,11_51,2016,78,10108,143,L_Pgrass,native,1,species,abundance,166,plot:166:10108:143,6,,2016,TRUE,TRUE,ready_for_build
1049,GAZP_11,GAZP,11_51,2016,78,10109,61,L_Pgrass,native,10,species,abundance,166,plot:166:10109:61,6,,2016,TRUE,TRUE,ready_for_build
1050,GAZP_11,GAZP,11_51,2016,78,10109,101,L_Pgrass,native,13,species,abundance,166,plot:166:10109:101,6,,2016,TRUE,TRUE,ready_for_build
1051,GAZP_11,GAZP,11_51,2016,78,10109,141,L_Pgrass,native,3,species,abundance,166,plot:166:10109:141,6,,2016,TRUE,TRUE,ready_for_build
1052,GAZP_11,GAZP,11_51,2016,78,10206,462,L_Pgrass,native,16,species,abundance,166,plot:166:10206:462,6,,2016,TRUE,TRUE,ready_for_build
1053,GAZP_11,GAZP,11_51,2016,78,10206,542,L_Pgrass,native,11,species,abundance,166,plot:166:10206:542,6,,2016,TRUE,TRUE,ready_for_build
1054,GAZP_11,GAZP,11_51,2016,78,10207,63,L_Pgrass,native,5,species,abundance,166,plot:166:10207:63,6,,2016,TRUE,TRUE,ready_for_build
1055,GAZP_11,GAZP,11_51,2016,78,10207,143,L_Pgrass,native,28,species,abundance,166,plot:166:10207:143,6,,2016,TRUE,TRUE,ready_for_build
1056,GAZP_11,GAZP,11_51,2016,78,10208,61,L_Pgrass,native,11,species,abundance,166,plot:166:10208:61,6,,2016,TRUE,TRUE,ready_for_build
1057,GAZP_11,GAZP,11_51,2016,78,10208,101,L_Pgrass,native,2,species,abundance,166,plot:166:10208:101,6,,2016,TRUE,TRUE,ready_for_build
1058,GAZP_11,GAZP,11_51,2016,78,10208,141,L_Pgrass,native,2,species,abundance,166,plot:166:10208:141,6,,2016,TRUE,TRUE,ready_for_build
1059,GAZP_11,GAZP,11_52,2016,78,10507,62,L_Pgrass,native,4,species,abundance,166,plot:166:10507:62,6,,2016,TRUE,TRUE,ready_for_build
1060,GAZP_11,GAZP,11_52,2016,78,10507,142,L_Pgrass,native,24,species,abundance,166,plot:166:10507:142,6,,2016,TRUE,TRUE,ready_for_build
1061,GAZP_11,GAZP,11_52,2016,78,10508,463,L_Pgrass,native,0,species,abundance,166,plot:166:10508:463,6,,2016,TRUE,TRUE,ready_for_build
1062,GAZP_11,GAZP,11_52,2016,78,10508,543,L_Pgrass,native,8,species,abundance,166,plot:166:10508:543,6,,2016,TRUE,TRUE,ready_for_build
1063,GAZP_11,GAZP,11_52,2016,78,10509,461,L_Pgrass,native,24,species,abundance,166,plot:166:10509:461,6,,2016,TRUE,TRUE,ready_for_build
1064,GAZP_11,GAZP,11_52,2016,78,10509,501,L_Pgrass,native,3,species,abundance,166,plot:166:10509:501,6,,2016,TRUE,TRUE,ready_for_build
1065,GAZP_11,GAZP,11_52,2016,78,10509,541,L_Pgrass,native,8,species,abundance,166,plot:166:10509:541,6,,2016,TRUE,TRUE,ready_for_build
1066,GAZP_11,GAZP,11_52,2016,78,10606,62,L_Pgrass,native,6,species,abundance,166,plot:166:10606:62,6,,2016,TRUE,TRUE,ready_for_build
1067,GAZP_11,GAZP,11_52,2016,78,10606,142,L_Pgrass,native,3,species,abundance,166,plot:166:10606:142,6,,2016,TRUE,TRUE,ready_for_build
1068,GAZP_11,GAZP,11_52,2016,78,10607,463,L_Pgrass,native,7,species,abundance,166,plot:166:10607:463,6,,2016,TRUE,TRUE,ready_for_build
1069,GAZP_11,GAZP,11_52,2016,78,10607,543,L_Pgrass,native,1,species,abundance,166,plot:166:10607:543,6,,2016,TRUE,TRUE,ready_for_build
1070,GAZP_11,GAZP,11_52,2016,78,10608,461,L_Pgrass,native,16,species,abundance,166,plot:166:10608:461,6,,2016,TRUE,TRUE,ready_for_build
1071,GAZP_11,GAZP,11_52,2016,78,10608,501,L_Pgrass,native,0,species,abundance,166,plot:166:10608:501,6,,2016,TRUE,TRUE,ready_for_build
1072,GAZP_11,GAZP,11_52,2016,78,10608,541,L_Pgrass,native,4,species,abundance,166,plot:166:10608:541,6,,2016,TRUE,TRUE,ready_for_build
1073,GAZP_11,GAZP,11_53,2016,78,10110,62,L_Pgrass,native,3,species,abundance,166,plot:166:10110:62,6,,2016,TRUE,TRUE,ready_for_build
1074,GAZP_11,GAZP,11_53,2016,78,10110,142,L_Pgrass,native,2,species,abundance,166,plot:166:10110:142,6,,2016,TRUE,TRUE,ready_for_build
1075,GAZP_11,GAZP,11_53,2016,78,10111,63,L_Pgrass,native,1,species,abundance,166,plot:166:10111:63,6,,2016,TRUE,TRUE,ready_for_build
1076,GAZP_11,GAZP,11_53,2016,78,10111,143,L_Pgrass,native,1,species,abundance,166,plot:166:10111:143,6,,2016,TRUE,TRUE,ready_for_build
1077,GAZP_11,GAZP,11_53,2016,78,10112,61,L_Pgrass,native,3,species,abundance,166,plot:166:10112:61,6,,2016,TRUE,TRUE,ready_for_build
1078,GAZP_11,GAZP,11_53,2016,78,10112,101,L_Pgrass,native,5,species,abundance,166,plot:166:10112:101,6,,2016,TRUE,TRUE,ready_for_build
1079,GAZP_11,GAZP,11_53,2016,78,10112,141,L_Pgrass,native,3,species,abundance,166,plot:166:10112:141,6,,2016,TRUE,TRUE,ready_for_build
1080,GAZP_11,GAZP,11_53,2016,78,10209,462,L_Pgrass,native,0,species,abundance,166,plot:166:10209:462,6,,2016,TRUE,TRUE,ready_for_build
1081,GAZP_11,GAZP,11_53,2016,78,10209,542,L_Pgrass,native,3,species,abundance,166,plot:166:10209:542,6,,2016,TRUE,TRUE,ready_for_build
1082,GAZP_11,GAZP,11_53,2016,78,10210,63,L_Pgrass,native,0,species,abundance,166,plot:166:10210:63,6,,2016,TRUE,TRUE,ready_for_build
1083,GAZP_11,GAZP,11_53,2016,78,10210,143,L_Pgrass,native,2,species,abundance,166,plot:166:10210:143,6,,2016,TRUE,TRUE,ready_for_build
1084,GAZP_11,GAZP,11_53,2016,78,10211,461,L_Pgrass,native,3,species,abundance,166,plot:166:10211:461,6,,2016,TRUE,TRUE,ready_for_build
1085,GAZP_11,GAZP,11_53,2016,78,10211,501,L_Pgrass,native,3,species,abundance,166,plot:166:10211:501,6,,2016,TRUE,TRUE,ready_for_build
1086,GAZP_11,GAZP,11_53,2016,78,10211,541,L_Pgrass,native,4,species,abundance,166,plot:166:10211:541,6,,2016,TRUE,TRUE,ready_for_build
1087,GAZP_11,GAZP,11_54,2016,78,10511,463,L_Pgrass,native,2,species,abundance,166,plot:166:10511:463,6,,2016,TRUE,TRUE,ready_for_build
1088,GAZP_11,GAZP,11_54,2016,78,10511,543,L_Pgrass,native,2,species,abundance,166,plot:166:10511:543,6,,2016,TRUE,TRUE,ready_for_build
1089,GAZP_11,GAZP,11_54,2016,78,10512,461,L_Pgrass,native,10,species,abundance,166,plot:166:10512:461,6,,2016,TRUE,TRUE,ready_for_build
1090,GAZP_11,GAZP,11_54,2016,78,10512,501,L_Pgrass,native,5,species,abundance,166,plot:166:10512:501,6,,2016,TRUE,TRUE,ready_for_build
1091,GAZP_11,GAZP,11_54,2016,78,10512,541,L_Pgrass,native,6,species,abundance,166,plot:166:10512:541,6,,2016,TRUE,TRUE,ready_for_build
1092,GAZP_11,GAZP,11_54,2016,78,10519,462,L_Pgrass,native,5,species,abundance,166,plot:166:10519:462,6,,2016,TRUE,TRUE,ready_for_build
1093,GAZP_11,GAZP,11_54,2016,78,10519,542,L_Pgrass,native,3,species,abundance,166,plot:166:10519:542,6,,2016,TRUE,TRUE,ready_for_build
1094,GAZP_11,GAZP,11_54,2016,78,10609,62,L_Pgrass,native,0,species,abundance,166,plot:166:10609:62,6,,2016,TRUE,TRUE,ready_for_build
1095,GAZP_11,GAZP,11_54,2016,78,10609,142,L_Pgrass,native,3,species,abundance,166,plot:166:10609:142,6,,2016,TRUE,TRUE,ready_for_build
1096,GAZP_11,GAZP,11_54,2016,78,10610,463,L_Pgrass,native,2,species,abundance,166,plot:166:10610:463,6,,2016,TRUE,TRUE,ready_for_build
1097,GAZP_11,GAZP,11_54,2016,78,10610,543,L_Pgrass,native,4,species,abundance,166,plot:166:10610:543,6,,2016,TRUE,TRUE,ready_for_build
1098,GAZP_11,GAZP,11_54,2016,78,10611,61,L_Pgrass,native,4,species,abundance,166,plot:166:10611:61,6,,2016,TRUE,TRUE,ready_for_build
1099,GAZP_11,GAZP,11_54,2016,78,10611,101,L_Pgrass,native,6,species,abundance,166,plot:166:10611:101,6,,2016,TRUE,TRUE,ready_for_build
1100,GAZP_11,GAZP,11_54,2016,78,10611,141,L_Pgrass,native,15,species,abundance,166,plot:166:10611:141,6,,2016,TRUE,TRUE,ready_for_build
1101,GAZP_11,GAZP,11_55,2016,78,10907,142,Ely_ely,native,0,species,abundance,166,plot:166:10907:142,6,,2016,TRUE,TRUE,ready_for_build
1102,GAZP_11,GAZP,11_55,2016,78,10908,583,Ely_ely,native,3,species,abundance,166,plot:166:10908:583,6,,2016,TRUE,TRUE,ready_for_build
1103,GAZP_11,GAZP,11_55,2016,78,10909,101,Ely_ely,native,2,species,abundance,166,plot:166:10909:101,6,,2016,TRUE,TRUE,ready_for_build
1104,GAZP_11,GAZP,11_55,2016,78,11007,22,Ely_ely,native,4,species,abundance,166,plot:166:11007:22,6,,2016,TRUE,TRUE,ready_for_build
1105,GAZP_11,GAZP,11_55,2016,78,11008,183,Ely_ely,native,6,species,abundance,166,plot:166:11008:183,6,,2016,TRUE,TRUE,ready_for_build
1106,GAZP_11,GAZP,11_55,2016,78,11009,111,Ely_ely,native,0,species,abundance,166,plot:166:11009:111,6,,2016,TRUE,TRUE,ready_for_build
1107,GAZP_11,GAZP,11_56,2016,78,11307,422,Ely_ely,native,0,species,abundance,166,plot:166:11307:422,6,,2016,TRUE,TRUE,ready_for_build
1108,GAZP_11,GAZP,11_56,2016,78,11308,143,Ely_ely,native,3,species,abundance,166,plot:166:11308:143,6,,2016,TRUE,TRUE,ready_for_build
1109,GAZP_11,GAZP,11_56,2016,78,11309,501,Ely_ely,native,0,species,abundance,166,plot:166:11309:501,6,,2016,TRUE,TRUE,ready_for_build
1110,GAZP_11,GAZP,11_56,2016,78,11407,542,Ely_ely,native,3,species,abundance,166,plot:166:11407:542,6,,2016,TRUE,TRUE,ready_for_build
1111,GAZP_11,GAZP,11_56,2016,78,11408,583,Ely_ely,native,0,species,abundance,166,plot:166:11408:583,6,,2016,TRUE,TRUE,ready_for_build
1112,GAZP_11,GAZP,11_56,2016,78,11409,581,Ely_ely,native,0,species,abundance,166,plot:166:11409:581,6,,2016,TRUE,TRUE,ready_for_build
1113,GAZP_11,GAZP,11_57,2016,78,10910,62,Ely_ely,native,3,species,abundance,166,plot:166:10910:62,6,,2016,TRUE,TRUE,ready_for_build
1114,GAZP_11,GAZP,11_57,2016,78,10911,143,Ely_ely,native,3,species,abundance,166,plot:166:10911:143,6,,2016,TRUE,TRUE,ready_for_build
1115,GAZP_11,GAZP,11_57,2016,78,10912,461,Ely_ely,native,2,species,abundance,166,plot:166:10912:461,6,,2016,TRUE,TRUE,ready_for_build
1116,GAZP_11,GAZP,11_57,2016,78,11010,582,Ely_ely,native,1,species,abundance,166,plot:166:11010:582,6,,2016,TRUE,TRUE,ready_for_build
1117,GAZP_11,GAZP,11_57,2016,78,11011,613,Ely_ely,native,2,species,abundance,166,plot:166:11011:613,6,,2016,TRUE,TRUE,ready_for_build
1118,GAZP_11,GAZP,11_57,2016,78,11012,61,Ely_ely,native,1,species,abundance,166,plot:166:11012:61,6,,2016,TRUE,TRUE,ready_for_build
1119,GAZP_11,GAZP,11_58,2016,78,11310,542,Ely_ely,native,2,species,abundance,166,plot:166:11310:542,6,,2016,TRUE,TRUE,ready_for_build
1120,GAZP_11,GAZP,11_58,2016,78,11311,543,Ely_ely,native,1,species,abundance,166,plot:166:11311:543,6,,2016,TRUE,TRUE,ready_for_build
1121,GAZP_11,GAZP,11_58,2016,78,11312,181,Ely_ely,native,1,species,abundance,166,plot:166:11312:181,6,,2016,TRUE,TRUE,ready_for_build
1122,GAZP_11,GAZP,11_58,2016,78,11410,132,Ely_ely,native,0,species,abundance,166,plot:166:11410:132,6,,2016,TRUE,TRUE,ready_for_build
1123,GAZP_11,GAZP,11_58,2016,78,11411,63,Ely_ely,native,4,species,abundance,166,plot:166:11411:63,6,,2016,TRUE,TRUE,ready_for_build
1124,GAZP_11,GAZP,11_58,2016,78,11412,541,Ely_ely,native,2,species,abundance,166,plot:166:11412:541,6,,2016,TRUE,TRUE,ready_for_build
1125,GAZP_11,GAZP,11_59,2016,78,10907,62,Ely_tra,native,13,species,abundance,166,plot:166:10907:62,6,,2016,TRUE,TRUE,ready_for_build
1126,GAZP_11,GAZP,11_59,2016,78,10908,503,Ely_tra,native,18,species,abundance,166,plot:166:10908:503,6,,2016,TRUE,TRUE,ready_for_build
1127,GAZP_11,GAZP,11_59,2016,78,10909,61,Ely_tra,native,24,species,abundance,166,plot:166:10909:61,6,,2016,TRUE,TRUE,ready_for_build
1128,GAZP_11,GAZP,11_59,2016,78,11007,62,Ely_tra,native,49,species,abundance,166,plot:166:11007:62,6,,2016,TRUE,TRUE,ready_for_build
1129,GAZP_11,GAZP,11_59,2016,78,11008,103,Ely_tra,native,2,species,abundance,166,plot:166:11008:103,6,,2016,TRUE,TRUE,ready_for_build
1130,GAZP_11,GAZP,11_59,2016,78,11009,31,Ely_tra,native,25,species,abundance,166,plot:166:11009:31,6,,2016,TRUE,TRUE,ready_for_build
1131,GAZP_11,GAZP,11_60,2016,78,11307,542,Ely_tra,native,4,species,abundance,166,plot:166:11307:542,6,,2016,TRUE,TRUE,ready_for_build
1132,GAZP_11,GAZP,11_60,2016,78,11308,23,Ely_tra,native,27,species,abundance,166,plot:166:11308:23,6,,2016,TRUE,TRUE,ready_for_build
1133,GAZP_11,GAZP,11_60,2016,78,11309,541,Ely_tra,native,11,species,abundance,166,plot:166:11309:541,6,,2016,TRUE,TRUE,ready_for_build
1134,GAZP_11,GAZP,11_60,2016,78,11407,462,Ely_tra,native,5,species,abundance,166,plot:166:11407:462,6,,2016,TRUE,TRUE,ready_for_build
1135,GAZP_11,GAZP,11_60,2016,78,11408,463,Ely_tra,native,0,species,abundance,166,plot:166:11408:463,6,,2016,TRUE,TRUE,ready_for_build
1136,GAZP_11,GAZP,11_60,2016,78,11409,501,Ely_tra,native,1,species,abundance,166,plot:166:11409:501,6,,2016,TRUE,TRUE,ready_for_build
1137,GAZP_11,GAZP,11_61,2016,78,10910,182,Ely_tra,native,7,species,abundance,166,plot:166:10910:182,6,,2016,TRUE,TRUE,ready_for_build
1138,GAZP_11,GAZP,11_61,2016,78,10911,73,Ely_tra,native,0,species,abundance,166,plot:166:10911:73,6,,2016,TRUE,TRUE,ready_for_build
1139,GAZP_11,GAZP,11_61,2016,78,10912,581,Ely_tra,native,28,species,abundance,166,plot:166:10912:581,6,,2016,TRUE,TRUE,ready_for_build
1140,GAZP_11,GAZP,11_61,2016,78,11010,462,Ely_tra,native,6,species,abundance,166,plot:166:11010:462,6,,2016,TRUE,TRUE,ready_for_build
1141,GAZP_11,GAZP,11_61,2016,78,11011,543,Ely_tra,native,3,species,abundance,166,plot:166:11011:543,6,,2016,TRUE,TRUE,ready_for_build
1142,GAZP_11,GAZP,11_61,2016,78,11012,101,Ely_tra,native,11,species,abundance,166,plot:166:11012:101,6,,2016,TRUE,TRUE,ready_for_build
1143,GAZP_11,GAZP,11_62,2016,78,11310,502,Ely_tra,native,10,species,abundance,166,plot:166:11310:502,6,,2016,TRUE,TRUE,ready_for_build
1144,GAZP_11,GAZP,11_62,2016,78,11311,423,Ely_tra,native,2,species,abundance,166,plot:166:11311:423,6,,2016,TRUE,TRUE,ready_for_build
1145,GAZP_11,GAZP,11_62,2016,78,11312,141,Ely_tra,native,1,species,abundance,166,plot:166:11312:141,6,,2016,TRUE,TRUE,ready_for_build
1146,GAZP_11,GAZP,11_62,2016,78,11410,172,Ely_tra,native,11,species,abundance,166,plot:166:11410:172,6,,2016,TRUE,TRUE,ready_for_build
1147,GAZP_11,GAZP,11_62,2016,78,11411,233,Ely_tra,native,8,species,abundance,166,plot:166:11411:233,6,,2016,TRUE,TRUE,ready_for_build
1148,GAZP_11,GAZP,11_62,2016,78,11412,581,Ely_tra,native,23,species,abundance,166,plot:166:11412:581,6,,2016,TRUE,TRUE,ready_for_build
1149,GAZP_11,GAZP,11_63,2016,78,10907,102,Poa_fen,native,0,species,abundance,166,plot:166:10907:102,6,,2016,TRUE,TRUE,ready_for_build
1150,GAZP_11,GAZP,11_63,2016,78,10908,543,Poa_fen,native,0,species,abundance,166,plot:166:10908:543,6,,2016,TRUE,TRUE,ready_for_build
1151,GAZP_11,GAZP,11_63,2016,78,10909,141,Poa_fen,native,1,species,abundance,166,plot:166:10909:141,6,,2016,TRUE,TRUE,ready_for_build
1152,GAZP_11,GAZP,11_63,2016,78,11007,142,Poa_fen,native,0,species,abundance,166,plot:166:11007:142,6,,2016,TRUE,TRUE,ready_for_build
1153,GAZP_11,GAZP,11_63,2016,78,11008,143,Poa_fen,native,4,species,abundance,166,plot:166:11008:143,6,,2016,TRUE,TRUE,ready_for_build
1154,GAZP_11,GAZP,11_63,2016,78,11009,71,Poa_fen,native,0,species,abundance,166,plot:166:11009:71,6,,2016,TRUE,TRUE,ready_for_build
1155,GAZP_11,GAZP,11_64,2016,78,11307,502,Poa_fen,native,1,species,abundance,166,plot:166:11307:502,6,,2016,TRUE,TRUE,ready_for_build
1156,GAZP_11,GAZP,11_64,2016,78,11308,103,Poa_fen,native,8,species,abundance,166,plot:166:11308:103,6,,2016,TRUE,TRUE,ready_for_build
1157,GAZP_11,GAZP,11_64,2016,78,11309,461,Poa_fen,native,0,species,abundance,166,plot:166:11309:461,6,,2016,TRUE,TRUE,ready_for_build
1158,GAZP_11,GAZP,11_64,2016,78,11407,422,Poa_fen,native,2,species,abundance,166,plot:166:11407:422,6,,2016,TRUE,TRUE,ready_for_build
1159,GAZP_11,GAZP,11_64,2016,78,11408,503,Poa_fen,native,4,species,abundance,166,plot:166:11408:503,6,,2016,TRUE,TRUE,ready_for_build
1160,GAZP_11,GAZP,11_64,2016,78,11409,461,Poa_fen,native,1,species,abundance,166,plot:166:11409:461,6,,2016,TRUE,TRUE,ready_for_build
1161,GAZP_11,GAZP,11_65,2016,78,10910,142,Poa_fen,native,0,species,abundance,166,plot:166:10910:142,6,,2016,TRUE,TRUE,ready_for_build
1162,GAZP_11,GAZP,11_65,2016,78,10911,183,Poa_fen,native,0,species,abundance,166,plot:166:10911:183,6,,2016,TRUE,TRUE,ready_for_build
1163,GAZP_11,GAZP,11_65,2016,78,10912,501,Poa_fen,native,3,species,abundance,166,plot:166:10912:501,6,,2016,TRUE,TRUE,ready_for_build
1164,GAZP_11,GAZP,11_65,2016,78,11010,502,Poa_fen,native,0,species,abundance,166,plot:166:11010:502,6,,2016,TRUE,TRUE,ready_for_build
1165,GAZP_11,GAZP,11_65,2016,78,11011,463,Poa_fen,native,0,species,abundance,166,plot:166:11011:463,6,,2016,TRUE,TRUE,ready_for_build
1166,GAZP_11,GAZP,11_65,2016,78,11012,181,Poa_fen,native,4,species,abundance,166,plot:166:11012:181,6,,2016,TRUE,TRUE,ready_for_build
1167,GAZP_11,GAZP,11_66,2016,78,11310,582,Poa_fen,native,0,species,abundance,166,plot:166:11310:582,6,,2016,TRUE,TRUE,ready_for_build
1168,GAZP_11,GAZP,11_66,2016,78,11311,503,Poa_fen,native,3,species,abundance,166,plot:166:11311:503,6,,2016,TRUE,TRUE,ready_for_build
1169,GAZP_11,GAZP,11_66,2016,78,11312,21,Poa_fen,native,2,species,abundance,166,plot:166:11312:21,6,,2016,TRUE,TRUE,ready_for_build
1170,GAZP_11,GAZP,11_66,2016,78,11410,22,Poa_fen,native,7,species,abundance,166,plot:166:11410:22,6,,2016,TRUE,TRUE,ready_for_build
1171,GAZP_11,GAZP,11_66,2016,78,11411,23,Poa_fen,native,0,species,abundance,166,plot:166:11411:23,6,,2016,TRUE,TRUE,ready_for_build
1172,GAZP_11,GAZP,11_66,2016,78,11412,421,Poa_fen,native,2,species,abundance,166,plot:166:11412:421,6,,2016,TRUE,TRUE,ready_for_build
1173,GAZP_11,GAZP,11_67,2016,78,10907,22,Pse_rup,native,0,species,abundance,166,plot:166:10907:22,6,,2016,TRUE,TRUE,ready_for_build
1174,GAZP_11,GAZP,11_67,2016,78,10908,463,Pse_rup,native,4,species,abundance,166,plot:166:10908:463,6,,2016,TRUE,TRUE,ready_for_build
1175,GAZP_11,GAZP,11_67,2016,78,10909,181,Pse_rup,native,21,species,abundance,166,plot:166:10909:181,6,,2016,TRUE,TRUE,ready_for_build
1176,GAZP_11,GAZP,11_67,2016,78,11007,182,Pse_rup,native,4,species,abundance,166,plot:166:11007:182,6,,2016,TRUE,TRUE,ready_for_build
1177,GAZP_11,GAZP,11_67,2016,78,11008,23,Pse_rup,native,1,species,abundance,166,plot:166:11008:23,6,,2016,TRUE,TRUE,ready_for_build
1178,GAZP_11,GAZP,11_67,2016,78,11009,141,Pse_rup,native,17,species,abundance,166,plot:166:11009:141,6,,2016,TRUE,TRUE,ready_for_build
1179,GAZP_11,GAZP,11_68,2016,78,11307,582,Pse_rup,native,2,species,abundance,166,plot:166:11307:582,6,,2016,TRUE,TRUE,ready_for_build
1180,GAZP_11,GAZP,11_68,2016,78,11308,183,Pse_rup,native,7,species,abundance,166,plot:166:11308:183,6,,2016,TRUE,TRUE,ready_for_build
1181,GAZP_11,GAZP,11_68,2016,78,11309,581,Pse_rup,native,1,species,abundance,166,plot:166:11309:581,6,,2016,TRUE,TRUE,ready_for_build
1182,GAZP_11,GAZP,11_68,2016,78,11407,582,Pse_rup,native,6,species,abundance,166,plot:166:11407:582,6,,2016,TRUE,TRUE,ready_for_build
1183,GAZP_11,GAZP,11_68,2016,78,11408,543,Pse_rup,native,3,species,abundance,166,plot:166:11408:543,6,,2016,TRUE,TRUE,ready_for_build
1184,GAZP_11,GAZP,11_68,2016,78,11409,421,Pse_rup,native,5,species,abundance,166,plot:166:11409:421,6,,2016,TRUE,TRUE,ready_for_build
1185,GAZP_11,GAZP,11_69,2016,78,10910,102,Pse_rup,native,2,species,abundance,166,plot:166:10910:102,6,,2016,TRUE,TRUE,ready_for_build
1186,GAZP_11,GAZP,11_69,2016,78,10911,113,Pse_rup,native,7,species,abundance,166,plot:166:10911:113,6,,2016,TRUE,TRUE,ready_for_build
1187,GAZP_11,GAZP,11_69,2016,78,10912,421,Pse_rup,native,4,species,abundance,166,plot:166:10912:421,6,,2016,TRUE,TRUE,ready_for_build
1188,GAZP_11,GAZP,11_69,2016,78,11010,422,Pse_rup,native,4,species,abundance,166,plot:166:11010:422,6,,2016,TRUE,TRUE,ready_for_build
1189,GAZP_11,GAZP,11_69,2016,78,11011,573,Pse_rup,native,1,species,abundance,166,plot:166:11011:573,6,,2016,TRUE,TRUE,ready_for_build
1190,GAZP_11,GAZP,11_69,2016,78,11012,141,Pse_rup,native,15,species,abundance,166,plot:166:11012:141,6,,2016,TRUE,TRUE,ready_for_build
1191,GAZP_11,GAZP,11_70,2016,78,11310,462,Pse_rup,native,4,species,abundance,166,plot:166:11310:462,6,,2016,TRUE,TRUE,ready_for_build
1192,GAZP_11,GAZP,11_70,2016,78,11311,583,Pse_rup,native,0,species,abundance,166,plot:166:11311:583,6,,2016,TRUE,TRUE,ready_for_build
1193,GAZP_11,GAZP,11_70,2016,78,11312,61,Pse_rup,native,18,species,abundance,166,plot:166:11312:61,6,,2016,TRUE,TRUE,ready_for_build
1194,GAZP_11,GAZP,11_70,2016,78,11410,62,Pse_rup,native,4,species,abundance,166,plot:166:11410:62,6,,2016,TRUE,TRUE,ready_for_build
1195,GAZP_11,GAZP,11_70,2016,78,11411,103,Pse_rup,native,0,species,abundance,166,plot:166:11411:103,6,,2016,TRUE,TRUE,ready_for_build
1196,GAZP_11,GAZP,11_70,2016,78,11412,501,Pse_rup,native,6,species,abundance,166,plot:166:11412:501,6,,2016,TRUE,TRUE,ready_for_build
1197,GAZP_11,GAZP,11_71,2016,78,10907,182,Vul_mic,native,1,species,abundance,166,plot:166:10907:182,6,,2016,TRUE,TRUE,ready_for_build
1198,GAZP_11,GAZP,11_71,2016,78,10908,423,Vul_mic,native,1,species,abundance,166,plot:166:10908:423,6,,2016,TRUE,TRUE,ready_for_build
1199,GAZP_11,GAZP,11_71,2016,78,10909,21,Vul_mic,native,0,species,abundance,166,plot:166:10909:21,6,,2016,TRUE,TRUE,ready_for_build
1200,GAZP_11,GAZP,11_71,2016,78,11007,102,Vul_mic,native,3,species,abundance,166,plot:166:11007:102,6,,2016,TRUE,TRUE,ready_for_build
1201,GAZP_11,GAZP,11_71,2016,78,11008,63,Vul_mic,native,3,species,abundance,166,plot:166:11008:63,6,,2016,TRUE,TRUE,ready_for_build
1202,GAZP_11,GAZP,11_71,2016,78,11009,181,Vul_mic,native,3,species,abundance,166,plot:166:11009:181,6,,2016,TRUE,TRUE,ready_for_build
1203,GAZP_11,GAZP,11_72,2016,78,11307,462,Vul_mic,native,1,species,abundance,166,plot:166:11307:462,6,,2016,TRUE,TRUE,ready_for_build
1204,GAZP_11,GAZP,11_72,2016,78,11308,63,Vul_mic,native,3,species,abundance,166,plot:166:11308:63,6,,2016,TRUE,TRUE,ready_for_build
1205,GAZP_11,GAZP,11_72,2016,78,11309,621,Vul_mic,native,1,species,abundance,166,plot:166:11309:621,6,,2016,TRUE,TRUE,ready_for_build
1206,GAZP_11,GAZP,11_72,2016,78,11407,502,Vul_mic,native,0,species,abundance,166,plot:166:11407:502,6,,2016,TRUE,TRUE,ready_for_build
1207,GAZP_11,GAZP,11_72,2016,78,11408,423,Vul_mic,native,0,species,abundance,166,plot:166:11408:423,6,,2016,TRUE,TRUE,ready_for_build
1208,GAZP_11,GAZP,11_72,2016,78,11409,541,Vul_mic,native,3,species,abundance,166,plot:166:11409:541,6,,2016,TRUE,TRUE,ready_for_build
1209,GAZP_11,GAZP,11_73,2016,78,10910,22,Vul_mic,native,1,species,abundance,166,plot:166:10910:22,6,,2016,TRUE,TRUE,ready_for_build
1210,GAZP_11,GAZP,11_73,2016,78,10911,23,Vul_mic,native,0,species,abundance,166,plot:166:10911:23,6,,2016,TRUE,TRUE,ready_for_build
1211,GAZP_11,GAZP,11_73,2016,78,10912,541,Vul_mic,native,8,species,abundance,166,plot:166:10912:541,6,,2016,TRUE,TRUE,ready_for_build
1212,GAZP_11,GAZP,11_73,2016,78,11010,542,Vul_mic,native,1,species,abundance,166,plot:166:11010:542,6,,2016,TRUE,TRUE,ready_for_build
1213,GAZP_11,GAZP,11_73,2016,78,11011,503,Vul_mic,native,0,species,abundance,166,plot:166:11011:503,6,,2016,TRUE,TRUE,ready_for_build
1214,GAZP_11,GAZP,11_73,2016,78,11012,21,Vul_mic,native,5,species,abundance,166,plot:166:11012:21,6,,2016,TRUE,TRUE,ready_for_build
1215,GAZP_11,GAZP,11_74,2016,78,11310,422,Vul_mic,native,0,species,abundance,166,plot:166:11310:422,6,,2016,TRUE,TRUE,ready_for_build
1216,GAZP_11,GAZP,11_74,2016,78,11311,463,Vul_mic,native,1,species,abundance,166,plot:166:11311:463,6,,2016,TRUE,TRUE,ready_for_build
1217,GAZP_11,GAZP,11_74,2016,78,11312,101,Vul_mic,native,0,species,abundance,166,plot:166:11312:101,6,,2016,TRUE,TRUE,ready_for_build
1218,GAZP_11,GAZP,11_74,2016,78,11410,102,Vul_mic,native,1,species,abundance,166,plot:166:11410:102,6,,2016,TRUE,TRUE,ready_for_build
1219,GAZP_11,GAZP,11_74,2016,78,11411,183,Vul_mic,native,0,species,abundance,166,plot:166:11411:183,6,,2016,TRUE,TRUE,ready_for_build
1220,GAZP_11,GAZP,11_74,2016,78,11412,461,Vul_mic,native,0,species,abundance,166,plot:166:11412:461,6,,2016,TRUE,TRUE,ready_for_build
