area_key,source_treatmentid,source_treatment_event_key,link_reason
plot:166:10101:462,11_1,11_1::event_01,explicit sampling area treatment
plot:166:10101:462,11_1,11_1::event_02,explicit sampling area treatment
plot:166:10101:542,11_1,11_1::event_01,explicit sampling area treatment
plot:166:10101:542,11_1,11_1::event_02,explicit sampling area treatment
plot:166:10102:461,11_1,11_1::event_01,explicit sampling area treatment
plot:166:10102:461,11_1,11_1::event_02,explicit sampling area treatment
plot:166:10102:501,11_1,11_1::event_01,explicit sampling area treatment
plot:166:10102:501,11_1,11_1::event_02,explicit sampling area treatment
plot:166:10102:541,11_1,11_1::event_01,explicit sampling area treatment
plot:166:10102:541,11_1,11_1::event_02,explicit sampling area treatment
plot:166:10103:143,11_1,11_1::event_01,explicit sampling area treatment
plot:166:10103:143,11_1,11_1::event_02,explicit sampling area treatment
plot:166:10103:63,11_1,11_1::event_01,explicit sampling area treatment
plot:166:10103:63,11_1,11_1::event_02,explicit sampling area treatment
plot:166:10104:102,11_3,11_3::event_01,explicit sampling area treatment
plot:166:10104:102,11_3,11_3::event_02,explicit sampling area treatment
plot:166:10104:142,11_3,11_3::event_01,explicit sampling area treatment
plot:166:10104:142,11_3,11_3::event_02,explicit sampling area treatment
plot:166:10105:461,11_3,11_3::event_01,explicit sampling area treatment
plot:166:10105:461,11_3,11_3::event_02,explicit sampling area treatment
plot:166:10105:501,11_3,11_3::event_01,explicit sampling area treatment
plot:166:10105:501,11_3,11_3::event_02,explicit sampling area treatment
plot:166:10105:541,11_3,11_3::event_01,explicit sampling area treatment
plot:166:10105:541,11_3,11_3::event_02,explicit sampling area treatment
plot:166:10106:453,11_3,11_3::event_01,explicit sampling area treatment
plot:166:10106:453,11_3,11_3::event_02,explicit sampling area treatment
plot:166:10106:543,11_3,11_3::event_01,explicit sampling area treatment
plot:166:10106:543,11_3,11_3::event_02,explicit sampling area treatment
plot:166:10107:462,11_51,11_51::event_01,explicit sampling area treatment
plot:166:10107:462,11_51,11_51::event_02,explicit sampling area treatment
plot:166:10107:542,11_51,11_51::event_01,explicit sampling area treatment
plot:166:10107:542,11_51,11_51::event_02,explicit sampling area treatment
plot:166:10108:143,11_51,11_51::event_01,explicit sampling area treatment
plot:166:10108:143,11_51,11_51::event_02,explicit sampling area treatment
plot:166:10108:63,11_51,11_51::event_01,explicit sampling area treatment
plot:166:10108:63,11_51,11_51::event_02,explicit sampling area treatment
plot:166:10109:101,11_51,11_51::event_01,explicit sampling area treatment
plot:166:10109:101,11_51,11_51::event_02,explicit sampling area treatment
plot:166:10109:141,11_51,11_51::event_01,explicit sampling area treatment
plot:166:10109:141,11_51,11_51::event_02,explicit sampling area treatment
plot:166:10109:61,11_51,11_51::event_01,explicit sampling area treatment
plot:166:10109:61,11_51,11_51::event_02,explicit sampling area treatment
plot:166:10110:142,11_53,11_53::event_01,explicit sampling area treatment
plot:166:10110:142,11_53,11_53::event_02,explicit sampling area treatment
plot:166:10110:62,11_53,11_53::event_01,explicit sampling area treatment
plot:166:10110:62,11_53,11_53::event_02,explicit sampling area treatment
plot:166:10111:143,11_53,11_53::event_01,explicit sampling area treatment
plot:166:10111:143,11_53,11_53::event_02,explicit sampling area treatment
plot:166:10111:63,11_53,11_53::event_01,explicit sampling area treatment
plot:166:10111:63,11_53,11_53::event_02,explicit sampling area treatment
plot:166:10112:101,11_53,11_53::event_01,explicit sampling area treatment
plot:166:10112:101,11_53,11_53::event_02,explicit sampling area treatment
plot:166:10112:141,11_53,11_53::event_01,explicit sampling area treatment
plot:166:10112:141,11_53,11_53::event_02,explicit sampling area treatment
plot:166:10112:61,11_53,11_53::event_01,explicit sampling area treatment
plot:166:10112:61,11_53,11_53::event_02,explicit sampling area treatment
plot:166:10201:102,11_1,11_1::event_01,explicit sampling area treatment
plot:166:10201:102,11_1,11_1::event_02,explicit sampling area treatment
plot:166:10201:142,11_1,11_1::event_01,explicit sampling area treatment
plot:166:10201:142,11_1,11_1::event_02,explicit sampling area treatment
plot:166:10202:463,11_1,11_1::event_01,explicit sampling area treatment
plot:166:10202:463,11_1,11_1::event_02,explicit sampling area treatment
plot:166:10202:543,11_1,11_1::event_01,explicit sampling area treatment
plot:166:10202:543,11_1,11_1::event_02,explicit sampling area treatment
plot:166:10203:502,11_3,11_3::event_01,explicit sampling area treatment
plot:166:10203:502,11_3,11_3::event_02,explicit sampling area treatment
plot:166:10203:542,11_3,11_3::event_01,explicit sampling area treatment
plot:166:10203:542,11_3,11_3::event_02,explicit sampling area treatment
plot:166:10204:461,11_3,11_3::event_01,explicit sampling area treatment
plot:166:10204:461,11_3,11_3::event_02,explicit sampling area treatment
plot:166:10204:501,11_3,11_3::event_01,explicit sampling area treatment
plot:166:10204:501,11_3,11_3::event_02,explicit sampling area treatment
plot:166:10204:541,11_3,11_3::event_01,explicit sampling area treatment
plot:166:10204:541,11_3,11_3::event_02,explicit sampling area treatment
plot:166:10205:463,11_3,11_3::event_01,explicit sampling area treatment
plot:166:10205:463,11_3,11_3::event_02,explicit sampling area treatment
plot:166:10205:543,11_3,11_3::event_01,explicit sampling area treatment
plot:166:10205:543,11_3,11_3::event_02,explicit sampling area treatment
plot:166:10206:462,11_51,11_51::event_01,explicit sampling area treatment
plot:166:10206:462,11_51,11_51::event_02,explicit sampling area treatment
plot:166:10206:542,11_51,11_51::event_01,explicit sampling area treatment
plot:166:10206:542,11_51,11_51::event_02,explicit sampling area treatment
plot:166:10207:143,11_51,11_51::event_01,explicit sampling area treatment
plot:166:10207:143,11_51,11_51::event_02,explicit sampling area treatment
plot:166:10207:63,11_51,11_51::event_01,explicit sampling area treatment
plot:166:10207:63,11_51,11_51::event_02,explicit sampling area treatment
plot:166:10208:101,11_51,11_51::event_01,explicit sampling area treatment
plot:166:10208:101,11_51,11_51::event_02,explicit sampling area treatment
plot:166:10208:141,11_51,11_51::event_01,explicit sampling area treatment
plot:166:10208:141,11_51,11_51::event_02,explicit sampling area treatment
plot:166:10208:61,11_51,11_51::event_01,explicit sampling area treatment
plot:166:10208:61,11_51,11_51::event_02,explicit sampling area treatment
plot:166:10209:462,11_53,11_53::event_01,explicit sampling area treatment
plot:166:10209:462,11_53,11_53::event_02,explicit sampling area treatment
plot:166:10209:542,11_53,11_53::event_01,explicit sampling area treatment
plot:166:10209:542,11_53,11_53::event_02,explicit sampling area treatment
plot:166:10210:143,11_53,11_53::event_01,explicit sampling area treatment
plot:166:10210:143,11_53,11_53::event_02,explicit sampling area treatment
plot:166:10210:63,11_53,11_53::event_01,explicit sampling area treatment
plot:166:10210:63,11_53,11_53::event_02,explicit sampling area treatment
plot:166:10211:461,11_53,11_53::event_01,explicit sampling area treatment
plot:166:10211:461,11_53,11_53::event_02,explicit sampling area treatment
plot:166:10211:501,11_53,11_53::event_01,explicit sampling area treatment
plot:166:10211:501,11_53,11_53::event_02,explicit sampling area treatment
plot:166:10211:541,11_53,11_53::event_01,explicit sampling area treatment
plot:166:10211:541,11_53,11_53::event_02,explicit sampling area treatment
plot:166:10301:163,11_26,11_26::event_01,explicit sampling area treatment
plot:166:10301:73,11_26,11_26::event_01,explicit sampling area treatment
plot:166:10307:102,11_26,11_26::event_01,explicit sampling area treatment
plot:166:10307:142,11_26,11_26::event_01,explicit sampling area treatment
plot:166:10308:461,11_26,11_26::event_01,explicit sampling area treatment
plot:166:10308:501,11_26,11_26::event_01,explicit sampling area treatment
plot:166:10308:541,11_26,11_26::event_01,explicit sampling area treatment
plot:166:10310:143,11_28,11_28::event_01,explicit sampling area treatment
plot:166:10310:63,11_28,11_28::event_01,explicit sampling area treatment
plot:166:10316:102,11_28,11_28::event_01,explicit sampling area treatment
plot:166:10316:142,11_28,11_28::event_01,explicit sampling area treatment
plot:166:10317:461,11_28,11_28::event_01,explicit sampling area treatment
plot:166:10317:501,11_28,11_28::event_01,explicit sampling area treatment
plot:166:10317:541,11_28,11_28::event_01,explicit sampling area treatment
plot:166:10401:463,11_26,11_26::event_01,explicit sampling area treatment
plot:166:10401:543,11_26,11_26::event_01,explicit sampling area treatment
plot:166:10407:102,11_26,11_26::event_01,explicit sampling area treatment
plot:166:10407:142,11_26,11_26::event_01,explicit sampling area treatment
plot:166:10408:101,11_26,11_26::event_01,explicit sampling area treatment
plot:166:10408:141,11_26,11_26::event_01,explicit sampling area treatment
plot:166:10408:61,11_26,11_26::event_01,explicit sampling area treatment
plot:166:10410:143,11_28,11_28::event_01,explicit sampling area treatment
plot:166:10410:63,11_28,11_28::event_01,explicit sampling area treatment
plot:166:10416:502,11_28,11_28::event_01,explicit sampling area treatment
plot:166:10416:542,11_28,11_28::event_01,explicit sampling area treatment
plot:166:10417:461,11_28,11_28::event_01,explicit sampling area treatment
plot:166:10417:501,11_28,11_28::event_01,explicit sampling area treatment
plot:166:10417:541,11_28,11_28::event_01,explicit sampling area treatment
plot:166:10501:142,11_2,11_2::event_01,explicit sampling area treatment
plot:166:10501:142,11_2,11_2::event_02,explicit sampling area treatment
plot:166:10501:62,11_2,11_2::event_01,explicit sampling area treatment
plot:166:10501:62,11_2,11_2::event_02,explicit sampling area treatment
plot:166:10502:101,11_2,11_2::event_01,explicit sampling area treatment
plot:166:10502:101,11_2,11_2::event_02,explicit sampling area treatment
plot:166:10502:141,11_2,11_2::event_01,explicit sampling area treatment
plot:166:10502:141,11_2,11_2::event_02,explicit sampling area treatment
plot:166:10502:61,11_2,11_2::event_01,explicit sampling area treatment
plot:166:10502:61,11_2,11_2::event_02,explicit sampling area treatment
plot:166:10503:463,11_2,11_2::event_01,explicit sampling area treatment
plot:166:10503:463,11_2,11_2::event_02,explicit sampling area treatment
plot:166:10503:543,11_2,11_2::event_01,explicit sampling area treatment
plot:166:10503:543,11_2,11_2::event_02,explicit sampling area treatment
plot:166:10504:502,11_4,11_4::event_01,explicit sampling area treatment
plot:166:10504:502,11_4,11_4::event_02,explicit sampling area treatment
plot:166:10504:542,11_4,11_4::event_01,explicit sampling area treatment
plot:166:10504:542,11_4,11_4::event_02,explicit sampling area treatment
plot:166:10505:101,11_4,11_4::event_01,explicit sampling area treatment
plot:166:10505:101,11_4,11_4::event_02,explicit sampling area treatment
plot:166:10505:141,11_4,11_4::event_01,explicit sampling area treatment
plot:166:10505:141,11_4,11_4::event_02,explicit sampling area treatment
plot:166:10505:61,11_4,11_4::event_01,explicit sampling area treatment
plot:166:10505:61,11_4,11_4::event_02,explicit sampling area treatment
plot:166:10506:143,11_4,11_4::event_01,explicit sampling area treatment
plot:166:10506:143,11_4,11_4::event_02,explicit sampling area treatment
plot:166:10506:63,11_4,11_4::event_01,explicit sampling area treatment
plot:166:10506:63,11_4,11_4::event_02,explicit sampling area treatment
plot:166:10507:142,11_52,11_52::event_01,explicit sampling area treatment
plot:166:10507:142,11_52,11_52::event_02,explicit sampling area treatment
plot:166:10507:62,11_52,11_52::event_01,explicit sampling area treatment
plot:166:10507:62,11_52,11_52::event_02,explicit sampling area treatment
plot:166:10508:463,11_52,11_52::event_01,explicit sampling area treatment
plot:166:10508:463,11_52,11_52::event_02,explicit sampling area treatment
plot:166:10508:543,11_52,11_52::event_01,explicit sampling area treatment
plot:166:10508:543,11_52,11_52::event_02,explicit sampling area treatment
plot:166:10509:461,11_52,11_52::event_01,explicit sampling area treatment
plot:166:10509:461,11_52,11_52::event_02,explicit sampling area treatment
plot:166:10509:501,11_52,11_52::event_01,explicit sampling area treatment
plot:166:10509:501,11_52,11_52::event_02,explicit sampling area treatment
plot:166:10509:541,11_52,11_52::event_01,explicit sampling area treatment
plot:166:10509:541,11_52,11_52::event_02,explicit sampling area treatment
plot:166:10511:463,11_54,11_54::event_01,explicit sampling area treatment
plot:166:10511:463,11_54,11_54::event_02,explicit sampling area treatment
plot:166:10511:543,11_54,11_54::event_01,explicit sampling area treatment
plot:166:10511:543,11_54,11_54::event_02,explicit sampling area treatment
plot:166:10512:461,11_54,11_54::event_01,explicit sampling area treatment
plot:166:10512:461,11_54,11_54::event_02,explicit sampling area treatment
plot:166:10512:501,11_54,11_54::event_01,explicit sampling area treatment
plot:166:10512:501,11_54,11_54::event_02,explicit sampling area treatment
plot:166:10512:541,11_54,11_54::event_01,explicit sampling area treatment
plot:166:10512:541,11_54,11_54::event_02,explicit sampling area treatment
plot:166:10519:462,11_54,11_54::event_01,explicit sampling area treatment
plot:166:10519:462,11_54,11_54::event_02,explicit sampling area treatment
plot:166:10519:542,11_54,11_54::event_01,explicit sampling area treatment
plot:166:10519:542,11_54,11_54::event_02,explicit sampling area treatment
plot:166:10601:502,11_2,11_2::event_01,explicit sampling area treatment
plot:166:10601:502,11_2,11_2::event_02,explicit sampling area treatment
plot:166:10601:542,11_2,11_2::event_01,explicit sampling area treatment
plot:166:10601:542,11_2,11_2::event_02,explicit sampling area treatment
plot:166:10602:143,11_2,11_2::event_01,explicit sampling area treatment
plot:166:10602:143,11_2,11_2::event_02,explicit sampling area treatment
plot:166:10602:63,11_2,11_2::event_01,explicit sampling area treatment
plot:166:10602:63,11_2,11_2::event_02,explicit sampling area treatment
plot:166:10603:102,11_4,11_4::event_01,explicit sampling area treatment
plot:166:10603:102,11_4,11_4::event_02,explicit sampling area treatment
plot:166:10603:142,11_4,11_4::event_01,explicit sampling area treatment
plot:166:10603:142,11_4,11_4::event_02,explicit sampling area treatment
plot:166:10604:101,11_4,11_4::event_01,explicit sampling area treatment
plot:166:10604:101,11_4,11_4::event_02,explicit sampling area treatment
plot:166:10604:141,11_4,11_4::event_01,explicit sampling area treatment
plot:166:10604:141,11_4,11_4::event_02,explicit sampling area treatment
plot:166:10604:61,11_4,11_4::event_01,explicit sampling area treatment
plot:166:10604:61,11_4,11_4::event_02,explicit sampling area treatment
plot:166:10605:143,11_4,11_4::event_01,explicit sampling area treatment
plot:166:10605:143,11_4,11_4::event_02,explicit sampling area treatment
plot:166:10605:63,11_4,11_4::event_01,explicit sampling area treatment
plot:166:10605:63,11_4,11_4::event_02,explicit sampling area treatment
plot:166:10606:142,11_52,11_52::event_01,explicit sampling area treatment
plot:166:10606:142,11_52,11_52::event_02,explicit sampling area treatment
plot:166:10606:62,11_52,11_52::event_01,explicit sampling area treatment
plot:166:10606:62,11_52,11_52::event_02,explicit sampling area treatment
plot:166:10607:463,11_52,11_52::event_01,explicit sampling area treatment
plot:166:10607:463,11_52,11_52::event_02,explicit sampling area treatment
plot:166:10607:543,11_52,11_52::event_01,explicit sampling area treatment
plot:166:10607:543,11_52,11_52::event_02,explicit sampling area treatment
plot:166:10608:461,11_52,11_52::event_01,explicit sampling area treatment
plot:166:10608:461,11_52,11_52::event_02,explicit sampling area treatment
plot:166:10608:501,11_52,11_52::event_01,explicit sampling area treatment
plot:166:10608:501,11_52,11_52::event_02,explicit sampling area treatment
plot:166:10608:541,11_52,11_52::event_01,explicit sampling area treatment
plot:166:10608:541,11_52,11_52::event_02,explicit sampling area treatment
plot:166:10609:142,11_54,11_54::event_01,explicit sampling area treatment
plot:166:10609:142,11_54,11_54::event_02,explicit sampling area treatment
plot:166:10609:62,11_54,11_54::event_01,explicit sampling area treatment
plot:166:10609:62,11_54,11_54::event_02,explicit sampling area treatment
plot:166:10610:463,11_54,11_54::event_01,explicit sampling area treatment
plot:166:10610:463,11_54,11_54::event_02,explicit sampling area treatment
plot:166:10610:543,11_54,11_54::event_01,explicit sampling area treatment
plot:166:10610:543,11_54,11_54::event_02,explicit sampling area treatment
plot:166:10611:101,11_54,11_54::event_01,explicit sampling area treatment
plot:166:10611:101,11_54,11_54::event_02,explicit sampling area treatment
plot:166:10611:141,11_54,11_54::event_01,explicit sampling area treatment
plot:166:10611:141,11_54,11_54::event_02,explicit sampling area treatment
plot:166:10611:61,11_54,11_54::event_01,explicit sampling area treatment
plot:166:10611:61,11_54,11_54::event_02,explicit sampling area treatment
plot:166:10701:493,11_27,11_27::event_01,explicit sampling area treatment
plot:166:10701:573,11_27,11_27::event_01,explicit sampling area treatment
plot:166:10707:502,11_27,11_27::event_01,explicit sampling area treatment
plot:166:10707:542,11_27,11_27::event_01,explicit sampling area treatment
plot:166:10708:101,11_27,11_27::event_01,explicit sampling area treatment
plot:166:10708:141,11_27,11_27::event_01,explicit sampling area treatment
plot:166:10708:61,11_27,11_27::event_01,explicit sampling area treatment
plot:166:10710:463,11_29,11_29::event_01,explicit sampling area treatment
plot:166:10710:543,11_29,11_29::event_01,explicit sampling area treatment
plot:166:10716:502,11_29,11_29::event_01,explicit sampling area treatment
plot:166:10716:542,11_29,11_29::event_01,explicit sampling area treatment
plot:166:10717:101,11_29,11_29::event_01,explicit sampling area treatment
plot:166:10717:141,11_29,11_29::event_01,explicit sampling area treatment
plot:166:10717:61,11_29,11_29::event_01,explicit sampling area treatment
plot:166:10801:143,11_27,11_27::event_01,explicit sampling area treatment
plot:166:10801:63,11_27,11_27::event_01,explicit sampling area treatment
plot:166:10807:502,11_27,11_27::event_01,explicit sampling area treatment
plot:166:10807:542,11_27,11_27::event_01,explicit sampling area treatment
plot:166:10808:461,11_27,11_27::event_01,explicit sampling area treatment
plot:166:10808:501,11_27,11_27::event_01,explicit sampling area treatment
plot:166:10808:541,11_27,11_27::event_01,explicit sampling area treatment
plot:166:10810:463,11_29,11_29::event_01,explicit sampling area treatment
plot:166:10810:543,11_29,11_29::event_01,explicit sampling area treatment
plot:166:10816:102,11_29,11_29::event_01,explicit sampling area treatment
plot:166:10816:142,11_29,11_29::event_01,explicit sampling area treatment
plot:166:10817:101,11_29,11_29::event_01,explicit sampling area treatment
plot:166:10817:141,11_29,11_29::event_01,explicit sampling area treatment
plot:166:10817:61,11_29,11_29::event_01,explicit sampling area treatment
plot:166:10901:102,11_5,11_5::event_01,explicit sampling area treatment
plot:166:10901:102,11_5,11_5::event_02,explicit sampling area treatment
plot:166:10901:142,11_9,11_9::event_01,explicit sampling area treatment
plot:166:10901:142,11_9,11_9::event_02,explicit sampling area treatment
plot:166:10901:182,11_21,11_21::event_01,explicit sampling area treatment
plot:166:10901:182,11_21,11_21::event_02,explicit sampling area treatment
plot:166:10901:22,11_13,11_13::event_01,explicit sampling area treatment
plot:166:10901:22,11_13,11_13::event_02,explicit sampling area treatment
plot:166:10901:62,11_17,11_17::event_01,explicit sampling area treatment
plot:166:10901:62,11_17,11_17::event_02,explicit sampling area treatment
plot:166:10902:101,11_17,11_17::event_01,explicit sampling area treatment
plot:166:10902:101,11_17,11_17::event_02,explicit sampling area treatment
plot:166:10902:141,11_21,11_21::event_01,explicit sampling area treatment
plot:166:10902:141,11_21,11_21::event_02,explicit sampling area treatment
plot:166:10902:181,11_13,11_13::event_01,explicit sampling area treatment
plot:166:10902:181,11_13,11_13::event_02,explicit sampling area treatment
plot:166:10902:21,11_9,11_9::event_01,explicit sampling area treatment
plot:166:10902:21,11_9,11_9::event_02,explicit sampling area treatment
plot:166:10902:61,11_5,11_5::event_01,explicit sampling area treatment
plot:166:10902:61,11_5,11_5::event_02,explicit sampling area treatment
plot:166:10903:423,11_9,11_9::event_01,explicit sampling area treatment
plot:166:10903:423,11_9,11_9::event_02,explicit sampling area treatment
plot:166:10903:463,11_21,11_21::event_01,explicit sampling area treatment
plot:166:10903:463,11_21,11_21::event_02,explicit sampling area treatment
plot:166:10903:503,11_17,11_17::event_01,explicit sampling area treatment
plot:166:10903:503,11_17,11_17::event_02,explicit sampling area treatment
plot:166:10903:543,11_13,11_13::event_01,explicit sampling area treatment
plot:166:10903:543,11_13,11_13::event_02,explicit sampling area treatment
plot:166:10903:583,11_5,11_5::event_01,explicit sampling area treatment
plot:166:10903:583,11_5,11_5::event_02,explicit sampling area treatment
plot:166:10904:102,11_15,11_15::event_01,explicit sampling area treatment
plot:166:10904:102,11_15,11_15::event_02,explicit sampling area treatment
plot:166:10904:142,11_19,11_19::event_01,explicit sampling area treatment
plot:166:10904:142,11_19,11_19::event_02,explicit sampling area treatment
plot:166:10904:182,11_23,11_23::event_01,explicit sampling area treatment
plot:166:10904:182,11_23,11_23::event_02,explicit sampling area treatment
plot:166:10904:22,11_7,11_7::event_01,explicit sampling area treatment
plot:166:10904:22,11_7,11_7::event_02,explicit sampling area treatment
plot:166:10904:62,11_11,11_11::event_01,explicit sampling area treatment
plot:166:10904:62,11_11,11_11::event_02,explicit sampling area treatment
plot:166:10905:101,11_19,11_19::event_01,explicit sampling area treatment
plot:166:10905:101,11_19,11_19::event_02,explicit sampling area treatment
plot:166:10905:141,11_11,11_11::event_01,explicit sampling area treatment
plot:166:10905:141,11_11,11_11::event_02,explicit sampling area treatment
plot:166:10905:181,11_15,11_15::event_01,explicit sampling area treatment
plot:166:10905:181,11_15,11_15::event_02,explicit sampling area treatment
plot:166:10905:21,11_23,11_23::event_01,explicit sampling area treatment
plot:166:10905:21,11_23,11_23::event_02,explicit sampling area treatment
plot:166:10905:61,11_7,11_7::event_01,explicit sampling area treatment
plot:166:10905:61,11_7,11_7::event_02,explicit sampling area treatment
plot:166:10906:103,11_15,11_15::event_01,explicit sampling area treatment
plot:166:10906:103,11_15,11_15::event_02,explicit sampling area treatment
plot:166:10906:133,11_11,11_11::event_01,explicit sampling area treatment
plot:166:10906:133,11_11,11_11::event_02,explicit sampling area treatment
plot:166:10906:173,11_7,11_7::event_01,explicit sampling area treatment
plot:166:10906:173,11_7,11_7::event_02,explicit sampling area treatment
plot:166:10906:23,11_23,11_23::event_01,explicit sampling area treatment
plot:166:10906:23,11_23,11_23::event_02,explicit sampling area treatment
plot:166:10906:63,11_19,11_19::event_01,explicit sampling area treatment
plot:166:10906:63,11_19,11_19::event_02,explicit sampling area treatment
plot:166:10907:102,11_63,11_63::event_01,explicit sampling area treatment
plot:166:10907:102,11_63,11_63::event_02,explicit sampling area treatment
plot:166:10907:142,11_55,11_55::event_01,explicit sampling area treatment
plot:166:10907:142,11_55,11_55::event_02,explicit sampling area treatment
plot:166:10907:182,11_71,11_71::event_01,explicit sampling area treatment
plot:166:10907:182,11_71,11_71::event_02,explicit sampling area treatment
plot:166:10907:22,11_67,11_67::event_01,explicit sampling area treatment
plot:166:10907:22,11_67,11_67::event_02,explicit sampling area treatment
plot:166:10907:62,11_59,11_59::event_01,explicit sampling area treatment
plot:166:10907:62,11_59,11_59::event_02,explicit sampling area treatment
plot:166:10908:423,11_71,11_71::event_01,explicit sampling area treatment
plot:166:10908:423,11_71,11_71::event_02,explicit sampling area treatment
plot:166:10908:463,11_67,11_67::event_01,explicit sampling area treatment
plot:166:10908:463,11_67,11_67::event_02,explicit sampling area treatment
plot:166:10908:503,11_59,11_59::event_01,explicit sampling area treatment
plot:166:10908:503,11_59,11_59::event_02,explicit sampling area treatment
plot:166:10908:543,11_63,11_63::event_01,explicit sampling area treatment
plot:166:10908:543,11_63,11_63::event_02,explicit sampling area treatment
plot:166:10908:583,11_55,11_55::event_01,explicit sampling area treatment
plot:166:10908:583,11_55,11_55::event_02,explicit sampling area treatment
plot:166:10909:101,11_55,11_55::event_01,explicit sampling area treatment
plot:166:10909:101,11_55,11_55::event_02,explicit sampling area treatment
plot:166:10909:141,11_63,11_63::event_01,explicit sampling area treatment
plot:166:10909:141,11_63,11_63::event_02,explicit sampling area treatment
plot:166:10909:181,11_67,11_67::event_01,explicit sampling area treatment
plot:166:10909:181,11_67,11_67::event_02,explicit sampling area treatment
plot:166:10909:21,11_71,11_71::event_01,explicit sampling area treatment
plot:166:10909:21,11_71,11_71::event_02,explicit sampling area treatment
plot:166:10909:61,11_59,11_59::event_01,explicit sampling area treatment
plot:166:10909:61,11_59,11_59::event_02,explicit sampling area treatment
plot:166:10910:102,11_69,11_69::event_01,explicit sampling area treatment
plot:166:10910:102,11_69,11_69::event_02,explicit sampling area treatment
plot:166:10910:142,11_65,11_65::event_01,explicit sampling area treatment
plot:166:10910:142,11_65,11_65::event_02,explicit sampling area treatment
plot:166:10910:182,11_61,11_61::event_01,explicit sampling area treatment
plot:166:10910:182,11_61,11_61::event_02,explicit sampling area treatment
plot:166:10910:22,11_73,11_73::event_01,explicit sampling area treatment
plot:166:10910:22,11_73,11_73::event_02,explicit sampling area treatment
plot:166:10910:62,11_57,11_57::event_01,explicit sampling area treatment
plot:166:10910:62,11_57,11_57::event_02,explicit sampling area treatment
plot:166:10911:113,11_69,11_69::event_01,explicit sampling area treatment
plot:166:10911:113,11_69,11_69::event_02,explicit sampling area treatment
plot:166:10911:143,11_57,11_57::event_01,explicit sampling area treatment
plot:166:10911:143,11_57,11_57::event_02,explicit sampling area treatment
plot:166:10911:183,11_65,11_65::event_01,explicit sampling area treatment
plot:166:10911:183,11_65,11_65::event_02,explicit sampling area treatment
plot:166:10911:23,11_73,11_73::event_01,explicit sampling area treatment
plot:166:10911:23,11_73,11_73::event_02,explicit sampling area treatment
plot:166:10911:73,11_61,11_61::event_01,explicit sampling area treatment
plot:166:10911:73,11_61,11_61::event_02,explicit sampling area treatment
plot:166:10912:421,11_69,11_69::event_01,explicit sampling area treatment
plot:166:10912:421,11_69,11_69::event_02,explicit sampling area treatment
plot:166:10912:461,11_57,11_57::event_01,explicit sampling area treatment
plot:166:10912:461,11_57,11_57::event_02,explicit sampling area treatment
plot:166:10912:501,11_65,11_65::event_01,explicit sampling area treatment
plot:166:10912:501,11_65,11_65::event_02,explicit sampling area treatment
plot:166:10912:541,11_73,11_73::event_01,explicit sampling area treatment
plot:166:10912:541,11_73,11_73::event_02,explicit sampling area treatment
plot:166:10912:581,11_61,11_61::event_01,explicit sampling area treatment
plot:166:10912:581,11_61,11_61::event_02,explicit sampling area treatment
plot:166:11001:112,11_5,11_5::event_01,explicit sampling area treatment
plot:166:11001:112,11_5,11_5::event_02,explicit sampling area treatment
plot:166:11001:152,11_13,11_13::event_01,explicit sampling area treatment
plot:166:11001:152,11_13,11_13::event_02,explicit sampling area treatment
plot:166:11001:182,11_17,11_17::event_01,explicit sampling area treatment
plot:166:11001:182,11_17,11_17::event_02,explicit sampling area treatment
plot:166:11001:22,11_21,11_21::event_01,explicit sampling area treatment
plot:166:11001:22,11_21,11_21::event_02,explicit sampling area treatment
plot:166:11001:62,11_9,11_9::event_01,explicit sampling area treatment
plot:166:11001:62,11_9,11_9::event_02,explicit sampling area treatment
plot:166:11002:421,11_5,11_5::event_01,explicit sampling area treatment
plot:166:11002:421,11_5,11_5::event_02,explicit sampling area treatment
plot:166:11002:461,11_13,11_13::event_01,explicit sampling area treatment
plot:166:11002:461,11_13,11_13::event_02,explicit sampling area treatment
plot:166:11002:501,11_21,11_21::event_01,explicit sampling area treatment
plot:166:11002:501,11_21,11_21::event_02,explicit sampling area treatment
plot:166:11002:541,11_17,11_17::event_01,explicit sampling area treatment
plot:166:11002:541,11_17,11_17::event_02,explicit sampling area treatment
plot:166:11002:581,11_9,11_9::event_01,explicit sampling area treatment
plot:166:11002:581,11_9,11_9::event_02,explicit sampling area treatment
plot:166:11003:103,11_9,11_9::event_01,explicit sampling area treatment
plot:166:11003:103,11_9,11_9::event_02,explicit sampling area treatment
plot:166:11003:143,11_5,11_5::event_01,explicit sampling area treatment
plot:166:11003:143,11_5,11_5::event_02,explicit sampling area treatment
plot:166:11003:183,11_17,11_17::event_01,explicit sampling area treatment
plot:166:11003:183,11_17,11_17::event_02,explicit sampling area treatment
plot:166:11003:23,11_13,11_13::event_01,explicit sampling area treatment
plot:166:11003:23,11_13,11_13::event_02,explicit sampling area treatment
plot:166:11003:63,11_21,11_21::event_01,explicit sampling area treatment
plot:166:11003:63,11_21,11_21::event_02,explicit sampling area treatment
plot:166:11004:422,11_11,11_11::event_01,explicit sampling area treatment
plot:166:11004:422,11_11,11_11::event_02,explicit sampling area treatment
plot:166:11004:462,11_23,11_23::event_01,explicit sampling area treatment
plot:166:11004:462,11_23,11_23::event_02,explicit sampling area treatment
plot:166:11004:502,11_7,11_7::event_01,explicit sampling area treatment
plot:166:11004:502,11_7,11_7::event_02,explicit sampling area treatment
plot:166:11004:542,11_15,11_15::event_01,explicit sampling area treatment
plot:166:11004:542,11_15,11_15::event_02,explicit sampling area treatment
plot:166:11004:582,11_19,11_19::event_01,explicit sampling area treatment
plot:166:11004:582,11_19,11_19::event_02,explicit sampling area treatment
plot:166:11005:101,11_23,11_23::event_01,explicit sampling area treatment
plot:166:11005:101,11_23,11_23::event_02,explicit sampling area treatment
plot:166:11005:141,11_11,11_11::event_01,explicit sampling area treatment
plot:166:11005:141,11_11,11_11::event_02,explicit sampling area treatment
plot:166:11005:181,11_19,11_19::event_01,explicit sampling area treatment
plot:166:11005:181,11_19,11_19::event_02,explicit sampling area treatment
plot:166:11005:21,11_15,11_15::event_01,explicit sampling area treatment
plot:166:11005:21,11_15,11_15::event_02,explicit sampling area treatment
plot:166:11005:61,11_7,11_7::event_01,explicit sampling area treatment
plot:166:11005:61,11_7,11_7::event_02,explicit sampling area treatment
plot:166:11006:103,11_15,11_15::event_01,explicit sampling area treatment
plot:166:11006:103,11_15,11_15::event_02,explicit sampling area treatment
plot:166:11006:133,11_23,11_23::event_01,explicit sampling area treatment
plot:166:11006:133,11_23,11_23::event_02,explicit sampling area treatment
plot:166:11006:173,11_19,11_19::event_01,explicit sampling area treatment
plot:166:11006:173,11_19,11_19::event_02,explicit sampling area treatment
plot:166:11006:23,11_7,11_7::event_01,explicit sampling area treatment
plot:166:11006:23,11_7,11_7::event_02,explicit sampling area treatment
plot:166:11006:63,11_11,11_11::event_01,explicit sampling area treatment
plot:166:11006:63,11_11,11_11::event_02,explicit sampling area treatment
plot:166:11007:102,11_71,11_71::event_01,explicit sampling area treatment
plot:166:11007:102,11_71,11_71::event_02,explicit sampling area treatment
plot:166:11007:142,11_63,11_63::event_01,explicit sampling area treatment
plot:166:11007:142,11_63,11_63::event_02,explicit sampling area treatment
plot:166:11007:182,11_67,11_67::event_01,explicit sampling area treatment
plot:166:11007:182,11_67,11_67::event_02,explicit sampling area treatment
plot:166:11007:22,11_55,11_55::event_01,explicit sampling area treatment
plot:166:11007:22,11_55,11_55::event_02,explicit sampling area treatment
plot:166:11007:62,11_59,11_59::event_01,explicit sampling area treatment
plot:166:11007:62,11_59,11_59::event_02,explicit sampling area treatment
plot:166:11008:103,11_59,11_59::event_01,explicit sampling area treatment
plot:166:11008:103,11_59,11_59::event_02,explicit sampling area treatment
plot:166:11008:143,11_63,11_63::event_01,explicit sampling area treatment
plot:166:11008:143,11_63,11_63::event_02,explicit sampling area treatment
plot:166:11008:183,11_55,11_55::event_01,explicit sampling area treatment
plot:166:11008:183,11_55,11_55::event_02,explicit sampling area treatment
plot:166:11008:23,11_67,11_67::event_01,explicit sampling area treatment
plot:166:11008:23,11_67,11_67::event_02,explicit sampling area treatment
plot:166:11008:63,11_71,11_71::event_01,explicit sampling area treatment
plot:166:11008:63,11_71,11_71::event_02,explicit sampling area treatment
plot:166:11009:111,11_55,11_55::event_01,explicit sampling area treatment
plot:166:11009:111,11_55,11_55::event_02,explicit sampling area treatment
plot:166:11009:141,11_67,11_67::event_01,explicit sampling area treatment
plot:166:11009:141,11_67,11_67::event_02,explicit sampling area treatment
plot:166:11009:181,11_71,11_71::event_01,explicit sampling area treatment
plot:166:11009:181,11_71,11_71::event_02,explicit sampling area treatment
plot:166:11009:31,11_59,11_59::event_01,explicit sampling area treatment
plot:166:11009:31,11_59,11_59::event_02,explicit sampling area treatment
plot:166:11009:71,11_63,11_63::event_01,explicit sampling area treatment
plot:166:11009:71,11_63,11_63::event_02,explicit sampling area treatment
plot:166:11010:422,11_69,11_69::event_01,explicit sampling area treatment
plot:166:11010:422,11_69,11_69::event_02,explicit sampling area treatment
plot:166:11010:462,11_61,11_61::event_01,explicit sampling area treatment
plot:166:11010:462,11_61,11_61::event_02,explicit sampling area treatment
plot:166:11010:502,11_65,11_65::event_01,explicit sampling area treatment
plot:166:11010:502,11_65,11_65::event_02,explicit sampling area treatment
plot:166:11010:542,11_73,11_73::event_01,explicit sampling area treatment
plot:166:11010:542,11_73,11_73::event_02,explicit sampling area treatment
plot:166:11010:582,11_57,11_57::event_01,explicit sampling area treatment
plot:166:11010:582,11_57,11_57::event_02,explicit sampling area treatment
plot:166:11011:463,11_65,11_65::event_01,explicit sampling area treatment
plot:166:11011:463,11_65,11_65::event_02,explicit sampling area treatment
plot:166:11011:503,11_73,11_73::event_01,explicit sampling area treatment
plot:166:11011:503,11_73,11_73::event_02,explicit sampling area treatment
plot:166:11011:543,11_61,11_61::event_01,explicit sampling area treatment
plot:166:11011:543,11_61,11_61::event_02,explicit sampling area treatment
plot:166:11011:573,11_69,11_69::event_01,explicit sampling area treatment
plot:166:11011:573,11_69,11_69::event_02,explicit sampling area treatment
plot:166:11011:613,11_57,11_57::event_01,explicit sampling area treatment
plot:166:11011:613,11_57,11_57::event_02,explicit sampling area treatment
plot:166:11012:101,11_61,11_61::event_01,explicit sampling area treatment
plot:166:11012:101,11_61,11_61::event_02,explicit sampling area treatment
plot:166:11012:141,11_69,11_69::event_01,explicit sampling area treatment
plot:166:11012:141,11_69,11_69::event_02,explicit sampling area treatment
plot:166:11012:181,11_65,11_65::event_01,explicit sampling area treatment
plot:166:11012:181,11_65,11_65::event_02,explicit sampling area treatment
plot:166:11012:21,11_73,11_73::event_01,explicit sampling area treatment
plot:166:11012:21,11_73,11_73::event_02,explicit sampling area treatment
plot:166:11012:61,11_57,11_57::event_01,explicit sampling area treatment
plot:166:11012:61,11_57,11_57::event_02,explicit sampling area treatment
plot:166:1101:13,11_38,11_38::event_01,explicit sampling area treatment
plot:166:1101:23,11_34,11_34::event_01,explicit sampling area treatment
plot:166:1101:33,11_42,11_42::event_01,explicit sampling area treatment
plot:166:1101:43,11_46,11_46::event_01,explicit sampling area treatment
plot:166:1101:53,11_30,11_30::event_01,explicit sampling area treatment
plot:166:1102:12,11_38,11_38::event_01,explicit sampling area treatment
plot:166:1102:22,11_42,11_42::event_01,explicit sampling area treatment
plot:166:1102:32,11_30,11_30::event_01,explicit sampling area treatment
plot:166:1102:42,11_34,11_34::event_01,explicit sampling area treatment
plot:166:1102:52,11_46,11_46::event_01,explicit sampling area treatment
plot:166:1103:12,11_42,11_42::event_01,explicit sampling area treatment
plot:166:1103:22,11_34,11_34::event_01,explicit sampling area treatment
plot:166:1103:32,11_38,11_38::event_01,explicit sampling area treatment
plot:166:1103:42,11_30,11_30::event_01,explicit sampling area treatment
plot:166:1103:52,11_46,11_46::event_01,explicit sampling area treatment
plot:166:1104:113,11_46,11_46::event_01,explicit sampling area treatment
plot:166:1104:123,11_42,11_42::event_01,explicit sampling area treatment
plot:166:1104:133,11_34,11_34::event_01,explicit sampling area treatment
plot:166:1104:143,11_38,11_38::event_01,explicit sampling area treatment
plot:166:1104:153,11_30,11_30::event_01,explicit sampling area treatment
plot:166:1105:11,11_34,11_34::event_01,explicit sampling area treatment
plot:166:1105:21,11_30,11_30::event_01,explicit sampling area treatment
plot:166:1105:31,11_46,11_46::event_01,explicit sampling area treatment
plot:166:1105:41,11_42,11_42::event_01,explicit sampling area treatment
plot:166:1105:51,11_38,11_38::event_01,explicit sampling area treatment
plot:166:1106:113,11_34,11_34::event_01,explicit sampling area treatment
plot:166:1106:123,11_46,11_46::event_01,explicit sampling area treatment
plot:166:1106:133,11_42,11_42::event_01,explicit sampling area treatment
plot:166:1106:143,11_38,11_38::event_01,explicit sampling area treatment
plot:166:1106:153,11_30,11_30::event_01,explicit sampling area treatment
plot:166:1107:12,11_46,11_46::event_01,explicit sampling area treatment
plot:166:1107:22,11_42,11_42::event_01,explicit sampling area treatment
plot:166:1107:32,11_34,11_34::event_01,explicit sampling area treatment
plot:166:1107:42,11_38,11_38::event_01,explicit sampling area treatment
plot:166:1107:52,11_30,11_30::event_01,explicit sampling area treatment
plot:166:1108:11,11_42,11_42::event_01,explicit sampling area treatment
plot:166:1108:21,11_46,11_46::event_01,explicit sampling area treatment
plot:166:1108:31,11_30,11_30::event_01,explicit sampling area treatment
plot:166:1108:41,11_38,11_38::event_01,explicit sampling area treatment
plot:166:1108:51,11_34,11_34::event_01,explicit sampling area treatment
plot:166:1109:11,11_46,11_46::event_01,explicit sampling area treatment
plot:166:1109:21,11_34,11_34::event_01,explicit sampling area treatment
plot:166:1109:31,11_30,11_30::event_01,explicit sampling area treatment
plot:166:1109:41,11_38,11_38::event_01,explicit sampling area treatment
plot:166:1109:51,11_42,11_42::event_01,explicit sampling area treatment
plot:166:11101:103,11_42,11_42::event_01,explicit sampling area treatment
plot:166:11101:143,11_46,11_46::event_01,explicit sampling area treatment
plot:166:11101:183,11_30,11_30::event_01,explicit sampling area treatment
plot:166:11101:23,11_38,11_38::event_01,explicit sampling area treatment
plot:166:11101:63,11_34,11_34::event_01,explicit sampling area treatment
plot:166:11107:102,11_34,11_34::event_01,explicit sampling area treatment
plot:166:11107:142,11_38,11_38::event_01,explicit sampling area treatment
plot:166:11107:182,11_30,11_30::event_01,explicit sampling area treatment
plot:166:11107:22,11_46,11_46::event_01,explicit sampling area treatment
plot:166:11107:62,11_42,11_42::event_01,explicit sampling area treatment
plot:166:11108:101,11_30,11_30::event_01,explicit sampling area treatment
plot:166:11108:141,11_38,11_38::event_01,explicit sampling area treatment
plot:166:11108:181,11_34,11_34::event_01,explicit sampling area treatment
plot:166:11108:21,11_42,11_42::event_01,explicit sampling area treatment
plot:166:11108:61,11_46,11_46::event_01,explicit sampling area treatment
plot:166:1110:13,11_32,11_32::event_01,explicit sampling area treatment
plot:166:1110:23,11_44,11_44::event_01,explicit sampling area treatment
plot:166:1110:33,11_48,11_48::event_01,explicit sampling area treatment
plot:166:1110:43,11_40,11_40::event_01,explicit sampling area treatment
plot:166:1110:53,11_36,11_36::event_01,explicit sampling area treatment
plot:166:11110:103,11_48,11_48::event_01,explicit sampling area treatment
plot:166:11110:143,11_40,11_40::event_01,explicit sampling area treatment
plot:166:11110:183,11_36,11_36::event_01,explicit sampling area treatment
plot:166:11110:23,11_32,11_32::event_01,explicit sampling area treatment
plot:166:11110:63,11_44,11_44::event_01,explicit sampling area treatment
plot:166:11116:102,11_36,11_36::event_01,explicit sampling area treatment
plot:166:11116:142,11_32,11_32::event_01,explicit sampling area treatment
plot:166:11116:182,11_48,11_48::event_01,explicit sampling area treatment
plot:166:11116:22,11_44,11_44::event_01,explicit sampling area treatment
plot:166:11116:62,11_40,11_40::event_01,explicit sampling area treatment
plot:166:11117:421,11_40,11_40::event_01,explicit sampling area treatment
plot:166:11117:481,11_32,11_32::event_01,explicit sampling area treatment
plot:166:11117:501,11_48,11_48::event_01,explicit sampling area treatment
plot:166:11117:541,11_44,11_44::event_01,explicit sampling area treatment
plot:166:11117:581,11_36,11_36::event_01,explicit sampling area treatment
plot:166:1111:12,11_32,11_32::event_01,explicit sampling area treatment
plot:166:1111:22,11_36,11_36::event_01,explicit sampling area treatment
plot:166:1111:32,11_40,11_40::event_01,explicit sampling area treatment
plot:166:1111:42,11_44,11_44::event_01,explicit sampling area treatment
plot:166:1111:52,11_48,11_48::event_01,explicit sampling area treatment
plot:166:1112:12,11_48,11_48::event_01,explicit sampling area treatment
plot:166:1112:22,11_32,11_32::event_01,explicit sampling area treatment
plot:166:1112:32,11_44,11_44::event_01,explicit sampling area treatment
plot:166:1112:42,11_40,11_40::event_01,explicit sampling area treatment
plot:166:1112:52,11_36,11_36::event_01,explicit sampling area treatment
plot:166:1113:13,11_48,11_48::event_01,explicit sampling area treatment
plot:166:1113:23,11_36,11_36::event_01,explicit sampling area treatment
plot:166:1113:33,11_44,11_44::event_01,explicit sampling area treatment
plot:166:1113:43,11_32,11_32::event_01,explicit sampling area treatment
plot:166:1113:53,11_40,11_40::event_01,explicit sampling area treatment
plot:166:1114:11,11_48,11_48::event_01,explicit sampling area treatment
plot:166:1114:21,11_32,11_32::event_01,explicit sampling area treatment
plot:166:1114:31,11_44,11_44::event_01,explicit sampling area treatment
plot:166:1114:41,11_36,11_36::event_01,explicit sampling area treatment
plot:166:1114:51,11_40,11_40::event_01,explicit sampling area treatment
plot:166:1115:13,11_48,11_48::event_01,explicit sampling area treatment
plot:166:1115:23,11_44,11_44::event_01,explicit sampling area treatment
plot:166:1115:33,11_40,11_40::event_01,explicit sampling area treatment
plot:166:1115:43,11_36,11_36::event_01,explicit sampling area treatment
plot:166:1115:53,11_32,11_32::event_01,explicit sampling area treatment
plot:166:1116:12,11_44,11_44::event_01,explicit sampling area treatment
plot:166:1116:22,11_40,11_40::event_01,explicit sampling area treatment
plot:166:1116:32,11_36,11_36::event_01,explicit sampling area treatment
plot:166:1116:42,11_32,11_32::event_01,explicit sampling area treatment
plot:166:1116:52,11_48,11_48::event_01,explicit sampling area treatment
plot:166:1117:111,11_40,11_40::event_01,explicit sampling area treatment
plot:166:1117:121,11_32,11_32::event_01,explicit sampling area treatment
plot:166:1117:131,11_48,11_48::event_01,explicit sampling area treatment
plot:166:1117:141,11_44,11_44::event_01,explicit sampling area treatment
plot:166:1117:151,11_36,11_36::event_01,explicit sampling area treatment
plot:166:1118:111,11_44,11_44::event_01,explicit sampling area treatment
plot:166:1118:121,11_32,11_32::event_01,explicit sampling area treatment
plot:166:1118:131,11_40,11_40::event_01,explicit sampling area treatment
plot:166:1118:141,11_48,11_48::event_01,explicit sampling area treatment
plot:166:1118:151,11_36,11_36::event_01,explicit sampling area treatment
plot:166:11201:133,11_38,11_38::event_01,explicit sampling area treatment
plot:166:11201:173,11_30,11_30::event_01,explicit sampling area treatment
plot:166:11201:23,11_46,11_46::event_01,explicit sampling area treatment
plot:166:11201:63,11_34,11_34::event_01,explicit sampling area treatment
plot:166:11201:93,11_42,11_42::event_01,explicit sampling area treatment
plot:166:11207:102,11_34,11_34::event_01,explicit sampling area treatment
plot:166:11207:142,11_46,11_46::event_01,explicit sampling area treatment
plot:166:11207:182,11_30,11_30::event_01,explicit sampling area treatment
plot:166:11207:22,11_42,11_42::event_01,explicit sampling area treatment
plot:166:11207:62,11_38,11_38::event_01,explicit sampling area treatment
plot:166:11208:101,11_42,11_42::event_01,explicit sampling area treatment
plot:166:11208:141,11_38,11_38::event_01,explicit sampling area treatment
plot:166:11208:181,11_34,11_34::event_01,explicit sampling area treatment
plot:166:11208:21,11_30,11_30::event_01,explicit sampling area treatment
plot:166:11208:61,11_46,11_46::event_01,explicit sampling area treatment
plot:166:11210:423,11_44,11_44::event_01,explicit sampling area treatment
plot:166:11210:463,11_40,11_40::event_01,explicit sampling area treatment
plot:166:11210:503,11_48,11_48::event_01,explicit sampling area treatment
plot:166:11210:543,11_32,11_32::event_01,explicit sampling area treatment
plot:166:11210:583,11_36,11_36::event_01,explicit sampling area treatment
plot:166:11216:102,11_44,11_44::event_01,explicit sampling area treatment
plot:166:11216:142,11_36,11_36::event_01,explicit sampling area treatment
plot:166:11216:182,11_40,11_40::event_01,explicit sampling area treatment
plot:166:11216:22,11_32,11_32::event_01,explicit sampling area treatment
plot:166:11216:62,11_48,11_48::event_01,explicit sampling area treatment
plot:166:11217:421,11_32,11_32::event_01,explicit sampling area treatment
plot:166:11217:461,11_44,11_44::event_01,explicit sampling area treatment
plot:166:11217:501,11_40,11_40::event_01,explicit sampling area treatment
plot:166:11217:541,11_48,11_48::event_01,explicit sampling area treatment
plot:166:11217:581,11_36,11_36::event_01,explicit sampling area treatment
plot:166:11301:422,11_18,11_18::event_01,explicit sampling area treatment
plot:166:11301:422,11_18,11_18::event_02,explicit sampling area treatment
plot:166:11301:462,11_10,11_10::event_01,explicit sampling area treatment
plot:166:11301:462,11_10,11_10::event_02,explicit sampling area treatment
plot:166:11301:502,11_14,11_14::event_01,explicit sampling area treatment
plot:166:11301:502,11_14,11_14::event_02,explicit sampling area treatment
plot:166:11301:542,11_22,11_22::event_01,explicit sampling area treatment
plot:166:11301:542,11_22,11_22::event_02,explicit sampling area treatment
plot:166:11301:582,11_6,11_6::event_01,explicit sampling area treatment
plot:166:11301:582,11_6,11_6::event_02,explicit sampling area treatment
plot:166:11302:421,11_14,11_14::event_01,explicit sampling area treatment
plot:166:11302:421,11_14,11_14::event_02,explicit sampling area treatment
plot:166:11302:461,11_6,11_6::event_01,explicit sampling area treatment
plot:166:11302:461,11_6,11_6::event_02,explicit sampling area treatment
plot:166:11302:501,11_18,11_18::event_01,explicit sampling area treatment
plot:166:11302:501,11_18,11_18::event_02,explicit sampling area treatment
plot:166:11302:541,11_22,11_22::event_01,explicit sampling area treatment
plot:166:11302:541,11_22,11_22::event_02,explicit sampling area treatment
plot:166:11302:581,11_10,11_10::event_01,explicit sampling area treatment
plot:166:11302:581,11_10,11_10::event_02,explicit sampling area treatment
plot:166:11303:103,11_22,11_22::event_01,explicit sampling area treatment
plot:166:11303:103,11_22,11_22::event_02,explicit sampling area treatment
plot:166:11303:143,11_6,11_6::event_01,explicit sampling area treatment
plot:166:11303:143,11_6,11_6::event_02,explicit sampling area treatment
plot:166:11303:183,11_18,11_18::event_01,explicit sampling area treatment
plot:166:11303:183,11_18,11_18::event_02,explicit sampling area treatment
plot:166:11303:23,11_10,11_10::event_01,explicit sampling area treatment
plot:166:11303:23,11_10,11_10::event_02,explicit sampling area treatment
plot:166:11303:63,11_14,11_14::event_01,explicit sampling area treatment
plot:166:11303:63,11_14,11_14::event_02,explicit sampling area treatment
plot:166:11304:422,11_20,11_20::event_01,explicit sampling area treatment
plot:166:11304:422,11_20,11_20::event_02,explicit sampling area treatment
plot:166:11304:462,11_16,11_16::event_01,explicit sampling area treatment
plot:166:11304:462,11_16,11_16::event_02,explicit sampling area treatment
plot:166:11304:502,11_8,11_8::event_01,explicit sampling area treatment
plot:166:11304:502,11_8,11_8::event_02,explicit sampling area treatment
plot:166:11304:542,11_12,11_12::event_01,explicit sampling area treatment
plot:166:11304:542,11_12,11_12::event_02,explicit sampling area treatment
plot:166:11304:582,11_24,11_24::event_01,explicit sampling area treatment
plot:166:11304:582,11_24,11_24::event_02,explicit sampling area treatment
plot:166:11305:421,11_16,11_16::event_01,explicit sampling area treatment
plot:166:11305:421,11_16,11_16::event_02,explicit sampling area treatment
plot:166:11305:461,11_24,11_24::event_01,explicit sampling area treatment
plot:166:11305:461,11_24,11_24::event_02,explicit sampling area treatment
plot:166:11305:501,11_12,11_12::event_01,explicit sampling area treatment
plot:166:11305:501,11_12,11_12::event_02,explicit sampling area treatment
plot:166:11305:541,11_8,11_8::event_01,explicit sampling area treatment
plot:166:11305:541,11_8,11_8::event_02,explicit sampling area treatment
plot:166:11305:581,11_20,11_20::event_01,explicit sampling area treatment
plot:166:11305:581,11_20,11_20::event_02,explicit sampling area treatment
plot:166:11306:413,11_20,11_20::event_01,explicit sampling area treatment
plot:166:11306:413,11_20,11_20::event_02,explicit sampling area treatment
plot:166:11306:453,11_24,11_24::event_01,explicit sampling area treatment
plot:166:11306:453,11_24,11_24::event_02,explicit sampling area treatment
plot:166:11306:483,11_12,11_12::event_01,explicit sampling area treatment
plot:166:11306:483,11_12,11_12::event_02,explicit sampling area treatment
plot:166:11306:523,11_16,11_16::event_01,explicit sampling area treatment
plot:166:11306:523,11_16,11_16::event_02,explicit sampling area treatment
plot:166:11306:563,11_8,11_8::event_01,explicit sampling area treatment
plot:166:11306:563,11_8,11_8::event_02,explicit sampling area treatment
plot:166:11307:422,11_56,11_56::event_01,explicit sampling area treatment
plot:166:11307:422,11_56,11_56::event_02,explicit sampling area treatment
plot:166:11307:462,11_72,11_72::event_01,explicit sampling area treatment
plot:166:11307:462,11_72,11_72::event_02,explicit sampling area treatment
plot:166:11307:502,11_64,11_64::event_01,explicit sampling area treatment
plot:166:11307:502,11_64,11_64::event_02,explicit sampling area treatment
plot:166:11307:542,11_60,11_60::event_01,explicit sampling area treatment
plot:166:11307:542,11_60,11_60::event_02,explicit sampling area treatment
plot:166:11307:582,11_68,11_68::event_01,explicit sampling area treatment
plot:166:11307:582,11_68,11_68::event_02,explicit sampling area treatment
plot:166:11308:103,11_64,11_64::event_01,explicit sampling area treatment
plot:166:11308:103,11_64,11_64::event_02,explicit sampling area treatment
plot:166:11308:143,11_56,11_56::event_01,explicit sampling area treatment
plot:166:11308:143,11_56,11_56::event_02,explicit sampling area treatment
plot:166:11308:183,11_68,11_68::event_01,explicit sampling area treatment
plot:166:11308:183,11_68,11_68::event_02,explicit sampling area treatment
plot:166:11308:23,11_60,11_60::event_01,explicit sampling area treatment
plot:166:11308:23,11_60,11_60::event_02,explicit sampling area treatment
plot:166:11308:63,11_72,11_72::event_01,explicit sampling area treatment
plot:166:11308:63,11_72,11_72::event_02,explicit sampling area treatment
plot:166:11309:461,11_64,11_64::event_01,explicit sampling area treatment
plot:166:11309:461,11_64,11_64::event_02,explicit sampling area treatment
plot:166:11309:501,11_56,11_56::event_01,explicit sampling area treatment
plot:166:11309:501,11_56,11_56::event_02,explicit sampling area treatment
plot:166:11309:541,11_60,11_60::event_01,explicit sampling area treatment
plot:166:11309:541,11_60,11_60::event_02,explicit sampling area treatment
plot:166:11309:581,11_68,11_68::event_01,explicit sampling area treatment
plot:166:11309:581,11_68,11_68::event_02,explicit sampling area treatment
plot:166:11309:621,11_72,11_72::event_01,explicit sampling area treatment
plot:166:11309:621,11_72,11_72::event_02,explicit sampling area treatment
plot:166:11310:422,11_74,11_74::event_01,explicit sampling area treatment
plot:166:11310:422,11_74,11_74::event_02,explicit sampling area treatment
plot:166:11310:462,11_70,11_70::event_01,explicit sampling area treatment
plot:166:11310:462,11_70,11_70::event_02,explicit sampling area treatment
plot:166:11310:502,11_62,11_62::event_01,explicit sampling area treatment
plot:166:11310:502,11_62,11_62::event_02,explicit sampling area treatment
plot:166:11310:542,11_58,11_58::event_01,explicit sampling area treatment
plot:166:11310:542,11_58,11_58::event_02,explicit sampling area treatment
plot:166:11310:582,11_66,11_66::event_01,explicit sampling area treatment
plot:166:11310:582,11_66,11_66::event_02,explicit sampling area treatment
plot:166:11311:423,11_62,11_62::event_01,explicit sampling area treatment
plot:166:11311:423,11_62,11_62::event_02,explicit sampling area treatment
plot:166:11311:463,11_74,11_74::event_01,explicit sampling area treatment
plot:166:11311:463,11_74,11_74::event_02,explicit sampling area treatment
plot:166:11311:503,11_66,11_66::event_01,explicit sampling area treatment
plot:166:11311:503,11_66,11_66::event_02,explicit sampling area treatment
plot:166:11311:543,11_58,11_58::event_01,explicit sampling area treatment
plot:166:11311:543,11_58,11_58::event_02,explicit sampling area treatment
plot:166:11311:583,11_70,11_70::event_01,explicit sampling area treatment
plot:166:11311:583,11_70,11_70::event_02,explicit sampling area treatment
plot:166:11312:101,11_74,11_74::event_01,explicit sampling area treatment
plot:166:11312:101,11_74,11_74::event_02,explicit sampling area treatment
plot:166:11312:141,11_62,11_62::event_01,explicit sampling area treatment
plot:166:11312:141,11_62,11_62::event_02,explicit sampling area treatment
plot:166:11312:181,11_58,11_58::event_01,explicit sampling area treatment
plot:166:11312:181,11_58,11_58::event_02,explicit sampling area treatment
plot:166:11312:21,11_66,11_66::event_01,explicit sampling area treatment
plot:166:11312:21,11_66,11_66::event_02,explicit sampling area treatment
plot:166:11312:61,11_70,11_70::event_01,explicit sampling area treatment
plot:166:11312:61,11_70,11_70::event_02,explicit sampling area treatment
plot:166:11401:422,11_22,11_22::event_01,explicit sampling area treatment
plot:166:11401:422,11_22,11_22::event_02,explicit sampling area treatment
plot:166:11401:462,11_6,11_6::event_01,explicit sampling area treatment
plot:166:11401:462,11_6,11_6::event_02,explicit sampling area treatment
plot:166:11401:502,11_14,11_14::event_01,explicit sampling area treatment
plot:166:11401:502,11_14,11_14::event_02,explicit sampling area treatment
plot:166:11401:542,11_18,11_18::event_01,explicit sampling area treatment
plot:166:11401:542,11_18,11_18::event_02,explicit sampling area treatment
plot:166:11401:582,11_10,11_10::event_01,explicit sampling area treatment
plot:166:11401:582,11_10,11_10::event_02,explicit sampling area treatment
plot:166:11402:101,11_14,11_14::event_01,explicit sampling area treatment
plot:166:11402:101,11_14,11_14::event_02,explicit sampling area treatment
plot:166:11402:141,11_10,11_10::event_01,explicit sampling area treatment
plot:166:11402:141,11_10,11_10::event_02,explicit sampling area treatment
plot:166:11402:181,11_18,11_18::event_01,explicit sampling area treatment
plot:166:11402:181,11_18,11_18::event_02,explicit sampling area treatment
plot:166:11402:21,11_6,11_6::event_01,explicit sampling area treatment
plot:166:11402:21,11_6,11_6::event_02,explicit sampling area treatment
plot:166:11402:61,11_22,11_22::event_01,explicit sampling area treatment
plot:166:11402:61,11_22,11_22::event_02,explicit sampling area treatment
plot:166:11403:423,11_10,11_10::event_01,explicit sampling area treatment
plot:166:11403:423,11_10,11_10::event_02,explicit sampling area treatment
plot:166:11403:463,11_14,11_14::event_01,explicit sampling area treatment
plot:166:11403:463,11_14,11_14::event_02,explicit sampling area treatment
plot:166:11403:503,11_6,11_6::event_01,explicit sampling area treatment
plot:166:11403:503,11_6,11_6::event_02,explicit sampling area treatment
plot:166:11403:543,11_18,11_18::event_01,explicit sampling area treatment
plot:166:11403:543,11_18,11_18::event_02,explicit sampling area treatment
plot:166:11403:583,11_22,11_22::event_01,explicit sampling area treatment
plot:166:11403:583,11_22,11_22::event_02,explicit sampling area treatment
plot:166:11404:102,11_16,11_16::event_01,explicit sampling area treatment
plot:166:11404:102,11_16,11_16::event_02,explicit sampling area treatment
plot:166:11404:142,11_8,11_8::event_01,explicit sampling area treatment
plot:166:11404:142,11_8,11_8::event_02,explicit sampling area treatment
plot:166:11404:182,11_20,11_20::event_01,explicit sampling area treatment
plot:166:11404:182,11_20,11_20::event_02,explicit sampling area treatment
plot:166:11404:22,11_24,11_24::event_01,explicit sampling area treatment
plot:166:11404:22,11_24,11_24::event_02,explicit sampling area treatment
plot:166:11404:62,11_12,11_12::event_01,explicit sampling area treatment
plot:166:11404:62,11_12,11_12::event_02,explicit sampling area treatment
plot:166:11405:421,11_24,11_24::event_01,explicit sampling area treatment
plot:166:11405:421,11_24,11_24::event_02,explicit sampling area treatment
plot:166:11405:461,11_16,11_16::event_01,explicit sampling area treatment
plot:166:11405:461,11_16,11_16::event_02,explicit sampling area treatment
plot:166:11405:501,11_20,11_20::event_01,explicit sampling area treatment
plot:166:11405:501,11_20,11_20::event_02,explicit sampling area treatment
plot:166:11405:541,11_12,11_12::event_01,explicit sampling area treatment
plot:166:11405:541,11_12,11_12::event_02,explicit sampling area treatment
plot:166:11405:581,11_8,11_8::event_01,explicit sampling area treatment
plot:166:11405:581,11_8,11_8::event_02,explicit sampling area treatment
plot:166:11406:423,11_24,11_24::event_01,explicit sampling area treatment
plot:166:11406:423,11_24,11_24::event_02,explicit sampling area treatment
plot:166:11406:463,11_12,11_12::event_01,explicit sampling area treatment
plot:166:11406:463,11_12,11_12::event_02,explicit sampling area treatment
plot:166:11406:503,11_20,11_20::event_01,explicit sampling area treatment
plot:166:11406:503,11_20,11_20::event_02,explicit sampling area treatment
plot:166:11406:543,11_8,11_8::event_01,explicit sampling area treatment
plot:166:11406:543,11_8,11_8::event_02,explicit sampling area treatment
plot:166:11406:583,11_16,11_16::event_01,explicit sampling area treatment
plot:166:11406:583,11_16,11_16::event_02,explicit sampling area treatment
plot:166:11407:422,11_64,11_64::event_01,explicit sampling area treatment
plot:166:11407:422,11_64,11_64::event_02,explicit sampling area treatment
plot:166:11407:462,11_60,11_60::event_01,explicit sampling area treatment
plot:166:11407:462,11_60,11_60::event_02,explicit sampling area treatment
plot:166:11407:502,11_72,11_72::event_01,explicit sampling area treatment
plot:166:11407:502,11_72,11_72::event_02,explicit sampling area treatment
plot:166:11407:542,11_56,11_56::event_01,explicit sampling area treatment
plot:166:11407:542,11_56,11_56::event_02,explicit sampling area treatment
plot:166:11407:582,11_68,11_68::event_01,explicit sampling area treatment
plot:166:11407:582,11_68,11_68::event_02,explicit sampling area treatment
plot:166:11408:423,11_72,11_72::event_01,explicit sampling area treatment
plot:166:11408:423,11_72,11_72::event_02,explicit sampling area treatment
plot:166:11408:463,11_60,11_60::event_01,explicit sampling area treatment
plot:166:11408:463,11_60,11_60::event_02,explicit sampling area treatment
plot:166:11408:503,11_64,11_64::event_01,explicit sampling area treatment
plot:166:11408:503,11_64,11_64::event_02,explicit sampling area treatment
plot:166:11408:543,11_68,11_68::event_01,explicit sampling area treatment
plot:166:11408:543,11_68,11_68::event_02,explicit sampling area treatment
plot:166:11408:583,11_56,11_56::event_01,explicit sampling area treatment
plot:166:11408:583,11_56,11_56::event_02,explicit sampling area treatment
plot:166:11409:421,11_68,11_68::event_01,explicit sampling area treatment
plot:166:11409:421,11_68,11_68::event_02,explicit sampling area treatment
plot:166:11409:461,11_64,11_64::event_01,explicit sampling area treatment
plot:166:11409:461,11_64,11_64::event_02,explicit sampling area treatment
plot:166:11409:501,11_60,11_60::event_01,explicit sampling area treatment
plot:166:11409:501,11_60,11_60::event_02,explicit sampling area treatment
plot:166:11409:541,11_72,11_72::event_01,explicit sampling area treatment
plot:166:11409:541,11_72,11_72::event_02,explicit sampling area treatment
plot:166:11409:581,11_56,11_56::event_01,explicit sampling area treatment
plot:166:11409:581,11_56,11_56::event_02,explicit sampling area treatment
plot:166:11410:102,11_74,11_74::event_01,explicit sampling area treatment
plot:166:11410:102,11_74,11_74::event_02,explicit sampling area treatment
plot:166:11410:132,11_58,11_58::event_01,explicit sampling area treatment
plot:166:11410:132,11_58,11_58::event_02,explicit sampling area treatment
plot:166:11410:172,11_62,11_62::event_01,explicit sampling area treatment
plot:166:11410:172,11_62,11_62::event_02,explicit sampling area treatment
plot:166:11410:22,11_66,11_66::event_01,explicit sampling area treatment
plot:166:11410:22,11_66,11_66::event_02,explicit sampling area treatment
plot:166:11410:62,11_70,11_70::event_01,explicit sampling area treatment
plot:166:11410:62,11_70,11_70::event_02,explicit sampling area treatment
plot:166:11411:103,11_70,11_70::event_01,explicit sampling area treatment
plot:166:11411:103,11_70,11_70::event_02,explicit sampling area treatment
plot:166:11411:183,11_74,11_74::event_01,explicit sampling area treatment
plot:166:11411:183,11_74,11_74::event_02,explicit sampling area treatment
plot:166:11411:23,11_66,11_66::event_01,explicit sampling area treatment
plot:166:11411:23,11_66,11_66::event_02,explicit sampling area treatment
plot:166:11411:233,11_62,11_62::event_01,explicit sampling area treatment
plot:166:11411:233,11_62,11_62::event_02,explicit sampling area treatment
plot:166:11411:63,11_58,11_58::event_01,explicit sampling area treatment
plot:166:11411:63,11_58,11_58::event_02,explicit sampling area treatment
plot:166:11412:421,11_66,11_66::event_01,explicit sampling area treatment
plot:166:11412:421,11_66,11_66::event_02,explicit sampling area treatment
plot:166:11412:461,11_74,11_74::event_01,explicit sampling area treatment
plot:166:11412:461,11_74,11_74::event_02,explicit sampling area treatment
plot:166:11412:501,11_70,11_70::event_01,explicit sampling area treatment
plot:166:11412:501,11_70,11_70::event_02,explicit sampling area treatment
plot:166:11412:541,11_58,11_58::event_01,explicit sampling area treatment
plot:166:11412:541,11_58,11_58::event_02,explicit sampling area treatment
plot:166:11412:581,11_62,11_62::event_01,explicit sampling area treatment
plot:166:11412:581,11_62,11_62::event_02,explicit sampling area treatment
plot:166:11501:423,11_43,11_43::event_01,explicit sampling area treatment
plot:166:11501:463,11_31,11_31::event_01,explicit sampling area treatment
plot:166:11501:503,11_39,11_39::event_01,explicit sampling area treatment
plot:166:11501:543,11_47,11_47::event_01,explicit sampling area treatment
plot:166:11501:583,11_35,11_35::event_01,explicit sampling area treatment
plot:166:11507:422,11_47,11_47::event_01,explicit sampling area treatment
plot:166:11507:462,11_43,11_43::event_01,explicit sampling area treatment
plot:166:11507:502,11_35,11_35::event_01,explicit sampling area treatment
plot:166:11507:542,11_31,11_31::event_01,explicit sampling area treatment
plot:166:11507:582,11_39,11_39::event_01,explicit sampling area treatment
plot:166:11508:421,11_35,11_35::event_01,explicit sampling area treatment
plot:166:11508:461,11_47,11_47::event_01,explicit sampling area treatment
plot:166:11508:501,11_31,11_31::event_01,explicit sampling area treatment
plot:166:11508:541,11_39,11_39::event_01,explicit sampling area treatment
plot:166:11508:581,11_43,11_43::event_01,explicit sampling area treatment
plot:166:11510:423,11_37,11_37::event_01,explicit sampling area treatment
plot:166:11510:463,11_49,11_49::event_01,explicit sampling area treatment
plot:166:11510:503,11_45,11_45::event_01,explicit sampling area treatment
plot:166:11510:543,11_41,11_41::event_01,explicit sampling area treatment
plot:166:11510:583,11_33,11_33::event_01,explicit sampling area treatment
plot:166:11516:422,11_37,11_37::event_01,explicit sampling area treatment
plot:166:11516:462,11_45,11_45::event_01,explicit sampling area treatment
plot:166:11516:502,11_41,11_41::event_01,explicit sampling area treatment
plot:166:11516:542,11_49,11_49::event_01,explicit sampling area treatment
plot:166:11516:582,11_33,11_33::event_01,explicit sampling area treatment
plot:166:11517:101,11_37,11_37::event_01,explicit sampling area treatment
plot:166:11517:141,11_49,11_49::event_01,explicit sampling area treatment
plot:166:11517:181,11_45,11_45::event_01,explicit sampling area treatment
plot:166:11517:21,11_33,11_33::event_01,explicit sampling area treatment
plot:166:11517:61,11_41,11_41::event_01,explicit sampling area treatment
plot:166:11601:423,11_35,11_35::event_01,explicit sampling area treatment
plot:166:11601:463,11_43,11_43::event_01,explicit sampling area treatment
plot:166:11601:503,11_39,11_39::event_01,explicit sampling area treatment
plot:166:11601:543,11_47,11_47::event_01,explicit sampling area treatment
plot:166:11601:583,11_31,11_31::event_01,explicit sampling area treatment
plot:166:11607:422,11_39,11_39::event_01,explicit sampling area treatment
plot:166:11607:462,11_47,11_47::event_01,explicit sampling area treatment
plot:166:11607:502,11_31,11_31::event_01,explicit sampling area treatment
plot:166:11607:542,11_35,11_35::event_01,explicit sampling area treatment
plot:166:11607:582,11_43,11_43::event_01,explicit sampling area treatment
plot:166:11608:421,11_35,11_35::event_01,explicit sampling area treatment
plot:166:11608:461,11_43,11_43::event_01,explicit sampling area treatment
plot:166:11608:501,11_47,11_47::event_01,explicit sampling area treatment
plot:166:11608:541,11_31,11_31::event_01,explicit sampling area treatment
plot:166:11608:571,11_39,11_39::event_01,explicit sampling area treatment
plot:166:11610:103,11_45,11_45::event_01,explicit sampling area treatment
plot:166:11610:143,11_41,11_41::event_01,explicit sampling area treatment
plot:166:11610:183,11_33,11_33::event_01,explicit sampling area treatment
plot:166:11610:23,11_49,11_49::event_01,explicit sampling area treatment
plot:166:11610:63,11_37,11_37::event_01,explicit sampling area treatment
plot:166:11616:422,11_41,11_41::event_01,explicit sampling area treatment
plot:166:11616:462,11_37,11_37::event_01,explicit sampling area treatment
plot:166:11616:502,11_45,11_45::event_01,explicit sampling area treatment
plot:166:11616:542,11_33,11_33::event_01,explicit sampling area treatment
plot:166:11616:582,11_49,11_49::event_01,explicit sampling area treatment
plot:166:11617:101,11_45,11_45::event_01,explicit sampling area treatment
plot:166:11617:141,11_49,11_49::event_01,explicit sampling area treatment
plot:166:11617:181,11_33,11_33::event_01,explicit sampling area treatment
plot:166:11617:21,11_41,11_41::event_01,explicit sampling area treatment
plot:166:11617:61,11_37,11_37::event_01,explicit sampling area treatment
plot:166:1201:13,11_46,11_46::event_01,explicit sampling area treatment
plot:166:1201:23,11_34,11_34::event_01,explicit sampling area treatment
plot:166:1201:33,11_42,11_42::event_01,explicit sampling area treatment
plot:166:1201:43,11_38,11_38::event_01,explicit sampling area treatment
plot:166:1201:53,11_30,11_30::event_01,explicit sampling area treatment
plot:166:1202:12,11_46,11_46::event_01,explicit sampling area treatment
plot:166:1202:22,11_34,11_34::event_01,explicit sampling area treatment
plot:166:1202:32,11_30,11_30::event_01,explicit sampling area treatment
plot:166:1202:42,11_38,11_38::event_01,explicit sampling area treatment
plot:166:1202:52,11_42,11_42::event_01,explicit sampling area treatment
plot:166:1203:12,11_30,11_30::event_01,explicit sampling area treatment
plot:166:1203:22,11_34,11_34::event_01,explicit sampling area treatment
plot:166:1203:32,11_46,11_46::event_01,explicit sampling area treatment
plot:166:1203:42,11_38,11_38::event_01,explicit sampling area treatment
plot:166:1203:52,11_42,11_42::event_01,explicit sampling area treatment
plot:166:1204:13,11_30,11_30::event_01,explicit sampling area treatment
plot:166:1204:23,11_42,11_42::event_01,explicit sampling area treatment
plot:166:1204:33,11_38,11_38::event_01,explicit sampling area treatment
plot:166:1204:43,11_34,11_34::event_01,explicit sampling area treatment
plot:166:1204:53,11_46,11_46::event_01,explicit sampling area treatment
plot:166:1205:111,11_30,11_30::event_01,explicit sampling area treatment
plot:166:1205:121,11_38,11_38::event_01,explicit sampling area treatment
plot:166:1205:131,11_46,11_46::event_01,explicit sampling area treatment
plot:166:1205:141,11_42,11_42::event_01,explicit sampling area treatment
plot:166:1205:151,11_34,11_34::event_01,explicit sampling area treatment
plot:166:1206:13,11_38,11_38::event_01,explicit sampling area treatment
plot:166:1206:23,11_46,11_46::event_01,explicit sampling area treatment
plot:166:1206:33,11_34,11_34::event_01,explicit sampling area treatment
plot:166:1206:43,11_30,11_30::event_01,explicit sampling area treatment
plot:166:1206:53,11_42,11_42::event_01,explicit sampling area treatment
plot:166:1207:12,11_42,11_42::event_01,explicit sampling area treatment
plot:166:1207:22,11_38,11_38::event_01,explicit sampling area treatment
plot:166:1207:32,11_34,11_34::event_01,explicit sampling area treatment
plot:166:1207:42,11_46,11_46::event_01,explicit sampling area treatment
plot:166:1207:52,11_30,11_30::event_01,explicit sampling area treatment
plot:166:1208:11,11_30,11_30::event_01,explicit sampling area treatment
plot:166:1208:21,11_46,11_46::event_01,explicit sampling area treatment
plot:166:1208:31,11_42,11_42::event_01,explicit sampling area treatment
plot:166:1208:41,11_38,11_38::event_01,explicit sampling area treatment
plot:166:1208:51,11_34,11_34::event_01,explicit sampling area treatment
plot:166:1209:11,11_34,11_34::event_01,explicit sampling area treatment
plot:166:1209:21,11_38,11_38::event_01,explicit sampling area treatment
plot:166:1209:31,11_30,11_30::event_01,explicit sampling area treatment
plot:166:1209:41,11_42,11_42::event_01,explicit sampling area treatment
plot:166:1209:51,11_46,11_46::event_01,explicit sampling area treatment
plot:166:1210:113,11_44,11_44::event_01,explicit sampling area treatment
plot:166:1210:123,11_40,11_40::event_01,explicit sampling area treatment
plot:166:1210:133,11_48,11_48::event_01,explicit sampling area treatment
plot:166:1210:143,11_32,11_32::event_01,explicit sampling area treatment
plot:166:1210:153,11_36,11_36::event_01,explicit sampling area treatment
plot:166:1211:112,11_36,11_36::event_01,explicit sampling area treatment
plot:166:1211:122,11_48,11_48::event_01,explicit sampling area treatment
plot:166:1211:132,11_32,11_32::event_01,explicit sampling area treatment
plot:166:1211:142,11_40,11_40::event_01,explicit sampling area treatment
plot:166:1211:152,11_44,11_44::event_01,explicit sampling area treatment
plot:166:1212:112,11_44,11_44::event_01,explicit sampling area treatment
plot:166:1212:122,11_36,11_36::event_01,explicit sampling area treatment
plot:166:1212:132,11_40,11_40::event_01,explicit sampling area treatment
plot:166:1212:142,11_48,11_48::event_01,explicit sampling area treatment
plot:166:1212:152,11_32,11_32::event_01,explicit sampling area treatment
plot:166:1213:113,11_40,11_40::event_01,explicit sampling area treatment
plot:166:1213:123,11_48,11_48::event_01,explicit sampling area treatment
plot:166:1213:133,11_36,11_36::event_01,explicit sampling area treatment
plot:166:1213:143,11_44,11_44::event_01,explicit sampling area treatment
plot:166:1213:153,11_32,11_32::event_01,explicit sampling area treatment
plot:166:1214:11,11_40,11_40::event_01,explicit sampling area treatment
plot:166:1214:21,11_32,11_32::event_01,explicit sampling area treatment
plot:166:1214:31,11_48,11_48::event_01,explicit sampling area treatment
plot:166:1214:41,11_36,11_36::event_01,explicit sampling area treatment
plot:166:1214:51,11_44,11_44::event_01,explicit sampling area treatment
plot:166:1215:13,11_32,11_32::event_01,explicit sampling area treatment
plot:166:1215:23,11_36,11_36::event_01,explicit sampling area treatment
plot:166:1215:33,11_40,11_40::event_01,explicit sampling area treatment
plot:166:1215:43,11_48,11_48::event_01,explicit sampling area treatment
plot:166:1215:53,11_44,11_44::event_01,explicit sampling area treatment
plot:166:1216:12,11_32,11_32::event_01,explicit sampling area treatment
plot:166:1216:22,11_48,11_48::event_01,explicit sampling area treatment
plot:166:1216:32,11_44,11_44::event_01,explicit sampling area treatment
plot:166:1216:42,11_36,11_36::event_01,explicit sampling area treatment
plot:166:1216:52,11_40,11_40::event_01,explicit sampling area treatment
plot:166:1217:111,11_32,11_32::event_01,explicit sampling area treatment
plot:166:1217:121,11_44,11_44::event_01,explicit sampling area treatment
plot:166:1217:131,11_40,11_40::event_01,explicit sampling area treatment
plot:166:1217:141,11_48,11_48::event_01,explicit sampling area treatment
plot:166:1217:151,11_36,11_36::event_01,explicit sampling area treatment
plot:166:1218:11,11_48,11_48::event_01,explicit sampling area treatment
plot:166:1218:21,11_32,11_32::event_01,explicit sampling area treatment
plot:166:1218:31,11_36,11_36::event_01,explicit sampling area treatment
plot:166:1218:41,11_44,11_44::event_01,explicit sampling area treatment
plot:166:1218:51,11_40,11_40::event_01,explicit sampling area treatment
plot:166:1501:113,11_43,11_43::event_01,explicit sampling area treatment
plot:166:1501:123,11_31,11_31::event_01,explicit sampling area treatment
plot:166:1501:133,11_39,11_39::event_01,explicit sampling area treatment
plot:166:1501:143,11_47,11_47::event_01,explicit sampling area treatment
plot:166:1501:153,11_35,11_35::event_01,explicit sampling area treatment
plot:166:1502:112,11_43,11_43::event_01,explicit sampling area treatment
plot:166:1502:122,11_35,11_35::event_01,explicit sampling area treatment
plot:166:1502:132,11_39,11_39::event_01,explicit sampling area treatment
plot:166:1502:142,11_47,11_47::event_01,explicit sampling area treatment
plot:166:1502:152,11_31,11_31::event_01,explicit sampling area treatment
plot:166:1503:112,11_31,11_31::event_01,explicit sampling area treatment
plot:166:1503:122,11_47,11_47::event_01,explicit sampling area treatment
plot:166:1503:132,11_39,11_39::event_01,explicit sampling area treatment
plot:166:1503:142,11_35,11_35::event_01,explicit sampling area treatment
plot:166:1503:152,11_43,11_43::event_01,explicit sampling area treatment
plot:166:1504:13,11_35,11_35::event_01,explicit sampling area treatment
plot:166:1504:23,11_47,11_47::event_01,explicit sampling area treatment
plot:166:1504:33,11_39,11_39::event_01,explicit sampling area treatment
plot:166:1504:43,11_31,11_31::event_01,explicit sampling area treatment
plot:166:1504:53,11_43,11_43::event_01,explicit sampling area treatment
plot:166:1505:111,11_39,11_39::event_01,explicit sampling area treatment
plot:166:1505:121,11_31,11_31::event_01,explicit sampling area treatment
plot:166:1505:131,11_43,11_43::event_01,explicit sampling area treatment
plot:166:1505:141,11_47,11_47::event_01,explicit sampling area treatment
plot:166:1505:151,11_35,11_35::event_01,explicit sampling area treatment
plot:166:1506:13,11_35,11_35::event_01,explicit sampling area treatment
plot:166:1506:23,11_39,11_39::event_01,explicit sampling area treatment
plot:166:1506:33,11_47,11_47::event_01,explicit sampling area treatment
plot:166:1506:43,11_31,11_31::event_01,explicit sampling area treatment
plot:166:1506:53,11_43,11_43::event_01,explicit sampling area treatment
plot:166:1507:112,11_47,11_47::event_01,explicit sampling area treatment
plot:166:1507:122,11_43,11_43::event_01,explicit sampling area treatment
plot:166:1507:132,11_35,11_35::event_01,explicit sampling area treatment
plot:166:1507:142,11_31,11_31::event_01,explicit sampling area treatment
plot:166:1507:152,11_39,11_39::event_01,explicit sampling area treatment
plot:166:1508:111,11_35,11_35::event_01,explicit sampling area treatment
plot:166:1508:121,11_47,11_47::event_01,explicit sampling area treatment
plot:166:1508:131,11_31,11_31::event_01,explicit sampling area treatment
plot:166:1508:141,11_39,11_39::event_01,explicit sampling area treatment
plot:166:1508:151,11_43,11_43::event_01,explicit sampling area treatment
plot:166:1509:111,11_39,11_39::event_01,explicit sampling area treatment
plot:166:1509:121,11_31,11_31::event_01,explicit sampling area treatment
plot:166:1509:131,11_35,11_35::event_01,explicit sampling area treatment
plot:166:1509:141,11_43,11_43::event_01,explicit sampling area treatment
plot:166:1509:151,11_47,11_47::event_01,explicit sampling area treatment
plot:166:1510:113,11_37,11_37::event_01,explicit sampling area treatment
plot:166:1510:123,11_49,11_49::event_01,explicit sampling area treatment
plot:166:1510:133,11_45,11_45::event_01,explicit sampling area treatment
plot:166:1510:143,11_41,11_41::event_01,explicit sampling area treatment
plot:166:1510:153,11_33,11_33::event_01,explicit sampling area treatment
plot:166:1511:112,11_45,11_45::event_01,explicit sampling area treatment
plot:166:1511:122,11_41,11_41::event_01,explicit sampling area treatment
plot:166:1511:132,11_33,11_33::event_01,explicit sampling area treatment
plot:166:1511:142,11_37,11_37::event_01,explicit sampling area treatment
plot:166:1511:152,11_49,11_49::event_01,explicit sampling area treatment
plot:166:1512:112,11_49,11_49::event_01,explicit sampling area treatment
plot:166:1512:122,11_45,11_45::event_01,explicit sampling area treatment
plot:166:1512:132,11_37,11_37::event_01,explicit sampling area treatment
plot:166:1512:142,11_33,11_33::event_01,explicit sampling area treatment
plot:166:1512:152,11_41,11_41::event_01,explicit sampling area treatment
plot:166:1513:113,11_37,11_37::event_01,explicit sampling area treatment
plot:166:1513:123,11_49,11_49::event_01,explicit sampling area treatment
plot:166:1513:133,11_41,11_41::event_01,explicit sampling area treatment
plot:166:1513:143,11_33,11_33::event_01,explicit sampling area treatment
plot:166:1513:153,11_45,11_45::event_01,explicit sampling area treatment
plot:166:1514:111,11_41,11_41::event_01,explicit sampling area treatment
plot:166:1514:121,11_49,11_49::event_01,explicit sampling area treatment
plot:166:1514:131,11_37,11_37::event_01,explicit sampling area treatment
plot:166:1514:141,11_33,11_33::event_01,explicit sampling area treatment
plot:166:1514:151,11_45,11_45::event_01,explicit sampling area treatment
plot:166:1515:113,11_45,11_45::event_01,explicit sampling area treatment
plot:166:1515:123,11_49,11_49::event_01,explicit sampling area treatment
plot:166:1515:133,11_37,11_37::event_01,explicit sampling area treatment
plot:166:1515:143,11_41,11_41::event_01,explicit sampling area treatment
plot:166:1515:153,11_33,11_33::event_01,explicit sampling area treatment
plot:166:1516:112,11_37,11_37::event_01,explicit sampling area treatment
plot:166:1516:122,11_45,11_45::event_01,explicit sampling area treatment
plot:166:1516:132,11_41,11_41::event_01,explicit sampling area treatment
plot:166:1516:142,11_49,11_49::event_01,explicit sampling area treatment
plot:166:1516:152,11_33,11_33::event_01,explicit sampling area treatment
plot:166:1517:11,11_33,11_33::event_01,explicit sampling area treatment
plot:166:1517:21,11_41,11_41::event_01,explicit sampling area treatment
plot:166:1517:31,11_37,11_37::event_01,explicit sampling area treatment
plot:166:1517:41,11_49,11_49::event_01,explicit sampling area treatment
plot:166:1517:51,11_45,11_45::event_01,explicit sampling area treatment
plot:166:1518:11,11_41,11_41::event_01,explicit sampling area treatment
plot:166:1518:21,11_45,11_45::event_01,explicit sampling area treatment
plot:166:1518:31,11_49,11_49::event_01,explicit sampling area treatment
plot:166:1518:41,11_37,11_37::event_01,explicit sampling area treatment
plot:166:1518:51,11_33,11_33::event_01,explicit sampling area treatment
plot:166:1601:113,11_35,11_35::event_01,explicit sampling area treatment
plot:166:1601:123,11_43,11_43::event_01,explicit sampling area treatment
plot:166:1601:133,11_39,11_39::event_01,explicit sampling area treatment
plot:166:1601:143,11_47,11_47::event_01,explicit sampling area treatment
plot:166:1601:153,11_31,11_31::event_01,explicit sampling area treatment
plot:166:1602:112,11_47,11_47::event_01,explicit sampling area treatment
plot:166:1602:122,11_31,11_31::event_01,explicit sampling area treatment
plot:166:1602:132,11_39,11_39::event_01,explicit sampling area treatment
plot:166:1602:142,11_43,11_43::event_01,explicit sampling area treatment
plot:166:1602:152,11_35,11_35::event_01,explicit sampling area treatment
plot:166:1603:112,11_39,11_39::event_01,explicit sampling area treatment
plot:166:1603:122,11_35,11_35::event_01,explicit sampling area treatment
plot:166:1603:132,11_47,11_47::event_01,explicit sampling area treatment
plot:166:1603:142,11_31,11_31::event_01,explicit sampling area treatment
plot:166:1603:152,11_43,11_43::event_01,explicit sampling area treatment
plot:166:1604:113,11_31,11_31::event_01,explicit sampling area treatment
plot:166:1604:123,11_39,11_39::event_01,explicit sampling area treatment
plot:166:1604:133,11_35,11_35::event_01,explicit sampling area treatment
plot:166:1604:143,11_47,11_47::event_01,explicit sampling area treatment
plot:166:1604:153,11_43,11_43::event_01,explicit sampling area treatment
plot:166:1605:11,11_31,11_31::event_01,explicit sampling area treatment
plot:166:1605:21,11_47,11_47::event_01,explicit sampling area treatment
plot:166:1605:31,11_39,11_39::event_01,explicit sampling area treatment
plot:166:1605:41,11_35,11_35::event_01,explicit sampling area treatment
plot:166:1605:51,11_43,11_43::event_01,explicit sampling area treatment
plot:166:1606:113,11_35,11_35::event_01,explicit sampling area treatment
plot:166:1606:123,11_39,11_39::event_01,explicit sampling area treatment
plot:166:1606:133,11_31,11_31::event_01,explicit sampling area treatment
plot:166:1606:143,11_43,11_43::event_01,explicit sampling area treatment
plot:166:1606:153,11_47,11_47::event_01,explicit sampling area treatment
plot:166:1607:112,11_39,11_39::event_01,explicit sampling area treatment
plot:166:1607:122,11_47,11_47::event_01,explicit sampling area treatment
plot:166:1607:132,11_31,11_31::event_01,explicit sampling area treatment
plot:166:1607:142,11_35,11_35::event_01,explicit sampling area treatment
plot:166:1607:152,11_43,11_43::event_01,explicit sampling area treatment
plot:166:1608:111,11_35,11_35::event_01,explicit sampling area treatment
plot:166:1608:121,11_43,11_43::event_01,explicit sampling area treatment
plot:166:1608:131,11_47,11_47::event_01,explicit sampling area treatment
plot:166:1608:141,11_31,11_31::event_01,explicit sampling area treatment
plot:166:1608:151,11_39,11_39::event_01,explicit sampling area treatment
plot:166:1609:111,11_43,11_43::event_01,explicit sampling area treatment
plot:166:1609:121,11_39,11_39::event_01,explicit sampling area treatment
plot:166:1609:131,11_35,11_35::event_01,explicit sampling area treatment
plot:166:1609:141,11_47,11_47::event_01,explicit sampling area treatment
plot:166:1609:151,11_31,11_31::event_01,explicit sampling area treatment
plot:166:1610:13,11_49,11_49::event_01,explicit sampling area treatment
plot:166:1610:23,11_37,11_37::event_01,explicit sampling area treatment
plot:166:1610:33,11_45,11_45::event_01,explicit sampling area treatment
plot:166:1610:43,11_41,11_41::event_01,explicit sampling area treatment
plot:166:1610:53,11_33,11_33::event_01,explicit sampling area treatment
plot:166:1611:12,11_49,11_49::event_01,explicit sampling area treatment
plot:166:1611:22,11_37,11_37::event_01,explicit sampling area treatment
plot:166:1611:32,11_41,11_41::event_01,explicit sampling area treatment
plot:166:1611:42,11_33,11_33::event_01,explicit sampling area treatment
plot:166:1611:52,11_45,11_45::event_01,explicit sampling area treatment
plot:166:1612:12,11_41,11_41::event_01,explicit sampling area treatment
plot:166:1612:22,11_45,11_45::event_01,explicit sampling area treatment
plot:166:1612:32,11_49,11_49::event_01,explicit sampling area treatment
plot:166:1612:42,11_33,11_33::event_01,explicit sampling area treatment
plot:166:1612:52,11_37,11_37::event_01,explicit sampling area treatment
plot:166:1613:13,11_41,11_41::event_01,explicit sampling area treatment
plot:166:1613:23,11_33,11_33::event_01,explicit sampling area treatment
plot:166:1613:33,11_45,11_45::event_01,explicit sampling area treatment
plot:166:1613:43,11_37,11_37::event_01,explicit sampling area treatment
plot:166:1613:53,11_49,11_49::event_01,explicit sampling area treatment
plot:166:1614:111,11_49,11_49::event_01,explicit sampling area treatment
plot:166:1614:121,11_41,11_41::event_01,explicit sampling area treatment
plot:166:1614:131,11_45,11_45::event_01,explicit sampling area treatment
plot:166:1614:141,11_37,11_37::event_01,explicit sampling area treatment
plot:166:1614:151,11_33,11_33::event_01,explicit sampling area treatment
plot:166:1615:113,11_49,11_49::event_01,explicit sampling area treatment
plot:166:1615:123,11_37,11_37::event_01,explicit sampling area treatment
plot:166:1615:133,11_45,11_45::event_01,explicit sampling area treatment
plot:166:1615:143,11_33,11_33::event_01,explicit sampling area treatment
plot:166:1615:153,11_41,11_41::event_01,explicit sampling area treatment
plot:166:1616:112,11_41,11_41::event_01,explicit sampling area treatment
plot:166:1616:122,11_37,11_37::event_01,explicit sampling area treatment
plot:166:1616:132,11_45,11_45::event_01,explicit sampling area treatment
plot:166:1616:142,11_33,11_33::event_01,explicit sampling area treatment
plot:166:1616:152,11_49,11_49::event_01,explicit sampling area treatment
plot:166:1617:11,11_41,11_41::event_01,explicit sampling area treatment
plot:166:1617:21,11_37,11_37::event_01,explicit sampling area treatment
plot:166:1617:31,11_45,11_45::event_01,explicit sampling area treatment
plot:166:1617:41,11_49,11_49::event_01,explicit sampling area treatment
plot:166:1617:51,11_33,11_33::event_01,explicit sampling area treatment
plot:166:1618:111,11_41,11_41::event_01,explicit sampling area treatment
plot:166:1618:121,11_49,11_49::event_01,explicit sampling area treatment
plot:166:1618:131,11_45,11_45::event_01,explicit sampling area treatment
plot:166:1618:141,11_33,11_33::event_01,explicit sampling area treatment
plot:166:1618:151,11_37,11_37::event_01,explicit sampling area treatment
plot:166:20025:1,11_25,11_25::event_01,explicit sampling area treatment
plot:166:20025:10,11_25,11_25::event_01,explicit sampling area treatment
plot:166:20025:100,11_25,11_25::event_01,explicit sampling area treatment
plot:166:20025:101,11_25,11_25::event_01,explicit sampling area treatment
plot:166:20025:102,11_25,11_25::event_01,explicit sampling area treatment
plot:166:20025:103,11_25,11_25::event_01,explicit sampling area treatment
plot:166:20025:104,11_25,11_25::event_01,explicit sampling area treatment
plot:166:20025:105,11_25,11_25::event_01,explicit sampling area treatment
plot:166:20025:106,11_25,11_25::event_01,explicit sampling area treatment
plot:166:20025:107,11_25,11_25::event_01,explicit sampling area treatment
plot:166:20025:108,11_25,11_25::event_01,explicit sampling area treatment
plot:166:20025:109,11_25,11_25::event_01,explicit sampling area treatment
plot:166:20025:11,11_25,11_25::event_01,explicit sampling area treatment
plot:166:20025:110,11_25,11_25::event_01,explicit sampling area treatment
plot:166:20025:111,11_25,11_25::event_01,explicit sampling area treatment
plot:166:20025:112,11_25,11_25::event_01,explicit sampling area treatment
plot:166:20025:113,11_25,11_25::event_01,explicit sampling area treatment
plot:166:20025:114,11_25,11_25::event_01,explicit sampling area treatment
plot:166:20025:115,11_25,11_25::event_01,explicit sampling area treatment
plot:166:20025:116,11_25,11_25::event_01,explicit sampling area treatment
plot:166:20025:117,11_25,11_25::event_01,explicit sampling area treatment
plot:166:20025:118,11_25,11_25::event_01,explicit sampling area treatment
plot:166:20025:119,11_25,11_25::event_01,explicit sampling area treatment
plot:166:20025:12,11_25,11_25::event_01,explicit sampling area treatment
plot:166:20025:120,11_25,11_25::event_01,explicit sampling area treatment
plot:166:20025:121,11_25,11_25::event_01,explicit sampling area treatment
plot:166:20025:122,11_25,11_25::event_01,explicit sampling area treatment
plot:166:20025:123,11_25,11_25::event_01,explicit sampling area treatment
plot:166:20025:124,11_25,11_25::event_01,explicit sampling area treatment
plot:166:20025:125,11_25,11_25::event_01,explicit sampling area treatment
plot:166:20025:126,11_25,11_25::event_01,explicit sampling area treatment
plot:166:20025:127,11_25,11_25::event_01,explicit sampling area treatment
plot:166:20025:128,11_25,11_25::event_01,explicit sampling area treatment
plot:166:20025:129,11_25,11_25::event_01,explicit sampling area treatment
plot:166:20025:13,11_25,11_25::event_01,explicit sampling area treatment
plot:166:20025:130,11_25,11_25::event_01,explicit sampling area treatment
plot:166:20025:131,11_25,11_25::event_01,explicit sampling area treatment
plot:166:20025:132,11_25,11_25::event_01,explicit sampling area treatment
plot:166:20025:133,11_25,11_25::event_01,explicit sampling area treatment
plot:166:20025:134,11_25,11_25::event_01,explicit sampling area treatment
plot:166:20025:135,11_25,11_25::event_01,explicit sampling area treatment
plot:166:20025:136,11_25,11_25::event_01,explicit sampling area treatment
plot:166:20025:14,11_25,11_25::event_01,explicit sampling area treatment
plot:166:20025:15,11_25,11_25::event_01,explicit sampling area treatment
plot:166:20025:16,11_25,11_25::event_01,explicit sampling area treatment
plot:166:20025:17,11_25,11_25::event_01,explicit sampling area treatment
plot:166:20025:18,11_25,11_25::event_01,explicit sampling area treatment
plot:166:20025:19,11_25,11_25::event_01,explicit sampling area treatment
plot:166:20025:2,11_25,11_25::event_01,explicit sampling area treatment
plot:166:20025:20,11_25,11_25::event_01,explicit sampling area treatment
plot:166:20025:21,11_25,11_25::event_01,explicit sampling area treatment
plot:166:20025:22,11_25,11_25::event_01,explicit sampling area treatment
plot:166:20025:23,11_25,11_25::event_01,explicit sampling area treatment
plot:166:20025:24,11_25,11_25::event_01,explicit sampling area treatment
plot:166:20025:25,11_25,11_25::event_01,explicit sampling area treatment
plot:166:20025:26,11_25,11_25::event_01,explicit sampling area treatment
plot:166:20025:27,11_25,11_25::event_01,explicit sampling area treatment
plot:166:20025:28,11_25,11_25::event_01,explicit sampling area treatment
plot:166:20025:29,11_25,11_25::event_01,explicit sampling area treatment
plot:166:20025:3,11_25,11_25::event_01,explicit sampling area treatment
plot:166:20025:30,11_25,11_25::event_01,explicit sampling area treatment
plot:166:20025:31,11_25,11_25::event_01,explicit sampling area treatment
plot:166:20025:32,11_25,11_25::event_01,explicit sampling area treatment
plot:166:20025:33,11_25,11_25::event_01,explicit sampling area treatment
plot:166:20025:34,11_25,11_25::event_01,explicit sampling area treatment
plot:166:20025:35,11_25,11_25::event_01,explicit sampling area treatment
plot:166:20025:36,11_25,11_25::event_01,explicit sampling area treatment
plot:166:20025:37,11_25,11_25::event_01,explicit sampling area treatment
plot:166:20025:38,11_25,11_25::event_01,explicit sampling area treatment
plot:166:20025:39,11_25,11_25::event_01,explicit sampling area treatment
plot:166:20025:4,11_25,11_25::event_01,explicit sampling area treatment
plot:166:20025:40,11_25,11_25::event_01,explicit sampling area treatment
plot:166:20025:41,11_25,11_25::event_01,explicit sampling area treatment
plot:166:20025:42,11_25,11_25::event_01,explicit sampling area treatment
plot:166:20025:43,11_25,11_25::event_01,explicit sampling area treatment
plot:166:20025:44,11_25,11_25::event_01,explicit sampling area treatment
plot:166:20025:45,11_25,11_25::event_01,explicit sampling area treatment
plot:166:20025:46,11_25,11_25::event_01,explicit sampling area treatment
plot:166:20025:47,11_25,11_25::event_01,explicit sampling area treatment
plot:166:20025:48,11_25,11_25::event_01,explicit sampling area treatment
plot:166:20025:49,11_25,11_25::event_01,explicit sampling area treatment
plot:166:20025:5,11_25,11_25::event_01,explicit sampling area treatment
plot:166:20025:50,11_25,11_25::event_01,explicit sampling area treatment
plot:166:20025:51,11_25,11_25::event_01,explicit sampling area treatment
plot:166:20025:52,11_25,11_25::event_01,explicit sampling area treatment
plot:166:20025:53,11_25,11_25::event_01,explicit sampling area treatment
plot:166:20025:54,11_25,11_25::event_01,explicit sampling area treatment
plot:166:20025:55,11_25,11_25::event_01,explicit sampling area treatment
plot:166:20025:56,11_25,11_25::event_01,explicit sampling area treatment
plot:166:20025:57,11_25,11_25::event_01,explicit sampling area treatment
plot:166:20025:58,11_25,11_25::event_01,explicit sampling area treatment
plot:166:20025:59,11_25,11_25::event_01,explicit sampling area treatment
plot:166:20025:6,11_25,11_25::event_01,explicit sampling area treatment
plot:166:20025:60,11_25,11_25::event_01,explicit sampling area treatment
plot:166:20025:61,11_25,11_25::event_01,explicit sampling area treatment
plot:166:20025:62,11_25,11_25::event_01,explicit sampling area treatment
plot:166:20025:63,11_25,11_25::event_01,explicit sampling area treatment
plot:166:20025:64,11_25,11_25::event_01,explicit sampling area treatment
plot:166:20025:65,11_25,11_25::event_01,explicit sampling area treatment
plot:166:20025:66,11_25,11_25::event_01,explicit sampling area treatment
plot:166:20025:67,11_25,11_25::event_01,explicit sampling area treatment
plot:166:20025:68,11_25,11_25::event_01,explicit sampling area treatment
plot:166:20025:69,11_25,11_25::event_01,explicit sampling area treatment
plot:166:20025:7,11_25,11_25::event_01,explicit sampling area treatment
plot:166:20025:70,11_25,11_25::event_01,explicit sampling area treatment
plot:166:20025:71,11_25,11_25::event_01,explicit sampling area treatment
plot:166:20025:72,11_25,11_25::event_01,explicit sampling area treatment
plot:166:20025:73,11_25,11_25::event_01,explicit sampling area treatment
plot:166:20025:74,11_25,11_25::event_01,explicit sampling area treatment
plot:166:20025:75,11_25,11_25::event_01,explicit sampling area treatment
plot:166:20025:76,11_25,11_25::event_01,explicit sampling area treatment
plot:166:20025:77,11_25,11_25::event_01,explicit sampling area treatment
plot:166:20025:78,11_25,11_25::event_01,explicit sampling area treatment
plot:166:20025:79,11_25,11_25::event_01,explicit sampling area treatment
plot:166:20025:8,11_25,11_25::event_01,explicit sampling area treatment
plot:166:20025:80,11_25,11_25::event_01,explicit sampling area treatment
plot:166:20025:81,11_25,11_25::event_01,explicit sampling area treatment
plot:166:20025:82,11_25,11_25::event_01,explicit sampling area treatment
plot:166:20025:83,11_25,11_25::event_01,explicit sampling area treatment
plot:166:20025:84,11_25,11_25::event_01,explicit sampling area treatment
plot:166:20025:85,11_25,11_25::event_01,explicit sampling area treatment
plot:166:20025:86,11_25,11_25::event_01,explicit sampling area treatment
plot:166:20025:87,11_25,11_25::event_01,explicit sampling area treatment
plot:166:20025:88,11_25,11_25::event_01,explicit sampling area treatment
plot:166:20025:89,11_25,11_25::event_01,explicit sampling area treatment
plot:166:20025:9,11_25,11_25::event_01,explicit sampling area treatment
plot:166:20025:90,11_25,11_25::event_01,explicit sampling area treatment
plot:166:20025:91,11_25,11_25::event_01,explicit sampling area treatment
plot:166:20025:92,11_25,11_25::event_01,explicit sampling area treatment
plot:166:20025:93,11_25,11_25::event_01,explicit sampling area treatment
plot:166:20025:94,11_25,11_25::event_01,explicit sampling area treatment
plot:166:20025:95,11_25,11_25::event_01,explicit sampling area treatment
plot:166:20025:96,11_25,11_25::event_01,explicit sampling area treatment
plot:166:20025:97,11_25,11_25::event_01,explicit sampling area treatment
plot:166:20025:98,11_25,11_25::event_01,explicit sampling area treatment
plot:166:20025:99,11_25,11_25::event_01,explicit sampling area treatment
plot:166:20050:1,11_50,11_50::event_01,explicit sampling area treatment
plot:166:20050:10,11_50,11_50::event_01,explicit sampling area treatment
plot:166:20050:11,11_50,11_50::event_01,explicit sampling area treatment
plot:166:20050:12,11_50,11_50::event_01,explicit sampling area treatment
plot:166:20050:13,11_50,11_50::event_01,explicit sampling area treatment
plot:166:20050:14,11_50,11_50::event_01,explicit sampling area treatment
plot:166:20050:15,11_50,11_50::event_01,explicit sampling area treatment
plot:166:20050:16,11_50,11_50::event_01,explicit sampling area treatment
plot:166:20050:17,11_50,11_50::event_01,explicit sampling area treatment
plot:166:20050:18,11_50,11_50::event_01,explicit sampling area treatment
plot:166:20050:19,11_50,11_50::event_01,explicit sampling area treatment
plot:166:20050:2,11_50,11_50::event_01,explicit sampling area treatment
plot:166:20050:20,11_50,11_50::event_01,explicit sampling area treatment
plot:166:20050:21,11_50,11_50::event_01,explicit sampling area treatment
plot:166:20050:22,11_50,11_50::event_01,explicit sampling area treatment
plot:166:20050:23,11_50,11_50::event_01,explicit sampling area treatment
plot:166:20050:24,11_50,11_50::event_01,explicit sampling area treatment
plot:166:20050:25,11_50,11_50::event_01,explicit sampling area treatment
plot:166:20050:26,11_50,11_50::event_01,explicit sampling area treatment
plot:166:20050:27,11_50,11_50::event_01,explicit sampling area treatment
plot:166:20050:28,11_50,11_50::event_01,explicit sampling area treatment
plot:166:20050:29,11_50,11_50::event_01,explicit sampling area treatment
plot:166:20050:3,11_50,11_50::event_01,explicit sampling area treatment
plot:166:20050:30,11_50,11_50::event_01,explicit sampling area treatment
plot:166:20050:31,11_50,11_50::event_01,explicit sampling area treatment
plot:166:20050:32,11_50,11_50::event_01,explicit sampling area treatment
plot:166:20050:33,11_50,11_50::event_01,explicit sampling area treatment
plot:166:20050:34,11_50,11_50::event_01,explicit sampling area treatment
plot:166:20050:35,11_50,11_50::event_01,explicit sampling area treatment
plot:166:20050:36,11_50,11_50::event_01,explicit sampling area treatment
plot:166:20050:37,11_50,11_50::event_01,explicit sampling area treatment
plot:166:20050:38,11_50,11_50::event_01,explicit sampling area treatment
plot:166:20050:39,11_50,11_50::event_01,explicit sampling area treatment
plot:166:20050:4,11_50,11_50::event_01,explicit sampling area treatment
plot:166:20050:40,11_50,11_50::event_01,explicit sampling area treatment
plot:166:20050:41,11_50,11_50::event_01,explicit sampling area treatment
plot:166:20050:42,11_50,11_50::event_01,explicit sampling area treatment
plot:166:20050:43,11_50,11_50::event_01,explicit sampling area treatment
plot:166:20050:44,11_50,11_50::event_01,explicit sampling area treatment
plot:166:20050:45,11_50,11_50::event_01,explicit sampling area treatment
plot:166:20050:46,11_50,11_50::event_01,explicit sampling area treatment
plot:166:20050:47,11_50,11_50::event_01,explicit sampling area treatment
plot:166:20050:48,11_50,11_50::event_01,explicit sampling area treatment
plot:166:20050:49,11_50,11_50::event_01,explicit sampling area treatment
plot:166:20050:5,11_50,11_50::event_01,explicit sampling area treatment
plot:166:20050:50,11_50,11_50::event_01,explicit sampling area treatment
plot:166:20050:51,11_50,11_50::event_01,explicit sampling area treatment
plot:166:20050:52,11_50,11_50::event_01,explicit sampling area treatment
plot:166:20050:53,11_50,11_50::event_01,explicit sampling area treatment
plot:166:20050:54,11_50,11_50::event_01,explicit sampling area treatment
plot:166:20050:55,11_50,11_50::event_01,explicit sampling area treatment
plot:166:20050:56,11_50,11_50::event_01,explicit sampling area treatment
plot:166:20050:57,11_50,11_50::event_01,explicit sampling area treatment
plot:166:20050:58,11_50,11_50::event_01,explicit sampling area treatment
plot:166:20050:59,11_50,11_50::event_01,explicit sampling area treatment
plot:166:20050:6,11_50,11_50::event_01,explicit sampling area treatment
plot:166:20050:60,11_50,11_50::event_01,explicit sampling area treatment
plot:166:20050:7,11_50,11_50::event_01,explicit sampling area treatment
plot:166:20050:8,11_50,11_50::event_01,explicit sampling area treatment
plot:166:20050:9,11_50,11_50::event_01,explicit sampling area treatment
plot:166:301:23,11_26,11_26::event_01,explicit sampling area treatment
plot:166:301:43,11_26,11_26::event_01,explicit sampling area treatment
plot:166:302:122,11_26,11_26::event_01,explicit sampling area treatment
plot:166:302:142,11_26,11_26::event_01,explicit sampling area treatment
plot:166:303:122,11_26,11_26::event_01,explicit sampling area treatment
plot:166:303:142,11_26,11_26::event_01,explicit sampling area treatment
plot:166:304:23,11_26,11_26::event_01,explicit sampling area treatment
plot:166:304:43,11_26,11_26::event_01,explicit sampling area treatment
plot:166:305:121,11_26,11_26::event_01,explicit sampling area treatment
plot:166:305:141,11_26,11_26::event_01,explicit sampling area treatment
plot:166:306:23,11_26,11_26::event_01,explicit sampling area treatment
plot:166:306:43,11_26,11_26::event_01,explicit sampling area treatment
plot:166:307:22,11_26,11_26::event_01,explicit sampling area treatment
plot:166:307:42,11_26,11_26::event_01,explicit sampling area treatment
plot:166:308:121,11_26,11_26::event_01,explicit sampling area treatment
plot:166:308:141,11_26,11_26::event_01,explicit sampling area treatment
plot:166:309:21,11_26,11_26::event_01,explicit sampling area treatment
plot:166:309:41,11_26,11_26::event_01,explicit sampling area treatment
plot:166:310:23,11_28,11_28::event_01,explicit sampling area treatment
plot:166:310:43,11_28,11_28::event_01,explicit sampling area treatment
plot:166:311:22,11_28,11_28::event_01,explicit sampling area treatment
plot:166:311:42,11_28,11_28::event_01,explicit sampling area treatment
plot:166:312:22,11_28,11_28::event_01,explicit sampling area treatment
plot:166:312:42,11_28,11_28::event_01,explicit sampling area treatment
plot:166:313:23,11_28,11_28::event_01,explicit sampling area treatment
plot:166:313:43,11_28,11_28::event_01,explicit sampling area treatment
plot:166:314:121,11_28,11_28::event_01,explicit sampling area treatment
plot:166:314:141,11_28,11_28::event_01,explicit sampling area treatment
plot:166:315:23,11_28,11_28::event_01,explicit sampling area treatment
plot:166:315:43,11_28,11_28::event_01,explicit sampling area treatment
plot:166:316:22,11_28,11_28::event_01,explicit sampling area treatment
plot:166:316:42,11_28,11_28::event_01,explicit sampling area treatment
plot:166:317:121,11_28,11_28::event_01,explicit sampling area treatment
plot:166:317:141,11_28,11_28::event_01,explicit sampling area treatment
plot:166:318:21,11_28,11_28::event_01,explicit sampling area treatment
plot:166:318:41,11_28,11_28::event_01,explicit sampling area treatment
plot:166:401:123,11_26,11_26::event_01,explicit sampling area treatment
plot:166:401:143,11_26,11_26::event_01,explicit sampling area treatment
plot:166:402:22,11_26,11_26::event_01,explicit sampling area treatment
plot:166:402:42,11_26,11_26::event_01,explicit sampling area treatment
plot:166:403:122,11_26,11_26::event_01,explicit sampling area treatment
plot:166:403:142,11_26,11_26::event_01,explicit sampling area treatment
plot:166:404:23,11_26,11_26::event_01,explicit sampling area treatment
plot:166:404:43,11_26,11_26::event_01,explicit sampling area treatment
plot:166:405:21,11_26,11_26::event_01,explicit sampling area treatment
plot:166:405:41,11_26,11_26::event_01,explicit sampling area treatment
plot:166:406:123,11_26,11_26::event_01,explicit sampling area treatment
plot:166:406:143,11_26,11_26::event_01,explicit sampling area treatment
plot:166:407:22,11_26,11_26::event_01,explicit sampling area treatment
plot:166:407:42,11_26,11_26::event_01,explicit sampling area treatment
plot:166:408:21,11_26,11_26::event_01,explicit sampling area treatment
plot:166:408:41,11_26,11_26::event_01,explicit sampling area treatment
plot:166:409:21,11_26,11_26::event_01,explicit sampling area treatment
plot:166:409:41,11_26,11_26::event_01,explicit sampling area treatment
plot:166:410:23,11_28,11_28::event_01,explicit sampling area treatment
plot:166:410:43,11_28,11_28::event_01,explicit sampling area treatment
plot:166:411:122,11_28,11_28::event_01,explicit sampling area treatment
plot:166:411:142,11_28,11_28::event_01,explicit sampling area treatment
plot:166:412:122,11_28,11_28::event_01,explicit sampling area treatment
plot:166:412:142,11_28,11_28::event_01,explicit sampling area treatment
plot:166:413:23,11_28,11_28::event_01,explicit sampling area treatment
plot:166:413:43,11_28,11_28::event_01,explicit sampling area treatment
plot:166:414:121,11_28,11_28::event_01,explicit sampling area treatment
plot:166:414:141,11_28,11_28::event_01,explicit sampling area treatment
plot:166:415:123,11_28,11_28::event_01,explicit sampling area treatment
plot:166:415:143,11_28,11_28::event_01,explicit sampling area treatment
plot:166:416:122,11_28,11_28::event_01,explicit sampling area treatment
plot:166:416:142,11_28,11_28::event_01,explicit sampling area treatment
plot:166:417:121,11_28,11_28::event_01,explicit sampling area treatment
plot:166:417:141,11_28,11_28::event_01,explicit sampling area treatment
plot:166:418:121,11_28,11_28::event_01,explicit sampling area treatment
plot:166:418:141,11_28,11_28::event_01,explicit sampling area treatment
plot:166:701:123,11_27,11_27::event_01,explicit sampling area treatment
plot:166:701:143,11_27,11_27::event_01,explicit sampling area treatment
plot:166:702:22,11_27,11_27::event_01,explicit sampling area treatment
plot:166:702:42,11_27,11_27::event_01,explicit sampling area treatment
plot:166:703:22,11_27,11_27::event_01,explicit sampling area treatment
plot:166:703:42,11_27,11_27::event_01,explicit sampling area treatment
plot:166:704:123,11_27,11_27::event_01,explicit sampling area treatment
plot:166:704:143,11_27,11_27::event_01,explicit sampling area treatment
plot:166:705:21,11_27,11_27::event_01,explicit sampling area treatment
plot:166:705:41,11_27,11_27::event_01,explicit sampling area treatment
plot:166:706:123,11_27,11_27::event_01,explicit sampling area treatment
plot:166:706:143,11_27,11_27::event_01,explicit sampling area treatment
plot:166:707:122,11_27,11_27::event_01,explicit sampling area treatment
plot:166:707:142,11_27,11_27::event_01,explicit sampling area treatment
plot:166:708:21,11_27,11_27::event_01,explicit sampling area treatment
plot:166:708:41,11_27,11_27::event_01,explicit sampling area treatment
plot:166:709:121,11_27,11_27::event_01,explicit sampling area treatment
plot:166:709:141,11_27,11_27::event_01,explicit sampling area treatment
plot:166:710:123,11_29,11_29::event_01,explicit sampling area treatment
plot:166:710:143,11_29,11_29::event_01,explicit sampling area treatment
plot:166:711:122,11_29,11_29::event_01,explicit sampling area treatment
plot:166:711:142,11_29,11_29::event_01,explicit sampling area treatment
plot:166:712:122,11_29,11_29::event_01,explicit sampling area treatment
plot:166:712:142,11_29,11_29::event_01,explicit sampling area treatment
plot:166:713:123,11_29,11_29::event_01,explicit sampling area treatment
plot:166:713:143,11_29,11_29::event_01,explicit sampling area treatment
plot:166:714:21,11_29,11_29::event_01,explicit sampling area treatment
plot:166:714:41,11_29,11_29::event_01,explicit sampling area treatment
plot:166:715:123,11_29,11_29::event_01,explicit sampling area treatment
plot:166:715:143,11_29,11_29::event_01,explicit sampling area treatment
plot:166:716:122,11_29,11_29::event_01,explicit sampling area treatment
plot:166:716:142,11_29,11_29::event_01,explicit sampling area treatment
plot:166:717:21,11_29,11_29::event_01,explicit sampling area treatment
plot:166:717:41,11_29,11_29::event_01,explicit sampling area treatment
plot:166:718:121,11_29,11_29::event_01,explicit sampling area treatment
plot:166:718:141,11_29,11_29::event_01,explicit sampling area treatment
plot:166:801:23,11_27,11_27::event_01,explicit sampling area treatment
plot:166:801:43,11_27,11_27::event_01,explicit sampling area treatment
plot:166:802:122,11_27,11_27::event_01,explicit sampling area treatment
plot:166:802:142,11_27,11_27::event_01,explicit sampling area treatment
plot:166:803:22,11_27,11_27::event_01,explicit sampling area treatment
plot:166:803:42,11_27,11_27::event_01,explicit sampling area treatment
plot:166:804:123,11_27,11_27::event_01,explicit sampling area treatment
plot:166:804:143,11_27,11_27::event_01,explicit sampling area treatment
plot:166:805:121,11_27,11_27::event_01,explicit sampling area treatment
plot:166:805:141,11_27,11_27::event_01,explicit sampling area treatment
plot:166:806:23,11_27,11_27::event_01,explicit sampling area treatment
plot:166:806:43,11_27,11_27::event_01,explicit sampling area treatment
plot:166:808:121,11_27,11_27::event_01,explicit sampling area treatment
plot:166:808:141,11_27,11_27::event_01,explicit sampling area treatment
plot:166:809:121,11_27,11_27::event_01,explicit sampling area treatment
plot:166:809:141,11_27,11_27::event_01,explicit sampling area treatment
plot:166:810:123,11_29,11_29::event_01,explicit sampling area treatment
plot:166:810:143,11_29,11_29::event_01,explicit sampling area treatment
plot:166:811:22,11_29,11_29::event_01,explicit sampling area treatment
plot:166:811:42,11_29,11_29::event_01,explicit sampling area treatment
plot:166:812:22,11_29,11_29::event_01,explicit sampling area treatment
plot:166:812:42,11_29,11_29::event_01,explicit sampling area treatment
plot:166:813:123,11_29,11_29::event_01,explicit sampling area treatment
plot:166:813:143,11_29,11_29::event_01,explicit sampling area treatment
plot:166:814:21,11_29,11_29::event_01,explicit sampling area treatment
plot:166:814:41,11_29,11_29::event_01,explicit sampling area treatment
plot:166:815:23,11_29,11_29::event_01,explicit sampling area treatment
plot:166:815:43,11_29,11_29::event_01,explicit sampling area treatment
plot:166:816:22,11_29,11_29::event_01,explicit sampling area treatment
plot:166:816:42,11_29,11_29::event_01,explicit sampling area treatment
plot:166:817:21,11_29,11_29::event_01,explicit sampling area treatment
plot:166:817:41,11_29,11_29::event_01,explicit sampling area treatment
plot:166:818:21,11_29,11_29::event_01,explicit sampling area treatment
plot:166:818:41,11_29,11_29::event_01,explicit sampling area treatment
