area_key,parent_area_key,siteid,source_block,source_replicate,type,size,units,restoration_start_year,restoration_type,disturbance_end_year
block:166:10101,,166,10101,,block,,m2,2014,seeding,
plot:166:10101:462,block:166:10101,166,10101,462,plot,0.25,m2,2014,seeding,
plot:166:10101:542,block:166:10101,166,10101,542,plot,0.25,m2,2014,seeding,
block:166:10102,,166,10102,,block,,m2,2014,seeding,
plot:166:10102:461,block:166:10102,166,10102,461,plot,0.25,m2,2014,seeding,
plot:166:10102:501,block:166:10102,166,10102,501,plot,0.25,m2,2014,seeding,
plot:166:10102:541,block:166:10102,166,10102,541,plot,0.25,m2,2014,seeding,
block:166:10103,,166,10103,,block,,m2,2014,seeding,
plot:166:10103:143,block:166:10103,166,10103,143,plot,0.25,m2,2014,seeding,
plot:166:10103:63,block:166:10103,166,10103,63,plot,0.25,m2,2014,seeding,
block:166:10104,,166,10104,,block,,m2,2014,seeding,
plot:166:10104:102,block:166:10104,166,10104,102,plot,0.25,m2,2014,seeding,
plot:166:10104:142,block:166:10104,166,10104,142,plot,0.25,m2,2014,seeding,
block:166:10105,,166,10105,,block,,m2,2014,seeding,
plot:166:10105:461,block:166:10105,166,10105,461,plot,0.25,m2,2014,seeding,
plot:166:10105:501,block:166:10105,166,10105,501,plot,0.25,m2,2014,seeding,
plot:166:10105:541,block:166:10105,166,10105,541,plot,0.25,m2,2014,seeding,
block:166:10106,,166,10106,,block,,m2,2014,seeding,
plot:166:10106:453,block:166:10106,166,10106,453,plot,0.25,m2,2014,seeding,
plot:166:10106:543,block:166:10106,166,10106,543,plot,0.25,m2,2014,seeding,
block:166:10107,,166,10107,,block,,m2,2014,seeding,
plot:166:10107:462,block:166:10107,166,10107,462,plot,0.25,m2,2014,seeding,
plot:166:10107:542,block:166:10107,166,10107,542,plot,0.25,m2,2014,seeding,
block:166:10108,,166,10108,,block,,m2,2014,seeding,
plot:166:10108:143,block:166:10108,166,10108,143,plot,0.25,m2,2014,seeding,
plot:166:10108:63,block:166:10108,166,10108,63,plot,0.25,m2,2014,seeding,
block:166:10109,,166,10109,,block,,m2,2014,seeding,
plot:166:10109:101,block:166:10109,166,10109,101,plot,0.25,m2,2014,seeding,
plot:166:10109:141,block:166:10109,166,10109,141,plot,0.25,m2,2014,seeding,
plot:166:10109:61,block:166:10109,166,10109,61,plot,0.25,m2,2014,seeding,
block:166:10110,,166,10110,,block,,m2,2014,seeding,
plot:166:10110:142,block:166:10110,166,10110,142,plot,0.25,m2,2014,seeding,
plot:166:10110:62,block:166:10110,166,10110,62,plot,0.25,m2,2014,seeding,
block:166:10111,,166,10111,,block,,m2,2014,seeding,
plot:166:10111:143,block:166:10111,166,10111,143,plot,0.25,m2,2014,seeding,
plot:166:10111:63,block:166:10111,166,10111,63,plot,0.25,m2,2014,seeding,
block:166:10112,,166,10112,,block,,m2,2014,seeding,
plot:166:10112:101,block:166:10112,166,10112,101,plot,0.25,m2,2014,seeding,
plot:166:10112:141,block:166:10112,166,10112,141,plot,0.25,m2,2014,seeding,
plot:166:10112:61,block:166:10112,166,10112,61,plot,0.25,m2,2014,seeding,
block:166:10201,,166,10201,,block,,m2,2014,seeding,
plot:166:10201:102,block:166:10201,166,10201,102,plot,0.25,m2,2014,seeding,
plot:166:10201:142,block:166:10201,166,10201,142,plot,0.25,m2,2014,seeding,
block:166:10202,,166,10202,,block,,m2,2014,seeding,
plot:166:10202:463,block:166:10202,166,10202,463,plot,0.25,m2,2014,seeding,
plot:166:10202:543,block:166:10202,166,10202,543,plot,0.25,m2,2014,seeding,
block:166:10203,,166,10203,,block,,m2,2014,seeding,
plot:166:10203:502,block:166:10203,166,10203,502,plot,0.25,m2,2014,seeding,
plot:166:10203:542,block:166:10203,166,10203,542,plot,0.25,m2,2014,seeding,
block:166:10204,,166,10204,,block,,m2,2014,seeding,
plot:166:10204:461,block:166:10204,166,10204,461,plot,0.25,m2,2014,seeding,
plot:166:10204:501,block:166:10204,166,10204,501,plot,0.25,m2,2014,seeding,
plot:166:10204:541,block:166:10204,166,10204,541,plot,0.25,m2,2014,seeding,
block:166:10205,,166,10205,,block,,m2,2014,seeding,
plot:166:10205:463,block:166:10205,166,10205,463,plot,0.25,m2,2014,seeding,
plot:166:10205:543,block:166:10205,166,10205,543,plot,0.25,m2,2014,seeding,
block:166:10206,,166,10206,,block,,m2,2014,seeding,
plot:166:10206:462,block:166:10206,166,10206,462,plot,0.25,m2,2014,seeding,
plot:166:10206:542,block:166:10206,166,10206,542,plot,0.25,m2,2014,seeding,
block:166:10207,,166,10207,,block,,m2,2014,seeding,
plot:166:10207:143,block:166:10207,166,10207,143,plot,0.25,m2,2014,seeding,
plot:166:10207:63,block:166:10207,166,10207,63,plot,0.25,m2,2014,seeding,
block:166:10208,,166,10208,,block,,m2,2014,seeding,
plot:166:10208:101,block:166:10208,166,10208,101,plot,0.25,m2,2014,seeding,
plot:166:10208:141,block:166:10208,166,10208,141,plot,0.25,m2,2014,seeding,
plot:166:10208:61,block:166:10208,166,10208,61,plot,0.25,m2,2014,seeding,
block:166:10209,,166,10209,,block,,m2,2014,seeding,
plot:166:10209:462,block:166:10209,166,10209,462,plot,0.25,m2,2014,seeding,
plot:166:10209:542,block:166:10209,166,10209,542,plot,0.25,m2,2014,seeding,
block:166:10210,,166,10210,,block,,m2,2014,seeding,
plot:166:10210:143,block:166:10210,166,10210,143,plot,0.25,m2,2014,seeding,
plot:166:10210:63,block:166:10210,166,10210,63,plot,0.25,m2,2014,seeding,
block:166:10211,,166,10211,,block,,m2,2014,seeding,
plot:166:10211:461,block:166:10211,166,10211,461,plot,0.25,m2,2014,seeding,
plot:166:10211:501,block:166:10211,166,10211,501,plot,0.25,m2,2014,seeding,
plot:166:10211:541,block:166:10211,166,10211,541,plot,0.25,m2,2014,seeding,
block:166:10301,,166,10301,,block,,m2,2014,seeding,
plot:166:10301:163,block:166:10301,166,10301,163,plot,0.25,m2,2014,seeding,
plot:166:10301:73,block:166:10301,166,10301,73,plot,0.25,m2,2014,seeding,
block:166:10307,,166,10307,,block,,m2,2014,seeding,
plot:166:10307:102,block:166:10307,166,10307,102,plot,0.25,m2,2014,seeding,
plot:166:10307:142,block:166:10307,166,10307,142,plot,0.25,m2,2014,seeding,
block:166:10308,,166,10308,,block,,m2,2014,seeding,
plot:166:10308:461,block:166:10308,166,10308,461,plot,0.25,m2,2014,seeding,
plot:166:10308:501,block:166:10308,166,10308,501,plot,0.25,m2,2014,seeding,
plot:166:10308:541,block:166:10308,166,10308,541,plot,0.25,m2,2014,seeding,
block:166:10310,,166,10310,,block,,m2,2014,seeding,
plot:166:10310:143,block:166:10310,166,10310,143,plot,0.25,m2,2014,seeding,
plot:166:10310:63,block:166:10310,166,10310,63,plot,0.25,m2,2014,seeding,
block:166:10316,,166,10316,,block,,m2,2014,seeding,
plot:166:10316:102,block:166:10316,166,10316,102,plot,0.25,m2,2014,seeding,
plot:166:10316:142,block:166:10316,166,10316,142,plot,0.25,m2,2014,seeding,
block:166:10317,,166,10317,,block,,m2,2014,seeding,
plot:166:10317:461,block:166:10317,166,10317,461,plot,0.25,m2,2014,seeding,
plot:166:10317:501,block:166:10317,166,10317,501,plot,0.25,m2,2014,seeding,
plot:166:10317:541,block:166:10317,166,10317,541,plot,0.25,m2,2014,seeding,
block:166:10401,,166,10401,,block,,m2,2014,seeding,
plot:166:10401:463,block:166:10401,166,10401,463,plot,0.25,m2,2014,seeding,
plot:166:10401:543,block:166:10401,166,10401,543,plot,0.25,m2,2014,seeding,
block:166:10407,,166,10407,,block,,m2,2014,seeding,
plot:166:10407:102,block:166:10407,166,10407,102,plot,0.25,m2,2014,seeding,
plot:166:10407:142,block:166:10407,166,10407,142,plot,0.25,m2,2014,seeding,
block:166:10408,,166,10408,,block,,m2,2014,seeding,
plot:166:10408:101,block:166:10408,166,10408,101,plot,0.25,m2,2014,seeding,
plot:166:10408:141,block:166:10408,166,10408,141,plot,0.25,m2,2014,seeding,
plot:166:10408:61,block:166:10408,166,10408,61,plot,0.25,m2,2014,seeding,
block:166:10410,,166,10410,,block,,m2,2014,seeding,
plot:166:10410:143,block:166:10410,166,10410,143,plot,0.25,m2,2014,seeding,
plot:166:10410:63,block:166:10410,166,10410,63,plot,0.25,m2,2014,seeding,
block:166:10416,,166,10416,,block,,m2,2014,seeding,
plot:166:10416:502,block:166:10416,166,10416,502,plot,0.25,m2,2014,seeding,
plot:166:10416:542,block:166:10416,166,10416,542,plot,0.25,m2,2014,seeding,
block:166:10417,,166,10417,,block,,m2,2014,seeding,
plot:166:10417:461,block:166:10417,166,10417,461,plot,0.25,m2,2014,seeding,
plot:166:10417:501,block:166:10417,166,10417,501,plot,0.25,m2,2014,seeding,
plot:166:10417:541,block:166:10417,166,10417,541,plot,0.25,m2,2014,seeding,
block:166:10501,,166,10501,,block,,m2,2014,seeding,
plot:166:10501:142,block:166:10501,166,10501,142,plot,0.25,m2,2014,seeding,
plot:166:10501:62,block:166:10501,166,10501,62,plot,0.25,m2,2014,seeding,
block:166:10502,,166,10502,,block,,m2,2014,seeding,
plot:166:10502:101,block:166:10502,166,10502,101,plot,0.25,m2,2014,seeding,
plot:166:10502:141,block:166:10502,166,10502,141,plot,0.25,m2,2014,seeding,
plot:166:10502:61,block:166:10502,166,10502,61,plot,0.25,m2,2014,seeding,
block:166:10503,,166,10503,,block,,m2,2014,seeding,
plot:166:10503:463,block:166:10503,166,10503,463,plot,0.25,m2,2014,seeding,
plot:166:10503:543,block:166:10503,166,10503,543,plot,0.25,m2,2014,seeding,
block:166:10504,,166,10504,,block,,m2,2014,seeding,
plot:166:10504:502,block:166:10504,166,10504,502,plot,0.25,m2,2014,seeding,
plot:166:10504:542,block:166:10504,166,10504,542,plot,0.25,m2,2014,seeding,
block:166:10505,,166,10505,,block,,m2,2014,seeding,
plot:166:10505:101,block:166:10505,166,10505,101,plot,0.25,m2,2014,seeding,
plot:166:10505:141,block:166:10505,166,10505,141,plot,0.25,m2,2014,seeding,
plot:166:10505:61,block:166:10505,166,10505,61,plot,0.25,m2,2014,seeding,
block:166:10506,,166,10506,,block,,m2,2014,seeding,
plot:166:10506:143,block:166:10506,166,10506,143,plot,0.25,m2,2014,seeding,
plot:166:10506:63,block:166:10506,166,10506,63,plot,0.25,m2,2014,seeding,
block:166:10507,,166,10507,,block,,m2,2014,seeding,
plot:166:10507:142,block:166:10507,166,10507,142,plot,0.25,m2,2014,seeding,
plot:166:10507:62,block:166:10507,166,10507,62,plot,0.25,m2,2014,seeding,
block:166:10508,,166,10508,,block,,m2,2014,seeding,
plot:166:10508:463,block:166:10508,166,10508,463,plot,0.25,m2,2014,seeding,
plot:166:10508:543,block:166:10508,166,10508,543,plot,0.25,m2,2014,seeding,
block:166:10509,,166,10509,,block,,m2,2014,seeding,
plot:166:10509:461,block:166:10509,166,10509,461,plot,0.25,m2,2014,seeding,
plot:166:10509:501,block:166:10509,166,10509,501,plot,0.25,m2,2014,seeding,
plot:166:10509:541,block:166:10509,166,10509,541,plot,0.25,m2,2014,seeding,
block:166:10511,,166,10511,,block,,m2,2014,seeding,
plot:166:10511:463,block:166:10511,166,10511,463,plot,0.25,m2,2014,seeding,
plot:166:10511:543,block:166:10511,166,10511,543,plot,0.25,m2,2014,seeding,
block:166:10512,,166,10512,,block,,m2,2014,seeding,
plot:166:10512:461,block:166:10512,166,10512,461,plot,0.25,m2,2014,seeding,
plot:166:10512:501,block:166:10512,166,10512,501,plot,0.25,m2,2014,seeding,
plot:166:10512:541,block:166:10512,166,10512,541,plot,0.25,m2,2014,seeding,
block:166:10519,,166,10519,,block,,m2,2014,seeding,
plot:166:10519:462,block:166:10519,166,10519,462,plot,0.25,m2,2014,seeding,
plot:166:10519:542,block:166:10519,166,10519,542,plot,0.25,m2,2014,seeding,
block:166:10601,,166,10601,,block,,m2,2014,seeding,
plot:166:10601:502,block:166:10601,166,10601,502,plot,0.25,m2,2014,seeding,
plot:166:10601:542,block:166:10601,166,10601,542,plot,0.25,m2,2014,seeding,
block:166:10602,,166,10602,,block,,m2,2014,seeding,
plot:166:10602:143,block:166:10602,166,10602,143,plot,0.25,m2,2014,seeding,
plot:166:10602:63,block:166:10602,166,10602,63,plot,0.25,m2,2014,seeding,
block:166:10603,,166,10603,,block,,m2,2014,seeding,
plot:166:10603:102,block:166:10603,166,10603,102,plot,0.25,m2,2014,seeding,
plot:166:10603:142,block:166:10603,166,10603,142,plot,0.25,m2,2014,seeding,
block:166:10604,,166,10604,,block,,m2,2014,seeding,
plot:166:10604:101,block:166:10604,166,10604,101,plot,0.25,m2,2014,seeding,
plot:166:10604:141,block:166:10604,166,10604,141,plot,0.25,m2,2014,seeding,
plot:166:10604:61,block:166:10604,166,10604,61,plot,0.25,m2,2014,seeding,
block:166:10605,,166,10605,,block,,m2,2014,seeding,
plot:166:10605:143,block:166:10605,166,10605,143,plot,0.25,m2,2014,seeding,
plot:166:10605:63,block:166:10605,166,10605,63,plot,0.25,m2,2014,seeding,
block:166:10606,,166,10606,,block,,m2,2014,seeding,
plot:166:10606:142,block:166:10606,166,10606,142,plot,0.25,m2,2014,seeding,
plot:166:10606:62,block:166:10606,166,10606,62,plot,0.25,m2,2014,seeding,
block:166:10607,,166,10607,,block,,m2,2014,seeding,
plot:166:10607:463,block:166:10607,166,10607,463,plot,0.25,m2,2014,seeding,
plot:166:10607:543,block:166:10607,166,10607,543,plot,0.25,m2,2014,seeding,
block:166:10608,,166,10608,,block,,m2,2014,seeding,
plot:166:10608:461,block:166:10608,166,10608,461,plot,0.25,m2,2014,seeding,
plot:166:10608:501,block:166:10608,166,10608,501,plot,0.25,m2,2014,seeding,
plot:166:10608:541,block:166:10608,166,10608,541,plot,0.25,m2,2014,seeding,
block:166:10609,,166,10609,,block,,m2,2014,seeding,
plot:166:10609:142,block:166:10609,166,10609,142,plot,0.25,m2,2014,seeding,
plot:166:10609:62,block:166:10609,166,10609,62,plot,0.25,m2,2014,seeding,
block:166:10610,,166,10610,,block,,m2,2014,seeding,
plot:166:10610:463,block:166:10610,166,10610,463,plot,0.25,m2,2014,seeding,
plot:166:10610:543,block:166:10610,166,10610,543,plot,0.25,m2,2014,seeding,
block:166:10611,,166,10611,,block,,m2,2014,seeding,
plot:166:10611:101,block:166:10611,166,10611,101,plot,0.25,m2,2014,seeding,
plot:166:10611:141,block:166:10611,166,10611,141,plot,0.25,m2,2014,seeding,
plot:166:10611:61,block:166:10611,166,10611,61,plot,0.25,m2,2014,seeding,
block:166:10701,,166,10701,,block,,m2,2014,seeding,
plot:166:10701:493,block:166:10701,166,10701,493,plot,0.25,m2,2014,seeding,
plot:166:10701:573,block:166:10701,166,10701,573,plot,0.25,m2,2014,seeding,
block:166:10707,,166,10707,,block,,m2,2014,seeding,
plot:166:10707:502,block:166:10707,166,10707,502,plot,0.25,m2,2014,seeding,
plot:166:10707:542,block:166:10707,166,10707,542,plot,0.25,m2,2014,seeding,
block:166:10708,,166,10708,,block,,m2,2014,seeding,
plot:166:10708:101,block:166:10708,166,10708,101,plot,0.25,m2,2014,seeding,
plot:166:10708:141,block:166:10708,166,10708,141,plot,0.25,m2,2014,seeding,
plot:166:10708:61,block:166:10708,166,10708,61,plot,0.25,m2,2014,seeding,
block:166:10710,,166,10710,,block,,m2,2014,seeding,
plot:166:10710:463,block:166:10710,166,10710,463,plot,0.25,m2,2014,seeding,
plot:166:10710:543,block:166:10710,166,10710,543,plot,0.25,m2,2014,seeding,
block:166:10716,,166,10716,,block,,m2,2014,seeding,
plot:166:10716:502,block:166:10716,166,10716,502,plot,0.25,m2,2014,seeding,
plot:166:10716:542,block:166:10716,166,10716,542,plot,0.25,m2,2014,seeding,
block:166:10717,,166,10717,,block,,m2,2014,seeding,
plot:166:10717:101,block:166:10717,166,10717,101,plot,0.25,m2,2014,seeding,
plot:166:10717:141,block:166:10717,166,10717,141,plot,0.25,m2,2014,seeding,
plot:166:10717:61,block:166:10717,166,10717,61,plot,0.25,m2,2014,seeding,
block:166:10801,,166,10801,,block,,m2,2014,seeding,
plot:166:10801:143,block:166:10801,166,10801,143,plot,0.25,m2,2014,seeding,
plot:166:10801:63,block:166:10801,166,10801,63,plot,0.25,m2,2014,seeding,
block:166:10807,,166,10807,,block,,m2,2014,seeding,
plot:166:10807:502,block:166:10807,166,10807,502,plot,0.25,m2,2014,seeding,
plot:166:10807:542,block:166:10807,166,10807,542,plot,0.25,m2,2014,seeding,
block:166:10808,,166,10808,,block,,m2,2014,seeding,
plot:166:10808:461,block:166:10808,166,10808,461,plot,0.25,m2,2014,seeding,
plot:166:10808:501,block:166:10808,166,10808,501,plot,0.25,m2,2014,seeding,
plot:166:10808:541,block:166:10808,166,10808,541,plot,0.25,m2,2014,seeding,
block:166:10810,,166,10810,,block,,m2,2014,seeding,
plot:166:10810:463,block:166:10810,166,10810,463,plot,0.25,m2,2014,seeding,
plot:166:10810:543,block:166:10810,166,10810,543,plot,0.25,m2,2014,seeding,
block:166:10816,,166,10816,,block,,m2,2014,seeding,
plot:166:10816:102,block:166:10816,166,10816,102,plot,0.25,m2,2014,seeding,
plot:166:10816:142,block:166:10816,166,10816,142,plot,0.25,m2,2014,seeding,
block:166:10817,,166,10817,,block,,m2,2014,seeding,
plot:166:10817:101,block:166:10817,166,10817,101,plot,0.25,m2,2014,seeding,
plot:166:10817:141,block:166:10817,166,10817,141,plot,0.25,m2,2014,seeding,
plot:166:10817:61,block:166:10817,166,10817,61,plot,0.25,m2,2014,seeding,
block:166:10901,,166,10901,,block,,m2,2014,seeding,
plot:166:10901:102,block:166:10901,166,10901,102,plot,0.25,m2,2014,seeding,
plot:166:10901:142,block:166:10901,166,10901,142,plot,0.25,m2,2014,seeding,
plot:166:10901:182,block:166:10901,166,10901,182,plot,0.25,m2,2014,seeding,
plot:166:10901:22,block:166:10901,166,10901,22,plot,0.25,m2,2014,seeding,
plot:166:10901:62,block:166:10901,166,10901,62,plot,0.25,m2,2014,seeding,
block:166:10902,,166,10902,,block,,m2,2014,seeding,
plot:166:10902:101,block:166:10902,166,10902,101,plot,0.25,m2,2014,seeding,
plot:166:10902:141,block:166:10902,166,10902,141,plot,0.25,m2,2014,seeding,
plot:166:10902:181,block:166:10902,166,10902,181,plot,0.25,m2,2014,seeding,
plot:166:10902:21,block:166:10902,166,10902,21,plot,0.25,m2,2014,seeding,
plot:166:10902:61,block:166:10902,166,10902,61,plot,0.25,m2,2014,seeding,
block:166:10903,,166,10903,,block,,m2,2014,seeding,
plot:166:10903:423,block:166:10903,166,10903,423,plot,0.25,m2,2014,seeding,
plot:166:10903:463,block:166:10903,166,10903,463,plot,0.25,m2,2014,seeding,
plot:166:10903:503,block:166:10903,166,10903,503,plot,0.25,m2,2014,seeding,
plot:166:10903:543,block:166:10903,166,10903,543,plot,0.25,m2,2014,seeding,
plot:166:10903:583,block:166:10903,166,10903,583,plot,0.25,m2,2014,seeding,
block:166:10904,,166,10904,,block,,m2,2014,seeding,
plot:166:10904:102,block:166:10904,166,10904,102,plot,0.25,m2,2014,seeding,
plot:166:10904:142,block:166:10904,166,10904,142,plot,0.25,m2,2014,seeding,
plot:166:10904:182,block:166:10904,166,10904,182,plot,0.25,m2,2014,seeding,
plot:166:10904:22,block:166:10904,166,10904,22,plot,0.25,m2,2014,seeding,
plot:166:10904:62,block:166:10904,166,10904,62,plot,0.25,m2,2014,seeding,
block:166:10905,,166,10905,,block,,m2,2014,seeding,
plot:166:10905:101,block:166:10905,166,10905,101,plot,0.25,m2,2014,seeding,
plot:166:10905:141,block:166:10905,166,10905,141,plot,0.25,m2,2014,seeding,
plot:166:10905:181,block:166:10905,166,10905,181,plot,0.25,m2,2014,seeding,
plot:166:10905:21,block:166:10905,166,10905,21,plot,0.25,m2,2014,seeding,
plot:166:10905:61,block:166:10905,166,10905,61,plot,0.25,m2,2014,seeding,
block:166:10906,,166,10906,,block,,m2,2014,seeding,
plot:166:10906:103,block:166:10906,166,10906,103,plot,0.25,m2,2014,seeding,
plot:166:10906:133,block:166:10906,166,10906,133,plot,0.25,m2,2014,seeding,
plot:166:10906:173,block:166:10906,166,10906,173,plot,0.25,m2,2014,seeding,
plot:166:10906:23,block:166:10906,166,10906,23,plot,0.25,m2,2014,seeding,
plot:166:10906:63,block:166:10906,166,10906,63,plot,0.25,m2,2014,seeding,
block:166:10907,,166,10907,,block,,m2,2014,seeding,
plot:166:10907:102,block:166:10907,166,10907,102,plot,0.25,m2,2014,seeding,
plot:166:10907:142,block:166:10907,166,10907,142,plot,0.25,m2,2014,seeding,
plot:166:10907:182,block:166:10907,166,10907,182,plot,0.25,m2,2014,seeding,
plot:166:10907:22,block:166:10907,166,10907,22,plot,0.25,m2,2014,seeding,
plot:166:10907:62,block:166:10907,166,10907,62,plot,0.25,m2,2014,seeding,
block:166:10908,,166,10908,,block,,m2,2014,seeding,
plot:166:10908:423,block:166:10908,166,10908,423,plot,0.25,m2,2014,seeding,
plot:166:10908:463,block:166:10908,166,10908,463,plot,0.25,m2,2014,seeding,
plot:166:10908:503,block:166:10908,166,10908,503,plot,0.25,m2,2014,seeding,
plot:166:10908:543,block:166:10908,166,10908,543,plot,0.25,m2,2014,seeding,
plot:166:10908:583,block:166:10908,166,10908,583,plot,0.25,m2,2014,seeding,
block:166:10909,,166,10909,,block,,m2,2014,seeding,
plot:166:10909:101,block:166:10909,166,10909,101,plot,0.25,m2,2014,seeding,
plot:166:10909:141,block:166:10909,166,10909,141,plot,0.25,m2,2014,seeding,
plot:166:10909:181,block:166:10909,166,10909,181,plot,0.25,m2,2014,seeding,
plot:166:10909:21,block:166:10909,166,10909,21,plot,0.25,m2,2014,seeding,
plot:166:10909:61,block:166:10909,166,10909,61,plot,0.25,m2,2014,seeding,
block:166:10910,,166,10910,,block,,m2,2014,seeding,
plot:166:10910:102,block:166:10910,166,10910,102,plot,0.25,m2,2014,seeding,
plot:166:10910:142,block:166:10910,166,10910,142,plot,0.25,m2,2014,seeding,
plot:166:10910:182,block:166:10910,166,10910,182,plot,0.25,m2,2014,seeding,
plot:166:10910:22,block:166:10910,166,10910,22,plot,0.25,m2,2014,seeding,
plot:166:10910:62,block:166:10910,166,10910,62,plot,0.25,m2,2014,seeding,
block:166:10911,,166,10911,,block,,m2,2014,seeding,
plot:166:10911:113,block:166:10911,166,10911,113,plot,0.25,m2,2014,seeding,
plot:166:10911:143,block:166:10911,166,10911,143,plot,0.25,m2,2014,seeding,
plot:166:10911:183,block:166:10911,166,10911,183,plot,0.25,m2,2014,seeding,
plot:166:10911:23,block:166:10911,166,10911,23,plot,0.25,m2,2014,seeding,
plot:166:10911:73,block:166:10911,166,10911,73,plot,0.25,m2,2014,seeding,
block:166:10912,,166,10912,,block,,m2,2014,seeding,
plot:166:10912:421,block:166:10912,166,10912,421,plot,0.25,m2,2014,seeding,
plot:166:10912:461,block:166:10912,166,10912,461,plot,0.25,m2,2014,seeding,
plot:166:10912:501,block:166:10912,166,10912,501,plot,0.25,m2,2014,seeding,
plot:166:10912:541,block:166:10912,166,10912,541,plot,0.25,m2,2014,seeding,
plot:166:10912:581,block:166:10912,166,10912,581,plot,0.25,m2,2014,seeding,
block:166:11001,,166,11001,,block,,m2,2014,seeding,
plot:166:11001:112,block:166:11001,166,11001,112,plot,0.25,m2,2014,seeding,
plot:166:11001:152,block:166:11001,166,11001,152,plot,0.25,m2,2014,seeding,
plot:166:11001:182,block:166:11001,166,11001,182,plot,0.25,m2,2014,seeding,
plot:166:11001:22,block:166:11001,166,11001,22,plot,0.25,m2,2014,seeding,
plot:166:11001:62,block:166:11001,166,11001,62,plot,0.25,m2,2014,seeding,
block:166:11002,,166,11002,,block,,m2,2014,seeding,
plot:166:11002:421,block:166:11002,166,11002,421,plot,0.25,m2,2014,seeding,
plot:166:11002:461,block:166:11002,166,11002,461,plot,0.25,m2,2014,seeding,
plot:166:11002:501,block:166:11002,166,11002,501,plot,0.25,m2,2014,seeding,
plot:166:11002:541,block:166:11002,166,11002,541,plot,0.25,m2,2014,seeding,
plot:166:11002:581,block:166:11002,166,11002,581,plot,0.25,m2,2014,seeding,
block:166:11003,,166,11003,,block,,m2,2014,seeding,
plot:166:11003:103,block:166:11003,166,11003,103,plot,0.25,m2,2014,seeding,
plot:166:11003:143,block:166:11003,166,11003,143,plot,0.25,m2,2014,seeding,
plot:166:11003:183,block:166:11003,166,11003,183,plot,0.25,m2,2014,seeding,
plot:166:11003:23,block:166:11003,166,11003,23,plot,0.25,m2,2014,seeding,
plot:166:11003:63,block:166:11003,166,11003,63,plot,0.25,m2,2014,seeding,
block:166:11004,,166,11004,,block,,m2,2014,seeding,
plot:166:11004:422,block:166:11004,166,11004,422,plot,0.25,m2,2014,seeding,
plot:166:11004:462,block:166:11004,166,11004,462,plot,0.25,m2,2014,seeding,
plot:166:11004:502,block:166:11004,166,11004,502,plot,0.25,m2,2014,seeding,
plot:166:11004:542,block:166:11004,166,11004,542,plot,0.25,m2,2014,seeding,
plot:166:11004:582,block:166:11004,166,11004,582,plot,0.25,m2,2014,seeding,
block:166:11005,,166,11005,,block,,m2,2014,seeding,
plot:166:11005:101,block:166:11005,166,11005,101,plot,0.25,m2,2014,seeding,
plot:166:11005:141,block:166:11005,166,11005,141,plot,0.25,m2,2014,seeding,
plot:166:11005:181,block:166:11005,166,11005,181,plot,0.25,m2,2014,seeding,
plot:166:11005:21,block:166:11005,166,11005,21,plot,0.25,m2,2014,seeding,
plot:166:11005:61,block:166:11005,166,11005,61,plot,0.25,m2,2014,seeding,
block:166:11006,,166,11006,,block,,m2,2014,seeding,
plot:166:11006:103,block:166:11006,166,11006,103,plot,0.25,m2,2014,seeding,
plot:166:11006:133,block:166:11006,166,11006,133,plot,0.25,m2,2014,seeding,
plot:166:11006:173,block:166:11006,166,11006,173,plot,0.25,m2,2014,seeding,
plot:166:11006:23,block:166:11006,166,11006,23,plot,0.25,m2,2014,seeding,
plot:166:11006:63,block:166:11006,166,11006,63,plot,0.25,m2,2014,seeding,
block:166:11007,,166,11007,,block,,m2,2014,seeding,
plot:166:11007:102,block:166:11007,166,11007,102,plot,0.25,m2,2014,seeding,
plot:166:11007:142,block:166:11007,166,11007,142,plot,0.25,m2,2014,seeding,
plot:166:11007:182,block:166:11007,166,11007,182,plot,0.25,m2,2014,seeding,
plot:166:11007:22,block:166:11007,166,11007,22,plot,0.25,m2,2014,seeding,
plot:166:11007:62,block:166:11007,166,11007,62,plot,0.25,m2,2014,seeding,
block:166:11008,,166,11008,,block,,m2,2014,seeding,
plot:166:11008:103,block:166:11008,166,11008,103,plot,0.25,m2,2014,seeding,
plot:166:11008:143,block:166:11008,166,11008,143,plot,0.25,m2,2014,seeding,
plot:166:11008:183,block:166:11008,166,11008,183,plot,0.25,m2,2014,seeding,
plot:166:11008:23,block:166:11008,166,11008,23,plot,0.25,m2,2014,seeding,
plot:166:11008:63,block:166:11008,166,11008,63,plot,0.25,m2,2014,seeding,
block:166:11009,,166,11009,,block,,m2,2014,seeding,
plot:166:11009:111,block:166:11009,166,11009,111,plot,0.25,m2,2014,seeding,
plot:166:11009:141,block:166:11009,166,11009,141,plot,0.25,m2,2014,seeding,
plot:166:11009:181,block:166:11009,166,11009,181,plot,0.25,m2,2014,seeding,
plot:166:11009:31,block:166:11009,166,11009,31,plot,0.25,m2,2014,seeding,
plot:166:11009:71,block:166:11009,166,11009,71,plot,0.25,m2,2014,seeding,
block:166:1101,,166,1101,,block,,m2,2014,seeding,
plot:166:1101:13,block:166:1101,166,1101,13,plot,0.125,m2,2014,seeding,
plot:166:1101:23,block:166:1101,166,1101,23,plot,0.125,m2,2014,seeding,
plot:166:1101:33,block:166:1101,166,1101,33,plot,0.125,m2,2014,seeding,
plot:166:1101:43,block:166:1101,166,1101,43,plot,0.125,m2,2014,seeding,
plot:166:1101:53,block:166:1101,166,1101,53,plot,0.125,m2,2014,seeding,
block:166:11010,,166,11010,,block,,m2,2014,seeding,
plot:166:11010:422,block:166:11010,166,11010,422,plot,0.25,m2,2014,seeding,
plot:166:11010:462,block:166:11010,166,11010,462,plot,0.25,m2,2014,seeding,
plot:166:11010:502,block:166:11010,166,11010,502,plot,0.25,m2,2014,seeding,
plot:166:11010:542,block:166:11010,166,11010,542,plot,0.25,m2,2014,seeding,
plot:166:11010:582,block:166:11010,166,11010,582,plot,0.25,m2,2014,seeding,
block:166:11011,,166,11011,,block,,m2,2014,seeding,
plot:166:11011:463,block:166:11011,166,11011,463,plot,0.25,m2,2014,seeding,
plot:166:11011:503,block:166:11011,166,11011,503,plot,0.25,m2,2014,seeding,
plot:166:11011:543,block:166:11011,166,11011,543,plot,0.25,m2,2014,seeding,
plot:166:11011:573,block:166:11011,166,11011,573,plot,0.25,m2,2014,seeding,
plot:166:11011:613,block:166:11011,166,11011,613,plot,0.25,m2,2014,seeding,
block:166:11012,,166,11012,,block,,m2,2014,seeding,
plot:166:11012:101,block:166:11012,166,11012,101,plot,0.25,m2,2014,seeding,
plot:166:11012:141,block:166:11012,166,11012,141,plot,0.25,m2,2014,seeding,
plot:166:11012:181,block:166:11012,166,11012,181,plot,0.25,m2,2014,seeding,
plot:166:11012:21,block:166:11012,166,11012,21,plot,0.25,m2,2014,seeding,
plot:166:11012:61,block:166:11012,166,11012,61,plot,0.25,m2,2014,seeding,
block:166:1102,,166,1102,,block,,m2,2014,seeding,
plot:166:1102:12,block:166:1102,166,1102,12,plot,0.125,m2,2014,seeding,
plot:166:1102:22,block:166:1102,166,1102,22,plot,0.125,m2,2014,seeding,
plot:166:1102:32,block:166:1102,166,1102,32,plot,0.125,m2,2014,seeding,
plot:166:1102:42,block:166:1102,166,1102,42,plot,0.125,m2,2014,seeding,
plot:166:1102:52,block:166:1102,166,1102,52,plot,0.125,m2,2014,seeding,
block:166:1103,,166,1103,,block,,m2,2014,seeding,
plot:166:1103:12,block:166:1103,166,1103,12,plot,0.125,m2,2014,seeding,
plot:166:1103:22,block:166:1103,166,1103,22,plot,0.125,m2,2014,seeding,
plot:166:1103:32,block:166:1103,166,1103,32,plot,0.125,m2,2014,seeding,
plot:166:1103:42,block:166:1103,166,1103,42,plot,0.125,m2,2014,seeding,
plot:166:1103:52,block:166:1103,166,1103,52,plot,0.125,m2,2014,seeding,
block:166:1104,,166,1104,,block,,m2,2014,seeding,
plot:166:1104:113,block:166:1104,166,1104,113,plot,0.125,m2,2014,seeding,
plot:166:1104:123,block:166:1104,166,1104,123,plot,0.125,m2,2014,seeding,
plot:166:1104:133,block:166:1104,166,1104,133,plot,0.125,m2,2014,seeding,
plot:166:1104:143,block:166:1104,166,1104,143,plot,0.125,m2,2014,seeding,
plot:166:1104:153,block:166:1104,166,1104,153,plot,0.125,m2,2014,seeding,
block:166:1105,,166,1105,,block,,m2,2014,seeding,
plot:166:1105:11,block:166:1105,166,1105,11,plot,0.125,m2,2014,seeding,
plot:166:1105:21,block:166:1105,166,1105,21,plot,0.125,m2,2014,seeding,
plot:166:1105:31,block:166:1105,166,1105,31,plot,0.125,m2,2014,seeding,
plot:166:1105:41,block:166:1105,166,1105,41,plot,0.125,m2,2014,seeding,
plot:166:1105:51,block:166:1105,166,1105,51,plot,0.125,m2,2014,seeding,
block:166:1106,,166,1106,,block,,m2,2014,seeding,
plot:166:1106:113,block:166:1106,166,1106,113,plot,0.125,m2,2014,seeding,
plot:166:1106:123,block:166:1106,166,1106,123,plot,0.125,m2,2014,seeding,
plot:166:1106:133,block:166:1106,166,1106,133,plot,0.125,m2,2014,seeding,
plot:166:1106:143,block:166:1106,166,1106,143,plot,0.125,m2,2014,seeding,
plot:166:1106:153,block:166:1106,166,1106,153,plot,0.125,m2,2014,seeding,
block:166:1107,,166,1107,,block,,m2,2014,seeding,
plot:166:1107:12,block:166:1107,166,1107,12,plot,0.125,m2,2014,seeding,
plot:166:1107:22,block:166:1107,166,1107,22,plot,0.125,m2,2014,seeding,
plot:166:1107:32,block:166:1107,166,1107,32,plot,0.125,m2,2014,seeding,
plot:166:1107:42,block:166:1107,166,1107,42,plot,0.125,m2,2014,seeding,
plot:166:1107:52,block:166:1107,166,1107,52,plot,0.125,m2,2014,seeding,
block:166:1108,,166,1108,,block,,m2,2014,seeding,
plot:166:1108:11,block:166:1108,166,1108,11,plot,0.125,m2,2014,seeding,
plot:166:1108:21,block:166:1108,166,1108,21,plot,0.125,m2,2014,seeding,
plot:166:1108:31,block:166:1108,166,1108,31,plot,0.125,m2,2014,seeding,
plot:166:1108:41,block:166:1108,166,1108,41,plot,0.125,m2,2014,seeding,
plot:166:1108:51,block:166:1108,166,1108,51,plot,0.125,m2,2014,seeding,
block:166:1109,,166,1109,,block,,m2,2014,seeding,
plot:166:1109:11,block:166:1109,166,1109,11,plot,0.125,m2,2014,seeding,
plot:166:1109:21,block:166:1109,166,1109,21,plot,0.125,m2,2014,seeding,
plot:166:1109:31,block:166:1109,166,1109,31,plot,0.125,m2,2014,seeding,
plot:166:1109:41,block:166:1109,166,1109,41,plot,0.125,m2,2014,seeding,
plot:166:1109:51,block:166:1109,166,1109,51,plot,0.125,m2,2014,seeding,
block:166:1110,,166,1110,,block,,m2,2014,seeding,
plot:166:1110:13,block:166:1110,166,1110,13,plot,0.125,m2,2014,seeding,
plot:166:1110:23,block:166:1110,166,1110,23,plot,0.125,m2,2014,seeding,
plot:166:1110:33,block:166:1110,166,1110,33,plot,0.125,m2,2014,seeding,
plot:166:1110:43,block:166:1110,166,1110,43,plot,0.125,m2,2014,seeding,
plot:166:1110:53,block:166:1110,166,1110,53,plot,0.125,m2,2014,seeding,
block:166:11101,,166,11101,,block,,m2,2014,seeding,
plot:166:11101:103,block:166:11101,166,11101,103,plot,0.25,m2,2014,seeding,
plot:166:11101:143,block:166:11101,166,11101,143,plot,0.25,m2,2014,seeding,
plot:166:11101:183,block:166:11101,166,11101,183,plot,0.25,m2,2014,seeding,
plot:166:11101:23,block:166:11101,166,11101,23,plot,0.25,m2,2014,seeding,
plot:166:11101:63,block:166:11101,166,11101,63,plot,0.25,m2,2014,seeding,
block:166:11107,,166,11107,,block,,m2,2014,seeding,
plot:166:11107:102,block:166:11107,166,11107,102,plot,0.25,m2,2014,seeding,
plot:166:11107:142,block:166:11107,166,11107,142,plot,0.25,m2,2014,seeding,
plot:166:11107:182,block:166:11107,166,11107,182,plot,0.25,m2,2014,seeding,
plot:166:11107:22,block:166:11107,166,11107,22,plot,0.25,m2,2014,seeding,
plot:166:11107:62,block:166:11107,166,11107,62,plot,0.25,m2,2014,seeding,
block:166:11108,,166,11108,,block,,m2,2014,seeding,
plot:166:11108:101,block:166:11108,166,11108,101,plot,0.25,m2,2014,seeding,
plot:166:11108:141,block:166:11108,166,11108,141,plot,0.25,m2,2014,seeding,
plot:166:11108:181,block:166:11108,166,11108,181,plot,0.25,m2,2014,seeding,
plot:166:11108:21,block:166:11108,166,11108,21,plot,0.25,m2,2014,seeding,
plot:166:11108:61,block:166:11108,166,11108,61,plot,0.25,m2,2014,seeding,
block:166:1111,,166,1111,,block,,m2,2014,seeding,
plot:166:1111:12,block:166:1111,166,1111,12,plot,0.125,m2,2014,seeding,
plot:166:1111:22,block:166:1111,166,1111,22,plot,0.125,m2,2014,seeding,
plot:166:1111:32,block:166:1111,166,1111,32,plot,0.125,m2,2014,seeding,
plot:166:1111:42,block:166:1111,166,1111,42,plot,0.125,m2,2014,seeding,
plot:166:1111:52,block:166:1111,166,1111,52,plot,0.125,m2,2014,seeding,
block:166:11110,,166,11110,,block,,m2,2014,seeding,
plot:166:11110:103,block:166:11110,166,11110,103,plot,0.25,m2,2014,seeding,
plot:166:11110:143,block:166:11110,166,11110,143,plot,0.25,m2,2014,seeding,
plot:166:11110:183,block:166:11110,166,11110,183,plot,0.25,m2,2014,seeding,
plot:166:11110:23,block:166:11110,166,11110,23,plot,0.25,m2,2014,seeding,
plot:166:11110:63,block:166:11110,166,11110,63,plot,0.25,m2,2014,seeding,
block:166:11116,,166,11116,,block,,m2,2014,seeding,
plot:166:11116:102,block:166:11116,166,11116,102,plot,0.25,m2,2014,seeding,
plot:166:11116:142,block:166:11116,166,11116,142,plot,0.25,m2,2014,seeding,
plot:166:11116:182,block:166:11116,166,11116,182,plot,0.25,m2,2014,seeding,
plot:166:11116:22,block:166:11116,166,11116,22,plot,0.25,m2,2014,seeding,
plot:166:11116:62,block:166:11116,166,11116,62,plot,0.25,m2,2014,seeding,
block:166:11117,,166,11117,,block,,m2,2014,seeding,
plot:166:11117:421,block:166:11117,166,11117,421,plot,0.25,m2,2014,seeding,
plot:166:11117:481,block:166:11117,166,11117,481,plot,0.25,m2,2014,seeding,
plot:166:11117:501,block:166:11117,166,11117,501,plot,0.25,m2,2014,seeding,
plot:166:11117:541,block:166:11117,166,11117,541,plot,0.25,m2,2014,seeding,
plot:166:11117:581,block:166:11117,166,11117,581,plot,0.25,m2,2014,seeding,
block:166:1112,,166,1112,,block,,m2,2014,seeding,
plot:166:1112:12,block:166:1112,166,1112,12,plot,0.125,m2,2014,seeding,
plot:166:1112:22,block:166:1112,166,1112,22,plot,0.125,m2,2014,seeding,
plot:166:1112:32,block:166:1112,166,1112,32,plot,0.125,m2,2014,seeding,
plot:166:1112:42,block:166:1112,166,1112,42,plot,0.125,m2,2014,seeding,
plot:166:1112:52,block:166:1112,166,1112,52,plot,0.125,m2,2014,seeding,
block:166:1113,,166,1113,,block,,m2,2014,seeding,
plot:166:1113:13,block:166:1113,166,1113,13,plot,0.125,m2,2014,seeding,
plot:166:1113:23,block:166:1113,166,1113,23,plot,0.125,m2,2014,seeding,
plot:166:1113:33,block:166:1113,166,1113,33,plot,0.125,m2,2014,seeding,
plot:166:1113:43,block:166:1113,166,1113,43,plot,0.125,m2,2014,seeding,
plot:166:1113:53,block:166:1113,166,1113,53,plot,0.125,m2,2014,seeding,
block:166:1114,,166,1114,,block,,m2,2014,seeding,
plot:166:1114:11,block:166:1114,166,1114,11,plot,0.125,m2,2014,seeding,
plot:166:1114:21,block:166:1114,166,1114,21,plot,0.125,m2,2014,seeding,
plot:166:1114:31,block:166:1114,166,1114,31,plot,0.125,m2,2014,seeding,
plot:166:1114:41,block:166:1114,166,1114,41,plot,0.125,m2,2014,seeding,
plot:166:1114:51,block:166:1114,166,1114,51,plot,0.125,m2,2014,seeding,
block:166:1115,,166,1115,,block,,m2,2014,seeding,
plot:166:1115:13,block:166:1115,166,1115,13,plot,0.125,m2,2014,seeding,
plot:166:1115:23,block:166:1115,166,1115,23,plot,0.125,m2,2014,seeding,
plot:166:1115:33,block:166:1115,166,1115,33,plot,0.125,m2,2014,seeding,
plot:166:1115:43,block:166:1115,166,1115,43,plot,0.125,m2,2014,seeding,
plot:166:1115:53,block:166:1115,166,1115,53,plot,0.125,m2,2014,seeding,
block:166:1116,,166,1116,,block,,m2,2014,seeding,
plot:166:1116:12,block:166:1116,166,1116,12,plot,0.125,m2,2014,seeding,
plot:166:1116:22,block:166:1116,166,1116,22,plot,0.125,m2,2014,seeding,
plot:166:1116:32,block:166:1116,166,1116,32,plot,0.125,m2,2014,seeding,
plot:166:1116:42,block:166:1116,166,1116,42,plot,0.125,m2,2014,seeding,
plot:166:1116:52,block:166:1116,166,1116,52,plot,0.125,m2,2014,seeding,
block:166:1117,,166,1117,,block,,m2,2014,seeding,
plot:166:1117:111,block:166:1117,166,1117,111,plot,0.125,m2,2014,seeding,
plot:166:1117:121,block:166:1117,166,1117,121,plot,0.125,m2,2014,seeding,
plot:166:1117:131,block:166:1117,166,1117,131,plot,0.125,m2,2014,seeding,
plot:166:1117:141,block:166:1117,166,1117,141,plot,0.125,m2,2014,seeding,
plot:166:1117:151,block:166:1117,166,1117,151,plot,0.125,m2,2014,seeding,
block:166:1118,,166,1118,,block,,m2,2014,seeding,
plot:166:1118:111,block:166:1118,166,1118,111,plot,0.125,m2,2014,seeding,
plot:166:1118:121,block:166:1118,166,1118,121,plot,0.125,m2,2014,seeding,
plot:166:1118:131,block:166:1118,166,1118,131,plot,0.125,m2,2014,seeding,
plot:166:1118:141,block:166:1118,166,1118,141,plot,0.125,m2,2014,seeding,
plot:166:1118:151,block:166:1118,166,1118,151,plot,0.125,m2,2014,seeding,
block:166:11201,,166,11201,,block,,m2,2014,seeding,
plot:166:11201:133,block:166:11201,166,11201,133,plot,0.25,m2,2014,seeding,
plot:166:11201:173,block:166:11201,166,11201,173,plot,0.25,m2,2014,seeding,
plot:166:11201:23,block:166:11201,166,11201,23,plot,0.25,m2,2014,seeding,
plot:166:11201:63,block:166:11201,166,11201,63,plot,0.25,m2,2014,seeding,
plot:166:11201:93,block:166:11201,166,11201,93,plot,0.25,m2,2014,seeding,
block:166:11207,,166,11207,,block,,m2,2014,seeding,
plot:166:11207:102,block:166:11207,166,11207,102,plot,0.25,m2,2014,seeding,
plot:166:11207:142,block:166:11207,166,11207,142,plot,0.25,m2,2014,seeding,
plot:166:11207:182,block:166:11207,166,11207,182,plot,0.25,m2,2014,seeding,
plot:166:11207:22,block:166:11207,166,11207,22,plot,0.25,m2,2014,seeding,
plot:166:11207:62,block:166:11207,166,11207,62,plot,0.25,m2,2014,seeding,
block:166:11208,,166,11208,,block,,m2,2014,seeding,
plot:166:11208:101,block:166:11208,166,11208,101,plot,0.25,m2,2014,seeding,
plot:166:11208:141,block:166:11208,166,11208,141,plot,0.25,m2,2014,seeding,
plot:166:11208:181,block:166:11208,166,11208,181,plot,0.25,m2,2014,seeding,
plot:166:11208:21,block:166:11208,166,11208,21,plot,0.25,m2,2014,seeding,
plot:166:11208:61,block:166:11208,166,11208,61,plot,0.25,m2,2014,seeding,
block:166:11210,,166,11210,,block,,m2,2014,seeding,
plot:166:11210:423,block:166:11210,166,11210,423,plot,0.25,m2,2014,seeding,
plot:166:11210:463,block:166:11210,166,11210,463,plot,0.25,m2,2014,seeding,
plot:166:11210:503,block:166:11210,166,11210,503,plot,0.25,m2,2014,seeding,
plot:166:11210:543,block:166:11210,166,11210,543,plot,0.25,m2,2014,seeding,
plot:166:11210:583,block:166:11210,166,11210,583,plot,0.25,m2,2014,seeding,
block:166:11216,,166,11216,,block,,m2,2014,seeding,
plot:166:11216:102,block:166:11216,166,11216,102,plot,0.25,m2,2014,seeding,
plot:166:11216:142,block:166:11216,166,11216,142,plot,0.25,m2,2014,seeding,
plot:166:11216:182,block:166:11216,166,11216,182,plot,0.25,m2,2014,seeding,
plot:166:11216:22,block:166:11216,166,11216,22,plot,0.25,m2,2014,seeding,
plot:166:11216:62,block:166:11216,166,11216,62,plot,0.25,m2,2014,seeding,
block:166:11217,,166,11217,,block,,m2,2014,seeding,
plot:166:11217:421,block:166:11217,166,11217,421,plot,0.25,m2,2014,seeding,
plot:166:11217:461,block:166:11217,166,11217,461,plot,0.25,m2,2014,seeding,
plot:166:11217:501,block:166:11217,166,11217,501,plot,0.25,m2,2014,seeding,
plot:166:11217:541,block:166:11217,166,11217,541,plot,0.25,m2,2014,seeding,
plot:166:11217:581,block:166:11217,166,11217,581,plot,0.25,m2,2014,seeding,
block:166:11301,,166,11301,,block,,m2,2014,seeding,
plot:166:11301:422,block:166:11301,166,11301,422,plot,0.25,m2,2014,seeding,
plot:166:11301:462,block:166:11301,166,11301,462,plot,0.25,m2,2014,seeding,
plot:166:11301:502,block:166:11301,166,11301,502,plot,0.25,m2,2014,seeding,
plot:166:11301:542,block:166:11301,166,11301,542,plot,0.25,m2,2014,seeding,
plot:166:11301:582,block:166:11301,166,11301,582,plot,0.25,m2,2014,seeding,
block:166:11302,,166,11302,,block,,m2,2014,seeding,
plot:166:11302:421,block:166:11302,166,11302,421,plot,0.25,m2,2014,seeding,
plot:166:11302:461,block:166:11302,166,11302,461,plot,0.25,m2,2014,seeding,
plot:166:11302:501,block:166:11302,166,11302,501,plot,0.25,m2,2014,seeding,
plot:166:11302:541,block:166:11302,166,11302,541,plot,0.25,m2,2014,seeding,
plot:166:11302:581,block:166:11302,166,11302,581,plot,0.25,m2,2014,seeding,
block:166:11303,,166,11303,,block,,m2,2014,seeding,
plot:166:11303:103,block:166:11303,166,11303,103,plot,0.25,m2,2014,seeding,
plot:166:11303:143,block:166:11303,166,11303,143,plot,0.25,m2,2014,seeding,
plot:166:11303:183,block:166:11303,166,11303,183,plot,0.25,m2,2014,seeding,
plot:166:11303:23,block:166:11303,166,11303,23,plot,0.25,m2,2014,seeding,
plot:166:11303:63,block:166:11303,166,11303,63,plot,0.25,m2,2014,seeding,
block:166:11304,,166,11304,,block,,m2,2014,seeding,
plot:166:11304:422,block:166:11304,166,11304,422,plot,0.25,m2,2014,seeding,
plot:166:11304:462,block:166:11304,166,11304,462,plot,0.25,m2,2014,seeding,
plot:166:11304:502,block:166:11304,166,11304,502,plot,0.25,m2,2014,seeding,
plot:166:11304:542,block:166:11304,166,11304,542,plot,0.25,m2,2014,seeding,
plot:166:11304:582,block:166:11304,166,11304,582,plot,0.25,m2,2014,seeding,
block:166:11305,,166,11305,,block,,m2,2014,seeding,
plot:166:11305:421,block:166:11305,166,11305,421,plot,0.25,m2,2014,seeding,
plot:166:11305:461,block:166:11305,166,11305,461,plot,0.25,m2,2014,seeding,
plot:166:11305:501,block:166:11305,166,11305,501,plot,0.25,m2,2014,seeding,
plot:166:11305:541,block:166:11305,166,11305,541,plot,0.25,m2,2014,seeding,
plot:166:11305:581,block:166:11305,166,11305,581,plot,0.25,m2,2014,seeding,
block:166:11306,,166,11306,,block,,m2,2014,seeding,
plot:166:11306:413,block:166:11306,166,11306,413,plot,0.25,m2,2014,seeding,
plot:166:11306:453,block:166:11306,166,11306,453,plot,0.25,m2,2014,seeding,
plot:166:11306:483,block:166:11306,166,11306,483,plot,0.25,m2,2014,seeding,
plot:166:11306:523,block:166:11306,166,11306,523,plot,0.25,m2,2014,seeding,
plot:166:11306:563,block:166:11306,166,11306,563,plot,0.25,m2,2014,seeding,
block:166:11307,,166,11307,,block,,m2,2014,seeding,
plot:166:11307:422,block:166:11307,166,11307,422,plot,0.25,m2,2014,seeding,
plot:166:11307:462,block:166:11307,166,11307,462,plot,0.25,m2,2014,seeding,
plot:166:11307:502,block:166:11307,166,11307,502,plot,0.25,m2,2014,seeding,
plot:166:11307:542,block:166:11307,166,11307,542,plot,0.25,m2,2014,seeding,
plot:166:11307:582,block:166:11307,166,11307,582,plot,0.25,m2,2014,seeding,
block:166:11308,,166,11308,,block,,m2,2014,seeding,
plot:166:11308:103,block:166:11308,166,11308,103,plot,0.25,m2,2014,seeding,
plot:166:11308:143,block:166:11308,166,11308,143,plot,0.25,m2,2014,seeding,
plot:166:11308:183,block:166:11308,166,11308,183,plot,0.25,m2,2014,seeding,
plot:166:11308:23,block:166:11308,166,11308,23,plot,0.25,m2,2014,seeding,
plot:166:11308:63,block:166:11308,166,11308,63,plot,0.25,m2,2014,seeding,
block:166:11309,,166,11309,,block,,m2,2014,seeding,
plot:166:11309:461,block:166:11309,166,11309,461,plot,0.25,m2,2014,seeding,
plot:166:11309:501,block:166:11309,166,11309,501,plot,0.25,m2,2014,seeding,
plot:166:11309:541,block:166:11309,166,11309,541,plot,0.25,m2,2014,seeding,
plot:166:11309:581,block:166:11309,166,11309,581,plot,0.25,m2,2014,seeding,
plot:166:11309:621,block:166:11309,166,11309,621,plot,0.25,m2,2014,seeding,
block:166:11310,,166,11310,,block,,m2,2014,seeding,
plot:166:11310:422,block:166:11310,166,11310,422,plot,0.25,m2,2014,seeding,
plot:166:11310:462,block:166:11310,166,11310,462,plot,0.25,m2,2014,seeding,
plot:166:11310:502,block:166:11310,166,11310,502,plot,0.25,m2,2014,seeding,
plot:166:11310:542,block:166:11310,166,11310,542,plot,0.25,m2,2014,seeding,
plot:166:11310:582,block:166:11310,166,11310,582,plot,0.25,m2,2014,seeding,
block:166:11311,,166,11311,,block,,m2,2014,seeding,
plot:166:11311:423,block:166:11311,166,11311,423,plot,0.25,m2,2014,seeding,
plot:166:11311:463,block:166:11311,166,11311,463,plot,0.25,m2,2014,seeding,
plot:166:11311:503,block:166:11311,166,11311,503,plot,0.25,m2,2014,seeding,
plot:166:11311:543,block:166:11311,166,11311,543,plot,0.25,m2,2014,seeding,
plot:166:11311:583,block:166:11311,166,11311,583,plot,0.25,m2,2014,seeding,
block:166:11312,,166,11312,,block,,m2,2014,seeding,
plot:166:11312:101,block:166:11312,166,11312,101,plot,0.25,m2,2014,seeding,
plot:166:11312:141,block:166:11312,166,11312,141,plot,0.25,m2,2014,seeding,
plot:166:11312:181,block:166:11312,166,11312,181,plot,0.25,m2,2014,seeding,
plot:166:11312:21,block:166:11312,166,11312,21,plot,0.25,m2,2014,seeding,
plot:166:11312:61,block:166:11312,166,11312,61,plot,0.25,m2,2014,seeding,
block:166:11401,,166,11401,,block,,m2,2014,seeding,
plot:166:11401:422,block:166:11401,166,11401,422,plot,0.25,m2,2014,seeding,
plot:166:11401:462,block:166:11401,166,11401,462,plot,0.25,m2,2014,seeding,
plot:166:11401:502,block:166:11401,166,11401,502,plot,0.25,m2,2014,seeding,
plot:166:11401:542,block:166:11401,166,11401,542,plot,0.25,m2,2014,seeding,
plot:166:11401:582,block:166:11401,166,11401,582,plot,0.25,m2,2014,seeding,
block:166:11402,,166,11402,,block,,m2,2014,seeding,
plot:166:11402:101,block:166:11402,166,11402,101,plot,0.25,m2,2014,seeding,
plot:166:11402:141,block:166:11402,166,11402,141,plot,0.25,m2,2014,seeding,
plot:166:11402:181,block:166:11402,166,11402,181,plot,0.25,m2,2014,seeding,
plot:166:11402:21,block:166:11402,166,11402,21,plot,0.25,m2,2014,seeding,
plot:166:11402:61,block:166:11402,166,11402,61,plot,0.25,m2,2014,seeding,
block:166:11403,,166,11403,,block,,m2,2014,seeding,
plot:166:11403:423,block:166:11403,166,11403,423,plot,0.25,m2,2014,seeding,
plot:166:11403:463,block:166:11403,166,11403,463,plot,0.25,m2,2014,seeding,
plot:166:11403:503,block:166:11403,166,11403,503,plot,0.25,m2,2014,seeding,
plot:166:11403:543,block:166:11403,166,11403,543,plot,0.25,m2,2014,seeding,
plot:166:11403:583,block:166:11403,166,11403,583,plot,0.25,m2,2014,seeding,
block:166:11404,,166,11404,,block,,m2,2014,seeding,
plot:166:11404:102,block:166:11404,166,11404,102,plot,0.25,m2,2014,seeding,
plot:166:11404:142,block:166:11404,166,11404,142,plot,0.25,m2,2014,seeding,
plot:166:11404:182,block:166:11404,166,11404,182,plot,0.25,m2,2014,seeding,
plot:166:11404:22,block:166:11404,166,11404,22,plot,0.25,m2,2014,seeding,
plot:166:11404:62,block:166:11404,166,11404,62,plot,0.25,m2,2014,seeding,
block:166:11405,,166,11405,,block,,m2,2014,seeding,
plot:166:11405:421,block:166:11405,166,11405,421,plot,0.25,m2,2014,seeding,
plot:166:11405:461,block:166:11405,166,11405,461,plot,0.25,m2,2014,seeding,
plot:166:11405:501,block:166:11405,166,11405,501,plot,0.25,m2,2014,seeding,
plot:166:11405:541,block:166:11405,166,11405,541,plot,0.25,m2,2014,seeding,
plot:166:11405:581,block:166:11405,166,11405,581,plot,0.25,m2,2014,seeding,
block:166:11406,,166,11406,,block,,m2,2014,seeding,
plot:166:11406:423,block:166:11406,166,11406,423,plot,0.25,m2,2014,seeding,
plot:166:11406:463,block:166:11406,166,11406,463,plot,0.25,m2,2014,seeding,
plot:166:11406:503,block:166:11406,166,11406,503,plot,0.25,m2,2014,seeding,
plot:166:11406:543,block:166:11406,166,11406,543,plot,0.25,m2,2014,seeding,
plot:166:11406:583,block:166:11406,166,11406,583,plot,0.25,m2,2014,seeding,
block:166:11407,,166,11407,,block,,m2,2014,seeding,
plot:166:11407:422,block:166:11407,166,11407,422,plot,0.25,m2,2014,seeding,
plot:166:11407:462,block:166:11407,166,11407,462,plot,0.25,m2,2014,seeding,
plot:166:11407:502,block:166:11407,166,11407,502,plot,0.25,m2,2014,seeding,
plot:166:11407:542,block:166:11407,166,11407,542,plot,0.25,m2,2014,seeding,
plot:166:11407:582,block:166:11407,166,11407,582,plot,0.25,m2,2014,seeding,
block:166:11408,,166,11408,,block,,m2,2014,seeding,
plot:166:11408:423,block:166:11408,166,11408,423,plot,0.25,m2,2014,seeding,
plot:166:11408:463,block:166:11408,166,11408,463,plot,0.25,m2,2014,seeding,
plot:166:11408:503,block:166:11408,166,11408,503,plot,0.25,m2,2014,seeding,
plot:166:11408:543,block:166:11408,166,11408,543,plot,0.25,m2,2014,seeding,
plot:166:11408:583,block:166:11408,166,11408,583,plot,0.25,m2,2014,seeding,
block:166:11409,,166,11409,,block,,m2,2014,seeding,
plot:166:11409:421,block:166:11409,166,11409,421,plot,0.25,m2,2014,seeding,
plot:166:11409:461,block:166:11409,166,11409,461,plot,0.25,m2,2014,seeding,
plot:166:11409:501,block:166:11409,166,11409,501,plot,0.25,m2,2014,seeding,
plot:166:11409:541,block:166:11409,166,11409,541,plot,0.25,m2,2014,seeding,
plot:166:11409:581,block:166:11409,166,11409,581,plot,0.25,m2,2014,seeding,
block:166:11410,,166,11410,,block,,m2,2014,seeding,
plot:166:11410:102,block:166:11410,166,11410,102,plot,0.25,m2,2014,seeding,
plot:166:11410:132,block:166:11410,166,11410,132,plot,0.25,m2,2014,seeding,
plot:166:11410:172,block:166:11410,166,11410,172,plot,0.25,m2,2014,seeding,
plot:166:11410:22,block:166:11410,166,11410,22,plot,0.25,m2,2014,seeding,
plot:166:11410:62,block:166:11410,166,11410,62,plot,0.25,m2,2014,seeding,
block:166:11411,,166,11411,,block,,m2,2014,seeding,
plot:166:11411:103,block:166:11411,166,11411,103,plot,0.25,m2,2014,seeding,
plot:166:11411:183,block:166:11411,166,11411,183,plot,0.25,m2,2014,seeding,
plot:166:11411:23,block:166:11411,166,11411,23,plot,0.25,m2,2014,seeding,
plot:166:11411:233,block:166:11411,166,11411,233,plot,0.25,m2,2014,seeding,
plot:166:11411:63,block:166:11411,166,11411,63,plot,0.25,m2,2014,seeding,
block:166:11412,,166,11412,,block,,m2,2014,seeding,
plot:166:11412:421,block:166:11412,166,11412,421,plot,0.25,m2,2014,seeding,
plot:166:11412:461,block:166:11412,166,11412,461,plot,0.25,m2,2014,seeding,
plot:166:11412:501,block:166:11412,166,11412,501,plot,0.25,m2,2014,seeding,
plot:166:11412:541,block:166:11412,166,11412,541,plot,0.25,m2,2014,seeding,
plot:166:11412:581,block:166:11412,166,11412,581,plot,0.25,m2,2014,seeding,
block:166:11501,,166,11501,,block,,m2,2014,seeding,
plot:166:11501:423,block:166:11501,166,11501,423,plot,0.25,m2,2014,seeding,
plot:166:11501:463,block:166:11501,166,11501,463,plot,0.25,m2,2014,seeding,
plot:166:11501:503,block:166:11501,166,11501,503,plot,0.25,m2,2014,seeding,
plot:166:11501:543,block:166:11501,166,11501,543,plot,0.25,m2,2014,seeding,
plot:166:11501:583,block:166:11501,166,11501,583,plot,0.25,m2,2014,seeding,
block:166:11507,,166,11507,,block,,m2,2014,seeding,
plot:166:11507:422,block:166:11507,166,11507,422,plot,0.25,m2,2014,seeding,
plot:166:11507:462,block:166:11507,166,11507,462,plot,0.25,m2,2014,seeding,
plot:166:11507:502,block:166:11507,166,11507,502,plot,0.25,m2,2014,seeding,
plot:166:11507:542,block:166:11507,166,11507,542,plot,0.25,m2,2014,seeding,
plot:166:11507:582,block:166:11507,166,11507,582,plot,0.25,m2,2014,seeding,
block:166:11508,,166,11508,,block,,m2,2014,seeding,
plot:166:11508:421,block:166:11508,166,11508,421,plot,0.25,m2,2014,seeding,
plot:166:11508:461,block:166:11508,166,11508,461,plot,0.25,m2,2014,seeding,
plot:166:11508:501,block:166:11508,166,11508,501,plot,0.25,m2,2014,seeding,
plot:166:11508:541,block:166:11508,166,11508,541,plot,0.25,m2,2014,seeding,
plot:166:11508:581,block:166:11508,166,11508,581,plot,0.25,m2,2014,seeding,
block:166:11510,,166,11510,,block,,m2,2014,seeding,
plot:166:11510:423,block:166:11510,166,11510,423,plot,0.25,m2,2014,seeding,
plot:166:11510:463,block:166:11510,166,11510,463,plot,0.25,m2,2014,seeding,
plot:166:11510:503,block:166:11510,166,11510,503,plot,0.25,m2,2014,seeding,
plot:166:11510:543,block:166:11510,166,11510,543,plot,0.25,m2,2014,seeding,
plot:166:11510:583,block:166:11510,166,11510,583,plot,0.25,m2,2014,seeding,
block:166:11516,,166,11516,,block,,m2,2014,seeding,
plot:166:11516:422,block:166:11516,166,11516,422,plot,0.25,m2,2014,seeding,
plot:166:11516:462,block:166:11516,166,11516,462,plot,0.25,m2,2014,seeding,
plot:166:11516:502,block:166:11516,166,11516,502,plot,0.25,m2,2014,seeding,
plot:166:11516:542,block:166:11516,166,11516,542,plot,0.25,m2,2014,seeding,
plot:166:11516:582,block:166:11516,166,11516,582,plot,0.25,m2,2014,seeding,
block:166:11517,,166,11517,,block,,m2,2014,seeding,
plot:166:11517:101,block:166:11517,166,11517,101,plot,0.25,m2,2014,seeding,
plot:166:11517:141,block:166:11517,166,11517,141,plot,0.25,m2,2014,seeding,
plot:166:11517:181,block:166:11517,166,11517,181,plot,0.25,m2,2014,seeding,
plot:166:11517:21,block:166:11517,166,11517,21,plot,0.25,m2,2014,seeding,
plot:166:11517:61,block:166:11517,166,11517,61,plot,0.25,m2,2014,seeding,
block:166:11601,,166,11601,,block,,m2,2014,seeding,
plot:166:11601:423,block:166:11601,166,11601,423,plot,0.25,m2,2014,seeding,
plot:166:11601:463,block:166:11601,166,11601,463,plot,0.25,m2,2014,seeding,
plot:166:11601:503,block:166:11601,166,11601,503,plot,0.25,m2,2014,seeding,
plot:166:11601:543,block:166:11601,166,11601,543,plot,0.25,m2,2014,seeding,
plot:166:11601:583,block:166:11601,166,11601,583,plot,0.25,m2,2014,seeding,
block:166:11607,,166,11607,,block,,m2,2014,seeding,
plot:166:11607:422,block:166:11607,166,11607,422,plot,0.25,m2,2014,seeding,
plot:166:11607:462,block:166:11607,166,11607,462,plot,0.25,m2,2014,seeding,
plot:166:11607:502,block:166:11607,166,11607,502,plot,0.25,m2,2014,seeding,
plot:166:11607:542,block:166:11607,166,11607,542,plot,0.25,m2,2014,seeding,
plot:166:11607:582,block:166:11607,166,11607,582,plot,0.25,m2,2014,seeding,
block:166:11608,,166,11608,,block,,m2,2014,seeding,
plot:166:11608:421,block:166:11608,166,11608,421,plot,0.25,m2,2014,seeding,
plot:166:11608:461,block:166:11608,166,11608,461,plot,0.25,m2,2014,seeding,
plot:166:11608:501,block:166:11608,166,11608,501,plot,0.25,m2,2014,seeding,
plot:166:11608:541,block:166:11608,166,11608,541,plot,0.25,m2,2014,seeding,
plot:166:11608:571,block:166:11608,166,11608,571,plot,0.25,m2,2014,seeding,
block:166:11610,,166,11610,,block,,m2,2014,seeding,
plot:166:11610:103,block:166:11610,166,11610,103,plot,0.25,m2,2014,seeding,
plot:166:11610:143,block:166:11610,166,11610,143,plot,0.25,m2,2014,seeding,
plot:166:11610:183,block:166:11610,166,11610,183,plot,0.25,m2,2014,seeding,
plot:166:11610:23,block:166:11610,166,11610,23,plot,0.25,m2,2014,seeding,
plot:166:11610:63,block:166:11610,166,11610,63,plot,0.25,m2,2014,seeding,
block:166:11616,,166,11616,,block,,m2,2014,seeding,
plot:166:11616:422,block:166:11616,166,11616,422,plot,0.25,m2,2014,seeding,
plot:166:11616:462,block:166:11616,166,11616,462,plot,0.25,m2,2014,seeding,
plot:166:11616:502,block:166:11616,166,11616,502,plot,0.25,m2,2014,seeding,
plot:166:11616:542,block:166:11616,166,11616,542,plot,0.25,m2,2014,seeding,
plot:166:11616:582,block:166:11616,166,11616,582,plot,0.25,m2,2014,seeding,
block:166:11617,,166,11617,,block,,m2,2014,seeding,
plot:166:11617:101,block:166:11617,166,11617,101,plot,0.25,m2,2014,seeding,
plot:166:11617:141,block:166:11617,166,11617,141,plot,0.25,m2,2014,seeding,
plot:166:11617:181,block:166:11617,166,11617,181,plot,0.25,m2,2014,seeding,
plot:166:11617:21,block:166:11617,166,11617,21,plot,0.25,m2,2014,seeding,
plot:166:11617:61,block:166:11617,166,11617,61,plot,0.25,m2,2014,seeding,
block:166:1201,,166,1201,,block,,m2,2014,seeding,
plot:166:1201:13,block:166:1201,166,1201,13,plot,0.125,m2,2014,seeding,
plot:166:1201:23,block:166:1201,166,1201,23,plot,0.125,m2,2014,seeding,
plot:166:1201:33,block:166:1201,166,1201,33,plot,0.125,m2,2014,seeding,
plot:166:1201:43,block:166:1201,166,1201,43,plot,0.125,m2,2014,seeding,
plot:166:1201:53,block:166:1201,166,1201,53,plot,0.125,m2,2014,seeding,
block:166:1202,,166,1202,,block,,m2,2014,seeding,
plot:166:1202:12,block:166:1202,166,1202,12,plot,0.125,m2,2014,seeding,
plot:166:1202:22,block:166:1202,166,1202,22,plot,0.125,m2,2014,seeding,
plot:166:1202:32,block:166:1202,166,1202,32,plot,0.125,m2,2014,seeding,
plot:166:1202:42,block:166:1202,166,1202,42,plot,0.125,m2,2014,seeding,
plot:166:1202:52,block:166:1202,166,1202,52,plot,0.125,m2,2014,seeding,
block:166:1203,,166,1203,,block,,m2,2014,seeding,
plot:166:1203:12,block:166:1203,166,1203,12,plot,0.125,m2,2014,seeding,
plot:166:1203:22,block:166:1203,166,1203,22,plot,0.125,m2,2014,seeding,
plot:166:1203:32,block:166:1203,166,1203,32,plot,0.125,m2,2014,seeding,
plot:166:1203:42,block:166:1203,166,1203,42,plot,0.125,m2,2014,seeding,
plot:166:1203:52,block:166:1203,166,1203,52,plot,0.125,m2,2014,seeding,
block:166:1204,,166,1204,,block,,m2,2014,seeding,
plot:166:1204:13,block:166:1204,166,1204,13,plot,0.125,m2,2014,seeding,
plot:166:1204:23,block:166:1204,166,1204,23,plot,0.125,m2,2014,seeding,
plot:166:1204:33,block:166:1204,166,1204,33,plot,0.125,m2,2014,seeding,
plot:166:1204:43,block:166:1204,166,1204,43,plot,0.125,m2,2014,seeding,
plot:166:1204:53,block:166:1204,166,1204,53,plot,0.125,m2,2014,seeding,
block:166:1205,,166,1205,,block,,m2,2014,seeding,
plot:166:1205:111,block:166:1205,166,1205,111,plot,0.125,m2,2014,seeding,
plot:166:1205:121,block:166:1205,166,1205,121,plot,0.125,m2,2014,seeding,
plot:166:1205:131,block:166:1205,166,1205,131,plot,0.125,m2,2014,seeding,
plot:166:1205:141,block:166:1205,166,1205,141,plot,0.125,m2,2014,seeding,
plot:166:1205:151,block:166:1205,166,1205,151,plot,0.125,m2,2014,seeding,
block:166:1206,,166,1206,,block,,m2,2014,seeding,
plot:166:1206:13,block:166:1206,166,1206,13,plot,0.125,m2,2014,seeding,
plot:166:1206:23,block:166:1206,166,1206,23,plot,0.125,m2,2014,seeding,
plot:166:1206:33,block:166:1206,166,1206,33,plot,0.125,m2,2014,seeding,
plot:166:1206:43,block:166:1206,166,1206,43,plot,0.125,m2,2014,seeding,
plot:166:1206:53,block:166:1206,166,1206,53,plot,0.125,m2,2014,seeding,
block:166:1207,,166,1207,,block,,m2,2014,seeding,
plot:166:1207:12,block:166:1207,166,1207,12,plot,0.125,m2,2014,seeding,
plot:166:1207:22,block:166:1207,166,1207,22,plot,0.125,m2,2014,seeding,
plot:166:1207:32,block:166:1207,166,1207,32,plot,0.125,m2,2014,seeding,
plot:166:1207:42,block:166:1207,166,1207,42,plot,0.125,m2,2014,seeding,
plot:166:1207:52,block:166:1207,166,1207,52,plot,0.125,m2,2014,seeding,
block:166:1208,,166,1208,,block,,m2,2014,seeding,
plot:166:1208:11,block:166:1208,166,1208,11,plot,0.125,m2,2014,seeding,
plot:166:1208:21,block:166:1208,166,1208,21,plot,0.125,m2,2014,seeding,
plot:166:1208:31,block:166:1208,166,1208,31,plot,0.125,m2,2014,seeding,
plot:166:1208:41,block:166:1208,166,1208,41,plot,0.125,m2,2014,seeding,
plot:166:1208:51,block:166:1208,166,1208,51,plot,0.125,m2,2014,seeding,
block:166:1209,,166,1209,,block,,m2,2014,seeding,
plot:166:1209:11,block:166:1209,166,1209,11,plot,0.125,m2,2014,seeding,
plot:166:1209:21,block:166:1209,166,1209,21,plot,0.125,m2,2014,seeding,
plot:166:1209:31,block:166:1209,166,1209,31,plot,0.125,m2,2014,seeding,
plot:166:1209:41,block:166:1209,166,1209,41,plot,0.125,m2,2014,seeding,
plot:166:1209:51,block:166:1209,166,1209,51,plot,0.125,m2,2014,seeding,
block:166:1210,,166,1210,,block,,m2,2014,seeding,
plot:166:1210:113,block:166:1210,166,1210,113,plot,0.125,m2,2014,seeding,
plot:166:1210:123,block:166:1210,166,1210,123,plot,0.125,m2,2014,seeding,
plot:166:1210:133,block:166:1210,166,1210,133,plot,0.125,m2,2014,seeding,
plot:166:1210:143,block:166:1210,166,1210,143,plot,0.125,m2,2014,seeding,
plot:166:1210:153,block:166:1210,166,1210,153,plot,0.125,m2,2014,seeding,
block:166:1211,,166,1211,,block,,m2,2014,seeding,
plot:166:1211:112,block:166:1211,166,1211,112,plot,0.125,m2,2014,seeding,
plot:166:1211:122,block:166:1211,166,1211,122,plot,0.125,m2,2014,seeding,
plot:166:1211:132,block:166:1211,166,1211,132,plot,0.125,m2,2014,seeding,
plot:166:1211:142,block:166:1211,166,1211,142,plot,0.125,m2,2014,seeding,
plot:166:1211:152,block:166:1211,166,1211,152,plot,0.125,m2,2014,seeding,
block:166:1212,,166,1212,,block,,m2,2014,seeding,
plot:166:1212:112,block:166:1212,166,1212,112,plot,0.125,m2,2014,seeding,
plot:166:1212:122,block:166:1212,166,1212,122,plot,0.125,m2,2014,seeding,
plot:166:1212:132,block:166:1212,166,1212,132,plot,0.125,m2,2014,seeding,
plot:166:1212:142,block:166:1212,166,1212,142,plot,0.125,m2,2014,seeding,
plot:166:1212:152,block:166:1212,166,1212,152,plot,0.125,m2,2014,seeding,
block:166:1213,,166,1213,,block,,m2,2014,seeding,
plot:166:1213:113,block:166:1213,166,1213,113,plot,0.125,m2,2014,seeding,
plot:166:1213:123,block:166:1213,166,1213,123,plot,0.125,m2,2014,seeding,
plot:166:1213:133,block:166:1213,166,1213,133,plot,0.125,m2,2014,seeding,
plot:166:1213:143,block:166:1213,166,1213,143,plot,0.125,m2,2014,seeding,
plot:166:1213:153,block:166:1213,166,1213,153,plot,0.125,m2,2014,seeding,
block:166:1214,,166,1214,,block,,m2,2014,seeding,
plot:166:1214:11,block:166:1214,166,1214,11,plot,0.125,m2,2014,seeding,
plot:166:1214:21,block:166:1214,166,1214,21,plot,0.125,m2,2014,seeding,
plot:166:1214:31,block:166:1214,166,1214,31,plot,0.125,m2,2014,seeding,
plot:166:1214:41,block:166:1214,166,1214,41,plot,0.125,m2,2014,seeding,
plot:166:1214:51,block:166:1214,166,1214,51,plot,0.125,m2,2014,seeding,
block:166:1215,,166,1215,,block,,m2,2014,seeding,
plot:166:1215:13,block:166:1215,166,1215,13,plot,0.125,m2,2014,seeding,
plot:166:1215:23,block:166:1215,166,1215,23,plot,0.125,m2,2014,seeding,
plot:166:1215:33,block:166:1215,166,1215,33,plot,0.125,m2,2014,seeding,
plot:166:1215:43,block:166:1215,166,1215,43,plot,0.125,m2,2014,seeding,
plot:166:1215:53,block:166:1215,166,1215,53,plot,0.125,m2,2014,seeding,
block:166:1216,,166,1216,,block,,m2,2014,seeding,
plot:166:1216:12,block:166:1216,166,1216,12,plot,0.125,m2,2014,seeding,
plot:166:1216:22,block:166:1216,166,1216,22,plot,0.125,m2,2014,seeding,
plot:166:1216:32,block:166:1216,166,1216,32,plot,0.125,m2,2014,seeding,
plot:166:1216:42,block:166:1216,166,1216,42,plot,0.125,m2,2014,seeding,
plot:166:1216:52,block:166:1216,166,1216,52,plot,0.125,m2,2014,seeding,
block:166:1217,,166,1217,,block,,m2,2014,seeding,
plot:166:1217:111,block:166:1217,166,1217,111,plot,0.125,m2,2014,seeding,
plot:166:1217:121,block:166:1217,166,1217,121,plot,0.125,m2,2014,seeding,
plot:166:1217:131,block:166:1217,166,1217,131,plot,0.125,m2,2014,seeding,
plot:166:1217:141,block:166:1217,166,1217,141,plot,0.125,m2,2014,seeding,
plot:166:1217:151,block:166:1217,166,1217,151,plot,0.125,m2,2014,seeding,
block:166:1218,,166,1218,,block,,m2,2014,seeding,
plot:166:1218:11,block:166:1218,166,1218,11,plot,0.125,m2,2014,seeding,
plot:166:1218:21,block:166:1218,166,1218,21,plot,0.125,m2,2014,seeding,
plot:166:1218:31,block:166:1218,166,1218,31,plot,0.125,m2,2014,seeding,
plot:166:1218:41,block:166:1218,166,1218,41,plot,0.125,m2,2014,seeding,
plot:166:1218:51,block:166:1218,166,1218,51,plot,0.125,m2,2014,seeding,
block:166:1501,,166,1501,,block,,m2,2014,seeding,
plot:166:1501:113,block:166:1501,166,1501,113,plot,0.125,m2,2014,seeding,
plot:166:1501:123,block:166:1501,166,1501,123,plot,0.125,m2,2014,seeding,
plot:166:1501:133,block:166:1501,166,1501,133,plot,0.125,m2,2014,seeding,
plot:166:1501:143,block:166:1501,166,1501,143,plot,0.125,m2,2014,seeding,
plot:166:1501:153,block:166:1501,166,1501,153,plot,0.125,m2,2014,seeding,
block:166:1502,,166,1502,,block,,m2,2014,seeding,
plot:166:1502:112,block:166:1502,166,1502,112,plot,0.125,m2,2014,seeding,
plot:166:1502:122,block:166:1502,166,1502,122,plot,0.125,m2,2014,seeding,
plot:166:1502:132,block:166:1502,166,1502,132,plot,0.125,m2,2014,seeding,
plot:166:1502:142,block:166:1502,166,1502,142,plot,0.125,m2,2014,seeding,
plot:166:1502:152,block:166:1502,166,1502,152,plot,0.125,m2,2014,seeding,
block:166:1503,,166,1503,,block,,m2,2014,seeding,
plot:166:1503:112,block:166:1503,166,1503,112,plot,0.125,m2,2014,seeding,
plot:166:1503:122,block:166:1503,166,1503,122,plot,0.125,m2,2014,seeding,
plot:166:1503:132,block:166:1503,166,1503,132,plot,0.125,m2,2014,seeding,
plot:166:1503:142,block:166:1503,166,1503,142,plot,0.125,m2,2014,seeding,
plot:166:1503:152,block:166:1503,166,1503,152,plot,0.125,m2,2014,seeding,
block:166:1504,,166,1504,,block,,m2,2014,seeding,
plot:166:1504:13,block:166:1504,166,1504,13,plot,0.125,m2,2014,seeding,
plot:166:1504:23,block:166:1504,166,1504,23,plot,0.125,m2,2014,seeding,
plot:166:1504:33,block:166:1504,166,1504,33,plot,0.125,m2,2014,seeding,
plot:166:1504:43,block:166:1504,166,1504,43,plot,0.125,m2,2014,seeding,
plot:166:1504:53,block:166:1504,166,1504,53,plot,0.125,m2,2014,seeding,
block:166:1505,,166,1505,,block,,m2,2014,seeding,
plot:166:1505:111,block:166:1505,166,1505,111,plot,0.125,m2,2014,seeding,
plot:166:1505:121,block:166:1505,166,1505,121,plot,0.125,m2,2014,seeding,
plot:166:1505:131,block:166:1505,166,1505,131,plot,0.125,m2,2014,seeding,
plot:166:1505:141,block:166:1505,166,1505,141,plot,0.125,m2,2014,seeding,
plot:166:1505:151,block:166:1505,166,1505,151,plot,0.125,m2,2014,seeding,
block:166:1506,,166,1506,,block,,m2,2014,seeding,
plot:166:1506:13,block:166:1506,166,1506,13,plot,0.125,m2,2014,seeding,
plot:166:1506:23,block:166:1506,166,1506,23,plot,0.125,m2,2014,seeding,
plot:166:1506:33,block:166:1506,166,1506,33,plot,0.125,m2,2014,seeding,
plot:166:1506:43,block:166:1506,166,1506,43,plot,0.125,m2,2014,seeding,
plot:166:1506:53,block:166:1506,166,1506,53,plot,0.125,m2,2014,seeding,
block:166:1507,,166,1507,,block,,m2,2014,seeding,
plot:166:1507:112,block:166:1507,166,1507,112,plot,0.125,m2,2014,seeding,
plot:166:1507:122,block:166:1507,166,1507,122,plot,0.125,m2,2014,seeding,
plot:166:1507:132,block:166:1507,166,1507,132,plot,0.125,m2,2014,seeding,
plot:166:1507:142,block:166:1507,166,1507,142,plot,0.125,m2,2014,seeding,
plot:166:1507:152,block:166:1507,166,1507,152,plot,0.125,m2,2014,seeding,
block:166:1508,,166,1508,,block,,m2,2014,seeding,
plot:166:1508:111,block:166:1508,166,1508,111,plot,0.125,m2,2014,seeding,
plot:166:1508:121,block:166:1508,166,1508,121,plot,0.125,m2,2014,seeding,
plot:166:1508:131,block:166:1508,166,1508,131,plot,0.125,m2,2014,seeding,
plot:166:1508:141,block:166:1508,166,1508,141,plot,0.125,m2,2014,seeding,
plot:166:1508:151,block:166:1508,166,1508,151,plot,0.125,m2,2014,seeding,
block:166:1509,,166,1509,,block,,m2,2014,seeding,
plot:166:1509:111,block:166:1509,166,1509,111,plot,0.125,m2,2014,seeding,
plot:166:1509:121,block:166:1509,166,1509,121,plot,0.125,m2,2014,seeding,
plot:166:1509:131,block:166:1509,166,1509,131,plot,0.125,m2,2014,seeding,
plot:166:1509:141,block:166:1509,166,1509,141,plot,0.125,m2,2014,seeding,
plot:166:1509:151,block:166:1509,166,1509,151,plot,0.125,m2,2014,seeding,
block:166:1510,,166,1510,,block,,m2,2014,seeding,
plot:166:1510:113,block:166:1510,166,1510,113,plot,0.125,m2,2014,seeding,
plot:166:1510:123,block:166:1510,166,1510,123,plot,0.125,m2,2014,seeding,
plot:166:1510:133,block:166:1510,166,1510,133,plot,0.125,m2,2014,seeding,
plot:166:1510:143,block:166:1510,166,1510,143,plot,0.125,m2,2014,seeding,
plot:166:1510:153,block:166:1510,166,1510,153,plot,0.125,m2,2014,seeding,
block:166:1511,,166,1511,,block,,m2,2014,seeding,
plot:166:1511:112,block:166:1511,166,1511,112,plot,0.125,m2,2014,seeding,
plot:166:1511:122,block:166:1511,166,1511,122,plot,0.125,m2,2014,seeding,
plot:166:1511:132,block:166:1511,166,1511,132,plot,0.125,m2,2014,seeding,
plot:166:1511:142,block:166:1511,166,1511,142,plot,0.125,m2,2014,seeding,
plot:166:1511:152,block:166:1511,166,1511,152,plot,0.125,m2,2014,seeding,
block:166:1512,,166,1512,,block,,m2,2014,seeding,
plot:166:1512:112,block:166:1512,166,1512,112,plot,0.125,m2,2014,seeding,
plot:166:1512:122,block:166:1512,166,1512,122,plot,0.125,m2,2014,seeding,
plot:166:1512:132,block:166:1512,166,1512,132,plot,0.125,m2,2014,seeding,
plot:166:1512:142,block:166:1512,166,1512,142,plot,0.125,m2,2014,seeding,
plot:166:1512:152,block:166:1512,166,1512,152,plot,0.125,m2,2014,seeding,
block:166:1513,,166,1513,,block,,m2,2014,seeding,
plot:166:1513:113,block:166:1513,166,1513,113,plot,0.125,m2,2014,seeding,
plot:166:1513:123,block:166:1513,166,1513,123,plot,0.125,m2,2014,seeding,
plot:166:1513:133,block:166:1513,166,1513,133,plot,0.125,m2,2014,seeding,
plot:166:1513:143,block:166:1513,166,1513,143,plot,0.125,m2,2014,seeding,
plot:166:1513:153,block:166:1513,166,1513,153,plot,0.125,m2,2014,seeding,
block:166:1514,,166,1514,,block,,m2,2014,seeding,
plot:166:1514:111,block:166:1514,166,1514,111,plot,0.125,m2,2014,seeding,
plot:166:1514:121,block:166:1514,166,1514,121,plot,0.125,m2,2014,seeding,
plot:166:1514:131,block:166:1514,166,1514,131,plot,0.125,m2,2014,seeding,
plot:166:1514:141,block:166:1514,166,1514,141,plot,0.125,m2,2014,seeding,
plot:166:1514:151,block:166:1514,166,1514,151,plot,0.125,m2,2014,seeding,
block:166:1515,,166,1515,,block,,m2,2014,seeding,
plot:166:1515:113,block:166:1515,166,1515,113,plot,0.125,m2,2014,seeding,
plot:166:1515:123,block:166:1515,166,1515,123,plot,0.125,m2,2014,seeding,
plot:166:1515:133,block:166:1515,166,1515,133,plot,0.125,m2,2014,seeding,
plot:166:1515:143,block:166:1515,166,1515,143,plot,0.125,m2,2014,seeding,
plot:166:1515:153,block:166:1515,166,1515,153,plot,0.125,m2,2014,seeding,
block:166:1516,,166,1516,,block,,m2,2014,seeding,
plot:166:1516:112,block:166:1516,166,1516,112,plot,0.125,m2,2014,seeding,
plot:166:1516:122,block:166:1516,166,1516,122,plot,0.125,m2,2014,seeding,
plot:166:1516:132,block:166:1516,166,1516,132,plot,0.125,m2,2014,seeding,
plot:166:1516:142,block:166:1516,166,1516,142,plot,0.125,m2,2014,seeding,
plot:166:1516:152,block:166:1516,166,1516,152,plot,0.125,m2,2014,seeding,
block:166:1517,,166,1517,,block,,m2,2014,seeding,
plot:166:1517:11,block:166:1517,166,1517,11,plot,0.125,m2,2014,seeding,
plot:166:1517:21,block:166:1517,166,1517,21,plot,0.125,m2,2014,seeding,
plot:166:1517:31,block:166:1517,166,1517,31,plot,0.125,m2,2014,seeding,
plot:166:1517:41,block:166:1517,166,1517,41,plot,0.125,m2,2014,seeding,
plot:166:1517:51,block:166:1517,166,1517,51,plot,0.125,m2,2014,seeding,
block:166:1518,,166,1518,,block,,m2,2014,seeding,
plot:166:1518:11,block:166:1518,166,1518,11,plot,0.125,m2,2014,seeding,
plot:166:1518:21,block:166:1518,166,1518,21,plot,0.125,m2,2014,seeding,
plot:166:1518:31,block:166:1518,166,1518,31,plot,0.125,m2,2014,seeding,
plot:166:1518:41,block:166:1518,166,1518,41,plot,0.125,m2,2014,seeding,
plot:166:1518:51,block:166:1518,166,1518,51,plot,0.125,m2,2014,seeding,
block:166:1601,,166,1601,,block,,m2,2014,seeding,
plot:166:1601:113,block:166:1601,166,1601,113,plot,0.125,m2,2014,seeding,
plot:166:1601:123,block:166:1601,166,1601,123,plot,0.125,m2,2014,seeding,
plot:166:1601:133,block:166:1601,166,1601,133,plot,0.125,m2,2014,seeding,
plot:166:1601:143,block:166:1601,166,1601,143,plot,0.125,m2,2014,seeding,
plot:166:1601:153,block:166:1601,166,1601,153,plot,0.125,m2,2014,seeding,
block:166:1602,,166,1602,,block,,m2,2014,seeding,
plot:166:1602:112,block:166:1602,166,1602,112,plot,0.125,m2,2014,seeding,
plot:166:1602:122,block:166:1602,166,1602,122,plot,0.125,m2,2014,seeding,
plot:166:1602:132,block:166:1602,166,1602,132,plot,0.125,m2,2014,seeding,
plot:166:1602:142,block:166:1602,166,1602,142,plot,0.125,m2,2014,seeding,
plot:166:1602:152,block:166:1602,166,1602,152,plot,0.125,m2,2014,seeding,
block:166:1603,,166,1603,,block,,m2,2014,seeding,
plot:166:1603:112,block:166:1603,166,1603,112,plot,0.125,m2,2014,seeding,
plot:166:1603:122,block:166:1603,166,1603,122,plot,0.125,m2,2014,seeding,
plot:166:1603:132,block:166:1603,166,1603,132,plot,0.125,m2,2014,seeding,
plot:166:1603:142,block:166:1603,166,1603,142,plot,0.125,m2,2014,seeding,
plot:166:1603:152,block:166:1603,166,1603,152,plot,0.125,m2,2014,seeding,
block:166:1604,,166,1604,,block,,m2,2014,seeding,
plot:166:1604:113,block:166:1604,166,1604,113,plot,0.125,m2,2014,seeding,
plot:166:1604:123,block:166:1604,166,1604,123,plot,0.125,m2,2014,seeding,
plot:166:1604:133,block:166:1604,166,1604,133,plot,0.125,m2,2014,seeding,
plot:166:1604:143,block:166:1604,166,1604,143,plot,0.125,m2,2014,seeding,
plot:166:1604:153,block:166:1604,166,1604,153,plot,0.125,m2,2014,seeding,
block:166:1605,,166,1605,,block,,m2,2014,seeding,
plot:166:1605:11,block:166:1605,166,1605,11,plot,0.125,m2,2014,seeding,
plot:166:1605:21,block:166:1605,166,1605,21,plot,0.125,m2,2014,seeding,
plot:166:1605:31,block:166:1605,166,1605,31,plot,0.125,m2,2014,seeding,
plot:166:1605:41,block:166:1605,166,1605,41,plot,0.125,m2,2014,seeding,
plot:166:1605:51,block:166:1605,166,1605,51,plot,0.125,m2,2014,seeding,
block:166:1606,,166,1606,,block,,m2,2014,seeding,
plot:166:1606:113,block:166:1606,166,1606,113,plot,0.125,m2,2014,seeding,
plot:166:1606:123,block:166:1606,166,1606,123,plot,0.125,m2,2014,seeding,
plot:166:1606:133,block:166:1606,166,1606,133,plot,0.125,m2,2014,seeding,
plot:166:1606:143,block:166:1606,166,1606,143,plot,0.125,m2,2014,seeding,
plot:166:1606:153,block:166:1606,166,1606,153,plot,0.125,m2,2014,seeding,
block:166:1607,,166,1607,,block,,m2,2014,seeding,
plot:166:1607:112,block:166:1607,166,1607,112,plot,0.125,m2,2014,seeding,
plot:166:1607:122,block:166:1607,166,1607,122,plot,0.125,m2,2014,seeding,
plot:166:1607:132,block:166:1607,166,1607,132,plot,0.125,m2,2014,seeding,
plot:166:1607:142,block:166:1607,166,1607,142,plot,0.125,m2,2014,seeding,
plot:166:1607:152,block:166:1607,166,1607,152,plot,0.125,m2,2014,seeding,
block:166:1608,,166,1608,,block,,m2,2014,seeding,
plot:166:1608:111,block:166:1608,166,1608,111,plot,0.125,m2,2014,seeding,
plot:166:1608:121,block:166:1608,166,1608,121,plot,0.125,m2,2014,seeding,
plot:166:1608:131,block:166:1608,166,1608,131,plot,0.125,m2,2014,seeding,
plot:166:1608:141,block:166:1608,166,1608,141,plot,0.125,m2,2014,seeding,
plot:166:1608:151,block:166:1608,166,1608,151,plot,0.125,m2,2014,seeding,
block:166:1609,,166,1609,,block,,m2,2014,seeding,
plot:166:1609:111,block:166:1609,166,1609,111,plot,0.125,m2,2014,seeding,
plot:166:1609:121,block:166:1609,166,1609,121,plot,0.125,m2,2014,seeding,
plot:166:1609:131,block:166:1609,166,1609,131,plot,0.125,m2,2014,seeding,
plot:166:1609:141,block:166:1609,166,1609,141,plot,0.125,m2,2014,seeding,
plot:166:1609:151,block:166:1609,166,1609,151,plot,0.125,m2,2014,seeding,
block:166:1610,,166,1610,,block,,m2,2014,seeding,
plot:166:1610:13,block:166:1610,166,1610,13,plot,0.125,m2,2014,seeding,
plot:166:1610:23,block:166:1610,166,1610,23,plot,0.125,m2,2014,seeding,
plot:166:1610:33,block:166:1610,166,1610,33,plot,0.125,m2,2014,seeding,
plot:166:1610:43,block:166:1610,166,1610,43,plot,0.125,m2,2014,seeding,
plot:166:1610:53,block:166:1610,166,1610,53,plot,0.125,m2,2014,seeding,
block:166:1611,,166,1611,,block,,m2,2014,seeding,
plot:166:1611:12,block:166:1611,166,1611,12,plot,0.125,m2,2014,seeding,
plot:166:1611:22,block:166:1611,166,1611,22,plot,0.125,m2,2014,seeding,
plot:166:1611:32,block:166:1611,166,1611,32,plot,0.125,m2,2014,seeding,
plot:166:1611:42,block:166:1611,166,1611,42,plot,0.125,m2,2014,seeding,
plot:166:1611:52,block:166:1611,166,1611,52,plot,0.125,m2,2014,seeding,
block:166:1612,,166,1612,,block,,m2,2014,seeding,
plot:166:1612:12,block:166:1612,166,1612,12,plot,0.125,m2,2014,seeding,
plot:166:1612:22,block:166:1612,166,1612,22,plot,0.125,m2,2014,seeding,
plot:166:1612:32,block:166:1612,166,1612,32,plot,0.125,m2,2014,seeding,
plot:166:1612:42,block:166:1612,166,1612,42,plot,0.125,m2,2014,seeding,
plot:166:1612:52,block:166:1612,166,1612,52,plot,0.125,m2,2014,seeding,
block:166:1613,,166,1613,,block,,m2,2014,seeding,
plot:166:1613:13,block:166:1613,166,1613,13,plot,0.125,m2,2014,seeding,
plot:166:1613:23,block:166:1613,166,1613,23,plot,0.125,m2,2014,seeding,
plot:166:1613:33,block:166:1613,166,1613,33,plot,0.125,m2,2014,seeding,
plot:166:1613:43,block:166:1613,166,1613,43,plot,0.125,m2,2014,seeding,
plot:166:1613:53,block:166:1613,166,1613,53,plot,0.125,m2,2014,seeding,
block:166:1614,,166,1614,,block,,m2,2014,seeding,
plot:166:1614:111,block:166:1614,166,1614,111,plot,0.125,m2,2014,seeding,
plot:166:1614:121,block:166:1614,166,1614,121,plot,0.125,m2,2014,seeding,
plot:166:1614:131,block:166:1614,166,1614,131,plot,0.125,m2,2014,seeding,
plot:166:1614:141,block:166:1614,166,1614,141,plot,0.125,m2,2014,seeding,
plot:166:1614:151,block:166:1614,166,1614,151,plot,0.125,m2,2014,seeding,
block:166:1615,,166,1615,,block,,m2,2014,seeding,
plot:166:1615:113,block:166:1615,166,1615,113,plot,0.125,m2,2014,seeding,
plot:166:1615:123,block:166:1615,166,1615,123,plot,0.125,m2,2014,seeding,
plot:166:1615:133,block:166:1615,166,1615,133,plot,0.125,m2,2014,seeding,
plot:166:1615:143,block:166:1615,166,1615,143,plot,0.125,m2,2014,seeding,
plot:166:1615:153,block:166:1615,166,1615,153,plot,0.125,m2,2014,seeding,
block:166:1616,,166,1616,,block,,m2,2014,seeding,
plot:166:1616:112,block:166:1616,166,1616,112,plot,0.125,m2,2014,seeding,
plot:166:1616:122,block:166:1616,166,1616,122,plot,0.125,m2,2014,seeding,
plot:166:1616:132,block:166:1616,166,1616,132,plot,0.125,m2,2014,seeding,
plot:166:1616:142,block:166:1616,166,1616,142,plot,0.125,m2,2014,seeding,
plot:166:1616:152,block:166:1616,166,1616,152,plot,0.125,m2,2014,seeding,
block:166:1617,,166,1617,,block,,m2,2014,seeding,
plot:166:1617:11,block:166:1617,166,1617,11,plot,0.125,m2,2014,seeding,
plot:166:1617:21,block:166:1617,166,1617,21,plot,0.125,m2,2014,seeding,
plot:166:1617:31,block:166:1617,166,1617,31,plot,0.125,m2,2014,seeding,
plot:166:1617:41,block:166:1617,166,1617,41,plot,0.125,m2,2014,seeding,
plot:166:1617:51,block:166:1617,166,1617,51,plot,0.125,m2,2014,seeding,
block:166:1618,,166,1618,,block,,m2,2014,seeding,
plot:166:1618:111,block:166:1618,166,1618,111,plot,0.125,m2,2014,seeding,
plot:166:1618:121,block:166:1618,166,1618,121,plot,0.125,m2,2014,seeding,
plot:166:1618:131,block:166:1618,166,1618,131,plot,0.125,m2,2014,seeding,
plot:166:1618:141,block:166:1618,166,1618,141,plot,0.125,m2,2014,seeding,
plot:166:1618:151,block:166:1618,166,1618,151,plot,0.125,m2,2014,seeding,
block:166:20025,,166,20025,,block,,m2,2014,passive,
plot:166:20025:1,block:166:20025,166,20025,1,plot,0.25,m2,2014,passive,
plot:166:20025:10,block:166:20025,166,20025,10,plot,0.25,m2,2014,passive,
plot:166:20025:100,block:166:20025,166,20025,100,plot,0.25,m2,2014,passive,
plot:166:20025:101,block:166:20025,166,20025,101,plot,0.25,m2,2014,passive,
plot:166:20025:102,block:166:20025,166,20025,102,plot,0.25,m2,2014,passive,
plot:166:20025:103,block:166:20025,166,20025,103,plot,0.25,m2,2014,passive,
plot:166:20025:104,block:166:20025,166,20025,104,plot,0.25,m2,2014,passive,
plot:166:20025:105,block:166:20025,166,20025,105,plot,0.25,m2,2014,passive,
plot:166:20025:106,block:166:20025,166,20025,106,plot,0.25,m2,2014,passive,
plot:166:20025:107,block:166:20025,166,20025,107,plot,0.25,m2,2014,passive,
plot:166:20025:108,block:166:20025,166,20025,108,plot,0.25,m2,2014,passive,
plot:166:20025:109,block:166:20025,166,20025,109,plot,0.25,m2,2014,passive,
plot:166:20025:11,block:166:20025,166,20025,11,plot,0.25,m2,2014,passive,
plot:166:20025:110,block:166:20025,166,20025,110,plot,0.25,m2,2014,passive,
plot:166:20025:111,block:166:20025,166,20025,111,plot,0.25,m2,2014,passive,
plot:166:20025:112,block:166:20025,166,20025,112,plot,0.25,m2,2014,passive,
plot:166:20025:113,block:166:20025,166,20025,113,plot,0.25,m2,2014,passive,
plot:166:20025:114,block:166:20025,166,20025,114,plot,0.25,m2,2014,passive,
plot:166:20025:115,block:166:20025,166,20025,115,plot,0.25,m2,2014,passive,
plot:166:20025:116,block:166:20025,166,20025,116,plot,0.25,m2,2014,passive,
plot:166:20025:117,block:166:20025,166,20025,117,plot,0.25,m2,2014,passive,
plot:166:20025:118,block:166:20025,166,20025,118,plot,0.25,m2,2014,passive,
plot:166:20025:119,block:166:20025,166,20025,119,plot,0.25,m2,2014,passive,
plot:166:20025:12,block:166:20025,166,20025,12,plot,0.25,m2,2014,passive,
plot:166:20025:120,block:166:20025,166,20025,120,plot,0.25,m2,2014,passive,
plot:166:20025:121,block:166:20025,166,20025,121,plot,0.25,m2,2014,passive,
plot:166:20025:122,block:166:20025,166,20025,122,plot,0.25,m2,2014,passive,
plot:166:20025:123,block:166:20025,166,20025,123,plot,0.25,m2,2014,passive,
plot:166:20025:124,block:166:20025,166,20025,124,plot,0.25,m2,2014,passive,
plot:166:20025:125,block:166:20025,166,20025,125,plot,0.25,m2,2014,passive,
plot:166:20025:126,block:166:20025,166,20025,126,plot,0.25,m2,2014,passive,
plot:166:20025:127,block:166:20025,166,20025,127,plot,0.25,m2,2014,passive,
plot:166:20025:128,block:166:20025,166,20025,128,plot,0.25,m2,2014,passive,
plot:166:20025:129,block:166:20025,166,20025,129,plot,0.25,m2,2014,passive,
plot:166:20025:13,block:166:20025,166,20025,13,plot,0.25,m2,2014,passive,
plot:166:20025:130,block:166:20025,166,20025,130,plot,0.25,m2,2014,passive,
plot:166:20025:131,block:166:20025,166,20025,131,plot,0.25,m2,2014,passive,
plot:166:20025:132,block:166:20025,166,20025,132,plot,0.25,m2,2014,passive,
plot:166:20025:133,block:166:20025,166,20025,133,plot,0.25,m2,2014,passive,
plot:166:20025:134,block:166:20025,166,20025,134,plot,0.25,m2,2014,passive,
plot:166:20025:135,block:166:20025,166,20025,135,plot,0.25,m2,2014,passive,
plot:166:20025:136,block:166:20025,166,20025,136,plot,0.25,m2,2014,passive,
plot:166:20025:14,block:166:20025,166,20025,14,plot,0.25,m2,2014,passive,
plot:166:20025:15,block:166:20025,166,20025,15,plot,0.25,m2,2014,passive,
plot:166:20025:16,block:166:20025,166,20025,16,plot,0.25,m2,2014,passive,
plot:166:20025:17,block:166:20025,166,20025,17,plot,0.25,m2,2014,passive,
plot:166:20025:18,block:166:20025,166,20025,18,plot,0.25,m2,2014,passive,
plot:166:20025:19,block:166:20025,166,20025,19,plot,0.25,m2,2014,passive,
plot:166:20025:2,block:166:20025,166,20025,2,plot,0.25,m2,2014,passive,
plot:166:20025:20,block:166:20025,166,20025,20,plot,0.25,m2,2014,passive,
plot:166:20025:21,block:166:20025,166,20025,21,plot,0.25,m2,2014,passive,
plot:166:20025:22,block:166:20025,166,20025,22,plot,0.25,m2,2014,passive,
plot:166:20025:23,block:166:20025,166,20025,23,plot,0.25,m2,2014,passive,
plot:166:20025:24,block:166:20025,166,20025,24,plot,0.25,m2,2014,passive,
plot:166:20025:25,block:166:20025,166,20025,25,plot,0.25,m2,2014,passive,
plot:166:20025:26,block:166:20025,166,20025,26,plot,0.25,m2,2014,passive,
plot:166:20025:27,block:166:20025,166,20025,27,plot,0.25,m2,2014,passive,
plot:166:20025:28,block:166:20025,166,20025,28,plot,0.25,m2,2014,passive,
plot:166:20025:29,block:166:20025,166,20025,29,plot,0.25,m2,2014,passive,
plot:166:20025:3,block:166:20025,166,20025,3,plot,0.25,m2,2014,passive,
plot:166:20025:30,block:166:20025,166,20025,30,plot,0.25,m2,2014,passive,
plot:166:20025:31,block:166:20025,166,20025,31,plot,0.25,m2,2014,passive,
plot:166:20025:32,block:166:20025,166,20025,32,plot,0.25,m2,2014,passive,
plot:166:20025:33,block:166:20025,166,20025,33,plot,0.25,m2,2014,passive,
plot:166:20025:34,block:166:20025,166,20025,34,plot,0.25,m2,2014,passive,
plot:166:20025:35,block:166:20025,166,20025,35,plot,0.25,m2,2014,passive,
plot:166:20025:36,block:166:20025,166,20025,36,plot,0.25,m2,2014,passive,
plot:166:20025:37,block:166:20025,166,20025,37,plot,0.25,m2,2014,passive,
plot:166:20025:38,block:166:20025,166,20025,38,plot,0.25,m2,2014,passive,
plot:166:20025:39,block:166:20025,166,20025,39,plot,0.25,m2,2014,passive,
plot:166:20025:4,block:166:20025,166,20025,4,plot,0.25,m2,2014,passive,
plot:166:20025:40,block:166:20025,166,20025,40,plot,0.25,m2,2014,passive,
plot:166:20025:41,block:166:20025,166,20025,41,plot,0.25,m2,2014,passive,
plot:166:20025:42,block:166:20025,166,20025,42,plot,0.25,m2,2014,passive,
plot:166:20025:43,block:166:20025,166,20025,43,plot,0.25,m2,2014,passive,
plot:166:20025:44,block:166:20025,166,20025,44,plot,0.25,m2,2014,passive,
plot:166:20025:45,block:166:20025,166,20025,45,plot,0.25,m2,2014,passive,
plot:166:20025:46,block:166:20025,166,20025,46,plot,0.25,m2,2014,passive,
plot:166:20025:47,block:166:20025,166,20025,47,plot,0.25,m2,2014,passive,
plot:166:20025:48,block:166:20025,166,20025,48,plot,0.25,m2,2014,passive,
plot:166:20025:49,block:166:20025,166,20025,49,plot,0.25,m2,2014,passive,
plot:166:20025:5,block:166:20025,166,20025,5,plot,0.25,m2,2014,passive,
plot:166:20025:50,block:166:20025,166,20025,50,plot,0.25,m2,2014,passive,
plot:166:20025:51,block:166:20025,166,20025,51,plot,0.25,m2,2014,passive,
plot:166:20025:52,block:166:20025,166,20025,52,plot,0.25,m2,2014,passive,
plot:166:20025:53,block:166:20025,166,20025,53,plot,0.25,m2,2014,passive,
plot:166:20025:54,block:166:20025,166,20025,54,plot,0.25,m2,2014,passive,
plot:166:20025:55,block:166:20025,166,20025,55,plot,0.25,m2,2014,passive,
plot:166:20025:56,block:166:20025,166,20025,56,plot,0.25,m2,2014,passive,
plot:166:20025:57,block:166:20025,166,20025,57,plot,0.25,m2,2014,passive,
plot:166:20025:58,block:166:20025,166,20025,58,plot,0.25,m2,2014,passive,
plot:166:20025:59,block:166:20025,166,20025,59,plot,0.25,m2,2014,passive,
plot:166:20025:6,block:166:20025,166,20025,6,plot,0.25,m2,2014,passive,
plot:166:20025:60,block:166:20025,166,20025,60,plot,0.25,m2,2014,passive,
plot:166:20025:61,block:166:20025,166,20025,61,plot,0.25,m2,2014,passive,
plot:166:20025:62,block:166:20025,166,20025,62,plot,0.25,m2,2014,passive,
plot:166:20025:63,block:166:20025,166,20025,63,plot,0.25,m2,2014,passive,
plot:166:20025:64,block:166:20025,166,20025,64,plot,0.25,m2,2014,passive,
plot:166:20025:65,block:166:20025,166,20025,65,plot,0.25,m2,2014,passive,
plot:166:20025:66,block:166:20025,166,20025,66,plot,0.25,m2,2014,passive,
plot:166:20025:67,block:166:20025,166,20025,67,plot,0.25,m2,2014,passive,
plot:166:20025:68,block:166:20025,166,20025,68,plot,0.25,m2,2014,passive,
plot:166:20025:69,block:166:20025,166,20025,69,plot,0.25,m2,2014,passive,
plot:166:20025:7,block:166:20025,166,20025,7,plot,0.25,m2,2014,passive,
plot:166:20025:70,block:166:20025,166,20025,70,plot,0.25,m2,2014,passive,
plot:166:20025:71,block:166:20025,166,20025,71,plot,0.25,m2,2014,passive,
plot:166:20025:72,block:166:20025,166,20025,72,plot,0.25,m2,2014,passive,
plot:166:20025:73,block:166:20025,166,20025,73,plot,0.25,m2,2014,passive,
plot:166:20025:74,block:166:20025,166,20025,74,plot,0.25,m2,2014,passive,
plot:166:20025:75,block:166:20025,166,20025,75,plot,0.25,m2,2014,passive,
plot:166:20025:76,block:166:20025,166,20025,76,plot,0.25,m2,2014,passive,
plot:166:20025:77,block:166:20025,166,20025,77,plot,0.25,m2,2014,passive,
plot:166:20025:78,block:166:20025,166,20025,78,plot,0.25,m2,2014,passive,
plot:166:20025:79,block:166:20025,166,20025,79,plot,0.25,m2,2014,passive,
plot:166:20025:8,block:166:20025,166,20025,8,plot,0.25,m2,2014,passive,
plot:166:20025:80,block:166:20025,166,20025,80,plot,0.25,m2,2014,passive,
plot:166:20025:81,block:166:20025,166,20025,81,plot,0.25,m2,2014,passive,
plot:166:20025:82,block:166:20025,166,20025,82,plot,0.25,m2,2014,passive,
plot:166:20025:83,block:166:20025,166,20025,83,plot,0.25,m2,2014,passive,
plot:166:20025:84,block:166:20025,166,20025,84,plot,0.25,m2,2014,passive,
plot:166:20025:85,block:166:20025,166,20025,85,plot,0.25,m2,2014,passive,
plot:166:20025:86,block:166:20025,166,20025,86,plot,0.25,m2,2014,passive,
plot:166:20025:87,block:166:20025,166,20025,87,plot,0.25,m2,2014,passive,
plot:166:20025:88,block:166:20025,166,20025,88,plot,0.25,m2,2014,passive,
plot:166:20025:89,block:166:20025,166,20025,89,plot,0.25,m2,2014,passive,
plot:166:20025:9,block:166:20025,166,20025,9,plot,0.25,m2,2014,passive,
plot:166:20025:90,block:166:20025,166,20025,90,plot,0.25,m2,2014,passive,
plot:166:20025:91,block:166:20025,166,20025,91,plot,0.25,m2,2014,passive,
plot:166:20025:92,block:166:20025,166,20025,92,plot,0.25,m2,2014,passive,
plot:166:20025:93,block:166:20025,166,20025,93,plot,0.25,m2,2014,passive,
plot:166:20025:94,block:166:20025,166,20025,94,plot,0.25,m2,2014,passive,
plot:166:20025:95,block:166:20025,166,20025,95,plot,0.25,m2,2014,passive,
plot:166:20025:96,block:166:20025,166,20025,96,plot,0.25,m2,2014,passive,
plot:166:20025:97,block:166:20025,166,20025,97,plot,0.25,m2,2014,passive,
plot:166:20025:98,block:166:20025,166,20025,98,plot,0.25,m2,2014,passive,
plot:166:20025:99,block:166:20025,166,20025,99,plot,0.25,m2,2014,passive,
block:166:20050,,166,20050,,block,,m2,2014,passive,
plot:166:20050:1,block:166:20050,166,20050,1,plot,0.25,m2,2014,passive,
plot:166:20050:10,block:166:20050,166,20050,10,plot,0.25,m2,2014,passive,
plot:166:20050:11,block:166:20050,166,20050,11,plot,0.25,m2,2014,passive,
plot:166:20050:12,block:166:20050,166,20050,12,plot,0.25,m2,2014,passive,
plot:166:20050:13,block:166:20050,166,20050,13,plot,0.25,m2,2014,passive,
plot:166:20050:14,block:166:20050,166,20050,14,plot,0.25,m2,2014,passive,
plot:166:20050:15,block:166:20050,166,20050,15,plot,0.25,m2,2014,passive,
plot:166:20050:16,block:166:20050,166,20050,16,plot,0.25,m2,2014,passive,
plot:166:20050:17,block:166:20050,166,20050,17,plot,0.25,m2,2014,passive,
plot:166:20050:18,block:166:20050,166,20050,18,plot,0.25,m2,2014,passive,
plot:166:20050:19,block:166:20050,166,20050,19,plot,0.25,m2,2014,passive,
plot:166:20050:2,block:166:20050,166,20050,2,plot,0.25,m2,2014,passive,
plot:166:20050:20,block:166:20050,166,20050,20,plot,0.25,m2,2014,passive,
plot:166:20050:21,block:166:20050,166,20050,21,plot,0.25,m2,2014,passive,
plot:166:20050:22,block:166:20050,166,20050,22,plot,0.25,m2,2014,passive,
plot:166:20050:23,block:166:20050,166,20050,23,plot,0.25,m2,2014,passive,
plot:166:20050:24,block:166:20050,166,20050,24,plot,0.25,m2,2014,passive,
plot:166:20050:25,block:166:20050,166,20050,25,plot,0.25,m2,2014,passive,
plot:166:20050:26,block:166:20050,166,20050,26,plot,0.25,m2,2014,passive,
plot:166:20050:27,block:166:20050,166,20050,27,plot,0.25,m2,2014,passive,
plot:166:20050:28,block:166:20050,166,20050,28,plot,0.25,m2,2014,passive,
plot:166:20050:29,block:166:20050,166,20050,29,plot,0.25,m2,2014,passive,
plot:166:20050:3,block:166:20050,166,20050,3,plot,0.25,m2,2014,passive,
plot:166:20050:30,block:166:20050,166,20050,30,plot,0.25,m2,2014,passive,
plot:166:20050:31,block:166:20050,166,20050,31,plot,0.25,m2,2014,passive,
plot:166:20050:32,block:166:20050,166,20050,32,plot,0.25,m2,2014,passive,
plot:166:20050:33,block:166:20050,166,20050,33,plot,0.25,m2,2014,passive,
plot:166:20050:34,block:166:20050,166,20050,34,plot,0.25,m2,2014,passive,
plot:166:20050:35,block:166:20050,166,20050,35,plot,0.25,m2,2014,passive,
plot:166:20050:36,block:166:20050,166,20050,36,plot,0.25,m2,2014,passive,
plot:166:20050:37,block:166:20050,166,20050,37,plot,0.25,m2,2014,passive,
plot:166:20050:38,block:166:20050,166,20050,38,plot,0.25,m2,2014,passive,
plot:166:20050:39,block:166:20050,166,20050,39,plot,0.25,m2,2014,passive,
plot:166:20050:4,block:166:20050,166,20050,4,plot,0.25,m2,2014,passive,
plot:166:20050:40,block:166:20050,166,20050,40,plot,0.25,m2,2014,passive,
plot:166:20050:41,block:166:20050,166,20050,41,plot,0.25,m2,2014,passive,
plot:166:20050:42,block:166:20050,166,20050,42,plot,0.25,m2,2014,passive,
plot:166:20050:43,block:166:20050,166,20050,43,plot,0.25,m2,2014,passive,
plot:166:20050:44,block:166:20050,166,20050,44,plot,0.25,m2,2014,passive,
plot:166:20050:45,block:166:20050,166,20050,45,plot,0.25,m2,2014,passive,
plot:166:20050:46,block:166:20050,166,20050,46,plot,0.25,m2,2014,passive,
plot:166:20050:47,block:166:20050,166,20050,47,plot,0.25,m2,2014,passive,
plot:166:20050:48,block:166:20050,166,20050,48,plot,0.25,m2,2014,passive,
plot:166:20050:49,block:166:20050,166,20050,49,plot,0.25,m2,2014,passive,
plot:166:20050:5,block:166:20050,166,20050,5,plot,0.25,m2,2014,passive,
plot:166:20050:50,block:166:20050,166,20050,50,plot,0.25,m2,2014,passive,
plot:166:20050:51,block:166:20050,166,20050,51,plot,0.25,m2,2014,passive,
plot:166:20050:52,block:166:20050,166,20050,52,plot,0.25,m2,2014,passive,
plot:166:20050:53,block:166:20050,166,20050,53,plot,0.25,m2,2014,passive,
plot:166:20050:54,block:166:20050,166,20050,54,plot,0.25,m2,2014,passive,
plot:166:20050:55,block:166:20050,166,20050,55,plot,0.25,m2,2014,passive,
plot:166:20050:56,block:166:20050,166,20050,56,plot,0.25,m2,2014,passive,
plot:166:20050:57,block:166:20050,166,20050,57,plot,0.25,m2,2014,passive,
plot:166:20050:58,block:166:20050,166,20050,58,plot,0.25,m2,2014,passive,
plot:166:20050:59,block:166:20050,166,20050,59,plot,0.25,m2,2014,passive,
plot:166:20050:6,block:166:20050,166,20050,6,plot,0.25,m2,2014,passive,
plot:166:20050:60,block:166:20050,166,20050,60,plot,0.25,m2,2014,passive,
plot:166:20050:7,block:166:20050,166,20050,7,plot,0.25,m2,2014,passive,
plot:166:20050:8,block:166:20050,166,20050,8,plot,0.25,m2,2014,passive,
plot:166:20050:9,block:166:20050,166,20050,9,plot,0.25,m2,2014,passive,
block:166:301,,166,301,,block,,m2,2014,seeding,
plot:166:301:23,block:166:301,166,301,23,plot,0.125,m2,2014,seeding,
plot:166:301:43,block:166:301,166,301,43,plot,0.125,m2,2014,seeding,
block:166:302,,166,302,,block,,m2,2014,seeding,
plot:166:302:122,block:166:302,166,302,122,plot,0.125,m2,2014,seeding,
plot:166:302:142,block:166:302,166,302,142,plot,0.125,m2,2014,seeding,
block:166:303,,166,303,,block,,m2,2014,seeding,
plot:166:303:122,block:166:303,166,303,122,plot,0.125,m2,2014,seeding,
plot:166:303:142,block:166:303,166,303,142,plot,0.125,m2,2014,seeding,
block:166:304,,166,304,,block,,m2,2014,seeding,
plot:166:304:23,block:166:304,166,304,23,plot,0.125,m2,2014,seeding,
plot:166:304:43,block:166:304,166,304,43,plot,0.125,m2,2014,seeding,
block:166:305,,166,305,,block,,m2,2014,seeding,
plot:166:305:121,block:166:305,166,305,121,plot,0.125,m2,2014,seeding,
plot:166:305:141,block:166:305,166,305,141,plot,0.125,m2,2014,seeding,
block:166:306,,166,306,,block,,m2,2014,seeding,
plot:166:306:23,block:166:306,166,306,23,plot,0.125,m2,2014,seeding,
plot:166:306:43,block:166:306,166,306,43,plot,0.125,m2,2014,seeding,
block:166:307,,166,307,,block,,m2,2014,seeding,
plot:166:307:22,block:166:307,166,307,22,plot,0.125,m2,2014,seeding,
plot:166:307:42,block:166:307,166,307,42,plot,0.125,m2,2014,seeding,
block:166:308,,166,308,,block,,m2,2014,seeding,
plot:166:308:121,block:166:308,166,308,121,plot,0.125,m2,2014,seeding,
plot:166:308:141,block:166:308,166,308,141,plot,0.125,m2,2014,seeding,
block:166:309,,166,309,,block,,m2,2014,seeding,
plot:166:309:21,block:166:309,166,309,21,plot,0.125,m2,2014,seeding,
plot:166:309:41,block:166:309,166,309,41,plot,0.125,m2,2014,seeding,
block:166:310,,166,310,,block,,m2,2014,seeding,
plot:166:310:23,block:166:310,166,310,23,plot,0.125,m2,2014,seeding,
plot:166:310:43,block:166:310,166,310,43,plot,0.125,m2,2014,seeding,
block:166:311,,166,311,,block,,m2,2014,seeding,
plot:166:311:22,block:166:311,166,311,22,plot,0.125,m2,2014,seeding,
plot:166:311:42,block:166:311,166,311,42,plot,0.125,m2,2014,seeding,
block:166:312,,166,312,,block,,m2,2014,seeding,
plot:166:312:22,block:166:312,166,312,22,plot,0.125,m2,2014,seeding,
plot:166:312:42,block:166:312,166,312,42,plot,0.125,m2,2014,seeding,
block:166:313,,166,313,,block,,m2,2014,seeding,
plot:166:313:23,block:166:313,166,313,23,plot,0.125,m2,2014,seeding,
plot:166:313:43,block:166:313,166,313,43,plot,0.125,m2,2014,seeding,
block:166:314,,166,314,,block,,m2,2014,seeding,
plot:166:314:121,block:166:314,166,314,121,plot,0.125,m2,2014,seeding,
plot:166:314:141,block:166:314,166,314,141,plot,0.125,m2,2014,seeding,
block:166:315,,166,315,,block,,m2,2014,seeding,
plot:166:315:23,block:166:315,166,315,23,plot,0.125,m2,2014,seeding,
plot:166:315:43,block:166:315,166,315,43,plot,0.125,m2,2014,seeding,
block:166:316,,166,316,,block,,m2,2014,seeding,
plot:166:316:22,block:166:316,166,316,22,plot,0.125,m2,2014,seeding,
plot:166:316:42,block:166:316,166,316,42,plot,0.125,m2,2014,seeding,
block:166:317,,166,317,,block,,m2,2014,seeding,
plot:166:317:121,block:166:317,166,317,121,plot,0.125,m2,2014,seeding,
plot:166:317:141,block:166:317,166,317,141,plot,0.125,m2,2014,seeding,
block:166:318,,166,318,,block,,m2,2014,seeding,
plot:166:318:21,block:166:318,166,318,21,plot,0.125,m2,2014,seeding,
plot:166:318:41,block:166:318,166,318,41,plot,0.125,m2,2014,seeding,
block:166:401,,166,401,,block,,m2,2014,seeding,
plot:166:401:123,block:166:401,166,401,123,plot,0.125,m2,2014,seeding,
plot:166:401:143,block:166:401,166,401,143,plot,0.125,m2,2014,seeding,
block:166:402,,166,402,,block,,m2,2014,seeding,
plot:166:402:22,block:166:402,166,402,22,plot,0.125,m2,2014,seeding,
plot:166:402:42,block:166:402,166,402,42,plot,0.125,m2,2014,seeding,
block:166:403,,166,403,,block,,m2,2014,seeding,
plot:166:403:122,block:166:403,166,403,122,plot,0.125,m2,2014,seeding,
plot:166:403:142,block:166:403,166,403,142,plot,0.125,m2,2014,seeding,
block:166:404,,166,404,,block,,m2,2014,seeding,
plot:166:404:23,block:166:404,166,404,23,plot,0.125,m2,2014,seeding,
plot:166:404:43,block:166:404,166,404,43,plot,0.125,m2,2014,seeding,
block:166:405,,166,405,,block,,m2,2014,seeding,
plot:166:405:21,block:166:405,166,405,21,plot,0.125,m2,2014,seeding,
plot:166:405:41,block:166:405,166,405,41,plot,0.125,m2,2014,seeding,
block:166:406,,166,406,,block,,m2,2014,seeding,
plot:166:406:123,block:166:406,166,406,123,plot,0.125,m2,2014,seeding,
plot:166:406:143,block:166:406,166,406,143,plot,0.125,m2,2014,seeding,
block:166:407,,166,407,,block,,m2,2014,seeding,
plot:166:407:22,block:166:407,166,407,22,plot,0.125,m2,2014,seeding,
plot:166:407:42,block:166:407,166,407,42,plot,0.125,m2,2014,seeding,
block:166:408,,166,408,,block,,m2,2014,seeding,
plot:166:408:21,block:166:408,166,408,21,plot,0.125,m2,2014,seeding,
plot:166:408:41,block:166:408,166,408,41,plot,0.125,m2,2014,seeding,
block:166:409,,166,409,,block,,m2,2014,seeding,
plot:166:409:21,block:166:409,166,409,21,plot,0.125,m2,2014,seeding,
plot:166:409:41,block:166:409,166,409,41,plot,0.125,m2,2014,seeding,
block:166:410,,166,410,,block,,m2,2014,seeding,
plot:166:410:23,block:166:410,166,410,23,plot,0.125,m2,2014,seeding,
plot:166:410:43,block:166:410,166,410,43,plot,0.125,m2,2014,seeding,
block:166:411,,166,411,,block,,m2,2014,seeding,
plot:166:411:122,block:166:411,166,411,122,plot,0.125,m2,2014,seeding,
plot:166:411:142,block:166:411,166,411,142,plot,0.125,m2,2014,seeding,
block:166:412,,166,412,,block,,m2,2014,seeding,
plot:166:412:122,block:166:412,166,412,122,plot,0.125,m2,2014,seeding,
plot:166:412:142,block:166:412,166,412,142,plot,0.125,m2,2014,seeding,
block:166:413,,166,413,,block,,m2,2014,seeding,
plot:166:413:23,block:166:413,166,413,23,plot,0.125,m2,2014,seeding,
plot:166:413:43,block:166:413,166,413,43,plot,0.125,m2,2014,seeding,
block:166:414,,166,414,,block,,m2,2014,seeding,
plot:166:414:121,block:166:414,166,414,121,plot,0.125,m2,2014,seeding,
plot:166:414:141,block:166:414,166,414,141,plot,0.125,m2,2014,seeding,
block:166:415,,166,415,,block,,m2,2014,seeding,
plot:166:415:123,block:166:415,166,415,123,plot,0.125,m2,2014,seeding,
plot:166:415:143,block:166:415,166,415,143,plot,0.125,m2,2014,seeding,
block:166:416,,166,416,,block,,m2,2014,seeding,
plot:166:416:122,block:166:416,166,416,122,plot,0.125,m2,2014,seeding,
plot:166:416:142,block:166:416,166,416,142,plot,0.125,m2,2014,seeding,
block:166:417,,166,417,,block,,m2,2014,seeding,
plot:166:417:121,block:166:417,166,417,121,plot,0.125,m2,2014,seeding,
plot:166:417:141,block:166:417,166,417,141,plot,0.125,m2,2014,seeding,
block:166:418,,166,418,,block,,m2,2014,seeding,
plot:166:418:121,block:166:418,166,418,121,plot,0.125,m2,2014,seeding,
plot:166:418:141,block:166:418,166,418,141,plot,0.125,m2,2014,seeding,
block:166:701,,166,701,,block,,m2,2014,seeding,
plot:166:701:123,block:166:701,166,701,123,plot,0.125,m2,2014,seeding,
plot:166:701:143,block:166:701,166,701,143,plot,0.125,m2,2014,seeding,
block:166:702,,166,702,,block,,m2,2014,seeding,
plot:166:702:22,block:166:702,166,702,22,plot,0.125,m2,2014,seeding,
plot:166:702:42,block:166:702,166,702,42,plot,0.125,m2,2014,seeding,
block:166:703,,166,703,,block,,m2,2014,seeding,
plot:166:703:22,block:166:703,166,703,22,plot,0.125,m2,2014,seeding,
plot:166:703:42,block:166:703,166,703,42,plot,0.125,m2,2014,seeding,
block:166:704,,166,704,,block,,m2,2014,seeding,
plot:166:704:123,block:166:704,166,704,123,plot,0.125,m2,2014,seeding,
plot:166:704:143,block:166:704,166,704,143,plot,0.125,m2,2014,seeding,
block:166:705,,166,705,,block,,m2,2014,seeding,
plot:166:705:21,block:166:705,166,705,21,plot,0.125,m2,2014,seeding,
plot:166:705:41,block:166:705,166,705,41,plot,0.125,m2,2014,seeding,
block:166:706,,166,706,,block,,m2,2014,seeding,
plot:166:706:123,block:166:706,166,706,123,plot,0.125,m2,2014,seeding,
plot:166:706:143,block:166:706,166,706,143,plot,0.125,m2,2014,seeding,
block:166:707,,166,707,,block,,m2,2014,seeding,
plot:166:707:122,block:166:707,166,707,122,plot,0.125,m2,2014,seeding,
plot:166:707:142,block:166:707,166,707,142,plot,0.125,m2,2014,seeding,
block:166:708,,166,708,,block,,m2,2014,seeding,
plot:166:708:21,block:166:708,166,708,21,plot,0.125,m2,2014,seeding,
plot:166:708:41,block:166:708,166,708,41,plot,0.125,m2,2014,seeding,
block:166:709,,166,709,,block,,m2,2014,seeding,
plot:166:709:121,block:166:709,166,709,121,plot,0.125,m2,2014,seeding,
plot:166:709:141,block:166:709,166,709,141,plot,0.125,m2,2014,seeding,
block:166:710,,166,710,,block,,m2,2014,seeding,
plot:166:710:123,block:166:710,166,710,123,plot,0.125,m2,2014,seeding,
plot:166:710:143,block:166:710,166,710,143,plot,0.125,m2,2014,seeding,
block:166:711,,166,711,,block,,m2,2014,seeding,
plot:166:711:122,block:166:711,166,711,122,plot,0.125,m2,2014,seeding,
plot:166:711:142,block:166:711,166,711,142,plot,0.125,m2,2014,seeding,
block:166:712,,166,712,,block,,m2,2014,seeding,
plot:166:712:122,block:166:712,166,712,122,plot,0.125,m2,2014,seeding,
plot:166:712:142,block:166:712,166,712,142,plot,0.125,m2,2014,seeding,
block:166:713,,166,713,,block,,m2,2014,seeding,
plot:166:713:123,block:166:713,166,713,123,plot,0.125,m2,2014,seeding,
plot:166:713:143,block:166:713,166,713,143,plot,0.125,m2,2014,seeding,
block:166:714,,166,714,,block,,m2,2014,seeding,
plot:166:714:21,block:166:714,166,714,21,plot,0.125,m2,2014,seeding,
plot:166:714:41,block:166:714,166,714,41,plot,0.125,m2,2014,seeding,
block:166:715,,166,715,,block,,m2,2014,seeding,
plot:166:715:123,block:166:715,166,715,123,plot,0.125,m2,2014,seeding,
plot:166:715:143,block:166:715,166,715,143,plot,0.125,m2,2014,seeding,
block:166:716,,166,716,,block,,m2,2014,seeding,
plot:166:716:122,block:166:716,166,716,122,plot,0.125,m2,2014,seeding,
plot:166:716:142,block:166:716,166,716,142,plot,0.125,m2,2014,seeding,
block:166:717,,166,717,,block,,m2,2014,seeding,
plot:166:717:21,block:166:717,166,717,21,plot,0.125,m2,2014,seeding,
plot:166:717:41,block:166:717,166,717,41,plot,0.125,m2,2014,seeding,
block:166:718,,166,718,,block,,m2,2014,seeding,
plot:166:718:121,block:166:718,166,718,121,plot,0.125,m2,2014,seeding,
plot:166:718:141,block:166:718,166,718,141,plot,0.125,m2,2014,seeding,
block:166:801,,166,801,,block,,m2,2014,seeding,
plot:166:801:23,block:166:801,166,801,23,plot,0.125,m2,2014,seeding,
plot:166:801:43,block:166:801,166,801,43,plot,0.125,m2,2014,seeding,
block:166:802,,166,802,,block,,m2,2014,seeding,
plot:166:802:122,block:166:802,166,802,122,plot,0.125,m2,2014,seeding,
plot:166:802:142,block:166:802,166,802,142,plot,0.125,m2,2014,seeding,
block:166:803,,166,803,,block,,m2,2014,seeding,
plot:166:803:22,block:166:803,166,803,22,plot,0.125,m2,2014,seeding,
plot:166:803:42,block:166:803,166,803,42,plot,0.125,m2,2014,seeding,
block:166:804,,166,804,,block,,m2,2014,seeding,
plot:166:804:123,block:166:804,166,804,123,plot,0.125,m2,2014,seeding,
plot:166:804:143,block:166:804,166,804,143,plot,0.125,m2,2014,seeding,
block:166:805,,166,805,,block,,m2,2014,seeding,
plot:166:805:121,block:166:805,166,805,121,plot,0.125,m2,2014,seeding,
plot:166:805:141,block:166:805,166,805,141,plot,0.125,m2,2014,seeding,
block:166:806,,166,806,,block,,m2,2014,seeding,
plot:166:806:23,block:166:806,166,806,23,plot,0.125,m2,2014,seeding,
plot:166:806:43,block:166:806,166,806,43,plot,0.125,m2,2014,seeding,
block:166:808,,166,808,,block,,m2,2014,seeding,
plot:166:808:121,block:166:808,166,808,121,plot,0.125,m2,2014,seeding,
plot:166:808:141,block:166:808,166,808,141,plot,0.125,m2,2014,seeding,
block:166:809,,166,809,,block,,m2,2014,seeding,
plot:166:809:121,block:166:809,166,809,121,plot,0.125,m2,2014,seeding,
plot:166:809:141,block:166:809,166,809,141,plot,0.125,m2,2014,seeding,
block:166:810,,166,810,,block,,m2,2014,seeding,
plot:166:810:123,block:166:810,166,810,123,plot,0.125,m2,2014,seeding,
plot:166:810:143,block:166:810,166,810,143,plot,0.125,m2,2014,seeding,
block:166:811,,166,811,,block,,m2,2014,seeding,
plot:166:811:22,block:166:811,166,811,22,plot,0.125,m2,2014,seeding,
plot:166:811:42,block:166:811,166,811,42,plot,0.125,m2,2014,seeding,
block:166:812,,166,812,,block,,m2,2014,seeding,
plot:166:812:22,block:166:812,166,812,22,plot,0.125,m2,2014,seeding,
plot:166:812:42,block:166:812,166,812,42,plot,0.125,m2,2014,seeding,
block:166:813,,166,813,,block,,m2,2014,seeding,
plot:166:813:123,block:166:813,166,813,123,plot,0.125,m2,2014,seeding,
plot:166:813:143,block:166:813,166,813,143,plot,0.125,m2,2014,seeding,
block:166:814,,166,814,,block,,m2,2014,seeding,
plot:166:814:21,block:166:814,166,814,21,plot,0.125,m2,2014,seeding,
plot:166:814:41,block:166:814,166,814,41,plot,0.125,m2,2014,seeding,
block:166:815,,166,815,,block,,m2,2014,seeding,
plot:166:815:23,block:166:815,166,815,23,plot,0.125,m2,2014,seeding,
plot:166:815:43,block:166:815,166,815,43,plot,0.125,m2,2014,seeding,
block:166:816,,166,816,,block,,m2,2014,seeding,
plot:166:816:22,block:166:816,166,816,22,plot,0.125,m2,2014,seeding,
plot:166:816:42,block:166:816,166,816,42,plot,0.125,m2,2014,seeding,
block:166:817,,166,817,,block,,m2,2014,seeding,
plot:166:817:21,block:166:817,166,817,21,plot,0.125,m2,2014,seeding,
plot:166:817:41,block:166:817,166,817,41,plot,0.125,m2,2014,seeding,
block:166:818,,166,818,,block,,m2,2014,seeding,
plot:166:818:21,block:166:818,166,818,21,plot,0.125,m2,2014,seeding,
plot:166:818:41,block:166:818,166,818,41,plot,0.125,m2,2014,seeding,
