source_row,source_observationid,source_treatmentid,block,replicate,area_key,area_found,explicit_area_treatment_found,timepoint_found,source_species_code,prepare_status
1,GAZP_11,11_26,301,23,plot:166:301:23,TRUE,TRUE,TRUE,L_Pgrass,ready_for_build
2,GAZP_11,11_26,301,43,plot:166:301:43,TRUE,TRUE,TRUE,L_Pgrass,ready_for_build
3,GAZP_11,11_26,302,122,plot:166:302:122,TRUE,TRUE,TRUE,L_Pgrass,ready_for_build
4,GAZP_11,11_26,302,142,plot:166:302:142,TRUE,TRUE,TRUE,L_Pgrass,ready_for_build
5,GAZP_11,11_26,303,122,plot:166:303:122,TRUE,TRUE,TRUE,L_Pgrass,ready_for_build
6,GAZP_11,11_26,303,142,plot:166:303:142,TRUE,TRUE,TRUE,L_Pgrass,ready_for_build
7,GAZP_11,11_26,304,23,plot:166:304:23,TRUE,TRUE,TRUE,L_Pgrass,ready_for_build
8,GAZP_11,11_26,304,43,plot:166:304:43,TRUE,TRUE,TRUE,L_Pgrass,ready_for_build
9,GAZP_11,11_26,305,121,plot:166:305:121,TRUE,TRUE,TRUE,L_Pgrass,ready_for_build
10,GAZP_11,11_26,305,141,plot:166:305:141,TRUE,TRUE,TRUE,L_Pgrass,ready_for_build
11,GAZP_11,11_26,306,23,plot:166:306:23,TRUE,TRUE,TRUE,L_Pgrass,ready_for_build
12,GAZP_11,11_26,306,43,plot:166:306:43,TRUE,TRUE,TRUE,L_Pgrass,ready_for_build
13,GAZP_11,11_26,307,22,plot:166:307:22,TRUE,TRUE,TRUE,L_Pgrass,ready_for_build
14,GAZP_11,11_26,307,42,plot:166:307:42,TRUE,TRUE,TRUE,L_Pgrass,ready_for_build
15,GAZP_11,11_26,308,121,plot:166:308:121,TRUE,TRUE,TRUE,L_Pgrass,ready_for_build
16,GAZP_11,11_26,308,141,plot:166:308:141,TRUE,TRUE,TRUE,L_Pgrass,ready_for_build
17,GAZP_11,11_26,309,21,plot:166:309:21,TRUE,TRUE,TRUE,L_Pgrass,ready_for_build
18,GAZP_11,11_26,309,41,plot:166:309:41,TRUE,TRUE,TRUE,L_Pgrass,ready_for_build
19,GAZP_11,11_26,401,123,plot:166:401:123,TRUE,TRUE,TRUE,L_Pgrass,ready_for_build
20,GAZP_11,11_26,401,143,plot:166:401:143,TRUE,TRUE,TRUE,L_Pgrass,ready_for_build
21,GAZP_11,11_26,402,22,plot:166:402:22,TRUE,TRUE,TRUE,L_Pgrass,ready_for_build
22,GAZP_11,11_26,402,42,plot:166:402:42,TRUE,TRUE,TRUE,L_Pgrass,ready_for_build
23,GAZP_11,11_26,403,122,plot:166:403:122,TRUE,TRUE,TRUE,L_Pgrass,ready_for_build
24,GAZP_11,11_26,403,142,plot:166:403:142,TRUE,TRUE,TRUE,L_Pgrass,ready_for_build
25,GAZP_11,11_26,404,23,plot:166:404:23,TRUE,TRUE,TRUE,L_Pgrass,ready_for_build
26,GAZP_11,11_26,404,43,plot:166:404:43,TRUE,TRUE,TRUE,L_Pgrass,ready_for_build
27,GAZP_11,11_26,405,21,plot:166:405:21,TRUE,TRUE,TRUE,L_Pgrass,ready_for_build
28,GAZP_11,11_26,405,41,plot:166:405:41,TRUE,TRUE,TRUE,L_Pgrass,ready_for_build
29,GAZP_11,11_26,406,123,plot:166:406:123,TRUE,TRUE,TRUE,L_Pgrass,ready_for_build
30,GAZP_11,11_26,406,143,plot:166:406:143,TRUE,TRUE,TRUE,L_Pgrass,ready_for_build
31,GAZP_11,11_26,407,22,plot:166:407:22,TRUE,TRUE,TRUE,L_Pgrass,ready_for_build
32,GAZP_11,11_26,407,42,plot:166:407:42,TRUE,TRUE,TRUE,L_Pgrass,ready_for_build
33,GAZP_11,11_26,408,21,plot:166:408:21,TRUE,TRUE,TRUE,L_Pgrass,ready_for_build
34,GAZP_11,11_26,408,41,plot:166:408:41,TRUE,TRUE,TRUE,L_Pgrass,ready_for_build
35,GAZP_11,11_26,409,21,plot:166:409:21,TRUE,TRUE,TRUE,L_Pgrass,ready_for_build
36,GAZP_11,11_26,409,41,plot:166:409:41,TRUE,TRUE,TRUE,L_Pgrass,ready_for_build
37,GAZP_11,11_27,701,123,plot:166:701:123,TRUE,TRUE,TRUE,L_Pgrass,ready_for_build
38,GAZP_11,11_27,701,143,plot:166:701:143,TRUE,TRUE,TRUE,L_Pgrass,ready_for_build
39,GAZP_11,11_27,702,22,plot:166:702:22,TRUE,TRUE,TRUE,L_Pgrass,ready_for_build
40,GAZP_11,11_27,702,42,plot:166:702:42,TRUE,TRUE,TRUE,L_Pgrass,ready_for_build
41,GAZP_11,11_27,703,22,plot:166:703:22,TRUE,TRUE,TRUE,L_Pgrass,ready_for_build
42,GAZP_11,11_27,703,42,plot:166:703:42,TRUE,TRUE,TRUE,L_Pgrass,ready_for_build
43,GAZP_11,11_27,704,123,plot:166:704:123,TRUE,TRUE,TRUE,L_Pgrass,ready_for_build
44,GAZP_11,11_27,704,143,plot:166:704:143,TRUE,TRUE,TRUE,L_Pgrass,ready_for_build
45,GAZP_11,11_27,705,21,plot:166:705:21,TRUE,TRUE,TRUE,L_Pgrass,ready_for_build
46,GAZP_11,11_27,705,41,plot:166:705:41,TRUE,TRUE,TRUE,L_Pgrass,ready_for_build
47,GAZP_11,11_27,706,123,plot:166:706:123,TRUE,TRUE,TRUE,L_Pgrass,ready_for_build
48,GAZP_11,11_27,706,143,plot:166:706:143,TRUE,TRUE,TRUE,L_Pgrass,ready_for_build
49,GAZP_11,11_27,707,122,plot:166:707:122,TRUE,TRUE,TRUE,L_Pgrass,ready_for_build
50,GAZP_11,11_27,707,142,plot:166:707:142,TRUE,TRUE,TRUE,L_Pgrass,ready_for_build
51,GAZP_11,11_27,708,21,plot:166:708:21,TRUE,TRUE,TRUE,L_Pgrass,ready_for_build
52,GAZP_11,11_27,708,41,plot:166:708:41,TRUE,TRUE,TRUE,L_Pgrass,ready_for_build
53,GAZP_11,11_27,709,121,plot:166:709:121,TRUE,TRUE,TRUE,L_Pgrass,ready_for_build
54,GAZP_11,11_27,709,141,plot:166:709:141,TRUE,TRUE,TRUE,L_Pgrass,ready_for_build
55,GAZP_11,11_27,801,23,plot:166:801:23,TRUE,TRUE,TRUE,L_Pgrass,ready_for_build
56,GAZP_11,11_27,801,43,plot:166:801:43,TRUE,TRUE,TRUE,L_Pgrass,ready_for_build
57,GAZP_11,11_27,802,122,plot:166:802:122,TRUE,TRUE,TRUE,L_Pgrass,ready_for_build
58,GAZP_11,11_27,802,142,plot:166:802:142,TRUE,TRUE,TRUE,L_Pgrass,ready_for_build
59,GAZP_11,11_27,803,22,plot:166:803:22,TRUE,TRUE,TRUE,L_Pgrass,ready_for_build
60,GAZP_11,11_27,803,42,plot:166:803:42,TRUE,TRUE,TRUE,L_Pgrass,ready_for_build
61,GAZP_11,11_27,804,123,plot:166:804:123,TRUE,TRUE,TRUE,L_Pgrass,ready_for_build
62,GAZP_11,11_27,804,143,plot:166:804:143,TRUE,TRUE,TRUE,L_Pgrass,ready_for_build
63,GAZP_11,11_27,805,121,plot:166:805:121,TRUE,TRUE,TRUE,L_Pgrass,ready_for_build
64,GAZP_11,11_27,805,141,plot:166:805:141,TRUE,TRUE,TRUE,L_Pgrass,ready_for_build
65,GAZP_11,11_27,806,23,plot:166:806:23,TRUE,TRUE,TRUE,L_Pgrass,ready_for_build
66,GAZP_11,11_27,806,43,plot:166:806:43,TRUE,TRUE,TRUE,L_Pgrass,ready_for_build
67,GAZP_11,11_27,808,121,plot:166:808:121,TRUE,TRUE,TRUE,L_Pgrass,ready_for_build
68,GAZP_11,11_27,808,141,plot:166:808:141,TRUE,TRUE,TRUE,L_Pgrass,ready_for_build
69,GAZP_11,11_27,809,121,plot:166:809:121,TRUE,TRUE,TRUE,L_Pgrass,ready_for_build
70,GAZP_11,11_27,809,141,plot:166:809:141,TRUE,TRUE,TRUE,L_Pgrass,ready_for_build
71,GAZP_11,11_28,310,23,plot:166:310:23,TRUE,TRUE,TRUE,L_Pgrass,ready_for_build
72,GAZP_11,11_28,310,43,plot:166:310:43,TRUE,TRUE,TRUE,L_Pgrass,ready_for_build
73,GAZP_11,11_28,311,22,plot:166:311:22,TRUE,TRUE,TRUE,L_Pgrass,ready_for_build
74,GAZP_11,11_28,311,42,plot:166:311:42,TRUE,TRUE,TRUE,L_Pgrass,ready_for_build
75,GAZP_11,11_28,312,22,plot:166:312:22,TRUE,TRUE,TRUE,L_Pgrass,ready_for_build
76,GAZP_11,11_28,312,42,plot:166:312:42,TRUE,TRUE,TRUE,L_Pgrass,ready_for_build
77,GAZP_11,11_28,313,23,plot:166:313:23,TRUE,TRUE,TRUE,L_Pgrass,ready_for_build
78,GAZP_11,11_28,313,43,plot:166:313:43,TRUE,TRUE,TRUE,L_Pgrass,ready_for_build
79,GAZP_11,11_28,314,121,plot:166:314:121,TRUE,TRUE,TRUE,L_Pgrass,ready_for_build
80,GAZP_11,11_28,314,141,plot:166:314:141,TRUE,TRUE,TRUE,L_Pgrass,ready_for_build
81,GAZP_11,11_28,315,23,plot:166:315:23,TRUE,TRUE,TRUE,L_Pgrass,ready_for_build
82,GAZP_11,11_28,315,43,plot:166:315:43,TRUE,TRUE,TRUE,L_Pgrass,ready_for_build
83,GAZP_11,11_28,316,22,plot:166:316:22,TRUE,TRUE,TRUE,L_Pgrass,ready_for_build
84,GAZP_11,11_28,316,42,plot:166:316:42,TRUE,TRUE,TRUE,L_Pgrass,ready_for_build
85,GAZP_11,11_28,317,121,plot:166:317:121,TRUE,TRUE,TRUE,L_Pgrass,ready_for_build
86,GAZP_11,11_28,317,141,plot:166:317:141,TRUE,TRUE,TRUE,L_Pgrass,ready_for_build
87,GAZP_11,11_28,318,21,plot:166:318:21,TRUE,TRUE,TRUE,L_Pgrass,ready_for_build
88,GAZP_11,11_28,318,41,plot:166:318:41,TRUE,TRUE,TRUE,L_Pgrass,ready_for_build
89,GAZP_11,11_28,410,23,plot:166:410:23,TRUE,TRUE,TRUE,L_Pgrass,ready_for_build
90,GAZP_11,11_28,410,43,plot:166:410:43,TRUE,TRUE,TRUE,L_Pgrass,ready_for_build
91,GAZP_11,11_28,411,122,plot:166:411:122,TRUE,TRUE,TRUE,L_Pgrass,ready_for_build
92,GAZP_11,11_28,411,142,plot:166:411:142,TRUE,TRUE,TRUE,L_Pgrass,ready_for_build
93,GAZP_11,11_28,412,122,plot:166:412:122,TRUE,TRUE,TRUE,L_Pgrass,ready_for_build
94,GAZP_11,11_28,412,142,plot:166:412:142,TRUE,TRUE,TRUE,L_Pgrass,ready_for_build
95,GAZP_11,11_28,413,23,plot:166:413:23,TRUE,TRUE,TRUE,L_Pgrass,ready_for_build
96,GAZP_11,11_28,413,43,plot:166:413:43,TRUE,TRUE,TRUE,L_Pgrass,ready_for_build
97,GAZP_11,11_28,414,121,plot:166:414:121,TRUE,TRUE,TRUE,L_Pgrass,ready_for_build
98,GAZP_11,11_28,414,141,plot:166:414:141,TRUE,TRUE,TRUE,L_Pgrass,ready_for_build
99,GAZP_11,11_28,415,123,plot:166:415:123,TRUE,TRUE,TRUE,L_Pgrass,ready_for_build
100,GAZP_11,11_28,415,143,plot:166:415:143,TRUE,TRUE,TRUE,L_Pgrass,ready_for_build
101,GAZP_11,11_28,416,122,plot:166:416:122,TRUE,TRUE,TRUE,L_Pgrass,ready_for_build
102,GAZP_11,11_28,416,142,plot:166:416:142,TRUE,TRUE,TRUE,L_Pgrass,ready_for_build
103,GAZP_11,11_28,417,121,plot:166:417:121,TRUE,TRUE,TRUE,L_Pgrass,ready_for_build
104,GAZP_11,11_28,417,141,plot:166:417:141,TRUE,TRUE,TRUE,L_Pgrass,ready_for_build
105,GAZP_11,11_28,418,121,plot:166:418:121,TRUE,TRUE,TRUE,L_Pgrass,ready_for_build
106,GAZP_11,11_28,418,141,plot:166:418:141,TRUE,TRUE,TRUE,L_Pgrass,ready_for_build
107,GAZP_11,11_29,710,123,plot:166:710:123,TRUE,TRUE,TRUE,L_Pgrass,ready_for_build
108,GAZP_11,11_29,710,143,plot:166:710:143,TRUE,TRUE,TRUE,L_Pgrass,ready_for_build
109,GAZP_11,11_29,711,122,plot:166:711:122,TRUE,TRUE,TRUE,L_Pgrass,ready_for_build
110,GAZP_11,11_29,711,142,plot:166:711:142,TRUE,TRUE,TRUE,L_Pgrass,ready_for_build
111,GAZP_11,11_29,712,122,plot:166:712:122,TRUE,TRUE,TRUE,L_Pgrass,ready_for_build
112,GAZP_11,11_29,712,142,plot:166:712:142,TRUE,TRUE,TRUE,L_Pgrass,ready_for_build
113,GAZP_11,11_29,713,123,plot:166:713:123,TRUE,TRUE,TRUE,L_Pgrass,ready_for_build
114,GAZP_11,11_29,713,143,plot:166:713:143,TRUE,TRUE,TRUE,L_Pgrass,ready_for_build
115,GAZP_11,11_29,714,21,plot:166:714:21,TRUE,TRUE,TRUE,L_Pgrass,ready_for_build
116,GAZP_11,11_29,714,41,plot:166:714:41,TRUE,TRUE,TRUE,L_Pgrass,ready_for_build
117,GAZP_11,11_29,715,123,plot:166:715:123,TRUE,TRUE,TRUE,L_Pgrass,ready_for_build
118,GAZP_11,11_29,715,143,plot:166:715:143,TRUE,TRUE,TRUE,L_Pgrass,ready_for_build
119,GAZP_11,11_29,716,122,plot:166:716:122,TRUE,TRUE,TRUE,L_Pgrass,ready_for_build
120,GAZP_11,11_29,716,142,plot:166:716:142,TRUE,TRUE,TRUE,L_Pgrass,ready_for_build
121,GAZP_11,11_29,717,21,plot:166:717:21,TRUE,TRUE,TRUE,L_Pgrass,ready_for_build
122,GAZP_11,11_29,717,41,plot:166:717:41,TRUE,TRUE,TRUE,L_Pgrass,ready_for_build
123,GAZP_11,11_29,718,121,plot:166:718:121,TRUE,TRUE,TRUE,L_Pgrass,ready_for_build
124,GAZP_11,11_29,718,141,plot:166:718:141,TRUE,TRUE,TRUE,L_Pgrass,ready_for_build
125,GAZP_11,11_29,810,123,plot:166:810:123,TRUE,TRUE,TRUE,L_Pgrass,ready_for_build
126,GAZP_11,11_29,810,143,plot:166:810:143,TRUE,TRUE,TRUE,L_Pgrass,ready_for_build
127,GAZP_11,11_29,811,22,plot:166:811:22,TRUE,TRUE,TRUE,L_Pgrass,ready_for_build
128,GAZP_11,11_29,811,42,plot:166:811:42,TRUE,TRUE,TRUE,L_Pgrass,ready_for_build
129,GAZP_11,11_29,812,22,plot:166:812:22,TRUE,TRUE,TRUE,L_Pgrass,ready_for_build
130,GAZP_11,11_29,812,42,plot:166:812:42,TRUE,TRUE,TRUE,L_Pgrass,ready_for_build
131,GAZP_11,11_29,813,123,plot:166:813:123,TRUE,TRUE,TRUE,L_Pgrass,ready_for_build
132,GAZP_11,11_29,813,143,plot:166:813:143,TRUE,TRUE,TRUE,L_Pgrass,ready_for_build
133,GAZP_11,11_29,814,21,plot:166:814:21,TRUE,TRUE,TRUE,L_Pgrass,ready_for_build
134,GAZP_11,11_29,814,41,plot:166:814:41,TRUE,TRUE,TRUE,L_Pgrass,ready_for_build
135,GAZP_11,11_29,815,23,plot:166:815:23,TRUE,TRUE,TRUE,L_Pgrass,ready_for_build
136,GAZP_11,11_29,815,43,plot:166:815:43,TRUE,TRUE,TRUE,L_Pgrass,ready_for_build
137,GAZP_11,11_29,816,22,plot:166:816:22,TRUE,TRUE,TRUE,L_Pgrass,ready_for_build
138,GAZP_11,11_29,816,42,plot:166:816:42,TRUE,TRUE,TRUE,L_Pgrass,ready_for_build
139,GAZP_11,11_29,817,21,plot:166:817:21,TRUE,TRUE,TRUE,L_Pgrass,ready_for_build
140,GAZP_11,11_29,817,41,plot:166:817:41,TRUE,TRUE,TRUE,L_Pgrass,ready_for_build
141,GAZP_11,11_29,818,21,plot:166:818:21,TRUE,TRUE,TRUE,L_Pgrass,ready_for_build
142,GAZP_11,11_29,818,41,plot:166:818:41,TRUE,TRUE,TRUE,L_Pgrass,ready_for_build
143,GAZP_11,11_30,1101,53,plot:166:1101:53,TRUE,TRUE,TRUE,Ely_ely,ready_for_build
144,GAZP_11,11_30,1102,32,plot:166:1102:32,TRUE,TRUE,TRUE,Ely_ely,ready_for_build
145,GAZP_11,11_30,1103,42,plot:166:1103:42,TRUE,TRUE,TRUE,Ely_ely,ready_for_build
146,GAZP_11,11_30,1104,153,plot:166:1104:153,TRUE,TRUE,TRUE,Ely_ely,ready_for_build
147,GAZP_11,11_30,1105,21,plot:166:1105:21,TRUE,TRUE,TRUE,Ely_ely,ready_for_build
148,GAZP_11,11_30,1106,153,plot:166:1106:153,TRUE,TRUE,TRUE,Ely_ely,ready_for_build
149,GAZP_11,11_30,1107,52,plot:166:1107:52,TRUE,TRUE,TRUE,Ely_ely,ready_for_build
150,GAZP_11,11_30,1108,31,plot:166:1108:31,TRUE,TRUE,TRUE,Ely_ely,ready_for_build
151,GAZP_11,11_30,1109,31,plot:166:1109:31,TRUE,TRUE,TRUE,Ely_ely,ready_for_build
152,GAZP_11,11_30,1201,53,plot:166:1201:53,TRUE,TRUE,TRUE,Ely_ely,ready_for_build
153,GAZP_11,11_30,1202,32,plot:166:1202:32,TRUE,TRUE,TRUE,Ely_ely,ready_for_build
154,GAZP_11,11_30,1203,12,plot:166:1203:12,TRUE,TRUE,TRUE,Ely_ely,ready_for_build
155,GAZP_11,11_30,1204,13,plot:166:1204:13,TRUE,TRUE,TRUE,Ely_ely,ready_for_build
156,GAZP_11,11_30,1205,111,plot:166:1205:111,TRUE,TRUE,TRUE,Ely_ely,ready_for_build
157,GAZP_11,11_30,1206,43,plot:166:1206:43,TRUE,TRUE,TRUE,Ely_ely,ready_for_build
158,GAZP_11,11_30,1207,52,plot:166:1207:52,TRUE,TRUE,TRUE,Ely_ely,ready_for_build
159,GAZP_11,11_30,1208,11,plot:166:1208:11,TRUE,TRUE,TRUE,Ely_ely,ready_for_build
160,GAZP_11,11_30,1209,31,plot:166:1209:31,TRUE,TRUE,TRUE,Ely_ely,ready_for_build
161,GAZP_11,11_31,1501,123,plot:166:1501:123,TRUE,TRUE,TRUE,Ely_ely,ready_for_build
162,GAZP_11,11_31,1502,152,plot:166:1502:152,TRUE,TRUE,TRUE,Ely_ely,ready_for_build
163,GAZP_11,11_31,1503,112,plot:166:1503:112,TRUE,TRUE,TRUE,Ely_ely,ready_for_build
164,GAZP_11,11_31,1504,43,plot:166:1504:43,TRUE,TRUE,TRUE,Ely_ely,ready_for_build
165,GAZP_11,11_31,1505,121,plot:166:1505:121,TRUE,TRUE,TRUE,Ely_ely,ready_for_build
166,GAZP_11,11_31,1506,43,plot:166:1506:43,TRUE,TRUE,TRUE,Ely_ely,ready_for_build
167,GAZP_11,11_31,1507,142,plot:166:1507:142,TRUE,TRUE,TRUE,Ely_ely,ready_for_build
168,GAZP_11,11_31,1508,131,plot:166:1508:131,TRUE,TRUE,TRUE,Ely_ely,ready_for_build
169,GAZP_11,11_31,1509,121,plot:166:1509:121,TRUE,TRUE,TRUE,Ely_ely,ready_for_build
170,GAZP_11,11_31,1601,153,plot:166:1601:153,TRUE,TRUE,TRUE,Ely_ely,ready_for_build
171,GAZP_11,11_31,1602,122,plot:166:1602:122,TRUE,TRUE,TRUE,Ely_ely,ready_for_build
172,GAZP_11,11_31,1603,142,plot:166:1603:142,TRUE,TRUE,TRUE,Ely_ely,ready_for_build
173,GAZP_11,11_31,1604,113,plot:166:1604:113,TRUE,TRUE,TRUE,Ely_ely,ready_for_build
174,GAZP_11,11_31,1605,11,plot:166:1605:11,TRUE,TRUE,TRUE,Ely_ely,ready_for_build
175,GAZP_11,11_31,1606,133,plot:166:1606:133,TRUE,TRUE,TRUE,Ely_ely,ready_for_build
176,GAZP_11,11_31,1607,132,plot:166:1607:132,TRUE,TRUE,TRUE,Ely_ely,ready_for_build
177,GAZP_11,11_31,1608,141,plot:166:1608:141,TRUE,TRUE,TRUE,Ely_ely,ready_for_build
178,GAZP_11,11_31,1609,151,plot:166:1609:151,TRUE,TRUE,TRUE,Ely_ely,ready_for_build
179,GAZP_11,11_32,1110,13,plot:166:1110:13,TRUE,TRUE,TRUE,Ely_ely,ready_for_build
180,GAZP_11,11_32,1111,12,plot:166:1111:12,TRUE,TRUE,TRUE,Ely_ely,ready_for_build
181,GAZP_11,11_32,1112,22,plot:166:1112:22,TRUE,TRUE,TRUE,Ely_ely,ready_for_build
182,GAZP_11,11_32,1113,43,plot:166:1113:43,TRUE,TRUE,TRUE,Ely_ely,ready_for_build
183,GAZP_11,11_32,1114,21,plot:166:1114:21,TRUE,TRUE,TRUE,Ely_ely,ready_for_build
184,GAZP_11,11_32,1115,53,plot:166:1115:53,TRUE,TRUE,TRUE,Ely_ely,ready_for_build
185,GAZP_11,11_32,1116,42,plot:166:1116:42,TRUE,TRUE,TRUE,Ely_ely,ready_for_build
186,GAZP_11,11_32,1117,121,plot:166:1117:121,TRUE,TRUE,TRUE,Ely_ely,ready_for_build
187,GAZP_11,11_32,1118,121,plot:166:1118:121,TRUE,TRUE,TRUE,Ely_ely,ready_for_build
188,GAZP_11,11_32,1210,143,plot:166:1210:143,TRUE,TRUE,TRUE,Ely_ely,ready_for_build
189,GAZP_11,11_32,1211,132,plot:166:1211:132,TRUE,TRUE,TRUE,Ely_ely,ready_for_build
190,GAZP_11,11_32,1212,152,plot:166:1212:152,TRUE,TRUE,TRUE,Ely_ely,ready_for_build
191,GAZP_11,11_32,1213,153,plot:166:1213:153,TRUE,TRUE,TRUE,Ely_ely,ready_for_build
192,GAZP_11,11_32,1214,21,plot:166:1214:21,TRUE,TRUE,TRUE,Ely_ely,ready_for_build
193,GAZP_11,11_32,1215,13,plot:166:1215:13,TRUE,TRUE,TRUE,Ely_ely,ready_for_build
194,GAZP_11,11_32,1216,12,plot:166:1216:12,TRUE,TRUE,TRUE,Ely_ely,ready_for_build
195,GAZP_11,11_32,1217,111,plot:166:1217:111,TRUE,TRUE,TRUE,Ely_ely,ready_for_build
196,GAZP_11,11_32,1218,21,plot:166:1218:21,TRUE,TRUE,TRUE,Ely_ely,ready_for_build
197,GAZP_11,11_33,1510,153,plot:166:1510:153,TRUE,TRUE,TRUE,Ely_ely,ready_for_build
198,GAZP_11,11_33,1511,132,plot:166:1511:132,TRUE,TRUE,TRUE,Ely_ely,ready_for_build
199,GAZP_11,11_33,1512,142,plot:166:1512:142,TRUE,TRUE,TRUE,Ely_ely,ready_for_build
200,GAZP_11,11_33,1513,143,plot:166:1513:143,TRUE,TRUE,TRUE,Ely_ely,ready_for_build
201,GAZP_11,11_33,1514,141,plot:166:1514:141,TRUE,TRUE,TRUE,Ely_ely,ready_for_build
202,GAZP_11,11_33,1515,153,plot:166:1515:153,TRUE,TRUE,TRUE,Ely_ely,ready_for_build
203,GAZP_11,11_33,1516,152,plot:166:1516:152,TRUE,TRUE,TRUE,Ely_ely,ready_for_build
204,GAZP_11,11_33,1517,11,plot:166:1517:11,TRUE,TRUE,TRUE,Ely_ely,ready_for_build
205,GAZP_11,11_33,1518,51,plot:166:1518:51,TRUE,TRUE,TRUE,Ely_ely,ready_for_build
206,GAZP_11,11_33,1610,53,plot:166:1610:53,TRUE,TRUE,TRUE,Ely_ely,ready_for_build
207,GAZP_11,11_33,1611,42,plot:166:1611:42,TRUE,TRUE,TRUE,Ely_ely,ready_for_build
208,GAZP_11,11_33,1612,42,plot:166:1612:42,TRUE,TRUE,TRUE,Ely_ely,ready_for_build
209,GAZP_11,11_33,1613,23,plot:166:1613:23,TRUE,TRUE,TRUE,Ely_ely,ready_for_build
210,GAZP_11,11_33,1614,151,plot:166:1614:151,TRUE,TRUE,TRUE,Ely_ely,ready_for_build
211,GAZP_11,11_33,1615,143,plot:166:1615:143,TRUE,TRUE,TRUE,Ely_ely,ready_for_build
212,GAZP_11,11_33,1616,142,plot:166:1616:142,TRUE,TRUE,TRUE,Ely_ely,ready_for_build
213,GAZP_11,11_33,1617,51,plot:166:1617:51,TRUE,TRUE,TRUE,Ely_ely,ready_for_build
214,GAZP_11,11_33,1618,141,plot:166:1618:141,TRUE,TRUE,TRUE,Ely_ely,ready_for_build
215,GAZP_11,11_34,1101,23,plot:166:1101:23,TRUE,TRUE,TRUE,Ely_tra,ready_for_build
216,GAZP_11,11_34,1102,42,plot:166:1102:42,TRUE,TRUE,TRUE,Ely_tra,ready_for_build
217,GAZP_11,11_34,1103,22,plot:166:1103:22,TRUE,TRUE,TRUE,Ely_tra,ready_for_build
218,GAZP_11,11_34,1104,133,plot:166:1104:133,TRUE,TRUE,TRUE,Ely_tra,ready_for_build
219,GAZP_11,11_34,1105,11,plot:166:1105:11,TRUE,TRUE,TRUE,Ely_tra,ready_for_build
220,GAZP_11,11_34,1106,113,plot:166:1106:113,TRUE,TRUE,TRUE,Ely_tra,ready_for_build
221,GAZP_11,11_34,1107,32,plot:166:1107:32,TRUE,TRUE,TRUE,Ely_tra,ready_for_build
222,GAZP_11,11_34,1108,51,plot:166:1108:51,TRUE,TRUE,TRUE,Ely_tra,ready_for_build
223,GAZP_11,11_34,1109,21,plot:166:1109:21,TRUE,TRUE,TRUE,Ely_tra,ready_for_build
224,GAZP_11,11_34,1201,23,plot:166:1201:23,TRUE,TRUE,TRUE,Ely_tra,ready_for_build
225,GAZP_11,11_34,1202,22,plot:166:1202:22,TRUE,TRUE,TRUE,Ely_tra,ready_for_build
226,GAZP_11,11_34,1203,22,plot:166:1203:22,TRUE,TRUE,TRUE,Ely_tra,ready_for_build
227,GAZP_11,11_34,1204,43,plot:166:1204:43,TRUE,TRUE,TRUE,Ely_tra,ready_for_build
228,GAZP_11,11_34,1205,151,plot:166:1205:151,TRUE,TRUE,TRUE,Ely_tra,ready_for_build
229,GAZP_11,11_34,1206,33,plot:166:1206:33,TRUE,TRUE,TRUE,Ely_tra,ready_for_build
230,GAZP_11,11_34,1207,32,plot:166:1207:32,TRUE,TRUE,TRUE,Ely_tra,ready_for_build
231,GAZP_11,11_34,1208,51,plot:166:1208:51,TRUE,TRUE,TRUE,Ely_tra,ready_for_build
232,GAZP_11,11_34,1209,11,plot:166:1209:11,TRUE,TRUE,TRUE,Ely_tra,ready_for_build
233,GAZP_11,11_35,1501,153,plot:166:1501:153,TRUE,TRUE,TRUE,Ely_tra,ready_for_build
234,GAZP_11,11_35,1502,122,plot:166:1502:122,TRUE,TRUE,TRUE,Ely_tra,ready_for_build
235,GAZP_11,11_35,1503,142,plot:166:1503:142,TRUE,TRUE,TRUE,Ely_tra,ready_for_build
236,GAZP_11,11_35,1504,13,plot:166:1504:13,TRUE,TRUE,TRUE,Ely_tra,ready_for_build
237,GAZP_11,11_35,1505,151,plot:166:1505:151,TRUE,TRUE,TRUE,Ely_tra,ready_for_build
238,GAZP_11,11_35,1506,13,plot:166:1506:13,TRUE,TRUE,TRUE,Ely_tra,ready_for_build
239,GAZP_11,11_35,1507,132,plot:166:1507:132,TRUE,TRUE,TRUE,Ely_tra,ready_for_build
240,GAZP_11,11_35,1508,111,plot:166:1508:111,TRUE,TRUE,TRUE,Ely_tra,ready_for_build
241,GAZP_11,11_35,1509,131,plot:166:1509:131,TRUE,TRUE,TRUE,Ely_tra,ready_for_build
242,GAZP_11,11_35,1601,113,plot:166:1601:113,TRUE,TRUE,TRUE,Ely_tra,ready_for_build
243,GAZP_11,11_35,1602,152,plot:166:1602:152,TRUE,TRUE,TRUE,Ely_tra,ready_for_build
244,GAZP_11,11_35,1603,122,plot:166:1603:122,TRUE,TRUE,TRUE,Ely_tra,ready_for_build
245,GAZP_11,11_35,1604,133,plot:166:1604:133,TRUE,TRUE,TRUE,Ely_tra,ready_for_build
246,GAZP_11,11_35,1605,41,plot:166:1605:41,TRUE,TRUE,TRUE,Ely_tra,ready_for_build
247,GAZP_11,11_35,1606,113,plot:166:1606:113,TRUE,TRUE,TRUE,Ely_tra,ready_for_build
248,GAZP_11,11_35,1607,142,plot:166:1607:142,TRUE,TRUE,TRUE,Ely_tra,ready_for_build
249,GAZP_11,11_35,1608,111,plot:166:1608:111,TRUE,TRUE,TRUE,Ely_tra,ready_for_build
250,GAZP_11,11_35,1609,131,plot:166:1609:131,TRUE,TRUE,TRUE,Ely_tra,ready_for_build
251,GAZP_11,11_36,1110,53,plot:166:1110:53,TRUE,TRUE,TRUE,Ely_tra,ready_for_build
252,GAZP_11,11_36,1111,22,plot:166:1111:22,TRUE,TRUE,TRUE,Ely_tra,ready_for_build
253,GAZP_11,11_36,1112,52,plot:166:1112:52,TRUE,TRUE,TRUE,Ely_tra,ready_for_build
254,GAZP_11,11_36,1113,23,plot:166:1113:23,TRUE,TRUE,TRUE,Ely_tra,ready_for_build
255,GAZP_11,11_36,1114,41,plot:166:1114:41,TRUE,TRUE,TRUE,Ely_tra,ready_for_build
256,GAZP_11,11_36,1115,43,plot:166:1115:43,TRUE,TRUE,TRUE,Ely_tra,ready_for_build
257,GAZP_11,11_36,1116,32,plot:166:1116:32,TRUE,TRUE,TRUE,Ely_tra,ready_for_build
258,GAZP_11,11_36,1117,151,plot:166:1117:151,TRUE,TRUE,TRUE,Ely_tra,ready_for_build
259,GAZP_11,11_36,1118,151,plot:166:1118:151,TRUE,TRUE,TRUE,Ely_tra,ready_for_build
260,GAZP_11,11_36,1210,153,plot:166:1210:153,TRUE,TRUE,TRUE,Ely_tra,ready_for_build
261,GAZP_11,11_36,1211,112,plot:166:1211:112,TRUE,TRUE,TRUE,Ely_tra,ready_for_build
262,GAZP_11,11_36,1212,122,plot:166:1212:122,TRUE,TRUE,TRUE,Ely_tra,ready_for_build
263,GAZP_11,11_36,1213,133,plot:166:1213:133,TRUE,TRUE,TRUE,Ely_tra,ready_for_build
264,GAZP_11,11_36,1214,41,plot:166:1214:41,TRUE,TRUE,TRUE,Ely_tra,ready_for_build
265,GAZP_11,11_36,1215,23,plot:166:1215:23,TRUE,TRUE,TRUE,Ely_tra,ready_for_build
266,GAZP_11,11_36,1216,42,plot:166:1216:42,TRUE,TRUE,TRUE,Ely_tra,ready_for_build
267,GAZP_11,11_36,1217,151,plot:166:1217:151,TRUE,TRUE,TRUE,Ely_tra,ready_for_build
268,GAZP_11,11_36,1218,31,plot:166:1218:31,TRUE,TRUE,TRUE,Ely_tra,ready_for_build
269,GAZP_11,11_37,1510,113,plot:166:1510:113,TRUE,TRUE,TRUE,Ely_tra,ready_for_build
270,GAZP_11,11_37,1511,142,plot:166:1511:142,TRUE,TRUE,TRUE,Ely_tra,ready_for_build
271,GAZP_11,11_37,1512,132,plot:166:1512:132,TRUE,TRUE,TRUE,Ely_tra,ready_for_build
272,GAZP_11,11_37,1513,113,plot:166:1513:113,TRUE,TRUE,TRUE,Ely_tra,ready_for_build
273,GAZP_11,11_37,1514,131,plot:166:1514:131,TRUE,TRUE,TRUE,Ely_tra,ready_for_build
274,GAZP_11,11_37,1515,133,plot:166:1515:133,TRUE,TRUE,TRUE,Ely_tra,ready_for_build
275,GAZP_11,11_37,1516,112,plot:166:1516:112,TRUE,TRUE,TRUE,Ely_tra,ready_for_build
276,GAZP_11,11_37,1517,31,plot:166:1517:31,TRUE,TRUE,TRUE,Ely_tra,ready_for_build
277,GAZP_11,11_37,1518,41,plot:166:1518:41,TRUE,TRUE,TRUE,Ely_tra,ready_for_build
278,GAZP_11,11_37,1610,23,plot:166:1610:23,TRUE,TRUE,TRUE,Ely_tra,ready_for_build
279,GAZP_11,11_37,1611,22,plot:166:1611:22,TRUE,TRUE,TRUE,Ely_tra,ready_for_build
280,GAZP_11,11_37,1612,52,plot:166:1612:52,TRUE,TRUE,TRUE,Ely_tra,ready_for_build
281,GAZP_11,11_37,1613,43,plot:166:1613:43,TRUE,TRUE,TRUE,Ely_tra,ready_for_build
282,GAZP_11,11_37,1614,141,plot:166:1614:141,TRUE,TRUE,TRUE,Ely_tra,ready_for_build
283,GAZP_11,11_37,1615,123,plot:166:1615:123,TRUE,TRUE,TRUE,Ely_tra,ready_for_build
284,GAZP_11,11_37,1616,122,plot:166:1616:122,TRUE,TRUE,TRUE,Ely_tra,ready_for_build
285,GAZP_11,11_37,1617,21,plot:166:1617:21,TRUE,TRUE,TRUE,Ely_tra,ready_for_build
286,GAZP_11,11_37,1618,151,plot:166:1618:151,TRUE,TRUE,TRUE,Ely_tra,ready_for_build
287,GAZP_11,11_38,1101,13,plot:166:1101:13,TRUE,TRUE,TRUE,Poa_fen,ready_for_build
288,GAZP_11,11_38,1102,12,plot:166:1102:12,TRUE,TRUE,TRUE,Poa_fen,ready_for_build
289,GAZP_11,11_38,1103,32,plot:166:1103:32,TRUE,TRUE,TRUE,Poa_fen,ready_for_build
290,GAZP_11,11_38,1104,143,plot:166:1104:143,TRUE,TRUE,TRUE,Poa_fen,ready_for_build
291,GAZP_11,11_38,1105,51,plot:166:1105:51,TRUE,TRUE,TRUE,Poa_fen,ready_for_build
292,GAZP_11,11_38,1106,143,plot:166:1106:143,TRUE,TRUE,TRUE,Poa_fen,ready_for_build
293,GAZP_11,11_38,1107,42,plot:166:1107:42,TRUE,TRUE,TRUE,Poa_fen,ready_for_build
294,GAZP_11,11_38,1108,41,plot:166:1108:41,TRUE,TRUE,TRUE,Poa_fen,ready_for_build
295,GAZP_11,11_38,1109,41,plot:166:1109:41,TRUE,TRUE,TRUE,Poa_fen,ready_for_build
296,GAZP_11,11_38,1201,43,plot:166:1201:43,TRUE,TRUE,TRUE,Poa_fen,ready_for_build
297,GAZP_11,11_38,1202,42,plot:166:1202:42,TRUE,TRUE,TRUE,Poa_fen,ready_for_build
298,GAZP_11,11_38,1203,42,plot:166:1203:42,TRUE,TRUE,TRUE,Poa_fen,ready_for_build
299,GAZP_11,11_38,1204,33,plot:166:1204:33,TRUE,TRUE,TRUE,Poa_fen,ready_for_build
300,GAZP_11,11_38,1205,121,plot:166:1205:121,TRUE,TRUE,TRUE,Poa_fen,ready_for_build
301,GAZP_11,11_38,1206,13,plot:166:1206:13,TRUE,TRUE,TRUE,Poa_fen,ready_for_build
302,GAZP_11,11_38,1207,22,plot:166:1207:22,TRUE,TRUE,TRUE,Poa_fen,ready_for_build
303,GAZP_11,11_38,1208,41,plot:166:1208:41,TRUE,TRUE,TRUE,Poa_fen,ready_for_build
304,GAZP_11,11_38,1209,21,plot:166:1209:21,TRUE,TRUE,TRUE,Poa_fen,ready_for_build
305,GAZP_11,11_39,1501,133,plot:166:1501:133,TRUE,TRUE,TRUE,Poa_fen,ready_for_build
306,GAZP_11,11_39,1502,132,plot:166:1502:132,TRUE,TRUE,TRUE,Poa_fen,ready_for_build
307,GAZP_11,11_39,1503,132,plot:166:1503:132,TRUE,TRUE,TRUE,Poa_fen,ready_for_build
308,GAZP_11,11_39,1504,33,plot:166:1504:33,TRUE,TRUE,TRUE,Poa_fen,ready_for_build
309,GAZP_11,11_39,1505,111,plot:166:1505:111,TRUE,TRUE,TRUE,Poa_fen,ready_for_build
310,GAZP_11,11_39,1506,23,plot:166:1506:23,TRUE,TRUE,TRUE,Poa_fen,ready_for_build
311,GAZP_11,11_39,1507,152,plot:166:1507:152,TRUE,TRUE,TRUE,Poa_fen,ready_for_build
312,GAZP_11,11_39,1508,141,plot:166:1508:141,TRUE,TRUE,TRUE,Poa_fen,ready_for_build
313,GAZP_11,11_39,1509,111,plot:166:1509:111,TRUE,TRUE,TRUE,Poa_fen,ready_for_build
314,GAZP_11,11_39,1601,133,plot:166:1601:133,TRUE,TRUE,TRUE,Poa_fen,ready_for_build
315,GAZP_11,11_39,1602,132,plot:166:1602:132,TRUE,TRUE,TRUE,Poa_fen,ready_for_build
316,GAZP_11,11_39,1603,112,plot:166:1603:112,TRUE,TRUE,TRUE,Poa_fen,ready_for_build
317,GAZP_11,11_39,1604,123,plot:166:1604:123,TRUE,TRUE,TRUE,Poa_fen,ready_for_build
318,GAZP_11,11_39,1605,31,plot:166:1605:31,TRUE,TRUE,TRUE,Poa_fen,ready_for_build
319,GAZP_11,11_39,1606,123,plot:166:1606:123,TRUE,TRUE,TRUE,Poa_fen,ready_for_build
320,GAZP_11,11_39,1607,112,plot:166:1607:112,TRUE,TRUE,TRUE,Poa_fen,ready_for_build
321,GAZP_11,11_39,1608,151,plot:166:1608:151,TRUE,TRUE,TRUE,Poa_fen,ready_for_build
322,GAZP_11,11_39,1609,121,plot:166:1609:121,TRUE,TRUE,TRUE,Poa_fen,ready_for_build
323,GAZP_11,11_40,1110,43,plot:166:1110:43,TRUE,TRUE,TRUE,Poa_fen,ready_for_build
324,GAZP_11,11_40,1111,32,plot:166:1111:32,TRUE,TRUE,TRUE,Poa_fen,ready_for_build
325,GAZP_11,11_40,1112,42,plot:166:1112:42,TRUE,TRUE,TRUE,Poa_fen,ready_for_build
326,GAZP_11,11_40,1113,53,plot:166:1113:53,TRUE,TRUE,TRUE,Poa_fen,ready_for_build
327,GAZP_11,11_40,1114,51,plot:166:1114:51,TRUE,TRUE,TRUE,Poa_fen,ready_for_build
328,GAZP_11,11_40,1115,33,plot:166:1115:33,TRUE,TRUE,TRUE,Poa_fen,ready_for_build
329,GAZP_11,11_40,1116,22,plot:166:1116:22,TRUE,TRUE,TRUE,Poa_fen,ready_for_build
330,GAZP_11,11_40,1117,111,plot:166:1117:111,TRUE,TRUE,TRUE,Poa_fen,ready_for_build
331,GAZP_11,11_40,1118,131,plot:166:1118:131,TRUE,TRUE,TRUE,Poa_fen,ready_for_build
332,GAZP_11,11_40,1210,123,plot:166:1210:123,TRUE,TRUE,TRUE,Poa_fen,ready_for_build
333,GAZP_11,11_40,1211,142,plot:166:1211:142,TRUE,TRUE,TRUE,Poa_fen,ready_for_build
334,GAZP_11,11_40,1212,132,plot:166:1212:132,TRUE,TRUE,TRUE,Poa_fen,ready_for_build
335,GAZP_11,11_40,1213,113,plot:166:1213:113,TRUE,TRUE,TRUE,Poa_fen,ready_for_build
336,GAZP_11,11_40,1214,11,plot:166:1214:11,TRUE,TRUE,TRUE,Poa_fen,ready_for_build
337,GAZP_11,11_40,1215,33,plot:166:1215:33,TRUE,TRUE,TRUE,Poa_fen,ready_for_build
338,GAZP_11,11_40,1216,52,plot:166:1216:52,TRUE,TRUE,TRUE,Poa_fen,ready_for_build
339,GAZP_11,11_40,1217,131,plot:166:1217:131,TRUE,TRUE,TRUE,Poa_fen,ready_for_build
340,GAZP_11,11_40,1218,51,plot:166:1218:51,TRUE,TRUE,TRUE,Poa_fen,ready_for_build
341,GAZP_11,11_41,1510,143,plot:166:1510:143,TRUE,TRUE,TRUE,Poa_fen,ready_for_build
342,GAZP_11,11_41,1511,122,plot:166:1511:122,TRUE,TRUE,TRUE,Poa_fen,ready_for_build
343,GAZP_11,11_41,1512,152,plot:166:1512:152,TRUE,TRUE,TRUE,Poa_fen,ready_for_build
344,GAZP_11,11_41,1513,133,plot:166:1513:133,TRUE,TRUE,TRUE,Poa_fen,ready_for_build
345,GAZP_11,11_41,1514,111,plot:166:1514:111,TRUE,TRUE,TRUE,Poa_fen,ready_for_build
346,GAZP_11,11_41,1515,143,plot:166:1515:143,TRUE,TRUE,TRUE,Poa_fen,ready_for_build
347,GAZP_11,11_41,1516,132,plot:166:1516:132,TRUE,TRUE,TRUE,Poa_fen,ready_for_build
348,GAZP_11,11_41,1517,21,plot:166:1517:21,TRUE,TRUE,TRUE,Poa_fen,ready_for_build
349,GAZP_11,11_41,1518,11,plot:166:1518:11,TRUE,TRUE,TRUE,Poa_fen,ready_for_build
350,GAZP_11,11_41,1610,43,plot:166:1610:43,TRUE,TRUE,TRUE,Poa_fen,ready_for_build
351,GAZP_11,11_41,1611,32,plot:166:1611:32,TRUE,TRUE,TRUE,Poa_fen,ready_for_build
352,GAZP_11,11_41,1612,12,plot:166:1612:12,TRUE,TRUE,TRUE,Poa_fen,ready_for_build
353,GAZP_11,11_41,1613,13,plot:166:1613:13,TRUE,TRUE,TRUE,Poa_fen,ready_for_build
354,GAZP_11,11_41,1614,121,plot:166:1614:121,TRUE,TRUE,TRUE,Poa_fen,ready_for_build
355,GAZP_11,11_41,1615,153,plot:166:1615:153,TRUE,TRUE,TRUE,Poa_fen,ready_for_build
356,GAZP_11,11_41,1616,112,plot:166:1616:112,TRUE,TRUE,TRUE,Poa_fen,ready_for_build
357,GAZP_11,11_41,1617,11,plot:166:1617:11,TRUE,TRUE,TRUE,Poa_fen,ready_for_build
358,GAZP_11,11_41,1618,111,plot:166:1618:111,TRUE,TRUE,TRUE,Poa_fen,ready_for_build
359,GAZP_11,11_42,1101,33,plot:166:1101:33,TRUE,TRUE,TRUE,Pse_rup,ready_for_build
360,GAZP_11,11_42,1102,22,plot:166:1102:22,TRUE,TRUE,TRUE,Pse_rup,ready_for_build
361,GAZP_11,11_42,1103,12,plot:166:1103:12,TRUE,TRUE,TRUE,Pse_rup,ready_for_build
362,GAZP_11,11_42,1104,123,plot:166:1104:123,TRUE,TRUE,TRUE,Pse_rup,ready_for_build
363,GAZP_11,11_42,1105,41,plot:166:1105:41,TRUE,TRUE,TRUE,Pse_rup,ready_for_build
364,GAZP_11,11_42,1106,133,plot:166:1106:133,TRUE,TRUE,TRUE,Pse_rup,ready_for_build
365,GAZP_11,11_42,1107,22,plot:166:1107:22,TRUE,TRUE,TRUE,Pse_rup,ready_for_build
366,GAZP_11,11_42,1108,11,plot:166:1108:11,TRUE,TRUE,TRUE,Pse_rup,ready_for_build
367,GAZP_11,11_42,1109,51,plot:166:1109:51,TRUE,TRUE,TRUE,Pse_rup,ready_for_build
368,GAZP_11,11_42,1201,33,plot:166:1201:33,TRUE,TRUE,TRUE,Pse_rup,ready_for_build
369,GAZP_11,11_42,1202,52,plot:166:1202:52,TRUE,TRUE,TRUE,Pse_rup,ready_for_build
370,GAZP_11,11_42,1203,52,plot:166:1203:52,TRUE,TRUE,TRUE,Pse_rup,ready_for_build
371,GAZP_11,11_42,1204,23,plot:166:1204:23,TRUE,TRUE,TRUE,Pse_rup,ready_for_build
372,GAZP_11,11_42,1205,141,plot:166:1205:141,TRUE,TRUE,TRUE,Pse_rup,ready_for_build
373,GAZP_11,11_42,1206,53,plot:166:1206:53,TRUE,TRUE,TRUE,Pse_rup,ready_for_build
374,GAZP_11,11_42,1207,12,plot:166:1207:12,TRUE,TRUE,TRUE,Pse_rup,ready_for_build
375,GAZP_11,11_42,1208,31,plot:166:1208:31,TRUE,TRUE,TRUE,Pse_rup,ready_for_build
376,GAZP_11,11_42,1209,41,plot:166:1209:41,TRUE,TRUE,TRUE,Pse_rup,ready_for_build
377,GAZP_11,11_43,1501,113,plot:166:1501:113,TRUE,TRUE,TRUE,Pse_rup,ready_for_build
378,GAZP_11,11_43,1502,112,plot:166:1502:112,TRUE,TRUE,TRUE,Pse_rup,ready_for_build
379,GAZP_11,11_43,1503,152,plot:166:1503:152,TRUE,TRUE,TRUE,Pse_rup,ready_for_build
380,GAZP_11,11_43,1504,53,plot:166:1504:53,TRUE,TRUE,TRUE,Pse_rup,ready_for_build
381,GAZP_11,11_43,1505,131,plot:166:1505:131,TRUE,TRUE,TRUE,Pse_rup,ready_for_build
382,GAZP_11,11_43,1506,53,plot:166:1506:53,TRUE,TRUE,TRUE,Pse_rup,ready_for_build
383,GAZP_11,11_43,1507,122,plot:166:1507:122,TRUE,TRUE,TRUE,Pse_rup,ready_for_build
384,GAZP_11,11_43,1508,151,plot:166:1508:151,TRUE,TRUE,TRUE,Pse_rup,ready_for_build
385,GAZP_11,11_43,1509,141,plot:166:1509:141,TRUE,TRUE,TRUE,Pse_rup,ready_for_build
386,GAZP_11,11_43,1601,123,plot:166:1601:123,TRUE,TRUE,TRUE,Pse_rup,ready_for_build
387,GAZP_11,11_43,1602,142,plot:166:1602:142,TRUE,TRUE,TRUE,Pse_rup,ready_for_build
388,GAZP_11,11_43,1603,152,plot:166:1603:152,TRUE,TRUE,TRUE,Pse_rup,ready_for_build
389,GAZP_11,11_43,1604,153,plot:166:1604:153,TRUE,TRUE,TRUE,Pse_rup,ready_for_build
390,GAZP_11,11_43,1605,51,plot:166:1605:51,TRUE,TRUE,TRUE,Pse_rup,ready_for_build
391,GAZP_11,11_43,1606,143,plot:166:1606:143,TRUE,TRUE,TRUE,Pse_rup,ready_for_build
392,GAZP_11,11_43,1607,152,plot:166:1607:152,TRUE,TRUE,TRUE,Pse_rup,ready_for_build
393,GAZP_11,11_43,1608,121,plot:166:1608:121,TRUE,TRUE,TRUE,Pse_rup,ready_for_build
394,GAZP_11,11_43,1609,111,plot:166:1609:111,TRUE,TRUE,TRUE,Pse_rup,ready_for_build
395,GAZP_11,11_44,1110,23,plot:166:1110:23,TRUE,TRUE,TRUE,Pse_rup,ready_for_build
396,GAZP_11,11_44,1111,42,plot:166:1111:42,TRUE,TRUE,TRUE,Pse_rup,ready_for_build
397,GAZP_11,11_44,1112,32,plot:166:1112:32,TRUE,TRUE,TRUE,Pse_rup,ready_for_build
398,GAZP_11,11_44,1113,33,plot:166:1113:33,TRUE,TRUE,TRUE,Pse_rup,ready_for_build
399,GAZP_11,11_44,1114,31,plot:166:1114:31,TRUE,TRUE,TRUE,Pse_rup,ready_for_build
400,GAZP_11,11_44,1115,23,plot:166:1115:23,TRUE,TRUE,TRUE,Pse_rup,ready_for_build
401,GAZP_11,11_44,1116,12,plot:166:1116:12,TRUE,TRUE,TRUE,Pse_rup,ready_for_build
402,GAZP_11,11_44,1117,141,plot:166:1117:141,TRUE,TRUE,TRUE,Pse_rup,ready_for_build
403,GAZP_11,11_44,1118,111,plot:166:1118:111,TRUE,TRUE,TRUE,Pse_rup,ready_for_build
404,GAZP_11,11_44,1210,113,plot:166:1210:113,TRUE,TRUE,TRUE,Pse_rup,ready_for_build
405,GAZP_11,11_44,1211,152,plot:166:1211:152,TRUE,TRUE,TRUE,Pse_rup,ready_for_build
406,GAZP_11,11_44,1212,112,plot:166:1212:112,TRUE,TRUE,TRUE,Pse_rup,ready_for_build
407,GAZP_11,11_44,1213,143,plot:166:1213:143,TRUE,TRUE,TRUE,Pse_rup,ready_for_build
408,GAZP_11,11_44,1214,51,plot:166:1214:51,TRUE,TRUE,TRUE,Pse_rup,ready_for_build
409,GAZP_11,11_44,1215,53,plot:166:1215:53,TRUE,TRUE,TRUE,Pse_rup,ready_for_build
410,GAZP_11,11_44,1216,32,plot:166:1216:32,TRUE,TRUE,TRUE,Pse_rup,ready_for_build
411,GAZP_11,11_44,1217,121,plot:166:1217:121,TRUE,TRUE,TRUE,Pse_rup,ready_for_build
412,GAZP_11,11_44,1218,41,plot:166:1218:41,TRUE,TRUE,TRUE,Pse_rup,ready_for_build
413,GAZP_11,11_45,1510,133,plot:166:1510:133,TRUE,TRUE,TRUE,Pse_rup,ready_for_build
414,GAZP_11,11_45,1511,112,plot:166:1511:112,TRUE,TRUE,TRUE,Pse_rup,ready_for_build
415,GAZP_11,11_45,1512,122,plot:166:1512:122,TRUE,TRUE,TRUE,Pse_rup,ready_for_build
416,GAZP_11,11_45,1513,153,plot:166:1513:153,TRUE,TRUE,TRUE,Pse_rup,ready_for_build
417,GAZP_11,11_45,1514,151,plot:166:1514:151,TRUE,TRUE,TRUE,Pse_rup,ready_for_build
418,GAZP_11,11_45,1515,113,plot:166:1515:113,TRUE,TRUE,TRUE,Pse_rup,ready_for_build
419,GAZP_11,11_45,1516,122,plot:166:1516:122,TRUE,TRUE,TRUE,Pse_rup,ready_for_build
420,GAZP_11,11_45,1517,51,plot:166:1517:51,TRUE,TRUE,TRUE,Pse_rup,ready_for_build
421,GAZP_11,11_45,1518,21,plot:166:1518:21,TRUE,TRUE,TRUE,Pse_rup,ready_for_build
422,GAZP_11,11_45,1610,33,plot:166:1610:33,TRUE,TRUE,TRUE,Pse_rup,ready_for_build
423,GAZP_11,11_45,1611,52,plot:166:1611:52,TRUE,TRUE,TRUE,Pse_rup,ready_for_build
424,GAZP_11,11_45,1612,22,plot:166:1612:22,TRUE,TRUE,TRUE,Pse_rup,ready_for_build
425,GAZP_11,11_45,1613,33,plot:166:1613:33,TRUE,TRUE,TRUE,Pse_rup,ready_for_build
426,GAZP_11,11_45,1614,131,plot:166:1614:131,TRUE,TRUE,TRUE,Pse_rup,ready_for_build
427,GAZP_11,11_45,1615,133,plot:166:1615:133,TRUE,TRUE,TRUE,Pse_rup,ready_for_build
428,GAZP_11,11_45,1616,132,plot:166:1616:132,TRUE,TRUE,TRUE,Pse_rup,ready_for_build
429,GAZP_11,11_45,1617,31,plot:166:1617:31,TRUE,TRUE,TRUE,Pse_rup,ready_for_build
430,GAZP_11,11_45,1618,131,plot:166:1618:131,TRUE,TRUE,TRUE,Pse_rup,ready_for_build
431,GAZP_11,11_46,1101,43,plot:166:1101:43,TRUE,TRUE,TRUE,Vul_mic,ready_for_build
432,GAZP_11,11_46,1102,52,plot:166:1102:52,TRUE,TRUE,TRUE,Vul_mic,ready_for_build
433,GAZP_11,11_46,1103,52,plot:166:1103:52,TRUE,TRUE,TRUE,Vul_mic,ready_for_build
434,GAZP_11,11_46,1104,113,plot:166:1104:113,TRUE,TRUE,TRUE,Vul_mic,ready_for_build
435,GAZP_11,11_46,1105,31,plot:166:1105:31,TRUE,TRUE,TRUE,Vul_mic,ready_for_build
436,GAZP_11,11_46,1106,123,plot:166:1106:123,TRUE,TRUE,TRUE,Vul_mic,ready_for_build
437,GAZP_11,11_46,1107,12,plot:166:1107:12,TRUE,TRUE,TRUE,Vul_mic,ready_for_build
438,GAZP_11,11_46,1108,21,plot:166:1108:21,TRUE,TRUE,TRUE,Vul_mic,ready_for_build
439,GAZP_11,11_46,1109,11,plot:166:1109:11,TRUE,TRUE,TRUE,Vul_mic,ready_for_build
440,GAZP_11,11_46,1201,13,plot:166:1201:13,TRUE,TRUE,TRUE,Vul_mic,ready_for_build
441,GAZP_11,11_46,1202,12,plot:166:1202:12,TRUE,TRUE,TRUE,Vul_mic,ready_for_build
442,GAZP_11,11_46,1203,32,plot:166:1203:32,TRUE,TRUE,TRUE,Vul_mic,ready_for_build
443,GAZP_11,11_46,1204,53,plot:166:1204:53,TRUE,TRUE,TRUE,Vul_mic,ready_for_build
444,GAZP_11,11_46,1205,131,plot:166:1205:131,TRUE,TRUE,TRUE,Vul_mic,ready_for_build
445,GAZP_11,11_46,1206,23,plot:166:1206:23,TRUE,TRUE,TRUE,Vul_mic,ready_for_build
446,GAZP_11,11_46,1207,42,plot:166:1207:42,TRUE,TRUE,TRUE,Vul_mic,ready_for_build
447,GAZP_11,11_46,1208,21,plot:166:1208:21,TRUE,TRUE,TRUE,Vul_mic,ready_for_build
448,GAZP_11,11_46,1209,51,plot:166:1209:51,TRUE,TRUE,TRUE,Vul_mic,ready_for_build
449,GAZP_11,11_47,1501,143,plot:166:1501:143,TRUE,TRUE,TRUE,Vul_mic,ready_for_build
450,GAZP_11,11_47,1502,142,plot:166:1502:142,TRUE,TRUE,TRUE,Vul_mic,ready_for_build
451,GAZP_11,11_47,1503,122,plot:166:1503:122,TRUE,TRUE,TRUE,Vul_mic,ready_for_build
452,GAZP_11,11_47,1504,23,plot:166:1504:23,TRUE,TRUE,TRUE,Vul_mic,ready_for_build
453,GAZP_11,11_47,1505,141,plot:166:1505:141,TRUE,TRUE,TRUE,Vul_mic,ready_for_build
454,GAZP_11,11_47,1506,33,plot:166:1506:33,TRUE,TRUE,TRUE,Vul_mic,ready_for_build
455,GAZP_11,11_47,1507,112,plot:166:1507:112,TRUE,TRUE,TRUE,Vul_mic,ready_for_build
456,GAZP_11,11_47,1508,121,plot:166:1508:121,TRUE,TRUE,TRUE,Vul_mic,ready_for_build
457,GAZP_11,11_47,1509,151,plot:166:1509:151,TRUE,TRUE,TRUE,Vul_mic,ready_for_build
458,GAZP_11,11_47,1601,143,plot:166:1601:143,TRUE,TRUE,TRUE,Vul_mic,ready_for_build
459,GAZP_11,11_47,1602,112,plot:166:1602:112,TRUE,TRUE,TRUE,Vul_mic,ready_for_build
460,GAZP_11,11_47,1603,132,plot:166:1603:132,TRUE,TRUE,TRUE,Vul_mic,ready_for_build
461,GAZP_11,11_47,1604,143,plot:166:1604:143,TRUE,TRUE,TRUE,Vul_mic,ready_for_build
462,GAZP_11,11_47,1605,21,plot:166:1605:21,TRUE,TRUE,TRUE,Vul_mic,ready_for_build
463,GAZP_11,11_47,1606,153,plot:166:1606:153,TRUE,TRUE,TRUE,Vul_mic,ready_for_build
464,GAZP_11,11_47,1607,122,plot:166:1607:122,TRUE,TRUE,TRUE,Vul_mic,ready_for_build
465,GAZP_11,11_47,1608,131,plot:166:1608:131,TRUE,TRUE,TRUE,Vul_mic,ready_for_build
466,GAZP_11,11_47,1609,141,plot:166:1609:141,TRUE,TRUE,TRUE,Vul_mic,ready_for_build
467,GAZP_11,11_48,1110,33,plot:166:1110:33,TRUE,TRUE,TRUE,Vul_mic,ready_for_build
468,GAZP_11,11_48,1111,52,plot:166:1111:52,TRUE,TRUE,TRUE,Vul_mic,ready_for_build
469,GAZP_11,11_48,1112,12,plot:166:1112:12,TRUE,TRUE,TRUE,Vul_mic,ready_for_build
470,GAZP_11,11_48,1113,13,plot:166:1113:13,TRUE,TRUE,TRUE,Vul_mic,ready_for_build
471,GAZP_11,11_48,1114,11,plot:166:1114:11,TRUE,TRUE,TRUE,Vul_mic,ready_for_build
472,GAZP_11,11_48,1115,13,plot:166:1115:13,TRUE,TRUE,TRUE,Vul_mic,ready_for_build
473,GAZP_11,11_48,1116,52,plot:166:1116:52,TRUE,TRUE,TRUE,Vul_mic,ready_for_build
474,GAZP_11,11_48,1117,131,plot:166:1117:131,TRUE,TRUE,TRUE,Vul_mic,ready_for_build
475,GAZP_11,11_48,1118,141,plot:166:1118:141,TRUE,TRUE,TRUE,Vul_mic,ready_for_build
476,GAZP_11,11_48,1210,133,plot:166:1210:133,TRUE,TRUE,TRUE,Vul_mic,ready_for_build
477,GAZP_11,11_48,1211,122,plot:166:1211:122,TRUE,TRUE,TRUE,Vul_mic,ready_for_build
478,GAZP_11,11_48,1212,142,plot:166:1212:142,TRUE,TRUE,TRUE,Vul_mic,ready_for_build
479,GAZP_11,11_48,1213,123,plot:166:1213:123,TRUE,TRUE,TRUE,Vul_mic,ready_for_build
480,GAZP_11,11_48,1214,31,plot:166:1214:31,TRUE,TRUE,TRUE,Vul_mic,ready_for_build
481,GAZP_11,11_48,1215,43,plot:166:1215:43,TRUE,TRUE,TRUE,Vul_mic,ready_for_build
482,GAZP_11,11_48,1216,22,plot:166:1216:22,TRUE,TRUE,TRUE,Vul_mic,ready_for_build
483,GAZP_11,11_48,1217,141,plot:166:1217:141,TRUE,TRUE,TRUE,Vul_mic,ready_for_build
484,GAZP_11,11_48,1218,11,plot:166:1218:11,TRUE,TRUE,TRUE,Vul_mic,ready_for_build
485,GAZP_11,11_49,1510,123,plot:166:1510:123,TRUE,TRUE,TRUE,Vul_mic,ready_for_build
486,GAZP_11,11_49,1511,152,plot:166:1511:152,TRUE,TRUE,TRUE,Vul_mic,ready_for_build
487,GAZP_11,11_49,1512,112,plot:166:1512:112,TRUE,TRUE,TRUE,Vul_mic,ready_for_build
488,GAZP_11,11_49,1513,123,plot:166:1513:123,TRUE,TRUE,TRUE,Vul_mic,ready_for_build
489,GAZP_11,11_49,1514,121,plot:166:1514:121,TRUE,TRUE,TRUE,Vul_mic,ready_for_build
490,GAZP_11,11_49,1515,123,plot:166:1515:123,TRUE,TRUE,TRUE,Vul_mic,ready_for_build
491,GAZP_11,11_49,1516,142,plot:166:1516:142,TRUE,TRUE,TRUE,Vul_mic,ready_for_build
492,GAZP_11,11_49,1517,41,plot:166:1517:41,TRUE,TRUE,TRUE,Vul_mic,ready_for_build
493,GAZP_11,11_49,1518,31,plot:166:1518:31,TRUE,TRUE,TRUE,Vul_mic,ready_for_build
494,GAZP_11,11_49,1610,13,plot:166:1610:13,TRUE,TRUE,TRUE,Vul_mic,ready_for_build
495,GAZP_11,11_49,1611,12,plot:166:1611:12,TRUE,TRUE,TRUE,Vul_mic,ready_for_build
496,GAZP_11,11_49,1612,32,plot:166:1612:32,TRUE,TRUE,TRUE,Vul_mic,ready_for_build
497,GAZP_11,11_49,1613,53,plot:166:1613:53,TRUE,TRUE,TRUE,Vul_mic,ready_for_build
498,GAZP_11,11_49,1614,111,plot:166:1614:111,TRUE,TRUE,TRUE,Vul_mic,ready_for_build
499,GAZP_11,11_49,1615,113,plot:166:1615:113,TRUE,TRUE,TRUE,Vul_mic,ready_for_build
500,GAZP_11,11_49,1616,152,plot:166:1616:152,TRUE,TRUE,TRUE,Vul_mic,ready_for_build
501,GAZP_11,11_49,1617,41,plot:166:1617:41,TRUE,TRUE,TRUE,Vul_mic,ready_for_build
502,GAZP_11,11_49,1618,121,plot:166:1618:121,TRUE,TRUE,TRUE,Vul_mic,ready_for_build
503,GAZP_11,11_1,10101,462,plot:166:10101:462,TRUE,TRUE,TRUE,L_Pgrass,ready_for_build
504,GAZP_11,11_1,10101,542,plot:166:10101:542,TRUE,TRUE,TRUE,L_Pgrass,ready_for_build
505,GAZP_11,11_1,10102,461,plot:166:10102:461,TRUE,TRUE,TRUE,L_Pgrass,ready_for_build
506,GAZP_11,11_1,10102,501,plot:166:10102:501,TRUE,TRUE,TRUE,L_Pgrass,ready_for_build
507,GAZP_11,11_1,10102,541,plot:166:10102:541,TRUE,TRUE,TRUE,L_Pgrass,ready_for_build
508,GAZP_11,11_1,10103,63,plot:166:10103:63,TRUE,TRUE,TRUE,L_Pgrass,ready_for_build
509,GAZP_11,11_1,10103,143,plot:166:10103:143,TRUE,TRUE,TRUE,L_Pgrass,ready_for_build
510,GAZP_11,11_1,10201,102,plot:166:10201:102,TRUE,TRUE,TRUE,L_Pgrass,ready_for_build
511,GAZP_11,11_1,10201,142,plot:166:10201:142,TRUE,TRUE,TRUE,L_Pgrass,ready_for_build
512,GAZP_11,11_1,10202,463,plot:166:10202:463,TRUE,TRUE,TRUE,L_Pgrass,ready_for_build
513,GAZP_11,11_1,10202,543,plot:166:10202:543,TRUE,TRUE,TRUE,L_Pgrass,ready_for_build
514,GAZP_11,11_2,10501,62,plot:166:10501:62,TRUE,TRUE,TRUE,L_Pgrass,ready_for_build
515,GAZP_11,11_2,10501,142,plot:166:10501:142,TRUE,TRUE,TRUE,L_Pgrass,ready_for_build
516,GAZP_11,11_2,10502,61,plot:166:10502:61,TRUE,TRUE,TRUE,L_Pgrass,ready_for_build
517,GAZP_11,11_2,10502,101,plot:166:10502:101,TRUE,TRUE,TRUE,L_Pgrass,ready_for_build
518,GAZP_11,11_2,10502,141,plot:166:10502:141,TRUE,TRUE,TRUE,L_Pgrass,ready_for_build
519,GAZP_11,11_2,10503,463,plot:166:10503:463,TRUE,TRUE,TRUE,L_Pgrass,ready_for_build
520,GAZP_11,11_2,10503,543,plot:166:10503:543,TRUE,TRUE,TRUE,L_Pgrass,ready_for_build
521,GAZP_11,11_2,10601,502,plot:166:10601:502,TRUE,TRUE,TRUE,L_Pgrass,ready_for_build
522,GAZP_11,11_2,10601,542,plot:166:10601:542,TRUE,TRUE,TRUE,L_Pgrass,ready_for_build
523,GAZP_11,11_2,10602,63,plot:166:10602:63,TRUE,TRUE,TRUE,L_Pgrass,ready_for_build
524,GAZP_11,11_2,10602,143,plot:166:10602:143,TRUE,TRUE,TRUE,L_Pgrass,ready_for_build
525,GAZP_11,11_3,10104,102,plot:166:10104:102,TRUE,TRUE,TRUE,L_Pgrass,ready_for_build
526,GAZP_11,11_3,10104,142,plot:166:10104:142,TRUE,TRUE,TRUE,L_Pgrass,ready_for_build
527,GAZP_11,11_3,10105,461,plot:166:10105:461,TRUE,TRUE,TRUE,L_Pgrass,ready_for_build
528,GAZP_11,11_3,10105,501,plot:166:10105:501,TRUE,TRUE,TRUE,L_Pgrass,ready_for_build
529,GAZP_11,11_3,10105,541,plot:166:10105:541,TRUE,TRUE,TRUE,L_Pgrass,ready_for_build
530,GAZP_11,11_3,10106,453,plot:166:10106:453,TRUE,TRUE,TRUE,L_Pgrass,ready_for_build
531,GAZP_11,11_3,10106,543,plot:166:10106:543,TRUE,TRUE,TRUE,L_Pgrass,ready_for_build
532,GAZP_11,11_3,10203,502,plot:166:10203:502,TRUE,TRUE,TRUE,L_Pgrass,ready_for_build
533,GAZP_11,11_3,10203,542,plot:166:10203:542,TRUE,TRUE,TRUE,L_Pgrass,ready_for_build
534,GAZP_11,11_3,10204,461,plot:166:10204:461,TRUE,TRUE,TRUE,L_Pgrass,ready_for_build
535,GAZP_11,11_3,10204,501,plot:166:10204:501,TRUE,TRUE,TRUE,L_Pgrass,ready_for_build
536,GAZP_11,11_3,10204,541,plot:166:10204:541,TRUE,TRUE,TRUE,L_Pgrass,ready_for_build
537,GAZP_11,11_3,10205,463,plot:166:10205:463,TRUE,TRUE,TRUE,L_Pgrass,ready_for_build
538,GAZP_11,11_3,10205,543,plot:166:10205:543,TRUE,TRUE,TRUE,L_Pgrass,ready_for_build
539,GAZP_11,11_4,10504,502,plot:166:10504:502,TRUE,TRUE,TRUE,L_Pgrass,ready_for_build
540,GAZP_11,11_4,10504,542,plot:166:10504:542,TRUE,TRUE,TRUE,L_Pgrass,ready_for_build
541,GAZP_11,11_4,10505,61,plot:166:10505:61,TRUE,TRUE,TRUE,L_Pgrass,ready_for_build
542,GAZP_11,11_4,10505,101,plot:166:10505:101,TRUE,TRUE,TRUE,L_Pgrass,ready_for_build
543,GAZP_11,11_4,10505,141,plot:166:10505:141,TRUE,TRUE,TRUE,L_Pgrass,ready_for_build
544,GAZP_11,11_4,10506,63,plot:166:10506:63,TRUE,TRUE,TRUE,L_Pgrass,ready_for_build
545,GAZP_11,11_4,10506,143,plot:166:10506:143,TRUE,TRUE,TRUE,L_Pgrass,ready_for_build
546,GAZP_11,11_4,10603,102,plot:166:10603:102,TRUE,TRUE,TRUE,L_Pgrass,ready_for_build
547,GAZP_11,11_4,10603,142,plot:166:10603:142,TRUE,TRUE,TRUE,L_Pgrass,ready_for_build
548,GAZP_11,11_4,10604,61,plot:166:10604:61,TRUE,TRUE,TRUE,L_Pgrass,ready_for_build
549,GAZP_11,11_4,10604,101,plot:166:10604:101,TRUE,TRUE,TRUE,L_Pgrass,ready_for_build
550,GAZP_11,11_4,10604,141,plot:166:10604:141,TRUE,TRUE,TRUE,L_Pgrass,ready_for_build
551,GAZP_11,11_4,10605,63,plot:166:10605:63,TRUE,TRUE,TRUE,L_Pgrass,ready_for_build
552,GAZP_11,11_4,10605,143,plot:166:10605:143,TRUE,TRUE,TRUE,L_Pgrass,ready_for_build
553,GAZP_11,11_5,10901,102,plot:166:10901:102,TRUE,TRUE,TRUE,Ely_ely,ready_for_build
554,GAZP_11,11_5,10902,61,plot:166:10902:61,TRUE,TRUE,TRUE,Ely_ely,ready_for_build
555,GAZP_11,11_5,10903,583,plot:166:10903:583,TRUE,TRUE,TRUE,Ely_ely,ready_for_build
556,GAZP_11,11_5,11001,112,plot:166:11001:112,TRUE,TRUE,TRUE,Ely_ely,ready_for_build
557,GAZP_11,11_5,11002,421,plot:166:11002:421,TRUE,TRUE,TRUE,Ely_ely,ready_for_build
558,GAZP_11,11_5,11003,143,plot:166:11003:143,TRUE,TRUE,TRUE,Ely_ely,ready_for_build
559,GAZP_11,11_6,11301,582,plot:166:11301:582,TRUE,TRUE,TRUE,Ely_ely,ready_for_build
560,GAZP_11,11_6,11302,461,plot:166:11302:461,TRUE,TRUE,TRUE,Ely_ely,ready_for_build
561,GAZP_11,11_6,11303,143,plot:166:11303:143,TRUE,TRUE,TRUE,Ely_ely,ready_for_build
562,GAZP_11,11_6,11401,462,plot:166:11401:462,TRUE,TRUE,TRUE,Ely_ely,ready_for_build
563,GAZP_11,11_6,11402,21,plot:166:11402:21,TRUE,TRUE,TRUE,Ely_ely,ready_for_build
564,GAZP_11,11_6,11403,503,plot:166:11403:503,TRUE,TRUE,TRUE,Ely_ely,ready_for_build
565,GAZP_11,11_7,10904,22,plot:166:10904:22,TRUE,TRUE,TRUE,Ely_ely,ready_for_build
566,GAZP_11,11_7,10905,61,plot:166:10905:61,TRUE,TRUE,TRUE,Ely_ely,ready_for_build
567,GAZP_11,11_7,10906,173,plot:166:10906:173,TRUE,TRUE,TRUE,Ely_ely,ready_for_build
568,GAZP_11,11_7,11004,502,plot:166:11004:502,TRUE,TRUE,TRUE,Ely_ely,ready_for_build
569,GAZP_11,11_7,11005,61,plot:166:11005:61,TRUE,TRUE,TRUE,Ely_ely,ready_for_build
570,GAZP_11,11_7,11006,23,plot:166:11006:23,TRUE,TRUE,TRUE,Ely_ely,ready_for_build
571,GAZP_11,11_8,11304,502,plot:166:11304:502,TRUE,TRUE,TRUE,Ely_ely,ready_for_build
572,GAZP_11,11_8,11305,541,plot:166:11305:541,TRUE,TRUE,TRUE,Ely_ely,ready_for_build
573,GAZP_11,11_8,11306,563,plot:166:11306:563,TRUE,TRUE,TRUE,Ely_ely,ready_for_build
574,GAZP_11,11_8,11404,142,plot:166:11404:142,TRUE,TRUE,TRUE,Ely_ely,ready_for_build
575,GAZP_11,11_8,11405,581,plot:166:11405:581,TRUE,TRUE,TRUE,Ely_ely,ready_for_build
576,GAZP_11,11_8,11406,543,plot:166:11406:543,TRUE,TRUE,TRUE,Ely_ely,ready_for_build
577,GAZP_11,11_9,10901,142,plot:166:10901:142,TRUE,TRUE,TRUE,Ely_tra,ready_for_build
578,GAZP_11,11_9,10902,21,plot:166:10902:21,TRUE,TRUE,TRUE,Ely_tra,ready_for_build
579,GAZP_11,11_9,10903,423,plot:166:10903:423,TRUE,TRUE,TRUE,Ely_tra,ready_for_build
580,GAZP_11,11_9,11001,62,plot:166:11001:62,TRUE,TRUE,TRUE,Ely_tra,ready_for_build
581,GAZP_11,11_9,11002,581,plot:166:11002:581,TRUE,TRUE,TRUE,Ely_tra,ready_for_build
582,GAZP_11,11_9,11003,103,plot:166:11003:103,TRUE,TRUE,TRUE,Ely_tra,ready_for_build
583,GAZP_11,11_10,11301,462,plot:166:11301:462,TRUE,TRUE,TRUE,Ely_tra,ready_for_build
584,GAZP_11,11_10,11302,581,plot:166:11302:581,TRUE,TRUE,TRUE,Ely_tra,ready_for_build
585,GAZP_11,11_10,11303,23,plot:166:11303:23,TRUE,TRUE,TRUE,Ely_tra,ready_for_build
586,GAZP_11,11_10,11401,582,plot:166:11401:582,TRUE,TRUE,TRUE,Ely_tra,ready_for_build
587,GAZP_11,11_10,11402,141,plot:166:11402:141,TRUE,TRUE,TRUE,Ely_tra,ready_for_build
588,GAZP_11,11_10,11403,423,plot:166:11403:423,TRUE,TRUE,TRUE,Ely_tra,ready_for_build
589,GAZP_11,11_11,10904,62,plot:166:10904:62,TRUE,TRUE,TRUE,Ely_tra,ready_for_build
590,GAZP_11,11_11,10905,141,plot:166:10905:141,TRUE,TRUE,TRUE,Ely_tra,ready_for_build
591,GAZP_11,11_11,10906,133,plot:166:10906:133,TRUE,TRUE,TRUE,Ely_tra,ready_for_build
592,GAZP_11,11_11,11004,422,plot:166:11004:422,TRUE,TRUE,TRUE,Ely_tra,ready_for_build
593,GAZP_11,11_11,11005,141,plot:166:11005:141,TRUE,TRUE,TRUE,Ely_tra,ready_for_build
594,GAZP_11,11_11,11006,63,plot:166:11006:63,TRUE,TRUE,TRUE,Ely_tra,ready_for_build
595,GAZP_11,11_12,11304,542,plot:166:11304:542,TRUE,TRUE,TRUE,Ely_tra,ready_for_build
596,GAZP_11,11_12,11305,501,plot:166:11305:501,TRUE,TRUE,TRUE,Ely_tra,ready_for_build
597,GAZP_11,11_12,11306,483,plot:166:11306:483,TRUE,TRUE,TRUE,Ely_tra,ready_for_build
598,GAZP_11,11_12,11404,62,plot:166:11404:62,TRUE,TRUE,TRUE,Ely_tra,ready_for_build
599,GAZP_11,11_12,11405,541,plot:166:11405:541,TRUE,TRUE,TRUE,Ely_tra,ready_for_build
600,GAZP_11,11_12,11406,463,plot:166:11406:463,TRUE,TRUE,TRUE,Ely_tra,ready_for_build
601,GAZP_11,11_13,10901,22,plot:166:10901:22,TRUE,TRUE,TRUE,Poa_fen,ready_for_build
602,GAZP_11,11_13,10902,181,plot:166:10902:181,TRUE,TRUE,TRUE,Poa_fen,ready_for_build
603,GAZP_11,11_13,10903,543,plot:166:10903:543,TRUE,TRUE,TRUE,Poa_fen,ready_for_build
604,GAZP_11,11_13,11001,152,plot:166:11001:152,TRUE,TRUE,TRUE,Poa_fen,ready_for_build
605,GAZP_11,11_13,11002,461,plot:166:11002:461,TRUE,TRUE,TRUE,Poa_fen,ready_for_build
606,GAZP_11,11_13,11003,23,plot:166:11003:23,TRUE,TRUE,TRUE,Poa_fen,ready_for_build
607,GAZP_11,11_14,11301,502,plot:166:11301:502,TRUE,TRUE,TRUE,Poa_fen,ready_for_build
608,GAZP_11,11_14,11302,421,plot:166:11302:421,TRUE,TRUE,TRUE,Poa_fen,ready_for_build
609,GAZP_11,11_14,11303,63,plot:166:11303:63,TRUE,TRUE,TRUE,Poa_fen,ready_for_build
610,GAZP_11,11_14,11401,502,plot:166:11401:502,TRUE,TRUE,TRUE,Poa_fen,ready_for_build
611,GAZP_11,11_14,11402,101,plot:166:11402:101,TRUE,TRUE,TRUE,Poa_fen,ready_for_build
612,GAZP_11,11_14,11403,463,plot:166:11403:463,TRUE,TRUE,TRUE,Poa_fen,ready_for_build
613,GAZP_11,11_15,10904,102,plot:166:10904:102,TRUE,TRUE,TRUE,Poa_fen,ready_for_build
614,GAZP_11,11_15,10905,181,plot:166:10905:181,TRUE,TRUE,TRUE,Poa_fen,ready_for_build
615,GAZP_11,11_15,10906,103,plot:166:10906:103,TRUE,TRUE,TRUE,Poa_fen,ready_for_build
616,GAZP_11,11_15,11004,542,plot:166:11004:542,TRUE,TRUE,TRUE,Poa_fen,ready_for_build
617,GAZP_11,11_15,11005,21,plot:166:11005:21,TRUE,TRUE,TRUE,Poa_fen,ready_for_build
618,GAZP_11,11_15,11006,103,plot:166:11006:103,TRUE,TRUE,TRUE,Poa_fen,ready_for_build
619,GAZP_11,11_16,11304,462,plot:166:11304:462,TRUE,TRUE,TRUE,Poa_fen,ready_for_build
620,GAZP_11,11_16,11305,421,plot:166:11305:421,TRUE,TRUE,TRUE,Poa_fen,ready_for_build
621,GAZP_11,11_16,11306,523,plot:166:11306:523,TRUE,TRUE,TRUE,Poa_fen,ready_for_build
622,GAZP_11,11_16,11404,102,plot:166:11404:102,TRUE,TRUE,TRUE,Poa_fen,ready_for_build
623,GAZP_11,11_16,11405,461,plot:166:11405:461,TRUE,TRUE,TRUE,Poa_fen,ready_for_build
624,GAZP_11,11_16,11406,583,plot:166:11406:583,TRUE,TRUE,TRUE,Poa_fen,ready_for_build
625,GAZP_11,11_17,10901,62,plot:166:10901:62,TRUE,TRUE,TRUE,Pse_rup,ready_for_build
626,GAZP_11,11_17,10902,101,plot:166:10902:101,TRUE,TRUE,TRUE,Pse_rup,ready_for_build
627,GAZP_11,11_17,10903,503,plot:166:10903:503,TRUE,TRUE,TRUE,Pse_rup,ready_for_build
628,GAZP_11,11_17,11001,182,plot:166:11001:182,TRUE,TRUE,TRUE,Pse_rup,ready_for_build
629,GAZP_11,11_17,11002,541,plot:166:11002:541,TRUE,TRUE,TRUE,Pse_rup,ready_for_build
630,GAZP_11,11_17,11003,183,plot:166:11003:183,TRUE,TRUE,TRUE,Pse_rup,ready_for_build
631,GAZP_11,11_18,11301,422,plot:166:11301:422,TRUE,TRUE,TRUE,Pse_rup,ready_for_build
632,GAZP_11,11_18,11302,501,plot:166:11302:501,TRUE,TRUE,TRUE,Pse_rup,ready_for_build
633,GAZP_11,11_18,11303,183,plot:166:11303:183,TRUE,TRUE,TRUE,Pse_rup,ready_for_build
634,GAZP_11,11_18,11401,542,plot:166:11401:542,TRUE,TRUE,TRUE,Pse_rup,ready_for_build
635,GAZP_11,11_18,11402,181,plot:166:11402:181,TRUE,TRUE,TRUE,Pse_rup,ready_for_build
636,GAZP_11,11_18,11403,543,plot:166:11403:543,TRUE,TRUE,TRUE,Pse_rup,ready_for_build
637,GAZP_11,11_19,10904,142,plot:166:10904:142,TRUE,TRUE,TRUE,Pse_rup,ready_for_build
638,GAZP_11,11_19,10905,101,plot:166:10905:101,TRUE,TRUE,TRUE,Pse_rup,ready_for_build
639,GAZP_11,11_19,10906,63,plot:166:10906:63,TRUE,TRUE,TRUE,Pse_rup,ready_for_build
640,GAZP_11,11_19,11004,582,plot:166:11004:582,TRUE,TRUE,TRUE,Pse_rup,ready_for_build
641,GAZP_11,11_19,11005,181,plot:166:11005:181,TRUE,TRUE,TRUE,Pse_rup,ready_for_build
642,GAZP_11,11_19,11006,173,plot:166:11006:173,TRUE,TRUE,TRUE,Pse_rup,ready_for_build
643,GAZP_11,11_20,11304,422,plot:166:11304:422,TRUE,TRUE,TRUE,Pse_rup,ready_for_build
644,GAZP_11,11_20,11305,581,plot:166:11305:581,TRUE,TRUE,TRUE,Pse_rup,ready_for_build
645,GAZP_11,11_20,11306,413,plot:166:11306:413,TRUE,TRUE,TRUE,Pse_rup,ready_for_build
646,GAZP_11,11_20,11404,182,plot:166:11404:182,TRUE,TRUE,TRUE,Pse_rup,ready_for_build
647,GAZP_11,11_20,11405,501,plot:166:11405:501,TRUE,TRUE,TRUE,Pse_rup,ready_for_build
648,GAZP_11,11_20,11406,503,plot:166:11406:503,TRUE,TRUE,TRUE,Pse_rup,ready_for_build
649,GAZP_11,11_21,10901,182,plot:166:10901:182,TRUE,TRUE,TRUE,Vul_mic,ready_for_build
650,GAZP_11,11_21,10902,141,plot:166:10902:141,TRUE,TRUE,TRUE,Vul_mic,ready_for_build
651,GAZP_11,11_21,10903,463,plot:166:10903:463,TRUE,TRUE,TRUE,Vul_mic,ready_for_build
652,GAZP_11,11_21,11001,22,plot:166:11001:22,TRUE,TRUE,TRUE,Vul_mic,ready_for_build
653,GAZP_11,11_21,11002,501,plot:166:11002:501,TRUE,TRUE,TRUE,Vul_mic,ready_for_build
654,GAZP_11,11_21,11003,63,plot:166:11003:63,TRUE,TRUE,TRUE,Vul_mic,ready_for_build
655,GAZP_11,11_22,11301,542,plot:166:11301:542,TRUE,TRUE,TRUE,Vul_mic,ready_for_build
656,GAZP_11,11_22,11302,541,plot:166:11302:541,TRUE,TRUE,TRUE,Vul_mic,ready_for_build
657,GAZP_11,11_22,11303,103,plot:166:11303:103,TRUE,TRUE,TRUE,Vul_mic,ready_for_build
658,GAZP_11,11_22,11401,422,plot:166:11401:422,TRUE,TRUE,TRUE,Vul_mic,ready_for_build
659,GAZP_11,11_22,11402,61,plot:166:11402:61,TRUE,TRUE,TRUE,Vul_mic,ready_for_build
660,GAZP_11,11_22,11403,583,plot:166:11403:583,TRUE,TRUE,TRUE,Vul_mic,ready_for_build
661,GAZP_11,11_23,10904,182,plot:166:10904:182,TRUE,TRUE,TRUE,Vul_mic,ready_for_build
662,GAZP_11,11_23,10905,21,plot:166:10905:21,TRUE,TRUE,TRUE,Vul_mic,ready_for_build
663,GAZP_11,11_23,10906,23,plot:166:10906:23,TRUE,TRUE,TRUE,Vul_mic,ready_for_build
664,GAZP_11,11_23,11004,462,plot:166:11004:462,TRUE,TRUE,TRUE,Vul_mic,ready_for_build
665,GAZP_11,11_23,11005,101,plot:166:11005:101,TRUE,TRUE,TRUE,Vul_mic,ready_for_build
666,GAZP_11,11_23,11006,133,plot:166:11006:133,TRUE,TRUE,TRUE,Vul_mic,ready_for_build
667,GAZP_11,11_24,11304,582,plot:166:11304:582,TRUE,TRUE,TRUE,Vul_mic,ready_for_build
668,GAZP_11,11_24,11305,461,plot:166:11305:461,TRUE,TRUE,TRUE,Vul_mic,ready_for_build
669,GAZP_11,11_24,11306,453,plot:166:11306:453,TRUE,TRUE,TRUE,Vul_mic,ready_for_build
670,GAZP_11,11_24,11404,22,plot:166:11404:22,TRUE,TRUE,TRUE,Vul_mic,ready_for_build
671,GAZP_11,11_24,11405,421,plot:166:11405:421,TRUE,TRUE,TRUE,Vul_mic,ready_for_build
672,GAZP_11,11_24,11406,423,plot:166:11406:423,TRUE,TRUE,TRUE,Vul_mic,ready_for_build
673,GAZP_11,11_25,20025,1,plot:166:20025:1,TRUE,TRUE,TRUE,L_Pgrass,ready_for_build
674,GAZP_11,11_25,20025,2,plot:166:20025:2,TRUE,TRUE,TRUE,L_Pgrass,ready_for_build
675,GAZP_11,11_25,20025,3,plot:166:20025:3,TRUE,TRUE,TRUE,L_Pgrass,ready_for_build
676,GAZP_11,11_25,20025,4,plot:166:20025:4,TRUE,TRUE,TRUE,L_Pgrass,ready_for_build
677,GAZP_11,11_25,20025,5,plot:166:20025:5,TRUE,TRUE,TRUE,L_Pgrass,ready_for_build
678,GAZP_11,11_25,20025,6,plot:166:20025:6,TRUE,TRUE,TRUE,L_Pgrass,ready_for_build
679,GAZP_11,11_25,20025,7,plot:166:20025:7,TRUE,TRUE,TRUE,L_Pgrass,ready_for_build
680,GAZP_11,11_25,20025,8,plot:166:20025:8,TRUE,TRUE,TRUE,L_Pgrass,ready_for_build
681,GAZP_11,11_25,20025,9,plot:166:20025:9,TRUE,TRUE,TRUE,L_Pgrass,ready_for_build
682,GAZP_11,11_25,20025,10,plot:166:20025:10,TRUE,TRUE,TRUE,L_Pgrass,ready_for_build
683,GAZP_11,11_25,20025,11,plot:166:20025:11,TRUE,TRUE,TRUE,L_Pgrass,ready_for_build
684,GAZP_11,11_25,20025,12,plot:166:20025:12,TRUE,TRUE,TRUE,L_Pgrass,ready_for_build
685,GAZP_11,11_25,20025,13,plot:166:20025:13,TRUE,TRUE,TRUE,L_Pgrass,ready_for_build
686,GAZP_11,11_25,20025,14,plot:166:20025:14,TRUE,TRUE,TRUE,L_Pgrass,ready_for_build
687,GAZP_11,11_25,20025,15,plot:166:20025:15,TRUE,TRUE,TRUE,L_Pgrass,ready_for_build
688,GAZP_11,11_25,20025,16,plot:166:20025:16,TRUE,TRUE,TRUE,L_Pgrass,ready_for_build
689,GAZP_11,11_25,20025,17,plot:166:20025:17,TRUE,TRUE,TRUE,L_Pgrass,ready_for_build
690,GAZP_11,11_25,20025,18,plot:166:20025:18,TRUE,TRUE,TRUE,L_Pgrass,ready_for_build
691,GAZP_11,11_25,20025,19,plot:166:20025:19,TRUE,TRUE,TRUE,L_Pgrass,ready_for_build
692,GAZP_11,11_25,20025,20,plot:166:20025:20,TRUE,TRUE,TRUE,L_Pgrass,ready_for_build
693,GAZP_11,11_25,20025,21,plot:166:20025:21,TRUE,TRUE,TRUE,L_Pgrass,ready_for_build
694,GAZP_11,11_25,20025,22,plot:166:20025:22,TRUE,TRUE,TRUE,L_Pgrass,ready_for_build
695,GAZP_11,11_25,20025,23,plot:166:20025:23,TRUE,TRUE,TRUE,L_Pgrass,ready_for_build
696,GAZP_11,11_25,20025,24,plot:166:20025:24,TRUE,TRUE,TRUE,L_Pgrass,ready_for_build
697,GAZP_11,11_25,20025,25,plot:166:20025:25,TRUE,TRUE,TRUE,L_Pgrass,ready_for_build
698,GAZP_11,11_25,20025,26,plot:166:20025:26,TRUE,TRUE,TRUE,L_Pgrass,ready_for_build
699,GAZP_11,11_25,20025,27,plot:166:20025:27,TRUE,TRUE,TRUE,L_Pgrass,ready_for_build
700,GAZP_11,11_25,20025,28,plot:166:20025:28,TRUE,TRUE,TRUE,L_Pgrass,ready_for_build
701,GAZP_11,11_25,20025,29,plot:166:20025:29,TRUE,TRUE,TRUE,L_Pgrass,ready_for_build
702,GAZP_11,11_25,20025,30,plot:166:20025:30,TRUE,TRUE,TRUE,L_Pgrass,ready_for_build
703,GAZP_11,11_25,20025,31,plot:166:20025:31,TRUE,TRUE,TRUE,L_Pgrass,ready_for_build
704,GAZP_11,11_25,20025,32,plot:166:20025:32,TRUE,TRUE,TRUE,L_Pgrass,ready_for_build
705,GAZP_11,11_25,20025,33,plot:166:20025:33,TRUE,TRUE,TRUE,L_Pgrass,ready_for_build
706,GAZP_11,11_25,20025,34,plot:166:20025:34,TRUE,TRUE,TRUE,L_Pgrass,ready_for_build
707,GAZP_11,11_25,20025,35,plot:166:20025:35,TRUE,TRUE,TRUE,L_Pgrass,ready_for_build
708,GAZP_11,11_25,20025,36,plot:166:20025:36,TRUE,TRUE,TRUE,L_Pgrass,ready_for_build
709,GAZP_11,11_25,20025,37,plot:166:20025:37,TRUE,TRUE,TRUE,L_Pgrass,ready_for_build
710,GAZP_11,11_25,20025,38,plot:166:20025:38,TRUE,TRUE,TRUE,L_Pgrass,ready_for_build
711,GAZP_11,11_25,20025,39,plot:166:20025:39,TRUE,TRUE,TRUE,L_Pgrass,ready_for_build
712,GAZP_11,11_25,20025,40,plot:166:20025:40,TRUE,TRUE,TRUE,L_Pgrass,ready_for_build
713,GAZP_11,11_25,20025,41,plot:166:20025:41,TRUE,TRUE,TRUE,L_Pgrass,ready_for_build
714,GAZP_11,11_25,20025,42,plot:166:20025:42,TRUE,TRUE,TRUE,L_Pgrass,ready_for_build
715,GAZP_11,11_25,20025,43,plot:166:20025:43,TRUE,TRUE,TRUE,L_Pgrass,ready_for_build
716,GAZP_11,11_25,20025,44,plot:166:20025:44,TRUE,TRUE,TRUE,L_Pgrass,ready_for_build
717,GAZP_11,11_25,20025,45,plot:166:20025:45,TRUE,TRUE,TRUE,L_Pgrass,ready_for_build
718,GAZP_11,11_25,20025,46,plot:166:20025:46,TRUE,TRUE,TRUE,L_Pgrass,ready_for_build
719,GAZP_11,11_25,20025,47,plot:166:20025:47,TRUE,TRUE,TRUE,L_Pgrass,ready_for_build
720,GAZP_11,11_25,20025,48,plot:166:20025:48,TRUE,TRUE,TRUE,L_Pgrass,ready_for_build
721,GAZP_11,11_25,20025,49,plot:166:20025:49,TRUE,TRUE,TRUE,L_Pgrass,ready_for_build
722,GAZP_11,11_25,20025,50,plot:166:20025:50,TRUE,TRUE,TRUE,L_Pgrass,ready_for_build
723,GAZP_11,11_25,20025,51,plot:166:20025:51,TRUE,TRUE,TRUE,L_Pgrass,ready_for_build
724,GAZP_11,11_25,20025,52,plot:166:20025:52,TRUE,TRUE,TRUE,L_Pgrass,ready_for_build
725,GAZP_11,11_25,20025,53,plot:166:20025:53,TRUE,TRUE,TRUE,L_Pgrass,ready_for_build
726,GAZP_11,11_25,20025,54,plot:166:20025:54,TRUE,TRUE,TRUE,L_Pgrass,ready_for_build
727,GAZP_11,11_25,20025,55,plot:166:20025:55,TRUE,TRUE,TRUE,L_Pgrass,ready_for_build
728,GAZP_11,11_25,20025,56,plot:166:20025:56,TRUE,TRUE,TRUE,L_Pgrass,ready_for_build
729,GAZP_11,11_25,20025,57,plot:166:20025:57,TRUE,TRUE,TRUE,L_Pgrass,ready_for_build
730,GAZP_11,11_25,20025,58,plot:166:20025:58,TRUE,TRUE,TRUE,L_Pgrass,ready_for_build
731,GAZP_11,11_25,20025,59,plot:166:20025:59,TRUE,TRUE,TRUE,L_Pgrass,ready_for_build
732,GAZP_11,11_25,20025,60,plot:166:20025:60,TRUE,TRUE,TRUE,L_Pgrass,ready_for_build
733,GAZP_11,11_25,20025,61,plot:166:20025:61,TRUE,TRUE,TRUE,L_Pgrass,ready_for_build
734,GAZP_11,11_25,20025,62,plot:166:20025:62,TRUE,TRUE,TRUE,L_Pgrass,ready_for_build
735,GAZP_11,11_25,20025,63,plot:166:20025:63,TRUE,TRUE,TRUE,L_Pgrass,ready_for_build
736,GAZP_11,11_25,20025,64,plot:166:20025:64,TRUE,TRUE,TRUE,L_Pgrass,ready_for_build
737,GAZP_11,11_25,20025,65,plot:166:20025:65,TRUE,TRUE,TRUE,L_Pgrass,ready_for_build
738,GAZP_11,11_25,20025,66,plot:166:20025:66,TRUE,TRUE,TRUE,L_Pgrass,ready_for_build
739,GAZP_11,11_25,20025,67,plot:166:20025:67,TRUE,TRUE,TRUE,L_Pgrass,ready_for_build
740,GAZP_11,11_25,20025,68,plot:166:20025:68,TRUE,TRUE,TRUE,L_Pgrass,ready_for_build
741,GAZP_11,11_25,20025,69,plot:166:20025:69,TRUE,TRUE,TRUE,L_Pgrass,ready_for_build
742,GAZP_11,11_25,20025,70,plot:166:20025:70,TRUE,TRUE,TRUE,L_Pgrass,ready_for_build
743,GAZP_11,11_25,20025,71,plot:166:20025:71,TRUE,TRUE,TRUE,L_Pgrass,ready_for_build
744,GAZP_11,11_25,20025,72,plot:166:20025:72,TRUE,TRUE,TRUE,L_Pgrass,ready_for_build
745,GAZP_11,11_25,20025,73,plot:166:20025:73,TRUE,TRUE,TRUE,L_Pgrass,ready_for_build
746,GAZP_11,11_25,20025,74,plot:166:20025:74,TRUE,TRUE,TRUE,L_Pgrass,ready_for_build
747,GAZP_11,11_25,20025,75,plot:166:20025:75,TRUE,TRUE,TRUE,L_Pgrass,ready_for_build
748,GAZP_11,11_25,20025,76,plot:166:20025:76,TRUE,TRUE,TRUE,L_Pgrass,ready_for_build
749,GAZP_11,11_25,20025,77,plot:166:20025:77,TRUE,TRUE,TRUE,L_Pgrass,ready_for_build
750,GAZP_11,11_25,20025,78,plot:166:20025:78,TRUE,TRUE,TRUE,L_Pgrass,ready_for_build
751,GAZP_11,11_25,20025,79,plot:166:20025:79,TRUE,TRUE,TRUE,L_Pgrass,ready_for_build
752,GAZP_11,11_25,20025,80,plot:166:20025:80,TRUE,TRUE,TRUE,L_Pgrass,ready_for_build
753,GAZP_11,11_25,20025,81,plot:166:20025:81,TRUE,TRUE,TRUE,L_Pgrass,ready_for_build
754,GAZP_11,11_25,20025,82,plot:166:20025:82,TRUE,TRUE,TRUE,L_Pgrass,ready_for_build
755,GAZP_11,11_25,20025,83,plot:166:20025:83,TRUE,TRUE,TRUE,L_Pgrass,ready_for_build
756,GAZP_11,11_25,20025,84,plot:166:20025:84,TRUE,TRUE,TRUE,L_Pgrass,ready_for_build
757,GAZP_11,11_25,20025,85,plot:166:20025:85,TRUE,TRUE,TRUE,L_Pgrass,ready_for_build
758,GAZP_11,11_25,20025,86,plot:166:20025:86,TRUE,TRUE,TRUE,L_Pgrass,ready_for_build
759,GAZP_11,11_25,20025,87,plot:166:20025:87,TRUE,TRUE,TRUE,L_Pgrass,ready_for_build
760,GAZP_11,11_25,20025,88,plot:166:20025:88,TRUE,TRUE,TRUE,L_Pgrass,ready_for_build
761,GAZP_11,11_25,20025,89,plot:166:20025:89,TRUE,TRUE,TRUE,L_Pgrass,ready_for_build
762,GAZP_11,11_25,20025,90,plot:166:20025:90,TRUE,TRUE,TRUE,L_Pgrass,ready_for_build
763,GAZP_11,11_25,20025,91,plot:166:20025:91,TRUE,TRUE,TRUE,L_Pgrass,ready_for_build
764,GAZP_11,11_25,20025,92,plot:166:20025:92,TRUE,TRUE,TRUE,L_Pgrass,ready_for_build
765,GAZP_11,11_25,20025,93,plot:166:20025:93,TRUE,TRUE,TRUE,L_Pgrass,ready_for_build
766,GAZP_11,11_25,20025,94,plot:166:20025:94,TRUE,TRUE,TRUE,L_Pgrass,ready_for_build
767,GAZP_11,11_25,20025,95,plot:166:20025:95,TRUE,TRUE,TRUE,L_Pgrass,ready_for_build
768,GAZP_11,11_25,20025,96,plot:166:20025:96,TRUE,TRUE,TRUE,L_Pgrass,ready_for_build
769,GAZP_11,11_25,20025,97,plot:166:20025:97,TRUE,TRUE,TRUE,L_Pgrass,ready_for_build
770,GAZP_11,11_25,20025,98,plot:166:20025:98,TRUE,TRUE,TRUE,L_Pgrass,ready_for_build
771,GAZP_11,11_25,20025,99,plot:166:20025:99,TRUE,TRUE,TRUE,L_Pgrass,ready_for_build
772,GAZP_11,11_25,20025,100,plot:166:20025:100,TRUE,TRUE,TRUE,L_Pgrass,ready_for_build
773,GAZP_11,11_25,20025,101,plot:166:20025:101,TRUE,TRUE,TRUE,L_Pgrass,ready_for_build
774,GAZP_11,11_25,20025,102,plot:166:20025:102,TRUE,TRUE,TRUE,L_Pgrass,ready_for_build
775,GAZP_11,11_25,20025,103,plot:166:20025:103,TRUE,TRUE,TRUE,L_Pgrass,ready_for_build
776,GAZP_11,11_25,20025,104,plot:166:20025:104,TRUE,TRUE,TRUE,L_Pgrass,ready_for_build
777,GAZP_11,11_25,20025,105,plot:166:20025:105,TRUE,TRUE,TRUE,L_Pgrass,ready_for_build
778,GAZP_11,11_25,20025,106,plot:166:20025:106,TRUE,TRUE,TRUE,L_Pgrass,ready_for_build
779,GAZP_11,11_25,20025,107,plot:166:20025:107,TRUE,TRUE,TRUE,L_Pgrass,ready_for_build
780,GAZP_11,11_25,20025,108,plot:166:20025:108,TRUE,TRUE,TRUE,L_Pgrass,ready_for_build
781,GAZP_11,11_25,20025,109,plot:166:20025:109,TRUE,TRUE,TRUE,L_Pgrass,ready_for_build
782,GAZP_11,11_25,20025,110,plot:166:20025:110,TRUE,TRUE,TRUE,L_Pgrass,ready_for_build
783,GAZP_11,11_25,20025,111,plot:166:20025:111,TRUE,TRUE,TRUE,L_Pgrass,ready_for_build
784,GAZP_11,11_25,20025,112,plot:166:20025:112,TRUE,TRUE,TRUE,L_Pgrass,ready_for_build
785,GAZP_11,11_25,20025,113,plot:166:20025:113,TRUE,TRUE,TRUE,L_Pgrass,ready_for_build
786,GAZP_11,11_25,20025,114,plot:166:20025:114,TRUE,TRUE,TRUE,L_Pgrass,ready_for_build
787,GAZP_11,11_25,20025,115,plot:166:20025:115,TRUE,TRUE,TRUE,L_Pgrass,ready_for_build
788,GAZP_11,11_25,20025,116,plot:166:20025:116,TRUE,TRUE,TRUE,L_Pgrass,ready_for_build
789,GAZP_11,11_25,20025,117,plot:166:20025:117,TRUE,TRUE,TRUE,L_Pgrass,ready_for_build
790,GAZP_11,11_25,20025,118,plot:166:20025:118,TRUE,TRUE,TRUE,L_Pgrass,ready_for_build
791,GAZP_11,11_25,20025,119,plot:166:20025:119,TRUE,TRUE,TRUE,L_Pgrass,ready_for_build
792,GAZP_11,11_25,20025,120,plot:166:20025:120,TRUE,TRUE,TRUE,L_Pgrass,ready_for_build
793,GAZP_11,11_25,20025,121,plot:166:20025:121,TRUE,TRUE,TRUE,L_Pgrass,ready_for_build
794,GAZP_11,11_25,20025,122,plot:166:20025:122,TRUE,TRUE,TRUE,L_Pgrass,ready_for_build
795,GAZP_11,11_25,20025,123,plot:166:20025:123,TRUE,TRUE,TRUE,L_Pgrass,ready_for_build
796,GAZP_11,11_25,20025,124,plot:166:20025:124,TRUE,TRUE,TRUE,L_Pgrass,ready_for_build
797,GAZP_11,11_25,20025,125,plot:166:20025:125,TRUE,TRUE,TRUE,L_Pgrass,ready_for_build
798,GAZP_11,11_25,20025,126,plot:166:20025:126,TRUE,TRUE,TRUE,L_Pgrass,ready_for_build
799,GAZP_11,11_25,20025,127,plot:166:20025:127,TRUE,TRUE,TRUE,L_Pgrass,ready_for_build
800,GAZP_11,11_25,20025,128,plot:166:20025:128,TRUE,TRUE,TRUE,L_Pgrass,ready_for_build
801,GAZP_11,11_25,20025,129,plot:166:20025:129,TRUE,TRUE,TRUE,L_Pgrass,ready_for_build
802,GAZP_11,11_25,20025,130,plot:166:20025:130,TRUE,TRUE,TRUE,L_Pgrass,ready_for_build
803,GAZP_11,11_25,20025,131,plot:166:20025:131,TRUE,TRUE,TRUE,L_Pgrass,ready_for_build
804,GAZP_11,11_25,20025,132,plot:166:20025:132,TRUE,TRUE,TRUE,L_Pgrass,ready_for_build
805,GAZP_11,11_25,20025,133,plot:166:20025:133,TRUE,TRUE,TRUE,L_Pgrass,ready_for_build
806,GAZP_11,11_25,20025,134,plot:166:20025:134,TRUE,TRUE,TRUE,L_Pgrass,ready_for_build
807,GAZP_11,11_25,20025,135,plot:166:20025:135,TRUE,TRUE,TRUE,L_Pgrass,ready_for_build
808,GAZP_11,11_25,20025,136,plot:166:20025:136,TRUE,TRUE,TRUE,L_Pgrass,ready_for_build
809,GAZP_11,11_26,10301,73,plot:166:10301:73,TRUE,TRUE,TRUE,L_Pgrass,ready_for_build
810,GAZP_11,11_26,10301,163,plot:166:10301:163,TRUE,TRUE,TRUE,L_Pgrass,ready_for_build
811,GAZP_11,11_26,10307,102,plot:166:10307:102,TRUE,TRUE,TRUE,L_Pgrass,ready_for_build
812,GAZP_11,11_26,10307,142,plot:166:10307:142,TRUE,TRUE,TRUE,L_Pgrass,ready_for_build
813,GAZP_11,11_26,10308,461,plot:166:10308:461,TRUE,TRUE,TRUE,L_Pgrass,ready_for_build
814,GAZP_11,11_26,10308,501,plot:166:10308:501,TRUE,TRUE,TRUE,L_Pgrass,ready_for_build
815,GAZP_11,11_26,10308,541,plot:166:10308:541,TRUE,TRUE,TRUE,L_Pgrass,ready_for_build
816,GAZP_11,11_26,10401,463,plot:166:10401:463,TRUE,TRUE,TRUE,L_Pgrass,ready_for_build
817,GAZP_11,11_26,10401,543,plot:166:10401:543,TRUE,TRUE,TRUE,L_Pgrass,ready_for_build
818,GAZP_11,11_26,10407,102,plot:166:10407:102,TRUE,TRUE,TRUE,L_Pgrass,ready_for_build
819,GAZP_11,11_26,10407,142,plot:166:10407:142,TRUE,TRUE,TRUE,L_Pgrass,ready_for_build
820,GAZP_11,11_26,10408,61,plot:166:10408:61,TRUE,TRUE,TRUE,L_Pgrass,ready_for_build
821,GAZP_11,11_26,10408,101,plot:166:10408:101,TRUE,TRUE,TRUE,L_Pgrass,ready_for_build
822,GAZP_11,11_26,10408,141,plot:166:10408:141,TRUE,TRUE,TRUE,L_Pgrass,ready_for_build
823,GAZP_11,11_27,10701,493,plot:166:10701:493,TRUE,TRUE,TRUE,L_Pgrass,ready_for_build
824,GAZP_11,11_27,10701,573,plot:166:10701:573,TRUE,TRUE,TRUE,L_Pgrass,ready_for_build
825,GAZP_11,11_27,10707,502,plot:166:10707:502,TRUE,TRUE,TRUE,L_Pgrass,ready_for_build
826,GAZP_11,11_27,10707,542,plot:166:10707:542,TRUE,TRUE,TRUE,L_Pgrass,ready_for_build
827,GAZP_11,11_27,10708,61,plot:166:10708:61,TRUE,TRUE,TRUE,L_Pgrass,ready_for_build
828,GAZP_11,11_27,10708,101,plot:166:10708:101,TRUE,TRUE,TRUE,L_Pgrass,ready_for_build
829,GAZP_11,11_27,10708,141,plot:166:10708:141,TRUE,TRUE,TRUE,L_Pgrass,ready_for_build
830,GAZP_11,11_27,10801,63,plot:166:10801:63,TRUE,TRUE,TRUE,L_Pgrass,ready_for_build
831,GAZP_11,11_27,10801,143,plot:166:10801:143,TRUE,TRUE,TRUE,L_Pgrass,ready_for_build
832,GAZP_11,11_27,10807,502,plot:166:10807:502,TRUE,TRUE,TRUE,L_Pgrass,ready_for_build
833,GAZP_11,11_27,10807,542,plot:166:10807:542,TRUE,TRUE,TRUE,L_Pgrass,ready_for_build
834,GAZP_11,11_27,10808,461,plot:166:10808:461,TRUE,TRUE,TRUE,L_Pgrass,ready_for_build
835,GAZP_11,11_27,10808,501,plot:166:10808:501,TRUE,TRUE,TRUE,L_Pgrass,ready_for_build
836,GAZP_11,11_27,10808,541,plot:166:10808:541,TRUE,TRUE,TRUE,L_Pgrass,ready_for_build
837,GAZP_11,11_28,10310,63,plot:166:10310:63,TRUE,TRUE,TRUE,L_Pgrass,ready_for_build
838,GAZP_11,11_28,10310,143,plot:166:10310:143,TRUE,TRUE,TRUE,L_Pgrass,ready_for_build
839,GAZP_11,11_28,10316,102,plot:166:10316:102,TRUE,TRUE,TRUE,L_Pgrass,ready_for_build
840,GAZP_11,11_28,10316,142,plot:166:10316:142,TRUE,TRUE,TRUE,L_Pgrass,ready_for_build
841,GAZP_11,11_28,10317,461,plot:166:10317:461,TRUE,TRUE,TRUE,L_Pgrass,ready_for_build
842,GAZP_11,11_28,10317,501,plot:166:10317:501,TRUE,TRUE,TRUE,L_Pgrass,ready_for_build
843,GAZP_11,11_28,10317,541,plot:166:10317:541,TRUE,TRUE,TRUE,L_Pgrass,ready_for_build
844,GAZP_11,11_28,10410,63,plot:166:10410:63,TRUE,TRUE,TRUE,L_Pgrass,ready_for_build
845,GAZP_11,11_28,10410,143,plot:166:10410:143,TRUE,TRUE,TRUE,L_Pgrass,ready_for_build
846,GAZP_11,11_28,10416,502,plot:166:10416:502,TRUE,TRUE,TRUE,L_Pgrass,ready_for_build
847,GAZP_11,11_28,10416,542,plot:166:10416:542,TRUE,TRUE,TRUE,L_Pgrass,ready_for_build
848,GAZP_11,11_28,10417,461,plot:166:10417:461,TRUE,TRUE,TRUE,L_Pgrass,ready_for_build
849,GAZP_11,11_28,10417,501,plot:166:10417:501,TRUE,TRUE,TRUE,L_Pgrass,ready_for_build
850,GAZP_11,11_28,10417,541,plot:166:10417:541,TRUE,TRUE,TRUE,L_Pgrass,ready_for_build
851,GAZP_11,11_29,10710,463,plot:166:10710:463,TRUE,TRUE,TRUE,L_Pgrass,ready_for_build
852,GAZP_11,11_29,10710,543,plot:166:10710:543,TRUE,TRUE,TRUE,L_Pgrass,ready_for_build
853,GAZP_11,11_29,10716,502,plot:166:10716:502,TRUE,TRUE,TRUE,L_Pgrass,ready_for_build
854,GAZP_11,11_29,10716,542,plot:166:10716:542,TRUE,TRUE,TRUE,L_Pgrass,ready_for_build
855,GAZP_11,11_29,10717,61,plot:166:10717:61,TRUE,TRUE,TRUE,L_Pgrass,ready_for_build
856,GAZP_11,11_29,10717,101,plot:166:10717:101,TRUE,TRUE,TRUE,L_Pgrass,ready_for_build
857,GAZP_11,11_29,10717,141,plot:166:10717:141,TRUE,TRUE,TRUE,L_Pgrass,ready_for_build
858,GAZP_11,11_29,10810,463,plot:166:10810:463,TRUE,TRUE,TRUE,L_Pgrass,ready_for_build
859,GAZP_11,11_29,10810,543,plot:166:10810:543,TRUE,TRUE,TRUE,L_Pgrass,ready_for_build
860,GAZP_11,11_29,10816,102,plot:166:10816:102,TRUE,TRUE,TRUE,L_Pgrass,ready_for_build
861,GAZP_11,11_29,10816,142,plot:166:10816:142,TRUE,TRUE,TRUE,L_Pgrass,ready_for_build
862,GAZP_11,11_29,10817,61,plot:166:10817:61,TRUE,TRUE,TRUE,L_Pgrass,ready_for_build
863,GAZP_11,11_29,10817,101,plot:166:10817:101,TRUE,TRUE,TRUE,L_Pgrass,ready_for_build
864,GAZP_11,11_29,10817,141,plot:166:10817:141,TRUE,TRUE,TRUE,L_Pgrass,ready_for_build
865,GAZP_11,11_30,11101,183,plot:166:11101:183,TRUE,TRUE,TRUE,Ely_ely,ready_for_build
866,GAZP_11,11_30,11107,182,plot:166:11107:182,TRUE,TRUE,TRUE,Ely_ely,ready_for_build
867,GAZP_11,11_30,11108,101,plot:166:11108:101,TRUE,TRUE,TRUE,Ely_ely,ready_for_build
868,GAZP_11,11_30,11201,173,plot:166:11201:173,TRUE,TRUE,TRUE,Ely_ely,ready_for_build
869,GAZP_11,11_30,11207,182,plot:166:11207:182,TRUE,TRUE,TRUE,Ely_ely,ready_for_build
870,GAZP_11,11_30,11208,21,plot:166:11208:21,TRUE,TRUE,TRUE,Ely_ely,ready_for_build
871,GAZP_11,11_31,11501,463,plot:166:11501:463,TRUE,TRUE,TRUE,Ely_ely,ready_for_build
872,GAZP_11,11_31,11507,542,plot:166:11507:542,TRUE,TRUE,TRUE,Ely_ely,ready_for_build
873,GAZP_11,11_31,11508,501,plot:166:11508:501,TRUE,TRUE,TRUE,Ely_ely,ready_for_build
874,GAZP_11,11_31,11601,583,plot:166:11601:583,TRUE,TRUE,TRUE,Ely_ely,ready_for_build
875,GAZP_11,11_31,11607,502,plot:166:11607:502,TRUE,TRUE,TRUE,Ely_ely,ready_for_build
876,GAZP_11,11_31,11608,541,plot:166:11608:541,TRUE,TRUE,TRUE,Ely_ely,ready_for_build
877,GAZP_11,11_32,11110,23,plot:166:11110:23,TRUE,TRUE,TRUE,Ely_ely,ready_for_build
878,GAZP_11,11_32,11116,142,plot:166:11116:142,TRUE,TRUE,TRUE,Ely_ely,ready_for_build
879,GAZP_11,11_32,11117,481,plot:166:11117:481,TRUE,TRUE,TRUE,Ely_ely,ready_for_build
880,GAZP_11,11_32,11210,543,plot:166:11210:543,TRUE,TRUE,TRUE,Ely_ely,ready_for_build
881,GAZP_11,11_32,11216,22,plot:166:11216:22,TRUE,TRUE,TRUE,Ely_ely,ready_for_build
882,GAZP_11,11_32,11217,421,plot:166:11217:421,TRUE,TRUE,TRUE,Ely_ely,ready_for_build
883,GAZP_11,11_33,11510,583,plot:166:11510:583,TRUE,TRUE,TRUE,Ely_ely,ready_for_build
884,GAZP_11,11_33,11516,582,plot:166:11516:582,TRUE,TRUE,TRUE,Ely_ely,ready_for_build
885,GAZP_11,11_33,11517,21,plot:166:11517:21,TRUE,TRUE,TRUE,Ely_ely,ready_for_build
886,GAZP_11,11_33,11610,183,plot:166:11610:183,TRUE,TRUE,TRUE,Ely_ely,ready_for_build
887,GAZP_11,11_33,11616,542,plot:166:11616:542,TRUE,TRUE,TRUE,Ely_ely,ready_for_build
888,GAZP_11,11_33,11617,181,plot:166:11617:181,TRUE,TRUE,TRUE,Ely_ely,ready_for_build
889,GAZP_11,11_34,11101,63,plot:166:11101:63,TRUE,TRUE,TRUE,Ely_tra,ready_for_build
890,GAZP_11,11_34,11107,102,plot:166:11107:102,TRUE,TRUE,TRUE,Ely_tra,ready_for_build
891,GAZP_11,11_34,11108,181,plot:166:11108:181,TRUE,TRUE,TRUE,Ely_tra,ready_for_build
892,GAZP_11,11_34,11201,63,plot:166:11201:63,TRUE,TRUE,TRUE,Ely_tra,ready_for_build
893,GAZP_11,11_34,11207,102,plot:166:11207:102,TRUE,TRUE,TRUE,Ely_tra,ready_for_build
894,GAZP_11,11_34,11208,181,plot:166:11208:181,TRUE,TRUE,TRUE,Ely_tra,ready_for_build
895,GAZP_11,11_35,11501,583,plot:166:11501:583,TRUE,TRUE,TRUE,Ely_tra,ready_for_build
896,GAZP_11,11_35,11507,502,plot:166:11507:502,TRUE,TRUE,TRUE,Ely_tra,ready_for_build
897,GAZP_11,11_35,11508,421,plot:166:11508:421,TRUE,TRUE,TRUE,Ely_tra,ready_for_build
898,GAZP_11,11_35,11601,423,plot:166:11601:423,TRUE,TRUE,TRUE,Ely_tra,ready_for_build
899,GAZP_11,11_35,11607,542,plot:166:11607:542,TRUE,TRUE,TRUE,Ely_tra,ready_for_build
900,GAZP_11,11_35,11608,421,plot:166:11608:421,TRUE,TRUE,TRUE,Ely_tra,ready_for_build
901,GAZP_11,11_36,11110,183,plot:166:11110:183,TRUE,TRUE,TRUE,Ely_tra,ready_for_build
902,GAZP_11,11_36,11116,102,plot:166:11116:102,TRUE,TRUE,TRUE,Ely_tra,ready_for_build
903,GAZP_11,11_36,11117,581,plot:166:11117:581,TRUE,TRUE,TRUE,Ely_tra,ready_for_build
904,GAZP_11,11_36,11210,583,plot:166:11210:583,TRUE,TRUE,TRUE,Ely_tra,ready_for_build
905,GAZP_11,11_36,11216,142,plot:166:11216:142,TRUE,TRUE,TRUE,Ely_tra,ready_for_build
906,GAZP_11,11_36,11217,581,plot:166:11217:581,TRUE,TRUE,TRUE,Ely_tra,ready_for_build
907,GAZP_11,11_37,11510,423,plot:166:11510:423,TRUE,TRUE,TRUE,Ely_tra,ready_for_build
908,GAZP_11,11_37,11516,422,plot:166:11516:422,TRUE,TRUE,TRUE,Ely_tra,ready_for_build
909,GAZP_11,11_37,11517,101,plot:166:11517:101,TRUE,TRUE,TRUE,Ely_tra,ready_for_build
910,GAZP_11,11_37,11610,63,plot:166:11610:63,TRUE,TRUE,TRUE,Ely_tra,ready_for_build
911,GAZP_11,11_37,11616,462,plot:166:11616:462,TRUE,TRUE,TRUE,Ely_tra,ready_for_build
912,GAZP_11,11_37,11617,61,plot:166:11617:61,TRUE,TRUE,TRUE,Ely_tra,ready_for_build
913,GAZP_11,11_38,11101,23,plot:166:11101:23,TRUE,TRUE,TRUE,Poa_fen,ready_for_build
914,GAZP_11,11_38,11107,142,plot:166:11107:142,TRUE,TRUE,TRUE,Poa_fen,ready_for_build
915,GAZP_11,11_38,11108,141,plot:166:11108:141,TRUE,TRUE,TRUE,Poa_fen,ready_for_build
916,GAZP_11,11_38,11201,133,plot:166:11201:133,TRUE,TRUE,TRUE,Poa_fen,ready_for_build
917,GAZP_11,11_38,11207,62,plot:166:11207:62,TRUE,TRUE,TRUE,Poa_fen,ready_for_build
918,GAZP_11,11_38,11208,141,plot:166:11208:141,TRUE,TRUE,TRUE,Poa_fen,ready_for_build
919,GAZP_11,11_39,11501,503,plot:166:11501:503,TRUE,TRUE,TRUE,Poa_fen,ready_for_build
920,GAZP_11,11_39,11507,582,plot:166:11507:582,TRUE,TRUE,TRUE,Poa_fen,ready_for_build
921,GAZP_11,11_39,11508,541,plot:166:11508:541,TRUE,TRUE,TRUE,Poa_fen,ready_for_build
922,GAZP_11,11_39,11601,503,plot:166:11601:503,TRUE,TRUE,TRUE,Poa_fen,ready_for_build
923,GAZP_11,11_39,11607,422,plot:166:11607:422,TRUE,TRUE,TRUE,Poa_fen,ready_for_build
924,GAZP_11,11_39,11608,571,plot:166:11608:571,TRUE,TRUE,TRUE,Poa_fen,ready_for_build
925,GAZP_11,11_40,11110,143,plot:166:11110:143,TRUE,TRUE,TRUE,Poa_fen,ready_for_build
926,GAZP_11,11_40,11116,62,plot:166:11116:62,TRUE,TRUE,TRUE,Poa_fen,ready_for_build
927,GAZP_11,11_40,11117,421,plot:166:11117:421,TRUE,TRUE,TRUE,Poa_fen,ready_for_build
928,GAZP_11,11_40,11210,463,plot:166:11210:463,TRUE,TRUE,TRUE,Poa_fen,ready_for_build
929,GAZP_11,11_40,11216,182,plot:166:11216:182,TRUE,TRUE,TRUE,Poa_fen,ready_for_build
930,GAZP_11,11_40,11217,501,plot:166:11217:501,TRUE,TRUE,TRUE,Poa_fen,ready_for_build
931,GAZP_11,11_41,11510,543,plot:166:11510:543,TRUE,TRUE,TRUE,Poa_fen,ready_for_build
932,GAZP_11,11_41,11516,502,plot:166:11516:502,TRUE,TRUE,TRUE,Poa_fen,ready_for_build
933,GAZP_11,11_41,11517,61,plot:166:11517:61,TRUE,TRUE,TRUE,Poa_fen,ready_for_build
934,GAZP_11,11_41,11610,143,plot:166:11610:143,TRUE,TRUE,TRUE,Poa_fen,ready_for_build
935,GAZP_11,11_41,11616,422,plot:166:11616:422,TRUE,TRUE,TRUE,Poa_fen,ready_for_build
936,GAZP_11,11_41,11617,21,plot:166:11617:21,TRUE,TRUE,TRUE,Poa_fen,ready_for_build
937,GAZP_11,11_42,11101,103,plot:166:11101:103,TRUE,TRUE,TRUE,Pse_rup,ready_for_build
938,GAZP_11,11_42,11107,62,plot:166:11107:62,TRUE,TRUE,TRUE,Pse_rup,ready_for_build
939,GAZP_11,11_42,11108,21,plot:166:11108:21,TRUE,TRUE,TRUE,Pse_rup,ready_for_build
940,GAZP_11,11_42,11201,93,plot:166:11201:93,TRUE,TRUE,TRUE,Pse_rup,ready_for_build
941,GAZP_11,11_42,11207,22,plot:166:11207:22,TRUE,TRUE,TRUE,Pse_rup,ready_for_build
942,GAZP_11,11_42,11208,101,plot:166:11208:101,TRUE,TRUE,TRUE,Pse_rup,ready_for_build
943,GAZP_11,11_43,11501,423,plot:166:11501:423,TRUE,TRUE,TRUE,Pse_rup,ready_for_build
944,GAZP_11,11_43,11507,462,plot:166:11507:462,TRUE,TRUE,TRUE,Pse_rup,ready_for_build
945,GAZP_11,11_43,11508,581,plot:166:11508:581,TRUE,TRUE,TRUE,Pse_rup,ready_for_build
946,GAZP_11,11_43,11601,463,plot:166:11601:463,TRUE,TRUE,TRUE,Pse_rup,ready_for_build
947,GAZP_11,11_43,11607,582,plot:166:11607:582,TRUE,TRUE,TRUE,Pse_rup,ready_for_build
948,GAZP_11,11_43,11608,461,plot:166:11608:461,TRUE,TRUE,TRUE,Pse_rup,ready_for_build
949,GAZP_11,11_44,11110,63,plot:166:11110:63,TRUE,TRUE,TRUE,Pse_rup,ready_for_build
950,GAZP_11,11_44,11116,22,plot:166:11116:22,TRUE,TRUE,TRUE,Pse_rup,ready_for_build
951,GAZP_11,11_44,11117,541,plot:166:11117:541,TRUE,TRUE,TRUE,Pse_rup,ready_for_build
952,GAZP_11,11_44,11210,423,plot:166:11210:423,TRUE,TRUE,TRUE,Pse_rup,ready_for_build
953,GAZP_11,11_44,11216,102,plot:166:11216:102,TRUE,TRUE,TRUE,Pse_rup,ready_for_build
954,GAZP_11,11_44,11217,461,plot:166:11217:461,TRUE,TRUE,TRUE,Pse_rup,ready_for_build
955,GAZP_11,11_45,11510,503,plot:166:11510:503,TRUE,TRUE,TRUE,Pse_rup,ready_for_build
956,GAZP_11,11_45,11516,462,plot:166:11516:462,TRUE,TRUE,TRUE,Pse_rup,ready_for_build
957,GAZP_11,11_45,11517,181,plot:166:11517:181,TRUE,TRUE,TRUE,Pse_rup,ready_for_build
958,GAZP_11,11_45,11610,103,plot:166:11610:103,TRUE,TRUE,TRUE,Pse_rup,ready_for_build
959,GAZP_11,11_45,11616,502,plot:166:11616:502,TRUE,TRUE,TRUE,Pse_rup,ready_for_build
960,GAZP_11,11_45,11617,101,plot:166:11617:101,TRUE,TRUE,TRUE,Pse_rup,ready_for_build
961,GAZP_11,11_46,11101,143,plot:166:11101:143,TRUE,TRUE,TRUE,Vul_mic,ready_for_build
962,GAZP_11,11_46,11107,22,plot:166:11107:22,TRUE,TRUE,TRUE,Vul_mic,ready_for_build
963,GAZP_11,11_46,11108,61,plot:166:11108:61,TRUE,TRUE,TRUE,Vul_mic,ready_for_build
964,GAZP_11,11_46,11201,23,plot:166:11201:23,TRUE,TRUE,TRUE,Vul_mic,ready_for_build
965,GAZP_11,11_46,11207,142,plot:166:11207:142,TRUE,TRUE,TRUE,Vul_mic,ready_for_build
966,GAZP_11,11_46,11208,61,plot:166:11208:61,TRUE,TRUE,TRUE,Vul_mic,ready_for_build
967,GAZP_11,11_47,11501,543,plot:166:11501:543,TRUE,TRUE,TRUE,Vul_mic,ready_for_build
968,GAZP_11,11_47,11507,422,plot:166:11507:422,TRUE,TRUE,TRUE,Vul_mic,ready_for_build
969,GAZP_11,11_47,11508,461,plot:166:11508:461,TRUE,TRUE,TRUE,Vul_mic,ready_for_build
970,GAZP_11,11_47,11601,543,plot:166:11601:543,TRUE,TRUE,TRUE,Vul_mic,ready_for_build
971,GAZP_11,11_47,11607,462,plot:166:11607:462,TRUE,TRUE,TRUE,Vul_mic,ready_for_build
972,GAZP_11,11_47,11608,501,plot:166:11608:501,TRUE,TRUE,TRUE,Vul_mic,ready_for_build
973,GAZP_11,11_48,11110,103,plot:166:11110:103,TRUE,TRUE,TRUE,Vul_mic,ready_for_build
974,GAZP_11,11_48,11116,182,plot:166:11116:182,TRUE,TRUE,TRUE,Vul_mic,ready_for_build
975,GAZP_11,11_48,11117,501,plot:166:11117:501,TRUE,TRUE,TRUE,Vul_mic,ready_for_build
976,GAZP_11,11_48,11210,503,plot:166:11210:503,TRUE,TRUE,TRUE,Vul_mic,ready_for_build
977,GAZP_11,11_48,11216,62,plot:166:11216:62,TRUE,TRUE,TRUE,Vul_mic,ready_for_build
978,GAZP_11,11_48,11217,541,plot:166:11217:541,TRUE,TRUE,TRUE,Vul_mic,ready_for_build
979,GAZP_11,11_49,11510,463,plot:166:11510:463,TRUE,TRUE,TRUE,Vul_mic,ready_for_build
980,GAZP_11,11_49,11516,542,plot:166:11516:542,TRUE,TRUE,TRUE,Vul_mic,ready_for_build
981,GAZP_11,11_49,11517,141,plot:166:11517:141,TRUE,TRUE,TRUE,Vul_mic,ready_for_build
982,GAZP_11,11_49,11610,23,plot:166:11610:23,TRUE,TRUE,TRUE,Vul_mic,ready_for_build
983,GAZP_11,11_49,11616,582,plot:166:11616:582,TRUE,TRUE,TRUE,Vul_mic,ready_for_build
984,GAZP_11,11_49,11617,141,plot:166:11617:141,TRUE,TRUE,TRUE,Vul_mic,ready_for_build
985,GAZP_11,11_50,20050,1,plot:166:20050:1,TRUE,TRUE,TRUE,L_Pgrass,ready_for_build
986,GAZP_11,11_50,20050,2,plot:166:20050:2,TRUE,TRUE,TRUE,L_Pgrass,ready_for_build
987,GAZP_11,11_50,20050,3,plot:166:20050:3,TRUE,TRUE,TRUE,L_Pgrass,ready_for_build
988,GAZP_11,11_50,20050,4,plot:166:20050:4,TRUE,TRUE,TRUE,L_Pgrass,ready_for_build
989,GAZP_11,11_50,20050,5,plot:166:20050:5,TRUE,TRUE,TRUE,L_Pgrass,ready_for_build
990,GAZP_11,11_50,20050,6,plot:166:20050:6,TRUE,TRUE,TRUE,L_Pgrass,ready_for_build
991,GAZP_11,11_50,20050,7,plot:166:20050:7,TRUE,TRUE,TRUE,L_Pgrass,ready_for_build
992,GAZP_11,11_50,20050,8,plot:166:20050:8,TRUE,TRUE,TRUE,L_Pgrass,ready_for_build
993,GAZP_11,11_50,20050,9,plot:166:20050:9,TRUE,TRUE,TRUE,L_Pgrass,ready_for_build
994,GAZP_11,11_50,20050,10,plot:166:20050:10,TRUE,TRUE,TRUE,L_Pgrass,ready_for_build
995,GAZP_11,11_50,20050,11,plot:166:20050:11,TRUE,TRUE,TRUE,L_Pgrass,ready_for_build
996,GAZP_11,11_50,20050,12,plot:166:20050:12,TRUE,TRUE,TRUE,L_Pgrass,ready_for_build
997,GAZP_11,11_50,20050,13,plot:166:20050:13,TRUE,TRUE,TRUE,L_Pgrass,ready_for_build
998,GAZP_11,11_50,20050,14,plot:166:20050:14,TRUE,TRUE,TRUE,L_Pgrass,ready_for_build
999,GAZP_11,11_50,20050,15,plot:166:20050:15,TRUE,TRUE,TRUE,L_Pgrass,ready_for_build
1000,GAZP_11,11_50,20050,16,plot:166:20050:16,TRUE,TRUE,TRUE,L_Pgrass,ready_for_build
1001,GAZP_11,11_50,20050,17,plot:166:20050:17,TRUE,TRUE,TRUE,L_Pgrass,ready_for_build
1002,GAZP_11,11_50,20050,18,plot:166:20050:18,TRUE,TRUE,TRUE,L_Pgrass,ready_for_build
1003,GAZP_11,11_50,20050,19,plot:166:20050:19,TRUE,TRUE,TRUE,L_Pgrass,ready_for_build
1004,GAZP_11,11_50,20050,20,plot:166:20050:20,TRUE,TRUE,TRUE,L_Pgrass,ready_for_build
1005,GAZP_11,11_50,20050,21,plot:166:20050:21,TRUE,TRUE,TRUE,L_Pgrass,ready_for_build
1006,GAZP_11,11_50,20050,22,plot:166:20050:22,TRUE,TRUE,TRUE,L_Pgrass,ready_for_build
1007,GAZP_11,11_50,20050,23,plot:166:20050:23,TRUE,TRUE,TRUE,L_Pgrass,ready_for_build
1008,GAZP_11,11_50,20050,24,plot:166:20050:24,TRUE,TRUE,TRUE,L_Pgrass,ready_for_build
1009,GAZP_11,11_50,20050,25,plot:166:20050:25,TRUE,TRUE,TRUE,L_Pgrass,ready_for_build
1010,GAZP_11,11_50,20050,26,plot:166:20050:26,TRUE,TRUE,TRUE,L_Pgrass,ready_for_build
1011,GAZP_11,11_50,20050,27,plot:166:20050:27,TRUE,TRUE,TRUE,L_Pgrass,ready_for_build
1012,GAZP_11,11_50,20050,28,plot:166:20050:28,TRUE,TRUE,TRUE,L_Pgrass,ready_for_build
1013,GAZP_11,11_50,20050,29,plot:166:20050:29,TRUE,TRUE,TRUE,L_Pgrass,ready_for_build
1014,GAZP_11,11_50,20050,30,plot:166:20050:30,TRUE,TRUE,TRUE,L_Pgrass,ready_for_build
1015,GAZP_11,11_50,20050,31,plot:166:20050:31,TRUE,TRUE,TRUE,L_Pgrass,ready_for_build
1016,GAZP_11,11_50,20050,32,plot:166:20050:32,TRUE,TRUE,TRUE,L_Pgrass,ready_for_build
1017,GAZP_11,11_50,20050,33,plot:166:20050:33,TRUE,TRUE,TRUE,L_Pgrass,ready_for_build
1018,GAZP_11,11_50,20050,34,plot:166:20050:34,TRUE,TRUE,TRUE,L_Pgrass,ready_for_build
1019,GAZP_11,11_50,20050,35,plot:166:20050:35,TRUE,TRUE,TRUE,L_Pgrass,ready_for_build
1020,GAZP_11,11_50,20050,36,plot:166:20050:36,TRUE,TRUE,TRUE,L_Pgrass,ready_for_build
1021,GAZP_11,11_50,20050,37,plot:166:20050:37,TRUE,TRUE,TRUE,L_Pgrass,ready_for_build
1022,GAZP_11,11_50,20050,38,plot:166:20050:38,TRUE,TRUE,TRUE,L_Pgrass,ready_for_build
1023,GAZP_11,11_50,20050,39,plot:166:20050:39,TRUE,TRUE,TRUE,L_Pgrass,ready_for_build
1024,GAZP_11,11_50,20050,40,plot:166:20050:40,TRUE,TRUE,TRUE,L_Pgrass,ready_for_build
1025,GAZP_11,11_50,20050,41,plot:166:20050:41,TRUE,TRUE,TRUE,L_Pgrass,ready_for_build
1026,GAZP_11,11_50,20050,42,plot:166:20050:42,TRUE,TRUE,TRUE,L_Pgrass,ready_for_build
1027,GAZP_11,11_50,20050,43,plot:166:20050:43,TRUE,TRUE,TRUE,L_Pgrass,ready_for_build
1028,GAZP_11,11_50,20050,44,plot:166:20050:44,TRUE,TRUE,TRUE,L_Pgrass,ready_for_build
1029,GAZP_11,11_50,20050,45,plot:166:20050:45,TRUE,TRUE,TRUE,L_Pgrass,ready_for_build
1030,GAZP_11,11_50,20050,46,plot:166:20050:46,TRUE,TRUE,TRUE,L_Pgrass,ready_for_build
1031,GAZP_11,11_50,20050,47,plot:166:20050:47,TRUE,TRUE,TRUE,L_Pgrass,ready_for_build
1032,GAZP_11,11_50,20050,48,plot:166:20050:48,TRUE,TRUE,TRUE,L_Pgrass,ready_for_build
1033,GAZP_11,11_50,20050,49,plot:166:20050:49,TRUE,TRUE,TRUE,L_Pgrass,ready_for_build
1034,GAZP_11,11_50,20050,50,plot:166:20050:50,TRUE,TRUE,TRUE,L_Pgrass,ready_for_build
1035,GAZP_11,11_50,20050,51,plot:166:20050:51,TRUE,TRUE,TRUE,L_Pgrass,ready_for_build
1036,GAZP_11,11_50,20050,52,plot:166:20050:52,TRUE,TRUE,TRUE,L_Pgrass,ready_for_build
1037,GAZP_11,11_50,20050,53,plot:166:20050:53,TRUE,TRUE,TRUE,L_Pgrass,ready_for_build
1038,GAZP_11,11_50,20050,54,plot:166:20050:54,TRUE,TRUE,TRUE,L_Pgrass,ready_for_build
1039,GAZP_11,11_50,20050,55,plot:166:20050:55,TRUE,TRUE,TRUE,L_Pgrass,ready_for_build
1040,GAZP_11,11_50,20050,56,plot:166:20050:56,TRUE,TRUE,TRUE,L_Pgrass,ready_for_build
1041,GAZP_11,11_50,20050,57,plot:166:20050:57,TRUE,TRUE,TRUE,L_Pgrass,ready_for_build
1042,GAZP_11,11_50,20050,58,plot:166:20050:58,TRUE,TRUE,TRUE,L_Pgrass,ready_for_build
1043,GAZP_11,11_50,20050,59,plot:166:20050:59,TRUE,TRUE,TRUE,L_Pgrass,ready_for_build
1044,GAZP_11,11_50,20050,60,plot:166:20050:60,TRUE,TRUE,TRUE,L_Pgrass,ready_for_build
1045,GAZP_11,11_51,10107,462,plot:166:10107:462,TRUE,TRUE,TRUE,L_Pgrass,ready_for_build
1046,GAZP_11,11_51,10107,542,plot:166:10107:542,TRUE,TRUE,TRUE,L_Pgrass,ready_for_build
1047,GAZP_11,11_51,10108,63,plot:166:10108:63,TRUE,TRUE,TRUE,L_Pgrass,ready_for_build
1048,GAZP_11,11_51,10108,143,plot:166:10108:143,TRUE,TRUE,TRUE,L_Pgrass,ready_for_build
1049,GAZP_11,11_51,10109,61,plot:166:10109:61,TRUE,TRUE,TRUE,L_Pgrass,ready_for_build
1050,GAZP_11,11_51,10109,101,plot:166:10109:101,TRUE,TRUE,TRUE,L_Pgrass,ready_for_build
1051,GAZP_11,11_51,10109,141,plot:166:10109:141,TRUE,TRUE,TRUE,L_Pgrass,ready_for_build
1052,GAZP_11,11_51,10206,462,plot:166:10206:462,TRUE,TRUE,TRUE,L_Pgrass,ready_for_build
1053,GAZP_11,11_51,10206,542,plot:166:10206:542,TRUE,TRUE,TRUE,L_Pgrass,ready_for_build
1054,GAZP_11,11_51,10207,63,plot:166:10207:63,TRUE,TRUE,TRUE,L_Pgrass,ready_for_build
1055,GAZP_11,11_51,10207,143,plot:166:10207:143,TRUE,TRUE,TRUE,L_Pgrass,ready_for_build
1056,GAZP_11,11_51,10208,61,plot:166:10208:61,TRUE,TRUE,TRUE,L_Pgrass,ready_for_build
1057,GAZP_11,11_51,10208,101,plot:166:10208:101,TRUE,TRUE,TRUE,L_Pgrass,ready_for_build
1058,GAZP_11,11_51,10208,141,plot:166:10208:141,TRUE,TRUE,TRUE,L_Pgrass,ready_for_build
1059,GAZP_11,11_52,10507,62,plot:166:10507:62,TRUE,TRUE,TRUE,L_Pgrass,ready_for_build
1060,GAZP_11,11_52,10507,142,plot:166:10507:142,TRUE,TRUE,TRUE,L_Pgrass,ready_for_build
1061,GAZP_11,11_52,10508,463,plot:166:10508:463,TRUE,TRUE,TRUE,L_Pgrass,ready_for_build
1062,GAZP_11,11_52,10508,543,plot:166:10508:543,TRUE,TRUE,TRUE,L_Pgrass,ready_for_build
1063,GAZP_11,11_52,10509,461,plot:166:10509:461,TRUE,TRUE,TRUE,L_Pgrass,ready_for_build
1064,GAZP_11,11_52,10509,501,plot:166:10509:501,TRUE,TRUE,TRUE,L_Pgrass,ready_for_build
1065,GAZP_11,11_52,10509,541,plot:166:10509:541,TRUE,TRUE,TRUE,L_Pgrass,ready_for_build
1066,GAZP_11,11_52,10606,62,plot:166:10606:62,TRUE,TRUE,TRUE,L_Pgrass,ready_for_build
1067,GAZP_11,11_52,10606,142,plot:166:10606:142,TRUE,TRUE,TRUE,L_Pgrass,ready_for_build
1068,GAZP_11,11_52,10607,463,plot:166:10607:463,TRUE,TRUE,TRUE,L_Pgrass,ready_for_build
1069,GAZP_11,11_52,10607,543,plot:166:10607:543,TRUE,TRUE,TRUE,L_Pgrass,ready_for_build
1070,GAZP_11,11_52,10608,461,plot:166:10608:461,TRUE,TRUE,TRUE,L_Pgrass,ready_for_build
1071,GAZP_11,11_52,10608,501,plot:166:10608:501,TRUE,TRUE,TRUE,L_Pgrass,ready_for_build
1072,GAZP_11,11_52,10608,541,plot:166:10608:541,TRUE,TRUE,TRUE,L_Pgrass,ready_for_build
1073,GAZP_11,11_53,10110,62,plot:166:10110:62,TRUE,TRUE,TRUE,L_Pgrass,ready_for_build
1074,GAZP_11,11_53,10110,142,plot:166:10110:142,TRUE,TRUE,TRUE,L_Pgrass,ready_for_build
1075,GAZP_11,11_53,10111,63,plot:166:10111:63,TRUE,TRUE,TRUE,L_Pgrass,ready_for_build
1076,GAZP_11,11_53,10111,143,plot:166:10111:143,TRUE,TRUE,TRUE,L_Pgrass,ready_for_build
1077,GAZP_11,11_53,10112,61,plot:166:10112:61,TRUE,TRUE,TRUE,L_Pgrass,ready_for_build
1078,GAZP_11,11_53,10112,101,plot:166:10112:101,TRUE,TRUE,TRUE,L_Pgrass,ready_for_build
1079,GAZP_11,11_53,10112,141,plot:166:10112:141,TRUE,TRUE,TRUE,L_Pgrass,ready_for_build
1080,GAZP_11,11_53,10209,462,plot:166:10209:462,TRUE,TRUE,TRUE,L_Pgrass,ready_for_build
1081,GAZP_11,11_53,10209,542,plot:166:10209:542,TRUE,TRUE,TRUE,L_Pgrass,ready_for_build
1082,GAZP_11,11_53,10210,63,plot:166:10210:63,TRUE,TRUE,TRUE,L_Pgrass,ready_for_build
1083,GAZP_11,11_53,10210,143,plot:166:10210:143,TRUE,TRUE,TRUE,L_Pgrass,ready_for_build
1084,GAZP_11,11_53,10211,461,plot:166:10211:461,TRUE,TRUE,TRUE,L_Pgrass,ready_for_build
1085,GAZP_11,11_53,10211,501,plot:166:10211:501,TRUE,TRUE,TRUE,L_Pgrass,ready_for_build
1086,GAZP_11,11_53,10211,541,plot:166:10211:541,TRUE,TRUE,TRUE,L_Pgrass,ready_for_build
1087,GAZP_11,11_54,10511,463,plot:166:10511:463,TRUE,TRUE,TRUE,L_Pgrass,ready_for_build
1088,GAZP_11,11_54,10511,543,plot:166:10511:543,TRUE,TRUE,TRUE,L_Pgrass,ready_for_build
1089,GAZP_11,11_54,10512,461,plot:166:10512:461,TRUE,TRUE,TRUE,L_Pgrass,ready_for_build
1090,GAZP_11,11_54,10512,501,plot:166:10512:501,TRUE,TRUE,TRUE,L_Pgrass,ready_for_build
1091,GAZP_11,11_54,10512,541,plot:166:10512:541,TRUE,TRUE,TRUE,L_Pgrass,ready_for_build
1092,GAZP_11,11_54,10519,462,plot:166:10519:462,TRUE,TRUE,TRUE,L_Pgrass,ready_for_build
1093,GAZP_11,11_54,10519,542,plot:166:10519:542,TRUE,TRUE,TRUE,L_Pgrass,ready_for_build
1094,GAZP_11,11_54,10609,62,plot:166:10609:62,TRUE,TRUE,TRUE,L_Pgrass,ready_for_build
1095,GAZP_11,11_54,10609,142,plot:166:10609:142,TRUE,TRUE,TRUE,L_Pgrass,ready_for_build
1096,GAZP_11,11_54,10610,463,plot:166:10610:463,TRUE,TRUE,TRUE,L_Pgrass,ready_for_build
1097,GAZP_11,11_54,10610,543,plot:166:10610:543,TRUE,TRUE,TRUE,L_Pgrass,ready_for_build
1098,GAZP_11,11_54,10611,61,plot:166:10611:61,TRUE,TRUE,TRUE,L_Pgrass,ready_for_build
1099,GAZP_11,11_54,10611,101,plot:166:10611:101,TRUE,TRUE,TRUE,L_Pgrass,ready_for_build
1100,GAZP_11,11_54,10611,141,plot:166:10611:141,TRUE,TRUE,TRUE,L_Pgrass,ready_for_build
1101,GAZP_11,11_55,10907,142,plot:166:10907:142,TRUE,TRUE,TRUE,Ely_ely,ready_for_build
1102,GAZP_11,11_55,10908,583,plot:166:10908:583,TRUE,TRUE,TRUE,Ely_ely,ready_for_build
1103,GAZP_11,11_55,10909,101,plot:166:10909:101,TRUE,TRUE,TRUE,Ely_ely,ready_for_build
1104,GAZP_11,11_55,11007,22,plot:166:11007:22,TRUE,TRUE,TRUE,Ely_ely,ready_for_build
1105,GAZP_11,11_55,11008,183,plot:166:11008:183,TRUE,TRUE,TRUE,Ely_ely,ready_for_build
1106,GAZP_11,11_55,11009,111,plot:166:11009:111,TRUE,TRUE,TRUE,Ely_ely,ready_for_build
1107,GAZP_11,11_56,11307,422,plot:166:11307:422,TRUE,TRUE,TRUE,Ely_ely,ready_for_build
1108,GAZP_11,11_56,11308,143,plot:166:11308:143,TRUE,TRUE,TRUE,Ely_ely,ready_for_build
1109,GAZP_11,11_56,11309,501,plot:166:11309:501,TRUE,TRUE,TRUE,Ely_ely,ready_for_build
1110,GAZP_11,11_56,11407,542,plot:166:11407:542,TRUE,TRUE,TRUE,Ely_ely,ready_for_build
1111,GAZP_11,11_56,11408,583,plot:166:11408:583,TRUE,TRUE,TRUE,Ely_ely,ready_for_build
1112,GAZP_11,11_56,11409,581,plot:166:11409:581,TRUE,TRUE,TRUE,Ely_ely,ready_for_build
1113,GAZP_11,11_57,10910,62,plot:166:10910:62,TRUE,TRUE,TRUE,Ely_ely,ready_for_build
1114,GAZP_11,11_57,10911,143,plot:166:10911:143,TRUE,TRUE,TRUE,Ely_ely,ready_for_build
1115,GAZP_11,11_57,10912,461,plot:166:10912:461,TRUE,TRUE,TRUE,Ely_ely,ready_for_build
1116,GAZP_11,11_57,11010,582,plot:166:11010:582,TRUE,TRUE,TRUE,Ely_ely,ready_for_build
1117,GAZP_11,11_57,11011,613,plot:166:11011:613,TRUE,TRUE,TRUE,Ely_ely,ready_for_build
1118,GAZP_11,11_57,11012,61,plot:166:11012:61,TRUE,TRUE,TRUE,Ely_ely,ready_for_build
1119,GAZP_11,11_58,11310,542,plot:166:11310:542,TRUE,TRUE,TRUE,Ely_ely,ready_for_build
1120,GAZP_11,11_58,11311,543,plot:166:11311:543,TRUE,TRUE,TRUE,Ely_ely,ready_for_build
1121,GAZP_11,11_58,11312,181,plot:166:11312:181,TRUE,TRUE,TRUE,Ely_ely,ready_for_build
1122,GAZP_11,11_58,11410,132,plot:166:11410:132,TRUE,TRUE,TRUE,Ely_ely,ready_for_build
1123,GAZP_11,11_58,11411,63,plot:166:11411:63,TRUE,TRUE,TRUE,Ely_ely,ready_for_build
1124,GAZP_11,11_58,11412,541,plot:166:11412:541,TRUE,TRUE,TRUE,Ely_ely,ready_for_build
1125,GAZP_11,11_59,10907,62,plot:166:10907:62,TRUE,TRUE,TRUE,Ely_tra,ready_for_build
1126,GAZP_11,11_59,10908,503,plot:166:10908:503,TRUE,TRUE,TRUE,Ely_tra,ready_for_build
1127,GAZP_11,11_59,10909,61,plot:166:10909:61,TRUE,TRUE,TRUE,Ely_tra,ready_for_build
1128,GAZP_11,11_59,11007,62,plot:166:11007:62,TRUE,TRUE,TRUE,Ely_tra,ready_for_build
1129,GAZP_11,11_59,11008,103,plot:166:11008:103,TRUE,TRUE,TRUE,Ely_tra,ready_for_build
1130,GAZP_11,11_59,11009,31,plot:166:11009:31,TRUE,TRUE,TRUE,Ely_tra,ready_for_build
1131,GAZP_11,11_60,11307,542,plot:166:11307:542,TRUE,TRUE,TRUE,Ely_tra,ready_for_build
1132,GAZP_11,11_60,11308,23,plot:166:11308:23,TRUE,TRUE,TRUE,Ely_tra,ready_for_build
1133,GAZP_11,11_60,11309,541,plot:166:11309:541,TRUE,TRUE,TRUE,Ely_tra,ready_for_build
1134,GAZP_11,11_60,11407,462,plot:166:11407:462,TRUE,TRUE,TRUE,Ely_tra,ready_for_build
1135,GAZP_11,11_60,11408,463,plot:166:11408:463,TRUE,TRUE,TRUE,Ely_tra,ready_for_build
1136,GAZP_11,11_60,11409,501,plot:166:11409:501,TRUE,TRUE,TRUE,Ely_tra,ready_for_build
1137,GAZP_11,11_61,10910,182,plot:166:10910:182,TRUE,TRUE,TRUE,Ely_tra,ready_for_build
1138,GAZP_11,11_61,10911,73,plot:166:10911:73,TRUE,TRUE,TRUE,Ely_tra,ready_for_build
1139,GAZP_11,11_61,10912,581,plot:166:10912:581,TRUE,TRUE,TRUE,Ely_tra,ready_for_build
1140,GAZP_11,11_61,11010,462,plot:166:11010:462,TRUE,TRUE,TRUE,Ely_tra,ready_for_build
1141,GAZP_11,11_61,11011,543,plot:166:11011:543,TRUE,TRUE,TRUE,Ely_tra,ready_for_build
1142,GAZP_11,11_61,11012,101,plot:166:11012:101,TRUE,TRUE,TRUE,Ely_tra,ready_for_build
1143,GAZP_11,11_62,11310,502,plot:166:11310:502,TRUE,TRUE,TRUE,Ely_tra,ready_for_build
1144,GAZP_11,11_62,11311,423,plot:166:11311:423,TRUE,TRUE,TRUE,Ely_tra,ready_for_build
1145,GAZP_11,11_62,11312,141,plot:166:11312:141,TRUE,TRUE,TRUE,Ely_tra,ready_for_build
1146,GAZP_11,11_62,11410,172,plot:166:11410:172,TRUE,TRUE,TRUE,Ely_tra,ready_for_build
1147,GAZP_11,11_62,11411,233,plot:166:11411:233,TRUE,TRUE,TRUE,Ely_tra,ready_for_build
1148,GAZP_11,11_62,11412,581,plot:166:11412:581,TRUE,TRUE,TRUE,Ely_tra,ready_for_build
1149,GAZP_11,11_63,10907,102,plot:166:10907:102,TRUE,TRUE,TRUE,Poa_fen,ready_for_build
1150,GAZP_11,11_63,10908,543,plot:166:10908:543,TRUE,TRUE,TRUE,Poa_fen,ready_for_build
1151,GAZP_11,11_63,10909,141,plot:166:10909:141,TRUE,TRUE,TRUE,Poa_fen,ready_for_build
1152,GAZP_11,11_63,11007,142,plot:166:11007:142,TRUE,TRUE,TRUE,Poa_fen,ready_for_build
1153,GAZP_11,11_63,11008,143,plot:166:11008:143,TRUE,TRUE,TRUE,Poa_fen,ready_for_build
1154,GAZP_11,11_63,11009,71,plot:166:11009:71,TRUE,TRUE,TRUE,Poa_fen,ready_for_build
1155,GAZP_11,11_64,11307,502,plot:166:11307:502,TRUE,TRUE,TRUE,Poa_fen,ready_for_build
1156,GAZP_11,11_64,11308,103,plot:166:11308:103,TRUE,TRUE,TRUE,Poa_fen,ready_for_build
1157,GAZP_11,11_64,11309,461,plot:166:11309:461,TRUE,TRUE,TRUE,Poa_fen,ready_for_build
1158,GAZP_11,11_64,11407,422,plot:166:11407:422,TRUE,TRUE,TRUE,Poa_fen,ready_for_build
1159,GAZP_11,11_64,11408,503,plot:166:11408:503,TRUE,TRUE,TRUE,Poa_fen,ready_for_build
1160,GAZP_11,11_64,11409,461,plot:166:11409:461,TRUE,TRUE,TRUE,Poa_fen,ready_for_build
1161,GAZP_11,11_65,10910,142,plot:166:10910:142,TRUE,TRUE,TRUE,Poa_fen,ready_for_build
1162,GAZP_11,11_65,10911,183,plot:166:10911:183,TRUE,TRUE,TRUE,Poa_fen,ready_for_build
1163,GAZP_11,11_65,10912,501,plot:166:10912:501,TRUE,TRUE,TRUE,Poa_fen,ready_for_build
1164,GAZP_11,11_65,11010,502,plot:166:11010:502,TRUE,TRUE,TRUE,Poa_fen,ready_for_build
1165,GAZP_11,11_65,11011,463,plot:166:11011:463,TRUE,TRUE,TRUE,Poa_fen,ready_for_build
1166,GAZP_11,11_65,11012,181,plot:166:11012:181,TRUE,TRUE,TRUE,Poa_fen,ready_for_build
1167,GAZP_11,11_66,11310,582,plot:166:11310:582,TRUE,TRUE,TRUE,Poa_fen,ready_for_build
1168,GAZP_11,11_66,11311,503,plot:166:11311:503,TRUE,TRUE,TRUE,Poa_fen,ready_for_build
1169,GAZP_11,11_66,11312,21,plot:166:11312:21,TRUE,TRUE,TRUE,Poa_fen,ready_for_build
1170,GAZP_11,11_66,11410,22,plot:166:11410:22,TRUE,TRUE,TRUE,Poa_fen,ready_for_build
1171,GAZP_11,11_66,11411,23,plot:166:11411:23,TRUE,TRUE,TRUE,Poa_fen,ready_for_build
1172,GAZP_11,11_66,11412,421,plot:166:11412:421,TRUE,TRUE,TRUE,Poa_fen,ready_for_build
1173,GAZP_11,11_67,10907,22,plot:166:10907:22,TRUE,TRUE,TRUE,Pse_rup,ready_for_build
1174,GAZP_11,11_67,10908,463,plot:166:10908:463,TRUE,TRUE,TRUE,Pse_rup,ready_for_build
1175,GAZP_11,11_67,10909,181,plot:166:10909:181,TRUE,TRUE,TRUE,Pse_rup,ready_for_build
1176,GAZP_11,11_67,11007,182,plot:166:11007:182,TRUE,TRUE,TRUE,Pse_rup,ready_for_build
1177,GAZP_11,11_67,11008,23,plot:166:11008:23,TRUE,TRUE,TRUE,Pse_rup,ready_for_build
1178,GAZP_11,11_67,11009,141,plot:166:11009:141,TRUE,TRUE,TRUE,Pse_rup,ready_for_build
1179,GAZP_11,11_68,11307,582,plot:166:11307:582,TRUE,TRUE,TRUE,Pse_rup,ready_for_build
1180,GAZP_11,11_68,11308,183,plot:166:11308:183,TRUE,TRUE,TRUE,Pse_rup,ready_for_build
1181,GAZP_11,11_68,11309,581,plot:166:11309:581,TRUE,TRUE,TRUE,Pse_rup,ready_for_build
1182,GAZP_11,11_68,11407,582,plot:166:11407:582,TRUE,TRUE,TRUE,Pse_rup,ready_for_build
1183,GAZP_11,11_68,11408,543,plot:166:11408:543,TRUE,TRUE,TRUE,Pse_rup,ready_for_build
1184,GAZP_11,11_68,11409,421,plot:166:11409:421,TRUE,TRUE,TRUE,Pse_rup,ready_for_build
1185,GAZP_11,11_69,10910,102,plot:166:10910:102,TRUE,TRUE,TRUE,Pse_rup,ready_for_build
1186,GAZP_11,11_69,10911,113,plot:166:10911:113,TRUE,TRUE,TRUE,Pse_rup,ready_for_build
1187,GAZP_11,11_69,10912,421,plot:166:10912:421,TRUE,TRUE,TRUE,Pse_rup,ready_for_build
1188,GAZP_11,11_69,11010,422,plot:166:11010:422,TRUE,TRUE,TRUE,Pse_rup,ready_for_build
1189,GAZP_11,11_69,11011,573,plot:166:11011:573,TRUE,TRUE,TRUE,Pse_rup,ready_for_build
1190,GAZP_11,11_69,11012,141,plot:166:11012:141,TRUE,TRUE,TRUE,Pse_rup,ready_for_build
1191,GAZP_11,11_70,11310,462,plot:166:11310:462,TRUE,TRUE,TRUE,Pse_rup,ready_for_build
1192,GAZP_11,11_70,11311,583,plot:166:11311:583,TRUE,TRUE,TRUE,Pse_rup,ready_for_build
1193,GAZP_11,11_70,11312,61,plot:166:11312:61,TRUE,TRUE,TRUE,Pse_rup,ready_for_build
1194,GAZP_11,11_70,11410,62,plot:166:11410:62,TRUE,TRUE,TRUE,Pse_rup,ready_for_build
1195,GAZP_11,11_70,11411,103,plot:166:11411:103,TRUE,TRUE,TRUE,Pse_rup,ready_for_build
1196,GAZP_11,11_70,11412,501,plot:166:11412:501,TRUE,TRUE,TRUE,Pse_rup,ready_for_build
1197,GAZP_11,11_71,10907,182,plot:166:10907:182,TRUE,TRUE,TRUE,Vul_mic,ready_for_build
1198,GAZP_11,11_71,10908,423,plot:166:10908:423,TRUE,TRUE,TRUE,Vul_mic,ready_for_build
1199,GAZP_11,11_71,10909,21,plot:166:10909:21,TRUE,TRUE,TRUE,Vul_mic,ready_for_build
1200,GAZP_11,11_71,11007,102,plot:166:11007:102,TRUE,TRUE,TRUE,Vul_mic,ready_for_build
1201,GAZP_11,11_71,11008,63,plot:166:11008:63,TRUE,TRUE,TRUE,Vul_mic,ready_for_build
1202,GAZP_11,11_71,11009,181,plot:166:11009:181,TRUE,TRUE,TRUE,Vul_mic,ready_for_build
1203,GAZP_11,11_72,11307,462,plot:166:11307:462,TRUE,TRUE,TRUE,Vul_mic,ready_for_build
1204,GAZP_11,11_72,11308,63,plot:166:11308:63,TRUE,TRUE,TRUE,Vul_mic,ready_for_build
1205,GAZP_11,11_72,11309,621,plot:166:11309:621,TRUE,TRUE,TRUE,Vul_mic,ready_for_build
1206,GAZP_11,11_72,11407,502,plot:166:11407:502,TRUE,TRUE,TRUE,Vul_mic,ready_for_build
1207,GAZP_11,11_72,11408,423,plot:166:11408:423,TRUE,TRUE,TRUE,Vul_mic,ready_for_build
1208,GAZP_11,11_72,11409,541,plot:166:11409:541,TRUE,TRUE,TRUE,Vul_mic,ready_for_build
1209,GAZP_11,11_73,10910,22,plot:166:10910:22,TRUE,TRUE,TRUE,Vul_mic,ready_for_build
1210,GAZP_11,11_73,10911,23,plot:166:10911:23,TRUE,TRUE,TRUE,Vul_mic,ready_for_build
1211,GAZP_11,11_73,10912,541,plot:166:10912:541,TRUE,TRUE,TRUE,Vul_mic,ready_for_build
1212,GAZP_11,11_73,11010,542,plot:166:11010:542,TRUE,TRUE,TRUE,Vul_mic,ready_for_build
1213,GAZP_11,11_73,11011,503,plot:166:11011:503,TRUE,TRUE,TRUE,Vul_mic,ready_for_build
1214,GAZP_11,11_73,11012,21,plot:166:11012:21,TRUE,TRUE,TRUE,Vul_mic,ready_for_build
1215,GAZP_11,11_74,11310,422,plot:166:11310:422,TRUE,TRUE,TRUE,Vul_mic,ready_for_build
1216,GAZP_11,11_74,11311,463,plot:166:11311:463,TRUE,TRUE,TRUE,Vul_mic,ready_for_build
1217,GAZP_11,11_74,11312,101,plot:166:11312:101,TRUE,TRUE,TRUE,Vul_mic,ready_for_build
1218,GAZP_11,11_74,11410,102,plot:166:11410:102,TRUE,TRUE,TRUE,Vul_mic,ready_for_build
1219,GAZP_11,11_74,11411,183,plot:166:11411:183,TRUE,TRUE,TRUE,Vul_mic,ready_for_build
1220,GAZP_11,11_74,11412,461,plot:166:11412:461,TRUE,TRUE,TRUE,Vul_mic,ready_for_build
