ID,Spp,DormTreat,Plot,Rep,RepLine,AssignedLineNumber,PlotLineCODE,Block,GM,Water,EmergN,EmergA,EmergD,EmergTOT,Bio,TotalN,NoEmbryoDevN,GermN,ShrivelledGermN,NoEmbryoRemovedN,FungalN,PredatedN,ShrivelledN,StillViableN,DataNotRequiredButCollected
1_16,T_pun,CleanToSeed,29,1,1,1,29_1,E4,G1,W1,500,152,9,161,NA,NA,NA,NA,NA,NA,NA,NA,NA,NA,Extra
1_16,T_wis,CleanToSeed,29,1,2,2,29_2,E4,G1,W1,800,136,12,148,NA,NA,NA,NA,NA,NA,NA,NA,NA,NA,Extra
1_16,A_ina,HW,29,1,3,3,29_3,E4,G1,W1,500,360,22,382,NA,NA,NA,NA,NA,NA,NA,NA,NA,NA,Extra
1_16,I_mon,HW,29,1,4,4,29_4,E4,G1,W1,500,99,66,165,NA,NA,NA,NA,NA,NA,NA,NA,NA,NA,Extra
1_16,A_hil,HW,29,1,5,5,29_5,E4,G1,W1,450,257,13,270,NA,NA,NA,NA,NA,NA,NA,NA,NA,NA,Extra
1_16,I_mon,HW,29,2,1,6,29_6,E4,G1,W1,500,119,36,155,1.9867,35,0,7,3,0,0,0,3,22,
1_16,T_pun,CleanToSeed,29,2,2,7,29_7,E4,G1,W1,500,179,7,186,3.5746,39,0,7,0,0,13,0,9,10,
1_16,A_hil,HW,29,2,3,8,29_8,E4,G1,W1,450,202,12,214,3.2916,35,0,11,6,0,2,0,12,4,
1_16,T_wis,CleanToSeed,29,2,4,9,29_9,E4,G1,W1,800,134,9,143,2.5151,40,0,7,0,0,15,0,8,10,
1_16,A_ina,HW,29,2,5,10,29_10,E4,G1,W1,500,349,16,365,21.7593,40,0,37,0,0,1,0,0,2,
1_16,A_hil,HW,29,3,1,11,29_11,E4,G1,W1,450,201,23,224,2.5978,38,0,21,4,0,0,0,8,5,
1_16,I_mon,HW,29,3,2,12,29_12,E4,G1,W1,500,116,33,149,1.7246,37,0,6,9,0,1,0,0,21,
1_16,T_pun,CleanToSeed,29,3,3,13,29_13,E4,G1,W1,500,128,4,132,1.5579,40,0,7,0,1,20,0,6,6,
1_16,T_wis,CleanToSeed,29,3,4,14,29_14,E4,G1,W1,800,82,14,96,1.0161,39,0,13,0,0,10,0,3,13,
1_16,A_ina,HW,29,3,5,15,29_15,E4,G1,W1,500,392,20,412,22.796,40,0,37,0,0,0,0,0,3,
1_16,T_pun,CleanToSeed,29,4,1,16,29_16,E4,G1,W1,500,141,10,151,NA,NA,NA,NA,NA,NA,NA,NA,NA,NA,Extra
1_16,I_mon,HW,29,4,2,17,29_17,E4,G1,W1,500,103,30,133,NA,NA,NA,NA,NA,NA,NA,NA,NA,NA,Extra
1_16,T_wis,CleanToSeed,29,4,3,18,29_18,E4,G1,W1,800,78,7,85,NA,NA,NA,NA,NA,NA,NA,NA,NA,NA,Extra
1_16,A_hil,HW,29,4,4,19,29_19,E4,G1,W1,450,247,19,266,NA,NA,NA,NA,NA,NA,NA,NA,NA,NA,Extra
1_16,A_ina,HW,29,4,5,20,29_20,E4,G1,W1,500,412,13,425,NA,NA,NA,NA,NA,NA,NA,NA,NA,NA,Extra
1_16,A_hil,HW,34,1,1,1,34_1,B1,G1,W1,450,245,16,261,NA,NA,NA,NA,NA,NA,NA,NA,NA,NA,Extra
1_16,T_wis,CleanToSeed,34,1,2,2,34_2,B1,G1,W1,800,191,3,194,NA,NA,NA,NA,NA,NA,NA,NA,NA,NA,
1_16,I_mon,HW,34,1,3,3,34_3,B1,G1,W1,500,161,2,163,NA,NA,NA,NA,NA,NA,NA,NA,NA,NA,
1_16,A_ina,HW,34,1,4,4,34_4,B1,G1,W1,500,396,6,402,NA,NA,NA,NA,NA,NA,NA,NA,NA,NA,
1_16,T_pun,CleanToSeed,34,1,5,5,34_5,B1,G1,W1,500,178,4,182,NA,NA,NA,NA,NA,NA,NA,NA,NA,NA,
1_16,T_wis,CleanToSeed,34,2,1,6,34_6,B1,G1,W1,800,174,3,177,2.8774,40,0,8,0,0,10,0,5,17,
1_16,T_pun,CleanToSeed,34,2,2,7,34_7,B1,G1,W1,500,198,2,200,2.6484,40,0,13,0,1,14,0,3,9,
1_16,I_mon,HW,34,2,3,8,34_8,B1,G1,W1,500,112,16,128,2.0366,33,0,8,5,0,0,0,0,20,
1_16,A_hil,HW,34,2,4,9,34_9,B1,G1,W1,450,187,14,201,2.6577,38,0,18,7,0,3,0,5,5,
1_16,A_ina,HW,34,2,5,10,34_10,B1,G1,W1,500,400,15,415,23.108,40,0,36,3,0,0,0,0,1,
1_16,T_wis,CleanToSeed,34,3,1,11,34_11,B1,G1,W1,800,116,2,118,1.6012,40,0,9,0,0,14,0,3,14,
1_16,A_hil,HW,34,3,2,12,34_12,B1,G1,W1,450,227,16,243,3.0265,39,0,20,8,0,1,0,8,2,
1_16,I_mon,HW,34,3,3,13,34_13,B1,G1,W1,500,106,30,136,1.6644,32,0,3,8,0,0,0,1,20,
1_16,A_ina,HW,34,3,4,14,34_14,B1,G1,W1,500,404,18,422,24.0369,40,0,31,2,0,1,0,3,3,
1_16,T_pun,CleanToSeed,34,3,5,15,34_15,B1,G1,W1,500,143,5,148,1.5728,40,0,9,0,0,12,0,4,15,
1_16,A_hil,HW,34,4,1,16,34_16,B1,G1,W1,450,298,25,323,NA,NA,NA,NA,NA,NA,NA,NA,NA,NA,
1_16,T_wis,CleanToSeed,34,4,2,17,34_17,B1,G1,W1,800,114,3,117,NA,NA,NA,NA,NA,NA,NA,NA,NA,NA,
1_16,T_pun,CleanToSeed,34,4,3,18,34_18,B1,G1,W1,500,176,0,176,NA,NA,NA,NA,NA,NA,NA,NA,NA,NA,
1_16,A_ina,HW,34,4,4,19,34_19,B1,G1,W1,500,426,9,435,NA,NA,NA,NA,NA,NA,NA,NA,NA,NA,
1_16,I_mon,HW,34,4,5,20,34_20,B1,G1,W1,500,132,5,137,NA,NA,NA,NA,NA,NA,NA,NA,NA,NA,
1_16,A_hil,HW,47,1,1,1,47_1,H2,G1,W1,450,286,2,288,NA,NA,NA,NA,NA,NA,NA,NA,NA,NA,
1_16,T_wis,CleanToSeed,47,1,2,2,47_2,H2,G1,W1,800,142,3,145,NA,NA,NA,NA,NA,NA,NA,NA,NA,NA,
1_16,T_pun,CleanToSeed,47,1,3,3,47_3,H2,G1,W1,500,176,0,176,NA,NA,NA,NA,NA,NA,NA,NA,NA,NA,
1_16,A_ina,HW,47,1,4,4,47_4,H2,G1,W1,500,432,12,444,NA,NA,NA,NA,NA,NA,NA,NA,NA,NA,
1_16,I_mon,HW,47,1,5,5,47_5,H2,G1,W1,500,118,20,138,NA,NA,NA,NA,NA,NA,NA,NA,NA,NA,
1_16,I_mon,HW,47,2,1,6,47_6,H2,G1,W1,500,150,15,165,2.2288,27,0,2,2,0,0,0,3,20,
1_16,T_pun,CleanToSeed,47,2,2,7,47_7,H2,G1,W1,500,160,1,161,1.7739,28,0,6,0,0,10,0,3,9,
1_16,T_wis,CleanToSeed,47,2,3,8,47_8,H2,G1,W1,800,110,6,116,1.5741,40,0,11,0,0,13,0,2,14,
1_16,A_ina,HW,47,2,4,9,47_9,H2,G1,W1,500,413,6,419,23.2458,40,0,23,8,0,4,0,0,5,
1_16,A_hil,HW,47,2,5,10,47_10,H2,G1,W1,450,208,4,212,2.5631,39,0,23,6,0,2,0,5,3,
1_16,I_mon,HW,47,3,1,11,47_11,H2,G1,W1,500,129,23,152,2.341,28,0,8,4,0,0,0,3,13,
1_16,T_wis,CleanToSeed,47,3,2,12,47_12,H2,G1,W1,800,120,4,124,2.7882,40,0,10,0,0,5,0,3,22,
1_16,T_pun,CleanToSeed,47,3,3,13,47_13,H2,G1,W1,500,176,3,179,2.6723,40,0,12,0,0,7,0,4,17,
1_16,A_ina,HW,47,3,4,14,47_14,H2,G1,W1,500,440,9,449,24.4842,40,0,23,12,0,2,0,0,3,
1_16,A_hil,HW,47,3,5,15,47_15,H2,G1,W1,450,252,10,262,3.1503,40,0,29,2,0,0,0,6,3,
1_16,T_wis,CleanToSeed,47,4,1,16,47_16,H2,G1,W1,800,132,2,134,NA,NA,NA,NA,NA,NA,NA,NA,NA,NA,Extra
1_16,I_mon,HW,47,4,2,17,47_17,H2,G1,W1,500,145,26,171,NA,NA,NA,NA,NA,NA,NA,NA,NA,NA,Extra
1_16,A_ina,HW,47,4,3,18,47_18,H2,G1,W1,500,455,10,465,NA,NA,NA,NA,NA,NA,NA,NA,NA,NA,Extra
1_16,A_hil,HW,47,4,4,19,47_19,H2,G1,W1,450,268,17,285,NA,NA,NA,NA,NA,NA,NA,NA,NA,NA,Extra
1_16,T_pun,CleanToSeed,47,4,5,20,47_20,H2,G1,W1,500,167,2,169,NA,NA,NA,NA,NA,NA,NA,NA,NA,NA,Extra
1_17,I_mon,HW,20,1,1,1,20_1,C3,G2,W1,500,26,117,143,NA,NA,NA,NA,NA,NA,NA,NA,NA,NA,Extra
1_17,T_wis,CleanToSeed,20,1,2,2,20_2,C3,G2,W1,800,63,22,85,NA,NA,NA,NA,NA,NA,NA,NA,NA,NA,Extra
1_17,T_pun,CleanToSeed,20,1,3,3,20_3,C3,G2,W1,500,135,15,150,NA,NA,NA,NA,NA,NA,NA,NA,NA,NA,Extra
1_17,A_ina,HW,20,1,4,4,20_4,C3,G2,W1,500,243,61,304,NA,NA,NA,NA,NA,NA,NA,NA,NA,NA,Extra
1_17,A_hil,HW,20,1,5,5,20_5,C3,G2,W1,450,62,149,211,NA,NA,NA,NA,NA,NA,NA,NA,NA,NA,Extra
1_17,T_pun,CleanToSeed,20,2,1,6,20_6,C3,G2,W1,500,173,24,197,1.3579,40,0,13,0,0,7,0,14,6,
1_17,T_wis,CleanToSeed,20,2,2,7,20_7,C3,G2,W1,800,115,15,130,0.8999,37,0,17,0,0,0,0,1,19,
1_17,A_hil,HW,20,2,3,8,20_8,C3,G2,W1,450,108,165,273,1.0855,40,0,17,11,0,1,0,6,5,
1_17,I_mon,HW,20,2,4,9,20_9,C3,G2,W1,500,26,118,144,0.2809,38,0,1,11,0,0,0,4,22,
1_17,A_ina,HW,20,2,5,10,20_10,C3,G2,W1,500,379,49,428,19.6462,40,0,32,4,0,1,0,0,3,
1_17,T_wis,CleanToSeed,20,3,1,11,20_11,C3,G2,W1,800,166,24,190,1.1366,40,0,14,0,0,1,0,2,23,
1_17,A_hil,HW,20,3,2,12,20_12,C3,G2,W1,450,127,154,281,1.3268,40,0,15,15,0,0,0,9,1,
1_17,A_ina,HW,20,3,3,13,20_13,C3,G2,W1,500,381,53,434,17.4164,40,0,31,5,0,0,0,0,4,
1_17,T_pun,CleanToSeed,20,3,4,14,20_14,C3,G2,W1,500,164,18,182,1.2717,40,0,18,0,0,1,0,14,7,
1_17,I_mon,HW,20,3,5,15,20_15,C3,G2,W1,500,39,126,165,0.3411,40,0,4,8,0,9,0,1,18,
1_17,A_ina,HW,20,4,1,16,20_16,C3,G2,W1,500,292,53,345,NA,NA,NA,NA,NA,NA,NA,NA,NA,NA,Extra
1_17,A_hil,HW,20,4,2,17,20_17,C3,G2,W1,450,108,97,205,NA,NA,NA,NA,NA,NA,NA,NA,NA,NA,Extra
1_17,T_wis,CleanToSeed,20,4,3,18,20_18,C3,G2,W1,800,147,20,167,NA,NA,NA,NA,NA,NA,NA,NA,NA,NA,Extra
1_17,I_mon,HW,20,4,4,19,20_19,C3,G2,W1,500,57,85,142,NA,NA,NA,NA,NA,NA,NA,NA,NA,NA,Extra
1_17,T_pun,CleanToSeed,20,4,5,20,20_20,C3,G2,W1,500,149,6,155,NA,NA,NA,NA,NA,NA,NA,NA,NA,NA,Extra
1_17,A_hil,HW,48,1,1,1,48_1,H2,G2,W1,450,183,81,264,NA,NA,NA,NA,NA,NA,NA,NA,NA,NA,
1_17,I_mon,HW,48,1,2,2,48_2,H2,G2,W1,500,50,91,141,NA,NA,NA,NA,NA,NA,NA,NA,NA,NA,
1_17,T_pun,CleanToSeed,48,1,3,3,48_3,H2,G2,W1,500,111,17,128,NA,NA,NA,NA,NA,NA,NA,NA,NA,NA,
1_17,A_ina,HW,48,1,4,4,48_4,H2,G2,W1,500,269,19,288,NA,NA,NA,NA,NA,NA,NA,NA,NA,NA,
1_17,T_wis,CleanToSeed,48,1,5,5,48_5,H2,G2,W1,800,93,18,111,NA,NA,NA,NA,NA,NA,NA,NA,NA,NA,
1_17,T_pun,CleanToSeed,48,2,1,6,48_6,H2,G2,W1,500,161,10,171,1.1824,39,0,16,0,0,1,0,9,13,
1_17,T_wis,CleanToSeed,48,2,2,7,48_7,H2,G2,W1,800,139,18,157,0.9891,39,0,12,0,0,0,0,2,25,
1_17,A_ina,HW,48,2,3,8,48_8,H2,G2,W1,500,326,25,351,15.2865,40,0,28,4,0,6,0,0,2,
1_17,I_mon,HW,48,2,4,9,48_9,H2,G2,W1,500,39,83,122,0.309,38,0,7,5,0,0,0,2,24,
1_17,A_hil,HW,48,2,5,10,48_10,H2,G2,W1,450,175,95,270,1.6022,37,0,14,9,0,2,0,8,4,
1_17,T_pun,CleanToSeed,48,3,1,11,48_11,H2,G2,W1,500,127,11,138,1.023,40,0,17,0,0,5,0,9,9,
1_17,T_wis,CleanToSeed,48,3,2,12,48_12,H2,G2,W1,800,129,21,150,0.9904,40,0,13,0,0,4,0,6,17,
1_17,I_mon,HW,48,3,3,13,48_13,H2,G2,W1,500,21,109,130,0.2018,29,0,0,8,0,0,0,3,18,
1_17,A_hil,HW,48,3,4,14,48_14,H2,G2,W1,450,125,79,204,1.0218,36,0,17,9,0,2,0,8,0,
1_17,A_ina,HW,48,3,5,15,48_15,H2,G2,W1,500,343,26,369,16.6982,40,0,35,4,0,0,0,0,1,
1_17,A_hil,HW,48,4,1,16,48_16,H2,G2,W1,450,138,117,255,NA,NA,NA,NA,NA,NA,NA,NA,NA,NA,
1_17,T_wis,CleanToSeed,48,4,2,17,48_17,H2,G2,W1,800,87,23,110,NA,NA,NA,NA,NA,NA,NA,NA,NA,NA,
1_17,T_pun,CleanToSeed,48,4,3,18,48_18,H2,G2,W1,500,111,10,121,NA,NA,NA,NA,NA,NA,NA,NA,NA,NA,
1_17,A_ina,HW,48,4,4,19,48_19,H2,G2,W1,500,405,26,431,NA,NA,NA,NA,NA,NA,NA,NA,NA,NA,
1_17,I_mon,HW,48,4,5,20,48_20,H2,G2,W1,500,37,76,113,NA,NA,NA,NA,NA,NA,NA,NA,NA,NA,
1_17,A_hil,HW,49,1,1,1,49_1,B3,G2,W1,450,137,88,225,NA,NA,NA,NA,NA,NA,NA,NA,NA,NA,
1_17,T_wis,CleanToSeed,49,1,2,2,49_2,B3,G2,W1,800,99,9,108,NA,NA,NA,NA,NA,NA,NA,NA,NA,NA,
1_17,I_mon,HW,49,1,3,3,49_3,B3,G2,W1,500,70,65,135,NA,NA,NA,NA,NA,NA,NA,NA,NA,NA,
1_17,A_ina,HW,49,1,4,4,49_4,B3,G2,W1,500,366,13,379,NA,NA,NA,NA,NA,NA,NA,NA,NA,NA,
1_17,T_pun,CleanToSeed,49,1,5,5,49_5,B3,G2,W1,500,108,1,109,NA,NA,NA,NA,NA,NA,NA,NA,NA,NA,
1_17,T_wis,CleanToSeed,49,2,1,6,49_6,B3,G2,W1,800,90,9,99,0.7233,40,0,15,0,0,2,0,3,20,
1_17,T_pun,CleanToSeed,49,2,2,7,49_7,B3,G2,W1,500,114,5,119,0.8322,37,0,20,0,0,3,0,7,7,
1_17,I_mon,HW,49,2,3,8,49_8,B3,G2,W1,500,37,99,136,0.5419,26,0,0,4,0,0,0,4,18,
1_17,A_hil,HW,49,2,4,9,49_9,B3,G2,W1,450,166,90,256,1.6371,37,0,20,5,0,0,0,11,1,
1_17,A_ina,HW,49,2,5,10,49_10,B3,G2,W1,500,355,34,389,17.5365,40,0,29,2,0,5,0,1,3,
1_17,T_wis,CleanToSeed,49,3,1,11,49_11,B3,G2,W1,800,111,8,119,0.7973,28,0,6,0,0,0,0,1,21,
1_17,A_hil,HW,49,3,2,12,49_12,B3,G2,W1,450,103,70,173,0.9913,37,0,21,3,0,0,0,10,3,
1_17,I_mon,HW,49,3,3,13,49_13,B3,G2,W1,500,28,80,108,0.3698,35,0,7,7,0,0,0,1,20,
1_17,A_ina,HW,49,3,4,14,49_14,B3,G2,W1,500,225,16,241,11.6282,40,0,30,6,0,0,0,1,3,
1_17,T_pun,CleanToSeed,49,3,5,15,49_15,B3,G2,W1,500,49,3,52,0.3597,38,0,10,0,0,6,0,13,9,
1_17,T_wis,CleanToSeed,49,4,1,16,49_16,B3,G2,W1,800,95,4,99,NA,NA,NA,NA,NA,NA,NA,NA,NA,NA,
1_17,A_ina,HW,49,4,2,17,49_17,B3,G2,W1,500,235,23,258,NA,NA,NA,NA,NA,NA,NA,NA,NA,NA,
1_17,I_mon,HW,49,4,3,18,49_18,B3,G2,W1,500,20,53,73,NA,NA,NA,NA,NA,NA,NA,NA,NA,NA,
1_17,T_pun,CleanToSeed,49,4,4,19,49_19,B3,G2,W1,500,40,2,42,NA,NA,NA,NA,NA,NA,NA,NA,NA,NA,
1_17,A_hil,HW,49,4,5,20,49_20,B3,G2,W1,450,66,77,143,NA,NA,NA,NA,NA,NA,NA,NA,NA,NA,
1_18,A_hil,HW,24,1,1,1,24_1,G3,G3,W1,450,14,136,150,NA,NA,NA,NA,NA,NA,NA,NA,NA,NA,
1_18,I_mon,HW,24,1,2,2,24_2,G3,G3,W1,500,81,67,148,NA,NA,NA,NA,NA,NA,NA,NA,NA,NA,
1_18,T_pun,CleanToSeed,24,1,3,3,24_3,G3,G3,W1,500,130,51,181,NA,NA,NA,NA,NA,NA,NA,NA,NA,NA,
1_18,A_ina,HW,24,1,4,4,24_4,G3,G3,W1,500,69,103,172,NA,NA,NA,NA,NA,NA,NA,NA,NA,NA,
1_18,T_wis,CleanToSeed,24,1,5,5,24_5,G3,G3,W1,800,154,22,176,NA,NA,NA,NA,NA,NA,NA,NA,NA,NA,
1_18,T_pun,CleanToSeed,24,2,1,6,24_6,G3,G3,W1,500,100,32,132,1.1628,39,0,14,0,0,14,0,1,10,
1_18,T_wis,CleanToSeed,24,2,2,7,24_7,G3,G3,W1,800,149,21,170,1.3889,40,0,8,0,1,16,0,2,13,
1_18,A_ina,HW,24,2,3,8,24_8,G3,G3,W1,500,25,111,136,1.4151,39,0,0,15,0,20,0,4,0,
1_18,I_mon,HW,24,2,4,9,24_9,G3,G3,W1,500,71,37,108,0.5334,40,0,10,4,0,2,0,0,24,
1_18,A_hil,HW,24,2,5,10,24_10,G3,G3,W1,450,72,141,213,0.7652,40,0,19,11,0,2,0,3,5,
1_18,A_ina,HW,24,3,1,11,24_11,G3,G3,W1,500,102,100,202,5.4961,40,0,28,4,0,1,0,0,7,
1_18,I_mon,HW,24,3,2,12,24_12,G3,G3,W1,500,87,47,134,0.6975,33,0,9,6,0,2,0,1,15,
1_18,A_hil,HW,24,3,3,13,24_13,G3,G3,W1,450,60,128,188,0.6098,40,0,25,2,0,0,0,9,4,
1_18,T_wis,CleanToSeed,24,3,4,14,24_14,G3,G3,W1,800,217,18,235,1.4716,39,0,5,0,0,11,0,2,21,
1_18,T_pun,CleanToSeed,24,3,5,15,24_15,G3,G3,W1,500,199,25,224,1.2054,39,1,8,0,0,12,0,12,6,
1_18,I_mon,HW,24,4,1,16,24_16,G3,G3,W1,500,95,23,118,NA,NA,NA,NA,NA,NA,NA,NA,NA,NA,
1_18,T_pun,CleanToSeed,24,4,2,17,24_17,G3,G3,W1,500,152,10,162,NA,NA,NA,NA,NA,NA,NA,NA,NA,NA,
1_18,A_hil,HW,24,4,3,18,24_18,G3,G3,W1,450,71,81,152,NA,NA,NA,NA,NA,NA,NA,NA,NA,NA,
1_18,T_wis,CleanToSeed,24,4,4,19,24_19,G3,G3,W1,800,227,14,241,NA,NA,NA,NA,NA,NA,NA,NA,NA,NA,
1_18,A_ina,HW,24,4,5,20,24_20,G3,G3,W1,500,104,74,178,NA,NA,NA,NA,NA,NA,NA,NA,NA,NA,
1_18,T_wis,CleanToSeed,33,1,1,1,33_1,B1,G3,W1,800,171,19,190,NA,NA,NA,NA,NA,NA,NA,NA,NA,NA,
1_18,I_mon,HW,33,1,2,2,33_2,B1,G3,W1,500,95,44,139,NA,NA,NA,NA,NA,NA,NA,NA,NA,NA,
1_18,A_hil,HW,33,1,3,3,33_3,B1,G3,W1,450,117,84,201,NA,NA,NA,NA,NA,NA,NA,NA,NA,NA,
1_18,T_pun,CleanToSeed,33,1,4,4,33_4,B1,G3,W1,500,137,13,150,NA,NA,NA,NA,NA,NA,NA,NA,NA,NA,
1_18,A_ina,HW,33,1,5,5,33_5,B1,G3,W1,500,184,90,274,NA,NA,NA,NA,NA,NA,NA,NA,NA,NA,
1_18,T_pun,CleanToSeed,33,2,1,6,33_6,B1,G3,W1,500,141,13,154,0.9149,40,0,2,0,0,16,0,9,13,
1_18,T_wis,CleanToSeed,33,2,2,7,33_7,B1,G3,W1,800,112,14,126,0.8277,40,0,5,0,0,14,0,3,18,
1_18,A_ina,HW,33,2,3,8,33_8,B1,G3,W1,500,206,115,321,11.2461,40,0,25,7,0,1,0,4,3,
1_18,I_mon,HW,33,2,4,9,33_9,B1,G3,W1,500,80,60,140,0.6418,35,0,10,5,0,0,0,2,18,
1_18,A_hil,HW,33,2,5,10,33_10,B1,G3,W1,450,99,79,178,1.3061,35,0,23,4,0,0,0,3,5,
1_18,T_pun,CleanToSeed,33,3,1,11,33_11,B1,G3,W1,500,82,2,84,0.5632,40,0,4,0,1,17,0,9,9,
1_18,T_wis,CleanToSeed,33,3,2,12,33_12,B1,G3,W1,800,109,6,115,0.8844,40,0,2,0,0,12,0,8,18,
1_18,I_mon,HW,33,3,3,13,33_13,B1,G3,W1,500,86,38,124,0.636,30,0,0,9,0,1,0,2,18,
1_18,A_hil,HW,33,3,4,14,33_14,B1,G3,W1,450,89,80,169,0.8728,37,0,13,12,0,0,0,10,2,
1_18,A_ina,HW,33,3,5,15,33_15,B1,G3,W1,500,135,101,236,6.553,40,0,22,12,0,4,0,0,2,
1_18,A_hil,HW,33,4,1,16,33_16,B1,G3,W1,450,70,83,153,NA,NA,NA,NA,NA,NA,NA,NA,NA,NA,
1_18,T_wis,CleanToSeed,33,4,2,17,33_17,B1,G3,W1,800,100,4,104,NA,NA,NA,NA,NA,NA,NA,NA,NA,NA,
1_18,T_pun,CleanToSeed,33,4,3,18,33_18,B1,G3,W1,500,65,8,73,NA,NA,NA,NA,NA,NA,NA,NA,NA,NA,
1_18,A_ina,HW,33,4,4,19,33_19,B1,G3,W1,500,199,62,261,NA,NA,NA,NA,NA,NA,NA,NA,NA,NA,
1_18,I_mon,HW,33,4,5,20,33_20,B1,G3,W1,500,98,31,129,NA,NA,NA,NA,NA,NA,NA,NA,NA,NA,
1_18,A_hil,HW,50,1,1,1,50_1,B3,G3,W1,450,88,97,185,NA,NA,NA,NA,NA,NA,NA,NA,NA,NA,
1_18,T_wis,CleanToSeed,50,1,2,2,50_2,B3,G3,W1,800,151,17,168,NA,NA,NA,NA,NA,NA,NA,NA,NA,NA,
1_18,A_ina,HW,50,1,3,3,50_3,B3,G3,W1,500,116,232,348,NA,NA,NA,NA,NA,NA,NA,NA,NA,NA,
1_18,T_pun,CleanToSeed,50,1,4,4,50_4,B3,G3,W1,500,108,0,108,NA,NA,NA,NA,NA,NA,NA,NA,NA,NA,
1_18,I_mon,HW,50,1,5,5,50_5,B3,G3,W1,500,84,32,116,NA,NA,NA,NA,NA,NA,NA,NA,NA,NA,
1_18,T_pun,CleanToSeed,50,2,1,6,50_6,B3,G3,W1,500,152,18,170,0.7658,39,0,3,0,0,23,0,2,11,
1_18,A_hil,HW,50,2,2,7,50_7,B3,G3,W1,450,143,49,192,1.5407,33,0,0,3,0,16,0,13,1,
1_18,A_ina,HW,50,2,3,8,50_8,B3,G3,W1,500,158,179,337,6.5579,34,0,0,0,0,33,0,1,0,
1_18,I_mon,HW,50,2,4,9,50_9,B3,G3,W1,500,87,59,146,0.6243,32,0,0,7,0,3,0,3,19,
1_18,T_wis,CleanToSeed,50,2,5,10,50_10,B3,G3,W1,800,103,15,118,0.7923,40,0,8,0,0,12,0,1,19,
1_18,A_ina,HW,50,3,1,11,50_11,B3,G3,W1,500,114,131,245,5.3813,40,0,29,7,0,2,0,0,2,
1_18,T_pun,CleanToSeed,50,3,2,12,50_12,B3,G3,W1,500,89,13,102,0.7408,40,1,6,0,0,19,0,2,12,
1_18,I_mon,HW,50,3,3,13,50_13,B3,G3,W1,500,109,26,135,0.8972,39,0,4,8,0,2,0,0,25,
1_18,T_wis,CleanToSeed,50,3,4,14,50_14,B3,G3,W1,800,97,12,109,0.922,39,0,11,0,0,11,0,1,16,
1_18,A_hil,HW,50,3,5,15,50_15,B3,G3,W1,450,112,114,226,1.3168,39,0,18,6,0,3,0,5,7,
1_18,A_hil,HW,50,4,1,16,50_16,B3,G3,W1,450,179,62,241,NA,NA,NA,NA,NA,NA,NA,NA,NA,NA,
1_18,T_pun,CleanToSeed,50,4,2,17,50_17,B3,G3,W1,500,125,6,131,NA,NA,NA,NA,NA,NA,NA,NA,NA,NA,
1_18,T_wis,CleanToSeed,50,4,3,18,50_18,B3,G3,W1,800,82,3,85,NA,NA,NA,NA,NA,NA,NA,NA,NA,NA,
1_18,I_mon,HW,50,4,4,19,50_19,B3,G3,W1,500,113,38,151,NA,NA,NA,NA,NA,NA,NA,NA,NA,NA,
1_18,A_ina,HW,50,4,5,20,50_20,B3,G3,W1,500,115,214,329,NA,NA,NA,NA,NA,NA,NA,NA,NA,NA,
1_19,T_wis,CleanToSeed,19,1,1,1,19_1,C3,G4,W1,800,61,14,75,NA,NA,NA,NA,NA,NA,NA,NA,NA,NA,
1_19,A_hil,HW,19,1,2,2,19_2,C3,G4,W1,450,216,34,250,NA,NA,NA,NA,NA,NA,NA,NA,NA,NA,
1_19,A_ina,HW,19,1,3,3,19_3,C3,G4,W1,500,392,20,412,NA,NA,NA,NA,NA,NA,NA,NA,NA,NA,
1_19,I_mon,HW,19,1,4,4,19_4,C3,G4,W1,500,49,88,137,NA,NA,NA,NA,NA,NA,NA,NA,NA,NA,
1_19,T_pun,CleanToSeed,19,1,5,5,19_5,C3,G4,W1,500,99,14,113,NA,NA,NA,NA,NA,NA,NA,NA,NA,NA,
1_19,A_ina,HW,19,2,1,6,19_6,C3,G4,W1,500,420,17,437,24.8283,40,0,24,9,0,2,0,0,5,
1_19,T_wis,CleanToSeed,19,2,2,7,19_7,C3,G4,W1,800,93,15,108,4.646,40,0,8,0,0,2,0,9,21,
1_19,T_pun,CleanToSeed,19,2,3,8,19_8,C3,G4,W1,500,131,14,145,4.6478,40,0,10,0,1,4,2,12,11,
1_19,I_mon,HW,19,2,4,9,19_9,C3,G4,W1,500,57,99,156,2.9107,32,0,0,11,0,4,0,8,9,
1_19,A_hil,HW,19,2,5,10,19_10,C3,G4,W1,450,259,48,307,3.8883,40,0,8,8,0,3,0,20,1,
1_19,T_wis,CleanToSeed,19,3,1,11,19_11,C3,G4,W1,800,122,23,145,7.73,40,0,19,0,0,1,0,5,15,
1_19,A_hil,HW,19,3,2,12,19_12,C3,G4,W1,450,274,18,292,4.3525,40,0,9,12,0,7,0,10,2,
1_19,I_mon,HW,19,3,3,13,19_13,C3,G4,W1,500,64,112,176,3.2785,39,0,0,2,0,6,0,11,20,
1_19,T_pun,CleanToSeed,19,3,4,14,19_14,C3,G4,W1,500,161,20,181,6.2391,39,0,11,0,0,6,0,12,10,
1_19,A_ina,HW,19,3,5,15,19_15,C3,G4,W1,500,310,23,333,25.7516,40,0,28,5,0,1,0,0,6,
1_19,A_ina,HW,19,4,1,16,19_16,C3,G4,W1,500,404,25,429,NA,NA,NA,NA,NA,NA,NA,NA,NA,NA,
1_19,A_hil,HW,19,4,2,17,19_17,C3,G4,W1,450,238,26,264,NA,NA,NA,NA,NA,NA,NA,NA,NA,NA,
1_19,T_wis,CleanToSeed,19,4,3,18,19_18,C3,G4,W1,800,164,27,191,NA,NA,NA,NA,NA,NA,NA,NA,NA,NA,
1_19,T_pun,CleanToSeed,19,4,4,19,19_19,C3,G4,W1,500,131,10,141,NA,NA,NA,NA,NA,NA,NA,NA,NA,NA,
1_19,I_mon,HW,19,4,5,20,19_20,C3,G4,W1,500,72,53,125,NA,NA,NA,NA,NA,NA,NA,NA,NA,NA,
1_19,T_pun,CleanToSeed,23,1,1,1,23_1,G3,G4,W1,500,49,3,52,NA,NA,NA,NA,NA,NA,NA,NA,NA,NA,
1_19,T_wis,CleanToSeed,23,1,2,2,23_2,G3,G4,W1,800,87,7,94,NA,NA,NA,NA,NA,NA,NA,NA,NA,NA,
1_19,I_mon,HW,23,1,3,3,23_3,G3,G4,W1,500,62,69,131,NA,NA,NA,NA,NA,NA,NA,NA,NA,NA,
1_19,A_ina,HW,23,1,4,4,23_4,G3,G4,W1,500,414,27,441,NA,NA,NA,NA,NA,NA,NA,NA,NA,NA,
1_19,A_hil,HW,23,1,5,5,23_5,G3,G4,W1,450,189,78,267,NA,NA,NA,NA,NA,NA,NA,NA,NA,NA,
1_19,T_wis,CleanToSeed,23,2,1,6,23_6,G3,G4,W1,800,151,12,163,6.0338,40,0,13,0,0,1,0,8,18,
1_19,T_pun,CleanToSeed,23,2,2,7,23_7,G3,G4,W1,500,106,9,115,3.5033,40,0,12,0,0,5,0,15,8,
1_19,I_mon,HW,23,2,3,8,23_8,G3,G4,W1,500,61,94,155,1.5241,40,0,11,7,0,1,0,1,20,
1_19,A_ina,HW,23,2,4,9,23_9,G3,G4,W1,500,382,14,396,20.7197,40,0,36,0,0,2,0,1,1,
1_19,A_hil,HW,23,2,5,10,23_10,G3,G4,W1,450,197,61,258,2.2479,30,0,6,0,0,14,0,10,0,
1_19,I_mon,HW,23,3,1,11,23_11,G3,G4,W1,500,59,71,130,1.3141,32,0,2,4,0,2,0,8,16,
1_19,A_ina,HW,23,3,2,12,23_12,G3,G4,W1,500,321,56,377,19.4385,40,0,36,2,0,1,0,1,0,
1_19,T_wis,CleanToSeed,23,3,3,13,23_13,G3,G4,W1,800,146,8,154,5.8605,40,0,10,0,0,2,0,5,23,
1_19,T_pun,CleanToSeed,23,3,4,14,23_14,G3,G4,W1,500,154,6,160,4.6486,40,0,10,0,0,9,0,10,11,
1_19,A_hil,HW,23,3,5,15,23_15,G3,G4,W1,450,218,27,245,2.863,28,0,13,7,0,0,0,6,2,
1_19,T_wis,CleanToSeed,23,4,1,16,23_16,G3,G4,W1,800,133,11,144,NA,NA,NA,NA,NA,NA,NA,NA,NA,NA,
1_19,I_mon,HW,23,4,2,17,23_17,G3,G4,W1,500,47,49,96,NA,NA,NA,NA,NA,NA,NA,NA,NA,NA,
1_19,T_pun,CleanToSeed,23,4,3,18,23_18,G3,G4,W1,500,127,6,133,NA,NA,NA,NA,NA,NA,NA,NA,NA,NA,
1_19,A_ina,HW,23,4,4,19,23_19,G3,G4,W1,500,350,20,370,NA,NA,NA,NA,NA,NA,NA,NA,NA,NA,
1_19,A_hil,HW,23,4,5,20,23_20,G3,G4,W1,450,183,38,221,NA,NA,NA,NA,NA,NA,NA,NA,NA,NA,
1_19,T_wis,CleanToSeed,62,1,1,1,62_1,F4,G4,W1,800,109,2,111,NA,NA,NA,NA,NA,NA,NA,NA,NA,NA,
1_19,A_hil,HW,62,1,2,2,62_2,F4,G4,W1,450,216,67,283,NA,NA,NA,NA,NA,NA,NA,NA,NA,NA,
1_19,I_mon,HW,62,1,3,3,62_3,F4,G4,W1,500,41,2,43,NA,NA,NA,NA,NA,NA,NA,NA,NA,NA,
1_19,A_ina,HW,62,1,4,4,62_4,F4,G4,W1,500,313,2,315,NA,NA,NA,NA,NA,NA,NA,NA,NA,NA,
1_19,T_pun,CleanToSeed,62,1,5,5,62_5,F4,G4,W1,500,186,20,206,NA,NA,NA,NA,NA,NA,NA,NA,NA,NA,
1_19,A_hil,HW,62,2,1,6,62_6,F4,G4,W1,450,190,2,192,2.0373,35,0,22,0,0,2,0,7,4,
1_19,T_wis,CleanToSeed,62,2,2,7,62_7,F4,G4,W1,800,133,2,135,2.9818,40,0,16,0,0,1,0,3,20,
1_19,T_pun,CleanToSeed,62,2,3,8,62_8,F4,G4,W1,500,116,21,137,1.7694,39,0,16,0,0,1,0,8,14,
1_19,A_ina,HW,62,2,4,9,62_9,F4,G4,W1,500,348,8,356,16.9866,40,0,32,5,0,1,0,0,2,
1_19,I_mon,HW,62,2,5,10,62_10,F4,G4,W1,500,61,0,61,1.2282,27,0,0,7,0,0,0,1,19,
1_19,I_mon,HW,62,3,1,11,62_11,F4,G4,W1,500,69,30,99,1.7972,34,0,0,10,0,2,0,2,20,
1_19,T_pun,CleanToSeed,62,3,2,12,62_12,F4,G4,W1,500,136,3,139,2.0409,39,0,16,0,0,2,0,10,11,
1_19,T_wis,CleanToSeed,62,3,3,13,62_13,F4,G4,W1,800,125,1,126,2.6643,40,0,9,0,0,10,0,13,8,
1_19,A_ina,HW,62,3,4,14,62_14,F4,G4,W1,500,337,38,375,17.1947,40,0,28,12,0,0,0,0,0,
1_19,A_hil,HW,62,3,5,15,62_15,F4,G4,W1,450,264,3,267,2.8529,26,0,8,8,0,1,0,7,2,
1_19,I_mon,HW,62,4,1,16,62_16,F4,G4,W1,500,44,0,44,NA,NA,NA,NA,NA,NA,NA,NA,NA,NA,
1_19,T_wis,CleanToSeed,62,4,2,17,62_17,F4,G4,W1,800,79,0,79,NA,NA,NA,NA,NA,NA,NA,NA,NA,NA,
1_19,T_pun,CleanToSeed,62,4,3,18,62_18,F4,G4,W1,500,108,162,270,NA,NA,NA,NA,NA,NA,NA,NA,NA,NA,
1_19,A_ina,HW,62,4,4,19,62_19,F4,G4,W1,500,387,5,392,NA,NA,NA,NA,NA,NA,NA,NA,NA,NA,
1_19,A_hil,HW,62,4,5,20,62_20,F4,G4,W1,450,206,17,223,NA,NA,NA,NA,NA,NA,NA,NA,NA,NA,
1_20,A_ina,HW,6,1,1,1,6_1,E1,G5,W1,500,232,132,364,NA,NA,NA,NA,NA,NA,NA,NA,NA,NA,
1_20,T_pun,CleanToSeed,6,1,2,2,6_2,E1,G5,W1,500,176,3,179,NA,NA,NA,NA,NA,NA,NA,NA,NA,NA,
1_20,A_hil,HW,6,1,3,3,6_3,E1,G5,W1,450,195,19,214,NA,NA,NA,NA,NA,NA,NA,NA,NA,NA,
1_20,I_mon,HW,6,1,4,4,6_4,E1,G5,W1,500,27,75,102,NA,NA,NA,NA,NA,NA,NA,NA,NA,NA,
1_20,T_wis,CleanToSeed,6,1,5,5,6_5,E1,G5,W1,800,245,17,262,NA,NA,NA,NA,NA,NA,NA,NA,NA,NA,
1_20,I_mon,HW,6,2,1,6,6_6,E1,G5,W1,500,109,54,163,2.5637,29,0,1,0,0,0,0,9,19,
1_20,T_pun,CleanToSeed,6,2,2,7,6_7,E1,G5,W1,500,215,0,215,3.8058,38,0,17,0,0,5,0,10,6,
1_20,A_hil,HW,6,2,3,8,6_8,E1,G5,W1,450,279,1,280,3.1068,37,0,1,16,0,4,0,11,5,
1_20,A_ina,HW,6,2,4,9,6_9,E1,G5,W1,500,267,193,460,15.8064,40,0,7,25,0,5,0,0,3,
1_20,T_wis,CleanToSeed,6,2,5,10,6_10,E1,G5,W1,800,267,2,269,5.3409,38,0,17,0,0,1,0,17,3,
1_20,A_ina,HW,6,3,1,11,6_11,E1,G5,W1,500,239,200,439,14.1119,39,0,5,26,0,2,0,3,3,
1_20,T_pun,CleanToSeed,6,3,2,12,6_12,E1,G5,W1,500,191,2,193,2.4614,38,0,22,0,0,1,0,9,6,
1_20,A_hil,HW,6,3,3,13,6_13,E1,G5,W1,450,203,32,235,2.4702,35,0,6,15,0,0,0,7,7,
1_20,I_mon,HW,6,3,4,14,6_14,E1,G5,W1,500,61,48,109,1.3881,26,0,0,1,0,0,0,9,16,
1_20,T_wis,CleanToSeed,6,3,5,15,6_15,E1,G5,W1,800,169,17,186,3.4078,40,0,19,0,0,0,0,5,16,
1_20,I_mon,HW,6,4,1,16,6_16,E1,G5,W1,500,110,46,156,NA,NA,NA,NA,NA,NA,NA,NA,NA,NA,
1_20,T_wis,CleanToSeed,6,4,2,17,6_17,E1,G5,W1,800,177,0,177,NA,NA,NA,NA,NA,NA,NA,NA,NA,NA,
1_20,A_ina,HW,6,4,3,18,6_18,E1,G5,W1,500,173,169,342,NA,NA,NA,NA,NA,NA,NA,NA,NA,NA,
1_20,A_hil,HW,6,4,4,19,6_19,E1,G5,W1,450,208,19,227,NA,NA,NA,NA,NA,NA,NA,NA,NA,NA,
1_20,T_pun,CleanToSeed,6,4,5,20,6_20,E1,G5,W1,500,187,0,187,NA,NA,NA,NA,NA,NA,NA,NA,NA,NA,
1_20,A_ina,HW,30,1,1,1,30_1,E4,G5,W1,500,169,227,396,NA,NA,NA,NA,NA,NA,NA,NA,NA,NA,
1_20,T_pun,CleanToSeed,30,1,2,2,30_2,E4,G5,W1,500,165,16,181,NA,NA,NA,NA,NA,NA,NA,NA,NA,NA,
1_20,T_wis,CleanToSeed,30,1,3,3,30_3,E4,G5,W1,800,171,20,191,NA,NA,NA,NA,NA,NA,NA,NA,NA,NA,
1_20,A_hil,HW,30,1,4,4,30_4,E4,G5,W1,450,141,65,206,NA,NA,NA,NA,NA,NA,NA,NA,NA,NA,
1_20,I_mon,HW,30,1,5,5,30_5,E4,G5,W1,500,90,73,163,NA,NA,NA,NA,NA,NA,NA,NA,NA,NA,
1_20,I_mon,HW,30,2,1,6,30_6,E4,G5,W1,500,91,67,158,1.9532,36,0,3,7,0,2,0,0,24,
1_20,A_hil,HW,30,2,2,7,30_7,E4,G5,W1,450,174,55,229,2.3658,31,0,25,0,0,3,0,0,3,
1_20,T_pun,CleanToSeed,30,2,3,8,30_8,E4,G5,W1,500,172,21,193,5.5941,40,0,13,0,0,7,0,10,10,
1_20,T_wis,CleanToSeed,30,2,4,9,30_9,E4,G5,W1,800,181,15,196,7.0334,40,1,6,0,0,3,0,12,18,
1_20,A_ina,HW,30,2,5,10,30_10,E4,G5,W1,500,172,179,351,8.8168,40,0,35,1,0,2,0,0,2,
1_20,T_pun,CleanToSeed,30,3,1,11,30_11,E4,G5,W1,500,145,14,159,4.1046,39,0,11,0,0,11,0,7,10,
1_20,I_mon,HW,30,3,2,12,30_12,E4,G5,W1,500,129,41,170,2.5054,31,0,0,8,0,3,0,4,16,
1_20,A_hil,HW,30,3,3,13,30_13,E4,G5,W1,450,178,85,263,2.453,36,0,3,15,0,2,0,10,6,
1_20,T_wis,CleanToSeed,30,3,4,14,30_14,E4,G5,W1,800,151,12,163,2.0264,40,0,7,0,0,1,0,6,26,
1_20,A_ina,HW,30,3,5,15,30_15,E4,G5,W1,500,256,92,348,12.8938,40,0,26,9,0,2,0,1,2,Missing?
1_20,A_hil,HW,30,4,1,16,30_16,E4,G5,W1,450,134,63,197,NA,NA,NA,NA,NA,NA,NA,NA,NA,NA,
1_20,T_wis,CleanToSeed,30,4,2,17,30_17,E4,G5,W1,800,119,11,130,NA,NA,NA,NA,NA,NA,NA,NA,NA,NA,
1_20,I_mon,HW,30,4,3,18,30_18,E4,G5,W1,500,60,36,96,NA,NA,NA,NA,NA,NA,NA,NA,NA,NA,
1_20,A_ina,HW,30,4,4,19,30_19,E4,G5,W1,500,191,140,331,NA,NA,NA,NA,NA,NA,NA,NA,NA,NA,
1_20,T_pun,CleanToSeed,30,4,5,20,30_20,E4,G5,W1,500,144,19,163,NA,NA,NA,NA,NA,NA,NA,NA,NA,NA,
1_20,A_hil,HW,61,1,1,1,61_1,F4,G5,W1,450,152,9,161,NA,NA,NA,NA,NA,NA,NA,NA,NA,NA,
1_20,A_ina,HW,61,1,2,2,61_2,F4,G5,W1,500,155,109,264,NA,NA,NA,NA,NA,NA,NA,NA,NA,NA,
1_20,T_wis,CleanToSeed,61,1,3,3,61_3,F4,G5,W1,800,166,15,181,NA,NA,NA,NA,NA,NA,NA,NA,NA,NA,
1_20,T_pun,CleanToSeed,61,1,4,4,61_4,F4,G5,W1,500,178,5,183,NA,NA,NA,NA,NA,NA,NA,NA,NA,NA,
1_20,I_mon,HW,61,1,5,5,61_5,F4,G5,W1,500,83,45,128,NA,NA,NA,NA,NA,NA,NA,NA,NA,NA,
1_20,T_pun,CleanToSeed,61,2,1,6,61_6,F4,G5,W1,500,149,3,152,3.7004,40,1,20,0,0,6,0,3,10,
1_20,T_wis,CleanToSeed,61,2,2,7,61_7,F4,G5,W1,800,174,5,179,4.4584,40,0,8,0,1,2,0,8,21,
1_20,A_ina,HW,61,2,3,8,61_8,F4,G5,W1,500,229,94,323,13.0374,40,0,31,4,0,1,0,0,4,
1_20,A_hil,HW,61,2,4,9,61_9,F4,G5,W1,450,222,16,238,2.8239,36,0,15,12,0,0,0,3,6,
1_20,I_mon,HW,61,2,5,10,61_10,F4,G5,W1,500,124,19,143,2.4752,23,0,1,1,0,1,0,6,14,
1_20,A_ina,HW,61,3,1,11,61_11,F4,G5,W1,500,236,95,331,13.7146,40,0,35,3,0,1,0,0,1,
1_20,A_hil,HW,61,3,2,12,61_12,F4,G5,W1,450,223,13,236,2.7964,39,0,20,4,0,4,0,6,5,
1_20,T_pun,CleanToSeed,61,3,3,13,61_13,F4,G5,W1,500,158,8,166,4.0709,36,0,17,0,0,9,0,7,3,
1_20,I_mon,HW,61,3,4,14,61_14,F4,G5,W1,500,61,40,101,1.4477,26,0,2,5,0,0,0,1,18,
1_20,T_wis,CleanToSeed,61,3,5,15,61_15,F4,G5,W1,800,112,7,119,3.9341,40,0,16,0,2,2,0,3,17,
1_20,I_mon,HW,61,4,1,16,61_16,F4,G5,W1,500,75,35,110,NA,NA,NA,NA,NA,NA,NA,NA,NA,NA,
1_20,T_pun,CleanToSeed,61,4,2,17,61_17,F4,G5,W1,500,183,7,190,NA,NA,NA,NA,NA,NA,NA,NA,NA,NA,
1_20,A_ina,HW,61,4,3,18,61_18,F4,G5,W1,500,122,209,331,NA,NA,NA,NA,NA,NA,NA,NA,NA,NA,
1_20,T_wis,CleanToSeed,61,4,4,19,61_19,F4,G5,W1,800,111,12,123,NA,NA,NA,NA,NA,NA,NA,NA,NA,NA,
1_20,A_hil,HW,61,4,5,20,61_20,F4,G5,W1,450,156,47,203,NA,NA,NA,NA,NA,NA,NA,NA,NA,NA,
1_1,T_wis,CleanToSeed,14,1,1,1,14_1,E2,G1,W2,800,244,2,246,NA,NA,NA,NA,NA,NA,NA,NA,NA,NA,
1_1,T_pun,CleanToSeed,14,1,2,2,14_2,E2,G1,W2,500,182,3,185,NA,NA,NA,NA,NA,NA,NA,NA,NA,NA,
1_1,A_hil,HW,14,1,3,3,14_3,E2,G1,W2,450,248,12,260,NA,NA,NA,NA,NA,NA,NA,NA,NA,NA,
1_1,A_ina,HW,14,1,4,4,14_4,E2,G1,W2,500,401,11,412,NA,NA,NA,NA,NA,NA,NA,NA,NA,NA,
1_1,I_mon,HW,14,1,5,5,14_5,E2,G1,W2,500,136,15,151,NA,NA,NA,NA,NA,NA,NA,NA,NA,NA,
1_1,A_hil,HW,14,2,1,6,14_6,E2,G1,W2,450,266,10,276,3.2222,40,0,23,9,0,0,0,2,6,
1_1,T_pun,CleanToSeed,14,2,2,7,14_7,E2,G1,W2,500,218,1,219,1.7557,40,0,10,0,0,7,0,8,15,
1_1,I_mon,HW,14,2,3,8,14_8,E2,G1,W2,500,140,10,150,2.0987,40,0,12,3,0,0,0,1,24,
1_1,A_ina,HW,14,2,4,9,14_9,E2,G1,W2,500,368,12,380,16.6314,40,0,27,8,0,1,0,0,4,
1_1,T_wis,CleanToSeed,14,2,5,10,14_10,E2,G1,W2,800,275,0,275,3.327,39,0,17,0,0,1,0,1,20,
1_1,T_pun,CleanToSeed,14,3,1,11,14_11,E2,G1,W2,500,240,3,243,2.4233,40,0,9,0,7,3,0,8,13,
1_1,I_mon,HW,14,3,2,12,14_12,E2,G1,W2,500,143,26,169,1.6817,40,0,9,9,0,0,0,0,22,
1_1,A_ina,HW,14,3,3,13,14_13,E2,G1,W2,500,238,130,368,12.7164,40,0,16,10,0,8,0,0,6,
1_1,A_hil,HW,14,3,4,14,14_14,E2,G1,W2,450,276,9,285,3.116,40,0,21,9,0,3,0,0,7,
1_1,T_wis,CleanToSeed,14,3,5,15,14_15,E2,G1,W2,800,287,0,287,2.5237,39,0,18,0,0,3,0,2,16,
1_1,T_wis,CleanToSeed,14,4,1,16,14_16,E2,G1,W2,800,257,2,259,NA,NA,NA,NA,NA,NA,NA,NA,NA,NA,
1_1,A_hil,HW,14,4,2,17,14_17,E2,G1,W2,450,237,7,244,NA,NA,NA,NA,NA,NA,NA,NA,NA,NA,
1_1,I_mon,HW,14,4,3,18,14_18,E2,G1,W2,500,179,0,179,NA,NA,NA,NA,NA,NA,NA,NA,NA,NA,
1_1,A_ina,HW,14,4,4,19,14_19,E2,G1,W2,500,381,12,393,NA,NA,NA,NA,NA,NA,NA,NA,NA,NA,
1_1,T_pun,CleanToSeed,14,4,5,20,14_20,E2,G1,W2,500,163,0,163,NA,NA,NA,NA,NA,NA,NA,NA,NA,NA,
1_1,A_hil,HW,25,1,1,1,25_1,A4,G1,W2,450,224,34,258,NA,NA,NA,NA,NA,NA,NA,NA,NA,NA,
1_1,I_mon,HW,25,1,2,2,25_2,A4,G1,W2,500,98,57,155,NA,NA,NA,NA,NA,NA,NA,NA,NA,NA,
1_1,T_pun,CleanToSeed,25,1,3,3,25_3,A4,G1,W2,500,175,23,198,NA,NA,NA,NA,NA,NA,NA,NA,NA,NA,
1_1,A_ina,HW,25,1,4,4,25_4,A4,G1,W2,500,367,29,396,NA,NA,NA,NA,NA,NA,NA,NA,NA,NA,
1_1,T_wis,CleanToSeed,25,1,5,5,25_5,A4,G1,W2,800,161,10,171,NA,NA,NA,NA,NA,NA,NA,NA,NA,NA,
1_1,T_pun,CleanToSeed,25,2,1,6,25_6,A4,G1,W2,500,182,14,196,3.7533,40,0,11,0,0,14,0,5,10,
1_1,A_ina,HW,25,2,2,7,25_7,A4,G1,W2,500,366,25,391,19.4283,40,0,31,3,0,0,0,0,6,
1_1,T_wis,CleanToSeed,25,2,3,8,25_8,A4,G1,W2,800,156,10,166,4.8062,40,0,8,0,0,7,0,2,23,
1_1,A_hil,HW,25,2,4,9,25_9,A4,G1,W2,450,292,26,318,4.4898,40,0,13,9,0,0,0,8,10,
1_1,I_mon,HW,25,2,5,10,25_10,A4,G1,W2,500,162,17,179,4.8283,40,0,8,4,0,0,0,1,27,
1_1,T_wis,CleanToSeed,25,3,1,11,25_11,A4,G1,W2,800,163,23,186,2.4456,39,0,6,0,2,10,0,3,18,
1_1,A_hil,HW,25,3,2,12,25_12,A4,G1,W2,450,685,117,802,8.1163,40,0,19,4,0,0,0,6,11,
1_1,I_mon,HW,25,3,3,13,25_13,A4,G1,W2,500,164,26,190,1.9801,32,0,4,9,0,0,0,2,17,
1_1,A_ina,HW,25,3,4,14,25_14,A4,G1,W2,500,380,33,413,19.1132,40,0,24,7,0,0,0,0,9,
1_1,T_pun,CleanToSeed,25,3,5,15,25_15,A4,G1,W2,500,149,11,160,1.2962,39,0,4,0,3,12,0,4,16,
1_1,A_ina,HW,25,4,1,16,25_16,A4,G1,W2,500,255,53,308,NA,NA,NA,NA,NA,NA,NA,NA,NA,NA,
1_1,I_mon,HW,25,4,2,17,25_17,A4,G1,W2,500,107,77,184,NA,NA,NA,NA,NA,NA,NA,NA,NA,NA,
1_1,T_pun,CleanToSeed,25,4,3,18,25_18,A4,G1,W2,500,184,8,192,NA,NA,NA,NA,NA,NA,NA,NA,NA,NA,
1_1,A_hil,HW,25,4,4,19,25_19,A4,G1,W2,450,240,33,273,NA,NA,NA,NA,NA,NA,NA,NA,NA,NA,
1_1,T_wis,CleanToSeed,25,4,5,20,25_20,A4,G1,W2,800,157,19,176,NA,NA,NA,NA,NA,NA,NA,NA,NA,NA,
1_1,T_pun,CleanToSeed,64,1,1,1,64_1,H4,G1,W2,500,121,4,125,NA,NA,NA,NA,NA,NA,NA,NA,NA,NA,
1_1,T_wis,CleanToSeed,64,1,2,2,64_2,H4,G1,W2,800,132,0,132,NA,NA,NA,NA,NA,NA,NA,NA,NA,NA,
1_1,I_mon,HW,64,1,3,3,64_3,H4,G1,W2,500,142,1,143,NA,NA,NA,NA,NA,NA,NA,NA,NA,NA,
1_1,A_hil,HW,64,1,4,4,64_4,H4,G1,W2,450,293,0,293,NA,NA,NA,NA,NA,NA,NA,NA,NA,NA,
1_1,A_ina,HW,64,1,5,5,64_5,H4,G1,W2,500,429,0,429,NA,NA,NA,NA,NA,NA,NA,NA,NA,NA,
1_1,A_hil,HW,64,2,1,6,64_6,H4,G1,W2,450,288,0,288,3.6293,40,0,18,5,0,3,0,7,7,
1_1,T_wis,CleanToSeed,64,2,2,7,64_7,H4,G1,W2,800,112,0,112,1.2792,40,0,6,0,1,9,0,2,22,
1_1,T_pun,CleanToSeed,64,2,3,8,64_8,H4,G1,W2,500,293,1,294,1.3539,40,0,12,0,1,13,0,9,5,
1_1,A_ina,HW,64,2,4,9,64_9,H4,G1,W2,500,419,0,419,21.8573,40,0,26,3,0,1,0,0,10,
1_1,I_mon,HW,64,2,5,10,64_10,H4,G1,W2,500,143,12,155,1.6332,39,0,2,4,0,0,0,0,33,
1_1,A_hil,HW,64,3,1,11,64_11,H4,G1,W2,450,306,0,306,4.2845,40,0,18,5,0,2,0,7,8,
1_1,T_wis,CleanToSeed,64,3,2,12,64_12,H4,G1,W2,800,199,0,199,1.9886,40,0,8,0,0,18,0,0,14,
1_1,I_mon,HW,64,3,3,13,64_13,H4,G1,W2,500,148,0,148,1.8167,39,0,8,7,0,1,0,1,22,
1_1,A_ina,HW,64,3,4,14,64_14,H4,G1,W2,500,419,3,422,23.5714,40,0,19,4,0,0,0,0,17,
1_1,T_pun,CleanToSeed,64,3,5,15,64_15,H4,G1,W2,500,247,0,247,2.0109,40,0,16,0,0,7,0,5,12,
1_1,T_wis,CleanToSeed,64,4,1,16,64_16,H4,G1,W2,800,194,0,194,NA,NA,NA,NA,NA,NA,NA,NA,NA,NA,
1_1,T_pun,CleanToSeed,64,4,2,17,64_17,H4,G1,W2,500,249,0,249,NA,NA,NA,NA,NA,NA,NA,NA,NA,NA,
1_1,I_mon,HW,64,4,3,18,64_18,H4,G1,W2,500,151,0,151,NA,NA,NA,NA,NA,NA,NA,NA,NA,NA,
1_1,A_hil,HW,64,4,4,19,64_19,H4,G1,W2,450,255,0,255,NA,NA,NA,NA,NA,NA,NA,NA,NA,NA,
1_1,A_ina,HW,64,4,5,20,64_20,H4,G1,W2,500,402,0,402,NA,NA,NA,NA,NA,NA,NA,NA,NA,NA,
1_2,T_pun,CleanToSeed,9,1,1,1,9_1,A2,G2,W2,500,112,8,120,NA,NA,NA,NA,NA,NA,NA,NA,NA,NA,
1_2,I_mon,HW,9,1,2,2,9_2,A2,G2,W2,500,69,44,113,NA,NA,NA,NA,NA,NA,NA,NA,NA,NA,
1_2,A_hil,HW,9,1,3,3,9_3,A2,G2,W2,450,171,55,226,NA,NA,NA,NA,NA,NA,NA,NA,NA,NA,
1_2,T_wis,CleanToSeed,9,1,4,4,9_4,A2,G2,W2,800,94,34,128,NA,NA,NA,NA,NA,NA,NA,NA,NA,NA,
1_2,A_ina,HW,9,1,5,5,9_5,A2,G2,W2,500,236,0,236,NA,NA,NA,NA,NA,NA,NA,NA,NA,NA,
1_2,T_wis,CleanToSeed,9,2,1,6,9_6,A2,G2,W2,800,137,15,152,0.973,41,0,12,0,0,0,0,8,21,
1_2,I_mon,HW,9,2,2,7,9_7,A2,G2,W2,500,29,62,91,0.4696,40,0,4,17,0,4,0,0,15,
1_2,T_pun,CleanToSeed,9,2,3,8,9_8,A2,G2,W2,500,168,18,186,1.0338,40,0,15,0,0,4,0,15,6,
1_2,A_ina,HW,9,2,4,9,9_9,A2,G2,W2,500,275,23,298,10.7797,40,0,33,2,0,3,0,0,2,
1_2,A_hil,HW,9,2,5,10,9_10,A2,G2,W2,450,202,47,249,1.9408,40,0,11,23,0,3,0,0,3,
1_2,I_mon,HW,9,3,1,11,9_11,A2,G2,W2,500,28,84,112,0.4929,40,0,2,24,0,0,0,0,14,
1_2,T_wis,CleanToSeed,9,3,2,12,9_12,A2,G2,W2,800,105,35,140,0.7651,40,0,15,0,0,0,0,1,24,
1_2,T_pun,CleanToSeed,9,3,3,13,9_13,A2,G2,W2,500,140,21,161,0.9642,40,0,21,0,1,4,0,7,7,
1_2,A_ina,HW,9,3,4,14,9_14,A2,G2,W2,500,252,28,280,10.3635,40,0,28,2,0,0,0,0,10,
1_2,A_hil,HW,9,3,5,15,9_15,A2,G2,W2,450,167,60,227,1.6619,40,0,14,12,0,7,0,0,7,
1_2,A_ina,HW,9,4,1,16,9_16,A2,G2,W2,500,160,15,175,NA,NA,NA,NA,NA,NA,NA,NA,NA,NA,
1_2,T_pun,CleanToSeed,9,4,2,17,9_17,A2,G2,W2,500,131,17,148,NA,NA,NA,NA,NA,NA,NA,NA,NA,NA,
1_2,I_mon,HW,9,4,3,18,9_18,A2,G2,W2,500,43,66,109,NA,NA,NA,NA,NA,NA,NA,NA,NA,NA,
1_2,A_hil,HW,9,4,4,19,9_19,A2,G2,W2,450,202,39,241,NA,NA,NA,NA,NA,NA,NA,NA,NA,NA,
1_2,T_wis,CleanToSeed,9,4,5,20,9_20,A2,G2,W2,800,67,13,80,NA,NA,NA,NA,NA,NA,NA,NA,NA,NA,
1_2,T_pun,CleanToSeed,26,1,1,1,26_1,A4,G2,W2,500,124,13,137,NA,NA,NA,NA,NA,NA,NA,NA,NA,NA,
1_2,T_wis,CleanToSeed,26,1,2,2,26_2,A4,G2,W2,800,43,20,63,NA,NA,NA,NA,NA,NA,NA,NA,NA,NA,
1_2,I_mon,HW,26,1,3,3,26_3,A4,G2,W2,500,54,64,118,NA,NA,NA,NA,NA,NA,NA,NA,NA,NA,
1_2,A_hil,HW,26,1,4,4,26_4,A4,G2,W2,450,79,130,209,NA,NA,NA,NA,NA,NA,NA,NA,NA,NA,
1_2,A_ina,HW,26,1,5,5,26_5,A4,G2,W2,500,315,53,368,NA,NA,NA,NA,NA,NA,NA,NA,NA,NA,
1_2,A_hil,HW,26,2,1,6,26_6,A4,G2,W2,450,141,128,269,1.3303,40,0,12,16,0,1,0,10,1,
1_2,T_wis,CleanToSeed,26,2,2,7,26_7,A4,G2,W2,800,52,16,68,0.4553,40,0,8,0,0,1,0,6,25,
1_2,T_pun,CleanToSeed,26,2,3,8,26_8,A4,G2,W2,500,128,10,138,0.9884,39,0,9,0,0,4,0,7,19,
1_2,A_ina,HW,26,2,4,9,26_9,A4,G2,W2,500,347,74,421,16.3114,40,0,29,11,0,0,0,0,0,
1_2,I_mon,HW,26,2,5,10,26_10,A4,G2,W2,500,34,92,126,0.3764,40,0,9,0,0,4,0,0,27,
1_2,A_hil,HW,26,3,1,11,26_11,A4,G2,W2,450,130,155,285,1.1451,32,0,5,16,0,2,0,7,2,
1_2,T_wis,CleanToSeed,26,3,2,12,26_12,A4,G2,W2,800,71,13,84,0.5446,38,0,10,0,0,0,0,1,27,
1_2,I_mon,HW,26,3,3,13,26_13,A4,G2,W2,500,18,143,161,0.1555,37,0,6,5,0,4,0,5,17,
1_2,A_ina,HW,26,3,4,14,26_14,A4,G2,W2,500,329,97,426,14.3548,40,0,26,7,0,1,0,0,6,
1_2,T_pun,CleanToSeed,26,3,5,15,26_15,A4,G2,W2,500,135,17,152,0.9844,40,0,14,0,0,8,0,6,12,
1_2,T_wis,CleanToSeed,26,4,1,16,26_16,A4,G2,W2,800,92,16,108,NA,NA,NA,NA,NA,NA,NA,NA,NA,NA,
1_2,T_pun,CleanToSeed,26,4,2,17,26_17,A4,G2,W2,500,173,14,187,NA,NA,NA,NA,NA,NA,NA,NA,NA,NA,
1_2,I_mon,HW,26,4,3,18,26_18,A4,G2,W2,500,54,59,113,NA,NA,NA,NA,NA,NA,NA,NA,NA,NA,
1_2,A_hil,HW,26,4,4,19,26_19,A4,G2,W2,450,110,151,261,NA,NA,NA,NA,NA,NA,NA,NA,NA,NA,
1_2,A_ina,HW,26,4,5,20,26_20,A4,G2,W2,500,209,91,300,NA,NA,NA,NA,NA,NA,NA,NA,NA,NA,
1_2,A_hil,HW,44,1,1,1,44_1,D2,G2,W2,450,71,114,185,NA,NA,NA,NA,NA,NA,NA,NA,NA,NA,
1_2,I_mon,HW,44,1,2,2,44_2,D2,G2,W2,500,31,110,141,NA,NA,NA,NA,NA,NA,NA,NA,NA,NA,
1_2,T_pun,CleanToSeed,44,1,3,3,44_3,D2,G2,W2,500,79,7,86,NA,NA,NA,NA,NA,NA,NA,NA,NA,NA,
1_2,A_ina,HW,44,1,4,4,44_4,D2,G2,W2,500,270,52,322,NA,NA,NA,NA,NA,NA,NA,NA,NA,NA,
1_2,T_wis,CleanToSeed,44,1,5,5,44_5,D2,G2,W2,800,51,13,64,NA,NA,NA,NA,NA,NA,NA,NA,NA,NA,
1_2,T_wis,CleanToSeed,44,2,1,6,44_6,D2,G2,W2,800,63,18,81,0.56,40,0,10,0,0,1,0,2,27,
1_2,I_mon,HW,44,2,2,7,44_7,D2,G2,W2,500,15,114,129,0.1155,34,0,3,7,0,0,0,2,22,
1_2,A_ina,HW,44,2,3,8,44_8,D2,G2,W2,500,319,104,423,14.0206,40,0,31,8,0,0,0,0,1,
1_2,A_hil,HW,44,2,4,9,44_9,D2,G2,W2,450,84,146,230,0.7102,38,0,20,8,0,1,0,4,5,
1_2,T_pun,CleanToSeed,44,2,5,10,44_10,D2,G2,W2,500,127,13,140,0.9767,39,0,15,0,0,6,0,8,10,
1_2,A_hil,HW,44,3,1,11,44_11,D2,G2,W2,450,128,116,244,1.0638,38,0,16,11,0,2,0,6,3,
1_2,I_mon,HW,44,3,2,12,44_12,D2,G2,W2,500,15,114,129,0.1593,18,0,0,1,0,1,0,0,16,
1_2,T_pun,CleanToSeed,44,3,3,13,44_13,D2,G2,W2,500,100,13,113,0.7993,40,0,14,0,0,4,0,12,10,
1_2,A_ina,HW,44,3,4,14,44_14,D2,G2,W2,500,344,81,425,14.708,40,0,32,6,0,0,0,0,2,
1_2,T_wis,CleanToSeed,44,3,5,15,44_15,D2,G2,W2,800,99,34,133,0.7276,40,0,11,0,0,2,0,6,21,
1_2,T_wis,CleanToSeed,44,4,1,16,44_16,D2,G2,W2,800,110,26,136,NA,NA,NA,NA,NA,NA,NA,NA,NA,NA,
1_2,I_mon,HW,44,4,2,17,44_17,D2,G2,W2,500,23,67,90,NA,NA,NA,NA,NA,NA,NA,NA,NA,NA,
1_2,A_ina,HW,44,4,3,18,44_18,D2,G2,W2,500,267,69,336,NA,NA,NA,NA,NA,NA,NA,NA,NA,NA,
1_2,A_hil,HW,44,4,4,19,44_19,D2,G2,W2,450,80,153,233,NA,NA,NA,NA,NA,NA,NA,NA,NA,NA,
1_2,T_pun,CleanToSeed,44,4,5,20,44_20,D2,G2,W2,500,53,14,67,NA,NA,NA,NA,NA,NA,NA,NA,NA,NA,
1_3,A_hil,HW,43,1,1,1,43_1,D2,G3,W2,450,54,92,146,NA,NA,NA,NA,NA,NA,NA,NA,NA,NA,
1_3,A_ina,HW,43,1,2,2,43_2,D2,G3,W2,500,119,131,250,NA,NA,NA,NA,NA,NA,NA,NA,NA,NA,
1_3,T_pun,CleanToSeed,43,1,3,3,43_3,D2,G3,W2,500,120,40,160,NA,NA,NA,NA,NA,NA,NA,NA,NA,NA,
1_3,I_mon,HW,43,1,4,4,43_4,D2,G3,W2,500,90,27,117,NA,NA,NA,NA,NA,NA,NA,NA,NA,NA,
1_3,T_wis,CleanToSeed,43,1,5,5,43_5,D2,G3,W2,800,112,29,141,NA,NA,NA,NA,NA,NA,NA,NA,NA,NA,
1_3,T_wis,CleanToSeed,43,2,1,6,43_6,D2,G3,W2,800,133,14,147,0.9218,40,0,8,0,0,9,0,6,17,
1_3,I_mon,HW,43,2,2,7,43_7,D2,G3,W2,500,80,29,109,0.6258,38,0,2,10,0,2,0,2,22,
1_3,T_pun,CleanToSeed,43,2,3,8,43_8,D2,G3,W2,500,126,13,139,0.8377,40,0,8,0,0,15,0,2,15,
1_3,A_hil,HW,43,2,4,9,43_9,D2,G3,W2,450,89,81,170,0.831,38,0,15,14,0,0,0,6,3,
1_3,A_ina,HW,43,2,5,10,43_10,D2,G3,W2,500,144,104,248,6.2591,40,0,24,11,0,1,0,0,4,
1_3,I_mon,HW,43,3,1,11,43_11,D2,G3,W2,500,39,98,137,0.2502,35,0,9,4,0,2,0,2,18,
1_3,T_pun,CleanToSeed,43,3,2,12,43_12,D2,G3,W2,500,106,18,124,0.592,38,0,11,0,0,15,0,3,9,
1_3,A_ina,HW,43,3,3,13,43_13,D2,G3,W2,500,119,146,265,4.9808,40,0,19,9,0,7,0,0,5,
1_3,T_wis,CleanToSeed,43,3,4,14,43_14,D2,G3,W2,800,152,12,164,1.1354,40,0,6,0,0,18,0,0,16,
1_3,A_hil,HW,43,3,5,15,43_15,D2,G3,W2,450,77,102,179,0.7542,40,0,19,8,0,0,0,4,9,
1_3,T_wis,CleanToSeed,43,4,1,16,43_16,D2,G3,W2,800,167,7,174,NA,NA,NA,NA,NA,NA,NA,NA,NA,NA,
1_3,T_pun,CleanToSeed,43,4,2,17,43_17,D2,G3,W2,500,127,19,146,NA,NA,NA,NA,NA,NA,NA,NA,NA,NA,
1_3,A_hil,HW,43,4,3,18,43_18,D2,G3,W2,450,100,88,188,NA,NA,NA,NA,NA,NA,NA,NA,NA,NA,
1_3,I_mon,HW,43,4,4,19,43_19,D2,G3,W2,500,53,13,66,NA,NA,NA,NA,NA,NA,NA,NA,NA,NA,
1_3,A_ina,HW,43,4,5,20,43_20,D2,G3,W2,500,110,82,192,NA,NA,NA,NA,NA,NA,NA,NA,NA,NA,
1_3,A_hil,HW,46,1,1,1,46_1,F2,G3,W2,450,57,160,217,NA,NA,NA,NA,NA,NA,NA,NA,NA,NA,
1_3,T_wis,CleanToSeed,46,1,2,2,46_2,F2,G3,W2,800,134,31,165,NA,NA,NA,NA,NA,NA,NA,NA,NA,NA,
1_3,T_pun,CleanToSeed,46,1,3,3,46_3,F2,G3,W2,500,177,29,206,NA,NA,NA,NA,NA,NA,NA,NA,NA,NA,
1_3,A_ina,HW,46,1,4,4,46_4,F2,G3,W2,500,105,141,246,NA,NA,NA,NA,NA,NA,NA,NA,NA,NA,
1_3,I_mon,HW,46,1,5,5,46_5,F2,G3,W2,500,86,74,160,NA,NA,NA,NA,NA,NA,NA,NA,NA,NA,
1_3,A_hil,HW,46,2,1,6,46_6,F2,G3,W2,450,35,196,231,0.2916,39,0,23,8,0,1,0,5,2,
1_3,T_wis,CleanToSeed,46,2,2,7,46_7,F2,G3,W2,800,132,25,157,0.7886,40,0,7,0,0,9,0,4,20,
1_3,I_mon,HW,46,2,3,8,46_8,F2,G3,W2,500,69,98,167,0.5401,36,0,9,3,0,0,0,3,21,
1_3,A_ina,HW,46,2,4,9,46_9,F2,G3,W2,500,136,218,354,5.0817,40,0,33,2,0,0,0,0,5,
1_3,T_pun,CleanToSeed,46,2,5,10,46_10,F2,G3,W2,500,137,30,167,0.7628,40,1,15,0,0,9,0,5,10,
1_3,T_wis,CleanToSeed,46,3,1,11,46_11,F2,G3,W2,800,107,22,129,0.7437,36,0,7,0,0,12,0,1,16,
1_3,T_pun,CleanToSeed,46,3,2,12,46_12,F2,G3,W2,500,153,32,185,0.8669,40,0,12,0,0,9,0,7,12,
1_3,I_mon,HW,46,3,3,13,46_13,F2,G3,W2,500,69,77,146,0.448,35,0,5,4,0,0,0,0,26,
1_3,A_hil,HW,46,3,4,14,46_14,F2,G3,W2,450,59,168,227,0.5586,39,0,28,0,0,0,0,2,9,
1_3,A_ina,HW,46,3,5,15,46_15,F2,G3,W2,500,130,166,296,5.5337,40,0,23,9,0,2,0,1,5,
1_3,T_wis,CleanToSeed,46,4,1,16,46_16,F2,G3,W2,800,109,20,129,NA,NA,NA,NA,NA,NA,NA,NA,NA,NA,
1_3,A_hil,HW,46,4,2,17,46_17,F2,G3,W2,450,121,97,218,NA,NA,NA,NA,NA,NA,NA,NA,NA,NA,
1_3,I_mon,HW,46,4,3,18,46_18,F2,G3,W2,500,98,21,119,NA,NA,NA,NA,NA,NA,NA,NA,NA,NA,
1_3,A_ina,HW,46,4,4,19,46_19,F2,G3,W2,500,172,76,248,NA,NA,NA,NA,NA,NA,NA,NA,NA,NA,
1_3,T_pun,CleanToSeed,46,4,5,20,46_20,F2,G3,W2,500,107,15,122,NA,NA,NA,NA,NA,NA,NA,NA,NA,NA,
1_3,T_pun,CleanToSeed,58,1,1,1,58_1,B4,G3,W2,500,112,4,116,NA,NA,NA,NA,NA,NA,NA,NA,NA,NA,
1_3,A_ina,HW,58,1,2,2,58_2,B4,G3,W2,500,226,103,329,NA,NA,NA,NA,NA,NA,NA,NA,NA,NA,
1_3,I_mon,HW,58,1,3,3,58_3,B4,G3,W2,500,84,31,115,NA,NA,NA,NA,NA,NA,NA,NA,NA,NA,
1_3,T_wis,CleanToSeed,58,1,4,4,58_4,B4,G3,W2,800,107,2,109,NA,NA,NA,NA,NA,NA,NA,NA,NA,NA,
1_3,A_hil,HW,58,1,5,5,58_5,B4,G3,W2,450,166,50,216,NA,NA,NA,NA,NA,NA,NA,NA,NA,NA,
1_3,T_wis,CleanToSeed,58,2,1,6,58_6,B4,G3,W2,800,131,9,140,0.8034,40,0,7,0,0,9,0,3,21,
1_3,A_hil,HW,58,2,2,7,58_7,B4,G3,W2,450,177,42,219,1.9936,37,0,20,8,0,2,0,2,5,
1_3,I_mon,HW,58,2,3,8,58_8,B4,G3,W2,500,91,19,110,0.5961,38,0,3,10,0,3,0,1,21,
1_3,A_ina,HW,58,2,4,9,58_9,B4,G3,W2,500,222,34,256,10.0596,40,0,24,8,0,1,0,1,6,
1_3,T_pun,CleanToSeed,58,2,5,10,58_10,B4,G3,W2,500,175,2,177,1.0854,40,0,14,0,0,13,0,1,12,
1_3,A_hil,HW,58,3,1,11,58_11,B4,G3,W2,450,149,42,191,1.4428,39,0,21,10,0,1,0,5,2,
1_3,T_pun,CleanToSeed,58,3,2,12,58_12,B4,G3,W2,500,159,10,169,1.126,39,0,11,0,1,11,0,1,15,
1_3,I_mon,HW,58,3,3,13,58_13,B4,G3,W2,500,30,62,92,0.2833,39,0,10,11,0,2,0,1,15,
1_3,A_ina,HW,58,3,4,14,58_14,B4,G3,W2,500,167,110,277,7.5252,40,0,25,5,0,0,0,0,10,
1_3,T_wis,CleanToSeed,58,3,5,15,58_15,B4,G3,W2,800,113,5,118,0.7303,40,0,10,0,0,15,0,2,13,
1_3,T_pun,CleanToSeed,58,4,1,16,58_16,B4,G3,W2,500,119,6,125,NA,NA,NA,NA,NA,NA,NA,NA,NA,NA,
1_3,A_hil,HW,58,4,2,17,58_17,B4,G3,W2,450,217,37,254,NA,NA,NA,NA,NA,NA,NA,NA,NA,NA,
1_3,I_mon,HW,58,4,3,18,58_18,B4,G3,W2,500,13,51,64,NA,NA,NA,NA,NA,NA,NA,NA,NA,NA,
1_3,T_wis,CleanToSeed,58,4,4,19,58_19,B4,G3,W2,800,86,6,92,NA,NA,NA,NA,NA,NA,NA,NA,NA,NA,
1_3,A_ina,HW,58,4,5,20,58_20,B4,G3,W2,500,168,40,208,NA,NA,NA,NA,NA,NA,NA,NA,NA,NA,
1_4,T_wis,CleanToSeed,4,1,1,1,4_1,C1,G4,W2,800,127,2,129,NA,40,0,24,0,0,2,0,2,12,
1_4,I_mon,HW,4,1,2,2,4_2,C1,G4,W2,500,159,4,163,NA,28,0,2,0,0,2,0,6,18,
1_4,T_pun,CleanToSeed,4,1,3,3,4_3,C1,G4,W2,500,134,0,134,NA,40,0,14,0,0,6,0,14,6,
1_4,A_hil,HW,4,1,4,4,4_4,C1,G4,W2,450,295,1,296,NA,40,0,5,15,0,6,0,6,8,
1_4,A_ina,HW,4,1,5,5,4_5,C1,G4,W2,500,406,7,413,NA,40,0,16,19,0,0,0,2,3,
1_4,I_mon,HW,4,2,1,6,4_6,C1,G4,W2,500,148,12,160,2.4557,37,0,1,0,0,0,0,8,28,
1_4,T_pun,CleanToSeed,4,2,2,7,4_7,C1,G4,W2,500,160,0,160,1.5905,39,0,19,0,0,6,0,8,6,
1_4,A_ina,HW,4,2,3,8,4_8,C1,G4,W2,500,406,6,412,15.2337,40,0,10,20,0,5,0,2,3,
1_4,T_wis,CleanToSeed,4,2,4,9,4_9,C1,G4,W2,800,137,17,154,1.5813,38,0,15,0,1,0,0,6,16,
1_4,A_hil,HW,4,2,5,10,4_10,C1,G4,W2,450,286,7,293,2.6804,37,0,10,14,0,2,0,7,4,
1_4,A_ina,HW,4,3,1,11,4_11,C1,G4,W2,500,336,37,373,14.7052,40,0,14,16,0,0,0,1,9,
1_4,T_pun,CleanToSeed,4,3,2,12,4_12,C1,G4,W2,500,156,1,157,1.5249,39,0,19,0,1,1,0,7,11,
1_4,A_hil,HW,4,3,3,13,4_13,C1,G4,W2,450,223,6,229,2.4988,40,0,7,12,0,4,0,9,8,
1_4,T_wis,CleanToSeed,4,3,4,14,4_14,C1,G4,W2,800,132,10,142,1.6314,40,0,12,0,0,3,0,7,18,
1_4,I_mon,HW,4,3,5,15,4_15,C1,G4,W2,500,98,28,126,1.997,38,0,3,11,0,2,0,0,22,
1_4,T_wis,CleanToSeed,4,4,1,16,4_16,C1,G4,W2,800,151,28,179,NA,41,0,14,0,0,2,0,8,17,
1_4,I_mon,HW,4,4,2,17,4_17,C1,G4,W2,500,105,16,121,NA,33,0,0,4,0,4,0,6,19,
1_4,A_ina,HW,4,4,3,18,4_18,C1,G4,W2,500,261,4,265,NA,39,0,6,10,0,1,0,14,8,
1_4,T_pun,CleanToSeed,4,4,4,19,4_19,C1,G4,W2,500,91,5,96,NA,39,0,9,0,0,6,0,11,13,
1_4,A_hil,HW,4,4,5,20,4_20,C1,G4,W2,450,147,6,153,NA,35,0,0,16,0,7,0,10,2,
1_4,A_hil,HW,45,1,1,1,45_1,F2,G4,W2,450,217,83,300,NA,NA,NA,NA,NA,NA,NA,NA,NA,NA,
1_4,I_mon,HW,45,1,2,2,45_2,F2,G4,W2,500,91,41,132,NA,NA,NA,NA,NA,NA,NA,NA,NA,NA,
1_4,T_pun,CleanToSeed,45,1,3,3,45_3,F2,G4,W2,500,186,20,206,NA,NA,NA,NA,NA,NA,NA,NA,NA,NA,
1_4,A_ina,HW,45,1,4,4,45_4,F2,G4,W2,500,329,29,358,NA,NA,NA,NA,NA,NA,NA,NA,NA,NA,
1_4,T_wis,CleanToSeed,45,1,5,5,45_5,F2,G4,W2,800,121,7,128,NA,NA,NA,NA,NA,NA,NA,NA,NA,NA,
1_4,T_pun,CleanToSeed,45,2,1,6,45_6,F2,G4,W2,500,224,6,230,4.5032,40,0,21,0,0,7,0,5,7,
1_4,T_wis,CleanToSeed,45,2,2,7,45_7,F2,G4,W2,800,159,9,168,4.5825,40,0,15,0,0,2,0,5,18,
1_4,I_mon,HW,45,2,3,8,45_8,F2,G4,W2,500,83,75,158,1.3031,33,0,6,6,0,0,0,0,21,
1_4,A_hil,HW,45,2,4,9,45_9,F2,G4,W2,450,223,55,278,2.3425,36,0,10,11,0,0,0,11,4,
1_4,A_ina,HW,45,2,5,10,45_10,F2,G4,W2,500,318,18,336,14.0451,39,0,34,2,0,1,0,1,1,
1_4,T_wis,CleanToSeed,45,3,1,11,45_11,F2,G4,W2,800,138,21,159,2.9619,40,0,11,0,0,3,0,4,22,
1_4,A_ina,HW,45,3,2,12,45_12,F2,G4,W2,500,330,35,365,13.6664,40,0,29,5,0,2,0,0,4,
1_4,I_mon,HW,45,3,3,13,45_13,F2,G4,W2,500,59,87,146,0.7919,20,0,2,0,0,0,0,0,18,
1_4,T_pun,CleanToSeed,45,3,4,14,45_14,F2,G4,W2,500,202,8,210,3.3847,43,0,14,0,0,6,0,8,15,
1_4,A_hil,HW,45,3,5,15,45_15,F2,G4,W2,450,222,66,288,2.4247,36,0,20,4,0,0,0,7,5,
1_4,T_pun,CleanToSeed,45,4,1,16,45_16,F2,G4,W2,500,192,14,206,NA,NA,NA,NA,NA,NA,NA,NA,NA,NA,
1_4,T_wis,CleanToSeed,45,4,2,17,45_17,F2,G4,W2,800,93,16,109,NA,NA,NA,NA,NA,NA,NA,NA,NA,NA,
1_4,I_mon,HW,45,4,3,18,45_18,F2,G4,W2,500,69,83,152,NA,NA,NA,NA,NA,NA,NA,NA,NA,NA,
1_4,A_hil,HW,45,4,4,19,45_19,F2,G4,W2,450,179,80,259,NA,NA,NA,NA,NA,NA,NA,NA,NA,NA,
1_4,A_ina,HW,45,4,5,20,45_20,F2,G4,W2,500,378,25,403,NA,NA,NA,NA,NA,NA,NA,NA,NA,NA,
1_4,A_ina,HW,63,1,1,1,63_1,H4,G4,W2,500,359,1,360,NA,NA,NA,NA,NA,NA,NA,NA,NA,NA,
1_4,A_hil,HW,63,1,2,2,63_2,H4,G4,W2,450,244,16,260,NA,NA,NA,NA,NA,NA,NA,NA,NA,NA,
1_4,T_pun,CleanToSeed,63,1,3,3,63_3,H4,G4,W2,500,121,5,126,NA,NA,NA,NA,NA,NA,NA,NA,NA,NA,
1_4,I_mon,HW,63,1,4,4,63_4,H4,G4,W2,500,42,43,85,NA,NA,NA,NA,NA,NA,NA,NA,NA,NA,
1_4,T_wis,CleanToSeed,63,1,5,5,63_5,H4,G4,W2,800,129,20,149,NA,NA,NA,NA,NA,NA,NA,NA,NA,NA,
1_4,T_wis,CleanToSeed,63,2,1,6,63_6,H4,G4,W2,800,144,22,166,3.1125,40,0,15,0,1,0,0,6,18,
1_4,A_hil,HW,63,2,2,7,63_7,H4,G4,W2,450,271,24,295,2.8793,35,0,17,8,0,1,0,2,7,
1_4,A_ina,HW,63,2,3,8,63_8,H4,G4,W2,500,318,7,325,14.4564,40,0,30,3,0,2,0,0,5,
1_4,T_pun,CleanToSeed,63,2,4,9,63_9,H4,G4,W2,500,161,9,170,2.5126,40,0,18,0,0,6,0,7,9,
1_4,I_mon,HW,63,2,5,10,63_10,H4,G4,W2,500,64,59,123,1.3238,37,0,4,10,0,0,0,1,22,
1_4,A_ina,HW,63,3,1,11,63_11,H4,G4,W2,500,367,4,371,18.1345,40,0,30,8,0,0,0,0,2,
1_4,A_hil,HW,63,3,2,12,63_12,H4,G4,W2,450,267,8,275,3.1333,33,0,12,8,0,4,0,5,4,
1_4,T_pun,CleanToSeed,63,3,3,13,63_13,H4,G4,W2,500,173,9,182,2.7306,40,0,15,0,0,5,0,12,8,
1_4,T_wis,CleanToSeed,63,3,4,14,63_14,H4,G4,W2,800,153,16,169,3.4124,40,0,14,0,0,2,0,8,16,
1_4,I_mon,HW,63,3,5,15,63_15,H4,G4,W2,500,70,55,125,1.5908,36,0,3,10,0,0,0,0,23,
1_4,T_wis,CleanToSeed,63,4,1,16,63_16,H4,G4,W2,800,156,15,171,NA,NA,NA,NA,NA,NA,NA,NA,NA,NA,
1_4,T_pun,CleanToSeed,63,4,2,17,63_17,H4,G4,W2,500,185,8,193,NA,NA,NA,NA,NA,NA,NA,NA,NA,NA,
1_4,A_hil,HW,63,4,3,18,63_18,H4,G4,W2,450,240,14,254,NA,NA,NA,NA,NA,NA,NA,NA,NA,NA,
1_4,A_ina,HW,63,4,4,19,63_19,H4,G4,W2,500,400,7,407,NA,NA,NA,NA,NA,NA,NA,NA,NA,NA,
1_4,I_mon,HW,63,4,5,20,63_20,H4,G4,W2,500,96,22,118,NA,NA,NA,NA,NA,NA,NA,NA,NA,NA,
1_5,A_ina,HW,3,1,1,1,3_1,C1,G5,W2,500,236,90,326,NA,NA,NA,NA,NA,NA,NA,NA,NA,NA,
1_5,T_pun,CleanToSeed,3,1,2,2,3_2,C1,G5,W2,500,138,6,144,NA,NA,NA,NA,NA,NA,NA,NA,NA,NA,
1_5,T_wis,CleanToSeed,3,1,3,3,3_3,C1,G5,W2,800,209,3,212,NA,NA,NA,NA,NA,NA,NA,NA,NA,NA,
1_5,A_hil,HW,3,1,4,4,3_4,C1,G5,W2,450,196,38,234,NA,NA,NA,NA,NA,NA,NA,NA,NA,NA,
1_5,I_mon,HW,3,1,5,5,3_5,C1,G5,W2,500,143,10,153,NA,NA,NA,NA,NA,NA,NA,NA,NA,NA,
1_5,I_mon,HW,3,2,1,6,3_6,C1,G5,W2,500,144,15,159,2.2492,36,0,0,19,0,4,0,0,13,
1_5,A_ina,HW,3,2,2,7,3_7,C1,G5,W2,500,304,101,405,15.4568,40,0,14,15,0,8,0,0,3,
1_5,T_wis,CleanToSeed,3,2,3,8,3_8,C1,G5,W2,800,191,2,193,3.0671,40,0,21,0,0,2,0,0,17,
1_5,T_pun,CleanToSeed,3,2,4,9,3_9,C1,G5,W2,500,187,6,193,2.1167,40,0,19,0,0,0,0,13,8,
1_5,A_hil,HW,3,2,5,10,3_10,C1,G5,W2,450,282,16,298,3.3117,39,0,2,7,0,15,0,14,1,
1_5,T_pun,CleanToSeed,3,3,1,11,3_11,C1,G5,W2,500,217,5,222,2.5387,40,0,21,0,0,3,0,3,13,
1_5,A_hil,HW,3,3,2,12,3_12,C1,G5,W2,450,274,23,297,3.4708,39,0,6,10,0,13,0,5,5,
1_5,I_mon,HW,3,3,3,13,3_13,C1,G5,W2,500,140,7,147,2.68,36,0,1,5,0,2,0,6,22,
1_5,T_wis,CleanToSeed,3,3,4,14,3_14,C1,G5,W2,800,268,13,281,3.8633,40,0,9,0,0,3,0,10,18,
1_5,A_ina,HW,3,3,5,15,3_15,C1,G5,W2,500,188,24,212,9.3886,40,0,14,0,0,26,0,0,0,
1_5,A_hil,HW,3,4,1,16,3_16,C1,G5,W2,450,127,16,143,1.7775,30,0,11,0,0,5,0,14,0,
1_5,A_ina,HW,3,4,2,17,3_17,C1,G5,W2,500,216,12,228,10.5397,39,0,13,0,0,17,0,0,9,
1_5,T_pun,CleanToSeed,3,4,3,18,3_18,C1,G5,W2,500,156,0,156,2.2618,39,0,13,0,0,17,0,9,0,
1_5,I_mon,HW,3,4,4,19,3_19,C1,G5,W2,500,92,27,119,1.4495,35,0,0,0,0,2,0,10,23,
1_5,T_wis,CleanToSeed,3,4,5,20,3_20,C1,G5,W2,800,195,6,201,1.6848,33,0,3,0,11,0,4,8,7,
1_5,A_hil,HW,13,1,1,1,13_1,E2,G5,W2,450,161,31,192,NA,NA,NA,NA,NA,NA,NA,NA,NA,NA,
1_5,A_ina,HW,13,1,2,2,13_2,E2,G5,W2,500,234,92,326,NA,NA,NA,NA,NA,NA,NA,NA,NA,NA,
1_5,T_pun,CleanToSeed,13,1,3,3,13_3,E2,G5,W2,500,192,16,208,NA,NA,NA,NA,NA,NA,NA,NA,NA,NA,
1_5,I_mon,HW,13,1,4,4,13_4,E2,G5,W2,500,91,46,137,NA,NA,NA,NA,NA,NA,NA,NA,NA,NA,
1_5,T_wis,CleanToSeed,13,1,5,5,13_5,E2,G5,W2,800,275,17,292,NA,NA,NA,NA,NA,NA,NA,NA,NA,NA,
1_5,T_wis,CleanToSeed,13,2,1,6,13_6,E2,G5,W2,800,311,14,325,6.4791,39,0,10,0,0,1,0,12,16,
1_5,I_mon,HW,13,2,2,7,13_7,E2,G5,W2,500,110,11,121,2.7484,40,0,14,6,0,1,0,1,18,
1_5,T_pun,CleanToSeed,13,2,3,8,13_8,E2,G5,W2,500,251,2,253,4.3666,40,0,7,0,0,5,0,15,13,
1_5,A_hil,HW,13,2,4,9,13_9,E2,G5,W2,450,264,17,281,2.8969,40,0,15,10,0,2,0,4,9,
1_5,A_ina,HW,13,2,5,10,13_10,E2,G5,W2,500,210,128,338,10.8761,40,0,22,6,0,0,0,0,12,
1_5,I_mon,HW,13,3,1,11,13_11,E2,G5,W2,500,144,19,163,1.9513,40,0,7,8,0,0,0,1,24,
1_5,T_pun,CleanToSeed,13,3,2,12,13_12,E2,G5,W2,500,241,0,241,3.1256,40,0,19,0,3,1,1,12,4,
1_5,A_ina,HW,13,3,3,13,13_13,E2,G5,W2,500,219,162,381,10.2051,40,0,29,2,0,0,0,0,9,
1_5,T_wis,CleanToSeed,13,3,4,14,13_14,E2,G5,W2,800,243,7,250,3.5476,39,0,11,0,0,0,0,5,23,
1_5,A_hil,HW,13,3,5,15,13_15,E2,G5,W2,450,228,65,293,2.219,40,0,16,8,0,0,0,3,13,
1_5,T_pun,CleanToSeed,13,4,1,16,13_16,E2,G5,W2,500,198,10,208,NA,NA,NA,NA,NA,NA,NA,NA,NA,NA,
1_5,A_ina,HW,13,4,2,17,13_17,E2,G5,W2,500,235,127,362,NA,NA,NA,NA,NA,NA,NA,NA,NA,NA,
1_5,T_wis,CleanToSeed,13,4,3,18,13_18,E2,G5,W2,800,180,21,201,NA,NA,NA,NA,NA,NA,NA,NA,NA,NA,
1_5,I_mon,HW,13,4,4,19,13_19,E2,G5,W2,500,120,34,154,NA,NA,NA,NA,NA,NA,NA,NA,NA,NA,
1_5,A_hil,HW,13,4,5,20,13_20,E2,G5,W2,450,230,26,256,NA,NA,NA,NA,NA,NA,NA,NA,NA,NA,
1_5,I_mon,HW,57,1,1,1,57_1,B4,G5,W2,500,4,124,128,NA,NA,NA,NA,NA,NA,NA,NA,NA,NA,
1_5,T_wis,CleanToSeed,57,1,2,2,57_2,B4,G5,W2,800,109,36,145,NA,NA,NA,NA,NA,NA,NA,NA,NA,NA,
1_5,T_pun,CleanToSeed,57,1,3,3,57_3,B4,G5,W2,500,153,12,165,NA,NA,NA,NA,NA,NA,NA,NA,NA,NA,
1_5,A_ina,HW,57,1,4,4,57_4,B4,G5,W2,500,185,198,383,NA,NA,NA,NA,NA,NA,NA,NA,NA,NA,
1_5,A_hil,HW,57,1,5,5,57_5,B4,G5,W2,450,195,65,260,NA,NA,NA,NA,NA,NA,NA,NA,NA,NA,
1_5,A_hil,HW,57,2,1,6,57_6,B4,G5,W2,450,249,38,287,2.8108,36,0,18,1,0,3,0,7,7,
1_5,T_pun,CleanToSeed,57,2,2,7,57_7,B4,G5,W2,500,163,13,176,2.4529,40,0,12,0,0,4,0,9,15,
1_5,A_ina,HW,57,2,3,8,57_8,B4,G5,W2,500,188,143,331,9.1547,40,0,30,4,0,2,0,0,4,
1_5,I_mon,HW,57,2,4,9,57_9,B4,G5,W2,500,75,45,120,0.9271,40,0,6,6,0,1,0,2,25,
1_5,T_wis,CleanToSeed,57,2,5,10,57_10,B4,G5,W2,800,190,9,199,3.8595,40,0,13,0,0,0,0,1,26,
1_5,I_mon,HW,57,3,1,11,57_11,B4,G5,W2,500,96,29,125,2.0576,38,0,10,4,0,2,0,4,18,
1_5,T_wis,CleanToSeed,57,3,2,12,57_12,B4,G5,W2,800,202,15,217,4.7193,39,0,5,0,0,2,0,6,26,
1_5,T_pun,CleanToSeed,57,3,3,13,57_13,B4,G5,W2,500,184,3,187,4.5219,40,0,23,0,1,5,0,2,9,
1_5,A_hil,HW,57,3,4,14,57_14,B4,G5,W2,450,209,29,238,2.4188,39,0,17,4,0,0,0,4,14,
1_5,A_ina,HW,57,3,5,15,57_15,B4,G5,W2,500,164,70,234,8.2271,40,0,26,3,0,3,0,0,8,
1_5,A_ina,HW,57,4,1,16,57_16,B4,G5,W2,500,197,86,283,NA,NA,NA,NA,NA,NA,NA,NA,NA,NA,
1_5,I_mon,HW,57,4,2,17,57_17,B4,G5,W2,500,85,18,103,NA,NA,NA,NA,NA,NA,NA,NA,NA,NA,
1_5,T_pun,CleanToSeed,57,4,3,18,57_18,B4,G5,W2,500,149,10,159,NA,NA,NA,NA,NA,NA,NA,NA,NA,NA,
1_5,T_wis,CleanToSeed,57,4,4,19,57_19,B4,G5,W2,800,113,16,129,NA,NA,NA,NA,NA,NA,NA,NA,NA,NA,
1_5,A_hil,HW,57,4,5,20,57_20,B4,G5,W2,450,190,17,207,NA,NA,NA,NA,NA,NA,NA,NA,NA,NA,
1_6,T_wis,CleanToSeed,31,1,1,1,31_1,G4,G1,W3,800,199,3,202,NA,NA,NA,NA,NA,NA,NA,NA,NA,NA,
1_6,A_hil,HW,31,1,2,2,31_2,G4,G1,W3,450,225,24,249,NA,NA,NA,NA,NA,NA,NA,NA,NA,NA,
1_6,A_ina,HW,31,1,3,3,31_3,G4,G1,W3,500,411,9,420,NA,NA,NA,NA,NA,NA,NA,NA,NA,NA,
1_6,I_mon,HW,31,1,4,4,31_4,G4,G1,W3,500,163,3,166,NA,NA,NA,NA,NA,NA,NA,NA,NA,NA,
1_6,T_pun,CleanToSeed,31,1,5,5,31_5,G4,G1,W3,500,189,2,191,NA,NA,NA,NA,NA,NA,NA,NA,NA,NA,
1_6,I_mon,HW,31,2,1,6,31_6,G4,G1,W3,500,170,5,175,2.9383,40,0,11,5,0,1,0,1,22,
1_6,T_wis,CleanToSeed,31,2,2,7,31_7,G4,G1,W3,800,227,3,230,3.5194,39,0,10,0,2,5,0,2,20,
1_6,T_pun,CleanToSeed,31,2,3,8,31_8,G4,G1,W3,500,185,1,186,2.6381,38,1,11,0,9,7,0,5,5,
1_6,A_hil,HW,31,2,4,9,31_9,G4,G1,W3,450,242,16,258,3.2827,40,0,17,9,0,2,0,0,12,
1_6,A_ina,HW,31,2,5,10,31_10,G4,G1,W3,500,381,15,396,21.2088,40,0,32,1,0,3,0,0,4,
1_6,T_wis,CleanToSeed,31,3,1,11,31_11,G4,G1,W3,800,230,1,231,3.8857,40,0,16,0,8,6,0,6,4,
1_6,T_pun,CleanToSeed,31,3,2,12,31_12,G4,G1,W3,500,187,0,187,3.0252,39,0,9,0,0,14,0,5,11,
1_6,A_ina,HW,31,3,3,13,31_13,G4,G1,W3,500,378,16,394,21.0609,40,0,34,2,0,1,0,0,3,
1_6,I_mon,HW,31,3,4,14,31_14,G4,G1,W3,500,181,0,181,2.7983,34,0,3,4,0,3,0,0,24,
1_6,A_hil,HW,31,3,5,15,31_15,G4,G1,W3,450,214,12,226,3.0988,39,0,9,11,0,7,0,3,9,
1_6,T_pun,CleanToSeed,31,4,1,16,31_16,G4,G1,W3,500,180,1,181,NA,NA,NA,NA,NA,NA,NA,NA,NA,NA,
1_6,I_mon,HW,31,4,2,17,31_17,G4,G1,W3,500,153,1,154,NA,NA,NA,NA,NA,NA,NA,NA,NA,NA,
1_6,T_wis,CleanToSeed,31,4,3,18,31_18,G4,G1,W3,800,157,7,164,NA,NA,NA,NA,NA,NA,NA,NA,NA,NA,
1_6,A_ina,HW,31,4,4,19,31_19,G4,G1,W3,500,370,17,387,NA,NA,NA,NA,NA,NA,NA,NA,NA,NA,
1_6,A_hil,HW,31,4,5,20,31_20,G4,G1,W3,450,154,22,176,NA,NA,NA,NA,NA,NA,NA,NA,NA,NA,
1_6,I_mon,HW,37,1,1,1,37_1,F1,G1,W3,500,137,34,171,NA,NA,NA,NA,NA,NA,NA,NA,NA,NA,
1_6,T_wis,CleanToSeed,37,1,2,2,37_2,F1,G1,W3,800,191,3,194,NA,NA,NA,NA,NA,NA,NA,NA,NA,NA,
1_6,A_hil,HW,37,1,3,3,37_3,F1,G1,W3,450,232,19,251,NA,NA,NA,NA,NA,NA,NA,NA,NA,NA,
1_6,A_ina,HW,37,1,4,4,37_4,F1,G1,W3,500,363,32,395,NA,NA,NA,NA,NA,NA,NA,NA,NA,NA,
1_6,T_pun,CleanToSeed,37,1,5,5,37_5,F1,G1,W3,500,210,4,214,NA,NA,NA,NA,NA,NA,NA,NA,NA,NA,
1_6,A_hil,HW,37,2,1,6,37_6,F1,G1,W3,450,274,30,304,3.9746,40,0,14,13,0,2,0,3,8,
1_6,I_mon,HW,37,2,2,7,37_7,F1,G1,W3,500,113,30,143,1.7886,40,0,13,14,0,0,0,0,13,
1_6,T_pun,CleanToSeed,37,2,3,8,37_8,F1,G1,W3,500,242,4,246,4.2368,39,0,10,0,0,9,0,6,14,
1_6,A_ina,HW,37,2,4,9,37_9,F1,G1,W3,500,320,50,370,16.4454,40,0,23,7,0,1,0,0,9,
1_6,T_wis,CleanToSeed,37,2,5,10,37_10,F1,G1,W3,800,154,2,156,3.4777,39,0,15,0,0,11,0,5,8,
1_6,I_mon,HW,37,3,1,11,37_11,F1,G1,W3,500,94,81,175,1.4211,36,0,5,4,0,5,0,3,19,
1_6,T_pun,CleanToSeed,37,3,2,12,37_12,F1,G1,W3,500,209,11,220,4.8061,34,1,15,0,0,3,0,9,6,
1_6,A_hil,HW,37,3,3,13,37_13,F1,G1,W3,450,433,85,518,4.3543,40,0,26,0,0,1,0,0,13,
1_6,A_ina,HW,37,3,4,14,37_14,F1,G1,W3,500,316,112,428,13.5217,40,0,16,4,0,2,0,0,18,
1_6,T_wis,CleanToSeed,37,3,5,15,37_15,F1,G1,W3,800,139,4,143,3.2494,39,1,10,0,3,6,4,3,12,
1_6,A_ina,HW,37,4,1,16,37_16,F1,G1,W3,500,346,72,418,NA,NA,NA,NA,NA,NA,NA,NA,NA,NA,
1_6,T_wis,CleanToSeed,37,4,2,17,37_17,F1,G1,W3,800,142,2,144,NA,NA,NA,NA,NA,NA,NA,NA,NA,NA,
1_6,I_mon,HW,37,4,3,18,37_18,F1,G1,W3,500,112,58,170,NA,NA,NA,NA,NA,NA,NA,NA,NA,NA,
1_6,T_pun,CleanToSeed,37,4,4,19,37_19,F1,G1,W3,500,191,2,193,NA,NA,NA,NA,NA,NA,NA,NA,NA,NA,
1_6,A_hil,HW,37,4,5,20,37_20,F1,G1,W3,450,176,20,196,NA,NA,NA,NA,NA,NA,NA,NA,NA,NA,
1_6,A_hil,HW,60,1,1,1,60_1,D4,G1,W3,450,182,2,184,NA,NA,NA,NA,NA,NA,NA,NA,NA,NA,
1_6,I_mon,HW,60,1,2,2,60_2,D4,G1,W3,500,119,4,123,NA,NA,NA,NA,NA,NA,NA,NA,NA,NA,
1_6,T_pun,CleanToSeed,60,1,3,3,60_3,D4,G1,W3,500,178,3,181,NA,NA,NA,NA,NA,NA,NA,NA,NA,NA,
1_6,A_ina,HW,60,1,4,4,60_4,D4,G1,W3,500,349,5,354,NA,NA,NA,NA,NA,NA,NA,NA,NA,NA,
1_6,T_wis,CleanToSeed,60,1,5,5,60_5,D4,G1,W3,800,176,3,179,NA,NA,NA,NA,NA,NA,NA,NA,NA,NA,
1_6,T_wis,CleanToSeed,60,2,1,6,60_6,D4,G1,W3,800,215,1,216,1.5115,34,0,18,0,0,3,0,1,12,
1_6,I_mon,HW,60,2,2,7,60_7,D4,G1,W3,500,157,0,157,1.6549,39,0,7,6,0,1,0,6,19,
1_6,A_ina,HW,60,2,3,8,60_8,D4,G1,W3,500,396,0,396,19.3333,40,0,25,3,0,0,0,0,12,
1_6,A_hil,HW,60,2,4,9,60_9,D4,G1,W3,450,271,10,281,3.2564,39,0,21,0,0,5,0,0,13,
1_6,T_pun,CleanToSeed,60,2,5,10,60_10,D4,G1,W3,500,185,4,189,1.6733,39,0,22,0,2,5,3,1,6,
1_6,A_hil,HW,60,3,1,11,60_11,D4,G1,W3,450,250,8,258,3.2215,40,0,19,3,0,2,0,4,12,
1_6,I_mon,HW,60,3,2,12,60_12,D4,G1,W3,500,165,0,165,2.4782,40,0,10,5,0,7,0,0,18,
1_6,T_pun,CleanToSeed,60,3,3,13,60_13,D4,G1,W3,500,175,3,178,1.3702,40,0,19,0,0,11,0,4,6,
1_6,A_ina,HW,60,3,4,14,60_14,D4,G1,W3,500,348,4,352,17.6484,40,0,24,5,0,0,0,0,11,
1_6,T_wis,CleanToSeed,60,3,5,15,60_15,D4,G1,W3,800,177,0,177,1.569,39,0,7,0,0,8,0,2,22,
1_6,T_wis,CleanToSeed,60,4,1,16,60_16,D4,G1,W3,800,189,4,193,NA,NA,NA,NA,NA,NA,NA,NA,NA,NA,
1_6,A_hil,HW,60,4,2,17,60_17,D4,G1,W3,450,210,6,216,NA,NA,NA,NA,NA,NA,NA,NA,NA,NA,
1_6,T_pun,CleanToSeed,60,4,3,18,60_18,D4,G1,W3,500,141,1,142,NA,NA,NA,NA,NA,NA,NA,NA,NA,NA,
1_6,A_ina,HW,60,4,4,19,60_19,D4,G1,W3,500,315,4,319,NA,NA,NA,NA,NA,NA,NA,NA,NA,NA,
1_6,I_mon,HW,60,4,5,20,60_20,D4,G1,W3,500,125,15,140,NA,NA,NA,NA,NA,NA,NA,NA,NA,NA,
1_7,T_wis,CleanToSeed,8,1,1,1,8_1,G1,G2,W3,800,40,8,48,NA,NA,NA,NA,NA,NA,NA,NA,NA,NA,
1_7,T_pun,CleanToSeed,8,1,2,2,8_2,G1,G2,W3,500,84,20,104,NA,NA,NA,NA,NA,NA,NA,NA,NA,NA,
1_7,I_mon,HW,8,1,3,3,8_3,G1,G2,W3,500,23,33,56,NA,NA,NA,NA,NA,NA,NA,NA,NA,NA,
1_7,A_hil,HW,8,1,4,4,8_4,G1,G2,W3,450,74,122,196,NA,NA,NA,NA,NA,NA,NA,NA,NA,NA,
1_7,A_ina,HW,8,1,5,5,8_5,G1,G2,W3,500,138,59,197,NA,NA,NA,NA,NA,NA,NA,NA,NA,NA,
1_7,A_ina,HW,8,2,1,6,8_6,G1,G2,W3,500,168,66,234,5.3264,40,0,15,16,0,1,0,0,8,
1_7,I_mon,HW,8,2,2,7,8_7,G1,G2,W3,500,94,46,140,0.6822,37,0,4,5,0,3,0,7,18,
1_7,T_pun,CleanToSeed,8,2,3,8,8_8,G1,G2,W3,500,130,30,160,0.732,39,0,20,0,0,13,0,1,5,
1_7,T_wis,CleanToSeed,8,2,4,9,8_9,G1,G2,W3,800,120,48,168,0.6293,40,0,6,0,0,10,0,2,22,
1_7,A_hil,HW,8,2,5,10,8_10,G1,G2,W3,450,181,49,230,1.3999,40,0,25,4,0,0,0,3,8,
1_7,I_mon,HW,8,3,1,11,8_11,G1,G2,W3,500,89,16,105,0.6172,40,0,14,7,0,0,0,0,19,
1_7,T_wis,CleanToSeed,8,3,2,12,8_12,G1,G2,W3,800,61,18,79,0.3209,40,0,12,0,0,8,0,3,17,
1_7,A_hil,HW,8,3,3,13,8_13,G1,G2,W3,450,114,72,186,0.9064,40,0,18,2,0,7,0,2,11,
1_7,T_pun,CleanToSeed,8,3,4,14,8_14,G1,G2,W3,500,77,42,119,0.4148,40,0,12,0,0,7,0,6,15,
1_7,A_ina,HW,8,3,5,15,8_15,G1,G2,W3,500,60,53,113,2.0517,40,0,18,2,0,1,0,0,19,
1_7,A_hil,HW,8,4,1,16,8_16,G1,G2,W3,450,30,93,123,NA,NA,NA,NA,NA,NA,NA,NA,NA,NA,
1_7,I_mon,HW,8,4,2,17,8_17,G1,G2,W3,500,4,10,14,NA,NA,NA,NA,NA,NA,NA,NA,NA,NA,
1_7,T_wis,CleanToSeed,8,4,3,18,8_18,G1,G2,W3,800,21,13,34,NA,NA,NA,NA,NA,NA,NA,NA,NA,NA,
1_7,A_ina,HW,8,4,4,19,8_19,G1,G2,W3,500,34,5,39,NA,NA,NA,NA,NA,NA,NA,NA,NA,NA,
1_7,T_pun,CleanToSeed,8,4,5,20,8_20,G1,G2,W3,500,42,0,42,NA,NA,NA,NA,NA,NA,NA,NA,NA,NA,
1_7,T_wis,CleanToSeed,27,1,1,1,27_1,C4,G2,W3,800,66,13,79,NA,NA,NA,NA,NA,NA,NA,NA,NA,NA,
1_7,A_hil,HW,27,1,2,2,27_2,C4,G2,W3,450,85,166,251,NA,NA,NA,NA,NA,NA,NA,NA,NA,NA,
1_7,I_mon,HW,27,1,3,3,27_3,C4,G2,W3,500,60,51,111,NA,NA,NA,NA,NA,NA,NA,NA,NA,NA,
1_7,A_ina,HW,27,1,4,4,27_4,C4,G2,W3,500,241,67,308,NA,NA,NA,NA,NA,NA,NA,NA,NA,NA,
1_7,T_pun,CleanToSeed,27,1,5,5,27_5,C4,G2,W3,500,145,43,188,NA,NA,NA,NA,NA,NA,NA,NA,NA,NA,
1_7,A_hil,HW,27,2,1,6,27_6,C4,G2,W3,450,72,107,179,0.7046,38,0,11,5,0,6,0,13,3,
1_7,T_wis,CleanToSeed,27,2,2,7,27_7,C4,G2,W3,800,115,49,164,0.8106,40,0,9,0,0,0,0,5,26,
1_7,T_pun,CleanToSeed,27,2,3,8,27_8,C4,G2,W3,500,109,33,142,0.8646,39,0,11,0,0,8,0,10,10,
1_7,A_ina,HW,27,2,4,9,27_9,C4,G2,W3,500,244,92,336,10.9882,40,0,27,8,0,3,0,0,2,
1_7,I_mon,HW,27,2,5,10,27_10,C4,G2,W3,500,40,99,139,0.3879,40,0,6,2,0,7,0,2,23,
1_7,I_mon,HW,27,3,1,11,27_11,C4,G2,W3,500,47,98,145,0.444,30,0,6,0,0,2,0,6,16,
1_7,T_pun,CleanToSeed,27,3,2,12,27_12,C4,G2,W3,500,119,14,133,0.9383,40,0,8,0,0,5,0,14,13,
1_7,T_wis,CleanToSeed,27,3,3,13,27_13,C4,G2,W3,800,103,33,136,0.7736,37,0,15,0,0,4,0,3,15,
1_7,A_ina,HW,27,3,4,14,27_14,C4,G2,W3,500,225,39,264,10.3321,40,0,28,2,0,3,0,0,7,
1_7,A_hil,HW,27,3,5,15,27_15,C4,G2,W3,450,103,113,216,1.0479,40,0,27,5,0,7,0,0,1,
1_7,I_mon,HW,27,4,1,16,27_16,C4,G2,W3,500,45,49,94,NA,NA,NA,NA,NA,NA,NA,NA,NA,NA,
1_7,T_wis,CleanToSeed,27,4,2,17,27_17,C4,G2,W3,800,110,40,150,NA,NA,NA,NA,NA,NA,NA,NA,NA,NA,
1_7,T_pun,CleanToSeed,27,4,3,18,27_18,C4,G2,W3,500,89,17,106,NA,NA,NA,NA,NA,NA,NA,NA,NA,NA,
1_7,A_ina,HW,27,4,4,19,27_19,C4,G2,W3,500,223,44,267,NA,NA,NA,NA,NA,NA,NA,NA,NA,NA,
1_7,A_hil,HW,27,4,5,20,27_20,C4,G2,W3,450,99,115,214,NA,NA,NA,NA,NA,NA,NA,NA,NA,NA,
1_7,I_mon,HW,42,1,1,1,42_1,B2,G2,W3,500,7,59,66,NA,NA,NA,NA,NA,NA,NA,NA,NA,NA,
1_7,A_ina,HW,42,1,2,2,42_2,B2,G2,W3,500,276,37,313,NA,NA,NA,NA,NA,NA,NA,NA,NA,NA,
1_7,T_wis,CleanToSeed,42,1,3,3,42_3,B2,G2,W3,800,49,17,66,NA,NA,NA,NA,NA,NA,NA,NA,NA,NA,
1_7,T_pun,CleanToSeed,42,1,4,4,42_4,B2,G2,W3,500,89,22,111,NA,NA,NA,NA,NA,NA,NA,NA,NA,NA,
1_7,A_hil,HW,42,1,5,5,42_5,B2,G2,W3,450,109,85,194,NA,NA,NA,NA,NA,NA,NA,NA,NA,NA,
1_7,T_wis,CleanToSeed,42,2,1,6,42_6,B2,G2,W3,800,88,40,128,0.6538,40,0,8,0,0,3,0,7,22,
1_7,A_ina,HW,42,2,2,7,42_7,B2,G2,W3,500,320,58,378,14.7851,40,0,29,4,0,2,0,0,5,
1_7,I_mon,HW,42,2,3,8,42_8,B2,G2,W3,500,19,93,112,0.1808,24,0,1,6,0,1,0,0,16,
1_7,A_hil,HW,42,2,4,9,42_9,B2,G2,W3,450,154,98,252,1.5213,28,0,11,0,0,9,0,5,3,
1_7,T_pun,CleanToSeed,42,2,5,10,42_10,B2,G2,W3,500,126,15,141,0.8583,40,0,16,0,0,5,0,8,11,
1_7,A_hil,HW,42,3,1,11,42_11,B2,G2,W3,450,119,121,240,1.0989,38,0,11,8,0,3,0,11,5,
1_7,A_ina,HW,42,3,2,12,42_12,B2,G2,W3,500,243,59,302,10.129,40,0,26,8,0,1,0,0,5,
1_7,I_mon,HW,42,3,3,13,42_13,B2,G2,W3,500,23,103,126,0.1845,30,0,1,6,0,0,0,4,19,
1_7,T_pun,CleanToSeed,42,3,4,14,42_14,B2,G2,W3,500,115,22,137,0.7477,40,1,24,0,0,3,0,9,3,
1_7,T_wis,CleanToSeed,42,3,5,15,42_15,B2,G2,W3,800,117,22,139,0.9087,40,0,13,0,0,3,0,7,17,
1_7,T_wis,CleanToSeed,42,4,1,16,42_16,B2,G2,W3,800,134,21,155,NA,NA,NA,NA,NA,NA,NA,NA,NA,NA,
1_7,A_ina,HW,42,4,2,17,42_17,B2,G2,W3,500,279,49,328,NA,NA,NA,NA,NA,NA,NA,NA,NA,NA,
1_7,T_pun,CleanToSeed,42,4,3,18,42_18,B2,G2,W3,500,120,18,138,NA,NA,NA,NA,NA,NA,NA,NA,NA,NA,
1_7,I_mon,HW,42,4,4,19,42_19,B2,G2,W3,500,19,63,82,NA,NA,NA,NA,NA,NA,NA,NA,NA,NA,
1_7,A_hil,HW,42,4,5,20,42_20,B2,G2,W3,450,116,134,250,NA,NA,NA,NA,NA,NA,NA,NA,NA,NA,
1_8,I_mon,HW,38,1,1,1,38_1,F1,G3,W3,500,20,50,70,NA,NA,NA,NA,NA,NA,NA,NA,NA,NA,
1_8,T_wis,CleanToSeed,38,1,2,2,38_2,F1,G3,W3,800,138,31,169,NA,NA,NA,NA,NA,NA,NA,NA,NA,NA,
1_8,A_hil,HW,38,1,3,3,38_3,F1,G3,W3,450,67,95,162,NA,NA,NA,NA,NA,NA,NA,NA,NA,NA,
1_8,T_pun,CleanToSeed,38,1,4,4,38_4,F1,G3,W3,500,114,27,141,NA,NA,NA,NA,NA,NA,NA,NA,NA,NA,
1_8,A_ina,HW,38,1,5,5,38_5,F1,G3,W3,500,134,175,309,NA,NA,NA,NA,NA,NA,NA,NA,NA,NA,
1_8,A_ina,HW,38,2,1,6,38_6,F1,G3,W3,500,102,214,316,3.8338,40,0,26,8,0,0,0,0,6,
1_8,T_pun,CleanToSeed,38,2,2,7,38_7,F1,G3,W3,500,164,39,203,0.9366,39,0,10,0,0,11,0,4,14,
1_8,I_mon,HW,38,2,3,8,38_8,F1,G3,W3,500,81,72,153,0.6037,40,0,8,11,0,1,0,0,20,
1_8,T_wis,CleanToSeed,38,2,4,9,38_9,F1,G3,W3,800,208,20,228,1.1454,40,0,9,0,1,7,0,7,16,
1_8,A_hil,HW,38,2,5,10,38_10,F1,G3,W3,450,63,188,251,0.6509,38,0,22,6,0,1,0,5,4,
1_8,A_ina,HW,38,3,1,11,38_11,F1,G3,W3,500,104,207,311,4.6254,40,0,27,3,0,4,0,0,6,
1_8,A_hil,HW,38,3,2,12,38_12,F1,G3,W3,450,39,172,211,0.3488,39,0,23,4,0,2,0,3,7,
1_8,T_wis,CleanToSeed,38,3,3,13,38_13,F1,G3,W3,800,150,17,167,0.8738,40,0,13,0,0,4,0,0,23,
1_8,I_mon,HW,38,3,4,14,38_14,F1,G3,W3,500,77,81,158,0.5564,37,0,2,10,0,1,0,0,24,
1_8,T_pun,CleanToSeed,38,3,5,15,38_15,F1,G3,W3,500,190,20,210,1.0944,40,0,7,0,0,10,0,6,17,
1_8,I_mon,HW,38,4,1,16,38_16,F1,G3,W3,500,71,77,148,NA,NA,NA,NA,NA,NA,NA,NA,NA,NA,
1_8,T_wis,CleanToSeed,38,4,2,17,38_17,F1,G3,W3,800,205,42,247,NA,NA,NA,NA,NA,NA,NA,NA,NA,NA,
1_8,A_hil,HW,38,4,3,18,38_18,F1,G3,W3,450,34,80,114,NA,NA,NA,NA,NA,NA,NA,NA,NA,NA,
1_8,A_ina,HW,38,4,4,19,38_19,F1,G3,W3,500,142,102,244,NA,NA,NA,NA,NA,NA,NA,NA,NA,NA,
1_8,T_pun,CleanToSeed,38,4,5,20,38_20,F1,G3,W3,500,26,31,57,NA,NA,NA,NA,NA,NA,NA,NA,NA,NA,
1_8,T_pun,CleanToSeed,41,1,1,1,41_1,B2,G3,W3,500,55,4,59,NA,NA,NA,NA,NA,NA,NA,NA,NA,NA,
1_8,T_wis,CleanToSeed,41,1,2,2,41_2,B2,G3,W3,800,173,7,180,NA,NA,NA,NA,NA,NA,NA,NA,NA,NA,
1_8,I_mon,HW,41,1,3,3,41_3,B2,G3,W3,500,61,56,117,NA,NA,NA,NA,NA,NA,NA,NA,NA,NA,
1_8,A_hil,HW,41,1,4,4,41_4,B2,G3,W3,450,92,95,187,NA,NA,NA,NA,NA,NA,NA,NA,NA,NA,
1_8,A_ina,HW,41,1,5,5,41_5,B2,G3,W3,500,192,110,302,NA,NA,NA,NA,NA,NA,NA,NA,NA,NA,
1_8,A_hil,HW,41,2,1,6,41_6,B2,G3,W3,450,124,98,222,1.2344,39,0,0,28,0,2,0,9,0,
1_8,T_wis,CleanToSeed,41,2,2,7,41_7,B2,G3,W3,800,176,15,191,1.5571,40,0,11,0,0,12,0,4,13,
1_8,T_pun,CleanToSeed,41,2,3,8,41_8,B2,G3,W3,500,205,12,217,1.5018,40,0,15,0,0,10,0,4,11,
1_8,A_ina,HW,41,2,4,9,41_9,B2,G3,W3,500,181,139,320,7.4316,40,0,16,14,0,4,0,1,5,
1_8,I_mon,HW,41,2,5,10,41_10,B2,G3,W3,500,121,38,159,1.0276,35,0,2,8,0,2,0,0,23,
1_8,A_hil,HW,41,3,1,11,41_11,B2,G3,W3,450,79,108,187,0.8802,39,0,17,7,0,2,0,3,10,
1_8,T_wis,CleanToSeed,41,3,2,12,41_12,B2,G3,W3,800,127,13,140,1.4706,40,0,11,0,0,9,0,4,16,
1_8,I_mon,HW,41,3,3,13,41_13,B2,G3,W3,500,95,48,143,0.6911,37,0,10,11,0,0,0,2,14,
1_8,A_ina,HW,41,3,4,14,41_14,B2,G3,W3,500,122,43,165,6.9919,40,0,18,2,0,2,0,0,18,
1_8,T_pun,CleanToSeed,41,3,5,15,41_15,B2,G3,W3,500,182,29,211,1.4875,40,0,13,0,0,17,0,2,8,
1_8,T_wis,CleanToSeed,41,4,1,16,41_16,B2,G3,W3,800,155,8,163,NA,NA,NA,NA,NA,NA,NA,NA,NA,NA,
1_8,T_pun,CleanToSeed,41,4,2,17,41_17,B2,G3,W3,500,141,12,153,NA,NA,NA,NA,NA,NA,NA,NA,NA,NA,
1_8,I_mon,HW,41,4,3,18,41_18,B2,G3,W3,500,72,50,122,NA,NA,NA,NA,NA,NA,NA,NA,NA,NA,
1_8,A_hil,HW,41,4,4,19,41_19,B2,G3,W3,450,135,77,212,NA,NA,NA,NA,NA,NA,NA,NA,NA,NA,
1_8,A_ina,HW,41,4,5,20,41_20,B2,G3,W3,500,238,104,342,NA,NA,NA,NA,NA,NA,NA,NA,NA,NA,
1_8,T_pun,CleanToSeed,53,1,1,1,53_1,F3,G3,W3,500,145,23,168,NA,NA,NA,NA,NA,NA,NA,NA,NA,NA,
1_8,T_wis,CleanToSeed,53,1,2,2,53_2,F3,G3,W3,800,180,45,225,NA,NA,NA,NA,NA,NA,NA,NA,NA,NA,
1_8,A_ina,HW,53,1,3,3,53_3,F3,G3,W3,500,95,107,202,NA,NA,NA,NA,NA,NA,NA,NA,NA,NA,
1_8,I_mon,HW,53,1,4,4,53_4,F3,G3,W3,500,40,75,115,NA,NA,NA,NA,NA,NA,NA,NA,NA,NA,
1_8,A_hil,HW,53,1,5,5,53_5,F3,G3,W3,450,11,139,150,NA,NA,NA,NA,NA,NA,NA,NA,NA,NA,
1_8,T_pun,CleanToSeed,53,2,1,6,53_6,F3,G3,W3,500,145,49,194,0.7884,40,0,6,0,0,18,0,5,11,
1_8,A_hil,HW,53,2,2,7,53_7,F3,G3,W3,450,29,138,167,0.2483,39,0,19,1,0,5,0,5,9,
1_8,T_wis,CleanToSeed,53,2,3,8,53_8,F3,G3,W3,800,204,61,265,1.1577,40,0,16,0,0,2,0,1,21,
1_8,I_mon,HW,53,2,4,9,53_9,F3,G3,W3,500,53,67,120,0.3349,38,0,11,9,0,1,0,0,17,
1_8,A_ina,HW,53,2,5,10,53_10,F3,G3,W3,500,110,97,207,3.8881,40,0,28,2,0,0,0,0,10,
1_8,A_ina,HW,53,3,1,11,53_11,F3,G3,W3,500,91,108,199,2.9761,40,0,29,1,0,0,0,1,9,
1_8,I_mon,HW,53,3,2,12,53_12,F3,G3,W3,500,46,77,123,0.2476,38,0,13,2,0,4,0,2,17,
1_8,T_wis,CleanToSeed,53,3,3,13,53_13,F3,G3,W3,800,169,48,217,0.88,39,0,12,0,0,8,0,1,18,
1_8,A_hil,HW,53,3,4,14,53_14,F3,G3,W3,450,28,120,148,0.2315,31,0,0,4,0,11,0,14,2,
1_8,T_pun,CleanToSeed,53,3,5,15,53_15,F3,G3,W3,500,155,32,187,0.8941,40,0,10,0,0,9,0,7,14,
1_8,T_pun,CleanToSeed,53,4,1,16,53_16,F3,G3,W3,500,164,30,194,NA,NA,NA,NA,NA,NA,NA,NA,NA,NA,
1_8,A_ina,HW,53,4,2,17,53_17,F3,G3,W3,500,114,96,210,NA,NA,NA,NA,NA,NA,NA,NA,NA,NA,
1_8,T_wis,CleanToSeed,53,4,3,18,53_18,F3,G3,W3,800,209,25,234,NA,NA,NA,NA,NA,NA,NA,NA,NA,NA,
1_8,A_hil,HW,53,4,4,19,53_19,F3,G3,W3,450,134,74,208,NA,NA,NA,NA,NA,NA,NA,NA,NA,NA,
1_8,I_mon,HW,53,4,5,20,53_20,F3,G3,W3,500,71,17,88,NA,NA,NA,NA,NA,NA,NA,NA,NA,NA,
1_9,T_wis,CleanToSeed,7,1,1,1,7_1,G1,G4,W3,800,158,4,162,NA,NA,NA,NA,NA,NA,NA,NA,NA,NA,
1_9,T_pun,CleanToSeed,7,1,2,2,7_2,G1,G4,W3,500,158,4,162,NA,NA,NA,NA,NA,NA,NA,NA,NA,NA,
1_9,I_mon,HW,7,1,3,3,7_3,G1,G4,W3,500,98,3,101,NA,NA,NA,NA,NA,NA,NA,NA,NA,NA,
1_9,A_hil,HW,7,1,4,4,7_4,G1,G4,W3,450,193,29,222,NA,NA,NA,NA,NA,NA,NA,NA,NA,NA,
1_9,A_ina,HW,7,1,5,5,7_5,G1,G4,W3,500,260,23,283,NA,NA,NA,NA,NA,NA,NA,NA,NA,NA,
1_9,T_wis,CleanToSeed,7,2,1,6,7_6,G1,G4,W3,800,183,22,205,1.7125,39,0,11,0,0,5,0,13,10,
1_9,A_hil,HW,7,2,2,7,7_7,G1,G4,W3,450,163,19,182,1.3948,37,0,0,12,0,0,0,16,9,
1_9,I_mon,HW,7,2,3,8,7_8,G1,G4,W3,500,131,2,133,1.3083,30,0,0,0,0,6,0,8,16,
1_9,A_ina,HW,7,2,4,9,7_9,G1,G4,W3,500,287,19,306,11.1473,40,0,5,10,0,19,0,1,5,
1_9,T_pun,CleanToSeed,7,2,5,10,7_10,G1,G4,W3,500,169,14,183,1.2749,40,0,8,0,0,11,0,14,7,
1_9,A_hil,HW,7,3,1,11,7_11,G1,G4,W3,450,214,16,230,1.8414,38,0,0,6,0,2,0,6,24,
1_9,T_wis,CleanToSeed,7,3,2,12,7_12,G1,G4,W3,800,206,18,224,1.4318,39,0,14,0,0,4,0,8,13,
1_9,T_pun,CleanToSeed,7,3,3,13,7_13,G1,G4,W3,500,148,10,158,0.9397,39,0,19,0,1,5,1,7,6,
1_9,A_ina,HW,7,3,4,14,7_14,G1,G4,W3,500,279,24,303,9.9101,39,0,2,13,0,4,0,4,16,
1_9,I_mon,HW,7,3,5,15,7_15,G1,G4,W3,500,58,6,64,0.4581,35,0,0,0,0,8,0,3,24,
1_9,I_mon,HW,7,4,1,16,7_16,G1,G4,W3,500,44,14,58,NA,NA,NA,NA,NA,NA,NA,NA,NA,NA,
1_9,T_pun,CleanToSeed,7,4,2,17,7_17,G1,G4,W3,500,78,6,84,NA,NA,NA,NA,NA,NA,NA,NA,NA,NA,
1_9,T_wis,CleanToSeed,7,4,3,18,7_18,G1,G4,W3,800,110,10,120,NA,NA,NA,NA,NA,NA,NA,NA,NA,NA,
1_9,A_ina,HW,7,4,4,19,7_19,G1,G4,W3,500,120,0,120,NA,NA,NA,NA,NA,NA,NA,NA,NA,NA,
1_9,A_hil,HW,7,4,5,20,7_20,G1,G4,W3,450,213,8,221,NA,NA,NA,NA,NA,NA,NA,NA,NA,NA,
1_9,I_mon,HW,11,1,1,1,11_1,C2,G4,W3,500,33,62,95,NA,NA,NA,NA,NA,NA,NA,NA,NA,NA,
1_9,A_hil,HW,11,1,2,2,11_2,C2,G4,W3,450,256,32,288,NA,NA,NA,NA,NA,NA,NA,NA,NA,NA,
1_9,T_pun,CleanToSeed,11,1,3,3,11_3,C2,G4,W3,500,130,17,147,NA,NA,NA,NA,NA,NA,NA,NA,NA,NA,
1_9,T_wis,CleanToSeed,11,1,4,4,11_4,C2,G4,W3,800,136,62,198,NA,NA,NA,NA,NA,NA,NA,NA,NA,NA,
1_9,A_ina,HW,11,1,5,5,11_5,C2,G4,W3,500,373,21,394,NA,NA,NA,NA,NA,NA,NA,NA,NA,NA,
1_9,A_ina,HW,11,2,1,6,11_6,C2,G4,W3,500,395,16,411,14.8906,40,0,24,7,0,0,0,0,9,
1_9,A_hil,HW,11,2,2,7,11_7,C2,G4,W3,450,273,16,289,2.458,40,0,22,8,0,1,0,1,8,
1_9,I_mon,HW,11,2,3,8,11_8,C2,G4,W3,500,114,31,145,1.2579,40,0,10,8,0,0,0,0,22,
1_9,T_wis,CleanToSeed,11,2,4,9,11_9,C2,G4,W3,800,128,35,163,1.6783,40,1,10,0,0,0,0,8,21,
1_9,T_pun,CleanToSeed,11,2,5,10,11_10,C2,G4,W3,500,192,12,204,1.6745,38,0,17,0,5,0,1,11,4,
1_9,I_mon,HW,11,3,1,11,11_11,C2,G4,W3,500,50,37,87,0.7809,40,0,8,9,0,0,0,0,23,
1_9,T_pun,CleanToSeed,11,3,2,12,11_12,C2,G4,W3,500,194,15,209,1.7606,39,0,9,0,1,7,0,10,12,
1_9,T_wis,CleanToSeed,11,3,3,13,11_13,C2,G4,W3,800,163,35,198,2.069,40,0,6,0,0,2,0,8,24,
1_9,A_ina,HW,11,3,4,14,11_14,C2,G4,W3,500,321,12,333,13.0726,40,0,33,0,0,1,0,1,5,
1_9,A_hil,HW,11,3,5,15,11_15,C2,G4,W3,450,226,12,238,2.5089,40,0,8,13,0,7,0,0,12,
1_9,T_wis,CleanToSeed,11,4,1,16,11_16,C2,G4,W3,800,164,23,187,NA,NA,NA,NA,NA,NA,NA,NA,NA,NA,
1_9,T_pun,CleanToSeed,11,4,2,17,11_17,C2,G4,W3,500,183,7,190,NA,NA,NA,NA,NA,NA,NA,NA,NA,NA,
1_9,I_mon,HW,11,4,3,18,11_18,C2,G4,W3,500,112,37,149,NA,NA,NA,NA,NA,NA,NA,NA,NA,NA,
1_9,A_hil,HW,11,4,4,19,11_19,C2,G4,W3,450,258,6,264,NA,NA,NA,NA,NA,NA,NA,NA,NA,NA,
1_9,A_ina,HW,11,4,5,20,11_20,C2,G4,W3,500,365,6,371,NA,NA,NA,NA,NA,NA,NA,NA,NA,NA,
1_9,I_mon,HW,59,1,1,1,59_1,D4,G4,W3,500,13,63,76,NA,NA,NA,NA,NA,NA,NA,NA,NA,NA,
1_9,A_hil,HW,59,1,2,2,59_2,D4,G4,W3,450,133,21,154,NA,NA,NA,NA,NA,NA,NA,NA,NA,NA,
1_9,T_pun,CleanToSeed,59,1,3,3,59_3,D4,G4,W3,500,116,10,126,NA,NA,NA,NA,NA,NA,NA,NA,NA,NA,
1_9,T_wis,CleanToSeed,59,1,4,4,59_4,D4,G4,W3,800,109,51,160,NA,NA,NA,NA,NA,NA,NA,NA,NA,NA,
1_9,A_ina,HW,59,1,5,5,59_5,D4,G4,W3,500,354,8,362,NA,NA,NA,NA,NA,NA,NA,NA,NA,NA,
1_9,A_hil,HW,59,2,1,6,59_6,D4,G4,W3,450,231,14,245,1.9523,40,0,10,5,0,10,0,9,6,
1_9,A_ina,HW,59,2,2,7,59_7,D4,G4,W3,500,315,27,342,11.1795,40,0,29,4,0,3,0,1,3,
1_9,T_pun,CleanToSeed,59,2,3,8,59_8,D4,G4,W3,500,176,2,178,1.2194,39,0,17,0,0,4,0,6,12,
1_9,T_wis,CleanToSeed,59,2,4,9,59_9,D4,G4,W3,800,186,22,208,1.8908,40,0,16,0,0,6,0,5,13,
1_9,I_mon,HW,59,2,5,10,59_10,D4,G4,W3,500,90,33,123,1.0619,38,0,4,5,0,8,0,1,20,
1_9,A_ina,HW,59,3,1,11,59_11,D4,G4,W3,500,302,19,321,12.2126,40,0,32,1,0,1,0,0,6,
1_9,A_hil,HW,59,3,2,12,59_12,D4,G4,W3,450,238,20,258,2.3141,38,0,21,4,0,7,0,1,5,
1_9,T_pun,CleanToSeed,59,3,3,13,59_13,D4,G4,W3,500,159,6,165,1.748,40,1,22,0,0,3,0,2,12,
1_9,I_mon,HW,59,3,4,14,59_14,D4,G4,W3,500,72,55,127,0.8642,34,0,10,2,0,0,0,0,22,
1_9,T_wis,CleanToSeed,59,3,5,15,59_15,D4,G4,W3,800,122,36,158,1.8184,39,0,12,0,0,4,0,4,19,
1_9,T_wis,CleanToSeed,59,4,1,16,59_16,D4,G4,W3,800,99,44,143,NA,NA,NA,NA,NA,NA,NA,NA,NA,NA,
1_9,T_pun,CleanToSeed,59,4,2,17,59_17,D4,G4,W3,500,78,9,87,NA,NA,NA,NA,NA,NA,NA,NA,NA,NA,
1_9,A_hil,HW,59,4,3,18,59_18,D4,G4,W3,450,64,29,93,NA,NA,NA,NA,NA,NA,NA,NA,NA,NA,
1_9,I_mon,HW,59,4,4,19,59_19,D4,G4,W3,500,17,44,61,NA,NA,NA,NA,NA,NA,NA,NA,NA,NA,
1_9,A_ina,HW,59,4,5,20,59_20,D4,G4,W3,500,319,20,339,NA,NA,NA,NA,NA,NA,NA,NA,NA,NA,
1_10,T_wis,CleanToSeed,12,1,1,1,12_1,C2,G5,W3,800,164,30,194,NA,NA,NA,NA,NA,NA,NA,NA,NA,NA,
1_10,A_hil,HW,12,1,2,2,12_2,C2,G5,W3,450,208,17,225,NA,NA,NA,NA,NA,NA,NA,NA,NA,NA,
1_10,I_mon,HW,12,1,3,3,12_3,C2,G5,W3,500,54,57,111,NA,NA,NA,NA,NA,NA,NA,NA,NA,NA,
1_10,A_ina,HW,12,1,4,4,12_4,C2,G5,W3,500,241,35,276,NA,NA,NA,NA,NA,NA,NA,NA,NA,NA,
1_10,T_pun,CleanToSeed,12,1,5,5,12_5,C2,G5,W3,500,176,5,181,NA,NA,NA,NA,NA,NA,NA,NA,NA,NA,
1_10,A_hil,HW,12,2,1,6,12_6,C2,G5,W3,450,190,22,212,1.8016,40,0,6,9,0,2,0,1,22,
1_10,T_wis,CleanToSeed,12,2,2,7,12_7,C2,G5,W3,800,200,12,212,2.0662,40,0,9,0,0,0,0,4,27,
1_10,T_pun,CleanToSeed,12,2,3,8,12_8,C2,G5,W3,500,206,5,211,1.7693,40,1,16,0,1,4,0,10,8,
1_10,A_ina,HW,12,2,4,9,12_9,C2,G5,W3,500,245,50,295,8.746,41,0,11,8,0,1,0,0,21,
1_10,I_mon,HW,12,2,5,10,12_10,C2,G5,W3,500,73,34,107,1.013,40,0,6,6,0,7,0,0,21,
1_10,I_mon,HW,12,3,1,11,12_11,C2,G5,W3,500,34,64,98,0.5455,40,0,8,3,0,1,0,0,28,
1_10,T_pun,CleanToSeed,12,3,2,12,12_12,C2,G5,W3,500,206,0,206,2.1298,40,0,17,0,0,6,0,6,11,
1_10,T_wis,CleanToSeed,12,3,3,13,12_13,C2,G5,W3,800,232,0,232,2.545,39,0,13,0,0,0,0,9,17,
1_10,A_ina,HW,12,3,4,14,12_14,C2,G5,W3,500,217,34,251,7.6529,40,0,26,3,0,0,0,0,11,
1_10,A_hil,HW,12,3,5,15,12_15,C2,G5,W3,450,152,25,177,1.263,40,0,11,9,0,1,0,1,18,
1_10,T_pun,CleanToSeed,12,4,1,16,12_16,C2,G5,W3,500,172,4,176,NA,NA,NA,NA,NA,NA,NA,NA,NA,NA,
1_10,A_hil,HW,12,4,2,17,12_17,C2,G5,W3,450,180,14,194,NA,NA,NA,NA,NA,NA,NA,NA,NA,NA,
1_10,I_mon,HW,12,4,3,18,12_18,C2,G5,W3,500,96,45,141,NA,NA,NA,NA,NA,NA,NA,NA,NA,NA,
1_10,T_wis,CleanToSeed,12,4,4,19,12_19,C2,G5,W3,800,219,2,221,NA,NA,NA,NA,NA,NA,NA,NA,NA,NA,
1_10,A_ina,HW,12,4,5,20,12_20,C2,G5,W3,500,195,51,246,NA,NA,NA,NA,NA,NA,NA,NA,NA,NA,
1_10,A_hil,HW,28,1,1,1,28_1,C4,G5,W3,450,158,68,226,NA,NA,NA,NA,NA,NA,NA,NA,NA,NA,
1_10,I_mon,HW,28,1,2,2,28_2,C4,G5,W3,500,135,18,153,NA,NA,NA,NA,NA,NA,NA,NA,NA,NA,
1_10,A_ina,HW,28,1,3,3,28_3,C4,G5,W3,500,236,94,330,NA,NA,NA,NA,NA,NA,NA,NA,NA,NA,
1_10,T_pun,CleanToSeed,28,1,4,4,28_4,C4,G5,W3,500,188,6,194,NA,NA,NA,NA,NA,NA,NA,NA,NA,NA,
1_10,T_wis,CleanToSeed,28,1,5,5,28_5,C4,G5,W3,800,187,2,189,NA,NA,NA,NA,NA,NA,NA,NA,NA,NA,
1_10,A_hil,HW,28,2,1,6,28_6,C4,G5,W3,450,209,32,241,2.7425,40,0,10,18,0,4,0,1,7,
1_10,I_mon,HW,28,2,2,7,28_7,C4,G5,W3,500,127,28,155,2.3733,37,0,10,11,0,0,0,0,16,
1_10,T_pun,CleanToSeed,28,2,3,8,28_8,C4,G5,W3,500,181,4,185,4.2172,39,0,18,0,0,6,0,7,8,
1_10,T_wis,CleanToSeed,28,2,4,9,28_9,C4,G5,W3,800,193,7,200,3.9222,40,0,6,0,0,0,0,6,28,
1_10,A_ina,HW,28,2,5,10,28_10,C4,G5,W3,500,212,37,249,9.3176,40,0,21,1,0,3,0,0,15,
1_10,A_hil,HW,28,3,1,11,28_11,C4,G5,W3,450,146,76,222,1.67,40,0,15,11,0,1,0,6,7,
1_10,T_wis,CleanToSeed,28,3,2,12,28_12,C4,G5,W3,800,203,9,212,4.8615,40,0,17,0,0,1,0,6,16,
1_10,I_mon,HW,28,3,3,13,28_13,C4,G5,W3,500,72,73,145,0.659,39,0,6,10,0,1,0,3,19,
1_10,T_pun,CleanToSeed,28,3,4,14,28_14,C4,G5,W3,500,123,4,127,2.8749,40,0,21,0,0,3,0,8,8,
1_10,A_ina,HW,28,3,5,15,28_15,C4,G5,W3,500,128,103,231,4.9783,40,0,38,1,0,0,0,0,1,
1_10,A_hil,HW,28,4,1,16,28_16,C4,G5,W3,450,121,47,168,NA,NA,NA,NA,NA,NA,NA,NA,NA,NA,
1_10,T_wis,CleanToSeed,28,4,2,17,28_17,C4,G5,W3,800,165,4,169,NA,NA,NA,NA,NA,NA,NA,NA,NA,NA,
1_10,A_ina,HW,28,4,3,18,28_18,C4,G5,W3,500,174,138,312,NA,NA,NA,NA,NA,NA,NA,NA,NA,NA,
1_10,I_mon,HW,28,4,4,19,28_19,C4,G5,W3,500,78,67,145,NA,NA,NA,NA,NA,NA,NA,NA,NA,NA,
1_10,T_pun,CleanToSeed,28,4,5,20,28_20,C4,G5,W3,500,149,5,154,NA,NA,NA,NA,NA,NA,NA,NA,NA,NA,
1_10,A_hil,HW,54,1,1,1,54_1,F3,G5,W3,450,143,48,191,NA,NA,NA,NA,NA,NA,NA,NA,NA,NA,
1_10,T_wis,CleanToSeed,54,1,2,2,54_2,F3,G5,W3,800,175,5,180,NA,NA,NA,NA,NA,NA,NA,NA,NA,NA,
1_10,A_ina,HW,54,1,3,3,54_3,F3,G5,W3,500,207,118,325,NA,NA,NA,NA,NA,NA,NA,NA,NA,NA,
1_10,I_mon,HW,54,1,4,4,54_4,F3,G5,W3,500,31,41,72,NA,NA,NA,NA,NA,NA,NA,NA,NA,NA,
1_10,T_pun,CleanToSeed,54,1,5,5,54_5,F3,G5,W3,500,138,5,143,NA,NA,NA,NA,NA,NA,NA,NA,NA,NA,
1_10,T_wis,CleanToSeed,54,2,1,6,54_6,F3,G5,W3,800,200,6,206,2.6963,39,0,22,0,0,0,0,1,16,
1_10,T_pun,CleanToSeed,54,2,2,7,54_7,F3,G5,W3,500,201,5,206,2.6186,40,0,17,0,0,10,0,7,6,
1_10,A_hil,HW,54,2,3,8,54_8,F3,G5,W3,450,100,89,189,0.89,40,0,24,3,0,6,0,4,3,
1_10,I_mon,HW,54,2,4,9,54_9,F3,G5,W3,500,65,63,128,0.5496,39,0,1,6,0,6,0,7,19,
1_10,A_ina,HW,54,2,5,10,54_10,F3,G5,W3,500,194,139,333,6.3557,39,0,22,8,0,2,0,0,7,
1_10,A_hil,HW,54,3,1,11,54_11,F3,G5,W3,450,70,119,189,0.5873,40,0,17,5,0,6,0,1,11,
1_10,I_mon,HW,54,3,2,12,54_12,F3,G5,W3,500,15,95,110,0.1037,36,0,11,0,0,3,0,3,19,
1_10,T_pun,CleanToSeed,54,3,3,13,54_13,F3,G5,W3,500,158,36,194,1.2022,40,0,23,0,0,4,0,4,9,
1_10,A_ina,HW,54,3,4,14,54_14,F3,G5,W3,500,119,194,313,4.2297,40,0,23,6,0,0,0,0,11,
1_10,T_wis,CleanToSeed,54,3,5,15,54_15,F3,G5,W3,800,183,28,211,1.8197,40,0,13,0,0,0,0,0,27,
1_10,T_wis,CleanToSeed,54,4,1,16,54_16,F3,G5,W3,800,153,33,186,NA,NA,NA,NA,NA,NA,NA,NA,NA,NA,
1_10,I_mon,HW,54,4,2,17,54_17,F3,G5,W3,500,1,81,82,NA,NA,NA,NA,NA,NA,NA,NA,NA,NA,
1_10,A_ina,HW,54,4,3,18,54_18,F3,G5,W3,500,123,165,288,NA,NA,NA,NA,NA,NA,NA,NA,NA,NA,
1_10,A_hil,HW,54,4,4,19,54_19,F3,G5,W3,450,99,41,140,NA,NA,NA,NA,NA,NA,NA,NA,NA,NA,
1_10,T_pun,CleanToSeed,54,4,5,20,54_20,F3,G5,W3,500,112,10,122,NA,NA,NA,NA,NA,NA,NA,NA,NA,NA,
1_11,T_wis,CleanToSeed,2,1,1,1,2_1,A1,G1,W4,800,206,0,206,0.2329,39,0,4,0,21,6,0,0,8,
1_11,T_pun,HW,2,1,2,2,2_2,A1,G1,W4,500,108,0,108,0.1515,NA,NA,NA,NA,NA,NA,NA,NA,NA,
1_11,A_hil,HW,2,1,3,3,2_3,A1,G1,W4,500,39,0,39,0.1584,NA,NA,NA,NA,NA,NA,NA,NA,NA,
1_11,I_mon,CleanToSeed,2,1,4,4,2_4,A1,G1,W4,500,3,0,3,0.0063,NA,NA,NA,NA,NA,NA,NA,NA,NA,
1_11,A_ina,HW,2,1,5,5,2_5,A1,G1,W4,450,114,0,114,5.2664,NA,NA,NA,NA,NA,NA,NA,NA,NA,
1_11,A_hil,CleanToSeed,2,2,1,6,2_6,A1,G1,W4,800,98,7,105,0.9616,40,0,9,4,0,2,0,4,21,
1_11,I_mon,HW,2,2,2,7,2_7,A1,G1,W4,500,25,3,28,0.3009,39,0,0,5,0,1,0,0,33,
1_11,T_pun,HW,2,2,3,8,2_8,A1,G1,W4,500,158,6,164,0.8166,37,0,6,0,6,18,1,1,5,
1_11,A_ina,CleanToSeed,2,2,4,9,2_9,A1,G1,W4,500,233,5,238,10.8902,40,0,18,3,0,2,0,0,17,
1_11,T_wis,HW,2,2,5,10,2_10,A1,G1,W4,450,185,0,185,0.9853,39,0,7,0,7,9,4,0,12,
1_11,T_wis,HW,2,3,1,11,2_11,A1,G1,W4,500,245,0,245,1.505,40,1,14,0,1,10,2,1,11,
1_11,I_mon,CleanToSeed,2,3,2,12,2_12,A1,G1,W4,500,93,13,106,1.1966,40,0,1,5,0,3,0,0,31,
1_11,A_ina,CleanToSeed,2,3,3,13,2_13,A1,G1,W4,800,356,9,365,19.4221,40,0,21,1,0,0,0,1,17,
1_11,A_hil,HW,2,3,4,14,2_14,A1,G1,W4,500,210,0,210,2.3653,40,0,12,4,0,1,0,2,21,
1_11,T_pun,HW,2,3,5,15,2_15,A1,G1,W4,450,119,0,119,1.265,38,0,17,0,4,8,0,1,8,
1_11,A_hil,CleanToSeed,2,4,1,16,2_16,A1,G1,W4,800,229,7,236,NA,NA,NA,NA,NA,NA,NA,NA,NA,NA,
1_11,I_mon,HW,2,4,2,17,2_17,A1,G1,W4,500,144,0,144,NA,NA,NA,NA,NA,NA,NA,NA,NA,NA,
1_11,T_pun,HW,2,4,3,18,2_18,A1,G1,W4,450,154,0,154,NA,NA,NA,NA,NA,NA,NA,NA,NA,NA,
1_11,A_ina,CleanToSeed,2,4,4,19,2_19,A1,G1,W4,500,348,5,353,NA,NA,NA,NA,NA,NA,NA,NA,NA,NA,
1_11,T_wis,HW,2,4,5,20,2_20,A1,G1,W4,500,129,13,142,NA,NA,NA,NA,NA,NA,NA,NA,NA,NA,
1_11,I_mon,HW,21,1,1,1,21_1,E3,G1,W4,500,0,0,0,NA,NA,NA,NA,NA,NA,NA,NA,NA,NA,
1_11,T_pun,CleanToSeed,21,1,2,2,21_2,E3,G1,W4,500,0,0,0,NA,NA,NA,NA,NA,NA,NA,NA,NA,NA,
1_11,T_wis,CleanToSeed,21,1,3,3,21_3,E3,G1,W4,800,1,0,1,NA,NA,NA,NA,NA,NA,NA,NA,NA,NA,
1_11,A_ina,HW,21,1,4,4,21_4,E3,G1,W4,500,8,5,13,NA,NA,NA,NA,NA,NA,NA,NA,NA,NA,
1_11,A_hil,HW,21,1,5,5,21_5,E3,G1,W4,450,1,1,2,NA,NA,NA,NA,NA,NA,NA,NA,NA,NA,
1_11,A_hil,HW,21,2,1,6,21_6,E3,G1,W4,450,0,1,1,0,40,0,1,1,0,0,0,0,38,
1_11,I_mon,HW,21,2,2,7,21_7,E3,G1,W4,500,0,1,1,0,40,0,1,0,0,1,0,1,37,
1_11,A_ina,HW,21,2,3,8,21_8,E3,G1,W4,500,39,51,90,0.6728,40,0,4,0,0,0,0,0,36,
1_11,T_wis,CleanToSeed,21,2,4,9,21_9,E3,G1,W4,800,45,9,54,0.1726,40,0,0,0,10,0,0,0,30,
1_11,T_pun,CleanToSeed,21,2,5,10,21_10,E3,G1,W4,500,32,7,39,0.1566,40,0,7,0,15,0,0,2,16,
1_11,I_mon,HW,21,3,1,11,21_11,E3,G1,W4,500,12,7,19,0.0872,40,0,2,1,0,0,0,1,36,
1_11,A_ina,HW,21,3,2,12,21_12,E3,G1,W4,500,100,54,154,2.5489,40,0,8,0,0,0,0,0,32,
1_11,T_wis,CleanToSeed,21,3,3,13,21_13,E3,G1,W4,800,70,5,75,0.2979,40,0,0,0,9,0,0,1,30,
1_11,T_pun,CleanToSeed,21,3,4,14,21_14,E3,G1,W4,500,36,1,37,0.1722,36,0,1,0,11,0,0,0,24,
1_11,A_hil,HW,21,3,5,15,21_15,E3,G1,W4,450,26,14,40,0.1651,40,0,1,0,0,2,0,1,36,
1_11,I_mon,HW,21,4,1,16,21_16,E3,G1,W4,500,1,3,4,NA,NA,NA,NA,NA,NA,NA,NA,NA,NA,
1_11,A_ina,HW,21,4,2,17,21_17,E3,G1,W4,500,61,72,133,NA,NA,NA,NA,NA,NA,NA,NA,NA,NA,
1_11,T_wis,CleanToSeed,21,4,3,18,21_18,E3,G1,W4,800,85,6,91,NA,NA,NA,NA,NA,NA,NA,NA,NA,NA,
1_11,T_pun,CleanToSeed,21,4,4,19,21_19,E3,G1,W4,500,87,5,92,NA,NA,NA,NA,NA,NA,NA,NA,NA,NA,
1_11,A_hil,HW,21,4,5,20,21_20,E3,G1,W4,450,95,22,117,NA,NA,NA,NA,NA,NA,NA,NA,NA,NA,
1_11,T_wis,CleanToSeed,40,1,1,1,40_1,H1,G1,W4,800,102,7,109,NA,NA,NA,NA,NA,NA,NA,NA,NA,NA,
1_11,T_pun,CleanToSeed,40,1,2,2,40_2,H1,G1,W4,500,80,12,92,NA,NA,NA,NA,NA,NA,NA,NA,NA,NA,
1_11,I_mon,HW,40,1,3,3,40_3,H1,G1,W4,500,0,67,67,NA,NA,NA,NA,NA,NA,NA,NA,NA,NA,
1_11,A_hil,HW,40,1,4,4,40_4,H1,G1,W4,450,80,80,160,NA,NA,NA,NA,NA,NA,NA,NA,NA,NA,
1_11,A_ina,HW,40,1,5,5,40_5,H1,G1,W4,500,176,66,242,NA,NA,NA,NA,NA,NA,NA,NA,NA,NA,
1_11,T_wis,CleanToSeed,40,2,1,6,40_6,H1,G1,W4,800,139,9,148,1.4857,40,0,12,0,0,7,0,1,20,
1_11,A_hil,HW,40,2,2,7,40_7,H1,G1,W4,450,192,25,217,2.9044,39,0,12,5,0,1,0,3,18,
1_11,I_mon,HW,40,2,3,8,40_8,H1,G1,W4,500,68,60,128,0.8213,40,0,11,7,0,2,0,2,18,
1_11,A_ina,HW,40,2,4,9,40_9,H1,G1,W4,500,90,59,149,11.8182,40,0,9,5,0,1,0,0,25,
1_11,T_pun,CleanToSeed,40,2,5,10,40_10,H1,G1,W4,500,123,15,138,0.9463,40,0,11,0,0,12,0,2,15,
1_11,A_ina,HW,40,3,1,11,40_11,H1,G1,W4,500,225,67,292,10.6559,40,0,23,6,0,2,0,0,9,
1_11,A_hil,HW,40,3,2,12,40_12,H1,G1,W4,450,172,19,191,2.1591,39,0,13,8,0,1,0,2,15,
1_11,T_pun,CleanToSeed,40,3,3,13,40_13,H1,G1,W4,500,135,3,138,1.62,40,0,9,0,0,11,0,7,13,
1_11,T_wis,CleanToSeed,40,3,4,14,40_14,H1,G1,W4,800,135,11,146,2.0159,40,0,16,0,0,6,0,3,15,
1_11,I_mon,HW,40,3,5,15,40_15,H1,G1,W4,500,42,30,72,0.6778,39,0,11,2,0,0,0,0,26,
1_11,T_wis,CleanToSeed,40,4,1,16,40_16,H1,G1,W4,800,71,44,115,NA,NA,NA,NA,NA,NA,NA,NA,NA,NA,
1_11,T_pun,CleanToSeed,40,4,2,17,40_17,H1,G1,W4,500,66,33,99,NA,NA,NA,NA,NA,NA,NA,NA,NA,NA,
1_11,A_hil,HW,40,4,3,18,40_18,H1,G1,W4,450,75,70,145,NA,NA,NA,NA,NA,NA,NA,NA,NA,NA,
1_11,A_ina,HW,40,4,4,19,40_19,H1,G1,W4,500,170,100,270,NA,NA,NA,NA,NA,NA,NA,NA,NA,NA,
1_11,I_mon,HW,40,4,5,20,40_20,H1,G1,W4,500,23,26,49,NA,NA,NA,NA,NA,NA,NA,NA,NA,NA,
1_12,T_wis,CleanToSeed,1,1,1,1,1_1,A1,G2,W4,800,92,0,92,0.08,40,0,15,0,1,8,0,2,14,
1_12,T_pun,CleanToSeed,1,1,2,2,1_2,A1,G2,W4,500,14,0,14,0.0086,40,0,8,0,0,20,0,3,9,
1_12,A_hil,HW,1,1,3,3,1_3,A1,G2,W4,450,31,0,31,0.0839,40,0,12,0,0,6,0,4,18,
1_12,I_mon,HW,1,1,4,4,1_4,A1,G2,W4,500,0,0,0,0,39,0,0,0,0,4,0,0,35,
1_12,A_ina,HW,1,1,5,5,1_5,A1,G2,W4,500,7,4,11,0.1417,40,0,0,0,0,1,0,0,39,
1_12,A_hil,HW,1,2,1,6,1_6,A1,G2,W4,450,6,2,8,0.0221,40,0,0,0,0,8,0,6,26,
1_12,I_mon,HW,1,2,2,7,1_7,A1,G2,W4,500,0,1,1,0.0029,39,0,1,0,0,5,0,0,33,
1_12,T_pun,CleanToSeed,1,2,3,8,1_8,A1,G2,W4,500,1,14,15,0.0133,40,0,12,0,0,12,0,6,10,
1_12,A_ina,HW,1,2,4,9,1_9,A1,G2,W4,500,6,5,11,0.1266,40,0,0,0,0,5,0,0,35,
1_12,T_wis,CleanToSeed,1,2,5,10,1_10,A1,G2,W4,800,16,28,44,0.0647,40,0,14,0,0,6,0,5,15,
1_12,T_wis,CleanToSeed,1,3,1,11,1_11,A1,G2,W4,800,16,63,79,0.1068,40,0,18,0,0,2,0,2,18,
1_12,I_mon,HW,1,3,2,12,1_12,A1,G2,W4,500,9,4,13,0.0576,39,0,1,0,0,7,0,2,29,
1_12,A_ina,HW,1,3,3,13,1_13,A1,G2,W4,500,58,36,94,1.9112,40,0,2,0,0,10,0,0,28,
1_12,A_hil,HW,1,3,4,14,1_14,A1,G2,W4,450,26,49,75,0.2985,40,0,10,0,0,8,0,12,10,
1_12,T_pun,CleanToSeed,1,3,5,15,1_15,A1,G2,W4,500,71,49,120,0.4096,39,0,16,0,0,10,0,6,7,
1_12,A_hil,HW,1,4,1,16,1_16,A1,G2,W4,450,43,57,100,0.533,40,0,5,0,0,19,0,10,6,
1_12,I_mon,HW,1,4,2,17,1_17,A1,G2,W4,500,16,10,26,0.1527,40,0,0,0,0,3,0,2,35,
1_12,T_pun,CleanToSeed,1,4,3,18,1_18,A1,G2,W4,500,58,26,84,0.3699,40,0,13,0,0,11,0,8,8,
1_12,A_ina,HW,1,4,4,19,1_19,A1,G2,W4,500,116,15,131,4.3798,40,0,16,0,0,15,0,5,4,
1_12,T_wis,CleanToSeed,1,4,5,20,1_20,A1,G2,W4,800,59,34,93,0.3155,40,0,6,0,0,1,0,2,31,
1_12,A_ina,HW,17,1,1,1,17_1,A3,G2,W4,500,53,63,116,NA,NA,NA,NA,NA,NA,NA,NA,NA,NA,
1_12,T_pun,CleanToSeed,17,1,2,2,17_2,A3,G2,W4,500,12,68,80,NA,NA,NA,NA,NA,NA,NA,NA,NA,NA,
1_12,A_hil,HW,17,1,3,3,17_3,A3,G2,W4,450,1,62,63,NA,NA,NA,NA,NA,NA,NA,NA,NA,NA,
1_12,I_mon,HW,17,1,4,4,17_4,A3,G2,W4,500,2,42,44,NA,NA,NA,NA,NA,NA,NA,NA,NA,NA,
1_12,T_wis,CleanToSeed,17,1,5,5,17_5,A3,G2,W4,800,10,138,148,NA,NA,NA,NA,NA,NA,NA,NA,NA,NA,
1_12,T_wis,CleanToSeed,17,2,1,6,17_6,A3,G2,W4,800,2,100,102,0.0107,39,0,17,0,0,0,0,3,19,
1_12,A_hil,HW,17,2,2,7,17_7,A3,G2,W4,450,8,121,129,0.0481,40,0,12,3,0,16,0,0,9,
1_12,A_ina,HW,17,2,3,8,17_8,A3,G2,W4,500,12,75,87,0.2741,40,0,8,1,0,0,0,0,31,
1_12,T_pun,CleanToSeed,17,2,4,9,17_9,A3,G2,W4,500,6,85,91,0.0347,40,0,19,0,0,3,0,4,14,
1_12,I_mon,HW,17,2,5,10,17_10,A3,G2,W4,500,9,42,51,0.0551,40,0,3,3,0,0,0,0,34,
1_12,A_hil,HW,17,3,1,11,17_11,A3,G2,W4,450,2,132,134,0.0116,40,0,12,0,0,14,0,0,14,
1_12,I_mon,HW,17,3,2,12,17_12,A3,G2,W4,500,0,28,28,0,40,0,1,0,0,0,0,0,39,
1_12,T_wis,CleanToSeed,17,3,3,13,17_13,A3,G2,W4,800,13,62,75,0.085,39,0,9,0,0,2,0,6,22,
1_12,T_pun,CleanToSeed,17,3,4,14,17_14,A3,G2,W4,500,3,104,107,0.0206,40,0,18,0,0,3,0,3,16,
1_12,A_ina,HW,17,3,5,15,17_15,A3,G2,W4,500,28,77,105,0.7588,40,0,21,1,0,0,0,0,18,
1_12,T_wis,CleanToSeed,17,4,1,16,17_16,A3,G2,W4,800,5,84,89,NA,NA,NA,NA,NA,NA,NA,NA,NA,NA,
1_12,A_ina,HW,17,4,2,17,17_17,A3,G2,W4,500,12,69,81,NA,NA,NA,NA,NA,NA,NA,NA,NA,NA,
1_12,A_hil,HW,17,4,3,18,17_18,A3,G2,W4,450,3,132,135,NA,NA,NA,NA,NA,NA,NA,NA,NA,NA,
1_12,I_mon,HW,17,4,4,19,17_19,A3,G2,W4,500,2,64,66,NA,NA,NA,NA,NA,NA,NA,NA,NA,NA,
1_12,T_pun,CleanToSeed,17,4,5,20,17_20,A3,G2,W4,500,6,79,85,NA,NA,NA,NA,NA,NA,NA,NA,NA,NA,
1_12,I_mon,HW,35,1,1,1,35_1,D1,G2,W4,500,32,41,73,NA,NA,NA,NA,NA,NA,NA,NA,NA,NA,
1_12,T_pun,CleanToSeed,35,1,2,2,35_2,D1,G2,W4,500,50,12,62,NA,NA,NA,NA,NA,NA,NA,NA,NA,NA,
1_12,T_wis,CleanToSeed,35,1,3,3,35_3,D1,G2,W4,800,43,30,73,NA,NA,NA,NA,NA,NA,NA,NA,NA,NA,
1_12,A_ina,HW,35,1,4,4,35_4,D1,G2,W4,500,178,72,250,NA,NA,NA,NA,NA,NA,NA,NA,NA,NA,
1_12,A_hil,HW,35,1,5,5,35_5,D1,G2,W4,450,60,121,181,NA,NA,NA,NA,NA,NA,NA,NA,NA,NA,
1_12,I_mon,HW,35,2,1,6,35_6,D1,G2,W4,500,40,52,92,0.2761,35,0,4,4,0,0,0,2,25,
1_12,T_wis,CleanToSeed,35,2,2,7,35_7,D1,G2,W4,800,92,64,156,0.5939,40,0,10,0,0,1,0,1,28,
1_12,T_pun,CleanToSeed,35,2,3,8,35_8,D1,G2,W4,500,97,42,139,0.6652,40,0,23,0,0,7,0,5,5,
1_12,A_ina,HW,35,2,4,9,35_9,D1,G2,W4,500,106,122,228,3.1783,40,0,32,2,0,0,0,0,6,
1_12,A_hil,HW,35,2,5,10,35_10,D1,G2,W4,450,38,135,173,0.3043,39,0,17,4,0,0,0,3,15,
1_12,A_hil,HW,35,3,1,11,35_11,D1,G2,W4,450,29,114,143,0.2357,29,0,12,2,0,0,0,5,10,
1_12,T_wis,CleanToSeed,35,3,2,12,35_12,D1,G2,W4,800,25,112,137,0.1514,40,0,14,0,0,1,0,2,23,
1_12,A_ina,HW,35,3,3,13,35_13,D1,G2,W4,500,41,61,102,1.0628,40,0,25,0,0,3,0,0,12,
1_12,I_mon,HW,35,3,4,14,35_14,D1,G2,W4,500,16,50,66,0.1069,40,0,2,1,0,0,0,3,34,
1_12,T_pun,CleanToSeed,35,3,5,15,35_15,D1,G2,W4,500,18,80,98,0.1207,39,0,12,0,0,15,0,1,11,
1_12,I_mon,HW,35,4,1,16,35_16,D1,G2,W4,500,7,15,22,NA,NA,NA,NA,NA,NA,NA,NA,NA,NA,
1_12,A_ina,HW,35,4,2,17,35_17,D1,G2,W4,500,14,15,29,NA,NA,NA,NA,NA,NA,NA,NA,NA,NA,
1_12,T_wis,CleanToSeed,35,4,3,18,35_18,D1,G2,W4,800,2,36,38,NA,NA,NA,NA,NA,NA,NA,NA,NA,NA,
1_12,T_pun,CleanToSeed,35,4,4,19,35_19,D1,G2,W4,500,7,35,42,NA,NA,NA,NA,NA,NA,NA,NA,NA,NA,
1_12,A_hil,HW,35,4,5,20,35_20,D1,G2,W4,450,34,57,91,NA,NA,NA,NA,NA,NA,NA,NA,NA,NA,
1_13,A_hil,HW,15,1,1,1,15_1,G2,G3,W4,450,18,120,138,NA,NA,NA,NA,NA,NA,NA,NA,NA,NA,
1_13,T_pun,CleanToSeed,15,1,2,2,15_2,G2,G3,W4,500,48,4,52,NA,NA,NA,NA,NA,NA,NA,NA,NA,NA,
1_13,A_ina,HW,15,1,3,3,15_3,G2,G3,W4,500,94,58,152,NA,NA,NA,NA,NA,NA,NA,NA,NA,NA,
1_13,T_wis,CleanToSeed,15,1,4,4,15_4,G2,G3,W4,800,38,17,55,NA,NA,NA,NA,NA,NA,NA,NA,NA,NA,
1_13,I_mon,HW,15,1,5,5,15_5,G2,G3,W4,500,2,1,3,NA,NA,NA,NA,NA,NA,NA,NA,NA,NA,
1_13,T_pun,CleanToSeed,15,2,1,6,15_6,G2,G3,W4,500,15,14,29,0.0685,40,0,12,0,0,12,0,2,14,
1_13,I_mon,HW,15,2,2,7,15_7,G2,G3,W4,500,2,3,5,0.0133,36,0,1,1,0,5,0,0,29,
1_13,A_ina,HW,15,2,3,8,15_8,G2,G3,W4,500,36,24,60,0.9776,40,0,11,8,0,3,0,0,18,
1_13,T_wis,CleanToSeed,15,2,4,9,15_9,G2,G3,W4,800,20,9,29,0.0918,39,0,11,0,0,6,2,4,16,
1_13,A_hil,HW,15,2,5,10,15_10,G2,G3,W4,450,25,13,38,0.1593,37,0,2,0,0,9,0,3,23,
1_13,A_hil,HW,15,3,1,11,15_11,G2,G3,W4,450,35,28,63,0.2264,32,0,10,0,0,10,0,0,12,
1_13,T_wis,CleanToSeed,15,3,2,12,15_12,G2,G3,W4,800,33,20,53,0.1774,40,0,9,0,0,2,0,0,29,
1_13,I_mon,HW,15,3,3,13,15_13,G2,G3,W4,500,1,1,2,0.0083,39,0,0,0,0,1,0,2,36,
1_13,A_ina,HW,15,3,4,14,15_14,G2,G3,W4,500,41,3,44,0.928,40,0,1,0,0,2,0,0,37,
1_13,T_pun,CleanToSeed,15,3,5,15,15_15,G2,G3,W4,500,14,1,15,0.0536,40,0,13,0,0,8,0,3,16,
1_13,A_ina,HW,15,4,1,16,15_16,G2,G3,W4,500,16,0,16,NA,NA,NA,NA,NA,NA,NA,NA,NA,NA,
1_13,A_hil,HW,15,4,2,17,15_17,G2,G3,W4,450,10,0,10,NA,NA,NA,NA,NA,NA,NA,NA,NA,NA,
1_13,T_wis,CleanToSeed,15,4,3,18,15_18,G2,G3,W4,800,3,0,3,NA,NA,NA,NA,NA,NA,NA,NA,NA,NA,
1_13,I_mon,HW,15,4,4,19,15_19,G2,G3,W4,500,0,0,0,NA,NA,NA,NA,NA,NA,NA,NA,NA,NA,
1_13,T_pun,CleanToSeed,15,4,5,20,15_20,G2,G3,W4,500,0,0,0,NA,NA,NA,NA,NA,NA,NA,NA,NA,NA,
1_13,T_wis,CleanToSeed,36,1,1,1,36_1,D1,G3,W4,800,83,20,103,NA,NA,NA,NA,NA,NA,NA,NA,NA,NA,
1_13,A_ina,HW,36,1,2,2,36_2,D1,G3,W4,500,141,131,272,NA,NA,NA,NA,NA,NA,NA,NA,NA,NA,
1_13,I_mon,HW,36,1,3,3,36_3,D1,G3,W4,500,57,49,106,NA,NA,NA,NA,NA,NA,NA,NA,NA,NA,
1_13,A_hil,HW,36,1,4,4,36_4,D1,G3,W4,450,104,73,177,NA,NA,NA,NA,NA,NA,NA,NA,NA,NA,
1_13,T_pun,CleanToSeed,36,1,5,5,36_5,D1,G3,W4,500,129,20,149,NA,NA,NA,NA,NA,NA,NA,NA,NA,NA,
1_13,A_hil,HW,36,2,1,6,36_6,D1,G3,W4,450,125,76,201,1.1526,39,0,11,4,0,5,0,4,15,
1_13,A_ina,HW,36,2,2,7,36_7,D1,G3,W4,500,187,84,271,5.8758,40,0,19,3,0,2,0,0,16,
1_13,I_mon,HW,36,2,3,8,36_8,D1,G3,W4,500,44,36,80,0.2762,38,0,8,4,0,2,0,0,24,
1_13,T_pun,CleanToSeed,36,2,4,9,36_9,D1,G3,W4,500,142,18,160,0.8608,40,0,12,0,0,16,0,1,11,
1_13,T_wis,CleanToSeed,36,2,5,10,36_10,D1,G3,W4,800,102,15,117,0.666,40,0,8,0,0,10,0,1,21,
1_13,T_wis,CleanToSeed,36,3,1,11,36_11,D1,G3,W4,800,109,13,122,0.6567,40,0,6,0,0,6,0,10,18,
1_13,A_ina,HW,36,3,2,12,36_12,D1,G3,W4,500,112,111,223,3.2513,40,0,12,2,0,3,0,1,22,
1_13,T_pun,CleanToSeed,36,3,3,13,36_13,D1,G3,W4,500,82,43,125,0.3988,40,0,14,0,0,15,0,3,8,
1_13,I_mon,HW,36,3,4,14,36_14,D1,G3,W4,500,12,20,32,0.0803,39,0,1,0,0,7,0,3,28,
1_13,A_hil,HW,36,3,5,15,36_15,D1,G3,W4,450,54,50,104,0.5374,39,0,6,2,0,4,0,0,27,
1_13,T_pun,CleanToSeed,36,4,1,16,36_16,D1,G3,W4,500,94,23,117,NA,NA,NA,NA,NA,NA,NA,NA,NA,NA,
1_13,A_ina,HW,36,4,2,17,36_17,D1,G3,W4,500,58,32,90,NA,NA,NA,NA,NA,NA,NA,NA,NA,NA,
1_13,T_wis,CleanToSeed,36,4,3,18,36_18,D1,G3,W4,800,74,4,78,NA,NA,NA,NA,NA,NA,NA,NA,NA,NA,
1_13,I_mon,HW,36,4,4,19,36_19,D1,G3,W4,500,19,14,33,NA,NA,NA,NA,NA,NA,NA,NA,NA,NA,
1_13,A_hil,HW,36,4,5,20,36_20,D1,G3,W4,450,30,26,56,NA,NA,NA,NA,NA,NA,NA,NA,NA,NA,
1_13,T_pun,CleanToSeed,39,1,1,1,39_1,H1,G3,W4,500,113,11,124,NA,NA,NA,NA,NA,NA,NA,NA,NA,NA,
1_13,T_wis,CleanToSeed,39,1,2,2,39_2,H1,G3,W4,800,148,25,173,NA,NA,NA,NA,NA,NA,NA,NA,NA,NA,
1_13,A_ina,HW,39,1,3,3,39_3,H1,G3,W4,500,112,62,174,NA,NA,NA,NA,NA,NA,NA,NA,NA,NA,
1_13,I_mon,HW,39,1,4,4,39_4,H1,G3,W4,500,54,68,122,NA,NA,NA,NA,NA,NA,NA,NA,NA,NA,
1_13,A_hil,HW,39,1,5,5,39_5,H1,G3,W4,450,45,184,229,NA,NA,NA,NA,NA,NA,NA,NA,NA,NA,
1_13,T_pun,CleanToSeed,39,2,1,6,39_6,H1,G3,W4,500,180,29,209,1.0056,40,0,17,0,0,8,0,4,11,
1_13,T_wis,CleanToSeed,39,2,2,7,39_7,H1,G3,W4,800,177,76,253,0.9134,40,0,13,0,0,7,0,10,10,
1_13,I_mon,HW,39,2,3,8,39_8,H1,G3,W4,500,35,47,82,0.1822,37,0,4,7,0,0,0,2,24,
1_13,A_hil,HW,39,2,4,9,39_9,H1,G3,W4,450,28,178,206,0.2016,38,0,7,15,0,3,0,7,6,
1_13,A_ina,HW,39,2,5,10,39_10,H1,G3,W4,500,153,190,343,4.8057,40,0,17,7,0,0,0,1,15,
1_13,A_hil,HW,39,3,1,11,39_11,H1,G3,W4,450,36,157,193,0.3476,39,0,5,6,0,0,0,0,28,
1_13,T_wis,CleanToSeed,39,3,2,12,39_12,H1,G3,W4,800,189,34,223,1.088,40,0,8,0,6,7,0,3,16,
1_13,T_pun,CleanToSeed,39,3,3,13,39_13,H1,G3,W4,500,186,29,215,1.0512,39,0,6,0,0,18,0,8,7,
1_13,A_ina,HW,39,3,4,14,39_14,H1,G3,W4,500,148,139,287,5.6792,40,0,15,7,0,1,0,0,17,
1_13,I_mon,HW,39,3,5,15,39_15,H1,G3,W4,500,49,46,95,0.3776,37,0,11,0,0,5,0,0,21,
1_13,A_hil,HW,39,4,1,16,39_16,H1,G3,W4,450,63,126,189,NA,NA,NA,NA,NA,NA,NA,NA,NA,NA,
1_13,T_wis,CleanToSeed,39,4,2,17,39_17,H1,G3,W4,800,184,21,205,NA,NA,NA,NA,NA,NA,NA,NA,NA,NA,
1_13,I_mon,HW,39,4,3,18,39_18,H1,G3,W4,500,39,25,64,NA,NA,NA,NA,NA,NA,NA,NA,NA,NA,
1_13,A_ina,HW,39,4,4,19,39_19,H1,G3,W4,500,100,78,178,NA,NA,NA,NA,NA,NA,NA,NA,NA,NA,
1_13,T_pun,CleanToSeed,39,4,5,20,39_20,H1,G3,W4,500,89,12,101,NA,NA,NA,NA,NA,NA,NA,NA,NA,NA,
1_14,T_wis,CleanToSeed,16,1,1,1,16_1,G2,G4,W4,800,8,0,8,NA,NA,NA,NA,NA,NA,NA,NA,NA,NA,
1_14,T_pun,CleanToSeed,16,1,2,2,16_2,G2,G4,W4,500,0,0,0,NA,NA,NA,NA,NA,NA,NA,NA,NA,NA,
1_14,I_mon,HW,16,1,3,3,16_3,G2,G4,W4,500,0,0,0,NA,NA,NA,NA,NA,NA,NA,NA,NA,NA,
1_14,A_hil,HW,16,1,4,4,16_4,G2,G4,W4,450,0,1,1,NA,NA,NA,NA,NA,NA,NA,NA,NA,NA,
1_14,A_ina,HW,16,1,5,5,16_5,G2,G4,W4,500,1,1,2,NA,NA,NA,NA,NA,NA,NA,NA,NA,NA,
1_14,T_wis,CleanToSeed,16,2,1,6,16_6,G2,G4,W4,800,0,0,0,0,40,0,8,0,0,0,0,0,32,
1_14,A_hil,HW,16,2,2,7,16_7,G2,G4,W4,450,0,0,0,0,40,0,0,0,0,1,0,0,39,
1_14,I_mon,HW,16,2,3,8,16_8,G2,G4,W4,500,0,0,0,0,40,0,0,0,0,0,0,0,40,
1_14,A_ina,HW,16,2,4,9,16_9,G2,G4,W4,500,0,0,0,0,40,0,0,0,0,0,0,0,40,
1_14,T_pun,CleanToSeed,16,2,5,10,16_10,G2,G4,W4,500,0,0,0,0,40,0,0,0,0,1,0,0,39,
1_14,A_hil,HW,16,3,1,11,16_11,G2,G4,W4,450,0,0,0,0,40,0,0,0,0,0,0,0,40,
1_14,T_wis,CleanToSeed,16,3,2,12,16_12,G2,G4,W4,800,0,0,0,0,40,0,1,0,0,0,0,0,39,
1_14,T_pun,CleanToSeed,16,3,3,13,16_13,G2,G4,W4,500,0,0,0,0,40,0,0,0,0,0,0,0,40,
1_14,A_ina,HW,16,3,4,14,16_14,G2,G4,W4,500,0,0,0,0,40,0,0,0,0,0,0,0,40,
1_14,I_mon,HW,16,3,5,15,16_15,G2,G4,W4,500,0,0,0,0,NA,NA,NA,NA,NA,NA,NA,NA,NA,
1_14,I_mon,HW,16,4,1,16,16_16,G2,G4,W4,500,0,0,0,NA,NA,NA,NA,NA,NA,NA,NA,NA,NA,
1_14,T_pun,CleanToSeed,16,4,2,17,16_17,G2,G4,W4,500,0,0,0,NA,NA,NA,NA,NA,NA,NA,NA,NA,NA,
1_14,T_wis,CleanToSeed,16,4,3,18,16_18,G2,G4,W4,800,0,0,0,NA,NA,NA,NA,NA,NA,NA,NA,NA,NA,
1_14,A_ina,HW,16,4,4,19,16_19,G2,G4,W4,500,0,0,0,NA,NA,NA,NA,NA,NA,NA,NA,NA,NA,
1_14,A_hil,HW,16,4,5,20,16_20,G2,G4,W4,450,0,0,0,NA,NA,NA,NA,NA,NA,NA,NA,NA,NA,
1_14,I_mon,HW,51,1,1,1,51_1,D3,G4,W4,500,44,26,70,NA,NA,NA,NA,NA,NA,NA,NA,NA,NA,
1_14,T_pun,CleanToSeed,51,1,2,2,51_2,D3,G4,W4,500,48,8,56,NA,NA,NA,NA,NA,NA,NA,NA,NA,NA,
1_14,A_ina,HW,51,1,3,3,51_3,D3,G4,W4,500,270,51,321,NA,NA,NA,NA,NA,NA,NA,NA,NA,NA,
1_14,T_wis,CleanToSeed,51,1,4,4,51_4,D3,G4,W4,800,30,39,69,NA,NA,NA,NA,NA,NA,NA,NA,NA,NA,
1_14,A_hil,HW,51,1,5,5,51_5,D3,G4,W4,450,200,69,269,NA,NA,NA,NA,NA,NA,NA,NA,NA,NA,
1_14,A_hil,HW,51,2,1,6,51_6,D3,G4,W4,450,216,61,277,1.9962,38,0,28,0,0,0,0,2,8,
1_14,T_wis,CleanToSeed,51,2,2,7,51_7,D3,G4,W4,800,98,40,138,1.5607,40,0,9,0,0,6,0,6,19,
1_14,T_pun,CleanToSeed,51,2,3,8,51_8,D3,G4,W4,500,151,22,173,1.5334,39,0,14,0,0,4,0,6,15,
1_14,A_ina,HW,51,2,4,9,51_9,D3,G4,W4,500,336,54,390,14.0624,40,0,34,1,0,0,0,0,5,
1_14,I_mon,HW,51,2,5,10,51_10,D3,G4,W4,500,99,35,134,0.9588,34,0,6,2,0,0,0,0,26,
1_14,T_pun,CleanToSeed,51,3,1,11,51_11,D3,G4,W4,500,137,14,151,2.227,40,0,7,0,0,6,0,12,15,
1_14,I_mon,HW,51,3,2,12,51_12,D3,G4,W4,500,63,56,119,0.6555,40,0,12,2,0,4,0,0,22,
1_14,A_hil,HW,51,3,3,13,51_13,D3,G4,W4,450,227,65,292,2.1033,40,0,14,6,0,0,0,5,15,
1_14,T_wis,CleanToSeed,51,3,4,14,51_14,D3,G4,W4,800,114,30,144,1.4938,40,0,14,0,0,2,0,5,19,
1_14,A_ina,HW,51,3,5,15,51_15,D3,G4,W4,500,346,30,376,14.1912,40,0,23,5,0,1,0,0,11,
1_14,A_hil,HW,51,4,1,16,51_16,D3,G4,W4,450,229,37,266,NA,NA,NA,NA,NA,NA,NA,NA,NA,NA,
1_14,T_wis,CleanToSeed,51,4,2,17,51_17,D3,G4,W4,800,115,40,155,NA,NA,NA,NA,NA,NA,NA,NA,NA,NA,
1_14,I_mon,HW,51,4,3,18,51_18,D3,G4,W4,500,49,33,82,NA,NA,NA,NA,NA,NA,NA,NA,NA,NA,
1_14,T_pun,CleanToSeed,51,4,4,19,51_19,D3,G4,W4,500,97,9,106,NA,NA,NA,NA,NA,NA,NA,NA,NA,NA,
1_14,A_ina,HW,51,4,5,20,51_20,D3,G4,W4,500,308,18,326,NA,NA,NA,NA,NA,NA,NA,NA,NA,NA,
1_14,A_hil,HW,55,1,1,1,55_1,H3,G4,W4,450,213,22,235,NA,NA,NA,NA,NA,NA,NA,NA,NA,NA,
1_14,I_mon,HW,55,1,2,2,55_2,H3,G4,W4,500,96,10,106,NA,NA,NA,NA,NA,NA,NA,NA,NA,NA,
1_14,T_pun,CleanToSeed,55,1,3,3,55_3,H3,G4,W4,500,54,5,59,NA,NA,NA,NA,NA,NA,NA,NA,NA,NA,
1_14,A_ina,HW,55,1,4,4,55_4,H3,G4,W4,500,291,17,308,NA,NA,NA,NA,NA,NA,NA,NA,NA,NA,
1_14,T_wis,CleanToSeed,55,1,5,5,55_5,H3,G4,W4,800,69,16,85,NA,NA,NA,NA,NA,NA,NA,NA,NA,NA,
1_14,T_pun,CleanToSeed,55,2,1,6,55_6,H3,G4,W4,500,93,4,97,0.8622,39,0,12,0,0,11,0,2,14,
1_14,T_wis,CleanToSeed,55,2,2,7,55_7,H3,G4,W4,800,73,22,95,0.8151,40,0,13,0,0,5,0,2,20,
1_14,I_mon,HW,55,2,3,8,55_8,H3,G4,W4,500,116,20,136,1.198,38,0,11,4,0,1,0,1,21,
1_14,A_hil,HW,55,2,4,9,55_9,H3,G4,W4,450,191,54,245,1.6704,39,0,15,1,0,2,0,2,19,
1_14,A_ina,HW,55,2,5,10,55_10,H3,G4,W4,500,327,31,358,12.2387,40,0,15,9,0,1,0,0,15,
1_14,A_hil,HW,55,3,1,11,55_11,H3,G4,W4,450,233,25,258,2.3126,40,0,14,7,0,8,0,0,11,
1_14,T_wis,CleanToSeed,55,3,2,12,55_12,H3,G4,W4,800,133,18,151,1.7075,40,0,13,0,0,2,0,4,21,
1_14,T_pun,CleanToSeed,55,3,3,13,55_13,H3,G4,W4,500,172,8,180,1.8322,39,0,20,0,0,2,0,7,10,
1_14,A_ina,HW,55,3,4,14,55_14,H3,G4,W4,500,236,23,259,9.8302,40,0,25,9,0,1,0,0,5,
1_14,I_mon,HW,55,3,5,15,55_15,H3,G4,W4,500,91,24,115,1.3242,34,0,13,5,0,0,0,1,15,
1_14,A_hil,HW,55,4,1,16,55_16,H3,G4,W4,450,189,20,209,NA,NA,NA,NA,NA,NA,NA,NA,NA,NA,
1_14,T_wis,CleanToSeed,55,4,2,17,55_17,H3,G4,W4,800,82,21,103,NA,NA,NA,NA,NA,NA,NA,NA,NA,NA,
1_14,I_mon,HW,55,4,3,18,55_18,H3,G4,W4,500,26,22,48,NA,NA,NA,NA,NA,NA,NA,NA,NA,NA,
1_14,A_ina,HW,55,4,4,19,55_19,H3,G4,W4,500,163,7,170,NA,NA,NA,NA,NA,NA,NA,NA,NA,NA,
1_14,T_pun,CleanToSeed,55,4,5,20,55_20,H3,G4,W4,500,82,1,83,NA,NA,NA,NA,NA,NA,NA,NA,NA,NA,
1_15,I_mon,HW,18,1,1,1,18_1,A3,G5,W4,500,22,36,58,NA,NA,NA,NA,NA,NA,NA,NA,NA,NA,
1_15,A_ina,HW,18,1,2,2,18_2,A3,G5,W4,500,122,50,172,NA,NA,NA,NA,NA,NA,NA,NA,NA,NA,
1_15,T_wis,CleanToSeed,18,1,3,3,18_3,A3,G5,W4,800,122,24,146,NA,NA,NA,NA,NA,NA,NA,NA,NA,NA,
1_15,T_pun,CleanToSeed,18,1,4,4,18_4,A3,G5,W4,500,93,33,126,NA,NA,NA,NA,NA,NA,NA,NA,NA,NA,
1_15,A_hil,HW,18,1,5,5,18_5,A3,G5,W4,450,52,67,119,NA,NA,NA,NA,NA,NA,NA,NA,NA,NA,
1_15,I_mon,HW,18,2,1,6,18_6,A3,G5,W4,500,15,32,47,0.1729,40,0,3,3,0,4,0,2,28,
1_15,A_hil,HW,18,2,2,7,18_7,A3,G5,W4,450,93,70,163,0.9237,40,0,18,5,0,3,0,1,13,
1_15,T_wis,CleanToSeed,18,2,3,8,18_8,A3,G5,W4,800,138,35,173,2.0507,39,1,12,0,0,2,0,3,21,
1_15,A_ina,HW,18,2,4,9,18_9,A3,G5,W4,500,244,79,323,10.5604,40,0,26,0,0,0,0,0,14,
1_15,T_pun,CleanToSeed,18,2,5,10,18_10,A3,G5,W4,500,143,22,165,2.8911,39,0,13,0,0,6,0,10,10,
1_15,A_ina,HW,18,3,1,11,18_11,A3,G5,W4,500,213,114,327,8.5909,40,0,16,5,0,1,0,0,18,
1_15,A_hil,HW,18,3,2,12,18_12,A3,G5,W4,450,86,130,216,0.6596,40,0,18,3,0,3,0,5,11,
1_15,T_wis,CleanToSeed,18,3,3,13,18_13,A3,G5,W4,800,206,29,235,3.8092,40,0,9,0,0,0,0,4,27,
1_15,I_mon,HW,18,3,4,14,18_14,A3,G5,W4,500,42,68,110,0.5303,40,0,3,1,0,0,0,0,36,
1_15,T_pun,CleanToSeed,18,3,5,15,18_15,A3,G5,W4,500,158,6,164,3.9322,40,0,11,0,0,2,0,11,16,
1_15,I_mon,HW,18,4,1,16,18_16,A3,G5,W4,500,29,58,87,NA,NA,NA,NA,NA,NA,NA,NA,NA,NA,
1_15,T_wis,CleanToSeed,18,4,2,17,18_17,A3,G5,W4,800,212,9,221,NA,NA,NA,NA,NA,NA,NA,NA,NA,NA,
1_15,A_ina,HW,18,4,3,18,18_18,A3,G5,W4,500,120,27,147,NA,NA,NA,NA,NA,NA,NA,NA,NA,NA,
1_15,T_pun,CleanToSeed,18,4,4,19,18_19,A3,G5,W4,500,119,12,131,NA,NA,NA,NA,NA,NA,NA,NA,NA,NA,
1_15,A_hil,HW,18,4,5,20,18_20,A3,G5,W4,450,141,31,172,NA,NA,NA,NA,NA,NA,NA,NA,NA,NA,
1_15,I_mon,HW,22,1,1,1,22_1,E3,G5,W4,500,2,11,13,NA,NA,NA,NA,NA,NA,NA,NA,NA,NA,
1_15,T_pun,CleanToSeed,22,1,2,2,22_2,E3,G5,W4,500,5,5,10,NA,NA,NA,NA,NA,NA,NA,NA,NA,NA,
1_15,A_hil,HW,22,1,3,3,22_3,E3,G5,W4,450,2,3,5,NA,NA,NA,NA,NA,NA,NA,NA,NA,NA,
1_15,T_wis,CleanToSeed,22,1,4,4,22_4,E3,G5,W4,800,5,1,6,NA,NA,NA,NA,NA,NA,NA,NA,NA,NA,
1_15,A_ina,HW,22,1,5,5,22_5,E3,G5,W4,500,21,9,30,NA,NA,NA,NA,NA,NA,NA,NA,NA,NA,
1_15,I_mon,HW,22,2,1,6,22_6,E3,G5,W4,500,0,2,2,0,41,0,0,1,0,2,0,5,33,
1_15,A_hil,HW,22,2,2,7,22_7,E3,G5,W4,450,0,0,0,0,40,0,4,0,0,4,0,2,30,
1_15,T_pun,CleanToSeed,22,2,3,8,22_8,E3,G5,W4,500,2,0,2,0.0164,40,0,7,0,0,5,0,0,28,
1_15,T_wis,CleanToSeed,22,2,4,9,22_9,E3,G5,W4,800,7,9,16,0.062,40,0,5,0,6,0,0,0,29,
1_15,A_ina,HW,22,2,5,10,22_10,E3,G5,W4,500,40,24,64,1.0533,40,0,0,0,0,0,0,0,40,
1_15,I_mon,HW,22,3,1,11,22_11,E3,G5,W4,500,0,0,0,0,40,0,0,0,0,4,0,0,36,
1_15,A_ina,HW,22,3,2,12,22_12,E3,G5,W4,500,21,29,50,0.4983,40,0,3,1,0,0,0,0,36,
1_15,T_pun,CleanToSeed,22,3,3,13,22_13,E3,G5,W4,500,8,8,16,0.0529,30,0,1,0,9,3,1,0,16,
1_15,A_hil,HW,22,3,4,14,22_14,E3,G5,W4,450,9,5,14,0.0709,40,0,3,0,0,2,0,0,35,
1_15,T_wis,CleanToSeed,22,3,5,15,22_15,E3,G5,W4,800,18,10,28,0.1196,39,0,0,0,9,0,0,0,30,
1_15,T_pun,CleanToSeed,22,4,1,16,22_16,E3,G5,W4,500,9,9,18,NA,NA,NA,NA,NA,NA,NA,NA,NA,NA,
1_15,T_wis,CleanToSeed,22,4,2,17,22_17,E3,G5,W4,800,55,5,60,NA,NA,NA,NA,NA,NA,NA,NA,NA,NA,
1_15,I_mon,HW,22,4,3,18,22_18,E3,G5,W4,500,0,22,22,NA,NA,NA,NA,NA,NA,NA,NA,NA,NA,
1_15,A_ina,HW,22,4,4,19,22_19,E3,G5,W4,500,103,53,156,NA,NA,NA,NA,NA,NA,NA,NA,NA,NA,
1_15,A_hil,HW,22,4,5,20,22_20,E3,G5,W4,450,70,44,114,NA,NA,NA,NA,NA,NA,NA,NA,NA,NA,
1_15,T_pun,CleanToSeed,52,1,1,1,52_1,D3,G5,W4,500,74,25,99,NA,NA,NA,NA,NA,NA,NA,NA,NA,NA,
1_15,A_ina,HW,52,1,2,2,52_2,D3,G5,W4,500,149,137,286,NA,NA,NA,NA,NA,NA,NA,NA,NA,NA,
1_15,A_hil,HW,52,1,3,3,52_3,D3,G5,W4,450,80,68,148,NA,NA,NA,NA,NA,NA,NA,NA,NA,NA,
1_15,T_wis,CleanToSeed,52,1,4,4,52_4,D3,G5,W4,800,85,35,120,NA,NA,NA,NA,NA,NA,NA,NA,NA,NA,
1_15,I_mon,HW,52,1,5,5,52_5,D3,G5,W4,500,13,92,105,NA,NA,NA,NA,NA,NA,NA,NA,NA,NA,
1_15,T_pun,CleanToSeed,52,2,1,6,52_6,D3,G5,W4,500,146,16,162,1.3506,40,1,15,0,0,11,0,2,11,
1_15,A_ina,HW,52,2,2,7,52_7,D3,G5,W4,500,157,104,261,3.9769,40,0,15,4,0,2,0,0,19,
1_15,T_wis,CleanToSeed,52,2,3,8,52_8,D3,G5,W4,800,178,19,197,1.8734,38,0,8,0,0,0,0,0,30,
1_15,I_mon,HW,52,2,4,9,52_9,D3,G5,W4,500,23,54,77,0.1464,39,0,2,3,0,2,0,0,32,
1_15,A_hil,HW,52,2,5,10,52_10,D3,G5,W4,450,75,62,137,0.6189,39,0,7,3,0,10,0,0,19,
1_15,A_ina,HW,52,3,1,11,52_11,D3,G5,W4,500,152,64,216,5.1343,40,0,6,0,0,4,0,1,29,
1_15,T_pun,CleanToSeed,52,3,2,12,52_12,D3,G5,W4,500,150,6,156,1.7643,39,0,7,0,1,9,0,1,21,
1_15,I_mon,HW,52,3,3,13,52_13,D3,G5,W4,500,36,51,87,0.3824,36,0,2,0,0,4,0,0,30,
1_15,T_wis,CleanToSeed,52,3,4,14,52_14,D3,G5,W4,800,127,27,154,1.3714,40,0,13,0,0,3,0,0,24,
1_15,A_hil,HW,52,3,5,15,52_15,D3,G5,W4,450,94,64,158,0.8266,40,0,2,9,0,1,0,6,22,
1_15,T_pun,CleanToSeed,52,4,1,16,52_16,D3,G5,W4,500,113,10,123,NA,NA,NA,NA,NA,NA,NA,NA,NA,NA,
1_15,A_hil,HW,52,4,2,17,52_17,D3,G5,W4,450,134,48,182,NA,NA,NA,NA,NA,NA,NA,NA,NA,NA,
1_15,T_wis,CleanToSeed,52,4,3,18,52_18,D3,G5,W4,800,140,10,150,NA,NA,NA,NA,NA,NA,NA,NA,NA,NA,
1_15,I_mon,HW,52,4,4,19,52_19,D3,G5,W4,500,62,45,107,NA,NA,NA,NA,NA,NA,NA,NA,NA,NA,
1_15,A_ina,HW,52,4,5,20,52_20,D3,G5,W4,500,272,34,306,NA,NA,NA,NA,NA,NA,NA,NA,NA,NA,
