Order,Date,TSR,Block,Plot,Sub-Plot,PlotCode,SubplotCode,CoverType,Cover Class
1,5/17/2013,18,1,13,f,1.13,1.13.f,ALLIU,1
2,5/17/2013,18,3,11,g,3.11,3.11.g,ALLIU,1
3,5/17/2013,18,3,11,j,3.11,3.11.j,ALLIU,1
4,5/17/2013,18,3,11,k,3.11,3.11.k,ALLIU,1
5,5/17/2013,18,3,11,n,3.11,3.11.n,ALLIU,1
6,5/17/2013,18,3,11,o,3.11,3.11.o,ALLIU,1
7,5/17/2013,18,3,1,b,3.1,3.1.b,ALLIU,1
8,5/17/2013,18,3,2,n,3.2,3.2.n,ALLIU,1
9,5/17/2013,18,3,2,o,3.2,3.2.o,ALLIU,1
10,5/17/2013,18,3,3,a,3.3,3.3.a,ALLIU,1
11,5/17/2013,18,3,3,d,3.3,3.3.d,ALLIU,1
12,5/17/2013,18,3,8,j,3.8,3.8.j,ALLIU,1
13,5/17/2013,18,1,7,i,1.7,1.7.i,ALLIU,1
14,5/17/2013,18,3,15,c,3.15,3.15.c,ALLIU,1
15,5/17/2013,18,3,10,c,3.1,3.10.c,ALLIU,1
16,5/17/2013,18,3,10,g,3.1,3.10.g,ALLIU,1
17,5/17/2013,18,3,10,k,3.1,3.10.k,ALLIU,1
18,5/17/2013,18,3,10,l,3.1,3.10.l,ALLIU,1
19,5/17/2013,18,3,13,j,3.13,3.13.j,ALLIU,1
20,5/17/2013,18,3,13,n,3.13,3.13.n,ALLIU,1
21,5/17/2013,18,3,7,d,3.7,3.7.d,ALLIU,1
22,5/17/2013,18,3,7,g,3.7,3.7.g,ALLIU,1
23,5/17/2013,18,3,12,b,3.12,3.12.b,ALLIU,1
24,5/17/2013,18,3,12,e,3.12,3.12.e,ALLIU,2
25,5/17/2013,18,3,12,g,3.12,3.12.g,ALLIU,2
26,5/17/2013,18,3,12,k,3.12,3.12.k,ALLIU,2
27,5/17/2013,18,3,12,n,3.12,3.12.n,ALLIU,1
28,5/17/2013,18,3,12,o,3.12,3.12.o,ALLIU,1
29,5/17/2013,18,1,14,m,1.14,1.14.m,ALLIU,1
30,5/17/2013,18,1,14,n,1.14,1.14.n,ALLIU,1
31,5/17/2013,18,3,5,i,3.5,3.5.i,ALLIU,1
32,5/17/2013,18,3,9,l,3.9,3.9.l,ALLIU,1
33,5/17/2013,18,3,3,j,3.3,3.3.j,ASTRA,1
34,5/17/2013,18,1,1,a,1.1,1.1.a,BG,7
35,5/17/2013,18,1,1,b,1.1,1.1.b,BG,7
36,5/17/2013,18,1,1,c,1.1,1.1.c,BG,6
37,5/17/2013,18,1,1,d,1.1,1.1.d,BG,6
38,5/17/2013,18,1,1,e,1.1,1.1.e,BG,6
39,5/17/2013,18,1,1,f,1.1,1.1.f,BG,7
40,5/17/2013,18,1,1,g,1.1,1.1.g,BG,7
41,5/17/2013,18,1,1,h,1.1,1.1.h,BG,6
42,5/17/2013,18,1,1,i,1.1,1.1.i,BG,5
43,5/17/2013,18,1,1,j,1.1,1.1.j,BG,6
44,5/17/2013,18,1,1,k,1.1,1.1.k,BG,7
45,5/17/2013,18,1,1,l,1.1,1.1.l,BG,5
46,5/17/2013,18,1,1,m,1.1,1.1.m,BG,6
47,5/17/2013,18,1,1,n,1.1,1.1.n,BG,6
48,5/17/2013,18,1,1,o,1.1,1.1.o,BG,4
49,5/17/2013,18,1,1,p,1.1,1.1.p,BG,5
50,5/17/2013,18,2,18,a,2.18,2.18.a,BG,7
51,5/17/2013,18,2,18,b,2.18,2.18.b,BG,6
52,5/17/2013,18,2,18,c,2.18,2.18.c,BG,5
53,5/17/2013,18,2,18,d,2.18,2.18.d,BG,6
54,5/17/2013,18,2,18,e,2.18,2.18.e,BG,6
55,5/17/2013,18,2,18,f,2.18,2.18.f,BG,7
56,5/17/2013,18,2,18,g,2.18,2.18.g,BG,6
57,5/17/2013,18,2,18,h,2.18,2.18.h,BG,5
58,5/17/2013,18,2,18,i,2.18,2.18.i,BG,7
59,5/17/2013,18,2,18,j,2.18,2.18.j,BG,6
60,5/17/2013,18,2,18,k,2.18,2.18.k,BG,6
61,5/17/2013,18,2,18,l,2.18,2.18.l,BG,8
62,5/17/2013,18,2,18,m,2.18,2.18.m,BG,8
63,5/17/2013,18,2,18,n,2.18,2.18.n,BG,8
64,5/17/2013,18,2,18,o,2.18,2.18.o,BG,6
65,5/17/2013,18,2,18,p,2.18,2.18.p,BG,6
66,5/17/2013,18,3,1,a,3.1,3.1.a,BG,8
67,5/17/2013,18,3,1,b,3.1,3.1.b,BG,8
68,5/17/2013,18,3,1,c,3.1,3.1.c,BG,6
69,5/17/2013,18,3,1,d,3.1,3.1.d,BG,7
70,5/17/2013,18,3,1,e,3.1,3.1.e,BG,7
71,5/17/2013,18,3,1,f,3.1,3.1.f,BG,7
72,5/17/2013,18,3,1,g,3.1,3.1.g,BG,8
73,5/17/2013,18,3,1,h,3.1,3.1.h,BG,6
74,5/17/2013,18,3,1,i,3.1,3.1.i,BG,7
75,5/17/2013,18,3,1,j,3.1,3.1.j,BG,7
76,5/17/2013,18,3,1,k,3.1,3.1.k,BG,8
77,5/17/2013,18,3,1,l,3.1,3.1.l,BG,7
78,5/17/2013,18,3,1,m,3.1,3.1.m,BG,7
79,5/17/2013,18,3,1,n,3.1,3.1.n,BG,7
80,5/17/2013,18,3,1,o,3.1,3.1.o,BG,8
81,5/17/2013,18,3,1,p,3.1,3.1.p,BG,8
82,5/17/2013,18,3,2,a,3.2,3.2.a,BG,8
83,5/17/2013,18,3,2,b,3.2,3.2.b,BG,8
84,5/17/2013,18,3,2,c,3.2,3.2.c,BG,8
85,5/17/2013,18,3,2,d,3.2,3.2.d,BG,8
86,5/17/2013,18,3,2,e,3.2,3.2.e,BG,7
87,5/17/2013,18,3,2,f,3.2,3.2.f,BG,7
88,5/17/2013,18,3,2,g,3.2,3.2.g,BG,8
89,5/17/2013,18,3,2,h,3.2,3.2.h,BG,8
90,5/17/2013,18,3,2,i,3.2,3.2.i,BG,8
91,5/17/2013,18,3,2,j,3.2,3.2.j,BG,8
92,5/17/2013,18,3,2,k,3.2,3.2.k,BG,7
93,5/17/2013,18,3,2,l,3.2,3.2.l,BG,7
94,5/17/2013,18,3,2,m,3.2,3.2.m,BG,8
95,5/17/2013,18,3,2,n,3.2,3.2.n,BG,7
96,5/17/2013,18,3,2,o,3.2,3.2.o,BG,7
97,5/17/2013,18,3,2,p,3.2,3.2.p,BG,8
98,5/17/2013,18,3,3,a,3.3,3.3.a,BG,8
99,5/17/2013,18,3,3,b,3.3,3.3.b,BG,8
100,5/17/2013,18,3,3,c,3.3,3.3.c,BG,8
101,5/17/2013,18,3,3,d,3.3,3.3.d,BG,7
102,5/17/2013,18,3,3,e,3.3,3.3.e,BG,8
103,5/17/2013,18,3,3,f,3.3,3.3.f,BG,8
104,5/17/2013,18,3,3,g,3.3,3.3.g,BG,7
105,5/17/2013,18,3,3,h,3.3,3.3.h,BG,7
106,5/17/2013,18,3,3,i,3.3,3.3.i,BG,7
107,5/17/2013,18,3,3,j,3.3,3.3.j,BG,7
108,5/17/2013,18,3,3,k,3.3,3.3.k,BG,7
109,5/17/2013,18,3,3,l,3.3,3.3.l,BG,7
110,5/17/2013,18,3,3,m,3.3,3.3.m,BG,8
111,5/17/2013,18,3,3,n,3.3,3.3.n,BG,7
112,5/17/2013,18,3,3,o,3.3,3.3.o,BG,7
113,5/17/2013,18,3,3,p,3.3,3.3.p,BG,7
114,5/17/2013,18,3,4,a,3.4,3.4.a,BG,8
115,5/17/2013,18,3,4,b,3.4,3.4.b,BG,7
116,5/17/2013,18,3,4,c,3.4,3.4.c,BG,8
117,5/17/2013,18,3,4,d,3.4,3.4.d,BG,8
118,5/17/2013,18,3,4,e,3.4,3.4.e,BG,8
119,5/17/2013,18,3,4,f,3.4,3.4.f,BG,8
120,5/17/2013,18,3,4,g,3.4,3.4.g,BG,8
121,5/17/2013,18,3,4,h,3.4,3.4.h,BG,8
122,5/17/2013,18,3,4,i,3.4,3.4.i,BG,8
123,5/17/2013,18,3,4,j,3.4,3.4.j,BG,8
124,5/17/2013,18,3,4,k,3.4,3.4.k,BG,8
125,5/17/2013,18,3,4,l,3.4,3.4.l,BG,8
126,5/17/2013,18,3,4,m,3.4,3.4.m,BG,8
127,5/17/2013,18,3,4,n,3.4,3.4.n,BG,8
128,5/17/2013,18,3,4,o,3.4,3.4.o,BG,8
129,5/17/2013,18,3,4,p,3.4,3.4.p,BG,8
130,5/17/2013,18,3,5,a,3.5,3.5.a,BG,8
131,5/17/2013,18,3,5,b,3.5,3.5.b,BG,8
132,5/17/2013,18,3,5,c,3.5,3.5.c,BG,7
133,5/17/2013,18,3,5,d,3.5,3.5.d,BG,8
134,5/17/2013,18,3,5,e,3.5,3.5.e,BG,7
135,5/17/2013,18,3,5,f,3.5,3.5.f,BG,8
136,5/17/2013,18,3,5,g,3.5,3.5.g,BG,7
137,5/17/2013,18,3,5,h,3.5,3.5.h,BG,8
138,5/17/2013,18,3,5,i,3.5,3.5.i,BG,6
139,5/17/2013,18,3,5,j,3.5,3.5.j,BG,8
140,5/17/2013,18,3,5,k,3.5,3.5.k,BG,8
141,5/17/2013,18,3,5,l,3.5,3.5.l,BG,8
142,5/17/2013,18,3,5,m,3.5,3.5.m,BG,8
143,5/17/2013,18,3,5,n,3.5,3.5.n,BG,7
144,5/17/2013,18,3,5,o,3.5,3.5.o,BG,8
145,5/17/2013,18,3,5,p,3.5,3.5.p,BG,7
146,5/17/2013,18,3,6,a,3.6,3.6.a,BG,7
147,5/17/2013,18,3,6,b,3.6,3.6.b,BG,7
148,5/17/2013,18,3,6,c,3.6,3.6.c,BG,7
149,5/17/2013,18,3,6,d,3.6,3.6.d,BG,8
150,5/17/2013,18,3,6,e,3.6,3.6.e,BG,7
151,5/17/2013,18,3,6,f,3.6,3.6.f,BG,8
152,5/17/2013,18,3,6,g,3.6,3.6.g,BG,7
153,5/17/2013,18,3,6,h,3.6,3.6.h,BG,7
154,5/17/2013,18,3,6,i,3.6,3.6.i,BG,7
155,5/17/2013,18,3,6,j,3.6,3.6.j,BG,8
156,5/17/2013,18,3,6,k,3.6,3.6.k,BG,8
157,5/17/2013,18,3,6,l,3.6,3.6.l,BG,7
158,5/17/2013,18,3,6,m,3.6,3.6.m,BG,8
159,5/17/2013,18,3,6,n,3.6,3.6.n,BG,8
160,5/17/2013,18,3,6,o,3.6,3.6.o,BG,7
161,5/17/2013,18,3,6,p,3.6,3.6.p,BG,7
162,5/17/2013,18,3,7,a,3.7,3.7.a,BG,8
163,5/17/2013,18,3,7,b,3.7,3.7.b,BG,8
164,5/17/2013,18,3,7,c,3.7,3.7.c,BG,8
165,5/17/2013,18,3,7,d,3.7,3.7.d,BG,8
166,5/17/2013,18,3,7,e,3.7,3.7.e,BG,8
167,5/17/2013,18,3,7,f,3.7,3.7.f,BG,8
168,5/17/2013,18,3,7,g,3.7,3.7.g,BG,8
169,5/17/2013,18,3,7,h,3.7,3.7.h,BG,8
170,5/17/2013,18,3,7,i,3.7,3.7.i,BG,8
171,5/17/2013,18,3,7,j,3.7,3.7.j,BG,8
172,5/17/2013,18,3,7,k,3.7,3.7.k,BG,8
173,5/17/2013,18,3,7,l,3.7,3.7.l,BG,8
174,5/17/2013,18,3,7,m,3.7,3.7.m,BG,8
175,5/17/2013,18,3,7,n,3.7,3.7.n,BG,8
176,5/17/2013,18,3,7,o,3.7,3.7.o,BG,8
177,5/17/2013,18,3,7,p,3.7,3.7.p,BG,8
178,5/17/2013,18,3,8,a,3.8,3.8.a,BG,7
179,5/17/2013,18,3,8,b,3.8,3.8.b,BG,8
180,5/17/2013,18,3,8,c,3.8,3.8.c,BG,8
181,5/17/2013,18,3,8,d,3.8,3.8.d,BG,8
182,5/17/2013,18,3,8,e,3.8,3.8.e,BG,8
183,5/17/2013,18,3,8,f,3.8,3.8.f,BG,8
184,5/17/2013,18,3,8,g,3.8,3.8.g,BG,8
185,5/17/2013,18,3,8,h,3.8,3.8.h,BG,8
186,5/17/2013,18,3,8,i,3.8,3.8.i,BG,7
187,5/17/2013,18,3,8,j,3.8,3.8.j,BG,7
188,5/17/2013,18,3,8,k,3.8,3.8.k,BG,7
189,5/17/2013,18,3,8,l,3.8,3.8.l,BG,8
190,5/17/2013,18,3,8,m,3.8,3.8.m,BG,8
191,5/17/2013,18,3,8,n,3.8,3.8.n,BG,8
192,5/17/2013,18,3,8,o,3.8,3.8.o,BG,7
193,5/17/2013,18,3,8,p,3.8,3.8.p,BG,8
194,5/17/2013,18,3,9,a,3.9,3.9.a,BG,7
195,5/17/2013,18,3,9,b,3.9,3.9.b,BG,7
196,5/17/2013,18,3,9,c,3.9,3.9.c,BG,7
197,5/17/2013,18,3,9,d,3.9,3.9.d,BG,8
198,5/17/2013,18,3,9,e,3.9,3.9.e,BG,7
199,5/17/2013,18,3,9,f,3.9,3.9.f,BG,8
200,5/17/2013,18,3,9,g,3.9,3.9.g,BG,7
201,5/17/2013,18,3,9,h,3.9,3.9.h,BG,7
202,5/17/2013,18,3,9,i,3.9,3.9.i,BG,7
203,5/17/2013,18,3,9,j,3.9,3.9.j,BG,8
204,5/17/2013,18,3,9,k,3.9,3.9.k,BG,8
205,5/17/2013,18,3,9,l,3.9,3.9.l,BG,7
206,5/17/2013,18,3,9,m,3.9,3.9.m,BG,8
207,5/17/2013,18,3,9,n,3.9,3.9.n,BG,8
208,5/17/2013,18,3,9,o,3.9,3.9.o,BG,7
209,5/17/2013,18,3,9,p,3.9,3.9.p,BG,7
210,5/17/2013,18,3,10,a,3.1,3.10.a,BG,8
211,5/17/2013,18,3,10,b,3.1,3.10.b,BG,8
212,5/17/2013,18,3,10,c,3.1,3.10.c,BG,7
213,5/17/2013,18,3,10,d,3.1,3.10.d,BG,7
214,5/17/2013,18,3,10,e,3.1,3.10.e,BG,8
215,5/17/2013,18,3,10,f,3.1,3.10.f,BG,7
216,5/17/2013,18,3,10,g,3.1,3.10.g,BG,8
217,5/17/2013,18,3,10,h,3.1,3.10.h,BG,8
218,5/17/2013,18,3,10,i,3.1,3.10.i,BG,7
219,5/17/2013,18,3,10,j,3.1,3.10.j,BG,7
220,5/17/2013,18,3,10,k,3.1,3.10.k,BG,7
221,5/17/2013,18,3,10,l,3.1,3.10.l,BG,7
222,5/17/2013,18,3,10,m,3.1,3.10.m,BG,8
223,5/17/2013,18,3,10,n,3.1,3.10.n,BG,6
224,5/17/2013,18,3,10,o,3.1,3.10.o,BG,8
225,5/17/2013,18,3,10,p,3.1,3.10.p,BG,7
226,5/17/2013,18,3,11,a,3.11,3.11.a,BG,8
227,5/17/2013,18,3,11,b,3.11,3.11.b,BG,7
228,5/17/2013,18,3,11,c,3.11,3.11.c,BG,8
229,5/17/2013,18,3,11,d,3.11,3.11.d,BG,8
230,5/17/2013,18,3,11,e,3.11,3.11.e,BG,7
231,5/17/2013,18,3,11,f,3.11,3.11.f,BG,7
232,5/17/2013,18,3,11,g,3.11,3.11.g,BG,8
233,5/17/2013,18,3,11,h,3.11,3.11.h,BG,8
234,5/17/2013,18,3,11,i,3.11,3.11.i,BG,7
235,5/17/2013,18,3,11,j,3.11,3.11.j,BG,7
236,5/17/2013,18,3,11,k,3.11,3.11.k,BG,7
237,5/17/2013,18,3,11,l,3.11,3.11.l,BG,8
238,5/17/2013,18,3,11,m,3.11,3.11.m,BG,7
239,5/17/2013,18,3,11,n,3.11,3.11.n,BG,7
240,5/17/2013,18,3,11,o,3.11,3.11.o,BG,7
241,5/17/2013,18,3,11,p,3.11,3.11.p,BG,8
242,5/17/2013,18,3,12,a,3.12,3.12.a,BG,6
243,5/17/2013,18,3,12,b,3.12,3.12.b,BG,6
244,5/17/2013,18,3,12,c,3.12,3.12.c,BG,7
245,5/17/2013,18,3,12,d,3.12,3.12.d,BG,7
246,5/17/2013,18,3,12,e,3.12,3.12.e,BG,7
247,5/17/2013,18,3,12,f,3.12,3.12.f,BG,7
248,5/17/2013,18,3,12,g,3.12,3.12.g,BG,7
249,5/17/2013,18,3,12,h,3.12,3.12.h,BG,7
250,5/17/2013,18,3,12,i,3.12,3.12.i,BG,8
251,5/17/2013,18,3,12,j,3.12,3.12.j,BG,5
252,5/17/2013,18,3,12,k,3.12,3.12.k,BG,7
253,5/17/2013,18,3,12,l,3.12,3.12.l,BG,7
254,5/17/2013,18,3,12,m,3.12,3.12.m,BG,6
255,5/17/2013,18,3,12,n,3.12,3.12.n,BG,6
256,5/17/2013,18,3,12,o,3.12,3.12.o,BG,7
257,5/17/2013,18,3,12,p,3.12,3.12.p,BG,7
258,5/17/2013,18,3,13,a,3.13,3.13.a,BG,7
259,5/17/2013,18,3,13,b,3.13,3.13.b,BG,8
260,5/17/2013,18,3,13,c,3.13,3.13.c,BG,8
261,5/17/2013,18,3,13,d,3.13,3.13.d,BG,8
262,5/17/2013,18,3,13,e,3.13,3.13.e,BG,6
263,5/17/2013,18,3,13,f,3.13,3.13.f,BG,7
264,5/17/2013,18,3,13,g,3.13,3.13.g,BG,8
265,5/17/2013,18,3,13,h,3.13,3.13.h,BG,7
266,5/17/2013,18,3,13,i,3.13,3.13.i,BG,7
267,5/17/2013,18,3,13,j,3.13,3.13.j,BG,7
268,5/17/2013,18,3,13,k,3.13,3.13.k,BG,8
269,5/17/2013,18,3,13,l,3.13,3.13.l,BG,7
270,5/17/2013,18,3,13,m,3.13,3.13.m,BG,8
271,5/17/2013,18,3,13,n,3.13,3.13.n,BG,7
272,5/17/2013,18,3,13,o,3.13,3.13.o,BG,7
273,5/17/2013,18,3,13,p,3.13,3.13.p,BG,8
274,5/17/2013,18,3,14,a,3.14,3.14.a,BG,7
275,5/17/2013,18,3,14,b,3.14,3.14.b,BG,8
276,5/17/2013,18,3,14,c,3.14,3.14.c,BG,8
277,5/17/2013,18,3,14,d,3.14,3.14.d,BG,8
278,5/17/2013,18,3,14,e,3.14,3.14.e,BG,7
279,5/17/2013,18,3,14,f,3.14,3.14.f,BG,8
280,5/17/2013,18,3,14,g,3.14,3.14.g,BG,7
281,5/17/2013,18,3,14,h,3.14,3.14.h,BG,8
282,5/17/2013,18,3,14,i,3.14,3.14.i,BG,7
283,5/17/2013,18,3,14,j,3.14,3.14.j,BG,8
284,5/17/2013,18,3,14,k,3.14,3.14.k,BG,7
285,5/17/2013,18,3,14,l,3.14,3.14.l,BG,7
286,5/17/2013,18,3,14,m,3.14,3.14.m,BG,7
287,5/17/2013,18,3,14,n,3.14,3.14.n,BG,8
288,5/17/2013,18,3,14,o,3.14,3.14.o,BG,7
289,5/17/2013,18,3,14,p,3.14,3.14.p,BG,8
290,5/17/2013,18,3,15,a,3.15,3.15.a,BG,8
291,5/17/2013,18,3,15,b,3.15,3.15.b,BG,8
292,5/17/2013,18,3,15,c,3.15,3.15.c,BG,8
293,5/17/2013,18,3,15,d,3.15,3.15.d,BG,8
294,5/17/2013,18,3,15,e,3.15,3.15.e,BG,8
295,5/17/2013,18,3,15,f,3.15,3.15.f,BG,8
296,5/17/2013,18,3,15,g,3.15,3.15.g,BG,8
297,5/17/2013,18,3,15,h,3.15,3.15.h,BG,8
298,5/17/2013,18,3,15,i,3.15,3.15.i,BG,8
299,5/17/2013,18,3,15,j,3.15,3.15.j,BG,8
300,5/17/2013,18,3,15,k,3.15,3.15.k,BG,8
301,5/17/2013,18,3,15,l,3.15,3.15.l,BG,7
302,5/17/2013,18,3,15,m,3.15,3.15.m,BG,8
303,5/17/2013,18,3,15,n,3.15,3.15.n,BG,8
304,5/17/2013,18,3,15,o,3.15,3.15.o,BG,7
305,5/17/2013,18,3,15,p,3.15,3.15.p,BG,7
306,5/17/2013,18,3,16,a,3.16,3.16.a,BG,8
307,5/17/2013,18,3,16,b,3.16,3.16.b,BG,6
308,5/17/2013,18,3,16,c,3.16,3.16.c,BG,7
309,5/17/2013,18,3,16,d,3.16,3.16.d,BG,6
310,5/17/2013,18,3,16,e,3.16,3.16.e,BG,7
311,5/17/2013,18,3,16,f,3.16,3.16.f,BG,8
312,5/17/2013,18,3,16,g,3.16,3.16.g,BG,7
313,5/17/2013,18,3,16,h,3.16,3.16.h,BG,8
314,5/17/2013,18,3,16,i,3.16,3.16.i,BG,8
315,5/17/2013,18,3,16,j,3.16,3.16.j,BG,6
316,5/17/2013,18,3,16,k,3.16,3.16.k,BG,7
317,5/17/2013,18,3,16,l,3.16,3.16.l,BG,7
318,5/17/2013,18,3,16,m,3.16,3.16.m,BG,8
319,5/17/2013,18,3,16,n,3.16,3.16.n,BG,7
320,5/17/2013,18,3,16,o,3.16,3.16.o,BG,8
321,5/17/2013,18,3,16,p,3.16,3.16.p,BG,6
322,5/17/2013,18,3,17,a,3.17,3.17.a,BG,8
323,5/17/2013,18,3,17,b,3.17,3.17.b,BG,7
324,5/17/2013,18,3,17,c,3.17,3.17.c,BG,7
325,5/17/2013,18,3,17,d,3.17,3.17.d,BG,8
326,5/17/2013,18,3,17,e,3.17,3.17.e,BG,8
327,5/17/2013,18,3,17,f,3.17,3.17.f,BG,8
328,5/17/2013,18,3,17,g,3.17,3.17.g,BG,8
329,5/17/2013,18,3,17,h,3.17,3.17.h,BG,7
330,5/17/2013,18,3,17,i,3.17,3.17.i,BG,8
331,5/17/2013,18,3,17,j,3.17,3.17.j,BG,8
332,5/17/2013,18,3,17,k,3.17,3.17.k,BG,8
333,5/17/2013,18,3,17,l,3.17,3.17.l,BG,8
334,5/17/2013,18,3,17,m,3.17,3.17.m,BG,7
335,5/17/2013,18,3,17,n,3.17,3.17.n,BG,7
336,5/17/2013,18,3,17,o,3.17,3.17.o,BG,8
337,5/17/2013,18,3,17,p,3.17,3.17.p,BG,8
338,5/17/2013,18,3,18,a,3.18,3.18.a,BG,8
339,5/17/2013,18,3,18,b,3.18,3.18.b,BG,6
340,5/17/2013,18,3,18,c,3.18,3.18.c,BG,7
341,5/17/2013,18,3,18,d,3.18,3.18.d,BG,8
342,5/17/2013,18,3,18,e,3.18,3.18.e,BG,8
343,5/17/2013,18,3,18,f,3.18,3.18.f,BG,8
344,5/17/2013,18,3,18,g,3.18,3.18.g,BG,6
345,5/17/2013,18,3,18,h,3.18,3.18.h,BG,8
346,5/17/2013,18,3,18,i,3.18,3.18.i,BG,7
347,5/17/2013,18,3,18,j,3.18,3.18.j,BG,8
348,5/17/2013,18,3,18,k,3.18,3.18.k,BG,8
349,5/17/2013,18,3,18,l,3.18,3.18.l,BG,8
350,5/17/2013,18,3,18,m,3.18,3.18.m,BG,6
351,5/17/2013,18,3,18,n,3.18,3.18.n,BG,8
352,5/17/2013,18,3,18,o,3.18,3.18.o,BG,7
353,5/17/2013,18,3,18,p,3.18,3.18.p,BG,8
354,5/17/2013,18,1,2,a,1.2,1.2.a,BG,3
355,5/17/2013,18,1,2,b,1.2,1.2.b,BG,3
356,5/17/2013,18,1,2,c,1.2,1.2.c,BG,3
357,5/17/2013,18,1,2,d,1.2,1.2.d,BG,3
358,5/17/2013,18,1,2,e,1.2,1.2.e,BG,3
359,5/17/2013,18,1,2,f,1.2,1.2.f,BG,4
360,5/17/2013,18,1,2,g,1.2,1.2.g,BG,3
361,5/17/2013,18,1,2,h,1.2,1.2.h,BG,3
362,5/17/2013,18,1,2,i,1.2,1.2.i,BG,3
363,5/17/2013,18,1,2,j,1.2,1.2.j,BG,3
364,5/17/2013,18,1,2,k,1.2,1.2.k,BG,3
365,5/17/2013,18,1,2,l,1.2,1.2.l,BG,3
366,5/17/2013,18,1,2,m,1.2,1.2.m,BG,3
367,5/17/2013,18,1,2,n,1.2,1.2.n,BG,3
368,5/17/2013,18,1,2,o,1.2,1.2.o,BG,3
369,5/17/2013,18,1,2,p,1.2,1.2.p,BG,3
370,5/17/2013,18,1,3,a,1.3,1.3.a,BG,4
371,5/17/2013,18,1,3,b,1.3,1.3.b,BG,3
372,5/17/2013,18,1,3,c,1.3,1.3.c,BG,3
373,5/17/2013,18,1,3,d,1.3,1.3.d,BG,2
374,5/17/2013,18,1,3,e,1.3,1.3.e,BG,4
375,5/17/2013,18,1,3,f,1.3,1.3.f,BG,3
376,5/17/2013,18,1,3,g,1.3,1.3.g,BG,3
377,5/17/2013,18,1,3,h,1.3,1.3.h,BG,3
378,5/17/2013,18,1,3,i,1.3,1.3.i,BG,5
379,5/17/2013,18,1,3,j,1.3,1.3.j,BG,4
380,5/17/2013,18,1,3,k,1.3,1.3.k,BG,4
381,5/17/2013,18,1,3,l,1.3,1.3.l,BG,3
382,5/17/2013,18,1,3,m,1.3,1.3.m,BG,7
383,5/17/2013,18,1,3,n,1.3,1.3.n,BG,3
384,5/17/2013,18,1,3,o,1.3,1.3.o,BG,3
385,5/17/2013,18,1,3,p,1.3,1.3.p,BG,3
386,5/17/2013,18,1,4,a,1.4,1.4.a,BG,5
387,5/17/2013,18,1,4,b,1.4,1.4.b,BG,5
388,5/17/2013,18,1,4,c,1.4,1.4.c,BG,6
389,5/17/2013,18,1,4,d,1.4,1.4.d,BG,6
390,5/17/2013,18,1,4,e,1.4,1.4.e,BG,6
391,5/17/2013,18,1,4,f,1.4,1.4.f,BG,5
392,5/17/2013,18,1,4,g,1.4,1.4.g,BG,5
393,5/17/2013,18,1,4,h,1.4,1.4.h,BG,6
394,5/17/2013,18,1,4,i,1.4,1.4.i,BG,6
395,5/17/2013,18,1,4,j,1.4,1.4.j,BG,7
396,5/17/2013,18,1,4,k,1.4,1.4.k,BG,6
397,5/17/2013,18,1,4,l,1.4,1.4.l,BG,6
398,5/17/2013,18,1,4,m,1.4,1.4.m,BG,6
399,5/17/2013,18,1,4,n,1.4,1.4.n,BG,6
400,5/17/2013,18,1,4,o,1.4,1.4.o,BG,7
401,5/17/2013,18,1,4,p,1.4,1.4.p,BG,7
402,5/17/2013,18,1,5,a,1.5,1.5.a,BG,6
403,5/17/2013,18,1,5,b,1.5,1.5.b,BG,6
404,5/17/2013,18,1,5,c,1.5,1.5.c,BG,6
405,5/17/2013,18,1,5,d,1.5,1.5.d,BG,6
406,5/17/2013,18,1,5,e,1.5,1.5.e,BG,5
407,5/17/2013,18,1,5,f,1.5,1.5.f,BG,5
408,5/17/2013,18,1,5,g,1.5,1.5.g,BG,5
409,5/17/2013,18,1,5,h,1.5,1.5.h,BG,5
410,5/17/2013,18,1,5,i,1.5,1.5.i,BG,5
411,5/17/2013,18,1,5,j,1.5,1.5.j,BG,3
412,5/17/2013,18,1,5,k,1.5,1.5.k,BG,5
413,5/17/2013,18,1,5,l,1.5,1.5.l,BG,6
414,5/17/2013,18,1,5,m,1.5,1.5.m,BG,4
415,5/17/2013,18,1,5,n,1.5,1.5.n,BG,5
416,5/17/2013,18,1,5,o,1.5,1.5.o,BG,4
417,5/17/2013,18,1,5,p,1.5,1.5.p,BG,5
418,5/17/2013,18,1,6,a,1.6,1.6.a,BG,3
419,5/17/2013,18,1,6,b,1.6,1.6.b,BG,3
420,5/17/2013,18,1,6,c,1.6,1.6.c,BG,3
421,5/17/2013,18,1,6,d,1.6,1.6.d,BG,4
422,5/17/2013,18,1,6,e,1.6,1.6.e,BG,4
423,5/17/2013,18,1,6,f,1.6,1.6.f,BG,3
424,5/17/2013,18,1,6,g,1.6,1.6.g,BG,4
425,5/17/2013,18,1,6,h,1.6,1.6.h,BG,3
426,5/17/2013,18,1,6,i,1.6,1.6.i,BG,3
427,5/17/2013,18,1,6,j,1.6,1.6.j,BG,3
428,5/17/2013,18,1,6,k,1.6,1.6.k,BG,4
429,5/17/2013,18,1,6,l,1.6,1.6.l,BG,3
430,5/17/2013,18,1,6,m,1.6,1.6.m,BG,4
431,5/17/2013,18,1,6,n,1.6,1.6.n,BG,3
432,5/17/2013,18,1,6,o,1.6,1.6.o,BG,3
433,5/17/2013,18,1,6,p,1.6,1.6.p,BG,3
434,5/17/2013,18,1,7,a,1.7,1.7.a,BG,4
435,5/17/2013,18,1,7,b,1.7,1.7.b,BG,4
436,5/17/2013,18,1,7,c,1.7,1.7.c,BG,4
437,5/17/2013,18,1,7,d,1.7,1.7.d,BG,5
438,5/17/2013,18,1,7,e,1.7,1.7.e,BG,6
439,5/17/2013,18,1,7,f,1.7,1.7.f,BG,6
440,5/17/2013,18,1,7,g,1.7,1.7.g,BG,6
441,5/17/2013,18,1,7,h,1.7,1.7.h,BG,6
442,5/17/2013,18,1,7,i,1.7,1.7.i,BG,6
443,5/17/2013,18,1,7,j,1.7,1.7.j,BG,6
444,5/17/2013,18,1,7,k,1.7,1.7.k,BG,6
445,5/17/2013,18,1,7,l,1.7,1.7.l,BG,6
446,5/17/2013,18,1,7,m,1.7,1.7.m,BG,6
447,5/17/2013,18,1,7,n,1.7,1.7.n,BG,6
448,5/17/2013,18,1,7,o,1.7,1.7.o,BG,7
449,5/17/2013,18,1,7,p,1.7,1.7.p,BG,7
450,5/17/2013,18,1,8,a,1.8,1.8.a,BG,6
451,5/17/2013,18,1,8,b,1.8,1.8.b,BG,6
452,5/17/2013,18,1,8,c,1.8,1.8.c,BG,7
453,5/17/2013,18,1,8,d,1.8,1.8.d,BG,6
454,5/17/2013,18,1,8,e,1.8,1.8.e,BG,6
455,5/17/2013,18,1,8,f,1.8,1.8.f,BG,6
456,5/17/2013,18,1,8,g,1.8,1.8.g,BG,7
457,5/17/2013,18,1,8,h,1.8,1.8.h,BG,7
458,5/17/2013,18,1,8,i,1.8,1.8.i,BG,5
459,5/17/2013,18,1,8,j,1.8,1.8.j,BG,6
460,5/17/2013,18,1,8,k,1.8,1.8.k,BG,6
461,5/17/2013,18,1,8,l,1.8,1.8.l,BG,5
462,5/17/2013,18,1,8,m,1.8,1.8.m,BG,6
463,5/17/2013,18,1,8,n,1.8,1.8.n,BG,5
464,5/17/2013,18,1,8,o,1.8,1.8.o,BG,4
465,5/17/2013,18,1,8,p,1.8,1.8.p,BG,4
466,5/17/2013,18,1,9,a,1.9,1.9.a,BG,5
467,5/17/2013,18,1,9,b,1.9,1.9.b,BG,6
468,5/17/2013,18,1,9,c,1.9,1.9.c,BG,4
469,5/17/2013,18,1,9,d,1.9,1.9.d,BG,5
470,5/17/2013,18,1,9,e,1.9,1.9.e,BG,5
471,5/17/2013,18,1,9,f,1.9,1.9.f,BG,5
472,5/17/2013,18,1,9,g,1.9,1.9.g,BG,4
473,5/17/2013,18,1,9,h,1.9,1.9.h,BG,4
474,5/17/2013,18,1,9,i,1.9,1.9.i,BG,4
475,5/17/2013,18,1,9,j,1.9,1.9.j,BG,4
476,5/17/2013,18,1,9,k,1.9,1.9.k,BG,4
477,5/17/2013,18,1,9,l,1.9,1.9.l,BG,4
478,5/17/2013,18,1,9,m,1.9,1.9.m,BG,4
479,5/17/2013,18,1,9,n,1.9,1.9.n,BG,4
480,5/17/2013,18,1,9,o,1.9,1.9.o,BG,4
481,5/17/2013,18,1,9,p,1.9,1.9.p,BG,4
482,5/17/2013,18,1,10,a,1.1,1.10.a,BG,5
483,5/17/2013,18,1,10,b,1.1,1.10.b,BG,6
484,5/17/2013,18,1,10,c,1.1,1.10.c,BG,6
485,5/17/2013,18,1,10,d,1.1,1.10.d,BG,6
486,5/17/2013,18,1,10,e,1.1,1.10.e,BG,5
487,5/17/2013,18,1,10,f,1.1,1.10.f,BG,6
488,5/17/2013,18,1,10,g,1.1,1.10.g,BG,6
489,5/17/2013,18,1,10,h,1.1,1.10.h,BG,6
490,5/17/2013,18,1,10,i,1.1,1.10.i,BG,6
491,5/17/2013,18,1,10,j,1.1,1.10.j,BG,6
492,5/17/2013,18,1,10,k,1.1,1.10.k,BG,7
493,5/17/2013,18,1,10,l,1.1,1.10.l,BG,8
494,5/17/2013,18,1,10,m,1.1,1.10.m,BG,6
495,5/17/2013,18,1,10,n,1.1,1.10.n,BG,5
496,5/17/2013,18,1,10,o,1.1,1.10.o,BG,6
497,5/17/2013,18,1,10,p,1.1,1.10.p,BG,8
498,5/17/2013,18,1,11,a,1.11,1.11.a,BG,6
499,5/17/2013,18,1,11,b,1.11,1.11.b,BG,5
500,5/17/2013,18,1,11,c,1.11,1.11.c,BG,6
501,5/17/2013,18,1,11,d,1.11,1.11.d,BG,6
502,5/17/2013,18,1,11,e,1.11,1.11.e,BG,7
503,5/17/2013,18,1,11,f,1.11,1.11.f,BG,6
504,5/17/2013,18,1,11,g,1.11,1.11.g,BG,6
505,5/17/2013,18,1,11,h,1.11,1.11.h,BG,6
506,5/17/2013,18,1,11,i,1.11,1.11.i,BG,6
507,5/17/2013,18,1,11,j,1.11,1.11.j,BG,5
508,5/17/2013,18,1,11,k,1.11,1.11.k,BG,6
509,5/17/2013,18,1,11,l,1.11,1.11.l,BG,6
510,5/17/2013,18,1,11,m,1.11,1.11.m,BG,6
511,5/17/2013,18,1,11,n,1.11,1.11.n,BG,6
512,5/17/2013,18,1,11,o,1.11,1.11.o,BG,5
513,5/17/2013,18,1,11,p,1.11,1.11.p,BG,5
514,5/17/2013,18,1,12,a,1.12,1.12.a,BG,5
515,5/17/2013,18,1,12,b,1.12,1.12.b,BG,5
516,5/17/2013,18,1,12,c,1.12,1.12.c,BG,5
517,5/17/2013,18,1,12,d,1.12,1.12.d,BG,5
518,5/17/2013,18,1,12,e,1.12,1.12.e,BG,5
519,5/17/2013,18,1,12,f,1.12,1.12.f,BG,5
520,5/17/2013,18,1,12,g,1.12,1.12.g,BG,5
521,5/17/2013,18,1,12,h,1.12,1.12.h,BG,4
522,5/17/2013,18,1,12,i,1.12,1.12.i,BG,6
523,5/17/2013,18,1,12,j,1.12,1.12.j,BG,6
524,5/17/2013,18,1,12,k,1.12,1.12.k,BG,3
525,5/17/2013,18,1,12,l,1.12,1.12.l,BG,4
526,5/17/2013,18,1,12,m,1.12,1.12.m,BG,5
527,5/17/2013,18,1,12,n,1.12,1.12.n,BG,5
528,5/17/2013,18,1,12,o,1.12,1.12.o,BG,5
529,5/17/2013,18,1,12,p,1.12,1.12.p,BG,3
530,5/17/2013,18,1,13,a,1.13,1.13.a,BG,4
531,5/17/2013,18,1,13,b,1.13,1.13.b,BG,6
532,5/17/2013,18,1,13,c,1.13,1.13.c,BG,5
533,5/17/2013,18,1,13,d,1.13,1.13.d,BG,5
534,5/17/2013,18,1,13,e,1.13,1.13.e,BG,5
535,5/17/2013,18,1,13,f,1.13,1.13.f,BG,6
536,5/17/2013,18,1,13,g,1.13,1.13.g,BG,5
537,5/17/2013,18,1,13,h,1.13,1.13.h,BG,4
538,5/17/2013,18,1,13,i,1.13,1.13.i,BG,7
539,5/17/2013,18,1,13,j,1.13,1.13.j,BG,6
540,5/17/2013,18,1,13,k,1.13,1.13.k,BG,6
541,5/17/2013,18,1,13,l,1.13,1.13.l,BG,6
542,5/17/2013,18,1,13,m,1.13,1.13.m,BG,6
543,5/17/2013,18,1,13,n,1.13,1.13.n,BG,6
544,5/17/2013,18,1,13,o,1.13,1.13.o,BG,6
545,5/17/2013,18,1,13,p,1.13,1.13.p,BG,6
546,5/17/2013,18,1,14,a,1.14,1.14.a,BG,6
547,5/17/2013,18,1,14,b,1.14,1.14.b,BG,7
548,5/17/2013,18,1,14,c,1.14,1.14.c,BG,6
549,5/17/2013,18,1,14,d,1.14,1.14.d,BG,6
550,5/17/2013,18,1,14,e,1.14,1.14.e,BG,6
551,5/17/2013,18,1,14,f,1.14,1.14.f,BG,6
552,5/17/2013,18,1,14,g,1.14,1.14.g,BG,6
553,5/17/2013,18,1,14,h,1.14,1.14.h,BG,6
554,5/17/2013,18,1,14,i,1.14,1.14.i,BG,5
555,5/17/2013,18,1,14,j,1.14,1.14.j,BG,6
556,5/17/2013,18,1,14,k,1.14,1.14.k,BG,6
557,5/17/2013,18,1,14,l,1.14,1.14.l,BG,5
558,5/17/2013,18,1,14,m,1.14,1.14.m,BG,6
559,5/17/2013,18,1,14,n,1.14,1.14.n,BG,6
560,5/17/2013,18,1,14,o,1.14,1.14.o,BG,5
561,5/17/2013,18,1,14,p,1.14,1.14.p,BG,5
562,5/17/2013,18,1,15,a,1.15,1.15.a,BG,5
563,5/17/2013,18,1,15,b,1.15,1.15.b,BG,4
564,5/17/2013,18,1,15,c,1.15,1.15.c,BG,5
565,5/17/2013,18,1,15,d,1.15,1.15.d,BG,5
566,5/17/2013,18,1,15,e,1.15,1.15.e,BG,5
567,5/17/2013,18,1,15,f,1.15,1.15.f,BG,4
568,5/17/2013,18,1,15,g,1.15,1.15.g,BG,4
569,5/17/2013,18,1,15,h,1.15,1.15.h,BG,4
570,5/17/2013,18,1,15,i,1.15,1.15.i,BG,5
571,5/17/2013,18,1,15,j,1.15,1.15.j,BG,4
572,5/17/2013,18,1,15,k,1.15,1.15.k,BG,4
573,5/17/2013,18,1,15,l,1.15,1.15.l,BG,4
574,5/17/2013,18,1,15,m,1.15,1.15.m,BG,4
575,5/17/2013,18,1,15,n,1.15,1.15.n,BG,4
576,5/17/2013,18,1,15,o,1.15,1.15.o,BG,3
577,5/17/2013,18,1,15,p,1.15,1.15.p,BG,4
578,5/17/2013,18,1,16,a,1.16,1.16.a,BG,5
579,5/17/2013,18,1,16,b,1.16,1.16.b,BG,3
580,5/17/2013,18,1,16,c,1.16,1.16.c,BG,5
581,5/17/2013,18,1,16,d,1.16,1.16.d,BG,4
582,5/17/2013,18,1,16,e,1.16,1.16.e,BG,7
583,5/17/2013,18,1,16,f,1.16,1.16.f,BG,4
584,5/17/2013,18,1,16,g,1.16,1.16.g,BG,3
585,5/17/2013,18,1,16,h,1.16,1.16.h,BG,5
586,5/17/2013,18,1,16,i,1.16,1.16.i,BG,7
587,5/17/2013,18,1,16,j,1.16,1.16.j,BG,7
588,5/17/2013,18,1,16,k,1.16,1.16.k,BG,4
589,5/17/2013,18,1,16,l,1.16,1.16.l,BG,5
590,5/17/2013,18,1,16,m,1.16,1.16.m,BG,7
591,5/17/2013,18,1,16,n,1.16,1.16.n,BG,6
592,5/17/2013,18,1,16,o,1.16,1.16.o,BG,6
593,5/17/2013,18,1,16,p,1.16,1.16.p,BG,6
594,5/17/2013,18,1,17,a,1.17,1.17.a,BG,7
595,5/17/2013,18,1,17,b,1.17,1.17.b,BG,5
596,5/17/2013,18,1,17,c,1.17,1.17.c,BG,6
597,5/17/2013,18,1,17,d,1.17,1.17.d,BG,6
598,5/17/2013,18,1,17,e,1.17,1.17.e,BG,6
599,5/17/2013,18,1,17,f,1.17,1.17.f,BG,6
600,5/17/2013,18,1,17,g,1.17,1.17.g,BG,7
601,5/17/2013,18,1,17,h,1.17,1.17.h,BG,6
602,5/17/2013,18,1,17,i,1.17,1.17.i,BG,6
603,5/17/2013,18,2,17,j,2.17,2.17.j,BG,6
604,5/17/2013,18,2,17,k,2.17,2.17.k,BG,6
605,5/17/2013,18,2,17,l,2.17,2.17.l,BG,6
606,5/17/2013,18,2,17,m,2.17,2.17.m,BG,6
607,5/17/2013,18,2,17,n,2.17,2.17.n,BG,6
608,5/17/2013,18,2,17,o,2.17,2.17.o,BG,6
609,5/17/2013,18,2,17,p,2.17,2.17.p,BG,6
610,5/17/2013,18,1,1,a,1.1,1.1.a,BRTE,3
611,5/17/2013,18,1,1,b,1.1,1.1.b,BRTE,2
612,5/17/2013,18,1,1,c,1.1,1.1.c,BRTE,2
613,5/17/2013,18,1,1,d,1.1,1.1.d,BRTE,2
614,5/17/2013,18,1,1,e,1.1,1.1.e,BRTE,4
615,5/17/2013,18,1,1,f,1.1,1.1.f,BRTE,2
616,5/17/2013,18,1,1,h,1.1,1.1.h,BRTE,2
617,5/17/2013,18,1,1,i,1.1,1.1.i,BRTE,4
618,5/17/2013,18,1,1,j,1.1,1.1.j,BRTE,3
619,5/17/2013,18,1,1,l,1.1,1.1.l,BRTE,2
620,5/17/2013,18,1,1,m,1.1,1.1.m,BRTE,3
621,5/17/2013,18,1,1,n,1.1,1.1.n,BRTE,2
622,5/17/2013,18,1,1,o,1.1,1.1.o,BRTE,3
623,5/17/2013,18,1,1,p,1.1,1.1.p,BRTE,2
624,5/17/2013,18,1,2,a,1.2,1.2.a,BRTE,6
625,5/17/2013,18,1,2,b,1.2,1.2.b,BRTE,6
626,5/17/2013,18,1,2,c,1.2,1.2.c,BRTE,6
627,5/17/2013,18,1,2,d,1.2,1.2.d,BRTE,6
628,5/17/2013,18,1,2,e,1.2,1.2.e,BRTE,6
629,5/17/2013,18,1,2,f,1.2,1.2.f,BRTE,5
630,5/17/2013,18,1,2,g,1.2,1.2.g,BRTE,6
631,5/17/2013,18,1,2,h,1.2,1.2.h,BRTE,6
632,5/17/2013,18,1,2,i,1.2,1.2.i,BRTE,6
633,5/17/2013,18,1,2,j,1.2,1.2.j,BRTE,6
634,5/17/2013,18,1,2,k,1.2,1.2.k,BRTE,6
635,5/17/2013,18,1,2,l,1.2,1.2.l,BRTE,6
636,5/17/2013,18,1,2,m,1.2,1.2.m,BRTE,6
637,5/17/2013,18,1,2,n,1.2,1.2.n,BRTE,6
638,5/17/2013,18,1,2,o,1.2,1.2.o,BRTE,6
639,5/17/2013,18,1,2,p,1.2,1.2.p,BRTE,6
640,5/17/2013,18,1,3,a,1.3,1.3.a,BRTE,5
641,5/17/2013,18,1,3,b,1.3,1.3.b,BRTE,6
642,5/17/2013,18,1,3,c,1.3,1.3.c,BRTE,6
643,5/17/2013,18,1,3,d,1.3,1.3.d,BRTE,7
644,5/17/2013,18,1,3,e,1.3,1.3.e,BRTE,5
645,5/17/2013,18,1,3,f,1.3,1.3.f,BRTE,6
646,5/17/2013,18,1,3,g,1.3,1.3.g,BRTE,6
647,5/17/2013,18,1,3,h,1.3,1.3.h,BRTE,6
648,5/17/2013,18,1,3,i,1.3,1.3.i,BRTE,4
649,5/17/2013,18,1,3,j,1.3,1.3.j,BRTE,5
650,5/17/2013,18,1,3,k,1.3,1.3.k,BRTE,4
651,5/17/2013,18,1,3,l,1.3,1.3.l,BRTE,6
652,5/17/2013,18,1,3,m,1.3,1.3.m,BRTE,2
653,5/17/2013,18,1,3,n,1.3,1.3.n,BRTE,6
654,5/17/2013,18,1,3,o,1.3,1.3.o,BRTE,6
655,5/17/2013,18,1,3,p,1.3,1.3.p,BRTE,6
656,5/17/2013,18,1,4,a,1.4,1.4.a,BRTE,3
657,5/17/2013,18,1,4,b,1.4,1.4.b,BRTE,2
658,5/17/2013,18,1,4,c,1.4,1.4.c,BRTE,3
659,5/17/2013,18,1,4,d,1.4,1.4.d,BRTE,2
660,5/17/2013,18,1,4,f,1.4,1.4.f,BRTE,3
661,5/17/2013,18,1,4,g,1.4,1.4.g,BRTE,1
662,5/17/2013,18,1,4,h,1.4,1.4.h,BRTE,2
663,5/17/2013,18,1,4,i,1.4,1.4.i,BRTE,3
664,5/17/2013,18,1,4,j,1.4,1.4.j,BRTE,1
665,5/17/2013,18,1,4,m,1.4,1.4.m,BRTE,3
666,5/17/2013,18,1,4,n,1.4,1.4.n,BRTE,1
667,5/17/2013,18,1,4,p,1.4,1.4.p,BRTE,1
668,5/17/2013,18,1,5,a,1.5,1.5.a,BRTE,4
669,5/17/2013,18,1,5,b,1.5,1.5.b,BRTE,4
670,5/17/2013,18,1,5,c,1.5,1.5.c,BRTE,4
671,5/17/2013,18,1,5,d,1.5,1.5.d,BRTE,3
672,5/17/2013,18,1,5,e,1.5,1.5.e,BRTE,4
673,5/17/2013,18,1,5,f,1.5,1.5.f,BRTE,4
674,5/17/2013,18,1,5,g,1.5,1.5.g,BRTE,4
675,5/17/2013,18,1,5,h,1.5,1.5.h,BRTE,4
676,5/17/2013,18,1,5,i,1.5,1.5.i,BRTE,4
677,5/17/2013,18,1,5,j,1.5,1.5.j,BRTE,5
678,5/17/2013,18,1,5,k,1.5,1.5.k,BRTE,4
679,5/17/2013,18,1,5,l,1.5,1.5.l,BRTE,3
680,5/17/2013,18,1,5,m,1.5,1.5.m,BRTE,4
681,5/17/2013,18,1,5,n,1.5,1.5.n,BRTE,4
682,5/17/2013,18,1,5,o,1.5,1.5.o,BRTE,5
683,5/17/2013,18,1,5,p,1.5,1.5.p,BRTE,4
684,5/17/2013,18,1,6,a,1.6,1.6.a,BRTE,5
685,5/17/2013,18,1,6,b,1.6,1.6.b,BRTE,5
686,5/17/2013,18,1,6,c,1.6,1.6.c,BRTE,5
687,5/17/2013,18,1,6,d,1.6,1.6.d,BRTE,5
688,5/17/2013,18,1,6,e,1.6,1.6.e,BRTE,5
689,5/17/2013,18,1,6,f,1.6,1.6.f,BRTE,6
690,5/17/2013,18,1,6,g,1.6,1.6.g,BRTE,5
691,5/17/2013,18,1,6,h,1.6,1.6.h,BRTE,5
692,5/17/2013,18,1,6,i,1.6,1.6.i,BRTE,6
693,5/17/2013,18,1,6,j,1.6,1.6.j,BRTE,6
694,5/17/2013,18,1,6,k,1.6,1.6.k,BRTE,5
695,5/17/2013,18,1,6,l,1.6,1.6.l,BRTE,6
696,5/17/2013,18,1,6,m,1.6,1.6.m,BRTE,5
697,5/17/2013,18,1,6,n,1.6,1.6.n,BRTE,6
698,5/17/2013,18,1,6,o,1.6,1.6.o,BRTE,6
699,5/17/2013,18,1,6,p,1.6,1.6.p,BRTE,6
700,5/17/2013,18,1,7,b,1.7,1.7.b,BRTE,3
701,5/17/2013,18,1,7,d,1.7,1.7.d,BRTE,2
702,5/17/2013,18,1,7,f,1.7,1.7.f,BRTE,1
703,5/17/2013,18,1,7,i,1.7,1.7.i,BRTE,2
704,5/17/2013,18,1,7,j,1.7,1.7.j,BRTE,3
705,5/17/2013,18,1,7,l,1.7,1.7.l,BRTE,3
706,5/17/2013,18,1,7,m,1.7,1.7.m,BRTE,3
707,5/17/2013,18,1,7,n,1.7,1.7.n,BRTE,2
708,5/17/2013,18,1,7,o,1.7,1.7.o,BRTE,2
709,5/17/2013,18,1,7,p,1.7,1.7.p,BRTE,2
710,5/17/2013,18,1,8,a,1.8,1.8.a,BRTE,3
711,5/17/2013,18,1,8,b,1.8,1.8.b,BRTE,3
712,5/17/2013,18,1,8,c,1.8,1.8.c,BRTE,3
713,5/17/2013,18,1,8,d,1.8,1.8.d,BRTE,3
714,5/17/2013,18,1,8,e,1.8,1.8.e,BRTE,3
715,5/17/2013,18,1,8,f,1.8,1.8.f,BRTE,3
716,5/17/2013,18,1,8,g,1.8,1.8.g,BRTE,1
717,5/17/2013,18,1,8,h,1.8,1.8.h,BRTE,2
718,5/17/2013,18,1,8,i,1.8,1.8.i,BRTE,4
719,5/17/2013,18,1,8,j,1.8,1.8.j,BRTE,3
720,5/17/2013,18,1,8,k,1.8,1.8.k,BRTE,4
721,5/17/2013,18,1,8,l,1.8,1.8.l,BRTE,4
722,5/17/2013,18,1,8,m,1.8,1.8.m,BRTE,3
723,5/17/2013,18,1,8,n,1.8,1.8.n,BRTE,4
724,5/17/2013,18,1,8,o,1.8,1.8.o,BRTE,5
725,5/17/2013,18,1,8,p,1.8,1.8.p,BRTE,5
726,5/17/2013,18,1,9,a,1.9,1.9.a,BRTE,4
727,5/17/2013,18,1,9,b,1.9,1.9.b,BRTE,3
728,5/17/2013,18,1,9,c,1.9,1.9.c,BRTE,4
729,5/17/2013,18,1,9,d,1.9,1.9.d,BRTE,4
730,5/17/2013,18,1,9,e,1.9,1.9.e,BRTE,4
731,5/17/2013,18,1,9,f,1.9,1.9.f,BRTE,4
732,5/17/2013,18,1,9,g,1.9,1.9.g,BRTE,5
733,5/17/2013,18,1,9,h,1.9,1.9.h,BRTE,5
734,5/17/2013,18,1,9,i,1.9,1.9.i,BRTE,5
735,5/17/2013,18,1,9,j,1.9,1.9.j,BRTE,5
736,5/17/2013,18,1,9,k,1.9,1.9.k,BRTE,5
737,5/17/2013,18,1,9,l,1.9,1.9.l,BRTE,5
738,5/17/2013,18,1,9,m,1.9,1.9.m,BRTE,5
739,5/17/2013,18,1,9,n,1.9,1.9.n,BRTE,5
740,5/17/2013,18,1,9,o,1.9,1.9.o,BRTE,5
741,5/17/2013,18,1,9,p,1.9,1.9.p,BRTE,5
742,5/17/2013,18,1,10,b,1.1,1.10.b,BRTE,3
743,5/17/2013,18,1,10,c,1.1,1.10.c,BRTE,1
744,5/17/2013,18,1,10,e,1.1,1.10.e,BRTE,3
745,5/17/2013,18,1,10,g,1.1,1.10.g,BRTE,2
746,5/17/2013,18,1,10,h,1.1,1.10.h,BRTE,2
747,5/17/2013,18,1,10,i,1.1,1.10.i,BRTE,3
748,5/17/2013,18,1,10,j,1.1,1.10.j,BRTE,3
749,5/17/2013,18,1,10,n,1.1,1.10.n,BRTE,3
750,5/17/2013,18,1,10,o,1.1,1.10.o,BRTE,2
751,5/17/2013,18,1,11,a,1.11,1.11.a,BRTE,3
752,5/17/2013,18,1,11,b,1.11,1.11.b,BRTE,4
753,5/17/2013,18,1,11,c,1.11,1.11.c,BRTE,3
754,5/17/2013,18,1,11,d,1.11,1.11.d,BRTE,3
755,5/17/2013,18,1,11,e,1.11,1.11.e,BRTE,1
756,5/17/2013,18,1,11,f,1.11,1.11.f,BRTE,3
757,5/17/2013,18,1,11,g,1.11,1.11.g,BRTE,3
758,5/17/2013,18,1,11,h,1.11,1.11.h,BRTE,3
759,5/17/2013,18,1,11,i,1.11,1.11.i,BRTE,3
760,5/17/2013,18,1,11,j,1.11,1.11.j,BRTE,4
761,5/17/2013,18,1,11,k,1.11,1.11.k,BRTE,3
762,5/17/2013,18,1,11,l,1.11,1.11.l,BRTE,3
763,5/17/2013,18,1,11,m,1.11,1.11.m,BRTE,3
764,5/17/2013,18,1,11,n,1.11,1.11.n,BRTE,3
765,5/17/2013,18,1,11,o,1.11,1.11.o,BRTE,4
766,5/17/2013,18,1,11,p,1.11,1.11.p,BRTE,3
767,5/17/2013,18,1,12,a,1.12,1.12.a,BRTE,4
768,5/17/2013,18,1,12,b,1.12,1.12.b,BRTE,3
769,5/17/2013,18,1,12,c,1.12,1.12.c,BRTE,3
770,5/17/2013,18,1,12,d,1.12,1.12.d,BRTE,4
771,5/17/2013,18,1,12,e,1.12,1.12.e,BRTE,4
772,5/17/2013,18,1,12,f,1.12,1.12.f,BRTE,3
773,5/17/2013,18,1,12,g,1.12,1.12.g,BRTE,4
774,5/17/2013,18,1,12,h,1.12,1.12.h,BRTE,5
775,5/17/2013,18,1,12,i,1.12,1.12.i,BRTE,3
776,5/17/2013,18,1,12,j,1.12,1.12.j,BRTE,3
777,5/17/2013,18,1,12,k,1.12,1.12.k,BRTE,6
778,5/17/2013,18,1,12,l,1.12,1.12.l,BRTE,4
779,5/17/2013,18,1,12,m,1.12,1.12.m,BRTE,3
780,5/17/2013,18,1,12,n,1.12,1.12.n,BRTE,3
781,5/17/2013,18,1,12,o,1.12,1.12.o,BRTE,4
782,5/17/2013,18,1,12,p,1.12,1.12.p,BRTE,4
783,5/17/2013,18,1,13,a,1.13,1.13.a,BRTE,3
784,5/17/2013,18,1,13,b,1.13,1.13.b,BRTE,3
785,5/17/2013,18,1,13,c,1.13,1.13.c,BRTE,3
786,5/17/2013,18,1,13,d,1.13,1.13.d,BRTE,3
787,5/17/2013,18,1,13,e,1.13,1.13.e,BRTE,4
788,5/17/2013,18,1,13,f,1.13,1.13.f,BRTE,2
789,5/17/2013,18,1,13,g,1.13,1.13.g,BRTE,3
790,5/17/2013,18,1,13,h,1.13,1.13.h,BRTE,4
791,5/17/2013,18,1,13,i,1.13,1.13.i,BRTE,2
792,5/17/2013,18,1,13,j,1.13,1.13.j,BRTE,3
793,5/17/2013,18,1,13,k,1.13,1.13.k,BRTE,3
794,5/17/2013,18,1,13,l,1.13,1.13.l,BRTE,3
795,5/17/2013,18,1,13,m,1.13,1.13.m,BRTE,3
796,5/17/2013,18,1,13,n,1.13,1.13.n,BRTE,2
797,5/17/2013,18,1,13,o,1.13,1.13.o,BRTE,3
798,5/17/2013,18,1,13,p,1.13,1.13.p,BRTE,2
799,5/17/2013,18,1,14,a,1.14,1.14.a,BRTE,2
800,5/17/2013,18,1,14,b,1.14,1.14.b,BRTE,3
801,5/17/2013,18,1,14,c,1.14,1.14.c,BRTE,3
802,5/17/2013,18,1,14,d,1.14,1.14.d,BRTE,3
803,5/17/2013,18,1,14,e,1.14,1.14.e,BRTE,3
804,5/17/2013,18,1,14,f,1.14,1.14.f,BRTE,3
805,5/17/2013,18,1,14,g,1.14,1.14.g,BRTE,3
806,5/17/2013,18,1,14,h,1.14,1.14.h,BRTE,3
807,5/17/2013,18,1,14,i,1.14,1.14.i,BRTE,4
808,5/17/2013,18,1,14,j,1.14,1.14.j,BRTE,3
809,5/17/2013,18,1,14,k,1.14,1.14.k,BRTE,3
810,5/17/2013,18,1,14,l,1.14,1.14.l,BRTE,4
811,5/17/2013,18,1,14,m,1.14,1.14.m,BRTE,2
812,5/17/2013,18,1,14,n,1.14,1.14.n,BRTE,2
813,5/17/2013,18,1,14,o,1.14,1.14.o,BRTE,4
814,5/17/2013,18,1,14,p,1.14,1.14.p,BRTE,4
815,5/17/2013,18,1,15,a,1.15,1.15.a,BRTE,3
816,5/17/2013,18,1,15,b,1.15,1.15.b,BRTE,4
817,5/17/2013,18,1,15,c,1.15,1.15.c,BRTE,3
818,5/17/2013,18,1,15,d,1.15,1.15.d,BRTE,2
819,5/17/2013,18,1,15,e,1.15,1.15.e,BRTE,3
820,5/17/2013,18,1,15,f,1.15,1.15.f,BRTE,4
821,5/17/2013,18,1,15,g,1.15,1.15.g,BRTE,4
822,5/17/2013,18,1,15,h,1.15,1.15.h,BRTE,4
823,5/17/2013,18,1,15,i,1.15,1.15.i,BRTE,3
824,5/17/2013,18,1,15,j,1.15,1.15.j,BRTE,4
825,5/17/2013,18,1,15,k,1.15,1.15.k,BRTE,4
826,5/17/2013,18,1,15,l,1.15,1.15.l,BRTE,4
827,5/17/2013,18,1,15,m,1.15,1.15.m,BRTE,4
828,5/17/2013,18,1,15,n,1.15,1.15.n,BRTE,4
829,5/17/2013,18,1,15,o,1.15,1.15.o,BRTE,5
830,5/17/2013,18,1,15,p,1.15,1.15.p,BRTE,4
831,5/17/2013,18,1,16,a,1.16,1.16.a,BRTE,3
832,5/17/2013,18,1,16,b,1.16,1.16.b,BRTE,4
833,5/17/2013,18,1,16,c,1.16,1.16.c,BRTE,3
834,5/17/2013,18,1,16,d,1.16,1.16.d,BRTE,4
835,5/17/2013,18,1,16,f,1.16,1.16.f,BRTE,4
836,5/17/2013,18,1,16,g,1.16,1.16.g,BRTE,4
837,5/17/2013,18,1,16,h,1.16,1.16.h,BRTE,4
838,5/17/2013,18,1,16,k,1.16,1.16.k,BRTE,4
839,5/17/2013,18,1,16,l,1.16,1.16.l,BRTE,4
840,5/17/2013,18,1,16,o,1.16,1.16.o,BRTE,3
841,5/17/2013,18,1,16,p,1.16,1.16.p,BRTE,3
842,5/17/2013,18,1,17,c,1.17,1.17.c,BRTE,2
843,5/17/2013,18,1,17,d,1.17,1.17.d,BRTE,3
844,5/17/2013,18,1,17,e,1.17,1.17.e,BRTE,2
845,5/17/2013,18,1,17,f,1.17,1.17.f,BRTE,2
846,5/17/2013,18,1,17,h,1.17,1.17.h,BRTE,3
847,5/17/2013,18,2,17,i,2.17,2.17.i,BRTE,3
848,5/17/2013,18,2,17,j,2.17,2.17.j,BRTE,3
849,5/17/2013,18,2,17,k,2.17,2.17.k,BRTE,3
850,5/17/2013,18,2,17,l,2.17,2.17.l,BRTE,3
851,5/17/2013,18,2,17,m,2.17,2.17.m,BRTE,3
852,5/17/2013,18,2,17,n,2.17,2.17.n,BRTE,4
853,5/17/2013,18,2,17,o,2.17,2.17.o,BRTE,3
854,5/17/2013,18,2,17,p,2.17,2.17.p,BRTE,3
855,5/17/2013,18,2,18,a,2.18,2.18.a,BRTE,2
856,5/17/2013,18,2,18,b,2.18,2.18.b,BRTE,3
857,5/17/2013,18,2,18,c,2.18,2.18.c,BRTE,2
858,5/17/2013,18,2,18,d,2.18,2.18.d,BRTE,3
859,5/17/2013,18,2,18,f,2.18,2.18.f,BRTE,2
860,5/17/2013,18,2,18,g,2.18,2.18.g,BRTE,3
861,5/17/2013,18,2,18,h,2.18,2.18.h,BRTE,3
862,5/17/2013,18,2,18,i,2.18,2.18.i,BRTE,1
863,5/17/2013,18,2,18,j,2.18,2.18.j,BRTE,3
864,5/17/2013,18,2,18,o,2.18,2.18.o,BRTE,1
865,5/17/2013,18,3,17,n,3.17,3.17.n,BRTE,1
866,5/17/2013,18,3,18,m,3.18,3.18.m,BRTE,2
867,5/17/2013,18,1,16,b,1.16,1.16.b,CALOC,3
868,5/17/2013,18,1,16,c,1.16,1.16.c,CALOC,2
869,5/17/2013,18,1,16,d,1.16,1.16.d,CALOC,1
870,5/17/2013,18,1,16,e,1.16,1.16.e,CALOC,2
871,5/17/2013,18,1,16,f,1.16,1.16.f,CALOC,3
872,5/17/2013,18,1,16,g,1.16,1.16.g,CALOC,3
873,5/17/2013,18,1,16,h,1.16,1.16.h,CALOC,2
874,5/17/2013,18,1,16,j,1.16,1.16.j,CALOC,2
875,5/17/2013,18,1,16,k,1.16,1.16.k,CALOC,3
876,5/17/2013,18,1,16,l,1.16,1.16.l,CALOC,1
877,5/17/2013,18,1,16,o,1.16,1.16.o,CALOC,2
878,5/17/2013,18,1,9,a,1.9,1.9.a,CALOC,2
879,5/17/2013,18,1,11,p,1.11,1.11.p,CALOC,1
880,5/17/2013,18,1,13,d,1.13,1.13.d,CD,2
881,5/17/2013,18,1,16,e,1.16,1.16.e,CD,3
882,5/17/2013,18,1,16,m,1.16,1.16.m,CD,3
883,5/17/2013,18,3,1,c,3.1,3.1.c,CD,3
884,5/17/2013,18,3,1,e,3.1,3.1.e,CD,2
885,5/17/2013,18,3,1,f,3.1,3.1.f,CD,2
886,5/17/2013,18,3,1,i,3.1,3.1.i,CD,3
887,5/17/2013,18,3,1,j,3.1,3.1.j,CD,3
888,5/17/2013,18,3,1,m,3.1,3.1.m,CD,2
889,5/17/2013,18,3,1,n,3.1,3.1.n,CD,2
890,5/17/2013,18,3,2,a,3.2,3.2.a,CD,1
891,5/17/2013,18,3,2,e,3.2,3.2.e,CD,2
892,5/17/2013,18,3,2,f,3.2,3.2.f,CD,2
893,5/17/2013,18,3,2,h,3.2,3.2.h,CD,2
894,5/17/2013,18,3,2,k,3.2,3.2.k,CD,2
895,5/17/2013,18,3,2,l,3.2,3.2.l,CD,2
896,5/17/2013,18,3,2,n,3.2,3.2.n,CD,1
897,5/17/2013,18,3,2,o,3.2,3.2.o,CD,1
898,5/17/2013,18,3,3,f,3.3,3.3.f,CD,1
899,5/17/2013,18,3,3,g,3.3,3.3.g,CD,1
900,5/17/2013,18,3,3,h,3.3,3.3.h,CD,1
901,5/17/2013,18,3,3,i,3.3,3.3.i,CD,2
902,5/17/2013,18,3,3,j,3.3,3.3.j,CD,3
903,5/17/2013,18,3,3,k,3.3,3.3.k,CD,1
904,5/17/2013,18,3,3,l,3.3,3.3.l,CD,2
905,5/17/2013,18,3,3,m,3.3,3.3.m,CD,1
906,5/17/2013,18,3,3,o,3.3,3.3.o,CD,1
907,5/17/2013,18,3,3,p,3.3,3.3.p,CD,1
908,5/17/2013,18,3,4,g,3.4,3.4.g,CD,2
909,5/17/2013,18,3,4,h,3.4,3.4.h,CD,1
910,5/17/2013,18,3,4,i,3.4,3.4.i,CD,1
911,5/17/2013,18,3,4,j,3.4,3.4.j,CD,1
912,5/17/2013,18,3,4,k,3.4,3.4.k,CD,3
913,5/17/2013,18,3,4,n,3.4,3.4.n,CD,1
914,5/17/2013,18,3,4,o,3.4,3.4.o,CD,1
915,5/17/2013,18,3,4,p,3.4,3.4.p,CD,1
916,5/17/2013,18,3,5,c,3.5,3.5.c,CD,2
917,5/17/2013,18,3,5,f,3.5,3.5.f,CD,1
918,5/17/2013,18,3,5,g,3.5,3.5.g,CD,2
919,5/17/2013,18,3,5,i,3.5,3.5.i,CD,3
920,5/17/2013,18,3,5,n,3.5,3.5.n,CD,2
921,5/17/2013,18,3,5,p,3.5,3.5.p,CD,1
922,5/17/2013,18,3,6,a,3.6,3.6.a,CD,2
923,5/17/2013,18,3,6,b,3.6,3.6.b,CD,2
924,5/17/2013,18,3,6,c,3.6,3.6.c,CD,2
925,5/17/2013,18,3,6,d,3.6,3.6.d,CD,1
926,5/17/2013,18,3,6,e,3.6,3.6.e,CD,2
927,5/17/2013,18,3,6,f,3.6,3.6.f,CD,1
928,5/17/2013,18,3,6,g,3.6,3.6.g,CD,2
929,5/17/2013,18,3,6,i,3.6,3.6.i,CD,1
930,5/17/2013,18,3,6,k,3.6,3.6.k,CD,1
931,5/17/2013,18,3,6,l,3.6,3.6.l,CD,2
932,5/17/2013,18,3,6,o,3.6,3.6.o,CD,2
933,5/17/2013,18,3,6,p,3.6,3.6.p,CD,2
934,5/17/2013,18,3,7,k,3.7,3.7.k,CD,1
935,5/17/2013,18,3,7,p,3.7,3.7.p,CD,1
936,5/17/2013,18,3,8,i,3.8,3.8.i,CD,1
937,5/17/2013,18,3,8,j,3.8,3.8.j,CD,1
938,5/17/2013,18,3,8,k,3.8,3.8.k,CD,2
939,5/17/2013,18,3,9,d,3.9,3.9.d,CD,1
940,5/17/2013,18,3,9,e,3.9,3.9.e,CD,3
941,5/17/2013,18,3,9,f,3.9,3.9.f,CD,2
942,5/17/2013,18,3,9,g,3.9,3.9.g,CD,2
943,5/17/2013,18,3,9,h,3.9,3.9.h,CD,2
944,5/17/2013,18,3,9,j,3.9,3.9.j,CD,2
945,5/17/2013,18,3,9,k,3.9,3.9.k,CD,2
946,5/17/2013,18,3,9,l,3.9,3.9.l,CD,2
947,5/17/2013,18,3,9,m,3.9,3.9.m,CD,2
948,5/17/2013,18,3,9,n,3.9,3.9.n,CD,2
949,5/17/2013,18,3,9,o,3.9,3.9.o,CD,2
950,5/17/2013,18,3,10,b,3.1,3.10.b,CD,1
951,5/17/2013,18,3,10,c,3.1,3.10.c,CD,1
952,5/17/2013,18,3,10,d,3.1,3.10.d,CD,1
953,5/17/2013,18,3,10,f,3.1,3.10.f,CD,1
954,5/17/2013,18,3,10,i,3.1,3.10.i,CD,2
955,5/17/2013,18,3,10,j,3.1,3.10.j,CD,2
956,5/17/2013,18,3,10,k,3.1,3.10.k,CD,1
957,5/17/2013,18,3,10,l,3.1,3.10.l,CD,1
958,5/17/2013,18,3,10,n,3.1,3.10.n,CD,3
959,5/17/2013,18,3,10,p,3.1,3.10.p,CD,2
960,5/17/2013,18,3,11,b,3.11,3.11.b,CD,2
961,5/17/2013,18,3,11,e,3.11,3.11.e,CD,3
962,5/17/2013,18,3,11,f,3.11,3.11.f,CD,2
963,5/17/2013,18,3,11,i,3.11,3.11.i,CD,3
964,5/17/2013,18,3,11,j,3.11,3.11.j,CD,2
965,5/17/2013,18,3,11,m,3.11,3.11.m,CD,1
966,5/17/2013,18,3,12,a,3.12,3.12.a,CD,3
967,5/17/2013,18,3,12,b,3.12,3.12.b,CD,3
968,5/17/2013,18,3,12,c,3.12,3.12.c,CD,2
969,5/17/2013,18,3,12,d,3.12,3.12.d,CD,1
970,5/17/2013,18,3,12,f,3.12,3.12.f,CD,2
971,5/17/2013,18,3,12,h,3.12,3.12.h,CD,2
972,5/17/2013,18,3,12,i,3.12,3.12.i,CD,1
973,5/17/2013,18,3,12,j,3.12,3.12.j,CD,3
974,5/17/2013,18,3,12,l,3.12,3.12.l,CD,1
975,5/17/2013,18,3,12,m,3.12,3.12.m,CD,3
976,5/17/2013,18,3,12,n,3.12,3.12.n,CD,1
977,5/17/2013,18,3,12,p,3.12,3.12.p,CD,1
978,5/17/2013,18,3,13,e,3.13,3.13.e,CD,3
979,5/17/2013,18,3,13,f,3.13,3.13.f,CD,2
980,5/17/2013,18,3,13,h,3.13,3.13.h,CD,1
981,5/17/2013,18,3,13,i,3.13,3.13.i,CD,2
982,5/17/2013,18,3,13,m,3.13,3.13.m,CD,1
983,5/17/2013,18,3,13,p,3.13,3.13.p,CD,1
984,5/17/2013,18,3,14,e,3.14,3.14.e,CD,2
985,5/17/2013,18,3,14,i,3.14,3.14.i,CD,1
986,5/17/2013,18,3,15,p,3.15,3.15.p,CD,2
987,5/17/2013,18,3,16,b,3.16,3.16.b,CD,3
988,5/17/2013,18,3,16,c,3.16,3.16.c,CD,2
989,5/17/2013,18,3,16,d,3.16,3.16.d,CD,3
990,5/17/2013,18,3,16,e,3.16,3.16.e,CD,2
991,5/17/2013,18,3,16,j,3.16,3.16.j,CD,3
992,5/17/2013,18,3,16,k,3.16,3.16.k,CD,2
993,5/17/2013,18,3,16,l,3.16,3.16.l,CD,2
994,5/17/2013,18,3,16,n,3.16,3.16.n,CD,2
995,5/17/2013,18,3,16,p,3.16,3.16.p,CD,3
996,5/17/2013,18,3,17,c,3.17,3.17.c,CD,2
997,5/17/2013,18,3,17,d,3.17,3.17.d,CD,1
998,5/17/2013,18,3,17,h,3.17,3.17.h,CD,1
999,5/17/2013,18,3,17,m,3.17,3.17.m,CD,2
1000,5/17/2013,18,3,17,p,3.17,3.17.p,CD,1
1001,5/17/2013,18,3,18,b,3.18,3.18.b,CD,3
1002,5/17/2013,18,3,18,c,3.18,3.18.c,CD,2
1003,5/17/2013,18,3,18,g,3.18,3.18.g,CD,3
1004,5/17/2013,18,3,18,i,3.18,3.18.i,CD,1
1005,5/17/2013,18,3,18,j,3.18,3.18.j,CD,1
1006,5/17/2013,18,3,18,m,3.18,3.18.m,CD,2
1007,5/17/2013,18,3,1,b,3.1,3.1.b,CETE,1
1008,5/17/2013,18,3,1,g,3.1,3.1.g,CETE,1
1009,5/17/2013,18,3,3,a,3.3,3.3.a,CETE,1
1010,5/17/2013,18,3,3,b,3.3,3.3.b,CETE,1
1011,5/17/2013,18,3,5,d,3.5,3.5.d,CETE,1
1012,5/17/2013,18,3,5,e,3.5,3.5.e,CETE,1
1013,5/17/2013,18,3,6,g,3.6,3.6.g,CETE,1
1014,5/17/2013,18,3,6,j,3.6,3.6.j,CETE,1
1015,5/17/2013,18,3,6,p,3.6,3.6.p,CETE,1
1016,5/17/2013,18,3,8,c,3.8,3.8.c,CETE,1
1017,5/17/2013,18,3,8,f,3.8,3.8.f,CETE,1
1018,5/17/2013,18,3,9,a,3.9,3.9.a,CETE,1
1019,5/17/2013,18,3,9,d,3.9,3.9.d,CETE,1
1020,5/17/2013,18,3,9,i,3.9,3.9.i,CETE,1
1021,5/17/2013,18,3,13,o,3.13,3.13.o,CETE,1
1022,5/17/2013,18,1,9,c,1.9,1.9.c,CETE,2
1023,5/17/2013,18,1,14,k,1.14,1.14.k,CLLU,3
1024,5/17/2013,18,1,12,h,1.12,1.12.h,CLLU,2
1025,5/17/2013,18,1,12,k,1.12,1.12.k,CLLU,2
1026,5/17/2013,18,1,2,e,1.2,1.2.e,DEPI,3
1027,5/17/2013,18,1,2,o,1.2,1.2.o,DEPI,2
1028,5/17/2013,18,1,3,f,1.3,1.3.f,DEPI,2
1029,5/17/2013,18,1,3,j,1.3,1.3.j,DEPI,2
1030,5/17/2013,18,1,6,l,1.6,1.6.l,DEPI,2
1031,5/17/2013,18,1,13,a,1.13,1.13.a,DEPI,1
1032,5/17/2013,18,2,18,e,2.18,2.18.e,DEPI,2
1033,5/17/2013,18,2,18,k,2.18,2.18.k,DEPI,3
1034,5/17/2013,18,2,18,o,2.18,2.18.o,DEPI,3
1035,5/17/2013,18,1,1,a,1.1,1.1.a,ERCI,1
1036,5/17/2013,18,1,1,b,1.1,1.1.b,ERCI,2
1037,5/17/2013,18,1,1,c,1.1,1.1.c,ERCI,3
1038,5/17/2013,18,1,1,d,1.1,1.1.d,ERCI,4
1039,5/17/2013,18,1,1,e,1.1,1.1.e,ERCI,2
1040,5/17/2013,18,1,1,f,1.1,1.1.f,ERCI,2
1041,5/17/2013,18,1,1,g,1.1,1.1.g,ERCI,3
1042,5/17/2013,18,1,1,h,1.1,1.1.h,ERCI,4
1043,5/17/2013,18,1,1,i,1.1,1.1.i,ERCI,1
1044,5/17/2013,18,1,1,j,1.1,1.1.j,ERCI,2
1045,5/17/2013,18,1,1,k,1.1,1.1.k,ERCI,3
1046,5/17/2013,18,1,1,l,1.1,1.1.l,ERCI,4
1047,5/17/2013,18,1,1,n,1.1,1.1.n,ERCI,3
1048,5/17/2013,18,1,1,o,1.1,1.1.o,ERCI,4
1049,5/17/2013,18,1,1,p,1.1,1.1.p,ERCI,3
1050,5/17/2013,18,1,2,e,1.2,1.2.e,ERCI,1
1051,5/17/2013,18,1,3,a,1.3,1.3.a,ERCI,1
1052,5/17/2013,18,1,3,b,1.3,1.3.b,ERCI,1
1053,5/17/2013,18,1,3,d,1.3,1.3.d,ERCI,1
1054,5/17/2013,18,1,3,g,1.3,1.3.g,ERCI,1
1055,5/17/2013,18,1,3,h,1.3,1.3.h,ERCI,1
1056,5/17/2013,18,1,3,i,1.3,1.3.i,ERCI,1
1057,5/17/2013,18,1,3,p,1.3,1.3.p,ERCI,2
1058,5/17/2013,18,1,4,a,1.4,1.4.a,ERCI,4
1059,5/17/2013,18,1,4,b,1.4,1.4.b,ERCI,3
1060,5/17/2013,18,1,4,c,1.4,1.4.c,ERCI,3
1061,5/17/2013,18,1,4,d,1.4,1.4.d,ERCI,3
1062,5/17/2013,18,1,4,e,1.4,1.4.e,ERCI,3
1063,5/17/2013,18,1,4,f,1.4,1.4.f,ERCI,4
1064,5/17/2013,18,1,4,g,1.4,1.4.g,ERCI,4
1065,5/17/2013,18,1,4,h,1.4,1.4.h,ERCI,2
1066,5/17/2013,18,1,4,i,1.4,1.4.i,ERCI,3
1067,5/17/2013,18,1,4,j,1.4,1.4.j,ERCI,2
1068,5/17/2013,18,1,4,k,1.4,1.4.k,ERCI,3
1069,5/17/2013,18,1,4,l,1.4,1.4.l,ERCI,3
1070,5/17/2013,18,1,4,m,1.4,1.4.m,ERCI,3
1071,5/17/2013,18,1,4,n,1.4,1.4.n,ERCI,3
1072,5/17/2013,18,1,4,o,1.4,1.4.o,ERCI,2
1073,5/17/2013,18,1,4,p,1.4,1.4.p,ERCI,2
1074,5/17/2013,18,1,5,a,1.5,1.5.a,ERCI,1
1075,5/17/2013,18,1,5,e,1.5,1.5.e,ERCI,2
1076,5/17/2013,18,1,6,m,1.6,1.6.m,ERCI,1
1077,5/17/2013,18,1,6,p,1.6,1.6.p,ERCI,1
1078,5/17/2013,18,1,7,a,1.7,1.7.a,ERCI,4
1079,5/17/2013,18,1,7,b,1.7,1.7.b,ERCI,4
1080,5/17/2013,18,1,7,c,1.7,1.7.c,ERCI,4
1081,5/17/2013,18,1,7,d,1.7,1.7.d,ERCI,4
1082,5/17/2013,18,1,7,e,1.7,1.7.e,ERCI,3
1083,5/17/2013,18,1,7,f,1.7,1.7.f,ERCI,3
1084,5/17/2013,18,1,7,g,1.7,1.7.g,ERCI,3
1085,5/17/2013,18,1,7,h,1.7,1.7.h,ERCI,3
1086,5/17/2013,18,1,7,i,1.7,1.7.i,ERCI,3
1087,5/17/2013,18,1,7,j,1.7,1.7.j,ERCI,3
1088,5/17/2013,18,1,7,k,1.7,1.7.k,ERCI,3
1089,5/17/2013,18,1,7,l,1.7,1.7.l,ERCI,3
1090,5/17/2013,18,1,7,m,1.7,1.7.m,ERCI,2
1091,5/17/2013,18,1,7,o,1.7,1.7.o,ERCI,2
1092,5/17/2013,18,1,7,p,1.7,1.7.p,ERCI,3
1093,5/17/2013,18,1,8,e,1.8,1.8.e,ERCI,2
1094,5/17/2013,18,1,8,f,1.8,1.8.f,ERCI,2
1095,5/17/2013,18,1,8,i,1.8,1.8.i,ERCI,3
1096,5/17/2013,18,1,9,m,1.9,1.9.m,ERCI,1
1097,5/17/2013,18,1,10,a,1.1,1.10.a,ERCI,4
1098,5/17/2013,18,1,10,b,1.1,1.10.b,ERCI,3
1099,5/17/2013,18,1,10,c,1.1,1.10.c,ERCI,3
1100,5/17/2013,18,1,10,d,1.1,1.10.d,ERCI,3
1101,5/17/2013,18,1,10,e,1.1,1.10.e,ERCI,3
1102,5/17/2013,18,1,10,f,1.1,1.10.f,ERCI,3
1103,5/17/2013,18,1,10,g,1.1,1.10.g,ERCI,1
1104,5/17/2013,18,1,10,h,1.1,1.10.h,ERCI,3
1105,5/17/2013,18,1,10,i,1.1,1.10.i,ERCI,3
1106,5/17/2013,18,1,10,j,1.1,1.10.j,ERCI,3
1107,5/17/2013,18,1,10,k,1.1,1.10.k,ERCI,2
1108,5/17/2013,18,1,10,m,1.1,1.10.m,ERCI,3
1109,5/17/2013,18,1,10,n,1.1,1.10.n,ERCI,3
1110,5/17/2013,18,1,10,o,1.1,1.10.o,ERCI,3
1111,5/17/2013,18,1,11,a,1.11,1.11.a,ERCI,3
1112,5/17/2013,18,1,12,a,1.12,1.12.a,ERCI,1
1113,5/17/2013,18,1,12,g,1.12,1.12.g,ERCI,1
1114,5/17/2013,18,1,12,h,1.12,1.12.h,ERCI,3
1115,5/17/2013,18,1,12,j,1.12,1.12.j,ERCI,2
1116,5/17/2013,18,1,12,k,1.12,1.12.k,ERCI,3
1117,5/17/2013,18,1,12,l,1.12,1.12.l,ERCI,4
1118,5/17/2013,18,1,12,p,1.12,1.12.p,ERCI,4
1119,5/17/2013,18,1,13,a,1.13,1.13.a,ERCI,3
1120,5/17/2013,18,1,13,b,1.13,1.13.b,ERCI,3
1121,5/17/2013,18,1,13,c,1.13,1.13.c,ERCI,4
1122,5/17/2013,18,1,13,d,1.13,1.13.d,ERCI,4
1123,5/17/2013,18,1,13,e,1.13,1.13.e,ERCI,2
1124,5/17/2013,18,1,13,f,1.13,1.13.f,ERCI,3
1125,5/17/2013,18,1,13,g,1.13,1.13.g,ERCI,3
1126,5/17/2013,18,1,13,h,1.13,1.13.h,ERCI,3
1127,5/17/2013,18,1,13,i,1.13,1.13.i,ERCI,2
1128,5/17/2013,18,1,13,k,1.13,1.13.k,ERCI,2
1129,5/17/2013,18,1,13,l,1.13,1.13.l,ERCI,3
1130,5/17/2013,18,1,13,o,1.13,1.13.o,ERCI,3
1131,5/17/2013,18,1,14,a,1.14,1.14.a,ERCI,1
1132,5/17/2013,18,1,14,d,1.14,1.14.d,ERCI,1
1133,5/17/2013,18,1,14,e,1.14,1.14.e,ERCI,2
1134,5/17/2013,18,1,14,f,1.14,1.14.f,ERCI,3
1135,5/17/2013,18,1,14,g,1.14,1.14.g,ERCI,2
1136,5/17/2013,18,1,14,j,1.14,1.14.j,ERCI,1
1137,5/17/2013,18,1,14,l,1.14,1.14.l,ERCI,3
1138,5/17/2013,18,1,14,m,1.14,1.14.m,ERCI,3
1139,5/17/2013,18,1,14,n,1.14,1.14.n,ERCI,2
1140,5/17/2013,18,1,15,a,1.15,1.15.a,ERCI,3
1141,5/17/2013,18,1,15,b,1.15,1.15.b,ERCI,3
1142,5/17/2013,18,1,15,c,1.15,1.15.c,ERCI,3
1143,5/17/2013,18,1,15,d,1.15,1.15.d,ERCI,3
1144,5/17/2013,18,1,15,e,1.15,1.15.e,ERCI,4
1145,5/17/2013,18,1,15,f,1.15,1.15.f,ERCI,3
1146,5/17/2013,18,1,15,g,1.15,1.15.g,ERCI,4
1147,5/17/2013,18,1,15,h,1.15,1.15.h,ERCI,3
1148,5/17/2013,18,1,15,i,1.15,1.15.i,ERCI,4
1149,5/17/2013,18,1,15,j,1.15,1.15.j,ERCI,4
1150,5/17/2013,18,1,15,k,1.15,1.15.k,ERCI,3
1151,5/17/2013,18,1,15,l,1.15,1.15.l,ERCI,3
1152,5/17/2013,18,1,15,m,1.15,1.15.m,ERCI,4
1153,5/17/2013,18,1,15,n,1.15,1.15.n,ERCI,3
1154,5/17/2013,18,1,15,o,1.15,1.15.o,ERCI,3
1155,5/17/2013,18,1,15,p,1.15,1.15.p,ERCI,3
1156,5/17/2013,18,1,16,a,1.16,1.16.a,ERCI,4
1157,5/17/2013,18,1,16,b,1.16,1.16.b,ERCI,3
1158,5/17/2013,18,1,16,c,1.16,1.16.c,ERCI,2
1159,5/17/2013,18,1,16,d,1.16,1.16.d,ERCI,4
1160,5/17/2013,18,1,16,f,1.16,1.16.f,ERCI,3
1161,5/17/2013,18,1,16,g,1.16,1.16.g,ERCI,4
1162,5/17/2013,18,1,16,h,1.16,1.16.h,ERCI,2
1163,5/17/2013,18,1,16,k,1.16,1.16.k,ERCI,3
1164,5/17/2013,18,1,16,l,1.16,1.16.l,ERCI,1
1165,5/17/2013,18,1,16,p,1.16,1.16.p,ERCI,2
1166,5/17/2013,18,1,17,b,1.17,1.17.b,ERCI,4
1167,5/17/2013,18,1,17,c,1.17,1.17.c,ERCI,3
1168,5/17/2013,18,1,17,d,1.17,1.17.d,ERCI,3
1169,5/17/2013,18,1,17,e,1.17,1.17.e,ERCI,3
1170,5/17/2013,18,1,17,f,1.17,1.17.f,ERCI,3
1171,5/17/2013,18,2,17,i,2.17,2.17.i,ERCI,2
1172,5/17/2013,18,2,17,m,2.17,2.17.m,ERCI,3
1173,5/17/2013,18,1,12,l,1.12,1.12.l,ERUM,2
1174,5/17/2013,18,1,15,a,1.15,1.15.a,ERUM,1
1175,5/17/2013,18,1,9,n,1.9,1.9.n,ERUM,1
1176,5/17/2013,18,1,1,a,1.1,1.1.a,FD,1
1177,5/17/2013,18,1,1,b,1.1,1.1.b,FD,2
1178,5/17/2013,18,1,1,c,1.1,1.1.c,FD,2
1179,5/17/2013,18,1,1,d,1.1,1.1.d,FD,2
1180,5/17/2013,18,1,1,e,1.1,1.1.e,FD,2
1181,5/17/2013,18,1,1,f,1.1,1.1.f,FD,2
1182,5/17/2013,18,1,1,g,1.1,1.1.g,FD,2
1183,5/17/2013,18,1,1,h,1.1,1.1.h,FD,2
1184,5/17/2013,18,1,1,i,1.1,1.1.i,FD,2
1185,5/17/2013,18,1,1,j,1.1,1.1.j,FD,2
1186,5/17/2013,18,1,1,k,1.1,1.1.k,FD,2
1187,5/17/2013,18,1,1,l,1.1,1.1.l,FD,2
1188,5/17/2013,18,1,1,m,1.1,1.1.m,FD,2
1189,5/17/2013,18,1,1,n,1.1,1.1.n,FD,2
1190,5/17/2013,18,1,1,o,1.1,1.1.o,FD,2
1191,5/17/2013,18,1,1,p,1.1,1.1.p,FD,2
1192,5/17/2013,18,1,2,a,1.2,1.2.a,FD,2
1193,5/17/2013,18,1,2,b,1.2,1.2.b,FD,2
1194,5/17/2013,18,1,2,c,1.2,1.2.c,FD,2
1195,5/17/2013,18,1,2,d,1.2,1.2.d,FD,2
1196,5/17/2013,18,1,2,e,1.2,1.2.e,FD,1
1197,5/17/2013,18,1,2,f,1.2,1.2.f,FD,2
1198,5/17/2013,18,1,2,g,1.2,1.2.g,FD,1
1199,5/17/2013,18,1,2,h,1.2,1.2.h,FD,2
1200,5/17/2013,18,1,2,i,1.2,1.2.i,FD,3
1201,5/17/2013,18,1,2,j,1.2,1.2.j,FD,1
1202,5/17/2013,18,1,2,k,1.2,1.2.k,FD,2
1203,5/17/2013,18,1,2,l,1.2,1.2.l,FD,2
1204,5/17/2013,18,1,2,m,1.2,1.2.m,FD,2
1205,5/17/2013,18,1,2,n,1.2,1.2.n,FD,2
1206,5/17/2013,18,1,2,o,1.2,1.2.o,FD,2
1207,5/17/2013,18,1,2,p,1.2,1.2.p,FD,2
1208,5/17/2013,18,1,3,a,1.3,1.3.a,FD,2
1209,5/17/2013,18,1,3,b,1.3,1.3.b,FD,1
1210,5/17/2013,18,1,3,c,1.3,1.3.c,FD,1
1211,5/17/2013,18,1,3,d,1.3,1.3.d,FD,1
1212,5/17/2013,18,1,3,e,1.3,1.3.e,FD,2
1213,5/17/2013,18,1,3,f,1.3,1.3.f,FD,2
1214,5/17/2013,18,1,3,g,1.3,1.3.g,FD,2
1215,5/17/2013,18,1,3,h,1.3,1.3.h,FD,2
1216,5/17/2013,18,1,3,i,1.3,1.3.i,FD,2
1217,5/17/2013,18,1,3,j,1.3,1.3.j,FD,2
1218,5/17/2013,18,1,3,k,1.3,1.3.k,FD,2
1219,5/17/2013,18,1,3,l,1.3,1.3.l,FD,3
1220,5/17/2013,18,1,3,m,1.3,1.3.m,FD,2
1221,5/17/2013,18,1,3,n,1.3,1.3.n,FD,2
1222,5/17/2013,18,1,3,o,1.3,1.3.o,FD,2
1223,5/17/2013,18,1,3,p,1.3,1.3.p,FD,2
1224,5/17/2013,18,1,4,a,1.4,1.4.a,FD,2
1225,5/17/2013,18,1,4,b,1.4,1.4.b,FD,2
1226,5/17/2013,18,1,4,c,1.4,1.4.c,FD,2
1227,5/17/2013,18,1,4,d,1.4,1.4.d,FD,2
1228,5/17/2013,18,1,4,e,1.4,1.4.e,FD,2
1229,5/17/2013,18,1,4,f,1.4,1.4.f,FD,2
1230,5/17/2013,18,1,4,g,1.4,1.4.g,FD,2
1231,5/17/2013,18,1,4,h,1.4,1.4.h,FD,2
1232,5/17/2013,18,1,4,i,1.4,1.4.i,FD,2
1233,5/17/2013,18,1,4,j,1.4,1.4.j,FD,2
1234,5/17/2013,18,1,4,k,1.4,1.4.k,FD,2
1235,5/17/2013,18,1,4,l,1.4,1.4.l,FD,2
1236,5/17/2013,18,1,4,m,1.4,1.4.m,FD,2
1237,5/17/2013,18,1,4,n,1.4,1.4.n,FD,2
1238,5/17/2013,18,1,4,o,1.4,1.4.o,FD,2
1239,5/17/2013,18,1,4,p,1.4,1.4.p,FD,2
1240,5/17/2013,18,1,5,a,1.5,1.5.a,FD,2
1241,5/17/2013,18,1,5,b,1.5,1.5.b,FD,2
1242,5/17/2013,18,1,5,c,1.5,1.5.c,FD,2
1243,5/17/2013,18,1,5,d,1.5,1.5.d,FD,2
1244,5/17/2013,18,1,5,e,1.5,1.5.e,FD,2
1245,5/17/2013,18,1,5,f,1.5,1.5.f,FD,3
1246,5/17/2013,18,1,5,g,1.5,1.5.g,FD,2
1247,5/17/2013,18,1,5,h,1.5,1.5.h,FD,2
1248,5/17/2013,18,1,5,i,1.5,1.5.i,FD,2
1249,5/17/2013,18,1,5,j,1.5,1.5.j,FD,2
1250,5/17/2013,18,1,5,k,1.5,1.5.k,FD,2
1251,5/17/2013,18,1,5,l,1.5,1.5.l,FD,2
1252,5/17/2013,18,1,5,m,1.5,1.5.m,FD,2
1253,5/17/2013,18,1,5,n,1.5,1.5.n,FD,2
1254,5/17/2013,18,1,5,o,1.5,1.5.o,FD,2
1255,5/17/2013,18,1,5,p,1.5,1.5.p,FD,2
1256,5/17/2013,18,1,6,a,1.6,1.6.a,FD,2
1257,5/17/2013,18,1,6,b,1.6,1.6.b,FD,2
1258,5/17/2013,18,1,6,c,1.6,1.6.c,FD,2
1259,5/17/2013,18,1,6,d,1.6,1.6.d,FD,2
1260,5/17/2013,18,1,6,e,1.6,1.6.e,FD,2
1261,5/17/2013,18,1,6,f,1.6,1.6.f,FD,2
1262,5/17/2013,18,1,6,g,1.6,1.6.g,FD,2
1263,5/17/2013,18,1,6,h,1.6,1.6.h,FD,2
1264,5/17/2013,18,1,6,i,1.6,1.6.i,FD,2
1265,5/17/2013,18,1,6,j,1.6,1.6.j,FD,2
1266,5/17/2013,18,1,6,k,1.6,1.6.k,FD,2
1267,5/17/2013,18,1,6,l,1.6,1.6.l,FD,2
1268,5/17/2013,18,1,6,m,1.6,1.6.m,FD,2
1269,5/17/2013,18,1,6,n,1.6,1.6.n,FD,2
1270,5/17/2013,18,1,6,o,1.6,1.6.o,FD,2
1271,5/17/2013,18,1,6,p,1.6,1.6.p,FD,2
1272,5/17/2013,18,1,7,a,1.7,1.7.a,FD,2
1273,5/17/2013,18,1,7,b,1.7,1.7.b,FD,2
1274,5/17/2013,18,1,7,c,1.7,1.7.c,FD,2
1275,5/17/2013,18,1,7,d,1.7,1.7.d,FD,2
1276,5/17/2013,18,1,7,e,1.7,1.7.e,FD,2
1277,5/17/2013,18,1,7,f,1.7,1.7.f,FD,2
1278,5/17/2013,18,1,7,g,1.7,1.7.g,FD,2
1279,5/17/2013,18,1,7,h,1.7,1.7.h,FD,2
1280,5/17/2013,18,1,7,i,1.7,1.7.i,FD,2
1281,5/17/2013,18,1,7,j,1.7,1.7.j,FD,2
1282,5/17/2013,18,1,7,k,1.7,1.7.k,FD,2
1283,5/17/2013,18,1,7,l,1.7,1.7.l,FD,2
1284,5/17/2013,18,1,7,m,1.7,1.7.m,FD,2
1285,5/17/2013,18,1,7,n,1.7,1.7.n,FD,2
1286,5/17/2013,18,1,7,o,1.7,1.7.o,FD,2
1287,5/17/2013,18,1,7,p,1.7,1.7.p,FD,2
1288,5/17/2013,18,1,8,a,1.8,1.8.a,FD,2
1289,5/17/2013,18,1,8,b,1.8,1.8.b,FD,2
1290,5/17/2013,18,1,8,c,1.8,1.8.c,FD,2
1291,5/17/2013,18,1,8,d,1.8,1.8.d,FD,2
1292,5/17/2013,18,1,8,e,1.8,1.8.e,FD,2
1293,5/17/2013,18,1,8,f,1.8,1.8.f,FD,2
1294,5/17/2013,18,1,8,g,1.8,1.8.g,FD,2
1295,5/17/2013,18,1,8,h,1.8,1.8.h,FD,2
1296,5/17/2013,18,1,8,i,1.8,1.8.i,FD,2
1297,5/17/2013,18,1,8,j,1.8,1.8.j,FD,3
1298,5/17/2013,18,1,8,k,1.8,1.8.k,FD,2
1299,5/17/2013,18,1,8,l,1.8,1.8.l,FD,2
1300,5/17/2013,18,1,8,m,1.8,1.8.m,FD,2
1301,5/17/2013,18,1,8,n,1.8,1.8.n,FD,2
1302,5/17/2013,18,1,8,p,1.8,1.8.p,FD,2
1303,5/17/2013,18,1,9,a,1.9,1.9.a,FD,3
1304,5/17/2013,18,1,9,b,1.9,1.9.b,FD,2
1305,5/17/2013,18,1,9,c,1.9,1.9.c,FD,2
1306,5/17/2013,18,1,9,d,1.9,1.9.d,FD,2
1307,5/17/2013,18,1,9,e,1.9,1.9.e,FD,2
1308,5/17/2013,18,1,9,f,1.9,1.9.f,FD,2
1309,5/17/2013,18,1,9,g,1.9,1.9.g,FD,2
1310,5/17/2013,18,1,9,h,1.9,1.9.h,FD,2
1311,5/17/2013,18,1,9,i,1.9,1.9.i,FD,2
1312,5/17/2013,18,1,9,j,1.9,1.9.j,FD,2
1313,5/17/2013,18,1,9,k,1.9,1.9.k,FD,2
1314,5/17/2013,18,1,9,l,1.9,1.9.l,FD,2
1315,5/17/2013,18,1,9,m,1.9,1.9.m,FD,2
1316,5/17/2013,18,1,9,n,1.9,1.9.n,FD,2
1317,5/17/2013,18,1,9,o,1.9,1.9.o,FD,2
1318,5/17/2013,18,1,9,p,1.9,1.9.p,FD,2
1319,5/17/2013,18,1,10,a,1.1,1.10.a,FD,1
1320,5/17/2013,18,1,10,b,1.1,1.10.b,FD,2
1321,5/17/2013,18,1,10,c,1.1,1.10.c,FD,2
1322,5/17/2013,18,1,10,d,1.1,1.10.d,FD,2
1323,5/17/2013,18,1,10,e,1.1,1.10.e,FD,2
1324,5/17/2013,18,1,10,f,1.1,1.10.f,FD,2
1325,5/17/2013,18,1,10,g,1.1,1.10.g,FD,2
1326,5/17/2013,18,1,10,h,1.1,1.10.h,FD,2
1327,5/17/2013,18,1,10,i,1.1,1.10.i,FD,2
1328,5/17/2013,18,1,10,j,1.1,1.10.j,FD,2
1329,5/17/2013,18,1,10,k,1.1,1.10.k,FD,2
1330,5/17/2013,18,1,10,l,1.1,1.10.l,FD,2
1331,5/17/2013,18,1,10,m,1.1,1.10.m,FD,2
1332,5/17/2013,18,1,10,n,1.1,1.10.n,FD,1
1333,5/17/2013,18,1,10,o,1.1,1.10.o,FD,2
1334,5/17/2013,18,1,10,p,1.1,1.10.p,FD,2
1335,5/17/2013,18,1,11,a,1.11,1.11.a,FD,2
1336,5/17/2013,18,1,11,b,1.11,1.11.b,FD,2
1337,5/17/2013,18,1,11,c,1.11,1.11.c,FD,2
1338,5/17/2013,18,1,11,d,1.11,1.11.d,FD,2
1339,5/17/2013,18,1,11,e,1.11,1.11.e,FD,2
1340,5/17/2013,18,1,11,f,1.11,1.11.f,FD,2
1341,5/17/2013,18,1,11,g,1.11,1.11.g,FD,2
1342,5/17/2013,18,1,11,h,1.11,1.11.h,FD,2
1343,5/17/2013,18,1,11,i,1.11,1.11.i,FD,2
1344,5/17/2013,18,1,11,j,1.11,1.11.j,FD,2
1345,5/17/2013,18,1,11,k,1.11,1.11.k,FD,3
1346,5/17/2013,18,1,11,l,1.11,1.11.l,FD,3
1347,5/17/2013,18,1,11,m,1.11,1.11.m,FD,2
1348,5/17/2013,18,1,11,n,1.11,1.11.n,FD,2
1349,5/17/2013,18,1,11,o,1.11,1.11.o,FD,2
1350,5/17/2013,18,1,11,p,1.11,1.11.p,FD,3
1351,5/17/2013,18,1,12,a,1.12,1.12.a,FD,2
1352,5/17/2013,18,1,12,b,1.12,1.12.b,FD,2
1353,5/17/2013,18,1,12,c,1.12,1.12.c,FD,2
1354,5/17/2013,18,1,12,d,1.12,1.12.d,FD,2
1355,5/17/2013,18,1,12,e,1.12,1.12.e,FD,2
1356,5/17/2013,18,1,12,f,1.12,1.12.f,FD,3
1357,5/17/2013,18,1,12,g,1.12,1.12.g,FD,2
1358,5/17/2013,18,1,12,h,1.12,1.12.h,FD,2
1359,5/17/2013,18,1,12,i,1.12,1.12.i,FD,2
1360,5/17/2013,18,1,12,j,1.12,1.12.j,FD,3
1361,5/17/2013,18,1,12,k,1.12,1.12.k,FD,2
1362,5/17/2013,18,1,12,l,1.12,1.12.l,FD,2
1363,5/17/2013,18,1,12,m,1.12,1.12.m,FD,2
1364,5/17/2013,18,1,12,n,1.12,1.12.n,FD,3
1365,5/17/2013,18,1,12,o,1.12,1.12.o,FD,2
1366,5/17/2013,18,1,12,p,1.12,1.12.p,FD,2
1367,5/17/2013,18,1,13,a,1.13,1.13.a,FD,2
1368,5/17/2013,18,1,13,b,1.13,1.13.b,FD,2
1369,5/17/2013,18,1,13,c,1.13,1.13.c,FD,2
1370,5/17/2013,18,1,13,d,1.13,1.13.d,FD,2
1371,5/17/2013,18,1,13,e,1.13,1.13.e,FD,2
1372,5/17/2013,18,1,13,f,1.13,1.13.f,FD,2
1373,5/17/2013,18,1,13,g,1.13,1.13.g,FD,2
1374,5/17/2013,18,1,13,h,1.13,1.13.h,FD,2
1375,5/17/2013,18,1,13,i,1.13,1.13.i,FD,2
1376,5/17/2013,18,1,13,j,1.13,1.13.j,FD,2
1377,5/17/2013,18,1,13,k,1.13,1.13.k,FD,2
1378,5/17/2013,18,1,13,l,1.13,1.13.l,FD,2
1379,5/17/2013,18,1,13,m,1.13,1.13.m,FD,2
1380,5/17/2013,18,1,13,n,1.13,1.13.n,FD,2
1381,5/17/2013,18,1,13,o,1.13,1.13.o,FD,2
1382,5/17/2013,18,1,13,p,1.13,1.13.p,FD,2
1383,5/17/2013,18,1,14,a,1.14,1.14.a,FD,2
1384,5/17/2013,18,1,14,b,1.14,1.14.b,FD,2
1385,5/17/2013,18,1,14,c,1.14,1.14.c,FD,2
1386,5/17/2013,18,1,14,d,1.14,1.14.d,FD,2
1387,5/17/2013,18,1,14,e,1.14,1.14.e,FD,3
1388,5/17/2013,18,1,14,f,1.14,1.14.f,FD,2
1389,5/17/2013,18,1,14,g,1.14,1.14.g,FD,2
1390,5/17/2013,18,1,14,h,1.14,1.14.h,FD,2
1391,5/17/2013,18,1,14,i,1.14,1.14.i,FD,3
1392,5/17/2013,18,1,14,j,1.14,1.14.j,FD,2
1393,5/17/2013,18,1,14,k,1.14,1.14.k,FD,2
1394,5/17/2013,18,1,14,l,1.14,1.14.l,FD,2
1395,5/17/2013,18,1,14,m,1.14,1.14.m,FD,2
1396,5/17/2013,18,1,14,n,1.14,1.14.n,FD,2
1397,5/17/2013,18,1,14,o,1.14,1.14.o,FD,2
1398,5/17/2013,18,1,14,p,1.14,1.14.p,FD,3
1399,5/17/2013,18,1,15,a,1.15,1.15.a,FD,2
1400,5/17/2013,18,1,15,b,1.15,1.15.b,FD,2
1401,5/17/2013,18,1,15,c,1.15,1.15.c,FD,2
1402,5/17/2013,18,1,15,d,1.15,1.15.d,FD,2
1403,5/17/2013,18,1,15,e,1.15,1.15.e,FD,2
1404,5/17/2013,18,1,15,f,1.15,1.15.f,FD,2
1405,5/17/2013,18,1,15,g,1.15,1.15.g,FD,2
1406,5/17/2013,18,1,15,h,1.15,1.15.h,FD,2
1407,5/17/2013,18,1,15,i,1.15,1.15.i,FD,2
1408,5/17/2013,18,1,15,j,1.15,1.15.j,FD,2
1409,5/17/2013,18,1,15,k,1.15,1.15.k,FD,1
1410,5/17/2013,18,1,15,l,1.15,1.15.l,FD,2
1411,5/17/2013,18,1,15,m,1.15,1.15.m,FD,2
1412,5/17/2013,18,1,15,n,1.15,1.15.n,FD,2
1413,5/17/2013,18,1,15,o,1.15,1.15.o,FD,2
1414,5/17/2013,18,1,15,p,1.15,1.15.p,FD,2
1415,5/17/2013,18,1,16,a,1.16,1.16.a,FD,3
1416,5/17/2013,18,1,16,b,1.16,1.16.b,FD,1
1417,5/17/2013,18,1,16,c,1.16,1.16.c,FD,2
1418,5/17/2013,18,1,16,d,1.16,1.16.d,FD,2
1419,5/17/2013,18,1,16,e,1.16,1.16.e,FD,1
1420,5/17/2013,18,1,16,f,1.16,1.16.f,FD,2
1421,5/17/2013,18,1,16,g,1.16,1.16.g,FD,2
1422,5/17/2013,18,1,16,h,1.16,1.16.h,FD,2
1423,5/17/2013,18,1,16,i,1.16,1.16.i,FD,1
1424,5/17/2013,18,1,16,j,1.16,1.16.j,FD,3
1425,5/17/2013,18,1,16,k,1.16,1.16.k,FD,2
1426,5/17/2013,18,1,16,l,1.16,1.16.l,FD,3
1427,5/17/2013,18,1,16,m,1.16,1.16.m,FD,2
1428,5/17/2013,18,1,16,n,1.16,1.16.n,FD,3
1429,5/17/2013,18,1,16,o,1.16,1.16.o,FD,3
1430,5/17/2013,18,1,16,p,1.16,1.16.p,FD,3
1431,5/17/2013,18,1,17,a,1.17,1.17.a,FD,2
1432,5/17/2013,18,1,17,b,1.17,1.17.b,FD,3
1433,5/17/2013,18,1,17,c,1.17,1.17.c,FD,3
1434,5/17/2013,18,1,17,d,1.17,1.17.d,FD,3
1435,5/17/2013,18,1,17,e,1.17,1.17.e,FD,2
1436,5/17/2013,18,1,17,f,1.17,1.17.f,FD,3
1437,5/17/2013,18,1,17,g,1.17,1.17.g,FD,1
1438,5/17/2013,18,1,17,h,1.17,1.17.h,FD,2
1439,5/17/2013,18,1,17,i,1.17,1.17.i,FD,3
1440,5/17/2013,18,2,17,j,2.17,2.17.j,FD,2
1441,5/17/2013,18,2,17,k,2.17,2.17.k,FD,3
1442,5/17/2013,18,2,17,l,2.17,2.17.l,FD,2
1443,5/17/2013,18,2,17,m,2.17,2.17.m,FD,3
1444,5/17/2013,18,2,17,n,2.17,2.17.n,FD,2
1445,5/17/2013,18,2,17,o,2.17,2.17.o,FD,3
1446,5/17/2013,18,2,17,p,2.17,2.17.p,FD,3
1447,5/17/2013,18,2,18,a,2.18,2.18.a,FD,1
1448,5/17/2013,18,2,18,b,2.18,2.18.b,FD,1
1449,5/17/2013,18,2,18,c,2.18,2.18.c,FD,1
1450,5/17/2013,18,2,18,d,2.18,2.18.d,FD,1
1451,5/17/2013,18,2,18,e,2.18,2.18.e,FD,1
1452,5/17/2013,18,2,18,f,2.18,2.18.f,FD,1
1453,5/17/2013,18,2,18,g,2.18,2.18.g,FD,1
1454,5/17/2013,18,2,18,h,2.18,2.18.h,FD,1
1455,5/17/2013,18,2,18,i,2.18,2.18.i,FD,1
1456,5/17/2013,18,2,18,j,2.18,2.18.j,FD,1
1457,5/17/2013,18,2,18,k,2.18,2.18.k,FD,1
1458,5/17/2013,18,2,18,l,2.18,2.18.l,FD,1
1459,5/17/2013,18,2,18,m,2.18,2.18.m,FD,1
1460,5/17/2013,18,2,18,n,2.18,2.18.n,FD,1
1461,5/17/2013,18,2,18,o,2.18,2.18.o,FD,1
1462,5/17/2013,18,2,18,p,2.18,2.18.p,FD,1
1463,5/17/2013,18,3,1,a,3.1,3.1.a,FD,1
1464,5/17/2013,18,3,1,b,3.1,3.1.b,FD,1
1465,5/17/2013,18,3,1,c,3.1,3.1.c,FD,1
1466,5/17/2013,18,3,1,d,3.1,3.1.d,FD,1
1467,5/17/2013,18,3,1,e,3.1,3.1.e,FD,1
1468,5/17/2013,18,3,1,f,3.1,3.1.f,FD,1
1469,5/17/2013,18,3,1,g,3.1,3.1.g,FD,1
1470,5/17/2013,18,3,1,h,3.1,3.1.h,FD,1
1471,5/17/2013,18,3,1,i,3.1,3.1.i,FD,1
1472,5/17/2013,18,3,1,j,3.1,3.1.j,FD,1
1473,5/17/2013,18,3,1,k,3.1,3.1.k,FD,1
1474,5/17/2013,18,3,1,l,3.1,3.1.l,FD,1
1475,5/17/2013,18,3,1,m,3.1,3.1.m,FD,1
1476,5/17/2013,18,3,1,n,3.1,3.1.n,FD,1
1477,5/17/2013,18,3,1,o,3.1,3.1.o,FD,1
1478,5/17/2013,18,3,1,p,3.1,3.1.p,FD,1
1479,5/17/2013,18,3,2,a,3.2,3.2.a,FD,1
1480,5/17/2013,18,3,2,b,3.2,3.2.b,FD,1
1481,5/17/2013,18,3,2,c,3.2,3.2.c,FD,1
1482,5/17/2013,18,3,2,d,3.2,3.2.d,FD,1
1483,5/17/2013,18,3,2,e,3.2,3.2.e,FD,1
1484,5/17/2013,18,3,2,f,3.2,3.2.f,FD,1
1485,5/17/2013,18,3,2,g,3.2,3.2.g,FD,1
1486,5/17/2013,18,3,2,h,3.2,3.2.h,FD,1
1487,5/17/2013,18,3,2,i,3.2,3.2.i,FD,1
1488,5/17/2013,18,3,2,j,3.2,3.2.j,FD,1
1489,5/17/2013,18,3,2,k,3.2,3.2.k,FD,1
1490,5/17/2013,18,3,2,l,3.2,3.2.l,FD,1
1491,5/17/2013,18,3,2,m,3.2,3.2.m,FD,1
1492,5/17/2013,18,3,2,n,3.2,3.2.n,FD,1
1493,5/17/2013,18,3,2,o,3.2,3.2.o,FD,1
1494,5/17/2013,18,3,2,p,3.2,3.2.p,FD,1
1495,5/17/2013,18,3,3,a,3.3,3.3.a,FD,1
1496,5/17/2013,18,3,3,b,3.3,3.3.b,FD,1
1497,5/17/2013,18,3,3,c,3.3,3.3.c,FD,1
1498,5/17/2013,18,3,3,d,3.3,3.3.d,FD,1
1499,5/17/2013,18,3,3,e,3.3,3.3.e,FD,1
1500,5/17/2013,18,3,3,f,3.3,3.3.f,FD,1
1501,5/17/2013,18,3,3,g,3.3,3.3.g,FD,1
1502,5/17/2013,18,3,3,h,3.3,3.3.h,FD,1
1503,5/17/2013,18,3,3,i,3.3,3.3.i,FD,1
1504,5/17/2013,18,3,3,j,3.3,3.3.j,FD,1
1505,5/17/2013,18,3,3,k,3.3,3.3.k,FD,1
1506,5/17/2013,18,3,3,l,3.3,3.3.l,FD,1
1507,5/17/2013,18,3,3,m,3.3,3.3.m,FD,1
1508,5/17/2013,18,3,3,n,3.3,3.3.n,FD,1
1509,5/17/2013,18,3,3,o,3.3,3.3.o,FD,1
1510,5/17/2013,18,3,3,p,3.3,3.3.p,FD,1
1511,5/17/2013,18,3,4,a,3.4,3.4.a,FD,1
1512,5/17/2013,18,3,4,b,3.4,3.4.b,FD,1
1513,5/17/2013,18,3,4,c,3.4,3.4.c,FD,1
1514,5/17/2013,18,3,4,d,3.4,3.4.d,FD,1
1515,5/17/2013,18,3,4,e,3.4,3.4.e,FD,1
1516,5/17/2013,18,3,4,f,3.4,3.4.f,FD,1
1517,5/17/2013,18,3,4,g,3.4,3.4.g,FD,1
1518,5/17/2013,18,3,4,h,3.4,3.4.h,FD,1
1519,5/17/2013,18,3,4,i,3.4,3.4.i,FD,1
1520,5/17/2013,18,3,4,j,3.4,3.4.j,FD,1
1521,5/17/2013,18,3,4,k,3.4,3.4.k,FD,1
1522,5/17/2013,18,3,4,l,3.4,3.4.l,FD,1
1523,5/17/2013,18,3,4,m,3.4,3.4.m,FD,1
1524,5/17/2013,18,3,4,n,3.4,3.4.n,FD,1
1525,5/17/2013,18,3,4,o,3.4,3.4.o,FD,1
1526,5/17/2013,18,3,4,p,3.4,3.4.p,FD,1
1527,5/17/2013,18,3,5,a,3.5,3.5.a,FD,1
1528,5/17/2013,18,3,5,b,3.5,3.5.b,FD,1
1529,5/17/2013,18,3,5,c,3.5,3.5.c,FD,1
1530,5/17/2013,18,3,5,d,3.5,3.5.d,FD,1
1531,5/17/2013,18,3,5,e,3.5,3.5.e,FD,1
1532,5/17/2013,18,3,5,f,3.5,3.5.f,FD,1
1533,5/17/2013,18,3,5,g,3.5,3.5.g,FD,1
1534,5/17/2013,18,3,5,h,3.5,3.5.h,FD,1
1535,5/17/2013,18,3,5,i,3.5,3.5.i,FD,1
1536,5/17/2013,18,3,5,j,3.5,3.5.j,FD,1
1537,5/17/2013,18,3,5,k,3.5,3.5.k,FD,1
1538,5/17/2013,18,3,5,l,3.5,3.5.l,FD,1
1539,5/17/2013,18,3,5,m,3.5,3.5.m,FD,1
1540,5/17/2013,18,3,5,n,3.5,3.5.n,FD,1
1541,5/17/2013,18,3,5,o,3.5,3.5.o,FD,1
1542,5/17/2013,18,3,5,p,3.5,3.5.p,FD,1
1543,5/17/2013,18,3,6,a,3.6,3.6.a,FD,1
1544,5/17/2013,18,3,6,b,3.6,3.6.b,FD,1
1545,5/17/2013,18,3,6,c,3.6,3.6.c,FD,1
1546,5/17/2013,18,3,6,d,3.6,3.6.d,FD,1
1547,5/17/2013,18,3,6,e,3.6,3.6.e,FD,1
1548,5/17/2013,18,3,6,f,3.6,3.6.f,FD,1
1549,5/17/2013,18,3,6,g,3.6,3.6.g,FD,1
1550,5/17/2013,18,3,6,h,3.6,3.6.h,FD,1
1551,5/17/2013,18,3,6,i,3.6,3.6.i,FD,1
1552,5/17/2013,18,3,6,j,3.6,3.6.j,FD,1
1553,5/17/2013,18,3,6,k,3.6,3.6.k,FD,1
1554,5/17/2013,18,3,6,l,3.6,3.6.l,FD,1
1555,5/17/2013,18,3,6,m,3.6,3.6.m,FD,1
1556,5/17/2013,18,3,6,n,3.6,3.6.n,FD,1
1557,5/17/2013,18,3,6,o,3.6,3.6.o,FD,1
1558,5/17/2013,18,3,6,p,3.6,3.6.p,FD,1
1559,5/17/2013,18,3,7,a,3.7,3.7.a,FD,1
1560,5/17/2013,18,3,7,b,3.7,3.7.b,FD,1
1561,5/17/2013,18,3,7,c,3.7,3.7.c,FD,1
1562,5/17/2013,18,3,7,d,3.7,3.7.d,FD,1
1563,5/17/2013,18,3,7,e,3.7,3.7.e,FD,1
1564,5/17/2013,18,3,7,f,3.7,3.7.f,FD,1
1565,5/17/2013,18,3,7,g,3.7,3.7.g,FD,1
1566,5/17/2013,18,3,7,h,3.7,3.7.h,FD,1
1567,5/17/2013,18,3,7,i,3.7,3.7.i,FD,1
1568,5/17/2013,18,3,7,j,3.7,3.7.j,FD,1
1569,5/17/2013,18,3,7,k,3.7,3.7.k,FD,1
1570,5/17/2013,18,3,7,l,3.7,3.7.l,FD,1
1571,5/17/2013,18,3,7,m,3.7,3.7.m,FD,1
1572,5/17/2013,18,3,7,n,3.7,3.7.n,FD,1
1573,5/17/2013,18,3,7,o,3.7,3.7.o,FD,1
1574,5/17/2013,18,3,7,p,3.7,3.7.p,FD,1
1575,5/17/2013,18,3,8,a,3.8,3.8.a,FD,1
1576,5/17/2013,18,3,8,b,3.8,3.8.b,FD,1
1577,5/17/2013,18,3,8,c,3.8,3.8.c,FD,1
1578,5/17/2013,18,3,8,d,3.8,3.8.d,FD,1
1579,5/17/2013,18,3,8,e,3.8,3.8.e,FD,1
1580,5/17/2013,18,3,8,f,3.8,3.8.f,FD,1
1581,5/17/2013,18,3,8,g,3.8,3.8.g,FD,1
1582,5/17/2013,18,3,8,h,3.8,3.8.h,FD,1
1583,5/17/2013,18,3,8,i,3.8,3.8.i,FD,1
1584,5/17/2013,18,3,8,j,3.8,3.8.j,FD,1
1585,5/17/2013,18,3,8,k,3.8,3.8.k,FD,1
1586,5/17/2013,18,3,8,l,3.8,3.8.l,FD,1
1587,5/17/2013,18,3,8,m,3.8,3.8.m,FD,1
1588,5/17/2013,18,3,8,n,3.8,3.8.n,FD,1
1589,5/17/2013,18,3,8,o,3.8,3.8.o,FD,1
1590,5/17/2013,18,3,8,p,3.8,3.8.p,FD,1
1591,5/17/2013,18,3,9,a,3.9,3.9.a,FD,1
1592,5/17/2013,18,3,9,b,3.9,3.9.b,FD,1
1593,5/17/2013,18,3,9,c,3.9,3.9.c,FD,1
1594,5/17/2013,18,3,9,d,3.9,3.9.d,FD,1
1595,5/17/2013,18,3,9,e,3.9,3.9.e,FD,1
1596,5/17/2013,18,3,9,f,3.9,3.9.f,FD,1
1597,5/17/2013,18,3,9,g,3.9,3.9.g,FD,1
1598,5/17/2013,18,3,9,h,3.9,3.9.h,FD,1
1599,5/17/2013,18,3,9,i,3.9,3.9.i,FD,1
1600,5/17/2013,18,3,9,j,3.9,3.9.j,FD,1
1601,5/17/2013,18,3,9,k,3.9,3.9.k,FD,1
1602,5/17/2013,18,3,9,l,3.9,3.9.l,FD,1
1603,5/17/2013,18,3,9,m,3.9,3.9.m,FD,1
1604,5/17/2013,18,3,9,n,3.9,3.9.n,FD,1
1605,5/17/2013,18,3,9,o,3.9,3.9.o,FD,1
1606,5/17/2013,18,3,9,p,3.9,3.9.p,FD,1
1607,5/17/2013,18,3,10,a,3.1,3.10.a,FD,1
1608,5/17/2013,18,3,10,b,3.1,3.10.b,FD,1
1609,5/17/2013,18,3,10,c,3.1,3.10.c,FD,1
1610,5/17/2013,18,3,10,d,3.1,3.10.d,FD,1
1611,5/17/2013,18,3,10,e,3.1,3.10.e,FD,1
1612,5/17/2013,18,3,10,f,3.1,3.10.f,FD,1
1613,5/17/2013,18,3,10,g,3.1,3.10.g,FD,1
1614,5/17/2013,18,3,10,h,3.1,3.10.h,FD,1
1615,5/17/2013,18,3,10,i,3.1,3.10.i,FD,1
1616,5/17/2013,18,3,10,j,3.1,3.10.j,FD,1
1617,5/17/2013,18,3,10,k,3.1,3.10.k,FD,1
1618,5/17/2013,18,3,10,l,3.1,3.10.l,FD,1
1619,5/17/2013,18,3,10,m,3.1,3.10.m,FD,1
1620,5/17/2013,18,3,10,n,3.1,3.10.n,FD,1
1621,5/17/2013,18,3,10,o,3.1,3.10.o,FD,1
1622,5/17/2013,18,3,10,p,3.1,3.10.p,FD,1
1623,5/17/2013,18,3,11,a,3.11,3.11.a,FD,1
1624,5/17/2013,18,3,11,b,3.11,3.11.b,FD,1
1625,5/17/2013,18,3,11,c,3.11,3.11.c,FD,1
1626,5/17/2013,18,3,11,d,3.11,3.11.d,FD,1
1627,5/17/2013,18,3,11,e,3.11,3.11.e,FD,1
1628,5/17/2013,18,3,11,f,3.11,3.11.f,FD,1
1629,5/17/2013,18,3,11,g,3.11,3.11.g,FD,1
1630,5/17/2013,18,3,11,h,3.11,3.11.h,FD,1
1631,5/17/2013,18,3,11,i,3.11,3.11.i,FD,1
1632,5/17/2013,18,3,11,j,3.11,3.11.j,FD,1
1633,5/17/2013,18,3,11,k,3.11,3.11.k,FD,1
1634,5/17/2013,18,3,11,l,3.11,3.11.l,FD,1
1635,5/17/2013,18,3,11,m,3.11,3.11.m,FD,1
1636,5/17/2013,18,3,11,n,3.11,3.11.n,FD,1
1637,5/17/2013,18,3,11,o,3.11,3.11.o,FD,1
1638,5/17/2013,18,3,11,p,3.11,3.11.p,FD,1
1639,5/17/2013,18,3,12,a,3.12,3.12.a,FD,1
1640,5/17/2013,18,3,12,b,3.12,3.12.b,FD,1
1641,5/17/2013,18,3,12,c,3.12,3.12.c,FD,1
1642,5/17/2013,18,3,12,d,3.12,3.12.d,FD,1
1643,5/17/2013,18,3,12,e,3.12,3.12.e,FD,1
1644,5/17/2013,18,3,12,f,3.12,3.12.f,FD,1
1645,5/17/2013,18,3,12,g,3.12,3.12.g,FD,1
1646,5/17/2013,18,3,12,h,3.12,3.12.h,FD,1
1647,5/17/2013,18,3,12,i,3.12,3.12.i,FD,1
1648,5/17/2013,18,3,12,j,3.12,3.12.j,FD,1
1649,5/17/2013,18,3,12,k,3.12,3.12.k,FD,1
1650,5/17/2013,18,3,12,l,3.12,3.12.l,FD,1
1651,5/17/2013,18,3,12,m,3.12,3.12.m,FD,1
1652,5/17/2013,18,3,12,n,3.12,3.12.n,FD,1
1653,5/17/2013,18,3,12,o,3.12,3.12.o,FD,1
1654,5/17/2013,18,3,12,p,3.12,3.12.p,FD,1
1655,5/17/2013,18,3,13,a,3.13,3.13.a,FD,1
1656,5/17/2013,18,3,13,b,3.13,3.13.b,FD,1
1657,5/17/2013,18,3,13,c,3.13,3.13.c,FD,1
1658,5/17/2013,18,3,13,d,3.13,3.13.d,FD,1
1659,5/17/2013,18,3,13,e,3.13,3.13.e,FD,1
1660,5/17/2013,18,3,13,f,3.13,3.13.f,FD,1
1661,5/17/2013,18,3,13,g,3.13,3.13.g,FD,1
1662,5/17/2013,18,3,13,h,3.13,3.13.h,FD,1
1663,5/17/2013,18,3,13,i,3.13,3.13.i,FD,1
1664,5/17/2013,18,3,13,j,3.13,3.13.j,FD,1
1665,5/17/2013,18,3,13,k,3.13,3.13.k,FD,1
1666,5/17/2013,18,3,13,l,3.13,3.13.l,FD,1
1667,5/17/2013,18,3,13,m,3.13,3.13.m,FD,1
1668,5/17/2013,18,3,13,n,3.13,3.13.n,FD,1
1669,5/17/2013,18,3,13,o,3.13,3.13.o,FD,1
1670,5/17/2013,18,3,13,p,3.13,3.13.p,FD,1
1671,5/17/2013,18,3,14,a,3.14,3.14.a,FD,1
1672,5/17/2013,18,3,14,b,3.14,3.14.b,FD,1
1673,5/17/2013,18,3,14,c,3.14,3.14.c,FD,1
1674,5/17/2013,18,3,14,d,3.14,3.14.d,FD,1
1675,5/17/2013,18,3,14,e,3.14,3.14.e,FD,1
1676,5/17/2013,18,3,14,f,3.14,3.14.f,FD,1
1677,5/17/2013,18,3,14,g,3.14,3.14.g,FD,1
1678,5/17/2013,18,3,14,h,3.14,3.14.h,FD,1
1679,5/17/2013,18,3,14,i,3.14,3.14.i,FD,1
1680,5/17/2013,18,3,14,j,3.14,3.14.j,FD,1
1681,5/17/2013,18,3,14,k,3.14,3.14.k,FD,1
1682,5/17/2013,18,3,14,l,3.14,3.14.l,FD,1
1683,5/17/2013,18,3,14,m,3.14,3.14.m,FD,1
1684,5/17/2013,18,3,14,n,3.14,3.14.n,FD,1
1685,5/17/2013,18,3,14,o,3.14,3.14.o,FD,1
1686,5/17/2013,18,3,14,p,3.14,3.14.p,FD,1
1687,5/17/2013,18,3,15,a,3.15,3.15.a,FD,1
1688,5/17/2013,18,3,15,b,3.15,3.15.b,FD,1
1689,5/17/2013,18,3,15,c,3.15,3.15.c,FD,1
1690,5/17/2013,18,3,15,d,3.15,3.15.d,FD,1
1691,5/17/2013,18,3,15,e,3.15,3.15.e,FD,1
1692,5/17/2013,18,3,15,f,3.15,3.15.f,FD,2
1693,5/17/2013,18,3,15,g,3.15,3.15.g,FD,1
1694,5/17/2013,18,3,15,h,3.15,3.15.h,FD,1
1695,5/17/2013,18,3,15,i,3.15,3.15.i,FD,1
1696,5/17/2013,18,3,15,j,3.15,3.15.j,FD,1
1697,5/17/2013,18,3,15,k,3.15,3.15.k,FD,1
1698,5/17/2013,18,3,15,l,3.15,3.15.l,FD,1
1699,5/17/2013,18,3,15,m,3.15,3.15.m,FD,1
1700,5/17/2013,18,3,15,n,3.15,3.15.n,FD,1
1701,5/17/2013,18,3,15,o,3.15,3.15.o,FD,1
1702,5/17/2013,18,3,15,p,3.15,3.15.p,FD,1
1703,5/17/2013,18,3,16,a,3.16,3.16.a,FD,1
1704,5/17/2013,18,3,16,b,3.16,3.16.b,FD,1
1705,5/17/2013,18,3,16,c,3.16,3.16.c,FD,1
1706,5/17/2013,18,3,16,d,3.16,3.16.d,FD,1
1707,5/17/2013,18,3,16,e,3.16,3.16.e,FD,1
1708,5/17/2013,18,3,16,f,3.16,3.16.f,FD,1
1709,5/17/2013,18,3,16,g,3.16,3.16.g,FD,1
1710,5/17/2013,18,3,16,h,3.16,3.16.h,FD,1
1711,5/17/2013,18,3,16,i,3.16,3.16.i,FD,1
1712,5/17/2013,18,3,16,j,3.16,3.16.j,FD,1
1713,5/17/2013,18,3,16,k,3.16,3.16.k,FD,1
1714,5/17/2013,18,3,16,l,3.16,3.16.l,FD,1
1715,5/17/2013,18,3,16,m,3.16,3.16.m,FD,1
1716,5/17/2013,18,3,16,n,3.16,3.16.n,FD,1
1717,5/17/2013,18,3,16,o,3.16,3.16.o,FD,1
1718,5/17/2013,18,3,16,p,3.16,3.16.p,FD,1
1719,5/17/2013,18,3,17,a,3.17,3.17.a,FD,1
1720,5/17/2013,18,3,17,b,3.17,3.17.b,FD,1
1721,5/17/2013,18,3,17,c,3.17,3.17.c,FD,1
1722,5/17/2013,18,3,17,d,3.17,3.17.d,FD,1
1723,5/17/2013,18,3,17,e,3.17,3.17.e,FD,1
1724,5/17/2013,18,3,17,f,3.17,3.17.f,FD,1
1725,5/17/2013,18,3,17,g,3.17,3.17.g,FD,1
1726,5/17/2013,18,3,17,h,3.17,3.17.h,FD,1
1727,5/17/2013,18,3,17,i,3.17,3.17.i,FD,1
1728,5/17/2013,18,3,17,j,3.17,3.17.j,FD,1
1729,5/17/2013,18,3,17,k,3.17,3.17.k,FD,1
1730,5/17/2013,18,3,17,l,3.17,3.17.l,FD,1
1731,5/17/2013,18,3,17,m,3.17,3.17.m,FD,1
1732,5/17/2013,18,3,17,n,3.17,3.17.n,FD,1
1733,5/17/2013,18,3,17,o,3.17,3.17.o,FD,1
1734,5/17/2013,18,3,17,p,3.17,3.17.p,FD,1
1735,5/17/2013,18,3,18,a,3.18,3.18.a,FD,1
1736,5/17/2013,18,3,18,b,3.18,3.18.b,FD,1
1737,5/17/2013,18,3,18,c,3.18,3.18.c,FD,1
1738,5/17/2013,18,3,18,d,3.18,3.18.d,FD,1
1739,5/17/2013,18,3,18,e,3.18,3.18.e,FD,1
1740,5/17/2013,18,3,18,f,3.18,3.18.f,FD,1
1741,5/17/2013,18,3,18,g,3.18,3.18.g,FD,1
1742,5/17/2013,18,3,18,h,3.18,3.18.h,FD,1
1743,5/17/2013,18,3,18,i,3.18,3.18.i,FD,1
1744,5/17/2013,18,3,18,j,3.18,3.18.j,FD,1
1745,5/17/2013,18,3,18,k,3.18,3.18.k,FD,1
1746,5/17/2013,18,3,18,l,3.18,3.18.l,FD,1
1747,5/17/2013,18,3,18,m,3.18,3.18.m,FD,1
1748,5/17/2013,18,3,18,n,3.18,3.18.n,FD,1
1749,5/17/2013,18,3,18,o,3.18,3.18.o,FD,1
1750,5/17/2013,18,3,18,p,3.18,3.18.p,FD,1
1751,5/17/2013,18,1,14,k,1.14,1.14.k,SPCR,3
1752,5/17/2013,18,1,14,l,1.14,1.14.l,SPCR,2
1753,5/17/2013,18,3,5,e,3.5,3.5.e,HEAN,1
1754,5/17/2013,18,3,9,g,3.9,3.9.g,HEAN,1
1755,5/17/2013,18,3,14,k,3.14,3.14.k,HEAN,1
1756,5/17/2013,18,1,15,a,1.15,1.15.a,LIPE,1
1757,5/17/2013,18,1,2,h,1.2,1.2.h,LIPE,1
1758,5/17/2013,18,1,4,j,1.4,1.4.j,LIPE,1
1759,5/17/2013,18,1,5,k,1.5,1.5.k,LIPE,1
1760,5/17/2013,18,1,7,h,1.7,1.7.h,LIPE,2
1761,5/17/2013,18,1,7,k,1.7,1.7.k,LIPE,3
1762,5/17/2013,18,1,9,d,1.9,1.9.d,LIPE,1
1763,5/17/2013,18,1,10,e,1.1,1.10.e,LIPE,1
1764,5/17/2013,18,1,10,f,1.1,1.10.f,LIPE,1
1765,5/17/2013,18,3,8,i,3.8,3.8.i,Lomatium,2
1766,5/17/2013,18,3,8,p,3.8,3.8.p,Lomatium,1
1767,5/17/2013,18,3,6,h,3.6,3.6.h,Lomatium,1
1768,5/17/2013,18,3,11,k,3.11,3.11.k,Lomatium,1
1769,5/17/2013,18,3,12,k,3.12,3.12.k,Lomatium,1
1770,5/17/2013,18,3,10,c,3.1,3.10.c,Lomatium,1
1771,5/17/2013,18,3,10,k,3.1,3.10.k,Lomatium,2
1772,5/17/2013,18,3,16,g,3.16,3.16.g,Lomatium,1
1773,5/17/2013,18,3,17,b,3.17,3.17.b,Lomatium,1
1774,5/17/2013,18,3,14,a,3.14,3.14.a,Lomatium,1
1775,5/17/2013,18,3,14,m,3.14,3.14.m,Lomatium,1
1776,5/17/2013,18,3,15,a,3.15,3.15.a,Lomatium,1
1777,5/17/2013,18,3,15,n,3.15,3.15.n,Lomatium,1
1778,5/17/2013,18,3,13,a,3.13,3.13.a,Lomatium,1
1779,5/17/2013,18,3,13,b,3.13,3.13.b,Lomatium,1
1780,5/17/2013,18,3,13,h,3.13,3.13.h,Lomatium,1
1781,5/17/2013,18,3,9,d,3.9,3.9.d,Lomatium,1
1782,5/17/2013,18,3,18,b,3.18,3.18.b,Lomatium,2
1783,5/17/2013,18,3,18,n,3.18,3.18.n,Lomatium,1
1784,5/17/2013,18,1,7,i,1.7,1.7.i,OEPA,3
1785,5/17/2013,18,1,7,m,1.7,1.7.m,OEPA,2
1786,5/17/2013,18,1,6,c,1.6,1.6.c,OEPA,2
1787,5/17/2013,18,1,6,g,1.6,1.6.g,OEPA,2
1788,5/17/2013,18,1,6,h,1.6,1.6.h,OEPA,2
1789,5/17/2013,18,1,11,p,1.11,1.11.p,OEPA,1
1790,5/17/2013,18,1,13,o,1.13,1.13.o,OEPA,2
1791,5/17/2013,18,2,18,h,2.18,2.18.h,OEPA,2
1792,5/17/2013,18,1,17,g,1.17,1.17.g,PHLOX,2
1793,5/17/2013,18,3,1,d,3.1,3.1.d,PHLOX,2
1794,5/17/2013,18,3,1,e,3.1,3.1.e,PHLOX,1
1795,5/17/2013,18,3,1,i,3.1,3.1.i,PHLOX,2
1796,5/17/2013,18,3,1,m,3.1,3.1.m,PHLOX,1
1797,5/17/2013,18,3,1,n,3.1,3.1.n,PHLOX,2
1798,5/17/2013,18,3,2,e,3.2,3.2.e,PHLOX,2
1799,5/17/2013,18,2,17,i,2.17,2.17.i,PHLOX,1
1800,5/17/2013,18,2,17,j,2.17,2.17.j,PHLOX,1
1801,5/17/2013,18,2,17,k,2.17,2.17.k,PHLOX,2
1802,5/17/2013,18,3,3,d,3.3,3.3.d,PHLOX,2
1803,5/17/2013,18,3,3,f,3.3,3.3.f,PHLOX,1
1804,5/17/2013,18,3,3,g,3.3,3.3.g,PHLOX,1
1805,5/17/2013,18,3,3,h,3.3,3.3.h,PHLOX,1
1806,5/17/2013,18,3,3,j,3.3,3.3.j,PHLOX,1
1807,5/17/2013,18,3,3,l,3.3,3.3.l,PHLOX,1
1808,5/17/2013,18,3,3,n,3.3,3.3.n,PHLOX,2
1809,5/17/2013,18,3,3,o,3.3,3.3.o,PHLOX,1
1810,5/17/2013,18,3,3,p,3.3,3.3.p,PHLOX,2
1811,5/17/2013,18,3,5,c,3.5,3.5.c,PHLOX,1
1812,5/17/2013,18,3,5,g,3.5,3.5.g,PHLOX,2
1813,5/17/2013,18,3,6,f,3.6,3.6.f,PHLOX,1
1814,5/17/2013,18,3,6,i,3.6,3.6.i,PHLOX,1
1815,5/17/2013,18,3,6,m,3.6,3.6.m,PHLOX,1
1816,5/17/2013,18,3,6,p,3.6,3.6.p,PHLOX,1
1817,5/17/2013,18,3,8,a,3.8,3.8.a,PHLOX,1
1818,5/17/2013,18,3,8,o,3.8,3.8.o,PHLOX,1
1819,5/17/2013,18,3,9,f,3.9,3.9.f,PHLOX,2
1820,5/17/2013,18,3,9,j,3.9,3.9.j,PHLOX,1
1821,5/17/2013,18,3,9,l,3.9,3.9.l,PHLOX,2
1822,5/17/2013,18,3,9,m,3.9,3.9.m,PHLOX,1
1823,5/17/2013,18,3,9,n,3.9,3.9.n,PHLOX,1
1824,5/17/2013,18,3,9,p,3.9,3.9.p,PHLOX,2
1825,5/17/2013,18,3,10,d,3.1,3.10.d,PHLOX,1
1826,5/17/2013,18,3,10,l,3.1,3.10.l,PHLOX,1
1827,5/17/2013,18,3,11,a,3.11,3.11.a,PHLOX,1
1828,5/17/2013,18,3,11,b,3.11,3.11.b,PHLOX,1
1829,5/17/2013,18,3,11,m,3.11,3.11.m,PHLOX,1
1830,5/17/2013,18,3,12,a,3.12,3.12.a,PHLOX,2
1831,5/17/2013,18,3,12,c,3.12,3.12.c,PHLOX,1
1832,5/17/2013,18,3,12,d,3.12,3.12.d,PHLOX,1
1833,5/17/2013,18,3,12,g,3.12,3.12.g,PHLOX,1
1834,5/17/2013,18,3,12,j,3.12,3.12.j,PHLOX,2
1835,5/17/2013,18,3,12,m,3.12,3.12.m,PHLOX,1
1836,5/17/2013,18,3,12,n,3.12,3.12.n,PHLOX,2
1837,5/17/2013,18,3,13,l,3.13,3.13.l,PHLOX,2
1838,5/17/2013,18,3,14,e,3.14,3.14.e,PHLOX,1
1839,5/17/2013,18,3,14,i,3.14,3.14.i,PHLOX,2
1840,5/17/2013,18,3,14,m,3.14,3.14.m,PHLOX,1
1841,5/17/2013,18,3,14,n,3.14,3.14.n,PHLOX,1
1842,5/17/2013,18,3,15,l,3.15,3.15.l,PHLOX,2
1843,5/17/2013,18,3,15,o,3.15,3.15.o,PHLOX,1
1844,5/17/2013,18,3,15,p,3.15,3.15.p,PHLOX,1
1845,5/17/2013,18,3,17,c,3.17,3.17.c,PHLOX,1
1846,5/17/2013,18,3,18,o,3.18,3.18.o,PHLOX,1
1847,5/17/2013,18,1,3,e,1.3,1.3.e,PLPA,1
1848,5/17/2013,18,1,7,n,1.7,1.7.n,PLPA,1
1849,5/17/2013,18,2,18,c,2.18,2.18.c,POSE,2
1850,5/17/2013,18,2,18,h,2.18,2.18.h,POSE,2
1851,5/17/2013,18,2,18,j,2.18,2.18.j,POSE,2
1852,5/17/2013,18,2,18,o,2.18,2.18.o,POSE,2
1853,5/17/2013,18,2,18,p,2.18,2.18.p,POSE,2
1854,5/17/2013,18,1,3,e,1.3,1.3.e,POSE,2
1855,5/17/2013,18,1,5,h,1.5,1.5.h,POSE,1
1856,5/17/2013,18,1,10,e,1.1,1.10.e,POSE,1
1857,5/17/2013,18,1,2,j,1.2,1.2.j,UNKFORB,1
1858,5/17/2013,18,1,3,a,1.3,1.3.a,UNKFORB,1
1859,5/17/2013,18,1,3,c,1.3,1.3.c,UNKFORB,1
1860,5/17/2013,18,1,3,d,1.3,1.3.d,UNKFORB,1
1861,5/17/2013,18,1,3,f,1.3,1.3.f,UNKFORB,1
1862,5/17/2013,18,1,3,g,1.3,1.3.g,UNKFORB,1
1863,5/17/2013,18,1,3,h,1.3,1.3.h,UNKFORB,1
1864,5/17/2013,18,1,3,k,1.3,1.3.k,UNKFORB,1
1865,5/17/2013,18,1,3,l,1.3,1.3.l,UNKFORB,1
1866,5/17/2013,18,1,3,n,1.3,1.3.n,UNKFORB,1
1867,5/17/2013,18,1,3,o,1.3,1.3.o,UNKFORB,1
1868,5/17/2013,18,1,3,p,1.3,1.3.p,UNKFORB,1
1869,5/17/2013,18,1,4,c,1.4,1.4.c,UNKFORB,1
1870,5/17/2013,18,1,4,e,1.4,1.4.e,UNKFORB,1
1871,5/17/2013,18,1,4,f,1.4,1.4.f,UNKFORB,1
1872,5/17/2013,18,1,4,h,1.4,1.4.h,UNKFORB,1
1873,5/17/2013,18,1,4,i,1.4,1.4.i,UNKFORB,1
1874,5/17/2013,18,1,4,j,1.4,1.4.j,UNKFORB,1
1875,5/17/2013,18,1,4,k,1.4,1.4.k,UNKFORB,1
1876,5/17/2013,18,1,4,m,1.4,1.4.m,UNKFORB,1
1877,5/17/2013,18,1,4,n,1.4,1.4.n,UNKFORB,1
1878,5/17/2013,18,1,4,o,1.4,1.4.o,UNKFORB,1
1879,5/17/2013,18,1,4,p,1.4,1.4.p,UNKFORB,1
1880,5/17/2013,18,1,5,a,1.5,1.5.a,UNKFORB,1
1881,5/17/2013,18,1,5,b,1.5,1.5.b,UNKFORB,1
1882,5/17/2013,18,1,5,c,1.5,1.5.c,UNKFORB,1
1883,5/17/2013,18,1,5,d,1.5,1.5.d,UNKFORB,1
1884,5/17/2013,18,1,5,e,1.5,1.5.e,UNKFORB,1
1885,5/17/2013,18,1,5,f,1.5,1.5.f,UNKFORB,1
1886,5/17/2013,18,1,5,g,1.5,1.5.g,UNKFORB,1
1887,5/17/2013,18,1,5,h,1.5,1.5.h,UNKFORB,1
1888,5/17/2013,18,1,5,i,1.5,1.5.i,UNKFORB,1
1889,5/17/2013,18,1,5,j,1.5,1.5.j,UNKFORB,1
1890,5/17/2013,18,1,5,k,1.5,1.5.k,UNKFORB,1
1891,5/17/2013,18,1,5,l,1.5,1.5.l,UNKFORB,1
1892,5/17/2013,18,1,5,m,1.5,1.5.m,UNKFORB,1
1893,5/17/2013,18,1,5,n,1.5,1.5.n,UNKFORB,1
1894,5/17/2013,18,1,5,o,1.5,1.5.o,UNKFORB,1
1895,5/17/2013,18,1,5,p,1.5,1.5.p,UNKFORB,1
1896,5/17/2013,18,1,6,a,1.6,1.6.a,UNKFORB,1
1897,5/17/2013,18,1,6,b,1.6,1.6.b,UNKFORB,1
1898,5/17/2013,18,1,6,c,1.6,1.6.c,UNKFORB,1
1899,5/17/2013,18,1,6,d,1.6,1.6.d,UNKFORB,1
1900,5/17/2013,18,1,6,e,1.6,1.6.e,UNKFORB,1
1901,5/17/2013,18,1,6,f,1.6,1.6.f,UNKFORB,1
1902,5/17/2013,18,1,6,g,1.6,1.6.g,UNKFORB,1
1903,5/17/2013,18,1,6,i,1.6,1.6.i,UNKFORB,1
1904,5/17/2013,18,1,6,j,1.6,1.6.j,UNKFORB,1
1905,5/17/2013,18,1,6,k,1.6,1.6.k,UNKFORB,1
1906,5/17/2013,18,1,6,l,1.6,1.6.l,UNKFORB,1
1907,5/17/2013,18,1,6,m,1.6,1.6.m,UNKFORB,1
1908,5/17/2013,18,1,6,n,1.6,1.6.n,UNKFORB,1
1909,5/17/2013,18,1,6,o,1.6,1.6.o,UNKFORB,1
1910,5/17/2013,18,1,6,p,1.6,1.6.p,UNKFORB,1
1911,5/17/2013,18,1,7,g,1.7,1.7.g,UNKFORB,1
1912,5/17/2013,18,1,7,h,1.7,1.7.h,UNKFORB,1
1913,5/17/2013,18,1,7,j,1.7,1.7.j,UNKFORB,1
1914,5/17/2013,18,1,7,k,1.7,1.7.k,UNKFORB,1
1915,5/17/2013,18,1,7,m,1.7,1.7.m,UNKFORB,1
1916,5/17/2013,18,1,7,n,1.7,1.7.n,UNKFORB,1
1917,5/17/2013,18,1,7,o,1.7,1.7.o,UNKFORB,1
1918,5/17/2013,18,1,8,a,1.8,1.8.a,UNKFORB,1
1919,5/17/2013,18,1,8,b,1.8,1.8.b,UNKFORB,1
1920,5/17/2013,18,1,8,d,1.8,1.8.d,UNKFORB,1
1921,5/17/2013,18,1,8,e,1.8,1.8.e,UNKFORB,1
1922,5/17/2013,18,1,8,f,1.8,1.8.f,UNKFORB,1
1923,5/17/2013,18,1,8,g,1.8,1.8.g,UNKFORB,1
1924,5/17/2013,18,1,8,h,1.8,1.8.h,UNKFORB,1
1925,5/17/2013,18,1,8,i,1.8,1.8.i,UNKFORB,1
1926,5/17/2013,18,1,8,j,1.8,1.8.j,UNKFORB,1
1927,5/17/2013,18,1,8,k,1.8,1.8.k,UNKFORB,1
1928,5/17/2013,18,1,8,l,1.8,1.8.l,UNKFORB,1
1929,5/17/2013,18,1,8,m,1.8,1.8.m,UNKFORB,1
1930,5/17/2013,18,1,8,n,1.8,1.8.n,UNKFORB,1
1931,5/17/2013,18,1,8,o,1.8,1.8.o,UNKFORB,1
1932,5/17/2013,18,1,8,p,1.8,1.8.p,UNKFORB,1
1933,5/17/2013,18,1,9,a,1.9,1.9.a,UNKFORB,1
1934,5/17/2013,18,1,9,b,1.9,1.9.b,UNKFORB,1
1935,5/17/2013,18,1,9,c,1.9,1.9.c,UNKFORB,1
1936,5/17/2013,18,1,9,d,1.9,1.9.d,UNKFORB,1
1937,5/17/2013,18,1,9,e,1.9,1.9.e,UNKFORB,1
1938,5/17/2013,18,1,9,f,1.9,1.9.f,UNKFORB,1
1939,5/17/2013,18,1,9,g,1.9,1.9.g,UNKFORB,1
1940,5/17/2013,18,1,9,h,1.9,1.9.h,UNKFORB,1
1941,5/17/2013,18,1,9,i,1.9,1.9.i,UNKFORB,1
1942,5/17/2013,18,1,9,j,1.9,1.9.j,UNKFORB,1
1943,5/17/2013,18,1,9,k,1.9,1.9.k,UNKFORB,1
1944,5/17/2013,18,1,9,l,1.9,1.9.l,UNKFORB,1
1945,5/17/2013,18,1,9,m,1.9,1.9.m,UNKFORB,1
1946,5/17/2013,18,1,9,n,1.9,1.9.n,UNKFORB,1
1947,5/17/2013,18,1,10,f,1.1,1.10.f,UNKFORB,1
1948,5/17/2013,18,1,10,g,1.1,1.10.g,UNKFORB,1
1949,5/17/2013,18,1,10,h,1.1,1.10.h,UNKFORB,1
1950,5/17/2013,18,1,10,i,1.1,1.10.i,UNKFORB,1
1951,5/17/2013,18,1,10,j,1.1,1.10.j,UNKFORB,1
1952,5/17/2013,18,1,10,k,1.1,1.10.k,UNKFORB,1
1953,5/17/2013,18,1,10,l,1.1,1.10.l,UNKFORB,1
1954,5/17/2013,18,1,10,m,1.1,1.10.m,UNKFORB,1
1955,5/17/2013,18,1,10,n,1.1,1.10.n,UNKFORB,1
1956,5/17/2013,18,1,10,o,1.1,1.10.o,UNKFORB,1
1957,5/17/2013,18,1,10,p,1.1,1.10.p,UNKFORB,1
1958,5/17/2013,18,1,11,a,1.11,1.11.a,UNKFORB,1
1959,5/17/2013,18,1,11,b,1.11,1.11.b,UNKFORB,1
1960,5/17/2013,18,1,11,c,1.11,1.11.c,UNKFORB,1
1961,5/17/2013,18,1,11,d,1.11,1.11.d,UNKFORB,1
1962,5/17/2013,18,1,11,e,1.11,1.11.e,UNKFORB,1
1963,5/17/2013,18,1,11,f,1.11,1.11.f,UNKFORB,1
1964,5/17/2013,18,1,11,g,1.11,1.11.g,UNKFORB,1
1965,5/17/2013,18,1,11,h,1.11,1.11.h,UNKFORB,1
1966,5/17/2013,18,1,11,i,1.11,1.11.i,UNKFORB,1
1967,5/17/2013,18,1,11,j,1.11,1.11.j,UNKFORB,1
1968,5/17/2013,18,1,11,k,1.11,1.11.k,UNKFORB,1
1969,5/17/2013,18,1,11,l,1.11,1.11.l,UNKFORB,1
1970,5/17/2013,18,1,11,m,1.11,1.11.m,UNKFORB,1
1971,5/17/2013,18,1,11,n,1.11,1.11.n,UNKFORB,1
1972,5/17/2013,18,1,11,o,1.11,1.11.o,UNKFORB,1
1973,5/17/2013,18,1,11,p,1.11,1.11.p,UNKFORB,1
1974,5/17/2013,18,1,12,a,1.12,1.12.a,UNKFORB,1
1975,5/17/2013,18,1,12,b,1.12,1.12.b,UNKFORB,1
1976,5/17/2013,18,1,12,c,1.12,1.12.c,UNKFORB,1
1977,5/17/2013,18,1,12,d,1.12,1.12.d,UNKFORB,1
1978,5/17/2013,18,1,12,e,1.12,1.12.e,UNKFORB,1
1979,5/17/2013,18,1,12,f,1.12,1.12.f,UNKFORB,2
1980,5/17/2013,18,1,12,g,1.12,1.12.g,UNKFORB,1
1981,5/17/2013,18,1,12,i,1.12,1.12.i,UNKFORB,1
1982,5/17/2013,18,1,12,j,1.12,1.12.j,UNKFORB,1
1983,5/17/2013,18,1,12,k,1.12,1.12.k,UNKFORB,1
1984,5/17/2013,18,1,12,l,1.12,1.12.l,UNKFORB,1
1985,5/17/2013,18,1,12,m,1.12,1.12.m,UNKFORB,1
1986,5/17/2013,18,1,12,n,1.12,1.12.n,UNKFORB,1
1987,5/17/2013,18,1,12,o,1.12,1.12.o,UNKFORB,1
1988,5/17/2013,18,1,13,a,1.13,1.13.a,UNKFORB,1
1989,5/17/2013,18,1,13,b,1.13,1.13.b,UNKFORB,1
1990,5/17/2013,18,1,13,c,1.13,1.13.c,UNKFORB,1
1991,5/17/2013,18,1,13,h,1.13,1.13.h,UNKFORB,1
1992,5/17/2013,18,1,13,i,1.13,1.13.i,UNKFORB,1
1993,5/17/2013,18,1,13,j,1.13,1.13.j,UNKFORB,1
1994,5/17/2013,18,1,13,m,1.13,1.13.m,UNKFORB,1
1995,5/17/2013,18,1,13,o,1.13,1.13.o,UNKFORB,1
1996,5/17/2013,18,1,13,p,1.13,1.13.p,UNKFORB,1
1997,5/17/2013,18,1,14,a,1.14,1.14.a,UNKFORB,1
1998,5/17/2013,18,1,14,b,1.14,1.14.b,UNKFORB,1
1999,5/17/2013,18,1,14,d,1.14,1.14.d,UNKFORB,1
2000,5/17/2013,18,1,14,k,1.14,1.14.k,UNKFORB,1
2001,5/17/2013,18,1,14,m,1.14,1.14.m,UNKFORB,1
2002,5/17/2013,18,1,14,o,1.14,1.14.o,UNKFORB,1
2003,5/17/2013,18,1,14,p,1.14,1.14.p,UNKFORB,1
2004,5/17/2013,18,1,15,a,1.15,1.15.a,UNKFORB,1
2005,5/17/2013,18,1,15,b,1.15,1.15.b,UNKFORB,1
2006,5/17/2013,18,1,15,c,1.15,1.15.c,UNKFORB,1
2007,5/17/2013,18,1,15,d,1.15,1.15.d,UNKFORB,1
2008,5/17/2013,18,1,15,e,1.15,1.15.e,UNKFORB,1
2009,5/17/2013,18,1,15,f,1.15,1.15.f,UNKFORB,1
2010,5/17/2013,18,1,15,h,1.15,1.15.h,UNKFORB,1
2011,5/17/2013,18,1,15,i,1.15,1.15.i,UNKFORB,1
2012,5/17/2013,18,1,15,k,1.15,1.15.k,UNKFORB,1
2013,5/17/2013,18,1,15,l,1.15,1.15.l,UNKFORB,1
2014,5/17/2013,18,1,15,n,1.15,1.15.n,UNKFORB,1
2015,5/17/2013,18,1,15,o,1.15,1.15.o,UNKFORB,1
2016,5/17/2013,18,1,15,p,1.15,1.15.p,UNKFORB,1
2017,5/17/2013,18,1,16,h,1.16,1.16.h,UNKFORB,1
2018,5/17/2013,18,1,16,l,1.16,1.16.l,UNKFORB,1
2019,5/17/2013,18,1,16,p,1.16,1.16.p,UNKFORB,1
2020,5/17/2013,18,1,17,a,1.17,1.17.a,UNKFORB,1
2021,5/17/2013,18,1,17,e,1.17,1.17.e,UNKFORB,1
2022,5/17/2013,18,1,17,f,1.17,1.17.f,UNKFORB,1
2023,5/17/2013,18,2,17,k,2.17,2.17.k,UNKFORB,1
2024,5/17/2013,18,2,17,l,2.17,2.17.l,UNKFORB,1
2025,5/17/2013,18,2,17,m,2.17,2.17.m,UNKFORB,1
2026,5/17/2013,18,2,17,o,2.17,2.17.o,UNKFORB,1
2027,5/17/2013,18,2,17,p,2.17,2.17.p,UNKFORB,1
2028,5/17/2013,18,1,4,d,1.4,1.4.d,SAVE,3
2029,5/17/2013,18,1,4,e,1.4,1.4.e,SAVE,3
2030,5/17/2013,18,1,8,c,1.8,1.8.c,SAVE,2
2031,5/17/2013,18,1,13,g,1.13,1.13.g,SAVE,3
2032,5/17/2013,18,1,13,h,1.13,1.13.h,SAVE,3
2033,5/17/2013,18,1,2,a,1.2,1.2.a,UNKFORB,1
2034,5/17/2013,18,1,2,b,1.2,1.2.b,UNKFORB,1
2035,5/17/2013,18,1,2,e,1.2,1.2.e,UNKFORB,1
2036,5/17/2013,18,1,2,f,1.2,1.2.f,UNKFORB,1
2037,5/17/2013,18,1,2,g,1.2,1.2.g,UNKFORB,1
2038,5/17/2013,18,1,2,i,1.2,1.2.i,UNKFORB,1
2039,5/17/2013,18,1,2,k,1.2,1.2.k,UNKFORB,1
2040,5/17/2013,18,1,2,m,1.2,1.2.m,UNKFORB,1
2041,5/17/2013,18,1,2,n,1.2,1.2.n,UNKFORB,1
2042,5/17/2013,18,1,2,o,1.2,1.2.o,UNKFORB,1
2043,5/17/2013,18,1,2,p,1.2,1.2.p,UNKFORB,1
2044,5/17/2013,18,1,3,b,1.3,1.3.b,UNKFORB,1
2045,5/17/2013,18,1,3,c,1.3,1.3.c,UNKFORB,1
2046,5/17/2013,18,1,3,a,1.3,1.3.a,SIAL,3
2047,5/17/2013,18,1,5,m,1.5,1.5.m,SIAL,3
2048,5/17/2013,18,1,10,n,1.1,1.10.n,SIAL,4
2049,5/17/2013,18,1,16,b,1.16,1.16.b,SIAL,3
2050,5/17/2013,18,1,16,c,1.16,1.16.c,SIAL,3
2051,5/17/2013,18,1,10,l,1.1,1.10.l,UNKFORB,1
2052,5/17/2013,18,1,13,b,1.13,1.13.b,UNKFORB,1
2053,5/17/2013,18,2,18,c,2.18,2.18.c,SPCO,3
2054,5/17/2013,18,1,3,l,1.3,1.3.l,UNKFORB,1
2055,5/17/2013,18,1,13,k,1.13,1.13.k,UNKFORB,2
2056,5/17/2013,18,1,2,j,1.2,1.2.j,TRDU,3
2057,5/17/2013,18,1,3,k,1.3,1.3.k,TRDU,4
2058,5/17/2013,18,1,6,m,1.6,1.6.m,TRDU,2
2059,5/17/2013,18,1,15,e,1.15,1.15.e,TRDU,3
2060,5/17/2013,18,1,15,f,1.15,1.15.f,TRDU,3
2061,5/17/2013,18,1,1,a,1.1,1.1.a,UNKFORB,1
2062,5/17/2013,18,1,1,b,1.1,1.1.b,UNKFORB,1
2063,5/17/2013,18,1,1,c,1.1,1.1.c,UNKFORB,1
2064,5/17/2013,18,1,1,d,1.1,1.1.d,UNKFORB,1
2065,5/17/2013,18,1,1,e,1.1,1.1.e,UNKFORB,1
2066,5/17/2013,18,1,1,f,1.1,1.1.f,UNKFORB,1
2067,5/17/2013,18,1,1,g,1.1,1.1.g,UNKFORB,1
2068,5/17/2013,18,1,1,h,1.1,1.1.h,UNKFORB,1
2069,5/17/2013,18,1,1,j,1.1,1.1.j,UNKFORB,1
2070,5/17/2013,18,1,1,k,1.1,1.1.k,UNKFORB,1
2071,5/17/2013,18,1,1,n,1.1,1.1.n,UNKFORB,1
2072,5/17/2013,18,1,1,o,1.1,1.1.o,UNKFORB,1
2073,5/17/2013,18,1,1,p,1.1,1.1.p,UNKFORB,1
2074,5/17/2013,18,1,4,a,1.4,1.4.a,UNKFORB,1
2075,5/17/2013,18,1,4,j,1.4,1.4.j,UNKFORB,1
2076,5/17/2013,18,1,6,l,1.6,1.6.l,UNKFORB,1
2077,5/17/2013,18,1,8,g,1.8,1.8.g,UNKFORB,1
2078,5/17/2013,18,1,8,o,1.8,1.8.o,UNKFORB,1
2079,5/17/2013,18,1,11,e,1.11,1.11.e,UNKFORB,1
2080,5/17/2013,18,1,13,a,1.13,1.13.a,UNKFORB,1
2081,5/17/2013,18,1,13,d,1.13,1.13.d,UNKFORB,1
2082,5/17/2013,18,1,13,e,1.13,1.13.e,UNKFORB,1
2083,5/17/2013,18,1,13,f,1.13,1.13.f,UNKFORB,1
2084,5/17/2013,18,1,13,l,1.13,1.13.l,UNKFORB,1
2085,5/17/2013,18,1,13,p,1.13,1.13.p,UNKFORB,1
2086,5/17/2013,18,1,16,d,1.16,1.16.d,UNKFORB,1
2087,5/17/2013,18,1,16,i,1.16,1.16.i,UNKFORB,3
2088,5/17/2013,18,1,3,g,1.3,1.3.g,UNKFORB,1
2089,5/17/2013,18,1,15,c,1.15,1.15.c,PHLOX,2
2090,5/17/2013,18,1,15,l,1.15,1.15.l,PHLOX,2
2091,5/17/2013,18,1,12,d,1.12,1.12.d,UNKFORB,1
2092,5/17/2013,18,1,4,a,1.4,1.4.a,UNKGRASS,1
2093,5/17/2013,18,1,4,b,1.4,1.4.b,UNKGRASS,1
2094,5/17/2013,18,1,4,c,1.4,1.4.c,UNKGRASS,1
2095,5/17/2013,18,1,4,d,1.4,1.4.d,UNKGRASS,1
2096,5/17/2013,18,1,4,e,1.4,1.4.e,UNKGRASS,1
2097,5/17/2013,18,1,4,g,1.4,1.4.g,UNKGRASS,1
2098,5/17/2013,18,1,4,h,1.4,1.4.h,UNKGRASS,1
2099,5/17/2013,18,1,4,j,1.4,1.4.j,UNKGRASS,1
2100,5/17/2013,18,1,4,k,1.4,1.4.k,UNKGRASS,2
2101,5/17/2013,18,1,4,l,1.4,1.4.l,UNKGRASS,1
2102,5/17/2013,18,1,4,m,1.4,1.4.m,UNKGRASS,1
2103,5/17/2013,18,1,4,o,1.4,1.4.o,UNKGRASS,1
2104,5/17/2013,18,1,4,p,1.4,1.4.p,UNKGRASS,1
2105,5/17/2013,18,1,5,k,1.5,1.5.k,UNKGRASS,1
2106,5/17/2013,18,1,7,b,1.7,1.7.b,UNKGRASS,1
2107,5/17/2013,18,1,7,e,1.7,1.7.e,UNKGRASS,1
2108,5/17/2013,18,1,7,g,1.7,1.7.g,UNKGRASS,1
2109,5/17/2013,18,1,7,i,1.7,1.7.i,UNKGRASS,1
2110,5/17/2013,18,1,7,j,1.7,1.7.j,ACHY,1
2111,5/17/2013,18,1,7,k,1.7,1.7.k,UNKGRASS,1
2112,5/17/2013,18,1,7,m,1.7,1.7.m,UNKGRASS,1
2113,5/17/2013,18,1,11,e,1.11,1.11.e,UNKGRASS,1
2114,5/17/2013,18,1,11,g,1.11,1.11.g,UNKGRASS,1
2115,5/17/2013,18,1,7,j,1.7,1.7.j,UNKGRASS,1
2116,5/17/2013,18,1,15,a,1.15,1.15.a,ACHY,1
2117,5/17/2013,18,1,9,d,1.9,1.9.d,UNKGRASS,1
2118,5/17/2013,18,1,13,a,1.13,1.13.a,UNKGRASS,1
2119,5/17/2013,18,1,13,b,1.13,1.13.b,UNKGRASS,1
2120,5/17/2013,18,2,17,k,2.17,2.17.k,UNKGRASS,1
2121,5/17/2013,18,1,1,c,1.1,1.1.c,UNKGRASS,1
2122,5/17/2013,18,1,1,g,1.1,1.1.g,UNKGRASS,1
2123,5/17/2013,18,1,1,f,1.1,1.1.f,UNKFORB,1
2124,5/17/2013,18,1,11,c,1.11,1.11.c,UNKFORB,2
2125,5/17/2013,18,1,3,c,1.3,1.3.c,UNKFORB,1
2126,5/17/2013,18,1,3,p,1.3,1.3.p,UNKFORB,1
2127,5/17/2013,18,1,3,a,1.3,1.3.a,UNKFORB,1
2128,5/17/2013,18,1,14,f,1.14,1.14.f,UNKFORB,3
2129,5/17/2013,18,1,6,c,1.6,1.6.c,UNKFORB,1
2130,5/17/2013,18,1,9,c,1.9,1.9.c,UNKFORB,1
2131,5/17/2013,18,1,10,j,1.1,1.10.j,UNKFORB,2
2132,5/17/2013,18,1,15,a,1.15,1.15.a,UNKFORB,2
2133,5/17/2013,18,3,1,h,3.1,3.1.h,UNKFORB,1
2134,5/17/2013,18,3,2,m,3.2,3.2.m,UNKFORB,1
2135,5/17/2013,18,1,6,h,1.6,1.6.h,UNKFORB,3
2136,5/17/2013,18,1,6,n,1.6,1.6.n,UNKFORB,1
2137,5/17/2013,18,3,6,n,3.6,3.6.n,UNKFORB,1
2138,5/17/2013,18,1,2,j,1.2,1.2.j,UNKFORB,1
2139,5/17/2013,18,1,2,l,1.2,1.2.l,UNKFORB,1
2140,5/17/2013,18,3,5,d,3.5,3.5.d,UNKFORB,1
2141,5/17/2013,18,3,5,e,3.5,3.5.e,UNKFORB,1
2142,5/17/2013,18,3,10,i,3.1,3.10.i,UNKGRASS,1
2143,5/17/2013,18,3,4,b,3.4,3.4.b,UNKGRASS,1
2144,5/17/2013,18,3,4,l,3.4,3.4.l,UNKGRASS,1
2145,5/17/2013,18,3,4,m,3.4,3.4.m,UNKGRASS,1
2146,5/17/2013,18,3,1,l,3.1,3.1.l,UNKGRASS,1
2147,5/17/2013,18,3,18,g,3.18,3.18.g,UNKGRASS,1
2148,5/17/2013,18,3,18,o,3.18,3.18.o,UNKGRASS,1
2149,5/17/2013,18,3,17,l,3.17,3.17.l,UNKGRASS,1
2150,5/17/2013,18,3,16,m,3.16,3.16.m,UNKGRASS,1
2151,5/17/2013,18,3,13,a,3.13,3.13.a,UNKGRASS,1
2152,5/17/2013,18,3,13,f,3.13,3.13.f,UNKGRASS,1
2153,5/17/2013,18,3,13,g,3.13,3.13.g,UNKGRASS,1
2154,5/17/2013,18,3,13,n,3.13,3.13.n,UNKGRASS,1
2155,5/17/2013,18,3,9,g,3.9,3.9.g,UNKGRASS,1
2156,5/17/2013,18,3,9,k,3.9,3.9.k,UNKGRASS,1
2157,5/17/2013,18,3,13,c,3.13,3.13.c,ACHY,1
2158,5/17/2013,18,3,13,g,3.13,3.13.g,ACHY,1
2159,5/17/2013,18,3,13,o,3.13,3.13.o,ACHY,1
2160,5/17/2013,18,3,17,b,3.17,3.17.b,ACHY,1
2161,5/17/2013,18,3,18,e,3.18,3.18.e,ACHY,1
2162,5/17/2013,18,3,11,a,3.11,3.11.a,ACHY,1
2163,5/17/2013,18,3,11,e,3.11,3.11.e,ACHY,1
2164,5/17/2013,18,3,11,f,3.11,3.11.f,ACHY,1
2165,5/17/2013,18,3,11,n,3.11,3.11.n,ACHY,1
2166,5/17/2013,18,3,8,c,3.8,3.8.c,UNKGRASS,1
2167,5/17/2013,18,3,8,f,3.8,3.8.f,UNKGRASS,1
2168,5/17/2013,18,3,9,c,3.9,3.9.c,UNKGRASS,1
2169,5/17/2013,18,3,10,a,3.1,3.10.a,UNKGRASS,1
2170,5/17/2013,18,3,10,h,3.1,3.10.h,UNKGRASS,1
2171,5/17/2013,18,3,15,a,3.15,3.15.a,UNKGRASS,1
2172,5/17/2013,18,3,5,g,3.5,3.5.g,ACHY,1
2173,5/17/2013,18,3,2,g,3.2,3.2.g,ACHY,1
2174,5/17/2013,18,3,2,h,3.2,3.2.h,ACHY,1
2175,5/17/2013,18,3,11,h,3.11,3.11.h,UNKGRASS,1
2176,5/17/2013,18,3,14,l,3.14,3.14.l,UNKGRASS,1
2177,5/17/2013,18,3,11,c,3.11,3.11.c,UNKGRASS,1
2178,5/17/2013,18,2,18,a,2.18,2.18.a,UNKGRASS,1
2179,5/17/2013,18,2,18,g,2.18,2.18.g,UNKGRASS,1
2180,5/17/2013,18,2,18,i,2.18,2.18.i,UNKGRASS,1
2181,5/17/2013,18,2,18,o,2.18,2.18.o,UNKGRASS,1
2182,5/17/2013,18,3,1,p,3.1,3.1.p,UNKGRASS,1
2183,5/17/2013,18,3,18,d,3.18,3.18.d,UNKFORB,1
2184,5/17/2013,18,3,14,f,3.14,3.14.f,UNKFORB,1
2185,5/17/2013,18,3,14,g,3.14,3.14.g,UNKFORB,1
2186,5/17/2013,18,3,14,h,3.14,3.14.h,UNKFORB,1
2187,5/17/2013,18,3,14,l,3.14,3.14.l,UNKFORB,1
2188,5/17/2013,18,3,14,o,3.14,3.14.o,UNKFORB,1
2189,5/17/2013,18,3,10,f,3.1,3.10.f,UNKFORB,1
2190,5/17/2013,18,3,12,a,3.12,3.12.a,UNKFORB,1
2191,5/17/2013,18,3,12,j,3.12,3.12.j,UNKFORB,1
2192,5/17/2013,18,3,12,n,3.12,3.12.n,UNKFORB,1
2193,5/17/2013,18,3,12,o,3.12,3.12.o,UNKFORB,1
2194,5/17/2013,18,3,12,p,3.12,3.12.p,UNKFORB,1
2195,5/17/2013,18,3,15,o,3.15,3.15.o,UNKFORB,1
2196,5/17/2013,18,3,15,p,3.15,3.15.p,UNKFORB,1
2197,5/17/2013,18,3,13,a,3.13,3.13.a,UNKFORB,1
2198,5/17/2013,18,3,13,j,3.13,3.13.j,UNKFORB,1
2199,5/17/2013,18,3,6,f,3.6,3.6.f,UNKFORB,1
2200,5/17/2013,18,1,8,g,1.8,1.8.g,VULPI,1
2201,5/17/2013,18,1,12,m,1.12,1.12.m,VULPI,2
2202,5/17/2013,18,1,10,f,1.1,1.10.f,VULPI,1
2203,5/17/2013,18,1,10,i,1.1,1.10.i,VULPI,1
2204,5/17/2013,18,1,10,k,1.1,1.10.k,VULPI,1
2205,5/17/2013,18,1,6,c,1.6,1.6.c,VULPI,1
2206,5/17/2013,18,1,6,l,1.6,1.6.l,VULPI,1
2207,5/17/2013,18,1,13,b,1.13,1.13.b,VULPI,1
2208,5/17/2013,18,1,14,o,1.14,1.14.o,VULPI,2
2209,5/17/2013,18,1,16,l,1.16,1.16.l,VULPI,1
2210,5/17/2013,18,1,9,c,1.9,1.9.c,VULPI,1
2211,5/17/2013,18,1,9,e,1.9,1.9.e,VULPI,1
2212,5/17/2013,18,1,9,o,1.9,1.9.o,VULPI,1
2213,6/28/2014,77,1,4,a,1.4,1.4.a,ACHY,1
2214,6/28/2014,77,1,13,a,1.13,1.13.a,ACHY,3
2215,6/28/2014,77,1,17,a,1.17,1.17.a,ACHY,3
2216,6/28/2014,77,1,4,a,1.4,1.4.a,ACHY,2
2217,6/28/2014,77,1,7,j,1.7,1.7.j,ACHY,3
2218,6/28/2014,77,1,7,n,1.7,1.7.n,ACHY,1
2219,6/28/2014,77,3,4,o,3.4,3.4.o,ACHY,1
2220,6/28/2014,77,3,7,a,3.7,3.7.a,ACHY,1
2221,6/28/2014,77,3,11,a,3.11,3.11.a,ACHY,3
2222,6/28/2014,77,3,13,c,3.13,3.13.c,ACHY,4
2223,6/28/2014,77,3,13,g,3.13,3.13.g,ACHY,1
2224,6/28/2014,77,3,13,k,3.13,3.13.k,ACHY,6
2225,6/28/2014,77,3,13,o,3.13,3.13.o,ACHY,4
2226,6/28/2014,77,3,14,a,3.14,3.14.a,ACHY,4
2227,6/28/2014,77,3,16,a,3.16,3.16.a,ACHY,3
2228,6/28/2014,77,3,17,a,3.17,3.17.a,ACHY,4
2229,6/28/2014,77,3,18,a,3.18,3.18.a,ACHY,4
2230,6/28/2014,77,1,4,a,1.4,1.4.a,ACME,3
2231,6/28/2014,77,3,5,g,3.5,3.5.g,ACME,2
2232,6/28/2014,77,3,12,i,3.12,3.12.i,ACMI,2
2233,6/28/2014,77,3,12,j,3.12,3.12.j,ACMI,3
2234,6/28/2014,77,1,1,a,1.1,1.1.a,ACMI,1
2235,6/28/2014,77,1,1,g,1.1,1.1.g,ACMI,1
2236,6/28/2014,77,1,10,a,1.1,1.10.a,ACMI,2
2237,6/28/2014,77,1,12,a,1.12,1.12.a,ACMI,1
2238,6/28/2014,77,1,13,a,1.13,1.13.a,ACMI,2
2239,6/28/2014,77,1,16,a,1.16,1.16.a,ACMI,1
2240,6/28/2014,77,3,3,m,3.3,3.3.m,ACMI,2
2241,6/28/2014,77,3,12,a,3.12,3.12.a,ACMI,2
2242,6/28/2014,77,3,12,b,3.12,3.12.b,ACMI,2
2243,6/28/2014,77,3,12,c,3.12,3.12.c,ACMI,2
2244,6/28/2014,77,3,12,d,3.12,3.12.d,ACMI,2
2245,6/28/2014,77,3,12,e,3.12,3.12.e,ACMI,2
2246,6/28/2014,77,3,12,f,3.12,3.12.f,ACMI,2
2247,6/28/2014,77,3,12,g,3.12,3.12.g,ACMI,2
2248,6/28/2014,77,3,12,h,3.12,3.12.h,ACMI,2
2249,6/28/2014,77,3,12,k,3.12,3.12.k,ACMI,2
2250,6/28/2014,77,3,12,l,3.12,3.12.l,ACMI,2
2251,6/28/2014,77,3,12,m,3.12,3.12.m,ACMI,2
2252,6/28/2014,77,3,12,n,3.12,3.12.n,ACMI,2
2253,6/28/2014,77,3,12,o,3.12,3.12.o,ACMI,2
2254,6/28/2014,77,3,12,p,3.12,3.12.p,ACMI,2
2255,6/28/2014,77,3,15,k,3.15,3.15.k,ACMI,4
2256,6/28/2014,77,3,10,a,3.1,3.10.a,AGCR,3
2257,6/28/2014,77,3,10,f,3.1,3.10.f,AGCR,1
2258,6/28/2014,77,3,10,n,3.1,3.10.n,AGCR,1
2259,6/28/2014,77,3,12,a,3.12,3.12.a,AGCR,4
2260,6/28/2014,77,3,12,l,3.12,3.12.l,AGCR,3
2261,6/28/2014,77,1,4,a,1.4,1.4.a,AGCR,3
2262,6/28/2014,77,3,6,a,3.6,3.6.a,AGCR,1
2263,6/28/2014,77,3,3,b,3.3,3.3.b,AGCR,3
2264,6/28/2014,77,3,3,h,3.3,3.3.h,AGCR,3
2265,6/28/2014,77,3,3,n,3.3,3.3.n,AGCR,2
2266,6/28/2014,77,3,5,d,3.5,3.5.d,AGCR,3
2267,6/28/2014,77,3,5,f,3.5,3.5.f,AGCR,1
2268,6/28/2014,77,3,8,a,3.8,3.8.a,AGCR,2
2269,6/28/2014,77,3,9,a,3.9,3.9.a,AGCR,3
2270,6/28/2014,77,3,10,b,3.1,3.10.b,AGCR,2
2271,6/28/2014,77,3,10,c,3.1,3.10.c,AGCR,2
2272,6/28/2014,77,3,10,d,3.1,3.10.d,AGCR,2
2273,6/28/2014,77,3,10,e,3.1,3.10.e,AGCR,2
2274,6/28/2014,77,3,10,g,3.1,3.10.g,AGCR,2
2275,6/28/2014,77,3,10,h,3.1,3.10.h,AGCR,2
2276,6/28/2014,77,3,10,i,3.1,3.10.i,AGCR,2
2277,6/28/2014,77,3,10,j,3.1,3.10.j,AGCR,2
2278,6/28/2014,77,3,10,k,3.1,3.10.k,AGCR,2
2279,6/28/2014,77,3,10,l,3.1,3.10.l,AGCR,2
2280,6/28/2014,77,3,10,m,3.1,3.10.m,AGCR,2
2281,6/28/2014,77,3,10,o,3.1,3.10.o,AGCR,2
2282,6/28/2014,77,3,10,p,3.1,3.10.p,AGCR,2
2283,6/28/2014,77,3,12,b,3.12,3.12.b,AGCR,2
2284,6/28/2014,77,3,12,c,3.12,3.12.c,AGCR,2
2285,6/28/2014,77,3,12,d,3.12,3.12.d,AGCR,2
2286,6/28/2014,77,3,12,e,3.12,3.12.e,AGCR,2
2287,6/28/2014,77,3,12,f,3.12,3.12.f,AGCR,2
2288,6/28/2014,77,3,12,g,3.12,3.12.g,AGCR,2
2289,6/28/2014,77,3,12,h,3.12,3.12.h,AGCR,2
2290,6/28/2014,77,3,12,i,3.12,3.12.i,AGCR,2
2291,6/28/2014,77,3,12,j,3.12,3.12.j,AGCR,2
2292,6/28/2014,77,3,12,k,3.12,3.12.k,AGCR,2
2293,6/28/2014,77,3,12,m,3.12,3.12.m,AGCR,2
2294,6/28/2014,77,3,12,n,3.12,3.12.n,AGCR,2
2295,6/28/2014,77,3,12,o,3.12,3.12.o,AGCR,2
2296,6/28/2014,77,3,12,p,3.12,3.12.p,AGCR,2
2297,6/28/2014,77,3,13,f,3.13,3.13.f,AGCR,1
2298,6/28/2014,77,3,14,a,3.14,3.14.a,AGCR,3
2299,6/28/2014,77,3,15,l,3.15,3.15.l,AGCR,2
2300,6/28/2014,77,3,15,p,3.15,3.15.p,AGCR,3
2301,6/28/2014,77,3,18,a,3.18,3.18.a,AGCR,2
2302,6/28/2014,77,1,12,a,1.12,1.12.a,ARTR,1
2303,6/28/2014,77,3,12,a,3.12,3.12.a,BG,6
2304,6/28/2014,77,3,12,b,3.12,3.12.b,BG,5
2305,6/28/2014,77,3,12,c,3.12,3.12.c,BG,5
2306,6/28/2014,77,3,12,d,3.12,3.12.d,BG,4
2307,6/28/2014,77,3,12,e,3.12,3.12.e,BG,6
2308,6/28/2014,77,3,12,f,3.12,3.12.f,BG,7
2309,6/28/2014,77,3,12,g,3.12,3.12.g,BG,4
2310,6/28/2014,77,3,12,h,3.12,3.12.h,BG,8
2311,6/28/2014,77,3,12,i,3.12,3.12.i,BG,7
2312,6/28/2014,77,3,12,j,3.12,3.12.j,BG,6
2313,6/28/2014,77,3,12,k,3.12,3.12.k,BG,8
2314,6/28/2014,77,3,12,l,3.12,3.12.l,BG,7
2315,6/28/2014,77,3,12,m,3.12,3.12.m,BG,5
2316,6/28/2014,77,3,12,n,3.12,3.12.n,BG,8
2317,6/28/2014,77,3,12,o,3.12,3.12.o,BG,8
2318,6/28/2014,77,3,12,p,3.12,3.12.p,BG,6
2319,6/28/2014,77,3,10,a,3.1,3.10.a,BG,7
2320,6/28/2014,77,3,10,b,3.1,3.10.b,BG,7
2321,6/28/2014,77,3,10,c,3.1,3.10.c,BG,8
2322,6/28/2014,77,3,10,d,3.1,3.10.d,BG,4
2323,6/28/2014,77,3,10,e,3.1,3.10.e,BG,8
2324,6/28/2014,77,3,10,f,3.1,3.10.f,BG,4
2325,6/28/2014,77,3,10,g,3.1,3.10.g,BG,7
2326,6/28/2014,77,3,10,h,3.1,3.10.h,BG,7
2327,6/28/2014,77,3,10,i,3.1,3.10.i,BG,6
2328,6/28/2014,77,3,10,j,3.1,3.10.j,BG,4
2329,6/28/2014,77,3,10,k,3.1,3.10.k,BG,7
2330,6/28/2014,77,3,10,l,3.1,3.10.l,BG,6
2331,6/28/2014,77,3,10,m,3.1,3.10.m,BG,6
2332,6/28/2014,77,3,10,n,3.1,3.10.n,BG,7
2333,6/28/2014,77,3,10,o,3.1,3.10.o,BG,6
2334,6/28/2014,77,3,10,p,3.1,3.10.p,BG,5
2335,6/28/2014,77,1,1,a,1.1,1.1.a,BG,5
2336,6/28/2014,77,1,1,b,1.1,1.1.b,BG,4
2337,6/28/2014,77,1,1,c,1.1,1.1.c,BG,4
2338,6/28/2014,77,1,1,d,1.1,1.1.d,BG,4
2339,6/28/2014,77,1,1,e,1.1,1.1.e,BG,4
2340,6/28/2014,77,1,1,f,1.1,1.1.f,BG,4
2341,6/28/2014,77,1,1,g,1.1,1.1.g,BG,4
2342,6/28/2014,77,1,1,h,1.1,1.1.h,BG,4
2343,6/28/2014,77,1,1,i,1.1,1.1.i,BG,4
2344,6/28/2014,77,1,1,j,1.1,1.1.j,BG,4
2345,6/28/2014,77,1,1,k,1.1,1.1.k,BG,4
2346,6/28/2014,77,1,1,l,1.1,1.1.l,BG,3
2347,6/28/2014,77,1,1,m,1.1,1.1.m,BG,4
2348,6/28/2014,77,1,1,n,1.1,1.1.n,BG,3
2349,6/28/2014,77,1,1,o,1.1,1.1.o,BG,3
2350,6/28/2014,77,1,1,p,1.1,1.1.p,BG,4
2351,6/28/2014,77,1,2,a,1.2,1.2.a,BG,3
2352,6/28/2014,77,1,2,b,1.2,1.2.b,BG,3
2353,6/28/2014,77,1,2,c,1.2,1.2.c,BG,2
2354,6/28/2014,77,1,2,d,1.2,1.2.d,BG,3
2355,6/28/2014,77,1,2,e,1.2,1.2.e,BG,3
2356,6/28/2014,77,1,2,f,1.2,1.2.f,BG,4
2357,6/28/2014,77,1,2,g,1.2,1.2.g,BG,2
2358,6/28/2014,77,1,2,h,1.2,1.2.h,BG,3
2359,6/28/2014,77,1,2,i,1.2,1.2.i,BG,3
2360,6/28/2014,77,1,2,j,1.2,1.2.j,BG,3
2361,6/28/2014,77,1,2,k,1.2,1.2.k,BG,3
2362,6/28/2014,77,1,2,l,1.2,1.2.l,BG,2
2363,6/28/2014,77,1,2,m,1.2,1.2.m,BG,3
2364,6/28/2014,77,1,2,n,1.2,1.2.n,BG,3
2365,6/28/2014,77,1,2,o,1.2,1.2.o,BG,3
2366,6/28/2014,77,1,2,p,1.2,1.2.p,BG,4
2367,6/28/2014,77,1,3,a,1.3,1.3.a,BG,4
2368,6/28/2014,77,1,4,a,1.4,1.4.a,BG,5
2369,6/28/2014,77,1,5,a,1.5,1.5.a,BG,3
2370,6/28/2014,77,1,6,a,1.6,1.6.a,BG,3
2371,6/28/2014,77,1,7,a,1.7,1.7.a,BG,3
2372,6/28/2014,77,1,7,b,1.7,1.7.b,BG,4
2373,6/28/2014,77,1,7,c,1.7,1.7.c,BG,4
2374,6/28/2014,77,1,7,d,1.7,1.7.d,BG,5
2375,6/28/2014,77,1,7,e,1.7,1.7.e,BG,5
2376,6/28/2014,77,1,7,f,1.7,1.7.f,BG,4
2377,6/28/2014,77,1,7,g,1.7,1.7.g,BG,5
2378,6/28/2014,77,1,7,h,1.7,1.7.h,BG,4
2379,6/28/2014,77,1,7,i,1.7,1.7.i,BG,4
2380,6/28/2014,77,1,7,j,1.7,1.7.j,BG,5
2381,6/28/2014,77,1,7,k,1.7,1.7.k,BG,5
2382,6/28/2014,77,1,7,l,1.7,1.7.l,BG,4
2383,6/28/2014,77,1,7,m,1.7,1.7.m,BG,5
2384,6/28/2014,77,1,7,n,1.7,1.7.n,BG,4
2385,6/28/2014,77,1,7,o,1.7,1.7.o,BG,4
2386,6/28/2014,77,1,7,p,1.7,1.7.p,BG,4
2387,6/28/2014,77,1,8,a,1.8,1.8.a,BG,4
2388,6/28/2014,77,1,9,a,1.9,1.9.a,BG,4
2389,6/28/2014,77,1,10,a,1.1,1.10.a,BG,5
2390,6/28/2014,77,1,11,a,1.11,1.11.a,BG,4
2391,6/28/2014,77,1,11,b,1.11,1.11.b,BG,4
2392,6/28/2014,77,1,11,c,1.11,1.11.c,BG,5
2393,6/28/2014,77,1,11,d,1.11,1.11.d,BG,5
2394,6/28/2014,77,1,11,e,1.11,1.11.e,BG,5
2395,6/28/2014,77,1,11,f,1.11,1.11.f,BG,6
2396,6/28/2014,77,1,11,g,1.11,1.11.g,BG,4
2397,6/28/2014,77,1,11,h,1.11,1.11.h,BG,5
2398,6/28/2014,77,1,11,i,1.11,1.11.i,BG,6
2399,6/28/2014,77,1,11,j,1.11,1.11.j,BG,6
2400,6/28/2014,77,1,11,k,1.11,1.11.k,BG,4
2401,6/28/2014,77,1,11,l,1.11,1.11.l,BG,4
2402,6/28/2014,77,1,11,m,1.11,1.11.m,BG,6
2403,6/28/2014,77,1,11,n,1.11,1.11.n,BG,5
2404,6/28/2014,77,1,11,o,1.11,1.11.o,BG,4
2405,6/28/2014,77,1,11,p,1.11,1.11.p,BG,5
2406,6/28/2014,77,1,12,a,1.12,1.12.a,BG,4
2407,6/28/2014,77,1,13,a,1.13,1.13.a,BG,5
2408,6/28/2014,77,1,14,a,1.14,1.14.a,BG,5
2409,6/28/2014,77,1,15,a,1.15,1.15.a,BG,4
2410,6/28/2014,77,1,15,b,1.15,1.15.b,BG,4
2411,6/28/2014,77,1,15,c,1.15,1.15.c,BG,4
2412,6/28/2014,77,1,15,d,1.15,1.15.d,BG,5
2413,6/28/2014,77,1,15,e,1.15,1.15.e,BG,4
2414,6/28/2014,77,1,15,f,1.15,1.15.f,BG,3
2415,6/28/2014,77,1,15,g,1.15,1.15.g,BG,2
2416,6/28/2014,77,1,15,h,1.15,1.15.h,BG,4
2417,6/28/2014,77,1,15,i,1.15,1.15.i,BG,4
2418,6/28/2014,77,1,15,j,1.15,1.15.j,BG,4
2419,6/28/2014,77,1,15,k,1.15,1.15.k,BG,4
2420,6/28/2014,77,1,15,l,1.15,1.15.l,BG,3
2421,6/28/2014,77,1,15,m,1.15,1.15.m,BG,3
2422,6/28/2014,77,1,15,n,1.15,1.15.n,BG,3
2423,6/28/2014,77,1,15,o,1.15,1.15.o,BG,4
2424,6/28/2014,77,1,15,p,1.15,1.15.p,BG,3
2425,6/28/2014,77,1,17,a,1.17,1.17.a,BG,4
2426,6/28/2014,77,1,18,a,1.18,1.18.a,BG,4
2427,6/28/2014,77,1,18,b,1.18,1.18.b,BG,4
2428,6/28/2014,77,1,18,c,1.18,1.18.c,BG,4
2429,6/28/2014,77,1,18,d,1.18,1.18.d,BG,3
2430,6/28/2014,77,1,18,e,1.18,1.18.e,BG,3
2431,6/28/2014,77,1,18,f,1.18,1.18.f,BG,3
2432,6/28/2014,77,1,18,g,1.18,1.18.g,BG,3
2433,6/28/2014,77,1,18,h,1.18,1.18.h,BG,3
2434,6/28/2014,77,1,18,i,1.18,1.18.i,BG,3
2435,6/28/2014,77,1,18,j,1.18,1.18.j,BG,3
2436,6/28/2014,77,1,18,k,1.18,1.18.k,BG,3
2437,6/28/2014,77,1,18,l,1.18,1.18.l,BG,3
2438,6/28/2014,77,1,18,m,1.18,1.18.m,BG,4
2439,6/28/2014,77,1,18,n,1.18,1.18.n,BG,4
2440,6/28/2014,77,1,18,o,1.18,1.18.o,BG,3
2441,6/28/2014,77,1,18,p,1.18,1.18.p,BG,3
2442,6/28/2014,77,3,1,a,3.1,3.1.a,BG,7
2443,6/28/2014,77,3,2,a,3.2,3.2.a,BG,7
2444,6/28/2014,77,3,2,b,3.2,3.2.b,BG,4
2445,6/28/2014,77,3,2,c,3.2,3.2.c,BG,5
2446,6/28/2014,77,3,2,d,3.2,3.2.d,BG,8
2447,6/28/2014,77,3,2,e,3.2,3.2.e,BG,4
2448,6/28/2014,77,3,2,f,3.2,3.2.f,BG,5
2449,6/28/2014,77,3,2,g,3.2,3.2.g,BG,6
2450,6/28/2014,77,3,2,h,3.2,3.2.h,BG,6
2451,6/28/2014,77,3,2,i,3.2,3.2.i,BG,7
2452,6/28/2014,77,3,2,j,3.2,3.2.j,BG,7
2453,6/28/2014,77,3,2,k,3.2,3.2.k,BG,7
2454,6/28/2014,77,3,2,l,3.2,3.2.l,BG,7
2455,6/28/2014,77,3,2,m,3.2,3.2.m,BG,7
2456,6/28/2014,77,3,2,n,3.2,3.2.n,BG,6
2457,6/28/2014,77,3,2,o,3.2,3.2.o,BG,6
2458,6/28/2014,77,3,2,p,3.2,3.2.p,BG,7
2459,6/28/2014,77,3,3,a,3.3,3.3.a,BG,8
2460,6/28/2014,77,3,3,b,3.3,3.3.b,BG,7
2461,6/28/2014,77,3,3,c,3.3,3.3.c,BG,7
2462,6/28/2014,77,3,3,d,3.3,3.3.d,BG,8
2463,6/28/2014,77,3,3,e,3.3,3.3.e,BG,8
2464,6/28/2014,77,3,3,f,3.3,3.3.f,BG,6
2465,6/28/2014,77,3,3,g,3.3,3.3.g,BG,6
2466,6/28/2014,77,3,3,h,3.3,3.3.h,BG,6
2467,6/28/2014,77,3,3,i,3.3,3.3.i,BG,8
2468,6/28/2014,77,3,3,j,3.3,3.3.j,BG,7
2469,6/28/2014,77,3,3,k,3.3,3.3.k,BG,6
2470,6/28/2014,77,3,3,l,3.3,3.3.l,BG,6
2471,6/28/2014,77,3,3,m,3.3,3.3.m,BG,8
2472,6/28/2014,77,3,3,n,3.3,3.3.n,BG,6
2473,6/28/2014,77,3,3,o,3.3,3.3.o,BG,7
2474,6/28/2014,77,3,3,p,3.3,3.3.p,BG,5
2475,6/28/2014,77,3,4,a,3.4,3.4.a,BG,4
2476,6/28/2014,77,3,4,b,3.4,3.4.b,BG,8
2477,6/28/2014,77,3,4,c,3.4,3.4.c,BG,7
2478,6/28/2014,77,3,4,d,3.4,3.4.d,BG,8
2479,6/28/2014,77,3,4,e,3.4,3.4.e,BG,7
2480,6/28/2014,77,3,4,f,3.4,3.4.f,BG,6
2481,6/28/2014,77,3,4,g,3.4,3.4.g,BG,8
2482,6/28/2014,77,3,4,h,3.4,3.4.h,BG,8
2483,6/28/2014,77,3,4,i,3.4,3.4.i,BG,8
2484,6/28/2014,77,3,4,j,3.4,3.4.j,BG,8
2485,6/28/2014,77,3,4,k,3.4,3.4.k,BG,8
2486,6/28/2014,77,3,4,l,3.4,3.4.l,BG,8
2487,6/28/2014,77,3,4,m,3.4,3.4.m,BG,6
2488,6/28/2014,77,3,4,n,3.4,3.4.n,BG,6
2489,6/28/2014,77,3,4,o,3.4,3.4.o,BG,6
2490,6/28/2014,77,3,4,p,3.4,3.4.p,BG,7
2491,6/28/2014,77,3,5,a,3.5,3.5.a,BG,5
2492,6/28/2014,77,3,5,b,3.5,3.5.b,BG,6
2493,6/28/2014,77,3,5,c,3.5,3.5.c,BG,6
2494,6/28/2014,77,3,5,d,3.5,3.5.d,BG,6
2495,6/28/2014,77,3,5,e,3.5,3.5.e,BG,6
2496,6/28/2014,77,3,5,f,3.5,3.5.f,BG,7
2497,6/28/2014,77,3,5,g,3.5,3.5.g,BG,6
2498,6/28/2014,77,3,5,i,3.5,3.5.i,BG,5
2499,6/28/2014,77,3,5,j,3.5,3.5.j,BG,8
2500,6/28/2014,77,3,5,k,3.5,3.5.k,BG,8
2501,6/28/2014,77,3,5,l,3.5,3.5.l,BG,5
2502,6/28/2014,77,3,5,m,3.5,3.5.m,BG,4
2503,6/28/2014,77,3,5,n,3.5,3.5.n,BG,6
2504,6/28/2014,77,3,5,o,3.5,3.5.o,BG,6
2505,6/28/2014,77,3,5,p,3.5,3.5.p,BG,5
2506,6/28/2014,77,3,6,a,3.6,3.6.a,BG,6
2507,6/28/2014,77,3,7,a,3.7,3.7.a,BG,6
2508,6/28/2014,77,3,8,a,3.8,3.8.a,BG,6
2509,6/28/2014,77,3,9,a,3.9,3.9.a,BG,5
2510,6/28/2014,77,3,11,a,3.11,3.11.a,BG,6
2511,6/28/2014,77,3,13,a,3.13,3.13.a,BG,5
2512,6/28/2014,77,3,13,b,3.13,3.13.b,BG,8
2513,6/28/2014,77,3,13,c,3.13,3.13.c,BG,6
2514,6/28/2014,77,3,13,d,3.13,3.13.d,BG,5
2515,6/28/2014,77,3,13,e,3.13,3.13.e,BG,8
2516,6/28/2014,77,3,13,f,3.13,3.13.f,BG,8
2517,6/28/2014,77,3,13,g,3.13,3.13.g,BG,8
2518,6/28/2014,77,3,13,h,3.13,3.13.h,BG,6
2519,6/28/2014,77,3,13,i,3.13,3.13.i,BG,7
2520,6/28/2014,77,3,13,j,3.13,3.13.j,BG,8
2521,6/28/2014,77,3,13,k,3.13,3.13.k,BG,5
2522,6/28/2014,77,3,13,l,3.13,3.13.l,BG,5
2523,6/28/2014,77,3,13,m,3.13,3.13.m,BG,8
2524,6/28/2014,77,3,13,n,3.13,3.13.n,BG,8
2525,6/28/2014,77,3,13,o,3.13,3.13.o,BG,6
2526,6/28/2014,77,3,13,p,3.13,3.13.p,BG,4
2527,6/28/2014,77,3,14,a,3.14,3.14.a,BG,6
2528,6/28/2014,77,3,15,a,3.15,3.15.a,BG,7
2529,6/28/2014,77,3,15,b,3.15,3.15.b,BG,7
2530,6/28/2014,77,3,15,c,3.15,3.15.c,BG,7
2531,6/28/2014,77,3,15,d,3.15,3.15.d,BG,8
2532,6/28/2014,77,3,15,e,3.15,3.15.e,BG,7
2533,6/28/2014,77,3,15,f,3.15,3.15.f,BG,8
2534,6/28/2014,77,3,15,g,3.15,3.15.g,BG,8
2535,6/28/2014,77,3,15,h,3.15,3.15.h,BG,7
2536,6/28/2014,77,3,15,i,3.15,3.15.i,BG,7
2537,6/28/2014,77,3,15,j,3.15,3.15.j,BG,8
2538,6/28/2014,77,3,15,k,3.15,3.15.k,BG,7
2539,6/28/2014,77,3,15,l,3.15,3.15.l,BG,7
2540,6/28/2014,77,3,15,m,3.15,3.15.m,BG,5
2541,6/28/2014,77,3,15,n,3.15,3.15.n,BG,6
2542,6/28/2014,77,3,15,o,3.15,3.15.o,BG,7
2543,6/28/2014,77,3,15,p,3.15,3.15.p,BG,7
2544,6/28/2014,77,3,16,a,3.16,3.16.a,BG,5
2545,6/28/2014,77,3,17,a,3.17,3.17.a,BG,6
2546,6/28/2014,77,3,18,a,3.18,3.18.a,BG,5
2547,6/28/2014,77,1,16,a,1.16,1.16.a,BG,4
2548,6/28/2014,77,1,7,o,1.7,1.7.o,biocrust,3
2549,6/28/2014,77,1,2,a,1.2,1.2.a,biocrust,2
2550,6/28/2014,77,1,2,m,1.2,1.2.m,biocrust,3
2551,6/28/2014,77,1,18,g,1.18,1.18.g,biocrust,3
2552,6/28/2014,77,3,10,p,3.1,3.10.p,Borage sp.,4
2553,6/28/2014,77,3,11,a,3.11,3.11.a,Borage sp.,3
2554,6/28/2014,77,3,12,a,3.12,3.12.a,Borage sp.,3
2555,6/28/2014,77,3,12,b,3.12,3.12.b,Borage sp.,3
2556,6/28/2014,77,3,12,c,3.12,3.12.c,Borage sp.,3
2557,6/28/2014,77,3,12,d,3.12,3.12.d,Borage sp.,3
2558,6/28/2014,77,3,12,e,3.12,3.12.e,Borage sp.,3
2559,6/28/2014,77,3,12,g,3.12,3.12.g,Borage sp.,3
2560,6/28/2014,77,3,12,i,3.12,3.12.i,Borage sp.,3
2561,6/28/2014,77,3,12,m,3.12,3.12.m,Borage sp.,3
2562,6/28/2014,77,3,12,n,3.12,3.12.n,Borage sp.,3
2563,6/28/2014,77,3,12,o,3.12,3.12.o,Borage sp.,3
2564,6/28/2014,77,3,12,p,3.12,3.12.p,Borage sp.,3
2565,6/28/2014,77,3,13,b,3.13,3.13.b,Borage sp.,2
2566,6/28/2014,77,3,13,i,3.13,3.13.i,Borage sp.,4
2567,6/28/2014,77,3,14,a,3.14,3.14.a,Borage sp.,3
2568,6/28/2014,77,3,15,b,3.15,3.15.b,Borage sp.,3
2569,6/28/2014,77,3,15,h,3.15,3.15.h,Borage sp.,4
2570,6/28/2014,77,3,15,i,3.15,3.15.i,Borage sp.,3
2571,6/28/2014,77,3,15,m,3.15,3.15.m,Borage sp.,4
2572,6/28/2014,77,3,15,o,3.15,3.15.o,Borage sp.,3
2573,6/28/2014,77,3,16,a,3.16,3.16.a,Borage sp.,2
2574,6/28/2014,77,3,17,a,3.17,3.17.a,Borage sp.,2
2575,6/28/2014,77,3,18,a,3.18,3.18.a,Borage sp.,2
2576,6/28/2014,77,3,12,f,3.12,3.12.f,Borage sp.,2
2577,6/28/2014,77,3,12,h,3.12,3.12.h,Borage sp.,2
2578,6/28/2014,77,3,12,j,3.12,3.12.j,Borage sp.,2
2579,6/28/2014,77,3,12,k,3.12,3.12.k,Borage sp.,2
2580,6/28/2014,77,3,12,l,3.12,3.12.l,Borage sp.,2
2581,6/28/2014,77,3,1,a,3.1,3.1.a,Borage sp.,2
2582,6/28/2014,77,3,10,i,3.1,3.10.i,BRTE,3
2583,6/28/2014,77,3,10,j,3.1,3.10.j,BRTE,1
2584,6/28/2014,77,3,10,m,3.1,3.10.m,BRTE,2
2585,6/28/2014,77,3,10,o,3.1,3.10.o,BRTE,4
2586,6/28/2014,77,3,12,a,3.12,3.12.a,BRTE,4
2587,6/28/2014,77,3,12,f,3.12,3.12.f,BRTE,2
2588,6/28/2014,77,3,12,j,3.12,3.12.j,BRTE,3
2589,6/28/2014,77,1,1,a,1.1,1.1.a,BRTE,4
2590,6/28/2014,77,1,1,b,1.1,1.1.b,BRTE,4
2591,6/28/2014,77,1,1,c,1.1,1.1.c,BRTE,4
2592,6/28/2014,77,1,1,d,1.1,1.1.d,BRTE,4
2593,6/28/2014,77,1,1,e,1.1,1.1.e,BRTE,4
2594,6/28/2014,77,1,1,f,1.1,1.1.f,BRTE,4
2595,6/28/2014,77,1,1,g,1.1,1.1.g,BRTE,4
2596,6/28/2014,77,1,1,h,1.1,1.1.h,BRTE,4
2597,6/28/2014,77,1,1,i,1.1,1.1.i,BRTE,5
2598,6/28/2014,77,1,1,j,1.1,1.1.j,BRTE,5
2599,6/28/2014,77,1,1,k,1.1,1.1.k,BRTE,5
2600,6/28/2014,77,1,1,l,1.1,1.1.l,BRTE,4
2601,6/28/2014,77,1,1,m,1.1,1.1.m,BRTE,5
2602,6/28/2014,77,1,1,n,1.1,1.1.n,BRTE,5
2603,6/28/2014,77,1,1,o,1.1,1.1.o,BRTE,5
2604,6/28/2014,77,1,1,p,1.1,1.1.p,BRTE,4
2605,6/28/2014,77,1,2,a,1.2,1.2.a,BRTE,7
2606,6/28/2014,77,1,2,b,1.2,1.2.b,BRTE,8
2607,6/28/2014,77,1,2,c,1.2,1.2.c,BRTE,8
2608,6/28/2014,77,1,2,d,1.2,1.2.d,BRTE,7
2609,6/28/2014,77,1,2,e,1.2,1.2.e,BRTE,7
2610,6/28/2014,77,1,2,f,1.2,1.2.f,BRTE,7
2611,6/28/2014,77,1,2,g,1.2,1.2.g,BRTE,7
2612,6/28/2014,77,1,2,h,1.2,1.2.h,BRTE,7
2613,6/28/2014,77,1,2,i,1.2,1.2.i,BRTE,7
2614,6/28/2014,77,1,2,j,1.2,1.2.j,BRTE,7
2615,6/28/2014,77,1,2,k,1.2,1.2.k,BRTE,7
2616,6/28/2014,77,1,2,l,1.2,1.2.l,BRTE,8
2617,6/28/2014,77,1,2,m,1.2,1.2.m,BRTE,7
2618,6/28/2014,77,1,2,n,1.2,1.2.n,BRTE,7
2619,6/28/2014,77,1,2,o,1.2,1.2.o,BRTE,7
2620,6/28/2014,77,1,2,p,1.2,1.2.p,BRTE,7
2621,6/28/2014,77,1,3,a,1.3,1.3.a,BRTE,7
2622,6/28/2014,77,1,4,a,1.4,1.4.a,BRTE,5
2623,6/28/2014,77,1,5,a,1.5,1.5.a,BRTE,7
2624,6/28/2014,77,1,6,a,1.6,1.6.a,BRTE,7
2625,6/28/2014,77,1,7,a,1.7,1.7.a,BRTE,4
2626,6/28/2014,77,1,7,b,1.7,1.7.b,BRTE,4
2627,6/28/2014,77,1,7,c,1.7,1.7.c,BRTE,4
2628,6/28/2014,77,1,7,d,1.7,1.7.d,BRTE,4
2629,6/28/2014,77,1,7,e,1.7,1.7.e,BRTE,4
2630,6/28/2014,77,1,7,f,1.7,1.7.f,BRTE,4
2631,6/28/2014,77,1,7,g,1.7,1.7.g,BRTE,4
2632,6/28/2014,77,1,7,h,1.7,1.7.h,BRTE,4
2633,6/28/2014,77,1,7,i,1.7,1.7.i,BRTE,5
2634,6/28/2014,77,1,7,j,1.7,1.7.j,BRTE,4
2635,6/28/2014,77,1,7,k,1.7,1.7.k,BRTE,4
2636,6/28/2014,77,1,7,l,1.7,1.7.l,BRTE,5
2637,6/28/2014,77,1,7,m,1.7,1.7.m,BRTE,5
2638,6/28/2014,77,1,7,n,1.7,1.7.n,BRTE,5
2639,6/28/2014,77,1,7,o,1.7,1.7.o,BRTE,5
2640,6/28/2014,77,1,7,p,1.7,1.7.p,BRTE,4
2641,6/28/2014,77,1,8,a,1.8,1.8.a,BRTE,6
2642,6/28/2014,77,1,9,a,1.9,1.9.a,BRTE,7
2643,6/28/2014,77,1,10,a,1.1,1.10.a,BRTE,5
2644,6/28/2014,77,1,11,a,1.11,1.11.a,BRTE,5
2645,6/28/2014,77,1,11,b,1.11,1.11.b,BRTE,4
2646,6/28/2014,77,1,11,c,1.11,1.11.c,BRTE,4
2647,6/28/2014,77,1,11,d,1.11,1.11.d,BRTE,4
2648,6/28/2014,77,1,11,e,1.11,1.11.e,BRTE,3
2649,6/28/2014,77,1,11,f,1.11,1.11.f,BRTE,4
2650,6/28/2014,77,1,11,g,1.11,1.11.g,BRTE,5
2651,6/28/2014,77,1,11,h,1.11,1.11.h,BRTE,5
2652,6/28/2014,77,1,11,i,1.11,1.11.i,BRTE,4
2653,6/28/2014,77,1,11,j,1.11,1.11.j,BRTE,5
2654,6/28/2014,77,1,11,k,1.11,1.11.k,BRTE,7
2655,6/28/2014,77,1,11,l,1.11,1.11.l,BRTE,7
2656,6/28/2014,77,1,11,m,1.11,1.11.m,BRTE,4
2657,6/28/2014,77,1,11,n,1.11,1.11.n,BRTE,5
2658,6/28/2014,77,1,11,o,1.11,1.11.o,BRTE,5
2659,6/28/2014,77,1,11,p,1.11,1.11.p,BRTE,6
2660,6/28/2014,77,1,12,a,1.12,1.12.a,BRTE,7
2661,6/28/2014,77,1,13,a,1.13,1.13.a,BRTE,5
2662,6/28/2014,77,1,14,a,1.14,1.14.a,BRTE,5
2663,6/28/2014,77,1,15,a,1.15,1.15.a,BRTE,4
2664,6/28/2014,77,1,15,b,1.15,1.15.b,BRTE,6
2665,6/28/2014,77,1,15,c,1.15,1.15.c,BRTE,5
2666,6/28/2014,77,1,15,d,1.15,1.15.d,BRTE,4
2667,6/28/2014,77,1,15,e,1.15,1.15.e,BRTE,6
2668,6/28/2014,77,1,15,f,1.15,1.15.f,BRTE,6
2669,6/28/2014,77,1,15,g,1.15,1.15.g,BRTE,5
2670,6/28/2014,77,1,15,h,1.15,1.15.h,BRTE,5
2671,6/28/2014,77,1,15,i,1.15,1.15.i,BRTE,4
2672,6/28/2014,77,1,15,j,1.15,1.15.j,BRTE,5
2673,6/28/2014,77,1,15,k,1.15,1.15.k,BRTE,6
2674,6/28/2014,77,1,15,l,1.15,1.15.l,BRTE,7
2675,6/28/2014,77,1,15,m,1.15,1.15.m,BRTE,7
2676,6/28/2014,77,1,15,n,1.15,1.15.n,BRTE,7
2677,6/28/2014,77,1,15,o,1.15,1.15.o,BRTE,7
2678,6/28/2014,77,1,15,p,1.15,1.15.p,BRTE,7
2679,6/28/2014,77,1,16,a,1.16,1.16.a,BRTE,6
2680,6/28/2014,77,1,17,a,1.17,1.17.a,BRTE,6
2681,6/28/2014,77,1,18,a,1.18,1.18.a,BRTE,6
2682,6/28/2014,77,1,18,b,1.18,1.18.b,BRTE,5
2683,6/28/2014,77,1,18,c,1.18,1.18.c,BRTE,6
2684,6/28/2014,77,1,18,d,1.18,1.18.d,BRTE,7
2685,6/28/2014,77,1,18,e,1.18,1.18.e,BRTE,7
2686,6/28/2014,77,1,18,f,1.18,1.18.f,BRTE,7
2687,6/28/2014,77,1,18,g,1.18,1.18.g,BRTE,7
2688,6/28/2014,77,1,18,h,1.18,1.18.h,BRTE,8
2689,6/28/2014,77,1,18,i,1.18,1.18.i,BRTE,7
2690,6/28/2014,77,1,18,j,1.18,1.18.j,BRTE,7
2691,6/28/2014,77,1,18,k,1.18,1.18.k,BRTE,7
2692,6/28/2014,77,1,18,l,1.18,1.18.l,BRTE,7
2693,6/28/2014,77,1,18,m,1.18,1.18.m,BRTE,7
2694,6/28/2014,77,1,18,n,1.18,1.18.n,BRTE,7
2695,6/28/2014,77,1,18,o,1.18,1.18.o,BRTE,7
2696,6/28/2014,77,1,18,p,1.18,1.18.p,BRTE,7
2697,6/28/2014,77,3,2,e,3.2,3.2.e,BRTE,4
2698,6/28/2014,77,3,2,f,3.2,3.2.f,BRTE,4
2699,6/28/2014,77,3,2,j,3.2,3.2.j,BRTE,3
2700,6/28/2014,77,3,2,n,3.2,3.2.n,BRTE,4
2701,6/28/2014,77,3,3,l,3.3,3.3.l,BRTE,4
2702,6/28/2014,77,3,4,e,3.4,3.4.e,BRTE,4
2703,6/28/2014,77,3,5,h,3.5,3.5.h,BRTE,3
2704,6/28/2014,77,3,5,l,3.5,3.5.l,BRTE,2
2705,6/28/2014,77,3,5,o,3.5,3.5.o,BRTE,1
2706,6/28/2014,77,3,5,p,3.5,3.5.p,BRTE,4
2707,6/28/2014,77,3,6,a,3.6,3.6.a,BRTE,2
2708,6/28/2014,77,3,9,a,3.9,3.9.a,BRTE,3
2709,6/28/2014,77,3,10,a,3.1,3.10.a,BRTE,3
2710,6/28/2014,77,3,10,b,3.1,3.10.b,BRTE,3
2711,6/28/2014,77,3,10,c,3.1,3.10.c,BRTE,3
2712,6/28/2014,77,3,10,d,3.1,3.10.d,BRTE,3
2713,6/28/2014,77,3,10,e,3.1,3.10.e,BRTE,3
2714,6/28/2014,77,3,10,f,3.1,3.10.f,BRTE,3
2715,6/28/2014,77,3,10,g,3.1,3.10.g,BRTE,3
2716,6/28/2014,77,3,10,h,3.1,3.10.h,BRTE,3
2717,6/28/2014,77,3,10,k,3.1,3.10.k,BRTE,3
2718,6/28/2014,77,3,10,l,3.1,3.10.l,BRTE,3
2719,6/28/2014,77,3,10,n,3.1,3.10.n,BRTE,3
2720,6/28/2014,77,3,10,p,3.1,3.10.p,BRTE,3
2721,6/28/2014,77,3,11,a,3.11,3.11.a,BRTE,2
2722,6/28/2014,77,3,12,b,3.12,3.12.b,BRTE,3
2723,6/28/2014,77,3,12,c,3.12,3.12.c,BRTE,3
2724,6/28/2014,77,3,12,d,3.12,3.12.d,BRTE,3
2725,6/28/2014,77,3,12,e,3.12,3.12.e,BRTE,3
2726,6/28/2014,77,3,12,g,3.12,3.12.g,BRTE,3
2727,6/28/2014,77,3,12,h,3.12,3.12.h,BRTE,3
2728,6/28/2014,77,3,12,i,3.12,3.12.i,BRTE,3
2729,6/28/2014,77,3,12,k,3.12,3.12.k,BRTE,3
2730,6/28/2014,77,3,12,l,3.12,3.12.l,BRTE,3
2731,6/28/2014,77,3,12,m,3.12,3.12.m,BRTE,3
2732,6/28/2014,77,3,12,n,3.12,3.12.n,BRTE,3
2733,6/28/2014,77,3,12,o,3.12,3.12.o,BRTE,3
2734,6/28/2014,77,3,12,p,3.12,3.12.p,BRTE,3
2735,6/28/2014,77,3,13,a,3.13,3.13.a,BRTE,2
2736,6/28/2014,77,3,14,a,3.14,3.14.a,BRTE,2
2737,6/28/2014,77,3,15,a,3.15,3.15.a,BRTE,3
2738,6/28/2014,77,3,15,e,3.15,3.15.e,BRTE,3
2739,6/28/2014,77,3,15,f,3.15,3.15.f,BRTE,4
2740,6/28/2014,77,3,16,a,3.16,3.16.a,BRTE,2
2741,6/28/2014,77,3,17,a,3.17,3.17.a,BRTE,3
2742,6/28/2014,77,3,18,a,3.18,3.18.a,BRTE,2
2743,6/28/2014,77,3,10,b,3.1,3.10.b,CALOC,1
2744,6/28/2014,77,3,10,k,3.1,3.10.k,CALOC,1
2745,6/28/2014,77,3,12,f,3.12,3.12.f,CALOC,1
2746,6/28/2014,77,3,12,k,3.12,3.12.k,CALOC,2
2747,6/28/2014,77,3,4,b,3.4,3.4.b,CALOC,1
2748,6/28/2014,77,3,4,p,3.4,3.4.p,CALOC,1
2749,6/28/2014,77,3,11,a,3.11,3.11.a,CALOC,1
2750,6/28/2014,77,3,12,a,3.12,3.12.a,CALOC,2
2751,6/28/2014,77,3,12,b,3.12,3.12.b,CALOC,2
2752,6/28/2014,77,3,12,c,3.12,3.12.c,CALOC,2
2753,6/28/2014,77,3,12,d,3.12,3.12.d,CALOC,2
2754,6/28/2014,77,3,12,e,3.12,3.12.e,CALOC,2
2755,6/28/2014,77,3,12,g,3.12,3.12.g,CALOC,2
2756,6/28/2014,77,3,12,h,3.12,3.12.h,CALOC,2
2757,6/28/2014,77,3,12,i,3.12,3.12.i,CALOC,2
2758,6/28/2014,77,3,12,j,3.12,3.12.j,CALOC,2
2759,6/28/2014,77,3,12,l,3.12,3.12.l,CALOC,2
2760,6/28/2014,77,3,12,m,3.12,3.12.m,CALOC,2
2761,6/28/2014,77,3,12,n,3.12,3.12.n,CALOC,2
2762,6/28/2014,77,3,12,o,3.12,3.12.o,CALOC,2
2763,6/28/2014,77,3,12,p,3.12,3.12.p,CALOC,2
2764,6/28/2014,77,3,13,n,3.13,3.13.n,CALOC,1
2765,6/28/2014,77,3,10,a,3.1,3.10.a,CALOC,1
2766,6/28/2014,77,3,10,c,3.1,3.10.c,CALOC,1
2767,6/28/2014,77,3,10,d,3.1,3.10.d,CALOC,1
2768,6/28/2014,77,3,10,e,3.1,3.10.e,CALOC,1
2769,6/28/2014,77,3,10,f,3.1,3.10.f,CALOC,1
2770,6/28/2014,77,3,10,g,3.1,3.10.g,CALOC,1
2771,6/28/2014,77,3,10,h,3.1,3.10.h,CALOC,1
2772,6/28/2014,77,3,10,i,3.1,3.10.i,CALOC,1
2773,6/28/2014,77,3,10,j,3.1,3.10.j,CALOC,1
2774,6/28/2014,77,3,10,l,3.1,3.10.l,CALOC,1
2775,6/28/2014,77,3,10,m,3.1,3.10.m,CALOC,1
2776,6/28/2014,77,3,10,n,3.1,3.10.n,CALOC,1
2777,6/28/2014,77,3,10,o,3.1,3.10.o,CALOC,1
2778,6/28/2014,77,3,10,p,3.1,3.10.p,CALOC,1
2779,6/28/2014,77,3,15,p,3.15,3.15.p,CASTI2,2
2780,6/28/2014,77,3,10,f,3.1,3.10.f,DEPI,1
2781,6/28/2014,77,3,10,n,3.1,3.10.n,DEPI,3
2782,6/28/2014,77,3,12,d,3.12,3.12.d,DEPI,3
2783,6/28/2014,77,3,12,f,3.12,3.12.f,DEPI,3
2784,6/28/2014,77,3,12,h,3.12,3.12.h,DEPI,2
2785,6/28/2014,77,3,12,l,3.12,3.12.l,DEPI,2
2786,6/28/2014,77,3,12,n,3.12,3.12.n,DEPI,2
2787,6/28/2014,77,3,1,a,3.1,3.1.a,DEPI,2
2788,6/28/2014,77,1,7,h,1.7,1.7.h,DEPI,2
2789,6/28/2014,77,1,14,a,1.14,1.14.a,DEPI,2
2790,6/28/2014,77,3,2,b,3.2,3.2.b,DEPI,1
2791,6/28/2014,77,3,3,e,3.3,3.3.e,DEPI,2
2792,6/28/2014,77,3,3,f,3.3,3.3.f,DEPI,4
2793,6/28/2014,77,3,3,j,3.3,3.3.j,DEPI,1
2794,6/28/2014,77,3,3,k,3.3,3.3.k,DEPI,1
2795,6/28/2014,77,3,4,a,3.4,3.4.a,DEPI,2
2796,6/28/2014,77,3,4,b,3.4,3.4.b,DEPI,1
2797,6/28/2014,77,3,4,m,3.4,3.4.m,DEPI,2
2798,6/28/2014,77,3,4,o,3.4,3.4.o,DEPI,1
2799,6/28/2014,77,3,5,b,3.5,3.5.b,DEPI,1
2800,6/28/2014,77,3,6,a,3.6,3.6.a,DEPI,2
2801,6/28/2014,77,3,7,a,3.7,3.7.a,DEPI,1
2802,6/28/2014,77,3,9,a,3.9,3.9.a,DEPI,2
2803,6/28/2014,77,3,10,a,3.1,3.10.a,DEPI,3
2804,6/28/2014,77,3,10,b,3.1,3.10.b,DEPI,3
2805,6/28/2014,77,3,10,c,3.1,3.10.c,DEPI,3
2806,6/28/2014,77,3,10,d,3.1,3.10.d,DEPI,3
2807,6/28/2014,77,3,10,e,3.1,3.10.e,DEPI,3
2808,6/28/2014,77,3,10,g,3.1,3.10.g,DEPI,3
2809,6/28/2014,77,3,10,h,3.1,3.10.h,DEPI,3
2810,6/28/2014,77,3,10,i,3.1,3.10.i,DEPI,3
2811,6/28/2014,77,3,10,j,3.1,3.10.j,DEPI,3
2812,6/28/2014,77,3,10,k,3.1,3.10.k,DEPI,3
2813,6/28/2014,77,3,10,l,3.1,3.10.l,DEPI,3
2814,6/28/2014,77,3,10,m,3.1,3.10.m,DEPI,3
2815,6/28/2014,77,3,10,o,3.1,3.10.o,DEPI,3
2816,6/28/2014,77,3,10,p,3.1,3.10.p,DEPI,3
2817,6/28/2014,77,3,12,a,3.12,3.12.a,DEPI,3
2818,6/28/2014,77,3,12,b,3.12,3.12.b,DEPI,3
2819,6/28/2014,77,3,12,c,3.12,3.12.c,DEPI,3
2820,6/28/2014,77,3,12,e,3.12,3.12.e,DEPI,3
2821,6/28/2014,77,3,12,g,3.12,3.12.g,DEPI,3
2822,6/28/2014,77,3,12,i,3.12,3.12.i,DEPI,3
2823,6/28/2014,77,3,12,j,3.12,3.12.j,DEPI,3
2824,6/28/2014,77,3,12,k,3.12,3.12.k,DEPI,3
2825,6/28/2014,77,3,12,m,3.12,3.12.m,DEPI,3
2826,6/28/2014,77,3,12,o,3.12,3.12.o,DEPI,3
2827,6/28/2014,77,3,12,p,3.12,3.12.p,DEPI,3
2828,6/28/2014,77,3,13,j,3.13,3.13.j,DEPI,3
2829,6/28/2014,77,3,13,n,3.13,3.13.n,DEPI,2
2830,6/28/2014,77,3,15,a,3.15,3.15.a,DEPI,2
2831,6/28/2014,77,3,15,b,3.15,3.15.b,DEPI,3
2832,6/28/2014,77,3,15,l,3.15,3.15.l,DEPI,2
2833,6/28/2014,77,3,15,p,3.15,3.15.p,DEPI,3
2834,6/28/2014,77,3,16,a,3.16,3.16.a,DEPI,2
2835,6/28/2014,77,3,17,a,3.17,3.17.a,DEPI,5
2836,6/28/2014,77,3,18,a,3.18,3.18.a,DEPI,4
2837,6/28/2014,77,3,10,c,3.1,3.10.c,DRABA,2
2838,6/28/2014,77,3,10,d,3.1,3.10.d,DRABA,1
2839,6/28/2014,77,3,10,e,3.1,3.10.e,DRABA,1
2840,6/28/2014,77,3,10,g,3.1,3.10.g,DRABA,1
2841,6/28/2014,77,3,10,h,3.1,3.10.h,DRABA,1
2842,6/28/2014,77,3,10,k,3.1,3.10.k,DRABA,2
2843,6/28/2014,77,3,5,a,3.5,3.5.a,DRABA,2
2844,6/28/2014,77,3,5,b,3.5,3.5.b,DRABA,1
2845,6/28/2014,77,3,5,e,3.5,3.5.e,DRABA,3
2846,6/28/2014,77,3,5,f,3.5,3.5.f,DRABA,3
2847,6/28/2014,77,3,5,h,3.5,3.5.h,DRABA,2
2848,6/28/2014,77,3,6,a,3.6,3.6.a,DRABA,3
2849,6/28/2014,77,3,8,a,3.8,3.8.a,DRABA,1
2850,6/28/2014,77,3,9,a,3.9,3.9.a,DRABA,3
2851,6/28/2014,77,3,10,a,3.1,3.10.a,DRABA,2
2852,6/28/2014,77,3,10,b,3.1,3.10.b,DRABA,2
2853,6/28/2014,77,3,10,f,3.1,3.10.f,DRABA,2
2854,6/28/2014,77,3,10,i,3.1,3.10.i,DRABA,2
2855,6/28/2014,77,3,10,j,3.1,3.10.j,DRABA,2
2856,6/28/2014,77,3,10,l,3.1,3.10.l,DRABA,2
2857,6/28/2014,77,3,10,m,3.1,3.10.m,DRABA,2
2858,6/28/2014,77,3,10,n,3.1,3.10.n,DRABA,2
2859,6/28/2014,77,3,10,o,3.1,3.10.o,DRABA,2
2860,6/28/2014,77,3,10,p,3.1,3.10.p,DRABA,2
2861,6/28/2014,77,3,11,a,3.11,3.11.a,DRABA,1
2862,6/28/2014,77,3,12,e,3.12,3.12.e,DRABA,1
2863,6/28/2014,77,3,12,f,3.12,3.12.f,DRABA,2
2864,6/28/2014,77,3,12,i,3.12,3.12.i,DRABA,1
2865,6/28/2014,77,3,12,j,3.12,3.12.j,DRABA,4
2866,6/28/2014,77,3,12,n,3.12,3.12.n,DRABA,1
2867,6/28/2014,77,3,1,a,3.1,3.1.a,DRABA,2
2868,6/28/2014,77,3,2,d,3.2,3.2.d,DRABA,1
2869,6/28/2014,77,3,2,h,3.2,3.2.h,DRABA,3
2870,6/28/2014,77,3,2,l,3.2,3.2.l,DRABA,1
2871,6/28/2014,77,3,3,a,3.3,3.3.a,DRABA,2
2872,6/28/2014,77,3,3,b,3.3,3.3.b,DRABA,3
2873,6/28/2014,77,3,3,c,3.3,3.3.c,DRABA,2
2874,6/28/2014,77,3,3,d,3.3,3.3.d,DRABA,2
2875,6/28/2014,77,3,3,e,3.3,3.3.e,DRABA,3
2876,6/28/2014,77,3,3,f,3.3,3.3.f,DRABA,4
2877,6/28/2014,77,3,3,g,3.3,3.3.g,DRABA,2
2878,6/28/2014,77,3,3,j,3.3,3.3.j,DRABA,2
2879,6/28/2014,77,3,3,k,3.3,3.3.k,DRABA,1
2880,6/28/2014,77,3,3,o,3.3,3.3.o,DRABA,3
2881,6/28/2014,77,3,4,b,3.4,3.4.b,DRABA,1
2882,6/28/2014,77,3,4,f,3.4,3.4.f,DRABA,1
2883,6/28/2014,77,3,4,j,3.4,3.4.j,DRABA,1
2884,6/28/2014,77,3,4,k,3.4,3.4.k,DRABA,1
2885,6/28/2014,77,3,4,n,3.4,3.4.n,DRABA,1
2886,6/28/2014,77,3,12,a,3.12,3.12.a,DRABA,2
2887,6/28/2014,77,3,12,b,3.12,3.12.b,DRABA,2
2888,6/28/2014,77,3,12,c,3.12,3.12.c,DRABA,2
2889,6/28/2014,77,3,12,d,3.12,3.12.d,DRABA,2
2890,6/28/2014,77,3,12,g,3.12,3.12.g,DRABA,2
2891,6/28/2014,77,3,12,h,3.12,3.12.h,DRABA,2
2892,6/28/2014,77,3,12,k,3.12,3.12.k,DRABA,2
2893,6/28/2014,77,3,12,l,3.12,3.12.l,DRABA,2
2894,6/28/2014,77,3,12,m,3.12,3.12.m,DRABA,2
2895,6/28/2014,77,3,12,o,3.12,3.12.o,DRABA,2
2896,6/28/2014,77,3,12,p,3.12,3.12.p,DRABA,2
2897,6/28/2014,77,3,13,h,3.13,3.13.h,DRABA,1
2898,6/28/2014,77,3,13,i,3.13,3.13.i,DRABA,2
2899,6/28/2014,77,3,15,h,3.15,3.15.h,DRABA,1
2900,6/28/2014,77,3,15,p,3.15,3.15.p,DRABA,2
2901,6/28/2014,77,3,1,a,3.1,3.1.a,ERSP,2
2902,6/28/2014,77,3,12,b,3.12,3.12.b,ERCI,4
2903,6/28/2014,77,3,12,i,3.12,3.12.i,ERCI,2
2904,6/28/2014,77,3,12,j,3.12,3.12.j,ERCI,3
2905,6/28/2014,77,3,10,d,3.1,3.10.d,ERCI,4
2906,6/28/2014,77,3,10,i,3.1,3.10.i,ERCI,4
2907,6/28/2014,77,1,1,a,1.1,1.1.a,ERCI,4
2908,6/28/2014,77,1,1,b,1.1,1.1.b,ERCI,5
2909,6/28/2014,77,1,1,c,1.1,1.1.c,ERCI,5
2910,6/28/2014,77,1,1,d,1.1,1.1.d,ERCI,5
2911,6/28/2014,77,1,1,e,1.1,1.1.e,ERCI,5
2912,6/28/2014,77,1,1,f,1.1,1.1.f,ERCI,5
2913,6/28/2014,77,1,1,g,1.1,1.1.g,ERCI,5
2914,6/28/2014,77,1,1,h,1.1,1.1.h,ERCI,6
2915,6/28/2014,77,1,1,i,1.1,1.1.i,ERCI,5
2916,6/28/2014,77,1,1,j,1.1,1.1.j,ERCI,5
2917,6/28/2014,77,1,1,k,1.1,1.1.k,ERCI,5
2918,6/28/2014,77,1,1,l,1.1,1.1.l,ERCI,6
2919,6/28/2014,77,1,1,m,1.1,1.1.m,ERCI,5
2920,6/28/2014,77,1,1,n,1.1,1.1.n,ERCI,6
2921,6/28/2014,77,1,1,o,1.1,1.1.o,ERCI,6
2922,6/28/2014,77,1,1,p,1.1,1.1.p,ERCI,6
2923,6/28/2014,77,1,2,p,1.2,1.2.p,ERCI,1
2924,6/28/2014,77,1,3,a,1.3,1.3.a,ERCI,3
2925,6/28/2014,77,1,4,a,1.4,1.4.a,ERCI,6
2926,6/28/2014,77,1,5,a,1.5,1.5.a,ERCI,4
2927,6/28/2014,77,1,7,a,1.7,1.7.a,ERCI,6
2928,6/28/2014,77,1,7,b,1.7,1.7.b,ERCI,6
2929,6/28/2014,77,1,7,c,1.7,1.7.c,ERCI,5
2930,6/28/2014,77,1,7,d,1.7,1.7.d,ERCI,5
2931,6/28/2014,77,1,7,e,1.7,1.7.e,ERCI,5
2932,6/28/2014,77,1,7,f,1.7,1.7.f,ERCI,5
2933,6/28/2014,77,1,7,g,1.7,1.7.g,ERCI,5
2934,6/28/2014,77,1,7,h,1.7,1.7.h,ERCI,5
2935,6/28/2014,77,1,7,i,1.7,1.7.i,ERCI,5
2936,6/28/2014,77,1,7,j,1.7,1.7.j,ERCI,5
2937,6/28/2014,77,1,7,k,1.7,1.7.k,ERCI,4
2938,6/28/2014,77,1,7,l,1.7,1.7.l,ERCI,6
2939,6/28/2014,77,1,7,m,1.7,1.7.m,ERCI,4
2940,6/28/2014,77,1,7,n,1.7,1.7.n,ERCI,4
2941,6/28/2014,77,1,7,o,1.7,1.7.o,ERCI,5
2942,6/28/2014,77,1,7,p,1.7,1.7.p,ERCI,5
2943,6/28/2014,77,1,8,a,1.8,1.8.a,ERCI,5
2944,6/28/2014,77,1,9,a,1.9,1.9.a,ERCI,2
2945,6/28/2014,77,1,10,a,1.1,1.10.a,ERCI,6
2946,6/28/2014,77,1,11,a,1.11,1.11.a,ERCI,4
2947,6/28/2014,77,1,11,b,1.11,1.11.b,ERCI,3
2948,6/28/2014,77,1,11,c,1.11,1.11.c,ERCI,4
2949,6/28/2014,77,1,11,d,1.11,1.11.d,ERCI,5
2950,6/28/2014,77,1,11,e,1.11,1.11.e,ERCI,2
2951,6/28/2014,77,1,11,f,1.11,1.11.f,ERCI,3
2952,6/28/2014,77,1,11,g,1.11,1.11.g,ERCI,4
2953,6/28/2014,77,1,11,h,1.11,1.11.h,ERCI,2
2954,6/28/2014,77,1,11,m,1.11,1.11.m,ERCI,3
2955,6/28/2014,77,1,11,n,1.11,1.11.n,ERCI,3
2956,6/28/2014,77,1,11,o,1.11,1.11.o,ERCI,2
2957,6/28/2014,77,1,13,a,1.13,1.13.a,ERCI,4
2958,6/28/2014,77,1,14,a,1.14,1.14.a,ERCI,4
2959,6/28/2014,77,1,15,a,1.15,1.15.a,ERCI,2
2960,6/28/2014,77,1,15,b,1.15,1.15.b,ERCI,3
2961,6/28/2014,77,1,15,c,1.15,1.15.c,ERCI,4
2962,6/28/2014,77,1,15,d,1.15,1.15.d,ERCI,4
2963,6/28/2014,77,1,15,e,1.15,1.15.e,ERCI,5
2964,6/28/2014,77,1,15,f,1.15,1.15.f,ERCI,5
2965,6/28/2014,77,1,15,g,1.15,1.15.g,ERCI,5
2966,6/28/2014,77,1,15,h,1.15,1.15.h,ERCI,4
2967,6/28/2014,77,1,15,i,1.15,1.15.i,ERCI,5
2968,6/28/2014,77,1,15,j,1.15,1.15.j,ERCI,4
2969,6/28/2014,77,1,15,k,1.15,1.15.k,ERCI,5
2970,6/28/2014,77,1,15,l,1.15,1.15.l,ERCI,4
2971,6/28/2014,77,1,15,m,1.15,1.15.m,ERCI,4
2972,6/28/2014,77,1,15,o,1.15,1.15.o,ERCI,4
2973,6/28/2014,77,1,15,p,1.15,1.15.p,ERCI,4
2974,6/28/2014,77,1,16,a,1.16,1.16.a,ERCI,4
2975,6/28/2014,77,1,17,a,1.17,1.17.a,ERCI,4
2976,6/28/2014,77,1,18,a,1.18,1.18.a,ERCI,4
2977,6/28/2014,77,1,18,b,1.18,1.18.b,ERCI,4
2978,6/28/2014,77,1,18,c,1.18,1.18.c,ERCI,4
2979,6/28/2014,77,1,18,d,1.18,1.18.d,ERCI,3
2980,6/28/2014,77,1,18,e,1.18,1.18.e,ERCI,4
2981,6/28/2014,77,1,18,f,1.18,1.18.f,ERCI,4
2982,6/28/2014,77,1,18,g,1.18,1.18.g,ERCI,4
2983,6/28/2014,77,1,18,h,1.18,1.18.h,ERCI,3
2984,6/28/2014,77,1,18,i,1.18,1.18.i,ERCI,3
2985,6/28/2014,77,1,18,j,1.18,1.18.j,ERCI,3
2986,6/28/2014,77,1,18,k,1.18,1.18.k,ERCI,3
2987,6/28/2014,77,1,18,l,1.18,1.18.l,ERCI,4
2988,6/28/2014,77,1,18,m,1.18,1.18.m,ERCI,3
2989,6/28/2014,77,1,18,n,1.18,1.18.n,ERCI,3
2990,6/28/2014,77,1,18,o,1.18,1.18.o,ERCI,1
2991,6/28/2014,77,1,18,p,1.18,1.18.p,ERCI,4
2992,6/28/2014,77,3,1,a,3.1,3.1.a,ERCI,4
2993,6/28/2014,77,3,2,a,3.2,3.2.a,ERCI,3
2994,6/28/2014,77,3,2,b,3.2,3.2.b,ERCI,2
2995,6/28/2014,77,3,2,e,3.2,3.2.e,ERCI,4
2996,6/28/2014,77,3,2,f,3.2,3.2.f,ERCI,5
2997,6/28/2014,77,3,2,j,3.2,3.2.j,ERCI,3
2998,6/28/2014,77,3,2,n,3.2,3.2.n,ERCI,4
2999,6/28/2014,77,3,5,f,3.5,3.5.f,ERCI,3
3000,6/28/2014,77,3,5,i,3.5,3.5.i,ERCI,4
3001,6/28/2014,77,3,5,l,3.5,3.5.l,ERCI,4
3002,6/28/2014,77,3,6,a,3.6,3.6.a,ERCI,4
3003,6/28/2014,77,3,7,a,3.7,3.7.a,ERCI,3
3004,6/28/2014,77,3,8,a,3.8,3.8.a,ERCI,3
3005,6/28/2014,77,3,9,a,3.9,3.9.a,ERCI,4
3006,6/28/2014,77,3,10,a,3.1,3.10.a,ERCI,4
3007,6/28/2014,77,3,10,b,3.1,3.10.b,ERCI,4
3008,6/28/2014,77,3,10,c,3.1,3.10.c,ERCI,4
3009,6/28/2014,77,3,10,e,3.1,3.10.e,ERCI,4
3010,6/28/2014,77,3,10,f,3.1,3.10.f,ERCI,4
3011,6/28/2014,77,3,10,g,3.1,3.10.g,ERCI,4
3012,6/28/2014,77,3,10,h,3.1,3.10.h,ERCI,4
3013,6/28/2014,77,3,10,j,3.1,3.10.j,ERCI,4
3014,6/28/2014,77,3,10,k,3.1,3.10.k,ERCI,4
3015,6/28/2014,77,3,10,l,3.1,3.10.l,ERCI,4
3016,6/28/2014,77,3,10,m,3.1,3.10.m,ERCI,4
3017,6/28/2014,77,3,10,n,3.1,3.10.n,ERCI,4
3018,6/28/2014,77,3,10,o,3.1,3.10.o,ERCI,4
3019,6/28/2014,77,3,10,p,3.1,3.10.p,ERCI,4
3020,6/28/2014,77,3,11,a,3.11,3.11.a,ERCI,4
3021,6/28/2014,77,3,12,a,3.12,3.12.a,ERCI,3
3022,6/28/2014,77,3,12,c,3.12,3.12.c,ERCI,3
3023,6/28/2014,77,3,12,d,3.12,3.12.d,ERCI,3
3024,6/28/2014,77,3,12,e,3.12,3.12.e,ERCI,3
3025,6/28/2014,77,3,12,f,3.12,3.12.f,ERCI,3
3026,6/28/2014,77,3,12,g,3.12,3.12.g,ERCI,3
3027,6/28/2014,77,3,12,h,3.12,3.12.h,ERCI,3
3028,6/28/2014,77,3,12,k,3.12,3.12.k,ERCI,3
3029,6/28/2014,77,3,12,l,3.12,3.12.l,ERCI,3
3030,6/28/2014,77,3,12,m,3.12,3.12.m,ERCI,3
3031,6/28/2014,77,3,12,n,3.12,3.12.n,ERCI,3
3032,6/28/2014,77,3,12,o,3.12,3.12.o,ERCI,3
3033,6/28/2014,77,3,12,p,3.12,3.12.p,ERCI,3
3034,6/28/2014,77,3,13,a,3.13,3.13.a,ERCI,4
3035,6/28/2014,77,3,13,l,3.13,3.13.l,ERCI,3
3036,6/28/2014,77,3,16,a,3.16,3.16.a,ERCI,2
3037,6/28/2014,77,3,17,a,3.17,3.17.a,ERCI,3
3038,6/28/2014,77,3,18,a,3.18,3.18.a,ERCI,2
3039,6/28/2014,77,3,6,a,3.6,3.6.a,ERSP,2
3040,6/28/2014,77,1,15,a,1.15,1.15.a,ERUM,5
3041,6/28/2014,77,3,3,f,3.3,3.3.f,ERSI,4
3042,6/28/2014,77,3,3,g,3.3,3.3.g,ERSI,4
3043,6/28/2014,77,3,3,h,3.3,3.3.h,ERSI,3
3044,6/28/2014,77,3,3,k,3.3,3.3.k,ERSI,3
3045,6/28/2014,77,3,3,o,3.3,3.3.o,ERSI,3
3046,6/28/2014,77,3,4,a,3.4,3.4.a,ERSI,3
3047,6/28/2014,77,3,4,c,3.4,3.4.c,ERSI,4
3048,6/28/2014,77,3,4,e,3.4,3.4.e,ERSI,4
3049,6/28/2014,77,3,4,f,3.4,3.4.f,ERSI,4
3050,6/28/2014,77,1,17,a,1.17,1.17.a,UNKFORB,1
3051,6/28/2014,77,1,2,m,1.2,1.2.m,UNKFORB,1
3052,6/28/2014,77,3,8,a,3.8,3.8.a,Gilia,4
3053,6/28/2014,77,3,11,a,3.11,3.11.a,Gilia,3
3054,6/28/2014,77,3,13,g,3.13,3.13.g,Gilia,1
3055,6/28/2014,77,3,13,h,3.13,3.13.h,Gilia,1
3056,6/28/2014,77,3,13,o,3.13,3.13.o,Gilia,1
3057,6/28/2014,77,3,14,a,3.14,3.14.a,Gilia,3
3058,6/28/2014,77,3,16,a,3.16,3.16.a,Gilia,2
3059,6/28/2014,77,3,17,a,3.17,3.17.a,Gilia,1
3060,6/28/2014,77,3,1,a,3.1,3.1.a,Gilia,2
3061,6/28/2014,77,3,2,j,3.2,3.2.j,Gilia,1
3062,6/28/2014,77,3,2,m,3.2,3.2.m,Gilia,1
3063,6/28/2014,77,3,6,a,3.6,3.6.a,Gilia,3
3064,6/28/2014,77,3,13,e,3.13,3.13.e,Gilia,2
3065,6/28/2014,77,3,13,o,3.13,3.13.o,Gilia,2
3066,6/28/2014,77,3,15,c,3.15,3.15.c,Gilia,1
3067,6/28/2014,77,3,15,m,3.15,3.15.m,Gilia,3
3068,6/28/2014,77,3,16,a,3.16,3.16.a,Gilia,3
3069,6/28/2014,77,3,18,a,3.18,3.18.a,Gilia,1
3070,6/28/2014,77,3,12,e,3.12,3.12.e,Gilia,1
3071,6/28/2014,77,3,12,i,3.12,3.12.i,Gilia,2
3072,6/28/2014,77,3,12,n,3.12,3.12.n,Gilia,1
3073,6/28/2014,77,3,12,p,3.12,3.12.p,Gilia,4
3074,6/28/2014,77,3,1,a,3.1,3.1.a,Gilia,2
3075,6/28/2014,77,3,10,a,3.1,3.10.a,Gilia ,2
3076,6/28/2014,77,3,10,f,3.1,3.10.f,Gilia ,1
3077,6/28/2014,77,3,10,i,3.1,3.10.i,Gilia ,2
3078,6/28/2014,77,3,5,d,3.5,3.5.d,Gilia ,2
3079,6/28/2014,77,3,5,h,3.5,3.5.h,Gilia ,3
3080,6/28/2014,77,3,7,a,3.7,3.7.a,Gilia ,3
3081,6/28/2014,77,3,12,o,3.12,3.12.o,Gilia ,2
3082,6/28/2014,77,3,3,a,3.3,3.3.a,Gilia ,2
3083,6/28/2014,77,3,3,e,3.3,3.3.e,Gilia ,2
3084,6/28/2014,77,3,3,g,3.3,3.3.g,Gilia ,2
3085,6/28/2014,77,3,3,p,3.3,3.3.p,Gilia ,2
3086,6/28/2014,77,3,4,a,3.4,3.4.a,Gilia ,3
3087,6/28/2014,77,3,5,c,3.5,3.5.c,Gilia ,3
3088,6/28/2014,77,3,5,k,3.5,3.5.k,Gilia ,3
3089,6/28/2014,77,3,9,a,3.9,3.9.a,Gilia ,2
3090,6/28/2014,77,3,14,a,3.14,3.14.a,Gilia ,3
3091,6/28/2014,77,3,10,n,3.1,3.10.n,Gilia ,2
3092,6/28/2014,77,3,10,b,3.1,3.10.b,Gilia ,1
3093,6/28/2014,77,3,10,c,3.1,3.10.c,Gilia ,1
3094,6/28/2014,77,3,10,d,3.1,3.10.d,Gilia ,1
3095,6/28/2014,77,3,10,e,3.1,3.10.e,Gilia ,1
3096,6/28/2014,77,3,10,g,3.1,3.10.g,Gilia ,1
3097,6/28/2014,77,3,10,h,3.1,3.10.h,Gilia ,1
3098,6/28/2014,77,3,10,j,3.1,3.10.j,Gilia ,1
3099,6/28/2014,77,3,10,k,3.1,3.10.k,Gilia ,1
3100,6/28/2014,77,3,10,l,3.1,3.10.l,Gilia ,1
3101,6/28/2014,77,3,10,m,3.1,3.10.m,Gilia ,1
3102,6/28/2014,77,3,10,n,3.1,3.10.n,Gilia ,1
3103,6/28/2014,77,3,10,o,3.1,3.10.o,Gilia ,1
3104,6/28/2014,77,3,10,p,3.1,3.10.p,Gilia ,1
3105,6/28/2014,77,3,8,a,3.8,3.8.a,UNKGRASS,1
3106,6/28/2014,77,1,1,a,1.1,1.1.a,ACHY,1
3107,6/28/2014,77,1,1,l,1.1,1.1.l,ACHY,1
3108,6/28/2014,77,3,1,a,3.1,3.1.a,UNKGRASS,2
3109,6/28/2014,77,3,2,a,3.2,3.2.a,UNKGRASS,1
3110,6/28/2014,77,1,10,a,1.1,1.10.a,SPCR,1
3111,6/28/2014,77,1,11,i,1.11,1.11.i,UNKFORB,1
3112,6/28/2014,77,1,2,i,1.2,1.2.i,UNKFORB,1
3113,6/28/2014,77,1,2,j,1.2,1.2.j,UNKFORB,1
3114,6/28/2014,77,1,2,k,1.2,1.2.k,UNKFORB,2
3115,6/28/2014,77,1,2,l,1.2,1.2.l,UNKFORB,1
3116,6/28/2014,77,1,2,m,1.2,1.2.m,UNKFORB,2
3117,6/28/2014,77,1,2,n,1.2,1.2.n,UNKFORB,1
3118,6/28/2014,77,3,12,p,3.12,3.12.p,GUSA,4
3119,6/28/2014,77,3,12,a,3.12,3.12.a,GUSA,2
3120,6/28/2014,77,3,12,b,3.12,3.12.b,GUSA,2
3121,6/28/2014,77,3,12,c,3.12,3.12.c,GUSA,2
3122,6/28/2014,77,3,12,d,3.12,3.12.d,GUSA,2
3123,6/28/2014,77,3,12,e,3.12,3.12.e,GUSA,2
3124,6/28/2014,77,3,12,f,3.12,3.12.f,GUSA,2
3125,6/28/2014,77,3,12,g,3.12,3.12.g,GUSA,2
3126,6/28/2014,77,3,12,h,3.12,3.12.h,GUSA,2
3127,6/28/2014,77,3,12,i,3.12,3.12.i,GUSA,2
3128,6/28/2014,77,3,12,j,3.12,3.12.j,GUSA,2
3129,6/28/2014,77,3,12,k,3.12,3.12.k,GUSA,2
3130,6/28/2014,77,3,12,l,3.12,3.12.l,GUSA,2
3131,6/28/2014,77,3,12,m,3.12,3.12.m,GUSA,2
3132,6/28/2014,77,3,12,n,3.12,3.12.n,GUSA,2
3133,6/28/2014,77,3,12,o,3.12,3.12.o,GUSA,2
3134,6/28/2014,77,1,13,a,1.13,1.13.a,HEAN,2
3135,6/28/2014,77,3,2,k,3.2,3.2.k,HEAN,2
3136,6/28/2014,77,3,2,n,3.2,3.2.n,HEAN,4
3137,6/28/2014,77,3,2,p,3.2,3.2.p,HEAN,2
3138,6/28/2014,77,3,9,a,3.9,3.9.a,HEAN,1
3139,6/28/2014,77,3,11,a,3.11,3.11.a,HEAN,1
3140,6/28/2014,77,3,16,a,3.16,3.16.a,CHAL,1
3141,6/28/2014,77,3,12,p,3.12,3.12.p,CHAL,3
3142,6/28/2014,77,1,11,e,1.11,1.11.e,UNKSHRUB,5
3143,6/28/2014,77,1,3,a,1.3,1.3.a,LEMO,3
3144,6/28/2014,77,1,7,p,1.7,1.7.p,LEMO,1
3145,6/28/2014,77,1,10,a,1.1,1.10.a,LEMO,1
3146,6/28/2014,77,1,7,h,1.7,1.7.h,Linum,3
3147,6/28/2014,77,1,7,k,1.7,1.7.k,Linum,6
3148,6/28/2014,77,3,10,f,3.1,3.10.f,Linum,6
3149,6/28/2014,77,3,10,l,3.1,3.10.l,Linum,2
3150,6/28/2014,77,1,2,k,1.2,1.2.k,Linum,1
3151,6/28/2014,77,1,11,i,1.11,1.11.i,Linum,1
3152,6/28/2014,77,1,11,m,1.11,1.11.m,Linum,1
3153,6/28/2014,77,1,14,a,1.14,1.14.a,Linum,1
3154,6/28/2014,77,3,3,f,3.3,3.3.f,Linum,3
3155,6/28/2014,77,3,3,l,3.3,3.3.l,Linum,3
3156,6/28/2014,77,3,9,a,3.9,3.9.a,Linum,1
3157,6/28/2014,77,3,10,a,3.1,3.10.a,Linum,4
3158,6/28/2014,77,3,10,b,3.1,3.10.b,Linum,4
3159,6/28/2014,77,3,10,c,3.1,3.10.c,Linum,4
3160,6/28/2014,77,3,10,d,3.1,3.10.d,Linum,4
3161,6/28/2014,77,3,10,e,3.1,3.10.e,Linum,4
3162,6/28/2014,77,3,10,g,3.1,3.10.g,Linum,4
3163,6/28/2014,77,3,10,h,3.1,3.10.h,Linum,4
3164,6/28/2014,77,3,10,i,3.1,3.10.i,Linum,4
3165,6/28/2014,77,3,10,j,3.1,3.10.j,Linum,4
3166,6/28/2014,77,3,10,k,3.1,3.10.k,Linum,4
3167,6/28/2014,77,3,10,m,3.1,3.10.m,Linum,4
3168,6/28/2014,77,3,10,n,3.1,3.10.n,Linum,4
3169,6/28/2014,77,3,10,o,3.1,3.10.o,Linum,4
3170,6/28/2014,77,3,10,p,3.1,3.10.p,Linum,4
3171,6/28/2014,77,1,16,a,1.16,1.16.a,MACA,3
3172,6/28/2014,77,1,4,a,1.4,1.4.a,MACA,3
3173,6/28/2014,77,1,12,a,1.12,1.12.a,MACA,3
3174,6/28/2014,77,1,15,g,1.15,1.15.g,MACA,4
3175,6/28/2014,77,1,8,a,1.8,1.8.a,MACA,2
3176,6/28/2014,77,1,11,c,1.11,1.11.c,MEAL,1
3177,6/28/2014,77,1,14,a,1.14,1.14.a,MEAL,1
3178,6/28/2014,77,1,17,a,1.17,1.17.a,MEAL,2
3179,6/28/2014,77,1,17,a,1.17,1.17.a,UNKFORB,1
3180,6/28/2014,77,3,2,j,3.2,3.2.j,UNKFORB,1
3181,6/28/2014,77,3,2,n,3.2,3.2.n,UNKFORB,1
3182,6/28/2014,77,3,10,a,3.1,3.10.a,OEPA,3
3183,6/28/2014,77,3,10,b,3.1,3.10.b,OEPA,4
3184,6/28/2014,77,3,10,d,3.1,3.10.d,OEPA,4
3185,6/28/2014,77,3,10,e,3.1,3.10.e,OEPA,3
3186,6/28/2014,77,3,10,f,3.1,3.10.f,OEPA,3
3187,6/28/2014,77,3,10,g,3.1,3.10.g,OEPA,4
3188,6/28/2014,77,3,10,i,3.1,3.10.i,OEPA,3
3189,6/28/2014,77,3,10,j,3.1,3.10.j,OEPA,5
3190,6/28/2014,77,3,10,k,3.1,3.10.k,OEPA,3
3191,6/28/2014,77,3,10,l,3.1,3.10.l,OEPA,4
3192,6/28/2014,77,3,10,m,3.1,3.10.m,OEPA,4
3193,6/28/2014,77,3,10,o,3.1,3.10.o,OEPA,4
3194,6/28/2014,77,3,10,p,3.1,3.10.p,OEPA,5
3195,6/28/2014,77,3,12,a,3.12,3.12.a,OEPA,4
3196,6/28/2014,77,3,12,b,3.12,3.12.b,OEPA,5
3197,6/28/2014,77,3,12,c,3.12,3.12.c,OEPA,6
3198,6/28/2014,77,3,12,d,3.12,3.12.d,OEPA,7
3199,6/28/2014,77,3,12,e,3.12,3.12.e,OEPA,5
3200,6/28/2014,77,3,12,g,3.12,3.12.g,OEPA,6
3201,6/28/2014,77,3,12,m,3.12,3.12.m,OEPA,5
3202,6/28/2014,77,1,13,a,1.13,1.13.a,OEPA,2
3203,6/28/2014,77,1,8,a,1.8,1.8.a,OEPA,2
3204,6/28/2014,77,1,9,a,1.9,1.9.a,OEPA,1
3205,6/28/2014,77,1,18,k,1.18,1.18.k,OEPA,1
3206,6/28/2014,77,1,18,n,1.18,1.18.n,OEPA,1
3207,6/28/2014,77,3,1,a,3.1,3.1.a,OEPA,4
3208,6/28/2014,77,3,2,b,3.2,3.2.b,OEPA,6
3209,6/28/2014,77,3,2,c,3.2,3.2.c,OEPA,5
3210,6/28/2014,77,3,2,e,3.2,3.2.e,OEPA,5
3211,6/28/2014,77,3,2,f,3.2,3.2.f,OEPA,5
3212,6/28/2014,77,3,2,g,3.2,3.2.g,OEPA,4
3213,6/28/2014,77,3,2,h,3.2,3.2.h,OEPA,4
3214,6/28/2014,77,3,2,i,3.2,3.2.i,OEPA,4
3215,6/28/2014,77,3,2,j,3.2,3.2.j,OEPA,2
3216,6/28/2014,77,3,2,k,3.2,3.2.k,OEPA,5
3217,6/28/2014,77,3,2,l,3.2,3.2.l,OEPA,4
3218,6/28/2014,77,3,2,m,3.2,3.2.m,OEPA,3
3219,6/28/2014,77,3,2,o,3.2,3.2.o,OEPA,5
3220,6/28/2014,77,3,2,p,3.2,3.2.p,OEPA,4
3221,6/28/2014,77,3,3,c,3.3,3.3.c,OEPA,4
3222,6/28/2014,77,3,3,d,3.3,3.3.d,OEPA,3
3223,6/28/2014,77,3,3,g,3.3,3.3.g,OEPA,4
3224,6/28/2014,77,3,3,h,3.3,3.3.h,OEPA,4
3225,6/28/2014,77,3,3,k,3.3,3.3.k,OEPA,4
3226,6/28/2014,77,3,3,p,3.3,3.3.p,OEPA,4
3227,6/28/2014,77,3,4,a,3.4,3.4.a,OEPA,7
3228,6/28/2014,77,3,4,f,3.4,3.4.f,OEPA,5
3229,6/28/2014,77,3,4,m,3.4,3.4.m,OEPA,5
3230,6/28/2014,77,3,4,n,3.4,3.4.n,OEPA,5
3231,6/28/2014,77,3,4,o,3.4,3.4.o,OEPA,5
3232,6/28/2014,77,3,5,a,3.5,3.5.a,OEPA,4
3233,6/28/2014,77,3,5,b,3.5,3.5.b,OEPA,5
3234,6/28/2014,77,3,5,e,3.5,3.5.e,OEPA,4
3235,6/28/2014,77,3,5,g,3.5,3.5.g,OEPA,5
3236,6/28/2014,77,3,5,h,3.5,3.5.h,OEPA,4
3237,6/28/2014,77,3,5,i,3.5,3.5.i,OEPA,4
3238,6/28/2014,77,3,5,l,3.5,3.5.l,OEPA,3
3239,6/28/2014,77,3,5,m,3.5,3.5.m,OEPA,6
3240,6/28/2014,77,3,5,n,3.5,3.5.n,OEPA,5
3241,6/28/2014,77,3,5,o,3.5,3.5.o,OEPA,4
3242,6/28/2014,77,3,5,p,3.5,3.5.p,OEPA,4
3243,6/28/2014,77,3,6,a,3.6,3.6.a,OEPA,5
3244,6/28/2014,77,3,7,a,3.7,3.7.a,OEPA,5
3245,6/28/2014,77,3,8,a,3.8,3.8.a,OEPA,4
3246,6/28/2014,77,3,9,a,3.9,3.9.a,OEPA,4
3247,6/28/2014,77,3,10,c,3.1,3.10.c,OEPA,4
3248,6/28/2014,77,3,10,h,3.1,3.10.h,OEPA,4
3249,6/28/2014,77,3,10,n,3.1,3.10.n,OEPA,4
3250,6/28/2014,77,3,11,a,3.11,3.11.a,OEPA,4
3251,6/28/2014,77,3,12,f,3.12,3.12.f,OEPA,5
3252,6/28/2014,77,3,12,h,3.12,3.12.h,OEPA,5
3253,6/28/2014,77,3,12,i,3.12,3.12.i,OEPA,5
3254,6/28/2014,77,3,12,j,3.12,3.12.j,OEPA,5
3255,6/28/2014,77,3,12,k,3.12,3.12.k,OEPA,5
3256,6/28/2014,77,3,12,l,3.12,3.12.l,OEPA,5
3257,6/28/2014,77,3,12,n,3.12,3.12.n,OEPA,5
3258,6/28/2014,77,3,12,o,3.12,3.12.o,OEPA,5
3259,6/28/2014,77,3,12,p,3.12,3.12.p,OEPA,5
3260,6/28/2014,77,3,13,a,3.13,3.13.a,OEPA,5
3261,6/28/2014,77,3,13,c,3.13,3.13.c,OEPA,4
3262,6/28/2014,77,3,13,d,3.13,3.13.d,OEPA,6
3263,6/28/2014,77,3,13,h,3.13,3.13.h,OEPA,5
3264,6/28/2014,77,3,13,k,3.13,3.13.k,OEPA,6
3265,6/28/2014,77,3,13,l,3.13,3.13.l,OEPA,5
3266,6/28/2014,77,3,13,p,3.13,3.13.p,OEPA,6
3267,6/28/2014,77,3,14,a,3.14,3.14.a,OEPA,4
3268,6/28/2014,77,3,15,l,3.15,3.15.l,OEPA,4
3269,6/28/2014,77,3,16,a,3.16,3.16.a,OEPA,4
3270,6/28/2014,77,3,17,a,3.17,3.17.a,OEPA,5
3271,6/28/2014,77,3,18,a,3.18,3.18.a,OEPA,5
3272,6/28/2014,77,1,2,f,1.2,1.2.f,PAMU,1
3273,6/28/2014,77,1,2,m,1.2,1.2.m,PAMU,1
3274,6/28/2014,77,1,2,n,1.2,1.2.n,PAMU,1
3275,6/28/2014,77,3,5,d,3.5,3.5.d,PEST,1
3276,6/28/2014,77,3,12,a,3.12,3.12.a,PHLOX,3
3277,6/28/2014,77,3,12,b,3.12,3.12.b,PHLOX,2
3278,6/28/2014,77,3,12,c,3.12,3.12.c,PHLOX,3
3279,6/28/2014,77,3,12,f,3.12,3.12.f,PHLOX,1
3280,6/28/2014,77,3,12,j,3.12,3.12.j,PHLOX,2
3281,6/28/2014,77,3,12,m,3.12,3.12.m,PHLOX,3
3282,6/28/2014,77,3,12,n,3.12,3.12.n,PHLOX,1
3283,6/28/2014,77,3,5,c,3.5,3.5.c,PHLOX,4
3284,6/28/2014,77,3,5,f,3.5,3.5.f,PHLOX,1
3285,6/28/2014,77,3,5,g,3.5,3.5.g,PHLOX,2
3286,6/28/2014,77,3,5,h,3.5,3.5.h,PHLOX,2
3287,6/28/2014,77,3,6,a,3.6,3.6.a,PHLOX,1
3288,6/28/2014,77,3,9,a,3.9,3.9.a,PHLOX,3
3289,6/28/2014,77,3,10,a,3.1,3.10.a,PHLOX,2
3290,6/28/2014,77,3,10,b,3.1,3.10.b,PHLOX,2
3291,6/28/2014,77,3,10,c,3.1,3.10.c,PHLOX,2
3292,6/28/2014,77,3,10,d,3.1,3.10.d,PHLOX,2
3293,6/28/2014,77,3,10,e,3.1,3.10.e,PHLOX,2
3294,6/28/2014,77,3,10,f,3.1,3.10.f,PHLOX,2
3295,6/28/2014,77,3,10,g,3.1,3.10.g,PHLOX,2
3296,6/28/2014,77,3,10,h,3.1,3.10.h,PHLOX,2
3297,6/28/2014,77,3,10,i,3.1,3.10.i,PHLOX,2
3298,6/28/2014,77,3,10,j,3.1,3.10.j,PHLOX,2
3299,6/28/2014,77,3,10,k,3.1,3.10.k,PHLOX,2
3300,6/28/2014,77,3,10,l,3.1,3.10.l,PHLOX,2
3301,6/28/2014,77,3,10,m,3.1,3.10.m,PHLOX,2
3302,6/28/2014,77,3,10,n,3.1,3.10.n,PHLOX,2
3303,6/28/2014,77,3,10,o,3.1,3.10.o,PHLOX,2
3304,6/28/2014,77,3,10,p,3.1,3.10.p,PHLOX,2
3305,6/28/2014,77,3,12,d,3.12,3.12.d,PHLOX,2
3306,6/28/2014,77,3,12,e,3.12,3.12.e,PHLOX,2
3307,6/28/2014,77,3,12,g,3.12,3.12.g,PHLOX,2
3308,6/28/2014,77,3,12,h,3.12,3.12.h,PHLOX,2
3309,6/28/2014,77,3,12,i,3.12,3.12.i,PHLOX,2
3310,6/28/2014,77,3,12,k,3.12,3.12.k,PHLOX,2
3311,6/28/2014,77,3,12,l,3.12,3.12.l,PHLOX,2
3312,6/28/2014,77,3,12,o,3.12,3.12.o,PHLOX,2
3313,6/28/2014,77,3,12,p,3.12,3.12.p,PHLOX,2
3314,6/28/2014,77,3,13,g,3.13,3.13.g,PHLOX,1
3315,6/28/2014,77,3,14,a,3.14,3.14.a,PHLOX,1
3316,6/28/2014,77,3,15,k,3.15,3.15.k,PHLOX,1
3317,6/28/2014,77,3,15,l,3.15,3.15.l,PHLOX,3
3318,6/28/2014,77,3,15,o,3.15,3.15.o,PHLOX,1
3319,6/28/2014,77,3,15,p,3.15,3.15.p,PHLOX,2
3320,6/28/2014,77,3,17,a,3.17,3.17.a,PHLOX,1
3321,6/28/2014,77,3,3,d,3.3,3.3.d,PHLOX,1
3322,6/28/2014,77,3,3,g,3.3,3.3.g,PHLOX,3
3323,6/28/2014,77,3,3,h,3.3,3.3.h,PHLOX,2
3324,6/28/2014,77,3,3,j,3.3,3.3.j,PHLOX,3
3325,6/28/2014,77,3,3,l,3.3,3.3.l,PHLOX,3
3326,6/28/2014,77,3,3,n,3.3,3.3.n,PHLOX,4
3327,6/28/2014,77,3,3,o,3.3,3.3.o,PHLOX,3
3328,6/28/2014,77,3,3,p,3.3,3.3.p,PHLOX,2
3329,6/28/2014,77,3,11,a,3.11,3.11.a,PLPA,3
3330,6/28/2014,77,3,12,e,3.12,3.12.e,PLPA,1
3331,6/28/2014,77,3,12,i,3.12,3.12.i,PLPA,2
3332,6/28/2014,77,3,12,m,3.12,3.12.m,PLPA,4
3333,6/28/2014,77,3,10,h,3.1,3.10.h,PLPA,3
3334,6/28/2014,77,3,10,l,3.1,3.10.l,PLPA,1
3335,6/28/2014,77,3,10,p,3.1,3.10.p,PLPA,3
3336,6/28/2014,77,1,2,d,1.2,1.2.d,PLPA,1
3337,6/28/2014,77,1,2,f,1.2,1.2.f,PLPA,1
3338,6/28/2014,77,1,2,g,1.2,1.2.g,PLPA,1
3339,6/28/2014,77,1,2,h,1.2,1.2.h,PLPA,1
3340,6/28/2014,77,1,3,a,1.3,1.3.a,PLPA,1
3341,6/28/2014,77,1,4,a,1.4,1.4.a,PLPA,2
3342,6/28/2014,77,1,5,a,1.5,1.5.a,PLPA,3
3343,6/28/2014,77,1,7,a,1.7,1.7.a,PLPA,1
3344,6/28/2014,77,1,7,h,1.7,1.7.h,PLPA,1
3345,6/28/2014,77,1,7,l,1.7,1.7.l,PLPA,1
3346,6/28/2014,77,1,7,m,1.7,1.7.m,PLPA,1
3347,6/28/2014,77,1,8,a,1.8,1.8.a,PLPA,2
3348,6/28/2014,77,1,10,a,1.1,1.10.a,PLPA,3
3349,6/28/2014,77,1,14,a,1.14,1.14.a,PLPA,2
3350,6/28/2014,77,1,15,b,1.15,1.15.b,PLPA,1
3351,6/28/2014,77,1,15,d,1.15,1.15.d,PLPA,1
3352,6/28/2014,77,1,15,i,1.15,1.15.i,PLPA,1
3353,6/28/2014,77,1,15,j,1.15,1.15.j,PLPA,1
3354,6/28/2014,77,1,15,n,1.15,1.15.n,PLPA,1
3355,6/28/2014,77,1,18,d,1.18,1.18.d,PLPA,1
3356,6/28/2014,77,3,1,a,3.1,3.1.a,PLPA,3
3357,6/28/2014,77,3,2,j,3.2,3.2.j,PLPA,1
3358,6/28/2014,77,3,2,n,3.2,3.2.n,PLPA,3
3359,6/28/2014,77,3,3,a,3.3,3.3.a,PLPA,2
3360,6/28/2014,77,3,3,j,3.3,3.3.j,PLPA,3
3361,6/28/2014,77,3,3,n,3.3,3.3.n,PLPA,4
3362,6/28/2014,77,3,3,o,3.3,3.3.o,PLPA,1
3363,6/28/2014,77,3,5,d,3.5,3.5.d,PLPA,2
3364,6/28/2014,77,3,5,e,3.5,3.5.e,PLPA,3
3365,6/28/2014,77,3,5,h,3.5,3.5.h,PLPA,2
3366,6/28/2014,77,3,5,p,3.5,3.5.p,PLPA,3
3367,6/28/2014,77,3,7,a,3.7,3.7.a,PLPA,3
3368,6/28/2014,77,3,8,a,3.8,3.8.a,PLPA,3
3369,6/28/2014,77,3,10,a,3.1,3.10.a,PLPA,3
3370,6/28/2014,77,3,10,b,3.1,3.10.b,PLPA,3
3371,6/28/2014,77,3,10,c,3.1,3.10.c,PLPA,3
3372,6/28/2014,77,3,10,d,3.1,3.10.d,PLPA,3
3373,6/28/2014,77,3,10,e,3.1,3.10.e,PLPA,3
3374,6/28/2014,77,3,10,f,3.1,3.10.f,PLPA,3
3375,6/28/2014,77,3,10,g,3.1,3.10.g,PLPA,3
3376,6/28/2014,77,3,10,i,3.1,3.10.i,PLPA,3
3377,6/28/2014,77,3,10,j,3.1,3.10.j,PLPA,3
3378,6/28/2014,77,3,10,k,3.1,3.10.k,PLPA,3
3379,6/28/2014,77,3,10,m,3.1,3.10.m,PLPA,3
3380,6/28/2014,77,3,10,n,3.1,3.10.n,PLPA,3
3381,6/28/2014,77,3,10,o,3.1,3.10.o,PLPA,3
3382,6/28/2014,77,3,11,a,3.11,3.11.a,PLPA,4
3383,6/28/2014,77,3,12,a,3.12,3.12.a,PLPA,2
3384,6/28/2014,77,3,12,b,3.12,3.12.b,PLPA,2
3385,6/28/2014,77,3,12,c,3.12,3.12.c,PLPA,2
3386,6/28/2014,77,3,12,d,3.12,3.12.d,PLPA,2
3387,6/28/2014,77,3,12,f,3.12,3.12.f,PLPA,2
3388,6/28/2014,77,3,12,g,3.12,3.12.g,PLPA,2
3389,6/28/2014,77,3,12,h,3.12,3.12.h,PLPA,2
3390,6/28/2014,77,3,12,j,3.12,3.12.j,PLPA,2
3391,6/28/2014,77,3,12,k,3.12,3.12.k,PLPA,2
3392,6/28/2014,77,3,12,l,3.12,3.12.l,PLPA,2
3393,6/28/2014,77,3,12,n,3.12,3.12.n,PLPA,2
3394,6/28/2014,77,3,12,o,3.12,3.12.o,PLPA,2
3395,6/28/2014,77,3,12,p,3.12,3.12.p,PLPA,2
3396,6/28/2014,77,3,13,f,3.13,3.13.f,PLPA,3
3397,6/28/2014,77,3,13,h,3.13,3.13.h,PLPA,1
3398,6/28/2014,77,3,13,i,3.13,3.13.i,PLPA,4
3399,6/28/2014,77,3,13,n,3.13,3.13.n,PLPA,3
3400,6/28/2014,77,3,14,a,3.14,3.14.a,PLPA,3
3401,6/28/2014,77,3,15,c,3.15,3.15.c,PLPA,3
3402,6/28/2014,77,3,15,d,3.15,3.15.d,PLPA,2
3403,6/28/2014,77,3,15,h,3.15,3.15.h,PLPA,2
3404,6/28/2014,77,3,15,l,3.15,3.15.l,PLPA,1
3405,6/28/2014,77,3,15,n,3.15,3.15.n,PLPA,4
3406,6/28/2014,77,3,16,a,3.16,3.16.a,PLPA,2
3407,6/28/2014,77,3,17,a,3.17,3.17.a,PLPA,2
3408,6/28/2014,77,3,18,a,3.18,3.18.a,PLPA,2
3409,6/28/2014,77,1,2,f,1.2,1.2.f,SATR,1
3410,6/28/2014,77,1,2,c,1.2,1.2.c,SATR,1
3411,6/28/2014,77,1,2,g,1.2,1.2.g,SATR,1
3412,6/28/2014,77,1,2,j,1.2,1.2.j,SATR,1
3413,6/28/2014,77,1,2,k,1.2,1.2.k,SATR,1
3414,6/28/2014,77,1,2,n,1.2,1.2.n,SATR,1
3415,6/28/2014,77,3,3,i,3.3,3.3.i,SATR,1
3416,6/28/2014,77,1,1,d,1.1,1.1.d,SATR,1
3417,6/28/2014,77,3,12,e,3.12,3.12.e,SATR,1
3418,6/28/2014,77,3,13,f,3.13,3.13.f,SATR,1
3419,6/28/2014,77,3,14,a,3.14,3.14.a,SATR,2
3420,6/28/2014,77,3,18,a,3.18,3.18.a,SATR,1
3421,6/28/2014,77,1,4,a,1.4,1.4.a,SAVE,4
3422,6/28/2014,77,1,8,a,1.8,1.8.a,SAVE,4
3423,6/28/2014,77,1,10,a,1.1,1.10.a,SAVE,3
3424,6/28/2014,77,1,13,a,1.13,1.13.a,SAVE,4
3425,6/28/2014,77,1,1,o,1.1,1.1.o,UNKFORB,3
3426,6/28/2014,77,1,14,a,1.14,1.14.a,UNKFORB,2
3427,6/28/2014,77,1,15,e,1.15,1.15.e,UNKFORB,3
3428,6/28/2014,77,3,10,c,3.1,3.10.c,SETE,1
3429,6/28/2014,77,3,10,g,3.1,3.10.g,SETE,1
3430,6/28/2014,77,3,12,m,3.12,3.12.m,SETE,1
3431,6/28/2014,77,3,7,a,3.7,3.7.a,SETE,1
3432,6/28/2014,77,3,10,a,3.1,3.10.a,SETE,1
3433,6/28/2014,77,3,10,b,3.1,3.10.b,SETE,1
3434,6/28/2014,77,3,10,d,3.1,3.10.d,SETE,1
3435,6/28/2014,77,3,10,e,3.1,3.10.e,SETE,1
3436,6/28/2014,77,3,10,f,3.1,3.10.f,SETE,1
3437,6/28/2014,77,3,10,h,3.1,3.10.h,SETE,1
3438,6/28/2014,77,3,10,i,3.1,3.10.i,SETE,1
3439,6/28/2014,77,3,10,j,3.1,3.10.j,SETE,1
3440,6/28/2014,77,3,10,k,3.1,3.10.k,SETE,1
3441,6/28/2014,77,3,10,l,3.1,3.10.l,SETE,1
3442,6/28/2014,77,3,10,m,3.1,3.10.m,SETE,1
3443,6/28/2014,77,3,10,n,3.1,3.10.n,SETE,1
3444,6/28/2014,77,3,10,o,3.1,3.10.o,SETE,1
3445,6/28/2014,77,3,10,p,3.1,3.10.p,SETE,1
3446,6/28/2014,77,3,12,a,3.12,3.12.a,SETE,1
3447,6/28/2014,77,3,12,b,3.12,3.12.b,SETE,1
3448,6/28/2014,77,3,12,c,3.12,3.12.c,SETE,1
3449,6/28/2014,77,3,12,d,3.12,3.12.d,SETE,1
3450,6/28/2014,77,3,12,e,3.12,3.12.e,SETE,1
3451,6/28/2014,77,3,12,f,3.12,3.12.f,SETE,1
3452,6/28/2014,77,3,12,g,3.12,3.12.g,SETE,1
3453,6/28/2014,77,3,12,h,3.12,3.12.h,SETE,1
3454,6/28/2014,77,3,12,i,3.12,3.12.i,SETE,1
3455,6/28/2014,77,3,12,j,3.12,3.12.j,SETE,1
3456,6/28/2014,77,3,12,k,3.12,3.12.k,SETE,1
3457,6/28/2014,77,3,12,l,3.12,3.12.l,SETE,1
3458,6/28/2014,77,3,12,n,3.12,3.12.n,SETE,1
3459,6/28/2014,77,3,12,o,3.12,3.12.o,SETE,1
3460,6/28/2014,77,3,12,p,3.12,3.12.p,SETE,1
3461,6/28/2014,77,3,10,a,3.1,3.10.a,SIAL,4
3462,6/28/2014,77,1,1,c,1.1,1.1.c,SIAL,1
3463,6/28/2014,77,1,1,d,1.1,1.1.d,SIAL,1
3464,6/28/2014,77,1,1,h,1.1,1.1.h,SIAL,1
3465,6/28/2014,77,1,1,n,1.1,1.1.n,SIAL,1
3466,6/28/2014,77,1,2,i,1.2,1.2.i,SIAL,2
3467,6/28/2014,77,1,2,m,1.2,1.2.m,SIAL,1
3468,6/28/2014,77,1,3,a,1.3,1.3.a,SIAL,2
3469,6/28/2014,77,1,4,a,1.4,1.4.a,SIAL,2
3470,6/28/2014,77,1,5,a,1.5,1.5.a,SIAL,1
3471,6/28/2014,77,1,6,a,1.6,1.6.a,SIAL,1
3472,6/28/2014,77,1,7,a,1.7,1.7.a,SIAL,1
3473,6/28/2014,77,1,7,f,1.7,1.7.f,SIAL,1
3474,6/28/2014,77,1,7,l,1.7,1.7.l,SIAL,3
3475,6/28/2014,77,1,7,m,1.7,1.7.m,SIAL,2
3476,6/28/2014,77,1,7,n,1.7,1.7.n,SIAL,1
3477,6/28/2014,77,1,7,p,1.7,1.7.p,SIAL,1
3478,6/28/2014,77,1,8,a,1.8,1.8.a,SIAL,2
3479,6/28/2014,77,1,9,a,1.9,1.9.a,SIAL,1
3480,6/28/2014,77,1,10,a,1.1,1.10.a,SIAL,3
3481,6/28/2014,77,1,11,b,1.11,1.11.b,SIAL,3
3482,6/28/2014,77,1,11,d,1.11,1.11.d,SIAL,2
3483,6/28/2014,77,1,13,a,1.13,1.13.a,SIAL,3
3484,6/28/2014,77,1,14,a,1.14,1.14.a,SIAL,3
3485,6/28/2014,77,1,16,a,1.16,1.16.a,SIAL,4
3486,6/28/2014,77,1,17,a,1.17,1.17.a,SIAL,4
3487,6/28/2014,77,1,18,i,1.18,1.18.i,SIAL,1
3488,6/28/2014,77,1,18,l,1.18,1.18.l,SIAL,1
3489,6/28/2014,77,3,1,a,3.1,3.1.a,SIAL,2
3490,6/28/2014,77,3,3,f,3.3,3.3.f,SIAL,5
3491,6/28/2014,77,3,3,g,3.3,3.3.g,SIAL,5
3492,6/28/2014,77,3,4,n,3.4,3.4.n,SIAL,2
3493,6/28/2014,77,3,5,h,3.5,3.5.h,SIAL,3
3494,6/28/2014,77,3,6,a,3.6,3.6.a,SIAL,4
3495,6/28/2014,77,3,7,a,3.7,3.7.a,SIAL,4
3496,6/28/2014,77,3,9,a,3.9,3.9.a,SIAL,3
3497,6/28/2014,77,3,10,b,3.1,3.10.b,SIAL,3
3498,6/28/2014,77,3,10,c,3.1,3.10.c,SIAL,3
3499,6/28/2014,77,3,10,d,3.1,3.10.d,SIAL,3
3500,6/28/2014,77,3,10,e,3.1,3.10.e,SIAL,3
3501,6/28/2014,77,3,10,f,3.1,3.10.f,SIAL,3
3502,6/28/2014,77,3,10,g,3.1,3.10.g,SIAL,3
3503,6/28/2014,77,3,10,h,3.1,3.10.h,SIAL,3
3504,6/28/2014,77,3,10,i,3.1,3.10.i,SIAL,3
3505,6/28/2014,77,3,10,j,3.1,3.10.j,SIAL,3
3506,6/28/2014,77,3,10,k,3.1,3.10.k,SIAL,3
3507,6/28/2014,77,3,10,l,3.1,3.10.l,SIAL,3
3508,6/28/2014,77,3,10,m,3.1,3.10.m,SIAL,3
3509,6/28/2014,77,3,10,n,3.1,3.10.n,SIAL,3
3510,6/28/2014,77,3,10,o,3.1,3.10.o,SIAL,3
3511,6/28/2014,77,3,10,p,3.1,3.10.p,SIAL,3
3512,6/28/2014,77,3,11,a,3.11,3.11.a,SIAL,5
3513,6/28/2014,77,3,13,h,3.13,3.13.h,SIAL,1
3514,6/28/2014,77,3,16,a,3.16,3.16.a,SIAL,4
3515,6/28/2014,77,3,17,a,3.17,3.17.a,SIAL,1
3516,6/28/2014,77,3,18,a,3.18,3.18.a,SIAL,2
3517,6/28/2014,77,3,12,p,3.12,3.12.p,SPCO,2
3518,6/28/2014,77,3,10,j,3.1,3.10.j,SPCO,5
3519,6/28/2014,77,3,10,n,3.1,3.10.n,SPCO,1
3520,6/28/2014,77,3,3,o,3.3,3.3.o,SPCO,4
3521,6/28/2014,77,3,4,l,3.4,3.4.l,SPCO,1
3522,6/28/2014,77,3,5,a,3.5,3.5.a,SPCO,1
3523,6/28/2014,77,3,5,j,3.5,3.5.j,SPCO,1
3524,6/28/2014,77,3,7,a,3.7,3.7.a,SPCO,1
3525,6/28/2014,77,3,8,a,3.8,3.8.a,SPCO,3
3526,6/28/2014,77,3,10,a,3.1,3.10.a,SPCO,4
3527,6/28/2014,77,3,10,b,3.1,3.10.b,SPCO,4
3528,6/28/2014,77,3,10,c,3.1,3.10.c,SPCO,4
3529,6/28/2014,77,3,10,d,3.1,3.10.d,SPCO,4
3530,6/28/2014,77,3,10,e,3.1,3.10.e,SPCO,4
3531,6/28/2014,77,3,10,f,3.1,3.10.f,SPCO,4
3532,6/28/2014,77,3,10,g,3.1,3.10.g,SPCO,4
3533,6/28/2014,77,3,10,h,3.1,3.10.h,SPCO,4
3534,6/28/2014,77,3,10,i,3.1,3.10.i,SPCO,4
3535,6/28/2014,77,3,10,k,3.1,3.10.k,SPCO,4
3536,6/28/2014,77,3,10,l,3.1,3.10.l,SPCO,4
3537,6/28/2014,77,3,10,m,3.1,3.10.m,SPCO,4
3538,6/28/2014,77,3,10,o,3.1,3.10.o,SPCO,4
3539,6/28/2014,77,3,10,p,3.1,3.10.p,SPCO,4
3540,6/28/2014,77,3,11,a,3.11,3.11.a,SPCO,2
3541,6/28/2014,77,3,12,a,3.12,3.12.a,SPCO,1
3542,6/28/2014,77,3,12,b,3.12,3.12.b,SPCO,1
3543,6/28/2014,77,3,12,c,3.12,3.12.c,SPCO,1
3544,6/28/2014,77,3,12,d,3.12,3.12.d,SPCO,1
3545,6/28/2014,77,3,12,e,3.12,3.12.e,SPCO,1
3546,6/28/2014,77,3,12,f,3.12,3.12.f,SPCO,1
3547,6/28/2014,77,3,12,g,3.12,3.12.g,SPCO,1
3548,6/28/2014,77,3,12,h,3.12,3.12.h,SPCO,1
3549,6/28/2014,77,3,12,i,3.12,3.12.i,SPCO,1
3550,6/28/2014,77,3,12,j,3.12,3.12.j,SPCO,1
3551,6/28/2014,77,3,12,k,3.12,3.12.k,SPCO,1
3552,6/28/2014,77,3,12,l,3.12,3.12.l,SPCO,1
3553,6/28/2014,77,3,12,m,3.12,3.12.m,SPCO,1
3554,6/28/2014,77,3,12,n,3.12,3.12.n,SPCO,1
3555,6/28/2014,77,3,12,o,3.12,3.12.o,SPCO,1
3556,6/28/2014,77,3,14,a,3.14,3.14.a,SPCO,4
3557,6/28/2014,77,3,15,m,3.15,3.15.m,SPCO,4
3558,6/28/2014,77,3,16,a,3.16,3.16.a,SPCO,2
3559,6/28/2014,77,1,2,c,1.2,1.2.c,SPCR,2
3560,6/28/2014,77,1,2,g,1.2,1.2.g,SPCR,1
3561,6/28/2014,77,1,2,h,1.2,1.2.h,SPCR,1
3562,6/28/2014,77,1,2,n,1.2,1.2.n,SPCR,1
3563,6/28/2014,77,1,2,p,1.2,1.2.p,SPCR,1
3564,6/28/2014,77,1,3,a,1.3,1.3.a,SPCR,3
3565,6/28/2014,77,1,5,a,1.5,1.5.a,SPCR,1
3566,6/28/2014,77,1,6,a,1.6,1.6.a,SPCR,2
3567,6/28/2014,77,1,8,a,1.8,1.8.a,SPCR,4
3568,6/28/2014,77,1,9,a,1.9,1.9.a,SPCR,2
3569,6/28/2014,77,1,11,b,1.11,1.11.b,SPCR,5
3570,6/28/2014,77,1,11,g,1.11,1.11.g,SPCR,3
3571,6/28/2014,77,1,13,a,1.13,1.13.a,SPCR,2
3572,6/28/2014,77,1,14,a,1.14,1.14.a,SPCR,3
3573,6/28/2014,77,1,15,b,1.15,1.15.b,SPCR,1
3574,6/28/2014,77,1,15,c,1.15,1.15.c,SPCR,1
3575,6/28/2014,77,1,15,e,1.15,1.15.e,SPCR,4
3576,6/28/2014,77,1,15,j,1.15,1.15.j,SPCR,1
3577,6/28/2014,77,1,15,n,1.15,1.15.n,SPCR,1
3578,6/28/2014,77,1,16,a,1.16,1.16.a,SPCR,2
3579,6/28/2014,77,1,17,a,1.17,1.17.a,SPCR,2
3580,6/28/2014,77,1,18,f,1.18,1.18.f,SPCR,2
3581,6/28/2014,77,1,18,k,1.18,1.18.k,SPCR,1
3582,6/28/2014,77,3,1,a,3.1,3.1.a,SPCR,1
3583,6/28/2014,77,3,3,g,3.3,3.3.g,UNKFORB,2
3584,6/28/2014,77,3,3,k,3.3,3.3.k,UNKFORB,2
3585,6/28/2014,77,1,11,p,1.11,1.11.p,UNKFORB,1
3586,6/28/2014,77,1,12,a,1.12,1.12.a,UNKFORB,2
3587,6/28/2014,77,3,9,a,3.9,3.9.a,UNKFORB,1
3588,6/28/2014,77,3,5,j,3.5,3.5.j,UNKFORB,1
3589,6/28/2014,77,3,4,i,3.4,3.4.i,UNKFORB,1
3590,6/28/2014,77,3,4,j,3.4,3.4.j,UNKFORB,1
3591,6/28/2014,77,3,10,a,3.1,3.10.a,VUOC,1
3592,6/28/2014,77,3,10,c,3.1,3.10.c,VUOC,2
3593,6/28/2014,77,3,10,e,3.1,3.10.e,VUOC,1
3594,6/28/2014,77,3,10,g,3.1,3.10.g,VUOC,3
3595,6/28/2014,77,3,10,h,3.1,3.10.h,VUOC,3
3596,6/28/2014,77,3,10,i,3.1,3.10.i,VUOC,2
3597,6/28/2014,77,3,10,j,3.1,3.10.j,VUOC,1
3598,6/28/2014,77,3,10,k,3.1,3.10.k,VUOC,2
3599,6/28/2014,77,3,10,l,3.1,3.10.l,VUOC,3
3600,6/28/2014,77,3,10,n,3.1,3.10.n,VUOC,1
3601,6/28/2014,77,3,10,o,3.1,3.10.o,VUOC,1
3602,6/28/2014,77,3,10,p,3.1,3.10.p,VUOC,2
3603,6/28/2014,77,3,12,a,3.12,3.12.a,VUOC,3
3604,6/28/2014,77,3,12,e,3.12,3.12.e,VUOC,2
3605,6/28/2014,77,3,12,f,3.12,3.12.f,VUOC,3
3606,6/28/2014,77,3,12,g,3.12,3.12.g,VUOC,2
3607,6/28/2014,77,3,12,h,3.12,3.12.h,VUOC,3
3608,6/28/2014,77,3,12,i,3.12,3.12.i,VUOC,3
3609,6/28/2014,77,3,12,j,3.12,3.12.j,VUOC,3
3610,6/28/2014,77,3,12,k,3.12,3.12.k,VUOC,1
3611,6/28/2014,77,3,12,l,3.12,3.12.l,VUOC,3
3612,6/28/2014,77,3,12,m,3.12,3.12.m,VUOC,4
3613,6/28/2014,77,3,12,n,3.12,3.12.n,VUOC,2
3614,6/28/2014,77,3,12,o,3.12,3.12.o,VUOC,3
3615,6/28/2014,77,3,12,p,3.12,3.12.p,VUOC,3
3616,6/28/2014,77,1,1,a,1.1,1.1.a,VUOC,1
3617,6/28/2014,77,1,2,i,1.2,1.2.i,VUOC,1
3618,6/28/2014,77,1,6,a,1.6,1.6.a,VUOC,1
3619,6/28/2014,77,1,7,h,1.7,1.7.h,VUOC,1
3620,6/28/2014,77,1,7,m,1.7,1.7.m,VUOC,1
3621,6/28/2014,77,1,7,n,1.7,1.7.n,VUOC,1
3622,6/28/2014,77,1,7,o,1.7,1.7.o,VUOC,1
3623,6/28/2014,77,1,8,a,1.8,1.8.a,VUOC,1
3624,6/28/2014,77,1,9,a,1.9,1.9.a,VUOC,1
3625,6/28/2014,77,1,10,a,1.1,1.10.a,VUOC,2
3626,6/28/2014,77,1,11,c,1.11,1.11.c,VUOC,1
3627,6/28/2014,77,1,11,d,1.11,1.11.d,VUOC,1
3628,6/28/2014,77,1,11,e,1.11,1.11.e,VUOC,1
3629,6/28/2014,77,1,11,f,1.11,1.11.f,VUOC,2
3630,6/28/2014,77,1,11,h,1.11,1.11.h,VUOC,1
3631,6/28/2014,77,1,11,i,1.11,1.11.i,VUOC,1
3632,6/28/2014,77,1,11,j,1.11,1.11.j,VUOC,1
3633,6/28/2014,77,1,11,k,1.11,1.11.k,VUOC,1
3634,6/28/2014,77,1,11,m,1.11,1.11.m,VUOC,1
3635,6/28/2014,77,1,11,n,1.11,1.11.n,VUOC,2
3636,6/28/2014,77,1,11,p,1.11,1.11.p,VUOC,1
3637,6/28/2014,77,1,12,a,1.12,1.12.a,VUOC,1
3638,6/28/2014,77,1,13,a,1.13,1.13.a,VUOC,2
3639,6/28/2014,77,1,14,a,1.14,1.14.a,VUOC,2
3640,6/28/2014,77,1,15,j,1.15,1.15.j,VUOC,1
3641,6/28/2014,77,1,17,a,1.17,1.17.a,VUOC,3
3642,6/28/2014,77,3,1,a,3.1,3.1.a,VUOC,3
3643,6/28/2014,77,3,2,d,3.2,3.2.d,VUOC,2
3644,6/28/2014,77,3,2,f,3.2,3.2.f,VUOC,2
3645,6/28/2014,77,3,2,j,3.2,3.2.j,VUOC,2
3646,6/28/2014,77,3,2,o,3.2,3.2.o,VUOC,2
3647,6/28/2014,77,3,3,a,3.3,3.3.a,VUOC,2
3648,6/28/2014,77,3,3,b,3.3,3.3.b,VUOC,2
3649,6/28/2014,77,3,3,f,3.3,3.3.f,VUOC,3
3650,6/28/2014,77,3,3,g,3.3,3.3.g,VUOC,3
3651,6/28/2014,77,3,3,j,3.3,3.3.j,VUOC,3
3652,6/28/2014,77,3,3,k,3.3,3.3.k,VUOC,3
3653,6/28/2014,77,3,3,n,3.3,3.3.n,VUOC,1
3654,6/28/2014,77,3,3,o,3.3,3.3.o,VUOC,2
3655,6/28/2014,77,3,4,c,3.4,3.4.c,VUOC,1
3656,6/28/2014,77,3,4,f,3.4,3.4.f,VUOC,1
3657,6/28/2014,77,3,4,g,3.4,3.4.g,VUOC,1
3658,6/28/2014,77,3,4,j,3.4,3.4.j,VUOC,1
3659,6/28/2014,77,3,4,m,3.4,3.4.m,VUOC,2
3660,6/28/2014,77,3,4,n,3.4,3.4.n,VUOC,2
3661,6/28/2014,77,3,4,p,3.4,3.4.p,VUOC,2
3662,6/28/2014,77,3,5,c,3.5,3.5.c,VUOC,2
3663,6/28/2014,77,3,5,f,3.5,3.5.f,VUOC,3
3664,6/28/2014,77,3,5,g,3.5,3.5.g,VUOC,3
3665,6/28/2014,77,3,5,k,3.5,3.5.k,VUOC,1
3666,6/28/2014,77,3,6,a,3.6,3.6.a,VUOC,2
3667,6/28/2014,77,3,7,a,3.7,3.7.a,VUOC,2
3668,6/28/2014,77,3,8,a,3.8,3.8.a,VUOC,3
3669,6/28/2014,77,3,9,a,3.9,3.9.a,VUOC,3
3670,6/28/2014,77,3,10,b,3.1,3.10.b,VUOC,3
3671,6/28/2014,77,3,10,d,3.1,3.10.d,VUOC,3
3672,6/28/2014,77,3,10,f,3.1,3.10.f,VUOC,3
3673,6/28/2014,77,3,10,m,3.1,3.10.m,VUOC,3
3674,6/28/2014,77,3,11,a,3.11,3.11.a,VUOC,2
3675,6/28/2014,77,3,12,b,3.12,3.12.b,VUOC,3
3676,6/28/2014,77,3,12,c,3.12,3.12.c,VUOC,3
3677,6/28/2014,77,3,12,d,3.12,3.12.d,VUOC,3
3678,6/28/2014,77,3,13,c,3.13,3.13.c,VUOC,1
3679,6/28/2014,77,3,13,e,3.13,3.13.e,VUOC,2
3680,6/28/2014,77,3,13,k,3.13,3.13.k,VUOC,2
3681,6/28/2014,77,3,13,l,3.13,3.13.l,VUOC,1
3682,6/28/2014,77,3,13,m,3.13,3.13.m,VUOC,1
3683,6/28/2014,77,3,14,a,3.14,3.14.a,VUOC,2
3684,6/28/2014,77,3,15,b,3.15,3.15.b,VUOC,2
3685,6/28/2014,77,3,15,c,3.15,3.15.c,VUOC,2
3686,6/28/2014,77,3,15,e,3.15,3.15.e,VUOC,3
3687,6/28/2014,77,3,15,h,3.15,3.15.h,VUOC,2
3688,6/28/2014,77,3,15,i,3.15,3.15.i,VUOC,1
3689,6/28/2014,77,3,15,j,3.15,3.15.j,VUOC,1
3690,6/28/2014,77,3,15,l,3.15,3.15.l,VUOC,2
3691,6/28/2014,77,3,15,m,3.15,3.15.m,VUOC,2
3692,6/28/2014,77,3,15,n,3.15,3.15.n,VUOC,3
3693,6/28/2014,77,3,15,o,3.15,3.15.o,VUOC,2
3694,6/28/2014,77,3,15,p,3.15,3.15.p,VUOC,2
3695,6/28/2014,77,3,16,a,3.16,3.16.a,VUOC,2
3696,6/28/2014,77,3,17,a,3.17,3.17.a,VUOC,1
3697,6/28/2014,77,3,18,a,3.18,3.18.a,VUOC,1
3698,6/28/2014,77,3,2,d,3.2,3.2.d,BORAGE,2
3699,6/28/2014,77,3,2,n,3.2,3.2.n,BORAGE,4
3700,6/28/2014,77,3,2,p,3.2,3.2.p,BORAGE,2
3701,6/28/2014,77,3,3,d,3.3,3.3.d,BORAGE,3
3702,6/28/2014,77,3,3,l,3.3,3.3.l,BORAGE,1
3703,6/28/2014,77,3,3,n,3.3,3.3.n,BORAGE,2
3704,6/28/2014,77,3,3,o,3.3,3.3.o,BORAGE,3
3705,6/28/2014,77,3,3,p,3.3,3.3.p,BORAGE,1
3706,6/28/2014,77,3,4,a,3.4,3.4.a,BORAGE,2
3707,6/28/2014,77,3,4,j,3.4,3.4.j,BORAGE,1
3708,6/28/2014,77,3,4,p,3.4,3.4.p,BORAGE,4
3709,6/28/2014,77,3,5,a,3.5,3.5.a,BORAGE,4
3710,6/28/2014,77,3,5,f,3.5,3.5.f,BORAGE,3
3711,6/28/2014,77,3,5,h,3.5,3.5.h,BORAGE,3
3712,6/28/2014,77,3,5,m,3.5,3.5.m,BORAGE,3
3713,6/28/2014,77,3,5,o,3.5,3.5.o,BORAGE,3
3714,6/28/2014,77,3,6,a,3.6,3.6.a,BORAGE,3
3715,6/28/2014,77,3,7,a,3.7,3.7.a,BORAGE,3
3716,6/28/2014,77,3,8,a,3.8,3.8.a,BORAGE,3
3717,6/28/2014,77,3,9,a,3.9,3.9.a,BORAGE,3
3718,6/28/2014,77,3,10,a,3.1,3.10.a,BORAGE,4
3719,6/28/2014,77,3,10,e,3.1,3.10.e,BORAGE,4
3720,6/28/2014,77,3,10,f,3.1,3.10.f,BORAGE,4
3721,6/28/2014,77,3,10,i,3.1,3.10.i,BORAGE,4
3722,6/28/2014,77,3,10,j,3.1,3.10.j,BORAGE,4
3723,6/28/2014,77,3,10,m,3.1,3.10.m,BORAGE,4
3724,6/28/2014,77,3,10,b,3.1,3.10.b,BORAGE,3
3725,6/28/2014,77,3,10,c,3.1,3.10.c,BORAGE,2
3726,6/28/2014,77,3,10,d,3.1,3.10.d,BORAGE,4
3727,6/28/2014,77,3,10,g,3.1,3.10.g,BORAGE,1
3728,6/28/2014,77,3,10,h,3.1,3.10.h,BORAGE,2
3729,6/28/2014,77,3,10,k,3.1,3.10.k,BORAGE,3
3730,6/28/2014,77,3,10,l,3.1,3.10.l,BORAGE,4
3731,6/28/2014,77,3,10,n,3.1,3.10.n,BORAGE,1
3732,6/28/2014,77,3,10,o,3.1,3.10.o,BORAGE,1
3733,6/29/2014,77,2,1,c,2.1,2.1.c,ACHY,1
3734,6/29/2014,77,2,1,g,2.1,2.1.g,ACHY,1
3735,6/29/2014,77,2,2,a,2.2,2.2.a,ACHY,2
3736,6/29/2014,77,2,3,b,2.3,2.3.b,ACHY,2
3737,6/29/2014,77,2,3,h,2.3,2.3.h,ACHY,4
3738,6/29/2014,77,2,3,k,2.3,2.3.k,ACHY,2
3739,6/29/2014,77,2,14,a,2.14,2.14.a,ACHY,3
3740,6/29/2014,77,2,16,c,2.16,2.16.c,ACHY,2
3741,6/29/2014,77,2,17,d,2.17,2.17.d,ACHY,1
3742,6/29/2014,77,2,17,h,2.17,2.17.h,ACHY,4
3743,6/29/2014,77,2,18,a,2.18,2.18.a,ACHY,1
3744,6/29/2014,77,2,10,a,2.1,2.10.a,ACME,3
3745,6/29/2014,77,2,11,c,2.11,2.11.c,ACME,1
3746,6/29/2014,77,2,11,d,2.11,2.11.d,ACME,2
3747,6/29/2014,77,2,13,a,2.13,2.13.a,ACME,3
3748,6/29/2014,77,2,14,a,2.14,2.14.a,ACME,1
3749,6/29/2014,77,2,17,l,2.17,2.17.l,ACME,4
3750,6/29/2014,77,2,18,a,2.18,2.18.a,ACME,1
3751,6/29/2014,77,2,1,a,2.1,2.1.a,ACMI,2
3752,6/29/2014,77,2,1,b,2.1,2.1.b,ACMI,1
3753,6/29/2014,77,2,1,c,2.1,2.1.c,ACMI,4
3754,6/29/2014,77,2,1,e,2.1,2.1.e,ACMI,2
3755,6/29/2014,77,2,1,g,2.1,2.1.g,ACMI,1
3756,6/29/2014,77,2,1,i,2.1,2.1.i,ACMI,1
3757,6/29/2014,77,2,2,a,2.2,2.2.a,ACMI,2
3758,6/29/2014,77,2,3,h,2.3,2.3.h,ACMI,2
3759,6/29/2014,77,2,3,l,2.3,2.3.l,ACMI,2
3760,6/29/2014,77,2,3,p,2.3,2.3.p,ACMI,1
3761,6/29/2014,77,2,4,a,2.4,2.4.a,ACMI,2
3762,6/29/2014,77,2,5,a,2.5,2.5.a,ACMI,2
3763,6/29/2014,77,2,7,a,2.7,2.7.a,ACMI,1
3764,6/29/2014,77,2,8,a,2.8,2.8.a,ACMI,3
3765,6/29/2014,77,2,9,d,2.9,2.9.d,ACMI,1
3766,6/29/2014,77,2,9,e,2.9,2.9.e,ACMI,4
3767,6/29/2014,77,2,9,f,2.9,2.9.f,ACMI,3
3768,6/29/2014,77,2,9,g,2.9,2.9.g,ACMI,1
3769,6/29/2014,77,2,1,a,2.1,2.1.a,AGCR,2
3770,6/29/2014,77,2,1,c,2.1,2.1.c,AGCR,1
3771,6/29/2014,77,2,1,d,2.1,2.1.d,AGCR,2
3772,6/29/2014,77,2,1,e,2.1,2.1.e,AGCR,1
3773,6/29/2014,77,2,1,g,2.1,2.1.g,AGCR,2
3774,6/29/2014,77,2,1,h,2.1,2.1.h,AGCR,1
3775,6/29/2014,77,2,2,a,2.2,2.2.a,AGCR,2
3776,6/29/2014,77,2,3,k,2.3,2.3.k,AGCR,1
3777,6/29/2014,77,2,4,a,2.4,2.4.a,AGCR,4
3778,6/29/2014,77,2,5,a,2.5,2.5.a,AGCR,4
3779,6/29/2014,77,2,6,a,2.6,2.6.a,AGCR,2
3780,6/29/2014,77,2,7,a,2.7,2.7.a,AGCR,4
3781,6/29/2014,77,2,8,a,2.8,2.8.a,AGCR,4
3782,6/29/2014,77,2,9,a,2.9,2.9.a,AGCR,2
3783,6/29/2014,77,2,9,b,2.9,2.9.b,AGCR,4
3784,6/29/2014,77,2,9,c,2.9,2.9.c,AGCR,3
3785,6/29/2014,77,2,9,f,2.9,2.9.f,AGCR,1
3786,6/29/2014,77,2,9,h,2.9,2.9.h,AGCR,1
3787,6/29/2014,77,2,9,o,2.9,2.9.o,AGCR,1
3788,6/29/2014,77,2,10,a,2.1,2.10.a,AGCR,4
3789,6/29/2014,77,2,11,a,2.11,2.11.a,AGCR,3
3790,6/29/2014,77,2,11,c,2.11,2.11.c,AGCR,1
3791,6/29/2014,77,2,11,d,2.11,2.11.d,AGCR,2
3792,6/29/2014,77,2,11,e,2.11,2.11.e,AGCR,3
3793,6/29/2014,77,2,11,g,2.11,2.11.g,AGCR,3
3794,6/29/2014,77,2,11,h,2.11,2.11.h,AGCR,2
3795,6/29/2014,77,2,11,i,2.11,2.11.i,AGCR,1
3796,6/29/2014,77,2,11,k,2.11,2.11.k,AGCR,2
3797,6/29/2014,77,2,11,l,2.11,2.11.l,AGCR,1
3798,6/29/2014,77,2,11,m,2.11,2.11.m,AGCR,1
3799,6/29/2014,77,2,11,o,2.11,2.11.o,AGCR,2
3800,6/29/2014,77,2,12,a,2.12,2.12.a,AGCR,3
3801,6/29/2014,77,2,13,a,2.13,2.13.a,AGCR,4
3802,6/29/2014,77,2,14,a,2.14,2.14.a,AGCR,3
3803,6/29/2014,77,2,15,a,2.15,2.15.a,AGCR,3
3804,6/29/2014,77,2,16,a,2.16,2.16.a,AGCR,3
3805,6/29/2014,77,2,16,b,2.16,2.16.b,AGCR,2
3806,6/29/2014,77,2,16,c,2.16,2.16.c,AGCR,4
3807,6/29/2014,77,2,16,d,2.16,2.16.d,AGCR,2
3808,6/29/2014,77,2,16,e,2.16,2.16.e,AGCR,4
3809,6/29/2014,77,2,16,f,2.16,2.16.f,AGCR,2
3810,6/29/2014,77,2,16,g,2.16,2.16.g,AGCR,2
3811,6/29/2014,77,2,16,h,2.16,2.16.h,AGCR,1
3812,6/29/2014,77,2,16,i,2.16,2.16.i,AGCR,3
3813,6/29/2014,77,2,16,j,2.16,2.16.j,AGCR,2
3814,6/29/2014,77,2,16,k,2.16,2.16.k,AGCR,3
3815,6/29/2014,77,2,16,m,2.16,2.16.m,AGCR,2
3816,6/29/2014,77,2,16,n,2.16,2.16.n,AGCR,2
3817,6/29/2014,77,2,16,p,2.16,2.16.p,AGCR,1
3818,6/29/2014,77,2,17,a,2.17,2.17.a,AGCR,1
3819,6/29/2014,77,2,17,b,2.17,2.17.b,AGCR,2
3820,6/29/2014,77,2,17,c,2.17,2.17.c,AGCR,3
3821,6/29/2014,77,2,17,d,2.17,2.17.d,AGCR,1
3822,6/29/2014,77,2,17,e,2.17,2.17.e,AGCR,1
3823,6/29/2014,77,2,17,g,2.17,2.17.g,AGCR,1
3824,6/29/2014,77,2,17,j,2.17,2.17.j,AGCR,1
3825,6/29/2014,77,2,17,m,2.17,2.17.m,AGCR,2
3826,6/29/2014,77,2,17,n,2.17,2.17.n,AGCR,1
3827,6/29/2014,77,2,17,o,2.17,2.17.o,AGCR,4
3828,6/29/2014,77,2,17,p,2.17,2.17.p,AGCR,2
3829,6/29/2014,77,2,1,a,2.1,2.1.a,BG,5
3830,6/29/2014,77,2,1,b,2.1,2.1.b,BG,5
3831,6/29/2014,77,2,1,c,2.1,2.1.c,BG,4
3832,6/29/2014,77,2,1,d,2.1,2.1.d,BG,5
3833,6/29/2014,77,2,1,e,2.1,2.1.e,BG,4
3834,6/29/2014,77,2,1,f,2.1,2.1.f,BG,4
3835,6/29/2014,77,2,1,g,2.1,2.1.g,BG,4
3836,6/29/2014,77,2,1,h,2.1,2.1.h,BG,4
3837,6/29/2014,77,2,1,i,2.1,2.1.i,BG,5
3838,6/29/2014,77,2,1,j,2.1,2.1.j,BG,4
3839,6/29/2014,77,2,1,k,2.1,2.1.k,BG,4
3840,6/29/2014,77,2,1,l,2.1,2.1.l,BG,4
3841,6/29/2014,77,2,1,m,2.1,2.1.m,BG,5
3842,6/29/2014,77,2,1,n,2.1,2.1.n,BG,5
3843,6/29/2014,77,2,1,o,2.1,2.1.o,BG,4
3844,6/29/2014,77,2,1,p,2.1,2.1.p,BG,4
3845,6/29/2014,77,2,2,a,2.2,2.2.a,BG,5
3846,6/29/2014,77,2,3,a,2.3,2.3.a,BG,3
3847,6/29/2014,77,2,3,b,2.3,2.3.b,BG,4
3848,6/29/2014,77,2,3,c,2.3,2.3.c,BG,5
3849,6/29/2014,77,2,3,d,2.3,2.3.d,BG,3
3850,6/29/2014,77,2,3,e,2.3,2.3.e,BG,5
3851,6/29/2014,77,2,3,f,2.3,2.3.f,BG,5
3852,6/29/2014,77,2,3,g,2.3,2.3.g,BG,6
3853,6/29/2014,77,2,3,h,2.3,2.3.h,BG,5
3854,6/29/2014,77,2,3,i,2.3,2.3.i,BG,5
3855,6/29/2014,77,2,3,j,2.3,2.3.j,BG,6
3856,6/29/2014,77,2,3,k,2.3,2.3.k,BG,6
3857,6/29/2014,77,2,3,l,2.3,2.3.l,BG,6
3858,6/29/2014,77,2,3,m,2.3,2.3.m,BG,5
3859,6/29/2014,77,2,3,n,2.3,2.3.n,BG,5
3860,6/29/2014,77,2,3,o,2.3,2.3.o,BG,5
3861,6/29/2014,77,2,3,p,2.3,2.3.p,BG,5
3862,6/29/2014,77,2,4,a,2.4,2.4.a,BG,5
3863,6/29/2014,77,2,5,a,2.5,2.5.a,BG,5
3864,6/29/2014,77,2,6,a,2.6,2.6.a,BG,5
3865,6/29/2014,77,2,7,a,2.7,2.7.a,BG,5
3866,6/29/2014,77,2,8,a,2.8,2.8.a,BG,5
3867,6/29/2014,77,2,9,a,2.9,2.9.a,BG,6
3868,6/29/2014,77,2,9,b,2.9,2.9.b,BG,5
3869,6/29/2014,77,2,9,c,2.9,2.9.c,BG,4
3870,6/29/2014,77,2,9,d,2.9,2.9.d,BG,5
3871,6/29/2014,77,2,9,e,2.9,2.9.e,BG,5
3872,6/29/2014,77,2,9,f,2.9,2.9.f,BG,5
3873,6/29/2014,77,2,9,g,2.9,2.9.g,BG,5
3874,6/29/2014,77,2,9,h,2.9,2.9.h,BG,6
3875,6/29/2014,77,2,9,i,2.9,2.9.i,BG,6
3876,6/29/2014,77,2,9,j,2.9,2.9.j,BG,5
3877,6/29/2014,77,2,9,k,2.9,2.9.k,BG,5
3878,6/29/2014,77,2,9,l,2.9,2.9.l,BG,5
3879,6/29/2014,77,2,9,m,2.9,2.9.m,BG,4
3880,6/29/2014,77,2,9,n,2.9,2.9.n,BG,1
3881,6/29/2014,77,2,9,o,2.9,2.9.o,BG,5
3882,6/29/2014,77,2,9,p,2.9,2.9.p,BG,6
3883,6/29/2014,77,2,10,a,2.1,2.10.a,BG,5
3884,6/29/2014,77,2,11,a,2.11,2.11.a,BG,5
3885,6/29/2014,77,2,11,b,2.11,2.11.b,BG,5
3886,6/29/2014,77,2,11,c,2.11,2.11.c,BG,6
3887,6/29/2014,77,2,11,d,2.11,2.11.d,BG,7
3888,6/29/2014,77,2,11,e,2.11,2.11.e,BG,6
3889,6/29/2014,77,2,11,f,2.11,2.11.f,BG,5
3890,6/29/2014,77,2,11,g,2.11,2.11.g,BG,6
3891,6/29/2014,77,2,11,h,2.11,2.11.h,BG,7
3892,6/29/2014,77,2,11,i,2.11,2.11.i,BG,5
3893,6/29/2014,77,2,11,j,2.11,2.11.j,BG,5
3894,6/29/2014,77,2,11,k,2.11,2.11.k,BG,6
3895,6/29/2014,77,2,11,l,2.11,2.11.l,BG,6
3896,6/29/2014,77,2,11,m,2.11,2.11.m,BG,5
3897,6/29/2014,77,2,11,n,2.11,2.11.n,BG,6
3898,6/29/2014,77,2,11,o,2.11,2.11.o,BG,6
3899,6/29/2014,77,2,11,p,2.11,2.11.p,BG,5
3900,6/29/2014,77,2,12,a,2.12,2.12.a,BG,5
3901,6/29/2014,77,2,13,a,2.13,2.13.a,BG,5
3902,6/29/2014,77,2,15,a,2.15,2.15.a,BG,6
3903,6/29/2014,77,2,16,a,2.16,2.16.a,BG,5
3904,6/29/2014,77,2,16,b,2.16,2.16.b,BG,5
3905,6/29/2014,77,2,16,c,2.16,2.16.c,BG,6
3906,6/29/2014,77,2,16,d,2.16,2.16.d,BG,6
3907,6/29/2014,77,2,16,e,2.16,2.16.e,BG,6
3908,6/29/2014,77,2,16,f,2.16,2.16.f,BG,7
3909,6/29/2014,77,2,16,g,2.16,2.16.g,BG,7
3910,6/29/2014,77,2,16,h,2.16,2.16.h,BG,6
3911,6/29/2014,77,2,16,i,2.16,2.16.i,BG,6
3912,6/29/2014,77,2,16,j,2.16,2.16.j,BG,7
3913,6/29/2014,77,2,16,k,2.16,2.16.k,BG,6
3914,6/29/2014,77,2,16,l,2.16,2.16.l,BG,5
3915,6/29/2014,77,2,16,m,2.16,2.16.m,BG,6
3916,6/29/2014,77,2,16,n,2.16,2.16.n,BG,6
3917,6/29/2014,77,2,16,o,2.16,2.16.o,BG,6
3918,6/29/2014,77,2,16,p,2.16,2.16.p,BG,5
3919,6/29/2014,77,2,17,a,2.17,2.17.a,BG,7
3920,6/29/2014,77,2,17,b,2.17,2.17.b,BG,7
3921,6/29/2014,77,2,17,c,2.17,2.17.c,BG,7
3922,6/29/2014,77,2,17,d,2.17,2.17.d,BG,6
3923,6/29/2014,77,2,17,e,2.17,2.17.e,BG,6
3924,6/29/2014,77,2,17,f,2.17,2.17.f,BG,6
3925,6/29/2014,77,2,17,g,2.17,2.17.g,BG,5
3926,6/29/2014,77,2,17,h,2.17,2.17.h,BG,5
3927,6/29/2014,77,2,17,i,2.17,2.17.i,BG,6
3928,6/29/2014,77,2,17,j,2.17,2.17.j,BG,6
3929,6/29/2014,77,2,17,k,2.17,2.17.k,BG,7
3930,6/29/2014,77,2,17,l,2.17,2.17.l,BG,6
3931,6/29/2014,77,2,17,m,2.17,2.17.m,BG,6
3932,6/29/2014,77,2,17,n,2.17,2.17.n,BG,5
3933,6/29/2014,77,2,17,o,2.17,2.17.o,BG,6
3934,6/29/2014,77,2,17,p,2.17,2.17.p,BG,6
3935,6/29/2014,77,2,18,a,2.18,2.18.a,BG,6
3936,6/29/2014,77,2,1,a,2.1,2.1.a,BRTE,5
3937,6/29/2014,77,2,1,b,2.1,2.1.b,BRTE,5
3938,6/29/2014,77,2,1,c,2.1,2.1.c,BRTE,6
3939,6/29/2014,77,2,1,d,2.1,2.1.d,BRTE,5
3940,6/29/2014,77,2,1,e,2.1,2.1.e,BRTE,4
3941,6/29/2014,77,2,1,f,2.1,2.1.f,BRTE,6
3942,6/29/2014,77,2,1,g,2.1,2.1.g,BRTE,6
3943,6/29/2014,77,2,1,h,2.1,2.1.h,BRTE,6
3944,6/29/2014,77,2,1,i,2.1,2.1.i,BRTE,4
3945,6/29/2014,77,2,1,j,2.1,2.1.j,BRTE,5
3946,6/29/2014,77,2,1,k,2.1,2.1.k,BRTE,6
3947,6/29/2014,77,2,1,l,2.1,2.1.l,BRTE,5
3948,6/29/2014,77,2,1,m,2.1,2.1.m,BRTE,5
3949,6/29/2014,77,2,1,n,2.1,2.1.n,BRTE,6
3950,6/29/2014,77,2,1,o,2.1,2.1.o,BRTE,5
3951,6/29/2014,77,2,1,p,2.1,2.1.p,BRTE,7
3952,6/29/2014,77,2,2,a,2.2,2.2.a,BRTE,5
3953,6/29/2014,77,2,3,a,2.3,2.3.a,BRTE,8
3954,6/29/2014,77,2,3,b,2.3,2.3.b,BRTE,5
3955,6/29/2014,77,2,3,c,2.3,2.3.c,BRTE,5
3956,6/29/2014,77,2,3,d,2.3,2.3.d,BRTE,5
3957,6/29/2014,77,2,3,e,2.3,2.3.e,BRTE,5
3958,6/29/2014,77,2,3,f,2.3,2.3.f,BRTE,3
3959,6/29/2014,77,2,3,g,2.3,2.3.g,BRTE,4
3960,6/29/2014,77,2,3,h,2.3,2.3.h,BRTE,4
3961,6/29/2014,77,2,3,i,2.3,2.3.i,BRTE,4
3962,6/29/2014,77,2,3,j,2.3,2.3.j,BRTE,4
3963,6/29/2014,77,2,3,k,2.3,2.3.k,BRTE,5
3964,6/29/2014,77,2,3,l,2.3,2.3.l,BRTE,4
3965,6/29/2014,77,2,3,m,2.3,2.3.m,BRTE,5
3966,6/29/2014,77,2,3,n,2.3,2.3.n,BRTE,5
3967,6/29/2014,77,2,3,o,2.3,2.3.o,BRTE,5
3968,6/29/2014,77,2,3,p,2.3,2.3.p,BRTE,4
3969,6/29/2014,77,2,4,a,2.4,2.4.a,BRTE,6
3970,6/29/2014,77,2,5,a,2.5,2.5.a,BRTE,6
3971,6/29/2014,77,2,6,a,2.6,2.6.a,BRTE,6
3972,6/29/2014,77,2,7,a,2.7,2.7.a,BRTE,6
3973,6/29/2014,77,2,8,a,2.8,2.8.a,BRTE,5
3974,6/29/2014,77,2,9,a,2.9,2.9.a,BRTE,4
3975,6/29/2014,77,2,9,b,2.9,2.9.b,BRTE,4
3976,6/29/2014,77,2,9,c,2.9,2.9.c,BRTE,5
3977,6/29/2014,77,2,9,d,2.9,2.9.d,BRTE,5
3978,6/29/2014,77,2,9,e,2.9,2.9.e,BRTE,4
3979,6/29/2014,77,2,9,f,2.9,2.9.f,BRTE,5
3980,6/29/2014,77,2,9,g,2.9,2.9.g,BRTE,4
3981,6/29/2014,77,2,9,h,2.9,2.9.h,BRTE,5
3982,6/29/2014,77,2,9,i,2.9,2.9.i,BRTE,4
3983,6/29/2014,77,2,9,j,2.9,2.9.j,BRTE,5
3984,6/29/2014,77,2,9,k,2.9,2.9.k,BRTE,4
3985,6/29/2014,77,2,9,l,2.9,2.9.l,BRTE,5
3986,6/29/2014,77,2,9,m,2.9,2.9.m,BRTE,5
3987,6/29/2014,77,2,9,n,2.9,2.9.n,BRTE,5
3988,6/29/2014,77,2,9,o,2.9,2.9.o,BRTE,5
3989,6/29/2014,77,2,9,p,2.9,2.9.p,BRTE,4
3990,6/29/2014,77,2,10,a,2.1,2.10.a,BRTE,5
3991,6/29/2014,77,2,11,a,2.11,2.11.a,BRTE,4
3992,6/29/2014,77,2,11,b,2.11,2.11.b,BRTE,5
3993,6/29/2014,77,2,11,c,2.11,2.11.c,BRTE,4
3994,6/29/2014,77,2,11,d,2.11,2.11.d,BRTE,4
3995,6/29/2014,77,2,11,e,2.11,2.11.e,BRTE,4
3996,6/29/2014,77,2,11,f,2.11,2.11.f,BRTE,5
3997,6/29/2014,77,2,11,g,2.11,2.11.g,BRTE,4
3998,6/29/2014,77,2,11,h,2.11,2.11.h,BRTE,4
3999,6/29/2014,77,2,11,i,2.11,2.11.i,BRTE,5
4000,6/29/2014,77,2,11,j,2.11,2.11.j,BRTE,5
4001,6/29/2014,77,2,11,k,2.11,2.11.k,BRTE,5
4002,6/29/2014,77,2,11,l,2.11,2.11.l,BRTE,5
4003,6/29/2014,77,2,11,m,2.11,2.11.m,BRTE,5
4004,6/29/2014,77,2,11,n,2.11,2.11.n,BRTE,5
4005,6/29/2014,77,2,11,o,2.11,2.11.o,BRTE,5
4006,6/29/2014,77,2,11,p,2.11,2.11.p,BRTE,5
4007,6/29/2014,77,2,12,a,2.12,2.12.a,BRTE,5
4008,6/29/2014,77,2,13,a,2.13,2.13.a,BRTE,5
4009,6/29/2014,77,2,15,a,2.15,2.15.a,BRTE,5
4010,6/29/2014,77,2,16,a,2.16,2.16.a,BRTE,4
4011,6/29/2014,77,2,16,b,2.16,2.16.b,BRTE,5
4012,6/29/2014,77,2,16,c,2.16,2.16.c,BRTE,3
4013,6/29/2014,77,2,16,d,2.16,2.16.d,BRTE,3
4014,6/29/2014,77,2,16,e,2.16,2.16.e,BRTE,4
4015,6/29/2014,77,2,16,f,2.16,2.16.f,BRTE,4
4016,6/29/2014,77,2,16,g,2.16,2.16.g,BRTE,4
4017,6/29/2014,77,2,16,h,2.16,2.16.h,BRTE,4
4018,6/29/2014,77,2,16,i,2.16,2.16.i,BRTE,4
4019,6/29/2014,77,2,16,j,2.16,2.16.j,BRTE,4
4020,6/29/2014,77,2,16,k,2.16,2.16.k,BRTE,4
4021,6/29/2014,77,2,16,l,2.16,2.16.l,BRTE,5
4022,6/29/2014,77,2,16,m,2.16,2.16.m,BRTE,5
4023,6/29/2014,77,2,16,n,2.16,2.16.n,BRTE,4
4024,6/29/2014,77,2,16,o,2.16,2.16.o,BRTE,4
4025,6/29/2014,77,2,16,p,2.16,2.16.p,BRTE,6
4026,6/29/2014,77,2,17,a,2.17,2.17.a,BRTE,4
4027,6/29/2014,77,2,17,b,2.17,2.17.b,BRTE,4
4028,6/29/2014,77,2,17,c,2.17,2.17.c,BRTE,4
4029,6/29/2014,77,2,17,d,2.17,2.17.d,BRTE,5
4030,6/29/2014,77,2,17,e,2.17,2.17.e,BRTE,4
4031,6/29/2014,77,2,17,f,2.17,2.17.f,BRTE,5
4032,6/29/2014,77,2,17,g,2.17,2.17.g,BRTE,5
4033,6/29/2014,77,2,17,h,2.17,2.17.h,BRTE,5
4034,6/29/2014,77,2,17,i,2.17,2.17.i,BRTE,4
4035,6/29/2014,77,2,17,j,2.17,2.17.j,BRTE,5
4036,6/29/2014,77,2,17,k,2.17,2.17.k,BRTE,4
4037,6/29/2014,77,2,17,l,2.17,2.17.l,BRTE,5
4038,6/29/2014,77,2,17,m,2.17,2.17.m,BRTE,5
4039,6/29/2014,77,2,17,n,2.17,2.17.n,BRTE,5
4040,6/29/2014,77,2,17,o,2.17,2.17.o,BRTE,4
4041,6/29/2014,77,2,17,p,2.17,2.17.p,BRTE,4
4042,6/29/2014,77,2,18,a,2.18,2.18.a,BRTE,5
4043,6/29/2014,77,2,1,b,2.1,2.1.b,DEPI,1
4044,6/29/2014,77,2,1,d,2.1,2.1.d,DEPI,1
4045,6/29/2014,77,2,1,e,2.1,2.1.e,DEPI,1
4046,6/29/2014,77,2,1,f,2.1,2.1.f,DEPI,2
4047,6/29/2014,77,2,1,i,2.1,2.1.i,DEPI,4
4048,6/29/2014,77,2,1,j,2.1,2.1.j,DEPI,1
4049,6/29/2014,77,2,1,k,2.1,2.1.k,DEPI,2
4050,6/29/2014,77,2,1,l,2.1,2.1.l,DEPI,1
4051,6/29/2014,77,2,1,m,2.1,2.1.m,DEPI,1
4052,6/29/2014,77,2,1,n,2.1,2.1.n,DEPI,2
4053,6/29/2014,77,2,1,o,2.1,2.1.o,DEPI,3
4054,6/29/2014,77,2,1,p,2.1,2.1.p,DEPI,1
4055,6/29/2014,77,2,2,a,2.2,2.2.a,DEPI,3
4056,6/29/2014,77,2,3,b,2.3,2.3.b,DEPI,3
4057,6/29/2014,77,2,3,c,2.3,2.3.c,DEPI,4
4058,6/29/2014,77,2,3,e,2.3,2.3.e,DEPI,1
4059,6/29/2014,77,2,3,f,2.3,2.3.f,DEPI,2
4060,6/29/2014,77,2,3,g,2.3,2.3.g,DEPI,2
4061,6/29/2014,77,2,3,h,2.3,2.3.h,DEPI,2
4062,6/29/2014,77,2,3,i,2.3,2.3.i,DEPI,2
4063,6/29/2014,77,2,3,j,2.3,2.3.j,DEPI,2
4064,6/29/2014,77,2,3,k,2.3,2.3.k,DEPI,3
4065,6/29/2014,77,2,3,l,2.3,2.3.l,DEPI,3
4066,6/29/2014,77,2,3,m,2.3,2.3.m,DEPI,1
4067,6/29/2014,77,2,3,n,2.3,2.3.n,DEPI,2
4068,6/29/2014,77,2,3,o,2.3,2.3.o,DEPI,2
4069,6/29/2014,77,2,3,p,2.3,2.3.p,DEPI,3
4070,6/29/2014,77,2,4,a,2.4,2.4.a,DEPI,3
4071,6/29/2014,77,2,5,a,2.5,2.5.a,DEPI,3
4072,6/29/2014,77,2,6,a,2.6,2.6.a,DEPI,3
4073,6/29/2014,77,2,7,a,2.7,2.7.a,DEPI,2
4074,6/29/2014,77,2,8,a,2.8,2.8.a,DEPI,3
4075,6/29/2014,77,2,9,a,2.9,2.9.a,DEPI,3
4076,6/29/2014,77,2,9,b,2.9,2.9.b,DEPI,2
4077,6/29/2014,77,2,9,c,2.9,2.9.c,DEPI,2
4078,6/29/2014,77,2,9,d,2.9,2.9.d,DEPI,2
4079,6/29/2014,77,2,9,e,2.9,2.9.e,DEPI,2
4080,6/29/2014,77,2,9,f,2.9,2.9.f,DEPI,2
4081,6/29/2014,77,2,9,g,2.9,2.9.g,DEPI,2
4082,6/29/2014,77,2,9,h,2.9,2.9.h,DEPI,1
4083,6/29/2014,77,2,9,i,2.9,2.9.i,DEPI,2
4084,6/29/2014,77,2,9,j,2.9,2.9.j,DEPI,2
4085,6/29/2014,77,2,9,k,2.9,2.9.k,DEPI,2
4086,6/29/2014,77,2,9,m,2.9,2.9.m,DEPI,2
4087,6/29/2014,77,2,9,n,2.9,2.9.n,DEPI,1
4088,6/29/2014,77,2,9,o,2.9,2.9.o,DEPI,2
4089,6/29/2014,77,2,9,p,2.9,2.9.p,DEPI,3
4090,6/29/2014,77,2,10,a,2.1,2.10.a,DEPI,2
4091,6/29/2014,77,2,11,a,2.11,2.11.a,DEPI,2
4092,6/29/2014,77,2,11,c,2.11,2.11.c,DEPI,1
4093,6/29/2014,77,2,11,d,2.11,2.11.d,DEPI,2
4094,6/29/2014,77,2,11,g,2.11,2.11.g,DEPI,2
4095,6/29/2014,77,2,11,h,2.11,2.11.h,DEPI,1
4096,6/29/2014,77,2,11,k,2.11,2.11.k,DEPI,2
4097,6/29/2014,77,2,11,l,2.11,2.11.l,DEPI,1
4098,6/29/2014,77,2,11,m,2.11,2.11.m,DEPI,1
4099,6/29/2014,77,2,11,n,2.11,2.11.n,DEPI,1
4100,6/29/2014,77,2,11,p,2.11,2.11.p,DEPI,2
4101,6/29/2014,77,2,12,a,2.12,2.12.a,DEPI,2
4102,6/29/2014,77,2,14,a,2.14,2.14.a,DEPI,2
4103,6/29/2014,77,2,16,b,2.16,2.16.b,DEPI,3
4104,6/29/2014,77,2,16,c,2.16,2.16.c,DEPI,2
4105,6/29/2014,77,2,16,f,2.16,2.16.f,DEPI,1
4106,6/29/2014,77,2,16,h,2.16,2.16.h,DEPI,1
4107,6/29/2014,77,2,16,i,2.16,2.16.i,DEPI,2
4108,6/29/2014,77,2,16,j,2.16,2.16.j,DEPI,1
4109,6/29/2014,77,2,16,k,2.16,2.16.k,DEPI,1
4110,6/29/2014,77,2,16,l,2.16,2.16.l,DEPI,1
4111,6/29/2014,77,2,16,n,2.16,2.16.n,DEPI,1
4112,6/29/2014,77,2,16,o,2.16,2.16.o,DEPI,1
4113,6/29/2014,77,2,17,a,2.17,2.17.a,DEPI,1
4114,6/29/2014,77,2,17,b,2.17,2.17.b,DEPI,2
4115,6/29/2014,77,2,17,c,2.17,2.17.c,DEPI,2
4116,6/29/2014,77,2,17,d,2.17,2.17.d,DEPI,1
4117,6/29/2014,77,2,17,e,2.17,2.17.e,DEPI,1
4118,6/29/2014,77,2,17,f,2.17,2.17.f,DEPI,2
4119,6/29/2014,77,2,17,g,2.17,2.17.g,DEPI,1
4120,6/29/2014,77,2,17,h,2.17,2.17.h,DEPI,2
4121,6/29/2014,77,2,17,i,2.17,2.17.i,DEPI,2
4122,6/29/2014,77,2,17,k,2.17,2.17.k,DEPI,1
4123,6/29/2014,77,2,17,l,2.17,2.17.l,DEPI,2
4124,6/29/2014,77,2,17,m,2.17,2.17.m,DEPI,1
4125,6/29/2014,77,2,17,n,2.17,2.17.n,DEPI,1
4126,6/29/2014,77,2,17,p,2.17,2.17.p,DEPI,2
4127,6/29/2014,77,2,18,a,2.18,2.18.a,DEPI,3
4128,6/29/2014,77,2,11,i,2.11,2.11.i,DRABA,2
4129,6/29/2014,77,2,11,j,2.11,2.11.j,DRABA,1
4130,6/29/2014,77,2,7,a,2.7,2.7.a,ELEL,1
4131,6/29/2014,77,2,16,i,2.16,2.16.i,ELEL,4
4132,6/29/2014,77,2,10,a,2.1,2.10.a,ERCI,4
4133,6/29/2014,77,2,11,a,2.11,2.11.a,ERCI,3
4134,6/29/2014,77,2,11,b,2.11,2.11.b,ERCI,2
4135,6/29/2014,77,2,11,d,2.11,2.11.d,ERCI,2
4136,6/29/2014,77,2,11,e,2.11,2.11.e,ERCI,3
4137,6/29/2014,77,2,11,f,2.11,2.11.f,ERCI,3
4138,6/29/2014,77,2,11,h,2.11,2.11.h,ERCI,2
4139,6/29/2014,77,2,11,k,2.11,2.11.k,ERCI,2
4140,6/29/2014,77,2,11,l,2.11,2.11.l,ERCI,2
4141,6/29/2014,77,2,11,m,2.11,2.11.m,ERCI,2
4142,6/29/2014,77,2,11,p,2.11,2.11.p,ERCI,2
4143,6/29/2014,77,2,12,a,2.12,2.12.a,ERCI,4
4144,6/29/2014,77,2,13,a,2.13,2.13.a,ERCI,3
4145,6/29/2014,77,2,14,a,2.14,2.14.a,ERCI,3
4146,6/29/2014,77,2,15,a,2.15,2.15.a,ERCI,2
4147,6/29/2014,77,2,16,b,2.16,2.16.b,ERCI,3
4148,6/29/2014,77,2,16,d,2.16,2.16.d,ERCI,2
4149,6/29/2014,77,2,16,g,2.16,2.16.g,ERCI,2
4150,6/29/2014,77,2,16,i,2.16,2.16.i,ERCI,1
4151,6/29/2014,77,2,16,n,2.16,2.16.n,ERCI,2
4152,6/29/2014,77,2,16,o,2.16,2.16.o,ERCI,1
4153,6/29/2014,77,2,17,d,2.17,2.17.d,ERCI,1
4154,6/29/2014,77,2,17,e,2.17,2.17.e,ERCI,3
4155,6/29/2014,77,2,17,h,2.17,2.17.h,ERCI,3
4156,6/29/2014,77,2,17,n,2.17,2.17.n,ERCI,3
4157,6/29/2014,77,2,18,a,2.18,2.18.a,ERCI,3
4158,6/29/2014,77,2,1,a,2.1,2.1.a,ERSI,2
4159,6/29/2014,77,2,1,b,2.1,2.1.b,ERSI,3
4160,6/29/2014,77,2,1,c,2.1,2.1.c,ERSI,3
4161,6/29/2014,77,2,1,d,2.1,2.1.d,ERSI,2
4162,6/29/2014,77,2,1,i,2.1,2.1.i,ERSI,3
4163,6/29/2014,77,2,1,k,2.1,2.1.k,ERSI,3
4164,6/29/2014,77,2,1,m,2.1,2.1.m,ERSI,2
4165,6/29/2014,77,2,1,o,2.1,2.1.o,ERSI,2
4166,6/29/2014,77,2,1,p,2.1,2.1.p,ERSI,1
4167,6/29/2014,77,2,2,a,2.2,2.2.a,ERSI,2
4168,6/29/2014,77,2,3,d,2.3,2.3.d,ERSI,3
4169,6/29/2014,77,2,3,p,2.3,2.3.p,ERSI,3
4170,6/29/2014,77,2,4,a,2.4,2.4.a,ERSI,3
4171,6/29/2014,77,2,5,a,2.5,2.5.a,ERSI,3
4172,6/29/2014,77,2,6,a,2.6,2.6.a,ERSI,3
4173,6/29/2014,77,2,7,a,2.7,2.7.a,ERSI,3
4174,6/29/2014,77,2,8,a,2.8,2.8.a,ERSI,3
4175,6/29/2014,77,2,9,c,2.9,2.9.c,ERSI,3
4176,6/29/2014,77,2,9,d,2.9,2.9.d,ERSI,2
4177,6/29/2014,77,2,9,f,2.9,2.9.f,ERSI,3
4178,6/29/2014,77,2,9,g,2.9,2.9.g,ERSI,2
4179,6/29/2014,77,2,9,h,2.9,2.9.h,ERSI,2
4180,6/29/2014,77,2,9,j,2.9,2.9.j,ERSI,2
4181,6/29/2014,77,2,9,k,2.9,2.9.k,ERSI,2
4182,6/29/2014,77,2,9,l,2.9,2.9.l,ERSI,2
4183,6/29/2014,77,2,9,m,2.9,2.9.m,ERSI,1
4184,6/29/2014,77,2,1,a,2.1,2.1.a,Gilia ,2
4185,6/29/2014,77,2,1,e,2.1,2.1.e,Gilia ,2
4186,6/29/2014,77,2,1,j,2.1,2.1.j,Gilia ,1
4187,6/29/2014,77,2,1,l,2.1,2.1.l,Gilia ,2
4188,6/29/2014,77,2,1,m,2.1,2.1.m,Gilia ,1
4189,6/29/2014,77,2,1,n,2.1,2.1.n,Gilia ,1
4190,6/29/2014,77,2,1,o,2.1,2.1.o,Gilia ,2
4191,6/29/2014,77,2,1,p,2.1,2.1.p,Gilia ,1
4192,6/29/2014,77,2,2,a,2.2,2.2.a,Gilia ,2
4193,6/29/2014,77,2,3,b,2.3,2.3.b,Gilia ,1
4194,6/29/2014,77,2,3,c,2.3,2.3.c,Gilia ,1
4195,6/29/2014,77,2,3,e,2.3,2.3.e,Gilia ,1
4196,6/29/2014,77,2,3,f,2.3,2.3.f,Gilia ,2
4197,6/29/2014,77,2,3,h,2.3,2.3.h,Gilia ,2
4198,6/29/2014,77,2,3,i,2.3,2.3.i,Gilia ,2
4199,6/29/2014,77,2,3,m,2.3,2.3.m,Gilia ,1
4200,6/29/2014,77,2,4,a,2.4,2.4.a,Gilia ,2
4201,6/29/2014,77,2,6,a,2.6,2.6.a,Gilia ,2
4202,6/29/2014,77,2,7,a,2.7,2.7.a,Gilia ,2
4203,6/29/2014,77,2,8,a,2.8,2.8.a,Gilia ,2
4204,6/29/2014,77,2,9,a,2.9,2.9.a,Gilia ,1
4205,6/29/2014,77,2,9,b,2.9,2.9.b,Gilia ,2
4206,6/29/2014,77,2,9,c,2.9,2.9.c,Gilia ,2
4207,6/29/2014,77,2,9,e,2.9,2.9.e,Gilia ,1
4208,6/29/2014,77,2,9,f,2.9,2.9.f,Gilia ,1
4209,6/29/2014,77,2,9,o,2.9,2.9.o,Gilia ,1
4210,6/29/2014,77,2,11,b,2.11,2.11.b,Gilia ,1
4211,6/29/2014,77,2,11,c,2.11,2.11.c,Gilia ,2
4212,6/29/2014,77,2,11,g,2.11,2.11.g,Gilia ,2
4213,6/29/2014,77,2,11,h,2.11,2.11.h,Gilia ,2
4214,6/29/2014,77,2,11,i,2.11,2.11.i,Gilia ,2
4215,6/29/2014,77,2,11,j,2.11,2.11.j,Gilia ,1
4216,6/29/2014,77,2,11,k,2.11,2.11.k,Gilia ,1
4217,6/29/2014,77,2,11,n,2.11,2.11.n,Gilia ,1
4218,6/29/2014,77,2,16,o,2.16,2.16.o,Gilia ,1
4219,6/29/2014,77,2,17,o,2.17,2.17.o,Gilia ,1
4220,6/29/2014,77,2,9,m,2.9,2.9.m,HEAN,4
4221,6/29/2014,77,2,6,a,2.6,2.6.a,LASE,2
4222,6/29/2014,77,2,1,b,2.1,2.1.b,LEMO,2
4223,6/29/2014,77,2,1,e,2.1,2.1.e,LEMO,3
4224,6/29/2014,77,2,1,h,2.1,2.1.h,LEMO,2
4225,6/29/2014,77,2,1,i,2.1,2.1.i,LEMO,4
4226,6/29/2014,77,2,1,l,2.1,2.1.l,LEMO,2
4227,6/29/2014,77,2,1,m,2.1,2.1.m,LEMO,1
4228,6/29/2014,77,2,1,n,2.1,2.1.n,LEMO,2
4229,6/29/2014,77,2,2,a,2.2,2.2.a,LEMO,2
4230,6/29/2014,77,2,3,c,2.3,2.3.c,LEMO,1
4231,6/29/2014,77,2,3,g,2.3,2.3.g,LEMO,1
4232,6/29/2014,77,2,3,i,2.3,2.3.i,LEMO,3
4233,6/29/2014,77,2,3,j,2.3,2.3.j,LEMO,2
4234,6/29/2014,77,2,3,l,2.3,2.3.l,LEMO,1
4235,6/29/2014,77,2,3,m,2.3,2.3.m,LEMO,3
4236,6/29/2014,77,2,3,o,2.3,2.3.o,LEMO,2
4237,6/29/2014,77,2,3,p,2.3,2.3.p,LEMO,3
4238,6/29/2014,77,2,4,a,2.4,2.4.a,LEMO,3
4239,6/29/2014,77,2,5,a,2.5,2.5.a,LEMO,2
4240,6/29/2014,77,2,7,a,2.7,2.7.a,LEMO,2
4241,6/29/2014,77,2,8,a,2.8,2.8.a,LEMO,2
4242,6/29/2014,77,2,9,a,2.9,2.9.a,LEMO,2
4243,6/29/2014,77,2,9,b,2.9,2.9.b,LEMO,2
4244,6/29/2014,77,2,9,c,2.9,2.9.c,LEMO,2
4245,6/29/2014,77,2,9,l,2.9,2.9.l,LEMO,1
4246,6/29/2014,77,2,9,m,2.9,2.9.m,LEMO,2
4247,6/29/2014,77,2,10,a,2.1,2.10.a,LEMO,4
4248,6/29/2014,77,2,11,a,2.11,2.11.a,LEMO,2
4249,6/29/2014,77,2,11,c,2.11,2.11.c,LEMO,1
4250,6/29/2014,77,2,11,d,2.11,2.11.d,LEMO,1
4251,6/29/2014,77,2,11,h,2.11,2.11.h,LEMO,1
4252,6/29/2014,77,2,11,j,2.11,2.11.j,LEMO,2
4253,6/29/2014,77,2,11,k,2.11,2.11.k,LEMO,2
4254,6/29/2014,77,2,11,o,2.11,2.11.o,LEMO,1
4255,6/29/2014,77,2,12,a,2.12,2.12.a,LEMO,2
4256,6/29/2014,77,2,13,a,2.13,2.13.a,LEMO,4
4257,6/29/2014,77,2,14,a,2.14,2.14.a,LEMO,2
4258,6/29/2014,77,2,15,a,2.15,2.15.a,LEMO,2
4259,6/29/2014,77,2,16,a,2.16,2.16.a,LEMO,4
4260,6/29/2014,77,2,16,b,2.16,2.16.b,LEMO,2
4261,6/29/2014,77,2,16,c,2.16,2.16.c,LEMO,1
4262,6/29/2014,77,2,16,d,2.16,2.16.d,LEMO,2
4263,6/29/2014,77,2,16,e,2.16,2.16.e,LEMO,3
4264,6/29/2014,77,2,16,f,2.16,2.16.f,LEMO,3
4265,6/29/2014,77,2,16,g,2.16,2.16.g,LEMO,3
4266,6/29/2014,77,2,16,h,2.16,2.16.h,LEMO,1
4267,6/29/2014,77,2,16,i,2.16,2.16.i,LEMO,2
4268,6/29/2014,77,2,16,j,2.16,2.16.j,LEMO,1
4269,6/29/2014,77,2,16,k,2.16,2.16.k,LEMO,1
4270,6/29/2014,77,2,16,o,2.16,2.16.o,LEMO,1
4271,6/29/2014,77,2,17,a,2.17,2.17.a,LEMO,2
4272,6/29/2014,77,2,17,b,2.17,2.17.b,LEMO,1
4273,6/29/2014,77,2,17,c,2.17,2.17.c,LEMO,1
4274,6/29/2014,77,2,17,e,2.17,2.17.e,LEMO,1
4275,6/29/2014,77,2,17,f,2.17,2.17.f,LEMO,1
4276,6/29/2014,77,2,17,i,2.17,2.17.i,LEMO,1
4277,6/29/2014,77,2,17,o,2.17,2.17.o,LEMO,2
4278,6/29/2014,77,2,18,a,2.18,2.18.a,LEMO,2
4279,6/29/2014,77,2,9,i,2.9,2.9.i,Linum,1
4280,6/29/2014,77,2,9,j,2.9,2.9.j,Linum,2
4281,6/29/2014,77,2,3,d,2.3,2.3.d,Linum,3
4282,6/29/2014,77,2,7,a,2.7,2.7.a,Linum,2
4283,6/29/2014,77,2,8,a,2.8,2.8.a,Linum,1
4284,6/29/2014,77,2,11,c,2.11,2.11.c,Linum,1
4285,6/29/2014,77,2,11,d,2.11,2.11.d,Linum,1
4286,6/29/2014,77,2,11,f,2.11,2.11.f,Linum,2
4287,6/29/2014,77,2,11,l,2.11,2.11.l,Linum,1
4288,6/29/2014,77,2,11,p,2.11,2.11.p,Linum,1
4289,6/29/2014,77,2,12,a,2.12,2.12.a,Linum,4
4290,6/29/2014,77,2,13,a,2.13,2.13.a,Linum,3
4291,6/29/2014,77,2,15,a,2.15,2.15.a,Linum,3
4292,6/29/2014,77,2,16,h,2.16,2.16.h,Linum,1
4293,6/29/2014,77,2,17,o,2.17,2.17.o,Linum,1
4294,6/29/2014,77,2,3,f,2.3,2.3.f,MACA,5
4295,6/29/2014,77,2,6,a,2.6,2.6.a,MACA,3
4296,6/29/2014,77,2,7,a,2.7,2.7.a,MACA,2
4297,6/29/2014,77,2,11,i,2.11,2.11.i,UNKMOSS,2
4298,6/29/2014,77,2,1,c,2.1,2.1.c,OEPA,1
4299,6/29/2014,77,2,1,f,2.1,2.1.f,OEPA,2
4300,6/29/2014,77,2,1,h,2.1,2.1.h,OEPA,2
4301,6/29/2014,77,2,1,j,2.1,2.1.j,OEPA,2
4302,6/29/2014,77,2,1,l,2.1,2.1.l,OEPA,2
4303,6/29/2014,77,2,1,m,2.1,2.1.m,OEPA,1
4304,6/29/2014,77,2,1,n,2.1,2.1.n,OEPA,4
4305,6/29/2014,77,2,1,o,2.1,2.1.o,OEPA,2
4306,6/29/2014,77,2,2,a,2.2,2.2.a,OEPA,3
4307,6/29/2014,77,2,3,b,2.3,2.3.b,OEPA,1
4308,6/29/2014,77,2,3,c,2.3,2.3.c,OEPA,1
4309,6/29/2014,77,2,3,g,2.3,2.3.g,OEPA,2
4310,6/29/2014,77,2,3,n,2.3,2.3.n,OEPA,1
4311,6/29/2014,77,2,3,o,2.3,2.3.o,OEPA,1
4312,6/29/2014,77,2,3,p,2.3,2.3.p,OEPA,2
4313,6/29/2014,77,2,4,a,2.4,2.4.a,OEPA,2
4314,6/29/2014,77,2,6,a,2.6,2.6.a,OEPA,1
4315,6/29/2014,77,2,8,a,2.8,2.8.a,OEPA,1
4316,6/29/2014,77,2,9,c,2.9,2.9.c,OEPA,1
4317,6/29/2014,77,2,9,e,2.9,2.9.e,OEPA,1
4318,6/29/2014,77,2,9,g,2.9,2.9.g,OEPA,2
4319,6/29/2014,77,2,9,l,2.9,2.9.l,OEPA,2
4320,6/29/2014,77,2,9,p,2.9,2.9.p,OEPA,3
4321,6/29/2014,77,2,11,c,2.11,2.11.c,OEPA,1
4322,6/29/2014,77,2,11,i,2.11,2.11.i,OEPA,1
4323,6/29/2014,77,2,11,k,2.11,2.11.k,OEPA,2
4324,6/29/2014,77,2,11,m,2.11,2.11.m,OEPA,1
4325,6/29/2014,77,2,14,a,2.14,2.14.a,OEPA,2
4326,6/29/2014,77,2,16,g,2.16,2.16.g,OEPA,2
4327,6/29/2014,77,2,16,k,2.16,2.16.k,OEPA,3
4328,6/29/2014,77,2,16,l,2.16,2.16.l,OEPA,1
4329,6/29/2014,77,2,16,m,2.16,2.16.m,OEPA,2
4330,6/29/2014,77,2,16,n,2.16,2.16.n,OEPA,2
4331,6/29/2014,77,2,16,o,2.16,2.16.o,OEPA,3
4332,6/29/2014,77,2,17,e,2.17,2.17.e,OEPA,2
4333,6/29/2014,77,2,17,i,2.17,2.17.i,OEPA,3
4334,6/29/2014,77,2,17,j,2.17,2.17.j,OEPA,3
4335,6/29/2014,77,2,17,k,2.17,2.17.k,OEPA,2
4336,6/29/2014,77,2,17,m,2.17,2.17.m,OEPA,2
4337,6/29/2014,77,2,17,n,2.17,2.17.n,OEPA,2
4338,6/29/2014,77,2,17,o,2.17,2.17.o,OEPA,4
4339,6/29/2014,77,2,17,p,2.17,2.17.p,OEPA,2
4340,6/29/2014,77,2,18,a,2.18,2.18.a,OEPA,1
4341,6/29/2014,77,2,1,f,2.1,2.1.f,PLPA,1
4342,6/29/2014,77,2,3,e,2.3,2.3.e,PLPA,1
4343,6/29/2014,77,2,3,j,2.3,2.3.j,PLPA,2
4344,6/29/2014,77,2,4,a,2.4,2.4.a,PLPA,2
4345,6/29/2014,77,2,5,a,2.5,2.5.a,PLPA,2
4346,6/29/2014,77,2,6,a,2.6,2.6.a,PLPA,2
4347,6/29/2014,77,2,7,a,2.7,2.7.a,PLPA,2
4348,6/29/2014,77,2,8,a,2.8,2.8.a,PLPA,1
4349,6/29/2014,77,2,9,i,2.9,2.9.i,PLPA,1
4350,6/29/2014,77,2,9,p,2.9,2.9.p,PLPA,2
4351,6/29/2014,77,2,11,a,2.11,2.11.a,PLPA,2
4352,6/29/2014,77,2,11,c,2.11,2.11.c,PLPA,1
4353,6/29/2014,77,2,11,e,2.11,2.11.e,PLPA,1
4354,6/29/2014,77,2,11,f,2.11,2.11.f,PLPA,2
4355,6/29/2014,77,2,11,g,2.11,2.11.g,PLPA,2
4356,6/29/2014,77,2,11,h,2.11,2.11.h,PLPA,2
4357,6/29/2014,77,2,11,k,2.11,2.11.k,PLPA,1
4358,6/29/2014,77,2,11,l,2.11,2.11.l,PLPA,2
4359,6/29/2014,77,2,11,p,2.11,2.11.p,PLPA,2
4360,6/29/2014,77,2,15,a,2.15,2.15.a,PLPA,2
4361,6/29/2014,77,2,16,a,2.16,2.16.a,PLPA,2
4362,6/29/2014,77,2,16,b,2.16,2.16.b,PLPA,2
4363,6/29/2014,77,2,16,c,2.16,2.16.c,PLPA,1
4364,6/29/2014,77,2,16,d,2.16,2.16.d,PLPA,1
4365,6/29/2014,77,2,16,e,2.16,2.16.e,PLPA,3
4366,6/29/2014,77,2,16,f,2.16,2.16.f,PLPA,1
4367,6/29/2014,77,2,16,h,2.16,2.16.h,PLPA,1
4368,6/29/2014,77,2,16,l,2.16,2.16.l,PLPA,1
4369,6/29/2014,77,2,16,n,2.16,2.16.n,PLPA,2
4370,6/29/2014,77,2,16,p,2.16,2.16.p,PLPA,1
4371,6/29/2014,77,2,18,a,2.18,2.18.a,PLPA,1
4372,6/29/2014,77,2,3,c,2.3,2.3.c,SATR,1
4373,6/29/2014,77,2,3,e,2.3,2.3.e,SATR,1
4374,6/29/2014,77,2,3,g,2.3,2.3.g,SATR,2
4375,6/29/2014,77,2,4,a,2.4,2.4.a,SATR,1
4376,6/29/2014,77,2,6,a,2.6,2.6.a,SATR,1
4377,6/29/2014,77,2,9,e,2.9,2.9.e,SATR,1
4378,6/29/2014,77,2,9,k,2.9,2.9.k,SATR,1
4379,6/29/2014,77,2,11,o,2.11,2.11.o,SATR,1
4380,6/29/2014,77,2,16,d,2.16,2.16.d,SATR,1
4381,6/29/2014,77,2,17,n,2.17,2.17.n,SATR,1
4382,6/29/2014,77,2,17,p,2.17,2.17.p,SATR,1
4383,6/29/2014,77,2,13,a,2.13,2.13.a,SAVE,3
4384,6/29/2014,77,2,14,a,2.14,2.14.a,SAVE,4
4385,6/29/2014,77,2,3,g,2.3,2.3.g,SIAL,1
4386,6/29/2014,77,2,2,a,2.2,2.2.a,SIAL,1
4387,6/29/2014,77,2,1,e,2.1,2.1.e,SIAL,4
4388,6/29/2014,77,2,1,g,2.1,2.1.g,SIAL,2
4389,6/29/2014,77,2,1,i,2.1,2.1.i,SIAL,4
4390,6/29/2014,77,2,2,a,2.2,2.2.a,SIAL,2
4391,6/29/2014,77,2,3,b,2.3,2.3.b,SIAL,1
4392,6/29/2014,77,2,3,d,2.3,2.3.d,SIAL,2
4393,6/29/2014,77,2,3,m,2.3,2.3.m,SIAL,1
4394,6/29/2014,77,2,3,n,2.3,2.3.n,SIAL,2
4395,6/29/2014,77,2,3,o,2.3,2.3.o,SIAL,2
4396,6/29/2014,77,2,4,a,2.4,2.4.a,SIAL,4
4397,6/29/2014,77,2,5,a,2.5,2.5.a,SIAL,4
4398,6/29/2014,77,2,6,a,2.6,2.6.a,SIAL,3
4399,6/29/2014,77,2,7,a,2.7,2.7.a,SIAL,1
4400,6/29/2014,77,2,9,m,2.9,2.9.m,SIAL,2
4401,6/29/2014,77,2,10,a,2.1,2.10.a,SIAL,3
4402,6/29/2014,77,2,16,a,2.16,2.16.a,SIAL,3
4403,6/29/2014,77,2,16,c,2.16,2.16.c,SIAL,1
4404,6/29/2014,77,2,16,d,2.16,2.16.d,SIAL,1
4405,6/29/2014,77,2,16,l,2.16,2.16.l,SIAL,1
4406,6/29/2014,77,2,16,m,2.16,2.16.m,SIAL,1
4407,6/29/2014,77,2,18,a,2.18,2.18.a,SIAL,2
4408,6/29/2014,77,2,6,a,2.6,2.6.a,SPCO,2
4409,6/29/2014,77,2,17,e,2.17,2.17.e,SPCO,1
4410,6/29/2014,77,2,17,g,2.17,2.17.g,SPCO,1
4411,6/29/2014,77,2,17,h,2.17,2.17.h,SPCO,3
4412,6/29/2014,77,2,18,a,2.18,2.18.a,SPCO,3
4413,6/29/2014,77,2,1,b,2.1,2.1.b,SPCR,2
4414,6/29/2014,77,2,1,j,2.1,2.1.j,SPCR,2
4415,6/29/2014,77,2,2,a,2.2,2.2.a,SPCR,2
4416,6/29/2014,77,2,3,a,2.3,2.3.a,SPCR,2
4417,6/29/2014,77,2,3,c,2.3,2.3.c,SPCR,1
4418,6/29/2014,77,2,3,n,2.3,2.3.n,SPCR,2
4419,6/29/2014,77,2,4,a,2.4,2.4.a,SPCR,1
4420,6/29/2014,77,2,7,a,2.7,2.7.a,SPCR,2
4421,6/29/2014,77,2,9,d,2.9,2.9.d,SPCR,2
4422,6/29/2014,77,2,11,m,2.11,2.11.m,SPCR,2
4423,6/29/2014,77,2,18,a,2.18,2.18.a,SPCR,2
4424,6/29/2014,77,2,16,o,2.16,2.16.o,UNKFORB,1
4425,6/29/2014,77,2,17,c,2.17,2.17.c,ATCA,1
4426,6/29/2014,77,2,16,p,2.16,2.16.p,UNKFORB,1
4427,6/29/2014,77,2,13,a,2.13,2.13.a,UNKFORB,3
4428,6/29/2014,77,2,11,a,2.11,2.11.a,ATCA,3
4429,6/29/2014,77,2,1,b,2.1,2.1.b,VUOC,2
4430,6/29/2014,77,2,1,f,2.1,2.1.f,VUOC,1
4431,6/29/2014,77,2,1,m,2.1,2.1.m,VUOC,1
4432,6/29/2014,77,2,1,n,2.1,2.1.n,VUOC,1
4433,6/29/2014,77,2,1,o,2.1,2.1.o,VUOC,1
4434,6/29/2014,77,2,1,p,2.1,2.1.p,VUOC,1
4435,6/29/2014,77,2,2,a,2.2,2.2.a,VUOC,2
4436,6/29/2014,77,2,3,g,2.3,2.3.g,VUOC,2
4437,6/29/2014,77,2,3,h,2.3,2.3.h,VUOC,1
4438,6/29/2014,77,2,3,j,2.3,2.3.j,VUOC,3
4439,6/29/2014,77,2,3,l,2.3,2.3.l,VUOC,2
4440,6/29/2014,77,2,3,p,2.3,2.3.p,VUOC,1
4441,6/29/2014,77,2,4,a,2.4,2.4.a,VUOC,2
4442,6/29/2014,77,2,5,a,2.5,2.5.a,VUOC,2
4443,6/29/2014,77,2,6,a,2.6,2.6.a,VUOC,2
4444,6/29/2014,77,2,7,a,2.7,2.7.a,VUOC,2
4445,6/29/2014,77,2,8,a,2.8,2.8.a,VUOC,3
4446,6/29/2014,77,2,9,a,2.9,2.9.a,VUOC,1
4447,6/29/2014,77,2,9,e,2.9,2.9.e,VUOC,1
4448,6/29/2014,77,2,9,i,2.9,2.9.i,VUOC,1
4449,6/29/2014,77,2,9,j,2.9,2.9.j,VUOC,2
4450,6/29/2014,77,2,9,k,2.9,2.9.k,VUOC,2
4451,6/29/2014,77,2,9,l,2.9,2.9.l,VUOC,2
4452,6/29/2014,77,2,9,o,2.9,2.9.o,VUOC,2
4453,6/29/2014,77,2,11,e,2.11,2.11.e,VUOC,3
4454,6/29/2014,77,2,11,f,2.11,2.11.f,VUOC,2
4455,6/29/2014,77,2,11,g,2.11,2.11.g,VUOC,2
4456,6/29/2014,77,2,11,h,2.11,2.11.h,VUOC,1
4457,6/29/2014,77,2,11,i,2.11,2.11.i,VUOC,1
4458,6/29/2014,77,2,11,k,2.11,2.11.k,VUOC,1
4459,6/29/2014,77,2,11,n,2.11,2.11.n,VUOC,1
4460,6/29/2014,77,2,13,a,2.13,2.13.a,VUOC,2
4461,6/29/2014,77,2,14,a,2.14,2.14.a,VUOC,2
4462,6/29/2014,77,2,15,a,2.15,2.15.a,VUOC,3
4463,6/29/2014,77,2,16,b,2.16,2.16.b,VUOC,1
4464,6/29/2014,77,2,16,e,2.16,2.16.e,VUOC,1
4465,6/29/2014,77,2,16,f,2.16,2.16.f,VUOC,1
4466,6/29/2014,77,2,16,g,2.16,2.16.g,VUOC,2
4467,6/29/2014,77,2,16,h,2.16,2.16.h,VUOC,1
4468,6/29/2014,77,2,16,i,2.16,2.16.i,VUOC,2
4469,6/29/2014,77,2,16,j,2.16,2.16.j,VUOC,2
4470,6/29/2014,77,2,16,n,2.16,2.16.n,VUOC,1
4471,6/29/2014,77,2,17,a,2.17,2.17.a,VUOC,1
4472,6/29/2014,77,2,17,c,2.17,2.17.c,VUOC,2
4473,6/29/2014,77,2,17,d,2.17,2.17.d,VUOC,1
4474,6/29/2014,77,2,17,e,2.17,2.17.e,VUOC,2
4475,6/29/2014,77,2,17,f,2.17,2.17.f,VUOC,1
4476,6/29/2014,77,2,17,g,2.17,2.17.g,VUOC,3
4477,6/29/2014,77,2,17,h,2.17,2.17.h,VUOC,2
4478,6/29/2014,77,2,17,i,2.17,2.17.i,VUOC,2
4479,6/29/2014,77,2,17,j,2.17,2.17.j,VUOC,1
4480,6/29/2014,77,2,17,k,2.17,2.17.k,VUOC,2
4481,6/29/2014,77,2,17,l,2.17,2.17.l,VUOC,2
4482,6/29/2014,77,2,17,m,2.17,2.17.m,VUOC,1
4483,6/29/2014,77,2,17,n,2.17,2.17.n,VUOC,1
4484,6/29/2014,77,2,17,o,2.17,2.17.o,VUOC,1
4485,6/29/2014,77,2,17,p,2.17,2.17.p,VUOC,2
4486,6/29/2014,77,2,18,a,2.18,2.18.a,VUOC,3
4487,6/29/2014,77,2,10,a,2.1,2.10.a,WOC,2
4488,6/29/2014,77,2,1,n,2.1,2.1.n,BORAGE,1
4489,6/29/2014,77,2,4,a,2.4,2.4.a,BORAGE,1
4490,6/29/2014,77,2,7,a,2.7,2.7.a,BORAGE,1
4491,6/29/2014,77,2,9,e,2.9,2.9.e,BORAGE,1
4492,6/29/2014,77,2,10,a,2.1,2.10.a,BORAGE,2
4493,6/29/2014,77,2,11,d,2.11,2.11.d,BORAGE,2
4494,6/29/2014,77,2,11,g,2.11,2.11.g,BORAGE,1
4495,6/29/2014,77,2,11,i,2.11,2.11.i,BORAGE,2
4496,6/29/2014,77,2,11,j,2.11,2.11.j,BORAGE,1
4497,6/29/2014,77,2,11,o,2.11,2.11.o,BORAGE,2
4498,6/29/2014,77,2,11,p,2.11,2.11.p,BORAGE,2
4499,6/29/2014,77,2,12,a,2.12,2.12.a,BORAGE,2
4500,6/29/2014,77,2,13,a,2.13,2.13.a,BORAGE,1
4501,6/29/2014,77,2,15,a,2.15,2.15.a,BORAGE,2
4502,6/29/2014,77,2,16,c,2.16,2.16.c,BORAGE,1
4503,6/29/2014,77,2,16,d,2.16,2.16.d,BORAGE,1
4504,6/29/2014,77,2,18,a,2.18,2.18.a,BORAGE,2
4505,5/30/2016,177,1,4,,1.4,,ACHY,2
4506,5/30/2016,177,1,17,,1.17,,ACHY,2
4507,5/30/2016,177,2,3,,2.3,,ACHY,3
4508,5/30/2016,177,2,7,,2.7,,ACHY,2
4509,5/30/2016,177,2,9,,2.9,,ACHY,3
4510,5/30/2016,177,2,13,,2.13,,ACHY,1
4511,5/30/2016,177,2,14,,2.14,,ACHY,2
4512,5/30/2016,177,3,4,,3.4,,ACHY,3
4513,5/30/2016,177,3,7,,3.7,,ACHY,3
4514,5/30/2016,177,3,11,,3.11,,ACHY,3
4515,5/30/2016,177,3,12,,3.12,,ACHY,3
4516,5/30/2016,177,3,13,,3.13,,ACHY,4
4517,5/30/2016,177,3,14,,3.14,,ACHY,3
4518,5/30/2016,177,3,16,,3.16,,ACHY,3
4519,5/30/2016,177,3,17,,3.17,,ACHY,4
4520,5/30/2016,177,3,18,,3.18,,ACHY,3
4521,5/30/2016,177,3,5,,3.5,,ACME,3
4522,5/30/2016,177,1,2,,1.2,,ACMI,2
4523,5/30/2016,177,1,13,,1.13,,ACMI,3
4524,5/30/2016,177,1,16,,1.16,,ACMI,1
4525,5/30/2016,177,2,1,,2.1,,ACMI,3
4526,5/30/2016,177,2,2,,2.2,,ACMI,3
4527,5/30/2016,177,2,3,,2.3,,ACMI,3
4528,5/30/2016,177,2,4,,2.4,,ACMI,2
4529,5/30/2016,177,2,5,,2.5,,ACMI,2
4530,5/30/2016,177,2,6,,2.6,,ACMI,3
4531,5/30/2016,177,2,8,,2.8,,ACMI,3
4532,5/30/2016,177,2,10,,2.1,,ACMI,3
4533,5/30/2016,177,2,11,,2.11,,ACMI,2
4534,5/30/2016,177,2,13,,2.13,,ACMI,3
4535,5/30/2016,177,2,15,,2.15,,ACMI,2
4536,5/30/2016,177,2,16,,2.16,,ACMI,3
4537,5/30/2016,177,2,17,,2.17,,ACMI,3
4538,5/30/2016,177,2,18,,2.18,,ACMI,3
4539,5/30/2016,177,3,3,,3.3,,ACMI,3
4540,5/30/2016,177,3,6,,3.6,,ACMI,2
4541,5/30/2016,177,3,12,,3.12,,ACMI,4
4542,5/30/2016,177,3,15,,3.15,,ACMI,3
4543,5/30/2016,177,3,18,,3.18,,ACMI,3
4544,5/30/2016,177,1,13,,1.13,,ALLIU,1
4545,5/30/2016,177,1,16,,1.16,,ALLIU,1
4546,5/30/2016,177,1,16,,1.16,,ALLIU,2
4547,5/30/2016,177,2,13,,2.13,,ALLIU,1
4548,5/30/2016,177,3,1,,3.1,,ASTRA,2
4549,5/30/2016,177,2,10,,2.1,,ATCA,2
4550,5/30/2016,177,2,12,,2.12,,ATCA,2
4551,5/30/2016,177,1,1,,1.1,,BG,3
4552,5/30/2016,177,1,2,,1.2,,BG,3
4553,5/30/2016,177,1,3,,1.3,,BG,2
4554,5/30/2016,177,1,4,,1.4,,BG,2
4555,5/30/2016,177,1,5,,1.5,,BG,2
4556,5/30/2016,177,1,6,,1.6,,BG,2
4557,5/30/2016,177,1,7,,1.7,,BG,3
4558,5/30/2016,177,1,8,,1.8,,BG,3
4559,5/30/2016,177,1,9,,1.9,,BG,3
4560,5/30/2016,177,1,10,,1.1,,BG,4
4561,5/30/2016,177,1,11,,1.11,,BG,3
4562,5/30/2016,177,1,12,,1.12,,BG,3
4563,5/30/2016,177,1,14,,1.14,,BG,3
4564,5/30/2016,177,1,15,,1.15,,BG,2
4565,5/30/2016,177,1,16,,1.16,,BG,3
4566,5/30/2016,177,1,16,,1.16,,BG,3
4567,5/30/2016,177,1,17,,1.17,,BG,3
4568,5/30/2016,177,1,18,,1.18,,BG,2
4569,5/30/2016,177,2,1,,2.1,,BG,1
4570,5/30/2016,177,2,2,,2.2,,BG,2
4571,5/30/2016,177,2,3,,2.3,,BG,3
4572,5/30/2016,177,2,4,,2.4,,BG,2
4573,5/30/2016,177,2,5,,2.5,,BG,1
4574,5/30/2016,177,2,6,,2.6,,BG,2
4575,5/30/2016,177,2,7,,2.7,,BG,2
4576,5/30/2016,177,2,8,,2.8,,BG,2
4577,5/30/2016,177,2,9,,2.9,,BG,2
4578,5/30/2016,177,2,10,,2.1,,BG,4
4579,5/30/2016,177,2,11,,2.11,,BG,3
4580,5/30/2016,177,2,12,,2.12,,BG,4
4581,5/30/2016,177,2,13,,2.13,,BG,3
4582,5/30/2016,177,2,14,,2.14,,BG,3
4583,5/30/2016,177,2,15,,2.15,,BG,3
4584,5/30/2016,177,2,16,,2.16,,BG,2
4585,5/30/2016,177,2,17,,2.17,,BG,3
4586,5/30/2016,177,2,18,,2.18,,BG,2
4587,5/30/2016,177,3,1,,3.1,,BG,5
4588,5/30/2016,177,3,2,,3.2,,BG,4
4589,5/30/2016,177,3,4,,3.4,,BG,3
4590,5/30/2016,177,3,5,,3.5,,BG,3
4591,5/30/2016,177,3,6,,3.6,,BG,4
4592,5/30/2016,177,3,7,,3.7,,BG,5
4593,5/30/2016,177,3,8,,3.8,,BG,4
4594,5/30/2016,177,3,9,,3.9,,BG,5
4595,5/30/2016,177,3,10,,3.1,,BG,4
4596,5/30/2016,177,3,11,,3.11,,BG,5
4597,5/30/2016,177,3,13,,3.13,,BG,4
4598,5/30/2016,177,3,13,,3.13,,BG,4
4599,5/30/2016,177,3,14,,3.14,,BG,4
4600,5/30/2016,177,3,15,,3.15,,BG,5
4601,5/30/2016,177,3,16,,3.16,,BG,3
4602,5/30/2016,177,3,17,,3.17,,BG,4
4603,5/30/2016,177,3,18,,3.18,,BG,4
4604,5/30/2016,177,1,1,,1.1,,BRTE,5
4605,5/30/2016,177,1,2,,1.2,,BRTE,4
4606,5/30/2016,177,1,3,,1.3,,BRTE,5
4607,5/30/2016,177,1,4,,1.4,,BRTE,5
4608,5/30/2016,177,1,5,,1.5,,BRTE,4
4609,5/30/2016,177,1,6,,1.6,,BRTE,4
4610,5/30/2016,177,1,7,,1.7,,BRTE,4
4611,5/30/2016,177,1,8,,1.8,,BRTE,3
4612,5/30/2016,177,1,9,,1.9,,BRTE,4
4613,5/30/2016,177,1,10,,1.1,,BRTE,4
4614,5/30/2016,177,1,11,,1.11,,BRTE,3
4615,5/30/2016,177,1,12,,1.12,,BRTE,4
4616,5/30/2016,177,1,14,,1.14,,BRTE,3
4617,5/30/2016,177,1,15,,1.15,,BRTE,4
4618,5/30/2016,177,1,16,,1.16,,BRTE,5
4619,5/30/2016,177,1,16,,1.16,,BRTE,5
4620,5/30/2016,177,1,17,,1.17,,BRTE,4
4621,5/30/2016,177,1,18,,1.18,,BRTE,4
4622,5/30/2016,177,2,1,,2.1,,BRTE,6
4623,5/30/2016,177,2,2,,2.2,,BRTE,6
4624,5/30/2016,177,2,3,,2.3,,BRTE,6
4625,5/30/2016,177,2,4,,2.4,,BRTE,6
4626,5/30/2016,177,2,5,,2.5,,BRTE,6
4627,5/30/2016,177,2,6,,2.6,,BRTE,6
4628,5/30/2016,177,2,7,,2.7,,BRTE,6
4629,5/30/2016,177,2,8,,2.8,,BRTE,6
4630,5/30/2016,177,2,9,,2.9,,BRTE,6
4631,5/30/2016,177,2,10,,2.1,,BRTE,5
4632,5/30/2016,177,2,11,,2.11,,BRTE,6
4633,5/30/2016,177,2,12,,2.12,,BRTE,5
4634,5/30/2016,177,2,13,,2.13,,BRTE,5
4635,5/30/2016,177,2,14,,2.14,,BRTE,6
4636,5/30/2016,177,2,15,,2.15,,BRTE,5
4637,5/30/2016,177,2,16,,2.16,,BRTE,4
4638,5/30/2016,177,2,17,,2.17,,BRTE,4
4639,5/30/2016,177,2,18,,2.18,,BRTE,6
4640,5/30/2016,177,3,1,,3.1,,BRTE,5
4641,5/30/2016,177,3,2,,3.2,,BRTE,5
4642,5/30/2016,177,3,3,,3.3,,BRTE,5
4643,5/30/2016,177,3,4,,3.4,,BRTE,5
4644,5/30/2016,177,3,5,,3.5,,BRTE,5
4645,5/30/2016,177,3,6,,3.6,,BRTE,5
4646,5/30/2016,177,3,7,,3.7,,BRTE,4
4647,5/30/2016,177,3,8,,3.8,,BRTE,5
4648,5/30/2016,177,3,9,,3.9,,BRTE,3
4649,5/30/2016,177,3,10,,3.1,,BRTE,4
4650,5/30/2016,177,3,11,,3.11,,BRTE,4
4651,5/30/2016,177,3,12,,3.12,,BRTE,4
4652,5/30/2016,177,3,13,,3.13,,BRTE,4
4653,5/30/2016,177,3,14,,3.14,,BRTE,4
4654,5/30/2016,177,3,15,,3.15,,BRTE,4
4655,5/30/2016,177,3,16,,3.16,,BRTE,5
4656,5/30/2016,177,3,17,,3.17,,BRTE,5
4657,5/30/2016,177,3,18,,3.18,,BRTE,5
4658,5/30/2016,177,1,7,,1.7,,CANU,1
4659,5/30/2016,177,2,3,,2.3,,CHNA,2
4660,5/30/2016,177,1,1,,1.1,,ERCI,1
4661,5/30/2016,177,1,2,,1.2,,ERCI,2
4662,5/30/2016,177,1,3,,1.3,,ERCI,2
4663,5/30/2016,177,1,4,,1.4,,ERCI,2
4664,5/30/2016,177,1,5,,1.5,,ERCI,2
4665,5/30/2016,177,1,6,,1.6,,ERCI,1
4666,5/30/2016,177,1,7,,1.7,,ERCI,1
4667,5/30/2016,177,1,8,,1.8,,ERCI,2
4668,5/30/2016,177,1,10,,1.1,,ERCI,1
4669,5/30/2016,177,1,11,,1.11,,ERCI,1
4670,5/30/2016,177,1,12,,1.12,,ERCI,1
4671,5/30/2016,177,1,13,,1.13,,ERCI,1
4672,5/30/2016,177,1,15,,1.15,,ERCI,1
4673,5/30/2016,177,1,16,,1.16,,ERCI,1
4674,5/30/2016,177,1,17,,1.17,,ERCI,2
4675,5/30/2016,177,1,18,,1.18,,ERCI,1
4676,5/30/2016,177,2,1,,2.1,,ERCI,3
4677,5/30/2016,177,2,2,,2.2,,ERCI,2
4678,5/30/2016,177,2,3,,2.3,,ERCI,2
4679,5/30/2016,177,2,4,,2.4,,ERCI,3
4680,5/30/2016,177,2,5,,2.5,,ERCI,3
4681,5/30/2016,177,2,6,,2.6,,ERCI,2
4682,5/30/2016,177,2,7,,2.7,,ERCI,3
4683,5/30/2016,177,2,8,,2.8,,ERCI,2
4684,5/30/2016,177,2,11,,2.11,,ERCI,3
4685,5/30/2016,177,2,12,,2.12,,ERCI,3
4686,5/30/2016,177,2,14,,2.14,,ERCI,3
4687,5/30/2016,177,2,15,,2.15,,ERCI,2
4688,5/30/2016,177,2,16,,2.16,,ERCI,2
4689,5/30/2016,177,2,17,,2.17,,ERCI,3
4690,5/30/2016,177,3,1,,3.1,,ERCI,2
4691,5/30/2016,177,3,2,,3.2,,ERCI,2
4692,5/30/2016,177,3,3,,3.3,,ERCI,2
4693,5/30/2016,177,3,4,,3.4,,ERCI,2
4694,5/30/2016,177,3,5,,3.5,,ERCI,3
4695,5/30/2016,177,3,6,,3.6,,ERCI,3
4696,5/30/2016,177,3,7,,3.7,,ERCI,3
4697,5/30/2016,177,3,8,,3.8,,ERCI,2
4698,5/30/2016,177,3,9,,3.9,,ERCI,2
4699,5/30/2016,177,3,10,,3.1,,ERCI,2
4700,5/30/2016,177,3,11,,3.11,,ERCI,2
4701,5/30/2016,177,3,13,,3.13,,ERCI,3
4702,5/30/2016,177,3,14,,3.14,,ERCI,2
4703,5/30/2016,177,3,15,,3.15,,ERCI,2
4704,5/30/2016,177,3,16,,3.16,,ERCI,2
4705,5/30/2016,177,3,17,,3.17,,ERCI,3
4706,5/30/2016,177,3,18,,3.18,,ERCI,2
4707,5/30/2016,177,2,9,,2.9,,ERCU,3
4708,5/30/2016,177,1,17,,1.17,,ERSP,2
4709,5/30/2016,177,3,6,,3.6,,ERSP,2
4710,5/30/2016,177,2,10,,2.1,,UNKGRASS,2
4711,5/30/2016,177,2,16,,2.16,,UNKGRASS,2
4712,5/30/2016,177,3,4,,3.4,,UNKFORB,1
4713,5/30/2016,177,2,1,,2.1,,GUSA,2
4714,5/30/2016,177,2,4,,2.4,,GUSA,2
4715,5/30/2016,177,2,14,,2.14,,GUSA,2
4716,5/30/2016,177,2,17,,2.17,,GUSA,2
4717,5/30/2016,177,3,1,,3.1,,GUSA,2
4718,5/30/2016,177,3,9,,3.9,,GUSA,3
4719,5/30/2016,177,3,12,,3.12,,GUSA,3
4720,5/30/2016,177,3,15,,3.15,,GUSA,3
4721,5/30/2016,177,3,3,,3.3,,HEVI,2
4722,5/30/2016,177,3,7,,3.7,,HEVI,2
4723,5/30/2016,177,3,8,,3.8,,HEVI,2
4724,5/30/2016,177,3,9,,3.9,,HEVI,3
4725,5/30/2016,177,3,10,,3.1,,HEVI,3
4726,5/30/2016,177,3,11,,3.11,,HEVI,1
4727,5/30/2016,177,3,16,,3.16,,HEVI,3
4728,5/30/2016,177,3,17,,3.17,,HEVI,2
4729,5/30/2016,177,2,7,,2.7,,LASE,2
4730,5/30/2016,177,2,8,,2.8,,LASE,1
4731,5/30/2016,177,3,1,,3.1,,LASE,2
4732,5/30/2016,177,1,2,,1.2,,LEPIDIUM,2
4733,5/30/2016,177,1,3,,1.3,,LEPIDIUM,1
4734,5/30/2016,177,2,1,,2.1,,LEPIDIUM,3
4735,5/30/2016,177,2,4,,2.4,,LEPIDIUM,3
4736,5/30/2016,177,2,7,,2.7,,LEPIDIUM,3
4737,5/30/2016,177,2,10,,2.1,,LEPIDIUM,5
4738,5/30/2016,177,2,13,,2.13,,LEPIDIUM,3
4739,5/30/2016,177,2,14,,2.14,,LEPIDIUM,1
4740,5/30/2016,177,2,16,,2.16,,LEPIDIUM,1
4741,5/30/2016,177,3,1,,3.1,,LEPIDIUM,2
4742,5/30/2016,177,3,4,,3.4,,LEPIDIUM,1
4743,5/30/2016,177,1,4,,1.4,,LIPE,1
4744,5/30/2016,177,1,5,,1.5,,LIPE,2
4745,5/30/2016,177,1,7,,1.7,,LIPE,3
4746,5/30/2016,177,1,11,,1.11,,LIPE,2
4747,5/30/2016,177,1,14,,1.14,,LIPE,2
4748,5/30/2016,177,1,18,,1.18,,LIPE,2
4749,5/30/2016,177,2,7,,2.7,,LIPE,3
4750,5/30/2016,177,2,9,,2.9,,LIPE,2
4751,5/30/2016,177,2,10,,2.1,,LIPE,2
4752,5/30/2016,177,2,11,,2.11,,LIPE,2
4753,5/30/2016,177,2,12,,2.12,,LIPE,3
4754,5/30/2016,177,2,15,,2.15,,LIPE,2
4755,5/30/2016,177,2,17,,2.17,,LIPE,2
4756,5/30/2016,177,3,1,,3.1,,LIPE,3
4757,5/30/2016,177,3,2,,3.2,,LIPE,2
4758,5/30/2016,177,3,3,,3.3,,LIPE,3
4759,5/30/2016,177,3,4,,3.4,,LIPE,3
4760,5/30/2016,177,3,5,,3.5,,LIPE,2
4761,5/30/2016,177,3,6,,3.6,,LIPE,3
4762,5/30/2016,177,3,7,,3.7,,LIPE,4
4763,5/30/2016,177,3,8,,3.8,,LIPE,2
4764,5/30/2016,177,3,10,,3.1,,LIPE,4
4765,5/30/2016,177,3,13,,3.13,,LIPE,2
4766,5/30/2016,177,2,3,,2.3,,MACA,3
4767,5/30/2016,177,2,17,,2.17,,MACA,3
4768,5/30/2016,177,1,1,,1.1,,MACA,1
4769,5/30/2016,177,1,7,,1.7,,MACA,3
4770,5/30/2016,177,1,8,,1.8,,MACA,2
4771,5/30/2016,177,1,9,,1.9,,MACA,2
4772,5/30/2016,177,1,10,,1.1,,MACA,1
4773,5/30/2016,177,1,11,,1.11,,MACA,2
4774,5/30/2016,177,1,13,,1.13,,MACA,2
4775,5/30/2016,177,1,17,,1.17,,MACA,2
4776,5/30/2016,177,2,6,,2.6,,MACA,1
4777,5/30/2016,177,2,11,,2.11,,MACA,1
4778,5/30/2016,177,2,12,,2.12,,MACA,1
4779,5/30/2016,177,2,14,,2.14,,MACA,2
4780,5/30/2016,177,2,15,,2.15,,MACA,2
4781,5/30/2016,177,2,16,,2.16,,MACA,1
4782,5/30/2016,177,2,17,,2.17,,MACA,2
4783,5/30/2016,177,2,18,,2.18,,MACA,2
4784,5/30/2016,177,3,12,,3.12,,MACA,3
4785,5/30/2016,177,3,13,,3.13,,MACA,3
4786,5/30/2016,177,3,14,,3.14,,MACA,3
4787,5/30/2016,177,3,16,,3.16,,MACA,3
4788,5/30/2016,177,3,17,,3.17,,MACA,3
4789,5/30/2016,177,1,16,,1.16,,MPCA,1
4790,5/30/2016,177,1,17,,1.17,,UNKMUSHROOM,1
4791,5/30/2016,177,1,18,,1.18,,OECE,1
4792,5/30/2016,177,3,4,,3.4,,OECE,2
4793,5/30/2016,177,3,1,,3.1,,OEDA,2
4794,5/30/2016,177,1,11,,1.11,,OEPA,1
4795,5/30/2016,177,2,1,,2.1,,OEPA,1
4796,5/30/2016,177,2,3,,2.3,,OEPA,1
4797,5/30/2016,177,2,15,,2.15,,OEPA,1
4798,5/30/2016,177,2,16,,2.16,,OEPA,1
4799,5/30/2016,177,3,3,,3.3,,OEPA,2
4800,5/30/2016,177,3,4,,3.4,,OEPA,2
4801,5/30/2016,177,3,5,,3.5,,OEPA,2
4802,5/30/2016,177,3,8,,3.8,,OEPA,1
4803,5/30/2016,177,3,10,,3.1,,OEPA,2
4804,5/30/2016,177,3,12,,3.12,,OEPA,1
4805,5/30/2016,177,3,18,,3.18,,OEPA,1
4806,5/30/2016,177,1,1,,1.1,,PAMU,4
4807,5/30/2016,177,1,2,,1.2,,PAMU,3
4808,5/30/2016,177,1,3,,1.3,,PAMU,3
4809,5/30/2016,177,1,4,,1.4,,PAMU,3
4810,5/30/2016,177,1,5,,1.5,,PAMU,4
4811,5/30/2016,177,1,6,,1.6,,PAMU,3
4812,5/30/2016,177,1,7,,1.7,,PAMU,3
4813,5/30/2016,177,1,8,,1.8,,PAMU,4
4814,5/30/2016,177,1,9,,1.9,,PAMU,4
4815,5/30/2016,177,1,10,,1.1,,PAMU,3
4816,5/30/2016,177,1,11,,1.11,,PAMU,4
4817,5/30/2016,177,1,13,,1.13,,PAMU,3
4818,5/30/2016,177,1,14,,1.14,,PAMU,4
4819,5/30/2016,177,1,15,,1.15,,PAMU,4
4820,5/30/2016,177,1,18,,1.18,,PAMU,4
4821,5/30/2016,177,2,6,,2.6,,PAMU,2
4822,5/30/2016,177,2,12,,2.12,,PAMU,2
4823,5/30/2016,177,2,9,,2.9,,PASM,3
4824,5/30/2016,177,2,4,,2.4,,PASM,3
4825,5/30/2016,177,1,16,,1.16,,PASM,2
4826,5/30/2016,177,2,1,,2.1,,PASM,3
4827,5/30/2016,177,2,2,,2.2,,PASM,1
4828,5/30/2016,177,2,5,,2.5,,PASM,2
4829,5/30/2016,177,2,6,,2.6,,PASM,2
4830,5/30/2016,177,2,7,,2.7,,PASM,3
4831,5/30/2016,177,2,8,,2.8,,PASM,2
4832,5/30/2016,177,2,10,,2.1,,PASM,2
4833,5/30/2016,177,2,12,,2.12,,PASM,3
4834,5/30/2016,177,2,13,,2.13,,PASM,3
4835,5/30/2016,177,2,14,,2.14,,PASM,2
4836,5/30/2016,177,2,15,,2.15,,PASM,2
4837,5/30/2016,177,2,16,,2.16,,PASM,3
4838,5/30/2016,177,2,17,,2.17,,PASM,2
4839,5/30/2016,177,2,18,,2.18,,PASM,2
4840,5/30/2016,177,3,1,,3.1,,PASM,3
4841,5/30/2016,177,3,2,,3.2,,PASM,3
4842,5/30/2016,177,3,3,,3.3,,PASM,3
4843,5/30/2016,177,3,4,,3.4,,PASM,3
4844,5/30/2016,177,3,5,,3.5,,PASM,3
4845,5/30/2016,177,3,6,,3.6,,PASM,3
4846,5/30/2016,177,3,7,,3.7,,PASM,3
4847,5/30/2016,177,3,8,,3.8,,PASM,3
4848,5/30/2016,177,3,9,,3.9,,PASM,3
4849,5/30/2016,177,3,10,,3.1,,PASM,3
4850,5/30/2016,177,3,11,,3.11,,PASM,3
4851,5/30/2016,177,3,12,,3.12,,PASM,3
4852,5/30/2016,177,3,13,,3.13,,PASM,3
4853,5/30/2016,177,3,14,,3.14,,PASM,3
4854,5/30/2016,177,3,15,,3.15,,PASM,3
4855,5/30/2016,177,3,17,,3.17,,PASM,2
4856,5/30/2016,177,3,18,,3.18,,PASM,2
4857,5/30/2016,177,2,14,,2.14,,PHLOX,1
4858,5/30/2016,177,3,10,,3.1,,PLPA,2
4859,5/30/2016,177,3,11,,3.11,,PLPA,3
4860,5/30/2016,177,1,1,,1.1,,PLPA,2
4861,5/30/2016,177,1,2,,1.2,,PLPA,2
4862,5/30/2016,177,1,4,,1.4,,PLPA,2
4863,5/30/2016,177,1,5,,1.5,,PLPA,2
4864,5/30/2016,177,1,6,,1.6,,PLPA,2
4865,5/30/2016,177,1,7,,1.7,,PLPA,2
4866,5/30/2016,177,1,8,,1.8,,PLPA,2
4867,5/30/2016,177,1,10,,1.1,,PLPA,1
4868,5/30/2016,177,1,12,,1.12,,PLPA,1
4869,5/30/2016,177,1,14,,1.14,,PLPA,1
4870,5/30/2016,177,1,15,,1.15,,PLPA,1
4871,5/30/2016,177,1,18,,1.18,,PLPA,1
4872,5/30/2016,177,2,4,,2.4,,PLPA,2
4873,5/30/2016,177,2,14,,2.14,,PLPA,1
4874,5/30/2016,177,2,15,,2.15,,PLPA,1
4875,5/30/2016,177,2,16,,2.16,,PLPA,2
4876,5/30/2016,177,2,17,,2.17,,PLPA,2
4877,5/30/2016,177,3,2,,3.2,,PLPA,3
4878,5/30/2016,177,3,3,,3.3,,PLPA,2
4879,5/30/2016,177,3,6,,3.6,,PLPA,2
4880,5/30/2016,177,3,7,,3.7,,PLPA,2
4881,5/30/2016,177,3,8,,3.8,,PLPA,2
4882,5/30/2016,177,3,9,,3.9,,PLPA,2
4883,5/30/2016,177,3,11,,3.11,,PLPA,3
4884,5/30/2016,177,3,12,,3.12,,PLPA,2
4885,5/30/2016,177,3,13,,3.13,,PLPA,3
4886,5/30/2016,177,3,14,,3.14,,PLPA,3
4887,5/30/2016,177,3,15,,3.15,,PLPA,2
4888,5/30/2016,177,3,16,,3.16,,PLPA,2
4889,5/30/2016,177,3,17,,3.17,,PLPA,2
4890,5/30/2016,177,3,18,,3.18,,PLPA,2
4891,5/30/2016,177,1,16,,1.16,,SATR,1
4892,5/30/2016,177,3,3,,3.3,,SATR,1
4893,5/30/2016,177,3,11,,3.11,,SATR,2
4894,5/30/2016,177,3,16,,3.16,,SATR,2
4895,5/30/2016,177,1,4,,1.4,,SAVE,3
4896,5/30/2016,177,1,8,,1.8,,SAVE,3
4897,5/30/2016,177,1,10,,1.1,,SAVE,3
4898,5/30/2016,177,1,13,,1.13,,SAVE,3
4899,5/30/2016,177,1,16,,1.16,,SAVE,3
4900,5/30/2016,177,2,10,,2.1,,SAVE,3
4901,5/30/2016,177,2,13,,2.13,,SAVE,2
4902,5/30/2016,177,2,14,,2.14,,SAVE,3
4903,5/30/2016,177,1,3,,1.3,,SIAL,1
4904,5/30/2016,177,1,4,,1.4,,SIAL,1
4905,5/30/2016,177,1,5,,1.5,,SIAL,1
4906,5/30/2016,177,1,7,,1.7,,SIAL,2
4907,5/30/2016,177,1,9,,1.9,,SIAL,4
4908,5/30/2016,177,1,13,,1.13,,SIAL,2
4909,5/30/2016,177,1,16,,1.16,,SIAL,2
4910,5/30/2016,177,1,16,,1.16,,SIAL,3
4911,5/30/2016,177,1,17,,1.17,,SIAL,1
4912,5/30/2016,177,1,18,,1.18,,SIAL,1
4913,5/30/2016,177,2,2,,2.2,,SIAL,1
4914,5/30/2016,177,2,3,,2.3,,SIAL,1
4915,5/30/2016,177,2,5,,2.5,,SIAL,3
4916,5/30/2016,177,2,7,,2.7,,SIAL,2
4917,5/30/2016,177,2,8,,2.8,,SIAL,1
4918,5/30/2016,177,2,9,,2.9,,SIAL,2
4919,5/30/2016,177,2,12,,2.12,,SIAL,1
4920,5/30/2016,177,2,14,,2.14,,SIAL,1
4921,5/30/2016,177,2,15,,2.15,,SIAL,1
4922,5/30/2016,177,2,16,,2.16,,SIAL,2
4923,5/30/2016,177,2,18,,2.18,,SIAL,1
4924,5/30/2016,177,3,2,,3.2,,SIAL,2
4925,5/30/2016,177,3,2,,3.2,,SIAL,2
4926,5/30/2016,177,3,4,,3.4,,SIAL,2
4927,5/30/2016,177,3,5,,3.5,,SIAL,2
4928,5/30/2016,177,3,6,,3.6,,SIAL,2
4929,5/30/2016,177,3,7,,3.7,,SIAL,2
4930,5/30/2016,177,3,8,,3.8,,SIAL,1
4931,5/30/2016,177,3,9,,3.9,,SIAL,1
4932,5/30/2016,177,3,10,,3.1,,SIAL,2
4933,5/30/2016,177,3,11,,3.11,,SIAL,2
4934,5/30/2016,177,3,13,,3.13,,SIAL,2
4935,5/30/2016,177,3,18,,3.18,,SIAL,2
4936,5/30/2016,177,2,6,,2.6,,SPCO,1
4937,5/30/2016,177,2,17,,2.17,,SPCO,1
4938,5/30/2016,177,3,1,,3.1,,SPCO,2
4939,5/30/2016,177,3,2,,3.2,,SPCO,2
4940,5/30/2016,177,3,3,,3.3,,SPCO,2
4941,5/30/2016,177,3,4,,3.4,,SPCO,2
4942,5/30/2016,177,3,5,,3.5,,SPCO,2
4943,5/30/2016,177,3,7,,3.7,,SPCO,2
4944,5/30/2016,177,3,8,,3.8,,SPCO,2
4945,5/30/2016,177,3,9,,3.9,,SPCO,2
4946,5/30/2016,177,3,10,,3.1,,SPCO,2
4947,5/30/2016,177,3,12,,3.12,,SPCO,2
4948,5/30/2016,177,3,13,,3.13,,SPCO,2
4949,5/30/2016,177,3,15,,3.15,,SPCO,2
4950,5/30/2016,177,3,16,,3.16,,SPCO,3
4951,5/30/2016,177,3,17,,3.17,,SPCO,2
4952,5/30/2016,177,3,18,,3.18,,SPCO,2
4953,5/30/2016,177,1,1,,1.1,,SPCR,2
4954,5/30/2016,177,1,2,,1.2,,SPCR,4
4955,5/30/2016,177,1,3,,1.3,,SPCR,4
4956,5/30/2016,177,1,4,,1.4,,SPCR,3
4957,5/30/2016,177,1,5,,1.5,,SPCR,4
4958,5/30/2016,177,1,6,,1.6,,SPCR,4
4959,5/30/2016,177,1,7,,1.7,,SPCR,2
4960,5/30/2016,177,1,8,,1.8,,SPCR,3
4961,5/30/2016,177,1,9,,1.9,,SPCR,3
4962,5/30/2016,177,1,10,,1.1,,SPCR,3
4963,5/30/2016,177,1,11,,1.11,,SPCR,2
4964,5/30/2016,177,1,12,,1.12,,SPCR,3
4965,5/30/2016,177,1,13,,1.13,,SPCR,1
4966,5/30/2016,177,1,14,,1.14,,SPCR,3
4967,5/30/2016,177,1,15,,1.15,,SPCR,3
4968,5/30/2016,177,1,16,,1.16,,SPCR,3
4969,5/30/2016,177,1,16,,1.16,,SPCR,4
4970,5/30/2016,177,1,17,,1.17,,SPCR,3
4971,5/30/2016,177,1,18,,1.18,,SPCR,3
4972,5/30/2016,177,2,1,,2.1,,SPCR,3
4973,5/30/2016,177,2,2,,2.2,,SPCR,4
4974,5/30/2016,177,2,3,,2.3,,SPCR,3
4975,5/30/2016,177,2,4,,2.4,,SPCR,4
4976,5/30/2016,177,2,5,,2.5,,SPCR,3
4977,5/30/2016,177,2,6,,2.6,,SPCR,2
4978,5/30/2016,177,2,7,,2.7,,SPCR,4
4979,5/30/2016,177,2,8,,2.8,,SPCR,3
4980,5/30/2016,177,2,9,,2.9,,SPCR,2
4981,5/30/2016,177,2,10,,2.1,,SPCR,2
4982,5/30/2016,177,2,11,,2.11,,SPCR,2
4983,5/30/2016,177,2,12,,2.12,,SPCR,2
4984,5/30/2016,177,2,13,,2.13,,SPCR,2
4985,5/30/2016,177,2,14,,2.14,,SPCR,2
4986,5/30/2016,177,2,15,,2.15,,SPCR,3
4987,5/30/2016,177,2,17,,2.17,,SPCR,3
4988,5/30/2016,177,2,18,,2.18,,SPCR,4
4989,5/30/2016,177,3,5,,3.5,,SPCR,2
4990,5/30/2016,177,3,16,,3.16,,SPCR,2
4991,5/30/2016,177,3,17,,3.17,,SPCR,2
4992,5/30/2016,177,3,18,,3.18,,SPCR,1
4993,5/30/2016,177,1,1,,1.1,,TRDU,2
4994,5/30/2016,177,1,2,,1.2,,TRDU,2
4995,5/30/2016,177,1,3,,1.3,,TRDU,2
4996,5/30/2016,177,1,5,,1.5,,TRDU,2
4997,5/30/2016,177,1,6,,1.6,,TRDU,2
4998,5/30/2016,177,1,9,,1.9,,TRDU,1
4999,5/30/2016,177,1,10,,1.1,,TRDU,1
5000,5/30/2016,177,1,11,,1.11,,TRDU,1
5001,5/30/2016,177,1,12,,1.12,,TRDU,2
5002,5/30/2016,177,1,13,,1.13,,TRDU,2
5003,5/30/2016,177,1,14,,1.14,,TRDU,2
5004,5/30/2016,177,1,15,,1.15,,TRDU,3
5005,5/30/2016,177,1,18,,1.18,,TRDU,2
5006,5/30/2016,177,2,1,,2.1,,TRDU,1
5007,5/30/2016,177,3,1,,3.1,,TRDU,2
5008,5/30/2016,177,3,2,,3.2,,TRDU,2
5009,5/30/2016,177,3,4,,3.4,,TRDU,1
5010,5/30/2016,177,3,5,,3.5,,TRDU,2
5011,5/30/2016,177,3,6,,3.6,,TRDU,1
5012,5/30/2016,177,3,12,,3.12,,TRDU,2
5013,5/30/2016,177,3,17,,3.17,,TRDU,1
5014,5/30/2016,177,3,18,,3.18,,TRDU,2
5015,5/30/2016,177,1,4,,1.4,,TRDU,2
5016,5/30/2016,177,1,7,,1.7,,TRDU,2
5017,5/30/2016,177,1,6,,1.6,,UNKFORB,1
5018,5/30/2016,177,2,9,,2.9,,UNKFORB,1
5019,5/30/2016,177,3,4,,3.4,,UNKFORB,1
5020,5/30/2016,177,3,3,,3.3,,UNKFORB,1
5021,5/30/2016,177,1,6,,1.6,,UNKFORB,1
5022,5/30/2016,177,3,2,,3.2,,UNKNOWN FUZZY SHRUB,1
5023,5/30/2016,177,2,13,,2.13,,VUOC,1
5024,5/30/2016,177,2,14,,2.14,,VUOC,1
