source_row,source_observationid,database,source_treatmentid,source_year,time_since_restoration,block,replicate,source_species_code,origin,response,level,metric,siteid,area_key,month,day,year,area_found,timepoint_found,prepare_status
1,GAZP_10,GAZP,10_1,2008,16,1,1,Cal_cil,native,8,species,cover,167,plot:167:1:1,,,2008,TRUE,TRUE,ready_for_build
2,GAZP_10,GAZP,10_1,2008,16,1,1,G_Ely_spp,native,8,species,cover,167,plot:167:1:1,,,2008,TRUE,TRUE,ready_for_build
3,GAZP_10,GAZP,10_1,2008,16,1,1,Gri_hir,native,10,species,cover,167,plot:167:1:1,,,2008,TRUE,TRUE,ready_for_build
4,GAZP_10,GAZP,10_1,2008,16,1,1,Mel_cal,native,0,species,cover,167,plot:167:1:1,,,2008,TRUE,TRUE,ready_for_build
5,GAZP_10,GAZP,10_1,2008,16,1,1,Nas_pul,native,10,species,cover,167,plot:167:1:1,,,2008,TRUE,TRUE,ready_for_build
6,GAZP_10,GAZP,10_1,2008,16,1,1,Tri_bif,native,8,species,cover,167,plot:167:1:1,,,2008,TRUE,TRUE,ready_for_build
7,GAZP_10,GAZP,10_1,2008,16,1,1,Tri_wil,native,10,species,cover,167,plot:167:1:1,,,2008,TRUE,TRUE,ready_for_build
8,GAZP_10,GAZP,10_1,2008,16,1,2,Cal_cil,native,0.25,species,cover,167,plot:167:1:2,,,2008,TRUE,TRUE,ready_for_build
9,GAZP_10,GAZP,10_1,2008,16,1,2,G_Ely_spp,native,11.625,species,cover,167,plot:167:1:2,,,2008,TRUE,TRUE,ready_for_build
10,GAZP_10,GAZP,10_1,2008,16,1,2,Gri_hir,native,9.375,species,cover,167,plot:167:1:2,,,2008,TRUE,TRUE,ready_for_build
11,GAZP_10,GAZP,10_1,2008,16,1,2,Mel_cal,native,0.625,species,cover,167,plot:167:1:2,,,2008,TRUE,TRUE,ready_for_build
12,GAZP_10,GAZP,10_1,2008,16,1,2,Nas_pul,native,10,species,cover,167,plot:167:1:2,,,2008,TRUE,TRUE,ready_for_build
13,GAZP_10,GAZP,10_1,2008,16,1,2,Tri_bif,native,5,species,cover,167,plot:167:1:2,,,2008,TRUE,TRUE,ready_for_build
14,GAZP_10,GAZP,10_1,2008,16,1,2,Tri_wil,native,11.25,species,cover,167,plot:167:1:2,,,2008,TRUE,TRUE,ready_for_build
15,GAZP_10,GAZP,10_1,2008,16,1,,Cal_cil,native,0.625,species,cover,167,block:167:1,,,2008,TRUE,TRUE,ready_for_build
16,GAZP_10,GAZP,10_1,2008,16,1,,G_Ely_spp,native,9,species,cover,167,block:167:1,,,2008,TRUE,TRUE,ready_for_build
17,GAZP_10,GAZP,10_1,2008,16,1,,Gri_hir,native,9.125,species,cover,167,block:167:1,,,2008,TRUE,TRUE,ready_for_build
18,GAZP_10,GAZP,10_1,2008,16,1,,Mel_cal,native,0.25,species,cover,167,block:167:1,,,2008,TRUE,TRUE,ready_for_build
19,GAZP_10,GAZP,10_1,2008,16,1,,Nas_pul,native,9.375,species,cover,167,block:167:1,,,2008,TRUE,TRUE,ready_for_build
20,GAZP_10,GAZP,10_1,2008,16,1,,Tri_bif,native,6.25,species,cover,167,block:167:1,,,2008,TRUE,TRUE,ready_for_build
21,GAZP_10,GAZP,10_1,2008,16,1,,Tri_wil,native,9.375,species,cover,167,block:167:1,,,2008,TRUE,TRUE,ready_for_build
22,GAZP_10,GAZP,10_1,2008,16,2,1,Cal_cil,native,0,species,cover,167,plot:167:2:1,,,2008,TRUE,TRUE,ready_for_build
23,GAZP_10,GAZP,10_1,2008,16,2,1,G_Ely_spp,native,8,species,cover,167,plot:167:2:1,,,2008,TRUE,TRUE,ready_for_build
24,GAZP_10,GAZP,10_1,2008,16,2,1,Gri_hir,native,40,species,cover,167,plot:167:2:1,,,2008,TRUE,TRUE,ready_for_build
25,GAZP_10,GAZP,10_1,2008,16,2,1,Mel_cal,native,0,species,cover,167,plot:167:2:1,,,2008,TRUE,TRUE,ready_for_build
26,GAZP_10,GAZP,10_1,2008,16,2,1,Nas_pul,native,8,species,cover,167,plot:167:2:1,,,2008,TRUE,TRUE,ready_for_build
27,GAZP_10,GAZP,10_1,2008,16,2,1,Tri_bif,native,15,species,cover,167,plot:167:2:1,,,2008,TRUE,TRUE,ready_for_build
28,GAZP_10,GAZP,10_1,2008,16,2,1,Tri_wil,native,10,species,cover,167,plot:167:2:1,,,2008,TRUE,TRUE,ready_for_build
29,GAZP_10,GAZP,10_1,2008,16,2,2,Cal_cil,native,1.875,species,cover,167,plot:167:2:2,,,2008,TRUE,TRUE,ready_for_build
30,GAZP_10,GAZP,10_1,2008,16,2,2,G_Ely_spp,native,4.25,species,cover,167,plot:167:2:2,,,2008,TRUE,TRUE,ready_for_build
31,GAZP_10,GAZP,10_1,2008,16,2,2,Gri_hir,native,10,species,cover,167,plot:167:2:2,,,2008,TRUE,TRUE,ready_for_build
32,GAZP_10,GAZP,10_1,2008,16,2,2,Mel_cal,native,0.375,species,cover,167,plot:167:2:2,,,2008,TRUE,TRUE,ready_for_build
33,GAZP_10,GAZP,10_1,2008,16,2,2,Nas_pul,native,9.375,species,cover,167,plot:167:2:2,,,2008,TRUE,TRUE,ready_for_build
34,GAZP_10,GAZP,10_1,2008,16,2,2,Tri_bif,native,3.125,species,cover,167,plot:167:2:2,,,2008,TRUE,TRUE,ready_for_build
35,GAZP_10,GAZP,10_1,2008,16,2,2,Tri_wil,native,5,species,cover,167,plot:167:2:2,,,2008,TRUE,TRUE,ready_for_build
36,GAZP_10,GAZP,10_1,2008,16,2,,Cal_cil,native,3.75,species,cover,167,block:167:2,,,2008,TRUE,TRUE,ready_for_build
37,GAZP_10,GAZP,10_1,2008,16,2,,G_Ely_spp,native,6.875,species,cover,167,block:167:2,,,2008,TRUE,TRUE,ready_for_build
38,GAZP_10,GAZP,10_1,2008,16,2,,Gri_hir,native,10.875,species,cover,167,block:167:2,,,2008,TRUE,TRUE,ready_for_build
39,GAZP_10,GAZP,10_1,2008,16,2,,Mel_cal,native,0.375,species,cover,167,block:167:2,,,2008,TRUE,TRUE,ready_for_build
40,GAZP_10,GAZP,10_1,2008,16,2,,Nas_pul,native,9.375,species,cover,167,block:167:2,,,2008,TRUE,TRUE,ready_for_build
41,GAZP_10,GAZP,10_1,2008,16,2,,Tri_bif,native,4,species,cover,167,block:167:2,,,2008,TRUE,TRUE,ready_for_build
42,GAZP_10,GAZP,10_1,2008,16,2,,Tri_wil,native,7.5,species,cover,167,block:167:2,,,2008,TRUE,TRUE,ready_for_build
43,GAZP_10,GAZP,10_1,2008,16,4,1,Cal_cil,native,0,species,cover,167,plot:167:4:1,,,2008,TRUE,TRUE,ready_for_build
44,GAZP_10,GAZP,10_1,2008,16,4,1,G_Ely_spp,native,5,species,cover,167,plot:167:4:1,,,2008,TRUE,TRUE,ready_for_build
45,GAZP_10,GAZP,10_1,2008,16,4,1,Gri_hir,native,20,species,cover,167,plot:167:4:1,,,2008,TRUE,TRUE,ready_for_build
46,GAZP_10,GAZP,10_1,2008,16,4,1,Mel_cal,native,2,species,cover,167,plot:167:4:1,,,2008,TRUE,TRUE,ready_for_build
47,GAZP_10,GAZP,10_1,2008,16,4,1,Nas_pul,native,10,species,cover,167,plot:167:4:1,,,2008,TRUE,TRUE,ready_for_build
48,GAZP_10,GAZP,10_1,2008,16,4,1,Tri_bif,native,3,species,cover,167,plot:167:4:1,,,2008,TRUE,TRUE,ready_for_build
49,GAZP_10,GAZP,10_1,2008,16,4,1,Tri_wil,native,5,species,cover,167,plot:167:4:1,,,2008,TRUE,TRUE,ready_for_build
50,GAZP_10,GAZP,10_1,2008,16,4,2,Cal_cil,native,0,species,cover,167,plot:167:4:2,,,2008,TRUE,TRUE,ready_for_build
51,GAZP_10,GAZP,10_1,2008,16,4,2,G_Ely_spp,native,3.75,species,cover,167,plot:167:4:2,,,2008,TRUE,TRUE,ready_for_build
52,GAZP_10,GAZP,10_1,2008,16,4,2,Gri_hir,native,9.375,species,cover,167,plot:167:4:2,,,2008,TRUE,TRUE,ready_for_build
53,GAZP_10,GAZP,10_1,2008,16,4,2,Mel_cal,native,0.375,species,cover,167,plot:167:4:2,,,2008,TRUE,TRUE,ready_for_build
54,GAZP_10,GAZP,10_1,2008,16,4,2,Nas_pul,native,5,species,cover,167,plot:167:4:2,,,2008,TRUE,TRUE,ready_for_build
55,GAZP_10,GAZP,10_1,2008,16,4,2,Tri_bif,native,1.875,species,cover,167,plot:167:4:2,,,2008,TRUE,TRUE,ready_for_build
56,GAZP_10,GAZP,10_1,2008,16,4,2,Tri_wil,native,2.5,species,cover,167,plot:167:4:2,,,2008,TRUE,TRUE,ready_for_build
57,GAZP_10,GAZP,10_1,2008,16,4,,Cal_cil,native,0.375,species,cover,167,block:167:4,,,2008,TRUE,TRUE,ready_for_build
58,GAZP_10,GAZP,10_1,2008,16,4,,G_Ely_spp,native,5.25,species,cover,167,block:167:4,,,2008,TRUE,TRUE,ready_for_build
59,GAZP_10,GAZP,10_1,2008,16,4,,Gri_hir,native,10.625,species,cover,167,block:167:4,,,2008,TRUE,TRUE,ready_for_build
60,GAZP_10,GAZP,10_1,2008,16,4,,Mel_cal,native,0.125,species,cover,167,block:167:4,,,2008,TRUE,TRUE,ready_for_build
61,GAZP_10,GAZP,10_1,2008,16,4,,Nas_pul,native,7.75,species,cover,167,block:167:4,,,2008,TRUE,TRUE,ready_for_build
62,GAZP_10,GAZP,10_1,2008,16,4,,Tri_bif,native,1.875,species,cover,167,block:167:4,,,2008,TRUE,TRUE,ready_for_build
63,GAZP_10,GAZP,10_1,2008,16,4,,Tri_wil,native,2.5,species,cover,167,block:167:4,,,2008,TRUE,TRUE,ready_for_build
64,GAZP_10,GAZP,10_1,2008,16,5,1,Cal_cil,native,3,species,cover,167,plot:167:5:1,,,2008,TRUE,TRUE,ready_for_build
65,GAZP_10,GAZP,10_1,2008,16,5,1,G_Ely_spp,native,5,species,cover,167,plot:167:5:1,,,2008,TRUE,TRUE,ready_for_build
66,GAZP_10,GAZP,10_1,2008,16,5,1,Gri_hir,native,40,species,cover,167,plot:167:5:1,,,2008,TRUE,TRUE,ready_for_build
67,GAZP_10,GAZP,10_1,2008,16,5,1,Mel_cal,native,0,species,cover,167,plot:167:5:1,,,2008,TRUE,TRUE,ready_for_build
68,GAZP_10,GAZP,10_1,2008,16,5,1,Nas_pul,native,1,species,cover,167,plot:167:5:1,,,2008,TRUE,TRUE,ready_for_build
69,GAZP_10,GAZP,10_1,2008,16,5,1,Tri_bif,native,3,species,cover,167,plot:167:5:1,,,2008,TRUE,TRUE,ready_for_build
70,GAZP_10,GAZP,10_1,2008,16,5,1,Tri_wil,native,5,species,cover,167,plot:167:5:1,,,2008,TRUE,TRUE,ready_for_build
71,GAZP_10,GAZP,10_1,2008,16,5,2,Cal_cil,native,0.625,species,cover,167,plot:167:5:2,,,2008,TRUE,TRUE,ready_for_build
72,GAZP_10,GAZP,10_1,2008,16,5,2,G_Ely_spp,native,0.625,species,cover,167,plot:167:5:2,,,2008,TRUE,TRUE,ready_for_build
73,GAZP_10,GAZP,10_1,2008,16,5,2,Gri_hir,native,10,species,cover,167,plot:167:5:2,,,2008,TRUE,TRUE,ready_for_build
74,GAZP_10,GAZP,10_1,2008,16,5,2,Mel_cal,native,0.25,species,cover,167,plot:167:5:2,,,2008,TRUE,TRUE,ready_for_build
75,GAZP_10,GAZP,10_1,2008,16,5,2,Nas_pul,native,5.625,species,cover,167,plot:167:5:2,,,2008,TRUE,TRUE,ready_for_build
76,GAZP_10,GAZP,10_1,2008,16,5,2,Tri_bif,native,1.875,species,cover,167,plot:167:5:2,,,2008,TRUE,TRUE,ready_for_build
77,GAZP_10,GAZP,10_1,2008,16,5,2,Tri_wil,native,1.25,species,cover,167,plot:167:5:2,,,2008,TRUE,TRUE,ready_for_build
78,GAZP_10,GAZP,10_1,2008,16,5,,Cal_cil,native,1.25,species,cover,167,block:167:5,,,2008,TRUE,TRUE,ready_for_build
79,GAZP_10,GAZP,10_1,2008,16,5,,G_Ely_spp,native,3.25,species,cover,167,block:167:5,,,2008,TRUE,TRUE,ready_for_build
80,GAZP_10,GAZP,10_1,2008,16,5,,Gri_hir,native,12.5,species,cover,167,block:167:5,,,2008,TRUE,TRUE,ready_for_build
81,GAZP_10,GAZP,10_1,2008,16,5,,Mel_cal,native,0.375,species,cover,167,block:167:5,,,2008,TRUE,TRUE,ready_for_build
82,GAZP_10,GAZP,10_1,2008,16,5,,Nas_pul,native,6.375,species,cover,167,block:167:5,,,2008,TRUE,TRUE,ready_for_build
83,GAZP_10,GAZP,10_1,2008,16,5,,Tri_bif,native,1.875,species,cover,167,block:167:5,,,2008,TRUE,TRUE,ready_for_build
84,GAZP_10,GAZP,10_1,2008,16,5,,Tri_wil,native,1.875,species,cover,167,block:167:5,,,2008,TRUE,TRUE,ready_for_build
85,GAZP_10,GAZP,10_1,2008,16,7,1,Cal_cil,native,5,species,cover,167,plot:167:7:1,,,2008,TRUE,TRUE,ready_for_build
86,GAZP_10,GAZP,10_1,2008,16,7,1,G_Ely_spp,native,3,species,cover,167,plot:167:7:1,,,2008,TRUE,TRUE,ready_for_build
87,GAZP_10,GAZP,10_1,2008,16,7,1,Gri_hir,native,40,species,cover,167,plot:167:7:1,,,2008,TRUE,TRUE,ready_for_build
88,GAZP_10,GAZP,10_1,2008,16,7,1,Mel_cal,native,2,species,cover,167,plot:167:7:1,,,2008,TRUE,TRUE,ready_for_build
89,GAZP_10,GAZP,10_1,2008,16,7,1,Nas_pul,native,10,species,cover,167,plot:167:7:1,,,2008,TRUE,TRUE,ready_for_build
90,GAZP_10,GAZP,10_1,2008,16,7,1,Tri_bif,native,8,species,cover,167,plot:167:7:1,,,2008,TRUE,TRUE,ready_for_build
91,GAZP_10,GAZP,10_1,2008,16,7,1,Tri_wil,native,8,species,cover,167,plot:167:7:1,,,2008,TRUE,TRUE,ready_for_build
92,GAZP_10,GAZP,10_1,2008,16,7,2,Cal_cil,native,4.375,species,cover,167,plot:167:7:2,,,2008,TRUE,TRUE,ready_for_build
93,GAZP_10,GAZP,10_1,2008,16,7,2,G_Ely_spp,native,8.125,species,cover,167,plot:167:7:2,,,2008,TRUE,TRUE,ready_for_build
94,GAZP_10,GAZP,10_1,2008,16,7,2,Gri_hir,native,10.625,species,cover,167,plot:167:7:2,,,2008,TRUE,TRUE,ready_for_build
95,GAZP_10,GAZP,10_1,2008,16,7,2,Mel_cal,native,0.625,species,cover,167,plot:167:7:2,,,2008,TRUE,TRUE,ready_for_build
96,GAZP_10,GAZP,10_1,2008,16,7,2,Nas_pul,native,10,species,cover,167,plot:167:7:2,,,2008,TRUE,TRUE,ready_for_build
97,GAZP_10,GAZP,10_1,2008,16,7,2,Tri_bif,native,2.5,species,cover,167,plot:167:7:2,,,2008,TRUE,TRUE,ready_for_build
98,GAZP_10,GAZP,10_1,2008,16,7,2,Tri_wil,native,8.75,species,cover,167,plot:167:7:2,,,2008,TRUE,TRUE,ready_for_build
99,GAZP_10,GAZP,10_1,2008,16,7,,Cal_cil,native,3.75,species,cover,167,block:167:7,,,2008,TRUE,TRUE,ready_for_build
100,GAZP_10,GAZP,10_1,2008,16,7,,G_Ely_spp,native,7.875,species,cover,167,block:167:7,,,2008,TRUE,TRUE,ready_for_build
101,GAZP_10,GAZP,10_1,2008,16,7,,Gri_hir,native,13.25,species,cover,167,block:167:7,,,2008,TRUE,TRUE,ready_for_build
102,GAZP_10,GAZP,10_1,2008,16,7,,Mel_cal,native,0.625,species,cover,167,block:167:7,,,2008,TRUE,TRUE,ready_for_build
103,GAZP_10,GAZP,10_1,2008,16,7,,Nas_pul,native,10.75,species,cover,167,block:167:7,,,2008,TRUE,TRUE,ready_for_build
104,GAZP_10,GAZP,10_1,2008,16,7,,Tri_bif,native,2.5,species,cover,167,block:167:7,,,2008,TRUE,TRUE,ready_for_build
105,GAZP_10,GAZP,10_1,2008,16,7,,Tri_wil,native,8.125,species,cover,167,block:167:7,,,2008,TRUE,TRUE,ready_for_build
106,GAZP_10,GAZP,10_1,2008,16,10,1,Cal_cil,native,0,species,cover,167,plot:167:10:1,,,2008,TRUE,TRUE,ready_for_build
107,GAZP_10,GAZP,10_1,2008,16,10,1,G_Ely_spp,native,3,species,cover,167,plot:167:10:1,,,2008,TRUE,TRUE,ready_for_build
108,GAZP_10,GAZP,10_1,2008,16,10,1,Gri_hir,native,20,species,cover,167,plot:167:10:1,,,2008,TRUE,TRUE,ready_for_build
109,GAZP_10,GAZP,10_1,2008,16,10,1,Mel_cal,native,1,species,cover,167,plot:167:10:1,,,2008,TRUE,TRUE,ready_for_build
110,GAZP_10,GAZP,10_1,2008,16,10,1,Nas_pul,native,5,species,cover,167,plot:167:10:1,,,2008,TRUE,TRUE,ready_for_build
111,GAZP_10,GAZP,10_1,2008,16,10,1,Tri_bif,native,2,species,cover,167,plot:167:10:1,,,2008,TRUE,TRUE,ready_for_build
112,GAZP_10,GAZP,10_1,2008,16,10,1,Tri_wil,native,5,species,cover,167,plot:167:10:1,,,2008,TRUE,TRUE,ready_for_build
113,GAZP_10,GAZP,10_1,2008,16,10,2,Cal_cil,native,0,species,cover,167,plot:167:10:2,,,2008,TRUE,TRUE,ready_for_build
114,GAZP_10,GAZP,10_1,2008,16,10,2,G_Ely_spp,native,4.625,species,cover,167,plot:167:10:2,,,2008,TRUE,TRUE,ready_for_build
115,GAZP_10,GAZP,10_1,2008,16,10,2,Gri_hir,native,10.625,species,cover,167,plot:167:10:2,,,2008,TRUE,TRUE,ready_for_build
116,GAZP_10,GAZP,10_1,2008,16,10,2,Mel_cal,native,0.375,species,cover,167,plot:167:10:2,,,2008,TRUE,TRUE,ready_for_build
117,GAZP_10,GAZP,10_1,2008,16,10,2,Nas_pul,native,10,species,cover,167,plot:167:10:2,,,2008,TRUE,TRUE,ready_for_build
118,GAZP_10,GAZP,10_1,2008,16,10,2,Tri_bif,native,3.75,species,cover,167,plot:167:10:2,,,2008,TRUE,TRUE,ready_for_build
119,GAZP_10,GAZP,10_1,2008,16,10,2,Tri_wil,native,2.5,species,cover,167,plot:167:10:2,,,2008,TRUE,TRUE,ready_for_build
120,GAZP_10,GAZP,10_1,2008,16,10,,Cal_cil,native,0.625,species,cover,167,block:167:10,,,2008,TRUE,TRUE,ready_for_build
121,GAZP_10,GAZP,10_1,2008,16,10,,G_Ely_spp,native,7,species,cover,167,block:167:10,,,2008,TRUE,TRUE,ready_for_build
122,GAZP_10,GAZP,10_1,2008,16,10,,Gri_hir,native,11.75,species,cover,167,block:167:10,,,2008,TRUE,TRUE,ready_for_build
123,GAZP_10,GAZP,10_1,2008,16,10,,Mel_cal,native,0.625,species,cover,167,block:167:10,,,2008,TRUE,TRUE,ready_for_build
124,GAZP_10,GAZP,10_1,2008,16,10,,Nas_pul,native,10.125,species,cover,167,block:167:10,,,2008,TRUE,TRUE,ready_for_build
125,GAZP_10,GAZP,10_1,2008,16,10,,Tri_bif,native,2.5,species,cover,167,block:167:10,,,2008,TRUE,TRUE,ready_for_build
126,GAZP_10,GAZP,10_1,2008,16,10,,Tri_wil,native,5,species,cover,167,block:167:10,,,2008,TRUE,TRUE,ready_for_build
127,GAZP_10,GAZP,10_1,2008,16,12,1,Cal_cil,native,0,species,cover,167,plot:167:12:1,,,2008,TRUE,TRUE,ready_for_build
128,GAZP_10,GAZP,10_1,2008,16,12,1,G_Ely_spp,native,1,species,cover,167,plot:167:12:1,,,2008,TRUE,TRUE,ready_for_build
129,GAZP_10,GAZP,10_1,2008,16,12,1,Gri_hir,native,8,species,cover,167,plot:167:12:1,,,2008,TRUE,TRUE,ready_for_build
130,GAZP_10,GAZP,10_1,2008,16,12,1,Mel_cal,native,0,species,cover,167,plot:167:12:1,,,2008,TRUE,TRUE,ready_for_build
131,GAZP_10,GAZP,10_1,2008,16,12,1,Nas_pul,native,5,species,cover,167,plot:167:12:1,,,2008,TRUE,TRUE,ready_for_build
132,GAZP_10,GAZP,10_1,2008,16,12,1,Tri_bif,native,2,species,cover,167,plot:167:12:1,,,2008,TRUE,TRUE,ready_for_build
133,GAZP_10,GAZP,10_1,2008,16,12,1,Tri_wil,native,1,species,cover,167,plot:167:12:1,,,2008,TRUE,TRUE,ready_for_build
134,GAZP_10,GAZP,10_1,2008,16,12,2,Cal_cil,native,0.625,species,cover,167,plot:167:12:2,,,2008,TRUE,TRUE,ready_for_build
135,GAZP_10,GAZP,10_1,2008,16,12,2,G_Ely_spp,native,1,species,cover,167,plot:167:12:2,,,2008,TRUE,TRUE,ready_for_build
136,GAZP_10,GAZP,10_1,2008,16,12,2,Gri_hir,native,5,species,cover,167,plot:167:12:2,,,2008,TRUE,TRUE,ready_for_build
137,GAZP_10,GAZP,10_1,2008,16,12,2,Mel_cal,native,0.25,species,cover,167,plot:167:12:2,,,2008,TRUE,TRUE,ready_for_build
138,GAZP_10,GAZP,10_1,2008,16,12,2,Nas_pul,native,6.25,species,cover,167,plot:167:12:2,,,2008,TRUE,TRUE,ready_for_build
139,GAZP_10,GAZP,10_1,2008,16,12,2,Tri_bif,native,0.625,species,cover,167,plot:167:12:2,,,2008,TRUE,TRUE,ready_for_build
140,GAZP_10,GAZP,10_1,2008,16,12,2,Tri_wil,native,0.625,species,cover,167,plot:167:12:2,,,2008,TRUE,TRUE,ready_for_build
141,GAZP_10,GAZP,10_1,2008,16,12,,Cal_cil,native,0.25,species,cover,167,block:167:12,,,2008,TRUE,TRUE,ready_for_build
142,GAZP_10,GAZP,10_1,2008,16,12,,G_Ely_spp,native,0.875,species,cover,167,block:167:12,,,2008,TRUE,TRUE,ready_for_build
143,GAZP_10,GAZP,10_1,2008,16,12,,Gri_hir,native,6.5,species,cover,167,block:167:12,,,2008,TRUE,TRUE,ready_for_build
144,GAZP_10,GAZP,10_1,2008,16,12,,Mel_cal,native,0.5,species,cover,167,block:167:12,,,2008,TRUE,TRUE,ready_for_build
145,GAZP_10,GAZP,10_1,2008,16,12,,Nas_pul,native,8.875,species,cover,167,block:167:12,,,2008,TRUE,TRUE,ready_for_build
146,GAZP_10,GAZP,10_1,2008,16,12,,Tri_bif,native,1.25,species,cover,167,block:167:12,,,2008,TRUE,TRUE,ready_for_build
147,GAZP_10,GAZP,10_1,2008,16,12,,Tri_wil,native,2.5,species,cover,167,block:167:12,,,2008,TRUE,TRUE,ready_for_build
148,GAZP_10,GAZP,10_1,2008,16,13,1,Cal_cil,native,0,species,cover,167,plot:167:13:1,,,2008,TRUE,TRUE,ready_for_build
149,GAZP_10,GAZP,10_1,2008,16,13,1,G_Ely_spp,native,0,species,cover,167,plot:167:13:1,,,2008,TRUE,TRUE,ready_for_build
150,GAZP_10,GAZP,10_1,2008,16,13,1,Gri_hir,native,5,species,cover,167,plot:167:13:1,,,2008,TRUE,TRUE,ready_for_build
151,GAZP_10,GAZP,10_1,2008,16,13,1,Mel_cal,native,1,species,cover,167,plot:167:13:1,,,2008,TRUE,TRUE,ready_for_build
152,GAZP_10,GAZP,10_1,2008,16,13,1,Nas_pul,native,3,species,cover,167,plot:167:13:1,,,2008,TRUE,TRUE,ready_for_build
153,GAZP_10,GAZP,10_1,2008,16,13,1,Tri_bif,native,1,species,cover,167,plot:167:13:1,,,2008,TRUE,TRUE,ready_for_build
154,GAZP_10,GAZP,10_1,2008,16,13,1,Tri_wil,native,3,species,cover,167,plot:167:13:1,,,2008,TRUE,TRUE,ready_for_build
155,GAZP_10,GAZP,10_1,2008,16,13,2,Cal_cil,native,0.25,species,cover,167,plot:167:13:2,,,2008,TRUE,TRUE,ready_for_build
156,GAZP_10,GAZP,10_1,2008,16,13,2,G_Ely_spp,native,1,species,cover,167,plot:167:13:2,,,2008,TRUE,TRUE,ready_for_build
157,GAZP_10,GAZP,10_1,2008,16,13,2,Gri_hir,native,9.375,species,cover,167,plot:167:13:2,,,2008,TRUE,TRUE,ready_for_build
158,GAZP_10,GAZP,10_1,2008,16,13,2,Mel_cal,native,0.625,species,cover,167,plot:167:13:2,,,2008,TRUE,TRUE,ready_for_build
159,GAZP_10,GAZP,10_1,2008,16,13,2,Nas_pul,native,10,species,cover,167,plot:167:13:2,,,2008,TRUE,TRUE,ready_for_build
160,GAZP_10,GAZP,10_1,2008,16,13,2,Tri_bif,native,0.625,species,cover,167,plot:167:13:2,,,2008,TRUE,TRUE,ready_for_build
161,GAZP_10,GAZP,10_1,2008,16,13,2,Tri_wil,native,0.5,species,cover,167,plot:167:13:2,,,2008,TRUE,TRUE,ready_for_build
162,GAZP_10,GAZP,10_1,2008,16,13,,Cal_cil,native,0.375,species,cover,167,block:167:13,,,2008,TRUE,TRUE,ready_for_build
163,GAZP_10,GAZP,10_1,2008,16,13,,G_Ely_spp,native,2.625,species,cover,167,block:167:13,,,2008,TRUE,TRUE,ready_for_build
164,GAZP_10,GAZP,10_1,2008,16,13,,Gri_hir,native,11.375,species,cover,167,block:167:13,,,2008,TRUE,TRUE,ready_for_build
165,GAZP_10,GAZP,10_1,2008,16,13,,Mel_cal,native,0.625,species,cover,167,block:167:13,,,2008,TRUE,TRUE,ready_for_build
166,GAZP_10,GAZP,10_1,2008,16,13,,Nas_pul,native,8.875,species,cover,167,block:167:13,,,2008,TRUE,TRUE,ready_for_build
167,GAZP_10,GAZP,10_1,2008,16,13,,Tri_bif,native,1,species,cover,167,block:167:13,,,2008,TRUE,TRUE,ready_for_build
168,GAZP_10,GAZP,10_1,2008,16,13,,Tri_wil,native,1.875,species,cover,167,block:167:13,,,2008,TRUE,TRUE,ready_for_build
169,GAZP_10,GAZP,10_1,2008,16,14,1,Cal_cil,native,0,species,cover,167,plot:167:14:1,,,2008,TRUE,TRUE,ready_for_build
170,GAZP_10,GAZP,10_1,2008,16,14,1,G_Ely_spp,native,2,species,cover,167,plot:167:14:1,,,2008,TRUE,TRUE,ready_for_build
171,GAZP_10,GAZP,10_1,2008,16,14,1,Gri_hir,native,25,species,cover,167,plot:167:14:1,,,2008,TRUE,TRUE,ready_for_build
172,GAZP_10,GAZP,10_1,2008,16,14,1,Mel_cal,native,0,species,cover,167,plot:167:14:1,,,2008,TRUE,TRUE,ready_for_build
173,GAZP_10,GAZP,10_1,2008,16,14,1,Nas_pul,native,3,species,cover,167,plot:167:14:1,,,2008,TRUE,TRUE,ready_for_build
174,GAZP_10,GAZP,10_1,2008,16,14,1,Tri_bif,native,1,species,cover,167,plot:167:14:1,,,2008,TRUE,TRUE,ready_for_build
175,GAZP_10,GAZP,10_1,2008,16,14,1,Tri_wil,native,2,species,cover,167,plot:167:14:1,,,2008,TRUE,TRUE,ready_for_build
176,GAZP_10,GAZP,10_1,2008,16,14,2,Cal_cil,native,0.125,species,cover,167,plot:167:14:2,,,2008,TRUE,TRUE,ready_for_build
177,GAZP_10,GAZP,10_1,2008,16,14,2,G_Ely_spp,native,3.25,species,cover,167,plot:167:14:2,,,2008,TRUE,TRUE,ready_for_build
178,GAZP_10,GAZP,10_1,2008,16,14,2,Gri_hir,native,11.875,species,cover,167,plot:167:14:2,,,2008,TRUE,TRUE,ready_for_build
179,GAZP_10,GAZP,10_1,2008,16,14,2,Mel_cal,native,0.125,species,cover,167,plot:167:14:2,,,2008,TRUE,TRUE,ready_for_build
180,GAZP_10,GAZP,10_1,2008,16,14,2,Nas_pul,native,11.25,species,cover,167,plot:167:14:2,,,2008,TRUE,TRUE,ready_for_build
181,GAZP_10,GAZP,10_1,2008,16,14,2,Tri_bif,native,1,species,cover,167,plot:167:14:2,,,2008,TRUE,TRUE,ready_for_build
182,GAZP_10,GAZP,10_1,2008,16,14,2,Tri_wil,native,3.75,species,cover,167,plot:167:14:2,,,2008,TRUE,TRUE,ready_for_build
183,GAZP_10,GAZP,10_1,2008,16,14,,Cal_cil,native,1.25,species,cover,167,block:167:14,,,2008,TRUE,TRUE,ready_for_build
184,GAZP_10,GAZP,10_1,2008,16,14,,G_Ely_spp,native,6.875,species,cover,167,block:167:14,,,2008,TRUE,TRUE,ready_for_build
185,GAZP_10,GAZP,10_1,2008,16,14,,Gri_hir,native,12.625,species,cover,167,block:167:14,,,2008,TRUE,TRUE,ready_for_build
186,GAZP_10,GAZP,10_1,2008,16,14,,Mel_cal,native,0.375,species,cover,167,block:167:14,,,2008,TRUE,TRUE,ready_for_build
187,GAZP_10,GAZP,10_1,2008,16,14,,Nas_pul,native,10,species,cover,167,block:167:14,,,2008,TRUE,TRUE,ready_for_build
188,GAZP_10,GAZP,10_1,2008,16,14,,Tri_bif,native,1.25,species,cover,167,block:167:14,,,2008,TRUE,TRUE,ready_for_build
189,GAZP_10,GAZP,10_1,2008,16,14,,Tri_wil,native,3.125,species,cover,167,block:167:14,,,2008,TRUE,TRUE,ready_for_build
190,GAZP_10,GAZP,10_1,2008,16,15,1,Cal_cil,native,1,species,cover,167,plot:167:15:1,,,2008,TRUE,TRUE,ready_for_build
191,GAZP_10,GAZP,10_1,2008,16,15,1,G_Ely_spp,native,4,species,cover,167,plot:167:15:1,,,2008,TRUE,TRUE,ready_for_build
192,GAZP_10,GAZP,10_1,2008,16,15,1,Gri_hir,native,25,species,cover,167,plot:167:15:1,,,2008,TRUE,TRUE,ready_for_build
193,GAZP_10,GAZP,10_1,2008,16,15,1,Mel_cal,native,3,species,cover,167,plot:167:15:1,,,2008,TRUE,TRUE,ready_for_build
194,GAZP_10,GAZP,10_1,2008,16,15,1,Nas_pul,native,5,species,cover,167,plot:167:15:1,,,2008,TRUE,TRUE,ready_for_build
195,GAZP_10,GAZP,10_1,2008,16,15,1,Tri_bif,native,2,species,cover,167,plot:167:15:1,,,2008,TRUE,TRUE,ready_for_build
196,GAZP_10,GAZP,10_1,2008,16,15,1,Tri_wil,native,2,species,cover,167,plot:167:15:1,,,2008,TRUE,TRUE,ready_for_build
197,GAZP_10,GAZP,10_1,2008,16,15,2,Cal_cil,native,1.25,species,cover,167,plot:167:15:2,,,2008,TRUE,TRUE,ready_for_build
198,GAZP_10,GAZP,10_1,2008,16,15,2,G_Ely_spp,native,2.5,species,cover,167,plot:167:15:2,,,2008,TRUE,TRUE,ready_for_build
199,GAZP_10,GAZP,10_1,2008,16,15,2,Gri_hir,native,11.875,species,cover,167,plot:167:15:2,,,2008,TRUE,TRUE,ready_for_build
200,GAZP_10,GAZP,10_1,2008,16,15,2,Mel_cal,native,0.5,species,cover,167,plot:167:15:2,,,2008,TRUE,TRUE,ready_for_build
201,GAZP_10,GAZP,10_1,2008,16,15,2,Nas_pul,native,10,species,cover,167,plot:167:15:2,,,2008,TRUE,TRUE,ready_for_build
202,GAZP_10,GAZP,10_1,2008,16,15,2,Tri_bif,native,1.25,species,cover,167,plot:167:15:2,,,2008,TRUE,TRUE,ready_for_build
203,GAZP_10,GAZP,10_1,2008,16,15,2,Tri_wil,native,3.125,species,cover,167,plot:167:15:2,,,2008,TRUE,TRUE,ready_for_build
204,GAZP_10,GAZP,10_1,2008,16,15,,Cal_cil,native,1.875,species,cover,167,block:167:15,,,2008,TRUE,TRUE,ready_for_build
205,GAZP_10,GAZP,10_1,2008,16,15,,G_Ely_spp,native,4,species,cover,167,block:167:15,,,2008,TRUE,TRUE,ready_for_build
206,GAZP_10,GAZP,10_1,2008,16,15,,Gri_hir,native,11.25,species,cover,167,block:167:15,,,2008,TRUE,TRUE,ready_for_build
207,GAZP_10,GAZP,10_1,2008,16,15,,Mel_cal,native,0.25,species,cover,167,block:167:15,,,2008,TRUE,TRUE,ready_for_build
208,GAZP_10,GAZP,10_1,2008,16,15,,Nas_pul,native,10,species,cover,167,block:167:15,,,2008,TRUE,TRUE,ready_for_build
209,GAZP_10,GAZP,10_1,2008,16,15,,Tri_bif,native,1.25,species,cover,167,block:167:15,,,2008,TRUE,TRUE,ready_for_build
210,GAZP_10,GAZP,10_1,2008,16,15,,Tri_wil,native,6.25,species,cover,167,block:167:15,,,2008,TRUE,TRUE,ready_for_build
211,GAZP_10,GAZP,10_1,2008,16,17,1,Cal_cil,native,0,species,cover,167,plot:167:17:1,,,2008,TRUE,TRUE,ready_for_build
212,GAZP_10,GAZP,10_1,2008,16,17,1,G_Ely_spp,native,0,species,cover,167,plot:167:17:1,,,2008,TRUE,TRUE,ready_for_build
213,GAZP_10,GAZP,10_1,2008,16,17,1,Gri_hir,native,5,species,cover,167,plot:167:17:1,,,2008,TRUE,TRUE,ready_for_build
214,GAZP_10,GAZP,10_1,2008,16,17,1,Mel_cal,native,1,species,cover,167,plot:167:17:1,,,2008,TRUE,TRUE,ready_for_build
215,GAZP_10,GAZP,10_1,2008,16,17,1,Nas_pul,native,5,species,cover,167,plot:167:17:1,,,2008,TRUE,TRUE,ready_for_build
216,GAZP_10,GAZP,10_1,2008,16,17,1,Tri_bif,native,0,species,cover,167,plot:167:17:1,,,2008,TRUE,TRUE,ready_for_build
217,GAZP_10,GAZP,10_1,2008,16,17,1,Tri_wil,native,3,species,cover,167,plot:167:17:1,,,2008,TRUE,TRUE,ready_for_build
218,GAZP_10,GAZP,10_1,2008,16,17,2,Cal_cil,native,1.875,species,cover,167,plot:167:17:2,,,2008,TRUE,TRUE,ready_for_build
219,GAZP_10,GAZP,10_1,2008,16,17,2,G_Ely_spp,native,1.375,species,cover,167,plot:167:17:2,,,2008,TRUE,TRUE,ready_for_build
220,GAZP_10,GAZP,10_1,2008,16,17,2,Gri_hir,native,8.75,species,cover,167,plot:167:17:2,,,2008,TRUE,TRUE,ready_for_build
221,GAZP_10,GAZP,10_1,2008,16,17,2,Mel_cal,native,0.375,species,cover,167,plot:167:17:2,,,2008,TRUE,TRUE,ready_for_build
222,GAZP_10,GAZP,10_1,2008,16,17,2,Nas_pul,native,9.375,species,cover,167,plot:167:17:2,,,2008,TRUE,TRUE,ready_for_build
223,GAZP_10,GAZP,10_1,2008,16,17,2,Tri_bif,native,1.875,species,cover,167,plot:167:17:2,,,2008,TRUE,TRUE,ready_for_build
224,GAZP_10,GAZP,10_1,2008,16,17,2,Tri_wil,native,2.5,species,cover,167,plot:167:17:2,,,2008,TRUE,TRUE,ready_for_build
225,GAZP_10,GAZP,10_1,2008,16,17,,Cal_cil,native,1.875,species,cover,167,block:167:17,,,2008,TRUE,TRUE,ready_for_build
226,GAZP_10,GAZP,10_1,2008,16,17,,G_Ely_spp,native,3.375,species,cover,167,block:167:17,,,2008,TRUE,TRUE,ready_for_build
227,GAZP_10,GAZP,10_1,2008,16,17,,Gri_hir,native,6.5,species,cover,167,block:167:17,,,2008,TRUE,TRUE,ready_for_build
228,GAZP_10,GAZP,10_1,2008,16,17,,Mel_cal,native,0.375,species,cover,167,block:167:17,,,2008,TRUE,TRUE,ready_for_build
229,GAZP_10,GAZP,10_1,2008,16,17,,Nas_pul,native,8.875,species,cover,167,block:167:17,,,2008,TRUE,TRUE,ready_for_build
230,GAZP_10,GAZP,10_1,2008,16,17,,Tri_bif,native,1.875,species,cover,167,block:167:17,,,2008,TRUE,TRUE,ready_for_build
231,GAZP_10,GAZP,10_1,2008,16,17,,Tri_wil,native,2.5,species,cover,167,block:167:17,,,2008,TRUE,TRUE,ready_for_build
232,GAZP_10,GAZP,10_1,2008,16,21,1,Cal_cil,native,15,species,cover,167,plot:167:21:1,,,2008,TRUE,TRUE,ready_for_build
233,GAZP_10,GAZP,10_1,2008,16,21,1,G_Ely_spp,native,3,species,cover,167,plot:167:21:1,,,2008,TRUE,TRUE,ready_for_build
234,GAZP_10,GAZP,10_1,2008,16,21,1,Gri_hir,native,10,species,cover,167,plot:167:21:1,,,2008,TRUE,TRUE,ready_for_build
235,GAZP_10,GAZP,10_1,2008,16,21,1,Mel_cal,native,3,species,cover,167,plot:167:21:1,,,2008,TRUE,TRUE,ready_for_build
236,GAZP_10,GAZP,10_1,2008,16,21,1,Nas_pul,native,15,species,cover,167,plot:167:21:1,,,2008,TRUE,TRUE,ready_for_build
237,GAZP_10,GAZP,10_1,2008,16,21,1,Tri_bif,native,10,species,cover,167,plot:167:21:1,,,2008,TRUE,TRUE,ready_for_build
238,GAZP_10,GAZP,10_1,2008,16,21,1,Tri_wil,native,0,species,cover,167,plot:167:21:1,,,2008,TRUE,TRUE,ready_for_build
239,GAZP_10,GAZP,10_1,2008,16,21,2,Cal_cil,native,5,species,cover,167,plot:167:21:2,,,2008,TRUE,TRUE,ready_for_build
240,GAZP_10,GAZP,10_1,2008,16,21,2,G_Ely_spp,native,10.125,species,cover,167,plot:167:21:2,,,2008,TRUE,TRUE,ready_for_build
241,GAZP_10,GAZP,10_1,2008,16,21,2,Gri_hir,native,6.25,species,cover,167,plot:167:21:2,,,2008,TRUE,TRUE,ready_for_build
242,GAZP_10,GAZP,10_1,2008,16,21,2,Mel_cal,native,0.25,species,cover,167,plot:167:21:2,,,2008,TRUE,TRUE,ready_for_build
243,GAZP_10,GAZP,10_1,2008,16,21,2,Nas_pul,native,6.25,species,cover,167,plot:167:21:2,,,2008,TRUE,TRUE,ready_for_build
244,GAZP_10,GAZP,10_1,2008,16,21,2,Tri_bif,native,1.875,species,cover,167,plot:167:21:2,,,2008,TRUE,TRUE,ready_for_build
245,GAZP_10,GAZP,10_1,2008,16,21,2,Tri_wil,native,3.125,species,cover,167,plot:167:21:2,,,2008,TRUE,TRUE,ready_for_build
246,GAZP_10,GAZP,10_1,2008,16,21,,Cal_cil,native,6.25,species,cover,167,block:167:21,,,2008,TRUE,TRUE,ready_for_build
247,GAZP_10,GAZP,10_1,2008,16,21,,G_Ely_spp,native,9.5,species,cover,167,block:167:21,,,2008,TRUE,TRUE,ready_for_build
248,GAZP_10,GAZP,10_1,2008,16,21,,Gri_hir,native,5.625,species,cover,167,block:167:21,,,2008,TRUE,TRUE,ready_for_build
249,GAZP_10,GAZP,10_1,2008,16,21,,Mel_cal,native,1,species,cover,167,block:167:21,,,2008,TRUE,TRUE,ready_for_build
250,GAZP_10,GAZP,10_1,2008,16,21,,Nas_pul,native,8.625,species,cover,167,block:167:21,,,2008,TRUE,TRUE,ready_for_build
251,GAZP_10,GAZP,10_1,2008,16,21,,Tri_bif,native,6.375,species,cover,167,block:167:21,,,2008,TRUE,TRUE,ready_for_build
252,GAZP_10,GAZP,10_1,2008,16,21,,Tri_wil,native,0.625,species,cover,167,block:167:21,,,2008,TRUE,TRUE,ready_for_build
253,GAZP_10,GAZP,10_1,2008,16,24,1,Cal_cil,native,1,species,cover,167,plot:167:24:1,,,2008,TRUE,TRUE,ready_for_build
254,GAZP_10,GAZP,10_1,2008,16,24,1,G_Ely_spp,native,3,species,cover,167,plot:167:24:1,,,2008,TRUE,TRUE,ready_for_build
255,GAZP_10,GAZP,10_1,2008,16,24,1,Gri_hir,native,5,species,cover,167,plot:167:24:1,,,2008,TRUE,TRUE,ready_for_build
256,GAZP_10,GAZP,10_1,2008,16,24,1,Mel_cal,native,1,species,cover,167,plot:167:24:1,,,2008,TRUE,TRUE,ready_for_build
257,GAZP_10,GAZP,10_1,2008,16,24,1,Nas_pul,native,5,species,cover,167,plot:167:24:1,,,2008,TRUE,TRUE,ready_for_build
258,GAZP_10,GAZP,10_1,2008,16,24,1,Tri_bif,native,3,species,cover,167,plot:167:24:1,,,2008,TRUE,TRUE,ready_for_build
259,GAZP_10,GAZP,10_1,2008,16,24,1,Tri_wil,native,0,species,cover,167,plot:167:24:1,,,2008,TRUE,TRUE,ready_for_build
260,GAZP_10,GAZP,10_1,2008,16,24,2,Cal_cil,native,1,species,cover,167,plot:167:24:2,,,2008,TRUE,TRUE,ready_for_build
261,GAZP_10,GAZP,10_1,2008,16,24,2,G_Ely_spp,native,1,species,cover,167,plot:167:24:2,,,2008,TRUE,TRUE,ready_for_build
262,GAZP_10,GAZP,10_1,2008,16,24,2,Gri_hir,native,7.5,species,cover,167,plot:167:24:2,,,2008,TRUE,TRUE,ready_for_build
263,GAZP_10,GAZP,10_1,2008,16,24,2,Mel_cal,native,0.125,species,cover,167,plot:167:24:2,,,2008,TRUE,TRUE,ready_for_build
264,GAZP_10,GAZP,10_1,2008,16,24,2,Nas_pul,native,10,species,cover,167,plot:167:24:2,,,2008,TRUE,TRUE,ready_for_build
265,GAZP_10,GAZP,10_1,2008,16,24,2,Tri_bif,native,1,species,cover,167,plot:167:24:2,,,2008,TRUE,TRUE,ready_for_build
266,GAZP_10,GAZP,10_1,2008,16,24,2,Tri_wil,native,0.625,species,cover,167,plot:167:24:2,,,2008,TRUE,TRUE,ready_for_build
267,GAZP_10,GAZP,10_1,2008,16,24,,Cal_cil,native,5,species,cover,167,block:167:24,,,2008,TRUE,TRUE,ready_for_build
268,GAZP_10,GAZP,10_1,2008,16,24,,G_Ely_spp,native,3.25,species,cover,167,block:167:24,,,2008,TRUE,TRUE,ready_for_build
269,GAZP_10,GAZP,10_1,2008,16,24,,Gri_hir,native,9.375,species,cover,167,block:167:24,,,2008,TRUE,TRUE,ready_for_build
270,GAZP_10,GAZP,10_1,2008,16,24,,Mel_cal,native,0.25,species,cover,167,block:167:24,,,2008,TRUE,TRUE,ready_for_build
271,GAZP_10,GAZP,10_1,2008,16,24,,Nas_pul,native,10.25,species,cover,167,block:167:24,,,2008,TRUE,TRUE,ready_for_build
272,GAZP_10,GAZP,10_1,2008,16,24,,Tri_bif,native,1.875,species,cover,167,block:167:24,,,2008,TRUE,TRUE,ready_for_build
273,GAZP_10,GAZP,10_1,2008,16,24,,Tri_wil,native,2.5,species,cover,167,block:167:24,,,2008,TRUE,TRUE,ready_for_build
274,GAZP_10,GAZP,10_2,2008,16,3,1,Cal_cil,native,10,species,cover,167,plot:167:3:1,,,2008,TRUE,TRUE,ready_for_build
275,GAZP_10,GAZP,10_2,2008,16,3,1,G_Ely_spp,native,10,species,cover,167,plot:167:3:1,,,2008,TRUE,TRUE,ready_for_build
276,GAZP_10,GAZP,10_2,2008,16,3,1,Gri_hir,native,5,species,cover,167,plot:167:3:1,,,2008,TRUE,TRUE,ready_for_build
277,GAZP_10,GAZP,10_2,2008,16,3,1,Mel_cal,native,1,species,cover,167,plot:167:3:1,,,2008,TRUE,TRUE,ready_for_build
278,GAZP_10,GAZP,10_2,2008,16,3,1,Nas_pul,native,10,species,cover,167,plot:167:3:1,,,2008,TRUE,TRUE,ready_for_build
279,GAZP_10,GAZP,10_2,2008,16,3,1,Tri_bif,native,10,species,cover,167,plot:167:3:1,,,2008,TRUE,TRUE,ready_for_build
280,GAZP_10,GAZP,10_2,2008,16,3,1,Tri_wil,native,15,species,cover,167,plot:167:3:1,,,2008,TRUE,TRUE,ready_for_build
281,GAZP_10,GAZP,10_2,2008,16,3,2,Cal_cil,native,3.375,species,cover,167,plot:167:3:2,,,2008,TRUE,TRUE,ready_for_build
282,GAZP_10,GAZP,10_2,2008,16,3,2,G_Ely_spp,native,6.875,species,cover,167,plot:167:3:2,,,2008,TRUE,TRUE,ready_for_build
283,GAZP_10,GAZP,10_2,2008,16,3,2,Gri_hir,native,39.375,species,cover,167,plot:167:3:2,,,2008,TRUE,TRUE,ready_for_build
284,GAZP_10,GAZP,10_2,2008,16,3,2,Mel_cal,native,0.5,species,cover,167,plot:167:3:2,,,2008,TRUE,TRUE,ready_for_build
285,GAZP_10,GAZP,10_2,2008,16,3,2,Nas_pul,native,13.125,species,cover,167,plot:167:3:2,,,2008,TRUE,TRUE,ready_for_build
286,GAZP_10,GAZP,10_2,2008,16,3,2,Tri_bif,native,10.75,species,cover,167,plot:167:3:2,,,2008,TRUE,TRUE,ready_for_build
287,GAZP_10,GAZP,10_2,2008,16,3,2,Tri_wil,native,5.125,species,cover,167,plot:167:3:2,,,2008,TRUE,TRUE,ready_for_build
288,GAZP_10,GAZP,10_2,2008,16,3,,Cal_cil,native,5,species,cover,167,block:167:3,,,2008,TRUE,TRUE,ready_for_build
289,GAZP_10,GAZP,10_2,2008,16,3,,G_Ely_spp,native,7.375,species,cover,167,block:167:3,,,2008,TRUE,TRUE,ready_for_build
290,GAZP_10,GAZP,10_2,2008,16,3,,Gri_hir,native,38.125,species,cover,167,block:167:3,,,2008,TRUE,TRUE,ready_for_build
291,GAZP_10,GAZP,10_2,2008,16,3,,Mel_cal,native,0.4,species,cover,167,block:167:3,,,2008,TRUE,TRUE,ready_for_build
292,GAZP_10,GAZP,10_2,2008,16,3,,Nas_pul,native,10,species,cover,167,block:167:3,,,2008,TRUE,TRUE,ready_for_build
293,GAZP_10,GAZP,10_2,2008,16,3,,Tri_bif,native,11.25,species,cover,167,block:167:3,,,2008,TRUE,TRUE,ready_for_build
294,GAZP_10,GAZP,10_2,2008,16,3,,Tri_wil,native,7.625,species,cover,167,block:167:3,,,2008,TRUE,TRUE,ready_for_build
295,GAZP_10,GAZP,10_2,2008,16,6,1,Cal_cil,native,0,species,cover,167,plot:167:6:1,,,2008,TRUE,TRUE,ready_for_build
296,GAZP_10,GAZP,10_2,2008,16,6,1,G_Ely_spp,native,5,species,cover,167,plot:167:6:1,,,2008,TRUE,TRUE,ready_for_build
297,GAZP_10,GAZP,10_2,2008,16,6,1,Gri_hir,native,70,species,cover,167,plot:167:6:1,,,2008,TRUE,TRUE,ready_for_build
298,GAZP_10,GAZP,10_2,2008,16,6,1,Mel_cal,native,1,species,cover,167,plot:167:6:1,,,2008,TRUE,TRUE,ready_for_build
299,GAZP_10,GAZP,10_2,2008,16,6,1,Nas_pul,native,50,species,cover,167,plot:167:6:1,,,2008,TRUE,TRUE,ready_for_build
300,GAZP_10,GAZP,10_2,2008,16,6,1,Tri_bif,native,25,species,cover,167,plot:167:6:1,,,2008,TRUE,TRUE,ready_for_build
301,GAZP_10,GAZP,10_2,2008,16,6,1,Tri_wil,native,20,species,cover,167,plot:167:6:1,,,2008,TRUE,TRUE,ready_for_build
302,GAZP_10,GAZP,10_2,2008,16,6,2,Cal_cil,native,0,species,cover,167,plot:167:6:2,,,2008,TRUE,TRUE,ready_for_build
303,GAZP_10,GAZP,10_2,2008,16,6,2,G_Ely_spp,native,3.75,species,cover,167,plot:167:6:2,,,2008,TRUE,TRUE,ready_for_build
304,GAZP_10,GAZP,10_2,2008,16,6,2,Gri_hir,native,31.875,species,cover,167,plot:167:6:2,,,2008,TRUE,TRUE,ready_for_build
305,GAZP_10,GAZP,10_2,2008,16,6,2,Mel_cal,native,0.125,species,cover,167,plot:167:6:2,,,2008,TRUE,TRUE,ready_for_build
306,GAZP_10,GAZP,10_2,2008,16,6,2,Nas_pul,native,15.625,species,cover,167,plot:167:6:2,,,2008,TRUE,TRUE,ready_for_build
307,GAZP_10,GAZP,10_2,2008,16,6,2,Tri_bif,native,3.875,species,cover,167,plot:167:6:2,,,2008,TRUE,TRUE,ready_for_build
308,GAZP_10,GAZP,10_2,2008,16,6,2,Tri_wil,native,6,species,cover,167,plot:167:6:2,,,2008,TRUE,TRUE,ready_for_build
309,GAZP_10,GAZP,10_2,2008,16,6,,Cal_cil,native,3.75,species,cover,167,block:167:6,,,2008,TRUE,TRUE,ready_for_build
310,GAZP_10,GAZP,10_2,2008,16,6,,G_Ely_spp,native,4.125,species,cover,167,block:167:6,,,2008,TRUE,TRUE,ready_for_build
311,GAZP_10,GAZP,10_2,2008,16,6,,Gri_hir,native,32.5,species,cover,167,block:167:6,,,2008,TRUE,TRUE,ready_for_build
312,GAZP_10,GAZP,10_2,2008,16,6,,Mel_cal,native,0.375,species,cover,167,block:167:6,,,2008,TRUE,TRUE,ready_for_build
313,GAZP_10,GAZP,10_2,2008,16,6,,Nas_pul,native,18.125,species,cover,167,block:167:6,,,2008,TRUE,TRUE,ready_for_build
314,GAZP_10,GAZP,10_2,2008,16,6,,Tri_bif,native,9.125,species,cover,167,block:167:6,,,2008,TRUE,TRUE,ready_for_build
315,GAZP_10,GAZP,10_2,2008,16,6,,Tri_wil,native,8.125,species,cover,167,block:167:6,,,2008,TRUE,TRUE,ready_for_build
316,GAZP_10,GAZP,10_2,2008,16,8,1,Cal_cil,native,40,species,cover,167,plot:167:8:1,,,2008,TRUE,TRUE,ready_for_build
317,GAZP_10,GAZP,10_2,2008,16,8,1,G_Ely_spp,native,2,species,cover,167,plot:167:8:1,,,2008,TRUE,TRUE,ready_for_build
318,GAZP_10,GAZP,10_2,2008,16,8,1,Gri_hir,native,20,species,cover,167,plot:167:8:1,,,2008,TRUE,TRUE,ready_for_build
319,GAZP_10,GAZP,10_2,2008,16,8,1,Mel_cal,native,0,species,cover,167,plot:167:8:1,,,2008,TRUE,TRUE,ready_for_build
320,GAZP_10,GAZP,10_2,2008,16,8,1,Nas_pul,native,15,species,cover,167,plot:167:8:1,,,2008,TRUE,TRUE,ready_for_build
321,GAZP_10,GAZP,10_2,2008,16,8,1,Tri_bif,native,25,species,cover,167,plot:167:8:1,,,2008,TRUE,TRUE,ready_for_build
322,GAZP_10,GAZP,10_2,2008,16,8,1,Tri_wil,native,25,species,cover,167,plot:167:8:1,,,2008,TRUE,TRUE,ready_for_build
323,GAZP_10,GAZP,10_2,2008,16,8,2,Cal_cil,native,8.125,species,cover,167,plot:167:8:2,,,2008,TRUE,TRUE,ready_for_build
324,GAZP_10,GAZP,10_2,2008,16,8,2,G_Ely_spp,native,7.125,species,cover,167,plot:167:8:2,,,2008,TRUE,TRUE,ready_for_build
325,GAZP_10,GAZP,10_2,2008,16,8,2,Gri_hir,native,15,species,cover,167,plot:167:8:2,,,2008,TRUE,TRUE,ready_for_build
326,GAZP_10,GAZP,10_2,2008,16,8,2,Mel_cal,native,0,species,cover,167,plot:167:8:2,,,2008,TRUE,TRUE,ready_for_build
327,GAZP_10,GAZP,10_2,2008,16,8,2,Nas_pul,native,8.25,species,cover,167,plot:167:8:2,,,2008,TRUE,TRUE,ready_for_build
328,GAZP_10,GAZP,10_2,2008,16,8,2,Tri_bif,native,8.125,species,cover,167,plot:167:8:2,,,2008,TRUE,TRUE,ready_for_build
329,GAZP_10,GAZP,10_2,2008,16,8,2,Tri_wil,native,7.875,species,cover,167,plot:167:8:2,,,2008,TRUE,TRUE,ready_for_build
330,GAZP_10,GAZP,10_2,2008,16,8,,Cal_cil,native,15,species,cover,167,block:167:8,,,2008,TRUE,TRUE,ready_for_build
331,GAZP_10,GAZP,10_2,2008,16,8,,G_Ely_spp,native,5.875,species,cover,167,block:167:8,,,2008,TRUE,TRUE,ready_for_build
332,GAZP_10,GAZP,10_2,2008,16,8,,Gri_hir,native,28.125,species,cover,167,block:167:8,,,2008,TRUE,TRUE,ready_for_build
333,GAZP_10,GAZP,10_2,2008,16,8,,Mel_cal,native,0.25,species,cover,167,block:167:8,,,2008,TRUE,TRUE,ready_for_build
334,GAZP_10,GAZP,10_2,2008,16,8,,Nas_pul,native,7.625,species,cover,167,block:167:8,,,2008,TRUE,TRUE,ready_for_build
335,GAZP_10,GAZP,10_2,2008,16,8,,Tri_bif,native,11.875,species,cover,167,block:167:8,,,2008,TRUE,TRUE,ready_for_build
336,GAZP_10,GAZP,10_2,2008,16,8,,Tri_wil,native,9.375,species,cover,167,block:167:8,,,2008,TRUE,TRUE,ready_for_build
337,GAZP_10,GAZP,10_2,2008,16,9,1,Cal_cil,native,10,species,cover,167,plot:167:9:1,,,2008,TRUE,TRUE,ready_for_build
338,GAZP_10,GAZP,10_2,2008,16,9,1,G_Ely_spp,native,10,species,cover,167,plot:167:9:1,,,2008,TRUE,TRUE,ready_for_build
339,GAZP_10,GAZP,10_2,2008,16,9,1,Gri_hir,native,15,species,cover,167,plot:167:9:1,,,2008,TRUE,TRUE,ready_for_build
340,GAZP_10,GAZP,10_2,2008,16,9,1,Mel_cal,native,2,species,cover,167,plot:167:9:1,,,2008,TRUE,TRUE,ready_for_build
341,GAZP_10,GAZP,10_2,2008,16,9,1,Nas_pul,native,10,species,cover,167,plot:167:9:1,,,2008,TRUE,TRUE,ready_for_build
342,GAZP_10,GAZP,10_2,2008,16,9,1,Tri_bif,native,10,species,cover,167,plot:167:9:1,,,2008,TRUE,TRUE,ready_for_build
343,GAZP_10,GAZP,10_2,2008,16,9,1,Tri_wil,native,10,species,cover,167,plot:167:9:1,,,2008,TRUE,TRUE,ready_for_build
344,GAZP_10,GAZP,10_2,2008,16,9,2,Cal_cil,native,2.5,species,cover,167,plot:167:9:2,,,2008,TRUE,TRUE,ready_for_build
345,GAZP_10,GAZP,10_2,2008,16,9,2,G_Ely_spp,native,3.375,species,cover,167,plot:167:9:2,,,2008,TRUE,TRUE,ready_for_build
346,GAZP_10,GAZP,10_2,2008,16,9,2,Gri_hir,native,19.75,species,cover,167,plot:167:9:2,,,2008,TRUE,TRUE,ready_for_build
347,GAZP_10,GAZP,10_2,2008,16,9,2,Mel_cal,native,0.5,species,cover,167,plot:167:9:2,,,2008,TRUE,TRUE,ready_for_build
348,GAZP_10,GAZP,10_2,2008,16,9,2,Nas_pul,native,13.125,species,cover,167,plot:167:9:2,,,2008,TRUE,TRUE,ready_for_build
349,GAZP_10,GAZP,10_2,2008,16,9,2,Tri_bif,native,4.125,species,cover,167,plot:167:9:2,,,2008,TRUE,TRUE,ready_for_build
350,GAZP_10,GAZP,10_2,2008,16,9,2,Tri_wil,native,2.5,species,cover,167,plot:167:9:2,,,2008,TRUE,TRUE,ready_for_build
351,GAZP_10,GAZP,10_2,2008,16,9,,Cal_cil,native,4.125,species,cover,167,block:167:9,,,2008,TRUE,TRUE,ready_for_build
352,GAZP_10,GAZP,10_2,2008,16,9,,G_Ely_spp,native,4.375,species,cover,167,block:167:9,,,2008,TRUE,TRUE,ready_for_build
353,GAZP_10,GAZP,10_2,2008,16,9,,Gri_hir,native,17.5,species,cover,167,block:167:9,,,2008,TRUE,TRUE,ready_for_build
354,GAZP_10,GAZP,10_2,2008,16,9,,Mel_cal,native,0.375,species,cover,167,block:167:9,,,2008,TRUE,TRUE,ready_for_build
355,GAZP_10,GAZP,10_2,2008,16,9,,Nas_pul,native,14.375,species,cover,167,block:167:9,,,2008,TRUE,TRUE,ready_for_build
356,GAZP_10,GAZP,10_2,2008,16,9,,Tri_bif,native,5.75,species,cover,167,block:167:9,,,2008,TRUE,TRUE,ready_for_build
357,GAZP_10,GAZP,10_2,2008,16,9,,Tri_wil,native,4.25,species,cover,167,block:167:9,,,2008,TRUE,TRUE,ready_for_build
358,GAZP_10,GAZP,10_2,2008,16,11,1,Cal_cil,native,0,species,cover,167,plot:167:11:1,,,2008,TRUE,TRUE,ready_for_build
359,GAZP_10,GAZP,10_2,2008,16,11,1,G_Ely_spp,native,5,species,cover,167,plot:167:11:1,,,2008,TRUE,TRUE,ready_for_build
360,GAZP_10,GAZP,10_2,2008,16,11,1,Gri_hir,native,65,species,cover,167,plot:167:11:1,,,2008,TRUE,TRUE,ready_for_build
361,GAZP_10,GAZP,10_2,2008,16,11,1,Mel_cal,native,0,species,cover,167,plot:167:11:1,,,2008,TRUE,TRUE,ready_for_build
362,GAZP_10,GAZP,10_2,2008,16,11,1,Nas_pul,native,10,species,cover,167,plot:167:11:1,,,2008,TRUE,TRUE,ready_for_build
363,GAZP_10,GAZP,10_2,2008,16,11,1,Tri_bif,native,5,species,cover,167,plot:167:11:1,,,2008,TRUE,TRUE,ready_for_build
364,GAZP_10,GAZP,10_2,2008,16,11,1,Tri_wil,native,5,species,cover,167,plot:167:11:1,,,2008,TRUE,TRUE,ready_for_build
365,GAZP_10,GAZP,10_2,2008,16,11,2,Cal_cil,native,2.5,species,cover,167,plot:167:11:2,,,2008,TRUE,TRUE,ready_for_build
366,GAZP_10,GAZP,10_2,2008,16,11,2,G_Ely_spp,native,2.75,species,cover,167,plot:167:11:2,,,2008,TRUE,TRUE,ready_for_build
367,GAZP_10,GAZP,10_2,2008,16,11,2,Gri_hir,native,21.625,species,cover,167,plot:167:11:2,,,2008,TRUE,TRUE,ready_for_build
368,GAZP_10,GAZP,10_2,2008,16,11,2,Mel_cal,native,0,species,cover,167,plot:167:11:2,,,2008,TRUE,TRUE,ready_for_build
369,GAZP_10,GAZP,10_2,2008,16,11,2,Nas_pul,native,21.875,species,cover,167,plot:167:11:2,,,2008,TRUE,TRUE,ready_for_build
370,GAZP_10,GAZP,10_2,2008,16,11,2,Tri_bif,native,7.125,species,cover,167,plot:167:11:2,,,2008,TRUE,TRUE,ready_for_build
371,GAZP_10,GAZP,10_2,2008,16,11,2,Tri_wil,native,4.75,species,cover,167,plot:167:11:2,,,2008,TRUE,TRUE,ready_for_build
372,GAZP_10,GAZP,10_2,2008,16,11,,Cal_cil,native,2.375,species,cover,167,block:167:11,,,2008,TRUE,TRUE,ready_for_build
373,GAZP_10,GAZP,10_2,2008,16,11,,G_Ely_spp,native,4.875,species,cover,167,block:167:11,,,2008,TRUE,TRUE,ready_for_build
374,GAZP_10,GAZP,10_2,2008,16,11,,Gri_hir,native,35,species,cover,167,block:167:11,,,2008,TRUE,TRUE,ready_for_build
375,GAZP_10,GAZP,10_2,2008,16,11,,Mel_cal,native,0.5,species,cover,167,block:167:11,,,2008,TRUE,TRUE,ready_for_build
376,GAZP_10,GAZP,10_2,2008,16,11,,Nas_pul,native,26.25,species,cover,167,block:167:11,,,2008,TRUE,TRUE,ready_for_build
377,GAZP_10,GAZP,10_2,2008,16,11,,Tri_bif,native,6.375,species,cover,167,block:167:11,,,2008,TRUE,TRUE,ready_for_build
378,GAZP_10,GAZP,10_2,2008,16,11,,Tri_wil,native,8,species,cover,167,block:167:11,,,2008,TRUE,TRUE,ready_for_build
379,GAZP_10,GAZP,10_2,2008,16,16,1,Cal_cil,native,10,species,cover,167,plot:167:16:1,,,2008,TRUE,TRUE,ready_for_build
380,GAZP_10,GAZP,10_2,2008,16,16,1,G_Ely_spp,native,2,species,cover,167,plot:167:16:1,,,2008,TRUE,TRUE,ready_for_build
381,GAZP_10,GAZP,10_2,2008,16,16,1,Gri_hir,native,25,species,cover,167,plot:167:16:1,,,2008,TRUE,TRUE,ready_for_build
382,GAZP_10,GAZP,10_2,2008,16,16,1,Mel_cal,native,1,species,cover,167,plot:167:16:1,,,2008,TRUE,TRUE,ready_for_build
383,GAZP_10,GAZP,10_2,2008,16,16,1,Nas_pul,native,3,species,cover,167,plot:167:16:1,,,2008,TRUE,TRUE,ready_for_build
384,GAZP_10,GAZP,10_2,2008,16,16,1,Tri_bif,native,5,species,cover,167,plot:167:16:1,,,2008,TRUE,TRUE,ready_for_build
385,GAZP_10,GAZP,10_2,2008,16,16,1,Tri_wil,native,5,species,cover,167,plot:167:16:1,,,2008,TRUE,TRUE,ready_for_build
386,GAZP_10,GAZP,10_2,2008,16,16,2,Cal_cil,native,2.125,species,cover,167,plot:167:16:2,,,2008,TRUE,TRUE,ready_for_build
387,GAZP_10,GAZP,10_2,2008,16,16,2,G_Ely_spp,native,4.125,species,cover,167,plot:167:16:2,,,2008,TRUE,TRUE,ready_for_build
388,GAZP_10,GAZP,10_2,2008,16,16,2,Gri_hir,native,10,species,cover,167,plot:167:16:2,,,2008,TRUE,TRUE,ready_for_build
389,GAZP_10,GAZP,10_2,2008,16,16,2,Mel_cal,native,0.875,species,cover,167,plot:167:16:2,,,2008,TRUE,TRUE,ready_for_build
390,GAZP_10,GAZP,10_2,2008,16,16,2,Nas_pul,native,7.875,species,cover,167,plot:167:16:2,,,2008,TRUE,TRUE,ready_for_build
391,GAZP_10,GAZP,10_2,2008,16,16,2,Tri_bif,native,2.875,species,cover,167,plot:167:16:2,,,2008,TRUE,TRUE,ready_for_build
392,GAZP_10,GAZP,10_2,2008,16,16,2,Tri_wil,native,2.25,species,cover,167,plot:167:16:2,,,2008,TRUE,TRUE,ready_for_build
393,GAZP_10,GAZP,10_2,2008,16,16,,Cal_cil,native,2.875,species,cover,167,block:167:16,,,2008,TRUE,TRUE,ready_for_build
394,GAZP_10,GAZP,10_2,2008,16,16,,G_Ely_spp,native,3.5,species,cover,167,block:167:16,,,2008,TRUE,TRUE,ready_for_build
395,GAZP_10,GAZP,10_2,2008,16,16,,Gri_hir,native,9.125,species,cover,167,block:167:16,,,2008,TRUE,TRUE,ready_for_build
396,GAZP_10,GAZP,10_2,2008,16,16,,Mel_cal,native,0.5,species,cover,167,block:167:16,,,2008,TRUE,TRUE,ready_for_build
397,GAZP_10,GAZP,10_2,2008,16,16,,Nas_pul,native,7,species,cover,167,block:167:16,,,2008,TRUE,TRUE,ready_for_build
398,GAZP_10,GAZP,10_2,2008,16,16,,Tri_bif,native,2.75,species,cover,167,block:167:16,,,2008,TRUE,TRUE,ready_for_build
399,GAZP_10,GAZP,10_2,2008,16,16,,Tri_wil,native,3.125,species,cover,167,block:167:16,,,2008,TRUE,TRUE,ready_for_build
400,GAZP_10,GAZP,10_2,2008,16,18,1,Cal_cil,native,10,species,cover,167,plot:167:18:1,,,2008,TRUE,TRUE,ready_for_build
401,GAZP_10,GAZP,10_2,2008,16,18,1,G_Ely_spp,native,3,species,cover,167,plot:167:18:1,,,2008,TRUE,TRUE,ready_for_build
402,GAZP_10,GAZP,10_2,2008,16,18,1,Gri_hir,native,30,species,cover,167,plot:167:18:1,,,2008,TRUE,TRUE,ready_for_build
403,GAZP_10,GAZP,10_2,2008,16,18,1,Mel_cal,native,1,species,cover,167,plot:167:18:1,,,2008,TRUE,TRUE,ready_for_build
404,GAZP_10,GAZP,10_2,2008,16,18,1,Nas_pul,native,3,species,cover,167,plot:167:18:1,,,2008,TRUE,TRUE,ready_for_build
405,GAZP_10,GAZP,10_2,2008,16,18,1,Tri_bif,native,10,species,cover,167,plot:167:18:1,,,2008,TRUE,TRUE,ready_for_build
406,GAZP_10,GAZP,10_2,2008,16,18,1,Tri_wil,native,10,species,cover,167,plot:167:18:1,,,2008,TRUE,TRUE,ready_for_build
407,GAZP_10,GAZP,10_2,2008,16,18,2,Cal_cil,native,1.875,species,cover,167,plot:167:18:2,,,2008,TRUE,TRUE,ready_for_build
408,GAZP_10,GAZP,10_2,2008,16,18,2,G_Ely_spp,native,2,species,cover,167,plot:167:18:2,,,2008,TRUE,TRUE,ready_for_build
409,GAZP_10,GAZP,10_2,2008,16,18,2,Gri_hir,native,11.25,species,cover,167,plot:167:18:2,,,2008,TRUE,TRUE,ready_for_build
410,GAZP_10,GAZP,10_2,2008,16,18,2,Mel_cal,native,0.375,species,cover,167,plot:167:18:2,,,2008,TRUE,TRUE,ready_for_build
411,GAZP_10,GAZP,10_2,2008,16,18,2,Nas_pul,native,14.75,species,cover,167,plot:167:18:2,,,2008,TRUE,TRUE,ready_for_build
412,GAZP_10,GAZP,10_2,2008,16,18,2,Tri_bif,native,3,species,cover,167,plot:167:18:2,,,2008,TRUE,TRUE,ready_for_build
413,GAZP_10,GAZP,10_2,2008,16,18,2,Tri_wil,native,1.375,species,cover,167,plot:167:18:2,,,2008,TRUE,TRUE,ready_for_build
414,GAZP_10,GAZP,10_2,2008,16,18,,Cal_cil,native,5.375,species,cover,167,block:167:18,,,2008,TRUE,TRUE,ready_for_build
415,GAZP_10,GAZP,10_2,2008,16,18,,G_Ely_spp,native,3.75,species,cover,167,block:167:18,,,2008,TRUE,TRUE,ready_for_build
416,GAZP_10,GAZP,10_2,2008,16,18,,Gri_hir,native,16.25,species,cover,167,block:167:18,,,2008,TRUE,TRUE,ready_for_build
417,GAZP_10,GAZP,10_2,2008,16,18,,Mel_cal,native,0.25,species,cover,167,block:167:18,,,2008,TRUE,TRUE,ready_for_build
418,GAZP_10,GAZP,10_2,2008,16,18,,Nas_pul,native,12.25,species,cover,167,block:167:18,,,2008,TRUE,TRUE,ready_for_build
419,GAZP_10,GAZP,10_2,2008,16,18,,Tri_bif,native,6.625,species,cover,167,block:167:18,,,2008,TRUE,TRUE,ready_for_build
420,GAZP_10,GAZP,10_2,2008,16,18,,Tri_wil,native,3.625,species,cover,167,block:167:18,,,2008,TRUE,TRUE,ready_for_build
421,GAZP_10,GAZP,10_2,2008,16,19,1,Cal_cil,native,0,species,cover,167,plot:167:19:1,,,2008,TRUE,TRUE,ready_for_build
422,GAZP_10,GAZP,10_2,2008,16,19,1,G_Ely_spp,native,1,species,cover,167,plot:167:19:1,,,2008,TRUE,TRUE,ready_for_build
423,GAZP_10,GAZP,10_2,2008,16,19,1,Gri_hir,native,40,species,cover,167,plot:167:19:1,,,2008,TRUE,TRUE,ready_for_build
424,GAZP_10,GAZP,10_2,2008,16,19,1,Mel_cal,native,0,species,cover,167,plot:167:19:1,,,2008,TRUE,TRUE,ready_for_build
425,GAZP_10,GAZP,10_2,2008,16,19,1,Nas_pul,native,15,species,cover,167,plot:167:19:1,,,2008,TRUE,TRUE,ready_for_build
426,GAZP_10,GAZP,10_2,2008,16,19,1,Tri_bif,native,5,species,cover,167,plot:167:19:1,,,2008,TRUE,TRUE,ready_for_build
427,GAZP_10,GAZP,10_2,2008,16,19,1,Tri_wil,native,3,species,cover,167,plot:167:19:1,,,2008,TRUE,TRUE,ready_for_build
428,GAZP_10,GAZP,10_2,2008,16,19,2,Cal_cil,native,7.5,species,cover,167,plot:167:19:2,,,2008,TRUE,TRUE,ready_for_build
429,GAZP_10,GAZP,10_2,2008,16,19,2,G_Ely_spp,native,1.875,species,cover,167,plot:167:19:2,,,2008,TRUE,TRUE,ready_for_build
430,GAZP_10,GAZP,10_2,2008,16,19,2,Gri_hir,native,18.25,species,cover,167,plot:167:19:2,,,2008,TRUE,TRUE,ready_for_build
431,GAZP_10,GAZP,10_2,2008,16,19,2,Mel_cal,native,0,species,cover,167,plot:167:19:2,,,2008,TRUE,TRUE,ready_for_build
432,GAZP_10,GAZP,10_2,2008,16,19,2,Nas_pul,native,11,species,cover,167,plot:167:19:2,,,2008,TRUE,TRUE,ready_for_build
433,GAZP_10,GAZP,10_2,2008,16,19,2,Tri_bif,native,5,species,cover,167,plot:167:19:2,,,2008,TRUE,TRUE,ready_for_build
434,GAZP_10,GAZP,10_2,2008,16,19,2,Tri_wil,native,2.375,species,cover,167,plot:167:19:2,,,2008,TRUE,TRUE,ready_for_build
435,GAZP_10,GAZP,10_2,2008,16,19,,Cal_cil,native,4.875,species,cover,167,block:167:19,,,2008,TRUE,TRUE,ready_for_build
436,GAZP_10,GAZP,10_2,2008,16,19,,G_Ely_spp,native,2.875,species,cover,167,block:167:19,,,2008,TRUE,TRUE,ready_for_build
437,GAZP_10,GAZP,10_2,2008,16,19,,Gri_hir,native,33.75,species,cover,167,block:167:19,,,2008,TRUE,TRUE,ready_for_build
438,GAZP_10,GAZP,10_2,2008,16,19,,Mel_cal,native,0,species,cover,167,block:167:19,,,2008,TRUE,TRUE,ready_for_build
439,GAZP_10,GAZP,10_2,2008,16,19,,Nas_pul,native,10.625,species,cover,167,block:167:19,,,2008,TRUE,TRUE,ready_for_build
440,GAZP_10,GAZP,10_2,2008,16,19,,Tri_bif,native,5.25,species,cover,167,block:167:19,,,2008,TRUE,TRUE,ready_for_build
441,GAZP_10,GAZP,10_2,2008,16,19,,Tri_wil,native,2.125,species,cover,167,block:167:19,,,2008,TRUE,TRUE,ready_for_build
442,GAZP_10,GAZP,10_2,2008,16,20,1,Cal_cil,native,25,species,cover,167,plot:167:20:1,,,2008,TRUE,TRUE,ready_for_build
443,GAZP_10,GAZP,10_2,2008,16,20,1,G_Ely_spp,native,3,species,cover,167,plot:167:20:1,,,2008,TRUE,TRUE,ready_for_build
444,GAZP_10,GAZP,10_2,2008,16,20,1,Gri_hir,native,40,species,cover,167,plot:167:20:1,,,2008,TRUE,TRUE,ready_for_build
445,GAZP_10,GAZP,10_2,2008,16,20,1,Mel_cal,native,0,species,cover,167,plot:167:20:1,,,2008,TRUE,TRUE,ready_for_build
446,GAZP_10,GAZP,10_2,2008,16,20,1,Nas_pul,native,8,species,cover,167,plot:167:20:1,,,2008,TRUE,TRUE,ready_for_build
447,GAZP_10,GAZP,10_2,2008,16,20,1,Tri_bif,native,15,species,cover,167,plot:167:20:1,,,2008,TRUE,TRUE,ready_for_build
448,GAZP_10,GAZP,10_2,2008,16,20,1,Tri_wil,native,10,species,cover,167,plot:167:20:1,,,2008,TRUE,TRUE,ready_for_build
449,GAZP_10,GAZP,10_2,2008,16,20,2,Cal_cil,native,1.75,species,cover,167,plot:167:20:2,,,2008,TRUE,TRUE,ready_for_build
450,GAZP_10,GAZP,10_2,2008,16,20,2,G_Ely_spp,native,9.125,species,cover,167,plot:167:20:2,,,2008,TRUE,TRUE,ready_for_build
451,GAZP_10,GAZP,10_2,2008,16,20,2,Gri_hir,native,21.875,species,cover,167,plot:167:20:2,,,2008,TRUE,TRUE,ready_for_build
452,GAZP_10,GAZP,10_2,2008,16,20,2,Mel_cal,native,0.25,species,cover,167,plot:167:20:2,,,2008,TRUE,TRUE,ready_for_build
453,GAZP_10,GAZP,10_2,2008,16,20,2,Nas_pul,native,16,species,cover,167,plot:167:20:2,,,2008,TRUE,TRUE,ready_for_build
454,GAZP_10,GAZP,10_2,2008,16,20,2,Tri_bif,native,4.5,species,cover,167,plot:167:20:2,,,2008,TRUE,TRUE,ready_for_build
455,GAZP_10,GAZP,10_2,2008,16,20,2,Tri_wil,native,4.5,species,cover,167,plot:167:20:2,,,2008,TRUE,TRUE,ready_for_build
456,GAZP_10,GAZP,10_2,2008,16,20,,Cal_cil,native,13,species,cover,167,block:167:20,,,2008,TRUE,TRUE,ready_for_build
457,GAZP_10,GAZP,10_2,2008,16,20,,G_Ely_spp,native,6.75,species,cover,167,block:167:20,,,2008,TRUE,TRUE,ready_for_build
458,GAZP_10,GAZP,10_2,2008,16,20,,Gri_hir,native,22.5,species,cover,167,block:167:20,,,2008,TRUE,TRUE,ready_for_build
459,GAZP_10,GAZP,10_2,2008,16,20,,Mel_cal,native,0.125,species,cover,167,block:167:20,,,2008,TRUE,TRUE,ready_for_build
460,GAZP_10,GAZP,10_2,2008,16,20,,Nas_pul,native,15.625,species,cover,167,block:167:20,,,2008,TRUE,TRUE,ready_for_build
461,GAZP_10,GAZP,10_2,2008,16,20,,Tri_bif,native,4,species,cover,167,block:167:20,,,2008,TRUE,TRUE,ready_for_build
462,GAZP_10,GAZP,10_2,2008,16,20,,Tri_wil,native,4.75,species,cover,167,block:167:20,,,2008,TRUE,TRUE,ready_for_build
463,GAZP_10,GAZP,10_2,2008,16,22,1,Cal_cil,native,15,species,cover,167,plot:167:22:1,,,2008,TRUE,TRUE,ready_for_build
464,GAZP_10,GAZP,10_2,2008,16,22,1,G_Ely_spp,native,8,species,cover,167,plot:167:22:1,,,2008,TRUE,TRUE,ready_for_build
465,GAZP_10,GAZP,10_2,2008,16,22,1,Gri_hir,native,15,species,cover,167,plot:167:22:1,,,2008,TRUE,TRUE,ready_for_build
466,GAZP_10,GAZP,10_2,2008,16,22,1,Mel_cal,native,0,species,cover,167,plot:167:22:1,,,2008,TRUE,TRUE,ready_for_build
467,GAZP_10,GAZP,10_2,2008,16,22,1,Nas_pul,native,5,species,cover,167,plot:167:22:1,,,2008,TRUE,TRUE,ready_for_build
468,GAZP_10,GAZP,10_2,2008,16,22,1,Tri_bif,native,5,species,cover,167,plot:167:22:1,,,2008,TRUE,TRUE,ready_for_build
469,GAZP_10,GAZP,10_2,2008,16,22,1,Tri_wil,native,3,species,cover,167,plot:167:22:1,,,2008,TRUE,TRUE,ready_for_build
470,GAZP_10,GAZP,10_2,2008,16,22,2,Cal_cil,native,10.875,species,cover,167,plot:167:22:2,,,2008,TRUE,TRUE,ready_for_build
471,GAZP_10,GAZP,10_2,2008,16,22,2,G_Ely_spp,native,4.625,species,cover,167,plot:167:22:2,,,2008,TRUE,TRUE,ready_for_build
472,GAZP_10,GAZP,10_2,2008,16,22,2,Gri_hir,native,7,species,cover,167,plot:167:22:2,,,2008,TRUE,TRUE,ready_for_build
473,GAZP_10,GAZP,10_2,2008,16,22,2,Mel_cal,native,0,species,cover,167,plot:167:22:2,,,2008,TRUE,TRUE,ready_for_build
474,GAZP_10,GAZP,10_2,2008,16,22,2,Nas_pul,native,7.125,species,cover,167,plot:167:22:2,,,2008,TRUE,TRUE,ready_for_build
475,GAZP_10,GAZP,10_2,2008,16,22,2,Tri_bif,native,3.875,species,cover,167,plot:167:22:2,,,2008,TRUE,TRUE,ready_for_build
476,GAZP_10,GAZP,10_2,2008,16,22,2,Tri_wil,native,3,species,cover,167,plot:167:22:2,,,2008,TRUE,TRUE,ready_for_build
477,GAZP_10,GAZP,10_2,2008,16,22,,Cal_cil,native,8.875,species,cover,167,block:167:22,,,2008,TRUE,TRUE,ready_for_build
478,GAZP_10,GAZP,10_2,2008,16,22,,G_Ely_spp,native,5.625,species,cover,167,block:167:22,,,2008,TRUE,TRUE,ready_for_build
479,GAZP_10,GAZP,10_2,2008,16,22,,Gri_hir,native,9,species,cover,167,block:167:22,,,2008,TRUE,TRUE,ready_for_build
480,GAZP_10,GAZP,10_2,2008,16,22,,Mel_cal,native,0.625,species,cover,167,block:167:22,,,2008,TRUE,TRUE,ready_for_build
481,GAZP_10,GAZP,10_2,2008,16,22,,Nas_pul,native,7.5,species,cover,167,block:167:22,,,2008,TRUE,TRUE,ready_for_build
482,GAZP_10,GAZP,10_2,2008,16,22,,Tri_bif,native,3.375,species,cover,167,block:167:22,,,2008,TRUE,TRUE,ready_for_build
483,GAZP_10,GAZP,10_2,2008,16,22,,Tri_wil,native,3,species,cover,167,block:167:22,,,2008,TRUE,TRUE,ready_for_build
484,GAZP_10,GAZP,10_2,2008,16,23,1,Cal_cil,native,3,species,cover,167,plot:167:23:1,,,2008,TRUE,TRUE,ready_for_build
485,GAZP_10,GAZP,10_2,2008,16,23,1,G_Ely_spp,native,2,species,cover,167,plot:167:23:1,,,2008,TRUE,TRUE,ready_for_build
486,GAZP_10,GAZP,10_2,2008,16,23,1,Gri_hir,native,5,species,cover,167,plot:167:23:1,,,2008,TRUE,TRUE,ready_for_build
487,GAZP_10,GAZP,10_2,2008,16,23,1,Mel_cal,native,0,species,cover,167,plot:167:23:1,,,2008,TRUE,TRUE,ready_for_build
488,GAZP_10,GAZP,10_2,2008,16,23,1,Nas_pul,native,10,species,cover,167,plot:167:23:1,,,2008,TRUE,TRUE,ready_for_build
489,GAZP_10,GAZP,10_2,2008,16,23,1,Tri_bif,native,1,species,cover,167,plot:167:23:1,,,2008,TRUE,TRUE,ready_for_build
490,GAZP_10,GAZP,10_2,2008,16,23,1,Tri_wil,native,4,species,cover,167,plot:167:23:1,,,2008,TRUE,TRUE,ready_for_build
491,GAZP_10,GAZP,10_2,2008,16,23,2,Cal_cil,native,0,species,cover,167,plot:167:23:2,,,2008,TRUE,TRUE,ready_for_build
492,GAZP_10,GAZP,10_2,2008,16,23,2,G_Ely_spp,native,3.375,species,cover,167,plot:167:23:2,,,2008,TRUE,TRUE,ready_for_build
493,GAZP_10,GAZP,10_2,2008,16,23,2,Gri_hir,native,12.5,species,cover,167,plot:167:23:2,,,2008,TRUE,TRUE,ready_for_build
494,GAZP_10,GAZP,10_2,2008,16,23,2,Mel_cal,native,0.125,species,cover,167,plot:167:23:2,,,2008,TRUE,TRUE,ready_for_build
495,GAZP_10,GAZP,10_2,2008,16,23,2,Nas_pul,native,15,species,cover,167,plot:167:23:2,,,2008,TRUE,TRUE,ready_for_build
496,GAZP_10,GAZP,10_2,2008,16,23,2,Tri_bif,native,2.375,species,cover,167,plot:167:23:2,,,2008,TRUE,TRUE,ready_for_build
497,GAZP_10,GAZP,10_2,2008,16,23,2,Tri_wil,native,2.5,species,cover,167,plot:167:23:2,,,2008,TRUE,TRUE,ready_for_build
498,GAZP_10,GAZP,10_2,2008,16,23,,Cal_cil,native,1,species,cover,167,block:167:23,,,2008,TRUE,TRUE,ready_for_build
499,GAZP_10,GAZP,10_2,2008,16,23,,G_Ely_spp,native,2.875,species,cover,167,block:167:23,,,2008,TRUE,TRUE,ready_for_build
500,GAZP_10,GAZP,10_2,2008,16,23,,Gri_hir,native,7.5,species,cover,167,block:167:23,,,2008,TRUE,TRUE,ready_for_build
501,GAZP_10,GAZP,10_2,2008,16,23,,Mel_cal,native,0.25,species,cover,167,block:167:23,,,2008,TRUE,TRUE,ready_for_build
502,GAZP_10,GAZP,10_2,2008,16,23,,Nas_pul,native,8.5,species,cover,167,block:167:23,,,2008,TRUE,TRUE,ready_for_build
503,GAZP_10,GAZP,10_2,2008,16,23,,Tri_bif,native,1.875,species,cover,167,block:167:23,,,2008,TRUE,TRUE,ready_for_build
504,GAZP_10,GAZP,10_2,2008,16,23,,Tri_wil,native,1.625,species,cover,167,block:167:23,,,2008,TRUE,TRUE,ready_for_build
505,GAZP_10,GAZP,10_2,2008,16,25,1,Cal_cil,native,0,species,cover,167,plot:167:25:1,,,2008,TRUE,TRUE,ready_for_build
506,GAZP_10,GAZP,10_2,2008,16,25,1,G_Ely_spp,native,5,species,cover,167,plot:167:25:1,,,2008,TRUE,TRUE,ready_for_build
507,GAZP_10,GAZP,10_2,2008,16,25,1,Gri_hir,native,10,species,cover,167,plot:167:25:1,,,2008,TRUE,TRUE,ready_for_build
508,GAZP_10,GAZP,10_2,2008,16,25,1,Mel_cal,native,1,species,cover,167,plot:167:25:1,,,2008,TRUE,TRUE,ready_for_build
509,GAZP_10,GAZP,10_2,2008,16,25,1,Nas_pul,native,20,species,cover,167,plot:167:25:1,,,2008,TRUE,TRUE,ready_for_build
510,GAZP_10,GAZP,10_2,2008,16,25,1,Tri_bif,native,10,species,cover,167,plot:167:25:1,,,2008,TRUE,TRUE,ready_for_build
511,GAZP_10,GAZP,10_2,2008,16,25,1,Tri_wil,native,10,species,cover,167,plot:167:25:1,,,2008,TRUE,TRUE,ready_for_build
512,GAZP_10,GAZP,10_2,2008,16,25,2,Cal_cil,native,11.25,species,cover,167,plot:167:25:2,,,2008,TRUE,TRUE,ready_for_build
513,GAZP_10,GAZP,10_2,2008,16,25,2,G_Ely_spp,native,8.25,species,cover,167,plot:167:25:2,,,2008,TRUE,TRUE,ready_for_build
514,GAZP_10,GAZP,10_2,2008,16,25,2,Gri_hir,native,7.125,species,cover,167,plot:167:25:2,,,2008,TRUE,TRUE,ready_for_build
515,GAZP_10,GAZP,10_2,2008,16,25,2,Mel_cal,native,0.125,species,cover,167,plot:167:25:2,,,2008,TRUE,TRUE,ready_for_build
516,GAZP_10,GAZP,10_2,2008,16,25,2,Nas_pul,native,12.25,species,cover,167,plot:167:25:2,,,2008,TRUE,TRUE,ready_for_build
517,GAZP_10,GAZP,10_2,2008,16,25,2,Tri_bif,native,4.125,species,cover,167,plot:167:25:2,,,2008,TRUE,TRUE,ready_for_build
518,GAZP_10,GAZP,10_2,2008,16,25,2,Tri_wil,native,2.125,species,cover,167,plot:167:25:2,,,2008,TRUE,TRUE,ready_for_build
519,GAZP_10,GAZP,10_2,2008,16,25,,Cal_cil,native,13.75,species,cover,167,block:167:25,,,2008,TRUE,TRUE,ready_for_build
520,GAZP_10,GAZP,10_2,2008,16,25,,G_Ely_spp,native,9.375,species,cover,167,block:167:25,,,2008,TRUE,TRUE,ready_for_build
521,GAZP_10,GAZP,10_2,2008,16,25,,Gri_hir,native,9.75,species,cover,167,block:167:25,,,2008,TRUE,TRUE,ready_for_build
522,GAZP_10,GAZP,10_2,2008,16,25,,Mel_cal,native,0.25,species,cover,167,block:167:25,,,2008,TRUE,TRUE,ready_for_build
523,GAZP_10,GAZP,10_2,2008,16,25,,Nas_pul,native,9.75,species,cover,167,block:167:25,,,2008,TRUE,TRUE,ready_for_build
524,GAZP_10,GAZP,10_2,2008,16,25,,Tri_bif,native,3,species,cover,167,block:167:25,,,2008,TRUE,TRUE,ready_for_build
525,GAZP_10,GAZP,10_2,2008,16,25,,Tri_wil,native,3,species,cover,167,block:167:25,,,2008,TRUE,TRUE,ready_for_build
526,GAZP_10,GAZP,10_1,2009,68,1,1,Cal_cil,native,16.25,species,cover,167,plot:167:1:1,,,2009,TRUE,TRUE,ready_for_build
527,GAZP_10,GAZP,10_1,2009,68,1,1,Ely_gla,native,3.375,species,cover,167,plot:167:1:1,,,2009,TRUE,TRUE,ready_for_build
528,GAZP_10,GAZP,10_1,2009,68,1,1,Gri_hir,native,40.625,species,cover,167,plot:167:1:1,,,2009,TRUE,TRUE,ready_for_build
529,GAZP_10,GAZP,10_1,2009,68,1,1,Ley_tri,native,2.625,species,cover,167,plot:167:1:1,,,2009,TRUE,TRUE,ready_for_build
530,GAZP_10,GAZP,10_1,2009,68,1,1,Mel_cal,native,0,species,cover,167,plot:167:1:1,,,2009,TRUE,TRUE,ready_for_build
531,GAZP_10,GAZP,10_1,2009,68,1,1,Nas_pul,native,17.25,species,cover,167,plot:167:1:1,,,2009,TRUE,TRUE,ready_for_build
532,GAZP_10,GAZP,10_1,2009,68,1,1,Tri_bif,native,24.625,species,cover,167,plot:167:1:1,,,2009,TRUE,TRUE,ready_for_build
533,GAZP_10,GAZP,10_1,2009,68,1,1,Tri_wil,native,12.75,species,cover,167,plot:167:1:1,,,2009,TRUE,TRUE,ready_for_build
534,GAZP_10,GAZP,10_1,2009,68,1,2,Cal_cil,native,12.125,species,cover,167,plot:167:1:2,,,2009,TRUE,TRUE,ready_for_build
535,GAZP_10,GAZP,10_1,2009,68,1,2,Ely_gla,native,9.375,species,cover,167,plot:167:1:2,,,2009,TRUE,TRUE,ready_for_build
536,GAZP_10,GAZP,10_1,2009,68,1,2,Gri_hir,native,32.625,species,cover,167,plot:167:1:2,,,2009,TRUE,TRUE,ready_for_build
537,GAZP_10,GAZP,10_1,2009,68,1,2,Ley_tri,native,4,species,cover,167,plot:167:1:2,,,2009,TRUE,TRUE,ready_for_build
538,GAZP_10,GAZP,10_1,2009,68,1,2,Mel_cal,native,1.25,species,cover,167,plot:167:1:2,,,2009,TRUE,TRUE,ready_for_build
539,GAZP_10,GAZP,10_1,2009,68,1,2,Nas_pul,native,11.875,species,cover,167,plot:167:1:2,,,2009,TRUE,TRUE,ready_for_build
540,GAZP_10,GAZP,10_1,2009,68,1,2,Tri_bif,native,8.875,species,cover,167,plot:167:1:2,,,2009,TRUE,TRUE,ready_for_build
541,GAZP_10,GAZP,10_1,2009,68,1,2,Tri_wil,native,11.25,species,cover,167,plot:167:1:2,,,2009,TRUE,TRUE,ready_for_build
542,GAZP_10,GAZP,10_1,2009,68,1,,Cal_cil,native,13.375,species,cover,167,block:167:1,,,2009,TRUE,TRUE,ready_for_build
543,GAZP_10,GAZP,10_1,2009,68,1,,Ely_gla,native,10,species,cover,167,block:167:1,,,2009,TRUE,TRUE,ready_for_build
544,GAZP_10,GAZP,10_1,2009,68,1,,Gri_hir,native,32.5,species,cover,167,block:167:1,,,2009,TRUE,TRUE,ready_for_build
545,GAZP_10,GAZP,10_1,2009,68,1,,Ley_tri,native,6.25,species,cover,167,block:167:1,,,2009,TRUE,TRUE,ready_for_build
546,GAZP_10,GAZP,10_1,2009,68,1,,Mel_cal,native,1.25,species,cover,167,block:167:1,,,2009,TRUE,TRUE,ready_for_build
547,GAZP_10,GAZP,10_1,2009,68,1,,Nas_pul,native,15.25,species,cover,167,block:167:1,,,2009,TRUE,TRUE,ready_for_build
548,GAZP_10,GAZP,10_1,2009,68,1,,Tri_bif,native,11.875,species,cover,167,block:167:1,,,2009,TRUE,TRUE,ready_for_build
549,GAZP_10,GAZP,10_1,2009,68,1,,Tri_wil,native,11.25,species,cover,167,block:167:1,,,2009,TRUE,TRUE,ready_for_build
550,GAZP_10,GAZP,10_1,2009,68,2,1,Cal_cil,native,3.75,species,cover,167,plot:167:2:1,,,2009,TRUE,TRUE,ready_for_build
551,GAZP_10,GAZP,10_1,2009,68,2,1,Ely_gla,native,5.375,species,cover,167,plot:167:2:1,,,2009,TRUE,TRUE,ready_for_build
552,GAZP_10,GAZP,10_1,2009,68,2,1,Gri_hir,native,79.125,species,cover,167,plot:167:2:1,,,2009,TRUE,TRUE,ready_for_build
553,GAZP_10,GAZP,10_1,2009,68,2,1,Ley_tri,native,0.25,species,cover,167,plot:167:2:1,,,2009,TRUE,TRUE,ready_for_build
554,GAZP_10,GAZP,10_1,2009,68,2,1,Mel_cal,native,0,species,cover,167,plot:167:2:1,,,2009,TRUE,TRUE,ready_for_build
555,GAZP_10,GAZP,10_1,2009,68,2,1,Nas_pul,native,5.625,species,cover,167,plot:167:2:1,,,2009,TRUE,TRUE,ready_for_build
556,GAZP_10,GAZP,10_1,2009,68,2,1,Tri_bif,native,6.125,species,cover,167,plot:167:2:1,,,2009,TRUE,TRUE,ready_for_build
557,GAZP_10,GAZP,10_1,2009,68,2,1,Tri_wil,native,0.625,species,cover,167,plot:167:2:1,,,2009,TRUE,TRUE,ready_for_build
558,GAZP_10,GAZP,10_1,2009,68,2,2,Cal_cil,native,20.125,species,cover,167,plot:167:2:2,,,2009,TRUE,TRUE,ready_for_build
559,GAZP_10,GAZP,10_1,2009,68,2,2,Ely_gla,native,3.75,species,cover,167,plot:167:2:2,,,2009,TRUE,TRUE,ready_for_build
560,GAZP_10,GAZP,10_1,2009,68,2,2,Gri_hir,native,37.875,species,cover,167,plot:167:2:2,,,2009,TRUE,TRUE,ready_for_build
561,GAZP_10,GAZP,10_1,2009,68,2,2,Ley_tri,native,2.5,species,cover,167,plot:167:2:2,,,2009,TRUE,TRUE,ready_for_build
562,GAZP_10,GAZP,10_1,2009,68,2,2,Mel_cal,native,1.5,species,cover,167,plot:167:2:2,,,2009,TRUE,TRUE,ready_for_build
563,GAZP_10,GAZP,10_1,2009,68,2,2,Nas_pul,native,8.75,species,cover,167,plot:167:2:2,,,2009,TRUE,TRUE,ready_for_build
564,GAZP_10,GAZP,10_1,2009,68,2,2,Tri_bif,native,2.25,species,cover,167,plot:167:2:2,,,2009,TRUE,TRUE,ready_for_build
565,GAZP_10,GAZP,10_1,2009,68,2,2,Tri_wil,native,3.125,species,cover,167,plot:167:2:2,,,2009,TRUE,TRUE,ready_for_build
566,GAZP_10,GAZP,10_1,2009,68,2,,Cal_cil,native,23.5,species,cover,167,block:167:2,,,2009,TRUE,TRUE,ready_for_build
567,GAZP_10,GAZP,10_1,2009,68,2,,Ely_gla,native,4.75,species,cover,167,block:167:2,,,2009,TRUE,TRUE,ready_for_build
568,GAZP_10,GAZP,10_1,2009,68,2,,Gri_hir,native,44.125,species,cover,167,block:167:2,,,2009,TRUE,TRUE,ready_for_build
569,GAZP_10,GAZP,10_1,2009,68,2,,Ley_tri,native,4.125,species,cover,167,block:167:2,,,2009,TRUE,TRUE,ready_for_build
570,GAZP_10,GAZP,10_1,2009,68,2,,Mel_cal,native,1.25,species,cover,167,block:167:2,,,2009,TRUE,TRUE,ready_for_build
571,GAZP_10,GAZP,10_1,2009,68,2,,Nas_pul,native,11.875,species,cover,167,block:167:2,,,2009,TRUE,TRUE,ready_for_build
572,GAZP_10,GAZP,10_1,2009,68,2,,Tri_bif,native,6.625,species,cover,167,block:167:2,,,2009,TRUE,TRUE,ready_for_build
573,GAZP_10,GAZP,10_1,2009,68,2,,Tri_wil,native,3.5,species,cover,167,block:167:2,,,2009,TRUE,TRUE,ready_for_build
574,GAZP_10,GAZP,10_1,2009,68,4,1,Cal_cil,native,3.625,species,cover,167,plot:167:4:1,,,2009,TRUE,TRUE,ready_for_build
575,GAZP_10,GAZP,10_1,2009,68,4,1,Ely_gla,native,1.875,species,cover,167,plot:167:4:1,,,2009,TRUE,TRUE,ready_for_build
576,GAZP_10,GAZP,10_1,2009,68,4,1,Gri_hir,native,83.5,species,cover,167,plot:167:4:1,,,2009,TRUE,TRUE,ready_for_build
577,GAZP_10,GAZP,10_1,2009,68,4,1,Ley_tri,native,0.75,species,cover,167,plot:167:4:1,,,2009,TRUE,TRUE,ready_for_build
578,GAZP_10,GAZP,10_1,2009,68,4,1,Mel_cal,native,0,species,cover,167,plot:167:4:1,,,2009,TRUE,TRUE,ready_for_build
579,GAZP_10,GAZP,10_1,2009,68,4,1,Nas_pul,native,12.5,species,cover,167,plot:167:4:1,,,2009,TRUE,TRUE,ready_for_build
580,GAZP_10,GAZP,10_1,2009,68,4,1,Tri_bif,native,0.25,species,cover,167,plot:167:4:1,,,2009,TRUE,TRUE,ready_for_build
581,GAZP_10,GAZP,10_1,2009,68,4,1,Tri_wil,native,2.5,species,cover,167,plot:167:4:1,,,2009,TRUE,TRUE,ready_for_build
582,GAZP_10,GAZP,10_1,2009,68,4,2,Cal_cil,native,13.75,species,cover,167,plot:167:4:2,,,2009,TRUE,TRUE,ready_for_build
583,GAZP_10,GAZP,10_1,2009,68,4,2,Ely_gla,native,1.5,species,cover,167,plot:167:4:2,,,2009,TRUE,TRUE,ready_for_build
584,GAZP_10,GAZP,10_1,2009,68,4,2,Gri_hir,native,54.375,species,cover,167,plot:167:4:2,,,2009,TRUE,TRUE,ready_for_build
585,GAZP_10,GAZP,10_1,2009,68,4,2,Ley_tri,native,0.625,species,cover,167,plot:167:4:2,,,2009,TRUE,TRUE,ready_for_build
586,GAZP_10,GAZP,10_1,2009,68,4,2,Mel_cal,native,1,species,cover,167,plot:167:4:2,,,2009,TRUE,TRUE,ready_for_build
587,GAZP_10,GAZP,10_1,2009,68,4,2,Nas_pul,native,11.375,species,cover,167,plot:167:4:2,,,2009,TRUE,TRUE,ready_for_build
588,GAZP_10,GAZP,10_1,2009,68,4,2,Tri_bif,native,7.5,species,cover,167,plot:167:4:2,,,2009,TRUE,TRUE,ready_for_build
589,GAZP_10,GAZP,10_1,2009,68,4,2,Tri_wil,native,4.25,species,cover,167,plot:167:4:2,,,2009,TRUE,TRUE,ready_for_build
590,GAZP_10,GAZP,10_1,2009,68,4,,Cal_cil,native,13.875,species,cover,167,block:167:4,,,2009,TRUE,TRUE,ready_for_build
591,GAZP_10,GAZP,10_1,2009,68,4,,Ely_gla,native,2.625,species,cover,167,block:167:4,,,2009,TRUE,TRUE,ready_for_build
592,GAZP_10,GAZP,10_1,2009,68,4,,Gri_hir,native,70.875,species,cover,167,block:167:4,,,2009,TRUE,TRUE,ready_for_build
593,GAZP_10,GAZP,10_1,2009,68,4,,Ley_tri,native,1.125,species,cover,167,block:167:4,,,2009,TRUE,TRUE,ready_for_build
594,GAZP_10,GAZP,10_1,2009,68,4,,Mel_cal,native,1,species,cover,167,block:167:4,,,2009,TRUE,TRUE,ready_for_build
595,GAZP_10,GAZP,10_1,2009,68,4,,Nas_pul,native,11.375,species,cover,167,block:167:4,,,2009,TRUE,TRUE,ready_for_build
596,GAZP_10,GAZP,10_1,2009,68,4,,Tri_bif,native,6.25,species,cover,167,block:167:4,,,2009,TRUE,TRUE,ready_for_build
597,GAZP_10,GAZP,10_1,2009,68,4,,Tri_wil,native,8.125,species,cover,167,block:167:4,,,2009,TRUE,TRUE,ready_for_build
598,GAZP_10,GAZP,10_1,2009,68,5,1,Cal_cil,native,8.875,species,cover,167,plot:167:5:1,,,2009,TRUE,TRUE,ready_for_build
599,GAZP_10,GAZP,10_1,2009,68,5,1,Ely_gla,native,2.125,species,cover,167,plot:167:5:1,,,2009,TRUE,TRUE,ready_for_build
600,GAZP_10,GAZP,10_1,2009,68,5,1,Gri_hir,native,88.5,species,cover,167,plot:167:5:1,,,2009,TRUE,TRUE,ready_for_build
601,GAZP_10,GAZP,10_1,2009,68,5,1,Ley_tri,native,1.125,species,cover,167,plot:167:5:1,,,2009,TRUE,TRUE,ready_for_build
602,GAZP_10,GAZP,10_1,2009,68,5,1,Mel_cal,native,0,species,cover,167,plot:167:5:1,,,2009,TRUE,TRUE,ready_for_build
603,GAZP_10,GAZP,10_1,2009,68,5,1,Nas_pul,native,1.5,species,cover,167,plot:167:5:1,,,2009,TRUE,TRUE,ready_for_build
604,GAZP_10,GAZP,10_1,2009,68,5,1,Tri_bif,native,5,species,cover,167,plot:167:5:1,,,2009,TRUE,TRUE,ready_for_build
605,GAZP_10,GAZP,10_1,2009,68,5,1,Tri_wil,native,7.875,species,cover,167,plot:167:5:1,,,2009,TRUE,TRUE,ready_for_build
606,GAZP_10,GAZP,10_1,2009,68,5,2,Cal_cil,native,15,species,cover,167,plot:167:5:2,,,2009,TRUE,TRUE,ready_for_build
607,GAZP_10,GAZP,10_1,2009,68,5,2,Ely_gla,native,3.75,species,cover,167,plot:167:5:2,,,2009,TRUE,TRUE,ready_for_build
608,GAZP_10,GAZP,10_1,2009,68,5,2,Gri_hir,native,54.375,species,cover,167,plot:167:5:2,,,2009,TRUE,TRUE,ready_for_build
609,GAZP_10,GAZP,10_1,2009,68,5,2,Ley_tri,native,0.5,species,cover,167,plot:167:5:2,,,2009,TRUE,TRUE,ready_for_build
610,GAZP_10,GAZP,10_1,2009,68,5,2,Mel_cal,native,0,species,cover,167,plot:167:5:2,,,2009,TRUE,TRUE,ready_for_build
611,GAZP_10,GAZP,10_1,2009,68,5,2,Nas_pul,native,11.25,species,cover,167,plot:167:5:2,,,2009,TRUE,TRUE,ready_for_build
612,GAZP_10,GAZP,10_1,2009,68,5,2,Tri_bif,native,7.625,species,cover,167,plot:167:5:2,,,2009,TRUE,TRUE,ready_for_build
613,GAZP_10,GAZP,10_1,2009,68,5,2,Tri_wil,native,3.75,species,cover,167,plot:167:5:2,,,2009,TRUE,TRUE,ready_for_build
614,GAZP_10,GAZP,10_1,2009,68,5,,Cal_cil,native,10.375,species,cover,167,block:167:5,,,2009,TRUE,TRUE,ready_for_build
615,GAZP_10,GAZP,10_1,2009,68,5,,Ely_gla,native,5.125,species,cover,167,block:167:5,,,2009,TRUE,TRUE,ready_for_build
616,GAZP_10,GAZP,10_1,2009,68,5,,Gri_hir,native,66.625,species,cover,167,block:167:5,,,2009,TRUE,TRUE,ready_for_build
617,GAZP_10,GAZP,10_1,2009,68,5,,Ley_tri,native,3.375,species,cover,167,block:167:5,,,2009,TRUE,TRUE,ready_for_build
618,GAZP_10,GAZP,10_1,2009,68,5,,Mel_cal,native,0.625,species,cover,167,block:167:5,,,2009,TRUE,TRUE,ready_for_build
619,GAZP_10,GAZP,10_1,2009,68,5,,Nas_pul,native,13.875,species,cover,167,block:167:5,,,2009,TRUE,TRUE,ready_for_build
620,GAZP_10,GAZP,10_1,2009,68,5,,Tri_bif,native,10.625,species,cover,167,block:167:5,,,2009,TRUE,TRUE,ready_for_build
621,GAZP_10,GAZP,10_1,2009,68,5,,Tri_wil,native,7.5,species,cover,167,block:167:5,,,2009,TRUE,TRUE,ready_for_build
622,GAZP_10,GAZP,10_1,2009,68,7,1,Cal_cil,native,7.125,species,cover,167,plot:167:7:1,,,2009,TRUE,TRUE,ready_for_build
623,GAZP_10,GAZP,10_1,2009,68,7,1,Ely_gla,native,1.5,species,cover,167,plot:167:7:1,,,2009,TRUE,TRUE,ready_for_build
624,GAZP_10,GAZP,10_1,2009,68,7,1,Gri_hir,native,75.625,species,cover,167,plot:167:7:1,,,2009,TRUE,TRUE,ready_for_build
625,GAZP_10,GAZP,10_1,2009,68,7,1,Ley_tri,native,0,species,cover,167,plot:167:7:1,,,2009,TRUE,TRUE,ready_for_build
626,GAZP_10,GAZP,10_1,2009,68,7,1,Mel_cal,native,0,species,cover,167,plot:167:7:1,,,2009,TRUE,TRUE,ready_for_build
627,GAZP_10,GAZP,10_1,2009,68,7,1,Nas_pul,native,13.75,species,cover,167,plot:167:7:1,,,2009,TRUE,TRUE,ready_for_build
628,GAZP_10,GAZP,10_1,2009,68,7,1,Tri_bif,native,5.5,species,cover,167,plot:167:7:1,,,2009,TRUE,TRUE,ready_for_build
629,GAZP_10,GAZP,10_1,2009,68,7,1,Tri_wil,native,5.375,species,cover,167,plot:167:7:1,,,2009,TRUE,TRUE,ready_for_build
630,GAZP_10,GAZP,10_1,2009,68,7,2,Cal_cil,native,20.25,species,cover,167,plot:167:7:2,,,2009,TRUE,TRUE,ready_for_build
631,GAZP_10,GAZP,10_1,2009,68,7,2,Ely_gla,native,8.125,species,cover,167,plot:167:7:2,,,2009,TRUE,TRUE,ready_for_build
632,GAZP_10,GAZP,10_1,2009,68,7,2,Gri_hir,native,29,species,cover,167,plot:167:7:2,,,2009,TRUE,TRUE,ready_for_build
633,GAZP_10,GAZP,10_1,2009,68,7,2,Ley_tri,native,1.5,species,cover,167,plot:167:7:2,,,2009,TRUE,TRUE,ready_for_build
634,GAZP_10,GAZP,10_1,2009,68,7,2,Mel_cal,native,2.5,species,cover,167,plot:167:7:2,,,2009,TRUE,TRUE,ready_for_build
635,GAZP_10,GAZP,10_1,2009,68,7,2,Nas_pul,native,11.375,species,cover,167,plot:167:7:2,,,2009,TRUE,TRUE,ready_for_build
636,GAZP_10,GAZP,10_1,2009,68,7,2,Tri_bif,native,10.625,species,cover,167,plot:167:7:2,,,2009,TRUE,TRUE,ready_for_build
637,GAZP_10,GAZP,10_1,2009,68,7,2,Tri_wil,native,11.25,species,cover,167,plot:167:7:2,,,2009,TRUE,TRUE,ready_for_build
638,GAZP_10,GAZP,10_1,2009,68,7,,Cal_cil,native,19.625,species,cover,167,block:167:7,,,2009,TRUE,TRUE,ready_for_build
639,GAZP_10,GAZP,10_1,2009,68,7,,Ely_gla,native,5.5,species,cover,167,block:167:7,,,2009,TRUE,TRUE,ready_for_build
640,GAZP_10,GAZP,10_1,2009,68,7,,Gri_hir,native,35.25,species,cover,167,block:167:7,,,2009,TRUE,TRUE,ready_for_build
641,GAZP_10,GAZP,10_1,2009,68,7,,Ley_tri,native,3.375,species,cover,167,block:167:7,,,2009,TRUE,TRUE,ready_for_build
642,GAZP_10,GAZP,10_1,2009,68,7,,Mel_cal,native,1.875,species,cover,167,block:167:7,,,2009,TRUE,TRUE,ready_for_build
643,GAZP_10,GAZP,10_1,2009,68,7,,Nas_pul,native,11.75,species,cover,167,block:167:7,,,2009,TRUE,TRUE,ready_for_build
644,GAZP_10,GAZP,10_1,2009,68,7,,Tri_bif,native,10.625,species,cover,167,block:167:7,,,2009,TRUE,TRUE,ready_for_build
645,GAZP_10,GAZP,10_1,2009,68,7,,Tri_wil,native,8.125,species,cover,167,block:167:7,,,2009,TRUE,TRUE,ready_for_build
646,GAZP_10,GAZP,10_1,2009,68,10,1,Cal_cil,native,23.5,species,cover,167,plot:167:10:1,,,2009,TRUE,TRUE,ready_for_build
647,GAZP_10,GAZP,10_1,2009,68,10,1,Ely_gla,native,2.75,species,cover,167,plot:167:10:1,,,2009,TRUE,TRUE,ready_for_build
648,GAZP_10,GAZP,10_1,2009,68,10,1,Gri_hir,native,53.75,species,cover,167,plot:167:10:1,,,2009,TRUE,TRUE,ready_for_build
649,GAZP_10,GAZP,10_1,2009,68,10,1,Ley_tri,native,0.75,species,cover,167,plot:167:10:1,,,2009,TRUE,TRUE,ready_for_build
650,GAZP_10,GAZP,10_1,2009,68,10,1,Mel_cal,native,0,species,cover,167,plot:167:10:1,,,2009,TRUE,TRUE,ready_for_build
651,GAZP_10,GAZP,10_1,2009,68,10,1,Nas_pul,native,9.125,species,cover,167,plot:167:10:1,,,2009,TRUE,TRUE,ready_for_build
652,GAZP_10,GAZP,10_1,2009,68,10,1,Tri_bif,native,10.125,species,cover,167,plot:167:10:1,,,2009,TRUE,TRUE,ready_for_build
653,GAZP_10,GAZP,10_1,2009,68,10,1,Tri_wil,native,5.5,species,cover,167,plot:167:10:1,,,2009,TRUE,TRUE,ready_for_build
654,GAZP_10,GAZP,10_1,2009,68,10,2,Cal_cil,native,22.375,species,cover,167,plot:167:10:2,,,2009,TRUE,TRUE,ready_for_build
655,GAZP_10,GAZP,10_1,2009,68,10,2,Ely_gla,native,3.875,species,cover,167,plot:167:10:2,,,2009,TRUE,TRUE,ready_for_build
656,GAZP_10,GAZP,10_1,2009,68,10,2,Gri_hir,native,42.125,species,cover,167,plot:167:10:2,,,2009,TRUE,TRUE,ready_for_build
657,GAZP_10,GAZP,10_1,2009,68,10,2,Ley_tri,native,8.125,species,cover,167,plot:167:10:2,,,2009,TRUE,TRUE,ready_for_build
658,GAZP_10,GAZP,10_1,2009,68,10,2,Mel_cal,native,1.875,species,cover,167,plot:167:10:2,,,2009,TRUE,TRUE,ready_for_build
659,GAZP_10,GAZP,10_1,2009,68,10,2,Nas_pul,native,11,species,cover,167,plot:167:10:2,,,2009,TRUE,TRUE,ready_for_build
660,GAZP_10,GAZP,10_1,2009,68,10,2,Tri_bif,native,9.375,species,cover,167,plot:167:10:2,,,2009,TRUE,TRUE,ready_for_build
661,GAZP_10,GAZP,10_1,2009,68,10,2,Tri_wil,native,3.5,species,cover,167,plot:167:10:2,,,2009,TRUE,TRUE,ready_for_build
662,GAZP_10,GAZP,10_1,2009,68,10,,Cal_cil,native,24.125,species,cover,167,block:167:10,,,2009,TRUE,TRUE,ready_for_build
663,GAZP_10,GAZP,10_1,2009,68,10,,Ely_gla,native,6.25,species,cover,167,block:167:10,,,2009,TRUE,TRUE,ready_for_build
664,GAZP_10,GAZP,10_1,2009,68,10,,Gri_hir,native,33.25,species,cover,167,block:167:10,,,2009,TRUE,TRUE,ready_for_build
665,GAZP_10,GAZP,10_1,2009,68,10,,Ley_tri,native,9.375,species,cover,167,block:167:10,,,2009,TRUE,TRUE,ready_for_build
666,GAZP_10,GAZP,10_1,2009,68,10,,Mel_cal,native,2.5,species,cover,167,block:167:10,,,2009,TRUE,TRUE,ready_for_build
667,GAZP_10,GAZP,10_1,2009,68,10,,Nas_pul,native,13.125,species,cover,167,block:167:10,,,2009,TRUE,TRUE,ready_for_build
668,GAZP_10,GAZP,10_1,2009,68,10,,Tri_bif,native,7.25,species,cover,167,block:167:10,,,2009,TRUE,TRUE,ready_for_build
669,GAZP_10,GAZP,10_1,2009,68,10,,Tri_wil,native,3.625,species,cover,167,block:167:10,,,2009,TRUE,TRUE,ready_for_build
670,GAZP_10,GAZP,10_1,2009,68,12,1,Cal_cil,native,26.875,species,cover,167,plot:167:12:1,,,2009,TRUE,TRUE,ready_for_build
671,GAZP_10,GAZP,10_1,2009,68,12,1,Ely_gla,native,0,species,cover,167,plot:167:12:1,,,2009,TRUE,TRUE,ready_for_build
672,GAZP_10,GAZP,10_1,2009,68,12,1,Gri_hir,native,76.25,species,cover,167,plot:167:12:1,,,2009,TRUE,TRUE,ready_for_build
673,GAZP_10,GAZP,10_1,2009,68,12,1,Ley_tri,native,0.375,species,cover,167,plot:167:12:1,,,2009,TRUE,TRUE,ready_for_build
674,GAZP_10,GAZP,10_1,2009,68,12,1,Mel_cal,native,0,species,cover,167,plot:167:12:1,,,2009,TRUE,TRUE,ready_for_build
675,GAZP_10,GAZP,10_1,2009,68,12,1,Nas_pul,native,10.25,species,cover,167,plot:167:12:1,,,2009,TRUE,TRUE,ready_for_build
676,GAZP_10,GAZP,10_1,2009,68,12,1,Tri_bif,native,3.75,species,cover,167,plot:167:12:1,,,2009,TRUE,TRUE,ready_for_build
677,GAZP_10,GAZP,10_1,2009,68,12,1,Tri_wil,native,14.375,species,cover,167,plot:167:12:1,,,2009,TRUE,TRUE,ready_for_build
678,GAZP_10,GAZP,10_1,2009,68,12,2,Cal_cil,native,31.75,species,cover,167,plot:167:12:2,,,2009,TRUE,TRUE,ready_for_build
679,GAZP_10,GAZP,10_1,2009,68,12,2,Ely_gla,native,5,species,cover,167,plot:167:12:2,,,2009,TRUE,TRUE,ready_for_build
680,GAZP_10,GAZP,10_1,2009,68,12,2,Gri_hir,native,31,species,cover,167,plot:167:12:2,,,2009,TRUE,TRUE,ready_for_build
681,GAZP_10,GAZP,10_1,2009,68,12,2,Ley_tri,native,0.5,species,cover,167,plot:167:12:2,,,2009,TRUE,TRUE,ready_for_build
682,GAZP_10,GAZP,10_1,2009,68,12,2,Mel_cal,native,0,species,cover,167,plot:167:12:2,,,2009,TRUE,TRUE,ready_for_build
683,GAZP_10,GAZP,10_1,2009,68,12,2,Nas_pul,native,10.5,species,cover,167,plot:167:12:2,,,2009,TRUE,TRUE,ready_for_build
684,GAZP_10,GAZP,10_1,2009,68,12,2,Tri_bif,native,9.375,species,cover,167,plot:167:12:2,,,2009,TRUE,TRUE,ready_for_build
685,GAZP_10,GAZP,10_1,2009,68,12,2,Tri_wil,native,3.125,species,cover,167,plot:167:12:2,,,2009,TRUE,TRUE,ready_for_build
686,GAZP_10,GAZP,10_1,2009,68,12,,Cal_cil,native,29.625,species,cover,167,block:167:12,,,2009,TRUE,TRUE,ready_for_build
687,GAZP_10,GAZP,10_1,2009,68,12,,Ely_gla,native,6,species,cover,167,block:167:12,,,2009,TRUE,TRUE,ready_for_build
688,GAZP_10,GAZP,10_1,2009,68,12,,Gri_hir,native,30.625,species,cover,167,block:167:12,,,2009,TRUE,TRUE,ready_for_build
689,GAZP_10,GAZP,10_1,2009,68,12,,Ley_tri,native,0.5,species,cover,167,block:167:12,,,2009,TRUE,TRUE,ready_for_build
690,GAZP_10,GAZP,10_1,2009,68,12,,Mel_cal,native,0.375,species,cover,167,block:167:12,,,2009,TRUE,TRUE,ready_for_build
691,GAZP_10,GAZP,10_1,2009,68,12,,Nas_pul,native,11.125,species,cover,167,block:167:12,,,2009,TRUE,TRUE,ready_for_build
692,GAZP_10,GAZP,10_1,2009,68,12,,Tri_bif,native,11.5,species,cover,167,block:167:12,,,2009,TRUE,TRUE,ready_for_build
693,GAZP_10,GAZP,10_1,2009,68,12,,Tri_wil,native,16.4,species,cover,167,block:167:12,,,2009,TRUE,TRUE,ready_for_build
694,GAZP_10,GAZP,10_1,2009,68,13,1,Cal_cil,native,36.875,species,cover,167,plot:167:13:1,,,2009,TRUE,TRUE,ready_for_build
695,GAZP_10,GAZP,10_1,2009,68,13,1,Ely_gla,native,0,species,cover,167,plot:167:13:1,,,2009,TRUE,TRUE,ready_for_build
696,GAZP_10,GAZP,10_1,2009,68,13,1,Gri_hir,native,61.875,species,cover,167,plot:167:13:1,,,2009,TRUE,TRUE,ready_for_build
697,GAZP_10,GAZP,10_1,2009,68,13,1,Ley_tri,native,0,species,cover,167,plot:167:13:1,,,2009,TRUE,TRUE,ready_for_build
698,GAZP_10,GAZP,10_1,2009,68,13,1,Mel_cal,native,0,species,cover,167,plot:167:13:1,,,2009,TRUE,TRUE,ready_for_build
699,GAZP_10,GAZP,10_1,2009,68,13,1,Nas_pul,native,12.125,species,cover,167,plot:167:13:1,,,2009,TRUE,TRUE,ready_for_build
700,GAZP_10,GAZP,10_1,2009,68,13,1,Tri_bif,native,3.875,species,cover,167,plot:167:13:1,,,2009,TRUE,TRUE,ready_for_build
701,GAZP_10,GAZP,10_1,2009,68,13,1,Tri_wil,native,18.125,species,cover,167,plot:167:13:1,,,2009,TRUE,TRUE,ready_for_build
702,GAZP_10,GAZP,10_1,2009,68,13,2,Cal_cil,native,38,species,cover,167,plot:167:13:2,,,2009,TRUE,TRUE,ready_for_build
703,GAZP_10,GAZP,10_1,2009,68,13,2,Ely_gla,native,5,species,cover,167,plot:167:13:2,,,2009,TRUE,TRUE,ready_for_build
704,GAZP_10,GAZP,10_1,2009,68,13,2,Gri_hir,native,28.125,species,cover,167,plot:167:13:2,,,2009,TRUE,TRUE,ready_for_build
705,GAZP_10,GAZP,10_1,2009,68,13,2,Ley_tri,native,3.75,species,cover,167,plot:167:13:2,,,2009,TRUE,TRUE,ready_for_build
706,GAZP_10,GAZP,10_1,2009,68,13,2,Mel_cal,native,2.5,species,cover,167,plot:167:13:2,,,2009,TRUE,TRUE,ready_for_build
707,GAZP_10,GAZP,10_1,2009,68,13,2,Nas_pul,native,11.875,species,cover,167,plot:167:13:2,,,2009,TRUE,TRUE,ready_for_build
708,GAZP_10,GAZP,10_1,2009,68,13,2,Tri_bif,native,3.75,species,cover,167,plot:167:13:2,,,2009,TRUE,TRUE,ready_for_build
709,GAZP_10,GAZP,10_1,2009,68,13,2,Tri_wil,native,7.75,species,cover,167,plot:167:13:2,,,2009,TRUE,TRUE,ready_for_build
710,GAZP_10,GAZP,10_1,2009,68,13,,Cal_cil,native,38.75,species,cover,167,block:167:13,,,2009,TRUE,TRUE,ready_for_build
711,GAZP_10,GAZP,10_1,2009,68,13,,Ely_gla,native,4.375,species,cover,167,block:167:13,,,2009,TRUE,TRUE,ready_for_build
712,GAZP_10,GAZP,10_1,2009,68,13,,Gri_hir,native,30.625,species,cover,167,block:167:13,,,2009,TRUE,TRUE,ready_for_build
713,GAZP_10,GAZP,10_1,2009,68,13,,Ley_tri,native,4.625,species,cover,167,block:167:13,,,2009,TRUE,TRUE,ready_for_build
714,GAZP_10,GAZP,10_1,2009,68,13,,Mel_cal,native,1.875,species,cover,167,block:167:13,,,2009,TRUE,TRUE,ready_for_build
715,GAZP_10,GAZP,10_1,2009,68,13,,Nas_pul,native,12.75,species,cover,167,block:167:13,,,2009,TRUE,TRUE,ready_for_build
716,GAZP_10,GAZP,10_1,2009,68,13,,Tri_bif,native,4.125,species,cover,167,block:167:13,,,2009,TRUE,TRUE,ready_for_build
717,GAZP_10,GAZP,10_1,2009,68,13,,Tri_wil,native,10.125,species,cover,167,block:167:13,,,2009,TRUE,TRUE,ready_for_build
718,GAZP_10,GAZP,10_1,2009,68,14,1,Cal_cil,native,13.125,species,cover,167,plot:167:14:1,,,2009,TRUE,TRUE,ready_for_build
719,GAZP_10,GAZP,10_1,2009,68,14,1,Ely_gla,native,0,species,cover,167,plot:167:14:1,,,2009,TRUE,TRUE,ready_for_build
720,GAZP_10,GAZP,10_1,2009,68,14,1,Gri_hir,native,66.25,species,cover,167,plot:167:14:1,,,2009,TRUE,TRUE,ready_for_build
721,GAZP_10,GAZP,10_1,2009,68,14,1,Ley_tri,native,0.625,species,cover,167,plot:167:14:1,,,2009,TRUE,TRUE,ready_for_build
722,GAZP_10,GAZP,10_1,2009,68,14,1,Mel_cal,native,0,species,cover,167,plot:167:14:1,,,2009,TRUE,TRUE,ready_for_build
723,GAZP_10,GAZP,10_1,2009,68,14,1,Nas_pul,native,6.5,species,cover,167,plot:167:14:1,,,2009,TRUE,TRUE,ready_for_build
724,GAZP_10,GAZP,10_1,2009,68,14,1,Tri_bif,native,7.125,species,cover,167,plot:167:14:1,,,2009,TRUE,TRUE,ready_for_build
725,GAZP_10,GAZP,10_1,2009,68,14,1,Tri_wil,native,1,species,cover,167,plot:167:14:1,,,2009,TRUE,TRUE,ready_for_build
726,GAZP_10,GAZP,10_1,2009,68,14,2,Cal_cil,native,35.625,species,cover,167,plot:167:14:2,,,2009,TRUE,TRUE,ready_for_build
727,GAZP_10,GAZP,10_1,2009,68,14,2,Ely_gla,native,6.625,species,cover,167,plot:167:14:2,,,2009,TRUE,TRUE,ready_for_build
728,GAZP_10,GAZP,10_1,2009,68,14,2,Gri_hir,native,31.125,species,cover,167,plot:167:14:2,,,2009,TRUE,TRUE,ready_for_build
729,GAZP_10,GAZP,10_1,2009,68,14,2,Ley_tri,native,6.625,species,cover,167,plot:167:14:2,,,2009,TRUE,TRUE,ready_for_build
730,GAZP_10,GAZP,10_1,2009,68,14,2,Mel_cal,native,0,species,cover,167,plot:167:14:2,,,2009,TRUE,TRUE,ready_for_build
731,GAZP_10,GAZP,10_1,2009,68,14,2,Nas_pul,native,14.125,species,cover,167,plot:167:14:2,,,2009,TRUE,TRUE,ready_for_build
732,GAZP_10,GAZP,10_1,2009,68,14,2,Tri_bif,native,7.5,species,cover,167,plot:167:14:2,,,2009,TRUE,TRUE,ready_for_build
733,GAZP_10,GAZP,10_1,2009,68,14,2,Tri_wil,native,10.625,species,cover,167,plot:167:14:2,,,2009,TRUE,TRUE,ready_for_build
734,GAZP_10,GAZP,10_1,2009,68,14,,Cal_cil,native,30.875,species,cover,167,block:167:14,,,2009,TRUE,TRUE,ready_for_build
735,GAZP_10,GAZP,10_1,2009,68,14,,Ely_gla,native,4.875,species,cover,167,block:167:14,,,2009,TRUE,TRUE,ready_for_build
736,GAZP_10,GAZP,10_1,2009,68,14,,Gri_hir,native,31.625,species,cover,167,block:167:14,,,2009,TRUE,TRUE,ready_for_build
737,GAZP_10,GAZP,10_1,2009,68,14,,Ley_tri,native,4.125,species,cover,167,block:167:14,,,2009,TRUE,TRUE,ready_for_build
738,GAZP_10,GAZP,10_1,2009,68,14,,Mel_cal,native,0,species,cover,167,block:167:14,,,2009,TRUE,TRUE,ready_for_build
739,GAZP_10,GAZP,10_1,2009,68,14,,Nas_pul,native,15.125,species,cover,167,block:167:14,,,2009,TRUE,TRUE,ready_for_build
740,GAZP_10,GAZP,10_1,2009,68,14,,Tri_bif,native,10.875,species,cover,167,block:167:14,,,2009,TRUE,TRUE,ready_for_build
741,GAZP_10,GAZP,10_1,2009,68,14,,Tri_wil,native,10.71428571,species,cover,167,block:167:14,,,2009,TRUE,TRUE,ready_for_build
742,GAZP_10,GAZP,10_1,2009,68,15,1,Cal_cil,native,22.5,species,cover,167,plot:167:15:1,,,2009,TRUE,TRUE,ready_for_build
743,GAZP_10,GAZP,10_1,2009,68,15,1,Ely_gla,native,7.5,species,cover,167,plot:167:15:1,,,2009,TRUE,TRUE,ready_for_build
744,GAZP_10,GAZP,10_1,2009,68,15,1,Gri_hir,native,70.625,species,cover,167,plot:167:15:1,,,2009,TRUE,TRUE,ready_for_build
745,GAZP_10,GAZP,10_1,2009,68,15,1,Ley_tri,native,0.125,species,cover,167,plot:167:15:1,,,2009,TRUE,TRUE,ready_for_build
746,GAZP_10,GAZP,10_1,2009,68,15,1,Mel_cal,native,0,species,cover,167,plot:167:15:1,,,2009,TRUE,TRUE,ready_for_build
747,GAZP_10,GAZP,10_1,2009,68,15,1,Nas_pul,native,8.125,species,cover,167,plot:167:15:1,,,2009,TRUE,TRUE,ready_for_build
748,GAZP_10,GAZP,10_1,2009,68,15,1,Tri_bif,native,5.25,species,cover,167,plot:167:15:1,,,2009,TRUE,TRUE,ready_for_build
749,GAZP_10,GAZP,10_1,2009,68,15,1,Tri_wil,native,0.125,species,cover,167,plot:167:15:1,,,2009,TRUE,TRUE,ready_for_build
750,GAZP_10,GAZP,10_1,2009,68,15,2,Cal_cil,native,29.375,species,cover,167,plot:167:15:2,,,2009,TRUE,TRUE,ready_for_build
751,GAZP_10,GAZP,10_1,2009,68,15,2,Ely_gla,native,5.75,species,cover,167,plot:167:15:2,,,2009,TRUE,TRUE,ready_for_build
752,GAZP_10,GAZP,10_1,2009,68,15,2,Gri_hir,native,23.5,species,cover,167,plot:167:15:2,,,2009,TRUE,TRUE,ready_for_build
753,GAZP_10,GAZP,10_1,2009,68,15,2,Ley_tri,native,5.625,species,cover,167,plot:167:15:2,,,2009,TRUE,TRUE,ready_for_build
754,GAZP_10,GAZP,10_1,2009,68,15,2,Mel_cal,native,0.625,species,cover,167,plot:167:15:2,,,2009,TRUE,TRUE,ready_for_build
755,GAZP_10,GAZP,10_1,2009,68,15,2,Nas_pul,native,11.25,species,cover,167,plot:167:15:2,,,2009,TRUE,TRUE,ready_for_build
756,GAZP_10,GAZP,10_1,2009,68,15,2,Tri_bif,native,10.625,species,cover,167,plot:167:15:2,,,2009,TRUE,TRUE,ready_for_build
757,GAZP_10,GAZP,10_1,2009,68,15,2,Tri_wil,native,7.5,species,cover,167,plot:167:15:2,,,2009,TRUE,TRUE,ready_for_build
758,GAZP_10,GAZP,10_1,2009,68,15,,Cal_cil,native,32.125,species,cover,167,block:167:15,,,2009,TRUE,TRUE,ready_for_build
759,GAZP_10,GAZP,10_1,2009,68,15,,Ely_gla,native,5.75,species,cover,167,block:167:15,,,2009,TRUE,TRUE,ready_for_build
760,GAZP_10,GAZP,10_1,2009,68,15,,Gri_hir,native,32.25,species,cover,167,block:167:15,,,2009,TRUE,TRUE,ready_for_build
761,GAZP_10,GAZP,10_1,2009,68,15,,Ley_tri,native,4.75,species,cover,167,block:167:15,,,2009,TRUE,TRUE,ready_for_build
762,GAZP_10,GAZP,10_1,2009,68,15,,Mel_cal,native,0.625,species,cover,167,block:167:15,,,2009,TRUE,TRUE,ready_for_build
763,GAZP_10,GAZP,10_1,2009,68,15,,Nas_pul,native,11.25,species,cover,167,block:167:15,,,2009,TRUE,TRUE,ready_for_build
764,GAZP_10,GAZP,10_1,2009,68,15,,Tri_bif,native,11.5,species,cover,167,block:167:15,,,2009,TRUE,TRUE,ready_for_build
765,GAZP_10,GAZP,10_1,2009,68,15,,Tri_wil,native,4.75,species,cover,167,block:167:15,,,2009,TRUE,TRUE,ready_for_build
766,GAZP_10,GAZP,10_1,2009,68,17,1,Cal_cil,native,32.5,species,cover,167,plot:167:17:1,,,2009,TRUE,TRUE,ready_for_build
767,GAZP_10,GAZP,10_1,2009,68,17,1,Ely_gla,native,0,species,cover,167,plot:167:17:1,,,2009,TRUE,TRUE,ready_for_build
768,GAZP_10,GAZP,10_1,2009,68,17,1,Gri_hir,native,5.625,species,cover,167,plot:167:17:1,,,2009,TRUE,TRUE,ready_for_build
769,GAZP_10,GAZP,10_1,2009,68,17,1,Ley_tri,native,0.125,species,cover,167,plot:167:17:1,,,2009,TRUE,TRUE,ready_for_build
770,GAZP_10,GAZP,10_1,2009,68,17,1,Mel_cal,native,0,species,cover,167,plot:167:17:1,,,2009,TRUE,TRUE,ready_for_build
771,GAZP_10,GAZP,10_1,2009,68,17,1,Nas_pul,native,10.25,species,cover,167,plot:167:17:1,,,2009,TRUE,TRUE,ready_for_build
772,GAZP_10,GAZP,10_1,2009,68,17,1,Tri_bif,native,2.75,species,cover,167,plot:167:17:1,,,2009,TRUE,TRUE,ready_for_build
773,GAZP_10,GAZP,10_1,2009,68,17,1,Tri_wil,native,8.375,species,cover,167,plot:167:17:1,,,2009,TRUE,TRUE,ready_for_build
774,GAZP_10,GAZP,10_1,2009,68,17,2,Cal_cil,native,23.5,species,cover,167,plot:167:17:2,,,2009,TRUE,TRUE,ready_for_build
775,GAZP_10,GAZP,10_1,2009,68,17,2,Ely_gla,native,2.625,species,cover,167,plot:167:17:2,,,2009,TRUE,TRUE,ready_for_build
776,GAZP_10,GAZP,10_1,2009,68,17,2,Gri_hir,native,20.5,species,cover,167,plot:167:17:2,,,2009,TRUE,TRUE,ready_for_build
777,GAZP_10,GAZP,10_1,2009,68,17,2,Ley_tri,native,0.125,species,cover,167,plot:167:17:2,,,2009,TRUE,TRUE,ready_for_build
778,GAZP_10,GAZP,10_1,2009,68,17,2,Mel_cal,native,0.625,species,cover,167,plot:167:17:2,,,2009,TRUE,TRUE,ready_for_build
779,GAZP_10,GAZP,10_1,2009,68,17,2,Nas_pul,native,10.5,species,cover,167,plot:167:17:2,,,2009,TRUE,TRUE,ready_for_build
780,GAZP_10,GAZP,10_1,2009,68,17,2,Tri_bif,native,6.25,species,cover,167,plot:167:17:2,,,2009,TRUE,TRUE,ready_for_build
781,GAZP_10,GAZP,10_1,2009,68,17,2,Tri_wil,native,3.75,species,cover,167,plot:167:17:2,,,2009,TRUE,TRUE,ready_for_build
782,GAZP_10,GAZP,10_1,2009,68,17,,Cal_cil,native,21.5,species,cover,167,block:167:17,,,2009,TRUE,TRUE,ready_for_build
783,GAZP_10,GAZP,10_1,2009,68,17,,Ely_gla,native,4.125,species,cover,167,block:167:17,,,2009,TRUE,TRUE,ready_for_build
784,GAZP_10,GAZP,10_1,2009,68,17,,Gri_hir,native,19,species,cover,167,block:167:17,,,2009,TRUE,TRUE,ready_for_build
785,GAZP_10,GAZP,10_1,2009,68,17,,Ley_tri,native,1.125,species,cover,167,block:167:17,,,2009,TRUE,TRUE,ready_for_build
786,GAZP_10,GAZP,10_1,2009,68,17,,Mel_cal,native,0.625,species,cover,167,block:167:17,,,2009,TRUE,TRUE,ready_for_build
787,GAZP_10,GAZP,10_1,2009,68,17,,Nas_pul,native,11.625,species,cover,167,block:167:17,,,2009,TRUE,TRUE,ready_for_build
788,GAZP_10,GAZP,10_1,2009,68,17,,Tri_bif,native,3.75,species,cover,167,block:167:17,,,2009,TRUE,TRUE,ready_for_build
789,GAZP_10,GAZP,10_1,2009,68,17,,Tri_wil,native,6.5,species,cover,167,block:167:17,,,2009,TRUE,TRUE,ready_for_build
790,GAZP_10,GAZP,10_1,2009,68,21,1,Cal_cil,native,56.25,species,cover,167,plot:167:21:1,,,2009,TRUE,TRUE,ready_for_build
791,GAZP_10,GAZP,10_1,2009,68,21,1,Ely_gla,native,5.25,species,cover,167,plot:167:21:1,,,2009,TRUE,TRUE,ready_for_build
792,GAZP_10,GAZP,10_1,2009,68,21,1,Gri_hir,native,27.125,species,cover,167,plot:167:21:1,,,2009,TRUE,TRUE,ready_for_build
793,GAZP_10,GAZP,10_1,2009,68,21,1,Ley_tri,native,10,species,cover,167,plot:167:21:1,,,2009,TRUE,TRUE,ready_for_build
794,GAZP_10,GAZP,10_1,2009,68,21,1,Mel_cal,native,0,species,cover,167,plot:167:21:1,,,2009,TRUE,TRUE,ready_for_build
795,GAZP_10,GAZP,10_1,2009,68,21,1,Nas_pul,native,6.375,species,cover,167,plot:167:21:1,,,2009,TRUE,TRUE,ready_for_build
796,GAZP_10,GAZP,10_1,2009,68,21,1,Tri_bif,native,0.875,species,cover,167,plot:167:21:1,,,2009,TRUE,TRUE,ready_for_build
797,GAZP_10,GAZP,10_1,2009,68,21,1,Tri_wil,native,0.5,species,cover,167,plot:167:21:1,,,2009,TRUE,TRUE,ready_for_build
798,GAZP_10,GAZP,10_1,2009,68,21,2,Cal_cil,native,32.25,species,cover,167,plot:167:21:2,,,2009,TRUE,TRUE,ready_for_build
799,GAZP_10,GAZP,10_1,2009,68,21,2,Ely_gla,native,6.375,species,cover,167,plot:167:21:2,,,2009,TRUE,TRUE,ready_for_build
800,GAZP_10,GAZP,10_1,2009,68,21,2,Gri_hir,native,13,species,cover,167,plot:167:21:2,,,2009,TRUE,TRUE,ready_for_build
801,GAZP_10,GAZP,10_1,2009,68,21,2,Ley_tri,native,2.625,species,cover,167,plot:167:21:2,,,2009,TRUE,TRUE,ready_for_build
802,GAZP_10,GAZP,10_1,2009,68,21,2,Mel_cal,native,3.125,species,cover,167,plot:167:21:2,,,2009,TRUE,TRUE,ready_for_build
803,GAZP_10,GAZP,10_1,2009,68,21,2,Nas_pul,native,3.125,species,cover,167,plot:167:21:2,,,2009,TRUE,TRUE,ready_for_build
804,GAZP_10,GAZP,10_1,2009,68,21,2,Tri_bif,native,0,species,cover,167,plot:167:21:2,,,2009,TRUE,TRUE,ready_for_build
805,GAZP_10,GAZP,10_1,2009,68,21,2,Tri_wil,native,2.5,species,cover,167,plot:167:21:2,,,2009,TRUE,TRUE,ready_for_build
806,GAZP_10,GAZP,10_1,2009,68,21,,Cal_cil,native,39,species,cover,167,block:167:21,,,2009,TRUE,TRUE,ready_for_build
807,GAZP_10,GAZP,10_1,2009,68,21,,Ely_gla,native,5.625,species,cover,167,block:167:21,,,2009,TRUE,TRUE,ready_for_build
808,GAZP_10,GAZP,10_1,2009,68,21,,Gri_hir,native,19.75,species,cover,167,block:167:21,,,2009,TRUE,TRUE,ready_for_build
809,GAZP_10,GAZP,10_1,2009,68,21,,Ley_tri,native,4.375,species,cover,167,block:167:21,,,2009,TRUE,TRUE,ready_for_build
810,GAZP_10,GAZP,10_1,2009,68,21,,Mel_cal,native,2.5,species,cover,167,block:167:21,,,2009,TRUE,TRUE,ready_for_build
811,GAZP_10,GAZP,10_1,2009,68,21,,Nas_pul,native,10,species,cover,167,block:167:21,,,2009,TRUE,TRUE,ready_for_build
812,GAZP_10,GAZP,10_1,2009,68,21,,Tri_bif,native,0.125,species,cover,167,block:167:21,,,2009,TRUE,TRUE,ready_for_build
813,GAZP_10,GAZP,10_1,2009,68,21,,Tri_wil,native,0.625,species,cover,167,block:167:21,,,2009,TRUE,TRUE,ready_for_build
814,GAZP_10,GAZP,10_1,2009,68,24,1,Cal_cil,native,22,species,cover,167,plot:167:24:1,,,2009,TRUE,TRUE,ready_for_build
815,GAZP_10,GAZP,10_1,2009,68,24,1,Ely_gla,native,1.875,species,cover,167,plot:167:24:1,,,2009,TRUE,TRUE,ready_for_build
816,GAZP_10,GAZP,10_1,2009,68,24,1,Gri_hir,native,12.875,species,cover,167,plot:167:24:1,,,2009,TRUE,TRUE,ready_for_build
817,GAZP_10,GAZP,10_1,2009,68,24,1,Ley_tri,native,9,species,cover,167,plot:167:24:1,,,2009,TRUE,TRUE,ready_for_build
818,GAZP_10,GAZP,10_1,2009,68,24,1,Mel_cal,native,0,species,cover,167,plot:167:24:1,,,2009,TRUE,TRUE,ready_for_build
819,GAZP_10,GAZP,10_1,2009,68,24,1,Nas_pul,native,7.75,species,cover,167,plot:167:24:1,,,2009,TRUE,TRUE,ready_for_build
820,GAZP_10,GAZP,10_1,2009,68,24,1,Tri_bif,native,1.5,species,cover,167,plot:167:24:1,,,2009,TRUE,TRUE,ready_for_build
821,GAZP_10,GAZP,10_1,2009,68,24,1,Tri_wil,native,4.625,species,cover,167,plot:167:24:1,,,2009,TRUE,TRUE,ready_for_build
822,GAZP_10,GAZP,10_1,2009,68,24,2,Cal_cil,native,14.5,species,cover,167,plot:167:24:2,,,2009,TRUE,TRUE,ready_for_build
823,GAZP_10,GAZP,10_1,2009,68,24,2,Ely_gla,native,2.5,species,cover,167,plot:167:24:2,,,2009,TRUE,TRUE,ready_for_build
824,GAZP_10,GAZP,10_1,2009,68,24,2,Gri_hir,native,25.375,species,cover,167,plot:167:24:2,,,2009,TRUE,TRUE,ready_for_build
825,GAZP_10,GAZP,10_1,2009,68,24,2,Ley_tri,native,4.125,species,cover,167,plot:167:24:2,,,2009,TRUE,TRUE,ready_for_build
826,GAZP_10,GAZP,10_1,2009,68,24,2,Mel_cal,native,0.375,species,cover,167,plot:167:24:2,,,2009,TRUE,TRUE,ready_for_build
827,GAZP_10,GAZP,10_1,2009,68,24,2,Nas_pul,native,10.875,species,cover,167,plot:167:24:2,,,2009,TRUE,TRUE,ready_for_build
828,GAZP_10,GAZP,10_1,2009,68,24,2,Tri_bif,native,5.5,species,cover,167,plot:167:24:2,,,2009,TRUE,TRUE,ready_for_build
829,GAZP_10,GAZP,10_1,2009,68,24,2,Tri_wil,native,1.25,species,cover,167,plot:167:24:2,,,2009,TRUE,TRUE,ready_for_build
830,GAZP_10,GAZP,10_1,2009,68,24,,Cal_cil,native,17.5,species,cover,167,block:167:24,,,2009,TRUE,TRUE,ready_for_build
831,GAZP_10,GAZP,10_1,2009,68,24,,Ely_gla,native,4.625,species,cover,167,block:167:24,,,2009,TRUE,TRUE,ready_for_build
832,GAZP_10,GAZP,10_1,2009,68,24,,Gri_hir,native,25.5,species,cover,167,block:167:24,,,2009,TRUE,TRUE,ready_for_build
833,GAZP_10,GAZP,10_1,2009,68,24,,Ley_tri,native,6.5,species,cover,167,block:167:24,,,2009,TRUE,TRUE,ready_for_build
834,GAZP_10,GAZP,10_1,2009,68,24,,Mel_cal,native,0.625,species,cover,167,block:167:24,,,2009,TRUE,TRUE,ready_for_build
835,GAZP_10,GAZP,10_1,2009,68,24,,Nas_pul,native,11.625,species,cover,167,block:167:24,,,2009,TRUE,TRUE,ready_for_build
836,GAZP_10,GAZP,10_1,2009,68,24,,Tri_bif,native,2.625,species,cover,167,block:167:24,,,2009,TRUE,TRUE,ready_for_build
837,GAZP_10,GAZP,10_1,2009,68,24,,Tri_wil,native,1.875,species,cover,167,block:167:24,,,2009,TRUE,TRUE,ready_for_build
838,GAZP_10,GAZP,10_2,2009,68,3,1,Cal_cil,native,20.625,species,cover,167,plot:167:3:1,,,2009,TRUE,TRUE,ready_for_build
839,GAZP_10,GAZP,10_2,2009,68,3,1,Ely_gla,native,2.5,species,cover,167,plot:167:3:1,,,2009,TRUE,TRUE,ready_for_build
840,GAZP_10,GAZP,10_2,2009,68,3,1,Gri_hir,native,58.125,species,cover,167,plot:167:3:1,,,2009,TRUE,TRUE,ready_for_build
841,GAZP_10,GAZP,10_2,2009,68,3,1,Ley_tri,native,3.125,species,cover,167,plot:167:3:1,,,2009,TRUE,TRUE,ready_for_build
842,GAZP_10,GAZP,10_2,2009,68,3,1,Mel_cal,native,0,species,cover,167,plot:167:3:1,,,2009,TRUE,TRUE,ready_for_build
843,GAZP_10,GAZP,10_2,2009,68,3,1,Nas_pul,native,31.875,species,cover,167,plot:167:3:1,,,2009,TRUE,TRUE,ready_for_build
844,GAZP_10,GAZP,10_2,2009,68,3,1,Tri_bif,native,0.875,species,cover,167,plot:167:3:1,,,2009,TRUE,TRUE,ready_for_build
845,GAZP_10,GAZP,10_2,2009,68,3,1,Tri_wil,native,3.875,species,cover,167,plot:167:3:1,,,2009,TRUE,TRUE,ready_for_build
846,GAZP_10,GAZP,10_2,2009,68,3,2,Cal_cil,native,5.5,species,cover,167,plot:167:3:2,,,2009,TRUE,TRUE,ready_for_build
847,GAZP_10,GAZP,10_2,2009,68,3,2,Ely_gla,native,10.375,species,cover,167,plot:167:3:2,,,2009,TRUE,TRUE,ready_for_build
848,GAZP_10,GAZP,10_2,2009,68,3,2,Gri_hir,native,74.375,species,cover,167,plot:167:3:2,,,2009,TRUE,TRUE,ready_for_build
849,GAZP_10,GAZP,10_2,2009,68,3,2,Ley_tri,native,3.625,species,cover,167,plot:167:3:2,,,2009,TRUE,TRUE,ready_for_build
850,GAZP_10,GAZP,10_2,2009,68,3,2,Mel_cal,native,0,species,cover,167,plot:167:3:2,,,2009,TRUE,TRUE,ready_for_build
851,GAZP_10,GAZP,10_2,2009,68,3,2,Nas_pul,native,17.875,species,cover,167,plot:167:3:2,,,2009,TRUE,TRUE,ready_for_build
852,GAZP_10,GAZP,10_2,2009,68,3,2,Tri_bif,native,0.375,species,cover,167,plot:167:3:2,,,2009,TRUE,TRUE,ready_for_build
853,GAZP_10,GAZP,10_2,2009,68,3,2,Tri_wil,native,0.5,species,cover,167,plot:167:3:2,,,2009,TRUE,TRUE,ready_for_build
854,GAZP_10,GAZP,10_2,2009,68,3,,Cal_cil,native,12.125,species,cover,167,block:167:3,,,2009,TRUE,TRUE,ready_for_build
855,GAZP_10,GAZP,10_2,2009,68,3,,Ely_gla,native,9.625,species,cover,167,block:167:3,,,2009,TRUE,TRUE,ready_for_build
856,GAZP_10,GAZP,10_2,2009,68,3,,Gri_hir,native,75.625,species,cover,167,block:167:3,,,2009,TRUE,TRUE,ready_for_build
857,GAZP_10,GAZP,10_2,2009,68,3,,Ley_tri,native,5.25,species,cover,167,block:167:3,,,2009,TRUE,TRUE,ready_for_build
858,GAZP_10,GAZP,10_2,2009,68,3,,Mel_cal,native,0.125,species,cover,167,block:167:3,,,2009,TRUE,TRUE,ready_for_build
859,GAZP_10,GAZP,10_2,2009,68,3,,Nas_pul,native,20,species,cover,167,block:167:3,,,2009,TRUE,TRUE,ready_for_build
860,GAZP_10,GAZP,10_2,2009,68,3,,Tri_bif,native,1,species,cover,167,block:167:3,,,2009,TRUE,TRUE,ready_for_build
861,GAZP_10,GAZP,10_2,2009,68,3,,Tri_wil,native,1.625,species,cover,167,block:167:3,,,2009,TRUE,TRUE,ready_for_build
862,GAZP_10,GAZP,10_2,2009,68,6,1,Cal_cil,native,1.5,species,cover,167,plot:167:6:1,,,2009,TRUE,TRUE,ready_for_build
863,GAZP_10,GAZP,10_2,2009,68,6,1,Ely_gla,native,1.25,species,cover,167,plot:167:6:1,,,2009,TRUE,TRUE,ready_for_build
864,GAZP_10,GAZP,10_2,2009,68,6,1,Gri_hir,native,86.25,species,cover,167,plot:167:6:1,,,2009,TRUE,TRUE,ready_for_build
865,GAZP_10,GAZP,10_2,2009,68,6,1,Ley_tri,native,0.5,species,cover,167,plot:167:6:1,,,2009,TRUE,TRUE,ready_for_build
866,GAZP_10,GAZP,10_2,2009,68,6,1,Mel_cal,native,0.5,species,cover,167,plot:167:6:1,,,2009,TRUE,TRUE,ready_for_build
867,GAZP_10,GAZP,10_2,2009,68,6,1,Nas_pul,native,27.5,species,cover,167,plot:167:6:1,,,2009,TRUE,TRUE,ready_for_build
868,GAZP_10,GAZP,10_2,2009,68,6,1,Tri_bif,native,0.125,species,cover,167,plot:167:6:1,,,2009,TRUE,TRUE,ready_for_build
869,GAZP_10,GAZP,10_2,2009,68,6,1,Tri_wil,native,0.875,species,cover,167,plot:167:6:1,,,2009,TRUE,TRUE,ready_for_build
870,GAZP_10,GAZP,10_2,2009,68,6,2,Cal_cil,native,2.625,species,cover,167,plot:167:6:2,,,2009,TRUE,TRUE,ready_for_build
871,GAZP_10,GAZP,10_2,2009,68,6,2,Ely_gla,native,2.375,species,cover,167,plot:167:6:2,,,2009,TRUE,TRUE,ready_for_build
872,GAZP_10,GAZP,10_2,2009,68,6,2,Gri_hir,native,65.625,species,cover,167,plot:167:6:2,,,2009,TRUE,TRUE,ready_for_build
873,GAZP_10,GAZP,10_2,2009,68,6,2,Ley_tri,native,3.75,species,cover,167,plot:167:6:2,,,2009,TRUE,TRUE,ready_for_build
874,GAZP_10,GAZP,10_2,2009,68,6,2,Mel_cal,native,0,species,cover,167,plot:167:6:2,,,2009,TRUE,TRUE,ready_for_build
875,GAZP_10,GAZP,10_2,2009,68,6,2,Nas_pul,native,35.25,species,cover,167,plot:167:6:2,,,2009,TRUE,TRUE,ready_for_build
876,GAZP_10,GAZP,10_2,2009,68,6,2,Tri_bif,native,0.125,species,cover,167,plot:167:6:2,,,2009,TRUE,TRUE,ready_for_build
877,GAZP_10,GAZP,10_2,2009,68,6,2,Tri_wil,native,0.375,species,cover,167,plot:167:6:2,,,2009,TRUE,TRUE,ready_for_build
878,GAZP_10,GAZP,10_2,2009,68,6,,Cal_cil,native,3.875,species,cover,167,block:167:6,,,2009,TRUE,TRUE,ready_for_build
879,GAZP_10,GAZP,10_2,2009,68,6,,Ely_gla,native,5,species,cover,167,block:167:6,,,2009,TRUE,TRUE,ready_for_build
880,GAZP_10,GAZP,10_2,2009,68,6,,Gri_hir,native,80,species,cover,167,block:167:6,,,2009,TRUE,TRUE,ready_for_build
881,GAZP_10,GAZP,10_2,2009,68,6,,Ley_tri,native,2.375,species,cover,167,block:167:6,,,2009,TRUE,TRUE,ready_for_build
882,GAZP_10,GAZP,10_2,2009,68,6,,Mel_cal,native,0.125,species,cover,167,block:167:6,,,2009,TRUE,TRUE,ready_for_build
883,GAZP_10,GAZP,10_2,2009,68,6,,Nas_pul,native,19.125,species,cover,167,block:167:6,,,2009,TRUE,TRUE,ready_for_build
884,GAZP_10,GAZP,10_2,2009,68,6,,Tri_bif,native,1.375,species,cover,167,block:167:6,,,2009,TRUE,TRUE,ready_for_build
885,GAZP_10,GAZP,10_2,2009,68,6,,Tri_wil,native,1.125,species,cover,167,block:167:6,,,2009,TRUE,TRUE,ready_for_build
886,GAZP_10,GAZP,10_2,2009,68,8,1,Cal_cil,native,9.125,species,cover,167,plot:167:8:1,,,2009,TRUE,TRUE,ready_for_build
887,GAZP_10,GAZP,10_2,2009,68,8,1,Ely_gla,native,2.125,species,cover,167,plot:167:8:1,,,2009,TRUE,TRUE,ready_for_build
888,GAZP_10,GAZP,10_2,2009,68,8,1,Gri_hir,native,51.875,species,cover,167,plot:167:8:1,,,2009,TRUE,TRUE,ready_for_build
889,GAZP_10,GAZP,10_2,2009,68,8,1,Ley_tri,native,0.5,species,cover,167,plot:167:8:1,,,2009,TRUE,TRUE,ready_for_build
890,GAZP_10,GAZP,10_2,2009,68,8,1,Mel_cal,native,0,species,cover,167,plot:167:8:1,,,2009,TRUE,TRUE,ready_for_build
891,GAZP_10,GAZP,10_2,2009,68,8,1,Nas_pul,native,46.875,species,cover,167,plot:167:8:1,,,2009,TRUE,TRUE,ready_for_build
892,GAZP_10,GAZP,10_2,2009,68,8,1,Tri_bif,native,2.375,species,cover,167,plot:167:8:1,,,2009,TRUE,TRUE,ready_for_build
893,GAZP_10,GAZP,10_2,2009,68,8,1,Tri_wil,native,6.25,species,cover,167,plot:167:8:1,,,2009,TRUE,TRUE,ready_for_build
894,GAZP_10,GAZP,10_2,2009,68,8,2,Cal_cil,native,4.5,species,cover,167,plot:167:8:2,,,2009,TRUE,TRUE,ready_for_build
895,GAZP_10,GAZP,10_2,2009,68,8,2,Ely_gla,native,6.625,species,cover,167,plot:167:8:2,,,2009,TRUE,TRUE,ready_for_build
896,GAZP_10,GAZP,10_2,2009,68,8,2,Gri_hir,native,75.625,species,cover,167,plot:167:8:2,,,2009,TRUE,TRUE,ready_for_build
897,GAZP_10,GAZP,10_2,2009,68,8,2,Ley_tri,native,4,species,cover,167,plot:167:8:2,,,2009,TRUE,TRUE,ready_for_build
898,GAZP_10,GAZP,10_2,2009,68,8,2,Mel_cal,native,0,species,cover,167,plot:167:8:2,,,2009,TRUE,TRUE,ready_for_build
899,GAZP_10,GAZP,10_2,2009,68,8,2,Nas_pul,native,20,species,cover,167,plot:167:8:2,,,2009,TRUE,TRUE,ready_for_build
900,GAZP_10,GAZP,10_2,2009,68,8,2,Tri_bif,native,1,species,cover,167,plot:167:8:2,,,2009,TRUE,TRUE,ready_for_build
901,GAZP_10,GAZP,10_2,2009,68,8,2,Tri_wil,native,0.625,species,cover,167,plot:167:8:2,,,2009,TRUE,TRUE,ready_for_build
902,GAZP_10,GAZP,10_2,2009,68,8,,Cal_cil,native,8.5,species,cover,167,block:167:8,,,2009,TRUE,TRUE,ready_for_build
903,GAZP_10,GAZP,10_2,2009,68,8,,Ely_gla,native,6.875,species,cover,167,block:167:8,,,2009,TRUE,TRUE,ready_for_build
904,GAZP_10,GAZP,10_2,2009,68,8,,Gri_hir,native,73.75,species,cover,167,block:167:8,,,2009,TRUE,TRUE,ready_for_build
905,GAZP_10,GAZP,10_2,2009,68,8,,Ley_tri,native,3,species,cover,167,block:167:8,,,2009,TRUE,TRUE,ready_for_build
906,GAZP_10,GAZP,10_2,2009,68,8,,Mel_cal,native,0,species,cover,167,block:167:8,,,2009,TRUE,TRUE,ready_for_build
907,GAZP_10,GAZP,10_2,2009,68,8,,Nas_pul,native,14.375,species,cover,167,block:167:8,,,2009,TRUE,TRUE,ready_for_build
908,GAZP_10,GAZP,10_2,2009,68,8,,Tri_bif,native,2.375,species,cover,167,block:167:8,,,2009,TRUE,TRUE,ready_for_build
909,GAZP_10,GAZP,10_2,2009,68,8,,Tri_wil,native,4.25,species,cover,167,block:167:8,,,2009,TRUE,TRUE,ready_for_build
910,GAZP_10,GAZP,10_2,2009,68,9,1,Cal_cil,native,3.875,species,cover,167,plot:167:9:1,,,2009,TRUE,TRUE,ready_for_build
911,GAZP_10,GAZP,10_2,2009,68,9,1,Ely_gla,native,5,species,cover,167,plot:167:9:1,,,2009,TRUE,TRUE,ready_for_build
912,GAZP_10,GAZP,10_2,2009,68,9,1,Gri_hir,native,47.5,species,cover,167,plot:167:9:1,,,2009,TRUE,TRUE,ready_for_build
913,GAZP_10,GAZP,10_2,2009,68,9,1,Ley_tri,native,2.125,species,cover,167,plot:167:9:1,,,2009,TRUE,TRUE,ready_for_build
914,GAZP_10,GAZP,10_2,2009,68,9,1,Mel_cal,native,0,species,cover,167,plot:167:9:1,,,2009,TRUE,TRUE,ready_for_build
915,GAZP_10,GAZP,10_2,2009,68,9,1,Nas_pul,native,15.625,species,cover,167,plot:167:9:1,,,2009,TRUE,TRUE,ready_for_build
916,GAZP_10,GAZP,10_2,2009,68,9,1,Tri_bif,native,0.875,species,cover,167,plot:167:9:1,,,2009,TRUE,TRUE,ready_for_build
917,GAZP_10,GAZP,10_2,2009,68,9,1,Tri_wil,native,4.375,species,cover,167,plot:167:9:1,,,2009,TRUE,TRUE,ready_for_build
918,GAZP_10,GAZP,10_2,2009,68,9,2,Cal_cil,native,7.125,species,cover,167,plot:167:9:2,,,2009,TRUE,TRUE,ready_for_build
919,GAZP_10,GAZP,10_2,2009,68,9,2,Ely_gla,native,3.75,species,cover,167,plot:167:9:2,,,2009,TRUE,TRUE,ready_for_build
920,GAZP_10,GAZP,10_2,2009,68,9,2,Gri_hir,native,61.875,species,cover,167,plot:167:9:2,,,2009,TRUE,TRUE,ready_for_build
921,GAZP_10,GAZP,10_2,2009,68,9,2,Ley_tri,native,1,species,cover,167,plot:167:9:2,,,2009,TRUE,TRUE,ready_for_build
922,GAZP_10,GAZP,10_2,2009,68,9,2,Mel_cal,native,0,species,cover,167,plot:167:9:2,,,2009,TRUE,TRUE,ready_for_build
923,GAZP_10,GAZP,10_2,2009,68,9,2,Nas_pul,native,21.625,species,cover,167,plot:167:9:2,,,2009,TRUE,TRUE,ready_for_build
924,GAZP_10,GAZP,10_2,2009,68,9,2,Tri_bif,native,3.875,species,cover,167,plot:167:9:2,,,2009,TRUE,TRUE,ready_for_build
925,GAZP_10,GAZP,10_2,2009,68,9,2,Tri_wil,native,1.25,species,cover,167,plot:167:9:2,,,2009,TRUE,TRUE,ready_for_build
926,GAZP_10,GAZP,10_2,2009,68,9,,Cal_cil,native,8.75,species,cover,167,block:167:9,,,2009,TRUE,TRUE,ready_for_build
927,GAZP_10,GAZP,10_2,2009,68,9,,Ely_gla,native,8.125,species,cover,167,block:167:9,,,2009,TRUE,TRUE,ready_for_build
928,GAZP_10,GAZP,10_2,2009,68,9,,Gri_hir,native,65,species,cover,167,block:167:9,,,2009,TRUE,TRUE,ready_for_build
929,GAZP_10,GAZP,10_2,2009,68,9,,Ley_tri,native,1.75,species,cover,167,block:167:9,,,2009,TRUE,TRUE,ready_for_build
930,GAZP_10,GAZP,10_2,2009,68,9,,Mel_cal,native,0.125,species,cover,167,block:167:9,,,2009,TRUE,TRUE,ready_for_build
931,GAZP_10,GAZP,10_2,2009,68,9,,Nas_pul,native,25,species,cover,167,block:167:9,,,2009,TRUE,TRUE,ready_for_build
932,GAZP_10,GAZP,10_2,2009,68,9,,Tri_bif,native,3.125,species,cover,167,block:167:9,,,2009,TRUE,TRUE,ready_for_build
933,GAZP_10,GAZP,10_2,2009,68,9,,Tri_wil,native,2.375,species,cover,167,block:167:9,,,2009,TRUE,TRUE,ready_for_build
934,GAZP_10,GAZP,10_2,2009,68,11,1,Cal_cil,native,1.5,species,cover,167,plot:167:11:1,,,2009,TRUE,TRUE,ready_for_build
935,GAZP_10,GAZP,10_2,2009,68,11,1,Ely_gla,native,4.625,species,cover,167,plot:167:11:1,,,2009,TRUE,TRUE,ready_for_build
936,GAZP_10,GAZP,10_2,2009,68,11,1,Gri_hir,native,57.5,species,cover,167,plot:167:11:1,,,2009,TRUE,TRUE,ready_for_build
937,GAZP_10,GAZP,10_2,2009,68,11,1,Ley_tri,native,0,species,cover,167,plot:167:11:1,,,2009,TRUE,TRUE,ready_for_build
938,GAZP_10,GAZP,10_2,2009,68,11,1,Mel_cal,native,0,species,cover,167,plot:167:11:1,,,2009,TRUE,TRUE,ready_for_build
939,GAZP_10,GAZP,10_2,2009,68,11,1,Nas_pul,native,29.375,species,cover,167,plot:167:11:1,,,2009,TRUE,TRUE,ready_for_build
940,GAZP_10,GAZP,10_2,2009,68,11,1,Tri_bif,native,0,species,cover,167,plot:167:11:1,,,2009,TRUE,TRUE,ready_for_build
941,GAZP_10,GAZP,10_2,2009,68,11,1,Tri_wil,native,3.75,species,cover,167,plot:167:11:1,,,2009,TRUE,TRUE,ready_for_build
942,GAZP_10,GAZP,10_2,2009,68,11,2,Cal_cil,native,4.125,species,cover,167,plot:167:11:2,,,2009,TRUE,TRUE,ready_for_build
943,GAZP_10,GAZP,10_2,2009,68,11,2,Ely_gla,native,4.625,species,cover,167,plot:167:11:2,,,2009,TRUE,TRUE,ready_for_build
944,GAZP_10,GAZP,10_2,2009,68,11,2,Gri_hir,native,73.75,species,cover,167,plot:167:11:2,,,2009,TRUE,TRUE,ready_for_build
945,GAZP_10,GAZP,10_2,2009,68,11,2,Ley_tri,native,0.375,species,cover,167,plot:167:11:2,,,2009,TRUE,TRUE,ready_for_build
946,GAZP_10,GAZP,10_2,2009,68,11,2,Mel_cal,native,0,species,cover,167,plot:167:11:2,,,2009,TRUE,TRUE,ready_for_build
947,GAZP_10,GAZP,10_2,2009,68,11,2,Nas_pul,native,26.125,species,cover,167,plot:167:11:2,,,2009,TRUE,TRUE,ready_for_build
948,GAZP_10,GAZP,10_2,2009,68,11,2,Tri_bif,native,0.125,species,cover,167,plot:167:11:2,,,2009,TRUE,TRUE,ready_for_build
949,GAZP_10,GAZP,10_2,2009,68,11,2,Tri_wil,native,0.375,species,cover,167,plot:167:11:2,,,2009,TRUE,TRUE,ready_for_build
950,GAZP_10,GAZP,10_2,2009,68,11,,Cal_cil,native,4.25,species,cover,167,block:167:11,,,2009,TRUE,TRUE,ready_for_build
951,GAZP_10,GAZP,10_2,2009,68,11,,Ely_gla,native,6.5,species,cover,167,block:167:11,,,2009,TRUE,TRUE,ready_for_build
952,GAZP_10,GAZP,10_2,2009,68,11,,Gri_hir,native,75.625,species,cover,167,block:167:11,,,2009,TRUE,TRUE,ready_for_build
953,GAZP_10,GAZP,10_2,2009,68,11,,Ley_tri,native,2.875,species,cover,167,block:167:11,,,2009,TRUE,TRUE,ready_for_build
954,GAZP_10,GAZP,10_2,2009,68,11,,Mel_cal,native,0.125,species,cover,167,block:167:11,,,2009,TRUE,TRUE,ready_for_build
955,GAZP_10,GAZP,10_2,2009,68,11,,Nas_pul,native,21.5,species,cover,167,block:167:11,,,2009,TRUE,TRUE,ready_for_build
956,GAZP_10,GAZP,10_2,2009,68,11,,Tri_bif,native,0.75,species,cover,167,block:167:11,,,2009,TRUE,TRUE,ready_for_build
957,GAZP_10,GAZP,10_2,2009,68,11,,Tri_wil,native,2.571428571,species,cover,167,block:167:11,,,2009,TRUE,TRUE,ready_for_build
958,GAZP_10,GAZP,10_2,2009,68,16,1,Cal_cil,native,35.25,species,cover,167,plot:167:16:1,,,2009,TRUE,TRUE,ready_for_build
959,GAZP_10,GAZP,10_2,2009,68,16,1,Ely_gla,native,0,species,cover,167,plot:167:16:1,,,2009,TRUE,TRUE,ready_for_build
960,GAZP_10,GAZP,10_2,2009,68,16,1,Gri_hir,native,40.625,species,cover,167,plot:167:16:1,,,2009,TRUE,TRUE,ready_for_build
961,GAZP_10,GAZP,10_2,2009,68,16,1,Ley_tri,native,0,species,cover,167,plot:167:16:1,,,2009,TRUE,TRUE,ready_for_build
962,GAZP_10,GAZP,10_2,2009,68,16,1,Mel_cal,native,0,species,cover,167,plot:167:16:1,,,2009,TRUE,TRUE,ready_for_build
963,GAZP_10,GAZP,10_2,2009,68,16,1,Nas_pul,native,15.625,species,cover,167,plot:167:16:1,,,2009,TRUE,TRUE,ready_for_build
964,GAZP_10,GAZP,10_2,2009,68,16,1,Tri_bif,native,3,species,cover,167,plot:167:16:1,,,2009,TRUE,TRUE,ready_for_build
965,GAZP_10,GAZP,10_2,2009,68,16,1,Tri_wil,native,21.25,species,cover,167,plot:167:16:1,,,2009,TRUE,TRUE,ready_for_build
966,GAZP_10,GAZP,10_2,2009,68,16,2,Cal_cil,native,20.25,species,cover,167,plot:167:16:2,,,2009,TRUE,TRUE,ready_for_build
967,GAZP_10,GAZP,10_2,2009,68,16,2,Ely_gla,native,5.75,species,cover,167,plot:167:16:2,,,2009,TRUE,TRUE,ready_for_build
968,GAZP_10,GAZP,10_2,2009,68,16,2,Gri_hir,native,51.25,species,cover,167,plot:167:16:2,,,2009,TRUE,TRUE,ready_for_build
969,GAZP_10,GAZP,10_2,2009,68,16,2,Ley_tri,native,3.75,species,cover,167,plot:167:16:2,,,2009,TRUE,TRUE,ready_for_build
970,GAZP_10,GAZP,10_2,2009,68,16,2,Mel_cal,native,0,species,cover,167,plot:167:16:2,,,2009,TRUE,TRUE,ready_for_build
971,GAZP_10,GAZP,10_2,2009,68,16,2,Nas_pul,native,28.75,species,cover,167,plot:167:16:2,,,2009,TRUE,TRUE,ready_for_build
972,GAZP_10,GAZP,10_2,2009,68,16,2,Tri_bif,native,2,species,cover,167,plot:167:16:2,,,2009,TRUE,TRUE,ready_for_build
973,GAZP_10,GAZP,10_2,2009,68,16,2,Tri_wil,native,3.875,species,cover,167,plot:167:16:2,,,2009,TRUE,TRUE,ready_for_build
974,GAZP_10,GAZP,10_2,2009,68,16,,Cal_cil,native,31.625,species,cover,167,block:167:16,,,2009,TRUE,TRUE,ready_for_build
975,GAZP_10,GAZP,10_2,2009,68,16,,Ely_gla,native,5.125,species,cover,167,block:167:16,,,2009,TRUE,TRUE,ready_for_build
976,GAZP_10,GAZP,10_2,2009,68,16,,Gri_hir,native,43.125,species,cover,167,block:167:16,,,2009,TRUE,TRUE,ready_for_build
977,GAZP_10,GAZP,10_2,2009,68,16,,Ley_tri,native,3.25,species,cover,167,block:167:16,,,2009,TRUE,TRUE,ready_for_build
978,GAZP_10,GAZP,10_2,2009,68,16,,Mel_cal,native,0,species,cover,167,block:167:16,,,2009,TRUE,TRUE,ready_for_build
979,GAZP_10,GAZP,10_2,2009,68,16,,Nas_pul,native,16.25,species,cover,167,block:167:16,,,2009,TRUE,TRUE,ready_for_build
980,GAZP_10,GAZP,10_2,2009,68,16,,Tri_bif,native,2.375,species,cover,167,block:167:16,,,2009,TRUE,TRUE,ready_for_build
981,GAZP_10,GAZP,10_2,2009,68,16,,Tri_wil,native,7.375,species,cover,167,block:167:16,,,2009,TRUE,TRUE,ready_for_build
982,GAZP_10,GAZP,10_2,2009,68,18,1,Cal_cil,native,8.625,species,cover,167,plot:167:18:1,,,2009,TRUE,TRUE,ready_for_build
983,GAZP_10,GAZP,10_2,2009,68,18,1,Ely_gla,native,3.25,species,cover,167,plot:167:18:1,,,2009,TRUE,TRUE,ready_for_build
984,GAZP_10,GAZP,10_2,2009,68,18,1,Gri_hir,native,85.625,species,cover,167,plot:167:18:1,,,2009,TRUE,TRUE,ready_for_build
985,GAZP_10,GAZP,10_2,2009,68,18,1,Ley_tri,native,0.125,species,cover,167,plot:167:18:1,,,2009,TRUE,TRUE,ready_for_build
986,GAZP_10,GAZP,10_2,2009,68,18,1,Mel_cal,native,0,species,cover,167,plot:167:18:1,,,2009,TRUE,TRUE,ready_for_build
987,GAZP_10,GAZP,10_2,2009,68,18,1,Nas_pul,native,5.5,species,cover,167,plot:167:18:1,,,2009,TRUE,TRUE,ready_for_build
988,GAZP_10,GAZP,10_2,2009,68,18,1,Tri_bif,native,0.75,species,cover,167,plot:167:18:1,,,2009,TRUE,TRUE,ready_for_build
989,GAZP_10,GAZP,10_2,2009,68,18,1,Tri_wil,native,7.25,species,cover,167,plot:167:18:1,,,2009,TRUE,TRUE,ready_for_build
990,GAZP_10,GAZP,10_2,2009,68,18,2,Cal_cil,native,19.875,species,cover,167,plot:167:18:2,,,2009,TRUE,TRUE,ready_for_build
991,GAZP_10,GAZP,10_2,2009,68,18,2,Ely_gla,native,2.25,species,cover,167,plot:167:18:2,,,2009,TRUE,TRUE,ready_for_build
992,GAZP_10,GAZP,10_2,2009,68,18,2,Gri_hir,native,71.875,species,cover,167,plot:167:18:2,,,2009,TRUE,TRUE,ready_for_build
993,GAZP_10,GAZP,10_2,2009,68,18,2,Ley_tri,native,1.125,species,cover,167,plot:167:18:2,,,2009,TRUE,TRUE,ready_for_build
994,GAZP_10,GAZP,10_2,2009,68,18,2,Mel_cal,native,0,species,cover,167,plot:167:18:2,,,2009,TRUE,TRUE,ready_for_build
995,GAZP_10,GAZP,10_2,2009,68,18,2,Nas_pul,native,20.25,species,cover,167,plot:167:18:2,,,2009,TRUE,TRUE,ready_for_build
996,GAZP_10,GAZP,10_2,2009,68,18,2,Tri_bif,native,1.125,species,cover,167,plot:167:18:2,,,2009,TRUE,TRUE,ready_for_build
997,GAZP_10,GAZP,10_2,2009,68,18,2,Tri_wil,native,1.875,species,cover,167,plot:167:18:2,,,2009,TRUE,TRUE,ready_for_build
998,GAZP_10,GAZP,10_2,2009,68,18,,Cal_cil,native,16.875,species,cover,167,block:167:18,,,2009,TRUE,TRUE,ready_for_build
999,GAZP_10,GAZP,10_2,2009,68,18,,Ely_gla,native,3.875,species,cover,167,block:167:18,,,2009,TRUE,TRUE,ready_for_build
1000,GAZP_10,GAZP,10_2,2009,68,18,,Gri_hir,native,75,species,cover,167,block:167:18,,,2009,TRUE,TRUE,ready_for_build
1001,GAZP_10,GAZP,10_2,2009,68,18,,Ley_tri,native,2.75,species,cover,167,block:167:18,,,2009,TRUE,TRUE,ready_for_build
1002,GAZP_10,GAZP,10_2,2009,68,18,,Mel_cal,native,0,species,cover,167,block:167:18,,,2009,TRUE,TRUE,ready_for_build
1003,GAZP_10,GAZP,10_2,2009,68,18,,Nas_pul,native,11.875,species,cover,167,block:167:18,,,2009,TRUE,TRUE,ready_for_build
1004,GAZP_10,GAZP,10_2,2009,68,18,,Tri_bif,native,1.5,species,cover,167,block:167:18,,,2009,TRUE,TRUE,ready_for_build
1005,GAZP_10,GAZP,10_2,2009,68,18,,Tri_wil,native,2,species,cover,167,block:167:18,,,2009,TRUE,TRUE,ready_for_build
1006,GAZP_10,GAZP,10_2,2009,68,19,1,Cal_cil,native,15.875,species,cover,167,plot:167:19:1,,,2009,TRUE,TRUE,ready_for_build
1007,GAZP_10,GAZP,10_2,2009,68,19,1,Ely_gla,native,0,species,cover,167,plot:167:19:1,,,2009,TRUE,TRUE,ready_for_build
1008,GAZP_10,GAZP,10_2,2009,68,19,1,Gri_hir,native,66.875,species,cover,167,plot:167:19:1,,,2009,TRUE,TRUE,ready_for_build
1009,GAZP_10,GAZP,10_2,2009,68,19,1,Ley_tri,native,0,species,cover,167,plot:167:19:1,,,2009,TRUE,TRUE,ready_for_build
1010,GAZP_10,GAZP,10_2,2009,68,19,1,Mel_cal,native,0,species,cover,167,plot:167:19:1,,,2009,TRUE,TRUE,ready_for_build
1011,GAZP_10,GAZP,10_2,2009,68,19,1,Nas_pul,native,14.125,species,cover,167,plot:167:19:1,,,2009,TRUE,TRUE,ready_for_build
1012,GAZP_10,GAZP,10_2,2009,68,19,1,Tri_bif,native,1.375,species,cover,167,plot:167:19:1,,,2009,TRUE,TRUE,ready_for_build
1013,GAZP_10,GAZP,10_2,2009,68,19,1,Tri_wil,native,3.625,species,cover,167,plot:167:19:1,,,2009,TRUE,TRUE,ready_for_build
1014,GAZP_10,GAZP,10_2,2009,68,19,2,Cal_cil,native,4.25,species,cover,167,plot:167:19:2,,,2009,TRUE,TRUE,ready_for_build
1015,GAZP_10,GAZP,10_2,2009,68,19,2,Ely_gla,native,1,species,cover,167,plot:167:19:2,,,2009,TRUE,TRUE,ready_for_build
1016,GAZP_10,GAZP,10_2,2009,68,19,2,Gri_hir,native,86,species,cover,167,plot:167:19:2,,,2009,TRUE,TRUE,ready_for_build
1017,GAZP_10,GAZP,10_2,2009,68,19,2,Ley_tri,native,0.75,species,cover,167,plot:167:19:2,,,2009,TRUE,TRUE,ready_for_build
1018,GAZP_10,GAZP,10_2,2009,68,19,2,Mel_cal,native,0.25,species,cover,167,plot:167:19:2,,,2009,TRUE,TRUE,ready_for_build
1019,GAZP_10,GAZP,10_2,2009,68,19,2,Nas_pul,native,19.625,species,cover,167,plot:167:19:2,,,2009,TRUE,TRUE,ready_for_build
1020,GAZP_10,GAZP,10_2,2009,68,19,2,Tri_bif,native,1.125,species,cover,167,plot:167:19:2,,,2009,TRUE,TRUE,ready_for_build
1021,GAZP_10,GAZP,10_2,2009,68,19,2,Tri_wil,native,1.375,species,cover,167,plot:167:19:2,,,2009,TRUE,TRUE,ready_for_build
1022,GAZP_10,GAZP,10_2,2009,68,19,,Cal_cil,native,10,species,cover,167,block:167:19,,,2009,TRUE,TRUE,ready_for_build
1023,GAZP_10,GAZP,10_2,2009,68,19,,Ely_gla,native,2.625,species,cover,167,block:167:19,,,2009,TRUE,TRUE,ready_for_build
1024,GAZP_10,GAZP,10_2,2009,68,19,,Gri_hir,native,81.25,species,cover,167,block:167:19,,,2009,TRUE,TRUE,ready_for_build
1025,GAZP_10,GAZP,10_2,2009,68,19,,Ley_tri,native,1.625,species,cover,167,block:167:19,,,2009,TRUE,TRUE,ready_for_build
1026,GAZP_10,GAZP,10_2,2009,68,19,,Mel_cal,native,0.25,species,cover,167,block:167:19,,,2009,TRUE,TRUE,ready_for_build
1027,GAZP_10,GAZP,10_2,2009,68,19,,Nas_pul,native,14.125,species,cover,167,block:167:19,,,2009,TRUE,TRUE,ready_for_build
1028,GAZP_10,GAZP,10_2,2009,68,19,,Tri_bif,native,2,species,cover,167,block:167:19,,,2009,TRUE,TRUE,ready_for_build
1029,GAZP_10,GAZP,10_2,2009,68,19,,Tri_wil,native,1.5,species,cover,167,block:167:19,,,2009,TRUE,TRUE,ready_for_build
1030,GAZP_10,GAZP,10_2,2009,68,20,1,Cal_cil,native,4.75,species,cover,167,plot:167:20:1,,,2009,TRUE,TRUE,ready_for_build
1031,GAZP_10,GAZP,10_2,2009,68,20,1,Ely_gla,native,2.5,species,cover,167,plot:167:20:1,,,2009,TRUE,TRUE,ready_for_build
1032,GAZP_10,GAZP,10_2,2009,68,20,1,Gri_hir,native,28,species,cover,167,plot:167:20:1,,,2009,TRUE,TRUE,ready_for_build
1033,GAZP_10,GAZP,10_2,2009,68,20,1,Ley_tri,native,0.25,species,cover,167,plot:167:20:1,,,2009,TRUE,TRUE,ready_for_build
1034,GAZP_10,GAZP,10_2,2009,68,20,1,Mel_cal,native,0,species,cover,167,plot:167:20:1,,,2009,TRUE,TRUE,ready_for_build
1035,GAZP_10,GAZP,10_2,2009,68,20,1,Nas_pul,native,13.75,species,cover,167,plot:167:20:1,,,2009,TRUE,TRUE,ready_for_build
1036,GAZP_10,GAZP,10_2,2009,68,20,1,Tri_bif,native,0.75,species,cover,167,plot:167:20:1,,,2009,TRUE,TRUE,ready_for_build
1037,GAZP_10,GAZP,10_2,2009,68,20,1,Tri_wil,native,1.625,species,cover,167,plot:167:20:1,,,2009,TRUE,TRUE,ready_for_build
1038,GAZP_10,GAZP,10_2,2009,68,20,2,Cal_cil,native,12.5,species,cover,167,plot:167:20:2,,,2009,TRUE,TRUE,ready_for_build
1039,GAZP_10,GAZP,10_2,2009,68,20,2,Ely_gla,native,5,species,cover,167,plot:167:20:2,,,2009,TRUE,TRUE,ready_for_build
1040,GAZP_10,GAZP,10_2,2009,68,20,2,Gri_hir,native,48.25,species,cover,167,plot:167:20:2,,,2009,TRUE,TRUE,ready_for_build
1041,GAZP_10,GAZP,10_2,2009,68,20,2,Ley_tri,native,1.125,species,cover,167,plot:167:20:2,,,2009,TRUE,TRUE,ready_for_build
1042,GAZP_10,GAZP,10_2,2009,68,20,2,Mel_cal,native,0,species,cover,167,plot:167:20:2,,,2009,TRUE,TRUE,ready_for_build
1043,GAZP_10,GAZP,10_2,2009,68,20,2,Nas_pul,native,23.75,species,cover,167,plot:167:20:2,,,2009,TRUE,TRUE,ready_for_build
1044,GAZP_10,GAZP,10_2,2009,68,20,2,Tri_bif,native,0.375,species,cover,167,plot:167:20:2,,,2009,TRUE,TRUE,ready_for_build
1045,GAZP_10,GAZP,10_2,2009,68,20,2,Tri_wil,native,1.875,species,cover,167,plot:167:20:2,,,2009,TRUE,TRUE,ready_for_build
1046,GAZP_10,GAZP,10_2,2009,68,20,,Cal_cil,native,16.375,species,cover,167,block:167:20,,,2009,TRUE,TRUE,ready_for_build
1047,GAZP_10,GAZP,10_2,2009,68,20,,Ely_gla,native,9.125,species,cover,167,block:167:20,,,2009,TRUE,TRUE,ready_for_build
1048,GAZP_10,GAZP,10_2,2009,68,20,,Gri_hir,native,52.5,species,cover,167,block:167:20,,,2009,TRUE,TRUE,ready_for_build
1049,GAZP_10,GAZP,10_2,2009,68,20,,Ley_tri,native,3.375,species,cover,167,block:167:20,,,2009,TRUE,TRUE,ready_for_build
1050,GAZP_10,GAZP,10_2,2009,68,20,,Mel_cal,native,0.25,species,cover,167,block:167:20,,,2009,TRUE,TRUE,ready_for_build
1051,GAZP_10,GAZP,10_2,2009,68,20,,Nas_pul,native,19.125,species,cover,167,block:167:20,,,2009,TRUE,TRUE,ready_for_build
1052,GAZP_10,GAZP,10_2,2009,68,20,,Tri_bif,native,0.75,species,cover,167,block:167:20,,,2009,TRUE,TRUE,ready_for_build
1053,GAZP_10,GAZP,10_2,2009,68,20,,Tri_wil,native,0.875,species,cover,167,block:167:20,,,2009,TRUE,TRUE,ready_for_build
1054,GAZP_10,GAZP,10_2,2009,68,22,1,Cal_cil,native,25.625,species,cover,167,plot:167:22:1,,,2009,TRUE,TRUE,ready_for_build
1055,GAZP_10,GAZP,10_2,2009,68,22,1,Ely_gla,native,6.25,species,cover,167,plot:167:22:1,,,2009,TRUE,TRUE,ready_for_build
1056,GAZP_10,GAZP,10_2,2009,68,22,1,Gri_hir,native,37.5,species,cover,167,plot:167:22:1,,,2009,TRUE,TRUE,ready_for_build
1057,GAZP_10,GAZP,10_2,2009,68,22,1,Ley_tri,native,1.25,species,cover,167,plot:167:22:1,,,2009,TRUE,TRUE,ready_for_build
1058,GAZP_10,GAZP,10_2,2009,68,22,1,Mel_cal,native,0,species,cover,167,plot:167:22:1,,,2009,TRUE,TRUE,ready_for_build
1059,GAZP_10,GAZP,10_2,2009,68,22,1,Nas_pul,native,10.625,species,cover,167,plot:167:22:1,,,2009,TRUE,TRUE,ready_for_build
1060,GAZP_10,GAZP,10_2,2009,68,22,1,Tri_bif,native,0,species,cover,167,plot:167:22:1,,,2009,TRUE,TRUE,ready_for_build
1061,GAZP_10,GAZP,10_2,2009,68,22,1,Tri_wil,native,0,species,cover,167,plot:167:22:1,,,2009,TRUE,TRUE,ready_for_build
1062,GAZP_10,GAZP,10_2,2009,68,22,2,Cal_cil,native,33.125,species,cover,167,plot:167:22:2,,,2009,TRUE,TRUE,ready_for_build
1063,GAZP_10,GAZP,10_2,2009,68,22,2,Ely_gla,native,4.5,species,cover,167,plot:167:22:2,,,2009,TRUE,TRUE,ready_for_build
1064,GAZP_10,GAZP,10_2,2009,68,22,2,Gri_hir,native,51.25,species,cover,167,plot:167:22:2,,,2009,TRUE,TRUE,ready_for_build
1065,GAZP_10,GAZP,10_2,2009,68,22,2,Ley_tri,native,1.5,species,cover,167,plot:167:22:2,,,2009,TRUE,TRUE,ready_for_build
1066,GAZP_10,GAZP,10_2,2009,68,22,2,Mel_cal,native,0,species,cover,167,plot:167:22:2,,,2009,TRUE,TRUE,ready_for_build
1067,GAZP_10,GAZP,10_2,2009,68,22,2,Nas_pul,native,27,species,cover,167,plot:167:22:2,,,2009,TRUE,TRUE,ready_for_build
1068,GAZP_10,GAZP,10_2,2009,68,22,2,Tri_bif,native,0,species,cover,167,plot:167:22:2,,,2009,TRUE,TRUE,ready_for_build
1069,GAZP_10,GAZP,10_2,2009,68,22,2,Tri_wil,native,0.125,species,cover,167,plot:167:22:2,,,2009,TRUE,TRUE,ready_for_build
1070,GAZP_10,GAZP,10_2,2009,68,22,,Cal_cil,native,35,species,cover,167,block:167:22,,,2009,TRUE,TRUE,ready_for_build
1071,GAZP_10,GAZP,10_2,2009,68,22,,Ely_gla,native,5.5,species,cover,167,block:167:22,,,2009,TRUE,TRUE,ready_for_build
1072,GAZP_10,GAZP,10_2,2009,68,22,,Gri_hir,native,37.25,species,cover,167,block:167:22,,,2009,TRUE,TRUE,ready_for_build
1073,GAZP_10,GAZP,10_2,2009,68,22,,Ley_tri,native,2.125,species,cover,167,block:167:22,,,2009,TRUE,TRUE,ready_for_build
1074,GAZP_10,GAZP,10_2,2009,68,22,,Mel_cal,native,0.25,species,cover,167,block:167:22,,,2009,TRUE,TRUE,ready_for_build
1075,GAZP_10,GAZP,10_2,2009,68,22,,Nas_pul,native,16.625,species,cover,167,block:167:22,,,2009,TRUE,TRUE,ready_for_build
1076,GAZP_10,GAZP,10_2,2009,68,22,,Tri_bif,native,0,species,cover,167,block:167:22,,,2009,TRUE,TRUE,ready_for_build
1077,GAZP_10,GAZP,10_2,2009,68,22,,Tri_wil,native,0,species,cover,167,block:167:22,,,2009,TRUE,TRUE,ready_for_build
1078,GAZP_10,GAZP,10_2,2009,68,23,1,Cal_cil,native,70,species,cover,167,plot:167:23:1,,,2009,TRUE,TRUE,ready_for_build
1079,GAZP_10,GAZP,10_2,2009,68,23,1,Ely_gla,native,1.25,species,cover,167,plot:167:23:1,,,2009,TRUE,TRUE,ready_for_build
1080,GAZP_10,GAZP,10_2,2009,68,23,1,Gri_hir,native,29,species,cover,167,plot:167:23:1,,,2009,TRUE,TRUE,ready_for_build
1081,GAZP_10,GAZP,10_2,2009,68,23,1,Ley_tri,native,0,species,cover,167,plot:167:23:1,,,2009,TRUE,TRUE,ready_for_build
1082,GAZP_10,GAZP,10_2,2009,68,23,1,Mel_cal,native,0,species,cover,167,plot:167:23:1,,,2009,TRUE,TRUE,ready_for_build
1083,GAZP_10,GAZP,10_2,2009,68,23,1,Nas_pul,native,4,species,cover,167,plot:167:23:1,,,2009,TRUE,TRUE,ready_for_build
1084,GAZP_10,GAZP,10_2,2009,68,23,1,Tri_bif,native,0.75,species,cover,167,plot:167:23:1,,,2009,TRUE,TRUE,ready_for_build
1085,GAZP_10,GAZP,10_2,2009,68,23,1,Tri_wil,native,7.125,species,cover,167,plot:167:23:1,,,2009,TRUE,TRUE,ready_for_build
1086,GAZP_10,GAZP,10_2,2009,68,23,2,Cal_cil,native,29.375,species,cover,167,plot:167:23:2,,,2009,TRUE,TRUE,ready_for_build
1087,GAZP_10,GAZP,10_2,2009,68,23,2,Ely_gla,native,2.25,species,cover,167,plot:167:23:2,,,2009,TRUE,TRUE,ready_for_build
1088,GAZP_10,GAZP,10_2,2009,68,23,2,Gri_hir,native,29.375,species,cover,167,plot:167:23:2,,,2009,TRUE,TRUE,ready_for_build
1089,GAZP_10,GAZP,10_2,2009,68,23,2,Ley_tri,native,3.375,species,cover,167,plot:167:23:2,,,2009,TRUE,TRUE,ready_for_build
1090,GAZP_10,GAZP,10_2,2009,68,23,2,Mel_cal,native,0.25,species,cover,167,plot:167:23:2,,,2009,TRUE,TRUE,ready_for_build
1091,GAZP_10,GAZP,10_2,2009,68,23,2,Nas_pul,native,11.875,species,cover,167,plot:167:23:2,,,2009,TRUE,TRUE,ready_for_build
1092,GAZP_10,GAZP,10_2,2009,68,23,2,Tri_bif,native,1.25,species,cover,167,plot:167:23:2,,,2009,TRUE,TRUE,ready_for_build
1093,GAZP_10,GAZP,10_2,2009,68,23,2,Tri_wil,native,3.625,species,cover,167,plot:167:23:2,,,2009,TRUE,TRUE,ready_for_build
1094,GAZP_10,GAZP,10_2,2009,68,23,,Cal_cil,native,43.75,species,cover,167,block:167:23,,,2009,TRUE,TRUE,ready_for_build
1095,GAZP_10,GAZP,10_2,2009,68,23,,Ely_gla,native,3.25,species,cover,167,block:167:23,,,2009,TRUE,TRUE,ready_for_build
1096,GAZP_10,GAZP,10_2,2009,68,23,,Gri_hir,native,31,species,cover,167,block:167:23,,,2009,TRUE,TRUE,ready_for_build
1097,GAZP_10,GAZP,10_2,2009,68,23,,Ley_tri,native,2,species,cover,167,block:167:23,,,2009,TRUE,TRUE,ready_for_build
1098,GAZP_10,GAZP,10_2,2009,68,23,,Mel_cal,native,0.25,species,cover,167,block:167:23,,,2009,TRUE,TRUE,ready_for_build
1099,GAZP_10,GAZP,10_2,2009,68,23,,Nas_pul,native,8.75,species,cover,167,block:167:23,,,2009,TRUE,TRUE,ready_for_build
1100,GAZP_10,GAZP,10_2,2009,68,23,,Tri_bif,native,1.5,species,cover,167,block:167:23,,,2009,TRUE,TRUE,ready_for_build
1101,GAZP_10,GAZP,10_2,2009,68,23,,Tri_wil,native,1.375,species,cover,167,block:167:23,,,2009,TRUE,TRUE,ready_for_build
1102,GAZP_10,GAZP,10_2,2009,68,25,1,Cal_cil,native,33.125,species,cover,167,plot:167:25:1,,,2009,TRUE,TRUE,ready_for_build
1103,GAZP_10,GAZP,10_2,2009,68,25,1,Ely_gla,native,1.25,species,cover,167,plot:167:25:1,,,2009,TRUE,TRUE,ready_for_build
1104,GAZP_10,GAZP,10_2,2009,68,25,1,Gri_hir,native,22.375,species,cover,167,plot:167:25:1,,,2009,TRUE,TRUE,ready_for_build
1105,GAZP_10,GAZP,10_2,2009,68,25,1,Ley_tri,native,0.875,species,cover,167,plot:167:25:1,,,2009,TRUE,TRUE,ready_for_build
1106,GAZP_10,GAZP,10_2,2009,68,25,1,Mel_cal,native,0,species,cover,167,plot:167:25:1,,,2009,TRUE,TRUE,ready_for_build
1107,GAZP_10,GAZP,10_2,2009,68,25,1,Nas_pul,native,33.75,species,cover,167,plot:167:25:1,,,2009,TRUE,TRUE,ready_for_build
1108,GAZP_10,GAZP,10_2,2009,68,25,1,Tri_bif,native,2.75,species,cover,167,plot:167:25:1,,,2009,TRUE,TRUE,ready_for_build
1109,GAZP_10,GAZP,10_2,2009,68,25,1,Tri_wil,native,0.375,species,cover,167,plot:167:25:1,,,2009,TRUE,TRUE,ready_for_build
1110,GAZP_10,GAZP,10_2,2009,68,25,2,Cal_cil,native,31.75,species,cover,167,plot:167:25:2,,,2009,TRUE,TRUE,ready_for_build
1111,GAZP_10,GAZP,10_2,2009,68,25,2,Ely_gla,native,3.75,species,cover,167,plot:167:25:2,,,2009,TRUE,TRUE,ready_for_build
1112,GAZP_10,GAZP,10_2,2009,68,25,2,Gri_hir,native,43.75,species,cover,167,plot:167:25:2,,,2009,TRUE,TRUE,ready_for_build
1113,GAZP_10,GAZP,10_2,2009,68,25,2,Ley_tri,native,2.5,species,cover,167,plot:167:25:2,,,2009,TRUE,TRUE,ready_for_build
1114,GAZP_10,GAZP,10_2,2009,68,25,2,Mel_cal,native,0,species,cover,167,plot:167:25:2,,,2009,TRUE,TRUE,ready_for_build
1115,GAZP_10,GAZP,10_2,2009,68,25,2,Nas_pul,native,16.625,species,cover,167,plot:167:25:2,,,2009,TRUE,TRUE,ready_for_build
1116,GAZP_10,GAZP,10_2,2009,68,25,2,Tri_bif,native,0.25,species,cover,167,plot:167:25:2,,,2009,TRUE,TRUE,ready_for_build
1117,GAZP_10,GAZP,10_2,2009,68,25,2,Tri_wil,native,3.875,species,cover,167,plot:167:25:2,,,2009,TRUE,TRUE,ready_for_build
1118,GAZP_10,GAZP,10_2,2009,68,25,,Cal_cil,native,38.875,species,cover,167,block:167:25,,,2009,TRUE,TRUE,ready_for_build
1119,GAZP_10,GAZP,10_2,2009,68,25,,Ely_gla,native,5.5,species,cover,167,block:167:25,,,2009,TRUE,TRUE,ready_for_build
1120,GAZP_10,GAZP,10_2,2009,68,25,,Gri_hir,native,29.625,species,cover,167,block:167:25,,,2009,TRUE,TRUE,ready_for_build
1121,GAZP_10,GAZP,10_2,2009,68,25,,Ley_tri,native,3.25,species,cover,167,block:167:25,,,2009,TRUE,TRUE,ready_for_build
1122,GAZP_10,GAZP,10_2,2009,68,25,,Mel_cal,native,0,species,cover,167,block:167:25,,,2009,TRUE,TRUE,ready_for_build
1123,GAZP_10,GAZP,10_2,2009,68,25,,Nas_pul,native,16.25,species,cover,167,block:167:25,,,2009,TRUE,TRUE,ready_for_build
1124,GAZP_10,GAZP,10_2,2009,68,25,,Tri_bif,native,2.375,species,cover,167,block:167:25,,,2009,TRUE,TRUE,ready_for_build
1125,GAZP_10,GAZP,10_2,2009,68,25,,Tri_wil,native,1.625,species,cover,167,block:167:25,,,2009,TRUE,TRUE,ready_for_build
1126,GAZP_10,GAZP,10_1,2010,120,1,1,Cal_cil,native,0,species,cover,167,plot:167:1:1,,,2010,TRUE,TRUE,ready_for_build
1127,GAZP_10,GAZP,10_1,2010,120,1,1,Ely_gla,native,24.125,species,cover,167,plot:167:1:1,,,2010,TRUE,TRUE,ready_for_build
1128,GAZP_10,GAZP,10_1,2010,120,1,1,Gri_hir,native,23.375,species,cover,167,plot:167:1:1,,,2010,TRUE,TRUE,ready_for_build
1129,GAZP_10,GAZP,10_1,2010,120,1,1,Ley_tri,native,16.25,species,cover,167,plot:167:1:1,,,2010,TRUE,TRUE,ready_for_build
1130,GAZP_10,GAZP,10_1,2010,120,1,1,Mel_cal,native,0,species,cover,167,plot:167:1:1,,,2010,TRUE,TRUE,ready_for_build
1131,GAZP_10,GAZP,10_1,2010,120,1,1,Nas_pul,native,28.375,species,cover,167,plot:167:1:1,,,2010,TRUE,TRUE,ready_for_build
1132,GAZP_10,GAZP,10_1,2010,120,1,1,Tri_bif,native,0.125,species,cover,167,plot:167:1:1,,,2010,TRUE,TRUE,ready_for_build
1133,GAZP_10,GAZP,10_1,2010,120,1,1,Tri_wil,native,0,species,cover,167,plot:167:1:1,,,2010,TRUE,TRUE,ready_for_build
1134,GAZP_10,GAZP,10_1,2010,120,1,2,Cal_cil,native,0.125,species,cover,167,plot:167:1:2,,,2010,TRUE,TRUE,ready_for_build
1135,GAZP_10,GAZP,10_1,2010,120,1,2,Ely_gla,native,16.875,species,cover,167,plot:167:1:2,,,2010,TRUE,TRUE,ready_for_build
1136,GAZP_10,GAZP,10_1,2010,120,1,2,Gri_hir,native,47.25,species,cover,167,plot:167:1:2,,,2010,TRUE,TRUE,ready_for_build
1137,GAZP_10,GAZP,10_1,2010,120,1,2,Ley_tri,native,12.125,species,cover,167,plot:167:1:2,,,2010,TRUE,TRUE,ready_for_build
1138,GAZP_10,GAZP,10_1,2010,120,1,2,Mel_cal,native,1.875,species,cover,167,plot:167:1:2,,,2010,TRUE,TRUE,ready_for_build
1139,GAZP_10,GAZP,10_1,2010,120,1,2,Nas_pul,native,14.375,species,cover,167,plot:167:1:2,,,2010,TRUE,TRUE,ready_for_build
1140,GAZP_10,GAZP,10_1,2010,120,1,2,Tri_bif,native,0,species,cover,167,plot:167:1:2,,,2010,TRUE,TRUE,ready_for_build
1141,GAZP_10,GAZP,10_1,2010,120,1,2,Tri_wil,native,0.625,species,cover,167,plot:167:1:2,,,2010,TRUE,TRUE,ready_for_build
1142,GAZP_10,GAZP,10_1,2010,120,1,,Cal_cil,native,0.625,species,cover,167,block:167:1,,,2010,TRUE,TRUE,ready_for_build
1143,GAZP_10,GAZP,10_1,2010,120,1,,Ely_gla,native,18.875,species,cover,167,block:167:1,,,2010,TRUE,TRUE,ready_for_build
1144,GAZP_10,GAZP,10_1,2010,120,1,,Gri_hir,native,50.125,species,cover,167,block:167:1,,,2010,TRUE,TRUE,ready_for_build
1145,GAZP_10,GAZP,10_1,2010,120,1,,Ley_tri,native,15.625,species,cover,167,block:167:1,,,2010,TRUE,TRUE,ready_for_build
1146,GAZP_10,GAZP,10_1,2010,120,1,,Mel_cal,native,1.875,species,cover,167,block:167:1,,,2010,TRUE,TRUE,ready_for_build
1147,GAZP_10,GAZP,10_1,2010,120,1,,Nas_pul,native,19.125,species,cover,167,block:167:1,,,2010,TRUE,TRUE,ready_for_build
1148,GAZP_10,GAZP,10_1,2010,120,1,,Tri_bif,native,0.125,species,cover,167,block:167:1,,,2010,TRUE,TRUE,ready_for_build
1149,GAZP_10,GAZP,10_1,2010,120,1,,Tri_wil,native,0.625,species,cover,167,block:167:1,,,2010,TRUE,TRUE,ready_for_build
1150,GAZP_10,GAZP,10_1,2010,120,2,1,Cal_cil,native,0,species,cover,167,plot:167:2:1,,,2010,TRUE,TRUE,ready_for_build
1151,GAZP_10,GAZP,10_1,2010,120,2,1,Ely_gla,native,7,species,cover,167,plot:167:2:1,,,2010,TRUE,TRUE,ready_for_build
1152,GAZP_10,GAZP,10_1,2010,120,2,1,Gri_hir,native,91.25,species,cover,167,plot:167:2:1,,,2010,TRUE,TRUE,ready_for_build
1153,GAZP_10,GAZP,10_1,2010,120,2,1,Ley_tri,native,2.375,species,cover,167,plot:167:2:1,,,2010,TRUE,TRUE,ready_for_build
1154,GAZP_10,GAZP,10_1,2010,120,2,1,Mel_cal,native,0,species,cover,167,plot:167:2:1,,,2010,TRUE,TRUE,ready_for_build
1155,GAZP_10,GAZP,10_1,2010,120,2,1,Nas_pul,native,6.875,species,cover,167,plot:167:2:1,,,2010,TRUE,TRUE,ready_for_build
1156,GAZP_10,GAZP,10_1,2010,120,2,1,Tri_bif,native,0,species,cover,167,plot:167:2:1,,,2010,TRUE,TRUE,ready_for_build
1157,GAZP_10,GAZP,10_1,2010,120,2,1,Tri_wil,native,0,species,cover,167,plot:167:2:1,,,2010,TRUE,TRUE,ready_for_build
1158,GAZP_10,GAZP,10_1,2010,120,2,2,Cal_cil,native,0.125,species,cover,167,plot:167:2:2,,,2010,TRUE,TRUE,ready_for_build
1159,GAZP_10,GAZP,10_1,2010,120,2,2,Ely_gla,native,5.125,species,cover,167,plot:167:2:2,,,2010,TRUE,TRUE,ready_for_build
1160,GAZP_10,GAZP,10_1,2010,120,2,2,Gri_hir,native,72.5,species,cover,167,plot:167:2:2,,,2010,TRUE,TRUE,ready_for_build
1161,GAZP_10,GAZP,10_1,2010,120,2,2,Ley_tri,native,3.75,species,cover,167,plot:167:2:2,,,2010,TRUE,TRUE,ready_for_build
1162,GAZP_10,GAZP,10_1,2010,120,2,2,Mel_cal,native,3.75,species,cover,167,plot:167:2:2,,,2010,TRUE,TRUE,ready_for_build
1163,GAZP_10,GAZP,10_1,2010,120,2,2,Nas_pul,native,17.5,species,cover,167,plot:167:2:2,,,2010,TRUE,TRUE,ready_for_build
1164,GAZP_10,GAZP,10_1,2010,120,2,2,Tri_bif,native,0,species,cover,167,plot:167:2:2,,,2010,TRUE,TRUE,ready_for_build
1165,GAZP_10,GAZP,10_1,2010,120,2,2,Tri_wil,native,0,species,cover,167,plot:167:2:2,,,2010,TRUE,TRUE,ready_for_build
1166,GAZP_10,GAZP,10_1,2010,120,2,,Cal_cil,native,0.875,species,cover,167,block:167:2,,,2010,TRUE,TRUE,ready_for_build
1167,GAZP_10,GAZP,10_1,2010,120,2,,Ely_gla,native,5.5,species,cover,167,block:167:2,,,2010,TRUE,TRUE,ready_for_build
1168,GAZP_10,GAZP,10_1,2010,120,2,,Gri_hir,native,81.25,species,cover,167,block:167:2,,,2010,TRUE,TRUE,ready_for_build
1169,GAZP_10,GAZP,10_1,2010,120,2,,Ley_tri,native,10.375,species,cover,167,block:167:2,,,2010,TRUE,TRUE,ready_for_build
1170,GAZP_10,GAZP,10_1,2010,120,2,,Mel_cal,native,3.875,species,cover,167,block:167:2,,,2010,TRUE,TRUE,ready_for_build
1171,GAZP_10,GAZP,10_1,2010,120,2,,Nas_pul,native,17.25,species,cover,167,block:167:2,,,2010,TRUE,TRUE,ready_for_build
1172,GAZP_10,GAZP,10_1,2010,120,2,,Tri_bif,native,0,species,cover,167,block:167:2,,,2010,TRUE,TRUE,ready_for_build
1173,GAZP_10,GAZP,10_1,2010,120,2,,Tri_wil,native,0,species,cover,167,block:167:2,,,2010,TRUE,TRUE,ready_for_build
1174,GAZP_10,GAZP,10_1,2010,120,4,1,Cal_cil,native,0,species,cover,167,plot:167:4:1,,,2010,TRUE,TRUE,ready_for_build
1175,GAZP_10,GAZP,10_1,2010,120,4,1,Ely_gla,native,1.25,species,cover,167,plot:167:4:1,,,2010,TRUE,TRUE,ready_for_build
1176,GAZP_10,GAZP,10_1,2010,120,4,1,Gri_hir,native,63.125,species,cover,167,plot:167:4:1,,,2010,TRUE,TRUE,ready_for_build
1177,GAZP_10,GAZP,10_1,2010,120,4,1,Ley_tri,native,0.375,species,cover,167,plot:167:4:1,,,2010,TRUE,TRUE,ready_for_build
1178,GAZP_10,GAZP,10_1,2010,120,4,1,Mel_cal,native,0.375,species,cover,167,plot:167:4:1,,,2010,TRUE,TRUE,ready_for_build
1179,GAZP_10,GAZP,10_1,2010,120,4,1,Nas_pul,native,21.75,species,cover,167,plot:167:4:1,,,2010,TRUE,TRUE,ready_for_build
1180,GAZP_10,GAZP,10_1,2010,120,4,1,Tri_bif,native,0,species,cover,167,plot:167:4:1,,,2010,TRUE,TRUE,ready_for_build
1181,GAZP_10,GAZP,10_1,2010,120,4,1,Tri_wil,native,0,species,cover,167,plot:167:4:1,,,2010,TRUE,TRUE,ready_for_build
1182,GAZP_10,GAZP,10_1,2010,120,4,2,Cal_cil,native,0,species,cover,167,plot:167:4:2,,,2010,TRUE,TRUE,ready_for_build
1183,GAZP_10,GAZP,10_1,2010,120,4,2,Ely_gla,native,2.5,species,cover,167,plot:167:4:2,,,2010,TRUE,TRUE,ready_for_build
1184,GAZP_10,GAZP,10_1,2010,120,4,2,Gri_hir,native,57.625,species,cover,167,plot:167:4:2,,,2010,TRUE,TRUE,ready_for_build
1185,GAZP_10,GAZP,10_1,2010,120,4,2,Ley_tri,native,1.25,species,cover,167,plot:167:4:2,,,2010,TRUE,TRUE,ready_for_build
1186,GAZP_10,GAZP,10_1,2010,120,4,2,Mel_cal,native,1.5,species,cover,167,plot:167:4:2,,,2010,TRUE,TRUE,ready_for_build
1187,GAZP_10,GAZP,10_1,2010,120,4,2,Nas_pul,native,14.125,species,cover,167,plot:167:4:2,,,2010,TRUE,TRUE,ready_for_build
1188,GAZP_10,GAZP,10_1,2010,120,4,2,Tri_bif,native,0,species,cover,167,plot:167:4:2,,,2010,TRUE,TRUE,ready_for_build
1189,GAZP_10,GAZP,10_1,2010,120,4,2,Tri_wil,native,0,species,cover,167,plot:167:4:2,,,2010,TRUE,TRUE,ready_for_build
1190,GAZP_10,GAZP,10_1,2010,120,4,,Cal_cil,native,0.25,species,cover,167,block:167:4,,,2010,TRUE,TRUE,ready_for_build
1191,GAZP_10,GAZP,10_1,2010,120,4,,Ely_gla,native,4.875,species,cover,167,block:167:4,,,2010,TRUE,TRUE,ready_for_build
1192,GAZP_10,GAZP,10_1,2010,120,4,,Gri_hir,native,65,species,cover,167,block:167:4,,,2010,TRUE,TRUE,ready_for_build
1193,GAZP_10,GAZP,10_1,2010,120,4,,Ley_tri,native,1.875,species,cover,167,block:167:4,,,2010,TRUE,TRUE,ready_for_build
1194,GAZP_10,GAZP,10_1,2010,120,4,,Mel_cal,native,1.625,species,cover,167,block:167:4,,,2010,TRUE,TRUE,ready_for_build
1195,GAZP_10,GAZP,10_1,2010,120,4,,Nas_pul,native,16.375,species,cover,167,block:167:4,,,2010,TRUE,TRUE,ready_for_build
1196,GAZP_10,GAZP,10_1,2010,120,4,,Tri_bif,native,0,species,cover,167,block:167:4,,,2010,TRUE,TRUE,ready_for_build
1197,GAZP_10,GAZP,10_1,2010,120,4,,Tri_wil,native,0,species,cover,167,block:167:4,,,2010,TRUE,TRUE,ready_for_build
1198,GAZP_10,GAZP,10_1,2010,120,5,1,Cal_cil,native,0,species,cover,167,plot:167:5:1,,,2010,TRUE,TRUE,ready_for_build
1199,GAZP_10,GAZP,10_1,2010,120,5,1,Ely_gla,native,2.75,species,cover,167,plot:167:5:1,,,2010,TRUE,TRUE,ready_for_build
1200,GAZP_10,GAZP,10_1,2010,120,5,1,Gri_hir,native,87.25,species,cover,167,plot:167:5:1,,,2010,TRUE,TRUE,ready_for_build
1201,GAZP_10,GAZP,10_1,2010,120,5,1,Ley_tri,native,1.625,species,cover,167,plot:167:5:1,,,2010,TRUE,TRUE,ready_for_build
1202,GAZP_10,GAZP,10_1,2010,120,5,1,Mel_cal,native,0,species,cover,167,plot:167:5:1,,,2010,TRUE,TRUE,ready_for_build
1203,GAZP_10,GAZP,10_1,2010,120,5,1,Nas_pul,native,3.125,species,cover,167,plot:167:5:1,,,2010,TRUE,TRUE,ready_for_build
1204,GAZP_10,GAZP,10_1,2010,120,5,1,Tri_bif,native,0,species,cover,167,plot:167:5:1,,,2010,TRUE,TRUE,ready_for_build
1205,GAZP_10,GAZP,10_1,2010,120,5,1,Tri_wil,native,0.125,species,cover,167,plot:167:5:1,,,2010,TRUE,TRUE,ready_for_build
1206,GAZP_10,GAZP,10_1,2010,120,5,2,Cal_cil,native,0.125,species,cover,167,plot:167:5:2,,,2010,TRUE,TRUE,ready_for_build
1207,GAZP_10,GAZP,10_1,2010,120,5,2,Ely_gla,native,6,species,cover,167,plot:167:5:2,,,2010,TRUE,TRUE,ready_for_build
1208,GAZP_10,GAZP,10_1,2010,120,5,2,Gri_hir,native,67.625,species,cover,167,plot:167:5:2,,,2010,TRUE,TRUE,ready_for_build
1209,GAZP_10,GAZP,10_1,2010,120,5,2,Ley_tri,native,2.75,species,cover,167,plot:167:5:2,,,2010,TRUE,TRUE,ready_for_build
1210,GAZP_10,GAZP,10_1,2010,120,5,2,Mel_cal,native,1,species,cover,167,plot:167:5:2,,,2010,TRUE,TRUE,ready_for_build
1211,GAZP_10,GAZP,10_1,2010,120,5,2,Nas_pul,native,13.125,species,cover,167,plot:167:5:2,,,2010,TRUE,TRUE,ready_for_build
1212,GAZP_10,GAZP,10_1,2010,120,5,2,Tri_bif,native,0,species,cover,167,plot:167:5:2,,,2010,TRUE,TRUE,ready_for_build
1213,GAZP_10,GAZP,10_1,2010,120,5,2,Tri_wil,native,0.125,species,cover,167,plot:167:5:2,,,2010,TRUE,TRUE,ready_for_build
1214,GAZP_10,GAZP,10_1,2010,120,5,,Cal_cil,native,0.875,species,cover,167,block:167:5,,,2010,TRUE,TRUE,ready_for_build
1215,GAZP_10,GAZP,10_1,2010,120,5,,Ely_gla,native,5.875,species,cover,167,block:167:5,,,2010,TRUE,TRUE,ready_for_build
1216,GAZP_10,GAZP,10_1,2010,120,5,,Gri_hir,native,68,species,cover,167,block:167:5,,,2010,TRUE,TRUE,ready_for_build
1217,GAZP_10,GAZP,10_1,2010,120,5,,Ley_tri,native,6,species,cover,167,block:167:5,,,2010,TRUE,TRUE,ready_for_build
1218,GAZP_10,GAZP,10_1,2010,120,5,,Mel_cal,native,0.375,species,cover,167,block:167:5,,,2010,TRUE,TRUE,ready_for_build
1219,GAZP_10,GAZP,10_1,2010,120,5,,Nas_pul,native,16.625,species,cover,167,block:167:5,,,2010,TRUE,TRUE,ready_for_build
1220,GAZP_10,GAZP,10_1,2010,120,5,,Tri_bif,native,0,species,cover,167,block:167:5,,,2010,TRUE,TRUE,ready_for_build
1221,GAZP_10,GAZP,10_1,2010,120,5,,Tri_wil,native,0.375,species,cover,167,block:167:5,,,2010,TRUE,TRUE,ready_for_build
1222,GAZP_10,GAZP,10_1,2010,120,7,1,Cal_cil,native,0,species,cover,167,plot:167:7:1,,,2010,TRUE,TRUE,ready_for_build
1223,GAZP_10,GAZP,10_1,2010,120,7,1,Ely_gla,native,6.625,species,cover,167,plot:167:7:1,,,2010,TRUE,TRUE,ready_for_build
1224,GAZP_10,GAZP,10_1,2010,120,7,1,Gri_hir,native,80,species,cover,167,plot:167:7:1,,,2010,TRUE,TRUE,ready_for_build
1225,GAZP_10,GAZP,10_1,2010,120,7,1,Ley_tri,native,0.5,species,cover,167,plot:167:7:1,,,2010,TRUE,TRUE,ready_for_build
1226,GAZP_10,GAZP,10_1,2010,120,7,1,Mel_cal,native,1.5,species,cover,167,plot:167:7:1,,,2010,TRUE,TRUE,ready_for_build
1227,GAZP_10,GAZP,10_1,2010,120,7,1,Nas_pul,native,6.5,species,cover,167,plot:167:7:1,,,2010,TRUE,TRUE,ready_for_build
1228,GAZP_10,GAZP,10_1,2010,120,7,1,Tri_bif,native,0,species,cover,167,plot:167:7:1,,,2010,TRUE,TRUE,ready_for_build
1229,GAZP_10,GAZP,10_1,2010,120,7,1,Tri_wil,native,0,species,cover,167,plot:167:7:1,,,2010,TRUE,TRUE,ready_for_build
1230,GAZP_10,GAZP,10_1,2010,120,7,2,Cal_cil,native,0.25,species,cover,167,plot:167:7:2,,,2010,TRUE,TRUE,ready_for_build
1231,GAZP_10,GAZP,10_1,2010,120,7,2,Ely_gla,native,5.625,species,cover,167,plot:167:7:2,,,2010,TRUE,TRUE,ready_for_build
1232,GAZP_10,GAZP,10_1,2010,120,7,2,Gri_hir,native,36.25,species,cover,167,plot:167:7:2,,,2010,TRUE,TRUE,ready_for_build
1233,GAZP_10,GAZP,10_1,2010,120,7,2,Ley_tri,native,3.375,species,cover,167,plot:167:7:2,,,2010,TRUE,TRUE,ready_for_build
1234,GAZP_10,GAZP,10_1,2010,120,7,2,Mel_cal,native,2.5,species,cover,167,plot:167:7:2,,,2010,TRUE,TRUE,ready_for_build
1235,GAZP_10,GAZP,10_1,2010,120,7,2,Nas_pul,native,13.75,species,cover,167,plot:167:7:2,,,2010,TRUE,TRUE,ready_for_build
1236,GAZP_10,GAZP,10_1,2010,120,7,2,Tri_bif,native,0,species,cover,167,plot:167:7:2,,,2010,TRUE,TRUE,ready_for_build
1237,GAZP_10,GAZP,10_1,2010,120,7,2,Tri_wil,native,0,species,cover,167,plot:167:7:2,,,2010,TRUE,TRUE,ready_for_build
1238,GAZP_10,GAZP,10_1,2010,120,7,,Cal_cil,native,1,species,cover,167,block:167:7,,,2010,TRUE,TRUE,ready_for_build
1239,GAZP_10,GAZP,10_1,2010,120,7,,Ely_gla,native,5.75,species,cover,167,block:167:7,,,2010,TRUE,TRUE,ready_for_build
1240,GAZP_10,GAZP,10_1,2010,120,7,,Gri_hir,native,37.875,species,cover,167,block:167:7,,,2010,TRUE,TRUE,ready_for_build
1241,GAZP_10,GAZP,10_1,2010,120,7,,Ley_tri,native,4.5,species,cover,167,block:167:7,,,2010,TRUE,TRUE,ready_for_build
1242,GAZP_10,GAZP,10_1,2010,120,7,,Mel_cal,native,3.625,species,cover,167,block:167:7,,,2010,TRUE,TRUE,ready_for_build
1243,GAZP_10,GAZP,10_1,2010,120,7,,Nas_pul,native,14.75,species,cover,167,block:167:7,,,2010,TRUE,TRUE,ready_for_build
1244,GAZP_10,GAZP,10_1,2010,120,7,,Tri_bif,native,0,species,cover,167,block:167:7,,,2010,TRUE,TRUE,ready_for_build
1245,GAZP_10,GAZP,10_1,2010,120,7,,Tri_wil,native,0,species,cover,167,block:167:7,,,2010,TRUE,TRUE,ready_for_build
1246,GAZP_10,GAZP,10_1,2010,120,10,1,Cal_cil,native,0,species,cover,167,plot:167:10:1,,,2010,TRUE,TRUE,ready_for_build
1247,GAZP_10,GAZP,10_1,2010,120,10,1,Ely_gla,native,15.25,species,cover,167,plot:167:10:1,,,2010,TRUE,TRUE,ready_for_build
1248,GAZP_10,GAZP,10_1,2010,120,10,1,Gri_hir,native,52.5,species,cover,167,plot:167:10:1,,,2010,TRUE,TRUE,ready_for_build
1249,GAZP_10,GAZP,10_1,2010,120,10,1,Ley_tri,native,2.625,species,cover,167,plot:167:10:1,,,2010,TRUE,TRUE,ready_for_build
1250,GAZP_10,GAZP,10_1,2010,120,10,1,Mel_cal,native,0,species,cover,167,plot:167:10:1,,,2010,TRUE,TRUE,ready_for_build
1251,GAZP_10,GAZP,10_1,2010,120,10,1,Nas_pul,native,16.25,species,cover,167,plot:167:10:1,,,2010,TRUE,TRUE,ready_for_build
1252,GAZP_10,GAZP,10_1,2010,120,10,1,Tri_bif,native,0,species,cover,167,plot:167:10:1,,,2010,TRUE,TRUE,ready_for_build
1253,GAZP_10,GAZP,10_1,2010,120,10,1,Tri_wil,native,0,species,cover,167,plot:167:10:1,,,2010,TRUE,TRUE,ready_for_build
1254,GAZP_10,GAZP,10_1,2010,120,10,2,Cal_cil,native,3.625,species,cover,167,plot:167:10:2,,,2010,TRUE,TRUE,ready_for_build
1255,GAZP_10,GAZP,10_1,2010,120,10,2,Ely_gla,native,8.25,species,cover,167,plot:167:10:2,,,2010,TRUE,TRUE,ready_for_build
1256,GAZP_10,GAZP,10_1,2010,120,10,2,Gri_hir,native,47.875,species,cover,167,plot:167:10:2,,,2010,TRUE,TRUE,ready_for_build
1257,GAZP_10,GAZP,10_1,2010,120,10,2,Ley_tri,native,10.5,species,cover,167,plot:167:10:2,,,2010,TRUE,TRUE,ready_for_build
1258,GAZP_10,GAZP,10_1,2010,120,10,2,Mel_cal,native,3.125,species,cover,167,plot:167:10:2,,,2010,TRUE,TRUE,ready_for_build
1259,GAZP_10,GAZP,10_1,2010,120,10,2,Nas_pul,native,12.25,species,cover,167,plot:167:10:2,,,2010,TRUE,TRUE,ready_for_build
1260,GAZP_10,GAZP,10_1,2010,120,10,2,Tri_bif,native,0,species,cover,167,plot:167:10:2,,,2010,TRUE,TRUE,ready_for_build
1261,GAZP_10,GAZP,10_1,2010,120,10,2,Tri_wil,native,0.75,species,cover,167,plot:167:10:2,,,2010,TRUE,TRUE,ready_for_build
1262,GAZP_10,GAZP,10_1,2010,120,10,,Cal_cil,native,3.375,species,cover,167,block:167:10,,,2010,TRUE,TRUE,ready_for_build
1263,GAZP_10,GAZP,10_1,2010,120,10,,Ely_gla,native,12.125,species,cover,167,block:167:10,,,2010,TRUE,TRUE,ready_for_build
1264,GAZP_10,GAZP,10_1,2010,120,10,,Gri_hir,native,40.375,species,cover,167,block:167:10,,,2010,TRUE,TRUE,ready_for_build
1265,GAZP_10,GAZP,10_1,2010,120,10,,Ley_tri,native,17.5,species,cover,167,block:167:10,,,2010,TRUE,TRUE,ready_for_build
1266,GAZP_10,GAZP,10_1,2010,120,10,,Mel_cal,native,2.125,species,cover,167,block:167:10,,,2010,TRUE,TRUE,ready_for_build
1267,GAZP_10,GAZP,10_1,2010,120,10,,Nas_pul,native,16.625,species,cover,167,block:167:10,,,2010,TRUE,TRUE,ready_for_build
1268,GAZP_10,GAZP,10_1,2010,120,10,,Tri_bif,native,0,species,cover,167,block:167:10,,,2010,TRUE,TRUE,ready_for_build
1269,GAZP_10,GAZP,10_1,2010,120,10,,Tri_wil,native,1.375,species,cover,167,block:167:10,,,2010,TRUE,TRUE,ready_for_build
1270,GAZP_10,GAZP,10_1,2010,120,12,1,Cal_cil,native,0,species,cover,167,plot:167:12:1,,,2010,TRUE,TRUE,ready_for_build
1271,GAZP_10,GAZP,10_1,2010,120,12,1,Ely_gla,native,1.375,species,cover,167,plot:167:12:1,,,2010,TRUE,TRUE,ready_for_build
1272,GAZP_10,GAZP,10_1,2010,120,12,1,Gri_hir,native,53.125,species,cover,167,plot:167:12:1,,,2010,TRUE,TRUE,ready_for_build
1273,GAZP_10,GAZP,10_1,2010,120,12,1,Ley_tri,native,0.375,species,cover,167,plot:167:12:1,,,2010,TRUE,TRUE,ready_for_build
1274,GAZP_10,GAZP,10_1,2010,120,12,1,Mel_cal,native,0,species,cover,167,plot:167:12:1,,,2010,TRUE,TRUE,ready_for_build
1275,GAZP_10,GAZP,10_1,2010,120,12,1,Nas_pul,native,17.125,species,cover,167,plot:167:12:1,,,2010,TRUE,TRUE,ready_for_build
1276,GAZP_10,GAZP,10_1,2010,120,12,1,Tri_bif,native,0,species,cover,167,plot:167:12:1,,,2010,TRUE,TRUE,ready_for_build
1277,GAZP_10,GAZP,10_1,2010,120,12,1,Tri_wil,native,0,species,cover,167,plot:167:12:1,,,2010,TRUE,TRUE,ready_for_build
1278,GAZP_10,GAZP,10_1,2010,120,12,2,Cal_cil,native,1.75,species,cover,167,plot:167:12:2,,,2010,TRUE,TRUE,ready_for_build
1279,GAZP_10,GAZP,10_1,2010,120,12,2,Ely_gla,native,2.375,species,cover,167,plot:167:12:2,,,2010,TRUE,TRUE,ready_for_build
1280,GAZP_10,GAZP,10_1,2010,120,12,2,Gri_hir,native,43.375,species,cover,167,plot:167:12:2,,,2010,TRUE,TRUE,ready_for_build
1281,GAZP_10,GAZP,10_1,2010,120,12,2,Ley_tri,native,2.125,species,cover,167,plot:167:12:2,,,2010,TRUE,TRUE,ready_for_build
1282,GAZP_10,GAZP,10_1,2010,120,12,2,Mel_cal,native,0.25,species,cover,167,plot:167:12:2,,,2010,TRUE,TRUE,ready_for_build
1283,GAZP_10,GAZP,10_1,2010,120,12,2,Nas_pul,native,17.625,species,cover,167,plot:167:12:2,,,2010,TRUE,TRUE,ready_for_build
1284,GAZP_10,GAZP,10_1,2010,120,12,2,Tri_bif,native,0.625,species,cover,167,plot:167:12:2,,,2010,TRUE,TRUE,ready_for_build
1285,GAZP_10,GAZP,10_1,2010,120,12,2,Tri_wil,native,1.5,species,cover,167,plot:167:12:2,,,2010,TRUE,TRUE,ready_for_build
1286,GAZP_10,GAZP,10_1,2010,120,12,,Cal_cil,native,1.625,species,cover,167,block:167:12,,,2010,TRUE,TRUE,ready_for_build
1287,GAZP_10,GAZP,10_1,2010,120,12,,Ely_gla,native,2,species,cover,167,block:167:12,,,2010,TRUE,TRUE,ready_for_build
1288,GAZP_10,GAZP,10_1,2010,120,12,,Gri_hir,native,45.5,species,cover,167,block:167:12,,,2010,TRUE,TRUE,ready_for_build
1289,GAZP_10,GAZP,10_1,2010,120,12,,Ley_tri,native,1.375,species,cover,167,block:167:12,,,2010,TRUE,TRUE,ready_for_build
1290,GAZP_10,GAZP,10_1,2010,120,12,,Mel_cal,native,0.125,species,cover,167,block:167:12,,,2010,TRUE,TRUE,ready_for_build
1291,GAZP_10,GAZP,10_1,2010,120,12,,Nas_pul,native,19.75,species,cover,167,block:167:12,,,2010,TRUE,TRUE,ready_for_build
1292,GAZP_10,GAZP,10_1,2010,120,12,,Tri_bif,native,0.625,species,cover,167,block:167:12,,,2010,TRUE,TRUE,ready_for_build
1293,GAZP_10,GAZP,10_1,2010,120,12,,Tri_wil,native,1.875,species,cover,167,block:167:12,,,2010,TRUE,TRUE,ready_for_build
1294,GAZP_10,GAZP,10_1,2010,120,13,1,Cal_cil,native,0,species,cover,167,plot:167:13:1,,,2010,TRUE,TRUE,ready_for_build
1295,GAZP_10,GAZP,10_1,2010,120,13,1,Ely_gla,native,0,species,cover,167,plot:167:13:1,,,2010,TRUE,TRUE,ready_for_build
1296,GAZP_10,GAZP,10_1,2010,120,13,1,Gri_hir,native,19.75,species,cover,167,plot:167:13:1,,,2010,TRUE,TRUE,ready_for_build
1297,GAZP_10,GAZP,10_1,2010,120,13,1,Ley_tri,native,0.375,species,cover,167,plot:167:13:1,,,2010,TRUE,TRUE,ready_for_build
1298,GAZP_10,GAZP,10_1,2010,120,13,1,Mel_cal,native,0,species,cover,167,plot:167:13:1,,,2010,TRUE,TRUE,ready_for_build
1299,GAZP_10,GAZP,10_1,2010,120,13,1,Nas_pul,native,36.25,species,cover,167,plot:167:13:1,,,2010,TRUE,TRUE,ready_for_build
1300,GAZP_10,GAZP,10_1,2010,120,13,1,Tri_bif,native,0,species,cover,167,plot:167:13:1,,,2010,TRUE,TRUE,ready_for_build
1301,GAZP_10,GAZP,10_1,2010,120,13,1,Tri_wil,native,0.25,species,cover,167,plot:167:13:1,,,2010,TRUE,TRUE,ready_for_build
1302,GAZP_10,GAZP,10_1,2010,120,13,2,Cal_cil,native,2.75,species,cover,167,plot:167:13:2,,,2010,TRUE,TRUE,ready_for_build
1303,GAZP_10,GAZP,10_1,2010,120,13,2,Ely_gla,native,9.125,species,cover,167,plot:167:13:2,,,2010,TRUE,TRUE,ready_for_build
1304,GAZP_10,GAZP,10_1,2010,120,13,2,Gri_hir,native,22.25,species,cover,167,plot:167:13:2,,,2010,TRUE,TRUE,ready_for_build
1305,GAZP_10,GAZP,10_1,2010,120,13,2,Ley_tri,native,3.375,species,cover,167,plot:167:13:2,,,2010,TRUE,TRUE,ready_for_build
1306,GAZP_10,GAZP,10_1,2010,120,13,2,Mel_cal,native,1.25,species,cover,167,plot:167:13:2,,,2010,TRUE,TRUE,ready_for_build
1307,GAZP_10,GAZP,10_1,2010,120,13,2,Nas_pul,native,18.125,species,cover,167,plot:167:13:2,,,2010,TRUE,TRUE,ready_for_build
1308,GAZP_10,GAZP,10_1,2010,120,13,2,Tri_bif,native,0.125,species,cover,167,plot:167:13:2,,,2010,TRUE,TRUE,ready_for_build
1309,GAZP_10,GAZP,10_1,2010,120,13,2,Tri_wil,native,1.25,species,cover,167,plot:167:13:2,,,2010,TRUE,TRUE,ready_for_build
1310,GAZP_10,GAZP,10_1,2010,120,13,,Cal_cil,native,0.875,species,cover,167,block:167:13,,,2010,TRUE,TRUE,ready_for_build
1311,GAZP_10,GAZP,10_1,2010,120,13,,Ely_gla,native,1.75,species,cover,167,block:167:13,,,2010,TRUE,TRUE,ready_for_build
1312,GAZP_10,GAZP,10_1,2010,120,13,,Gri_hir,native,27,species,cover,167,block:167:13,,,2010,TRUE,TRUE,ready_for_build
1313,GAZP_10,GAZP,10_1,2010,120,13,,Ley_tri,native,3.375,species,cover,167,block:167:13,,,2010,TRUE,TRUE,ready_for_build
1314,GAZP_10,GAZP,10_1,2010,120,13,,Mel_cal,native,1.25,species,cover,167,block:167:13,,,2010,TRUE,TRUE,ready_for_build
1315,GAZP_10,GAZP,10_1,2010,120,13,,Nas_pul,native,23.75,species,cover,167,block:167:13,,,2010,TRUE,TRUE,ready_for_build
1316,GAZP_10,GAZP,10_1,2010,120,13,,Tri_bif,native,0.375,species,cover,167,block:167:13,,,2010,TRUE,TRUE,ready_for_build
1317,GAZP_10,GAZP,10_1,2010,120,13,,Tri_wil,native,1.125,species,cover,167,block:167:13,,,2010,TRUE,TRUE,ready_for_build
1318,GAZP_10,GAZP,10_1,2010,120,14,1,Cal_cil,native,0,species,cover,167,plot:167:14:1,,,2010,TRUE,TRUE,ready_for_build
1319,GAZP_10,GAZP,10_1,2010,120,14,1,Ely_gla,native,1.875,species,cover,167,plot:167:14:1,,,2010,TRUE,TRUE,ready_for_build
1320,GAZP_10,GAZP,10_1,2010,120,14,1,Gri_hir,native,21.375,species,cover,167,plot:167:14:1,,,2010,TRUE,TRUE,ready_for_build
1321,GAZP_10,GAZP,10_1,2010,120,14,1,Ley_tri,native,0,species,cover,167,plot:167:14:1,,,2010,TRUE,TRUE,ready_for_build
1322,GAZP_10,GAZP,10_1,2010,120,14,1,Mel_cal,native,0,species,cover,167,plot:167:14:1,,,2010,TRUE,TRUE,ready_for_build
1323,GAZP_10,GAZP,10_1,2010,120,14,1,Nas_pul,native,12.875,species,cover,167,plot:167:14:1,,,2010,TRUE,TRUE,ready_for_build
1324,GAZP_10,GAZP,10_1,2010,120,14,1,Tri_bif,native,0,species,cover,167,plot:167:14:1,,,2010,TRUE,TRUE,ready_for_build
1325,GAZP_10,GAZP,10_1,2010,120,14,1,Tri_wil,native,0,species,cover,167,plot:167:14:1,,,2010,TRUE,TRUE,ready_for_build
1326,GAZP_10,GAZP,10_1,2010,120,14,2,Cal_cil,native,1.875,species,cover,167,plot:167:14:2,,,2010,TRUE,TRUE,ready_for_build
1327,GAZP_10,GAZP,10_1,2010,120,14,2,Ely_gla,native,8.625,species,cover,167,plot:167:14:2,,,2010,TRUE,TRUE,ready_for_build
1328,GAZP_10,GAZP,10_1,2010,120,14,2,Gri_hir,native,24.25,species,cover,167,plot:167:14:2,,,2010,TRUE,TRUE,ready_for_build
1329,GAZP_10,GAZP,10_1,2010,120,14,2,Ley_tri,native,4.375,species,cover,167,plot:167:14:2,,,2010,TRUE,TRUE,ready_for_build
1330,GAZP_10,GAZP,10_1,2010,120,14,2,Mel_cal,native,0.125,species,cover,167,plot:167:14:2,,,2010,TRUE,TRUE,ready_for_build
1331,GAZP_10,GAZP,10_1,2010,120,14,2,Nas_pul,native,26.375,species,cover,167,plot:167:14:2,,,2010,TRUE,TRUE,ready_for_build
1332,GAZP_10,GAZP,10_1,2010,120,14,2,Tri_bif,native,0.375,species,cover,167,plot:167:14:2,,,2010,TRUE,TRUE,ready_for_build
1333,GAZP_10,GAZP,10_1,2010,120,14,2,Tri_wil,native,0.625,species,cover,167,plot:167:14:2,,,2010,TRUE,TRUE,ready_for_build
1334,GAZP_10,GAZP,10_1,2010,120,14,,Cal_cil,native,1,species,cover,167,block:167:14,,,2010,TRUE,TRUE,ready_for_build
1335,GAZP_10,GAZP,10_1,2010,120,14,,Ely_gla,native,10.125,species,cover,167,block:167:14,,,2010,TRUE,TRUE,ready_for_build
1336,GAZP_10,GAZP,10_1,2010,120,14,,Gri_hir,native,29.625,species,cover,167,block:167:14,,,2010,TRUE,TRUE,ready_for_build
1337,GAZP_10,GAZP,10_1,2010,120,14,,Ley_tri,native,2.875,species,cover,167,block:167:14,,,2010,TRUE,TRUE,ready_for_build
1338,GAZP_10,GAZP,10_1,2010,120,14,,Mel_cal,native,0.375,species,cover,167,block:167:14,,,2010,TRUE,TRUE,ready_for_build
1339,GAZP_10,GAZP,10_1,2010,120,14,,Nas_pul,native,26.375,species,cover,167,block:167:14,,,2010,TRUE,TRUE,ready_for_build
1340,GAZP_10,GAZP,10_1,2010,120,14,,Tri_bif,native,0.375,species,cover,167,block:167:14,,,2010,TRUE,TRUE,ready_for_build
1341,GAZP_10,GAZP,10_1,2010,120,14,,Tri_wil,native,0.625,species,cover,167,block:167:14,,,2010,TRUE,TRUE,ready_for_build
1342,GAZP_10,GAZP,10_1,2010,120,15,1,Cal_cil,native,0,species,cover,167,plot:167:15:1,,,2010,TRUE,TRUE,ready_for_build
1343,GAZP_10,GAZP,10_1,2010,120,15,1,Ely_gla,native,5.25,species,cover,167,plot:167:15:1,,,2010,TRUE,TRUE,ready_for_build
1344,GAZP_10,GAZP,10_1,2010,120,15,1,Gri_hir,native,51.875,species,cover,167,plot:167:15:1,,,2010,TRUE,TRUE,ready_for_build
1345,GAZP_10,GAZP,10_1,2010,120,15,1,Ley_tri,native,0,species,cover,167,plot:167:15:1,,,2010,TRUE,TRUE,ready_for_build
1346,GAZP_10,GAZP,10_1,2010,120,15,1,Mel_cal,native,0,species,cover,167,plot:167:15:1,,,2010,TRUE,TRUE,ready_for_build
1347,GAZP_10,GAZP,10_1,2010,120,15,1,Nas_pul,native,18.5,species,cover,167,plot:167:15:1,,,2010,TRUE,TRUE,ready_for_build
1348,GAZP_10,GAZP,10_1,2010,120,15,1,Tri_bif,native,0,species,cover,167,plot:167:15:1,,,2010,TRUE,TRUE,ready_for_build
1349,GAZP_10,GAZP,10_1,2010,120,15,1,Tri_wil,native,0,species,cover,167,plot:167:15:1,,,2010,TRUE,TRUE,ready_for_build
1350,GAZP_10,GAZP,10_1,2010,120,15,2,Cal_cil,native,2.375,species,cover,167,plot:167:15:2,,,2010,TRUE,TRUE,ready_for_build
1351,GAZP_10,GAZP,10_1,2010,120,15,2,Ely_gla,native,7.75,species,cover,167,plot:167:15:2,,,2010,TRUE,TRUE,ready_for_build
1352,GAZP_10,GAZP,10_1,2010,120,15,2,Gri_hir,native,33.375,species,cover,167,plot:167:15:2,,,2010,TRUE,TRUE,ready_for_build
1353,GAZP_10,GAZP,10_1,2010,120,15,2,Ley_tri,native,13.5,species,cover,167,plot:167:15:2,,,2010,TRUE,TRUE,ready_for_build
1354,GAZP_10,GAZP,10_1,2010,120,15,2,Mel_cal,native,0.875,species,cover,167,plot:167:15:2,,,2010,TRUE,TRUE,ready_for_build
1355,GAZP_10,GAZP,10_1,2010,120,15,2,Nas_pul,native,14.125,species,cover,167,plot:167:15:2,,,2010,TRUE,TRUE,ready_for_build
1356,GAZP_10,GAZP,10_1,2010,120,15,2,Tri_bif,native,0,species,cover,167,plot:167:15:2,,,2010,TRUE,TRUE,ready_for_build
1357,GAZP_10,GAZP,10_1,2010,120,15,2,Tri_wil,native,0,species,cover,167,plot:167:15:2,,,2010,TRUE,TRUE,ready_for_build
1358,GAZP_10,GAZP,10_1,2010,120,15,,Cal_cil,native,2.25,species,cover,167,block:167:15,,,2010,TRUE,TRUE,ready_for_build
1359,GAZP_10,GAZP,10_1,2010,120,15,,Ely_gla,native,7.25,species,cover,167,block:167:15,,,2010,TRUE,TRUE,ready_for_build
1360,GAZP_10,GAZP,10_1,2010,120,15,,Gri_hir,native,42.875,species,cover,167,block:167:15,,,2010,TRUE,TRUE,ready_for_build
1361,GAZP_10,GAZP,10_1,2010,120,15,,Ley_tri,native,4.125,species,cover,167,block:167:15,,,2010,TRUE,TRUE,ready_for_build
1362,GAZP_10,GAZP,10_1,2010,120,15,,Mel_cal,native,1.25,species,cover,167,block:167:15,,,2010,TRUE,TRUE,ready_for_build
1363,GAZP_10,GAZP,10_1,2010,120,15,,Nas_pul,native,21.25,species,cover,167,block:167:15,,,2010,TRUE,TRUE,ready_for_build
1364,GAZP_10,GAZP,10_1,2010,120,15,,Tri_bif,native,0,species,cover,167,block:167:15,,,2010,TRUE,TRUE,ready_for_build
1365,GAZP_10,GAZP,10_1,2010,120,15,,Tri_wil,native,0.75,species,cover,167,block:167:15,,,2010,TRUE,TRUE,ready_for_build
1366,GAZP_10,GAZP,10_1,2010,120,17,1,Cal_cil,native,0,species,cover,167,plot:167:17:1,,,2010,TRUE,TRUE,ready_for_build
1367,GAZP_10,GAZP,10_1,2010,120,17,1,Ely_gla,native,3.125,species,cover,167,plot:167:17:1,,,2010,TRUE,TRUE,ready_for_build
1368,GAZP_10,GAZP,10_1,2010,120,17,1,Gri_hir,native,5.875,species,cover,167,plot:167:17:1,,,2010,TRUE,TRUE,ready_for_build
1369,GAZP_10,GAZP,10_1,2010,120,17,1,Ley_tri,native,0.5,species,cover,167,plot:167:17:1,,,2010,TRUE,TRUE,ready_for_build
1370,GAZP_10,GAZP,10_1,2010,120,17,1,Mel_cal,native,0,species,cover,167,plot:167:17:1,,,2010,TRUE,TRUE,ready_for_build
1371,GAZP_10,GAZP,10_1,2010,120,17,1,Nas_pul,native,5.625,species,cover,167,plot:167:17:1,,,2010,TRUE,TRUE,ready_for_build
1372,GAZP_10,GAZP,10_1,2010,120,17,1,Tri_bif,native,0,species,cover,167,plot:167:17:1,,,2010,TRUE,TRUE,ready_for_build
1373,GAZP_10,GAZP,10_1,2010,120,17,1,Tri_wil,native,0,species,cover,167,plot:167:17:1,,,2010,TRUE,TRUE,ready_for_build
1374,GAZP_10,GAZP,10_1,2010,120,17,2,Cal_cil,native,2.375,species,cover,167,plot:167:17:2,,,2010,TRUE,TRUE,ready_for_build
1375,GAZP_10,GAZP,10_1,2010,120,17,2,Ely_gla,native,3.5,species,cover,167,plot:167:17:2,,,2010,TRUE,TRUE,ready_for_build
1376,GAZP_10,GAZP,10_1,2010,120,17,2,Gri_hir,native,19.375,species,cover,167,plot:167:17:2,,,2010,TRUE,TRUE,ready_for_build
1377,GAZP_10,GAZP,10_1,2010,120,17,2,Ley_tri,native,0.5,species,cover,167,plot:167:17:2,,,2010,TRUE,TRUE,ready_for_build
1378,GAZP_10,GAZP,10_1,2010,120,17,2,Mel_cal,native,5,species,cover,167,plot:167:17:2,,,2010,TRUE,TRUE,ready_for_build
1379,GAZP_10,GAZP,10_1,2010,120,17,2,Nas_pul,native,12.75,species,cover,167,plot:167:17:2,,,2010,TRUE,TRUE,ready_for_build
1380,GAZP_10,GAZP,10_1,2010,120,17,2,Tri_bif,native,0,species,cover,167,plot:167:17:2,,,2010,TRUE,TRUE,ready_for_build
1381,GAZP_10,GAZP,10_1,2010,120,17,2,Tri_wil,native,0,species,cover,167,plot:167:17:2,,,2010,TRUE,TRUE,ready_for_build
1382,GAZP_10,GAZP,10_1,2010,120,17,,Cal_cil,native,1,species,cover,167,block:167:17,,,2010,TRUE,TRUE,ready_for_build
1383,GAZP_10,GAZP,10_1,2010,120,17,,Ely_gla,native,6.25,species,cover,167,block:167:17,,,2010,TRUE,TRUE,ready_for_build
1384,GAZP_10,GAZP,10_1,2010,120,17,,Gri_hir,native,21.5,species,cover,167,block:167:17,,,2010,TRUE,TRUE,ready_for_build
1385,GAZP_10,GAZP,10_1,2010,120,17,,Ley_tri,native,0.75,species,cover,167,block:167:17,,,2010,TRUE,TRUE,ready_for_build
1386,GAZP_10,GAZP,10_1,2010,120,17,,Mel_cal,native,2,species,cover,167,block:167:17,,,2010,TRUE,TRUE,ready_for_build
1387,GAZP_10,GAZP,10_1,2010,120,17,,Nas_pul,native,13.125,species,cover,167,block:167:17,,,2010,TRUE,TRUE,ready_for_build
1388,GAZP_10,GAZP,10_1,2010,120,17,,Tri_bif,native,0,species,cover,167,block:167:17,,,2010,TRUE,TRUE,ready_for_build
1389,GAZP_10,GAZP,10_1,2010,120,17,,Tri_wil,native,0,species,cover,167,block:167:17,,,2010,TRUE,TRUE,ready_for_build
1390,GAZP_10,GAZP,10_1,2010,120,21,1,Cal_cil,native,0,species,cover,167,plot:167:21:1,,,2010,TRUE,TRUE,ready_for_build
1391,GAZP_10,GAZP,10_1,2010,120,21,1,Ely_gla,native,19.75,species,cover,167,plot:167:21:1,,,2010,TRUE,TRUE,ready_for_build
1392,GAZP_10,GAZP,10_1,2010,120,21,1,Gri_hir,native,50.625,species,cover,167,plot:167:21:1,,,2010,TRUE,TRUE,ready_for_build
1393,GAZP_10,GAZP,10_1,2010,120,21,1,Ley_tri,native,8.375,species,cover,167,plot:167:21:1,,,2010,TRUE,TRUE,ready_for_build
1394,GAZP_10,GAZP,10_1,2010,120,21,1,Mel_cal,native,5.625,species,cover,167,plot:167:21:1,,,2010,TRUE,TRUE,ready_for_build
1395,GAZP_10,GAZP,10_1,2010,120,21,1,Nas_pul,native,8.75,species,cover,167,plot:167:21:1,,,2010,TRUE,TRUE,ready_for_build
1396,GAZP_10,GAZP,10_1,2010,120,21,1,Tri_bif,native,0,species,cover,167,plot:167:21:1,,,2010,TRUE,TRUE,ready_for_build
1397,GAZP_10,GAZP,10_1,2010,120,21,1,Tri_wil,native,0,species,cover,167,plot:167:21:1,,,2010,TRUE,TRUE,ready_for_build
1398,GAZP_10,GAZP,10_1,2010,120,21,2,Cal_cil,native,21.75,species,cover,167,plot:167:21:2,,,2010,TRUE,TRUE,ready_for_build
1399,GAZP_10,GAZP,10_1,2010,120,21,2,Ely_gla,native,7.875,species,cover,167,plot:167:21:2,,,2010,TRUE,TRUE,ready_for_build
1400,GAZP_10,GAZP,10_1,2010,120,21,2,Gri_hir,native,21.75,species,cover,167,plot:167:21:2,,,2010,TRUE,TRUE,ready_for_build
1401,GAZP_10,GAZP,10_1,2010,120,21,2,Ley_tri,native,8.25,species,cover,167,plot:167:21:2,,,2010,TRUE,TRUE,ready_for_build
1402,GAZP_10,GAZP,10_1,2010,120,21,2,Mel_cal,native,0,species,cover,167,plot:167:21:2,,,2010,TRUE,TRUE,ready_for_build
1403,GAZP_10,GAZP,10_1,2010,120,21,2,Nas_pul,native,12.875,species,cover,167,plot:167:21:2,,,2010,TRUE,TRUE,ready_for_build
1404,GAZP_10,GAZP,10_1,2010,120,21,2,Tri_bif,native,0,species,cover,167,plot:167:21:2,,,2010,TRUE,TRUE,ready_for_build
1405,GAZP_10,GAZP,10_1,2010,120,21,2,Tri_wil,native,0.25,species,cover,167,plot:167:21:2,,,2010,TRUE,TRUE,ready_for_build
1406,GAZP_10,GAZP,10_1,2010,120,21,,Cal_cil,native,6.5,species,cover,167,block:167:21,,,2010,TRUE,TRUE,ready_for_build
1407,GAZP_10,GAZP,10_1,2010,120,21,,Ely_gla,native,10.5,species,cover,167,block:167:21,,,2010,TRUE,TRUE,ready_for_build
1408,GAZP_10,GAZP,10_1,2010,120,21,,Gri_hir,native,25.375,species,cover,167,block:167:21,,,2010,TRUE,TRUE,ready_for_build
1409,GAZP_10,GAZP,10_1,2010,120,21,,Ley_tri,native,14.25,species,cover,167,block:167:21,,,2010,TRUE,TRUE,ready_for_build
1410,GAZP_10,GAZP,10_1,2010,120,21,,Mel_cal,native,0.875,species,cover,167,block:167:21,,,2010,TRUE,TRUE,ready_for_build
1411,GAZP_10,GAZP,10_1,2010,120,21,,Nas_pul,native,12.5,species,cover,167,block:167:21,,,2010,TRUE,TRUE,ready_for_build
1412,GAZP_10,GAZP,10_1,2010,120,21,,Tri_bif,native,0,species,cover,167,block:167:21,,,2010,TRUE,TRUE,ready_for_build
1413,GAZP_10,GAZP,10_1,2010,120,21,,Tri_wil,native,0.5,species,cover,167,block:167:21,,,2010,TRUE,TRUE,ready_for_build
1414,GAZP_10,GAZP,10_1,2010,120,24,1,Cal_cil,native,1.25,species,cover,167,plot:167:24:1,,,2010,TRUE,TRUE,ready_for_build
1415,GAZP_10,GAZP,10_1,2010,120,24,1,Ely_gla,native,6.625,species,cover,167,plot:167:24:1,,,2010,TRUE,TRUE,ready_for_build
1416,GAZP_10,GAZP,10_1,2010,120,24,1,Gri_hir,native,11.625,species,cover,167,plot:167:24:1,,,2010,TRUE,TRUE,ready_for_build
1417,GAZP_10,GAZP,10_1,2010,120,24,1,Ley_tri,native,9.625,species,cover,167,plot:167:24:1,,,2010,TRUE,TRUE,ready_for_build
1418,GAZP_10,GAZP,10_1,2010,120,24,1,Mel_cal,native,0,species,cover,167,plot:167:24:1,,,2010,TRUE,TRUE,ready_for_build
1419,GAZP_10,GAZP,10_1,2010,120,24,1,Nas_pul,native,11.125,species,cover,167,plot:167:24:1,,,2010,TRUE,TRUE,ready_for_build
1420,GAZP_10,GAZP,10_1,2010,120,24,1,Tri_bif,native,0.125,species,cover,167,plot:167:24:1,,,2010,TRUE,TRUE,ready_for_build
1421,GAZP_10,GAZP,10_1,2010,120,24,1,Tri_wil,native,1,species,cover,167,plot:167:24:1,,,2010,TRUE,TRUE,ready_for_build
1422,GAZP_10,GAZP,10_1,2010,120,24,2,Cal_cil,native,5.125,species,cover,167,plot:167:24:2,,,2010,TRUE,TRUE,ready_for_build
1423,GAZP_10,GAZP,10_1,2010,120,24,2,Ely_gla,native,4.625,species,cover,167,plot:167:24:2,,,2010,TRUE,TRUE,ready_for_build
1424,GAZP_10,GAZP,10_1,2010,120,24,2,Gri_hir,native,42.625,species,cover,167,plot:167:24:2,,,2010,TRUE,TRUE,ready_for_build
1425,GAZP_10,GAZP,10_1,2010,120,24,2,Ley_tri,native,11,species,cover,167,plot:167:24:2,,,2010,TRUE,TRUE,ready_for_build
1426,GAZP_10,GAZP,10_1,2010,120,24,2,Mel_cal,native,0.25,species,cover,167,plot:167:24:2,,,2010,TRUE,TRUE,ready_for_build
1427,GAZP_10,GAZP,10_1,2010,120,24,2,Nas_pul,native,10.625,species,cover,167,plot:167:24:2,,,2010,TRUE,TRUE,ready_for_build
1428,GAZP_10,GAZP,10_1,2010,120,24,2,Tri_bif,native,0,species,cover,167,plot:167:24:2,,,2010,TRUE,TRUE,ready_for_build
1429,GAZP_10,GAZP,10_1,2010,120,24,2,Tri_wil,native,0,species,cover,167,plot:167:24:2,,,2010,TRUE,TRUE,ready_for_build
1430,GAZP_10,GAZP,10_1,2010,120,24,,Cal_cil,native,3.25,species,cover,167,block:167:24,,,2010,TRUE,TRUE,ready_for_build
1431,GAZP_10,GAZP,10_1,2010,120,24,,Ely_gla,native,5,species,cover,167,block:167:24,,,2010,TRUE,TRUE,ready_for_build
1432,GAZP_10,GAZP,10_1,2010,120,24,,Gri_hir,native,41.125,species,cover,167,block:167:24,,,2010,TRUE,TRUE,ready_for_build
1433,GAZP_10,GAZP,10_1,2010,120,24,,Ley_tri,native,12.875,species,cover,167,block:167:24,,,2010,TRUE,TRUE,ready_for_build
1434,GAZP_10,GAZP,10_1,2010,120,24,,Mel_cal,native,0.5,species,cover,167,block:167:24,,,2010,TRUE,TRUE,ready_for_build
1435,GAZP_10,GAZP,10_1,2010,120,24,,Nas_pul,native,13.625,species,cover,167,block:167:24,,,2010,TRUE,TRUE,ready_for_build
1436,GAZP_10,GAZP,10_1,2010,120,24,,Tri_bif,native,0.25,species,cover,167,block:167:24,,,2010,TRUE,TRUE,ready_for_build
1437,GAZP_10,GAZP,10_1,2010,120,24,,Tri_wil,native,0.375,species,cover,167,block:167:24,,,2010,TRUE,TRUE,ready_for_build
1438,GAZP_10,GAZP,10_2,2010,120,3,1,Cal_cil,native,0,species,cover,167,plot:167:3:1,,,2010,TRUE,TRUE,ready_for_build
1439,GAZP_10,GAZP,10_2,2010,120,3,1,Ely_gla,native,2.375,species,cover,167,plot:167:3:1,,,2010,TRUE,TRUE,ready_for_build
1440,GAZP_10,GAZP,10_2,2010,120,3,1,Gri_hir,native,70.625,species,cover,167,plot:167:3:1,,,2010,TRUE,TRUE,ready_for_build
1441,GAZP_10,GAZP,10_2,2010,120,3,1,Ley_tri,native,3.5,species,cover,167,plot:167:3:1,,,2010,TRUE,TRUE,ready_for_build
1442,GAZP_10,GAZP,10_2,2010,120,3,1,Mel_cal,native,0,species,cover,167,plot:167:3:1,,,2010,TRUE,TRUE,ready_for_build
1443,GAZP_10,GAZP,10_2,2010,120,3,1,Nas_pul,native,48.75,species,cover,167,plot:167:3:1,,,2010,TRUE,TRUE,ready_for_build
1444,GAZP_10,GAZP,10_2,2010,120,3,1,Tri_bif,native,0,species,cover,167,plot:167:3:1,,,2010,TRUE,TRUE,ready_for_build
1445,GAZP_10,GAZP,10_2,2010,120,3,1,Tri_wil,native,0,species,cover,167,plot:167:3:1,,,2010,TRUE,TRUE,ready_for_build
1446,GAZP_10,GAZP,10_2,2010,120,3,2,Cal_cil,native,0,species,cover,167,plot:167:3:2,,,2010,TRUE,TRUE,ready_for_build
1447,GAZP_10,GAZP,10_2,2010,120,3,2,Ely_gla,native,7.25,species,cover,167,plot:167:3:2,,,2010,TRUE,TRUE,ready_for_build
1448,GAZP_10,GAZP,10_2,2010,120,3,2,Gri_hir,native,81,species,cover,167,plot:167:3:2,,,2010,TRUE,TRUE,ready_for_build
1449,GAZP_10,GAZP,10_2,2010,120,3,2,Ley_tri,native,3.25,species,cover,167,plot:167:3:2,,,2010,TRUE,TRUE,ready_for_build
1450,GAZP_10,GAZP,10_2,2010,120,3,2,Mel_cal,native,0,species,cover,167,plot:167:3:2,,,2010,TRUE,TRUE,ready_for_build
1451,GAZP_10,GAZP,10_2,2010,120,3,2,Nas_pul,native,21.75,species,cover,167,plot:167:3:2,,,2010,TRUE,TRUE,ready_for_build
1452,GAZP_10,GAZP,10_2,2010,120,3,2,Tri_bif,native,0,species,cover,167,plot:167:3:2,,,2010,TRUE,TRUE,ready_for_build
1453,GAZP_10,GAZP,10_2,2010,120,3,2,Tri_wil,native,0,species,cover,167,plot:167:3:2,,,2010,TRUE,TRUE,ready_for_build
1454,GAZP_10,GAZP,10_2,2010,120,3,,Cal_cil,native,0,species,cover,167,block:167:3,,,2010,TRUE,TRUE,ready_for_build
1455,GAZP_10,GAZP,10_2,2010,120,3,,Ely_gla,native,9.5,species,cover,167,block:167:3,,,2010,TRUE,TRUE,ready_for_build
1456,GAZP_10,GAZP,10_2,2010,120,3,,Gri_hir,native,77.5,species,cover,167,block:167:3,,,2010,TRUE,TRUE,ready_for_build
1457,GAZP_10,GAZP,10_2,2010,120,3,,Ley_tri,native,5.625,species,cover,167,block:167:3,,,2010,TRUE,TRUE,ready_for_build
1458,GAZP_10,GAZP,10_2,2010,120,3,,Mel_cal,native,0,species,cover,167,block:167:3,,,2010,TRUE,TRUE,ready_for_build
1459,GAZP_10,GAZP,10_2,2010,120,3,,Nas_pul,native,24.375,species,cover,167,block:167:3,,,2010,TRUE,TRUE,ready_for_build
1460,GAZP_10,GAZP,10_2,2010,120,3,,Tri_bif,native,0,species,cover,167,block:167:3,,,2010,TRUE,TRUE,ready_for_build
1461,GAZP_10,GAZP,10_2,2010,120,3,,Tri_wil,native,0,species,cover,167,block:167:3,,,2010,TRUE,TRUE,ready_for_build
1462,GAZP_10,GAZP,10_2,2010,120,6,1,Cal_cil,native,0,species,cover,167,plot:167:6:1,,,2010,TRUE,TRUE,ready_for_build
1463,GAZP_10,GAZP,10_2,2010,120,6,1,Ely_gla,native,0,species,cover,167,plot:167:6:1,,,2010,TRUE,TRUE,ready_for_build
1464,GAZP_10,GAZP,10_2,2010,120,6,1,Gri_hir,native,85,species,cover,167,plot:167:6:1,,,2010,TRUE,TRUE,ready_for_build
1465,GAZP_10,GAZP,10_2,2010,120,6,1,Ley_tri,native,3,species,cover,167,plot:167:6:1,,,2010,TRUE,TRUE,ready_for_build
1466,GAZP_10,GAZP,10_2,2010,120,6,1,Mel_cal,native,0.625,species,cover,167,plot:167:6:1,,,2010,TRUE,TRUE,ready_for_build
1467,GAZP_10,GAZP,10_2,2010,120,6,1,Nas_pul,native,41.875,species,cover,167,plot:167:6:1,,,2010,TRUE,TRUE,ready_for_build
1468,GAZP_10,GAZP,10_2,2010,120,6,1,Tri_bif,native,0,species,cover,167,plot:167:6:1,,,2010,TRUE,TRUE,ready_for_build
1469,GAZP_10,GAZP,10_2,2010,120,6,1,Tri_wil,native,0,species,cover,167,plot:167:6:1,,,2010,TRUE,TRUE,ready_for_build
1470,GAZP_10,GAZP,10_2,2010,120,6,2,Cal_cil,native,0,species,cover,167,plot:167:6:2,,,2010,TRUE,TRUE,ready_for_build
1471,GAZP_10,GAZP,10_2,2010,120,6,2,Ely_gla,native,1.875,species,cover,167,plot:167:6:2,,,2010,TRUE,TRUE,ready_for_build
1472,GAZP_10,GAZP,10_2,2010,120,6,2,Gri_hir,native,80,species,cover,167,plot:167:6:2,,,2010,TRUE,TRUE,ready_for_build
1473,GAZP_10,GAZP,10_2,2010,120,6,2,Ley_tri,native,7.875,species,cover,167,plot:167:6:2,,,2010,TRUE,TRUE,ready_for_build
1474,GAZP_10,GAZP,10_2,2010,120,6,2,Mel_cal,native,0.5,species,cover,167,plot:167:6:2,,,2010,TRUE,TRUE,ready_for_build
1475,GAZP_10,GAZP,10_2,2010,120,6,2,Nas_pul,native,40,species,cover,167,plot:167:6:2,,,2010,TRUE,TRUE,ready_for_build
1476,GAZP_10,GAZP,10_2,2010,120,6,2,Tri_bif,native,0,species,cover,167,plot:167:6:2,,,2010,TRUE,TRUE,ready_for_build
1477,GAZP_10,GAZP,10_2,2010,120,6,2,Tri_wil,native,0,species,cover,167,plot:167:6:2,,,2010,TRUE,TRUE,ready_for_build
1478,GAZP_10,GAZP,10_2,2010,120,6,,Cal_cil,native,0,species,cover,167,block:167:6,,,2010,TRUE,TRUE,ready_for_build
1479,GAZP_10,GAZP,10_2,2010,120,6,,Ely_gla,native,5.5,species,cover,167,block:167:6,,,2010,TRUE,TRUE,ready_for_build
1480,GAZP_10,GAZP,10_2,2010,120,6,,Gri_hir,native,69.125,species,cover,167,block:167:6,,,2010,TRUE,TRUE,ready_for_build
1481,GAZP_10,GAZP,10_2,2010,120,6,,Ley_tri,native,4.5,species,cover,167,block:167:6,,,2010,TRUE,TRUE,ready_for_build
1482,GAZP_10,GAZP,10_2,2010,120,6,,Mel_cal,native,0.25,species,cover,167,block:167:6,,,2010,TRUE,TRUE,ready_for_build
1483,GAZP_10,GAZP,10_2,2010,120,6,,Nas_pul,native,48.125,species,cover,167,block:167:6,,,2010,TRUE,TRUE,ready_for_build
1484,GAZP_10,GAZP,10_2,2010,120,6,,Tri_bif,native,0,species,cover,167,block:167:6,,,2010,TRUE,TRUE,ready_for_build
1485,GAZP_10,GAZP,10_2,2010,120,6,,Tri_wil,native,0,species,cover,167,block:167:6,,,2010,TRUE,TRUE,ready_for_build
1486,GAZP_10,GAZP,10_2,2010,120,8,1,Cal_cil,native,0,species,cover,167,plot:167:8:1,,,2010,TRUE,TRUE,ready_for_build
1487,GAZP_10,GAZP,10_2,2010,120,8,1,Ely_gla,native,0.75,species,cover,167,plot:167:8:1,,,2010,TRUE,TRUE,ready_for_build
1488,GAZP_10,GAZP,10_2,2010,120,8,1,Gri_hir,native,26.875,species,cover,167,plot:167:8:1,,,2010,TRUE,TRUE,ready_for_build
1489,GAZP_10,GAZP,10_2,2010,120,8,1,Ley_tri,native,0.375,species,cover,167,plot:167:8:1,,,2010,TRUE,TRUE,ready_for_build
1490,GAZP_10,GAZP,10_2,2010,120,8,1,Mel_cal,native,0,species,cover,167,plot:167:8:1,,,2010,TRUE,TRUE,ready_for_build
1491,GAZP_10,GAZP,10_2,2010,120,8,1,Nas_pul,native,83.75,species,cover,167,plot:167:8:1,,,2010,TRUE,TRUE,ready_for_build
1492,GAZP_10,GAZP,10_2,2010,120,8,1,Tri_bif,native,1.25,species,cover,167,plot:167:8:1,,,2010,TRUE,TRUE,ready_for_build
1493,GAZP_10,GAZP,10_2,2010,120,8,1,Tri_wil,native,0.125,species,cover,167,plot:167:8:1,,,2010,TRUE,TRUE,ready_for_build
1494,GAZP_10,GAZP,10_2,2010,120,8,2,Cal_cil,native,0,species,cover,167,plot:167:8:2,,,2010,TRUE,TRUE,ready_for_build
1495,GAZP_10,GAZP,10_2,2010,120,8,2,Ely_gla,native,14.25,species,cover,167,plot:167:8:2,,,2010,TRUE,TRUE,ready_for_build
1496,GAZP_10,GAZP,10_2,2010,120,8,2,Gri_hir,native,72.5,species,cover,167,plot:167:8:2,,,2010,TRUE,TRUE,ready_for_build
1497,GAZP_10,GAZP,10_2,2010,120,8,2,Ley_tri,native,0.75,species,cover,167,plot:167:8:2,,,2010,TRUE,TRUE,ready_for_build
1498,GAZP_10,GAZP,10_2,2010,120,8,2,Mel_cal,native,0,species,cover,167,plot:167:8:2,,,2010,TRUE,TRUE,ready_for_build
1499,GAZP_10,GAZP,10_2,2010,120,8,2,Nas_pul,native,48.75,species,cover,167,plot:167:8:2,,,2010,TRUE,TRUE,ready_for_build
1500,GAZP_10,GAZP,10_2,2010,120,8,2,Tri_bif,native,0,species,cover,167,plot:167:8:2,,,2010,TRUE,TRUE,ready_for_build
1501,GAZP_10,GAZP,10_2,2010,120,8,2,Tri_wil,native,0,species,cover,167,plot:167:8:2,,,2010,TRUE,TRUE,ready_for_build
1502,GAZP_10,GAZP,10_2,2010,120,8,,Cal_cil,native,0,species,cover,167,block:167:8,,,2010,TRUE,TRUE,ready_for_build
1503,GAZP_10,GAZP,10_2,2010,120,8,,Ely_gla,native,4.75,species,cover,167,block:167:8,,,2010,TRUE,TRUE,ready_for_build
1504,GAZP_10,GAZP,10_2,2010,120,8,,Gri_hir,native,58.75,species,cover,167,block:167:8,,,2010,TRUE,TRUE,ready_for_build
1505,GAZP_10,GAZP,10_2,2010,120,8,,Ley_tri,native,2.5,species,cover,167,block:167:8,,,2010,TRUE,TRUE,ready_for_build
1506,GAZP_10,GAZP,10_2,2010,120,8,,Mel_cal,native,0,species,cover,167,block:167:8,,,2010,TRUE,TRUE,ready_for_build
1507,GAZP_10,GAZP,10_2,2010,120,8,,Nas_pul,native,61.25,species,cover,167,block:167:8,,,2010,TRUE,TRUE,ready_for_build
1508,GAZP_10,GAZP,10_2,2010,120,8,,Tri_bif,native,0.625,species,cover,167,block:167:8,,,2010,TRUE,TRUE,ready_for_build
1509,GAZP_10,GAZP,10_2,2010,120,8,,Tri_wil,native,0,species,cover,167,block:167:8,,,2010,TRUE,TRUE,ready_for_build
1510,GAZP_10,GAZP,10_2,2010,120,9,1,Cal_cil,native,0,species,cover,167,plot:167:9:1,,,2010,TRUE,TRUE,ready_for_build
1511,GAZP_10,GAZP,10_2,2010,120,9,1,Ely_gla,native,5.25,species,cover,167,plot:167:9:1,,,2010,TRUE,TRUE,ready_for_build
1512,GAZP_10,GAZP,10_2,2010,120,9,1,Gri_hir,native,28.75,species,cover,167,plot:167:9:1,,,2010,TRUE,TRUE,ready_for_build
1513,GAZP_10,GAZP,10_2,2010,120,9,1,Ley_tri,native,1.375,species,cover,167,plot:167:9:1,,,2010,TRUE,TRUE,ready_for_build
1514,GAZP_10,GAZP,10_2,2010,120,9,1,Mel_cal,native,0.125,species,cover,167,plot:167:9:1,,,2010,TRUE,TRUE,ready_for_build
1515,GAZP_10,GAZP,10_2,2010,120,9,1,Nas_pul,native,61.25,species,cover,167,plot:167:9:1,,,2010,TRUE,TRUE,ready_for_build
1516,GAZP_10,GAZP,10_2,2010,120,9,1,Tri_bif,native,0,species,cover,167,plot:167:9:1,,,2010,TRUE,TRUE,ready_for_build
1517,GAZP_10,GAZP,10_2,2010,120,9,1,Tri_wil,native,0,species,cover,167,plot:167:9:1,,,2010,TRUE,TRUE,ready_for_build
1518,GAZP_10,GAZP,10_2,2010,120,9,2,Cal_cil,native,0,species,cover,167,plot:167:9:2,,,2010,TRUE,TRUE,ready_for_build
1519,GAZP_10,GAZP,10_2,2010,120,9,2,Ely_gla,native,5.75,species,cover,167,plot:167:9:2,,,2010,TRUE,TRUE,ready_for_build
1520,GAZP_10,GAZP,10_2,2010,120,9,2,Gri_hir,native,71.875,species,cover,167,plot:167:9:2,,,2010,TRUE,TRUE,ready_for_build
1521,GAZP_10,GAZP,10_2,2010,120,9,2,Ley_tri,native,5.875,species,cover,167,plot:167:9:2,,,2010,TRUE,TRUE,ready_for_build
1522,GAZP_10,GAZP,10_2,2010,120,9,2,Mel_cal,native,0,species,cover,167,plot:167:9:2,,,2010,TRUE,TRUE,ready_for_build
1523,GAZP_10,GAZP,10_2,2010,120,9,2,Nas_pul,native,53.125,species,cover,167,plot:167:9:2,,,2010,TRUE,TRUE,ready_for_build
1524,GAZP_10,GAZP,10_2,2010,120,9,2,Tri_bif,native,0,species,cover,167,plot:167:9:2,,,2010,TRUE,TRUE,ready_for_build
1525,GAZP_10,GAZP,10_2,2010,120,9,2,Tri_wil,native,0,species,cover,167,plot:167:9:2,,,2010,TRUE,TRUE,ready_for_build
1526,GAZP_10,GAZP,10_2,2010,120,9,,Cal_cil,native,0,species,cover,167,block:167:9,,,2010,TRUE,TRUE,ready_for_build
1527,GAZP_10,GAZP,10_2,2010,120,9,,Ely_gla,native,9,species,cover,167,block:167:9,,,2010,TRUE,TRUE,ready_for_build
1528,GAZP_10,GAZP,10_2,2010,120,9,,Gri_hir,native,56.25,species,cover,167,block:167:9,,,2010,TRUE,TRUE,ready_for_build
1529,GAZP_10,GAZP,10_2,2010,120,9,,Ley_tri,native,2.25,species,cover,167,block:167:9,,,2010,TRUE,TRUE,ready_for_build
1530,GAZP_10,GAZP,10_2,2010,120,9,,Mel_cal,native,0.125,species,cover,167,block:167:9,,,2010,TRUE,TRUE,ready_for_build
1531,GAZP_10,GAZP,10_2,2010,120,9,,Nas_pul,native,59.375,species,cover,167,block:167:9,,,2010,TRUE,TRUE,ready_for_build
1532,GAZP_10,GAZP,10_2,2010,120,9,,Tri_bif,native,0,species,cover,167,block:167:9,,,2010,TRUE,TRUE,ready_for_build
1533,GAZP_10,GAZP,10_2,2010,120,9,,Tri_wil,native,0.125,species,cover,167,block:167:9,,,2010,TRUE,TRUE,ready_for_build
1534,GAZP_10,GAZP,10_2,2010,120,11,1,Cal_cil,native,0,species,cover,167,plot:167:11:1,,,2010,TRUE,TRUE,ready_for_build
1535,GAZP_10,GAZP,10_2,2010,120,11,1,Ely_gla,native,2.625,species,cover,167,plot:167:11:1,,,2010,TRUE,TRUE,ready_for_build
1536,GAZP_10,GAZP,10_2,2010,120,11,1,Gri_hir,native,61.25,species,cover,167,plot:167:11:1,,,2010,TRUE,TRUE,ready_for_build
1537,GAZP_10,GAZP,10_2,2010,120,11,1,Ley_tri,native,0,species,cover,167,plot:167:11:1,,,2010,TRUE,TRUE,ready_for_build
1538,GAZP_10,GAZP,10_2,2010,120,11,1,Mel_cal,native,0,species,cover,167,plot:167:11:1,,,2010,TRUE,TRUE,ready_for_build
1539,GAZP_10,GAZP,10_2,2010,120,11,1,Nas_pul,native,31.625,species,cover,167,plot:167:11:1,,,2010,TRUE,TRUE,ready_for_build
1540,GAZP_10,GAZP,10_2,2010,120,11,1,Tri_bif,native,0,species,cover,167,plot:167:11:1,,,2010,TRUE,TRUE,ready_for_build
1541,GAZP_10,GAZP,10_2,2010,120,11,1,Tri_wil,native,0,species,cover,167,plot:167:11:1,,,2010,TRUE,TRUE,ready_for_build
1542,GAZP_10,GAZP,10_2,2010,120,11,2,Cal_cil,native,0,species,cover,167,plot:167:11:2,,,2010,TRUE,TRUE,ready_for_build
1543,GAZP_10,GAZP,10_2,2010,120,11,2,Ely_gla,native,11.25,species,cover,167,plot:167:11:2,,,2010,TRUE,TRUE,ready_for_build
1544,GAZP_10,GAZP,10_2,2010,120,11,2,Gri_hir,native,76,species,cover,167,plot:167:11:2,,,2010,TRUE,TRUE,ready_for_build
1545,GAZP_10,GAZP,10_2,2010,120,11,2,Ley_tri,native,0.375,species,cover,167,plot:167:11:2,,,2010,TRUE,TRUE,ready_for_build
1546,GAZP_10,GAZP,10_2,2010,120,11,2,Mel_cal,native,0,species,cover,167,plot:167:11:2,,,2010,TRUE,TRUE,ready_for_build
1547,GAZP_10,GAZP,10_2,2010,120,11,2,Nas_pul,native,25.875,species,cover,167,plot:167:11:2,,,2010,TRUE,TRUE,ready_for_build
1548,GAZP_10,GAZP,10_2,2010,120,11,2,Tri_bif,native,0,species,cover,167,plot:167:11:2,,,2010,TRUE,TRUE,ready_for_build
1549,GAZP_10,GAZP,10_2,2010,120,11,2,Tri_wil,native,0,species,cover,167,plot:167:11:2,,,2010,TRUE,TRUE,ready_for_build
1550,GAZP_10,GAZP,10_2,2010,120,11,,Cal_cil,native,0,species,cover,167,block:167:11,,,2010,TRUE,TRUE,ready_for_build
1551,GAZP_10,GAZP,10_2,2010,120,11,,Ely_gla,native,6.75,species,cover,167,block:167:11,,,2010,TRUE,TRUE,ready_for_build
1552,GAZP_10,GAZP,10_2,2010,120,11,,Gri_hir,native,75.625,species,cover,167,block:167:11,,,2010,TRUE,TRUE,ready_for_build
1553,GAZP_10,GAZP,10_2,2010,120,11,,Ley_tri,native,1.625,species,cover,167,block:167:11,,,2010,TRUE,TRUE,ready_for_build
1554,GAZP_10,GAZP,10_2,2010,120,11,,Mel_cal,native,0,species,cover,167,block:167:11,,,2010,TRUE,TRUE,ready_for_build
1555,GAZP_10,GAZP,10_2,2010,120,11,,Nas_pul,native,19.375,species,cover,167,block:167:11,,,2010,TRUE,TRUE,ready_for_build
1556,GAZP_10,GAZP,10_2,2010,120,11,,Tri_bif,native,0,species,cover,167,block:167:11,,,2010,TRUE,TRUE,ready_for_build
1557,GAZP_10,GAZP,10_2,2010,120,11,,Tri_wil,native,0,species,cover,167,block:167:11,,,2010,TRUE,TRUE,ready_for_build
1558,GAZP_10,GAZP,10_2,2010,120,16,1,Cal_cil,native,0.125,species,cover,167,plot:167:16:1,,,2010,TRUE,TRUE,ready_for_build
1559,GAZP_10,GAZP,10_2,2010,120,16,1,Ely_gla,native,0,species,cover,167,plot:167:16:1,,,2010,TRUE,TRUE,ready_for_build
1560,GAZP_10,GAZP,10_2,2010,120,16,1,Gri_hir,native,22.5,species,cover,167,plot:167:16:1,,,2010,TRUE,TRUE,ready_for_build
1561,GAZP_10,GAZP,10_2,2010,120,16,1,Ley_tri,native,0.25,species,cover,167,plot:167:16:1,,,2010,TRUE,TRUE,ready_for_build
1562,GAZP_10,GAZP,10_2,2010,120,16,1,Mel_cal,native,0,species,cover,167,plot:167:16:1,,,2010,TRUE,TRUE,ready_for_build
1563,GAZP_10,GAZP,10_2,2010,120,16,1,Nas_pul,native,23.125,species,cover,167,plot:167:16:1,,,2010,TRUE,TRUE,ready_for_build
1564,GAZP_10,GAZP,10_2,2010,120,16,1,Tri_bif,native,0,species,cover,167,plot:167:16:1,,,2010,TRUE,TRUE,ready_for_build
1565,GAZP_10,GAZP,10_2,2010,120,16,1,Tri_wil,native,0.875,species,cover,167,plot:167:16:1,,,2010,TRUE,TRUE,ready_for_build
1566,GAZP_10,GAZP,10_2,2010,120,16,2,Cal_cil,native,2.125,species,cover,167,plot:167:16:2,,,2010,TRUE,TRUE,ready_for_build
1567,GAZP_10,GAZP,10_2,2010,120,16,2,Ely_gla,native,5.5,species,cover,167,plot:167:16:2,,,2010,TRUE,TRUE,ready_for_build
1568,GAZP_10,GAZP,10_2,2010,120,16,2,Gri_hir,native,60.625,species,cover,167,plot:167:16:2,,,2010,TRUE,TRUE,ready_for_build
1569,GAZP_10,GAZP,10_2,2010,120,16,2,Ley_tri,native,0.25,species,cover,167,plot:167:16:2,,,2010,TRUE,TRUE,ready_for_build
1570,GAZP_10,GAZP,10_2,2010,120,16,2,Mel_cal,native,0,species,cover,167,plot:167:16:2,,,2010,TRUE,TRUE,ready_for_build
1571,GAZP_10,GAZP,10_2,2010,120,16,2,Nas_pul,native,27.875,species,cover,167,plot:167:16:2,,,2010,TRUE,TRUE,ready_for_build
1572,GAZP_10,GAZP,10_2,2010,120,16,2,Tri_bif,native,0,species,cover,167,plot:167:16:2,,,2010,TRUE,TRUE,ready_for_build
1573,GAZP_10,GAZP,10_2,2010,120,16,2,Tri_wil,native,0,species,cover,167,plot:167:16:2,,,2010,TRUE,TRUE,ready_for_build
1574,GAZP_10,GAZP,10_2,2010,120,16,,Cal_cil,native,1.75,species,cover,167,block:167:16,,,2010,TRUE,TRUE,ready_for_build
1575,GAZP_10,GAZP,10_2,2010,120,16,,Ely_gla,native,6,species,cover,167,block:167:16,,,2010,TRUE,TRUE,ready_for_build
1576,GAZP_10,GAZP,10_2,2010,120,16,,Gri_hir,native,60,species,cover,167,block:167:16,,,2010,TRUE,TRUE,ready_for_build
1577,GAZP_10,GAZP,10_2,2010,120,16,,Ley_tri,native,5.25,species,cover,167,block:167:16,,,2010,TRUE,TRUE,ready_for_build
1578,GAZP_10,GAZP,10_2,2010,120,16,,Mel_cal,native,0.625,species,cover,167,block:167:16,,,2010,TRUE,TRUE,ready_for_build
1579,GAZP_10,GAZP,10_2,2010,120,16,,Nas_pul,native,43.75,species,cover,167,block:167:16,,,2010,TRUE,TRUE,ready_for_build
1580,GAZP_10,GAZP,10_2,2010,120,16,,Tri_bif,native,0.125,species,cover,167,block:167:16,,,2010,TRUE,TRUE,ready_for_build
1581,GAZP_10,GAZP,10_2,2010,120,16,,Tri_wil,native,0.625,species,cover,167,block:167:16,,,2010,TRUE,TRUE,ready_for_build
1582,GAZP_10,GAZP,10_2,2010,120,18,1,Cal_cil,native,0,species,cover,167,plot:167:18:1,,,2010,TRUE,TRUE,ready_for_build
1583,GAZP_10,GAZP,10_2,2010,120,18,1,Ely_gla,native,10.5,species,cover,167,plot:167:18:1,,,2010,TRUE,TRUE,ready_for_build
1584,GAZP_10,GAZP,10_2,2010,120,18,1,Gri_hir,native,66.25,species,cover,167,plot:167:18:1,,,2010,TRUE,TRUE,ready_for_build
1585,GAZP_10,GAZP,10_2,2010,120,18,1,Ley_tri,native,1,species,cover,167,plot:167:18:1,,,2010,TRUE,TRUE,ready_for_build
1586,GAZP_10,GAZP,10_2,2010,120,18,1,Mel_cal,native,0,species,cover,167,plot:167:18:1,,,2010,TRUE,TRUE,ready_for_build
1587,GAZP_10,GAZP,10_2,2010,120,18,1,Nas_pul,native,16.25,species,cover,167,plot:167:18:1,,,2010,TRUE,TRUE,ready_for_build
1588,GAZP_10,GAZP,10_2,2010,120,18,1,Tri_bif,native,0,species,cover,167,plot:167:18:1,,,2010,TRUE,TRUE,ready_for_build
1589,GAZP_10,GAZP,10_2,2010,120,18,1,Tri_wil,native,0,species,cover,167,plot:167:18:1,,,2010,TRUE,TRUE,ready_for_build
1590,GAZP_10,GAZP,10_2,2010,120,18,2,Cal_cil,native,0,species,cover,167,plot:167:18:2,,,2010,TRUE,TRUE,ready_for_build
1591,GAZP_10,GAZP,10_2,2010,120,18,2,Ely_gla,native,1.25,species,cover,167,plot:167:18:2,,,2010,TRUE,TRUE,ready_for_build
1592,GAZP_10,GAZP,10_2,2010,120,18,2,Gri_hir,native,40.25,species,cover,167,plot:167:18:2,,,2010,TRUE,TRUE,ready_for_build
1593,GAZP_10,GAZP,10_2,2010,120,18,2,Ley_tri,native,4.375,species,cover,167,plot:167:18:2,,,2010,TRUE,TRUE,ready_for_build
1594,GAZP_10,GAZP,10_2,2010,120,18,2,Mel_cal,native,0,species,cover,167,plot:167:18:2,,,2010,TRUE,TRUE,ready_for_build
1595,GAZP_10,GAZP,10_2,2010,120,18,2,Nas_pul,native,42.5,species,cover,167,plot:167:18:2,,,2010,TRUE,TRUE,ready_for_build
1596,GAZP_10,GAZP,10_2,2010,120,18,2,Tri_bif,native,0,species,cover,167,plot:167:18:2,,,2010,TRUE,TRUE,ready_for_build
1597,GAZP_10,GAZP,10_2,2010,120,18,2,Tri_wil,native,0.25,species,cover,167,plot:167:18:2,,,2010,TRUE,TRUE,ready_for_build
1598,GAZP_10,GAZP,10_2,2010,120,18,,Cal_cil,native,0.375,species,cover,167,block:167:18,,,2010,TRUE,TRUE,ready_for_build
1599,GAZP_10,GAZP,10_2,2010,120,18,,Ely_gla,native,5.125,species,cover,167,block:167:18,,,2010,TRUE,TRUE,ready_for_build
1600,GAZP_10,GAZP,10_2,2010,120,18,,Gri_hir,native,58.375,species,cover,167,block:167:18,,,2010,TRUE,TRUE,ready_for_build
1601,GAZP_10,GAZP,10_2,2010,120,18,,Ley_tri,native,3.375,species,cover,167,block:167:18,,,2010,TRUE,TRUE,ready_for_build
1602,GAZP_10,GAZP,10_2,2010,120,18,,Mel_cal,native,0,species,cover,167,block:167:18,,,2010,TRUE,TRUE,ready_for_build
1603,GAZP_10,GAZP,10_2,2010,120,18,,Nas_pul,native,40,species,cover,167,block:167:18,,,2010,TRUE,TRUE,ready_for_build
1604,GAZP_10,GAZP,10_2,2010,120,18,,Tri_bif,native,0,species,cover,167,block:167:18,,,2010,TRUE,TRUE,ready_for_build
1605,GAZP_10,GAZP,10_2,2010,120,18,,Tri_wil,native,0.25,species,cover,167,block:167:18,,,2010,TRUE,TRUE,ready_for_build
1606,GAZP_10,GAZP,10_2,2010,120,19,1,Cal_cil,native,0,species,cover,167,plot:167:19:1,,,2010,TRUE,TRUE,ready_for_build
1607,GAZP_10,GAZP,10_2,2010,120,19,1,Ely_gla,native,0.125,species,cover,167,plot:167:19:1,,,2010,TRUE,TRUE,ready_for_build
1608,GAZP_10,GAZP,10_2,2010,120,19,1,Gri_hir,native,59.625,species,cover,167,plot:167:19:1,,,2010,TRUE,TRUE,ready_for_build
1609,GAZP_10,GAZP,10_2,2010,120,19,1,Ley_tri,native,0,species,cover,167,plot:167:19:1,,,2010,TRUE,TRUE,ready_for_build
1610,GAZP_10,GAZP,10_2,2010,120,19,1,Mel_cal,native,0,species,cover,167,plot:167:19:1,,,2010,TRUE,TRUE,ready_for_build
1611,GAZP_10,GAZP,10_2,2010,120,19,1,Nas_pul,native,53.75,species,cover,167,plot:167:19:1,,,2010,TRUE,TRUE,ready_for_build
1612,GAZP_10,GAZP,10_2,2010,120,19,1,Tri_bif,native,0,species,cover,167,plot:167:19:1,,,2010,TRUE,TRUE,ready_for_build
1613,GAZP_10,GAZP,10_2,2010,120,19,1,Tri_wil,native,0,species,cover,167,plot:167:19:1,,,2010,TRUE,TRUE,ready_for_build
1614,GAZP_10,GAZP,10_2,2010,120,19,2,Cal_cil,native,0,species,cover,167,plot:167:19:2,,,2010,TRUE,TRUE,ready_for_build
1615,GAZP_10,GAZP,10_2,2010,120,19,2,Ely_gla,native,4.375,species,cover,167,plot:167:19:2,,,2010,TRUE,TRUE,ready_for_build
1616,GAZP_10,GAZP,10_2,2010,120,19,2,Gri_hir,native,47.5,species,cover,167,plot:167:19:2,,,2010,TRUE,TRUE,ready_for_build
1617,GAZP_10,GAZP,10_2,2010,120,19,2,Ley_tri,native,4.875,species,cover,167,plot:167:19:2,,,2010,TRUE,TRUE,ready_for_build
1618,GAZP_10,GAZP,10_2,2010,120,19,2,Mel_cal,native,0,species,cover,167,plot:167:19:2,,,2010,TRUE,TRUE,ready_for_build
1619,GAZP_10,GAZP,10_2,2010,120,19,2,Nas_pul,native,48.75,species,cover,167,plot:167:19:2,,,2010,TRUE,TRUE,ready_for_build
1620,GAZP_10,GAZP,10_2,2010,120,19,2,Tri_bif,native,0,species,cover,167,plot:167:19:2,,,2010,TRUE,TRUE,ready_for_build
1621,GAZP_10,GAZP,10_2,2010,120,19,2,Tri_wil,native,0,species,cover,167,plot:167:19:2,,,2010,TRUE,TRUE,ready_for_build
1622,GAZP_10,GAZP,10_2,2010,120,19,,Cal_cil,native,0.125,species,cover,167,block:167:19,,,2010,TRUE,TRUE,ready_for_build
1623,GAZP_10,GAZP,10_2,2010,120,19,,Ely_gla,native,4.5,species,cover,167,block:167:19,,,2010,TRUE,TRUE,ready_for_build
1624,GAZP_10,GAZP,10_2,2010,120,19,,Gri_hir,native,40,species,cover,167,block:167:19,,,2010,TRUE,TRUE,ready_for_build
1625,GAZP_10,GAZP,10_2,2010,120,19,,Ley_tri,native,4.375,species,cover,167,block:167:19,,,2010,TRUE,TRUE,ready_for_build
1626,GAZP_10,GAZP,10_2,2010,120,19,,Mel_cal,native,0.75,species,cover,167,block:167:19,,,2010,TRUE,TRUE,ready_for_build
1627,GAZP_10,GAZP,10_2,2010,120,19,,Nas_pul,native,50,species,cover,167,block:167:19,,,2010,TRUE,TRUE,ready_for_build
1628,GAZP_10,GAZP,10_2,2010,120,19,,Tri_bif,native,0,species,cover,167,block:167:19,,,2010,TRUE,TRUE,ready_for_build
1629,GAZP_10,GAZP,10_2,2010,120,19,,Tri_wil,native,0.125,species,cover,167,block:167:19,,,2010,TRUE,TRUE,ready_for_build
1630,GAZP_10,GAZP,10_2,2010,120,20,1,Cal_cil,native,0,species,cover,167,plot:167:20:1,,,2010,TRUE,TRUE,ready_for_build
1631,GAZP_10,GAZP,10_2,2010,120,20,1,Ely_gla,native,10,species,cover,167,plot:167:20:1,,,2010,TRUE,TRUE,ready_for_build
1632,GAZP_10,GAZP,10_2,2010,120,20,1,Gri_hir,native,12.875,species,cover,167,plot:167:20:1,,,2010,TRUE,TRUE,ready_for_build
1633,GAZP_10,GAZP,10_2,2010,120,20,1,Ley_tri,native,1.375,species,cover,167,plot:167:20:1,,,2010,TRUE,TRUE,ready_for_build
1634,GAZP_10,GAZP,10_2,2010,120,20,1,Mel_cal,native,0,species,cover,167,plot:167:20:1,,,2010,TRUE,TRUE,ready_for_build
1635,GAZP_10,GAZP,10_2,2010,120,20,1,Nas_pul,native,27.5,species,cover,167,plot:167:20:1,,,2010,TRUE,TRUE,ready_for_build
1636,GAZP_10,GAZP,10_2,2010,120,20,1,Tri_bif,native,0,species,cover,167,plot:167:20:1,,,2010,TRUE,TRUE,ready_for_build
1637,GAZP_10,GAZP,10_2,2010,120,20,1,Tri_wil,native,0,species,cover,167,plot:167:20:1,,,2010,TRUE,TRUE,ready_for_build
1638,GAZP_10,GAZP,10_2,2010,120,20,2,Cal_cil,native,0,species,cover,167,plot:167:20:2,,,2010,TRUE,TRUE,ready_for_build
1639,GAZP_10,GAZP,10_2,2010,120,20,2,Ely_gla,native,9.5,species,cover,167,plot:167:20:2,,,2010,TRUE,TRUE,ready_for_build
1640,GAZP_10,GAZP,10_2,2010,120,20,2,Gri_hir,native,47.25,species,cover,167,plot:167:20:2,,,2010,TRUE,TRUE,ready_for_build
1641,GAZP_10,GAZP,10_2,2010,120,20,2,Ley_tri,native,2.375,species,cover,167,plot:167:20:2,,,2010,TRUE,TRUE,ready_for_build
1642,GAZP_10,GAZP,10_2,2010,120,20,2,Mel_cal,native,0.125,species,cover,167,plot:167:20:2,,,2010,TRUE,TRUE,ready_for_build
1643,GAZP_10,GAZP,10_2,2010,120,20,2,Nas_pul,native,61.25,species,cover,167,plot:167:20:2,,,2010,TRUE,TRUE,ready_for_build
1644,GAZP_10,GAZP,10_2,2010,120,20,2,Tri_bif,native,0,species,cover,167,plot:167:20:2,,,2010,TRUE,TRUE,ready_for_build
1645,GAZP_10,GAZP,10_2,2010,120,20,2,Tri_wil,native,0,species,cover,167,plot:167:20:2,,,2010,TRUE,TRUE,ready_for_build
1646,GAZP_10,GAZP,10_2,2010,120,20,,Cal_cil,native,0.25,species,cover,167,block:167:20,,,2010,TRUE,TRUE,ready_for_build
1647,GAZP_10,GAZP,10_2,2010,120,20,,Ely_gla,native,8.125,species,cover,167,block:167:20,,,2010,TRUE,TRUE,ready_for_build
1648,GAZP_10,GAZP,10_2,2010,120,20,,Gri_hir,native,50.625,species,cover,167,block:167:20,,,2010,TRUE,TRUE,ready_for_build
1649,GAZP_10,GAZP,10_2,2010,120,20,,Ley_tri,native,3.375,species,cover,167,block:167:20,,,2010,TRUE,TRUE,ready_for_build
1650,GAZP_10,GAZP,10_2,2010,120,20,,Mel_cal,native,0.375,species,cover,167,block:167:20,,,2010,TRUE,TRUE,ready_for_build
1651,GAZP_10,GAZP,10_2,2010,120,20,,Nas_pul,native,51.25,species,cover,167,block:167:20,,,2010,TRUE,TRUE,ready_for_build
1652,GAZP_10,GAZP,10_2,2010,120,20,,Tri_bif,native,0,species,cover,167,block:167:20,,,2010,TRUE,TRUE,ready_for_build
1653,GAZP_10,GAZP,10_2,2010,120,20,,Tri_wil,native,0,species,cover,167,block:167:20,,,2010,TRUE,TRUE,ready_for_build
1654,GAZP_10,GAZP,10_2,2010,120,22,1,Cal_cil,native,3.5,species,cover,167,plot:167:22:1,,,2010,TRUE,TRUE,ready_for_build
1655,GAZP_10,GAZP,10_2,2010,120,22,1,Ely_gla,native,10,species,cover,167,plot:167:22:1,,,2010,TRUE,TRUE,ready_for_build
1656,GAZP_10,GAZP,10_2,2010,120,22,1,Gri_hir,native,11.125,species,cover,167,plot:167:22:1,,,2010,TRUE,TRUE,ready_for_build
1657,GAZP_10,GAZP,10_2,2010,120,22,1,Ley_tri,native,1.875,species,cover,167,plot:167:22:1,,,2010,TRUE,TRUE,ready_for_build
1658,GAZP_10,GAZP,10_2,2010,120,22,1,Mel_cal,native,0.25,species,cover,167,plot:167:22:1,,,2010,TRUE,TRUE,ready_for_build
1659,GAZP_10,GAZP,10_2,2010,120,22,1,Nas_pul,native,26.875,species,cover,167,plot:167:22:1,,,2010,TRUE,TRUE,ready_for_build
1660,GAZP_10,GAZP,10_2,2010,120,22,1,Tri_bif,native,0,species,cover,167,plot:167:22:1,,,2010,TRUE,TRUE,ready_for_build
1661,GAZP_10,GAZP,10_2,2010,120,22,1,Tri_wil,native,0,species,cover,167,plot:167:22:1,,,2010,TRUE,TRUE,ready_for_build
1662,GAZP_10,GAZP,10_2,2010,120,22,2,Cal_cil,native,5.125,species,cover,167,plot:167:22:2,,,2010,TRUE,TRUE,ready_for_build
1663,GAZP_10,GAZP,10_2,2010,120,22,2,Ely_gla,native,16.625,species,cover,167,plot:167:22:2,,,2010,TRUE,TRUE,ready_for_build
1664,GAZP_10,GAZP,10_2,2010,120,22,2,Gri_hir,native,52.5,species,cover,167,plot:167:22:2,,,2010,TRUE,TRUE,ready_for_build
1665,GAZP_10,GAZP,10_2,2010,120,22,2,Ley_tri,native,1.5,species,cover,167,plot:167:22:2,,,2010,TRUE,TRUE,ready_for_build
1666,GAZP_10,GAZP,10_2,2010,120,22,2,Mel_cal,native,1,species,cover,167,plot:167:22:2,,,2010,TRUE,TRUE,ready_for_build
1667,GAZP_10,GAZP,10_2,2010,120,22,2,Nas_pul,native,24.375,species,cover,167,plot:167:22:2,,,2010,TRUE,TRUE,ready_for_build
1668,GAZP_10,GAZP,10_2,2010,120,22,2,Tri_bif,native,0,species,cover,167,plot:167:22:2,,,2010,TRUE,TRUE,ready_for_build
1669,GAZP_10,GAZP,10_2,2010,120,22,2,Tri_wil,native,0,species,cover,167,plot:167:22:2,,,2010,TRUE,TRUE,ready_for_build
1670,GAZP_10,GAZP,10_2,2010,120,22,,Cal_cil,native,2.25,species,cover,167,block:167:22,,,2010,TRUE,TRUE,ready_for_build
1671,GAZP_10,GAZP,10_2,2010,120,22,,Ely_gla,native,20.75,species,cover,167,block:167:22,,,2010,TRUE,TRUE,ready_for_build
1672,GAZP_10,GAZP,10_2,2010,120,22,,Gri_hir,native,56.25,species,cover,167,block:167:22,,,2010,TRUE,TRUE,ready_for_build
1673,GAZP_10,GAZP,10_2,2010,120,22,,Ley_tri,native,4.125,species,cover,167,block:167:22,,,2010,TRUE,TRUE,ready_for_build
1674,GAZP_10,GAZP,10_2,2010,120,22,,Mel_cal,native,0.5,species,cover,167,block:167:22,,,2010,TRUE,TRUE,ready_for_build
1675,GAZP_10,GAZP,10_2,2010,120,22,,Nas_pul,native,26,species,cover,167,block:167:22,,,2010,TRUE,TRUE,ready_for_build
1676,GAZP_10,GAZP,10_2,2010,120,22,,Tri_bif,native,0,species,cover,167,block:167:22,,,2010,TRUE,TRUE,ready_for_build
1677,GAZP_10,GAZP,10_2,2010,120,22,,Tri_wil,native,0.125,species,cover,167,block:167:22,,,2010,TRUE,TRUE,ready_for_build
1678,GAZP_10,GAZP,10_2,2010,120,23,1,Cal_cil,native,0,species,cover,167,plot:167:23:1,,,2010,TRUE,TRUE,ready_for_build
1679,GAZP_10,GAZP,10_2,2010,120,23,1,Ely_gla,native,0.25,species,cover,167,plot:167:23:1,,,2010,TRUE,TRUE,ready_for_build
1680,GAZP_10,GAZP,10_2,2010,120,23,1,Gri_hir,native,13.125,species,cover,167,plot:167:23:1,,,2010,TRUE,TRUE,ready_for_build
1681,GAZP_10,GAZP,10_2,2010,120,23,1,Ley_tri,native,0,species,cover,167,plot:167:23:1,,,2010,TRUE,TRUE,ready_for_build
1682,GAZP_10,GAZP,10_2,2010,120,23,1,Mel_cal,native,0.25,species,cover,167,plot:167:23:1,,,2010,TRUE,TRUE,ready_for_build
1683,GAZP_10,GAZP,10_2,2010,120,23,1,Nas_pul,native,32.875,species,cover,167,plot:167:23:1,,,2010,TRUE,TRUE,ready_for_build
1684,GAZP_10,GAZP,10_2,2010,120,23,1,Tri_bif,native,0,species,cover,167,plot:167:23:1,,,2010,TRUE,TRUE,ready_for_build
1685,GAZP_10,GAZP,10_2,2010,120,23,1,Tri_wil,native,0,species,cover,167,plot:167:23:1,,,2010,TRUE,TRUE,ready_for_build
1686,GAZP_10,GAZP,10_2,2010,120,23,2,Cal_cil,native,1.5,species,cover,167,plot:167:23:2,,,2010,TRUE,TRUE,ready_for_build
1687,GAZP_10,GAZP,10_2,2010,120,23,2,Ely_gla,native,11.25,species,cover,167,plot:167:23:2,,,2010,TRUE,TRUE,ready_for_build
1688,GAZP_10,GAZP,10_2,2010,120,23,2,Gri_hir,native,28.875,species,cover,167,plot:167:23:2,,,2010,TRUE,TRUE,ready_for_build
1689,GAZP_10,GAZP,10_2,2010,120,23,2,Ley_tri,native,4,species,cover,167,plot:167:23:2,,,2010,TRUE,TRUE,ready_for_build
1690,GAZP_10,GAZP,10_2,2010,120,23,2,Mel_cal,native,0.25,species,cover,167,plot:167:23:2,,,2010,TRUE,TRUE,ready_for_build
1691,GAZP_10,GAZP,10_2,2010,120,23,2,Nas_pul,native,33.375,species,cover,167,plot:167:23:2,,,2010,TRUE,TRUE,ready_for_build
1692,GAZP_10,GAZP,10_2,2010,120,23,2,Tri_bif,native,0,species,cover,167,plot:167:23:2,,,2010,TRUE,TRUE,ready_for_build
1693,GAZP_10,GAZP,10_2,2010,120,23,2,Tri_wil,native,0.125,species,cover,167,plot:167:23:2,,,2010,TRUE,TRUE,ready_for_build
1694,GAZP_10,GAZP,10_2,2010,120,23,,Cal_cil,native,1.125,species,cover,167,block:167:23,,,2010,TRUE,TRUE,ready_for_build
1695,GAZP_10,GAZP,10_2,2010,120,23,,Ely_gla,native,7.625,species,cover,167,block:167:23,,,2010,TRUE,TRUE,ready_for_build
1696,GAZP_10,GAZP,10_2,2010,120,23,,Gri_hir,native,36.375,species,cover,167,block:167:23,,,2010,TRUE,TRUE,ready_for_build
1697,GAZP_10,GAZP,10_2,2010,120,23,,Ley_tri,native,2.75,species,cover,167,block:167:23,,,2010,TRUE,TRUE,ready_for_build
1698,GAZP_10,GAZP,10_2,2010,120,23,,Mel_cal,native,1.125,species,cover,167,block:167:23,,,2010,TRUE,TRUE,ready_for_build
1699,GAZP_10,GAZP,10_2,2010,120,23,,Nas_pul,native,30.375,species,cover,167,block:167:23,,,2010,TRUE,TRUE,ready_for_build
1700,GAZP_10,GAZP,10_2,2010,120,23,,Tri_bif,native,0,species,cover,167,block:167:23,,,2010,TRUE,TRUE,ready_for_build
1701,GAZP_10,GAZP,10_2,2010,120,23,,Tri_wil,native,0.25,species,cover,167,block:167:23,,,2010,TRUE,TRUE,ready_for_build
1702,GAZP_10,GAZP,10_2,2010,120,25,1,Cal_cil,native,0,species,cover,167,plot:167:25:1,,,2010,TRUE,TRUE,ready_for_build
1703,GAZP_10,GAZP,10_2,2010,120,25,1,Ely_gla,native,0.625,species,cover,167,plot:167:25:1,,,2010,TRUE,TRUE,ready_for_build
1704,GAZP_10,GAZP,10_2,2010,120,25,1,Gri_hir,native,41.875,species,cover,167,plot:167:25:1,,,2010,TRUE,TRUE,ready_for_build
1705,GAZP_10,GAZP,10_2,2010,120,25,1,Ley_tri,native,0.5,species,cover,167,plot:167:25:1,,,2010,TRUE,TRUE,ready_for_build
1706,GAZP_10,GAZP,10_2,2010,120,25,1,Mel_cal,native,0,species,cover,167,plot:167:25:1,,,2010,TRUE,TRUE,ready_for_build
1707,GAZP_10,GAZP,10_2,2010,120,25,1,Nas_pul,native,80,species,cover,167,plot:167:25:1,,,2010,TRUE,TRUE,ready_for_build
1708,GAZP_10,GAZP,10_2,2010,120,25,1,Tri_bif,native,0,species,cover,167,plot:167:25:1,,,2010,TRUE,TRUE,ready_for_build
1709,GAZP_10,GAZP,10_2,2010,120,25,1,Tri_wil,native,0,species,cover,167,plot:167:25:1,,,2010,TRUE,TRUE,ready_for_build
1710,GAZP_10,GAZP,10_2,2010,120,25,2,Cal_cil,native,1.875,species,cover,167,plot:167:25:2,,,2010,TRUE,TRUE,ready_for_build
1711,GAZP_10,GAZP,10_2,2010,120,25,2,Ely_gla,native,9.5,species,cover,167,plot:167:25:2,,,2010,TRUE,TRUE,ready_for_build
1712,GAZP_10,GAZP,10_2,2010,120,25,2,Gri_hir,native,53.375,species,cover,167,plot:167:25:2,,,2010,TRUE,TRUE,ready_for_build
1713,GAZP_10,GAZP,10_2,2010,120,25,2,Ley_tri,native,4,species,cover,167,plot:167:25:2,,,2010,TRUE,TRUE,ready_for_build
1714,GAZP_10,GAZP,10_2,2010,120,25,2,Mel_cal,native,0.375,species,cover,167,plot:167:25:2,,,2010,TRUE,TRUE,ready_for_build
1715,GAZP_10,GAZP,10_2,2010,120,25,2,Nas_pul,native,40.125,species,cover,167,plot:167:25:2,,,2010,TRUE,TRUE,ready_for_build
1716,GAZP_10,GAZP,10_2,2010,120,25,2,Tri_bif,native,0,species,cover,167,plot:167:25:2,,,2010,TRUE,TRUE,ready_for_build
1717,GAZP_10,GAZP,10_2,2010,120,25,2,Tri_wil,native,0,species,cover,167,plot:167:25:2,,,2010,TRUE,TRUE,ready_for_build
1718,GAZP_10,GAZP,10_2,2010,120,25,,Cal_cil,native,0.875,species,cover,167,block:167:25,,,2010,TRUE,TRUE,ready_for_build
1719,GAZP_10,GAZP,10_2,2010,120,25,,Ely_gla,native,8.5,species,cover,167,block:167:25,,,2010,TRUE,TRUE,ready_for_build
1720,GAZP_10,GAZP,10_2,2010,120,25,,Gri_hir,native,41.125,species,cover,167,block:167:25,,,2010,TRUE,TRUE,ready_for_build
1721,GAZP_10,GAZP,10_2,2010,120,25,,Ley_tri,native,5.625,species,cover,167,block:167:25,,,2010,TRUE,TRUE,ready_for_build
1722,GAZP_10,GAZP,10_2,2010,120,25,,Mel_cal,native,1,species,cover,167,block:167:25,,,2010,TRUE,TRUE,ready_for_build
1723,GAZP_10,GAZP,10_2,2010,120,25,,Nas_pul,native,46.25,species,cover,167,block:167:25,,,2010,TRUE,TRUE,ready_for_build
1724,GAZP_10,GAZP,10_2,2010,120,25,,Tri_bif,native,0,species,cover,167,block:167:25,,,2010,TRUE,TRUE,ready_for_build
1725,GAZP_10,GAZP,10_2,2010,120,25,,Tri_wil,native,0,species,cover,167,block:167:25,,,2010,TRUE,TRUE,ready_for_build
1726,GAZP_10,GAZP,10_1,2011,224,1,1,Cal_cil,native,0,species,cover,167,plot:167:1:1,,,2011,TRUE,TRUE,ready_for_build
1727,GAZP_10,GAZP,10_1,2011,224,1,1,Mel_cal,native,0,species,cover,167,plot:167:1:1,,,2011,TRUE,TRUE,ready_for_build
1728,GAZP_10,GAZP,10_1,2011,224,1,1,Tri_bif,native,0,species,cover,167,plot:167:1:1,,,2011,TRUE,TRUE,ready_for_build
1729,GAZP_10,GAZP,10_1,2011,224,1,1,Tri_wil,native,0,species,cover,167,plot:167:1:1,,,2011,TRUE,TRUE,ready_for_build
1730,GAZP_10,GAZP,10_1,2011,224,1,2,Cal_cil,native,0,species,cover,167,plot:167:1:2,,,2011,TRUE,TRUE,ready_for_build
1731,GAZP_10,GAZP,10_1,2011,224,1,2,Mel_cal,native,0.25,species,cover,167,plot:167:1:2,,,2011,TRUE,TRUE,ready_for_build
1732,GAZP_10,GAZP,10_1,2011,224,1,2,Tri_bif,native,0,species,cover,167,plot:167:1:2,,,2011,TRUE,TRUE,ready_for_build
1733,GAZP_10,GAZP,10_1,2011,224,1,2,Tri_wil,native,0,species,cover,167,plot:167:1:2,,,2011,TRUE,TRUE,ready_for_build
1734,GAZP_10,GAZP,10_1,2011,224,1,,Cal_cil,native,0,species,cover,167,block:167:1,,,2011,TRUE,TRUE,ready_for_build
1735,GAZP_10,GAZP,10_1,2011,224,1,,Mel_cal,native,0.375,species,cover,167,block:167:1,,,2011,TRUE,TRUE,ready_for_build
1736,GAZP_10,GAZP,10_1,2011,224,1,,Tri_bif,native,0,species,cover,167,block:167:1,,,2011,TRUE,TRUE,ready_for_build
1737,GAZP_10,GAZP,10_1,2011,224,1,,Tri_wil,native,0,species,cover,167,block:167:1,,,2011,TRUE,TRUE,ready_for_build
1738,GAZP_10,GAZP,10_1,2011,224,4,1,Cal_cil,native,0,species,cover,167,plot:167:4:1,,,2011,TRUE,TRUE,ready_for_build
1739,GAZP_10,GAZP,10_1,2011,224,4,1,Mel_cal,native,0,species,cover,167,plot:167:4:1,,,2011,TRUE,TRUE,ready_for_build
1740,GAZP_10,GAZP,10_1,2011,224,4,1,Tri_bif,native,0,species,cover,167,plot:167:4:1,,,2011,TRUE,TRUE,ready_for_build
1741,GAZP_10,GAZP,10_1,2011,224,4,1,Tri_wil,native,0,species,cover,167,plot:167:4:1,,,2011,TRUE,TRUE,ready_for_build
1742,GAZP_10,GAZP,10_1,2011,224,4,2,Cal_cil,native,0,species,cover,167,plot:167:4:2,,,2011,TRUE,TRUE,ready_for_build
1743,GAZP_10,GAZP,10_1,2011,224,4,2,Mel_cal,native,1.5,species,cover,167,plot:167:4:2,,,2011,TRUE,TRUE,ready_for_build
1744,GAZP_10,GAZP,10_1,2011,224,4,2,Tri_bif,native,0,species,cover,167,plot:167:4:2,,,2011,TRUE,TRUE,ready_for_build
1745,GAZP_10,GAZP,10_1,2011,224,4,2,Tri_wil,native,0,species,cover,167,plot:167:4:2,,,2011,TRUE,TRUE,ready_for_build
1746,GAZP_10,GAZP,10_1,2011,224,4,,Cal_cil,native,0,species,cover,167,block:167:4,,,2011,TRUE,TRUE,ready_for_build
1747,GAZP_10,GAZP,10_1,2011,224,4,,Mel_cal,native,3.875,species,cover,167,block:167:4,,,2011,TRUE,TRUE,ready_for_build
1748,GAZP_10,GAZP,10_1,2011,224,4,,Tri_bif,native,0,species,cover,167,block:167:4,,,2011,TRUE,TRUE,ready_for_build
1749,GAZP_10,GAZP,10_1,2011,224,4,,Tri_wil,native,0,species,cover,167,block:167:4,,,2011,TRUE,TRUE,ready_for_build
1750,GAZP_10,GAZP,10_1,2011,224,10,1,Cal_cil,native,0,species,cover,167,plot:167:10:1,,,2011,TRUE,TRUE,ready_for_build
1751,GAZP_10,GAZP,10_1,2011,224,10,1,Mel_cal,native,0,species,cover,167,plot:167:10:1,,,2011,TRUE,TRUE,ready_for_build
1752,GAZP_10,GAZP,10_1,2011,224,10,1,Tri_bif,native,0,species,cover,167,plot:167:10:1,,,2011,TRUE,TRUE,ready_for_build
1753,GAZP_10,GAZP,10_1,2011,224,10,1,Tri_wil,native,0,species,cover,167,plot:167:10:1,,,2011,TRUE,TRUE,ready_for_build
1754,GAZP_10,GAZP,10_1,2011,224,10,2,Cal_cil,native,0,species,cover,167,plot:167:10:2,,,2011,TRUE,TRUE,ready_for_build
1755,GAZP_10,GAZP,10_1,2011,224,10,2,Mel_cal,native,0,species,cover,167,plot:167:10:2,,,2011,TRUE,TRUE,ready_for_build
1756,GAZP_10,GAZP,10_1,2011,224,10,2,Tri_bif,native,0,species,cover,167,plot:167:10:2,,,2011,TRUE,TRUE,ready_for_build
1757,GAZP_10,GAZP,10_1,2011,224,10,2,Tri_wil,native,0,species,cover,167,plot:167:10:2,,,2011,TRUE,TRUE,ready_for_build
1758,GAZP_10,GAZP,10_1,2011,224,10,,Cal_cil,native,0,species,cover,167,block:167:10,,,2011,TRUE,TRUE,ready_for_build
1759,GAZP_10,GAZP,10_1,2011,224,10,,Mel_cal,native,0.125,species,cover,167,block:167:10,,,2011,TRUE,TRUE,ready_for_build
1760,GAZP_10,GAZP,10_1,2011,224,10,,Tri_bif,native,0,species,cover,167,block:167:10,,,2011,TRUE,TRUE,ready_for_build
1761,GAZP_10,GAZP,10_1,2011,224,10,,Tri_wil,native,0,species,cover,167,block:167:10,,,2011,TRUE,TRUE,ready_for_build
1762,GAZP_10,GAZP,10_1,2011,224,14,1,Cal_cil,native,0,species,cover,167,plot:167:14:1,,,2011,TRUE,TRUE,ready_for_build
1763,GAZP_10,GAZP,10_1,2011,224,14,1,Mel_cal,native,0,species,cover,167,plot:167:14:1,,,2011,TRUE,TRUE,ready_for_build
1764,GAZP_10,GAZP,10_1,2011,224,14,1,Tri_bif,native,0,species,cover,167,plot:167:14:1,,,2011,TRUE,TRUE,ready_for_build
1765,GAZP_10,GAZP,10_1,2011,224,14,1,Tri_wil,native,0,species,cover,167,plot:167:14:1,,,2011,TRUE,TRUE,ready_for_build
1766,GAZP_10,GAZP,10_1,2011,224,14,2,Cal_cil,native,0,species,cover,167,plot:167:14:2,,,2011,TRUE,TRUE,ready_for_build
1767,GAZP_10,GAZP,10_1,2011,224,14,2,Mel_cal,native,0,species,cover,167,plot:167:14:2,,,2011,TRUE,TRUE,ready_for_build
1768,GAZP_10,GAZP,10_1,2011,224,14,2,Tri_bif,native,0.125,species,cover,167,plot:167:14:2,,,2011,TRUE,TRUE,ready_for_build
1769,GAZP_10,GAZP,10_1,2011,224,14,2,Tri_wil,native,0,species,cover,167,plot:167:14:2,,,2011,TRUE,TRUE,ready_for_build
1770,GAZP_10,GAZP,10_1,2011,224,14,,Cal_cil,native,0,species,cover,167,block:167:14,,,2011,TRUE,TRUE,ready_for_build
1771,GAZP_10,GAZP,10_1,2011,224,14,,Mel_cal,native,0,species,cover,167,block:167:14,,,2011,TRUE,TRUE,ready_for_build
1772,GAZP_10,GAZP,10_1,2011,224,14,,Tri_bif,native,0.375,species,cover,167,block:167:14,,,2011,TRUE,TRUE,ready_for_build
1773,GAZP_10,GAZP,10_1,2011,224,14,,Tri_wil,native,0,species,cover,167,block:167:14,,,2011,TRUE,TRUE,ready_for_build
1774,GAZP_10,GAZP,10_1,2011,224,17,1,Cal_cil,native,0,species,cover,167,plot:167:17:1,,,2011,TRUE,TRUE,ready_for_build
1775,GAZP_10,GAZP,10_1,2011,224,17,1,Mel_cal,native,0,species,cover,167,plot:167:17:1,,,2011,TRUE,TRUE,ready_for_build
1776,GAZP_10,GAZP,10_1,2011,224,17,1,Tri_bif,native,0,species,cover,167,plot:167:17:1,,,2011,TRUE,TRUE,ready_for_build
1777,GAZP_10,GAZP,10_1,2011,224,17,1,Tri_wil,native,0,species,cover,167,plot:167:17:1,,,2011,TRUE,TRUE,ready_for_build
1778,GAZP_10,GAZP,10_1,2011,224,17,2,Cal_cil,native,0,species,cover,167,plot:167:17:2,,,2011,TRUE,TRUE,ready_for_build
1779,GAZP_10,GAZP,10_1,2011,224,17,2,Mel_cal,native,0.25,species,cover,167,plot:167:17:2,,,2011,TRUE,TRUE,ready_for_build
1780,GAZP_10,GAZP,10_1,2011,224,17,2,Tri_bif,native,0,species,cover,167,plot:167:17:2,,,2011,TRUE,TRUE,ready_for_build
1781,GAZP_10,GAZP,10_1,2011,224,17,2,Tri_wil,native,0,species,cover,167,plot:167:17:2,,,2011,TRUE,TRUE,ready_for_build
1782,GAZP_10,GAZP,10_1,2011,224,17,,Cal_cil,native,0,species,cover,167,block:167:17,,,2011,TRUE,TRUE,ready_for_build
1783,GAZP_10,GAZP,10_1,2011,224,17,,Mel_cal,native,0.25,species,cover,167,block:167:17,,,2011,TRUE,TRUE,ready_for_build
1784,GAZP_10,GAZP,10_1,2011,224,17,,Tri_bif,native,0,species,cover,167,block:167:17,,,2011,TRUE,TRUE,ready_for_build
1785,GAZP_10,GAZP,10_1,2011,224,17,,Tri_wil,native,0,species,cover,167,block:167:17,,,2011,TRUE,TRUE,ready_for_build
1786,GAZP_10,GAZP,10_1,2011,224,24,1,Cal_cil,native,0,species,cover,167,plot:167:24:1,,,2011,TRUE,TRUE,ready_for_build
1787,GAZP_10,GAZP,10_1,2011,224,24,1,Mel_cal,native,0,species,cover,167,plot:167:24:1,,,2011,TRUE,TRUE,ready_for_build
1788,GAZP_10,GAZP,10_1,2011,224,24,1,Tri_bif,native,0,species,cover,167,plot:167:24:1,,,2011,TRUE,TRUE,ready_for_build
1789,GAZP_10,GAZP,10_1,2011,224,24,1,Tri_wil,native,0,species,cover,167,plot:167:24:1,,,2011,TRUE,TRUE,ready_for_build
1790,GAZP_10,GAZP,10_1,2011,224,24,2,Cal_cil,native,0,species,cover,167,plot:167:24:2,,,2011,TRUE,TRUE,ready_for_build
1791,GAZP_10,GAZP,10_1,2011,224,24,2,Mel_cal,native,0,species,cover,167,plot:167:24:2,,,2011,TRUE,TRUE,ready_for_build
1792,GAZP_10,GAZP,10_1,2011,224,24,2,Tri_bif,native,0,species,cover,167,plot:167:24:2,,,2011,TRUE,TRUE,ready_for_build
1793,GAZP_10,GAZP,10_1,2011,224,24,2,Tri_wil,native,0,species,cover,167,plot:167:24:2,,,2011,TRUE,TRUE,ready_for_build
1794,GAZP_10,GAZP,10_1,2011,224,24,,Cal_cil,native,0,species,cover,167,block:167:24,,,2011,TRUE,TRUE,ready_for_build
1795,GAZP_10,GAZP,10_1,2011,224,24,,Mel_cal,native,0.625,species,cover,167,block:167:24,,,2011,TRUE,TRUE,ready_for_build
1796,GAZP_10,GAZP,10_1,2011,224,24,,Tri_bif,native,0,species,cover,167,block:167:24,,,2011,TRUE,TRUE,ready_for_build
1797,GAZP_10,GAZP,10_1,2011,224,24,,Tri_wil,native,0,species,cover,167,block:167:24,,,2011,TRUE,TRUE,ready_for_build
1798,GAZP_10,GAZP,10_2,2011,224,3,1,Cal_cil,native,0,species,cover,167,plot:167:3:1,,,2011,TRUE,TRUE,ready_for_build
1799,GAZP_10,GAZP,10_2,2011,224,3,1,Mel_cal,native,0,species,cover,167,plot:167:3:1,,,2011,TRUE,TRUE,ready_for_build
1800,GAZP_10,GAZP,10_2,2011,224,3,1,Tri_bif,native,0,species,cover,167,plot:167:3:1,,,2011,TRUE,TRUE,ready_for_build
1801,GAZP_10,GAZP,10_2,2011,224,3,1,Tri_wil,native,0,species,cover,167,plot:167:3:1,,,2011,TRUE,TRUE,ready_for_build
1802,GAZP_10,GAZP,10_2,2011,224,3,2,Cal_cil,native,0,species,cover,167,plot:167:3:2,,,2011,TRUE,TRUE,ready_for_build
1803,GAZP_10,GAZP,10_2,2011,224,3,2,Mel_cal,native,0,species,cover,167,plot:167:3:2,,,2011,TRUE,TRUE,ready_for_build
1804,GAZP_10,GAZP,10_2,2011,224,3,2,Tri_bif,native,0,species,cover,167,plot:167:3:2,,,2011,TRUE,TRUE,ready_for_build
1805,GAZP_10,GAZP,10_2,2011,224,3,2,Tri_wil,native,0,species,cover,167,plot:167:3:2,,,2011,TRUE,TRUE,ready_for_build
1806,GAZP_10,GAZP,10_2,2011,224,3,,Cal_cil,native,0,species,cover,167,block:167:3,,,2011,TRUE,TRUE,ready_for_build
1807,GAZP_10,GAZP,10_2,2011,224,3,,Mel_cal,native,0,species,cover,167,block:167:3,,,2011,TRUE,TRUE,ready_for_build
1808,GAZP_10,GAZP,10_2,2011,224,3,,Tri_bif,native,0,species,cover,167,block:167:3,,,2011,TRUE,TRUE,ready_for_build
1809,GAZP_10,GAZP,10_2,2011,224,3,,Tri_wil,native,0,species,cover,167,block:167:3,,,2011,TRUE,TRUE,ready_for_build
1810,GAZP_10,GAZP,10_2,2011,224,8,1,Cal_cil,native,0,species,cover,167,plot:167:8:1,,,2011,TRUE,TRUE,ready_for_build
1811,GAZP_10,GAZP,10_2,2011,224,8,1,Mel_cal,native,0,species,cover,167,plot:167:8:1,,,2011,TRUE,TRUE,ready_for_build
1812,GAZP_10,GAZP,10_2,2011,224,8,1,Tri_bif,native,0,species,cover,167,plot:167:8:1,,,2011,TRUE,TRUE,ready_for_build
1813,GAZP_10,GAZP,10_2,2011,224,8,1,Tri_wil,native,0,species,cover,167,plot:167:8:1,,,2011,TRUE,TRUE,ready_for_build
1814,GAZP_10,GAZP,10_2,2011,224,8,2,Cal_cil,native,0,species,cover,167,plot:167:8:2,,,2011,TRUE,TRUE,ready_for_build
1815,GAZP_10,GAZP,10_2,2011,224,8,2,Mel_cal,native,0.25,species,cover,167,plot:167:8:2,,,2011,TRUE,TRUE,ready_for_build
1816,GAZP_10,GAZP,10_2,2011,224,8,2,Tri_bif,native,1.125,species,cover,167,plot:167:8:2,,,2011,TRUE,TRUE,ready_for_build
1817,GAZP_10,GAZP,10_2,2011,224,8,2,Tri_wil,native,0,species,cover,167,plot:167:8:2,,,2011,TRUE,TRUE,ready_for_build
1818,GAZP_10,GAZP,10_2,2011,224,8,,Cal_cil,native,0,species,cover,167,block:167:8,,,2011,TRUE,TRUE,ready_for_build
1819,GAZP_10,GAZP,10_2,2011,224,8,,Mel_cal,native,0.125,species,cover,167,block:167:8,,,2011,TRUE,TRUE,ready_for_build
1820,GAZP_10,GAZP,10_2,2011,224,8,,Tri_bif,native,0,species,cover,167,block:167:8,,,2011,TRUE,TRUE,ready_for_build
1821,GAZP_10,GAZP,10_2,2011,224,8,,Tri_wil,native,0,species,cover,167,block:167:8,,,2011,TRUE,TRUE,ready_for_build
1822,GAZP_10,GAZP,10_2,2011,224,11,1,Cal_cil,native,0,species,cover,167,plot:167:11:1,,,2011,TRUE,TRUE,ready_for_build
1823,GAZP_10,GAZP,10_2,2011,224,11,1,Mel_cal,native,0,species,cover,167,plot:167:11:1,,,2011,TRUE,TRUE,ready_for_build
1824,GAZP_10,GAZP,10_2,2011,224,11,1,Tri_bif,native,0,species,cover,167,plot:167:11:1,,,2011,TRUE,TRUE,ready_for_build
1825,GAZP_10,GAZP,10_2,2011,224,11,1,Tri_wil,native,0,species,cover,167,plot:167:11:1,,,2011,TRUE,TRUE,ready_for_build
1826,GAZP_10,GAZP,10_2,2011,224,11,2,Cal_cil,native,0,species,cover,167,plot:167:11:2,,,2011,TRUE,TRUE,ready_for_build
1827,GAZP_10,GAZP,10_2,2011,224,11,2,Mel_cal,native,0,species,cover,167,plot:167:11:2,,,2011,TRUE,TRUE,ready_for_build
1828,GAZP_10,GAZP,10_2,2011,224,11,2,Tri_bif,native,0.625,species,cover,167,plot:167:11:2,,,2011,TRUE,TRUE,ready_for_build
1829,GAZP_10,GAZP,10_2,2011,224,11,2,Tri_wil,native,0.375,species,cover,167,plot:167:11:2,,,2011,TRUE,TRUE,ready_for_build
1830,GAZP_10,GAZP,10_2,2011,224,11,,Cal_cil,native,0,species,cover,167,block:167:11,,,2011,TRUE,TRUE,ready_for_build
1831,GAZP_10,GAZP,10_2,2011,224,11,,Mel_cal,native,0,species,cover,167,block:167:11,,,2011,TRUE,TRUE,ready_for_build
1832,GAZP_10,GAZP,10_2,2011,224,11,,Tri_bif,native,0,species,cover,167,block:167:11,,,2011,TRUE,TRUE,ready_for_build
1833,GAZP_10,GAZP,10_2,2011,224,11,,Tri_wil,native,0,species,cover,167,block:167:11,,,2011,TRUE,TRUE,ready_for_build
1834,GAZP_10,GAZP,10_2,2011,224,22,1,Cal_cil,native,0,species,cover,167,plot:167:22:1,,,2011,TRUE,TRUE,ready_for_build
1835,GAZP_10,GAZP,10_2,2011,224,22,1,Mel_cal,native,0,species,cover,167,plot:167:22:1,,,2011,TRUE,TRUE,ready_for_build
1836,GAZP_10,GAZP,10_2,2011,224,22,1,Tri_bif,native,0,species,cover,167,plot:167:22:1,,,2011,TRUE,TRUE,ready_for_build
1837,GAZP_10,GAZP,10_2,2011,224,22,1,Tri_wil,native,0,species,cover,167,plot:167:22:1,,,2011,TRUE,TRUE,ready_for_build
1838,GAZP_10,GAZP,10_2,2011,224,22,2,Cal_cil,native,0,species,cover,167,plot:167:22:2,,,2011,TRUE,TRUE,ready_for_build
1839,GAZP_10,GAZP,10_2,2011,224,22,2,Mel_cal,native,0.75,species,cover,167,plot:167:22:2,,,2011,TRUE,TRUE,ready_for_build
1840,GAZP_10,GAZP,10_2,2011,224,22,2,Tri_bif,native,0,species,cover,167,plot:167:22:2,,,2011,TRUE,TRUE,ready_for_build
1841,GAZP_10,GAZP,10_2,2011,224,22,2,Tri_wil,native,0,species,cover,167,plot:167:22:2,,,2011,TRUE,TRUE,ready_for_build
1842,GAZP_10,GAZP,10_2,2011,224,22,,Cal_cil,native,0,species,cover,167,block:167:22,,,2011,TRUE,TRUE,ready_for_build
1843,GAZP_10,GAZP,10_2,2011,224,22,,Mel_cal,native,1,species,cover,167,block:167:22,,,2011,TRUE,TRUE,ready_for_build
1844,GAZP_10,GAZP,10_2,2011,224,22,,Tri_bif,native,0,species,cover,167,block:167:22,,,2011,TRUE,TRUE,ready_for_build
1845,GAZP_10,GAZP,10_2,2011,224,22,,Tri_wil,native,0,species,cover,167,block:167:22,,,2011,TRUE,TRUE,ready_for_build
1846,GAZP_10,GAZP,10_2,2011,224,23,1,Cal_cil,native,0,species,cover,167,plot:167:23:1,,,2011,TRUE,TRUE,ready_for_build
1847,GAZP_10,GAZP,10_2,2011,224,23,1,Mel_cal,native,0,species,cover,167,plot:167:23:1,,,2011,TRUE,TRUE,ready_for_build
1848,GAZP_10,GAZP,10_2,2011,224,23,1,Tri_bif,native,0,species,cover,167,plot:167:23:1,,,2011,TRUE,TRUE,ready_for_build
1849,GAZP_10,GAZP,10_2,2011,224,23,1,Tri_wil,native,0,species,cover,167,plot:167:23:1,,,2011,TRUE,TRUE,ready_for_build
1850,GAZP_10,GAZP,10_2,2011,224,23,2,Cal_cil,native,0.375,species,cover,167,plot:167:23:2,,,2011,TRUE,TRUE,ready_for_build
1851,GAZP_10,GAZP,10_2,2011,224,23,2,Mel_cal,native,0,species,cover,167,plot:167:23:2,,,2011,TRUE,TRUE,ready_for_build
1852,GAZP_10,GAZP,10_2,2011,224,23,2,Tri_bif,native,0,species,cover,167,plot:167:23:2,,,2011,TRUE,TRUE,ready_for_build
1853,GAZP_10,GAZP,10_2,2011,224,23,2,Tri_wil,native,0,species,cover,167,plot:167:23:2,,,2011,TRUE,TRUE,ready_for_build
1854,GAZP_10,GAZP,10_2,2011,224,23,,Cal_cil,native,0.375,species,cover,167,block:167:23,,,2011,TRUE,TRUE,ready_for_build
1855,GAZP_10,GAZP,10_2,2011,224,23,,Mel_cal,native,0,species,cover,167,block:167:23,,,2011,TRUE,TRUE,ready_for_build
1856,GAZP_10,GAZP,10_2,2011,224,23,,Tri_bif,native,0,species,cover,167,block:167:23,,,2011,TRUE,TRUE,ready_for_build
1857,GAZP_10,GAZP,10_2,2011,224,23,,Tri_wil,native,0,species,cover,167,block:167:23,,,2011,TRUE,TRUE,ready_for_build
1858,GAZP_10,GAZP,10_2,2011,224,25,1,Cal_cil,native,0,species,cover,167,plot:167:25:1,,,2011,TRUE,TRUE,ready_for_build
1859,GAZP_10,GAZP,10_2,2011,224,25,1,Mel_cal,native,0,species,cover,167,plot:167:25:1,,,2011,TRUE,TRUE,ready_for_build
1860,GAZP_10,GAZP,10_2,2011,224,25,1,Tri_bif,native,0,species,cover,167,plot:167:25:1,,,2011,TRUE,TRUE,ready_for_build
1861,GAZP_10,GAZP,10_2,2011,224,25,1,Tri_wil,native,0,species,cover,167,plot:167:25:1,,,2011,TRUE,TRUE,ready_for_build
1862,GAZP_10,GAZP,10_2,2011,224,25,2,Cal_cil,native,0,species,cover,167,plot:167:25:2,,,2011,TRUE,TRUE,ready_for_build
1863,GAZP_10,GAZP,10_2,2011,224,25,2,Mel_cal,native,1,species,cover,167,plot:167:25:2,,,2011,TRUE,TRUE,ready_for_build
1864,GAZP_10,GAZP,10_2,2011,224,25,2,Tri_bif,native,0,species,cover,167,plot:167:25:2,,,2011,TRUE,TRUE,ready_for_build
1865,GAZP_10,GAZP,10_2,2011,224,25,2,Tri_wil,native,0,species,cover,167,plot:167:25:2,,,2011,TRUE,TRUE,ready_for_build
1866,GAZP_10,GAZP,10_2,2011,224,25,,Cal_cil,native,0,species,cover,167,block:167:25,,,2011,TRUE,TRUE,ready_for_build
1867,GAZP_10,GAZP,10_2,2011,224,25,,Mel_cal,native,1.125,species,cover,167,block:167:25,,,2011,TRUE,TRUE,ready_for_build
1868,GAZP_10,GAZP,10_2,2011,224,25,,Tri_bif,native,0,species,cover,167,block:167:25,,,2011,TRUE,TRUE,ready_for_build
1869,GAZP_10,GAZP,10_2,2011,224,25,,Tri_wil,native,0,species,cover,167,block:167:25,,,2011,TRUE,TRUE,ready_for_build
1870,GAZP_10,GAZP,10_3,2011,224,2,1,Cal_cil,native,0,species,cover,167,plot:167:2:1,,,2011,TRUE,TRUE,ready_for_build
1871,GAZP_10,GAZP,10_3,2011,224,2,1,Mel_cal,native,0,species,cover,167,plot:167:2:1,,,2011,TRUE,TRUE,ready_for_build
1872,GAZP_10,GAZP,10_3,2011,224,2,1,Tri_bif,native,0,species,cover,167,plot:167:2:1,,,2011,TRUE,TRUE,ready_for_build
1873,GAZP_10,GAZP,10_3,2011,224,2,1,Tri_wil,native,0,species,cover,167,plot:167:2:1,,,2011,TRUE,TRUE,ready_for_build
1874,GAZP_10,GAZP,10_3,2011,224,2,2,Cal_cil,native,0,species,cover,167,plot:167:2:2,,,2011,TRUE,TRUE,ready_for_build
1875,GAZP_10,GAZP,10_3,2011,224,2,2,Mel_cal,native,2.5,species,cover,167,plot:167:2:2,,,2011,TRUE,TRUE,ready_for_build
1876,GAZP_10,GAZP,10_3,2011,224,2,2,Tri_bif,native,0,species,cover,167,plot:167:2:2,,,2011,TRUE,TRUE,ready_for_build
1877,GAZP_10,GAZP,10_3,2011,224,2,2,Tri_wil,native,0,species,cover,167,plot:167:2:2,,,2011,TRUE,TRUE,ready_for_build
1878,GAZP_10,GAZP,10_3,2011,224,2,,Cal_cil,native,0,species,cover,167,block:167:2,,,2011,TRUE,TRUE,ready_for_build
1879,GAZP_10,GAZP,10_3,2011,224,2,,Mel_cal,native,4.625,species,cover,167,block:167:2,,,2011,TRUE,TRUE,ready_for_build
1880,GAZP_10,GAZP,10_3,2011,224,2,,Tri_bif,native,0,species,cover,167,block:167:2,,,2011,TRUE,TRUE,ready_for_build
1881,GAZP_10,GAZP,10_3,2011,224,2,,Tri_wil,native,0,species,cover,167,block:167:2,,,2011,TRUE,TRUE,ready_for_build
1882,GAZP_10,GAZP,10_3,2011,224,5,1,Cal_cil,native,0,species,cover,167,plot:167:5:1,,,2011,TRUE,TRUE,ready_for_build
1883,GAZP_10,GAZP,10_3,2011,224,5,1,Mel_cal,native,0,species,cover,167,plot:167:5:1,,,2011,TRUE,TRUE,ready_for_build
1884,GAZP_10,GAZP,10_3,2011,224,5,1,Tri_bif,native,0,species,cover,167,plot:167:5:1,,,2011,TRUE,TRUE,ready_for_build
1885,GAZP_10,GAZP,10_3,2011,224,5,1,Tri_wil,native,0,species,cover,167,plot:167:5:1,,,2011,TRUE,TRUE,ready_for_build
1886,GAZP_10,GAZP,10_3,2011,224,5,2,Cal_cil,native,0,species,cover,167,plot:167:5:2,,,2011,TRUE,TRUE,ready_for_build
1887,GAZP_10,GAZP,10_3,2011,224,5,2,Mel_cal,native,0,species,cover,167,plot:167:5:2,,,2011,TRUE,TRUE,ready_for_build
1888,GAZP_10,GAZP,10_3,2011,224,5,2,Tri_bif,native,0,species,cover,167,plot:167:5:2,,,2011,TRUE,TRUE,ready_for_build
1889,GAZP_10,GAZP,10_3,2011,224,5,2,Tri_wil,native,0,species,cover,167,plot:167:5:2,,,2011,TRUE,TRUE,ready_for_build
1890,GAZP_10,GAZP,10_3,2011,224,5,,Cal_cil,native,0,species,cover,167,block:167:5,,,2011,TRUE,TRUE,ready_for_build
1891,GAZP_10,GAZP,10_3,2011,224,5,,Mel_cal,native,0,species,cover,167,block:167:5,,,2011,TRUE,TRUE,ready_for_build
1892,GAZP_10,GAZP,10_3,2011,224,5,,Tri_bif,native,0,species,cover,167,block:167:5,,,2011,TRUE,TRUE,ready_for_build
1893,GAZP_10,GAZP,10_3,2011,224,5,,Tri_wil,native,0,species,cover,167,block:167:5,,,2011,TRUE,TRUE,ready_for_build
1894,GAZP_10,GAZP,10_3,2011,224,7,1,Cal_cil,native,0,species,cover,167,plot:167:7:1,,,2011,TRUE,TRUE,ready_for_build
1895,GAZP_10,GAZP,10_3,2011,224,7,1,Mel_cal,native,0,species,cover,167,plot:167:7:1,,,2011,TRUE,TRUE,ready_for_build
1896,GAZP_10,GAZP,10_3,2011,224,7,1,Tri_bif,native,0,species,cover,167,plot:167:7:1,,,2011,TRUE,TRUE,ready_for_build
1897,GAZP_10,GAZP,10_3,2011,224,7,1,Tri_wil,native,0,species,cover,167,plot:167:7:1,,,2011,TRUE,TRUE,ready_for_build
1898,GAZP_10,GAZP,10_3,2011,224,7,2,Cal_cil,native,0,species,cover,167,plot:167:7:2,,,2011,TRUE,TRUE,ready_for_build
1899,GAZP_10,GAZP,10_3,2011,224,7,2,Mel_cal,native,0.5,species,cover,167,plot:167:7:2,,,2011,TRUE,TRUE,ready_for_build
1900,GAZP_10,GAZP,10_3,2011,224,7,2,Tri_bif,native,0,species,cover,167,plot:167:7:2,,,2011,TRUE,TRUE,ready_for_build
1901,GAZP_10,GAZP,10_3,2011,224,7,2,Tri_wil,native,0,species,cover,167,plot:167:7:2,,,2011,TRUE,TRUE,ready_for_build
1902,GAZP_10,GAZP,10_3,2011,224,7,,Cal_cil,native,0,species,cover,167,block:167:7,,,2011,TRUE,TRUE,ready_for_build
1903,GAZP_10,GAZP,10_3,2011,224,7,,Mel_cal,native,0.25,species,cover,167,block:167:7,,,2011,TRUE,TRUE,ready_for_build
1904,GAZP_10,GAZP,10_3,2011,224,7,,Tri_bif,native,0,species,cover,167,block:167:7,,,2011,TRUE,TRUE,ready_for_build
1905,GAZP_10,GAZP,10_3,2011,224,7,,Tri_wil,native,0,species,cover,167,block:167:7,,,2011,TRUE,TRUE,ready_for_build
1906,GAZP_10,GAZP,10_3,2011,224,12,1,Cal_cil,native,0,species,cover,167,plot:167:12:1,,,2011,TRUE,TRUE,ready_for_build
1907,GAZP_10,GAZP,10_3,2011,224,12,1,Mel_cal,native,0,species,cover,167,plot:167:12:1,,,2011,TRUE,TRUE,ready_for_build
1908,GAZP_10,GAZP,10_3,2011,224,12,1,Tri_bif,native,0.625,species,cover,167,plot:167:12:1,,,2011,TRUE,TRUE,ready_for_build
1909,GAZP_10,GAZP,10_3,2011,224,12,1,Tri_wil,native,0,species,cover,167,plot:167:12:1,,,2011,TRUE,TRUE,ready_for_build
1910,GAZP_10,GAZP,10_3,2011,224,12,2,Cal_cil,native,0,species,cover,167,plot:167:12:2,,,2011,TRUE,TRUE,ready_for_build
1911,GAZP_10,GAZP,10_3,2011,224,12,2,Mel_cal,native,0,species,cover,167,plot:167:12:2,,,2011,TRUE,TRUE,ready_for_build
1912,GAZP_10,GAZP,10_3,2011,224,12,2,Tri_bif,native,0,species,cover,167,plot:167:12:2,,,2011,TRUE,TRUE,ready_for_build
1913,GAZP_10,GAZP,10_3,2011,224,12,2,Tri_wil,native,0.25,species,cover,167,plot:167:12:2,,,2011,TRUE,TRUE,ready_for_build
1914,GAZP_10,GAZP,10_3,2011,224,12,,Cal_cil,native,0,species,cover,167,block:167:12,,,2011,TRUE,TRUE,ready_for_build
1915,GAZP_10,GAZP,10_3,2011,224,12,,Mel_cal,native,0,species,cover,167,block:167:12,,,2011,TRUE,TRUE,ready_for_build
1916,GAZP_10,GAZP,10_3,2011,224,12,,Tri_bif,native,1.375,species,cover,167,block:167:12,,,2011,TRUE,TRUE,ready_for_build
1917,GAZP_10,GAZP,10_3,2011,224,12,,Tri_wil,native,0.625,species,cover,167,block:167:12,,,2011,TRUE,TRUE,ready_for_build
1918,GAZP_10,GAZP,10_3,2011,224,13,1,Cal_cil,native,0,species,cover,167,plot:167:13:1,,,2011,TRUE,TRUE,ready_for_build
1919,GAZP_10,GAZP,10_3,2011,224,13,1,Mel_cal,native,0,species,cover,167,plot:167:13:1,,,2011,TRUE,TRUE,ready_for_build
1920,GAZP_10,GAZP,10_3,2011,224,13,1,Tri_bif,native,0,species,cover,167,plot:167:13:1,,,2011,TRUE,TRUE,ready_for_build
1921,GAZP_10,GAZP,10_3,2011,224,13,1,Tri_wil,native,0.25,species,cover,167,plot:167:13:1,,,2011,TRUE,TRUE,ready_for_build
1922,GAZP_10,GAZP,10_3,2011,224,13,2,Cal_cil,native,0,species,cover,167,plot:167:13:2,,,2011,TRUE,TRUE,ready_for_build
1923,GAZP_10,GAZP,10_3,2011,224,13,2,Mel_cal,native,0,species,cover,167,plot:167:13:2,,,2011,TRUE,TRUE,ready_for_build
1924,GAZP_10,GAZP,10_3,2011,224,13,2,Tri_bif,native,0,species,cover,167,plot:167:13:2,,,2011,TRUE,TRUE,ready_for_build
1925,GAZP_10,GAZP,10_3,2011,224,13,2,Tri_wil,native,0,species,cover,167,plot:167:13:2,,,2011,TRUE,TRUE,ready_for_build
1926,GAZP_10,GAZP,10_3,2011,224,13,,Cal_cil,native,0,species,cover,167,block:167:13,,,2011,TRUE,TRUE,ready_for_build
1927,GAZP_10,GAZP,10_3,2011,224,13,,Mel_cal,native,0,species,cover,167,block:167:13,,,2011,TRUE,TRUE,ready_for_build
1928,GAZP_10,GAZP,10_3,2011,224,13,,Tri_bif,native,0,species,cover,167,block:167:13,,,2011,TRUE,TRUE,ready_for_build
1929,GAZP_10,GAZP,10_3,2011,224,13,,Tri_wil,native,0.625,species,cover,167,block:167:13,,,2011,TRUE,TRUE,ready_for_build
1930,GAZP_10,GAZP,10_3,2011,224,15,1,Cal_cil,native,0,species,cover,167,plot:167:15:1,,,2011,TRUE,TRUE,ready_for_build
1931,GAZP_10,GAZP,10_3,2011,224,15,1,Mel_cal,native,0,species,cover,167,plot:167:15:1,,,2011,TRUE,TRUE,ready_for_build
1932,GAZP_10,GAZP,10_3,2011,224,15,1,Tri_bif,native,0,species,cover,167,plot:167:15:1,,,2011,TRUE,TRUE,ready_for_build
1933,GAZP_10,GAZP,10_3,2011,224,15,1,Tri_wil,native,0,species,cover,167,plot:167:15:1,,,2011,TRUE,TRUE,ready_for_build
1934,GAZP_10,GAZP,10_3,2011,224,15,2,Cal_cil,native,0,species,cover,167,plot:167:15:2,,,2011,TRUE,TRUE,ready_for_build
1935,GAZP_10,GAZP,10_3,2011,224,15,2,Mel_cal,native,0,species,cover,167,plot:167:15:2,,,2011,TRUE,TRUE,ready_for_build
1936,GAZP_10,GAZP,10_3,2011,224,15,2,Tri_bif,native,0,species,cover,167,plot:167:15:2,,,2011,TRUE,TRUE,ready_for_build
1937,GAZP_10,GAZP,10_3,2011,224,15,2,Tri_wil,native,0,species,cover,167,plot:167:15:2,,,2011,TRUE,TRUE,ready_for_build
1938,GAZP_10,GAZP,10_3,2011,224,15,,Cal_cil,native,0,species,cover,167,block:167:15,,,2011,TRUE,TRUE,ready_for_build
1939,GAZP_10,GAZP,10_3,2011,224,15,,Mel_cal,native,2.25,species,cover,167,block:167:15,,,2011,TRUE,TRUE,ready_for_build
1940,GAZP_10,GAZP,10_3,2011,224,15,,Tri_bif,native,0,species,cover,167,block:167:15,,,2011,TRUE,TRUE,ready_for_build
1941,GAZP_10,GAZP,10_3,2011,224,15,,Tri_wil,native,0,species,cover,167,block:167:15,,,2011,TRUE,TRUE,ready_for_build
1942,GAZP_10,GAZP,10_3,2011,224,21,1,Cal_cil,native,0,species,cover,167,plot:167:21:1,,,2011,TRUE,TRUE,ready_for_build
1943,GAZP_10,GAZP,10_3,2011,224,21,1,Mel_cal,native,2,species,cover,167,plot:167:21:1,,,2011,TRUE,TRUE,ready_for_build
1944,GAZP_10,GAZP,10_3,2011,224,21,1,Tri_bif,native,0,species,cover,167,plot:167:21:1,,,2011,TRUE,TRUE,ready_for_build
1945,GAZP_10,GAZP,10_3,2011,224,21,1,Tri_wil,native,0,species,cover,167,plot:167:21:1,,,2011,TRUE,TRUE,ready_for_build
1946,GAZP_10,GAZP,10_3,2011,224,21,2,Cal_cil,native,0,species,cover,167,plot:167:21:2,,,2011,TRUE,TRUE,ready_for_build
1947,GAZP_10,GAZP,10_3,2011,224,21,2,Mel_cal,native,0,species,cover,167,plot:167:21:2,,,2011,TRUE,TRUE,ready_for_build
1948,GAZP_10,GAZP,10_3,2011,224,21,2,Tri_bif,native,0,species,cover,167,plot:167:21:2,,,2011,TRUE,TRUE,ready_for_build
1949,GAZP_10,GAZP,10_3,2011,224,21,2,Tri_wil,native,0,species,cover,167,plot:167:21:2,,,2011,TRUE,TRUE,ready_for_build
1950,GAZP_10,GAZP,10_3,2011,224,21,,Cal_cil,native,0.25,species,cover,167,block:167:21,,,2011,TRUE,TRUE,ready_for_build
1951,GAZP_10,GAZP,10_3,2011,224,21,,Mel_cal,native,0.875,species,cover,167,block:167:21,,,2011,TRUE,TRUE,ready_for_build
1952,GAZP_10,GAZP,10_3,2011,224,21,,Tri_bif,native,0,species,cover,167,block:167:21,,,2011,TRUE,TRUE,ready_for_build
1953,GAZP_10,GAZP,10_3,2011,224,21,,Tri_wil,native,0,species,cover,167,block:167:21,,,2011,TRUE,TRUE,ready_for_build
1954,GAZP_10,GAZP,10_4,2011,224,6,1,Cal_cil,native,0,species,cover,167,plot:167:6:1,,,2011,TRUE,TRUE,ready_for_build
1955,GAZP_10,GAZP,10_4,2011,224,6,1,Mel_cal,native,0,species,cover,167,plot:167:6:1,,,2011,TRUE,TRUE,ready_for_build
1956,GAZP_10,GAZP,10_4,2011,224,6,1,Tri_bif,native,0,species,cover,167,plot:167:6:1,,,2011,TRUE,TRUE,ready_for_build
1957,GAZP_10,GAZP,10_4,2011,224,6,1,Tri_wil,native,0,species,cover,167,plot:167:6:1,,,2011,TRUE,TRUE,ready_for_build
1958,GAZP_10,GAZP,10_4,2011,224,6,2,Cal_cil,native,0,species,cover,167,plot:167:6:2,,,2011,TRUE,TRUE,ready_for_build
1959,GAZP_10,GAZP,10_4,2011,224,6,2,Mel_cal,native,0.875,species,cover,167,plot:167:6:2,,,2011,TRUE,TRUE,ready_for_build
1960,GAZP_10,GAZP,10_4,2011,224,6,2,Tri_bif,native,0,species,cover,167,plot:167:6:2,,,2011,TRUE,TRUE,ready_for_build
1961,GAZP_10,GAZP,10_4,2011,224,6,2,Tri_wil,native,0,species,cover,167,plot:167:6:2,,,2011,TRUE,TRUE,ready_for_build
1962,GAZP_10,GAZP,10_4,2011,224,6,,Cal_cil,native,0,species,cover,167,block:167:6,,,2011,TRUE,TRUE,ready_for_build
1963,GAZP_10,GAZP,10_4,2011,224,6,,Mel_cal,native,1.625,species,cover,167,block:167:6,,,2011,TRUE,TRUE,ready_for_build
1964,GAZP_10,GAZP,10_4,2011,224,6,,Tri_bif,native,0,species,cover,167,block:167:6,,,2011,TRUE,TRUE,ready_for_build
1965,GAZP_10,GAZP,10_4,2011,224,6,,Tri_wil,native,0,species,cover,167,block:167:6,,,2011,TRUE,TRUE,ready_for_build
1966,GAZP_10,GAZP,10_4,2011,224,9,1,Cal_cil,native,0,species,cover,167,plot:167:9:1,,,2011,TRUE,TRUE,ready_for_build
1967,GAZP_10,GAZP,10_4,2011,224,9,1,Mel_cal,native,0,species,cover,167,plot:167:9:1,,,2011,TRUE,TRUE,ready_for_build
1968,GAZP_10,GAZP,10_4,2011,224,9,1,Tri_bif,native,0,species,cover,167,plot:167:9:1,,,2011,TRUE,TRUE,ready_for_build
1969,GAZP_10,GAZP,10_4,2011,224,9,1,Tri_wil,native,0,species,cover,167,plot:167:9:1,,,2011,TRUE,TRUE,ready_for_build
1970,GAZP_10,GAZP,10_4,2011,224,9,2,Cal_cil,native,0,species,cover,167,plot:167:9:2,,,2011,TRUE,TRUE,ready_for_build
1971,GAZP_10,GAZP,10_4,2011,224,9,2,Mel_cal,native,0.25,species,cover,167,plot:167:9:2,,,2011,TRUE,TRUE,ready_for_build
1972,GAZP_10,GAZP,10_4,2011,224,9,2,Tri_bif,native,0,species,cover,167,plot:167:9:2,,,2011,TRUE,TRUE,ready_for_build
1973,GAZP_10,GAZP,10_4,2011,224,9,2,Tri_wil,native,0,species,cover,167,plot:167:9:2,,,2011,TRUE,TRUE,ready_for_build
1974,GAZP_10,GAZP,10_4,2011,224,9,,Cal_cil,native,0,species,cover,167,block:167:9,,,2011,TRUE,TRUE,ready_for_build
1975,GAZP_10,GAZP,10_4,2011,224,9,,Mel_cal,native,0.25,species,cover,167,block:167:9,,,2011,TRUE,TRUE,ready_for_build
1976,GAZP_10,GAZP,10_4,2011,224,9,,Tri_bif,native,0.25,species,cover,167,block:167:9,,,2011,TRUE,TRUE,ready_for_build
1977,GAZP_10,GAZP,10_4,2011,224,9,,Tri_wil,native,0,species,cover,167,block:167:9,,,2011,TRUE,TRUE,ready_for_build
1978,GAZP_10,GAZP,10_4,2011,224,16,1,Cal_cil,native,0,species,cover,167,plot:167:16:1,,,2011,TRUE,TRUE,ready_for_build
1979,GAZP_10,GAZP,10_4,2011,224,16,1,Mel_cal,native,0,species,cover,167,plot:167:16:1,,,2011,TRUE,TRUE,ready_for_build
1980,GAZP_10,GAZP,10_4,2011,224,16,1,Tri_bif,native,0,species,cover,167,plot:167:16:1,,,2011,TRUE,TRUE,ready_for_build
1981,GAZP_10,GAZP,10_4,2011,224,16,1,Tri_wil,native,0,species,cover,167,plot:167:16:1,,,2011,TRUE,TRUE,ready_for_build
1982,GAZP_10,GAZP,10_4,2011,224,16,2,Cal_cil,native,0,species,cover,167,plot:167:16:2,,,2011,TRUE,TRUE,ready_for_build
1983,GAZP_10,GAZP,10_4,2011,224,16,2,Mel_cal,native,0,species,cover,167,plot:167:16:2,,,2011,TRUE,TRUE,ready_for_build
1984,GAZP_10,GAZP,10_4,2011,224,16,2,Tri_bif,native,0,species,cover,167,plot:167:16:2,,,2011,TRUE,TRUE,ready_for_build
1985,GAZP_10,GAZP,10_4,2011,224,16,2,Tri_wil,native,0,species,cover,167,plot:167:16:2,,,2011,TRUE,TRUE,ready_for_build
1986,GAZP_10,GAZP,10_4,2011,224,16,,Cal_cil,native,0,species,cover,167,block:167:16,,,2011,TRUE,TRUE,ready_for_build
1987,GAZP_10,GAZP,10_4,2011,224,16,,Mel_cal,native,0,species,cover,167,block:167:16,,,2011,TRUE,TRUE,ready_for_build
1988,GAZP_10,GAZP,10_4,2011,224,16,,Tri_bif,native,0,species,cover,167,block:167:16,,,2011,TRUE,TRUE,ready_for_build
1989,GAZP_10,GAZP,10_4,2011,224,16,,Tri_wil,native,0,species,cover,167,block:167:16,,,2011,TRUE,TRUE,ready_for_build
1990,GAZP_10,GAZP,10_4,2011,224,18,1,Cal_cil,native,0,species,cover,167,plot:167:18:1,,,2011,TRUE,TRUE,ready_for_build
1991,GAZP_10,GAZP,10_4,2011,224,18,1,Mel_cal,native,0,species,cover,167,plot:167:18:1,,,2011,TRUE,TRUE,ready_for_build
1992,GAZP_10,GAZP,10_4,2011,224,18,1,Tri_bif,native,0,species,cover,167,plot:167:18:1,,,2011,TRUE,TRUE,ready_for_build
1993,GAZP_10,GAZP,10_4,2011,224,18,1,Tri_wil,native,0,species,cover,167,plot:167:18:1,,,2011,TRUE,TRUE,ready_for_build
1994,GAZP_10,GAZP,10_4,2011,224,18,2,Cal_cil,native,0,species,cover,167,plot:167:18:2,,,2011,TRUE,TRUE,ready_for_build
1995,GAZP_10,GAZP,10_4,2011,224,18,2,Mel_cal,native,0,species,cover,167,plot:167:18:2,,,2011,TRUE,TRUE,ready_for_build
1996,GAZP_10,GAZP,10_4,2011,224,18,2,Tri_bif,native,0,species,cover,167,plot:167:18:2,,,2011,TRUE,TRUE,ready_for_build
1997,GAZP_10,GAZP,10_4,2011,224,18,2,Tri_wil,native,0,species,cover,167,plot:167:18:2,,,2011,TRUE,TRUE,ready_for_build
1998,GAZP_10,GAZP,10_4,2011,224,18,,Cal_cil,native,0,species,cover,167,block:167:18,,,2011,TRUE,TRUE,ready_for_build
1999,GAZP_10,GAZP,10_4,2011,224,18,,Mel_cal,native,0,species,cover,167,block:167:18,,,2011,TRUE,TRUE,ready_for_build
2000,GAZP_10,GAZP,10_4,2011,224,18,,Tri_bif,native,0,species,cover,167,block:167:18,,,2011,TRUE,TRUE,ready_for_build
2001,GAZP_10,GAZP,10_4,2011,224,18,,Tri_wil,native,0,species,cover,167,block:167:18,,,2011,TRUE,TRUE,ready_for_build
2002,GAZP_10,GAZP,10_4,2011,224,19,1,Cal_cil,native,0,species,cover,167,plot:167:19:1,,,2011,TRUE,TRUE,ready_for_build
2003,GAZP_10,GAZP,10_4,2011,224,19,1,Mel_cal,native,0,species,cover,167,plot:167:19:1,,,2011,TRUE,TRUE,ready_for_build
2004,GAZP_10,GAZP,10_4,2011,224,19,1,Tri_bif,native,0,species,cover,167,plot:167:19:1,,,2011,TRUE,TRUE,ready_for_build
2005,GAZP_10,GAZP,10_4,2011,224,19,1,Tri_wil,native,0,species,cover,167,plot:167:19:1,,,2011,TRUE,TRUE,ready_for_build
2006,GAZP_10,GAZP,10_4,2011,224,19,2,Cal_cil,native,0,species,cover,167,plot:167:19:2,,,2011,TRUE,TRUE,ready_for_build
2007,GAZP_10,GAZP,10_4,2011,224,19,2,Mel_cal,native,0.125,species,cover,167,plot:167:19:2,,,2011,TRUE,TRUE,ready_for_build
2008,GAZP_10,GAZP,10_4,2011,224,19,2,Tri_bif,native,0,species,cover,167,plot:167:19:2,,,2011,TRUE,TRUE,ready_for_build
2009,GAZP_10,GAZP,10_4,2011,224,19,2,Tri_wil,native,0,species,cover,167,plot:167:19:2,,,2011,TRUE,TRUE,ready_for_build
2010,GAZP_10,GAZP,10_4,2011,224,19,,Cal_cil,native,0,species,cover,167,block:167:19,,,2011,TRUE,TRUE,ready_for_build
2011,GAZP_10,GAZP,10_4,2011,224,19,,Mel_cal,native,0.375,species,cover,167,block:167:19,,,2011,TRUE,TRUE,ready_for_build
2012,GAZP_10,GAZP,10_4,2011,224,19,,Tri_bif,native,0,species,cover,167,block:167:19,,,2011,TRUE,TRUE,ready_for_build
2013,GAZP_10,GAZP,10_4,2011,224,19,,Tri_wil,native,0,species,cover,167,block:167:19,,,2011,TRUE,TRUE,ready_for_build
2014,GAZP_10,GAZP,10_4,2011,224,20,1,Cal_cil,native,0,species,cover,167,plot:167:20:1,,,2011,TRUE,TRUE,ready_for_build
2015,GAZP_10,GAZP,10_4,2011,224,20,1,Mel_cal,native,0,species,cover,167,plot:167:20:1,,,2011,TRUE,TRUE,ready_for_build
2016,GAZP_10,GAZP,10_4,2011,224,20,1,Tri_bif,native,0,species,cover,167,plot:167:20:1,,,2011,TRUE,TRUE,ready_for_build
2017,GAZP_10,GAZP,10_4,2011,224,20,1,Tri_wil,native,0,species,cover,167,plot:167:20:1,,,2011,TRUE,TRUE,ready_for_build
2018,GAZP_10,GAZP,10_4,2011,224,20,2,Cal_cil,native,0,species,cover,167,plot:167:20:2,,,2011,TRUE,TRUE,ready_for_build
2019,GAZP_10,GAZP,10_4,2011,224,20,2,Mel_cal,native,0,species,cover,167,plot:167:20:2,,,2011,TRUE,TRUE,ready_for_build
2020,GAZP_10,GAZP,10_4,2011,224,20,2,Tri_bif,native,0,species,cover,167,plot:167:20:2,,,2011,TRUE,TRUE,ready_for_build
2021,GAZP_10,GAZP,10_4,2011,224,20,2,Tri_wil,native,0,species,cover,167,plot:167:20:2,,,2011,TRUE,TRUE,ready_for_build
2022,GAZP_10,GAZP,10_4,2011,224,20,,Cal_cil,native,0,species,cover,167,block:167:20,,,2011,TRUE,TRUE,ready_for_build
2023,GAZP_10,GAZP,10_4,2011,224,20,,Mel_cal,native,0,species,cover,167,block:167:20,,,2011,TRUE,TRUE,ready_for_build
2024,GAZP_10,GAZP,10_4,2011,224,20,,Tri_bif,native,0,species,cover,167,block:167:20,,,2011,TRUE,TRUE,ready_for_build
2025,GAZP_10,GAZP,10_4,2011,224,20,,Tri_wil,native,0,species,cover,167,block:167:20,,,2011,TRUE,TRUE,ready_for_build
2026,GAZP_10,GAZP,10_1,2012,276,1,1,Cal_cil,native,0,species,cover,167,plot:167:1:1,,,2012,TRUE,TRUE,ready_for_build
2027,GAZP_10,GAZP,10_1,2012,276,1,1,Ely_gla,native,0.125,species,cover,167,plot:167:1:1,,,2012,TRUE,TRUE,ready_for_build
2028,GAZP_10,GAZP,10_1,2012,276,1,1,Gri_hir,native,0,species,cover,167,plot:167:1:1,,,2012,TRUE,TRUE,ready_for_build
2029,GAZP_10,GAZP,10_1,2012,276,1,1,Ley_tri,native,38.6428571428571,species,cover,167,plot:167:1:1,,,2012,TRUE,TRUE,ready_for_build
2030,GAZP_10,GAZP,10_1,2012,276,1,1,Mel_cal,native,0,species,cover,167,plot:167:1:1,,,2012,TRUE,TRUE,ready_for_build
2031,GAZP_10,GAZP,10_1,2012,276,1,1,Nas_pul,native,0.375,species,cover,167,plot:167:1:1,,,2012,TRUE,TRUE,ready_for_build
2032,GAZP_10,GAZP,10_1,2012,276,1,1,Tri_bif,native,0,species,cover,167,plot:167:1:1,,,2012,TRUE,TRUE,ready_for_build
2033,GAZP_10,GAZP,10_1,2012,276,1,1,Tri_wil,native,0,species,cover,167,plot:167:1:1,,,2012,TRUE,TRUE,ready_for_build
2034,GAZP_10,GAZP,10_1,2012,276,1,2,Cal_cil,native,0,species,cover,167,plot:167:1:2,,,2012,TRUE,TRUE,ready_for_build
2035,GAZP_10,GAZP,10_1,2012,276,1,2,Ely_gla,native,3.25,species,cover,167,plot:167:1:2,,,2012,TRUE,TRUE,ready_for_build
2036,GAZP_10,GAZP,10_1,2012,276,1,2,Gri_hir,native,1.3125,species,cover,167,plot:167:1:2,,,2012,TRUE,TRUE,ready_for_build
2037,GAZP_10,GAZP,10_1,2012,276,1,2,Ley_tri,native,9,species,cover,167,plot:167:1:2,,,2012,TRUE,TRUE,ready_for_build
2038,GAZP_10,GAZP,10_1,2012,276,1,2,Mel_cal,native,0,species,cover,167,plot:167:1:2,,,2012,TRUE,TRUE,ready_for_build
2039,GAZP_10,GAZP,10_1,2012,276,1,2,Nas_pul,native,3.125,species,cover,167,plot:167:1:2,,,2012,TRUE,TRUE,ready_for_build
2040,GAZP_10,GAZP,10_1,2012,276,1,2,Tri_bif,native,0,species,cover,167,plot:167:1:2,,,2012,TRUE,TRUE,ready_for_build
2041,GAZP_10,GAZP,10_1,2012,276,1,2,Tri_wil,native,0,species,cover,167,plot:167:1:2,,,2012,TRUE,TRUE,ready_for_build
2042,GAZP_10,GAZP,10_1,2012,276,1,,Cal_cil,native,0,species,cover,167,block:167:1,,,2012,TRUE,TRUE,ready_for_build
2043,GAZP_10,GAZP,10_1,2012,276,1,,Ely_gla,native,4.875,species,cover,167,block:167:1,,,2012,TRUE,TRUE,ready_for_build
2044,GAZP_10,GAZP,10_1,2012,276,1,,Gri_hir,native,2.3125,species,cover,167,block:167:1,,,2012,TRUE,TRUE,ready_for_build
2045,GAZP_10,GAZP,10_1,2012,276,1,,Ley_tri,native,20,species,cover,167,block:167:1,,,2012,TRUE,TRUE,ready_for_build
2046,GAZP_10,GAZP,10_1,2012,276,1,,Mel_cal,native,0.0625,species,cover,167,block:167:1,,,2012,TRUE,TRUE,ready_for_build
2047,GAZP_10,GAZP,10_1,2012,276,1,,Nas_pul,native,12.6875,species,cover,167,block:167:1,,,2012,TRUE,TRUE,ready_for_build
2048,GAZP_10,GAZP,10_1,2012,276,1,,Tri_bif,native,0,species,cover,167,block:167:1,,,2012,TRUE,TRUE,ready_for_build
2049,GAZP_10,GAZP,10_1,2012,276,1,,Tri_wil,native,0,species,cover,167,block:167:1,,,2012,TRUE,TRUE,ready_for_build
2050,GAZP_10,GAZP,10_1,2012,276,4,1,Cal_cil,native,0,species,cover,167,plot:167:4:1,,,2012,TRUE,TRUE,ready_for_build
2051,GAZP_10,GAZP,10_1,2012,276,4,1,Ely_gla,native,4.8125,species,cover,167,plot:167:4:1,,,2012,TRUE,TRUE,ready_for_build
2052,GAZP_10,GAZP,10_1,2012,276,4,1,Gri_hir,native,21.6875,species,cover,167,plot:167:4:1,,,2012,TRUE,TRUE,ready_for_build
2053,GAZP_10,GAZP,10_1,2012,276,4,1,Ley_tri,native,1,species,cover,167,plot:167:4:1,,,2012,TRUE,TRUE,ready_for_build
2054,GAZP_10,GAZP,10_1,2012,276,4,1,Mel_cal,native,0,species,cover,167,plot:167:4:1,,,2012,TRUE,TRUE,ready_for_build
2055,GAZP_10,GAZP,10_1,2012,276,4,1,Nas_pul,native,12.0625,species,cover,167,plot:167:4:1,,,2012,TRUE,TRUE,ready_for_build
2056,GAZP_10,GAZP,10_1,2012,276,4,1,Tri_bif,native,0,species,cover,167,plot:167:4:1,,,2012,TRUE,TRUE,ready_for_build
2057,GAZP_10,GAZP,10_1,2012,276,4,1,Tri_wil,native,0,species,cover,167,plot:167:4:1,,,2012,TRUE,TRUE,ready_for_build
2058,GAZP_10,GAZP,10_1,2012,276,4,2,Cal_cil,native,0,species,cover,167,plot:167:4:2,,,2012,TRUE,TRUE,ready_for_build
2059,GAZP_10,GAZP,10_1,2012,276,4,2,Ely_gla,native,0.125,species,cover,167,plot:167:4:2,,,2012,TRUE,TRUE,ready_for_build
2060,GAZP_10,GAZP,10_1,2012,276,4,2,Gri_hir,native,14.75,species,cover,167,plot:167:4:2,,,2012,TRUE,TRUE,ready_for_build
2061,GAZP_10,GAZP,10_1,2012,276,4,2,Ley_tri,native,0.5,species,cover,167,plot:167:4:2,,,2012,TRUE,TRUE,ready_for_build
2062,GAZP_10,GAZP,10_1,2012,276,4,2,Mel_cal,native,0.375,species,cover,167,plot:167:4:2,,,2012,TRUE,TRUE,ready_for_build
2063,GAZP_10,GAZP,10_1,2012,276,4,2,Nas_pul,native,0,species,cover,167,plot:167:4:2,,,2012,TRUE,TRUE,ready_for_build
2064,GAZP_10,GAZP,10_1,2012,276,4,2,Tri_bif,native,0,species,cover,167,plot:167:4:2,,,2012,TRUE,TRUE,ready_for_build
2065,GAZP_10,GAZP,10_1,2012,276,4,2,Tri_wil,native,0,species,cover,167,plot:167:4:2,,,2012,TRUE,TRUE,ready_for_build
2066,GAZP_10,GAZP,10_1,2012,276,4,,Cal_cil,native,0,species,cover,167,block:167:4,,,2012,TRUE,TRUE,ready_for_build
2067,GAZP_10,GAZP,10_1,2012,276,4,,Ely_gla,native,0.5625,species,cover,167,block:167:4,,,2012,TRUE,TRUE,ready_for_build
2068,GAZP_10,GAZP,10_1,2012,276,4,,Gri_hir,native,35,species,cover,167,block:167:4,,,2012,TRUE,TRUE,ready_for_build
2069,GAZP_10,GAZP,10_1,2012,276,4,,Ley_tri,native,5.875,species,cover,167,block:167:4,,,2012,TRUE,TRUE,ready_for_build
2070,GAZP_10,GAZP,10_1,2012,276,4,,Mel_cal,native,0.0625,species,cover,167,block:167:4,,,2012,TRUE,TRUE,ready_for_build
2071,GAZP_10,GAZP,10_1,2012,276,4,,Nas_pul,native,0.5,species,cover,167,block:167:4,,,2012,TRUE,TRUE,ready_for_build
2072,GAZP_10,GAZP,10_1,2012,276,4,,Tri_bif,native,0,species,cover,167,block:167:4,,,2012,TRUE,TRUE,ready_for_build
2073,GAZP_10,GAZP,10_1,2012,276,4,,Tri_wil,native,0,species,cover,167,block:167:4,,,2012,TRUE,TRUE,ready_for_build
2074,GAZP_10,GAZP,10_1,2012,276,10,1,Cal_cil,native,0,species,cover,167,plot:167:10:1,,,2012,TRUE,TRUE,ready_for_build
2075,GAZP_10,GAZP,10_1,2012,276,10,1,Ely_gla,native,2.3125,species,cover,167,plot:167:10:1,,,2012,TRUE,TRUE,ready_for_build
2076,GAZP_10,GAZP,10_1,2012,276,10,1,Gri_hir,native,0.75,species,cover,167,plot:167:10:1,,,2012,TRUE,TRUE,ready_for_build
2077,GAZP_10,GAZP,10_1,2012,276,10,1,Ley_tri,native,22.75,species,cover,167,plot:167:10:1,,,2012,TRUE,TRUE,ready_for_build
2078,GAZP_10,GAZP,10_1,2012,276,10,1,Mel_cal,native,0,species,cover,167,plot:167:10:1,,,2012,TRUE,TRUE,ready_for_build
2079,GAZP_10,GAZP,10_1,2012,276,10,1,Nas_pul,native,1.125,species,cover,167,plot:167:10:1,,,2012,TRUE,TRUE,ready_for_build
2080,GAZP_10,GAZP,10_1,2012,276,10,1,Tri_bif,native,0,species,cover,167,plot:167:10:1,,,2012,TRUE,TRUE,ready_for_build
2081,GAZP_10,GAZP,10_1,2012,276,10,1,Tri_wil,native,0,species,cover,167,plot:167:10:1,,,2012,TRUE,TRUE,ready_for_build
2082,GAZP_10,GAZP,10_1,2012,276,10,2,Cal_cil,native,0,species,cover,167,plot:167:10:2,,,2012,TRUE,TRUE,ready_for_build
2083,GAZP_10,GAZP,10_1,2012,276,10,2,Ely_gla,native,10.0625,species,cover,167,plot:167:10:2,,,2012,TRUE,TRUE,ready_for_build
2084,GAZP_10,GAZP,10_1,2012,276,10,2,Gri_hir,native,8.1875,species,cover,167,plot:167:10:2,,,2012,TRUE,TRUE,ready_for_build
2085,GAZP_10,GAZP,10_1,2012,276,10,2,Ley_tri,native,16.0625,species,cover,167,plot:167:10:2,,,2012,TRUE,TRUE,ready_for_build
2086,GAZP_10,GAZP,10_1,2012,276,10,2,Mel_cal,native,0.375,species,cover,167,plot:167:10:2,,,2012,TRUE,TRUE,ready_for_build
2087,GAZP_10,GAZP,10_1,2012,276,10,2,Nas_pul,native,8.4375,species,cover,167,plot:167:10:2,,,2012,TRUE,TRUE,ready_for_build
2088,GAZP_10,GAZP,10_1,2012,276,10,2,Tri_bif,native,0,species,cover,167,plot:167:10:2,,,2012,TRUE,TRUE,ready_for_build
2089,GAZP_10,GAZP,10_1,2012,276,10,2,Tri_wil,native,0,species,cover,167,plot:167:10:2,,,2012,TRUE,TRUE,ready_for_build
2090,GAZP_10,GAZP,10_1,2012,276,10,,Cal_cil,native,0,species,cover,167,block:167:10,,,2012,TRUE,TRUE,ready_for_build
2091,GAZP_10,GAZP,10_1,2012,276,10,,Ely_gla,native,5.5,species,cover,167,block:167:10,,,2012,TRUE,TRUE,ready_for_build
2092,GAZP_10,GAZP,10_1,2012,276,10,,Gri_hir,native,6.4375,species,cover,167,block:167:10,,,2012,TRUE,TRUE,ready_for_build
2093,GAZP_10,GAZP,10_1,2012,276,10,,Ley_tri,native,19,species,cover,167,block:167:10,,,2012,TRUE,TRUE,ready_for_build
2094,GAZP_10,GAZP,10_1,2012,276,10,,Mel_cal,native,0.125,species,cover,167,block:167:10,,,2012,TRUE,TRUE,ready_for_build
2095,GAZP_10,GAZP,10_1,2012,276,10,,Nas_pul,native,15.875,species,cover,167,block:167:10,,,2012,TRUE,TRUE,ready_for_build
2096,GAZP_10,GAZP,10_1,2012,276,10,,Tri_bif,native,0,species,cover,167,block:167:10,,,2012,TRUE,TRUE,ready_for_build
2097,GAZP_10,GAZP,10_1,2012,276,10,,Tri_wil,native,0,species,cover,167,block:167:10,,,2012,TRUE,TRUE,ready_for_build
2098,GAZP_10,GAZP,10_1,2012,276,14,1,Cal_cil,native,0,species,cover,167,plot:167:14:1,,,2012,TRUE,TRUE,ready_for_build
2099,GAZP_10,GAZP,10_1,2012,276,14,1,Ely_gla,native,32.2857142857143,species,cover,167,plot:167:14:1,,,2012,TRUE,TRUE,ready_for_build
2100,GAZP_10,GAZP,10_1,2012,276,14,1,Gri_hir,native,0,species,cover,167,plot:167:14:1,,,2012,TRUE,TRUE,ready_for_build
2101,GAZP_10,GAZP,10_1,2012,276,14,1,Ley_tri,native,0.0625,species,cover,167,plot:167:14:1,,,2012,TRUE,TRUE,ready_for_build
2102,GAZP_10,GAZP,10_1,2012,276,14,1,Mel_cal,native,0,species,cover,167,plot:167:14:1,,,2012,TRUE,TRUE,ready_for_build
2103,GAZP_10,GAZP,10_1,2012,276,14,1,Nas_pul,native,6.5,species,cover,167,plot:167:14:1,,,2012,TRUE,TRUE,ready_for_build
2104,GAZP_10,GAZP,10_1,2012,276,14,1,Tri_bif,native,0,species,cover,167,plot:167:14:1,,,2012,TRUE,TRUE,ready_for_build
2105,GAZP_10,GAZP,10_1,2012,276,14,1,Tri_wil,native,0,species,cover,167,plot:167:14:1,,,2012,TRUE,TRUE,ready_for_build
2106,GAZP_10,GAZP,10_1,2012,276,14,2,Cal_cil,native,0,species,cover,167,plot:167:14:2,,,2012,TRUE,TRUE,ready_for_build
2107,GAZP_10,GAZP,10_1,2012,276,14,2,Ely_gla,native,4.75,species,cover,167,plot:167:14:2,,,2012,TRUE,TRUE,ready_for_build
2108,GAZP_10,GAZP,10_1,2012,276,14,2,Gri_hir,native,0.5,species,cover,167,plot:167:14:2,,,2012,TRUE,TRUE,ready_for_build
2109,GAZP_10,GAZP,10_1,2012,276,14,2,Ley_tri,native,0.5,species,cover,167,plot:167:14:2,,,2012,TRUE,TRUE,ready_for_build
2110,GAZP_10,GAZP,10_1,2012,276,14,2,Mel_cal,native,0,species,cover,167,plot:167:14:2,,,2012,TRUE,TRUE,ready_for_build
2111,GAZP_10,GAZP,10_1,2012,276,14,2,Nas_pul,native,1.75,species,cover,167,plot:167:14:2,,,2012,TRUE,TRUE,ready_for_build
2112,GAZP_10,GAZP,10_1,2012,276,14,2,Tri_bif,native,0,species,cover,167,plot:167:14:2,,,2012,TRUE,TRUE,ready_for_build
2113,GAZP_10,GAZP,10_1,2012,276,14,2,Tri_wil,native,0,species,cover,167,plot:167:14:2,,,2012,TRUE,TRUE,ready_for_build
2114,GAZP_10,GAZP,10_1,2012,276,14,,Cal_cil,native,0.0625,species,cover,167,block:167:14,,,2012,TRUE,TRUE,ready_for_build
2115,GAZP_10,GAZP,10_1,2012,276,14,,Ely_gla,native,17.4375,species,cover,167,block:167:14,,,2012,TRUE,TRUE,ready_for_build
2116,GAZP_10,GAZP,10_1,2012,276,14,,Gri_hir,native,1.4375,species,cover,167,block:167:14,,,2012,TRUE,TRUE,ready_for_build
2117,GAZP_10,GAZP,10_1,2012,276,14,,Ley_tri,native,1.5625,species,cover,167,block:167:14,,,2012,TRUE,TRUE,ready_for_build
2118,GAZP_10,GAZP,10_1,2012,276,14,,Mel_cal,native,0.125,species,cover,167,block:167:14,,,2012,TRUE,TRUE,ready_for_build
2119,GAZP_10,GAZP,10_1,2012,276,14,,Nas_pul,native,5.375,species,cover,167,block:167:14,,,2012,TRUE,TRUE,ready_for_build
2120,GAZP_10,GAZP,10_1,2012,276,14,,Tri_bif,native,0,species,cover,167,block:167:14,,,2012,TRUE,TRUE,ready_for_build
2121,GAZP_10,GAZP,10_1,2012,276,14,,Tri_wil,native,0,species,cover,167,block:167:14,,,2012,TRUE,TRUE,ready_for_build
2122,GAZP_10,GAZP,10_1,2012,276,17,1,Cal_cil,native,0,species,cover,167,plot:167:17:1,,,2012,TRUE,TRUE,ready_for_build
2123,GAZP_10,GAZP,10_1,2012,276,17,1,Ely_gla,native,1.125,species,cover,167,plot:167:17:1,,,2012,TRUE,TRUE,ready_for_build
2124,GAZP_10,GAZP,10_1,2012,276,17,1,Gri_hir,native,0,species,cover,167,plot:167:17:1,,,2012,TRUE,TRUE,ready_for_build
2125,GAZP_10,GAZP,10_1,2012,276,17,1,Ley_tri,native,0.125,species,cover,167,plot:167:17:1,,,2012,TRUE,TRUE,ready_for_build
2126,GAZP_10,GAZP,10_1,2012,276,17,1,Mel_cal,native,0.125,species,cover,167,plot:167:17:1,,,2012,TRUE,TRUE,ready_for_build
2127,GAZP_10,GAZP,10_1,2012,276,17,1,Nas_pul,native,1.3125,species,cover,167,plot:167:17:1,,,2012,TRUE,TRUE,ready_for_build
2128,GAZP_10,GAZP,10_1,2012,276,17,1,Tri_bif,native,0,species,cover,167,plot:167:17:1,,,2012,TRUE,TRUE,ready_for_build
2129,GAZP_10,GAZP,10_1,2012,276,17,1,Tri_wil,native,0,species,cover,167,plot:167:17:1,,,2012,TRUE,TRUE,ready_for_build
2130,GAZP_10,GAZP,10_1,2012,276,17,2,Cal_cil,native,0,species,cover,167,plot:167:17:2,,,2012,TRUE,TRUE,ready_for_build
2131,GAZP_10,GAZP,10_1,2012,276,17,2,Ely_gla,native,18.3125,species,cover,167,plot:167:17:2,,,2012,TRUE,TRUE,ready_for_build
2132,GAZP_10,GAZP,10_1,2012,276,17,2,Gri_hir,native,1.125,species,cover,167,plot:167:17:2,,,2012,TRUE,TRUE,ready_for_build
2133,GAZP_10,GAZP,10_1,2012,276,17,2,Ley_tri,native,0.1875,species,cover,167,plot:167:17:2,,,2012,TRUE,TRUE,ready_for_build
2134,GAZP_10,GAZP,10_1,2012,276,17,2,Mel_cal,native,0.0625,species,cover,167,plot:167:17:2,,,2012,TRUE,TRUE,ready_for_build
2135,GAZP_10,GAZP,10_1,2012,276,17,2,Nas_pul,native,1.9375,species,cover,167,plot:167:17:2,,,2012,TRUE,TRUE,ready_for_build
2136,GAZP_10,GAZP,10_1,2012,276,17,2,Tri_bif,native,0,species,cover,167,plot:167:17:2,,,2012,TRUE,TRUE,ready_for_build
2137,GAZP_10,GAZP,10_1,2012,276,17,2,Tri_wil,native,0,species,cover,167,plot:167:17:2,,,2012,TRUE,TRUE,ready_for_build
2138,GAZP_10,GAZP,10_1,2012,276,17,,Cal_cil,native,0,species,cover,167,block:167:17,,,2012,TRUE,TRUE,ready_for_build
2139,GAZP_10,GAZP,10_1,2012,276,17,,Ely_gla,native,6.5625,species,cover,167,block:167:17,,,2012,TRUE,TRUE,ready_for_build
2140,GAZP_10,GAZP,10_1,2012,276,17,,Gri_hir,native,0.9375,species,cover,167,block:167:17,,,2012,TRUE,TRUE,ready_for_build
2141,GAZP_10,GAZP,10_1,2012,276,17,,Ley_tri,native,1,species,cover,167,block:167:17,,,2012,TRUE,TRUE,ready_for_build
2142,GAZP_10,GAZP,10_1,2012,276,17,,Mel_cal,native,0.1875,species,cover,167,block:167:17,,,2012,TRUE,TRUE,ready_for_build
2143,GAZP_10,GAZP,10_1,2012,276,17,,Nas_pul,native,14.6875,species,cover,167,block:167:17,,,2012,TRUE,TRUE,ready_for_build
2144,GAZP_10,GAZP,10_1,2012,276,17,,Tri_bif,native,0,species,cover,167,block:167:17,,,2012,TRUE,TRUE,ready_for_build
2145,GAZP_10,GAZP,10_1,2012,276,17,,Tri_wil,native,0,species,cover,167,block:167:17,,,2012,TRUE,TRUE,ready_for_build
2146,GAZP_10,GAZP,10_1,2012,276,24,1,Cal_cil,native,0,species,cover,167,plot:167:24:1,,,2012,TRUE,TRUE,ready_for_build
2147,GAZP_10,GAZP,10_1,2012,276,24,1,Ely_gla,native,3.25,species,cover,167,plot:167:24:1,,,2012,TRUE,TRUE,ready_for_build
2148,GAZP_10,GAZP,10_1,2012,276,24,1,Gri_hir,native,4.6875,species,cover,167,plot:167:24:1,,,2012,TRUE,TRUE,ready_for_build
2149,GAZP_10,GAZP,10_1,2012,276,24,1,Ley_tri,native,5.375,species,cover,167,plot:167:24:1,,,2012,TRUE,TRUE,ready_for_build
2150,GAZP_10,GAZP,10_1,2012,276,24,1,Mel_cal,native,0,species,cover,167,plot:167:24:1,,,2012,TRUE,TRUE,ready_for_build
2151,GAZP_10,GAZP,10_1,2012,276,24,1,Nas_pul,native,4,species,cover,167,plot:167:24:1,,,2012,TRUE,TRUE,ready_for_build
2152,GAZP_10,GAZP,10_1,2012,276,24,1,Tri_bif,native,0,species,cover,167,plot:167:24:1,,,2012,TRUE,TRUE,ready_for_build
2153,GAZP_10,GAZP,10_1,2012,276,24,1,Tri_wil,native,0,species,cover,167,plot:167:24:1,,,2012,TRUE,TRUE,ready_for_build
2154,GAZP_10,GAZP,10_1,2012,276,24,2,Cal_cil,native,0,species,cover,167,plot:167:24:2,,,2012,TRUE,TRUE,ready_for_build
2155,GAZP_10,GAZP,10_1,2012,276,24,2,Ely_gla,native,0.625,species,cover,167,plot:167:24:2,,,2012,TRUE,TRUE,ready_for_build
2156,GAZP_10,GAZP,10_1,2012,276,24,2,Gri_hir,native,0,species,cover,167,plot:167:24:2,,,2012,TRUE,TRUE,ready_for_build
2157,GAZP_10,GAZP,10_1,2012,276,24,2,Ley_tri,native,2.3125,species,cover,167,plot:167:24:2,,,2012,TRUE,TRUE,ready_for_build
2158,GAZP_10,GAZP,10_1,2012,276,24,2,Mel_cal,native,0,species,cover,167,plot:167:24:2,,,2012,TRUE,TRUE,ready_for_build
2159,GAZP_10,GAZP,10_1,2012,276,24,2,Nas_pul,native,2.3125,species,cover,167,plot:167:24:2,,,2012,TRUE,TRUE,ready_for_build
2160,GAZP_10,GAZP,10_1,2012,276,24,2,Tri_bif,native,0,species,cover,167,plot:167:24:2,,,2012,TRUE,TRUE,ready_for_build
2161,GAZP_10,GAZP,10_1,2012,276,24,2,Tri_wil,native,0,species,cover,167,plot:167:24:2,,,2012,TRUE,TRUE,ready_for_build
2162,GAZP_10,GAZP,10_1,2012,276,24,,Cal_cil,native,0,species,cover,167,block:167:24,,,2012,TRUE,TRUE,ready_for_build
2163,GAZP_10,GAZP,10_1,2012,276,24,,Ely_gla,native,1.9375,species,cover,167,block:167:24,,,2012,TRUE,TRUE,ready_for_build
2164,GAZP_10,GAZP,10_1,2012,276,24,,Gri_hir,native,1.4375,species,cover,167,block:167:24,,,2012,TRUE,TRUE,ready_for_build
2165,GAZP_10,GAZP,10_1,2012,276,24,,Ley_tri,native,3.8125,species,cover,167,block:167:24,,,2012,TRUE,TRUE,ready_for_build
2166,GAZP_10,GAZP,10_1,2012,276,24,,Mel_cal,native,0.4375,species,cover,167,block:167:24,,,2012,TRUE,TRUE,ready_for_build
2167,GAZP_10,GAZP,10_1,2012,276,24,,Nas_pul,native,7.5,species,cover,167,block:167:24,,,2012,TRUE,TRUE,ready_for_build
2168,GAZP_10,GAZP,10_1,2012,276,24,,Tri_bif,native,0,species,cover,167,block:167:24,,,2012,TRUE,TRUE,ready_for_build
2169,GAZP_10,GAZP,10_1,2012,276,24,,Tri_wil,native,0,species,cover,167,block:167:24,,,2012,TRUE,TRUE,ready_for_build
2170,GAZP_10,GAZP,10_2,2012,276,3,1,Cal_cil,native,0,species,cover,167,plot:167:3:1,,,2012,TRUE,TRUE,ready_for_build
2171,GAZP_10,GAZP,10_2,2012,276,3,1,Ely_gla,native,1.0625,species,cover,167,plot:167:3:1,,,2012,TRUE,TRUE,ready_for_build
2172,GAZP_10,GAZP,10_2,2012,276,3,1,Gri_hir,native,0,species,cover,167,plot:167:3:1,,,2012,TRUE,TRUE,ready_for_build
2173,GAZP_10,GAZP,10_2,2012,276,3,1,Ley_tri,native,0.0625,species,cover,167,plot:167:3:1,,,2012,TRUE,TRUE,ready_for_build
2174,GAZP_10,GAZP,10_2,2012,276,3,1,Mel_cal,native,0,species,cover,167,plot:167:3:1,,,2012,TRUE,TRUE,ready_for_build
2175,GAZP_10,GAZP,10_2,2012,276,3,1,Nas_pul,native,55,species,cover,167,plot:167:3:1,,,2012,TRUE,TRUE,ready_for_build
2176,GAZP_10,GAZP,10_2,2012,276,3,1,Tri_bif,native,0,species,cover,167,plot:167:3:1,,,2012,TRUE,TRUE,ready_for_build
2177,GAZP_10,GAZP,10_2,2012,276,3,1,Tri_wil,native,0,species,cover,167,plot:167:3:1,,,2012,TRUE,TRUE,ready_for_build
2178,GAZP_10,GAZP,10_2,2012,276,3,2,Cal_cil,native,0,species,cover,167,plot:167:3:2,,,2012,TRUE,TRUE,ready_for_build
2179,GAZP_10,GAZP,10_2,2012,276,3,2,Ely_gla,native,0.5625,species,cover,167,plot:167:3:2,,,2012,TRUE,TRUE,ready_for_build
2180,GAZP_10,GAZP,10_2,2012,276,3,2,Gri_hir,native,2.25,species,cover,167,plot:167:3:2,,,2012,TRUE,TRUE,ready_for_build
2181,GAZP_10,GAZP,10_2,2012,276,3,2,Ley_tri,native,0.4375,species,cover,167,plot:167:3:2,,,2012,TRUE,TRUE,ready_for_build
2182,GAZP_10,GAZP,10_2,2012,276,3,2,Mel_cal,native,0,species,cover,167,plot:167:3:2,,,2012,TRUE,TRUE,ready_for_build
2183,GAZP_10,GAZP,10_2,2012,276,3,2,Nas_pul,native,4.875,species,cover,167,plot:167:3:2,,,2012,TRUE,TRUE,ready_for_build
2184,GAZP_10,GAZP,10_2,2012,276,3,2,Tri_bif,native,0,species,cover,167,plot:167:3:2,,,2012,TRUE,TRUE,ready_for_build
2185,GAZP_10,GAZP,10_2,2012,276,3,2,Tri_wil,native,0,species,cover,167,plot:167:3:2,,,2012,TRUE,TRUE,ready_for_build
2186,GAZP_10,GAZP,10_2,2012,276,3,,Cal_cil,native,0,species,cover,167,block:167:3,,,2012,TRUE,TRUE,ready_for_build
2187,GAZP_10,GAZP,10_2,2012,276,3,,Ely_gla,native,0.75,species,cover,167,block:167:3,,,2012,TRUE,TRUE,ready_for_build
2188,GAZP_10,GAZP,10_2,2012,276,3,,Gri_hir,native,1.625,species,cover,167,block:167:3,,,2012,TRUE,TRUE,ready_for_build
2189,GAZP_10,GAZP,10_2,2012,276,3,,Ley_tri,native,0.5,species,cover,167,block:167:3,,,2012,TRUE,TRUE,ready_for_build
2190,GAZP_10,GAZP,10_2,2012,276,3,,Mel_cal,native,0,species,cover,167,block:167:3,,,2012,TRUE,TRUE,ready_for_build
2191,GAZP_10,GAZP,10_2,2012,276,3,,Nas_pul,native,19.5625,species,cover,167,block:167:3,,,2012,TRUE,TRUE,ready_for_build
2192,GAZP_10,GAZP,10_2,2012,276,3,,Tri_bif,native,0,species,cover,167,block:167:3,,,2012,TRUE,TRUE,ready_for_build
2193,GAZP_10,GAZP,10_2,2012,276,3,,Tri_wil,native,0,species,cover,167,block:167:3,,,2012,TRUE,TRUE,ready_for_build
2194,GAZP_10,GAZP,10_2,2012,276,8,1,Cal_cil,native,0,species,cover,167,plot:167:8:1,,,2012,TRUE,TRUE,ready_for_build
2195,GAZP_10,GAZP,10_2,2012,276,8,1,Ely_gla,native,0.1875,species,cover,167,plot:167:8:1,,,2012,TRUE,TRUE,ready_for_build
2196,GAZP_10,GAZP,10_2,2012,276,8,1,Gri_hir,native,0,species,cover,167,plot:167:8:1,,,2012,TRUE,TRUE,ready_for_build
2197,GAZP_10,GAZP,10_2,2012,276,8,1,Ley_tri,native,0,species,cover,167,plot:167:8:1,,,2012,TRUE,TRUE,ready_for_build
2198,GAZP_10,GAZP,10_2,2012,276,8,1,Mel_cal,native,0,species,cover,167,plot:167:8:1,,,2012,TRUE,TRUE,ready_for_build
2199,GAZP_10,GAZP,10_2,2012,276,8,1,Nas_pul,native,65.625,species,cover,167,plot:167:8:1,,,2012,TRUE,TRUE,ready_for_build
2200,GAZP_10,GAZP,10_2,2012,276,8,1,Tri_bif,native,0,species,cover,167,plot:167:8:1,,,2012,TRUE,TRUE,ready_for_build
2201,GAZP_10,GAZP,10_2,2012,276,8,1,Tri_wil,native,0,species,cover,167,plot:167:8:1,,,2012,TRUE,TRUE,ready_for_build
2202,GAZP_10,GAZP,10_2,2012,276,8,2,Cal_cil,native,0,species,cover,167,plot:167:8:2,,,2012,TRUE,TRUE,ready_for_build
2203,GAZP_10,GAZP,10_2,2012,276,8,2,Ely_gla,native,1.25,species,cover,167,plot:167:8:2,,,2012,TRUE,TRUE,ready_for_build
2204,GAZP_10,GAZP,10_2,2012,276,8,2,Gri_hir,native,0.4375,species,cover,167,plot:167:8:2,,,2012,TRUE,TRUE,ready_for_build
2205,GAZP_10,GAZP,10_2,2012,276,8,2,Ley_tri,native,0.0625,species,cover,167,plot:167:8:2,,,2012,TRUE,TRUE,ready_for_build
2206,GAZP_10,GAZP,10_2,2012,276,8,2,Mel_cal,native,0,species,cover,167,plot:167:8:2,,,2012,TRUE,TRUE,ready_for_build
2207,GAZP_10,GAZP,10_2,2012,276,8,2,Nas_pul,native,28.875,species,cover,167,plot:167:8:2,,,2012,TRUE,TRUE,ready_for_build
2208,GAZP_10,GAZP,10_2,2012,276,8,2,Tri_bif,native,0,species,cover,167,plot:167:8:2,,,2012,TRUE,TRUE,ready_for_build
2209,GAZP_10,GAZP,10_2,2012,276,8,2,Tri_wil,native,0,species,cover,167,plot:167:8:2,,,2012,TRUE,TRUE,ready_for_build
2210,GAZP_10,GAZP,10_2,2012,276,8,,Cal_cil,native,0,species,cover,167,block:167:8,,,2012,TRUE,TRUE,ready_for_build
2211,GAZP_10,GAZP,10_2,2012,276,8,,Ely_gla,native,0.8125,species,cover,167,block:167:8,,,2012,TRUE,TRUE,ready_for_build
2212,GAZP_10,GAZP,10_2,2012,276,8,,Gri_hir,native,0.625,species,cover,167,block:167:8,,,2012,TRUE,TRUE,ready_for_build
2213,GAZP_10,GAZP,10_2,2012,276,8,,Ley_tri,native,0.375,species,cover,167,block:167:8,,,2012,TRUE,TRUE,ready_for_build
2214,GAZP_10,GAZP,10_2,2012,276,8,,Mel_cal,native,0,species,cover,167,block:167:8,,,2012,TRUE,TRUE,ready_for_build
2215,GAZP_10,GAZP,10_2,2012,276,8,,Nas_pul,native,65.625,species,cover,167,block:167:8,,,2012,TRUE,TRUE,ready_for_build
2216,GAZP_10,GAZP,10_2,2012,276,8,,Tri_bif,native,0,species,cover,167,block:167:8,,,2012,TRUE,TRUE,ready_for_build
2217,GAZP_10,GAZP,10_2,2012,276,8,,Tri_wil,native,0,species,cover,167,block:167:8,,,2012,TRUE,TRUE,ready_for_build
2218,GAZP_10,GAZP,10_2,2012,276,11,1,Cal_cil,native,0,species,cover,167,plot:167:11:1,,,2012,TRUE,TRUE,ready_for_build
2219,GAZP_10,GAZP,10_2,2012,276,11,1,Ely_gla,native,0.625,species,cover,167,plot:167:11:1,,,2012,TRUE,TRUE,ready_for_build
2220,GAZP_10,GAZP,10_2,2012,276,11,1,Gri_hir,native,0,species,cover,167,plot:167:11:1,,,2012,TRUE,TRUE,ready_for_build
2221,GAZP_10,GAZP,10_2,2012,276,11,1,Ley_tri,native,0,species,cover,167,plot:167:11:1,,,2012,TRUE,TRUE,ready_for_build
2222,GAZP_10,GAZP,10_2,2012,276,11,1,Mel_cal,native,0.0625,species,cover,167,plot:167:11:1,,,2012,TRUE,TRUE,ready_for_build
2223,GAZP_10,GAZP,10_2,2012,276,11,1,Nas_pul,native,40.0625,species,cover,167,plot:167:11:1,,,2012,TRUE,TRUE,ready_for_build
2224,GAZP_10,GAZP,10_2,2012,276,11,1,Tri_bif,native,0,species,cover,167,plot:167:11:1,,,2012,TRUE,TRUE,ready_for_build
2225,GAZP_10,GAZP,10_2,2012,276,11,1,Tri_wil,native,0,species,cover,167,plot:167:11:1,,,2012,TRUE,TRUE,ready_for_build
2226,GAZP_10,GAZP,10_2,2012,276,11,2,Cal_cil,native,0,species,cover,167,plot:167:11:2,,,2012,TRUE,TRUE,ready_for_build
2227,GAZP_10,GAZP,10_2,2012,276,11,2,Ely_gla,native,2.8125,species,cover,167,plot:167:11:2,,,2012,TRUE,TRUE,ready_for_build
2228,GAZP_10,GAZP,10_2,2012,276,11,2,Gri_hir,native,0,species,cover,167,plot:167:11:2,,,2012,TRUE,TRUE,ready_for_build
2229,GAZP_10,GAZP,10_2,2012,276,11,2,Ley_tri,native,0.0625,species,cover,167,plot:167:11:2,,,2012,TRUE,TRUE,ready_for_build
2230,GAZP_10,GAZP,10_2,2012,276,11,2,Mel_cal,native,0.0625,species,cover,167,plot:167:11:2,,,2012,TRUE,TRUE,ready_for_build
2231,GAZP_10,GAZP,10_2,2012,276,11,2,Nas_pul,native,7.75,species,cover,167,plot:167:11:2,,,2012,TRUE,TRUE,ready_for_build
2232,GAZP_10,GAZP,10_2,2012,276,11,2,Tri_bif,native,0,species,cover,167,plot:167:11:2,,,2012,TRUE,TRUE,ready_for_build
2233,GAZP_10,GAZP,10_2,2012,276,11,2,Tri_wil,native,0,species,cover,167,plot:167:11:2,,,2012,TRUE,TRUE,ready_for_build
2234,GAZP_10,GAZP,10_2,2012,276,11,,Cal_cil,native,0,species,cover,167,block:167:11,,,2012,TRUE,TRUE,ready_for_build
2235,GAZP_10,GAZP,10_2,2012,276,11,,Ely_gla,native,3.5625,species,cover,167,block:167:11,,,2012,TRUE,TRUE,ready_for_build
2236,GAZP_10,GAZP,10_2,2012,276,11,,Gri_hir,native,0.4375,species,cover,167,block:167:11,,,2012,TRUE,TRUE,ready_for_build
2237,GAZP_10,GAZP,10_2,2012,276,11,,Ley_tri,native,0.875,species,cover,167,block:167:11,,,2012,TRUE,TRUE,ready_for_build
2238,GAZP_10,GAZP,10_2,2012,276,11,,Mel_cal,native,0.1875,species,cover,167,block:167:11,,,2012,TRUE,TRUE,ready_for_build
2239,GAZP_10,GAZP,10_2,2012,276,11,,Nas_pul,native,31.25,species,cover,167,block:167:11,,,2012,TRUE,TRUE,ready_for_build
2240,GAZP_10,GAZP,10_2,2012,276,11,,Tri_bif,native,0,species,cover,167,block:167:11,,,2012,TRUE,TRUE,ready_for_build
2241,GAZP_10,GAZP,10_2,2012,276,11,,Tri_wil,native,0,species,cover,167,block:167:11,,,2012,TRUE,TRUE,ready_for_build
2242,GAZP_10,GAZP,10_2,2012,276,22,1,Cal_cil,native,0,species,cover,167,plot:167:22:1,,,2012,TRUE,TRUE,ready_for_build
2243,GAZP_10,GAZP,10_2,2012,276,22,1,Ely_gla,native,0.1875,species,cover,167,plot:167:22:1,,,2012,TRUE,TRUE,ready_for_build
2244,GAZP_10,GAZP,10_2,2012,276,22,1,Gri_hir,native,0,species,cover,167,plot:167:22:1,,,2012,TRUE,TRUE,ready_for_build
2245,GAZP_10,GAZP,10_2,2012,276,22,1,Ley_tri,native,0.25,species,cover,167,plot:167:22:1,,,2012,TRUE,TRUE,ready_for_build
2246,GAZP_10,GAZP,10_2,2012,276,22,1,Mel_cal,native,0,species,cover,167,plot:167:22:1,,,2012,TRUE,TRUE,ready_for_build
2247,GAZP_10,GAZP,10_2,2012,276,22,1,Nas_pul,native,9.6875,species,cover,167,plot:167:22:1,,,2012,TRUE,TRUE,ready_for_build
2248,GAZP_10,GAZP,10_2,2012,276,22,1,Tri_bif,native,0,species,cover,167,plot:167:22:1,,,2012,TRUE,TRUE,ready_for_build
2249,GAZP_10,GAZP,10_2,2012,276,22,1,Tri_wil,native,0,species,cover,167,plot:167:22:1,,,2012,TRUE,TRUE,ready_for_build
2250,GAZP_10,GAZP,10_2,2012,276,22,2,Cal_cil,native,0,species,cover,167,plot:167:22:2,,,2012,TRUE,TRUE,ready_for_build
2251,GAZP_10,GAZP,10_2,2012,276,22,2,Ely_gla,native,8.0625,species,cover,167,plot:167:22:2,,,2012,TRUE,TRUE,ready_for_build
2252,GAZP_10,GAZP,10_2,2012,276,22,2,Gri_hir,native,0.375,species,cover,167,plot:167:22:2,,,2012,TRUE,TRUE,ready_for_build
2253,GAZP_10,GAZP,10_2,2012,276,22,2,Ley_tri,native,3,species,cover,167,plot:167:22:2,,,2012,TRUE,TRUE,ready_for_build
2254,GAZP_10,GAZP,10_2,2012,276,22,2,Mel_cal,native,0,species,cover,167,plot:167:22:2,,,2012,TRUE,TRUE,ready_for_build
2255,GAZP_10,GAZP,10_2,2012,276,22,2,Nas_pul,native,10.6875,species,cover,167,plot:167:22:2,,,2012,TRUE,TRUE,ready_for_build
2256,GAZP_10,GAZP,10_2,2012,276,22,2,Tri_bif,native,0,species,cover,167,plot:167:22:2,,,2012,TRUE,TRUE,ready_for_build
2257,GAZP_10,GAZP,10_2,2012,276,22,2,Tri_wil,native,0,species,cover,167,plot:167:22:2,,,2012,TRUE,TRUE,ready_for_build
2258,GAZP_10,GAZP,10_2,2012,276,22,,Cal_cil,native,0,species,cover,167,block:167:22,,,2012,TRUE,TRUE,ready_for_build
2259,GAZP_10,GAZP,10_2,2012,276,22,,Ely_gla,native,15.875,species,cover,167,block:167:22,,,2012,TRUE,TRUE,ready_for_build
2260,GAZP_10,GAZP,10_2,2012,276,22,,Gri_hir,native,0.3125,species,cover,167,block:167:22,,,2012,TRUE,TRUE,ready_for_build
2261,GAZP_10,GAZP,10_2,2012,276,22,,Ley_tri,native,13.0625,species,cover,167,block:167:22,,,2012,TRUE,TRUE,ready_for_build
2262,GAZP_10,GAZP,10_2,2012,276,22,,Mel_cal,native,0.0625,species,cover,167,block:167:22,,,2012,TRUE,TRUE,ready_for_build
2263,GAZP_10,GAZP,10_2,2012,276,22,,Nas_pul,native,11.5,species,cover,167,block:167:22,,,2012,TRUE,TRUE,ready_for_build
2264,GAZP_10,GAZP,10_2,2012,276,22,,Tri_bif,native,0,species,cover,167,block:167:22,,,2012,TRUE,TRUE,ready_for_build
2265,GAZP_10,GAZP,10_2,2012,276,22,,Tri_wil,native,0,species,cover,167,block:167:22,,,2012,TRUE,TRUE,ready_for_build
2266,GAZP_10,GAZP,10_2,2012,276,23,1,Cal_cil,native,0,species,cover,167,plot:167:23:1,,,2012,TRUE,TRUE,ready_for_build
2267,GAZP_10,GAZP,10_2,2012,276,23,1,Ely_gla,native,0.125,species,cover,167,plot:167:23:1,,,2012,TRUE,TRUE,ready_for_build
2268,GAZP_10,GAZP,10_2,2012,276,23,1,Gri_hir,native,0,species,cover,167,plot:167:23:1,,,2012,TRUE,TRUE,ready_for_build
2269,GAZP_10,GAZP,10_2,2012,276,23,1,Ley_tri,native,0.0625,species,cover,167,plot:167:23:1,,,2012,TRUE,TRUE,ready_for_build
2270,GAZP_10,GAZP,10_2,2012,276,23,1,Mel_cal,native,0.1875,species,cover,167,plot:167:23:1,,,2012,TRUE,TRUE,ready_for_build
2271,GAZP_10,GAZP,10_2,2012,276,23,1,Nas_pul,native,23.75,species,cover,167,plot:167:23:1,,,2012,TRUE,TRUE,ready_for_build
2272,GAZP_10,GAZP,10_2,2012,276,23,1,Tri_bif,native,0,species,cover,167,plot:167:23:1,,,2012,TRUE,TRUE,ready_for_build
2273,GAZP_10,GAZP,10_2,2012,276,23,1,Tri_wil,native,0,species,cover,167,plot:167:23:1,,,2012,TRUE,TRUE,ready_for_build
2274,GAZP_10,GAZP,10_2,2012,276,23,2,Cal_cil,native,0,species,cover,167,plot:167:23:2,,,2012,TRUE,TRUE,ready_for_build
2275,GAZP_10,GAZP,10_2,2012,276,23,2,Ely_gla,native,3.8125,species,cover,167,plot:167:23:2,,,2012,TRUE,TRUE,ready_for_build
2276,GAZP_10,GAZP,10_2,2012,276,23,2,Gri_hir,native,0,species,cover,167,plot:167:23:2,,,2012,TRUE,TRUE,ready_for_build
2277,GAZP_10,GAZP,10_2,2012,276,23,2,Ley_tri,native,0.25,species,cover,167,plot:167:23:2,,,2012,TRUE,TRUE,ready_for_build
2278,GAZP_10,GAZP,10_2,2012,276,23,2,Mel_cal,native,0.0625,species,cover,167,plot:167:23:2,,,2012,TRUE,TRUE,ready_for_build
2279,GAZP_10,GAZP,10_2,2012,276,23,2,Nas_pul,native,20.0625,species,cover,167,plot:167:23:2,,,2012,TRUE,TRUE,ready_for_build
2280,GAZP_10,GAZP,10_2,2012,276,23,2,Tri_bif,native,0,species,cover,167,plot:167:23:2,,,2012,TRUE,TRUE,ready_for_build
2281,GAZP_10,GAZP,10_2,2012,276,23,2,Tri_wil,native,0,species,cover,167,plot:167:23:2,,,2012,TRUE,TRUE,ready_for_build
2282,GAZP_10,GAZP,10_2,2012,276,23,,Cal_cil,native,0,species,cover,167,block:167:23,,,2012,TRUE,TRUE,ready_for_build
2283,GAZP_10,GAZP,10_2,2012,276,23,,Ely_gla,native,2.3125,species,cover,167,block:167:23,,,2012,TRUE,TRUE,ready_for_build
2284,GAZP_10,GAZP,10_2,2012,276,23,,Gri_hir,native,0.75,species,cover,167,block:167:23,,,2012,TRUE,TRUE,ready_for_build
2285,GAZP_10,GAZP,10_2,2012,276,23,,Ley_tri,native,0.5,species,cover,167,block:167:23,,,2012,TRUE,TRUE,ready_for_build
2286,GAZP_10,GAZP,10_2,2012,276,23,,Mel_cal,native,0.375,species,cover,167,block:167:23,,,2012,TRUE,TRUE,ready_for_build
2287,GAZP_10,GAZP,10_2,2012,276,23,,Nas_pul,native,53.125,species,cover,167,block:167:23,,,2012,TRUE,TRUE,ready_for_build
2288,GAZP_10,GAZP,10_2,2012,276,23,,Tri_bif,native,0,species,cover,167,block:167:23,,,2012,TRUE,TRUE,ready_for_build
2289,GAZP_10,GAZP,10_2,2012,276,23,,Tri_wil,native,0,species,cover,167,block:167:23,,,2012,TRUE,TRUE,ready_for_build
2290,GAZP_10,GAZP,10_2,2012,276,25,1,Cal_cil,native,0,species,cover,167,plot:167:25:1,,,2012,TRUE,TRUE,ready_for_build
2291,GAZP_10,GAZP,10_2,2012,276,25,1,Ely_gla,native,5,species,cover,167,plot:167:25:1,,,2012,TRUE,TRUE,ready_for_build
2292,GAZP_10,GAZP,10_2,2012,276,25,1,Gri_hir,native,0,species,cover,167,plot:167:25:1,,,2012,TRUE,TRUE,ready_for_build
2293,GAZP_10,GAZP,10_2,2012,276,25,1,Ley_tri,native,0,species,cover,167,plot:167:25:1,,,2012,TRUE,TRUE,ready_for_build
2294,GAZP_10,GAZP,10_2,2012,276,25,1,Mel_cal,native,1.125,species,cover,167,plot:167:25:1,,,2012,TRUE,TRUE,ready_for_build
2295,GAZP_10,GAZP,10_2,2012,276,25,1,Nas_pul,native,10.6875,species,cover,167,plot:167:25:1,,,2012,TRUE,TRUE,ready_for_build
2296,GAZP_10,GAZP,10_2,2012,276,25,1,Tri_bif,native,0,species,cover,167,plot:167:25:1,,,2012,TRUE,TRUE,ready_for_build
2297,GAZP_10,GAZP,10_2,2012,276,25,1,Tri_wil,native,0,species,cover,167,plot:167:25:1,,,2012,TRUE,TRUE,ready_for_build
2298,GAZP_10,GAZP,10_2,2012,276,25,2,Cal_cil,native,0,species,cover,167,plot:167:25:2,,,2012,TRUE,TRUE,ready_for_build
2299,GAZP_10,GAZP,10_2,2012,276,25,2,Ely_gla,native,16.75,species,cover,167,plot:167:25:2,,,2012,TRUE,TRUE,ready_for_build
2300,GAZP_10,GAZP,10_2,2012,276,25,2,Gri_hir,native,0,species,cover,167,plot:167:25:2,,,2012,TRUE,TRUE,ready_for_build
2301,GAZP_10,GAZP,10_2,2012,276,25,2,Ley_tri,native,0.125,species,cover,167,plot:167:25:2,,,2012,TRUE,TRUE,ready_for_build
2302,GAZP_10,GAZP,10_2,2012,276,25,2,Mel_cal,native,0.0625,species,cover,167,plot:167:25:2,,,2012,TRUE,TRUE,ready_for_build
2303,GAZP_10,GAZP,10_2,2012,276,25,2,Nas_pul,native,14.875,species,cover,167,plot:167:25:2,,,2012,TRUE,TRUE,ready_for_build
2304,GAZP_10,GAZP,10_2,2012,276,25,2,Tri_bif,native,0,species,cover,167,plot:167:25:2,,,2012,TRUE,TRUE,ready_for_build
2305,GAZP_10,GAZP,10_2,2012,276,25,2,Tri_wil,native,0,species,cover,167,plot:167:25:2,,,2012,TRUE,TRUE,ready_for_build
2306,GAZP_10,GAZP,10_2,2012,276,25,,Cal_cil,native,0,species,cover,167,block:167:25,,,2012,TRUE,TRUE,ready_for_build
2307,GAZP_10,GAZP,10_2,2012,276,25,,Ely_gla,native,17.0625,species,cover,167,block:167:25,,,2012,TRUE,TRUE,ready_for_build
2308,GAZP_10,GAZP,10_2,2012,276,25,,Gri_hir,native,0.8125,species,cover,167,block:167:25,,,2012,TRUE,TRUE,ready_for_build
2309,GAZP_10,GAZP,10_2,2012,276,25,,Ley_tri,native,0.9375,species,cover,167,block:167:25,,,2012,TRUE,TRUE,ready_for_build
2310,GAZP_10,GAZP,10_2,2012,276,25,,Mel_cal,native,0.5625,species,cover,167,block:167:25,,,2012,TRUE,TRUE,ready_for_build
2311,GAZP_10,GAZP,10_2,2012,276,25,,Nas_pul,native,38.75,species,cover,167,block:167:25,,,2012,TRUE,TRUE,ready_for_build
2312,GAZP_10,GAZP,10_2,2012,276,25,,Tri_bif,native,0,species,cover,167,block:167:25,,,2012,TRUE,TRUE,ready_for_build
2313,GAZP_10,GAZP,10_2,2012,276,25,,Tri_wil,native,0,species,cover,167,block:167:25,,,2012,TRUE,TRUE,ready_for_build
2314,GAZP_10,GAZP,10_3,2012,276,2,1,Cal_cil,native,0,species,cover,167,plot:167:2:1,,,2012,TRUE,TRUE,ready_for_build
2315,GAZP_10,GAZP,10_3,2012,276,2,1,Ely_gla,native,0.5,species,cover,167,plot:167:2:1,,,2012,TRUE,TRUE,ready_for_build
2316,GAZP_10,GAZP,10_3,2012,276,2,1,Gri_hir,native,12.5625,species,cover,167,plot:167:2:1,,,2012,TRUE,TRUE,ready_for_build
2317,GAZP_10,GAZP,10_3,2012,276,2,1,Ley_tri,native,0.5625,species,cover,167,plot:167:2:1,,,2012,TRUE,TRUE,ready_for_build
2318,GAZP_10,GAZP,10_3,2012,276,2,1,Mel_cal,native,0,species,cover,167,plot:167:2:1,,,2012,TRUE,TRUE,ready_for_build
2319,GAZP_10,GAZP,10_3,2012,276,2,1,Nas_pul,native,1.25,species,cover,167,plot:167:2:1,,,2012,TRUE,TRUE,ready_for_build
2320,GAZP_10,GAZP,10_3,2012,276,2,1,Tri_bif,native,0,species,cover,167,plot:167:2:1,,,2012,TRUE,TRUE,ready_for_build
2321,GAZP_10,GAZP,10_3,2012,276,2,1,Tri_wil,native,0,species,cover,167,plot:167:2:1,,,2012,TRUE,TRUE,ready_for_build
2322,GAZP_10,GAZP,10_3,2012,276,2,2,Cal_cil,native,0,species,cover,167,plot:167:2:2,,,2012,TRUE,TRUE,ready_for_build
2323,GAZP_10,GAZP,10_3,2012,276,2,2,Ely_gla,native,0.125,species,cover,167,plot:167:2:2,,,2012,TRUE,TRUE,ready_for_build
2324,GAZP_10,GAZP,10_3,2012,276,2,2,Gri_hir,native,4.5625,species,cover,167,plot:167:2:2,,,2012,TRUE,TRUE,ready_for_build
2325,GAZP_10,GAZP,10_3,2012,276,2,2,Ley_tri,native,7.8125,species,cover,167,plot:167:2:2,,,2012,TRUE,TRUE,ready_for_build
2326,GAZP_10,GAZP,10_3,2012,276,2,2,Mel_cal,native,0.9375,species,cover,167,plot:167:2:2,,,2012,TRUE,TRUE,ready_for_build
2327,GAZP_10,GAZP,10_3,2012,276,2,2,Nas_pul,native,1.3125,species,cover,167,plot:167:2:2,,,2012,TRUE,TRUE,ready_for_build
2328,GAZP_10,GAZP,10_3,2012,276,2,2,Tri_bif,native,0,species,cover,167,plot:167:2:2,,,2012,TRUE,TRUE,ready_for_build
2329,GAZP_10,GAZP,10_3,2012,276,2,2,Tri_wil,native,0,species,cover,167,plot:167:2:2,,,2012,TRUE,TRUE,ready_for_build
2330,GAZP_10,GAZP,10_3,2012,276,2,,Cal_cil,native,0,species,cover,167,block:167:2,,,2012,TRUE,TRUE,ready_for_build
2331,GAZP_10,GAZP,10_3,2012,276,2,,Ely_gla,native,4.875,species,cover,167,block:167:2,,,2012,TRUE,TRUE,ready_for_build
2332,GAZP_10,GAZP,10_3,2012,276,2,,Gri_hir,native,17.5,species,cover,167,block:167:2,,,2012,TRUE,TRUE,ready_for_build
2333,GAZP_10,GAZP,10_3,2012,276,2,,Ley_tri,native,7,species,cover,167,block:167:2,,,2012,TRUE,TRUE,ready_for_build
2334,GAZP_10,GAZP,10_3,2012,276,2,,Mel_cal,native,0.375,species,cover,167,block:167:2,,,2012,TRUE,TRUE,ready_for_build
2335,GAZP_10,GAZP,10_3,2012,276,2,,Nas_pul,native,0.75,species,cover,167,block:167:2,,,2012,TRUE,TRUE,ready_for_build
2336,GAZP_10,GAZP,10_3,2012,276,2,,Tri_bif,native,0,species,cover,167,block:167:2,,,2012,TRUE,TRUE,ready_for_build
2337,GAZP_10,GAZP,10_3,2012,276,2,,Tri_wil,native,0,species,cover,167,block:167:2,,,2012,TRUE,TRUE,ready_for_build
2338,GAZP_10,GAZP,10_3,2012,276,5,1,Cal_cil,native,0,species,cover,167,plot:167:5:1,,,2012,TRUE,TRUE,ready_for_build
2339,GAZP_10,GAZP,10_3,2012,276,5,1,Ely_gla,native,1.125,species,cover,167,plot:167:5:1,,,2012,TRUE,TRUE,ready_for_build
2340,GAZP_10,GAZP,10_3,2012,276,5,1,Gri_hir,native,2.6875,species,cover,167,plot:167:5:1,,,2012,TRUE,TRUE,ready_for_build
2341,GAZP_10,GAZP,10_3,2012,276,5,1,Ley_tri,native,0.1875,species,cover,167,plot:167:5:1,,,2012,TRUE,TRUE,ready_for_build
2342,GAZP_10,GAZP,10_3,2012,276,5,1,Mel_cal,native,0,species,cover,167,plot:167:5:1,,,2012,TRUE,TRUE,ready_for_build
2343,GAZP_10,GAZP,10_3,2012,276,5,1,Nas_pul,native,15.4375,species,cover,167,plot:167:5:1,,,2012,TRUE,TRUE,ready_for_build
2344,GAZP_10,GAZP,10_3,2012,276,5,1,Tri_bif,native,0,species,cover,167,plot:167:5:1,,,2012,TRUE,TRUE,ready_for_build
2345,GAZP_10,GAZP,10_3,2012,276,5,1,Tri_wil,native,0,species,cover,167,plot:167:5:1,,,2012,TRUE,TRUE,ready_for_build
2346,GAZP_10,GAZP,10_3,2012,276,5,2,Cal_cil,native,0,species,cover,167,plot:167:5:2,,,2012,TRUE,TRUE,ready_for_build
2347,GAZP_10,GAZP,10_3,2012,276,5,2,Ely_gla,native,12.625,species,cover,167,plot:167:5:2,,,2012,TRUE,TRUE,ready_for_build
2348,GAZP_10,GAZP,10_3,2012,276,5,2,Gri_hir,native,1.375,species,cover,167,plot:167:5:2,,,2012,TRUE,TRUE,ready_for_build
2349,GAZP_10,GAZP,10_3,2012,276,5,2,Ley_tri,native,12,species,cover,167,plot:167:5:2,,,2012,TRUE,TRUE,ready_for_build
2350,GAZP_10,GAZP,10_3,2012,276,5,2,Mel_cal,native,0,species,cover,167,plot:167:5:2,,,2012,TRUE,TRUE,ready_for_build
2351,GAZP_10,GAZP,10_3,2012,276,5,2,Nas_pul,native,10.375,species,cover,167,plot:167:5:2,,,2012,TRUE,TRUE,ready_for_build
2352,GAZP_10,GAZP,10_3,2012,276,5,2,Tri_bif,native,0,species,cover,167,plot:167:5:2,,,2012,TRUE,TRUE,ready_for_build
2353,GAZP_10,GAZP,10_3,2012,276,5,2,Tri_wil,native,0,species,cover,167,plot:167:5:2,,,2012,TRUE,TRUE,ready_for_build
2354,GAZP_10,GAZP,10_3,2012,276,5,,Cal_cil,native,0,species,cover,167,block:167:5,,,2012,TRUE,TRUE,ready_for_build
2355,GAZP_10,GAZP,10_3,2012,276,5,,Ely_gla,native,14.0625,species,cover,167,block:167:5,,,2012,TRUE,TRUE,ready_for_build
2356,GAZP_10,GAZP,10_3,2012,276,5,,Gri_hir,native,3.8125,species,cover,167,block:167:5,,,2012,TRUE,TRUE,ready_for_build
2357,GAZP_10,GAZP,10_3,2012,276,5,,Ley_tri,native,8.125,species,cover,167,block:167:5,,,2012,TRUE,TRUE,ready_for_build
2358,GAZP_10,GAZP,10_3,2012,276,5,,Mel_cal,native,0,species,cover,167,block:167:5,,,2012,TRUE,TRUE,ready_for_build
2359,GAZP_10,GAZP,10_3,2012,276,5,,Nas_pul,native,17.3125,species,cover,167,block:167:5,,,2012,TRUE,TRUE,ready_for_build
2360,GAZP_10,GAZP,10_3,2012,276,5,,Tri_bif,native,0,species,cover,167,block:167:5,,,2012,TRUE,TRUE,ready_for_build
2361,GAZP_10,GAZP,10_3,2012,276,5,,Tri_wil,native,0,species,cover,167,block:167:5,,,2012,TRUE,TRUE,ready_for_build
2362,GAZP_10,GAZP,10_3,2012,276,7,1,Cal_cil,native,0,species,cover,167,plot:167:7:1,,,2012,TRUE,TRUE,ready_for_build
2363,GAZP_10,GAZP,10_3,2012,276,7,1,Ely_gla,native,11.5625,species,cover,167,plot:167:7:1,,,2012,TRUE,TRUE,ready_for_build
2364,GAZP_10,GAZP,10_3,2012,276,7,1,Gri_hir,native,0.5625,species,cover,167,plot:167:7:1,,,2012,TRUE,TRUE,ready_for_build
2365,GAZP_10,GAZP,10_3,2012,276,7,1,Ley_tri,native,0.0625,species,cover,167,plot:167:7:1,,,2012,TRUE,TRUE,ready_for_build
2366,GAZP_10,GAZP,10_3,2012,276,7,1,Mel_cal,native,0,species,cover,167,plot:167:7:1,,,2012,TRUE,TRUE,ready_for_build
2367,GAZP_10,GAZP,10_3,2012,276,7,1,Nas_pul,native,9.25,species,cover,167,plot:167:7:1,,,2012,TRUE,TRUE,ready_for_build
2368,GAZP_10,GAZP,10_3,2012,276,7,1,Tri_bif,native,0,species,cover,167,plot:167:7:1,,,2012,TRUE,TRUE,ready_for_build
2369,GAZP_10,GAZP,10_3,2012,276,7,1,Tri_wil,native,0,species,cover,167,plot:167:7:1,,,2012,TRUE,TRUE,ready_for_build
2370,GAZP_10,GAZP,10_3,2012,276,7,2,Cal_cil,native,0,species,cover,167,plot:167:7:2,,,2012,TRUE,TRUE,ready_for_build
2371,GAZP_10,GAZP,10_3,2012,276,7,2,Ely_gla,native,7.9375,species,cover,167,plot:167:7:2,,,2012,TRUE,TRUE,ready_for_build
2372,GAZP_10,GAZP,10_3,2012,276,7,2,Gri_hir,native,11.375,species,cover,167,plot:167:7:2,,,2012,TRUE,TRUE,ready_for_build
2373,GAZP_10,GAZP,10_3,2012,276,7,2,Ley_tri,native,0.4375,species,cover,167,plot:167:7:2,,,2012,TRUE,TRUE,ready_for_build
2374,GAZP_10,GAZP,10_3,2012,276,7,2,Mel_cal,native,0.0625,species,cover,167,plot:167:7:2,,,2012,TRUE,TRUE,ready_for_build
2375,GAZP_10,GAZP,10_3,2012,276,7,2,Nas_pul,native,18.1875,species,cover,167,plot:167:7:2,,,2012,TRUE,TRUE,ready_for_build
2376,GAZP_10,GAZP,10_3,2012,276,7,2,Tri_bif,native,0,species,cover,167,plot:167:7:2,,,2012,TRUE,TRUE,ready_for_build
2377,GAZP_10,GAZP,10_3,2012,276,7,2,Tri_wil,native,0,species,cover,167,plot:167:7:2,,,2012,TRUE,TRUE,ready_for_build
2378,GAZP_10,GAZP,10_3,2012,276,7,,Cal_cil,native,0,species,cover,167,block:167:7,,,2012,TRUE,TRUE,ready_for_build
2379,GAZP_10,GAZP,10_3,2012,276,7,,Ely_gla,native,10,species,cover,167,block:167:7,,,2012,TRUE,TRUE,ready_for_build
2380,GAZP_10,GAZP,10_3,2012,276,7,,Gri_hir,native,8.875,species,cover,167,block:167:7,,,2012,TRUE,TRUE,ready_for_build
2381,GAZP_10,GAZP,10_3,2012,276,7,,Ley_tri,native,1.25,species,cover,167,block:167:7,,,2012,TRUE,TRUE,ready_for_build
2382,GAZP_10,GAZP,10_3,2012,276,7,,Mel_cal,native,0.0625,species,cover,167,block:167:7,,,2012,TRUE,TRUE,ready_for_build
2383,GAZP_10,GAZP,10_3,2012,276,7,,Nas_pul,native,12,species,cover,167,block:167:7,,,2012,TRUE,TRUE,ready_for_build
2384,GAZP_10,GAZP,10_3,2012,276,7,,Tri_bif,native,0,species,cover,167,block:167:7,,,2012,TRUE,TRUE,ready_for_build
2385,GAZP_10,GAZP,10_3,2012,276,7,,Tri_wil,native,0,species,cover,167,block:167:7,,,2012,TRUE,TRUE,ready_for_build
2386,GAZP_10,GAZP,10_3,2012,276,12,1,Cal_cil,native,0,species,cover,167,plot:167:12:1,,,2012,TRUE,TRUE,ready_for_build
2387,GAZP_10,GAZP,10_3,2012,276,12,1,Ely_gla,native,0.5625,species,cover,167,plot:167:12:1,,,2012,TRUE,TRUE,ready_for_build
2388,GAZP_10,GAZP,10_3,2012,276,12,1,Gri_hir,native,4.875,species,cover,167,plot:167:12:1,,,2012,TRUE,TRUE,ready_for_build
2389,GAZP_10,GAZP,10_3,2012,276,12,1,Ley_tri,native,0,species,cover,167,plot:167:12:1,,,2012,TRUE,TRUE,ready_for_build
2390,GAZP_10,GAZP,10_3,2012,276,12,1,Mel_cal,native,0,species,cover,167,plot:167:12:1,,,2012,TRUE,TRUE,ready_for_build
2391,GAZP_10,GAZP,10_3,2012,276,12,1,Nas_pul,native,9.28571428571429,species,cover,167,plot:167:12:1,,,2012,TRUE,TRUE,ready_for_build
2392,GAZP_10,GAZP,10_3,2012,276,12,1,Tri_bif,native,0,species,cover,167,plot:167:12:1,,,2012,TRUE,TRUE,ready_for_build
2393,GAZP_10,GAZP,10_3,2012,276,12,1,Tri_wil,native,0,species,cover,167,plot:167:12:1,,,2012,TRUE,TRUE,ready_for_build
2394,GAZP_10,GAZP,10_3,2012,276,12,2,Cal_cil,native,0.375,species,cover,167,plot:167:12:2,,,2012,TRUE,TRUE,ready_for_build
2395,GAZP_10,GAZP,10_3,2012,276,12,2,Ely_gla,native,2.3125,species,cover,167,plot:167:12:2,,,2012,TRUE,TRUE,ready_for_build
2396,GAZP_10,GAZP,10_3,2012,276,12,2,Gri_hir,native,9.1875,species,cover,167,plot:167:12:2,,,2012,TRUE,TRUE,ready_for_build
2397,GAZP_10,GAZP,10_3,2012,276,12,2,Ley_tri,native,0.4375,species,cover,167,plot:167:12:2,,,2012,TRUE,TRUE,ready_for_build
2398,GAZP_10,GAZP,10_3,2012,276,12,2,Mel_cal,native,0,species,cover,167,plot:167:12:2,,,2012,TRUE,TRUE,ready_for_build
2399,GAZP_10,GAZP,10_3,2012,276,12,2,Nas_pul,native,4.875,species,cover,167,plot:167:12:2,,,2012,TRUE,TRUE,ready_for_build
2400,GAZP_10,GAZP,10_3,2012,276,12,2,Tri_bif,native,0,species,cover,167,plot:167:12:2,,,2012,TRUE,TRUE,ready_for_build
2401,GAZP_10,GAZP,10_3,2012,276,12,2,Tri_wil,native,0,species,cover,167,plot:167:12:2,,,2012,TRUE,TRUE,ready_for_build
2402,GAZP_10,GAZP,10_3,2012,276,12,,Cal_cil,native,0.125,species,cover,167,block:167:12,,,2012,TRUE,TRUE,ready_for_build
2403,GAZP_10,GAZP,10_3,2012,276,12,,Ely_gla,native,2.5625,species,cover,167,block:167:12,,,2012,TRUE,TRUE,ready_for_build
2404,GAZP_10,GAZP,10_3,2012,276,12,,Gri_hir,native,9.5625,species,cover,167,block:167:12,,,2012,TRUE,TRUE,ready_for_build
2405,GAZP_10,GAZP,10_3,2012,276,12,,Ley_tri,native,0.9375,species,cover,167,block:167:12,,,2012,TRUE,TRUE,ready_for_build
2406,GAZP_10,GAZP,10_3,2012,276,12,,Mel_cal,native,0,species,cover,167,block:167:12,,,2012,TRUE,TRUE,ready_for_build
2407,GAZP_10,GAZP,10_3,2012,276,12,,Nas_pul,native,14.375,species,cover,167,block:167:12,,,2012,TRUE,TRUE,ready_for_build
2408,GAZP_10,GAZP,10_3,2012,276,12,,Tri_bif,native,0,species,cover,167,block:167:12,,,2012,TRUE,TRUE,ready_for_build
2409,GAZP_10,GAZP,10_3,2012,276,12,,Tri_wil,native,0,species,cover,167,block:167:12,,,2012,TRUE,TRUE,ready_for_build
2410,GAZP_10,GAZP,10_3,2012,276,13,1,Cal_cil,native,0,species,cover,167,plot:167:13:1,,,2012,TRUE,TRUE,ready_for_build
2411,GAZP_10,GAZP,10_3,2012,276,13,1,Ely_gla,native,3.0625,species,cover,167,plot:167:13:1,,,2012,TRUE,TRUE,ready_for_build
2412,GAZP_10,GAZP,10_3,2012,276,13,1,Gri_hir,native,1.75,species,cover,167,plot:167:13:1,,,2012,TRUE,TRUE,ready_for_build
2413,GAZP_10,GAZP,10_3,2012,276,13,1,Ley_tri,native,3.75,species,cover,167,plot:167:13:1,,,2012,TRUE,TRUE,ready_for_build
2414,GAZP_10,GAZP,10_3,2012,276,13,1,Mel_cal,native,0,species,cover,167,plot:167:13:1,,,2012,TRUE,TRUE,ready_for_build
2415,GAZP_10,GAZP,10_3,2012,276,13,1,Nas_pul,native,23.25,species,cover,167,plot:167:13:1,,,2012,TRUE,TRUE,ready_for_build
2416,GAZP_10,GAZP,10_3,2012,276,13,1,Tri_bif,native,0,species,cover,167,plot:167:13:1,,,2012,TRUE,TRUE,ready_for_build
2417,GAZP_10,GAZP,10_3,2012,276,13,1,Tri_wil,native,0,species,cover,167,plot:167:13:1,,,2012,TRUE,TRUE,ready_for_build
2418,GAZP_10,GAZP,10_3,2012,276,13,2,Cal_cil,native,0,species,cover,167,plot:167:13:2,,,2012,TRUE,TRUE,ready_for_build
2419,GAZP_10,GAZP,10_3,2012,276,13,2,Ely_gla,native,2.625,species,cover,167,plot:167:13:2,,,2012,TRUE,TRUE,ready_for_build
2420,GAZP_10,GAZP,10_3,2012,276,13,2,Gri_hir,native,5,species,cover,167,plot:167:13:2,,,2012,TRUE,TRUE,ready_for_build
2421,GAZP_10,GAZP,10_3,2012,276,13,2,Ley_tri,native,3.42857142857143,species,cover,167,plot:167:13:2,,,2012,TRUE,TRUE,ready_for_build
2422,GAZP_10,GAZP,10_3,2012,276,13,2,Mel_cal,native,0.0625,species,cover,167,plot:167:13:2,,,2012,TRUE,TRUE,ready_for_build
2423,GAZP_10,GAZP,10_3,2012,276,13,2,Nas_pul,native,1,species,cover,167,plot:167:13:2,,,2012,TRUE,TRUE,ready_for_build
2424,GAZP_10,GAZP,10_3,2012,276,13,2,Tri_bif,native,0,species,cover,167,plot:167:13:2,,,2012,TRUE,TRUE,ready_for_build
2425,GAZP_10,GAZP,10_3,2012,276,13,2,Tri_wil,native,0,species,cover,167,plot:167:13:2,,,2012,TRUE,TRUE,ready_for_build
2426,GAZP_10,GAZP,10_3,2012,276,13,,Cal_cil,native,0.0625,species,cover,167,block:167:13,,,2012,TRUE,TRUE,ready_for_build
2427,GAZP_10,GAZP,10_3,2012,276,13,,Ely_gla,native,7.125,species,cover,167,block:167:13,,,2012,TRUE,TRUE,ready_for_build
2428,GAZP_10,GAZP,10_3,2012,276,13,,Gri_hir,native,5,species,cover,167,block:167:13,,,2012,TRUE,TRUE,ready_for_build
2429,GAZP_10,GAZP,10_3,2012,276,13,,Ley_tri,native,9.14285714285714,species,cover,167,block:167:13,,,2012,TRUE,TRUE,ready_for_build
2430,GAZP_10,GAZP,10_3,2012,276,13,,Mel_cal,native,0.125,species,cover,167,block:167:13,,,2012,TRUE,TRUE,ready_for_build
2431,GAZP_10,GAZP,10_3,2012,276,13,,Nas_pul,native,11.375,species,cover,167,block:167:13,,,2012,TRUE,TRUE,ready_for_build
2432,GAZP_10,GAZP,10_3,2012,276,13,,Tri_bif,native,0,species,cover,167,block:167:13,,,2012,TRUE,TRUE,ready_for_build
2433,GAZP_10,GAZP,10_3,2012,276,13,,Tri_wil,native,0,species,cover,167,block:167:13,,,2012,TRUE,TRUE,ready_for_build
2434,GAZP_10,GAZP,10_3,2012,276,15,1,Cal_cil,native,0,species,cover,167,plot:167:15:1,,,2012,TRUE,TRUE,ready_for_build
2435,GAZP_10,GAZP,10_3,2012,276,15,1,Ely_gla,native,8.375,species,cover,167,plot:167:15:1,,,2012,TRUE,TRUE,ready_for_build
2436,GAZP_10,GAZP,10_3,2012,276,15,1,Gri_hir,native,0,species,cover,167,plot:167:15:1,,,2012,TRUE,TRUE,ready_for_build
2437,GAZP_10,GAZP,10_3,2012,276,15,1,Ley_tri,native,0.5,species,cover,167,plot:167:15:1,,,2012,TRUE,TRUE,ready_for_build
2438,GAZP_10,GAZP,10_3,2012,276,15,1,Mel_cal,native,0,species,cover,167,plot:167:15:1,,,2012,TRUE,TRUE,ready_for_build
2439,GAZP_10,GAZP,10_3,2012,276,15,1,Nas_pul,native,8.5,species,cover,167,plot:167:15:1,,,2012,TRUE,TRUE,ready_for_build
2440,GAZP_10,GAZP,10_3,2012,276,15,1,Tri_bif,native,0,species,cover,167,plot:167:15:1,,,2012,TRUE,TRUE,ready_for_build
2441,GAZP_10,GAZP,10_3,2012,276,15,1,Tri_wil,native,0,species,cover,167,plot:167:15:1,,,2012,TRUE,TRUE,ready_for_build
2442,GAZP_10,GAZP,10_3,2012,276,15,2,Cal_cil,native,0,species,cover,167,plot:167:15:2,,,2012,TRUE,TRUE,ready_for_build
2443,GAZP_10,GAZP,10_3,2012,276,15,2,Ely_gla,native,16.375,species,cover,167,plot:167:15:2,,,2012,TRUE,TRUE,ready_for_build
2444,GAZP_10,GAZP,10_3,2012,276,15,2,Gri_hir,native,4.75,species,cover,167,plot:167:15:2,,,2012,TRUE,TRUE,ready_for_build
2445,GAZP_10,GAZP,10_3,2012,276,15,2,Ley_tri,native,3.1875,species,cover,167,plot:167:15:2,,,2012,TRUE,TRUE,ready_for_build
2446,GAZP_10,GAZP,10_3,2012,276,15,2,Mel_cal,native,0.0625,species,cover,167,plot:167:15:2,,,2012,TRUE,TRUE,ready_for_build
2447,GAZP_10,GAZP,10_3,2012,276,15,2,Nas_pul,native,6.4375,species,cover,167,plot:167:15:2,,,2012,TRUE,TRUE,ready_for_build
2448,GAZP_10,GAZP,10_3,2012,276,15,2,Tri_bif,native,0,species,cover,167,plot:167:15:2,,,2012,TRUE,TRUE,ready_for_build
2449,GAZP_10,GAZP,10_3,2012,276,15,2,Tri_wil,native,0,species,cover,167,plot:167:15:2,,,2012,TRUE,TRUE,ready_for_build
2450,GAZP_10,GAZP,10_3,2012,276,15,,Cal_cil,native,0,species,cover,167,block:167:15,,,2012,TRUE,TRUE,ready_for_build
2451,GAZP_10,GAZP,10_3,2012,276,15,,Ely_gla,native,12.1428571428571,species,cover,167,block:167:15,,,2012,TRUE,TRUE,ready_for_build
2452,GAZP_10,GAZP,10_3,2012,276,15,,Gri_hir,native,8.8125,species,cover,167,block:167:15,,,2012,TRUE,TRUE,ready_for_build
2453,GAZP_10,GAZP,10_3,2012,276,15,,Ley_tri,native,14.9375,species,cover,167,block:167:15,,,2012,TRUE,TRUE,ready_for_build
2454,GAZP_10,GAZP,10_3,2012,276,15,,Mel_cal,native,0.4375,species,cover,167,block:167:15,,,2012,TRUE,TRUE,ready_for_build
2455,GAZP_10,GAZP,10_3,2012,276,15,,Nas_pul,native,15.3125,species,cover,167,block:167:15,,,2012,TRUE,TRUE,ready_for_build
2456,GAZP_10,GAZP,10_3,2012,276,15,,Tri_bif,native,0,species,cover,167,block:167:15,,,2012,TRUE,TRUE,ready_for_build
2457,GAZP_10,GAZP,10_3,2012,276,15,,Tri_wil,native,0,species,cover,167,block:167:15,,,2012,TRUE,TRUE,ready_for_build
2458,GAZP_10,GAZP,10_3,2012,276,21,1,Cal_cil,native,0,species,cover,167,plot:167:21:1,,,2012,TRUE,TRUE,ready_for_build
2459,GAZP_10,GAZP,10_3,2012,276,21,1,Ely_gla,native,9.0625,species,cover,167,plot:167:21:1,,,2012,TRUE,TRUE,ready_for_build
2460,GAZP_10,GAZP,10_3,2012,276,21,1,Gri_hir,native,10.625,species,cover,167,plot:167:21:1,,,2012,TRUE,TRUE,ready_for_build
2461,GAZP_10,GAZP,10_3,2012,276,21,1,Ley_tri,native,1.375,species,cover,167,plot:167:21:1,,,2012,TRUE,TRUE,ready_for_build
2462,GAZP_10,GAZP,10_3,2012,276,21,1,Mel_cal,native,0,species,cover,167,plot:167:21:1,,,2012,TRUE,TRUE,ready_for_build
2463,GAZP_10,GAZP,10_3,2012,276,21,1,Nas_pul,native,0.6875,species,cover,167,plot:167:21:1,,,2012,TRUE,TRUE,ready_for_build
2464,GAZP_10,GAZP,10_3,2012,276,21,1,Tri_bif,native,0,species,cover,167,plot:167:21:1,,,2012,TRUE,TRUE,ready_for_build
2465,GAZP_10,GAZP,10_3,2012,276,21,1,Tri_wil,native,0,species,cover,167,plot:167:21:1,,,2012,TRUE,TRUE,ready_for_build
2466,GAZP_10,GAZP,10_3,2012,276,21,2,Cal_cil,native,0,species,cover,167,plot:167:21:2,,,2012,TRUE,TRUE,ready_for_build
2467,GAZP_10,GAZP,10_3,2012,276,21,2,Ely_gla,native,10.875,species,cover,167,plot:167:21:2,,,2012,TRUE,TRUE,ready_for_build
2468,GAZP_10,GAZP,10_3,2012,276,21,2,Gri_hir,native,3.125,species,cover,167,plot:167:21:2,,,2012,TRUE,TRUE,ready_for_build
2469,GAZP_10,GAZP,10_3,2012,276,21,2,Ley_tri,native,8.42857142857143,species,cover,167,plot:167:21:2,,,2012,TRUE,TRUE,ready_for_build
2470,GAZP_10,GAZP,10_3,2012,276,21,2,Mel_cal,native,0.125,species,cover,167,plot:167:21:2,,,2012,TRUE,TRUE,ready_for_build
2471,GAZP_10,GAZP,10_3,2012,276,21,2,Nas_pul,native,4.4375,species,cover,167,plot:167:21:2,,,2012,TRUE,TRUE,ready_for_build
2472,GAZP_10,GAZP,10_3,2012,276,21,2,Tri_bif,native,0,species,cover,167,plot:167:21:2,,,2012,TRUE,TRUE,ready_for_build
2473,GAZP_10,GAZP,10_3,2012,276,21,2,Tri_wil,native,0,species,cover,167,plot:167:21:2,,,2012,TRUE,TRUE,ready_for_build
2474,GAZP_10,GAZP,10_3,2012,276,21,,Cal_cil,native,0,species,cover,167,block:167:21,,,2012,TRUE,TRUE,ready_for_build
2475,GAZP_10,GAZP,10_3,2012,276,21,,Ely_gla,native,15,species,cover,167,block:167:21,,,2012,TRUE,TRUE,ready_for_build
2476,GAZP_10,GAZP,10_3,2012,276,21,,Gri_hir,native,3.4375,species,cover,167,block:167:21,,,2012,TRUE,TRUE,ready_for_build
2477,GAZP_10,GAZP,10_3,2012,276,21,,Ley_tri,native,16.125,species,cover,167,block:167:21,,,2012,TRUE,TRUE,ready_for_build
2478,GAZP_10,GAZP,10_3,2012,276,21,,Mel_cal,native,0.4375,species,cover,167,block:167:21,,,2012,TRUE,TRUE,ready_for_build
2479,GAZP_10,GAZP,10_3,2012,276,21,,Nas_pul,native,4.6875,species,cover,167,block:167:21,,,2012,TRUE,TRUE,ready_for_build
2480,GAZP_10,GAZP,10_3,2012,276,21,,Tri_bif,native,0,species,cover,167,block:167:21,,,2012,TRUE,TRUE,ready_for_build
2481,GAZP_10,GAZP,10_3,2012,276,21,,Tri_wil,native,0,species,cover,167,block:167:21,,,2012,TRUE,TRUE,ready_for_build
2482,GAZP_10,GAZP,10_4,2012,276,6,1,Cal_cil,native,0,species,cover,167,plot:167:6:1,,,2012,TRUE,TRUE,ready_for_build
2483,GAZP_10,GAZP,10_4,2012,276,6,1,Ely_gla,native,0.0625,species,cover,167,plot:167:6:1,,,2012,TRUE,TRUE,ready_for_build
2484,GAZP_10,GAZP,10_4,2012,276,6,1,Gri_hir,native,0,species,cover,167,plot:167:6:1,,,2012,TRUE,TRUE,ready_for_build
2485,GAZP_10,GAZP,10_4,2012,276,6,1,Ley_tri,native,0,species,cover,167,plot:167:6:1,,,2012,TRUE,TRUE,ready_for_build
2486,GAZP_10,GAZP,10_4,2012,276,6,1,Mel_cal,native,0,species,cover,167,plot:167:6:1,,,2012,TRUE,TRUE,ready_for_build
2487,GAZP_10,GAZP,10_4,2012,276,6,1,Nas_pul,native,20.0625,species,cover,167,plot:167:6:1,,,2012,TRUE,TRUE,ready_for_build
2488,GAZP_10,GAZP,10_4,2012,276,6,1,Tri_bif,native,0,species,cover,167,plot:167:6:1,,,2012,TRUE,TRUE,ready_for_build
2489,GAZP_10,GAZP,10_4,2012,276,6,1,Tri_wil,native,0,species,cover,167,plot:167:6:1,,,2012,TRUE,TRUE,ready_for_build
2490,GAZP_10,GAZP,10_4,2012,276,6,2,Cal_cil,native,0,species,cover,167,plot:167:6:2,,,2012,TRUE,TRUE,ready_for_build
2491,GAZP_10,GAZP,10_4,2012,276,6,2,Ely_gla,native,0.9375,species,cover,167,plot:167:6:2,,,2012,TRUE,TRUE,ready_for_build
2492,GAZP_10,GAZP,10_4,2012,276,6,2,Gri_hir,native,0.4375,species,cover,167,plot:167:6:2,,,2012,TRUE,TRUE,ready_for_build
2493,GAZP_10,GAZP,10_4,2012,276,6,2,Ley_tri,native,0.875,species,cover,167,plot:167:6:2,,,2012,TRUE,TRUE,ready_for_build
2494,GAZP_10,GAZP,10_4,2012,276,6,2,Mel_cal,native,0.0625,species,cover,167,plot:167:6:2,,,2012,TRUE,TRUE,ready_for_build
2495,GAZP_10,GAZP,10_4,2012,276,6,2,Nas_pul,native,18.9375,species,cover,167,plot:167:6:2,,,2012,TRUE,TRUE,ready_for_build
2496,GAZP_10,GAZP,10_4,2012,276,6,2,Tri_bif,native,0,species,cover,167,plot:167:6:2,,,2012,TRUE,TRUE,ready_for_build
2497,GAZP_10,GAZP,10_4,2012,276,6,2,Tri_wil,native,0,species,cover,167,plot:167:6:2,,,2012,TRUE,TRUE,ready_for_build
2498,GAZP_10,GAZP,10_4,2012,276,6,,Cal_cil,native,0,species,cover,167,block:167:6,,,2012,TRUE,TRUE,ready_for_build
2499,GAZP_10,GAZP,10_4,2012,276,6,,Ely_gla,native,3.8125,species,cover,167,block:167:6,,,2012,TRUE,TRUE,ready_for_build
2500,GAZP_10,GAZP,10_4,2012,276,6,,Gri_hir,native,0.75,species,cover,167,block:167:6,,,2012,TRUE,TRUE,ready_for_build
2501,GAZP_10,GAZP,10_4,2012,276,6,,Ley_tri,native,2.125,species,cover,167,block:167:6,,,2012,TRUE,TRUE,ready_for_build
2502,GAZP_10,GAZP,10_4,2012,276,6,,Mel_cal,native,0.125,species,cover,167,block:167:6,,,2012,TRUE,TRUE,ready_for_build
2503,GAZP_10,GAZP,10_4,2012,276,6,,Nas_pul,native,55.625,species,cover,167,block:167:6,,,2012,TRUE,TRUE,ready_for_build
2504,GAZP_10,GAZP,10_4,2012,276,6,,Tri_bif,native,0,species,cover,167,block:167:6,,,2012,TRUE,TRUE,ready_for_build
2505,GAZP_10,GAZP,10_4,2012,276,6,,Tri_wil,native,0,species,cover,167,block:167:6,,,2012,TRUE,TRUE,ready_for_build
2506,GAZP_10,GAZP,10_4,2012,276,9,1,Cal_cil,native,0,species,cover,167,plot:167:9:1,,,2012,TRUE,TRUE,ready_for_build
2507,GAZP_10,GAZP,10_4,2012,276,9,1,Ely_gla,native,1.6875,species,cover,167,plot:167:9:1,,,2012,TRUE,TRUE,ready_for_build
2508,GAZP_10,GAZP,10_4,2012,276,9,1,Gri_hir,native,2.0625,species,cover,167,plot:167:9:1,,,2012,TRUE,TRUE,ready_for_build
2509,GAZP_10,GAZP,10_4,2012,276,9,1,Ley_tri,native,0,species,cover,167,plot:167:9:1,,,2012,TRUE,TRUE,ready_for_build
2510,GAZP_10,GAZP,10_4,2012,276,9,1,Mel_cal,native,0,species,cover,167,plot:167:9:1,,,2012,TRUE,TRUE,ready_for_build
2511,GAZP_10,GAZP,10_4,2012,276,9,1,Nas_pul,native,39.375,species,cover,167,plot:167:9:1,,,2012,TRUE,TRUE,ready_for_build
2512,GAZP_10,GAZP,10_4,2012,276,9,1,Tri_bif,native,0,species,cover,167,plot:167:9:1,,,2012,TRUE,TRUE,ready_for_build
2513,GAZP_10,GAZP,10_4,2012,276,9,1,Tri_wil,native,0,species,cover,167,plot:167:9:1,,,2012,TRUE,TRUE,ready_for_build
2514,GAZP_10,GAZP,10_4,2012,276,9,2,Cal_cil,native,0,species,cover,167,plot:167:9:2,,,2012,TRUE,TRUE,ready_for_build
2515,GAZP_10,GAZP,10_4,2012,276,9,2,Ely_gla,native,1,species,cover,167,plot:167:9:2,,,2012,TRUE,TRUE,ready_for_build
2516,GAZP_10,GAZP,10_4,2012,276,9,2,Gri_hir,native,0.375,species,cover,167,plot:167:9:2,,,2012,TRUE,TRUE,ready_for_build
2517,GAZP_10,GAZP,10_4,2012,276,9,2,Ley_tri,native,0.5625,species,cover,167,plot:167:9:2,,,2012,TRUE,TRUE,ready_for_build
2518,GAZP_10,GAZP,10_4,2012,276,9,2,Mel_cal,native,0,species,cover,167,plot:167:9:2,,,2012,TRUE,TRUE,ready_for_build
2519,GAZP_10,GAZP,10_4,2012,276,9,2,Nas_pul,native,23.75,species,cover,167,plot:167:9:2,,,2012,TRUE,TRUE,ready_for_build
2520,GAZP_10,GAZP,10_4,2012,276,9,2,Tri_bif,native,0,species,cover,167,plot:167:9:2,,,2012,TRUE,TRUE,ready_for_build
2521,GAZP_10,GAZP,10_4,2012,276,9,2,Tri_wil,native,0,species,cover,167,plot:167:9:2,,,2012,TRUE,TRUE,ready_for_build
2522,GAZP_10,GAZP,10_4,2012,276,9,,Cal_cil,native,0,species,cover,167,block:167:9,,,2012,TRUE,TRUE,ready_for_build
2523,GAZP_10,GAZP,10_4,2012,276,9,,Ely_gla,native,0.8125,species,cover,167,block:167:9,,,2012,TRUE,TRUE,ready_for_build
2524,GAZP_10,GAZP,10_4,2012,276,9,,Gri_hir,native,1.375,species,cover,167,block:167:9,,,2012,TRUE,TRUE,ready_for_build
2525,GAZP_10,GAZP,10_4,2012,276,9,,Ley_tri,native,0.375,species,cover,167,block:167:9,,,2012,TRUE,TRUE,ready_for_build
2526,GAZP_10,GAZP,10_4,2012,276,9,,Mel_cal,native,0.1875,species,cover,167,block:167:9,,,2012,TRUE,TRUE,ready_for_build
2527,GAZP_10,GAZP,10_4,2012,276,9,,Nas_pul,native,83.9285714285714,species,cover,167,block:167:9,,,2012,TRUE,TRUE,ready_for_build
2528,GAZP_10,GAZP,10_4,2012,276,9,,Tri_bif,native,0,species,cover,167,block:167:9,,,2012,TRUE,TRUE,ready_for_build
2529,GAZP_10,GAZP,10_4,2012,276,9,,Tri_wil,native,0,species,cover,167,block:167:9,,,2012,TRUE,TRUE,ready_for_build
2530,GAZP_10,GAZP,10_4,2012,276,16,1,Cal_cil,native,0,species,cover,167,plot:167:16:1,,,2012,TRUE,TRUE,ready_for_build
2531,GAZP_10,GAZP,10_4,2012,276,16,1,Ely_gla,native,0,species,cover,167,plot:167:16:1,,,2012,TRUE,TRUE,ready_for_build
2532,GAZP_10,GAZP,10_4,2012,276,16,1,Gri_hir,native,0.375,species,cover,167,plot:167:16:1,,,2012,TRUE,TRUE,ready_for_build
2533,GAZP_10,GAZP,10_4,2012,276,16,1,Ley_tri,native,0.125,species,cover,167,plot:167:16:1,,,2012,TRUE,TRUE,ready_for_build
2534,GAZP_10,GAZP,10_4,2012,276,16,1,Mel_cal,native,0,species,cover,167,plot:167:16:1,,,2012,TRUE,TRUE,ready_for_build
2535,GAZP_10,GAZP,10_4,2012,276,16,1,Nas_pul,native,22,species,cover,167,plot:167:16:1,,,2012,TRUE,TRUE,ready_for_build
2536,GAZP_10,GAZP,10_4,2012,276,16,1,Tri_bif,native,0,species,cover,167,plot:167:16:1,,,2012,TRUE,TRUE,ready_for_build
2537,GAZP_10,GAZP,10_4,2012,276,16,1,Tri_wil,native,0,species,cover,167,plot:167:16:1,,,2012,TRUE,TRUE,ready_for_build
2538,GAZP_10,GAZP,10_4,2012,276,16,2,Cal_cil,native,0,species,cover,167,plot:167:16:2,,,2012,TRUE,TRUE,ready_for_build
2539,GAZP_10,GAZP,10_4,2012,276,16,2,Ely_gla,native,16.1875,species,cover,167,plot:167:16:2,,,2012,TRUE,TRUE,ready_for_build
2540,GAZP_10,GAZP,10_4,2012,276,16,2,Gri_hir,native,2.5625,species,cover,167,plot:167:16:2,,,2012,TRUE,TRUE,ready_for_build
2541,GAZP_10,GAZP,10_4,2012,276,16,2,Ley_tri,native,0.5,species,cover,167,plot:167:16:2,,,2012,TRUE,TRUE,ready_for_build
2542,GAZP_10,GAZP,10_4,2012,276,16,2,Mel_cal,native,0.0625,species,cover,167,plot:167:16:2,,,2012,TRUE,TRUE,ready_for_build
2543,GAZP_10,GAZP,10_4,2012,276,16,2,Nas_pul,native,9.375,species,cover,167,plot:167:16:2,,,2012,TRUE,TRUE,ready_for_build
2544,GAZP_10,GAZP,10_4,2012,276,16,2,Tri_bif,native,0,species,cover,167,plot:167:16:2,,,2012,TRUE,TRUE,ready_for_build
2545,GAZP_10,GAZP,10_4,2012,276,16,2,Tri_wil,native,0,species,cover,167,plot:167:16:2,,,2012,TRUE,TRUE,ready_for_build
2546,GAZP_10,GAZP,10_4,2012,276,16,,Cal_cil,native,0,species,cover,167,block:167:16,,,2012,TRUE,TRUE,ready_for_build
2547,GAZP_10,GAZP,10_4,2012,276,16,,Ely_gla,native,4.625,species,cover,167,block:167:16,,,2012,TRUE,TRUE,ready_for_build
2548,GAZP_10,GAZP,10_4,2012,276,16,,Gri_hir,native,1.125,species,cover,167,block:167:16,,,2012,TRUE,TRUE,ready_for_build
2549,GAZP_10,GAZP,10_4,2012,276,16,,Ley_tri,native,2.875,species,cover,167,block:167:16,,,2012,TRUE,TRUE,ready_for_build
2550,GAZP_10,GAZP,10_4,2012,276,16,,Mel_cal,native,0.1875,species,cover,167,block:167:16,,,2012,TRUE,TRUE,ready_for_build
2551,GAZP_10,GAZP,10_4,2012,276,16,,Nas_pul,native,32.5,species,cover,167,block:167:16,,,2012,TRUE,TRUE,ready_for_build
2552,GAZP_10,GAZP,10_4,2012,276,16,,Tri_bif,native,0,species,cover,167,block:167:16,,,2012,TRUE,TRUE,ready_for_build
2553,GAZP_10,GAZP,10_4,2012,276,16,,Tri_wil,native,0,species,cover,167,block:167:16,,,2012,TRUE,TRUE,ready_for_build
2554,GAZP_10,GAZP,10_4,2012,276,18,1,Cal_cil,native,0,species,cover,167,plot:167:18:1,,,2012,TRUE,TRUE,ready_for_build
2555,GAZP_10,GAZP,10_4,2012,276,18,1,Ely_gla,native,1.25,species,cover,167,plot:167:18:1,,,2012,TRUE,TRUE,ready_for_build
2556,GAZP_10,GAZP,10_4,2012,276,18,1,Gri_hir,native,0,species,cover,167,plot:167:18:1,,,2012,TRUE,TRUE,ready_for_build
2557,GAZP_10,GAZP,10_4,2012,276,18,1,Ley_tri,native,0.125,species,cover,167,plot:167:18:1,,,2012,TRUE,TRUE,ready_for_build
2558,GAZP_10,GAZP,10_4,2012,276,18,1,Mel_cal,native,0,species,cover,167,plot:167:18:1,,,2012,TRUE,TRUE,ready_for_build
2559,GAZP_10,GAZP,10_4,2012,276,18,1,Nas_pul,native,25.6875,species,cover,167,plot:167:18:1,,,2012,TRUE,TRUE,ready_for_build
2560,GAZP_10,GAZP,10_4,2012,276,18,1,Tri_bif,native,0,species,cover,167,plot:167:18:1,,,2012,TRUE,TRUE,ready_for_build
2561,GAZP_10,GAZP,10_4,2012,276,18,1,Tri_wil,native,0,species,cover,167,plot:167:18:1,,,2012,TRUE,TRUE,ready_for_build
2562,GAZP_10,GAZP,10_4,2012,276,18,2,Cal_cil,native,0,species,cover,167,plot:167:18:2,,,2012,TRUE,TRUE,ready_for_build
2563,GAZP_10,GAZP,10_4,2012,276,18,2,Ely_gla,native,1.125,species,cover,167,plot:167:18:2,,,2012,TRUE,TRUE,ready_for_build
2564,GAZP_10,GAZP,10_4,2012,276,18,2,Gri_hir,native,0.4375,species,cover,167,plot:167:18:2,,,2012,TRUE,TRUE,ready_for_build
2565,GAZP_10,GAZP,10_4,2012,276,18,2,Ley_tri,native,0.4375,species,cover,167,plot:167:18:2,,,2012,TRUE,TRUE,ready_for_build
2566,GAZP_10,GAZP,10_4,2012,276,18,2,Mel_cal,native,0,species,cover,167,plot:167:18:2,,,2012,TRUE,TRUE,ready_for_build
2567,GAZP_10,GAZP,10_4,2012,276,18,2,Nas_pul,native,22.5625,species,cover,167,plot:167:18:2,,,2012,TRUE,TRUE,ready_for_build
2568,GAZP_10,GAZP,10_4,2012,276,18,2,Tri_bif,native,0,species,cover,167,plot:167:18:2,,,2012,TRUE,TRUE,ready_for_build
2569,GAZP_10,GAZP,10_4,2012,276,18,2,Tri_wil,native,0,species,cover,167,plot:167:18:2,,,2012,TRUE,TRUE,ready_for_build
2570,GAZP_10,GAZP,10_4,2012,276,18,,Cal_cil,native,0,species,cover,167,block:167:18,,,2012,TRUE,TRUE,ready_for_build
2571,GAZP_10,GAZP,10_4,2012,276,18,,Ely_gla,native,2.5625,species,cover,167,block:167:18,,,2012,TRUE,TRUE,ready_for_build
2572,GAZP_10,GAZP,10_4,2012,276,18,,Gri_hir,native,0.4375,species,cover,167,block:167:18,,,2012,TRUE,TRUE,ready_for_build
2573,GAZP_10,GAZP,10_4,2012,276,18,,Ley_tri,native,0.75,species,cover,167,block:167:18,,,2012,TRUE,TRUE,ready_for_build
2574,GAZP_10,GAZP,10_4,2012,276,18,,Mel_cal,native,0,species,cover,167,block:167:18,,,2012,TRUE,TRUE,ready_for_build
2575,GAZP_10,GAZP,10_4,2012,276,18,,Nas_pul,native,41.875,species,cover,167,block:167:18,,,2012,TRUE,TRUE,ready_for_build
2576,GAZP_10,GAZP,10_4,2012,276,18,,Tri_bif,native,0,species,cover,167,block:167:18,,,2012,TRUE,TRUE,ready_for_build
2577,GAZP_10,GAZP,10_4,2012,276,18,,Tri_wil,native,0,species,cover,167,block:167:18,,,2012,TRUE,TRUE,ready_for_build
2578,GAZP_10,GAZP,10_4,2012,276,19,1,Cal_cil,native,0,species,cover,167,plot:167:19:1,,,2012,TRUE,TRUE,ready_for_build
2579,GAZP_10,GAZP,10_4,2012,276,19,1,Ely_gla,native,0.0625,species,cover,167,plot:167:19:1,,,2012,TRUE,TRUE,ready_for_build
2580,GAZP_10,GAZP,10_4,2012,276,19,1,Gri_hir,native,0,species,cover,167,plot:167:19:1,,,2012,TRUE,TRUE,ready_for_build
2581,GAZP_10,GAZP,10_4,2012,276,19,1,Ley_tri,native,0,species,cover,167,plot:167:19:1,,,2012,TRUE,TRUE,ready_for_build
2582,GAZP_10,GAZP,10_4,2012,276,19,1,Mel_cal,native,0,species,cover,167,plot:167:19:1,,,2012,TRUE,TRUE,ready_for_build
2583,GAZP_10,GAZP,10_4,2012,276,19,1,Nas_pul,native,49.7142857142857,species,cover,167,plot:167:19:1,,,2012,TRUE,TRUE,ready_for_build
2584,GAZP_10,GAZP,10_4,2012,276,19,1,Tri_bif,native,0,species,cover,167,plot:167:19:1,,,2012,TRUE,TRUE,ready_for_build
2585,GAZP_10,GAZP,10_4,2012,276,19,1,Tri_wil,native,0,species,cover,167,plot:167:19:1,,,2012,TRUE,TRUE,ready_for_build
2586,GAZP_10,GAZP,10_4,2012,276,19,2,Cal_cil,native,0,species,cover,167,plot:167:19:2,,,2012,TRUE,TRUE,ready_for_build
2587,GAZP_10,GAZP,10_4,2012,276,19,2,Ely_gla,native,5.6875,species,cover,167,plot:167:19:2,,,2012,TRUE,TRUE,ready_for_build
2588,GAZP_10,GAZP,10_4,2012,276,19,2,Gri_hir,native,0,species,cover,167,plot:167:19:2,,,2012,TRUE,TRUE,ready_for_build
2589,GAZP_10,GAZP,10_4,2012,276,19,2,Ley_tri,native,0.0625,species,cover,167,plot:167:19:2,,,2012,TRUE,TRUE,ready_for_build
2590,GAZP_10,GAZP,10_4,2012,276,19,2,Mel_cal,native,0.0625,species,cover,167,plot:167:19:2,,,2012,TRUE,TRUE,ready_for_build
2591,GAZP_10,GAZP,10_4,2012,276,19,2,Nas_pul,native,27.875,species,cover,167,plot:167:19:2,,,2012,TRUE,TRUE,ready_for_build
2592,GAZP_10,GAZP,10_4,2012,276,19,2,Tri_bif,native,0,species,cover,167,plot:167:19:2,,,2012,TRUE,TRUE,ready_for_build
2593,GAZP_10,GAZP,10_4,2012,276,19,2,Tri_wil,native,0,species,cover,167,plot:167:19:2,,,2012,TRUE,TRUE,ready_for_build
2594,GAZP_10,GAZP,10_4,2012,276,19,,Cal_cil,native,0,species,cover,167,block:167:19,,,2012,TRUE,TRUE,ready_for_build
2595,GAZP_10,GAZP,10_4,2012,276,19,,Ely_gla,native,3.75,species,cover,167,block:167:19,,,2012,TRUE,TRUE,ready_for_build
2596,GAZP_10,GAZP,10_4,2012,276,19,,Gri_hir,native,0.4375,species,cover,167,block:167:19,,,2012,TRUE,TRUE,ready_for_build
2597,GAZP_10,GAZP,10_4,2012,276,19,,Ley_tri,native,0.6875,species,cover,167,block:167:19,,,2012,TRUE,TRUE,ready_for_build
2598,GAZP_10,GAZP,10_4,2012,276,19,,Mel_cal,native,0.125,species,cover,167,block:167:19,,,2012,TRUE,TRUE,ready_for_build
2599,GAZP_10,GAZP,10_4,2012,276,19,,Nas_pul,native,55.0625,species,cover,167,block:167:19,,,2012,TRUE,TRUE,ready_for_build
2600,GAZP_10,GAZP,10_4,2012,276,19,,Tri_bif,native,0,species,cover,167,block:167:19,,,2012,TRUE,TRUE,ready_for_build
2601,GAZP_10,GAZP,10_4,2012,276,19,,Tri_wil,native,0,species,cover,167,block:167:19,,,2012,TRUE,TRUE,ready_for_build
2602,GAZP_10,GAZP,10_4,2012,276,20,1,Cal_cil,native,0,species,cover,167,plot:167:20:1,,,2012,TRUE,TRUE,ready_for_build
2603,GAZP_10,GAZP,10_4,2012,276,20,1,Ely_gla,native,16.0625,species,cover,167,plot:167:20:1,,,2012,TRUE,TRUE,ready_for_build
2604,GAZP_10,GAZP,10_4,2012,276,20,1,Gri_hir,native,0,species,cover,167,plot:167:20:1,,,2012,TRUE,TRUE,ready_for_build
2605,GAZP_10,GAZP,10_4,2012,276,20,1,Ley_tri,native,0,species,cover,167,plot:167:20:1,,,2012,TRUE,TRUE,ready_for_build
2606,GAZP_10,GAZP,10_4,2012,276,20,1,Mel_cal,native,0,species,cover,167,plot:167:20:1,,,2012,TRUE,TRUE,ready_for_build
2607,GAZP_10,GAZP,10_4,2012,276,20,1,Nas_pul,native,16.9375,species,cover,167,plot:167:20:1,,,2012,TRUE,TRUE,ready_for_build
2608,GAZP_10,GAZP,10_4,2012,276,20,1,Tri_bif,native,0,species,cover,167,plot:167:20:1,,,2012,TRUE,TRUE,ready_for_build
2609,GAZP_10,GAZP,10_4,2012,276,20,1,Tri_wil,native,0,species,cover,167,plot:167:20:1,,,2012,TRUE,TRUE,ready_for_build
2610,GAZP_10,GAZP,10_4,2012,276,20,2,Cal_cil,native,0,species,cover,167,plot:167:20:2,,,2012,TRUE,TRUE,ready_for_build
2611,GAZP_10,GAZP,10_4,2012,276,20,2,Ely_gla,native,13.1875,species,cover,167,plot:167:20:2,,,2012,TRUE,TRUE,ready_for_build
2612,GAZP_10,GAZP,10_4,2012,276,20,2,Gri_hir,native,0.9375,species,cover,167,plot:167:20:2,,,2012,TRUE,TRUE,ready_for_build
2613,GAZP_10,GAZP,10_4,2012,276,20,2,Ley_tri,native,0.125,species,cover,167,plot:167:20:2,,,2012,TRUE,TRUE,ready_for_build
2614,GAZP_10,GAZP,10_4,2012,276,20,2,Mel_cal,native,0.0625,species,cover,167,plot:167:20:2,,,2012,TRUE,TRUE,ready_for_build
2615,GAZP_10,GAZP,10_4,2012,276,20,2,Nas_pul,native,18.1875,species,cover,167,plot:167:20:2,,,2012,TRUE,TRUE,ready_for_build
2616,GAZP_10,GAZP,10_4,2012,276,20,2,Tri_bif,native,0,species,cover,167,plot:167:20:2,,,2012,TRUE,TRUE,ready_for_build
2617,GAZP_10,GAZP,10_4,2012,276,20,2,Tri_wil,native,0,species,cover,167,plot:167:20:2,,,2012,TRUE,TRUE,ready_for_build
2618,GAZP_10,GAZP,10_4,2012,276,20,,Cal_cil,native,0,species,cover,167,block:167:20,,,2012,TRUE,TRUE,ready_for_build
2619,GAZP_10,GAZP,10_4,2012,276,20,,Ely_gla,native,15.6875,species,cover,167,block:167:20,,,2012,TRUE,TRUE,ready_for_build
2620,GAZP_10,GAZP,10_4,2012,276,20,,Gri_hir,native,0.1875,species,cover,167,block:167:20,,,2012,TRUE,TRUE,ready_for_build
2621,GAZP_10,GAZP,10_4,2012,276,20,,Ley_tri,native,0.5625,species,cover,167,block:167:20,,,2012,TRUE,TRUE,ready_for_build
2622,GAZP_10,GAZP,10_4,2012,276,20,,Mel_cal,native,0.25,species,cover,167,block:167:20,,,2012,TRUE,TRUE,ready_for_build
2623,GAZP_10,GAZP,10_4,2012,276,20,,Nas_pul,native,41.25,species,cover,167,block:167:20,,,2012,TRUE,TRUE,ready_for_build
2624,GAZP_10,GAZP,10_4,2012,276,20,,Tri_bif,native,0,species,cover,167,block:167:20,,,2012,TRUE,TRUE,ready_for_build
2625,GAZP_10,GAZP,10_4,2012,276,20,,Tri_wil,native,0,species,cover,167,block:167:20,,,2012,TRUE,TRUE,ready_for_build
