excel_speciesid,sql_speciesid,sql_species_code
Aba_bar,2396,Aba_bar
Aba_coc,2397,Aba_coc
Abe_fic,4472,Abe_fic
Abi_las,7052,Abi_las
Abi_pro,7053,Abi_pro
Abr_lat,1905,Abr_lat
Abr_umb,1906,Abr_umb
Abu_dwy,6068,Abu_dwy
Abu_ind,4473,Abu_ind
Abu_mau,4474,Abu_mau
Abu_rac,6069,Abu_rac
Abu_ste,6070,Abu_ste
Abu_the,4475,Abu_the
Aca_aca,2398,Aca_aca
Aca_aci,2399,Aca_aci
Aca_acu,2400,Aca_acu
Aca_aem,2401,Aca_aem
Aca_anc,2402,Aca_anc
Aca_ass,2403,Aca_ass
Aca_aus,381,Aca_aus
Aca_bid,2404,Aca_bid
Aca_bin,2405,Aca_bin
Aca_bra,2406,Aca_bra
Aca_bre,2407,Aca_bre
Aca_bux,2408,Aca_bux
Aca_cav,2409,Aca_cav
Aca_chr,2410,Aca_chr
Aca_coc,2411,Aca_coc
Aca_con,2413,Aca_con
Aca_conso,2412,Aca_conso
Aca_cor,2414,Aca_cor
Aca_cup,2415,Aca_cup
Aca_cyc,2416,Aca_cyc
Aca_daw,2417,Aca_daw
Aca_dea,2418,Aca_dea
Aca_dec,2419,Aca_dec
Aca_decc,2420,Aca_decc
Aca_div,4129,Aca_div
Aca_dre,2421,Aca_dre
Aca_ehr,2422,Aca_ehr
Aca_etb,2423,Aca_etb
Aca_fal,2424,Aca_fal
Aca_far,2425,Aca_far
Aca_farn,2426,Aca_farn
Aca_fer,2427,Aca_fer
Aca_gen,2428,Aca_gen
Aca_ger,2429,Aca_ger
Aca_ger1,2429,Aca_ger
Aca_gla,2430,Aca_gla
Aca_glo,2431,Aca_glo
Aca_gon,2432,Aca_gon
Aca_gra,4130,Aca_gra
Aca_gre,2433,Aca_gre
Aca_har,2434,Aca_har
Aca_hil,2435,Aca_hil
Aca_his,382,Aca_his
Aca_imp,2436,Aca_imp
Aca_ina,2437,Aca_ina
Aca_lan,2438,Aca_lan
Aca_las,2439,Aca_las
Aca_lasiocarpa,2440,Aca_lasiocarpa
Aca_lig,2441,Aca_lig
Aca_mac,4131,Aca_mac
Aca_max,2442,Aca_max
Aca_mea,2443,Aca_mea
Aca_mel,2444,Aca_mel
Aca_mell,2445,Aca_mell
Aca_mic,2446,Aca_mic
Aca_mim,2447,Aca_mim
Aca_moi,2448,Aca_moi
Aca_myr,2449,Aca_myr
Aca_neo,4132,Aca_neo
Aca_nil,2450,Aca_nil
Aca_par,2451,Aca_par
Aca_parr,2452,Aca_parr
Aca_pat,2453,Aca_pat
Aca_pen,2454,Aca_pen
Aca_pin,2455,Aca_pin
Aca_pla,2456,Aca_pla
Aca_pul,3103,Aca_pul
Aca_pul1,2457,Aca_pul_var_goa
Aca_pulchella,2458,Aca_pulchella
Aca_pyc,2459,Aca_pyc
Aca_red,2460,Aca_red
Aca_rub,2462,Aca_rub
Aca_sal,2463,Aca_sal
Aca_ser,3888,Aca_ser
Aca_sey,2464,Aca_sey
Aca_spi,2465,Aca_spi
Aca_spo,2466,Aca_spo
Aca_ste,2468,Aca_ste
Aca_sti,2469,Aca_sti
Aca_str,2470,Aca_str
Aca_sub,2471,Aca_sub
Aca_sul,2472,Aca_sul
Aca_ter,2473,Aca_ter
Aca_tet,2474,Aca_tet
Aca_tor,2475,Aca_tor
Aca_tor1,2475,Aca_tor
Aca_var,2476,Aca_var
Aca_var1,2476,Aca_var
Aca_ver,2478,Aca_ver
Aca_vern,2477,Aca_vern
Aca_vir,4135,Aca_vir
Aca_vir1,4134,Aca_vir_var_rho
Aca_xan,2479,Aca_xan
Ace_cam,6623,Ace_cam
Ace_gla,6624,Ace_gla
Ace_mac,6625,Ace_mac
Ace_neg,6626,Ace_neg
Ace_pla,6627,Ace_pla
Ace_pse,6628,Ace_pse
Ace_rub,6629,Ace_rub
Ace_sac,6630,Ace_sac
Ace_sacarum,6631,Ace_sacarum
Ach_asi,383,Ach_asi
Ach_asp,384,Ach_asp
Ach_aspe,1666,Ach_aspe
Ach_col,385,Ach_col
Ach_mil,387,Ach_mil
Ach_mil_3,386,Ach_mil__var_occ
Ach_mil1,386,Ach_mil__var_occ
Ach_mol,393,Ach_mol
Ach_nob,388,Ach_nob
Ach_pan,390,Ach_pan
Ach_pta,389,Ach_pta
Ach_sat,394,Ach_sat
Ach_set,391,Ach_set
Acl_che,1907,Acl_che
Acl_dif,1908,Acl_dif
Acm_ame,2480,Acm_ame
Acm_bra,2481,Acm_bra
Acm_wra,2482,Acm_wra
Acn_arb,6786,Acn_arb
Aco_cal,2,Aco_cal
Aco_car,6094,Aco_car
Aco_dav,1944,Aco_dav
Aco_len,2483,Aco_len
Aco_nan,396,Aco_nan
Acr_cus,6962,Acr_cus
Acr_ram,2213,Acr_ram
Act_con,4137,Act_con
Act_con_a,4136,Act_con_a
Act_klo,4138,Act_klo
Act_pyr,7037,Act_pyr
Act_rub,6095,Act_rub
Act_spi,6096,Act_spi
Ade_bic,397,Ade_bic
Ade_flo,4620,Ade_flo
Ade_inu,3493,Ade_inu
Ade_lil,1325,Ade_lil
Ade_ste,1326,Ade_ste
Ade_tri,4140,Ade_tri
Ado_aes,6097,Ado_aes
Ado_ver,6098,Ado_ver
Aeg_cep,3542,Aeg_cep
Aeg_cyl,5311,Aeg_cyl
Aeg_int,3543,Aeg_int
Aeg_neg,5312,Aeg_neg
Aeg_pan,3544,Aeg_pan
Aeg_pod,52,Aeg_pod
Aeg_sel,3545,Aeg_sel
Aeg_tri,5313,Aeg_tri
Aeg_ver,3546,Aeg_ver
Ael_lag,5314,Ael_lag
Aer_lan,1667,Aer_lan
Aes_fal,2484,Aes_fal
Aes_hip,6633,Aes_hip
Aes_ind,2485,Aes_ind
Aet_cyn,53,Aet_cyn
Aga_cla,3547,Aga_cla
Aga_com,3706,Aga_com
Aga_foe,3548,Aga_foe
Aga_nep,3549,Aga_nep
Aga_num,2214,Aga_num
Aga_scr,3550,Aga_scr
Aga_ten,3708,Aga_ten
Age_alt,398,Age_alt
Ago_aur,399,Ago_aur
Ago_exc,6488,Ago_exc
Ago_gla,400,Ago_gla
Ago_gra,401,Ago_gra
Ago_het,402,Ago_het
Agr_can,5320,Agr_can
Agr_cap,5321,Agr_cap
Agr_cas,5322,Agr_cas
Agr_cri,5316,Agr_cri
Agr_des,5317,Agr_des
Agr_div,5323,Agr_div
Agr_eup,6269,Agr_eup
Agr_exa,5324,Agr_exa
Agr_fra,5318,Agr_fra
Agr_gig,5325,Agr_gig
Agr_git,1786,Agr_git
Agr_gry,6270,Agr_gry
Agr_hal,5326,Agr_hal
Agr_hye,5327,Agr_hye
Agr_mac,5315,Agr_mac
Agr_mer,5328,Agr_mer
Agr_pal,5329,Agr_pal
Agr_par,6271,Agr_par
Agr_per,5330,Agr_per
Agr_pub,6272,Agr_pub
Agr_sca,5331,Agr_sca
Agr_squ,1668,Agr_squ
Agr_sto,5333,Agr_sto
Agr_str,6274,Agr_str
Agr_ten,5321,Agr_cap
Agr_vin,5334,Agr_vin
Ail_alt,6682,Ail_alt
Air_car,5335,Air_car
Air_cup,5336,Air_cup
Air_pra,5337,Air_pra
Aiz_can,1634,Aiz_can
Aja_ach,404,Aja_ach
Aja_fru,405,Aja_fru
Aju_cha,3551,Aju_cha
Aju_gen,3552,Aju_gen
Aju_lax,3553,Aju_lax
Aju_rep,3554,Aju_rep
Alb_nio,2486,Alb_nio
Alb_ped,2487,Alb_ped
Alb_pol,2488,Alb_pol
Alb_tom,2489,Alb_tom
Alc_alp,6275,Alc_alp
Alc_cos,4141,Alc_cos
Alc_gla,6277,Alc_gla
Alc_gla_a,6276,Alc_gla_a
Alc_lat,4143,Alc_lat
Alc_ros,4476,Alc_ros
Alc_sid,4144,Alc_sid
Alc_tri,4145,Alc_tri
Alc_vul,6279,Alc_vul
Alc_xan,6280,Alc_xan
Alcho_gla,4142,Alcho_gla
Ale_nig,2490,Ale_nig
Ale_och,2491,Ale_och
Ali_lan,3,Ali_lan
Ali_pin,2271,Ali_pin
Ali_pla,4,Ali_pla
Ali_sub,6,Ali_sub
Ali_tri,7,Ali_tri
All_acu,3157,All_acu
All_ang,205,All_ang
All_ani,206,All_ani
All_bid,207,All_bid
All_cam,3204,All_cam
All_can,208,All_can
All_car,209,All_car
All_cau,173,All_cau
All_cer,210,All_cer
All_cho,1909,All_cho
All_cim,5339,All_cim
All_edu,6634,All_edu
All_fra,3158,All_fra
All_gal,211,All_gal
All_hue,3159,All_hue
All_hum,3160,All_hum
All_inc,1910,All_inc
All_lae,6635,All_lae
All_leh,3161,All_leh
All_lin,212,All_lin
All_lit,3162,All_lit
All_lue,3163,All_lue
All_mac,213,All_mac
All_mon,214,All_mon
All_ole,215,All_ole
All_pet,1478,All_pet
All_pol,216,All_pol
All_pro,217,All_pro
All_rac,6636,All_rac
All_ram,218,All_ram
All_sat,219,All_sat
All_sch,220,All_sch
All_sco,221,All_sco
All_sen,222,All_sen
All_sph,223,All_sph
All_ste,225,All_ste
All_stenum,226,All_stenum
All_tex,227,All_tex
All_thu,3164,All_thu
All_tri,228,All_tri
All_urs,229,All_urs
All_ver,3165,All_ver
All_vin,230,All_vin
Alli_acu,204,Alli_acu
Alm_rub,6581,Alm_rub
Aln_aln,3135,Aln_aln
Aln_aln1,3135,Aln_aln
Aln_glu,3136,Aln_glu
Aln_rub,3137,Aln_rub
Aln_ser,3138,Aln_ser
Alo_aeq,5340,Alo_aeq
Alo_aru,5341,Alo_aru
Alo_car,5342,Alo_car
Alo_gen,5343,Alo_gen
Alo_myo,5344,Alo_myo
Alo_pra,5345,Alo_pra
Alo_ver,278,Alo_ver
Alo_vir,3889,Alo_vir
Als_bla,3311,Als_bla
Als_flo,3312,Als_flo
Als_inv,3313,Als_inv
Alt_off,4477,Alt_off
Alt_phi,1669,Alt_phi
Alt_ses,1670,Alt_ses
Aly_aly,1479,Aly_aly
Aly_des,1480,Aly_des
Aly_gra,1481,Aly_gra
Aly_hue,4478,Aly_hue
Aly_lon,2492,Aly_lon
Aly_mue,2493,Aly_mue
Aly_obo,1482,Aly_obo
Aly_sim,1483,Aly_sim
Ama_aca,1671,Ama_aca
Ama_alb,1672,Ama_alb
Ama_bli,1673,Ama_bli
Ama_can,1674,Ama_can
Ama_cor,3314,Ama_cor
Ama_dis,406,Ama_dis
Ama_gra,1675,Ama_gra
Ama_hyb,1676,Ama_hyb
Ama_int,3315,Ama_int
Ama_pal,1677,Ama_pal
Ama_ret,1678,Ama_ret
Ama_tub,1680,Ama_tub
Ama_vir,1681,Ama_vir
Amb_aca,407,Amb_aca
Amb_art,408,Amb_art
Amb_cea,2494,Amb_cea
Amb_cha,409,Amb_cha
Amb_psi,410,Amb_psi
Amb_tom,412,Amb_tom
Amb_tri,413,Amb_tri
Ame_aln,6281,Ame_aln
Ame_arb,6282,Ame_arb
Ame_lae,6283,Ame_lae
Ame_san,6284,Ame_san
Ame_spi,6285,Ame_spi
Ame_uta,6287,Ame_uta
Amm_are,5347,Amm_are
Amm_bac,4621,Amm_bac
Amm_bre,5348,Amm_bre
Amm_coc,4622,Amm_coc
Amm_maj,54,Amm_maj
Amo_can,2495,Amo_can
Amo_fru,2496,Amo_fru
Amo_nan,2497,Amo_nan
Amp_arb,6853,Amp_arb
Amp_bra,2499,Amp_bra
Amp_cru,3494,Amp_cru
Amp_gla,6444,Amp_gla
Amp_gla1,6854,Amp_gla_var_bre
Amp_lae,3205,Amp_lae
Amp_lon,4417,Amp_lon
Amp_mac,6445,Amp_mac
Amp_mag,3495,Amp_mag
Amp_muh,5349,Amp_muh
Amp_pan,3496,Amp_pan
Amp_rup,1635,Amp_rup
Ams_men,1373,Ams_men
Ana_arv,2309,Ana_arv
Ana_arv1,2309,Ana_arv
Ana_bre,1682,Ana_bre
Ana_cla,414,Ana_cla
Ana_col,2500,Ana_col
Ana_cor,337,Ana_cor
Ana_exc,6501,Ana_exc
Ana_hum,6502,Ana_hum
Ana_mar,415,Ana_mar
Ana_min,6990,Ana_min
Ana_mor,338,Ana_mor
Ana_occ,6503,Ana_occ
Ana_per,2501,Ana_per
Ana_pyr,339,Ana_pyr
Ana_sil,4017,Ana_sil
Ana_sin,416,Ana_sin
Anag_min,2310,Anag_min
Anc_arv,1374,Anc_arv
Anc_off,1375,Anc_off
And_are,417,And_are
And_bic,5350,And_bic
And_fra,2502,And_fra
And_ger,5351,And_ger
And_glo,5352,And_glo
And_hal,5353,And_hal
And_hum,2503,And_hum
And_ine,2504,And_ine
And_int,418,And_int
And_lat,5354,And_lat
And_leg,2505,And_leg
And_leu,5355,And_leu
And_lon,5356,And_lon
And_occ,2311,And_occ
And_orm,2506,And_orm
And_rag,419,And_rag
And_rup,6932,And_rup
And_sep,2312,And_sep
And_vir,5358,And_vir
Ane_arv,3497,Ane_arv
Ane_can,6099,Ane_can
Ane_cri,6100,Ane_cri
Ane_cyl,6101,Ane_cyl
Ane_mul,6102,Ane_mul
Ane_nar,6103,Ane_nar
Ane_nem,6104,Ane_nem
Ane_pat,6106,Ane_pat
Ane_pat1,6105,Ane_pat_sub_mul
Ane_pin,7008,Ane_pin
Ane_pra,6107,Ane_pra
Ane_qui,6108,Ane_qui
Ane_syl,6110,Ane_syl
Ane_vir,6111,Ane_vir
Ang_atr,55,Ang_atr
Ang_bra,6582,Ang_bra
Ang_nod,6583,Ang_nod
Ang_syl,56,Ang_syl
Ani_can,3914,Ani_can
Ani_fir,3915,Ani_fir
Ani_hum,2089,Ani_hum
Ani_mad,420,Ani_mad
Ani_ste,2508,Ani_ste
Ann_acu,4018,Ann_acu
Ann_cac,4019,Ann_cac
Ann_mon,4020,Ann_mon
Ann_neo,4021,Ann_neo
Ann_spr,4023,Ann_spr
Ann_syl,4024,Ann_syl
Ant_aet,3316,Ant_aet
Ant_alp,421,Ant_alp
Ant_ana,422,Ant_ana
Ant_arv,434,Ant_arv
Ant_cor,2509,Ant_cor
Ant_cyt,2510,Ant_cyt
Ant_dim,423,Ant_dim
Ant_dio,424,Ant_dio
Ant_ele,3998,Ant_ele
Ant_jur,6996,Ant_jur
Ant_lan,5359,Ant_lan
Ant_lot,2511,Ant_lot
Ant_luz,425,Ant_luz
Ant_mic,426,Ant_mic
Ant_neg,427,Ant_neg
Ant_nit,5360,Ant_nit
Ant_odo,5361,Ant_odo
Ant_pan,2047,Ant_pan
Ant_par,428,Ant_par
Ant_parv,429,Ant_parv
Ant_pla,430,Ant_pla
Ant_ram,236,Ant_ram
Ant_ros,432,Ant_ros
Ant_ros_2,431,Ant_ros__sub_con
Ant_ros1,432,Ant_ros
Ant_spa,3317,Ant_spa
Ant_syl,57,Ant_syl
Ant_ter,2512,Ant_ter
Ant_vir,1945,Ant_vir
Ant_vul,2514,Ant_vul
Ant_vul_2,2513,Ant_vul__sub_car
Ant_vul1,2514,Ant_vul
Apa_cor,4146,Apa_cor
Apa_hum,3474,Apa_hum
Ape_int,5363,Ape_int
Ape_mem,4479,Ape_mem
Ape_spi,5364,Ape_spi
Ape_tib,4480,Ape_tib
Aph_arv,6288,Aph_arv
Aph_ram,436,Aph_ram
Aph_ram1,435,Aph_ram_var_hum
Aph_sin,3475,Aph_sin
Api_ame,2515,Api_ame
Api_ang,58,Api_ang
Apl_mut,5365,Apl_mut
Apo_and,3207,Apo_and
Apo_can,3208,Apo_can
Apo_eup,5366,Apo_eup
Apu_lei,2516,Apu_lei
Aqu_can,6112,Aqu_can
Aqu_for,6113,Aqu_for
Aqu_vul,6114,Aqu_vul
Ara_alp,1486,Ara_alp
Ara_are,1484,Ara_are
Ara_div,1487,Ara_div
Ara_hir,1488,Ara_hir
Ara_nud,156,Ara_nud
Ara_psi,2517,Ara_psi
Ara_rec,1489,Ara_rec
Ara_sag,1490,Ara_sag
Ara_tha,1485,Ara_tha
Arb_men,2215,Arb_men
Arc_aca,442,Arc_aca
Arc_alp,2218,Arc_alp
Arc_ech,59,Arc_ech
Arc_gra,441,Arc_gra
Arc_lap,437,Arc_lap
Arc_min,438,Arc_min
Arc_nev,2216,Arc_nev
Arc_tom,440,Arc_tom
Arc_uva,2217,Arc_uva
Ard_bar,2313,Ard_bar
Ard_pal,2314,Ard_pal
Are_ser,1788,Are_ser
Are_ser,1787,Are_ser_sub_lep
Are_str,1790,Are_str
Arg_och,6075,Arg_och
Arg_pol,6076,Arg_pol
Ari_ads,5367,Ari_ads
Ari_afr,287,Ari_afr
Ari_bas,5368,Ari_bas
Ari_cap,288,Ari_cap
Ari_cle,4990,Ari_cle
Ari_con,5369,Ari_con
Ari_cor,4991,Ari_cor
Ari_dif,5370,Ari_dif
Ari_div,5371,Ari_div
Ari_dra,17,Ari_dra
Ari_jub,5372,Ari_jub
Ari_ken,5373,Ari_ken
Ari_lat,5374,Ari_lat
Ari_lep,5375,Ari_lep
Ari_lon,5376,Ari_lon
Ari_max,4992,Ari_max
Ari_meg,5377,Ari_meg_var_bre
Ari_oli,5378,Ari_oli
Ari_pan,5379,Ari_pan
Ari_pat,5380,Ari_pat
Ari_pur,5382,Ari_pur
Ari_purens,5381,Ari_purens
Ari_rec,5383,Ari_rec
Ari_rip,5384,Ari_rip
Ari_set,5385,Ari_set
Ari_set_a,5386,Ari_set_a
Ari_spr,4993,Ari_spr
Ari_ter,5388,Ari_ter
Ari_ton,4994,Ari_ton
Ari_tri,18,Ari_tri
Ari_tub,5389,Ari_tub
Arm_mar,1941,Arm_mar
Arn_atr,447,Arn_atr
Arn_cor,444,Arn_cor
Arn_lat,445,Arn_lat
Arn_mol,446,Arn_mol
Arn_pla,448,Arn_pla
Aro_arb,6289,Aro_arb
Aro_mel,6290,Aro_mel
Arr_ela,5390,Arr_ela
Art_abs,449,Art_abs
Art_ada,450,Art_ada
Art_ane,451,Art_ane
Art_ann,452,Art_ann
Art_arb,453,Art_arb
Art_bie,454,Art_bie
Art_cal,455,Art_cal
Art_cam,456,Art_cam
Art_cam1,456,Art_cam
Art_can,457,Art_can
Art_cau,458,Art_cau
Art_cha,459,Art_cha
Art_com,460,Art_com
Art_comp,461,Art_comp
Art_dra,462,Art_dra
Art_fil,463,Art_fil
Art_fre,464,Art_fre
Art_fri,465,Art_fri
Art_hed,466,Art_hed
Art_het,6201,Art_het
Art_int,467,Art_int
Art_lac,468,Art_lac
Art_lud,469,Art_lud
Art_mac,470,Art_mac
Art_min,237,Art_min
Art_mon,471,Art_mon
Art_nov,472,Art_nov
Art_ord,473,Art_ord
Art_pal,474,Art_pal
Art_pam,475,Art_pam
Art_pha,476,Art_pha
Art_rut,477,Art_rut
Art_sco,478,Art_sco
Art_sie,479,Art_sie
Art_sph,480,Art_sph
Art_sub,1683,Art_sub
Art_tan,482,Art_tan
Art_tri,484,Art_tri
Art_tri1,483,Art_tri_var_vas
Art_tri2,484,Art_tri
Art_tri3,7171,Art_tri_sub_tri
Art_vul,485,Art_vul
Art_xer,486,Art_xer
Aru_mac,19,Aru_mac
Asa_eur,4995,Asa_eur
Asc_amp,3210,Asc_amp
Asc_exa,3211,Asc_exa
Asc_fas,3212,Asc_fas
Asc_inc,3213,Asc_inc
Asc_lon,3214,Asc_lon
Asc_ova,3215,Asc_ova
Asc_pum,3216,Asc_pum
Asc_spe,3217,Asc_spe
Asc_sub,3219,Asc_sub
Asc_sul,3220,Asc_sul
Asc_syr,3221,Asc_syr
Asc_tub,3223,Asc_tub
Asc_tub_3,3222,Asc_tub__sub_int
Asc_tub1,3223,Asc_tub
Asc_ver,3224,Asc_ver
Asc_vir,3226,Asc_vir
Asc_virfl,3225,Asc_virfl
Ase_hir,3104,Ase_hir
Asp_ang,3227,Asp_ang
Asp_aya,279,Asp_aya
Asp_bur,238,Asp_bur
Asp_cap,239,Asp_cap
Asp_cyl,3228,Asp_cyl
Asp_cyn,3318,Asp_cyn
Asp_dau,240,Asp_dau
Asp_des,3229,Asp_des
Asp_dis,3230,Asp_dis
Asp_eri,2518,Asp_eri
Asp_fis,280,Asp_fis
Asp_gob,241,Asp_gob
Asp_ill,3231,Asp_ill
Asp_mon,487,Asp_mon
Asp_off,242,Asp_off
Asp_oli,3232,Asp_oli
Asp_par,3233,Asp_par
Asp_pla,7085,Asp_pla
Asp_pol,3234,Asp_pol
Asp_pro,1376,Asp_pro
Asp_pul,4286,Asp_pul
Asp_pyr,3235,Asp_pyr
Asp_ram,3236,Asp_ram
Asp_sco,7086,Asp_sco
Asp_tin,3319,Asp_tin
Ast_acu,174,Ast_acu
Ast_ads,2521,Ast_ads
Ast_ads1,2520,Ast_ads_var_rob
Ast_agr,2522,Ast_agr
Ast_all,2523,Ast_all
Ast_alp,2524,Ast_alp
Ast_aly,494,Ast_aly
Ast_amb,4685,Ast_amb
Ast_ame,490,Ast_ame
Ast_asp,2525,Ast_asp
Ast_bis,2526,Ast_bis
Ast_bre,2527,Ast_bre
Ast_can,2528,Ast_can
Ast_cen,495,Ast_cen
Ast_cic,2529,Ast_cic
Ast_con,6504,Ast_con
Ast_cra,2530,Ast_cra
Ast_cur,2531,Ast_cur
Ast_dah,2532,Ast_dah
Ast_dan,2533,Ast_dan
Ast_dru,2534,Ast_dru
Ast_dum,491,Ast_dum
Ast_fil,2535,Ast_fil
Ast_filip,2536,Ast_filip
Ast_fle,2537,Ast_fle
Ast_fra,6505,Ast_fra
Ast_gal,2538,Ast_gal
Ast_gam,2539,Ast_gam
Ast_gly,2540,Ast_gly
Ast_gob,2541,Ast_gob
Ast_gra,6506,Ast_gra
Ast_grac,2542,Ast_grac
Ast_ham,2543,Ast_ham
Ast_ino,2544,Ast_ino
Ast_lap,5392,Ast_lap
Ast_lax,2545,Ast_lax
Ast_lot,2546,Ast_lot
Ast_maj,60,Ast_maj
Ast_mel,2548,Ast_mel
Ast_mel1,2547,Ast_mel_var_ten
Ast_min,2549,Ast_min
Ast_mis,2551,Ast_mis
Ast_miser,2550,Ast_miser
Ast_nut,2552,Ast_nut
Ast_ono,2553,Ast_ono
Ast_pel,2554,Ast_pel
Ast_pro,2555,Ast_pro
Ast_sta,175,Ast_sta
Ast_ste,2557,Ast_ste
Ast_sub,493,Ast_sub
Ast_ten,2558,Ast_ten
Ast_tep,2559,Ast_tep
Ast_uru,6507,Ast_uru
Ast_var,2560,Ast_var
Aster_alp,489,Aster_alp
Ath_alp,7087,Ath_alp
Ath_ame,7088,Ath_ame
Ath_cri,496,Ath_cri
Ath_fil,7089,Ath_fil
Ath_pus,1492,Ath_pus
Ath_tri,497,Ath_tri
Atr_arg,1684,Atr_arg
Atr_bel,6787,Atr_bel
Atr_can,1686,Atr_can
Atr_cana,1685,Atr_cana
Atr_con,1687,Atr_con
Atr_conf,1687,Atr_con
Atr_gar,1688,Atr_gar
Atr_len,1689,Atr_len
Atr_lin,1690,Atr_lin
Atr_lit,1691,Atr_lit
Atr_mue,1692,Atr_mue
Atr_num,1693,Atr_num
Atr_nut,1694,Atr_nut
Atr_pat,1695,Atr_pat
Atr_sag,1696,Atr_sag
Atr_sem,1697,Atr_sem
Atr_suc,1699,Atr_suc
Atr_tat,1700,Atr_tat
Atr_ves,1701,Atr_ves
Atr_vest,1702,Atr_vest
Atra_can,498,Atra_can
Att_bur,176,Att_bur
Att_ros,177,Att_ros
Aul_pal,7023,Aul_pal
Aul_tur,7024,Aul_tur
Aus_cae,5886,Aus_cae
Ave_bar,5393,Ave_bar
Ave_car,4971,Ave_car
Ave_fat,5394,Ave_fat
Ave_pub,5398,Ave_pub
Ave_sat,5395,Ave_sat
Ave_ste,5397,Ave_ste
Axo_com,5399,Axo_com
Axo_fis,5400,Axo_fis
Axo_fur,5401,Axo_fur
Axo_mar,5402,Axo_mar
Axo_pre,5403,Axo_pre
Axo_sic,5404,Axo_sic
Axo_sma,5405,Axo_sma
Axo_suf,5407,Axo_suf
Aye_obl,4481,Aye_obl
Azo_fil,7099,Azo_fil
Bab_fra,289,Bab_fra
Bac_art,499,Bac_art
Bac_bar,178,Bac_bar
Bac_cog,500,Bac_cog
Bac_col,179,Bac_col
Bac_colnis,180,Bac_colnis
Bac_cri,501,Bac_cri
Bac_dra,502,Bac_dra
Bac_eri,503,Bac_eri
Bac_fer,181,Bac_fer
Bac_gil,504,Bac_gil
Bac_hal,505,Bac_hal
Bac_ina,506,Bac_ina
Bac_mar,182,Bac_mar
Bac_mes,507,Bac_mes
Bac_pen,508,Bac_pen
Bac_pil,509,Bac_pil
Bac_ses,510,Bac_ses
Bac_tri,512,Bac_tri
Bac_uli,513,Bac_uli
Bac_unc,514,Bac_unc
Bad_ste,515,Bad_ste
Bah_abs,516,Bah_abs
Bah_ped,517,Bah_ped
Bai_mul,518,Bai_mul
Bal_afr,3556,Bal_afr
Bal_car,519,Bal_car
Bal_nig,3557,Bal_nig
Bal_rie,6584,Bal_rie
Bal_sag,520,Bal_sag
Ban_cal,6034,Ban_cal
Ban_gui,4350,Ban_gui
Ban_med,6035,Ban_med
Bap_alb,2562,Bap_alb
Bap_alb1,2561,Bap_alb_var_mac
Bap_aus,2563,Bap_aus
Bap_bra,2566,Bap_bra
Bap_bra_2,2565,Bap_bra__var_leu
Bap_bra1,2564,Bap_bra_var_gla
Bap_tin,2567,Bap_tin
Bar_alp,3709,Bar_alp
Bar_att,6991,Bar_att
Bar_bin,6992,Bar_bin
Bar_bla,4984,Bar_bla
Bar_flo,6993,Bar_flo
Bar_ith,6933,Bar_ith
Bar_kun,6994,Bar_kun
Bar_lyc,6995,Bar_lyc
Bar_rie,2568,Bar_rie
Bar_spi,3476,Bar_spi
Bar_tri,3710,Bar_tri
Bar_vul,1493,Bar_vul
Bas_bra,4482,Bas_bra
Bas_das,1703,Bas_das
Bas_den,4483,Bas_den
Bas_lan,1704,Bas_lan
Bas_pro,1705,Bas_pro
Bas_sco,1706,Bas_sco
Bau_for,2569,Bau_for
Bau_gui,2570,Bau_gui
Bau_lon,2571,Bau_lon
Bau_ref,2572,Bau_ref
Bau_ruf,2573,Bau_ruf
Bau_var,2575,Bau_var
Bea_ele,4686,Bea_ele
Bec_syz,5408,Bec_syz
Bei_lin,3916,Bei_lin
Bei_tov,3917,Bei_tov
Bel_pen,4635,Bel_pen
Bel_per,521,Bel_per
Bel_syl,522,Bel_syl
Ber_amm,4120,Ber_amm
Ber_aqu,6062,Ber_aqu
Ber_ere,61,Ber_ere
Ber_gla,523,Ber_gla
Ber_gui,3321,Ber_gui
Ber_inc,1494,Ber_inc
Ber_lan,1631,Ber_lan
Ber_rep,6063,Ber_rep
Ber_spi,524,Ber_spi
Ber_vul,6065,Ber_vul
Bet_all,3140,Bet_all
Bet_len,3141,Bet_len
Bet_nan,3142,Bet_nan
Bet_nig,3143,Bet_nig
Bet_occ,3144,Bet_occ
Bet_off,3559,Bet_off
Bet_pap,3145,Bet_pap
Bet_pen,3146,Bet_pen
Bet_pop,3147,Bet_pop
Bet_pub,3148,Bet_pub
Bet_pum,3149,Bet_pum
Bet_vul,1707,Bet_vul
Bid_bec,526,Bid_bec
Bid_bid,527,Bid_bid
Bid_bip,528,Bid_bip
Bid_cer,529,Bid_cer
Bid_com,530,Bid_com
Bid_con,531,Bid_con
Bid_fro,532,Bid_fro
Bid_hyp,533,Bid_hyp
Bid_pil,534,Bid_pil
Bid_tri,537,Bid_tri
Bid_tric,536,Bid_tric
Bid_vul,538,Bid_vul
Big_aeq,3498,Big_aeq
Big_cor,3499,Big_cor
Big_div,3500,Big_div
Bix_arb,4455,Bix_arb
Bla_per,3275,Bla_per
Bla_pus,6935,Bla_pus
Ble_cil,3560,Ble_cil
Ble_egg,4687,Ble_egg
Ble_sca,539,Ble_sca
Ble_spi,7090,Ble_spi
Ble_tab,7092,Ble_tab
Ble_tri,7004,Ble_tri
Blo_cro,244,Blo_cro
Blu_obl,540,Blu_obl
Bly_spi,3237,Bly_spi
Boe_coc,1912,Boe_coc
Boe_cyl,6455,Boe_cyl
Boe_dif,1913,Boe_dif
Boe_ere,1914,Boe_ere
Boe_spi,1915,Boe_spi
Boe_tri,1917,Boe_tri_var_int
Boe_wri,1918,Boe_wri
Boi_gla,4881,Boi_gla
Bol_ast,541,Bol_ast
Bol_dif,542,Bol_dif
Bol_flu,5015,Bol_flu
Bol_mar,5016,Bol_mar
Bol_rob,5017,Bol_rob
Bon_tri,6745,Bon_tri
Bor_off,1377,Bor_off
Bot_bla,5409,Bot_bla
Bot_dis,7100,Bot_dis
Bot_eri,5410,Bot_eri
Bot_ewa,5411,Bot_ewa
Bot_ins,5412,Bot_ins
Bot_isc,5413,Bot_isc
Bot_lun,7101,Bot_lun
Bot_mul,7102,Bot_mul
Bot_per,5414,Bot_per
Bot_vir,7104,Bot_vir
Bou_ari,5415,Bou_ari
Bou_cur,5416,Bou_cur
Bou_dac,5417,Bou_dac
Bou_gra,5418,Bou_gra
Bou_hir,5419,Bou_hir
Bou_rot,5501,Bou_rot
Bra_ari,5421,Bra_ari
Bra_aris,5428,Bra_aris
Bra_bar,1495,Bra_bar
Bra_bra,1768,Bra_bra
Bra_con,5427,Bra_con
Bra_dec,5422,Bra_dec
Bra_den,543,Bra_den
Bra_dis,5430,Bra_dis
Bra_ere,5429,Bra_ere
Bra_eru,5423,Bra_eru
Bra_jun,1496,Bra_jun
Bra_lac,5424,Bra_lac
Bra_lee,5425,Bra_lee
Bra_mam,4147,Bra_mam
Bra_nap,1497,Bra_nap
Bra_nig,1498,Bra_nig
Bra_ole,1499,Bra_ole
Bra_pin,5431,Bra_pin
Bra_pop,6970,Bra_pop
Bra_ram,5426,Bra_ram
Bra_rap,1500,Bra_rap
Bra_ref,6971,Bra_ref
Bra_ret,5432,Bra_ret
Bra_sal,6972,Bra_sal
Bra_sta,6974,Bra_sta
Bra_syl,5433,Bra_syl
Bri_chl,544,Bri_chl
Bri_eup,545,Bri_eup
Bri_lam,5434,Bri_lam
Bri_med,5435,Bri_med
Bri_min,5436,Bri_min
Bri_ruf,5437,Bri_ruf
Bri_sub,5439,Bri_sub
Bri_uni,5440,Bri_uni
Bro_are,5441,Bro_are
Bro_arv,5442,Bro_arv
Bro_ben,5443,Bro_ben
Bro_ber,5444,Bro_ber
Bro_car,5445,Bro_car
Bro_cat,5446,Bro_cat
Bro_cil,5447,Bro_cil
Bro_com,5448,Bro_com
Bro_cor,4287,Bro_cor
Bro_cos,6202,Bro_cos
Bro_dia,5449,Bro_dia
Bro_ele,245,Bro_ele
Bro_ere,5450,Bro_ere
Bro_gla,6203,Bro_gla
Bro_glaz,6204,Bro_glaz
Bro_gui,6205,Bro_gui
Bro_hor,5452,Bro_hor
Bro_hor_a,5451,Bro_hor_a_sub_hor
Bro_ine,5453,Bro_ine
Bro_jap,5454,Bro_jap
Bro_kal,5455,Bro_kal
Bro_lac,6206,Bro_lac
Bro_lae,5456,Bro_lae
Bro_mad,5457,Bro_mad
Bro_mar,5458,Bro_mar
Bro_pap,6208,Bro_pap
Bro_pec,5459,Bro_pec
Bro_por,5460,Bro_por
Bro_pum,5461,Bro_pum
Bro_rac,5462,Bro_rac
Bro_ram,5463,Bro_ram
Bro_rig,5464,Bro_rig
Bro_rip,5465,Bro_rip
Bro_rub,5466,Bro_rub
Bro_sec,5467,Bro_sec
Bro_set,5468,Bro_set
Bro_sit,5469,Bro_sit
Bro_ste,5471,Bro_ste
Bro_tec,5472,Bro_tec
Bro_vul,5473,Bro_vul
Bry_arg,6936,Bry_arg
Bry_div,6908,Bry_div
Buc_dac,5474,Buc_dac
Buc_flo,3711,Buc_flo
Buc_het,6959,Buc_het
Buc_kle,4609,Buc_kle
Buc_pal,3712,Buc_pal
Bug_arv,1379,Bug_arv
Bul_cap,5019,Bul_cap
Bul_emm,5020,Bul_emm
Bul_fim,5021,Bul_fim
Bul_jun,5022,Bul_jun
Bul_lom,5023,Bul_lom
Bun_ori,1502,Bun_ori
Bup_bic,62,Bup_bic
Bup_fal,63,Bup_fal
Bup_sal,547,Bup_sal
Bup_sco,64,Bup_sco
Bup_ten,65,Bup_ten
Bur_sim,6538,Bur_sim
But_odo,183,But_odo
Bux_aph,6947,Bux_aph
Bux_sem,1632,Bux_sem
Byr_cac,4288,Byr_cac
Byr_cip,4289,Byr_cip
Byr_cra,4290,Byr_cra
Byr_cri,4291,Byr_cri
Byr_int,4292,Byr_int
Byr_spi,4293,Byr_spi
Byr_sti,4295,Byr_sti
Byr_sub,4296,Byr_sub
Byt_acu,4484,Byt_acu
Cab_can,6552,Cab_can
Cad_far,1610,Cad_far
Cak_ede,1503,Cak_ede
Cak_mar,1504,Cak_mar
Cal_ame,3561,Cal_ame
Cal_aru,5475,Cal_aru
Cal_arv,550,Cal_arv
Cal_bra,4076,Cal_bra
Cal_bul,340,Cal_bul
Cal_can,5476,Cal_can
Cal_cane,5477,Cal_cane
Cal_cil,1895,Cal_cil
Cal_clu,4693,Cal_clu
Cal_cos,184,Cal_cos
Cal_epi,5478,Cal_epi
Cal_exc,6788,Cal_exc
Cal_gra,4689,Cal_gra
Cal_gra_a,4694,Cal_gra_a
Cal_gun,3981,Cal_gun
Cal_hum,2576,Cal_hum
Cal_inv,4485,Cal_inv
Cal_lin,2577,Cal_lin
Cal_lon,5485,Cal_lon
Cal_lonum,4077,Cal_lonum
Cal_luc,4695,Cal_luc
Cal_lut,3982,Cal_lut
Cal_mac,3983,Cal_mac
Cal_min,4947,Cal_min
Cal_mon,1946,Cal_mon
Cal_mont,5479,Cal_mont
Cal_mul,551,Cal_mul
Cal_nut,5480,Cal_nut
Cal_nutt,3984,Cal_nutt
Cal_pal,6116,Cal_pal
Cal_pal1,6115,Cal_pal_var_mem
Cal_pap,3322,Cal_pap
Cal_pau,552,Cal_pau
Cal_pho,4688,Cal_pho
Cal_phy,548,Cal_phy
Cal_pre,7038,Cal_pre
Cal_pur,5481,Cal_pur
Cal_qua,4690,Cal_qua
Cal_rho,7039,Cal_rho
Cal_san,4691,Cal_san
Cal_sep,6746,Cal_sep
Cal_sep1,6746,Cal_sep
Cal_ser,4882,Cal_ser_var_spi
Cal_sol,6747,Cal_sol
Cal_sph,6997,Cal_sph
Cal_spi,6748,Cal_spi
Cal_ste,3764,Cal_ste
Cal_str,6964,Cal_str
Cal_sub,3986,Cal_sub
Cal_ter,3765,Cal_ter
Cal_tri,4486,Cal_tri
Cal_twe,2578,Cal_twe
Cal_uni,549,Cal_uni
Cal_vir,5484,Cal_vir
Cal_vul,2220,Cal_vul
Cal_war,4692,Cal_war
Cal_wri,553,Cal_wri
Cala_str,5483,Cala_str
Cam_ame,1327,Cam_ame
Cam_apa,1328,Cam_apa
Cam_aur,4697,Cam_aur
Cam_bon,1329,Cam_bon
Cam_cer,1330,Cam_cer
Cam_che,4884,Cam_che
Cam_con,4883,Cam_con
Cam_esp,4698,Cam_esp
Cam_glo,1331,Cam_glo
Cam_gua,4699,Cam_gua
Cam_hir,554,Cam_hir
Cam_hir_a,4296,Byr_sub
Cam_lin,4700,Cam_lin
Cam_mac,555,Cam_mac
Cam_mic,1506,Cam_mic
Cam_mon,1708,Cam_mon
Cam_pat,1332,Cam_pat
Cam_per,1333,Cam_per
Cam_pre,1334,Cam_pre
Cam_rad,3501,Cam_rad
Cam_rap,1335,Cam_rap
Cam_rapunculus,1336,Cam_rapunculus
Cam_rot,1337,Cam_rot
Cam_sci,247,Cam_sci
Cam_sem,4636,Cam_sem
Cam_sib,1338,Cam_sib
Cam_ste,6965,Cam_ste
Cam_tra,1339,Cam_tra
Cam_xan,4701,Cam_xan
Can_sat,6185,Can_sat
Can_vil,2579,Can_vil
Cap_bra,1612,Cap_bra
Cap_bur,1507,Cap_bur
Cap_eic,1613,Cap_eic
Cap_fro,1611,Cap_fro
Cap_rub,1508,Cap_rub
Cap_spi,1614,Cap_spi
Cap_tom,1615,Cap_tom
Car_aca,563,Car_aca
Car_acanth,556,Car_acanth
Car_acu,5025,Car_acu
Car_alb,3194,Car_alb
Car_alb_a,5026,Car_alb_a
Car_ama,1509,Car_ama
Car_ann,5027,Car_ann
Car_aqu,5028,Car_aqu
Car_arb,2580,Car_arb
Car_arg,5029,Car_arg
Car_ath,5030,Car_ath
Car_atr1,5031,Car_atr
Car_beb,5032,Car_beb
Car_bet,3151,Car_bet
Car_bic,5033,Car_bic
Car_bie,564,Car_bie
Car_big,5034,Car_big
Car_bin,5035,Car_bin
Car_bla,5036,Car_bla
Car_bra,4074,Car_bra
Car_bre,5037,Car_bre
Car_bri,5038,Car_bri
Car_bro,5039,Car_bro
Car_bru,5040,Car_bru
Car_bul,1511,Car_bul
Car_bulera,1510,Car_bulera
Car_bun,2581,Car_bun
Car_bur,3918,Car_bur
Car_bus,5041,Car_bus
Car_bux,5042,Car_bux
Car_cal,1512,Car_cal
Car_can,5043,Car_can
Car_cap,5044,Car_cap
Car_car,67,Car_car
Car_cary,5045,Car_cary
Car_cep,5046,Car_cep
Car_com,5047,Car_com
Car_con,5048,Car_con
Car_cor,3195,Car_cor
Car_cor_a,565,Car_cor_a
Car_cra,5049,Car_cra
Car_cri,557,Car_cri
Car_crin,5050,Car_crin
Car_crist,5051,Car_crist
Car_cup,5052,Car_cup
Car_dah,5053,Car_dah
Car_dav,5054,Car_dav
Car_den,4078,Car_den
Car_dia,5055,Car_dia
Car_dic,5056,Car_dic
Car_dig,5057,Car_dig
Car_dis,5058,Car_dis
Car_div,5060,Car_div
Car_divi,5059,Car_divi
Car_dou,5061,Car_dou
Car_dur,5062,Car_dur
Car_ech,5063,Car_ech
Car_edu,4082,Car_edu
Car_emo,5064,Car_emo
Car_ene,5065,Car_ene
Car_est,2254,Car_est
Car_fes,5066,Car_fes
Car_fil,5068,Car_fil
Car_filifolia,5067,Car_filifolia
Car_fla,5069,Car_fla
Car_flav,5070,Car_flav
Car_fle,1513,Car_fle
Car_foe,5071,Car_foe
Car_fra,5072,Car_fra
Car_gar,5073,Car_gar
Car_gla,3196,Car_gla
Car_glo,5074,Car_glo
Car_gra,5077,Car_gra
Car_grac,5075,Car_grac
Car_gran,5076,Car_gran
Car_gray,5078,Car_gray
Car_gri,5079,Car_gri
Car_gyn,5080,Car_gyn
Car_hay,5081,Car_hay
Car_hir,5083,Car_hir
Car_hirs,5082,Car_hirs
Car_his,566,Car_his
Car_hum,5084,Car_hum
Car_hys,5085,Car_hys
Car_ilj,5086,Car_ilj
Car_imp,1515,Car_imp
Car_ino,5088,Car_ino
Car_ino1,5087,Car_ino_sub_hel
Car_int,5089,Car_int
Car_jan,4148,Car_jan
Car_kor,5090,Car_kor
Car_lac,5092,Car_lac
Car_lach,5091,Car_lach
Car_lae,5093,Car_lae
Car_lan,571,Car_lan
Car_lan_b,567,Car_lan_b
Car_las,5095,Car_las
Car_las1,5094,Car_las_var_ame
Car_leg,2255,Car_leg
Car_lep,5096,Car_lep
Car_lept,5097,Car_lept
Car_leu,2583,Car_leu
Car_lip,5098,Car_lip
Car_lon,5099,Car_lon
Car_lup,5100,Car_lup
Car_lur,5101,Car_lur
Car_mac1,5102,Car_mac
Car_mea,5103,Car_mea
Car_mer,5104,Car_mer
Car_mic,5105,Car_mic
Car_micr,5106,Car_micr
Car_mod,1636,Car_mod
Car_mol,5107,Car_mol
Car_mon,5108,Car_mon
Car_mue,5109,Car_mue
Car_mur,5110,Car_mur
Car_nic,6553,Car_nic
Car_nig,5111,Car_nig
Car_nig_a,558,Car_nig_a
Car_nor,5112,Car_nor
Car_nut,559,Car_nut
Car_obt,5113,Car_obt
Car_oli,1516,Car_oli
Car_orb,5114,Car_orb
Car_orn,5115,Car_orn
Car_ova,3197,Car_ova
Car_pal,5116,Car_pal
Car_pan,5117,Car_pan
Car_pap,1618,Car_pap
Car_par,1517,Car_par
Car_pay,5118,Car_pay
Car_ped,5119,Car_ped
Car_pel,5120,Car_pel
Car_pen,5122,Car_pen
Car_pend,5121,Car_pend
Car_pha,5123,Car_pha
Car_pha_a,5124,Car_pha_a
Car_pil,5126,Car_pil
Car_pilo,5125,Car_pilo
Car_pra,1519,Car_pra
Car_pra1,1519,Car_pra
Car_prae,5128,Car_prae
Car_praec,5127,Car_praec
Car_prai,5129,Car_prai
Car_pse,5130,Car_pse
Car_pyc,560,Car_pyc
Car_pyg,2585,Car_pyg
Car_rac,568,Car_rac
Car_rad,5131,Car_rad
Car_rem,5132,Car_rem
Car_ric,5133,Car_ric
Car_rip,5134,Car_rip
Car_ros,5136,Car_ros
Car_ross,5135,Car_ross
Car_rost,5137,Car_rost
Car_sar,5138,Car_sar
Car_sca,5139,Car_sca
Car_sco,5140,Car_sco
Car_spa,5141,Car_spa
Car_spe,5142,Car_spe
Car_spi,5143,Car_spi
Car_spr,5145,Car_spr
Car_ste,2586,Car_ste
Car_sten,5146,Car_sten
Car_sti,5147,Car_sti
Car_str,5148,Car_str
Car_sub,5149,Car_sub
Car_sup,5150,Car_sup
Car_swa,5151,Car_swa
Car_syl,5152,Car_syl
Car_ten,562,Car_ten
Car_tet,5153,Car_tet
Car_tom,5154,Car_tom
Car_tor,5155,Car_tor
Car_tri,5156,Car_tri
Car_tri_a,5157,Car_tri_a
Car_tum,5158,Car_tum
Car_umb,5159,Car_umb
Car_utr,5160,Car_utr
Car_vag,5161,Car_vag
Car_vex,5162,Car_vex
Car_vul,570,Car_vul
Car_vul_a,5163,Car_vul_a
Car_vulp,5164,Car_vulp
Cara_kor,2582,Cara_kor
Cara_mic,2584,Cara_mic
Card_hir,1514,Card_hir
Card_pen,1518,Card_pen
Cari_spi,3238,Cari_spi
Cary_mon,3562,Cary_mon
Cas_app,3713,Cas_app
Cas_arb,4351,Cas_arb
Cas_att,3714,Cas_att
Cas_cil,3912,Cas_cil
Cas_com,4352,Cas_com
Cas_dec,4353,Cas_dec
Cas_den,3715,Cas_den
Cas_exs,3716,Cas_exs
Cas_fer,2587,Cas_fer
Cas_fis,2588,Cas_fis
Cas_gos,4354,Cas_gos
Cas_gui,4355,Cas_gui
Cas_jav,4356,Cas_jav
Cas_las,4357,Cas_las
Cas_min,3717,Cas_min
Cas_nan,4349,Cas_nan
Cas_obl,4359,Cas_obl
Cas_obl_a,4358,Cas_obl_a
Cas_sco,3718,Cas_sco
Cas_ses,3719,Cas_ses
Cas_syl,4361,Cas_syl
Cas_ulm,4362,Cas_ulm
Cass_gui,4348,Cass_gui
Cat_aqu,5486,Cat_aqu
Cat_pen,1520,Cat_pen
Cat_rig,5487,Cat_rig
Cav_umb,4487,Cav_umb
Cay_gra,2117,Cay_gra
Cea_ame,6246,Cea_ame
Cea_cun,6247,Cea_cun
Cea_fen,6248,Cea_fen
Cea_her,6249,Cea_her
Cea_vel,6250,Cea_vel
Cec_gla,6456,Cec_gla
Cec_his,6457,Cec_his
Cec_hol,6458,Cec_hol
Cec_ins,6459,Cec_ins
Cec_obt,6460,Cec_obt
Cec_pac,6461,Cec_pac
Cec_pel,6462,Cec_pel
Ced_fis,6554,Ced_fis
Ced_odo,6555,Ced_odo
Cei_pen,4488,Cei_pen
Cei_pub,4489,Cei_pub
Cel_igu,6186,Cel_igu
Cel_occ,6187,Cel_occ
Cel_orb,2048,Cel_orb
Cel_sca,2049,Cel_sca
Cel_sch,6188,Cel_sch
Cen_ame,5488,Cen_ame
Cen_asi,68,Cen_asi
Cen_ben,573,Cen_ben
Cen_cal,2144,Cen_cal
Cen_cil,5489,Cen_cil
Cen_cya,575,Cen_cya
Cen_dec,576,Cen_dec
Cen_dif,577,Cen_dif
Cen_ech,5490,Cen_ech
Cen_ery,3276,Cen_ery
Cen_gla,69,Cen_gla
Cen_jac,578,Cen_jac
Cen_jac1,578,Cen_jac
Cen_jac2,578,Cen_jac
Cen_lit,3277,Cen_lit
Cen_lon,5491,Cen_lon
Cen_mel,579,Cen_mel
Cen_nig,580,Cen_nig
Cen_orn,581,Cen_orn
Cen_pan,583,Cen_pan
Cen_pani,582,Cen_pani
Cen_phr,584,Cen_phr
Cen_phr1,584,Cen_phr
Cen_pod,585,Cen_pod
Cen_pub,2592,Cen_pub
Cen_pul,3278,Cen_pul
Cen_sca,586,Cen_sca
Cen_scl,2590,Cen_scl
Cen_set,5492,Cen_set
Cen_sol,587,Cen_sol
Cen_spi,5493,Cen_spi
Cen_ste,1365,Cen_ste
Cen_sto,589,Cen_sto
Cen_sto1,589,Cen_sto
Cen_thu,590,Cen_thu
Cen_tom,2591,Cen_tom
Centa_cal,574,Centa_cal
Cep_bic,6999,Cep_bic
Cep_dam,341,Cep_dam
Cep_lon,342,Cep_lon
Cep_lun,7000,Cep_lun
Cep_occ,3323,Cep_occ
Cep_spi,1637,Cep_spi
Cer_alp,1791,Cer_alp
Cer_arv,1792,Cer_arv
Cer_arv1,1792,Cer_arv
Cer_bra,1793,Cer_bra
Cer_can,2594,Cer_can
Cer_cer,1794,Cer_cer
Cer_dem,2073,Cer_dem
Cer_fon,1796,Cer_fon
Cer_fon_3,1795,Cer_fon__sub_vul
Cer_fon_4,1795,Cer_fon__sub_vul
Cer_fon_5,1795,Cer_fon__sub_vul
Cer_fon1,1796,Cer_fon
Cer_glo,1797,Cer_glo
Cer_gra,1798,Cer_gra
Cer_has,3239,Cer_has
Cer_ill,1799,Cer_ill
Cer_min,1380,Cer_min
Cer_mon,6291,Cer_mon
Cer_nut,1800,Cer_nut
Cer_pal,1801,Cer_pal
Cer_pau,1802,Cer_pau
Cer_pum,1803,Cer_pum
Cer_pur,6956,Cer_pur
Cer_sem,1804,Cer_sem
Cer_sil,2593,Cer_sil
Cer_tes,6117,Cer_tes
Ces_int,6789,Ces_int
Ces_rac,6790,Ces_rac
Ces_sch,6791,Ces_sch
Ces_spa,4311,Ces_spa
Cet_cuc,6909,Cet_cuc
Cet_isl,6910,Cet_isl
Cet_niv,6911,Cet_niv
Cha_aro,70,Cha_aro
Cha_arr,2595,Cha_arr
Cha_asp,2596,Cha_asp
Cha_aur,71,Cha_aur
Cha_bah,2597,Cha_bah
Cha_bul,72,Cha_bul
Cha_cal,2221,Cha_cal
Cha_cha,2598,Cha_cha
Cha_cor,6793,Cha_cor
Cha_des,2599,Cha_des_var_gra
Cha_dou,591,Cha_dou
Cha_dre,5494,Cha_dre_sub_dre
Cha_ech,4330,Cha_ech
Cha_ens,2600,Cha_ens
Cha_ere,6292,Cha_ere
Cha_eri,593,Cha_eri
Cha_ern,185,Cha_ern
Cha_exs,594,Cha_exs
Cha_fas,2601,Cha_fas
Cha_fle,2602,Cha_fle
Cha_hir,73,Cha_hir
Cha_hum,187,Cha_hum
Cha_inv,5495,Cha_inv
Cha_inv1,5495,Cha_inv
Cha_lan,2603,Cha_lan
Cha_min,3766,Cha_min
Cha_nic,2605,Cha_nic
Cha_nic1,2604,Cha_nic_var_asp
Cha_ram,2606,Cha_ram
Cha_rot,2607,Cha_rot
Cha_sin,595,Cha_sin
Cha_sor,6794,Cha_sor
Cha_ste,592,Cha_ste
Cha_tem,74,Cha_tem
Cha_tep,186,Cha_tep
Cha_vir,2609,Cha_vir
Che_acu,1709,Che_acu
Che_acu_a,597,Che_acu_a
Che_alb,1710,Che_alb
Che_cap,1711,Che_cap
Che_cog,2050,Che_cog
Che_den,1638,Che_den
Che_des,1712,Che_des_var_lep
Che_fol,1713,Che_fol
Che_fre,1714,Che_fre
Che_gla,3767,Che_gla
Che_hyb,1716,Che_hyb
Che_inc,1717,Che_inc
Che_klu,2051,Che_klu
Che_lep,1718,Che_lep
Che_mur,1719,Che_mur
Che_pol,1720,Che_pol
Che_rub,1721,Che_rub
Che_sim,1722,Che_sim
Che_wat,1724,Che_wat
Chen_gla,1715,Chen_gla
Chi_alb,3325,Chi_alb
Chi_bac,3280,Chi_bac
Chi_cos,3326,Chi_cos
Chi_ere,6077,Chi_ere
Chi_men,2222,Chi_men
Chi_par,3324,Chi_par
Chl_bar,5496,Chl_bar
Chl_gay,5497,Chl_gay
Chl_pom,248,Chl_pom
Chl_rox,5498,Chl_rox
Chl_vir,5500,Chl_vir
Cho_aci,2610,Cho_aci
Cho_bar,5501,Bou_rot
Cho_bel,3327,Cho_bel
Cho_eri,5502,Cho_eri
Cho_gly,2611,Cho_gly
Cho_gra,5503,Cho_gra
Cho_hir,5504,Cho_hir
Cho_jun,598,Cho_jun
Cho_poh,3328,Cho_poh
Cho_psi,3329,Cho_psi
Cho_pub,3330,Cho_pub
Cho_spi,3331,Cho_spi
Cho_ten,1521,Cho_ten
Chr_arg,2350,Chr_arg
Chr_asc,599,Chr_asc
Chr_cil,611,Chr_cil
Chr_cog,613,Chr_cog
Chr_com,612,Chr_com
Chr_con,600,Chr_con
Chr_ecl,4107,Chr_ecl
Chr_gon,2351,Chr_gon
Chr_gos,616,Chr_gos
Chr_gry,5505,Chr_gry
Chr_inc,609,Chr_inc
Chr_iva,601,Chr_iva
Chr_jan,2352,Chr_jan
Chr_lae,602,Chr_lae
Chr_luc,2353,Chr_luc
Chr_mar,2354,Chr_mar
Chr_max,603,Chr_max
Chr_obo,614,Chr_obo
Chr_odo,604,Chr_odo
Chr_opp,6726,Chr_opp
Chr_ova,2355,Chr_ova
Chr_oxy,605,Chr_oxy
Chr_pau,5506,Chr_pau
Chr_ped,606,Chr_ped
Chr_pla,615,Chr_pla
Chr_spl,2356,Chr_spl
Chr_squ,608,Chr_squ
Chr_vis,617,Chr_vis
Cic_bul,75,Cic_bul
Cic_int,618,Cic_int
Cic_mac,76,Cic_mac
Cic_qua,3281,Cic_qua
Cin_aru,5507,Cin_aru
Cin_tri,3919,Cin_tri
Cir_aca,620,Cir_aca
Cir_alp1,4885,Cir_alp
Cir_alt,621,Cir_alt
Cir_arv,622,Cir_arv
Cir_bra,623,Cir_bra
Cir_can,624,Cir_can
Cir_dis,625,Cir_dis
Cir_eri,627,Cir_eri
Cir_flo,628,Cir_flo
Cir_hor,629,Cir_hor
Cir_lut,4886,Cir_lut
Cir_lut1,4886,Cir_lut
Cir_lut2,4886,Cir_lut
Cir_mut,630,Cir_mut
Cir_nut,626,Cir_nut
Cir_nutt,631,Cir_nutt
Cir_och,632,Cir_och
Cir_ole,633,Cir_ole
Cir_pal,634,Cir_pal
Cir_pan,635,Cir_pan
Cir_pum,636,Cir_pum_var_hil
Cir_rem,637,Cir_rem
Cir_und,639,Cir_und
Cir_vul,640,Cir_vul
Cis_ala,6855,Cis_ala
Cis_clu,4457,Cis_clu
Cis_ero,6856,Cis_ero
Cis_mic,6857,Cis_mic
Cis_umb,1897,Cis_umb
Cit_aur,6585,Cit_aur
Cit_myr,3890,Cit_myr
Cit_pan,172,Cit_pan
Cla_ani,6587,Cla_ani
Cla_arb,6889,Cla_arb
Cla_bel,6890,Cla_bel
Cla_bot,6891,Cla_bot
Cla_coc,6892,Cla_coc
Cla_cor,6893,Cla_cor
Cla_cos,2315,Cla_cos
Cla_cya,6894,Cla_cya
Cla_fur,6895,Cla_fur
Cla_gra,6896,Cla_gra
Cla_ili,6210,Cla_ili
Cla_mac,6897,Cla_mac
Cla_macodes,6898,Cla_macodes
Cla_mar1,5165,Cla_mar
Cla_mix,641,Cla_mix
Cla_par,1898,Cla_par
Cla_per,1899,Cla_per
Cla_phy,6899,Cla_phy
Cla_pul,4888,Cla_pul
Cla_pur,4889,Cla_pur
Cla_pyx,6900,Cla_pyx
Cla_rac,6211,Cla_rac
Cla_ran,6901,Cla_ran
Cla_sib,1900,Cla_sib
Cla_squ,6902,Cla_squ
Cla_ste,6903,Cla_ste
Cla_str,6904,Cla_str
Cla_sub,6905,Cla_sub
Cla_sul,6906,Cla_sul
Cla_unc,6907,Cla_unc
Cla_ung,4891,Cla_ung
Clar_gra,4887,Clar_gra
Cle_aln,2205,Cle_aln
Cle_cou,3563,Cle_cou
Cle_int,6119,Cle_int
Cle_inte,6118,Cle_inte
Cle_lut,1623,Cle_lut
Cle_mex,2206,Cle_mex
Cle_rec,6120,Cle_rec
Cle_ser,1624,Cle_ser
Cle_son,5508,Cle_son
Cle_squ,5509,Cle_squ
Cle_ter,6121,Cle_ter
Cle_vir,6122,Cle_vir
Cle_vit,6123,Cle_vit
Cli_aci,3564,Cli_aci
Cli_cap,4637,Cli_cap
Cli_den,6976,Cli_den
Cli_fai,2612,Cli_fai
Cli_fal,6293,Cli_fal
Cli_fil,6294,Cli_fil
Cli_jav,2613,Cli_jav
Cli_obo,6295,Cli_obo
Cli_oct,4639,Cli_oct
Cli_rus,6296,Cli_rus
Cli_str,6297,Cli_str
Cli_sur,642,Cli_sur
Cli_vul,3565,Cli_vul
Clid_den,4638,Clid_den
Clu_fla,4108,Clu_fla
Clu_ros,4109,Clu_ros
Cne_ruf,4960,Cne_ruf
Cni_mul,4149,Cni_mul
Cni_oli,4150,Cni_oli
Cni_ure,4151,Cni_ure_var_sti
Coc_cer,1947,Coc_cer
Coc_cor,1949,Coc_cor
Coc_cor_a,3333,Coc_cor_a
Coc_cor_b,1948,Coc_cor_b
Coc_exc,1950,Coc_exc
Coc_hir,6071,Coc_hir
Coc_hon,1951,Coc_hon
Coc_man,1952,Coc_man
Coc_mol,1953,Coc_mol
Coc_ten,1954,Coc_ten
Coc_tue,1955,Coc_tue
Coc_vit,4456,Coc_vit
Coc_war,1956,Coc_war
Coe_acu,6912,Coe_acu
Coe_sel,5510,Coe_sel
Col_atl,2614,Col_atl
Col_aut,3977,Col_aut
Col_gla,6251,Col_gla
Col_gra,2272,Col_gra
Col_het,2273,Col_het
Col_lin,2274,Col_lin
Col_par,3768,Col_par
Col_spi,6252,Col_spi
Col_ver,3769,Col_ver
Com_cen,5264,Com_cen
Com_cip,5265,Com_cip
Com_dec,4610,Com_dec
Com_dif,2076,Com_dif
Com_ens,2077,Com_ens
Com_ere,2078,Com_ere
Com_fru,4611,Com_fru
Com_pal,6298,Com_pal
Com_umb,6489,Com_umb
Com_vir,2080,Com_vir
Con_amm,6750,Con_amm
Con_arv,6751,Con_arv
Con_bra,4641,Con_bra
Con_can,645,Con_can_var_pus
Con_can_1,644,Con_can__var_can
Con_can_a,6752,Con_can_a
Con_coe,643,Con_coe
Con_con,7005,Con_con
Con_det,4961,Con_det
Con_elo,1639,Con_elo
Con_lam,4962,Con_lam
Con_mac,77,Con_mac
Con_maj,250,Con_maj
Con_mic,6753,Con_mic
Con_pan,4963,Con_pan
Con_pen,6588,Con_pen
Con_reg,6124,Con_reg
Con_spe,4642,Con_spe
Con_sto,6755,Con_sto
Con_sum,647,Con_sum
Con_xal,4643,Con_xal
Cono_maj,78,Cono_maj
Coo_pol,1366,Coo_pol
Cop_lan,2615,Cop_lan
Cop_luc,2616,Cop_luc
Cor_acu,1437,Cor_acu
Cor_aes,4491,Cor_aes
Cor_afr,1438,Cor_afr
Cor_all,1439,Cor_all
Cor_alt,2094,Cor_alt
Cor_ame,3152,Cor_ame
Cor_ame_a,1440,Cor_ame_a
Cor_amo,2095,Cor_amo
Cor_aur,6078,Cor_aur
Cor_ave,3153,Cor_ave
Cor_bic,1441,Cor_bic
Cor_can,2096,Cor_can
Cor_can_a,5511,Cor_can_a
Cor_cla,1769,Cor_cla
Cor_cor1,3154,Cor_cor
Cor_cur,6079,Cor_cur
Cor_dep,4492,Cor_dep
Cor_div,5512,Cor_div
Cor_dru,2097,Cor_dru
Cor_eca,1443,Cor_eca
Cor_fas,1444,Cor_fas
Cor_fil,654,Cor_fil
Cor_flo,2098,Cor_flo
Cor_foe,2099,Cor_foe
Cor_lan,648,Cor_lan
Cor_mac,343,Cor_mac
Cor_mag,1445,Cor_mag
Cor_magae,1445,Cor_mag
Cor_mas,2100,Cor_mas
Cor_mon,1725,Cor_mon
Cor_mons,2316,Cor_mons
Cor_nue,649,Cor_nue
Cor_obt,3334,Cor_obt
Cor_oli,4493,Cor_oli
Cor_pal,650,Cor_pal
Cor_por,1447,Cor_por
Cor_rac,2101,Cor_rac
Cor_san,2102,Cor_san
Cor_sat,79,Cor_sat
Cor_sel,1448,Cor_sel
Cor_ser,2103,Cor_ser
Cor_spi,1449,Cor_spi
Cor_sue,2105,Cor_sue
Cor_sup,1451,Cor_sup
Cor_tag,1452,Cor_tag
Cor_tin,652,Cor_tin
Cor_tri,653,Cor_tri
Cor_tric,1454,Cor_tric
Cor_var,2617,Cor_var
Cor_vul,2618,Cor_vul
Corc_tri,4494,Corc_tri
Cord_cur,1442,Cord_cur
Cord_mon,1446,Cord_mon
Cord_tri,1453,Cord_tri
Cos_sp,655,Cos_sp
Cos_sul,656,Cos_sul
Cot_cor,658,Cot_cor
Cot_hor,6299,Cot_hor
Cot_int,6300,Cot_int
Cot_pan,6301,Cot_pan
Cot_tin,657,Cot_tin
Cot_tur,659,Cot_tur
Cou_ast,2256,Cou_ast
Cou_bel,4083,Cou_bel
Cou_con,3335,Cou_con
Cou_cur,6463,Cou_cur
Cou_gui,2257,Cou_gui
Cou_hex,3337,Cou_hex
Cou_imp,3336,Cou_imp
Cou_mac,2258,Cou_mac
Cou_sch,4084,Cou_sch
Cra_aqu,6688,Cra_aqu
Cra_col,6689,Cra_col
Cra_con,6690,Cra_con
Cra_dah,6303,Cra_dah
Cra_fas,6691,Cra_fas
Cra_fil,6966,Cra_fil
Cra_lae,6200,Cra_lae
Cra_mon,6304,Cra_mon
Cra_mus,6692,Cra_mus
Cra_suc,6306,Cra_suc
Cra_tap,1616,Cra_tap
Cra_til,6694,Cra_til
Cra_var,660,Cra_var
Cre_acu,662,Cre_acu
Cre_atl,6540,Cre_atl
Cre_bie,663,Cre_bie
Cre_bur,664,Cre_bur
Cre_cap,665,Cre_cap
Cre_cre,6756,Cre_cre
Cre_foe1,666,Cre_foe
Cre_occ,667,Cre_occ
Cre_pra,668,Cre_pra
Cre_pul,669,Cre_pul
Cre_run,670,Cre_run
Cre_san,671,Cre_san
Cre_tec,673,Cre_tec
Cre_ten,661,Cre_ten
Cre_ves,674,Cre_ves
Cri_ame,231,Cri_ame
Cro_ant,4152,Cro_ant
Cro_bal,2619,Cro_bal
Cro_bic,4458,Cro_bic
Cro_bil,4153,Cro_bil
Cro_can,4459,Cro_can
Cro_cap,4154,Cro_cap
Cro_def,2620,Cro_def
Cro_dis,2621,Cro_dis
Cro_flo,4155,Cro_flo
Cro_gla,4156,Cro_gla
Cro_heb,2622,Cro_heb
Cro_med,2623,Cro_med
Cro_mon,4157,Cro_mon
Cro_mul,675,Cro_mul
Cro_par,2052,Cro_par
Cro_pip,4158,Cro_pip
Cro_pot,4159,Cro_pot
Cro_rot,2624,Cro_rot
Cro_sag,2625,Cro_sag
Cro_set,4160,Cro_set
Cro_tex,4162,Cro_tex
Cro_uru,4163,Cro_uru
Cru_ang,3338,Cru_ang
Cru_ere,6253,Cru_ere
Cru_gla,3339,Cru_gla
Cru_lae,3340,Cru_lae
Cru_ped,3341,Cru_ped
Cry_alb,3920,Cry_alb
Cry_amb,1381,Cry_amb
Cry_ang,1382,Cry_ang
Cry_can,80,Cry_can
Cry_cas,7113,Cry_cas
Cry_cel,1383,Cry_cel
Cry_cin,1384,Cry_cin
Cry_cir,1385,Cry_cir
Cry_cit,3921,Cry_cit
Cry_cra,1386,Cry_cra
Cry_mic,1387,Cry_mic
Cry_min,1388,Cry_min
Cry_pus,1389,Cry_pus
Cry_sal,3922,Cry_sal
Cte_cer,2118,Cte_cer
Cuc_foe,2121,Cuc_foe
Cuc_mel,2119,Cuc_mel
Cup_car,4623,Cup_car
Cup_cin,6637,Cup_cin
Cup_ema,6638,Cup_ema
Cup_gla,6639,Cup_gla
Cup_lat,6640,Cup_lat
Cup_mic,4624,Cup_mic
Cup_obl,6641,Cup_obl
Cup_ruf,6642,Cup_ruf
Cup_rug,6643,Cup_rug
Cup_scr,6644,Cup_scr
Cup_see,6645,Cup_see
Cup_ver,6647,Cup_ver
Cus_epi,6757,Cus_epi
Cus_gro,6758,Cus_gro
Cus_ind,6759,Cus_ind
Cya_cin,676,Cya_cin
Cya_ort,1726,Cya_ort
Cya_pet,7075,Cya_pet
Cya_pol,1727,Cya_pol
Cya_seg,677,Cya_seg
Cya_tet,2626,Cya_tet
Cya_tri,678,Cya_tri
Cyb_per,2317,Cyb_per
Cyc_bra,2627,Cyc_bra
Cyc_lep,81,Cyc_lep
Cyl_imb,1770,Cyl_imb
Cym_bai,4025,Cym_bai
Cym_dau,3721,Cym_dau
Cym_glo,82,Cym_glo
Cym_lan,4026,Cym_lan
Cym_mar,5513,Cym_mar
Cym_pos,5514,Cym_pos
Cyn_cri,5517,Cyn_cri
Cyn_dac,5515,Cyn_dac
Cyn_ech,5518,Cyn_ech
Cyn_gra,1391,Cyn_gra
Cyn_off,1392,Cyn_off
Cyn_ple,5516,Cyn_ple
Cyn_ten,6948,Cyn_ten
Cyn_vir,1393,Cyn_vir
Cyp_agg,5166,Cyp_agg
Cyp_can,345,Cyp_can
Cyp_den,5167,Cyp_den
Cyp_dis,5168,Cyp_dis
Cyp_esc,5169,Cyp_esc
Cyp_fil,5170,Cyp_fil
Cyp_has,5171,Cyp_has
Cyp_lon,5172,Cyp_lon
Cyp_lup,5173,Cyp_lup
Cyp_odo,5174,Cyp_odo
Cyp_par,346,Cyp_par
Cyp_ref,5175,Cyp_ref
Cyp_ret,5176,Cyp_ret
Cyp_rot,5177,Cyp_rot
Cyp_sch,5178,Cyp_sch
Cyp_ser,6858,Cyp_ser
Cyp_str,5180,Cyp_str
Cyp_sur,5181,Cyp_sur
Cyr_ran,6125,Cyr_ran
Cyt_blo,2628,Cyt_blo
Cyt_sco,2629,Cyt_sco
Dac_aeg,5522,Dac_aeg
Dac_fuc,348,Dac_fuc
Dac_glo,5520,Dac_glo
Dac_inc,349,Dac_inc
Dac_mac1,350,Dac_mac
Dac_sam,351,Dac_sam
Dac_vir,352,Dac_vir
Dal_can,2637,Dal_can
Dal_dio,4164,Dal_dio
Dal_ele,2631,Dal_ele
Dal_fru,2632,Dal_fru
Dal_glo,2633,Dal_glo
Dal_nan,2638,Dal_nan
Dal_nig,2634,Dal_nig
Dal_pur,2640,Dal_pur
Dal_pur_1,2639,Dal_pur__var_pur
Dal_sp,2641,Dal_sp
Dal_vil,2636,Dal_vil
Dan_alp,5524,Dan_alp
Dan_cal,5525,Dan_cal
Dan_dec,5526,Dan_dec
Dan_int,5527,Dan_int
Dan_par,5528,Dan_par
Dan_spi,5529,Dan_spi
Dan_uni,5531,Dan_uni
Dar_dio,4702,Dar_dio
Das_fru,6307,Das_fru
Dat_met,6796,Dat_met
Dat_str,6797,Dat_str
Dau_car,83,Dau_car
Dau_pus,84,Dau_pus
Dav_ben1,2642,Dav_ben
Dav_ema,2643,Dav_ema
Dav_hak1,2644,Dav_hak
Dav_kun,2132,Dav_kun
Dav_lat,2645,Dav_lat
Dav_nit,2133,Dav_nit
Dav_pur,2646,Dav_pur
Dec_ver,4626,Dec_ver
Deg_lon,2647,Deg_lon
Del_and,6126,Del_and
Del_car,6127,Del_car
Del_car1,6127,Del_car
Del_cra,6128,Del_cra
Del_dis,6129,Del_dis
Del_gey,6130,Del_gey
Del_gra,6131,Del_gra
Del_nut,6132,Del_nut
Del_tro,6134,Del_tro
Del_woo,6135,Del_woo
Den_arb,157,Den_arb
Den_cun,158,Den_cun
Den_gon,159,Den_gon
Den_mar,160,Den_mar
Den_pun,7110,Den_pun
Des_bar,2651,Des_bar
Des_bip,5536,Des_bip
Des_cae,5532,Des_cae
Des_can,2652,Des_can
Des_ces,5533,Des_ces
Des_cil,2653,Des_cil
Des_coo,2648,Des_coo
Des_dan,5534,Des_dan
Des_fle,5535,Des_fle
Des_glu,2654,Des_glu
Des_ill,2649,Des_ill
Des_inc,2656,Des_inc
Des_mar,2657,Des_mar
Des_ort,188,Des_ort
Des_pan,2658,Des_pan
Des_per,2659,Des_per
Des_pin,1522,Des_pin
Des_rig,2660,Des_rig
Des_rot,2661,Des_rot
Des_ses,2662,Des_ses
Des_sop,1523,Des_sop
Des_tat,2650,Des_tat
Des_unc,2664,Des_unc
Desis_pan,4027,Desis_pan
Desmo_ill,2655,Desmo_ill
Dia_arm,1806,Dia_arm
Dia_bar,1807,Dia_bar
Dia_car,1808,Dia_car
Dia_chi,1809,Dia_chi
Dia_cri1,1810,Dia_cri
Dia_del,1811,Dia_del
Dia_gig,1812,Dia_gig
Dia_gui,2665,Dia_gui
Dia_sor,6648,Dia_sor
Dic_alb,6589,Dic_alb
Dic_ann,5541,Dic_ann
Dic_ari,5542,Dic_ari
Dic_cap,251,Dic_cap
Dic_car,6761,Dic_car
Dic_cfr,6949,Dic_cfr
Dic_con,252,Dic_con
Dic_cri,6950,Dic_cri
Dic_cuc,6080,Dic_cuc
Dic_don,4117,Dic_don
Dic_fus,6951,Dic_fus
Dic_ida,253,Dic_ida
Dic_oli,5789,Dic_oli
Dic_oli_a,5537,Dic_oli_a
Dic_que,5543,Dic_que
Dic_rhi,679,Dic_rhi
Dic_sab,5538,Dic_sab
Dic_sco,6952,Dic_sco
Dic_ser,5544,Dic_ser
Dic_ser_a,6762,Dic_ser_a
Dic_van,6590,Dic_van
Dic_vil,5540,Dic_vil
Did_car,680,Did_car
Did_fal,7019,Did_fal
Did_spi,681,Did_spi
Die_big,682,Die_big
Die_lon,2145,Die_lon
Dig_bro,5545,Dig_bro
Dig_cal,5546,Dig_cal
Dig_cil,5547,Dig_cil
Dig_cog,5548,Dig_cog
Dig_eri,5549,Dig_eri
Dig_gra,3770,Dig_gra
Dig_ins,5550,Dig_ins
Dig_isc,5551,Dig_isc
Dig_lut,3771,Dig_lut
Dig_mur,1728,Dig_mur
Dig_pur,3772,Dig_pur
Dig_san,5552,Dig_san
Dil_acu,4320,Dil_acu
Dil_ele,6649,Dil_ele
Dim_plu,683,Dim_plu
Dim_wis,1525,Dim_wis
Din_ret,5554,Din_ret
Dio_art,2207,Dio_art
Dio_bra,2208,Dio_bra
Dio_hir,6591,Dio_hir
Dio_inc,2209,Dio_inc
Dio_las,2210,Dio_las
Dio_mex,2141,Dio_mex
Dio_ram,2211,Dio_ram
Dio_ref,2667,Dio_ref
Dio_ste,2142,Dio_ste
Dio_ter,3342,Dio_ter
Dio_vil,2143,Dio_vil
Dio_vir,3344,Dio_vir
Dip_ala,2670,Dip_ala
Dip_alp,7095,Dip_alp
Dip_ame,2668,Dip_ame
Dip_cat,1526,Dip_cat
Dip_eru,1527,Dip_eru
Dip_ful,2146,Dip_ful
Dip_inc,2669,Dip_inc
Dip_orb,4627,Dip_orb
Dip_ten,1528,Dip_ten
Dip_vir,1529,Dip_vir
Dis_inv,6072,Dis_inv
Dis_lig,684,Dis_lig
Dis_spi,5556,Dis_spi
Dit_vis,685,Dit_vis
Dod_bur,6650,Dod_bur
Dod_cle,2318,Dod_cle
Dod_cor,6651,Dod_cor
Dod_hen,2319,Dod_hen
Dod_mea,2320,Dod_mea
Dod_ste,6653,Dod_ste
Dod_vis,6654,Dod_vis
Dod_vis1,6654,Dod_vis
Doe_umb,686,Doe_umb
Dol_den,2134,Dol_den
Dol_maj,2135,Dol_maj
Dol_mul,2136,Dol_mul
Dol_oli,2137,Dol_oli
Don_cra,1530,Don_cra
Don_int,1531,Don_int
Don_sen,1532,Don_sen
Dor_her,2671,Dor_her
Dor_pen,2672,Dor_pen
Dor_pen1,2672,Dor_pen
Dor_tur,687,Dor_tur
Dow_con,1340,Dow_con
Dow_cus,1341,Dow_cus
Dow_ins,1342,Dow_ins
Dra_cun,1533,Dra_cun
Dra_foe,3566,Dra_foe
Dra_mur,1534,Dra_mur
Dra_par,3567,Dra_par
Dre_adu,6967,Dre_adu
Dro_his,1641,Dro_his
Dro_mon,1887,Dro_mon
Dry_car,7115,Dry_car
Dry_cri,7116,Dry_cri
Dry_dil,7117,Dry_dil
Dry_fil,7118,Dry_fil
Dry_oct,6308,Dry_oct
Dry_que,6036,Dry_que
Duc_ind,6309,Duc_ind
Dug_chr,4028,Dug_chr
Dug_lan,4029,Dug_lan
Dur_val,3345,Dur_val
Dus_cus,2673,Dus_cus
Dus_mac,2674,Dus_mac
Dys_amb,1729,Dys_amb
Dys_ang,3478,Dys_ang
Dys_ari,1730,Dys_ari
Dys_pap,688,Dys_pap
Dys_rad,3479,Dys_rad
Ecc_ram,2358,Ecc_ram
Ech_ang,689,Ech_ang
Ech_col,5557,Ech_col
Ech_cru,5558,Ech_cru
Ech_gme,695,Ech_gme
Ech_hum,696,Ech_hum
Ech_inf,5562,Ech_inf
Ech_int,1771,Ech_int
Ech_lat,697,Ech_lat
Ech_lob,2122,Ech_lob
Ech_mac,1394,Ech_mac
Ech_mur,5559,Ech_mur
Ech_pal,690,Ech_pal
Ech_par,691,Ech_par
Ech_pla,1395,Ech_pla
Ech_pur,692,Ech_pur
Ech_ser,693,Ech_ser
Ech_str,699,Ech_str
Ech_vul,1396,Ech_vul
Ech_wal,5561,Ech_wal
Ecl_pro,700,Ecl_pro
Ehr_cal,5563,Ehr_cal
Ehr_vil,5565,Ehr_vil
Ela_ang,6195,Ela_ang
Ela_com,6196,Ela_com
Ela_umb,6197,Ela_umb
Ele_aci,5182,Ele_aci
Ele_acu,5183,Ele_acu
Ele_car,701,Ele_car
Ele_com,5184,Ele_com
Ele_dim,5185,Ele_dim
Ele_ell,5186,Ele_ell
Ele_ery,5187,Ele_ery
Ele_gen,5188,Ele_gen
Ele_ind,5566,Ele_ind
Ele_mol,702,Ele_mol
Ele_ova,5189,Ele_ova
Ele_pal,5191,Ele_pal
Ele_pal1,5190,Ele_pal_var_vig
Ele_rob,5192,Ele_rob
Ele_viv,5194,Ele_viv
Eli_mut,5567,Eli_mut
Ell_nyc,1462,Ell_nyc
Elo_can,29,Elo_can
Elo_nut,30,Elo_nut
Els_cil,3568,Els_cil
Ely_can,5568,Ely_can
Ely_cani,5569,Ely_cani
Ely_dah,5570,Ely_dah
Ely_elo,5571,Ely_elo
Ely_ely,5573,Ely_ely
Ely_ely_3,5572,Ely_ely__sub_ely
Ely_ely1,5573,Ely_ely
Ely_ely2,5573,Ely_ely
Ely_gla,5574,Ely_gla
Ely_gme,5575,Ely_gme
Ely_his,5576,Ely_his
Ely_lan,5577,Ely_lan
Ely_lan1,5577,Ely_lan
Ely_lan2,5577,Ely_lan
Ely_mul,5578,Ely_mul
Ely_nut,5579,Ely_nut
Ely_rep,5580,Ely_rep
Ely_rep1,5580,Ely_rep
Ely_sib,5581,Ely_sib
Ely_smi,5582,Ely_smi
Ely_spi,5583,Ely_spi
Ely_spi1,5583,Ely_spi
Ely_tra,5585,Ely_tra
Ely_vil,5586,Ely_vil
Ely_vir,5587,Ely_vir
Ely_waw,5588,Ely_waw
Emm_nit,3473,Emm_nit
Emp_nig,2223,Emp_nig
Enc_cal,705,Enc_cal
Enc_rha,6958,Enc_rha
End_glo,3923,End_glo
End_pan,3924,End_pan
Eni_axi,3282,Eni_axi
Enn_des,5589,Enn_des
Enn_mac,5590,Enn_mac
Enn_nig,5591,Enn_nig
Enn_per,5592,Enn_per
Ent_con,2676,Ent_con
Ent_cyc,2677,Ent_cyc
Ent_gig,2675,Ent_gig
Ent_mac,5593,Ent_mac
Eph_equ,7031,Eph_equ
Eph_sin,7032,Eph_sin
Eph_tor,7033,Eph_tor
Eph_tri,7034,Eph_tri
Eph_vir,7035,Eph_vir
Epi_ana,4892,Epi_ana
Epi_ang,4893,Epi_ang
Epi_bra,4894,Epi_bra
Epi_can,4895,Epi_can
Epi_cil,4896,Epi_cil
Epi_cil1,4896,Epi_cil
Epi_col,4897,Epi_col
Epi_hel,353,Epi_hel
Epi_hir,4898,Epi_hir
Epi_hor,4899,Epi_hor
Epi_lac,4900,Epi_lac
Epi_lep,4901,Epi_lep
Epi_min,4902,Epi_min
Epi_mon,4903,Epi_mon
Epi_obs,4904,Epi_obs
Epi_pal,4905,Epi_pal
Epi_par,4906,Epi_par
Epi_tet,4908,Epi_tet
Equ_arv,7076,Equ_arv
Equ_flu,7077,Equ_flu
Equ_hye,7078,Equ_hye
Equ_lae,7079,Equ_lae
Equ_pal,7080,Equ_pal
Equ_ram,7081,Equ_ram
Equ_syl,7083,Equ_syl
Equ_tel,7084,Equ_tel
Era_air,5594,Era_air
Era_cil,5595,Era_cil
Era_ciliar,5596,Era_ciliar
Era_cur,5597,Era_cur
Era_cyl,5598,Era_cyl
Era_ell,5599,Era_ell
Era_hir,5600,Era_hir
Era_int,5601,Era_int
Era_jap,5602,Era_jap
Era_leh,5603,Era_leh
Era_leu,5604,Era_leu
Era_lug,5605,Era_lug
Era_min,5606,Era_min
Era_nee,5607,Era_nee
Era_pap,5608,Era_pap
Era_pat,5609,Era_pat
Era_pec,5610,Era_pec
Era_pil,5611,Era_pil
Era_pol,5612,Era_pol
Era_rac,5613,Era_rac
Era_spe,5614,Era_spe
Era_sup,5616,Era_sup
Era_tri,5617,Era_tri
Era_uni,5618,Era_uni
Ere_anc,1643,Ere_anc
Ere_asi,1814,Ere_asi
Ere_cap,1815,Ere_cap
Ere_fen,1816,Ere_fen
Ere_hie,708,Ere_hie
Ere_hieia,706,Ere_hieia
Ere_hielia,707,Ere_hielia
Ere_min,709,Ere_min
Ere_pau,4703,Ere_pau
Ere_tri,5619,Ere_tri
Eri_abe,1957,Eri_abe
Eri_ace,714,Eri_ace
Eri_acr,715,Eri_acr
Eri_afr,741,Eri_afr
Eri_ali,716,Eri_ali
Eri_ann,717,Eri_ann
Eri_asp,1539,Eri_asp
Eri_bla,4948,Eri_bla
Eri_bon,718,Eri_bon
Eri_bor,719,Eri_bor
Eri_cae,720,Eri_cae
Eri_can,721,Eri_can
Eri_com,722,Eri_com
Eri_con,745,Eri_con
Eri_cre,5620,Eri_cre
Eri_dif,2275,Eri_dif
Eri_div,723,Eri_div
Eri_eng,724,Eri_eng
Eri_fas,1959,Eri_fas
Eri_fat,5621,Eri_fat
Eri_fil,725,Eri_fil
Eri_fla,726,Eri_fla
Eri_flav,1960,Eri_flav
Eri_flo,727,Eri_flo
Eri_gla,728,Eri_gla
Eri_het,2678,Eri_het
Eri_hir,2224,Eri_hir
Eri_hym,5624,Eri_hym
Eri_jap,6310,Eri_jap
Eri_lan,746,Eri_lan
Eri_lin,729,Eri_lin
Eri_lon,730,Eri_lon
Eri_mac,4496,Eri_mac
Eri_mic,742,Eri_mic
Eri_mich,5622,Eri_mich
Eri_mul,2225,Eri_mul
Eri_mus,2226,Eri_mus
Eri_nau,712,Eri_nau
Eri_nau1,711,Eri_nau_var_nau
Eri_nud,2227,Eri_nud
Eri_ova,1961,Eri_ova_var_niv
Eri_pau,1962,Eri_pau
Eri_per,731,Eri_per
Eri_phi,732,Eri_phi
Eri_plu,2228,Eri_plu
Eri_pol,733,Eri_pol
Eri_pri,734,Eri_pri
Eri_pul,5625,Eri_pul
Eri_pul_a,2229,Eri_pul_a
Eri_pum,735,Eri_pum
Eri_pyr,1963,Eri_pyr_var_cor
Eri_que,736,Eri_que
Eri_rac,743,Eri_rac
Eri_rot,1964,Eri_rot
Eri_spa,2276,Eri_spa
Eri_spe,737,Eri_spe
Eri_sph,1965,Eri_sph
Eri_spi,744,Eri_spi
Eri_str,739,Eri_str
Eri_tri,1968,Eri_tri
Eri_umb,1969,Eri_umb
Eri_vag,5195,Eri_vag
Eri_vet,740,Eri_vet
Eri_vil,5623,Eri_vil
Eri_vim,1970,Eri_vim
Eri_wri,1971,Eri_wri
Erie_ann,1958,Erie_ann
Erio_can,4495,Erio_can
Erio_str,1967,Erio_str
Ero_bot,3446,Ero_bot
Ero_cic,3447,Ero_cic
Ero_tex,3449,Ero_tex
Ero_tib,3450,Ero_tib
Ero_ver,1536,Ero_ver
Eru_gal,1538,Eru_gal
Eru_ves,1537,Eru_ves
Ery_asp,1539,Eri_asp
Ery_bal,86,Ery_bal
Ery_cam,87,Ery_cam
Ery_cam_a,4121,Ery_cam_a
Ery_cap,1540,Ery_cap
Ery_che,1541,Ery_che
Ery_cil,88,Ery_cil
Ery_cit,4122,Ery_cit
Ery_col,4123,Ery_col
Ery_cos,2679,Ery_cos
Ery_cri,2680,Ery_cri
Ery_dec,4124,Ery_dec
Ery_dif,1542,Ery_dif
Ery_fal,2681,Ery_fal
Ery_hor,89,Ery_hor
Ery_inc,1543,Ery_inc
Ery_jun,90,Ery_jun
Ery_mac,4125,Ery_mac
Ery_odo,1544,Ery_odo
Ery_pan,4126,Ery_pan
Ery_pel,4127,Ery_pel
Ery_pul,4128,Ery_pul
Ery_rep,1545,Ery_rep
Ery_vas,91,Ery_vas
Ery_vel,2683,Ery_vel
Ery_yuc,92,Ery_yuc
Esc_amp,2259,Esc_amp
Esc_cae,6081,Esc_cae
Esc_cal,6082,Esc_cal
Esc_caly,2260,Esc_caly
Esc_ova,2261,Esc_ova
Esc_viv,1773,Esc_viv
Ese_feb,6592,Ese_feb
Ese_gra,6593,Ese_gra
Ese_lei,6594,Ese_lei
Euc_agg,4704,Euc_agg
Euc_aggr,4705,Euc_aggr
Euc_amp,4706,Euc_amp
Euc_ang,4707,Euc_ang
Euc_ann,4708,Euc_ann
Euc_ast1,4709,Euc_ast
Euc_bla,4710,Euc_bla
Euc_bri,4711,Euc_bri
Euc_cam,4712,Euc_cam
Euc_cap,4713,Euc_cap
Euc_chr,1397,Euc_chr
Euc_cin,4714,Euc_cin
Euc_con,4715,Euc_con
Euc_dal,4716,Euc_dal
Euc_dec,4717,Euc_dec
Euc_dec1,4717,Euc_dec
Euc_div,4718,Euc_div
Euc_fal,4719,Euc_fal
Euc_flo,4720,Euc_flo
Euc_gon,4721,Euc_gon
Euc_inc,4722,Euc_inc
Euc_led,747,Euc_led
Euc_leh1,4723,Euc_leh
Euc_lox,4724,Euc_lox
Euc_mac,4725,Euc_mac
Euc_man,4726,Euc_man
Euc_mel,4727,Euc_mel
Euc_melanophl,4728,Euc_melanophl
Euc_mell,4729,Euc_mell
Euc_mic,4730,Euc_mic
Euc_neu,4731,Euc_neu
Euc_obl,4732,Euc_obl
Euc_obt,4733,Euc_obt
Euc_occ,4734,Euc_occ
Euc_odo,4735,Euc_odo
Euc_ova,4736,Euc_ova
Euc_pau,4737,Euc_pau
Euc_pha,4738,Euc_pha
Euc_pha1,4738,Euc_pha
Euc_phe,4739,Euc_phe
Euc_pla1,4740,Euc_pla
Euc_plu,4741,Euc_plu
Euc_plu1,4741,Euc_plu
Euc_plu2,4741,Euc_plu
Euc_pol,4742,Euc_pol
Euc_pre,4743,Euc_pre
Euc_sid,4744,Euc_sid
Euc_ste,4746,Euc_ste
Euc_syr,1546,Euc_syr
Euc_tet,4747,Euc_tet
Euc_tetrap,4748,Euc_tetrap
Euc_tha,4749,Euc_tha
Euc_tha1,4749,Euc_tha
Euc_unc,4750,Euc_unc
Euc_veg,4751,Euc_veg
Euc_veg1,4751,Euc_veg
Euc_ves,4752,Euc_ves
Euc_vim,4753,Euc_vim
Euc_xan,4754,Euc_xan
Eucsis_led,747,Euc_led
Eug_ano,4755,Eug_ano
Eug_bad,4756,Eug_bad
Eug_bah,4757,Eug_bah
Eug_bat,4758,Eug_bat
Eug_bra,4759,Eug_bra
Eug_dic,4760,Eug_dic
Eug_dod,4761,Eug_dod
Eug_exc,4762,Eug_exc
Eug_flo,4763,Eug_flo
Eug_flu,4764,Eug_flu
Eug_gem,4765,Eug_gem
Eug_han,4766,Eug_han
Eug_hie,4767,Eug_hie
Eug_inv,4768,Eug_inv
Eug_ita,4769,Eug_ita
Eug_lig,4770,Eug_lig
Eug_liv,4771,Eug_liv
Eug_mac,4772,Eug_mac
Eug_moo,4773,Eug_moo
Eug_nes,4774,Eug_nes
Eug_oer,4775,Eug_oer
Eug_par,4776,Eug_par
Eug_pis,4777,Eug_pis
Eug_pla,4779,Eug_pla
Eug_plalla,4778,Eug_plalla
Eug_pli,4780,Eug_pli
Eug_plu,4781,Eug_plu
Eug_pra,4782,Eug_pra
Eug_pun,4783,Eug_pun
Eug_pyr,4784,Eug_pyr
Eug_rep,4785,Eug_rep
Eug_sub,4787,Eug_sub
Eug_ter,4788,Eug_ter
Eug_uni,4789,Eug_uni
Eug_ven,4790,Eug_ven
Eul_alt,354,Eul_alt
Eul_aur,5626,Eul_aur
Euo_ala,2053,Euo_ala
Euo_atr,2054,Euo_atr
Euo_eur,2055,Euo_eur
Eup_alb,4165,Eup_alb
Eup_alt,748,Eup_alt
Eup_amy,4166,Eup_amy
Eup_ang,4167,Eup_ang
Eup_bur,4168,Eup_bur
Eup_can,749,Eup_can
Eup_cap,750,Eup_cap
Eup_com,751,Eup_com
Eup_cor,4169,Eup_cor
Eup_cre,4170,Eup_cre
Eup_cya,4171,Eup_cya
Eup_cyp,4172,Eup_cyp
Eup_dav,4173,Eup_dav
Eup_den,4174,Eup_den
Eup_ery,4175,Eup_ery
Eup_esu,4176,Eup_esu
Eup_esu1,4176,Eup_esu
Eup_exi,4177,Eup_exi
Eup_exs,4178,Eup_exs
Eup_fal,4179,Eup_fal
Eup_fis,752,Eup_fis
Eup_gey,4180,Eup_gey
Eup_gly,4181,Eup_gly
Eup_hel,4182,Eup_hel
Eup_hum,4183,Eup_hum
Eup_hys,753,Eup_hys
Eup_ill,4184,Eup_ill
Eup_lat,4185,Eup_lat
Eup_luc,4186,Eup_luc
Eup_mac,754,Eup_mac
Eup_macta,4187,Eup_macta
Eup_mar,4188,Eup_mar
Eup_mic,4189,Eup_mic
Eup_mik,755,Eup_mik
Eup_mis,4190,Eup_mis
Eup_nut,4191,Eup_nut
Eup_off,3722,Eup_off
Eup_pan,4192,Eup_pan
Eup_pep,4193,Eup_pep
Eup_pep_a,4194,Eup_pep_a
Eup_per,756,Eup_per
Eup_pla,4195,Eup_pla
Eup_pro,4196,Eup_pro
Eup_pur,757,Eup_pur
Eup_rev,4197,Eup_rev
Eup_ros,3723,Eup_ros
Eup_seg,4198,Eup_seg
Eup_ser,758,Eup_ser
Eup_serp,4200,Eup_serp
Eup_serpe,4199,Eup_serpe
Eup_serr,4202,Eup_serr
Eup_serra,4201,Eup_serra
Eup_spa,4203,Eup_spa
Eup_sti,4205,Eup_sti
Eup_thy,4206,Eup_thy
Eup_ver,4207,Eup_ver
Eup_vir,4208,Eup_vir
Eup_wet,3725,Eup_wet
Eur_div,760,Eur_div
Eur_mac,761,Eur_mac
Eur_pra,6975,Eur_pra
Eur_rad,762,Eur_rad
Eur_spe,763,Eur_spe
Eus_dis,5627,Eus_dis
Eus_exa,3283,Eus_exa
Eus_gla,5628,Eus_gla
Eus_pet,5629,Eus_pet
Eut_car,765,Eut_car
Eut_edu,189,Eut_edu
Eut_gra,766,Eut_gra
Eut_gym,767,Eut_gym
Eut_mac,768,Eut_mac
Eut_pre,190,Eut_pre
Eut_pur,769,Eut_pur
Evo_als,6763,Evo_als
Evo_lit,6764,Evo_lit
Evo_nut,6765,Evo_nut
Evo_ser,6767,Evo_ser
Evo_ser,6766,Evo_ser_var_ser
Exe_gra,4085,Exe_gra
Exo_het,1731,Exo_het
Exo_spa,6490,Exo_spa
Exo_ven,2684,Exo_ven
F_Ama_spp,1767,F_Ama_spp
F_Api_spp,152,F_Api_spp
F_Apo_spp,3206,F_Apo_spp
F_Ast_spp,1295,F_Ast_spp
F_Bor_spp,1436,F_Bor_spp
F_Bra_spp,1608,F_Bra_spp
F_Car_spp,1785,F_Car_spp
F_Cary_spp,1884,F_Cary_spp
F_Che_spp,1886,F_Che_spp
F_Cru_spp,1626,F_Cru_spp
F_Cuc_spp,2130,F_Cuc_spp
F_Cyp_spp,5263,F_Cyp_spp
F_Eup_spp,4237,F_Eup_spp
F_Fab_spp,3065,F_Fab_spp
F_Iri_spp,294,F_Iri_spp
F_Jun_spp,5309,F_Jun_spp
F_Lau_spp,3925,F_Lau_spp
F_Lil_spp,3997,F_Lil_spp
F_Liliacea_spp,3980,F_Liliacea_spp
F_Mal_spp,4594,F_Mal_spp
F_Mal_spp_a,4305,F_Mal_spp_a
F_Mel_spp,6565,F_Mel_spp
F_Myr_spp,4856,F_Myr_spp
F_Ole_spp,3704,F_Ole_spp
F_Orc_spp,380,F_Orc_spp
F_Poac_spp,5994,F_Poac_spp
F_Pol_spp,3128,F_Pol_spp
F_Res_spp,6010,F_Res_spp
F_Ros_spp,6443,F_Ros_spp
F_Rub_spp,3424,F_Rub_spp
F_Rut_spp,6606,F_Rut_spp
F_Sol_spp,6818,F_Sol_spp
F_Ver_spp,3911,F_Ver_spp
Fag_esc,1972,Fag_esc
Fag_gra,3166,Fag_gra
Fag_syl,3168,Fag_syl
Fal_cil,1973,Fal_cil
Fal_con,1974,Fal_con
Fal_dum,1975,Fal_dum
Fal_sca,1976,Fal_sca
Fal_vul,93,Fal_vul
Far_atl,3346,Far_atl
Far_cor,3347,Far_cor
Far_lat,3348,Far_lat
Far_lut,3349,Far_lut
Far_occ,3350,Far_occ
Fel_fil1,770,Fel_fil
Fel_mur,771,Fel_mur
Fer_bun,94,Fer_bun
Fer_hys,96,Fer_hys
Fer_syl,95,Fer_syl
Fes_alt,5631,Fes_alt
Fes_ari,5632,Fes_ari
Fes_aru,5633,Fes_aru
Fes_cal,5634,Fes_cal
Fes_cam,5635,Fes_cam
Fes_fil,5636,Fes_fil
Fes_gig,5637,Fes_gig
Fes_het,5638,Fes_het
Fes_ida,5639,Fes_ida
Fes_kin,5640,Fes_kin
Fes_lem,5641,Fes_lem
Fes_len,5642,Fes_len
Fes_lol,5655,Fes_lol
Fes_occ,5643,Fes_occ
Fes_ovi,5644,Fes_ovi
Fes_pra,5645,Fes_pra
Fes_pse,5646,Fes_pse
Fes_rub,5647,Fes_rub
Fes_rup,5648,Fes_rup
Fes_sax,5649,Fes_sax
Fes_sib,5650,Fes_sib
Fes_sub,5652,Fes_sub
Fes_tra,5653,Fes_tra
Fes_viv,5654,Fes_viv
Fic_ame,6212,Fic_ame
Fic_aur,6213,Fic_aur
Fic_bre,6214,Fic_bre
Fic_cit,6215,Fic_cit
Fic_cyc,6216,Fic_cyc
Fic_eno,6217,Fic_eno
Fic_fil,5196,Fic_fil
Fic_gom,6218,Fic_gom
Fic_har,6219,Fic_har
Fic_ins,6220,Fic_ins
Fic_mar,6221,Fic_mar
Fic_mat,6222,Fic_mat
Fic_max,6223,Fic_max
Fic_nym,6224,Fic_nym
Fic_obt,6225,Fic_obt
Fic_pop,6226,Fic_pop
Fic_pul,6227,Fic_pul
Fic_ton,6229,Fic_ton
Fic_ver,6137,Fic_ver
Fil_arv,772,Fil_arv
Fil_cal,773,Fil_cal
Fil_gal,774,Fil_gal
Fil_ger,775,Fil_ger
Fil_lut,776,Fil_lut
Fil_pyg,777,Fil_pyg_sub_pyg
Fil_pyr,778,Fil_pyr
Fil_rub,6311,Fil_rub
Fil_sib,780,Fil_sib
Fil_ulm,6312,Fil_ulm
Fil_vul,6313,Fil_vul
Fim_aut,5198,Fim_aut
Fim_car,5199,Fim_car
Fim_cym,5200,Fim_cym
Fim_dic,5201,Fim_dic
Fim_spa,5202,Fim_spa
Foc_sin,3240,Foc_sin
Foe_vul,97,Foe_vul
For_aco,3241,For_aco
For_int,3693,For_int
For_myr,3242,For_myr
Fra_aln,6254,Fra_aln
Fra_ame,3541,Fra_ame
Fra_chi,6314,Fra_chi
Fra_exc,3695,Fra_exc
Fra_mos,6315,Fra_mos
Fra_nig,3696,Fra_nig
Fra_pen,3697,Fra_pen
Fra_spe,3284,Fra_spe
Fra_ves,6317,Fra_ves
Fra_ves1,6317,Fra_ves
Fra_vir,6318,Fra_vir
Fra_viri,6319,Fra_viri
Fri_bif,3987,Fri_bif
Fri_chi,3502,Fri_chi
Fri_flo,3503,Fri_flo
Fri_pat,3504,Fri_pat
Fri_sch,3505,Fri_sch
Fro_flo,1732,Fro_flo
Fro_pro,1733,Fro_pro
Fui_sci,5204,Fui_sci
Fum_off,6084,Fum_off
Fum_thy,4460,Fum_thy
Fum_vai,6086,Fum_vai
G_Aca_spp,2467,G_Aca_spp
G_Acal_spp,4133,G_Acal_spp
G_Ace_spp,6632,G_Ace_spp
G_Ach_spp,392,G_Ach_spp
G_Ach_spp_a,395,G_Ach_spp_a
G_Achi_spp,5310,G_Achi_spp
G_Acr_spp,6963,G_Acr_spp
G_Act_spp,4139,G_Act_spp
G_Aga_spp,3707,G_Aga_spp
G_Ago_spp,403,G_Ago_spp
G_Agr_spp,5319,G_Agr_spp
G_Agri_spp,6273,G_Agri_spp
G_Agros_spp,5332,G_Agros_spp
G_Air_spp,5338,G_Air_spp
G_Aju_spp,3555,G_Aju_spp
G_Alc_spp,6278,G_Alc_spp
G_Ald_spp,3139,G_Ald_spp
G_Alh_spp,6278,G_Alc_spp
G_Ali_spp,5,G_Ali_spp
G_All_spp,224,G_All_spp
G_Allio_spp,1911,G_Allio_spp
G_Aln_spp,3139,G_Ald_spp
G_Alo_spp,5346,G_Alo_spp
G_Ama_spp,1679,G_Ama_spp
G_Amb_spp,411,G_Amb_spp
G_Ame_spp,6286,G_Ame_spp
G_Amo_spp,2498,G_Amo_spp
G_And_spp,5357,G_And_spp
G_And_spp_a,2507,G_And_spp_a
G_Ane_spp,6109,G_Ane_spp
G_Ann_spp,4022,G_Ann_spp
G_Ant_spp,5362,G_Ant_spp
G_Ante_spp,433,G_Ante_spp
G_Api_spp,7140,G_Api_spp
G_Apo_spp,3244,G_Apo_spp
G_Apo_spp_a,3209,G_Apo_spp_a
G_Ara_spp,1491,G_Ara_spp
G_Arc_spp,439,G_Arc_spp
G_Arcto_spp,443,G_Arcto_spp
G_Are_spp,1789,G_Are_spp
G_Ari_spp,5387,G_Ari_spp
G_Arid_spp,7127,G_Arid_spp
G_Arr_spp,5391,G_Arr_spp
G_Art_spp,481,G_Art_spp
G_Asc_spp,3218,G_Asc_spp
G_Asp_sp,243,G_Asp_sp
G_Aspi_sp,488,G_Aspi_sp
G_Asppl_sp,2519,G_Asppl_sp
G_Ast_spp,492,G_Ast_spp
G_Astr_spp,2556,G_Astr_spp
G_Atr_spp,7009,G_Atr_spp
G_Atr_spp_a,1698,G_Atr_spp_a
G_Ave_spp,5396,G_Ave_spp
G_Axo_spp,5406,G_Axo_spp
G_Aza_spp,2219,G_Aza_spp
G_Bab_spp,290,G_Bab_spp
G_Bac_spp,511,G_Bac_spp
G_Bal_spp,6873,G_Bal_spp
G_Bar_spp,7018,G_Bar_spp
G_Barl_spp,3477,G_Barl_spp
G_Bat_spp,3320,G_Bat_spp
G_Bau_spp,2574,G_Bau_spp
G_Ber_spp,6064,G_Ber_spp
G_Berk_spp,525,G_Berk_spp
G_Bet_spp,3150,G_Bet_spp
G_Bid_spp,535,G_Bid_spp
G_Ble_spp,7091,G_Ble_spp
G_Boe_spp,1916,G_Boe_spp
G_Bol_spp,5018,G_Bol_spp
G_Bor_spp,1378,G_Bor_spp
G_Bos_spp,1609,G_Bos_spp
G_Bot_spp,7103,G_Bot_spp
G_Bou_spp,5420,G_Bou_spp
G_Bra_spp,1501,G_Bra_spp
G_Brac_spp,6973,G_Brac_spp
G_Bri_spp,5438,G_Bri_spp
G_Bric_spp,546,G_Bric_spp
G_Bro_spp,5470,G_Bro_spp
G_Bro_spp_a,246,G_Bro_spp_a
G_Bros_spp,6207,G_Bros_spp
G_Bry_spp,6937,G_Bry_spp
G_Bryo_spp,7141,G_Bryo_spp
G_Bul_spp,5024,G_Bul_spp
G_Bur_spp,439,G_Arc_spp
G_Byr_spp,4294,G_Byr_spp
G_Cak_spp,1505,G_Cak_spp
G_Cal_spp,6998,G_Cal_spp
G_Cal_spp_a,4696,G_Cal_spp_a
G_Cala_spp,5946,G_Cala_spp
G_Cala_spp_a,1896,G_Cala_spp_a
G_Calama_spp,5482,G_Calama_spp
G_Call_spp,3763,G_Call_spp
G_Calo_spp,3985,G_Calo_spp
G_Caly_spp,6749,G_Caly_spp
G_Car_spp,5144,G_Car_spp
G_Car_spp_a,561,G_Car_spp_a
G_Car_spp_b,569,G_Car_spp_b
G_Card_spp,561,G_Car_spp_a
G_Cart_spp,572,G_Cart_spp
G_Cary_spp,3198,G_Cary_spp
G_Cas_spp,4360,G_Cas_spp
G_Cas_spp_a,4360,G_Cas_spp
G_Cass_spp,2589,G_Cass_spp
G_Cast_spp,6209,G_Cast_spp
G_Cast_spp_a,3720,G_Cast_spp_a
G_Cei_spp,4490,G_Cei_spp
G_Cel_spp,6189,G_Cel_spp
G_Cen_spp,3279,G_Cen_spp
G_Cenrea_spp,588,G_Cenrea_spp
G_Cep_spp,7129,G_Cep_spp
G_Cer_spp,1805,G_Cer_spp
G_Cerum_spp,2074,G_Cerum_spp
G_Ces_spp,6792,G_Ces_spp
G_Cha_spp,249,G_Cha_spp
G_Cha_spp_a,596,G_Cha_spp_a
G_Chace_spp,4204,G_Chace_spp
G_Chaha_spp,6795,G_Chaha_spp
G_Cham_spp,2608,G_Cham_spp
G_Che_spp,1723,G_Che_spp
G_Chi_spp,619,G_Chi_spp
G_Chl_spp,5499,G_Chl_spp
G_Cho_spp,3332,G_Cho_spp
G_Chr_spp,2357,G_Chr_spp
G_Chr_spp_a,607,G_Chr_spp_a
G_Chy_spp,610,G_Chy_spp
G_Cir_spp,638,G_Cir_spp
G_Cit_spp,6586,G_Cit_spp
G_Cla_spp,7132,G_Cla_spp
G_Clar_spp,4890,G_Clar_spp
G_Clay_spp,1901,G_Clay_spp
G_Cle_spp,1625,G_Cle_spp
G_Cli_spp,4640,G_Cli_spp
G_Com_spp,7142,G_Com_spp
G_Comb_spp,4612,G_Comb_spp
G_Comm_spp,2079,G_Comm_spp
G_Commip_spp,6539,G_Commip_spp
G_Con_spp,6754,G_Con_spp
G_Con_spp_a,646,G_Con_spp_a
G_Cor_spp,651,G_Cor_spp
G_Cora_spp,344,G_Cora_spp
G_Cord_spp,1450,G_Cord_spp
G_Corn_spp,2104,G_Corn_spp
G_Cory_spp,3155,G_Cory_spp
G_Cot_spp,6302,G_Cot_spp
G_Cra_spp,6305,G_Cra_spp
G_Cras_spp,6693,G_Cras_spp
G_Cratero_spp,3689,G_Cratero_spp
G_Cre_spp,672,G_Cre_spp
G_Cro_spp,4161,G_Cro_spp
G_Cry_spp,1390,G_Cry_spp
G_Crypto_spp,7143,G_Crypto_spp
G_Cuc_spp,2120,G_Cuc_spp
G_Cun_spp,66,G_Cun_spp
G_Cup_spp,4625,G_Cup_spp
G_Cup_spp_a,7040,G_Cup_spp_a
G_Cupa_spp,6646,G_Cupa_spp
G_Cus_spp,6760,G_Cus_spp
G_Cya_spp,2081,G_Cya_spp
G_Cyn_spp,5519,G_Cyn_spp
G_Cyp_spp,5179,G_Cyp_spp
G_Cypr_spp,347,G_Cypr_spp
G_Dac_spp,5521,G_Dac_spp
G_Dactylo_spp,5523,G_Dactylo_spp
G_Dah_spp,2630,G_Dah_spp
G_Dal_spp,2635,G_Dal_spp
G_Dalea_spp,2641,Dal_sp
G_Dan_spp,5530,G_Dan_spp
G_Dau_spp,85,G_Dau_spp
G_Del_sp,1640,G_Del_sp
G_Del_spp,6133,G_Del_spp
G_Des_spp,2663,G_Des_spp
G_Desc_spp,7144,G_Desc_spp
G_Descur_spp,1524,G_Descur_spp
G_Deu_spp,2106,G_Deu_spp
G_Dia_spp,1813,G_Dia_spp
G_Dic_spp,4118,G_Dic_spp
G_Diche_spp,254,G_Diche_spp
G_Dicium_spp,5539,G_Dicium_spp
G_Dicr_spp,6953,G_Dicr_spp
G_Dig_spp,5553,G_Dig_spp
G_Digis_spp,3773,G_Digis_spp
G_Dim_spp,2666,G_Dim_spp
G_Din_spp,5555,G_Din_spp
G_Dio_spp,3343,G_Dio_spp
G_Dip_spp,2147,G_Dip_spp
G_Dis_sp,3978,G_Dis_sp
G_Dit_spp,6957,G_Dit_spp
G_Dod_spp,6652,G_Dod_spp
G_Dode_spp,2321,G_Dode_spp
G_Dra_spp,1535,G_Dra_spp
G_Dro_spp,1642,G_Dro_spp
G_Dry_spp,7134,G_Dry_spp
G_Dul_spp,6480,G_Dul_spp
G_Ech_spp,698,G_Ech_spp
G_Echinacea_spp,694,G_Echinacea_spp
G_Echinoch_spp,5560,G_Echinoch_spp
G_Ehr_spp,5564,G_Ehr_spp
G_Ele_spp,5193,G_Ele_spp
G_Elo_spp,31,G_Elo_spp
G_Ely_spp,5584,G_Ely_spp
G_Ely_spp_a,703,G_Ely_spp_a
G_Emi_spp,704,G_Emi_spp
G_End_spp,6136,G_End_spp
G_Eph_spp,4030,G_Eph_spp
G_Ephem_spp,7145,G_Ephem_spp
G_Epi_spp,4907,G_Epi_spp
G_Equ_spp,7082,G_Equ_spp
G_Era_spp,5615,G_Era_spp
G_Ere_spp,710,G_Ere_spp
G_Eri_spp,1966,G_Eri_spp
G_Eri_spp_a,4497,G_Eri_spp_a
G_Eri_spp_b,2230,G_Eri_spp_b
G_Eri_spp_c,738,G_Eri_spp_c
G_Eri_Spp_d,713,G_Eri_Spp_d
G_Erio_spp,1966,G_Eri_spp
G_Ero_spp,3448,G_Ero_spp
G_Ery_spp,2682,G_Ery_spp
G_Esc_spp,6083,G_Esc_spp
G_Esco_spp,1772,G_Esco_spp
G_Euc_spp,4745,G_Euc_spp
G_Eucl_spp,2212,G_Eucl_spp
G_Eug_spp,4786,G_Eug_spp
G_Euo_spp,2056,G_Euo_spp
G_Eup_spp,4204,G_Chace_spp
G_Eupa_spp,759,G_Eupa_spp
G_Euphr_spp,3724,G_Euphr_spp
G_Eur_spp,764,G_Eur_spp
G_Eus_spp,5630,G_Eus_spp
G_Fag_spp,3167,G_Fag_spp
G_Fal_spp,1977,G_Fal_spp
G_Fes_spp,5656,G_Fes_spp
G_Festuc_spp,5651,G_Festuc_spp
G_Fic_spp,5197,G_Fic_spp
G_Fic_spp_a,6228,G_Fic_spp_a
G_Ficus_spp,6228,G_Fic_spp_a
G_Fil_spp,779,G_Fil_spp
G_Fim_spp,5203,G_Fim_spp
G_For_spp,3694,G_For_spp
G_Fra_spp,6316,G_Fra_spp
G_Fran_spp,6255,G_Fran_spp
G_Frax_spp,3698,G_Frax_spp
G_Fum_spp,6085,G_Fum_spp
G_Gag_spp,3989,G_Gag_spp
G_Gal_spp,2688,G_Gal_spp
G_Galen_spp,1648,G_Galen_spp
G_Gali_spp,3373,G_Gali_spp
G_Gam_spp,790,G_Gam_spp
G_Gas_spp,5657,G_Gas_spp
G_Gaz_spp,787,G_Gaz_spp
G_Gen_spp,2697,G_Gen_spp
G_Gent_spp,3295,G_Gent_spp
G_Genta_spp,2697,G_Gen_spp
G_Ger_spp,3466,G_Ger_spp
G_Geu_spp,6325,G_Geu_spp
G_Gil_spp,2281,G_Gil_spp
G_Git_spp,1344,G_Git_spp
G_Gle_spp,3574,G_Gle_spp
G_Gly_spp,5665,G_Gly_spp
G_Gly_spp_a,2704,G_Gly_spp_a
G_Gna_spp,798,G_Gna_spp
G_Gom_spp,4791,G_Gom_spp
G_Gra_spp,7137,G_Gra_spp
G_Gre_spp,4499,G_Gre_spp
G_Gua_spp,4039,G_Gua_spp
G_Gua_spp_a,6563,G_Gua_spp_a
G_Gut_spp,808,G_Gut_spp
G_Hak_spp,6046,G_Hak_spp
G_Han_spp,3516,G_Han_spp
G_Hei_spp,6486,G_Hei_spp
G_Hel_spp,842,G_Hel_spp
G_Hel_spp_a,8,G_Hel_spp_a
G_Helia_spp,833,G_Helia_spp
G_Helio_spp,847,G_Helio_spp
G_Hem_spp,282,G_Hem_spp
G_Hemi_spp,854,G_Hemi_spp
G_Her_spp,100,G_Her_spp
G_Hes_sp,856,G_Hes_sp
G_Het_spp,861,G_Het_spp
G_Heterop_spp,5677,G_Heterop_spp
G_Heu_spp,6729,G_Heu_spp
G_Hib_spp,4517,G_Hib_spp
G_Hie_spp,879,G_Hie_spp
G_Hier_spp,5362,G_Ant_spp
G_Hir_spp,4091,G_Hir_spp
G_Hirp_spp,883,G_Hirp_spp
G_Hof_spp,2715,G_Hof_spp
G_Hum_spp,6192,G_Hum_spp
G_Hyl_spp,6695,G_Hyl_spp
G_Hyp_spp,6984,G_Hyp_spp
G_Hype_spp,4255,G_Hype_spp
G_Hypo_spp,895,G_Hypo_spp
G_Ile_spp,170,G_Ile_spp
G_Ind_spp,2727,G_Ind_spp
G_Ing_spp,2751,G_Ing_spp
G_Ipo_spp,6780,G_Ipo_spp
G_Iri_spp,309,G_Iri_spp
G_Iso_spp,5208,G_Iso_spp
G_Jac_spp,3524,G_Jac_spp
G_Jac_spp_a,1621,G_Jac_spp_a
G_Jas_spp,3699,G_Jas_spp
G_Jug_spp,3201,G_Jug_spp
G_Jun_spp,5295,G_Jun_spp
G_Jun_spp_a,3893,G_Jun_spp_a
G_Juni_spp,7047,G_Juni_spp
G_Junt_spp,7146,G_Junt_spp
G_Jus_spp,3483,G_Jus_spp
G_Kal_spp,6876,G_Kal_spp
G_Kala_spp,6696,G_Kala_spp
G_Kia_spp,6954,G_Kia_spp
G_Kle_spp,916,G_Kle_spp
G_Koc_spp,1739,G_Koc_spp
G_Lac_spp,927,G_Lac_spp
G_Laci_spp,4266,G_Laci_spp
G_Lag_spp,932,G_Lag_spp
G_Lag_spp_a,5216,G_Lag_spp_a
G_Lan_spp,3895,G_Lan_spp
G_Lap_spp,1403,G_Lap_spp
G_Lat_spp,2779,G_Lat_spp
G_Leb_spp,2787,G_Leb_spp
G_Lec_spp,2268,G_Lec_spp
G_Leg_spp,3133,G_Leg_spp
G_Lem_spp,22,G_Lem_spp
G_Leo_spp,945,G_Leo_spp
G_Leon_spp,3587,G_Leon_spp
G_Lep_spp,1565,G_Lep_spp
G_Lep_spp_a,4798,G_Lep_spp_a
G_Les_spp,952,G_Les_spp
G_Lesq_spp,1580,G_Lesq_spp
G_Leu_spp,3589,G_Leu_spp
G_Lia_spp,968,Lia_sp
G_Lic_spp,4101,G_Lic_spp
G_Licar_spp,3927,G_Licar_spp
G_Lig_spp,3701,G_Lig_spp
G_Lil_spp,7148,G_Lil_spp
G_Lilaeous_spp,7147,G_Lilaeous_spp
G_Liliu_spp,3995,G_Liliu_spp
G_Lin_spp,4280,G_Lin_spp
G_Lina_spp,2292,G_Lina_spp
G_Lip_spp,357,G_Lip_spp
G_Lipp_spp,3899,G_Lipp_spp
G_Lit_sp,1408,G_Lit_sp
G_Lit_spp,6732,G_Lit_spp
G_Lob_spp,1354,G_Lob_spp
G_Lol_spp,5717,G_Lol_spp
G_Lom_spp,110,G_Lom_spp
G_Lon_spp,2160,G_Lon_spp
G_Lon_spp_a,2804,G_Lon_spp_a
G_Lop_spp,7130,G_Lop_spp
G_Lot_spp,2815,G_Lot_spp
G_Lud_spp,4923,G_Lud_spp
G_Lue_spp,4530,G_Lue_spp
G_Lup_spp,2828,G_Lup_spp
G_Luz_spp,5307,G_Luz_spp
G_Lyc_spp,3594,G_Lyc_spp
G_Lyc_spp_a,6803,G_Lyc_spp_a
G_Lys_spp,2331,G_Lys_spp
G_Mab_spp,4215,G_Mab_spp
G_Mac_spp,2844,G_Mac_spp
G_Mad_spp,983,G_Mad_spp
G_Mal_spp,4536,G_Mal_spp
G_Male_spp,1653,G_Male_spp
G_Malu_spp,6332,G_Malu_spp
G_Mar_spp,4804,G_Mar_spp
G_Mars_spp,7139,G_Mars_spp
G_Mat_spp,990,G_Mat_spp
G_May_spp,2065,G_May_spp
G_Med_spp,2862,G_Med_spp
G_Mel_spp,2872,G_Mel_spp
G_Mela_spp,5725,G_Mela_spp
G_Melo_spp,2875,G_Melo_spp
G_Men_spp,3605,G_Men_spp
G_Mentz_spp,2114,G_Mentz_spp
G_Mic_spp,4673,G_Mic_spp
G_Mic_spp_a,4676,G_Mic_spp_a
G_Micr_spp,4221,G_Micr_spp
G_Mik_spp,1003,G_Mik_spp
G_Mim_spp,2880,G_Mim_spp
G_Min_spp,1827,G_Min_spp
G_Mir_spp,1929,G_Mir_spp
G_Mis_spp,5734,G_Mis_spp
G_Mni_spp,6942,G_Mni_spp
G_Mol_spp,5738,G_Mol_spp
G_Moll_spp,1891,G_Moll_spp
G_Mon_spp,3486,G_Mon_spp
G_Mon_spp_a,4540,G_Mon_spp_a
G_Moq_spp,1006,G_Moq_spp
G_Muh_spp,5752,G_Muh_spp
G_Mus_spp,1501,G_Bra_spp
G_Myo_spp,1415,G_Myo_spp
G_Myr_spp,6722,G_Myr_spp
G_Myr_spp_a,4848,G_Myr_spp_a
G_Myr_spp_b,2338,G_Myr_spp_b
G_Myrc_spp,4848,G_Myr_spp_a
G_Myrcria_spp,4854,G_Myrcria_spp
G_Nar_spp,5754,G_Nar_spp
G_Nas_spp,5759,G_Nas_spp
G_Nav_spp,2297,Nav_spp
G_Nec_spp,3937,G_Nec_spp
G_Nem_spp,1466,G_Nem_spp
G_Nyc_spp,1933,G_Nyc_spp
G_Oci_spp,3616,G_Oci_spp
G_Ocl_spp,1017,G_Ocl_spp
G_Oco_spp,3962,G_Oco_spp
G_Oen_spp,4944,G_Oen_spp
G_Ono_spp,1026,G_Ono_spp
G_Ono_spp_a,2889,G_Ono_spp_a
G_Oph_spp,7105,G_Oph_spp
G_Opu_spp,1781,G_Opu_spp
G_Orm_spp,2895,G_Orm_spp
G_Oro_spp,3737,G_Oro_spp
G_Ort_spp,3740,G_Ort_spp
G_Ost_sp,1030,G_Ost_sp
G_Oth_spp,3134,G_Oth_spp
G_Our_spp,4317,G_Our_spp
G_Oxa_spp,4979,G_Oxa_spp
G_Oxan_spp,4046,G_Oxan_spp
G_Oxy_spp,1748,G_Oxy_spp
G_Pac_spp,4225,G_Pac_spp
G_Pack_spp,1042,G_Pack_spp
G_Pan_spp,5798,Pan_sp
G_Pano_spp,6054,G_Pano_spp
G_Pap_spp,5806,G_Pap_spp
G_Par_spp,6861,G_Par_spp
G_Pas_spp,5825,G_Pasp_spp
G_Pas_spp,4602,G_Pas_spp
G_Pat_spp,319,G_Pat_spp
G_Pav_spp,4551,G_Pav_spp
G_Pec_spp,1049,G_Pec_spp
G_Ped_spp,3748,G_Ped_spp
G_Pel_spp,7136,G_Pel_spp
G_Pela_spp,3472,G_Pela_spp
G_Pell_spp,7135,G_Pell_spp
G_Pen_spp,3811,G_Pen_spp
G_Per_spp,6056,G_Per_spp
G_Pera_spp,4336,G_Pera_spp
G_Persi_spp,1994,G_Persi_spp
G_Pha_spp,5838,G_Pha_spp
G_Phac_spp,1475,G_Phac_spp
G_Phar_spp,1894,G_Phar_spp
G_Phas_spp,2928,G_Phas_spp
G_Phi_spp,2109,G_Phi_spp
G_Phl_spp,5843,G_Phl_spp
G_Phlo_spp,2304,G_Phlo_spp
G_Phr_spp,5845,G_Phr_spp
G_Phy_spp,6814,G_Phy_spp
G_Phy_spp_a,1358,G_Phy_spp_a
G_Phyia_spp,1580,G_Lesq_spp
G_Phyl_spp,4344,G_Phyl_spp
G_Pic_spp,1056,G_Pic_spp
G_Pil_spp,6468,G_Pil_spp
G_Pill_spp,7149,G_Pill_spp
G_Pin_spp,7069,G_Pin_spp
G_Pip_spp,7150,G_Pip_spp
G_Piper_spp,5010,G_Piper_spp
G_Pla_spp,6943,G_Pla_spp
G_Plan_spp,3836,G_Plan_spp
G_Plarys_spp,1425,G_Plarys_spp
G_Plat_spp,374,G_Plat_spp
G_Plath_spp,6987,G_Plath_spp
G_Ple_spp,2165,G_Ple_spp
G_Plectra_spp,3623,G_Plectra_spp
G_Poa_spp,5873,G_Poa_spp
G_Pol_spp,2011,G_Pol_spp
G_Pol_spp_a,1750,G_Pol_spp_a
G_Pole_spp,2308,G_Pole_spp
G_Poltum_spp,269,G_Poltum_spp
G_Poly_spp,3124,G_Poly_spp
G_Polyp_spp,7138,G_Polyp_spp
G_Polyp_spp_a,5878,G_Polyp_spp_a
G_Polyt_spp,7017,G_Polyt_spp
G_Pop_spp,4374,G_Pop_spp
G_Por_spp,2040,G_Por_spp
G_Pot_spp,6366,G_Pot_spp
G_Pota_spp,49,G_Pota_spp
G_Pou_spp,2386,G_Pou_spp
G_Pre_spp,1075,G_Pre_spp
G_Pri_spp,2344,G_Pri_spp
G_Pro_spp,6547,G_Pro_spp
G_Prob_spp,3692,G_Prob_spp
G_Pros_spp,2944,G_Pros_spp
G_Pru_spp,6383,G_Pru_spp
G_Prula_spp,3626,G_Prula_spp
G_Pse_spp,4556,G_Pse_spp
G_Pse_spp_a,3838,G_Pse_spp_a
G_Psi_spp,3414,G_Psi_spp
G_Psi_spp_a,4875,G_Psi_spp_a
G_Psy_spp,3414,G_Psi_spp
G_Pte_spp,7112,G_Pte_spp
G_Pte_spp_a,1085,G_Pte_spp_a
G_Pterido_spp,7151,G_Pterido_spp
G_Ptero_spp,1097,G_Ptero_spp
G_Pyr_spp,6388,G_Pyr_spp
G_Pyro_spp,2243,G_Pyro_spp
G_Que_spp,3191,G_Que_spp
G_Ran_spp,6168,G_Ran_spp
G_Rat_spp,1104,G_Rat_spp
G_Res_spp,6008,G_Res_spp
G_Rha_spp,6265,G_Rha_spp
G_Rhe_spp,2017,G_Rhe_spp
G_Rhi_spp,3753,G_Rhi_spp
G_Rho_spp,2244,G_Rho_spp
G_Rhu_spp,6516,G_Rhu_spp
G_Rhy_spp,6980,G_Rhy_spp
G_Rhy_spp_a,5236,G_Rhy_spp_a
G_Rhyn_spp,2960,G_Rhyn_spp
G_Rib_spp,6716,G_Rib_spp
G_Rin_spp,4422,G_Rin_spp
G_Rol_spp,4051,G_Rol_spp
G_Ros_spp,6401,Ros_sp
G_Rub_spp,6421,G_Rub_spp
G_Rud_spp,3426,G_Rud_spp
G_Rudb_spp,1117,G_Rudb_spp
G_Rue_spp,3491,G_Rue_spp
G_Rum_spp,2033,G_Rum_spp
G_Rus_spp,1659,G_Rus_spp
G_Sag_spp,15,G_Sag_spp
G_Sal_spp,4409,G_Sal_spp
G_Salv_spp,3640,G_Salv_spp
G_San_spp,139,G_San_spp
G_Sans_spp,270,G_Sans_spp
G_Sap_spp,6671,G_Sap_spp
G_Sar_spp,2963,G_Sar_spp
G_Sca_spp,7131,G_Sca_spp
G_Sca_spp_a,2170,G_Sca_spp_a
G_Sch_spp,165,G_Sch_spp
G_Schk_spp,1130,G_Schk_spp
G_Scho_spp,5242,G_Scho_spp
G_Sci_spp,5253,G_Sci_spp
G_Scu_spp,3651,G_Scu_spp
G_Sea_spp,6527,G_Sea_spp
G_Sel_spp,3875,G_Sel_spp
G_Sen_spp,1162,G_Sen_spp
G_Ser_spp,6676,G_Ser_spp
G_Set_spp,5916,G_Set_spp
G_Sid_spp,4572,G_Sid_spp
G_Sida_spp,4569,G_Sida_spp
G_Sie_spp,7152,G_Sie_spp
G_Sil_spp,1175,G_Sil_spp
G_Sile_spp,1864,G_Sile_spp
G_Sin_spp,1592,G_Sin_spp
G_Sis_spp,331,G_Sis_spp
G_Sisym_spp,1598,G_Sisym_spp
G_Sol_spp,1205,G_Sol_spp
G_sol_spp,7126,G_sol_spp
G_Sola_spp,6841,G_Sola_spp
G_Son_spp,1214,G_Son_spp
G_Sor_spp,5922,G_Sor_spp
G_Spa_spp,6015,G_Spa_spp
G_Spal_spp,1661,G_Spal_spp
G_Spe_spp,3439,G_Spe_spp
G_Sph_spp,7029,G_Sph_spp
G_Sphae_spp,4581,G_Sphae_spp
G_Spi_spp,6441,G_Spi_spp
G_Spo_spp,5946,G_Cala_spp
G_Sta_spp,3661,G_Sta_spp
G_Ste_spp,7133,G_Ste_spp
G_Stel_spp,1882,G_Stel_spp
G_Sti_spp,5965,G_Sti_spp
G_Sto_spp,1221,G_Sto_spp
G_Sty_spp,2991,G_Sty_spp
G_Sut_spp,3876,G_Sut_spp
G_Swa_spp,2999,G_Swa_spp
G_Sym_spp,2177,G_Sym_spp
G_Symphy_spp,1250,G_Symphy_spp
G_Symum_spp,1250,G_Symphy_spp
G_Syz_spp,4879,G_Syz_spp
G_Tab_spp,3537,G_Tab_spp
G_Taber_spp,3269,G_Taber_spp
G_Tag_spp,1256,G_Tag_spp
G_Tal_spp,2043,G_Tal_spp
G_Tar_spp,1270,G_Tar_spp
G_Tax_spp,7128,G_Tax_spp
G_Tec_spp,6607,G_Tec_spp
G_Tet_spp,1665,G_Tet_spp
G_Tet_spp_a,5261,G_Tet_spp_a
G_Tha_spp,6181,G_Tha_spp
G_Tha_spp_a,6009,G_Tha_spp_a
G_The_spp,6498,G_The_spp
G_Tid_spp,1766,G_Tid_spp
G_Til_spp,4591,G_Til_spp
G_Tra_spp,1286,G_Tra_spp
G_Trad_spp,2087,G_Trad_spp
G_Tri_spp,3052,G_Tri_spp
G_Tri_spp_a,6576,G_Tri_spp_a
G_Tri_spp_b,335,G_Tri_spp_b
G_Tric_spp,879,G_Hie_spp
G_Trig_spp,37,G_Trig_spp
G_Tril_spp,4001,G_Tril_spp
G_Trio_spp,2180,G_Trio_spp
G_Tris_spp,5991,G_Tris_spp
G_Trit_spp,274,G_Trit_spp
G_Typ_spp,6018,invader_
G_Ulm_spp,6453,G_Ulm_spp
G_Uno_spp,4056,G_Uno_spp
G_Ure_spp,6476,G_Ure_spp
G_Uro_spp,5996,G_Uro_spp
G_Urt_spp,6478,G_Urt_spp
G_Vac_spp,2251,G_Vac_spp
G_Van_spp,6067,G_Van_spp
G_Ver_spp,3886,G_Ver_spp
G_Verb_spp,3908,Ver_sp
G_Vern_spp,1313,G_Vern_spp
G_Vero_spp,3865,G_Vero_spp
G_Vib_spp,2200,G_Vib_spp
G_Vic_spp,3085,G_Vic_spp
G_Vin_spp,3272,G_Vin_spp
G_Vio_spp,4452,G_Vio_spp
G_Vit_spp,6869,G_Vit_spp
G_Vul_spp,5651,G_Festuc_spp
G_Vul_spp_a,6004,G_Vul_spp_a
G_Wal_spp,4599,G_Wal_spp
G_Wol_spp,7170,G_Wol_spp
G_Xan_spp,1320,G_Xan_spp
G_Xyl_spp,4064,G_Xyl_spp
G_Xyl_spp_a,4414,G_Xyl_spp_a
G_Xylos_spp,4414,G_Xyl_spp_a
G_Yuc_spp,277,G_Yuc_spp
G_Zan_spp,6622,G_Zan_spp
G_Zig_spp,4006,G_Zig_spp
G_Zin_spp,1324,G_Zin_spp
G_Ziz_spp,155,G_Ziz_spp
G_Zor_spp,3102,G_Zor_spp
G_Zyg_spp,6887,G_Zyg_spp
Gag_pra,3988,Gag_pra
Gah_dec,5205,Gah_dec
Gai_ari,781,Gai_ari
Gai_pin,782,Gai_pin
Gai_pul,783,Gai_pul
Gal_afr,1644,Gal_afr
Gal_alb,3351,Gal_alb
Gal_apa,3352,Gal_apa
Gal_ari,785,Gal_ari
Gal_bif,3569,Gal_bif
Gal_bor,3353,Gal_bor
Gal_cir,3354,Gal_cir
Gal_con,3355,Gal_con
Gal_deb,3356,Gal_deb
Gal_ell,2685,Gal_ell
Gal_fru,1645,Gal_fru
Gal_gla,3357,Gal_gla
Gal_hir,3358,Gal_hir
Gal_hum,3359,Gal_hum
Gal_hyp,3360,Gal_hyp
Gal_int,1936,Gal_int
Gal_jas,6595,Gal_jas
Gal_lad,3570,Gal_lad
Gal_lax,6596,Gal_lax
Gal_mol,3361,Gal_mol
Gal_mur,3362,Gal_mur
Gal_niv,232,Gal_niv
Gal_obt,3363,Gal_obt
Gal_odo,3364,Gal_odo
Gal_off,2689,Gal_off
Gal_pal,3365,Gal_pal
Gal_par,3366,Gal_par
Gal_pil,3367,Gal_pil
Gal_por,3368,Gal_por
Gal_pum,3369,Gal_pum
Gal_qua,789,Gal_qua
Gal_reg,2687,Gal_reg
Gal_ric,3370,Gal_ric
Gal_rub,3371,Gal_rub
Gal_sar,1646,Gal_sar
Gal_sax,3372,Gal_sax
Gal_sec,1647,Gal_sec
Gal_sed,786,Gal_sed
Gal_syl,3374,Gal_syl
Gal_tet,3571,Gal_tet
Gal_tin,3375,Gal_tin
Gal_tom,784,Gal_tom
Gal_tri,3377,Gal_tri
Gal_trifi,3376,Gal_trifi
Gal_ver,3379,Gal_ver
Gal_ver_a,3378,Gal_ver_a
Gala_par,2686,Gala_par
Galin_par,788,Galin_par
Gar_bra,4110,Gar_bra
Gar_mad,4111,Gar_mad
Gas_par,2690,Gas_par
Gas_rac,2691,Gas_rac
Gas_spi,2692,Gas_spi
Gas_spi1,2692,Gas_spi
Gas_ven,5658,Gas_ven
Gau_bie,4909,Gau_bie
Gau_coc,4910,Gau_coc
Gau_fra,5659,Gau_fra
Gau_lon,4911,Gau_lon
Gau_mol,4912,Gau_mol
Gau_sha,2231,Gau_sha
Gay_dif,4913,Gay_dif
Gaz_kre,791,Gaz_kre
Gei_lae,3243,Gei_lae
Gen_aff,3285,Gen_aff
Gen_alb,3286,Gen_alb
Gen_ama,3296,Gen_ama
Gen_ame,3380,Gen_ame
Gen_and,3287,Gen_and
Gen_bar,3301,Gen_bar
Gen_cal,3288,Gen_cal
Gen_cam,3297,Gen_cam
Gen_cri,3302,Gen_cri
Gen_cru,3289,Gen_cru
Gen_dec,3290,Gen_dec
Gen_ger,2693,Gen_ger
Gen_ger_a,3298,Gen_ger_a
Gen_lut,3299,Gen_lut
Gen_mac,3291,Gen_mac
Gen_niv,3292,Gen_niv
Gen_pil,2694,Gen_pil
Gen_pne,3293,Gen_pne
Gen_pub,3294,Gen_pub
Gen_qui,3300,Gen_qui
Gen_sag,2695,Gen_sag
Gen_sco,2696,Gen_sco
Gen_tin,2698,Gen_tin
Gen_vir,3303,Gen_vir
Geo_con,191,Geo_con
Geo_cun,192,Geo_cun
Geo_dev,193,Geo_dev
Geo_int,194,Geo_int
Geo_ruf,5660,Geo_ruf
Ger_cae,3451,Ger_cae
Ger_car,3452,Ger_car
Ger_col,3453,Ger_col
Ger_dah,3454,Ger_dah
Ger_dis,3455,Ger_dis
Ger_inc,3456,Ger_inc
Ger_mac,3457,Ger_mac
Ger_mol,3458,Ger_mol
Ger_pal,3459,Ger_pal
Ger_pra,3460,Ger_pra
Ger_pus,3461,Ger_pus
Ger_pyr,3462,Ger_pyr
Ger_rob,3463,Ger_rob
Ger_rot,3464,Ger_rot
Ger_san,3465,Ger_san
Ger_syl,3467,Ger_syl
Ger_wil,3468,Ger_wil
Geu_ale,6320,Geu_ale
Geu_can,6321,Geu_can
Geu_lat,6322,Geu_lat
Geu_mac,6323,Geu_mac
Geu_riv,6324,Geu_riv
Geu_tri,6326,Geu_tri
Geu_urb,6327,Geu_urb
Geu_ver,6328,Geu_ver
Gil_ach,2277,Gil_ach
Gil_cli,2278,Gil_cli
Gil_mex,2279,Gil_mex
Gil_sin,2280,Gil_sin
Gil_tri,2282,Gil_tri
Git_spe,1343,Git_spe
Gla_bip,3891,Gla_bip_var_cil
Gla_bre,291,Gla_bre
Gla_fla,6087,Gla_fla
Gla_imb,292,Gla_imb
Gla_per,3892,Gla_per
Gla_wat,293,Gla_wat
Gle_cil,3573,Gle_cil
Gle_hed,3572,Gle_hed
Gle_seg,792,Gle_seg
Gle_tri,2699,Gle_tri
Gli_aur,6718,Gli_aur
Gli_lot,1888,Gli_lot
Glo_cor,3774,Glo_cor
Gly_can,5661,Gly_can
Gly_esp,4209,Gly_esp
Gly_flu,5662,Gly_flu
Gly_gra,5663,Gly_gra
Gly_lat,2700,Gly_lat
Gly_lep,2703,Gly_lep
Gly_max,2701,Gly_max
Gly_maxi,5664,Gly_maxi
Gly_str,5666,Gly_str
Gly_tom,2702,Gly_tom
Gme_arb,3575,Gme_arb
Gna_ame,793,Gna_ame
Gna_coa,794,Gna_coa
Gna_exi,795,Gna_exi
Gna_pal,796,Gna_pal
Gna_pur,797,Gna_pur
Gna_syl,799,Gna_syl
Gna_uli,800,Gna_uli
Gne_ley,7036,Gne_ley
Gni_jun,4600,Gni_jun
Goc_pol,801,Goc_pol
God_aes,3506,God_aes
Goe_mei,4498,Goe_mei
Gom_inc,1734,Gom_inc
Gom_pol,2705,Gom_pol
Gom_sca,1735,Gom_sca
Gom_tom,2706,Gom_tom
Gon_mar,2707,Gon_mar
Gon_rud,3381,Gon_rud
Gon_spe,1942,Gon_spe
Goo_azu,1367,Goo_azu
Goo_lot,2708,Goo_lot
Goo_lot1,2708,Goo_lot
Goo_sca,1368,Goo_sca
Gou_col,6256,Gou_col
Gou_lup,6257,Gou_lup
Gou_pol,6258,Gou_pol
Gra_aur,3775,Gra_aur
Gra_num,802,Gra_num
Gra_off,3776,Gra_off
Gra_spi,1736,Gra_spi
Gre_ste,6037,Gre_ste
Gri_cau,2262,Gri_cau
Gri_hir,803,Gri_hir
Gri_squ,804,Gri_squ
Gua_aer,4031,Gua_aer
Gua_amp,4032,Gua_amp
Gua_cri,4500,Gua_cri
Gua_dio,4033,Gua_dio
Gua_fer,1919,Gua_fer
Gua_gla,6556,Gua_gla
Gua_gra,1920,Gua_gra
Gua_gui,6557,Gua_gui
Gua_hir,1921,Gua_hir
Gua_jug,6558,Gua_jug
Gua_kun,6559,Gua_kun
Gua_luc,4034,Gua_luc
Gua_mac,4035,Gua_mac
Gua_mac_a,6560,Gua_mac_a
Gua_mic,4036,Gua_mic
Gua_nox,1922,Gua_nox
Gua_opp,1923,Gua_opp
Gua_pen,6561,Gua_pen
Gua_pog,4037,Gua_pog
Gua_rho,6562,Gua_rho
Gua_sel,4038,Gua_sel
Gua_sub,1924,Gua_sub
Gua_tom,4040,Gua_tom
Gua_ulm,4501,Gua_ulm
Gua_ven,1925,Gua_ven
Gue_ang,3382,Gue_ang
Gue_fol,3383,Gue_fol
Gue_ram,3384,Gue_ram
Gue_ver,2709,Gue_ver
Gui_las,1547,Gui_las
Gur_big,2123,Gur_big
Gur_coc,2124,Gur_coc
Gur_mak,2125,Gur_mak
Gus_sup,2263,Gus_sup
Gut_cor,805,Gut_cor
Gut_sar,806,Gut_sar
Gut_sph,807,Gut_sph
Gut_wri,809,Gut_wri
Gym_con,355,Gym_con
Gym_cor,6931,Gym_cor
Gym_dis,7121,Gym_dis
Gym_dry,7122,Gym_dry
Gym_fol,5667,Gym_fol
Gym_ner,4210,Gym_ner
Gym_spi,5668,Gym_spi
Gymno_con,6930,Gymno_con
Gyn_aur,810,Gyn_aur
Gyp_des,1817,Gyp_des
Gyp_ele,1818,Gyp_ele
Gyp_pan,1819,Gyp_pan
Gyp_pin,811,Gyp_pin
Hab_lon,233,Hab_lon
Hac_def,1398,Hac_def_var_ame
Hac_vir,1399,Hac_vir
Hak_com,6038,Hak_com
Hak_cor,6039,Hak_cor
Hak_dru,6040,Hak_dru
Hak_lau,6041,Hak_lau
Hak_lis,6042,Hak_lis
Hak_nit,6043,Hak_nit
Hak_pan1,6044,Hak_pan
Hak_ser,6045,Hak_ser
Hak_str,6047,Hak_str
Hak_tri,6048,Hak_tri
Hak_ver,6049,Hak_ver
Hal_asp,6719,Hal_asp
Hal_cym,6138,Hal_cym
Hal_glo,1737,Hal_glo
Ham_app,4502,Ham_app
Ham_nut,4503,Ham_nut
Ham_pat,3385,Ham_pat
Ham_vir,6724,Ham_vir
Han_ari,3507,Han_ari
Han_chr,3508,Han_chr
Han_cri,3509,Han_cri
Han_gua,3510,Han_gua
Han_hep,3511,Han_hep
Han_imp,3512,Han_imp
Han_och,3513,Han_och
Han_rio,3514,Han_rio
Han_ser,3515,Han_ser
Hap_dau,6597,Hap_dau
Har_hyp,2232,Har_hyp
Har_sch,5669,Har_sch
Har_tra,98,Har_tra
Has_sua,812,Has_sua
Haz_squ,813,Haz_squ
Hed_bor,2710,Hed_bor
Hed_cre,814,Hed_cre
Hed_dru,3576,Hed_dru
Hed_hel,161,Hed_hel
Hed_his,3577,Hed_his
Hed_rha,815,Hed_rha
Hed_sca,2075,Hed_sca
Hei_acu,6481,Hei_acu
Hei_con,6482,Hei_con
Hei_cos,6483,Hei_cos
Hei_ova,6484,Hei_ova
Hei_sca,6485,Hei_sca
Hel_ame,4504,Hel_ame
Hel_ann,817,Hel_ann
Hel_app,4505,Hel_app
Hel_aut,816,Hel_aut
Hel_bic,4461,Hel_bic
Hel_can,5671,Hel_can
Hel_cil,818,Hel_cil
Hel_cym,835,Hel_cym
Hel_cym1,835,Hel_cym
Hel_div,819,Hel_div
Hel_don,4506,Hel_don
Hel_ech,848,Hel_ech
Hel_ell,1456,Hel_ell
Hel_foe,6139,Hel_foe
Hel_gig,820,Hel_gig
Hel_glu,836,Hel_glu
Hel_gra,6852,Hel_gra_sub_obs
Hel_gro,821,Hel_gro
Hel_ham,837,Hel_ham
Hel_heb,838,Hel_heb
Hel_hel,846,Hel_hel
Hel_hel_a,839,Hel_hel_a
Hel_hir,823,Hel_hir
Hel_hirt,4462,Hel_hirt
Hel_lae,824,Hel_lae
Hel_mar,1457,Hel_mar
Hel_max,825,Hel_max
Hel_mol,826,Hel_mol
Hel_mul,845,Hel_mul
Hel_num,4463,Hel_num
Hel_num1,4463,Hel_num
Hel_nut,827,Hel_nut
Hel_occ,828,Hel_occ
Hel_oel,4464,Hel_oel
Hel_ova,4465,Hel_ova
Hel_pan,840,Hel_pan
Hel_pat,841,Hel_pat
Hel_pau,830,Hel_pau
Hel_pau,829,Hel_pau_sub_pau
Hel_pet,832,Hel_pet
Hel_pet1,831,Hel_pet_var_can
Hel_pop,4507,Hel_pop
Hel_pra,5672,Hel_pra
Hel_pub,5673,Hel_pub
Hel_squ,4466,Hel_squ
Hel_sto,843,Hel_sto
Hel_sup,1458,Hel_sup
Hel_syr,4467,Hel_syr
Hel_ter,844,Hel_ter
Hel_tom,6230,Hel_tom
Hel_tub,834,Hel_tub
Hel_vio,4468,Hel_vio
Helian_hel,822,Helian_hel
Helictoch_pra,5670,Helictoch_pra
Hem_con,851,Hem_con
Hem_con1,851,Hem_con
Hem_fas,852,Hem_fas
Hem_ful,281,Hem_ful
Hem_lyr,849,Hem_lyr
Hem_min,850,Hem_min
Hem_pun,853,Hem_pun
Hen_fas,4645,Hen_fas
Hen_tub,4644,Hen_tub
Her_cer,4508,Her_cer
Her_did,3913,Her_did
Her_dis,4509,Her_dis
Her_gla,1820,Her_gla
Her_het,4510,Her_het
Her_hir,1821,Her_hir
Her_hys,4511,Her_hys
Her_pur,4514,Her_pur
Her_rud,4512,Her_rud
Her_sph,99,Her_sph
Her_sph1,99,Her_sph
Her_tri,4513,Her_tri
Hes_com,5675,Hes_com
Hes_com_1,5674,Hes_com__sub_com
Hes_fla,1548,Hes_fla
Hes_mat,1549,Hes_mat
Hes_mic,4268,Hes_mic
Hes_spa,855,Hes_spa
Het_alt,858,Het_alt
Het_bie,914,Het_bie
Het_cam,860,Het_cam
Het_con,5676,Het_con
Het_lau,4297,Het_lau
Het_pan,4298,Het_pan
Het_psi,859,Het_psi
Het_rar,1345,Het_rar
Het_ren,2092,Het_ren
Het_sub,862,Het_sub
Het_vil,863,Het_vil
Het_vit,857,Het_vit
Heu_par,6727,Heu_par
Heu_ric,6728,Heu_ric
Hex_ter,3386,Hex_ter
Hib_mos,4515,Hib_mos
Hib_pal,4516,Hib_pal
Hib_syr,4518,Hib_syr
Hib_tri,4519,Hib_tri
Hie_alb,864,Hie_alb
Hie_alc,4338,Hie_alc
Hie_alp,865,Hie_alp
Hie_bau,866,Hie_bau
Hie_com,867,Hie_com
Hie_cym,868,Hie_cym
Hie_dia,869,Hie_dia
Hie_fro,870,Hie_fro
Hie_gro,871,Hie_gro
Hie_lac,872,Hie_lac_sub_cru
Hie_lac1,872,Hie_lac_sub_cru
Hie_lae,873,Hie_lae
Hie_lon,874,Hie_lon
Hie_mac,875,Hie_mac
Hie_mur,876,Hie_mur
Hie_odo,5678,Hie_odo
Hie_sab,877,Hie_sab
Hie_sco,878,Hie_sco
Hie_umb,881,Hie_umb
Hie_umb,880,Hie_umb_sub_umb
Hil_jam,5679,Hil_jam
Hil_mut,5680,Hil_mut
Him_bra,3245,Him_bra
Hip_ali,882,Hip_ali
Hip_bou,2711,Hip_bou
Hip_com,2712,Hip_com
Hip_vol,2057,Hip_vol
Hip_vul,3777,Hip_vul
Hir_ame,4086,Hir_ame
Hir_fag,4299,Hir_fag
Hir_fos,4300,Hir_fos
Hir_gra,4301,Hir_gra
Hir_heb,4087,Hir_heb
Hir_inc,1550,Hir_inc
Hir_ins,4088,Hir_ins
Hir_lem,4089,Hir_lem
Hir_rac,4090,Hir_rac
Hir_rec,4302,Hir_rec
Hir_smi,4303,Hir_smi
Hir_spr,4092,Hir_spr
Hir_tri,4093,Hir_tri
Hof_dre,2713,Hof_dre
Hof_gla,2714,Hof_gla
Hol_bal,2716,Hol_bal
Hol_dis,6329,Hol_dis
Hol_lan,5681,Hol_lan
Hol_mol,5682,Hol_mol
Hol_umb,1822,Hol_umb
Hol_vir,884,Hol_vir
Hom_lon,5683,Hom_lon
Hor_bra,5684,Hor_bra
Hor_cit,4041,Hor_cit
Hor_jub,5685,Hor_jub
Hor_mar,5686,Hor_mar
Hor_mur,5687,Hor_mur
Hor_pus,5688,Hor_pus
Hor_sec,5689,Hor_sec
Hor_ste,5690,Hor_ste
Hor_vul,5691,Hor_vul
Hort_bra,6598,Hort_bra
Hou_hum,3387,Hou_hum
Hou_lon,3388,Hou_lon
Hou_pro,3389,Hou_pro
Hov_dul,6259,Hov_dul
Hov_pun,2717,Hov_pun
Hum_lup,6190,Hum_lup
Hum_sca,6191,Hum_sca
Hum_spi,4238,Hum_spi
Hup_sel,7096,Hup_sel
Hur_cre,4211,Hur_cre
Hya_non,255,Hya_non
Hyb_con,4418,Hyb_con
Hyb_pru,4419,Hyb_pru
Hyd_exi,162,Hyd_exi
Hyd_mor,32,Hyd_mor
Hyd_ten,1463,Hyd_ten
Hyd_tri,4520,Hyd_tri
Hyd_umb,163,Hyd_umb
Hye_obl,4339,Hye_obl
Hyl_pyr,6977,Hyl_pyr
Hyl_spl,6978,Hyl_spl
Hym_aur,2718,Hym_aur
Hym_cou,2719,Hym_cou
Hym_fil,885,Hym_fil_var_cin
Hym_fla,886,Hym_fla
Hym_jan,2720,Hym_jan
Hym_odo,888,Hym_odo
Hym_pal,234,Hym_pal
Hym_ric,889,Hym_ric
Hym_sca,887,Hym_sca
Hyo_nig,6798,Hyo_nig
Hyp_ala,3578,Hyp_ala
Hyp_alb,890,Hyp_alb
Hyp_asc,4241,Hyp_asc
Hyp_asc_2,4240,Hyp_asc__sub_pyr
Hyp_asc1,4241,Hyp_asc
Hyp_can,4242,Hyp_can
Hyp_cup,6983,Hyp_cup
Hyp_dec,284,Hyp_dec
Hyp_edi,4243,Hyp_edi
Hyp_for1,3480,Hyp_for
Hyp_gen,4244,Hyp_gen
Hyp_gla,891,Hyp_gla
Hyp_hir,4245,Hyp_hir
Hyp_hyp,4246,Hyp_hyp
Hyp_jun,286,Hyp_jun
Hyp_kal,4247,Hyp_kal
Hyp_lac,6088,Hyp_lac
Hyp_mac,892,Hyp_mac
Hyp_macul,4248,Hyp_macul
Hyp_meg,893,Hyp_meg
Hyp_mon,4249,Hyp_mon
Hyp_mut,4250,Hyp_mut
Hyp_mut_a,3579,Hyp_mut_a
Hyp_per,4251,Hyp_per
Hyp_pul,4252,Hyp_pul
Hyp_pun,4253,Hyp_pun
Hyp_rad,894,Hyp_rad
Hyp_sal,1889,Hyp_sal
Hyp_sph,4254,Hyp_sph
Hyp_tet,4257,Hyp_tet
Hyp_tetlum,4256,Hyp_tetlum
Hyp_ver,3580,Hyp_ver
Hypo_hir,285,Hypo_hir
Hypo_pul,5206,Hypo_pul
Hypo_ver,3481,Hypo_ver
Hypocho_rad,896,Hypocho_rad
Hys_jas,897,Hys_jas
Hys_pat,5692,Hys_pat
Ida_sca,1551,Ida_sca
Ile_aqu,166,Ile_aqu
Ile_cre,167,Ile_cre
Ile_opa,168,Ile_opa
Ile_par,169,Ile_par
Ile_ver,171,Ile_ver
Ilj_reg,1738,Ilj_reg
Imp_bra,5693,Imp_bra
Imp_cap,2202,Imp_cap
Imp_gla,2203,Imp_gla
Imp_par,2204,Imp_par
Ind_alt,2721,Ind_alt
Ind_cor,2722,Ind_cor
Ind_lin,2723,Ind_lin
Ind_linn,2724,Ind_linn
Ind_mau,2725,Ind_mau
Ind_mon,2726,Ind_mon
Ind_vol,2728,Ind_vol
Ing_cab,2729,Ing_cab
Ing_cap,2730,Ing_cap
Ing_coc,2731,Ing_coc
Ing_cor,2732,Ing_cor
Ing_cyl,2733,Ing_cyl
Ing_den,2734,Ing_den
Ing_exf,2735,Ing_exf
Ing_fla,2736,Ing_fla
Ing_gol,2737,Ing_gol
Ing_his,2738,Ing_his
Ing_ing,2739,Ing_ing
Ing_lau,2740,Ing_lau
Ing_lep,2741,Ing_lep
Ing_lon,2742,Ing_lon
Ing_nob,2743,Ing_nob
Ing_pez,2744,Ing_pez
Ing_por,2745,Ing_por
Ing_pun,2746,Ing_pun
Ing_sap,2747,Ing_sap
Ing_sem,2748,Ing_sem
Ing_ser,2749,Ing_ser
Ing_spe,2750,Ing_spe
Ing_ste,2752,Ing_ste
Ing_str,2753,Ing_str
Ing_sub,2754,Ing_sub
Ing_thi,2755,Ing_thi
Ing_ton,2756,Ing_ton
Ing_ver,2757,Ing_ver
Inu_bri,898,Inu_bri
Inu_con,900,Inu_con
Inu_conza,899,Inu_conza
Inu_ens,901,Inu_ens
Inu_hir,902,Inu_hir
Inu_sal,903,Inu_sal
invader_1,2461,Aca_ref
invader_2,7060,Pin_edu
invader_3,2943,Pro_jul
invader_4,6018,invader_
Ion_lin,904,Ion_lin
Ipo_ani,6769,Ipo_ani
Ipo_bif,6770,Ipo_bif
Ipo_cos,6771,Ipo_cos
Ipo_hed,6768,Ipo_hed
Ipo_kit,6772,Ipo_kit
Ipo_lac,6773,Ipo_lac
Ipo_lon,6774,Ipo_lon
Ipo_nil,6775,Ipo_nil
Ipo_pan,6776,Ipo_pan
Ipo_phi,6777,Ipo_phi
Ipo_pum,2284,Ipo_pum
Ipo_pur,6778,Ipo_pur
Ipo_sag,6779,Ipo_sag
Iposis_lon,2283,Iposis_lon
Iri_bun,295,Iri_bun
Iri_chr,296,Iri_chr
Iri_dec,297,Iri_dec
Iri_dic,298,Iri_dic
Iri_dou,299,Iri_dou
Iri_gra,300,Iri_gra
Iri_hum,301,Iri_hum
Iri_kem,302,Iri_kem
Iri_lac,303,Iri_lac
Iri_lae,304,Iri_lae
Iri_pla,305,Iri_pla
Iri_pse,306,Iri_pse
Iri_rut,307,Iri_rut
Iri_sib,308,Iri_sib
Iri_spu,310,Iri_spu
Iri_ten,312,Iri_ten
Iri_tenuif,311,Iri_tenuif
Iri_var,313,Iri_var
Iri_ver,314,Iri_ver
Iri_vir,315,Iri_vir
Isc_cap,3246,Isc_cap
Ise_hae,3390,Ise_hae
Ise_lae,3391,Ise_lae
Ise_vag,5694,Ise_vag
Iso_set,5207,Iso_set
Iso_tri,6050,Iso_tri
Iva_ann,905,Iva_ann
Iva_axi,906,Iva_axi
Iva_fru,907,Iva_fru
Iva_xan,908,Iva_xan
Ixo_bre,3392,Ixo_bre
Jac_ana,909,Jac_ana
Jac_aqu,910,Jac_aqu
Jac_car,3517,Jac_car
Jac_con,2758,Jac_con
Jac_cop,3518,Jac_cop
Jac_cus,3519,Jac_cus
Jac_dec,3520,Jac_dec
Jac_fur,2759,Jac_fur
Jac_hep,1619,Jac_hep
Jac_mac,3521,Jac_mac
Jac_mim,3522,Jac_mim
Jac_pub,3523,Jac_pub
Jac_spi,1620,Jac_spi
Jac_vul,911,Jac_vul
Jam_ame,2107,Jam_ame
Jas_mon,1346,Jas_mon
Joa_pri,4212,Joa_pri
Jor_spo,1649,Jor_spo
Jub_wil,4304,Jub_wil
Jug_nig,3199,Jug_nig
Jug_reg,3200,Jug_reg
Jun_acu,5273,Jun_acu
Jun_acut,5274,Jun_acut
Jun_alp,5275,Jun_alp
Jun_arc,5276,Jun_arc
Jun_art,5277,Jun_art
Jun_bal,5278,Jun_bal
Jun_buf,5279,Jun_buf
Jun_can,5280,Jun_can
Jun_chi,7041,Jun_chi
Jun_com,7042,Jun_com
Jun_con,5282,Jun_con
Jun_dud,5283,Jun_dud
Jun_eff,5284,Jun_eff
Jun_eff1,5284,Jun_eff
Jun_fil,5285,Jun_fil
Jun_ger,5286,Jun_ger
Jun_gre,5287,Jun_gre
Jun_hor,7043,Jun_hor
Jun_hyb,5288,Jun_hyb
Jun_inf,5289,Jun_inf
Jun_int,5290,Jun_int
Jun_mer,5291,Jun_mer
Jun_nod,5292,Jun_nod
Jun_occ,7044,Jun_occ
Jun_ost,7045,Jun_ost
Jun_par,5293,Jun_par
Jun_pel,5294,Jun_pel
Jun_sco,7046,Jun_sco
Jun_squ,5296,Jun_squ
Jun_ten,5297,Jun_ten
Jun_thu,7048,Jun_thu
Jun_tor,5298,Jun_tor
Jun_tri,5299,Jun_tri
Jun_vir,7049,Jun_vir
Junc_com,5281,Junc_com
Jur_mon,912,Jur_mon
Jus_ang,3482,Jus_ang
Kal_hir,6874,Kal_hir
Kal_his,913,Kal_his
Kal_par,6875,Kal_par
Ken_exi,2760,Ken_exi
Ken_pro,2761,Ken_pro
Kic_ela,3778,Kic_ela
Kic_spu,3779,Kic_spu
Kie_occ,4079,Kie_occ
Kie_pet,4080,Kie_pet
Kla_lyc,915,Kla_lyc
Kna_arv,2148,Kna_arv
Kna_dip,2149,Kna_dip
Kna_kit,2150,Kna_kit
Koa_gal,917,Koa_gal
Kob_cap,5209,Kob_cap
Kob_hum,5210,Kob_hum
Kob_myo,5211,Kob_myo
Koe_alt,5695,Koe_alt
Koe_cri,5885,Koe_cri
Koe_cri_a,5696,Koe_cri_a
Koe_gla,5697,Koe_gla
Koe_mac,5698,Koe_mac
Koe_pyr,5699,Koe_pyr
Kos_vir,4521,Kos_vir
Kra_cer,1741,Kra_cer
Kra_cer_2,1740,Kra_cer__sub_lan
Kra_cer1,1741,Kra_cer
Kra_lan,6872,Kra_lan
Kra_urt,4522,Kra_urt
Kri_bif,918,Kri_bif
Kri_vir,919,Kri_vir
Kum_sti,2762,Kum_sti
Kum_str,2763,Kum_str
Kun_pre,4792,Kun_pre
Kun_rec,4793,Kun_rec
Kyl_bre,5212,Kyl_bre
Kyl_odo,5213,Kyl_odo
Kyl_vag,5214,Kyl_vag
L_Agrass,7153,L_Agrass
L_bryophyta,7030,L_bryophyta
L_ericoid shrub,7159,L_ericoid shrub
L_fern,7160,L_fern
L_Forb,7154,L_Forb
L_fungus,7161,L_fungus
L_graminoid,7162,L_graminoid
L_lichen,7163,L_lichen
L_liverwort,7164,L_liverwort
L_moss,7165,L_moss
L_Pforb,7155,L_Pforb
L_Pgrass,7156,L_Pgrass
L_proteoid shrub,7166,L_proteoid shrub
L_Shrub,7157,L_Shrub
L_shrub,7167,L_shrub
L_succulent,7168,L_succulent
L_Tree,7158,L_Tree
L_woody,7169,L_woody
Lac_agg,4264,Lac_agg
Lac_bie,920,Lac_bie
Lac_can,921,Lac_can
Lac_car,2090,Lac_car
Lac_cre,4312,Lac_cre
Lac_fis,256,Lac_fis
Lac_flo,922,Lac_flo
Lac_has,4265,Lac_has
Lac_lud,923,Lac_lud
Lac_mur,924,Lac_mur
Lac_pan,3247,Lac_pan
Lac_sal,925,Lac_sal
Lac_ser,926,Lac_ser
Lac_tat,928,Lac_tat
Lac_vir,929,Lac_vir
Lae_cou,930,Lae_cou
Lae_pro,4363,Lae_pro
Lae_tha,4364,Lae_tha
Laf_pac,4628,Laf_pac
Lag_alb,5215,Lag_alb
Lag_ili,3581,Lag_ili
Lag_ram,931,Lag_ram
Lag_spe,4629,Lag_spe
Lam_alb,3582,Lam_alb
Lam_amp,3583,Lam_amp
Lam_bic,1650,Lam_bic
Lam_ema,1651,Lam_ema
Lam_gal,3584,Lam_gal
Lam_hak,4794,Lam_hak
Lam_pur,3585,Lam_pur
Lam_ter,4965,Lam_ter
Lan_cam,3894,Lan_cam
Lan_tib,3756,Lan_tib
Lap_can,6464,Lap_can
Lap_com,934,Lap_com
Lap_lut,933,Lap_lut
Lap_mar,1400,Lap_mar
Lap_myo,1401,Lap_myo
Lap_occ,1402,Lap_occ
Lap_squ,1404,Lap_squ
Lar_cun,6877,Lar_cun
Lar_div,6878,Lar_div
Lar_lar,7054,Lar_lar
Lar_nit,6879,Lar_nit
Lar_tri,6880,Lar_tri
Las_cal,935,Las_cal
Las_con,936,Las_con
Las_gla,937,Las_gla
Las_lat,101,Las_lat
Las_pru,102,Las_pru
Lat_ang,2764,Lat_ang
Lat_can,195,Lat_can
Lat_cic,2765,Lat_cic
Lat_hir,2766,Lat_hir
Lat_jap,2767,Lat_jap
Lat_lat,2768,Lat_lat
Lat_lin,2769,Lat_lin
Lat_nev,2770,Lat_nev
Lat_nig,2771,Lat_nig
Lat_nis,2772,Lat_nis
Lat_och,2773,Lat_och
Lat_pal,2774,Lat_pal
Lat_pan,2775,Lat_pan
Lat_pan1,2775,Lat_pan
Lat_pol,2777,Lat_pol
Lat_polym,2776,Lat_polym
Lat_pra,2778,Lat_pra
Lat_syl,2780,Lat_syl
Lat_tor,2781,Lat_tor
Lat_tub,2782,Lat_tub
Lat_ven,2783,Lat_ven
Lat_ver,2784,Lat_ver
Lat_ves,2785,Lat_ves
Lat_ves1,2785,Lat_ves
Lau_pro,938,Lau_pro
Lav_thu,4523,Lav_thu
Lax_tes,3248,Lax_tes
Lay_chr,939,Lay_chr
Lay_gla,940,Lay_gla
Lay_pla,941,Lay_pla
Lea_aus,4646,Lea_aus
Lea_car,4647,Lea_car
Lea_dic,4648,Lea_dic
Lea_mex,4649,Lea_mex
Leb_ser,2786,Leb_ser
Lec_amp,2264,Lec_amp
Lec_lan,2265,Lec_lan
Lec_lur,2266,Lec_lur
Lec_muc,4469,Lec_muc
Lec_pis,2267,Lec_pis
Lec_str,4470,Lec_str
Lec_ten,4471,Lec_ten
Led_pal1,2233,Led_pal
Lee_hex,5700,Lee_hex
Lee_ory,5701,Lee_ory
Lee_vir,5702,Lee_vir
Lei_cra,5266,Lei_cra
Lei_cur,5267,Lei_cur
Lei_sch,1652,Lei_sch
Lem_gib,20,Lem_gib
Lem_min,21,Lem_min
Lem_nig,2788,Lem_nig
Lem_tri,23,Lem_tri
Leo_car,3586,Leo_car
Leo_com,257,Leo_com
Leo_ded,947,Leo_ded
Leo_his,942,Leo_his
Leo_inc,943,Leo_inc
Leo_och,948,Leo_och
Leo_sax,944,Leo_sax
Leo_tar,946,Leo_tar
Lep_afr,1552,Lep_afr
Lep_ape,1553,Lep_ape
Lep_cam,1554,Lep_cam
Lep_can,949,Lep_can
Lep_car,1555,Lep_car
Lep_con,4795,Lep_con
Lep_cor,1556,Lep_cor
Lep_den,1557,Lep_den
Lep_dig,5703,Lep_dig
Lep_dra,1558,Lep_dra
Lep_dub,5704,Lep_dub
Lep_eru,4796,Lep_eru
Lep_fum,6140,Lep_fum
Lep_gra,1559,Lep_gra
Lep_hum,4094,Lep_hum
Lep_lae,4797,Lep_lae
Lep_las,1560,Lep_las
Lep_lat,1561,Lep_lat
Lep_mon,1562,Lep_mon
Lep_nit,1563,Lep_nit
Lep_per,1564,Lep_per
Lep_pyr,6938,Lep_pyr
Lep_squ,5217,Lep_squ
Lep_sub,1566,Lep_sub
Lep_vir,1567,Lep_vir
Lept_squ,950,Lept_squ
Les_ang,2789,Les_ang
Les_bre,953,Les_bre
Les_cap,2790,Les_cap
Les_fen,1568,Les_fen
Les_fru,2791,Les_fru
Les_ger,951,Les_ger_var_gla
Les_gra,954,Les_gra
Les_hir,2792,Les_hir
Les_inc,6985,Les_inc
Les_inf,2797,Les_inf
Les_jun,2793,Les_jun_var_ser
Les_lep,2794,Les_lep
Les_lin,955,Les_lin
Les_lud,1569,Les_lud
Les_psi,956,Les_psi
Les_vio,2795,Les_vio
Les_vir,2796,Les_vir
Leu_cep,3588,Leu_cep
Leu_inc,2799,Leu_inc
Leu_irc,957,Leu_irc
Leu_lau,6051,Leu_lau
Leu_leu,2798,Leu_leu
Leu_vul,958,Leu_vul
Leu_xan,6052,Leu_xan
Ley_ang,5705,Ley_ang
Ley_chi,5706,Ley_chi
Ley_cin,5707,Ley_cin
Ley_gna,959,Ley_gna
Ley_inn,5708,Ley_inn
Ley_mol,5709,Ley_mol
Ley_rac,5710,Ley_rac
Ley_sec,5711,Ley_sec
Ley_tri,5712,Ley_tri
Lia_asp,960,Lia_asp
Lia_cyl,961,Lia_cyl
Lia_lan,962,Lia_lan
Lia_lig,963,Lia_lig
Lia_pun,964,Lia_pun
Lia_pyc,965,Lia_pyc
Lia_sca,966,Lia_sca
Lia_sp,968,Lia_sp
Lia_spi,967,Lia_spi
Lia_squ,969,Lia_squ
Lib_buc,103,Lib_buc
Lib_fer,2800,Lib_fer
Lic_bah,3926,Lic_bah
Lic_bel,4095,Lic_bel
Lic_het,4096,Lic_het
Lic_hyp,4097,Lic_hyp
Lic_kun,4098,Lic_kun
Lic_mic,4099,Lic_mic
Lic_sal,4100,Lic_sal
Lic_tom,4102,Lic_tom
Lie_fil,3445,Lie_fil
Lig_api,104,Lig_api
Lig_obt,3700,Lig_obt
Lig_vul,3702,Lig_vul
Lil_bul,3990,Lil_bul
Lil_mar,3991,Lil_mar
Lil_mic,3992,Lil_mic
Lil_pen,3993,Lil_pen
Lil_phi,3994,Lil_phi
Lim_car,1943,Lim_car
Lin_arv,3780,Lin_arv
Lin_aus,4270,Lin_aus
Lin_ausle,4269,Lin_ausle
Lin_bak,2285,Lin_bak
Lin_ben,3928,Lin_ben
Lin_bic,2286,Lin_bic
Lin_bie,4271,Lin_bie
Lin_big,2287,Lin_big
Lin_can,3781,Lin_can
Lin_cat,4272,Lin_cat
Lin_cil,2288,Lin_cil
Lin_dal,3782,Lin_dal
Lin_dub,3690,Lin_dub
Lin_fla,4273,Lin_fla
Lin_gen,3783,Lin_gen
Lin_gra,4274,Lin_gra
Lin_lau,4075,Lin_lau
Lin_lew,4275,Lin_lew
Lin_nut,5713,Lin_nut
Lin_par,2289,Lin_par
Lin_pel,3784,Lin_pel
Lin_per,4276,Lin_per
Lin_pra,4277,Lin_pra
Lin_pub,4278,Lin_pub
Lin_pun,2290,Lin_pun
Lin_pyg,2291,Lin_pyg
Lin_rig,4279,Lin_rig
Lin_sim,3785,Lin_sim
Lin_spa,3786,Lin_spa
Lin_str,4281,Lin_str
Lin_sul,4282,Lin_sul
Lin_tri,4283,Lin_tri
Lin_usi,4284,Lin_usi
Lin_ver,4285,Lin_ver
Lin_vul,3787,Lin_vul
Lip_jav,3896,Lip_jav
Lip_loe,356,Lip_loe
Lip_lup,3897,Lip_lup
Lip_mac,3898,Lip_mac
Liq_sty,6687,Liq_sty
Lir_tul,4065,Lir_tul
Lit_bul,6730,Lit_bul
Lit_can,1405,Lit_can
Lit_car,1406,Lit_car
Lit_cau,6509,Lit_cau
Lit_inc,1407,Lit_inc
Lit_mol,6508,Lit_mol
Lit_par,6731,Lit_par
Lit_ten,6733,Lit_ten
Lob_car,1347,Lob_car
Lob_cor,1348,Lob_cor
Lob_inf,1349,Lob_inf
Lob_kal,1350,Lob_kal
Lob_mar,1570,Lob_mar
Lob_pin,1351,Lob_pin
Lob_sip,1352,Lob_sip
Lob_spi,1353,Lob_spi
Loe_bad,6968,Loe_bad
Log_min,970,Log_min
Loi_pro,2234,Loi_pro
Lol_mul,5714,Lol_mul
Lol_per,5715,Lol_per
Lol_rig,5716,Lol_rig
Lom_cou,105,Lom_cou
Lom_dis,106,Lom_dis
Lom_foe,107,Lom_foe
Lom_mar,108,Lom_mar
Lom_ori,109,Lom_ori
Lom_tri,111,Lom_tri
Lom_utr,112,Lom_utr
Lon_bel,2151,Lon_bel
Lon_cul,2801,Lon_cul
Lon_dio,2152,Lon_dio
Lon_fer,2802,Lon_fer
Lon_hep,2803,Lon_hep
Lon_his,2153,Lon_his
Lon_inv,2154,Lon_inv
Lon_jap,2155,Lon_jap
Lon_maa,2156,Lon_maa
Lon_per,2157,Lon_per
Lon_pro,2158,Lon_pro
Lon_ret,2159,Lon_ret
Lon_tat,2162,Lon_tat
Lon_tat1,2161,Lon_tat_var_mor
Lon_vel,2805,Lon_vel
Lon_xyl,2163,Lon_xyl
Lot_cor,2806,Lot_cor
Lot_dor,2807,Lot_dor
Lot_ger,2808,Lot_ger
Lot_gla,2809,Lot_gla
Lot_mar,2810,Lot_mar
Lot_par,2811,Lot_par
Lot_ped,2812,Lot_ped
Lot_ple,2813,Lot_ple
Lot_pur,2814,Lot_pur
Lot_ten,2816,Lot_ten
Lou_bal,971,Lou_bal
Lou_chr,5718,Lou_chr
Loz_pit,4267,Loz_pit
Luc_nit,972,Luc_nit
Lud_ala,4914,Lud_ala
Lud_alt,4915,Lud_alt
Lud_lep,4916,Lud_lep
Lud_mar,4917,Lud_mar
Lud_mic,4918,Lud_mic
Lud_pal,4919,Lud_pal
Lud_per,4920,Lud_per
Lud_pil,4921,Lud_pil
Lud_rep,4922,Lud_rep
Lud_suf,4924,Lud_suf
Lue_can,4524,Lue_can
Lue_gra,4526,Lue_gra
Lue_med,4525,Lue_med
Lue_pan,4527,Lue_pan
Lue_pec,6330,Lue_pec
Lue_see,4528,Lue_see
Lue_spe,4529,Lue_spe
Lui_hyp,973,Lui_hyp
Lup_ang,2817,Lup_ang
Lup_arg,2818,Lup_arg
Lup_bic,2819,Lup_bic
Lup_con,2820,Lup_con
Lup_lat,2821,Lup_lat
Lup_lep,2822,Lup_lep
Lup_leu,2823,Lup_leu
Lup_lit,2824,Lup_lit
Lup_nan,2825,Lup_nan
Lup_per,2826,Lup_per
Lup_pol,2827,Lup_pol
Lup_suc,2829,Lup_suc
Luz_cam,5300,Luz_cam
Luz_com,5301,Luz_com
Luz_flu,5719,Luz_flu
Luz_luz,5302,Luz_luz
Luz_mul,5303,Luz_mul
Luz_par,5304,Luz_par
Luz_pil,5305,Luz_pil
Luz_spi,5306,Luz_spi
Luz_syl,5308,Luz_syl
Lyc_aci,6799,Lyc_aci
Lyc_ame,3590,Lyc_ame
Lyc_and,6800,Lyc_and
Lyc_asp,3591,Lyc_asp
Lyc_cin,6801,Lyc_cin
Lyc_com,7097,Lyc_com
Lyc_esc,6832,Lyc_esc
Lyc_eur,3592,Lyc_eur
Lyc_exa,3593,Lyc_exa
Lyc_pas,974,Lyc_pas
Lyc_phl,5720,Lyc_phl
Lyc_uni,3595,Lyc_uni
Lyci_eur,6802,Lyci_eur
Lyg_jun,975,Lyg_jun
Lyo_fer,2235,Lyo_fer
Lyo_fru,2236,Lyo_fru
Lys_arv,2322,Lys_arv
Lys_cil,2323,Lys_cil
Lys_eur,2324,Lys_eur
Lys_lan,2325,Lys_lan
Lys_lin,2326,Lys_lin
Lys_nem,2327,Lys_nem
Lys_num,2328,Lys_num
Lys_qua,2330,Lys_qua
Lys_quadriflora,2329,Lys_quadriflora
Lys_ter,2332,Lys_ter
Lys_thy,2333,Lys_thy
Lys_vul,2334,Lys_vul
Lyt_ala,4630,Lyt_ala
Lyt_hys,4631,Lyt_hys
Lyt_sal,4632,Lyt_sal
Lyt_vir,4633,Lyt_vir
Mab_fis,4213,Mab_fis
Mab_occ,4214,Mab_occ
Mac_arb,2830,Mac_arb
Mac_atr,2848,Mac_atr
Mac_bra,2831,Mac_bra
Mac_can,976,Mac_can
Mac_flo,2832,Mac_flo
Mac_ful,2833,Mac_ful
Mac_gra,977,Mac_gra
Mac_isa,2834,Mac_isa
Mac_keg,2835,Mac_keg
Mac_kuh,4365,Mac_kuh
Mac_lat,2847,Mac_lat
Mac_lath,2849,Mac_lath
Mac_mic,2836,Mac_mic
Mac_mil,2837,Mac_mil
Mac_nyc,2838,Mac_nyc
Mac_ova,2839,Mac_ova
Mac_pin,978,Mac_pin
Mac_pol,2840,Mac_pol
Mac_pom,6231,Mac_pom
Mac_ros,3393,Mac_ros
Mac_sal,2841,Mac_sal
Mac_scl,2842,Mac_scl
Mac_see,2843,Mac_see
Mac_sti,2845,Mac_sti
Mac_tan,979,Mac_tan
Mac_tin,6232,Mac_tin
Mac_vil,2846,Mac_vil
Mad_ele,980,Mad_ele
Mad_exi,981,Mad_exi
Mad_gra,982,Mad_gra
Mag_vir,4066,Mag_vir
Mai_aph,1742,Mai_aph
Mai_can,258,Mai_can
Mai_exc,1743,Mai_exc
Mai_rac,259,Mai_rac
Mai_roh,1744,Mai_roh
Mai_ste,260,Mai_ste
Mal_alc,4531,Mal_alc
Mal_dom,6331,Mal_dom
Mal_fen,984,Mal_fen
Mal_gua,3249,Mal_gua
Mal_mos,4532,Mal_mos
Mal_neg,4533,Mal_neg
Mal_par,4534,Mal_par
Mal_pus,4535,Mal_pus
Mal_qua,3250,Mal_qua
Mal_syl,4537,Mal_syl
Man_alb,1745,Man_alb
Man_ela,2359,Man_ela
Man_hir,3251,Man_hir
Man_ind,6510,Man_ind
Man_ruf,2360,Man_ruf
Man_sal,2361,Man_sal
Man_sub,2362,Man_sub
Man_vil,3252,Man_vil
Mant_sal,985,Mant_sal
Map_gui,4216,Map_gui
Maq_gui,6233,Maq_gui
Mar_cla,4799,Mar_cla
Mar_ema,7001,Mar_ema
Mar_est,4800,Mar_est
Mar_exc,4801,Mar_exc
Mar_gla,4802,Mar_gla
Mar_lax,4081,Mar_lax
Mar_nep,2269,Mar_nep
Mar_nob,4340,Mar_nob
Mar_obo,3525,Mar_obo
Mar_obv,4803,Mar_obv
Mar_ore,2126,Mar_ore
Mar_pan,4103,Mar_pan
Mar_pol,7006,Mar_pol
Mar_suc,4805,Mar_suc
Mar_tax,4650,Mar_tax
Mar_tom,4806,Mar_tom
Mar_vul,3596,Mar_vul
Mari_pan,6781,Mari_pan
Mas_ova,4306,Mas_ova
Mat_cha,986,Mat_cha
Mat_dis,987,Mat_dis
Mat_ela,6656,Mat_ela
Mat_gui,6657,Mat_gui
Mat_ing,6658,Mat_ing
Mat_mat,988,Mat_mat
Mat_opp,6659,Mat_opp
Mat_rec,989,Mat_rec
Mat_str,7093,Mat_str
Mat_sua,991,Mat_sua
Mata_dis,6655,Mata_dis
May_boa,2058,May_boa
May_ces,2059,May_ces
May_gon,2060,May_gon
May_mul,2061,May_mul
May_pat,2062,May_pat
May_sam,2063,May_sam
May_sch,2064,May_sch
Mec_acu1,3788,Mec_acu
Mec_pro,3789,Mec_pro
Med_ara,2850,Med_ara
Med_fal,2851,Med_fal
Med_lac,2852,Med_lac
Med_lup,2853,Med_lup
Med_min,2854,Med_min
Med_mon,2855,Med_mon
Med_orb,2856,Med_orb
Med_pol,2857,Med_pol
Med_polpha,2858,Med_polpha
Med_rig,2859,Med_rig
Med_rut,2860,Med_rut
Med_sat,2861,Med_sat
Med_sat1,2861,Med_sat
Med_sat2,2861,Med_sat
Med_tru,2863,Med_tru
Meg_meg,1571,Meg_meg
Mel_acu,4807,Mel_acu
Mel_alb,2866,Mel_alb
Mel_alb_a,2865,Mel_alb_a
Mel_alt,2867,Mel_alt
Mel_arv,3726,Mel_arv
Mel_atr,4808,Mel_atr
Mel_aze,6564,Mel_aze
Mel_bra,2864,Mel_bra
Mel_brac,4809,Mel_brac
Mel_bre,4810,Mel_bre
Mel_cal,5721,Mel_cal
Mel_caly,4811,Mel_caly
Mel_car,4812,Mel_car
Mel_cil,5722,Mel_cil
Mel_cri,3727,Mel_cri
Mel_cuc,4813,Mel_cuc
Mel_den,2868,Mel_den
Mel_dep,4814,Mel_dep
Mel_ele,4815,Mel_ele
Mel_ell,4816,Mel_ell
Mel_esp,6660,Mel_esp
Mel_gey,5723,Mel_gey
Mel_gla,4817,Mel_gla
Mel_hal,4818,Mel_hal
Mel_ham,4819,Mel_ham
Mel_hap,4820,Mel_hap
Mel_hol,4821,Mel_hol
Mel_ind,2869,Mel_ind
Mel_lep,4822,Mel_lep
Mel_leu,992,Mel_leu
Mel_mel,3597,Mel_mel
Mel_min,5728,Mel_min
Mel_nea,2870,Mel_nea
Mel_nem,4823,Mel_nem
Mel_nemo,3728,Mel_nemo
Mel_nig,3394,Mel_nig
Mel_niv,993,Mel_niv
Mel_nut,5724,Mel_nut
Mel_off,2871,Mel_off
Mel_off1,2871,Mel_off
Mel_oli,6661,Mel_oli
Mel_oli1,6661,Mel_oli
Mel_ova,4538,Mel_ova
Mel_par,4824,Mel_par
Mel_pau,4825,Mel_pau
Mel_pen,4826,Mel_pen
Mel_pra,3729,Mel_pra
Mel_psa,4827,Mel_psa
Mel_rep,5729,Mel_rep
Mel_rig,4828,Mel_rig
Mel_sel,6061,Mel_sel
Mel_spa,4829,Mel_spa
Mel_sua,2873,Mel_sua
Mel_sub,4830,Mel_sub
Mel_subf,4831,Mel_subf
Mel_sul,2874,Mel_sul
Mel_tor,4832,Mel_tor
Mel_tra,5727,Mel_tra
Mel_tub,4833,Mel_tub
Mel_unc,4834,Mel_unc
Mel_und,4835,Mel_und
Mel_vel,4539,Mel_vel
Mel_vim,4836,Mel_vim
Meli_sub,5726,Meli_sub
Melo_pen,2127,Melo_pen
Men_aqu,3598,Men_aqu
Men_arv,3599,Men_arv
Men_asp,2111,Men_asp
Men_can,3600,Men_can
Men_gra,3484,Men_gra
Men_lin,3485,Men_lin
Men_lon,3601,Men_lon
Men_mul,2112,Men_mul
Men_pip,3602,Men_pip
Men_pul,3603,Men_pul
Men_pum,2113,Men_pum
Men_spi,3604,Men_spi
Men_sua,3606,Men_sua
Meni_can,6073,Meni_can
Mer_ann,4217,Mer_ann
Mer_lan,1409,Mer_lan
Mer_ova,4218,Mer_ova
Mer_per,4219,Mer_per
Mer_tom,4220,Mer_tom
Mes_exa,5730,Mes_exa
Mes_gue,1654,Mes_gue
Mes_lol,5731,Mes_lol
Met_mar,6599,Met_mar
Met_mur,994,Met_mur
Met_nig,6600,Met_nig
Met_per,3253,Met_per
Met_sti,6601,Met_sti
Mic_aff,4651,Mic_aff
Mic_alb,4652,Mic_alb
Mic_arg,4653,Mic_arg
Mic_cal,995,Mic_cal
Mic_car,4674,Mic_car
Mic_cin,4654,Mic_cin
Mic_con,4675,Mic_con
Mic_cra,2363,Mic_cra
Mic_dor,4655,Mic_dor
Mic_dou,3607,Mic_dou
Mic_dub,3868,Mic_dub
Mic_ela,4656,Mic_ela
Mic_gar,2364,Mic_gar
Mic_gna,2365,Mic_gna
Mic_gra,2293,Mic_gra
Mic_het,997,Mic_het
Mic_hol,4657,Mic_hol
Mic_hyp,4658,Mic_hyp
Mic_imp,4659,Mic_imp
Mic_kun,5732,Mic_kun
Mic_lac,998,Mic_lac
Mic_lep,4661,Mic_lep
Mic_lig,4662,Mic_lig
Mic_mel,2366,Mic_mel
Mic_min,4663,Mic_min
Mic_mir,4664,Mic_mir
Mic_mul,4665,Mic_mul
Mic_pen,6734,Mic_pen
Mic_poe,4666,Mic_poe
Mic_pra,4667,Mic_pra
Mic_rim,4668,Mic_rim
Mic_sag,3254,Mic_sag
Mic_ser,4669,Mic_ser
Mic_ser_a,4222,Mic_ser_a
Mic_sim,4670,Mic_sim
Mic_sma,4671,Mic_sma
Mic_spl,4672,Mic_spl
Mic_vim,5733,Mic_vim
Mico_lac,4660,Mico_lac
Micros_dou,996,Micros_dou
Mik_ban,999,Mik_ban
Mik_gua,1000,Mik_gua
Mik_lei,1001,Mik_lei
Mik_sca,1002,Mik_sca
Mim_cae,2876,Mim_cae
Mim_deb,2877,Mim_deb
Mim_gut,3757,Mim_gut
Mim_nan,3758,Mim_nan
Mim_nut,2878,Mim_nut
Mim_qua,2879,Mim_qua_var_ang
Mim_rin,3759,Mim_rin
Mim_sp,3760,Mim_sp
Mim_tri,3761,Mim_tri
Mim_xan,2881,Mim_xan_var_sub
Min_arc,1823,Min_arc
Min_dou,1824,Min_dou
Min_gui,6487,Min_gui
Min_hyb,1825,Min_hyb
Min_mic,1826,Min_mic
Mir_alb,1926,Mir_alb
Mir_hir,1927,Mir_hir
Mir_lin,1928,Mir_lin
Mis_oro,3790,Mis_oro
Mit_hir,3395,Mit_hir
Mit_ova,6735,Mit_ova
Mit_pet,3306,Mit_pet
Mni_hor,6941,Mni_hor
Moe_lat,1828,Moe_lat
Moe_mac,1829,Moe_mac
Mol_aru,5735,Mol_aru
Mol_cae,5736,Mol_cae
Mol_cer,1890,Mol_cer
Mol_fre,5737,Mol_fre
Mol_mar,3969,Mol_mar
Mol_ova,3970,Mol_ova
Mol_pan,3396,Mol_pan
Mol_pap,2882,Mol_pap
Mol_ver,1892,Mol_ver
Mol_vir,3971,Mol_vir
Mol_wid,3972,Mol_wid
Mon_ang,3469,Mon_ang
Mon_aqu,2066,Mon_aqu
Mon_car,6785,Mon_car
Mon_did,3608,Mon_did
Mon_evo,2067,Mon_evo
Mon_fis,3609,Mon_fis
Mon_lin,1902,Mon_lin
Mon_lut,1355,Mon_lut
Mon_mon,1004,Mon_mon
Mon_pun,3610,Mon_pun
Moq_pol,1005,Moq_pol_sub_pol
Mor_alb,6234,Mor_alb
Mor_arv,1572,Mor_arv
Mor_bel,316,Mor_bel
Mor_cer,3202,Mor_cer
Mor_col,317,Mor_col
Mor_gua,4541,Mor_gua
Mor_mor,1573,Mor_mor
Mor_rub,6235,Mor_rub
Mos_jam,6511,Mos_jam
Mos_pol,3558,Mos_pol
Mou_arb,4677,Mou_arb
Mou_gla,4678,Mou_gla
Muh_are,5739,Muh_are
Muh_areni,5740,Muh_areni
Muh_asp,5741,Muh_asp
Muh_cus,5742,Muh_cus
Muh_fro,5743,Muh_fro
Muh_glo,5744,Muh_glo
Muh_mex,5745,Muh_mex
Muh_mon,5746,Muh_mon
Muh_por,5747,Muh_por
Muh_rac,5748,Muh_rac
Muh_ric,5749,Muh_ric
Muh_sch,5750,Muh_sch
Muh_ser,5751,Muh_ser
Mun_squ,5753,Mun_squ
Mur_hei,3105,Mur_hei
Mur_nud,2082,Mur_nud
Mur_spi,3106,Mur_spi
Mus_rac,261,Mus_rac
Mya_per,1574,Mya_per
Myl_ano,7074,Myl_ano
Myo_arv,1410,Myo_arv
Myo_dis,1411,Myo_dis
Myo_ins,3869,Myo_ins
Myo_lax,1412,Myo_lax
Myo_lax1,1412,Myo_lax
Myo_min,6141,Myo_min
Myo_ram,1413,Myo_ram
Myo_sco,1414,Myo_sco
Myo_str,1416,Myo_str
Myo_syl,1417,Myo_syl
Myo_ver,1418,Myo_ver
Myr_afr,2335,Myr_afr
Myr_ama,4837,Myr_ama
Myr_amp,4838,Myr_amp
Myr_cla,4845,Myr_cla
Myr_cor,2336,Myr_cor
Myr_eum,4839,Myr_eum
Myr_flo,4853,Myr_flo
Myr_fol,4840,Myr_fol
Myr_fro,2883,Myr_fro
Myr_heb,4841,Myr_heb
Myr_isa,4842,Myr_isa
Myr_lin,4843,Myr_lin
Myr_lon,6465,Myr_lon
Myr_mul,4844,Myr_mul
Myr_par,2337,Myr_par
Myr_pen,3203,Myr_pen
Myr_per,2884,Myr_per
Myr_pun,4852,Myr_pun
Myr_rio,4846,Myr_rio
Myr_sib,6720,Myr_sib
Myr_spi,6721,Myr_spi
Myr_spl,4847,Myr_spl
Myr_ten,4855,Myr_ten
Myr_tom,4849,Myr_tom
Myr_umb,2339,Myr_umb
Myr_uru,6512,Myr_uru
Myr_ven,4850,Myr_ven
Myr_vit,4851,Myr_vit
Nab_alb,1007,Nab_alb
Nab_alt,1008,Nab_alt
Nab_asp,1009,Nab_asp
Nab_cre,1010,Nab_cre
Nab_rac,1011,Nab_rac
Naj_fle,33,Naj_fle
Nam_his,1477,Nam_his
Nap_dio,4542,Nap_dio
Nar_geo,7002,Nar_geo
Nar_pse,235,Nar_pse
Nar_str,5755,Nar_str
Nas_lon,5756,Nas_lon
Nas_nee,5757,Nas_nee
Nas_off,1575,Nas_off
Nas_pul,5758,Nas_pul
Nas_ten,5760,Nas_ten
Nas_ten_a,5761,Nas_ten_a
Nas_tri,5762,Nas_tri
Nas_vir,5763,Nas_vir
Nau_obl,6236,Nau_obl
Nav_atr,2294,Nav_atr
Nav_jep,2295,Nav_jep
Nav_pub,2296,Nav_pub
Nav_spp,2297,Nav_spp
Nea_apu,1419,Nea_apu
Nec_amb,3929,Nec_amb
Nec_cis,3930,Nec_cis
Nec_cus,3931,Nec_cus
Nec_fuz,3932,Nec_fuz
Nec_lan,3933,Nec_lan
Nec_meg,3934,Nec_meg
Nec_pur,3935,Nec_pur
Nec_sal,3936,Nec_sal
Nee_amp,1930,Nee_amp
Nee_del,1931,Nee_del
Nee_flo,1932,Nee_flo
Nem_men,1464,Nem_men
Nem_par,1465,Nem_par
Neo_alb,6602,Neo_alb
Neo_ame,1746,Neo_ame
Neo_lan,4857,Neo_lan
Neo_mag,6603,Neo_mag
Neo_nec,1617,Neo_nec
Neo_nid,360,Neo_nid
Neo_ova,361,Neo_ova
Neo_pec,1012,Neo_pec
Neo_sti,4858,Neo_sti
Neo_ust,359,Neo_ust
Neo_ust1,358,Neo_ust_var_aes
Nep_ann,3611,Nep_ann
Nep_arc,6914,Nep_arc
Nep_cat,3612,Nep_cat
Nep_gra,2885,Nep_gra
Nep_mul,3613,Nep_mul
Nep_nud,3614,Nep_nud
Nep_par,6915,Nep_par
Nes_pan,1576,Nes_pan
Neu_lob,1013,Neu_lob
Nic_obt,6805,Nic_obt
Nic_phy,6804,Nic_phy
Nip_can,6960,Nip_can
Not_bra,1747,Not_bra
Not_cus,1014,Not_cus
Not_den,3169,Not_den
Not_ser,1016,Not_ser
Not_tro,1015,Not_tro
Nup_adv,4955,Nup_adv
Nup_lut,4956,Nup_lut
Nup_mic,4957,Nup_mic
Nup_var,4958,Nup_var
Nut_can,3791,Nut_can
Nuy_flo,6479,Nuy_flo
Nym_cor,1371,Nym_cor
Nym_odo,4959,Nym_odo
Nym_pel,1372,Nym_pel
Nys_syl,2115,Nys_syl
Och_com,5764,Och_com
Och_pyr,4543,Och_pyr
Oci_ame,3615,Oci_ame
Oco_arg,3938,Oco_arg
Oco_ati,3939,Oco_ati
Oco_beu,3940,Oco_beu
Oco_cer,3941,Oco_cer
Oco_con,3943,Oco_con
Oco_conta,3942,Oco_conta
Oco_cor,3944,Oco_cor
Oco_den,3945,Oco_den
Oco_div,3946,Oco_div
Oco_fas,3947,Oco_fas
Oco_gla,3948,Oco_gla
Oco_ind,3949,Oco_ind
Oco_ins,3950,Oco_ins
Oco_lan,3951,Oco_lan
Oco_leu,3952,Oco_leu
Oco_mac,3953,Oco_mac
Oco_mos,3954,Oco_mos
Oco_nit,3955,Oco_nit
Oco_nut,3956,Oco_nut
Oco_odo,3957,Oco_odo
Oco_plu,3958,Oco_plu
Oco_pub,3959,Oco_pub
Oco_pul,3960,Oco_pul
Oco_rub,3961,Oco_rub
Oco_uxp,3963,Oco_uxp
Oco_vel,3964,Oco_vel
Oco_whi,3965,Oco_whi
Odo_mac,3255,Odo_mac
Odo_pun,3256,Odo_pun
Odo_tru,6074,Odo_tru
Odo_ver1,3730,Odo_ver
Odo_vul,3731,Odo_vul
Oed_cap,1018,Oed_cap
Oem_cer,6333,Oem_cer
Oen_aca,4925,Oen_aca
Oen_alb,4926,Oen_alb
Oen_aqu,113,Oen_aqu
Oen_bie,4927,Oen_bie
Oen_cae,4928,Oen_cae
Oen_ces,4929,Oen_ces
Oen_cle,4930,Oen_cle
Oen_con,4931,Oen_con
Oen_cur,4932,Oen_cur
Oen_hum,4933,Oen_hum
Oen_lac,4934,Oen_lac
Oen_mac,4935,Oen_mac
Oen_map,196,Oen_map
Oen_mis,4936,Oen_mis
Oen_pal,4937,Oen_pal
Oen_par,4938,Oen_par
Oen_per,4939,Oen_per
Oen_pim,114,Oen_pim
Oen_pri,4940,Oen_pri
Oen_rho,4941,Oen_rho
Oen_ser,4942,Oen_ser
Oen_spe,4943,Oen_spe
Oen_suf,4945,Oen_suf
Oen_vil,4946,Oen_vil
Old_uni,3397,Old_uni
Ole_cap,3703,Ole_cap
Ole_eur,3684,Ole_eur
Oma_nor,1019,Oma_nor
Oma_sup,1020,Oma_sup
Omp_dia,4223,Omp_dia
Onc_pil,1021,Onc_pil
Onc_suf,1022,Onc_suf
Ono_aca,1023,Ono_aca
Ono_are,2886,Ono_are
Ono_bej,1420,Ono_bej
Ono_his,1421,Ono_his
Ono_ill,1024,Ono_ill
Ono_mol,1422,Ono_mol
Ono_ner,1025,Ono_ner
Ono_sen,7094,Ono_sen
Ono_spi,2888,Ono_spi
Ono_spi1,2888,Ono_spi
Ono_spi2,2888,Ono_spi
Ono_tri,2890,Ono_tri
Ono_tri1,2890,Ono_tri
Ono_vic,2887,Ono_vic
Oph_api,362,Oph_api
Oph_hol,363,Oph_hol
Oph_ins,364,Oph_ins
Oph_sph,365,Oph_sph
Oph_vul,7106,Oph_vul
Opu_eng,1774,Opu_eng
Opu_fra,1775,Opu_fra
Opu_hum,1776,Opu_hum
Opu_mac,1777,Opu_mac
Opu_mac_a,1778,Opu_mac_a
Opu_pha,1779,Opu_pha
Opu_pol,1780,Opu_pol
Opu_str,1782,Opu_str
Orc_cor,337,Ana_cor
Orc_mas,366,Orc_mas
Orc_mas1,366,Orc_mas
Orc_mil,367,Orc_mil
Orc_pal,368,Orc_pal
Ore_lim,7123,Ore_lim
Ori_vul,3617,Ori_vul
Orm_ama,2891,Orm_ama
Orm_arb,2892,Orm_arb
Orm_coc,2893,Orm_coc
Orm_nit,2894,Orm_nit
Orn_com,2896,Orn_com
Orn_ort1,262,Orn_ort
Orn_per,2897,Orn_per
Orn_pyr,263,Orn_pyr
Orn_thy,264,Orn_thy
Orn_umb,265,Orn_umb
Oro_alb,3732,Oro_alb
Oro_als,3733,Oro_als
Oro_aqu,24,Oro_aqu
Oro_cae,2898,Oro_cae
Oro_car,3734,Oro_car
Oro_fim,6697,Oro_fim
Oro_min,3735,Oro_min
Oro_pur,3736,Oro_pur
Oro_spi,6698,Oro_spi
Ort_ang,1027,Ort_ang
Ort_imb,3738,Ort_imb
Ort_lut,3739,Ort_lut
Ory_hym,5765,Ory_hym
Osm_ari,115,Osm_ari_var_ari
Osm_chi,116,Osm_chi
Osm_cin,7109,Osm_cin
Osm_cla,7108,Osm_cla
Osm_lon,117,Osm_lon
Ost_mon,1028,Ost_mon
Ost_sin,1029,Ost_sin
Ost_vir,3156,Ost_vir
Oth_arb,1031,Oth_arb
Oth_cyl,1032,Oth_cyl
Oth_dau,1033,Oth_dau
Oth_qui,1034,Oth_qui
Oth_vir,2899,Oth_vir
Oto_nov,4067,Oto_nov
Ott_str,2900,Ott_str
Our_cas,4313,Our_cas
Our_cus,4314,Our_cus
Our_luc,4315,Our_luc
Our_spe,4316,Our_spe
Our_val,4318,Our_val
Oxa_ace,4972,Oxa_ace
Oxa_cor,4973,Oxa_cor
Oxa_dil,4974,Oxa_dil
Oxa_las,4975,Oxa_las
Oxa_lon,4042,Oxa_lon
Oxa_mar,4043,Oxa_mar
Oxa_nit,4044,Oxa_nit
Oxa_obt,4976,Oxa_obt
Oxa_pes,4977,Oxa_pes
Oxa_pur,4978,Oxa_pur
Oxa_ret,4045,Oxa_ret
Oxa_str,4980,Oxa_str
Oxa_ten,4981,Oxa_ten
Oxa_tom,4982,Oxa_tom
Oxa_vio,4983,Oxa_vio
Oxy_aca,2901,Oxy_aca
Oxy_aci,2902,Oxy_aci
Oxy_cam,2903,Oxy_cam
Oxy_dia,2904,Oxy_dia
Oxy_dig,1979,Oxy_dig
Oxy_kos,2905,Oxy_kos
Oxy_lam,2906,Oxy_lam
Oxy_mic,2907,Oxy_mic
Oxy_myr,2908,Oxy_myr
Oxy_nyc,1934,Oxy_nyc
Oxy_och,2909,Oxy_och
Oxy_oxy,2910,Oxy_oxy
Oxy_rig,118,Oxy_rig
Oxy_sap,2911,Oxy_sap
Oxy_ser,2912,Oxy_ser
Oxy_sin,1978,Oxy_sin
Oxy_ten,2913,Oxy_ten
Pac_aqu,4544,Pac_aqu
Pac_aur,1035,Pac_aur
Pac_can,1036,Pac_can
Pac_fen,1037,Pac_fen
Pac_gla,1038,Pac_gla
Pac_gla_a,4545,Pac_gla_a
Pac_lon,4224,Pac_lon
Pac_pan,2914,Pac_pan
Pac_pau,1039,Pac_pau
Pac_pla,1040,Pac_pla
Pac_pse,1041,Pac_pse
Pac_ses,4546,Pac_ses
Pac_ste,4547,Pac_ste
Pac_ter,1633,Pac_ter
Pae_chl,5268,Pae_chl
Pae_gen,5269,Pae_gen
Pae_nig,5270,Pae_nig
Pae_pau,5271,Pae_pau
Pal_gui,3398,Pal_gui
Pal_sph,1043,Pal_sph
Pal_tri,3399,Pal_tri
Pan_aci,5766,Pan_aci
Pan_acu,5767,Pan_acu
Pan_agr,5768,Pan_agr
Pan_anc,5769,Pan_anc
Pan_ant,5770,Pan_ant
Pan_aqu,5771,Pan_aqu
Pan_ber,5772,Pan_ber
Pan_bor,5773,Pan_bor
Pan_cam,5774,Pan_cam
Pan_cap,5775,Pan_cap
Pan_cla,5776,Pan_cla
Pan_cya,5777,Pan_cya
Pan_dec,5778,Pan_dec
Pan_dep,5779,Pan_dep
Pan_dic,5781,Pan_dic
Pan_dicfl,5780,Pan_dicfl
Pan_hem,5782,Pan_hem
Pan_hir,5783,Pan_hir
Pan_lan,3618,Pan_lan
Pan_lei,5784,Pan_lei
Pan_lin,5785,Pan_lin
Pan_max,5786,Pan_max
Pan_mil,5787,Pan_mil
Pan_obt,5788,Pan_obt
Pan_oli,5789,Dic_oli
Pan_oly,5790,Pan_oly
Pan_ova,5791,Pan_ova
Pan_per,5792,Pan_per
Pan_pez,6916,Pan_pez
Pan_por,5793,Pan_por
Pan_que,5794,Pan_que
Pan_rep,5795,Pan_rep
Pan_rub,6053,Pan_rub
Pan_sab,5796,Pan_sab
Pan_sp,5798,Pan_sp
Pan_sph,5797,Pan_sph
Pan_ten,5799,Pan_ten
Pan_ver,5800,Pan_ver
Pan_vir,5801,Pan_vir
Pan_wil,5802,Pan_wil
Pan_xan,5803,Pan_xan
Pap_arg,6089,Pap_arg
Pap_cae,5804,Pap_cae
Pap_dub,6090,Pap_dub
Pap_dub_a,1622,Pap_dub_a
Pap_hyb,6091,Pap_hyb
Pap_phi,5805,Pap_phi
Pap_rho,6092,Pap_rho
Par_arg,1830,Par_arg
Par_bra,4104,Par_bra
Par_cam,1831,Par_cam
Par_chi,1832,Par_chi
Par_exc,4105,Par_exc
Par_gla,2068,Par_gla
Par_hys,1044,Par_hys
Par_inc,5807,Par_inc
Par_ins,6859,Par_ins
Par_int,1045,Par_int
Par_lon,6955,Par_lon
Par_pal,2069,Par_pal
Par_par,4106,Par_par
Par_pen,6466,Par_pen
Par_per,3526,Par_per
Par_pte,2915,Par_pte
Par_qui,6860,Par_qui
Par_rig,2916,Par_rig
Par_tri,2340,Par_tri
Par_tri_a,6862,Par_tri_a
Park_pen,2917,Park_pen
Pas_amm,5811,Pas_amm
Pas_aur,4321,Pas_aur
Pas_con,5809,Pas_con
Pas_conj,5812,Pas_conj
Pas_cor,4601,Pas_cor
Pas_dil,5813,Pas_dil
Pas_edu,4322,Pas_edu
Pas_eri,5814,Pas_eri
Pas_flo,5815,Pas_flo
Pas_gem,5810,Pas_gem
Pas_gue,5816,Pas_gue
Pas_hya,5817,Pas_hya
Pas_lut,4323,Pas_lut
Pas_nit,4324,Pas_nit
Pas_not,5818,Pas_not
Pas_pil,5819,Pas_pil
Pas_pli,5820,Pas_pli
Pas_pol,5821,Pas_pol
Pas_pum,5822,Pas_pum
Pas_sat,119,Pas_sat
Pas_set,5824,Pas_set
Pas_set,5823,Pas_set_var_set
Pas_smi,5808,Pas_smi
Pas_urv,5826,Pas_urv
Pas_vit,4325,Pas_vit
Pat_occ,318,Pat_occ
Pau_bai,6662,Pau_bai
Pau_bra,6663,Pau_bra
Pau_fib,6664,Pau_fib
Pau_glo,6665,Pau_glo
Pau_mal,6666,Pau_mal
Pau_mor,4226,Pau_mor
Pau_pte,6667,Pau_pte
Pau_rug,6668,Pau_rug
Pav_cal,4548,Pav_cal
Pav_cra,4549,Pav_cra
Pav_das,4550,Pav_das
Pay_bla,4420,Pay_bla
Pec_ang,1046,Pec_ang
Pec_pap,1047,Pec_pap
Pec_pro,1048,Pec_pro
Ped_can,3741,Ped_can
Ped_das,3742,Ped_das
Ped_den,3743,Ped_den
Ped_exa,3744,Ped_exa
Ped_fla,3745,Ped_fla
Ped_lan,3746,Ped_lan
Ped_lap,3747,Ped_lap
Ped_sim,1783,Ped_sim
Ped_ten,2918,Ped_ten
Peg_har,6579,Peg_har
Peg_nig,6580,Peg_nig
Pel_and,7114,Pel_and
Pel_ang,2919,Pel_ang
Pel_aph,6918,Pel_aph
Pel_can,6919,Pel_can
Pel_cap,3470,Pel_cap
Pel_cuc1,3471,Pel_cuc
Pel_did,6920,Pel_did
Pel_dub,2920,Pel_dub
Pel_lep,6921,Pel_lep
Pel_mal,6922,Pel_mal
Pel_nec,6923,Pel_nec
Pel_pol,6924,Pel_pol
Pel_pol_a,4552,Pel_pol_a
Pel_sca,6925,Pel_sca
Pel_scaella,6926,Pel_scaella
Pel_ven,6927,Pel_ven
Pel_vir,25,Pel_vir
Pen_air1,5831,Pen_air
Pen_alb,3792,Pen_alb
Pen_ang,3793,Pen_ang
Pen_car,3794,Pen_car
Pen_cob,3795,Pen_cob
Pen_com,3796,Pen_com
Pen_con,3797,Pen_con
Pen_cur,5832,Pen_cur
Pen_cya,3798,Pen_cya
Pen_dig,3799,Pen_dig
Pen_eri,3800,Pen_eri
Pen_fen,3801,Pen_fen
Pen_gla,5827,Pen_gla
Pen_gra,3802,Pen_gra
Pen_gran,3803,Pen_gran
Pen_hir,3804,Pen_hir
Pen_inc,1051,Pen_inc
Pen_ind,1050,Pen_ind
Pen_mac,3400,Pen_mac
Pen_mez,5828,Pen_mez
Pen_nar,5833,Pen_nar
Pen_our,3401,Pen_our
Pen_pal,3806,Pen_pal
Pen_pall,3805,Pen_pall
Pen_pro,3807,Pen_pro
Pen_pur,5829,Pen_pur
Pen_sec,3808,Pen_sec
Pen_sed,6725,Pen_sed
Pen_ser,3809,Pen_ser
Pen_spe,3810,Pen_spe
Pen_str,3812,Pen_str
Pen_tub,3813,Pen_tub
Pen_vir,3814,Pen_vir
Pencl_mac,2921,Pencl_mac
Penn_str,5830,Penn_str
Per_ame,3966,Per_ame
Per_amp,1980,Per_amp
Per_ape,4331,Per_ape
Per_arb,4332,Per_arb
Per_ari,1981,Per_ari
Per_bic,3487,Per_bic
Per_big,6055,Per_big
Per_bis,1982,Per_bis
Per_bun,1983,Per_bun
Per_cam,2070,Per_cam
Per_cit,4333,Per_cit
Per_dae,3257,Per_dae
Per_gla,4334,Per_gla
Per_het,4335,Per_het
Per_hyd,1984,Per_hyd
Per_hydes,1985,Per_hydes
Per_lae1,3258,Per_lae
Per_lap,1986,Per_lap
Per_lon,1987,Per_lon
Per_mac,1988,Per_mac
Per_maculo,1989,Per_maculo
Per_med,2922,Per_med
Per_pen,1990,Per_pen
Per_pun,1991,Per_pun
Per_sag,1992,Per_sag
Per_sen,1993,Per_sen
Per_vir,1995,Per_vir
Per_viv,1996,Per_viv
Per_xan,6237,Per_xan
Pet_can,2925,Pet_can
Pet_canus,2923,Pet_canus
Pet_hyb,1052,Pet_hyb
Pet_int,6806,Pet_int
Pet_nan,1833,Pet_nan
Pet_pro,1834,Pet_pro
Pet_pur,2926,Pet_pur
Pet_sax,1835,Pet_sax
Pet_vil,2927,Pet_vil
Pet_vol,3900,Pet_vol
Petalostemon_pur,2924,Petalostemon_pur
Peu_als,120,Peu_als
Peu_bol,3973,Peu_bol
Peu_car,121,Peu_car
Peu_cer,122,Peu_cer
Peu_mac,123,Peu_mac
Peu_ore,124,Peu_ore
Peu_ost,125,Peu_ost
Pfa_tub,1749,Pfa_tub
Pha_ang,5834,Pha_ang
Pha_aru,5835,Pha_aru
Pha_coe,1467,Pha_coe
Pha_con,1893,Pha_con
Pha_cre,1468,Pha_cre
Pha_has,1469,Pha_has
Pha_het,1470,Pha_het
Pha_int,1471,Pha_int
Pha_lin,1472,Pha_lin
Pha_min,5836,Pha_min
Pha_nem,1473,Pha_nem
Pha_par,5837,Pha_par
Pha_ser,1474,Pha_ser
Pha_tan,1476,Pha_tan
Phe_par,1903,Phe_par
Phe_rug,1904,Phe_rug
Phe_tub,6604,Phe_tub
Phi_cor,2108,Phi_cor
Phi_tom,6934,Phi_tom
Phila_tom,2110,Phila_tom
Phl_alp,5839,Phl_alp
Phl_ber,5840,Phl_ber
Phl_dif,2298,Phl_dif
Phl_div,2299,Phl_div
Phl_gla,2300,Phl_gla
Phl_hoo,2301,Phl_hoo
Phl_lyc,3619,Phl_lyc
Phl_mus,2302,Phl_mus
Phl_phl,5841,Phl_phl
Phl_pil,2303,Phl_pil
Phl_pra,5842,Phl_pra
Phl_rot,3620,Phl_rot
Phl_sib,126,Phl_sib
Phl_tub,3621,Phl_tub
Phr_aus,5844,Phr_aus
Phr_lep,3762,Phr_lep
Phy_ame,1939,Phy_ame
Phy_ame1,1938,Phy_ame_var_rig
Phy_cae,2237,Phy_cae
Phy_cho,4341,Phy_cho
Phy_cor,6807,Phy_cor
Phy_dio,1940,Phy_dio
Phy_emp,2238,Phy_emp
Phy_fra,4342,Phy_fra
Phy_gor,1577,Phy_gor
Phy_het,6812,Phy_het
Phy_het_a,6808,Phy_het_a
Phy_lon,6810,Phy_lon
Phy_lon,6809,Phy_lon_var_sub
Phy_mad,4343,Phy_mad
Phy_min,6811,Phy_min
Phy_mon,1578,Phy_mon
Phy_nod,3901,Phy_nod
Phy_opu,6335,Phy_opu
Phy_orb,1356,Phy_orb
Phy_plu,6260,Phy_plu
Phy_pub,6812,Phy_het
Phy_pum,6813,Phy_pum
Phy_ree,1579,Phy_ree
Phy_spi,1357,Phy_spi
Phy_sub,6815,Phy_sub
Phy_ten,4345,Phy_ten
Phy_vir,3622,Phy_vir
Phy_vit,1581,Phy_vit
Phy_wal,6817,Phy_wal
Phyl_vir,4346,Phyl_vir
Physa_vir,6816,Physa_vir
Physo_mon,6334,Physo_mon
Pic_abi,7055,Pic_abi
Pic_aca,1053,Pic_aca
Pic_hie,1055,Pic_hie
Pic_lat,4987,Pic_lat
Pic_opp,1054,Pic_opp
Pic_ram,4988,Pic_ram
Pic_sel,4989,Pic_sel
Pic_sit,7056,Pic_sit
Pil_aur,1058,Pil_aur
Pil_aur,1057,Pil_aur_sub_aur
Pil_cae,1059,Pil_cae
Pil_cym,1060,Pil_cym
Pil_den,1061,Pil_den
Pil_lac,1062,Pil_lac
Pil_off,1063,Pil_off
Pil_one,1064,Pil_one
Pil_pil1,1065,Pil_pil
Pil_pum,6467,Pil_pum
Pim_dec,4603,Pim_dec
Pim_maj,127,Pim_maj
Pim_pse,4859,Pim_pse
Pim_sax,128,Pim_sax
Pim_sim,4604,Pim_sim
Pim_vil,129,Pim_vil
Pin_ban,7057,Pin_ban
Pin_con,7059,Pin_con
Pin_con1,7058,Pin_con_var_lat
Pin_ell,7061,Pin_ell
Pin_eng,7062,Pin_eng
Pin_fle,7063,Pin_fle
Pin_hal,7064,Pin_hal
Pin_nig1,7065,Pin_nig
Pin_pen,3259,Pin_pen
Pin_pin,7066,Pin_pin
Pin_pon,7067,Pin_pon
Pin_rig,7068,Pin_rig
Pin_str,7070,Pin_str
Pin_syl,7071,Pin_syl
Pin_vul,3685,Pin_vul
Pip_adu,4996,Pip_adu
Pip_aeq,4997,Pip_aeq
Pip_ama,4998,Pip_ama
Pip_arb,4999,Pip_arb
Pip_aug,5000,Pip_aug
Pip_col,5001,Pip_col
Pip_cor,5002,Pip_cor
Pip_cum,5003,Pip_cum
Pip_gon,2929,Pip_gon
Pip_gra,5004,Pip_gra
Pip_his,5005,Pip_his
Pip_mar,5006,Pip_mar
Pip_mic,5846,Pip_mic
Pip_mil,5847,Pip_mil
Pip_mon,5848,Pip_mon
Pip_nap,5849,Pip_nap
Pip_pan,2930,Pip_pan
Pip_pub,5007,Pip_pub
Pip_ret,5008,Pip_ret
Pip_sch,5009,Pip_sch
Pip_sti,5850,Pip_sti
Pip_umb,5011,Pip_umb
Pir_cis1,4326,Pir_cis
Pis_amb,1935,Pis_amb
Pis_sat1,2931,Pis_sat
Pit_fal,1066,Pit_fal
Pla_alb,3815,Pla_alb
Pla_alt,3816,Pla_alt
Pla_aqu,369,Pla_aqu
Pla_ari,3817,Pla_ari
Pla_asi,3818,Pla_asi
Pla_bel,3819,Pla_bel
Pla_bif,370,Pla_bif
Pla_cal,6093,Pla_cal
Pla_chl,371,Pla_chl
Pla_cor,3821,Pla_cor
Pla_cord,3820,Pla_cord
Pla_dim,2932,Pla_dim
Pla_ele,2934,Pla_ele
Pla_elo,3822,Pla_elo
Pla_ere,3823,Pla_ere
Pla_eri,3824,Pla_eri
Pla_flo,2933,Pla_flo
Pla_gre,1423,Pla_gre
Pla_his,6032,Pla_his
Pla_ind,3825,Pla_ind
Pla_lac,372,Pla_lac
Pla_lae,6986,Pla_lae
Pla_lag,3826,Pla_lag
Pla_lan,3827,Pla_lan
Pla_maj,3829,Pla_maj
Pla_maj,3828,Pla_maj_sub_int
Pla_mar,3830,Pla_mar
Pla_med,3831,Pla_med
Pla_not,1424,Pla_not
Pla_occ,6033,Pla_occ
Pla_ova,3832,Pla_ova
Pla_pat,3833,Pla_pat
Pla_pat1,3833,Pla_pat
Pla_pat2,3833,Pla_pat
Pla_psy,373,Pla_psy
Pla_rho,3834,Pla_rho
Pla_rug,3835,Pla_rug
Pla_sti,1426,Pla_sti
Pla_ten,1427,Pla_ten
Pla_tom,3837,Pla_tom
Pla_und,6944,Pla_und
Pla_vir,1582,Pla_vir
Plath_und,6988,Plath_und
Ple_aus,130,Ple_aus
Ple_cal,5851,Ple_cal
Ple_gra,4679,Ple_gra
Ple_lin,4366,Ple_lin
Ple_mac,2164,Ple_mac
Ple_sch,6979,Ple_sch
Ple_var,3527,Ple_var
Pli_gra,4860,Pli_gra
Pli_inv,4861,Pli_inv
Pli_per,4862,Pli_per
Pli_phi,4863,Pli_phi
Pli_ren,4864,Pli_ren
Plu_foe,1067,Plu_foe
Plu_ros,1068,Plu_ros
Poa_alp,5852,Poa_alp
Poa_als,5853,Poa_als
Poa_alt,5854,Poa_alt
Poa_ang,5855,Poa_ang
Poa_ann,5856,Poa_ann
Poa_ara,5857,Poa_ara
Poa_ari,5858,Poa_ari
Poa_att,5859,Poa_att
Poa_bul,5860,Poa_bul
Poa_com,5861,Poa_com
Poa_fen,5862,Poa_fen
Poa_gla,5863,Poa_gla
Poa_how,5864,Poa_how
Poa_int,5865,Poa_int
Poa_kry,5866,Poa_kry
Poa_lig,5867,Poa_lig
Poa_nem,5868,Poa_nem
Poa_pal,5869,Poa_pal
Poa_pra,5870,Poa_pra
Poa_sec,5871,Poa_sec
Poa_spi,5872,Poa_spi
Poa_sub,5874,Poa_sub
Poa_tri,5875,Poa_tri
Pod_can,1070,Pod_can
Pod_lac,1071,Pod_lac
Pod_lin,1069,Pod_lin
Pod_pel,6066,Pod_pel
Pod_pur,1072,Pod_pur
Pod_ser,2935,Pod_ser
Poe_fal,2936,Poe_fal
Poe_par,2937,Poe_par
Pog_sch,4337,Pog_sch
Pog_urn,7010,Pog_urn
Poh_nut,6939,Poh_nut
Poi_plu,2938,Poi_plu
Poi_pyr,2939,Poi_pyr
Pol_alb,3107,Pol_alb
Pol_alo,1998,Pol_alo
Pol_alp,7011,Pol_alp
Pol_ama,3108,Pol_ama
Pol_amb,6782,Pol_amb
Pol_ang,1999,Pol_ang
Pol_are,2000,Pol_are
Pol_arg,2001,Pol_arg
Pol_art,1997,Pol_art
Pol_avi,2002,Pol_avi
Pol_bif,266,Pol_bif
Pol_cal,3109,Pol_cal
Pol_cam,1836,Pol_cam
Pol_cha,3129,Pol_cha
Pol_com,3110,Pol_com
Pol_cor,1837,Pol_cor
Pol_div,2003,Pol_div
Pol_dou,2004,Pol_dou
Pol_dou1,2004,Pol_dou
Pol_eri,3111,Pol_eri
Pol_for,7012,Pol_for
Pol_gar,3112,Pol_gar
Pol_glo,3113,Pol_glo
Pol_gra,3114,Pol_gra
Pol_inc,3115,Pol_inc
Pol_jun,7015,Pol_jun
Pol_lon,7119,Pol_lon
Pol_maj,3116,Pol_maj
Pol_mar,5876,Pol_mar
Pol_mic,2305,Pol_mic
Pol_min,2005,Pol_min
Pol_mon,5877,Pol_mon
Pol_mul,267,Pol_mul
Pol_mun,7120,Pol_mun
Pol_nut,131,Pol_nut
Pol_odo,268,Pol_odo
Pol_orn,2006,Pol_orn
Pol_pan,3117,Pol_pan
Pol_par,2007,Pol_par
Pol_per,2008,Pol_per
Pol_pil,7016,Pol_pil
Pol_ple,2009,Pol_ple
Pol_pol,3119,Pol_pol
Pol_pol,3118,Pol_pol_var_obt
Pol_pul,2306,Pol_pul
Pol_ram,2010,Pol_ram
Pol_rep,2307,Pol_rep
Pol_san,3120,Pol_san
Pol_sen,3121,Pol_sen
Pol_ser,3122,Pol_ser
Pol_sex,7013,Pol_sex
Pol_sib,3123,Pol_sib
Pol_ten,2012,Pol_ten
Pol_tenui,3125,Pol_tenui
Pol_tet,1838,Pol_tet
Pol_ver,3126,Pol_ver
Pol_vir,2013,Pol_vir
Pol_vul,3127,Pol_vul
Polym_lon,6783,Polym_lon
Polytr_com,7014,Polytr_com
Pom_jam,2940,Pom_jam
Pon_cor,2093,Pon_cor
Pop_alb,4367,Pop_alb
Pop_bal,4368,Pop_bal
Pop_del,4369,Pop_del
Pop_eup,4370,Pop_eup
Pop_gra,4371,Pop_gra
Pop_lau,4372,Pop_lau
Pop_nig,4373,Pop_nig
Pop_tre,4375,Pop_tre
Pop_tredes,4376,Pop_tredes
Pop_tri,4377,Pop_tri
Por_chi,6881,Por_chi
Por_hal,2038,Por_hal
Por_lan,1073,Por_lan
Por_obs,1074,Por_obs
Por_ole,2039,Por_ole
Pos_lat,3402,Pos_lat
Pot_aca,6337,Pot_aca
Pot_alb,6338,Pot_alb
Pot_alp,38,Pot_alp
Pot_amp,39,Pot_amp
Pot_ang,6339,Pot_ang
Pot_ans,6340,Pot_ans
Pot_arg,6341,Pot_arg
Pot_argu,6342,Pot_argu
Pot_ber,40,Pot_ber
Pot_bet,6343,Pot_bet
Pot_bif,6344,Pot_bif
Pot_can,6345,Pot_can
Pot_con,6346,Pot_con
Pot_cra,6347,Pot_cra
Pot_cri,41,Pot_cri
Pot_dis,6348,Pot_dis
Pot_ere,6349,Pot_ere
Pot_fis,6350,Pot_fis
Pot_gra,42,Pot_gra
Pot_gra_a,6351,Pot_gra_a
Pot_hep,6352,Pot_hep
Pot_hip,6353,Pot_hip
Pot_hir,6354,Pot_hir
Pot_ill,43,Pot_ill
Pot_imb,6355,Pot_imb
Pot_lon,6356,Pot_lon
Pot_mon,6336,Pot_mon
Pot_mul,6357,Pot_mul
Pot_nat,44,Pot_nat
Pot_neu,6358,Pot_neu
Pot_nod,45,Pot_nod
Pot_nor,6359,Pot_nor
Pot_par,6360,Pot_par
Pot_pen,6361,Pot_pen
Pot_pus,46,Pot_pus
Pot_rec,6362,Pot_rec
Pot_rep,6363,Pot_rep
Pot_ric,47,Pot_ric
Pot_rob,48,Pot_rob
Pot_ser,6364,Pot_ser
Pot_sim,6365,Pot_sim
Pot_ste,6367,Pot_ste
Pot_sup1,6368,Pot_sup
Pot_tab,6369,Pot_tab
Pot_tan,6370,Pot_tan
Pot_thu,6371,Pot_thu
Pot_ver,6372,Pot_ver
Pou_arm,6238,Pou_arm
Pou_ban,2367,Pou_ban
Pou_bap,2368,Pou_bap
Pou_bic,6469,Pou_bic
Pou_bul,2369,Pou_bul
Pou_but,2370,Pou_but
Pou_coe,2371,Pou_coe
Pou_cus,2372,Pou_cus
Pou_dur,2373,Pou_dur
Pou_fil,2374,Pou_fil
Pou_fos,2375,Pou_fos
Pou_fov,2376,Pou_fov
Pou_gar,2377,Pou_gar
Pou_gui,6470,Pou_gui
Pou_his,2378,Pou_his
Pou_mac,2379,Pou_mac
Pou_macsa,2380,Pou_macsa
Pou_mic,2381,Pou_mic
Pou_mol,6471,Pou_mol
Pou_pac,2382,Pou_pac
Pou_psa,2383,Pou_psa
Pou_ret,2384,Pou_ret
Pou_sil,2385,Pou_sil
Pou_tor,2387,Pou_tor
Pou_ven,2388,Pou_ven
Pra_bre,2389,Pra_bre
Pra_lac,2390,Pra_lac
Pre_eri,1076,Pre_eri
Pre_mex,3260,Pre_mex
Pre_por,3261,Pre_por
Pri_asp,2071,Pri_asp
Pri_ela,2341,Pri_ela
Pri_max,2342,Pri_max
Pri_sca,2343,Pri_sca
Pri_ver,2345,Pri_ver
Pri_vul,2346,Pri_vul
Pro_ara,6541,Pro_ara
Pro_bra,6542,Pro_bra
Pro_con,6543,Pro_con
Pro_cos,6544,Pro_cos
Pro_cru,4378,Pro_cru
Pro_gla,2942,Pro_gla
Pro_gla1,2941,Pro_gla_var_tor
Pro_hep,6545,Pro_hep
Pro_lep,6057,Pro_lep
Pro_pal,6723,Pro_pal
Pro_pan,6546,Pro_pan
Pro_par,3691,Pro_par
Pro_rep,6058,Pro_rep
Pro_sco,6059,Pro_sco
Pro_ten,6548,Pro_ten
Pro_vel,2945,Pro_vel
Pro_war,6549,Pro_war
Pru_ame,6373,Pru_ame
Pru_avi,6374,Pru_avi
Pru_dom,6375,Pru_dom
Pru_gra,3624,Pru_gra
Pru_lac,3625,Pru_lac
Pru_myr,6376,Pru_myr
Pru_pad,6377,Pru_pad
Pru_ped,6378,Pru_ped
Pru_pen,6379,Pru_pen
Pru_pum,6380,Pru_pum
Pru_ser,6381,Pru_ser
Pru_spi,6382,Pru_spi
Pru_vir,6384,Pru_vir
Pru_vul,3627,Pru_vul
Psa_jun,5879,Psa_jun
Pse_can,1077,Pse_can
Pse_con,2946,Pse_con
Pse_fru,6669,Pse_fru
Pse_gla,6239,Pse_gla
Pse_gra,4553,Pse_gra
Pse_lon,4554,Pse_lon
Pse_men,7072,Pse_men
Pse_mon,132,Pse_mon
Pse_obt,1078,Pse_obt
Pse_psi,2947,Pse_psi
Pse_rup,5881,Pse_rup
Pse_rup1,5881,Pse_rup
Pse_sep,4555,Pse_sep
Pse_ser,3870,Pse_ser
Pse_spi,4047,Pse_spi
Pse_spi1,5880,Pse_spi_sub_spi
Pse_spu,6240,Pse_spu
Psi_abs,1655,Psi_abs
Psi_cat,4865,Psi_cat
Psi_cau,4866,Psi_cau
Psi_din,1656,Psi_din
Psi_ell,1751,Psi_ell
Psi_gua,4867,Psi_gua
Psi_gui,4868,Psi_gui
Psi_inc,5882,Psi_inc
Psi_lar,4869,Psi_lar
Psi_lon,4870,Psi_lon
Psi_obl,4871,Psi_obl
Psi_ore,1080,Psi_ore
Psi_pun,1079,Psi_pun
Psi_ruf,4872,Psi_ruf
Psi_sal,4873,Psi_sal_var_poh
Psi_sar,4874,Psi_sar
Psi_tag,1082,Psi_tag
Psi_ten,1081,Psi_ten
Psi_war,2128,Psi_war
Pso_arg,2948,Pso_arg
Pso_esc,2949,Pso_esc
Pso_hyp,6917,Pso_hyp
Pso_imb,2950,Pso_imb
Pso_pin,2951,Pso_pin
Pso_ten,2952,Pso_ten
Psy_bra,3403,Psy_bra
Psy_cal,3404,Psy_cal
Psy_cap,3405,Psy_cap
Psy_car,3406,Psy_car
Psy_def,3407,Psy_def
Psy_gra,3408,Psy_gra
Psy_hor,3409,Psy_hor
Psy_lim,3410,Psy_lim
Psy_lux,3411,Psy_lux
Psy_mar,3412,Psy_mar
Psy_poe,3413,Psy_poe
Psy_vel,3415,Psy_vel
Pte_ang,1083,Pte_ang
Pte_aqu,7111,Pte_aqu
Pte_bra,4557,Pte_bra
Pte_div,1087,Pte_div
Pte_dry,2014,Pte_dry
Pte_emp,1088,Pte_emp
Pte_gla,1089,Pte_gla
Pte_glo,1090,Pte_glo
Pte_inc,1091,Pte_inc
Pte_nit,2955,Pte_nit
Pte_obl,1092,Pte_obl
Pte_off,2953,Pte_off
Pte_ono,1093,Pte_ono
Pte_ova,1094,Pte_ova
Pte_pal,1095,Pte_pal
Pte_pan,1096,Pte_pan
Pte_pol,1084,Pte_pol
Pte_roh,2954,Pte_roh
Pte_vir,1086,Pte_vir
Pti_can,1583,Pti_can
Pti_cap,133,Pti_cap
Pti_cil,7022,Pti_cil
Puc_mar,5883,Puc_mar
Puc_nut,5884,Puc_nut
Pul_amb,6142,Pul_amb
Pul_ang,1428,Pul_ang
Pul_bun,6143,Pul_bun
Pul_cri,1098,Pul_cri
Pul_dys,1099,Pul_dys
Pul_mol,1429,Pul_mol
Pul_obs,1430,Pul_obs
Pul_off,1431,Pul_off
Pul_tur,6144,Pul_tur
Pul_vul,6145,Pul_vul
Pup_lap,1752,Pup_lap
Pur_tri,6385,Pur_tri
Pyc_bip,5218,Pyc_bip
Pyc_mut,3628,Pyc_mut
Pyc_pol,5219,Pyc_pol
Pyc_sp,3629,Pyc_sp
Pyc_ten,3630,Pyc_ten
Pyc_vir,3631,Pyc_vir
Pyc_vul,3632,Pyc_vul
Pyr_asa,2239,Pyr_asa
Pyr_cal,6386,Pyr_cal
Pyr_chl,2240,Pyr_chl
Pyr_cor,1100,Pyr_cor
Pyr_ell,2241,Pyr_ell
Pyr_phy,3416,Pyr_phy
Pyr_pyr,6387,Pyr_pyr
Pyr_rot,2242,Pyr_rot
Qua_ama,6683,Qua_ama
Qua_meg,4949,Qua_meg
Qua_mul1,4950,Qua_mul
Qua_obl,4558,Qua_obl
Qua_pen,4559,Qua_pen
Que_agr,3170,Que_agr
Que_alb,3171,Que_alb
Que_bic,3172,Que_bic
Que_cer,3173,Que_cer
Que_cha,3174,Que_cha
Que_chr,3175,Que_chr
Que_coc,3176,Que_coc
Que_eli,3177,Que_eli
Que_ell,3177,Que_eli
Que_gar,3178,Que_gar
Que_gem,3179,Que_gem
Que_ili,3185,Que_ili_sub_pin
Que_lau,3180,Que_lau
Que_mac,3181,Que_mac
Que_mon,3182,Que_mon
Que_myr,3183,Que_myr
Que_pal,3184,Que_pal
Que_pet,3186,Que_pet
Que_pub,3187,Que_pub
Que_rob,3188,Que_rob
Que_rot,3189,Que_rot
Que_rub,3190,Que_rub
Que_vel,3192,Que_vel
Que_vir,3193,Que_vir
Qui_gla,4319,Qui_gla
Qui_sap,3131,Qui_sap
Rac_lan,6961,Rac_lan
Rad_ure,4560,Rad_ure
Raf_neo,1101,Raf_neo
Ran_abo,6146,Ran_abo
Ran_acr,6147,Ran_acr
Ran_arm,3417,Ran_arm
Ran_arv,6148,Ran_arv
Ran_aur,6149,Ran_aur
Ran_bul,6150,Ran_bul
Ran_cal,6151,Ran_cal
Ran_fic,6152,Ran_fic
Ran_fla,6153,Ran_fla
Ran_his,6155,Ran_his
Ran_his1,6154,Ran_his_var_car
Ran_jap,6156,Ran_jap
Ran_occ,6157,Ran_occ
Ran_ore,6158,Ran_ore
Ran_ped,6159,Ran_ped
Ran_pel,6160,Ran_pel
Ran_pen,6161,Ran_pen
Ran_pol,6162,Ran_pol
Ran_rec,6163,Ran_rec
Ran_rep,6164,Ran_rep
Ran_rho,6165,Ran_rho
Ran_sar,6166,Ran_sar
Ran_sce,6167,Ran_sce
Rap_per,1585,Rap_per
Rap_rap,1584,Rap_rap
Rap_rap1,1584,Rap_rap
Rat_col,1102,Rat_col
Rat_pin,1103,Rat_pin
Rau_cap,3262,Rau_cap
Rav_inf,6605,Rav_inf
Rea_soo,2044,Rea_soo
Reg_ino,4876,Reg_ino
Rei_pic,1105,Rei_pic
Res_lut,1628,Res_lut
Res_lutea,1627,Res_lutea
Res_str,1629,Res_str
Ret_sph,2956,Ret_sph
Rey_jap,2015,Rey_jap
Rha_cat,6263,Rha_cat
Rha_ela,6261,Rha_ela
Rha_gla,6262,Rha_gla
Rha_lyc,6264,Rha_lyc
Rha_sta,6266,Rha_sta
Rha_uni,1106,Rha_uni
Rhe_mar,4680,Rhe_mar
Rhe_nas,4681,Rhe_nas
Rhe_rha,2016,Rhe_rha
Rhi_ale,3749,Rhi_ale
Rhi_maj,3750,Rhi_maj
Rhi_min,3751,Rhi_min
Rhi_pse,6945,Rhi_pse
Rhi_pun,6946,Rhi_pun
Rhi_ser,3752,Rhi_ser
Rho_ros,6940,Rho_ros
Rho_sca,6389,Rho_sca
Rhu_aro,6513,Rhu_aro
Rhu_cop,6514,Rhu_cop
Rhu_gla,6515,Rhu_gla
Rhu_tri,6517,Rhu_tri
Rhu_typ,6518,Rhu_typ
Rhu_ver,6519,Rhu_ver
Rhy_alb,5220,Rhy_alb_var_rig
Rhy_cap,5221,Rhy_cap
Rhy_cil,5222,Rhy_cil
Rhy_col,5223,Rhy_col
Rhy_con,5224,Rhy_con
Rhy_div,5225,Rhy_div
Rhy_edw,5226,Rhy_edw
Rhy_ema,5227,Rhy_ema
Rhy_ery,2957,Rhy_ery
Rhy_fas,5228,Rhy_fas
Rhy_glo,5229,Rhy_glo
Rhy_inu,5230,Rhy_inu
Rhy_meg,2131,Rhy_meg
Rhy_mic,5231,Rhy_mic
Rhy_micala,5232,Rhy_micala
Rhy_min,2958,Rhy_min
Rhy_pat,5233,Rhy_pat
Rhy_phy,4561,Rhy_phy
Rhy_pil,5234,Rhy_pil
Rhy_pyr,2959,Rhy_pyr
Rhy_rie,5235,Rhy_rie
Rhy_rug,6982,Rhy_rug
Rhy_squ,6981,Rhy_squ
Rhy_ten,5237,Rhy_ten
Rhy_ter,5238,Rhy_ter
Rib_alp,6708,Rib_alp
Rib_aur,6709,Rib_aur
Rib_cer,6710,Rib_cer
Rib_cyn,6711,Rib_cyn
Rib_men,6712,Rib_men
Rib_mis,6713,Rib_mis
Rib_oxy,6714,Rib_oxy
Rib_roe,6715,Rib_roe_var_cru
Rib_uva,6717,Rib_uva
Ric_are,1107,Ric_are
Ric_bra,3418,Ric_bra
Ric_com,4227,Ric_com
Ric_flu,7007,Ric_flu
Ric_gra,3419,Ric_gra
Ric_hum,3420,Ric_hum
Ric_sca,3421,Ric_sca
Ric_ste,3422,Ric_ste
Rig_lep,1108,Rig_lep
Rin_bah,4421,Rin_bah
Rin_squ,4423,Rin_squ
Riv_hyp,6784,Riv_hyp
Rob_pse,2961,Rob_pse
Roe_cil,1359,Roe_cil
Roe_mor,6882,Roe_mor
Rol_dol,4048,Rol_dol
Rol_muc,4049,Rol_muc
Rol_pit,4050,Rol_pit
Rom_ros,320,Rom_ros
Ron_lat,3423,Ron_lat
Ror_amp,1586,Ror_amp
Ror_pal,1587,Ror_pal
Ror_pyr,1588,Ror_pyr
Ror_syl,1589,Ror_syl
Ros_aci,6390,Ros_aci
Ros_ark,6391,Ros_ark
Ros_bla,6392,Ros_bla
Ros_can,6393,Ros_can
Ros_car,6394,Ros_car
Ros_cri,5885,Koe_cri
Ros_en,4682,Ros_en
Ros_gal,6395,Ros_gal
Ros_gym,6396,Ros_gym
Ros_hum,1109,Ros_hum
Ros_mul,6397,Ros_mul
Ros_off,3633,Ros_off
Ros_opp,1110,Ros_opp
Ros_pal,6398,Ros_pal
Ros_rub,6399,Ros_rub
Ros_set,6400,Ros_set
Ros_sp,6401,Ros_sp
Ros_woo,6402,Ros_woo
Rou_gla,4964,Rou_gla
Rou_mon,6060,Rou_mon
Rub_all,6403,Rub_all
Rub_arg,6404,Rub_arg
Rub_cae,6405,Rub_cae
Rub_can,6407,Rub_can
Rub_cansis,6406,Rub_cansis
Rub_cha,6408,Rub_cha
Rub_fla,6409,Rub_fla
Rub_fru,6410,Rub_fru
Rub_ida,6411,Rub_ida
Rub_ida1,6411,Rub_ida
Rub_lac,6412,Rub_lac
Rub_leu,6413,Rub_leu
Rub_occ,6414,Rub_occ
Rub_odo,6415,Rub_odo
Rub_par,6416,Rub_par
Rub_pen,6417,Rub_pen
Rub_pho,6418,Rub_pho
Rub_pra,6419,Rub_pra
Rub_pub,6420,Rub_pub
Rub_tri,6422,Rub_tri
Rub_urs,6423,Rub_urs
Rub_ves,6424,Rub_ves
Rud_amp,1111,Rud_amp
Rud_ful,1112,Rud_ful
Rud_hir,1114,Rud_hir
Rud_hir1,1113,Rud_hir_var_pul
Rud_jas,3425,Rud_jas
Rud_lac,1115,Rud_lac
Rud_sec,1120,Rud_sec
Rud_spe,1116,Rud_spe
Rud_sub,1118,Rud_sub
Rud_tri,1119,Rud_tri
Rue_bul,3488,Rue_bul
Rue_gem,3489,Rue_gem
Rue_hum,3490,Rue_hum
Rue_str,3492,Rue_str
Rum_ace,2019,Rum_ace
Rum_acetosa,2018,Rum_acetosa
Rum_alp,2020,Rum_alp
Rum_bri,2021,Rum_bri
Rum_con,2022,Rum_con
Rum_cri,2023,Rum_cri
Rum_hyd,2024,Rum_hyd
Rum_lon,2025,Rum_lon
Rum_obt,2026,Rum_obt
Rum_pal,2027,Rum_pal
Rum_pra,2028,Rum_pra
Rum_pul,2029,Rum_pul
Rum_sal,2030,Rum_sal
Rum_san,2031,Rum_san
Rum_scu,2032,Rum_scu
Rum_ste,2034,Rum_ste
Rum_thy,2035,Rum_thy
Rup_lax,2036,Rup_lax
Rup_phy,2962,Rup_phy
Rus_agg,1657,Rus_agg
Rus_rub,1658,Rus_rub
Rus_ver,1660,Rus_ver
Rya_spe,4379,Rya_spe
Ryt_vir,5887,Ryt_vir
Sab_pal,197,Sab_pal
Sab_pan,3427,Sab_pan
Sab_vil,3428,Sab_vil
Sac_ang,5888,Sac_ang
Sac_gig,5889,Sac_gig
Sac_lan,375,Sac_lan
Sac_str,5890,Sac_str
Sag_ape,1839,Sag_ape
Sag_cun,9,Sag_cun
Sag_gra,10,Sag_gra
Sag_lan,11,Sag_lan
Sag_lat,12,Sag_lat
Sag_nod,1840,Sag_nod
Sag_pro,1841,Sag_pro
Sag_rig,13,Sag_rig
Sag_sag,1842,Sag_sag
Sag_sagit,14,Sag_sagit
Sag_sub,16,Sag_sub
Sal_afr,3634,Sal_afr
Sal_alb,4380,Sal_alb
Sal_aus,3635,Sal_aus
Sal_azu,3636,Sal_azu
Sal_beb,4381,Sal_beb
Sal_cal,1755,Sal_cal
Sal_can,4382,Sal_can
Sal_cap,4383,Sal_cap
Sal_cin,4384,Sal_cin
Sal_col,3637,Sal_col
Sal_coll,1756,Sal_coll
Sal_dis,4385,Sal_dis
Sal_dru,4386,Sal_dru
Sal_eur,1753,Sal_eur
Sal_exi,4387,Sal_exi
Sal_fol,1757,Sal_fol
Sal_fra,4388,Sal_fra
Sal_gey,4389,Sal_gey
Sal_gla,4390,Sal_gla
Sal_has,4391,Sal_has
Sal_her,4392,Sal_her
Sal_hum,4393,Sal_hum
Sal_ibe,1758,Sal_ibe
Sal_int,4394,Sal_int
Sal_kal,1759,Sal_kal
Sal_kal1,7174,Sal_tra
Sal_lan,4395,Sal_lan
Sal_lap,4396,Sal_lap
Sal_lar,1760,Sal_lar
Sal_luc,4397,Sal_luc
Sal_lut,4398,Sal_lut
Sal_myr,4400,Sal_myr
Sal_myrtilli,4399,Sal_myrtilli
Sal_nem,3638,Sal_nem
Sal_nig,4401,Sal_nig
Sal_pas,1761,Sal_pas
Sal_pen,4402,Sal_pen
Sal_pet,4403,Sal_pet
Sal_phy,4404,Sal_phy
Sal_pra,3639,Sal_pra
Sal_pur,4405,Sal_pur
Sal_pyr,4406,Sal_pyr
Sal_ret,4407,Sal_ret
Sal_sit,4408,Sal_sit
Sal_ver,3642,Sal_ver
Sal_ver_a,3641,Sal_ver_a
Sal_vim,4410,Sal_vim
Sal_vir,1754,Sal_vir
Sam_nig,2187,Sam_nig
Sam_pub,2188,Sam_pub
Sam_rac,2189,Sam_rac
San_abe,1121,San_abe
San_bip,134,San_bip
San_can,6425,San_can
San_cra,136,San_cra
San_eur,137,San_eur
San_min,6426,San_min
San_mur,6491,San_mur
San_odo,138,San_odo
San_off,6427,San_off
San_spi,6492,San_spi
San_unc,6969,San_unc
Sani_can,135,Sani_can
Sap_div,140,Sap_div
Sap_gla,4228,Sap_gla
Sap_lat,4229,Sap_lat
Sap_off,1843,Sap_off
Sap_sap,6670,Sap_sap
Sar_ver,2041,Sar_ver
Sas_alb,3967,Sas_alb
Sau_alp,1122,Sau_alp
Sau_ama,1123,Sau_ama
Sau_bai,1124,Sau_bai
Sau_cer,5012,Sau_cer
Sau_con,1125,Sau_con
Sau_jap,1126,Sau_jap
Sau_pop,1127,Sau_pop
Sau_sal,1128,Sau_sal
Sau_yas,2201,Sau_yas
Sav_dic,4347,Sav_dic
Sax_bul,6736,Sax_bul
Sax_ces,6737,Sax_ces
Sax_fer,6738,Sax_fer
Sax_gra,6739,Sax_gra
Sax_muc,6740,Sax_muc
Sax_opp,6741,Sax_opp
Sax_tri,6742,Sax_tri
Sca_atr,2166,Sca_atr
Sca_col,2167,Sca_col
Sca_com,2168,Sca_com
Sca_och,2169,Sca_och
Sce_dis,7107,Sce_dis
Sch_acu,5239,Sch_acu
Sch_ara,5892,Sch_ara
Sch_bar,5893,Sch_bar
Sch_bra,6499,Sch_bra
Sch_cir,5895,Sch_cir
Sch_con,5896,Sch_con
Sch_lac,5240,Sch_lac
Sch_mic,5897,Sch_mic
Sch_mol,6520,Sch_mol
Sch_mor,164,Sch_mor
Sch_nig,5245,Sch_nig
Sch_pan,5891,Sch_pan
Sch_par,2964,Sch_par
Sch_pin,1129,Sch_pin
Sch_pol,6521,Sch_pol
Sch_pun,5241,Sch_pun
Sch_pur,5894,Sch_pur
Sch_rhi,5898,Sch_rhi
Sch_sal,5899,Sch_sal
Sch_san,5900,Sch_san
Sch_sco,5901,Sch_sco
Sch_sub,5243,Sch_sub
Sch_tab,5244,Sch_tab
Sch_ten,5902,Sch_ten
Sch_ter,6522,Sch_ter
Sci_atr,5248,Sci_atr
Sci_atrus,5247,Sci_atrus
Sci_cyp,5249,Sci_cyp
Sci_hol,5246,Sci_hol
Sci_mic,5250,Sci_mic
Sci_pen,5251,Sci_pen
Sci_rad,5252,Sci_rad
Sci_syl,5254,Sci_syl
Scl_ann,1844,Scl_ann
Scl_bre,5903,Scl_bre
Scl_dis,5255,Scl_dis
Scl_hir,5256,Scl_hir
Scl_pap,1784,Scl_pap
Scl_pau,5257,Scl_pau
Scl_ret,5258,Scl_ret
Scl_tri,5259,Scl_tri
Scl_ver,5260,Scl_ver
Sco_ang,1132,Sco_ang
Sco_aus,1133,Sco_aus
Sco_aut,1141,Sco_aut
Sco_big,3996,Sco_big
Sco_cap,1134,Sco_cap
Sco_div,1135,Sco_div
Sco_dul,3839,Sco_dul
Sco_fes,5904,Sco_fes
Sco_his,1136,Sco_his
Sco_hum,1137,Sco_hum
Sco_lac,1138,Sco_lac
Sco_mur,2965,Sco_mur
Sco_pse,1139,Sco_pse
Sco_rad,1140,Sco_rad
Scol_his,1131,Scol_his
Scr_lan,3871,Scr_lan
Scr_mar,3872,Scr_mar
Scr_nod,3873,Scr_nod
Scr_umb,3874,Scr_umb
Scu_ant,3643,Scu_ant
Scu_bai,3644,Scu_bai
Scu_bri,3645,Scu_bri
Scu_gal,3646,Scu_gal
Scu_has,3647,Scu_has
Scu_lat,3648,Scu_lat
Scu_myr,6267,Scu_myr
Scu_par,3649,Scu_par
Scu_sco,3650,Scu_sco
Sea_gla,6523,Sea_gla
Sea_lae,6524,Sea_lae
Sea_lae1,6524,Sea_lae
Sea_luc,6525,Sea_luc
Sea_nat,6526,Sea_nat
Sea_tom,6528,Sea_tom
Seb_bra,4230,Seb_bra
Seb_com,4231,Seb_com
Sec_cer,5905,Sec_cer
Sec_div,3130,Sec_div
Sec_var,2966,Sec_var
Sed_acr,6699,Sed_acr
Sed_aiz,6700,Sed_aiz
Sed_alb,6701,Sed_alb
Sed_ann,6702,Sed_ann
Sed_lan,6703,Sed_lan
Sed_ros,6704,Sed_ros
Sed_rup,6705,Sed_rup
Sed_sex,6706,Sed_sex
Sed_tel,6707,Sed_tel
Seg_lan,1937,Seg_lan
Sel_car,141,Sel_car
Sel_sel,7098,Sel_sel
Sen_art,2968,Sen_art
Sen_art1,2968,Sen_art
Sen_aur,1143,Sen_aur
Sen_aura,1142,Sen_aura
Sen_bac,2969,Sen_bac
Sen_bau,2970,Sen_bau
Sen_bra,1144,Sen_bra
Sen_can,2971,Sen_can
Sen_dar,2972,Sen_dar
Sen_dep,1145,Sen_dep
Sen_dor,1146,Sen_dor
Sen_ere,1147,Sen_ere
Sen_eru,1148,Sen_eru
Sen_fla,1149,Sen_fla
Sen_gal,1150,Sen_gal
Sen_glu,2973,Sen_glu
Sen_hay,2974,Sen_hay
Sen_heb,2975,Sen_heb
Sen_het,1151,Sen_het
Sen_leu1,1152,Sen_leu
Sen_lig,2976,Sen_lig
Sen_mac,1153,Sen_mac
Sen_mad,1154,Sen_mad
Sen_mar,2977,Sen_mar
Sen_mar_a,2978,Sen_mar_a
Sen_mul,2979,Sen_mul
Sen_nem,1155,Sen_nem
Sen_obt,2980,Sen_obt
Sen_ova,1156,Sen_ova
Sen_pla,1157,Sen_pla
Sen_pol,2967,Sen_pol
Sen_pub,1158,Sen_pub
Sen_rig,1159,Sen_rig
Sen_sel,1160,Sen_sel
Sen_spa,1161,Sen_spa
Sen_syl,1163,Sen_syl
Sen_und,2981,Sen_und
Sen_ver,4232,Sen_ver
Sen_vul,1164,Sen_vul
Ser_ala,1167,Ser_ala
Ser_ast,1165,Ser_ast
Ser_cen,1168,Ser_cen
Ser_cor,1169,Ser_cor
Ser_lin,1166,Ser_lin
Ser_mar,1170,Ser_mar
Ser_mex,6672,Ser_mex
Ser_pau,6673,Ser_pau
Ser_plu,6674,Ser_plu
Ser_pyr,6675,Ser_pyr
Ser_rep,198,Ser_rep
Ser_tin,1171,Ser_tin
Ser_tra,6677,Ser_tra
Ses_ann,142,Ses_ann
Ses_cae,5906,Ses_cae
Ses_her,2982,Ses_her
Ses_lib,143,Ses_lib
Ses_pur,1630,Ses_pur
Ses_ses,2983,Ses_ses
Ses_vir,2984,Ses_vir
Set_fab,5907,Set_fab
Set_inc,5908,Set_inc
Set_ita,5909,Set_ita
Set_leu,5910,Set_leu
Set_lon,5911,Set_lon
Set_mac,5912,Set_mac
Set_par,5913,Set_par
Set_pum,5914,Set_pum
Set_sph,5915,Set_sph
Set_vag,5917,Set_vag
Set_ver,5918,Set_ver
Set_vir,5919,Set_vir
She_arg,6198,She_arg
She_arv,3429,She_arv
She_can,6199,She_can
Sib_adp,6428,Sib_adp
Sib_bif,6431,Sib_bif
Sib_pro,6429,Sib_pro
Sib_ser,6430,Sib_ser
Sic_ang,2129,Sic_ang
Sid_cil,4562,Sid_cil
Sid_cor,4563,Sid_cor
Sid_dip,4571,Sid_dip
Sid_ell,4564,Sid_ell
Sid_gla,4565,Sid_gla
Sid_lin,4566,Sid_lin
Sid_rho,4567,Sid_rho
Sid_rom,3652,Sid_rom
Sid_spi,4568,Sid_spi
Sid_tri,4570,Sid_tri
Sil_aca,1845,Sil_aca
Sil_ant,1846,Sil_ant
Sil_arm,1847,Sil_arm
Sil_col,1848,Sil_col
Sil_con,1849,Sil_con
Sil_dio,1850,Sil_dio
Sil_flo,1851,Sil_flo
Sil_gal,1852,Sil_gal
Sil_int,1172,Sil_int
Sil_lac,1173,Sil_lac
Sil_lac1,1853,Sil_laciniata
Sil_lat,1855,Sil_lat
Sil_lat_2,1854,Sil_lat__sub_alb
Sil_lat_3,1854,Sil_lat__sub_alb
Sil_lat_5,1854,Sil_lat__sub_alb
Sil_lat_6,1854,Sil_lat__sub_alb
Sil_lat1,1855,Sil_lat
Sil_mar,1178,Sil_mar
Sil_mul,1856,Sil_mul
Sil_mus,1857,Sil_mus
Sil_noc,1858,Sil_noc
Sil_noctu,1859,Sil_noctu
Sil_nut,1860,Sil_nut
Sil_oti,1861,Sil_oti
Sil_per,1174,Sil_per
Sil_rep,1862,Sil_rep
Sil_sco,1863,Sil_sco
Sil_sil,144,Sil_sil
Sil_ste,1865,Sil_ste
Sil_sue,1866,Sil_sue
Sil_ter,1176,Sil_ter
Sil_tri,1177,Sil_tri
Sil_ura1,1867,Sil_ura
Sil_vis,1869,Sil_vis
Sil_visca,1868,Sil_visca
Sil_vul,1870,Sil_vul
Sim_ama,6686,Sim_ama
Sim_ced,6684,Sim_ced
Sim_gla,3430,Sim_gla
Sim_gra,3431,Sim_gra
Sim_max,3432,Sim_max
Sim_sam,3433,Sim_sam
Sim_sub,6685,Sim_sub
Sin_alb,1590,Sin_alb
Sin_arv,1591,Sin_arv
Sip_are,4683,Sip_are
Sip_gui,3974,Sip_gui
Sip_pau,3975,Sip_pau
Sip_reg,3976,Sip_reg
Sis_alb,321,Sis_alb
Sis_alt,1593,Sis_alt
Sis_ang,322,Sis_ang
Sis_atl,323,Sis_atl
Sis_aus,1594,Sis_aus
Sis_bel,324,Sis_bel
Sis_cam,325,Sis_cam
Sis_loe,1595,Sis_loe
Sis_luz,326,Sis_luz
Sis_mic,327,Sis_mic
Sis_mon,328,Sis_mon
Sis_NA,334,Sis_NA
Sis_off,1596,Sis_off
Sis_ori,1597,Sis_ori
Sis_pal,329,Sis_pal
Sis_res,330,Sis_res
Sis_vag,332,Sis_vag
Sis_wei,333,Sis_wei
Siu_sua,145,Siu_sua
Slo_eic,4966,Slo_eic
Slo_gar,4967,Slo_gar
Slo_gra,4968,Slo_gra
Slo_las,4969,Slo_las
Slo_mei,4970,Slo_mei
Smi_aur,4007,Smi_aur
Smi_bon,4008,Smi_bon
Smi_flu,4009,Smi_flu
Smi_her,4010,Smi_her
Smi_las,4011,Smi_las
Smi_pur,4012,Smi_pur
Smi_rot,4013,Smi_rot
Smi_spi,4014,Smi_spi
Smi_sub,4015,Smi_sub
Smi_tam,4016,Smi_tam
Soc_exo,199,Soc_exo
Sol_alt,1181,Sol_alt
Sol_ame,6819,Sol_ame
Sol_arg,6820,Sol_arg
Sol_cae,1182,Sol_cae
Sol_can,1183,Sol_can
Sol_car,6821,Sol_car
Sol_chi,1184,Sol_chi
Sol_cir,6822,Sol_cir
Sol_cro,6928,Sol_cro
Sol_cyd,1179,Sol_cyd
Sol_dul,6823,Sol_dul
Sol_ela,6824,Sol_ela
Sol_fis,1185,Sol_fis
Sol_gig,1186,Sol_gig
Sol_gra,6826,Sol_gra
Sol_gra_a,6825,Sol_gra_a
Sol_gun,1180,Sol_gun
Sol_hay,6827,Sol_hay
Sol_his,1187,Sol_his
Sol_inc,6828,Sol_inc
Sol_ind,6848,Sol_ind
Sol_jam,6829,Sol_jam
Sol_jun,1188,Sol_jun
Sol_lan,6830,Sol_lan
Sol_lyc,6831,Sol_lyc
Sol_mau,6833,Sol_mau
Sol_mis,1189,Sol_mis
Sol_mol,1190,Sol_mol
Sol_nan,1191,Sol_nan
Sol_nem,1192,Sol_nem
Sol_nig,6834,Sol_nig
Sol_odo1,1193,Sol_odo
Sol_ohi,1194,Sol_ohi
Sol_orb,6835,Sol_orb
Sol_pal,6836,Sol_pal
Sol_pat,1195,Sol_pat
Sol_phy,6837,Sol_phy
Sol_pta,1196,Sol_pta
Sol_pty,6838,Sol_pty
Sol_pub,1197,Sol_pub
Sol_rid,1198,Sol_rid
Sol_rig,1200,Sol_rig
Sol_rig_1,1199,Sol_rig__var_rig
Sol_ros,6839,Sol_ros
Sol_rug,1201,Sol_rug
Sol_sem,1202,Sol_sem
Sol_sim,1203,Sol_sim
Sol_soo,6840,Sol_soo
Sol_spe,1204,Sol_spe
Sol_ste,6842,Sol_ste
Sol_sti,6843,Sol_sti
Sol_sub,6844,Sol_sub
Sol_sur,6849,Sol_sur
Sol_tor,1206,Sol_tor
Sol_tri,6845,Sol_tri
Sol_uli,1207,Sol_uli
Sol_ulm,1208,Sol_ulm
Sol_var,6846,Sol_var
Sol_via,6847,Sol_via
Sol_vir,1209,Sol_vir
Son_arv,1211,Son_arv
Son_arv_2,1210,Son_arv__sub_uli
Son_arv1,1211,Son_arv
Son_asp,1212,Son_asp
Son_ole,1213,Son_ole
Sop_nut,2985,Sop_nut
Sor_aff,6241,Sor_aff
Sor_ari,6432,Sor_ari
Sor_auc,6433,Sor_auc
Sor_bic,5923,Sor_bic
Sor_bon,6242,Sor_bon
Sor_gui,6243,Sor_gui
Sor_hal,5924,Sor_hal
Sor_min,5920,Sor_min
Sor_nut,5921,Sor_nut
Sor_sit,6434,Sor_sit
Sor_tor,6435,Sor_tor
Spa_alt,5925,Spa_alt
Spa_ame,6011,Spa_ame
Spa_bak,5926,Spa_bak
Spa_cam,3529,Spa_cam
Spa_eme,6012,Spa_eme
Spa_ere,6013,Spa_ere
Spa_eur,6014,Spa_eur
Spa_leu,3528,Spa_leu
Spa_pat,5927,Spa_pat
Spa_pec,5928,Spa_pec
Spe_art,3434,Spe_art
Spe_arv,1871,Spe_arv
Spe_ery,3435,Spe_ery
Spe_ocy,3436,Spe_ocy
Spe_poa,3437,Spe_poa
Spe_rem,3438,Spe_rem
Spe_rub,1872,Spe_rub
Spe_ver,3440,Spe_ver
Sph_amb,4573,Sph_amb
Sph_aus,4574,Sph_aus
Sph_coc,4575,Sph_coc
Sph_fus,7025,Sph_fus
Sph_gir,7026,Sph_gir
Sph_glo,6913,Sph_glo
Sph_gra,146,Sph_gra
Sph_has,4576,Sph_has
Sph_inc,4577,Sph_inc
Sph_int,5929,Sph_int
Sph_lep,4578,Sph_lep
Sph_mun,4579,Sph_mun
Sph_obt,5930,Sph_obt
Sph_par,4580,Sph_par
Sph_qui,7027,Sph_qui
Sph_rus,7028,Sph_rus
Sph_sua,1215,Sph_sua
Sph_wri,4582,Sph_wri
Spi_alb,6436,Spi_alb
Spi_mag,376,Spi_mag
Spi_med,6437,Spi_med
Spi_ova,377,Spi_ova
Spi_pol,26,Spi_pol
Spi_pub,6438,Spi_pub
Spi_pyr,6439,Spi_pyr
Spi_spl,6440,Spi_spl
Spi_tom,6442,Spi_tom
Spo_afr,5931,Spo_afr
Spo_air,5932,Spo_air
Spo_ang,5933,Spo_ang
Spo_cla,5934,Spo_cla
Spo_com,5935,Spo_com
Spo_con,5936,Spo_con
Spo_cor,5937,Spo_cor
Spo_cry,5938,Spo_cry
Spo_fes,5939,Spo_fes
Spo_fle,5940,Spo_fle
Spo_hel,5941,Spo_hel
Spo_het,5942,Spo_het
Spo_ind,5943,Spo_ind
Spo_ioc,5944,Spo_ioc
Spo_pur,6529,Spo_pur
Spo_pyr,5945,Spo_pyr
Spo_rad,6530,Spo_rad
Spo_sib,5013,Spo_sib
Spo_ven,6531,Spo_ven
Sta_aju,3653,Sta_aju
Sta_alp,3654,Sta_alp
Sta_ann,3655,Sta_ann
Sta_his,3656,Sta_his
Sta_off,3657,Sta_off
Sta_pal,3658,Sta_pal
Sta_pin,1599,Sta_pin
Sta_rec,3659,Sta_rec
Sta_rug,3660,Sta_rug
Sta_syl,3662,Sta_syl
Sta_ten,3663,Sta_ten
Ste_ann,717,Eri_ann
Ste_ape,4583,Ste_ape
Ste_bla,4119,Ste_bla
Ste_cha,4605,Ste_cha
Ste_che,1873,Ste_che
Ste_cos,4584,Ste_cos
Ste_cri,1874,Ste_cri
Ste_dah,1875,Ste_dah
Ste_dic,1876,Ste_dic
Ste_exc,4585,Ste_exc
Ste_exi,1218,Ste_exi
Ste_gra,1877,Ste_gra
Ste_hia,5947,Ste_hia
Ste_hol,1878,Ste_hol
Ste_lax,5948,Ste_lax
Ste_lon,1879,Ste_lon
Ste_mac,1216,Ste_mac
Ste_med,1880,Ste_med
Ste_meg,1217,Ste_meg
Ste_nig,3441,Ste_nig
Ste_nit,1881,Ste_nit
Ste_pau,1219,Ste_pau
Ste_spe,4586,Ste_spe
Ste_uli,1883,Ste_uli
Sti_bai,5949,Sti_bai
Sti_cap,5950,Sti_cap
Sti_cau,5951,Sti_cau
Sti_cil,5970,Sti_cil
Sti_com,5952,Sti_com
Sti_gra,5953,Sti_gra
Sti_ina,3530,Sti_ina
Sti_kry,5954,Sti_kry
Sti_lem,5955,Sti_lem
Sti_lin,4307,Sti_lin
Sti_nam,5971,Sti_nam
Sti_nel,5956,Sti_nel
Sti_occ,5957,Sti_occ
Sti_pap,5958,Sti_pap
Sti_pel,5959,Sti_pel
Sti_pen,5960,Sti_pen
Sti_rip,3531,Sti_rip
Sti_rob,5961,Sti_rob
Sti_sib,5962,Sti_sib
Sti_spa,5963,Sti_spa
Sti_spl,5964,Sti_spl
Sti_ten,5966,Sti_ten
Sti_thu,5967,Sti_thu
Sti_tia,5968,Sti_tia
Sti_tir,5969,Sti_tir
Sto_aet,1220,Sto_aet
Sto_bee,1662,Sto_bee
Str_ang,3754,Str_ang
Str_bra,3307,Str_bra
Str_bre,3308,Str_bre
Str_cil,4606,Str_cil
Str_dod,4607,Str_dod
Str_lei,2986,Str_lei
Str_mic,2987,Str_mic
Str_pan,3309,Str_pan
Str_rot,2988,Str_rot
Str_tox,3310,Str_tox
Sty_gla,2391,Sty_gla
Sty_gui,2989,Sty_gui_var_gra
Sty_mon,2990,Sty_mon
Sty_poh,2392,Sty_poh
Sty_spa,3132,Sty_spa
Sty_tur,2347,Sty_tur
Sua_lin,1762,Sua_lin
Sua_mar,1763,Sua_mar
Sua_moq,1764,Sua_moq
Suc_pra,2172,Suc_pra
Suc_pra_a,2171,Suc_pra_a
Swa_acu,2992,Swa_acu
Swa_alt,2993,Swa_alt
Swa_ape,2994,Swa_ape
Swa_fla,2995,Swa_fla
Swa_lin,2996,Swa_lin
Swa_myr,2997,Swa_myr
Swa_sim,2998,Swa_sim
Swe_fru,3000,Swe_fru
Swe_per,3304,Swe_per
Sya_bot,200,Sya_bot
Sya_rom,201,Sya_rom
Sym_alb,2174,Sym_alb
Sym_alb1,2173,Sym_alb_var_lae
Sym_cil,1222,Sym_cil
Sym_cor,1223,Sym_cor
Sym_dum,1224,Sym_dum
Sym_eri,1225,Sym_eri
Sym_fal,1227,Sym_fal
Sym_fal1,1226,Sym_fal_var_com
Sym_fen,1228,Sym_fen
Sym_fir,1229,Sym_fir
Sym_foe,27,Sym_foe
Sym_glo,4112,Sym_glo
Sym_lae,1231,Sym_lae
Sym_lae1,1230,Sym_lae_var_gey
Sym_lan,1233,Sym_lan
Sym_lan1,1232,Sym_lan_var_lan
Sym_lat,1234,Sym_lat
Sym_lax,2393,Sym_lax
Sym_nov,1235,Sym_nov
Sym_novbel,1236,Sym_novbel
Sym_obl,1237,Sym_obl
Sym_occ,2175,Sym_occ
Sym_off,1432,Sym_off
Sym_ont,1238,Sym_ont
Sym_ool,1239,Sym_ool
Sym_orb,2176,Sym_orb
Sym_pan,2394,Sym_pan
Sym_pat,1240,Sym_pat
Sym_pil,1241,Sym_pil
Sym_por,1242,Sym_por
Sym_pra,1243,Sym_pra
Sym_pun,1244,Sym_pun
Sym_pyc,2395,Sym_pyc
Sym_sal,1245,Sym_sal
Sym_ser,1246,Sym_ser
Sym_sho,1247,Sym_sho
Sym_sim,1248,Sym_sim
Sym_spa,1249,Sym_spa
Sym_sub1,1251,Sym_sub
Sym_tub,1433,Sym_tub
Sym_und,1252,Sym_und
Sym_uro,1253,Sym_uro
Syn_ant,5272,Syn_ant
Syn_ren,3840,Syn_ren
Syn_ves,1254,Syn_ves
Syn_war,202,Syn_war
Syr_ret,3705,Syr_ret
Syz_cum,4877,Syz_cum
Syz_jam,4878,Syz_jam
Tab_alb,3263,Tab_alb
Tab_alf,3264,Tab_alf
Tab_arb,3265,Tab_arb
Tab_cat,3266,Tab_cat
Tab_don,3267,Tab_don
Tab_ell,3532,Tab_ell
Tab_obt,3533,Tab_obt
Tab_och,3534,Tab_och
Tab_ros,3535,Tab_ros
Tab_roseo,3536,Tab_roseo
Tab_sal,3268,Tab_sal
Tac_pil,3001,Tac_pil
Tac_ver,3002,Tac_ver
Tae_cap,5972,Tae_cap
Tag_min,1255,Tag_min
Tal_cro,6678,Tal_cro
Tal_ner,6679,Tal_ner
Tal_pol,2042,Tal_pol
Tam_can,2045,Tam_can
Tam_ram,2046,Tam_ram
Tan_bip,1257,Tan_bip
Tan_cor,1258,Tan_cor
Tan_mic,1259,Tan_mic
Tan_par,1260,Tan_par
Tan_pyr,3538,Tan_pyr
Tan_vul,1261,Tan_vul
Tap_gui,6532,Tap_gui
Tap_obt,6533,Tap_obt
Tar_cam,1262,Tar_cam
Tar_col,1263,Tar_col
Tar_dis,1264,Tar_dis
Tar_eri,1265,Tar_eri
Tar_mon,1266,Tar_mon
Tar_off,1267,Tar_off
Tar_pal,1268,Tar_pal
Tar_rud,1269,Tar_rud
Tat_arn,5973,Tat_arn
Tau_kel,147,Tau_kel
Tec_sta,3539,Tec_sta
Tee_nud,1600,Tee_nud
Tel_gra,6743,Tel_gra
Tem_ret,3003,Tem_ret
Tem_sul,3004,Tem_sul
Ten_str,5974,Ten_str
Tep_bid,3005,Tep_bid
Tep_str,3006,Tep_str
Tep_vir,3007,Tep_vir
Ter_ama,4613,Ter_ama
Ter_arg,4614,Ter_arg
Ter_buc,4615,Ter_buc
Ter_gla,4616,Ter_gla
Ter_kuh,4617,Ter_kuh
Ter_mam,4618,Ter_mam
Ter_tep,2270,Ter_tep
Ter_tri,4619,Ter_tri
Tet_aca,1271,Tet_aca
Tet_art,7050,Tet_art
Tet_dis,4308,Tet_dis
Tet_ech,1663,Tet_ech
Tet_fru,1664,Tet_fru
Tet_hyd,2138,Tet_hyd
Tet_joh,4411,Tet_joh
Tet_mic,4309,Tet_mic
Tet_pan,6550,Tet_pan
Tet_por,2139,Tet_por
Tet_rob,4233,Tet_rob
Tet_rot,4234,Tet_rot
Tet_sim,6883,Tet_sim
Tet_ten,5975,Tet_ten
Tet_tin,4310,Tet_tin
Tet_vol,2140,Tet_vol
Teu_can,3664,Teu_can
Teu_cap,3665,Teu_cap
Teu_cap1,3665,Teu_cap
Teu_cha,3666,Teu_cha
Teu_mon,3667,Teu_mon
Teu_pol,3668,Teu_pol
Teu_sco,3670,Teu_sco
Teu_scoium,3669,Teu_scoium
Tha_alp,6169,Tha_alp
Tha_aqu,6170,Tha_aqu
Tha_das,6171,Tha_das
Tha_fla,6172,Tha_fla
Tha_foe,6173,Tha_foe
Tha_luc,6174,Tha_luc
Tha_min,6175,Tha_min
Tha_occ,6176,Tha_occ
Tha_pet,6177,Tha_pet
Tha_pub,6178,Tha_pub
Tha_rev,6179,Tha_rev
Tha_sim,6180,Tha_sim
Tha_sim1,6180,Tha_sim
Tha_tri,148,Tha_tri
Tha_ven,6182,Tha_ven
Tha_ver,6929,Tha_ver
The_aho,3270,The_aho
The_arv,6493,The_arv
The_bra,6494,The_bra
The_con,7124,The_con
The_dah,3008,The_dah
The_div,3009,The_div
The_ele,1601,The_ele
The_fil,1272,The_fil
The_hum,6495,The_hum
The_lin,6497,The_lin
The_line,6496,The_line
The_meg,1273,The_meg
The_nov,7125,The_nov
The_rho,3010,The_rho
The_sim,4587,The_sim
The_tri,5976,The_tri
Thi_myr,6680,Thi_myr
Thl_arv,1602,Thl_arv
Thl_cae,1603,Thl_cae
Thl_per,1604,Thl_per
Thr_bae,4880,Thr_bae
Thr_gal,378,Thr_gal
Thu_tam,6989,Thu_tam
Thy_ace,1274,Thy_ace
Thy_cur,1605,Thy_cur
Thy_dah,3671,Thy_dah
Thy_gob,3672,Thy_gob
Thy_hir,4608,Thy_hir
Thy_lac,1606,Thy_lac
Thy_odo,3673,Thy_odo
Thy_pen,1275,Thy_pen
Thy_pra,3674,Thy_pra
Thy_pul,3675,Thy_pul
Thy_pul1,3675,Thy_pul
Thy_ser,3676,Thy_ser
Thy_spr,6534,Thy_spr
Thy_vul,3677,Thy_vul
Thy_zyg,3678,Thy_zyg
Thy_zyg1,3678,Thy_zyg
Tia_cor,6744,Tia_cor
Tib_gra,4684,Tib_gra
Tid_lan,1765,Tid_lan
Til_ame,4588,Til_ame
Til_bac,1276,Til_bac
Til_cor,4589,Til_cor
Til_pla,4590,Til_pla
Til_rec,5014,Til_rec
Tin_aet,3679,Tin_aet
Tip_tip,3011,Tip_tip
Tiq_can,1455,Tiq_can
Toc_bra,3442,Toc_bra
Toc_pit,3443,Toc_pit
Tof_pus,51,Tof_pus
Tol_bar,1277,Tol_bar
Ton_mic,2072,Ton_mic
Ton_ten,3841,Ton_ten
Tor_arv,149,Tor_arv
Tor_eur,7020,Tor_eur
Tor_jap,150,Tor_jap
Tor_nod,151,Tor_nod
Tou_cus,1459,Tou_cus
Tou_gla,1460,Tou_gla
Tou_mac,1461,Tou_mac
Tou_pat,6681,Tou_pat
Tov_bre,4113,Tov_bre
Tov_lon,4114,Tov_lon
Tov_sty,4115,Tov_sty
Tow_ann,1278,Tow_ann
Tow_exs,1279,Tow_exs
Tow_flo,1280,Tow_flo
Tox_div,6535,Tox_div
Tox_rad,6536,Tox_rad
Tox_ryd,6537,Tox_ryd
Tra_asp,6551,Tra_asp
Tra_ber,5978,Tra_ber
Tra_bet,4235,Tra_bet
Tra_bra,2083,Tra_bra
Tra_coe,1281,Tra_coe
Tra_dub,1282,Tra_dub
Tra_dub1,1282,Tra_dub
Tra_glo,379,Tra_glo
Tra_mur,283,Tra_mur
Tra_nat,4634,Tra_nat
Tra_occ,2084,Tra_occ
Tra_off,2085,Tra_off
Tra_ohi,2086,Tra_ohi
Tra_ori,1283,Tra_ori
Tra_por,1284,Tra_por
Tra_pra,1285,Tra_pra
Tra_rac,5979,Tra_rac
Tra_ram,4236,Tra_ram
Tra_spi,5977,Tra_spi
Tra_vir,2088,Tra_vir
Tre_mic,6193,Tre_mic
Tre_see,6194,Tre_see
Tri_aes,5992,Tri_aes
Tri_alb,3012,Tri_alb
Tri_alp,3013,Tri_alp
Tri_ame,2037,Tri_ame
Tri_ang,3014,Tri_ang
Tri_angus,3015,Tri_angus
Tri_arv,3016,Tri_arv
Tri_aur,3017,Tri_aur
Tri_bas,5984,Tri_bas
Tri_bif,3019,Tri_bif
Tri_bif1,3018,Tri_bif_var_dec
Tri_bog,4593,Tri_bog
Tri_bor,2348,Tri_bor
Tri_bra,3680,Tri_bra
Tri_bri,271,Tri_bri
Tri_cam,3020,Tri_cam
Tri_cas,6566,Tri_cas
Tri_cat,6567,Tri_cat
Tri_cer,3021,Tri_cer
Tri_ces,5262,Tri_ces
Tri_che,3022,Tri_che
Tri_cil,3023,Tri_cil
Tri_cla,6568,Tri_cla
Tri_cri,5982,Tri_cri
Tri_dac,5988,Tri_dac
Tri_dep,3024,Tri_dep
Tri_dic,3681,Tri_dic
Tri_dub,3025,Tri_dub
Tri_ele,6569,Tri_ele
Tri_epa,5985,Tri_epa
Tri_ere,3999,Tri_ere
Tri_eri,3755,Tri_eri
Tri_erio,3026,Tri_erio
Tri_exi,3027,Tri_exi
Tri_fla,5989,Tri_fla
Tri_flavu,5983,Tri_flavu
Tri_fra,3028,Tri_fra
Tri_fuc,3029,Tri_fuc
Tri_gal,4592,Tri_gal
Tri_gem,3030,Tri_gem
Tri_glo,3031,Tri_glo
Tri_gra,3032,Tri_gra
Tri_hir,3033,Tri_hir
Tri_his,5980,Tri_his
Tri_hya,272,Tri_hya
Tri_hyb,3034,Tri_hyb
Tri_inc,3035,Tri_inc
Tri_ino,1289,Tri_ino
Tri_lat,2349,Tri_lat
Tri_lax,273,Tri_lax
Tri_lep,6570,Tri_lep
Tri_lon,3036,Tri_lon
Tri_lup,3037,Tri_lup
Tri_mac,3038,Tri_mac
Tri_mar,1290,Tri_mar
Tri_med,3039,Tri_med
Tri_mic,3040,Tri_mic
Tri_micdon,3041,Tri_micdon
Tri_mon,5993,Tri_mon
Tri_mont,3042,Tri_mont
Tri_obt,3043,Tri_obt
Tri_och,3044,Tri_och
Tri_opp,1292,Tri_opp
Tri_pal,35,Tri_pal
Tri_pal_a,6572,Tri_pal_a
Tri_pan,1291,Tri_pan
Tri_pan1,1291,Tri_pan
Tri_pat,3046,Tri_pat
Tri_ped,1435,Tri_ped
Tri_per,1361,Tri_per
Tri_pra,3047,Tri_pra
Tri_pro,1287,Tri_pro
Tri_pse,6573,Tri_pse
Tri_pur,5987,Tri_pur
Tri_qua,6574,Tri_qua
Tri_qui,7003,Tri_qui
Tri_rec,4000,Tri_rec
Tri_rep,3048,Tri_rep
Tri_ret,3049,Tri_ret
Tri_rub,3050,Tri_rub
Tri_sca,3051,Tri_sca
Tri_sci,36,Tri_sci
Tri_sil,6575,Tri_sil
Tri_sin,1370,Tri_sin
Tri_spi,5990,Tri_spi
Tri_ste,3053,Tri_ste
Tri_str,3054,Tri_str
Tri_stric,3055,Tri_stric
Tri_sub,3056,Tri_sub
Tri_suf,3057,Tri_suf
Tri_sur,6577,Tri_sur
Tri_syl,3058,Tri_syl
Tri_ten,7021,Tri_ten
Tri_ter,6884,Tri_ter
Tri_tom,3059,Tri_tom
Tri_tru,336,Tri_tru
Tri_tub,6578,Tri_tub
Tri_uni,5981,Tri_uni
Tri_vai,1293,Tri_vai
Tri_var,3060,Tri_var
Tri_vir,4258,Tri_vir
Tri_wil,3061,Tri_wil
Tri_wis,5986,Tri_wis
Tri_zey,1434,Tri_zey
Tric_pal,6571,Tric_pal
Trif_pan,3045,Trif_pan
Trig_pro,3062,Trig_pro
Trig_spi,4416,Trig_spi
Trio_aur,2178,Trio_aur
Trio_lep,1360,Trio_lep
Trio_per,2179,Trio_per
Trio_ret,1288,Trio_ret
Tro_cau,6244,Tro_cau
Tro_chi,6183,Tro_chi
Tro_eur,6184,Tro_eur
Tro_rac,6245,Tro_rac
Tsu_mer,7073,Tsu_mer
Tur_cip,4327,Tur_cip
Tur_gla,1607,Tur_gla
Tur_occ,2116,Tur_occ
Tur_pan,4328,Tur_pan
Tur_sid,4329,Tur_sid
Tus_far,1294,Tus_far
Typ_ang,6016,Typ_ang
Typ_gla,6016,Typ_ang
Typ_lat,6017,Typ_lat
Ule_eur,3063,Ule_eur
Ule_par,3064,Ule_par
Ulm_ala,6446,Ulm_ala
Ulm_ame,6447,Ulm_ame
Ulm_gla,6448,Ulm_gla
Ulm_min,6449,Ulm_min
Ulm_par,6450,Ulm_par
Ulm_pum,6451,Ulm_pum
Ulm_rub,6452,Ulm_rub
Ulm_tho,6454,Ulm_tho
Umb_cal,3968,Umb_cal
UN_ID_ERSI,7172,Eri_gra
UN_ID_PAMU,7173,Pac_mul
Uno_ham,4052,Uno_ham
Uno_pan,4053,Uno_pan
Uno_pit,4054,Uno_pit
Uno_ren,4055,Uno_ren
Uno_sto,4057,Uno_sto
Ure_bac,6472,Ure_bac
Ure_car,6473,Ure_car
Ure_lia,6474,Ure_lia
Ure_lob,4595,Ure_lob
Ure_nit,6475,Ure_nit
Uro_dal,1297,Uro_dal
Uro_das,3066,Uro_das
Uro_emi,5995,Uro_emi
Uro_lin,1296,Uro_lin
Uro_pic,1298,Uro_pic
Urs_ant,1299,Urs_ant
Urs_ant1,1299,Urs_ant
Urs_pal,1300,Urs_pal
Urs_ten,1301,Urs_ten
Urt_dio,6477,Urt_dio
Urt_dio1,6477,Urt_dio
Utr_int,3686,Utr_int
Utr_min,3687,Utr_min
Utr_vul,3688,Utr_vul
Uvu_ses,3979,Uvu_ses
Vac_ang,2245,Vac_ang
Vac_cor,2246,Vac_cor
Vac_mem,2247,Vac_mem
Vac_myr,2249,Vac_myr
Vac_myrdes,2248,Vac_myrdes
Vac_ova,2250,Vac_ova
Vac_uli,2252,Vac_uli
Vac_vit,2253,Vac_vit
Vah_dig,6851,Vah_dig
Val_ame,34,Val_ame
Val_den,2185,Val_den
Val_dio,2181,Val_dio
Val_loc,2186,Val_loc
Val_off,2182,Val_off
Val_off1,2182,Val_off
Val_sam,2183,Val_sam
Val_sto,2184,Val_sto_sub_ang
Van_dep,4239,Van_dep
Vat_ara,3069,Vat_ara
Vat_ery,3067,Vat_ery
Vat_het,3068,Vat_het
Vel_epi,4985,Vel_epi
Vel_par,1369,Vel_par
Vel_res,4986,Vel_res
Vel_rig,1885,Vel_rig
Ven_dub,5997,Ven_dub
Ver_agr,3842,Ver_agr
Ver_alp,3843,Ver_alp
Ver_alt,1302,Ver_alt
Ver_ame,3844,Ver_ame
Ver_ana,3845,Ver_ana
Ver_arv,3846,Ver_arv
Ver_aus,3847,Ver_aus
Ver_aus1,3847,Ver_aus
Ver_aus2,3847,Ver_aus
Ver_bal,1309,Ver_bal
Ver_bec,3848,Ver_bec
Ver_bla,3877,Ver_bla
Ver_bra,3902,Ver_bra
Ver_bul,3849,Ver_bul
Ver_cat,3850,Ver_cat
Ver_cha,3851,Ver_cha
Ver_cha_2,3878,Ver_cha__sub_aus
Ver_cha1,3879,Ver_chai
Ver_cym,3852,Ver_cym
Ver_den,3880,Ver_den
Ver_dis,1305,Ver_dis
Ver_div,1306,Ver_div
Ver_enc,1303,Ver_enc
Ver_fas,1310,Ver_fas
Ver_fil,3853,Ver_fil
Ver_fru,3854,Ver_fru
Ver_gig,1311,Ver_gig
Ver_has,3903,Ver_has
Ver_hed,3855,Ver_hed
Ver_hir,3904,Ver_hir
Ver_lob,4002,Ver_lob
Ver_lon,3856,Ver_lon
Ver_lyc,3881,Ver_lyc
Ver_mis,1312,Ver_mis
Ver_mon,3857,Ver_mon
Ver_mon_a,3905,Ver_mon_a
Ver_nig,3882,Ver_nig
Ver_nud,1307,Ver_nud
Ver_off,3906,Ver_off
Ver_per,3860,Ver_per
Ver_pere,3859,Ver_pere
Ver_phl,3883,Ver_phl
Ver_pho,1308,Ver_pho
Ver_pol,3861,Ver_pol
Ver_pro,3862,Ver_pro
Ver_ser,3863,Ver_ser
Ver_sim,3907,Ver_sim
Ver_sin,3885,Ver_sin
Ver_sp,3908,Ver_sp
Ver_spi,3864,Ver_spi
Ver_spi1,3864,Ver_spi
Ver_spi2,3864,Ver_spi
Ver_str,3909,Ver_str
Ver_teu,3866,Ver_teu
Ver_tha,3887,Ver_tha
Ver_urt,3910,Ver_urt
Ver_vir,3867,Ver_vir
Vera_nig,4003,Vera_nig
Vera_vir,4004,Vera_vir
Verb_gig,1304,Verb_gig
Verb_pho,3884,Verb_pho
Vero_off,3858,Vero_off
Vib_den,2190,Vib_den
Vib_dil,2191,Vib_dil
Vib_lan,2192,Vib_lan
Vib_len,2193,Vib_len
Vib_opu,2195,Vib_opu
Vib_opu,2194,Vib_opu_var_ame
Vib_pli,2196,Vib_pli
Vib_pru,2197,Vib_pru
Vib_rec,2198,Vib_rec
Vib_sie,2199,Vib_sie
Vic_acu,3070,Vic_acu
Vic_ame,3071,Vic_ame
Vic_ben,3072,Vic_ben
Vic_bit,3073,Vic_bit
Vic_cas,3074,Vic_cas
Vic_cra,3075,Vic_cra
Vic_hir,3076,Vic_hir
Vic_lat,3077,Vic_lat
Vic_lut,3078,Vic_lut
Vic_mul,3079,Vic_mul
Vic_pan,3080,Vic_pan
Vic_pis,3081,Vic_pis
Vic_sat,3082,Vic_sat
Vic_sat1,3082,Vic_sat
Vic_sep,3083,Vic_sep
Vic_set,3084,Vic_set_var_set
Vic_ten,3086,Vic_ten
Vic_tet,3087,Vic_tet
Vic_ven,3088,Vic_ven
Vic_vil,3089,Vic_vil
Vig_lan,3090,Vig_lan
Vig_rad,3091,Vig_rad
Vin_her,3271,Vin_her
Vin_hir,3273,Vin_hir
Vin_sib,3274,Vin_sib
Vio_adu,4424,Vio_adu
Vio_arc,4425,Vio_arc
Vio_arv,4426,Vio_arv
Vio_bak,4427,Vio_bak
Vio_bif,4428,Vio_bif
Vio_can,4430,Vio_can
Vio_cana,4429,Vio_cana
Vio_col,4431,Vio_col
Vio_dou,4432,Vio_dou
Vio_ela,4433,Vio_ela
Vio_gla,4434,Vio_gla
Vio_hir,4435,Vio_hir
Vio_lan,4436,Vio_lan
Vio_nep,4437,Vio_nep
Vio_obl,4438,Vio_obl
Vio_odo,4439,Vio_odo
Vio_ped,4441,Vio_ped
Vio_pedata,4440,Vio_pedata
Vio_pedu,4442,Vio_pedu
Vio_pra,4443,Vio_pra
Vio_pub,4444,Vio_pub
Vio_pum,4445,Vio_pum
Vio_rei,4446,Vio_rei
Vio_riv,4447,Vio_riv
Vio_rup,4448,Vio_rup
Vio_sag,4450,Vio_sag
Vio_sag1,4449,Vio_sag_var_ova
Vio_sel,4451,Vio_sel
Vio_sor,4116,Vio_sor
Vio_str,4453,Vio_str
Vio_tri,4454,Vio_tri
Vir_gar,4068,Vir_gar
Vir_kos,4069,Vir_kos
Vir_mul,4070,Vir_mul
Vir_off,4071,Vir_off
Vir_seb,4072,Vir_seb
Vir_sur,4073,Vir_sur
Vis_bac,4259,Vis_bac
Vis_bil,4260,Vis_bil
Vis_gui,4261,Vis_gui
Vis_mac,4262,Vis_mac
Vis_mar,4263,Vis_mar
Vit_aes,6863,Vit_aes
Vit_lab,6864,Vit_lab
Vit_meg,3682,Vit_meg
Vit_nov,6865,Vit_nov
Vit_rip,6866,Vit_rip
Vit_rot,6867,Vit_rot
Vit_shu,6868,Vit_shu
Vit_til,6870,Vit_til
Vit_vul,6871,Vit_vul
Voc_ang,4951,Voc_ang
Voc_fer,4952,Voc_fer
Voc_pyg,4953,Voc_pyg
Voc_tuc,4954,Voc_tuc
Vul_bro,5998,Vul_bro
Vul_cil,5999,Vul_cil
Vul_mic,6000,Vul_mic
Vul_mur,6001,Vul_mur
Vul_myu,6002,Vul_myu
Vul_oct,6003,Vul_oct
Vul_uni,6005,Vul_uni
Wac_pan,2091,Wac_pan
Wah_gra,1362,Wah_gra
Wah_lin,1363,Wah_lin
Wah_vic,1364,Wah_vic
Wai_nit,1314,Wai_nit
Wal_com,4596,Wal_com
Wal_glo,4597,Wal_glo
Wal_ind,4598,Wal_ind
War_coc,3444,War_coc
Wed_urt,1315,Wed_urt_var_asp
Wel_reg,203,Wel_reg
Wes_cep,3683,Wes_cep
Wib_muc,3092,Wib_muc
Wib_ser,3093,Wib_ser
Wid_nod,7051,Wid_nod
Wis_sin,3094,Wis_sin
Wit_sol,6850,Wit_sol
Wye_ang,1316,Wye_ang
Xan_gra,1317,Xan_gra
Xan_ori1,1319,Xan_ori
Xan_spi,1318,Xan_spi
Xan_str,1321,Xan_str
Xer_ten,4005,Xer_ten
Xim_ame,6500,Xim_ame
Xyl_aro,4058,Xyl_aro
Xyl_bra,4059,Xyl_bra
Xyl_chl,4412,Xyl_chl
Xyl_fru,4060,Xyl_fru
Xyl_mac,4061,Xyl_mac
Xyl_och,4062,Xyl_och
Xyl_pse,4413,Xyl_pse
Xyl_ser,4063,Xyl_ser
Xyr_asp,6019,Xyr_asp
Xyr_bla,6020,Xyr_bla
Xyr_ble,6021,Xyr_ble
Xyr_hil,6022,Xyr_hil
Xyr_ita,6023,Xyr_ita
Xyr_mel,6024,Xyr_mel
Xyr_min,6025,Xyr_min
Xyr_nub,6026,Xyr_nub
Xyr_obt,6027,Xyr_obt
Xyr_pil,6028,Xyr_pil
Xyr_sub,6029,Xyr_sub
Xyr_ten,6030,Xyr_ten
Xyr_tor,6031,Xyr_tor
Yuc_ela,275,Yuc_ela
Yuc_gla,276,Yuc_gla
Zan_acu,6608,Zan_acu
Zan_aet,28,Zan_aet
Zan_ame,6609,Zan_ame
Zan_bun,6610,Zan_bun
Zan_car,6611,Zan_car
Zan_cla,6612,Zan_cla
Zan_ekm,6613,Zan_ekm
Zan_fag,6614,Zan_fag
Zan_mon,6615,Zan_mon
Zan_pal,50,Zan_pal
Zan_pan,6616,Zan_pan
Zan_pet,6617,Zan_pet
Zan_ret,6618,Zan_ret
Zan_rho,6619,Zan_rho
Zan_rie,6620,Zan_rie
Zan_set,6621,Zan_set
Zea_may,6006,Zea_may
Zel_mue,3305,Zel_mue
Zey_tub,3540,Zey_tub
Zin_ace,1322,Zin_ace
Zin_gra,1323,Zin_gra
Ziz_apt,153,Ziz_apt
Ziz_aqu,6007,Ziz_aqu
Ziz_aur,154,Ziz_aur
Ziz_gla,6268,Ziz_gla
Zol_gla,3095,Zol_gla
Zol_ili,3096,Zol_ili
Zol_lat,3097,Zol_lat
Zol_mod,3098,Zol_mod
Zor_lat,3099,Zor_lat
Zor_par,3100,Zor_par_var_cri
Zor_ret,3101,Zor_ret
Zue_gui,4415,Zue_gui
Zyg_pin,6885,Zyg_pin
Zyg_pyg,6886,Zyg_pyg
Zyg_xan,6888,Zyg_xan
