project_code,projectid,source_treatmentid,tsr,source_month,source_day,supabase_areaid,supabase_veg_resultid,current_year,current_month,proposed_month,month_action,current_day,proposed_day,day_action
GAZP1,1,1_1,6,2,,1,1,2016,,2,update_missing,,,source_missing_leave_unchanged
GAZP1,1,1_1,6,2,,2,2,2016,,2,update_missing,,,source_missing_leave_unchanged
GAZP1,1,1_1,6,2,,3,3,2016,,2,update_missing,,,source_missing_leave_unchanged
GAZP1,1,1_1,6,2,,4,4,2016,,2,update_missing,,,source_missing_leave_unchanged
GAZP1,1,1_1,6,2,,5,5,2016,,2,update_missing,,,source_missing_leave_unchanged
GAZP1,1,1_1,6,2,,6,6,2016,,2,update_missing,,,source_missing_leave_unchanged
GAZP1,1,1_1,6,2,,7,7,2016,,2,update_missing,,,source_missing_leave_unchanged
GAZP1,1,1_1,6,2,,8,8,2016,,2,update_missing,,,source_missing_leave_unchanged
GAZP1,1,1_1,6,2,,9,9,2016,,2,update_missing,,,source_missing_leave_unchanged
GAZP1,1,1_1,6,2,,10,10,2016,,2,update_missing,,,source_missing_leave_unchanged
GAZP1,1,1_1,6,2,,11,11,2016,,2,update_missing,,,source_missing_leave_unchanged
GAZP1,1,1_1,6,2,,12,12,2016,,2,update_missing,,,source_missing_leave_unchanged
GAZP1,1,1_1,6,2,,13,13,2016,,2,update_missing,,,source_missing_leave_unchanged
GAZP1,1,1_1,6,2,,14,14,2016,,2,update_missing,,,source_missing_leave_unchanged
GAZP1,1,1_1,6,2,,15,15,2016,,2,update_missing,,,source_missing_leave_unchanged
GAZP1,1,1_1,6,2,,16,16,2016,,2,update_missing,,,source_missing_leave_unchanged
GAZP1,1,1_1,6,2,,17,17,2016,,2,update_missing,,,source_missing_leave_unchanged
GAZP1,1,1_1,6,2,,18,18,2016,,2,update_missing,,,source_missing_leave_unchanged
GAZP1,1,1_1,6,2,,19,19,2016,,2,update_missing,,,source_missing_leave_unchanged
GAZP1,1,1_1,6,2,,20,20,2016,,2,update_missing,,,source_missing_leave_unchanged
GAZP1,1,1_1,6,2,,21,21,2016,,2,update_missing,,,source_missing_leave_unchanged
GAZP1,1,1_1,6,2,,22,22,2016,,2,update_missing,,,source_missing_leave_unchanged
GAZP1,1,1_1,6,2,,23,23,2016,,2,update_missing,,,source_missing_leave_unchanged
GAZP1,1,1_1,6,2,,24,24,2016,,2,update_missing,,,source_missing_leave_unchanged
GAZP1,1,1_1,6,2,,25,25,2016,,2,update_missing,,,source_missing_leave_unchanged
GAZP1,1,1_1,6,2,,26,26,2016,,2,update_missing,,,source_missing_leave_unchanged
GAZP1,1,1_1,6,2,,27,27,2016,,2,update_missing,,,source_missing_leave_unchanged
GAZP1,1,1_1,6,2,,28,28,2016,,2,update_missing,,,source_missing_leave_unchanged
GAZP1,1,1_1,6,2,,29,29,2016,,2,update_missing,,,source_missing_leave_unchanged
GAZP1,1,1_1,6,2,,30,30,2016,,2,update_missing,,,source_missing_leave_unchanged
GAZP1,1,1_10,6,2,,31,31,2016,,2,update_missing,,,source_missing_leave_unchanged
GAZP1,1,1_10,6,2,,32,32,2016,,2,update_missing,,,source_missing_leave_unchanged
GAZP1,1,1_10,6,2,,33,33,2016,,2,update_missing,,,source_missing_leave_unchanged
GAZP1,1,1_10,6,2,,34,34,2016,,2,update_missing,,,source_missing_leave_unchanged
GAZP1,1,1_10,6,2,,35,35,2016,,2,update_missing,,,source_missing_leave_unchanged
GAZP1,1,1_10,6,2,,36,36,2016,,2,update_missing,,,source_missing_leave_unchanged
GAZP1,1,1_10,6,2,,37,37,2016,,2,update_missing,,,source_missing_leave_unchanged
GAZP1,1,1_10,6,2,,38,38,2016,,2,update_missing,,,source_missing_leave_unchanged
GAZP1,1,1_10,6,2,,39,39,2016,,2,update_missing,,,source_missing_leave_unchanged
GAZP1,1,1_10,6,2,,40,40,2016,,2,update_missing,,,source_missing_leave_unchanged
GAZP1,1,1_10,6,2,,41,41,2016,,2,update_missing,,,source_missing_leave_unchanged
GAZP1,1,1_10,6,2,,42,42,2016,,2,update_missing,,,source_missing_leave_unchanged
GAZP1,1,1_10,6,2,,43,43,2016,,2,update_missing,,,source_missing_leave_unchanged
GAZP1,1,1_10,6,2,,44,44,2016,,2,update_missing,,,source_missing_leave_unchanged
GAZP1,1,1_10,6,2,,45,45,2016,,2,update_missing,,,source_missing_leave_unchanged
GAZP1,1,1_10,6,2,,46,46,2016,,2,update_missing,,,source_missing_leave_unchanged
GAZP1,1,1_10,6,2,,47,47,2016,,2,update_missing,,,source_missing_leave_unchanged
GAZP1,1,1_10,6,2,,48,48,2016,,2,update_missing,,,source_missing_leave_unchanged
GAZP1,1,1_10,6,2,,49,49,2016,,2,update_missing,,,source_missing_leave_unchanged
GAZP1,1,1_10,6,2,,50,50,2016,,2,update_missing,,,source_missing_leave_unchanged
GAZP1,1,1_10,6,2,,51,51,2016,,2,update_missing,,,source_missing_leave_unchanged
GAZP1,1,1_10,6,2,,52,52,2016,,2,update_missing,,,source_missing_leave_unchanged
GAZP1,1,1_10,6,2,,53,53,2016,,2,update_missing,,,source_missing_leave_unchanged
GAZP1,1,1_10,6,2,,54,54,2016,,2,update_missing,,,source_missing_leave_unchanged
GAZP1,1,1_10,6,2,,55,55,2016,,2,update_missing,,,source_missing_leave_unchanged
GAZP1,1,1_10,6,2,,56,56,2016,,2,update_missing,,,source_missing_leave_unchanged
GAZP1,1,1_10,6,2,,57,57,2016,,2,update_missing,,,source_missing_leave_unchanged
GAZP1,1,1_10,6,2,,58,58,2016,,2,update_missing,,,source_missing_leave_unchanged
GAZP1,1,1_10,6,2,,59,59,2016,,2,update_missing,,,source_missing_leave_unchanged
GAZP1,1,1_10,6,2,,60,60,2016,,2,update_missing,,,source_missing_leave_unchanged
GAZP1,1,1_10,6,2,,61,61,2016,,2,update_missing,,,source_missing_leave_unchanged
GAZP1,1,1_10,6,2,,62,62,2016,,2,update_missing,,,source_missing_leave_unchanged
GAZP1,1,1_10,6,2,,63,63,2016,,2,update_missing,,,source_missing_leave_unchanged
GAZP1,1,1_10,6,2,,64,64,2016,,2,update_missing,,,source_missing_leave_unchanged
GAZP1,1,1_10,6,2,,65,65,2016,,2,update_missing,,,source_missing_leave_unchanged
GAZP1,1,1_11,6,2,,66,66,2016,,2,update_missing,,,source_missing_leave_unchanged
GAZP1,1,1_11,6,2,,67,67,2016,,2,update_missing,,,source_missing_leave_unchanged
GAZP1,1,1_11,6,2,,68,68,2016,,2,update_missing,,,source_missing_leave_unchanged
GAZP1,1,1_11,6,2,,69,69,2016,,2,update_missing,,,source_missing_leave_unchanged
GAZP1,1,1_11,6,2,,70,70,2016,,2,update_missing,,,source_missing_leave_unchanged
GAZP1,1,1_11,6,2,,71,71,2016,,2,update_missing,,,source_missing_leave_unchanged
GAZP1,1,1_11,6,2,,72,72,2016,,2,update_missing,,,source_missing_leave_unchanged
GAZP1,1,1_11,6,2,,73,73,2016,,2,update_missing,,,source_missing_leave_unchanged
GAZP1,1,1_11,6,2,,74,74,2016,,2,update_missing,,,source_missing_leave_unchanged
GAZP1,1,1_11,6,2,,75,75,2016,,2,update_missing,,,source_missing_leave_unchanged
GAZP1,1,1_11,6,2,,76,76,2016,,2,update_missing,,,source_missing_leave_unchanged
GAZP1,1,1_11,6,2,,77,77,2016,,2,update_missing,,,source_missing_leave_unchanged
GAZP1,1,1_11,6,2,,78,78,2016,,2,update_missing,,,source_missing_leave_unchanged
GAZP1,1,1_11,6,2,,79,79,2016,,2,update_missing,,,source_missing_leave_unchanged
GAZP1,1,1_11,6,2,,80,80,2016,,2,update_missing,,,source_missing_leave_unchanged
GAZP1,1,1_11,6,2,,81,81,2016,,2,update_missing,,,source_missing_leave_unchanged
GAZP1,1,1_11,6,2,,82,82,2016,,2,update_missing,,,source_missing_leave_unchanged
GAZP1,1,1_11,6,2,,83,83,2016,,2,update_missing,,,source_missing_leave_unchanged
GAZP1,1,1_11,6,2,,84,84,2016,,2,update_missing,,,source_missing_leave_unchanged
GAZP1,1,1_11,6,2,,85,85,2016,,2,update_missing,,,source_missing_leave_unchanged
GAZP1,1,1_11,6,2,,86,86,2016,,2,update_missing,,,source_missing_leave_unchanged
GAZP1,1,1_11,6,2,,87,87,2016,,2,update_missing,,,source_missing_leave_unchanged
GAZP1,1,1_11,6,2,,88,88,2016,,2,update_missing,,,source_missing_leave_unchanged
GAZP1,1,1_11,6,2,,89,89,2016,,2,update_missing,,,source_missing_leave_unchanged
GAZP1,1,1_11,6,2,,90,90,2016,,2,update_missing,,,source_missing_leave_unchanged
GAZP1,1,1_11,6,2,,91,91,2016,,2,update_missing,,,source_missing_leave_unchanged
GAZP1,1,1_11,6,2,,92,92,2016,,2,update_missing,,,source_missing_leave_unchanged
GAZP1,1,1_11,6,2,,93,93,2016,,2,update_missing,,,source_missing_leave_unchanged
GAZP1,1,1_11,6,2,,94,94,2016,,2,update_missing,,,source_missing_leave_unchanged
GAZP1,1,1_11,6,2,,95,95,2016,,2,update_missing,,,source_missing_leave_unchanged
GAZP1,1,1_12,6,2,,96,96,2016,,2,update_missing,,,source_missing_leave_unchanged
GAZP1,1,1_12,6,2,,97,97,2016,,2,update_missing,,,source_missing_leave_unchanged
GAZP1,1,1_12,6,2,,98,98,2016,,2,update_missing,,,source_missing_leave_unchanged
GAZP1,1,1_12,6,2,,99,99,2016,,2,update_missing,,,source_missing_leave_unchanged
GAZP1,1,1_12,6,2,,100,100,2016,,2,update_missing,,,source_missing_leave_unchanged
GAZP1,1,1_12,6,2,,101,101,2016,,2,update_missing,,,source_missing_leave_unchanged
GAZP1,1,1_12,6,2,,102,102,2016,,2,update_missing,,,source_missing_leave_unchanged
GAZP1,1,1_12,6,2,,103,103,2016,,2,update_missing,,,source_missing_leave_unchanged
GAZP1,1,1_12,6,2,,104,104,2016,,2,update_missing,,,source_missing_leave_unchanged
GAZP1,1,1_12,6,2,,105,105,2016,,2,update_missing,,,source_missing_leave_unchanged
GAZP1,1,1_12,6,2,,106,106,2016,,2,update_missing,,,source_missing_leave_unchanged
GAZP1,1,1_12,6,2,,107,107,2016,,2,update_missing,,,source_missing_leave_unchanged
GAZP1,1,1_12,6,2,,108,108,2016,,2,update_missing,,,source_missing_leave_unchanged
GAZP1,1,1_12,6,2,,109,109,2016,,2,update_missing,,,source_missing_leave_unchanged
GAZP1,1,1_12,6,2,,110,110,2016,,2,update_missing,,,source_missing_leave_unchanged
GAZP1,1,1_12,6,2,,111,111,2016,,2,update_missing,,,source_missing_leave_unchanged
GAZP1,1,1_12,6,2,,112,112,2016,,2,update_missing,,,source_missing_leave_unchanged
GAZP1,1,1_12,6,2,,113,113,2016,,2,update_missing,,,source_missing_leave_unchanged
GAZP1,1,1_12,6,2,,114,114,2016,,2,update_missing,,,source_missing_leave_unchanged
GAZP1,1,1_12,6,2,,115,115,2016,,2,update_missing,,,source_missing_leave_unchanged
GAZP1,1,1_12,6,2,,116,116,2016,,2,update_missing,,,source_missing_leave_unchanged
GAZP1,1,1_12,6,2,,117,117,2016,,2,update_missing,,,source_missing_leave_unchanged
GAZP1,1,1_12,6,2,,118,118,2016,,2,update_missing,,,source_missing_leave_unchanged
GAZP1,1,1_12,6,2,,119,119,2016,,2,update_missing,,,source_missing_leave_unchanged
GAZP1,1,1_12,6,2,,120,120,2016,,2,update_missing,,,source_missing_leave_unchanged
GAZP1,1,1_12,6,2,,121,121,2016,,2,update_missing,,,source_missing_leave_unchanged
GAZP1,1,1_12,6,2,,122,122,2016,,2,update_missing,,,source_missing_leave_unchanged
GAZP1,1,1_12,6,2,,123,123,2016,,2,update_missing,,,source_missing_leave_unchanged
GAZP1,1,1_12,6,2,,124,124,2016,,2,update_missing,,,source_missing_leave_unchanged
GAZP1,1,1_12,6,2,,125,125,2016,,2,update_missing,,,source_missing_leave_unchanged
GAZP1,1,1_13,6,2,,126,126,2016,,2,update_missing,,,source_missing_leave_unchanged
GAZP1,1,1_13,6,2,,127,127,2016,,2,update_missing,,,source_missing_leave_unchanged
GAZP1,1,1_13,6,2,,128,128,2016,,2,update_missing,,,source_missing_leave_unchanged
GAZP1,1,1_13,6,2,,129,129,2016,,2,update_missing,,,source_missing_leave_unchanged
GAZP1,1,1_13,6,2,,130,130,2016,,2,update_missing,,,source_missing_leave_unchanged
GAZP1,1,1_13,6,2,,131,131,2016,,2,update_missing,,,source_missing_leave_unchanged
GAZP1,1,1_13,6,2,,132,132,2016,,2,update_missing,,,source_missing_leave_unchanged
GAZP1,1,1_13,6,2,,133,133,2016,,2,update_missing,,,source_missing_leave_unchanged
GAZP1,1,1_13,6,2,,134,134,2016,,2,update_missing,,,source_missing_leave_unchanged
GAZP1,1,1_13,6,2,,135,135,2016,,2,update_missing,,,source_missing_leave_unchanged
GAZP1,1,1_13,6,2,,136,136,2016,,2,update_missing,,,source_missing_leave_unchanged
GAZP1,1,1_13,6,2,,137,137,2016,,2,update_missing,,,source_missing_leave_unchanged
GAZP1,1,1_13,6,2,,138,138,2016,,2,update_missing,,,source_missing_leave_unchanged
GAZP1,1,1_13,6,2,,139,139,2016,,2,update_missing,,,source_missing_leave_unchanged
GAZP1,1,1_13,6,2,,140,140,2016,,2,update_missing,,,source_missing_leave_unchanged
GAZP1,1,1_13,6,2,,141,141,2016,,2,update_missing,,,source_missing_leave_unchanged
GAZP1,1,1_13,6,2,,142,142,2016,,2,update_missing,,,source_missing_leave_unchanged
GAZP1,1,1_13,6,2,,143,143,2016,,2,update_missing,,,source_missing_leave_unchanged
GAZP1,1,1_13,6,2,,144,144,2016,,2,update_missing,,,source_missing_leave_unchanged
GAZP1,1,1_13,6,2,,145,145,2016,,2,update_missing,,,source_missing_leave_unchanged
GAZP1,1,1_13,6,2,,146,146,2016,,2,update_missing,,,source_missing_leave_unchanged
GAZP1,1,1_13,6,2,,147,147,2016,,2,update_missing,,,source_missing_leave_unchanged
GAZP1,1,1_13,6,2,,148,148,2016,,2,update_missing,,,source_missing_leave_unchanged
GAZP1,1,1_13,6,2,,149,149,2016,,2,update_missing,,,source_missing_leave_unchanged
GAZP1,1,1_13,6,2,,150,150,2016,,2,update_missing,,,source_missing_leave_unchanged
GAZP1,1,1_13,6,2,,151,151,2016,,2,update_missing,,,source_missing_leave_unchanged
GAZP1,1,1_13,6,2,,152,152,2016,,2,update_missing,,,source_missing_leave_unchanged
GAZP1,1,1_13,6,2,,153,153,2016,,2,update_missing,,,source_missing_leave_unchanged
GAZP1,1,1_13,6,2,,154,154,2016,,2,update_missing,,,source_missing_leave_unchanged
GAZP1,1,1_13,6,2,,155,155,2016,,2,update_missing,,,source_missing_leave_unchanged
GAZP1,1,1_14,6,2,,156,156,2016,,2,update_missing,,,source_missing_leave_unchanged
GAZP1,1,1_14,6,2,,157,157,2016,,2,update_missing,,,source_missing_leave_unchanged
GAZP1,1,1_14,6,2,,158,158,2016,,2,update_missing,,,source_missing_leave_unchanged
GAZP1,1,1_14,6,2,,159,159,2016,,2,update_missing,,,source_missing_leave_unchanged
GAZP1,1,1_14,6,2,,160,160,2016,,2,update_missing,,,source_missing_leave_unchanged
GAZP1,1,1_14,6,2,,161,161,2016,,2,update_missing,,,source_missing_leave_unchanged
GAZP1,1,1_14,6,2,,162,162,2016,,2,update_missing,,,source_missing_leave_unchanged
GAZP1,1,1_14,6,2,,163,163,2016,,2,update_missing,,,source_missing_leave_unchanged
GAZP1,1,1_14,6,2,,164,164,2016,,2,update_missing,,,source_missing_leave_unchanged
GAZP1,1,1_14,6,2,,165,165,2016,,2,update_missing,,,source_missing_leave_unchanged
GAZP1,1,1_14,6,2,,166,166,2016,,2,update_missing,,,source_missing_leave_unchanged
GAZP1,1,1_14,6,2,,167,167,2016,,2,update_missing,,,source_missing_leave_unchanged
GAZP1,1,1_14,6,2,,168,168,2016,,2,update_missing,,,source_missing_leave_unchanged
GAZP1,1,1_14,6,2,,169,169,2016,,2,update_missing,,,source_missing_leave_unchanged
GAZP1,1,1_14,6,2,,170,170,2016,,2,update_missing,,,source_missing_leave_unchanged
GAZP1,1,1_14,6,2,,171,171,2016,,2,update_missing,,,source_missing_leave_unchanged
GAZP1,1,1_14,6,2,,172,172,2016,,2,update_missing,,,source_missing_leave_unchanged
GAZP1,1,1_14,6,2,,173,173,2016,,2,update_missing,,,source_missing_leave_unchanged
GAZP1,1,1_14,6,2,,174,174,2016,,2,update_missing,,,source_missing_leave_unchanged
GAZP1,1,1_14,6,2,,175,175,2016,,2,update_missing,,,source_missing_leave_unchanged
GAZP1,1,1_14,6,2,,176,176,2016,,2,update_missing,,,source_missing_leave_unchanged
GAZP1,1,1_14,6,2,,177,177,2016,,2,update_missing,,,source_missing_leave_unchanged
GAZP1,1,1_14,6,2,,178,178,2016,,2,update_missing,,,source_missing_leave_unchanged
GAZP1,1,1_14,6,2,,179,179,2016,,2,update_missing,,,source_missing_leave_unchanged
GAZP1,1,1_14,6,2,,180,180,2016,,2,update_missing,,,source_missing_leave_unchanged
GAZP1,1,1_14,6,2,,181,181,2016,,2,update_missing,,,source_missing_leave_unchanged
GAZP1,1,1_14,6,2,,182,182,2016,,2,update_missing,,,source_missing_leave_unchanged
GAZP1,1,1_14,6,2,,183,183,2016,,2,update_missing,,,source_missing_leave_unchanged
GAZP1,1,1_14,6,2,,184,184,2016,,2,update_missing,,,source_missing_leave_unchanged
GAZP1,1,1_14,6,2,,185,185,2016,,2,update_missing,,,source_missing_leave_unchanged
GAZP1,1,1_15,6,2,,186,186,2016,,2,update_missing,,,source_missing_leave_unchanged
GAZP1,1,1_15,6,2,,187,187,2016,,2,update_missing,,,source_missing_leave_unchanged
GAZP1,1,1_15,6,2,,188,188,2016,,2,update_missing,,,source_missing_leave_unchanged
GAZP1,1,1_15,6,2,,189,189,2016,,2,update_missing,,,source_missing_leave_unchanged
GAZP1,1,1_15,6,2,,190,190,2016,,2,update_missing,,,source_missing_leave_unchanged
GAZP1,1,1_15,6,2,,191,191,2016,,2,update_missing,,,source_missing_leave_unchanged
GAZP1,1,1_15,6,2,,192,192,2016,,2,update_missing,,,source_missing_leave_unchanged
GAZP1,1,1_15,6,2,,193,193,2016,,2,update_missing,,,source_missing_leave_unchanged
GAZP1,1,1_15,6,2,,194,194,2016,,2,update_missing,,,source_missing_leave_unchanged
GAZP1,1,1_15,6,2,,195,195,2016,,2,update_missing,,,source_missing_leave_unchanged
GAZP1,1,1_15,6,2,,196,196,2016,,2,update_missing,,,source_missing_leave_unchanged
GAZP1,1,1_15,6,2,,197,197,2016,,2,update_missing,,,source_missing_leave_unchanged
GAZP1,1,1_15,6,2,,198,198,2016,,2,update_missing,,,source_missing_leave_unchanged
GAZP1,1,1_15,6,2,,199,199,2016,,2,update_missing,,,source_missing_leave_unchanged
GAZP1,1,1_15,6,2,,200,200,2016,,2,update_missing,,,source_missing_leave_unchanged
GAZP1,1,1_15,6,2,,201,201,2016,,2,update_missing,,,source_missing_leave_unchanged
GAZP1,1,1_15,6,2,,202,202,2016,,2,update_missing,,,source_missing_leave_unchanged
GAZP1,1,1_15,6,2,,203,203,2016,,2,update_missing,,,source_missing_leave_unchanged
GAZP1,1,1_15,6,2,,204,204,2016,,2,update_missing,,,source_missing_leave_unchanged
GAZP1,1,1_15,6,2,,205,205,2016,,2,update_missing,,,source_missing_leave_unchanged
GAZP1,1,1_15,6,2,,206,206,2016,,2,update_missing,,,source_missing_leave_unchanged
GAZP1,1,1_15,6,2,,207,207,2016,,2,update_missing,,,source_missing_leave_unchanged
GAZP1,1,1_15,6,2,,208,208,2016,,2,update_missing,,,source_missing_leave_unchanged
GAZP1,1,1_15,6,2,,209,209,2016,,2,update_missing,,,source_missing_leave_unchanged
GAZP1,1,1_15,6,2,,210,210,2016,,2,update_missing,,,source_missing_leave_unchanged
GAZP1,1,1_15,6,2,,211,211,2016,,2,update_missing,,,source_missing_leave_unchanged
GAZP1,1,1_15,6,2,,212,212,2016,,2,update_missing,,,source_missing_leave_unchanged
GAZP1,1,1_15,6,2,,213,213,2016,,2,update_missing,,,source_missing_leave_unchanged
GAZP1,1,1_15,6,2,,214,214,2016,,2,update_missing,,,source_missing_leave_unchanged
GAZP1,1,1_15,6,2,,215,215,2016,,2,update_missing,,,source_missing_leave_unchanged
GAZP1,1,1_16,6,2,,216,216,2016,,2,update_missing,,,source_missing_leave_unchanged
GAZP1,1,1_16,6,2,,217,217,2016,,2,update_missing,,,source_missing_leave_unchanged
GAZP1,1,1_16,6,2,,218,218,2016,,2,update_missing,,,source_missing_leave_unchanged
GAZP1,1,1_16,6,2,,219,219,2016,,2,update_missing,,,source_missing_leave_unchanged
GAZP1,1,1_16,6,2,,220,220,2016,,2,update_missing,,,source_missing_leave_unchanged
GAZP1,1,1_16,6,2,,221,221,2016,,2,update_missing,,,source_missing_leave_unchanged
GAZP1,1,1_16,6,2,,222,222,2016,,2,update_missing,,,source_missing_leave_unchanged
GAZP1,1,1_16,6,2,,223,223,2016,,2,update_missing,,,source_missing_leave_unchanged
GAZP1,1,1_16,6,2,,224,224,2016,,2,update_missing,,,source_missing_leave_unchanged
GAZP1,1,1_16,6,2,,225,225,2016,,2,update_missing,,,source_missing_leave_unchanged
GAZP1,1,1_16,6,2,,226,226,2016,,2,update_missing,,,source_missing_leave_unchanged
GAZP1,1,1_16,6,2,,227,227,2016,,2,update_missing,,,source_missing_leave_unchanged
GAZP1,1,1_16,6,2,,228,228,2016,,2,update_missing,,,source_missing_leave_unchanged
GAZP1,1,1_16,6,2,,229,229,2016,,2,update_missing,,,source_missing_leave_unchanged
GAZP1,1,1_16,6,2,,230,230,2016,,2,update_missing,,,source_missing_leave_unchanged
GAZP1,1,1_16,6,2,,231,231,2016,,2,update_missing,,,source_missing_leave_unchanged
GAZP1,1,1_16,6,2,,232,232,2016,,2,update_missing,,,source_missing_leave_unchanged
GAZP1,1,1_16,6,2,,233,233,2016,,2,update_missing,,,source_missing_leave_unchanged
GAZP1,1,1_16,6,2,,234,234,2016,,2,update_missing,,,source_missing_leave_unchanged
GAZP1,1,1_16,6,2,,235,235,2016,,2,update_missing,,,source_missing_leave_unchanged
GAZP1,1,1_16,6,2,,236,236,2016,,2,update_missing,,,source_missing_leave_unchanged
GAZP1,1,1_16,6,2,,237,237,2016,,2,update_missing,,,source_missing_leave_unchanged
GAZP1,1,1_16,6,2,,238,238,2016,,2,update_missing,,,source_missing_leave_unchanged
GAZP1,1,1_16,6,2,,239,239,2016,,2,update_missing,,,source_missing_leave_unchanged
GAZP1,1,1_16,6,2,,240,240,2016,,2,update_missing,,,source_missing_leave_unchanged
GAZP1,1,1_16,6,2,,241,241,2016,,2,update_missing,,,source_missing_leave_unchanged
GAZP1,1,1_16,6,2,,242,242,2016,,2,update_missing,,,source_missing_leave_unchanged
GAZP1,1,1_16,6,2,,243,243,2016,,2,update_missing,,,source_missing_leave_unchanged
GAZP1,1,1_16,6,2,,244,244,2016,,2,update_missing,,,source_missing_leave_unchanged
GAZP1,1,1_16,6,2,,245,245,2016,,2,update_missing,,,source_missing_leave_unchanged
GAZP1,1,1_16,6,2,,246,246,2016,,2,update_missing,,,source_missing_leave_unchanged
GAZP1,1,1_17,6,2,,247,247,2016,,2,update_missing,,,source_missing_leave_unchanged
GAZP1,1,1_17,6,2,,248,248,2016,,2,update_missing,,,source_missing_leave_unchanged
GAZP1,1,1_17,6,2,,249,249,2016,,2,update_missing,,,source_missing_leave_unchanged
GAZP1,1,1_17,6,2,,250,250,2016,,2,update_missing,,,source_missing_leave_unchanged
GAZP1,1,1_17,6,2,,251,251,2016,,2,update_missing,,,source_missing_leave_unchanged
GAZP1,1,1_17,6,2,,252,252,2016,,2,update_missing,,,source_missing_leave_unchanged
GAZP1,1,1_17,6,2,,253,253,2016,,2,update_missing,,,source_missing_leave_unchanged
GAZP1,1,1_17,6,2,,254,254,2016,,2,update_missing,,,source_missing_leave_unchanged
GAZP1,1,1_17,6,2,,255,255,2016,,2,update_missing,,,source_missing_leave_unchanged
GAZP1,1,1_17,6,2,,256,256,2016,,2,update_missing,,,source_missing_leave_unchanged
GAZP1,1,1_17,6,2,,257,257,2016,,2,update_missing,,,source_missing_leave_unchanged
GAZP1,1,1_17,6,2,,258,258,2016,,2,update_missing,,,source_missing_leave_unchanged
GAZP1,1,1_17,6,2,,259,259,2016,,2,update_missing,,,source_missing_leave_unchanged
GAZP1,1,1_17,6,2,,260,260,2016,,2,update_missing,,,source_missing_leave_unchanged
GAZP1,1,1_17,6,2,,261,261,2016,,2,update_missing,,,source_missing_leave_unchanged
GAZP1,1,1_17,6,2,,262,262,2016,,2,update_missing,,,source_missing_leave_unchanged
GAZP1,1,1_17,6,2,,263,263,2016,,2,update_missing,,,source_missing_leave_unchanged
GAZP1,1,1_17,6,2,,264,264,2016,,2,update_missing,,,source_missing_leave_unchanged
GAZP1,1,1_17,6,2,,265,265,2016,,2,update_missing,,,source_missing_leave_unchanged
GAZP1,1,1_17,6,2,,266,266,2016,,2,update_missing,,,source_missing_leave_unchanged
GAZP1,1,1_17,6,2,,267,267,2016,,2,update_missing,,,source_missing_leave_unchanged
GAZP1,1,1_17,6,2,,268,268,2016,,2,update_missing,,,source_missing_leave_unchanged
GAZP1,1,1_17,6,2,,269,269,2016,,2,update_missing,,,source_missing_leave_unchanged
GAZP1,1,1_17,6,2,,270,270,2016,,2,update_missing,,,source_missing_leave_unchanged
GAZP1,1,1_17,6,2,,271,271,2016,,2,update_missing,,,source_missing_leave_unchanged
GAZP1,1,1_17,6,2,,272,272,2016,,2,update_missing,,,source_missing_leave_unchanged
GAZP1,1,1_17,6,2,,273,273,2016,,2,update_missing,,,source_missing_leave_unchanged
GAZP1,1,1_17,6,2,,274,274,2016,,2,update_missing,,,source_missing_leave_unchanged
GAZP1,1,1_17,6,2,,275,275,2016,,2,update_missing,,,source_missing_leave_unchanged
GAZP1,1,1_17,6,2,,276,276,2016,,2,update_missing,,,source_missing_leave_unchanged
GAZP1,1,1_17,6,2,,277,277,2016,,2,update_missing,,,source_missing_leave_unchanged
GAZP1,1,1_17,6,2,,278,278,2016,,2,update_missing,,,source_missing_leave_unchanged
GAZP1,1,1_17,6,2,,279,279,2016,,2,update_missing,,,source_missing_leave_unchanged
GAZP1,1,1_17,6,2,,280,280,2016,,2,update_missing,,,source_missing_leave_unchanged
GAZP1,1,1_17,6,2,,281,281,2016,,2,update_missing,,,source_missing_leave_unchanged
GAZP1,1,1_17,6,2,,282,282,2016,,2,update_missing,,,source_missing_leave_unchanged
GAZP1,1,1_17,6,2,,283,283,2016,,2,update_missing,,,source_missing_leave_unchanged
GAZP1,1,1_17,6,2,,284,284,2016,,2,update_missing,,,source_missing_leave_unchanged
GAZP1,1,1_17,6,2,,285,285,2016,,2,update_missing,,,source_missing_leave_unchanged
GAZP1,1,1_17,6,2,,286,286,2016,,2,update_missing,,,source_missing_leave_unchanged
GAZP1,1,1_18,6,2,,287,287,2016,,2,update_missing,,,source_missing_leave_unchanged
GAZP1,1,1_18,6,2,,288,288,2016,,2,update_missing,,,source_missing_leave_unchanged
GAZP1,1,1_18,6,2,,289,289,2016,,2,update_missing,,,source_missing_leave_unchanged
GAZP1,1,1_18,6,2,,290,290,2016,,2,update_missing,,,source_missing_leave_unchanged
GAZP1,1,1_18,6,2,,291,291,2016,,2,update_missing,,,source_missing_leave_unchanged
GAZP1,1,1_18,6,2,,292,292,2016,,2,update_missing,,,source_missing_leave_unchanged
GAZP1,1,1_18,6,2,,293,293,2016,,2,update_missing,,,source_missing_leave_unchanged
GAZP1,1,1_18,6,2,,294,294,2016,,2,update_missing,,,source_missing_leave_unchanged
GAZP1,1,1_18,6,2,,295,295,2016,,2,update_missing,,,source_missing_leave_unchanged
GAZP1,1,1_18,6,2,,296,296,2016,,2,update_missing,,,source_missing_leave_unchanged
GAZP1,1,1_18,6,2,,297,297,2016,,2,update_missing,,,source_missing_leave_unchanged
GAZP1,1,1_18,6,2,,298,298,2016,,2,update_missing,,,source_missing_leave_unchanged
GAZP1,1,1_18,6,2,,299,299,2016,,2,update_missing,,,source_missing_leave_unchanged
GAZP1,1,1_18,6,2,,300,300,2016,,2,update_missing,,,source_missing_leave_unchanged
GAZP1,1,1_18,6,2,,301,301,2016,,2,update_missing,,,source_missing_leave_unchanged
GAZP1,1,1_18,6,2,,302,302,2016,,2,update_missing,,,source_missing_leave_unchanged
GAZP1,1,1_18,6,2,,303,303,2016,,2,update_missing,,,source_missing_leave_unchanged
GAZP1,1,1_18,6,2,,304,304,2016,,2,update_missing,,,source_missing_leave_unchanged
GAZP1,1,1_18,6,2,,305,305,2016,,2,update_missing,,,source_missing_leave_unchanged
GAZP1,1,1_18,6,2,,306,306,2016,,2,update_missing,,,source_missing_leave_unchanged
GAZP1,1,1_18,6,2,,307,307,2016,,2,update_missing,,,source_missing_leave_unchanged
GAZP1,1,1_18,6,2,,308,308,2016,,2,update_missing,,,source_missing_leave_unchanged
GAZP1,1,1_18,6,2,,309,309,2016,,2,update_missing,,,source_missing_leave_unchanged
GAZP1,1,1_18,6,2,,310,310,2016,,2,update_missing,,,source_missing_leave_unchanged
GAZP1,1,1_18,6,2,,311,311,2016,,2,update_missing,,,source_missing_leave_unchanged
GAZP1,1,1_18,6,2,,312,312,2016,,2,update_missing,,,source_missing_leave_unchanged
GAZP1,1,1_18,6,2,,313,313,2016,,2,update_missing,,,source_missing_leave_unchanged
GAZP1,1,1_18,6,2,,314,314,2016,,2,update_missing,,,source_missing_leave_unchanged
GAZP1,1,1_18,6,2,,315,315,2016,,2,update_missing,,,source_missing_leave_unchanged
GAZP1,1,1_18,6,2,,316,316,2016,,2,update_missing,,,source_missing_leave_unchanged
GAZP1,1,1_19,6,2,,317,317,2016,,2,update_missing,,,source_missing_leave_unchanged
GAZP1,1,1_19,6,2,,318,318,2016,,2,update_missing,,,source_missing_leave_unchanged
GAZP1,1,1_19,6,2,,319,319,2016,,2,update_missing,,,source_missing_leave_unchanged
GAZP1,1,1_19,6,2,,320,320,2016,,2,update_missing,,,source_missing_leave_unchanged
GAZP1,1,1_19,6,2,,321,321,2016,,2,update_missing,,,source_missing_leave_unchanged
GAZP1,1,1_19,6,2,,322,322,2016,,2,update_missing,,,source_missing_leave_unchanged
GAZP1,1,1_19,6,2,,323,323,2016,,2,update_missing,,,source_missing_leave_unchanged
GAZP1,1,1_19,6,2,,324,324,2016,,2,update_missing,,,source_missing_leave_unchanged
GAZP1,1,1_19,6,2,,325,325,2016,,2,update_missing,,,source_missing_leave_unchanged
GAZP1,1,1_19,6,2,,326,326,2016,,2,update_missing,,,source_missing_leave_unchanged
GAZP1,1,1_19,6,2,,327,327,2016,,2,update_missing,,,source_missing_leave_unchanged
GAZP1,1,1_19,6,2,,328,328,2016,,2,update_missing,,,source_missing_leave_unchanged
GAZP1,1,1_19,6,2,,329,329,2016,,2,update_missing,,,source_missing_leave_unchanged
GAZP1,1,1_19,6,2,,330,330,2016,,2,update_missing,,,source_missing_leave_unchanged
GAZP1,1,1_19,6,2,,331,331,2016,,2,update_missing,,,source_missing_leave_unchanged
GAZP1,1,1_19,6,2,,332,332,2016,,2,update_missing,,,source_missing_leave_unchanged
GAZP1,1,1_19,6,2,,333,333,2016,,2,update_missing,,,source_missing_leave_unchanged
GAZP1,1,1_19,6,2,,334,334,2016,,2,update_missing,,,source_missing_leave_unchanged
GAZP1,1,1_19,6,2,,335,335,2016,,2,update_missing,,,source_missing_leave_unchanged
GAZP1,1,1_19,6,2,,336,336,2016,,2,update_missing,,,source_missing_leave_unchanged
GAZP1,1,1_19,6,2,,337,337,2016,,2,update_missing,,,source_missing_leave_unchanged
GAZP1,1,1_19,6,2,,338,338,2016,,2,update_missing,,,source_missing_leave_unchanged
GAZP1,1,1_19,6,2,,339,339,2016,,2,update_missing,,,source_missing_leave_unchanged
GAZP1,1,1_19,6,2,,340,340,2016,,2,update_missing,,,source_missing_leave_unchanged
GAZP1,1,1_19,6,2,,341,341,2016,,2,update_missing,,,source_missing_leave_unchanged
GAZP1,1,1_19,6,2,,342,342,2016,,2,update_missing,,,source_missing_leave_unchanged
GAZP1,1,1_19,6,2,,343,343,2016,,2,update_missing,,,source_missing_leave_unchanged
GAZP1,1,1_19,6,2,,344,344,2016,,2,update_missing,,,source_missing_leave_unchanged
GAZP1,1,1_19,6,2,,345,345,2016,,2,update_missing,,,source_missing_leave_unchanged
GAZP1,1,1_2,6,2,,346,346,2016,,2,update_missing,,,source_missing_leave_unchanged
GAZP1,1,1_2,6,2,,347,347,2016,,2,update_missing,,,source_missing_leave_unchanged
GAZP1,1,1_2,6,2,,348,348,2016,,2,update_missing,,,source_missing_leave_unchanged
GAZP1,1,1_2,6,2,,349,349,2016,,2,update_missing,,,source_missing_leave_unchanged
GAZP1,1,1_2,6,2,,350,350,2016,,2,update_missing,,,source_missing_leave_unchanged
GAZP1,1,1_2,6,2,,351,351,2016,,2,update_missing,,,source_missing_leave_unchanged
GAZP1,1,1_2,6,2,,352,352,2016,,2,update_missing,,,source_missing_leave_unchanged
GAZP1,1,1_2,6,2,,353,353,2016,,2,update_missing,,,source_missing_leave_unchanged
GAZP1,1,1_2,6,2,,354,354,2016,,2,update_missing,,,source_missing_leave_unchanged
GAZP1,1,1_2,6,2,,355,355,2016,,2,update_missing,,,source_missing_leave_unchanged
GAZP1,1,1_2,6,2,,356,356,2016,,2,update_missing,,,source_missing_leave_unchanged
GAZP1,1,1_2,6,2,,357,357,2016,,2,update_missing,,,source_missing_leave_unchanged
GAZP1,1,1_2,6,2,,358,358,2016,,2,update_missing,,,source_missing_leave_unchanged
GAZP1,1,1_2,6,2,,359,359,2016,,2,update_missing,,,source_missing_leave_unchanged
GAZP1,1,1_2,6,2,,360,360,2016,,2,update_missing,,,source_missing_leave_unchanged
GAZP1,1,1_2,6,2,,361,361,2016,,2,update_missing,,,source_missing_leave_unchanged
GAZP1,1,1_2,6,2,,362,362,2016,,2,update_missing,,,source_missing_leave_unchanged
GAZP1,1,1_2,6,2,,363,363,2016,,2,update_missing,,,source_missing_leave_unchanged
GAZP1,1,1_2,6,2,,364,364,2016,,2,update_missing,,,source_missing_leave_unchanged
GAZP1,1,1_2,6,2,,365,365,2016,,2,update_missing,,,source_missing_leave_unchanged
GAZP1,1,1_2,6,2,,366,366,2016,,2,update_missing,,,source_missing_leave_unchanged
GAZP1,1,1_2,6,2,,367,367,2016,,2,update_missing,,,source_missing_leave_unchanged
GAZP1,1,1_2,6,2,,368,368,2016,,2,update_missing,,,source_missing_leave_unchanged
GAZP1,1,1_2,6,2,,369,369,2016,,2,update_missing,,,source_missing_leave_unchanged
GAZP1,1,1_2,6,2,,370,370,2016,,2,update_missing,,,source_missing_leave_unchanged
GAZP1,1,1_2,6,2,,371,371,2016,,2,update_missing,,,source_missing_leave_unchanged
GAZP1,1,1_2,6,2,,372,372,2016,,2,update_missing,,,source_missing_leave_unchanged
GAZP1,1,1_2,6,2,,373,373,2016,,2,update_missing,,,source_missing_leave_unchanged
GAZP1,1,1_2,6,2,,374,374,2016,,2,update_missing,,,source_missing_leave_unchanged
GAZP1,1,1_2,6,2,,375,375,2016,,2,update_missing,,,source_missing_leave_unchanged
GAZP1,1,1_20,6,2,,376,376,2016,,2,update_missing,,,source_missing_leave_unchanged
GAZP1,1,1_20,6,2,,377,377,2016,,2,update_missing,,,source_missing_leave_unchanged
GAZP1,1,1_20,6,2,,378,378,2016,,2,update_missing,,,source_missing_leave_unchanged
GAZP1,1,1_20,6,2,,379,379,2016,,2,update_missing,,,source_missing_leave_unchanged
GAZP1,1,1_20,6,2,,380,380,2016,,2,update_missing,,,source_missing_leave_unchanged
GAZP1,1,1_20,6,2,,381,381,2016,,2,update_missing,,,source_missing_leave_unchanged
GAZP1,1,1_20,6,2,,382,382,2016,,2,update_missing,,,source_missing_leave_unchanged
GAZP1,1,1_20,6,2,,383,383,2016,,2,update_missing,,,source_missing_leave_unchanged
GAZP1,1,1_20,6,2,,384,384,2016,,2,update_missing,,,source_missing_leave_unchanged
GAZP1,1,1_20,6,2,,385,385,2016,,2,update_missing,,,source_missing_leave_unchanged
GAZP1,1,1_20,6,2,,386,386,2016,,2,update_missing,,,source_missing_leave_unchanged
GAZP1,1,1_20,6,2,,387,387,2016,,2,update_missing,,,source_missing_leave_unchanged
GAZP1,1,1_20,6,2,,388,388,2016,,2,update_missing,,,source_missing_leave_unchanged
GAZP1,1,1_20,6,2,,389,389,2016,,2,update_missing,,,source_missing_leave_unchanged
GAZP1,1,1_20,6,2,,390,390,2016,,2,update_missing,,,source_missing_leave_unchanged
GAZP1,1,1_20,6,2,,391,391,2016,,2,update_missing,,,source_missing_leave_unchanged
GAZP1,1,1_20,6,2,,392,392,2016,,2,update_missing,,,source_missing_leave_unchanged
GAZP1,1,1_20,6,2,,393,393,2016,,2,update_missing,,,source_missing_leave_unchanged
GAZP1,1,1_20,6,2,,394,394,2016,,2,update_missing,,,source_missing_leave_unchanged
GAZP1,1,1_20,6,2,,395,395,2016,,2,update_missing,,,source_missing_leave_unchanged
GAZP1,1,1_20,6,2,,396,396,2016,,2,update_missing,,,source_missing_leave_unchanged
GAZP1,1,1_20,6,2,,397,397,2016,,2,update_missing,,,source_missing_leave_unchanged
GAZP1,1,1_20,6,2,,398,398,2016,,2,update_missing,,,source_missing_leave_unchanged
GAZP1,1,1_20,6,2,,399,399,2016,,2,update_missing,,,source_missing_leave_unchanged
GAZP1,1,1_20,6,2,,400,400,2016,,2,update_missing,,,source_missing_leave_unchanged
GAZP1,1,1_20,6,2,,401,401,2016,,2,update_missing,,,source_missing_leave_unchanged
GAZP1,1,1_20,6,2,,402,402,2016,,2,update_missing,,,source_missing_leave_unchanged
GAZP1,1,1_20,6,2,,403,403,2016,,2,update_missing,,,source_missing_leave_unchanged
GAZP1,1,1_20,6,2,,404,404,2016,,2,update_missing,,,source_missing_leave_unchanged
GAZP1,1,1_20,6,2,,405,405,2016,,2,update_missing,,,source_missing_leave_unchanged
GAZP1,1,1_3,6,2,,406,406,2016,,2,update_missing,,,source_missing_leave_unchanged
GAZP1,1,1_3,6,2,,407,407,2016,,2,update_missing,,,source_missing_leave_unchanged
GAZP1,1,1_3,6,2,,408,408,2016,,2,update_missing,,,source_missing_leave_unchanged
GAZP1,1,1_3,6,2,,409,409,2016,,2,update_missing,,,source_missing_leave_unchanged
GAZP1,1,1_3,6,2,,410,410,2016,,2,update_missing,,,source_missing_leave_unchanged
GAZP1,1,1_3,6,2,,411,411,2016,,2,update_missing,,,source_missing_leave_unchanged
GAZP1,1,1_3,6,2,,412,412,2016,,2,update_missing,,,source_missing_leave_unchanged
GAZP1,1,1_3,6,2,,413,413,2016,,2,update_missing,,,source_missing_leave_unchanged
GAZP1,1,1_3,6,2,,414,414,2016,,2,update_missing,,,source_missing_leave_unchanged
GAZP1,1,1_3,6,2,,415,415,2016,,2,update_missing,,,source_missing_leave_unchanged
GAZP1,1,1_3,6,2,,416,416,2016,,2,update_missing,,,source_missing_leave_unchanged
GAZP1,1,1_3,6,2,,417,417,2016,,2,update_missing,,,source_missing_leave_unchanged
GAZP1,1,1_3,6,2,,418,418,2016,,2,update_missing,,,source_missing_leave_unchanged
GAZP1,1,1_3,6,2,,419,419,2016,,2,update_missing,,,source_missing_leave_unchanged
GAZP1,1,1_3,6,2,,420,420,2016,,2,update_missing,,,source_missing_leave_unchanged
GAZP1,1,1_3,6,2,,421,421,2016,,2,update_missing,,,source_missing_leave_unchanged
GAZP1,1,1_3,6,2,,422,422,2016,,2,update_missing,,,source_missing_leave_unchanged
GAZP1,1,1_3,6,2,,423,423,2016,,2,update_missing,,,source_missing_leave_unchanged
GAZP1,1,1_3,6,2,,424,424,2016,,2,update_missing,,,source_missing_leave_unchanged
GAZP1,1,1_3,6,2,,425,425,2016,,2,update_missing,,,source_missing_leave_unchanged
GAZP1,1,1_3,6,2,,426,426,2016,,2,update_missing,,,source_missing_leave_unchanged
GAZP1,1,1_3,6,2,,427,427,2016,,2,update_missing,,,source_missing_leave_unchanged
GAZP1,1,1_3,6,2,,428,428,2016,,2,update_missing,,,source_missing_leave_unchanged
GAZP1,1,1_3,6,2,,429,429,2016,,2,update_missing,,,source_missing_leave_unchanged
GAZP1,1,1_3,6,2,,430,430,2016,,2,update_missing,,,source_missing_leave_unchanged
GAZP1,1,1_3,6,2,,431,431,2016,,2,update_missing,,,source_missing_leave_unchanged
GAZP1,1,1_3,6,2,,432,432,2016,,2,update_missing,,,source_missing_leave_unchanged
GAZP1,1,1_3,6,2,,433,433,2016,,2,update_missing,,,source_missing_leave_unchanged
GAZP1,1,1_3,6,2,,434,434,2016,,2,update_missing,,,source_missing_leave_unchanged
GAZP1,1,1_3,6,2,,435,435,2016,,2,update_missing,,,source_missing_leave_unchanged
GAZP1,1,1_4,6,2,,436,436,2016,,2,update_missing,,,source_missing_leave_unchanged
GAZP1,1,1_4,6,2,,437,437,2016,,2,update_missing,,,source_missing_leave_unchanged
GAZP1,1,1_4,6,2,,438,438,2016,,2,update_missing,,,source_missing_leave_unchanged
GAZP1,1,1_4,6,2,,439,439,2016,,2,update_missing,,,source_missing_leave_unchanged
GAZP1,1,1_4,6,2,,440,440,2016,,2,update_missing,,,source_missing_leave_unchanged
GAZP1,1,1_4,6,2,,441,441,2016,,2,update_missing,,,source_missing_leave_unchanged
GAZP1,1,1_4,6,2,,442,442,2016,,2,update_missing,,,source_missing_leave_unchanged
GAZP1,1,1_4,6,2,,443,443,2016,,2,update_missing,,,source_missing_leave_unchanged
GAZP1,1,1_4,6,2,,444,444,2016,,2,update_missing,,,source_missing_leave_unchanged
GAZP1,1,1_4,6,2,,445,445,2016,,2,update_missing,,,source_missing_leave_unchanged
GAZP1,1,1_4,6,2,,446,446,2016,,2,update_missing,,,source_missing_leave_unchanged
GAZP1,1,1_4,6,2,,447,447,2016,,2,update_missing,,,source_missing_leave_unchanged
GAZP1,1,1_4,6,2,,448,448,2016,,2,update_missing,,,source_missing_leave_unchanged
GAZP1,1,1_4,6,2,,449,449,2016,,2,update_missing,,,source_missing_leave_unchanged
GAZP1,1,1_4,6,2,,450,450,2016,,2,update_missing,,,source_missing_leave_unchanged
GAZP1,1,1_4,6,2,,451,451,2016,,2,update_missing,,,source_missing_leave_unchanged
GAZP1,1,1_4,6,2,,452,452,2016,,2,update_missing,,,source_missing_leave_unchanged
GAZP1,1,1_4,6,2,,453,453,2016,,2,update_missing,,,source_missing_leave_unchanged
GAZP1,1,1_4,6,2,,454,454,2016,,2,update_missing,,,source_missing_leave_unchanged
GAZP1,1,1_4,6,2,,455,455,2016,,2,update_missing,,,source_missing_leave_unchanged
GAZP1,1,1_4,6,2,,456,456,2016,,2,update_missing,,,source_missing_leave_unchanged
GAZP1,1,1_4,6,2,,457,457,2016,,2,update_missing,,,source_missing_leave_unchanged
GAZP1,1,1_4,6,2,,458,458,2016,,2,update_missing,,,source_missing_leave_unchanged
GAZP1,1,1_4,6,2,,459,459,2016,,2,update_missing,,,source_missing_leave_unchanged
GAZP1,1,1_4,6,2,,460,460,2016,,2,update_missing,,,source_missing_leave_unchanged
GAZP1,1,1_4,6,2,,461,461,2016,,2,update_missing,,,source_missing_leave_unchanged
GAZP1,1,1_4,6,2,,462,462,2016,,2,update_missing,,,source_missing_leave_unchanged
GAZP1,1,1_4,6,2,,463,463,2016,,2,update_missing,,,source_missing_leave_unchanged
GAZP1,1,1_4,6,2,,464,464,2016,,2,update_missing,,,source_missing_leave_unchanged
GAZP1,1,1_4,6,2,,465,465,2016,,2,update_missing,,,source_missing_leave_unchanged
GAZP1,1,1_5,6,2,,466,466,2016,,2,update_missing,,,source_missing_leave_unchanged
GAZP1,1,1_5,6,2,,467,467,2016,,2,update_missing,,,source_missing_leave_unchanged
GAZP1,1,1_5,6,2,,468,468,2016,,2,update_missing,,,source_missing_leave_unchanged
GAZP1,1,1_5,6,2,,469,469,2016,,2,update_missing,,,source_missing_leave_unchanged
GAZP1,1,1_5,6,2,,470,470,2016,,2,update_missing,,,source_missing_leave_unchanged
GAZP1,1,1_5,6,2,,471,471,2016,,2,update_missing,,,source_missing_leave_unchanged
GAZP1,1,1_5,6,2,,472,472,2016,,2,update_missing,,,source_missing_leave_unchanged
GAZP1,1,1_5,6,2,,473,473,2016,,2,update_missing,,,source_missing_leave_unchanged
GAZP1,1,1_5,6,2,,474,474,2016,,2,update_missing,,,source_missing_leave_unchanged
GAZP1,1,1_5,6,2,,475,475,2016,,2,update_missing,,,source_missing_leave_unchanged
GAZP1,1,1_5,6,2,,476,476,2016,,2,update_missing,,,source_missing_leave_unchanged
GAZP1,1,1_5,6,2,,477,477,2016,,2,update_missing,,,source_missing_leave_unchanged
GAZP1,1,1_5,6,2,,478,478,2016,,2,update_missing,,,source_missing_leave_unchanged
GAZP1,1,1_5,6,2,,479,479,2016,,2,update_missing,,,source_missing_leave_unchanged
GAZP1,1,1_5,6,2,,480,480,2016,,2,update_missing,,,source_missing_leave_unchanged
GAZP1,1,1_5,6,2,,481,481,2016,,2,update_missing,,,source_missing_leave_unchanged
GAZP1,1,1_5,6,2,,482,482,2016,,2,update_missing,,,source_missing_leave_unchanged
GAZP1,1,1_5,6,2,,483,483,2016,,2,update_missing,,,source_missing_leave_unchanged
GAZP1,1,1_5,6,2,,484,484,2016,,2,update_missing,,,source_missing_leave_unchanged
GAZP1,1,1_5,6,2,,485,485,2016,,2,update_missing,,,source_missing_leave_unchanged
GAZP1,1,1_5,6,2,,486,486,2016,,2,update_missing,,,source_missing_leave_unchanged
GAZP1,1,1_5,6,2,,487,487,2016,,2,update_missing,,,source_missing_leave_unchanged
GAZP1,1,1_5,6,2,,488,488,2016,,2,update_missing,,,source_missing_leave_unchanged
GAZP1,1,1_5,6,2,,489,489,2016,,2,update_missing,,,source_missing_leave_unchanged
GAZP1,1,1_5,6,2,,490,490,2016,,2,update_missing,,,source_missing_leave_unchanged
GAZP1,1,1_5,6,2,,491,491,2016,,2,update_missing,,,source_missing_leave_unchanged
GAZP1,1,1_5,6,2,,492,492,2016,,2,update_missing,,,source_missing_leave_unchanged
GAZP1,1,1_5,6,2,,493,493,2016,,2,update_missing,,,source_missing_leave_unchanged
GAZP1,1,1_5,6,2,,494,494,2016,,2,update_missing,,,source_missing_leave_unchanged
GAZP1,1,1_5,6,2,,495,495,2016,,2,update_missing,,,source_missing_leave_unchanged
GAZP1,1,1_6,6,2,,496,496,2016,,2,update_missing,,,source_missing_leave_unchanged
GAZP1,1,1_6,6,2,,497,497,2016,,2,update_missing,,,source_missing_leave_unchanged
GAZP1,1,1_6,6,2,,498,498,2016,,2,update_missing,,,source_missing_leave_unchanged
GAZP1,1,1_6,6,2,,499,499,2016,,2,update_missing,,,source_missing_leave_unchanged
GAZP1,1,1_6,6,2,,500,500,2016,,2,update_missing,,,source_missing_leave_unchanged
GAZP1,1,1_6,6,2,,501,501,2016,,2,update_missing,,,source_missing_leave_unchanged
GAZP1,1,1_6,6,2,,502,502,2016,,2,update_missing,,,source_missing_leave_unchanged
GAZP1,1,1_6,6,2,,503,503,2016,,2,update_missing,,,source_missing_leave_unchanged
GAZP1,1,1_6,6,2,,504,504,2016,,2,update_missing,,,source_missing_leave_unchanged
GAZP1,1,1_6,6,2,,505,505,2016,,2,update_missing,,,source_missing_leave_unchanged
GAZP1,1,1_6,6,2,,506,506,2016,,2,update_missing,,,source_missing_leave_unchanged
GAZP1,1,1_6,6,2,,507,507,2016,,2,update_missing,,,source_missing_leave_unchanged
GAZP1,1,1_6,6,2,,508,508,2016,,2,update_missing,,,source_missing_leave_unchanged
GAZP1,1,1_6,6,2,,509,509,2016,,2,update_missing,,,source_missing_leave_unchanged
GAZP1,1,1_6,6,2,,510,510,2016,,2,update_missing,,,source_missing_leave_unchanged
GAZP1,1,1_6,6,2,,511,511,2016,,2,update_missing,,,source_missing_leave_unchanged
GAZP1,1,1_6,6,2,,512,512,2016,,2,update_missing,,,source_missing_leave_unchanged
GAZP1,1,1_6,6,2,,513,513,2016,,2,update_missing,,,source_missing_leave_unchanged
GAZP1,1,1_6,6,2,,514,514,2016,,2,update_missing,,,source_missing_leave_unchanged
GAZP1,1,1_6,6,2,,515,515,2016,,2,update_missing,,,source_missing_leave_unchanged
GAZP1,1,1_6,6,2,,516,516,2016,,2,update_missing,,,source_missing_leave_unchanged
GAZP1,1,1_6,6,2,,517,517,2016,,2,update_missing,,,source_missing_leave_unchanged
GAZP1,1,1_6,6,2,,518,518,2016,,2,update_missing,,,source_missing_leave_unchanged
GAZP1,1,1_6,6,2,,519,519,2016,,2,update_missing,,,source_missing_leave_unchanged
GAZP1,1,1_6,6,2,,520,520,2016,,2,update_missing,,,source_missing_leave_unchanged
GAZP1,1,1_6,6,2,,521,521,2016,,2,update_missing,,,source_missing_leave_unchanged
GAZP1,1,1_6,6,2,,522,522,2016,,2,update_missing,,,source_missing_leave_unchanged
GAZP1,1,1_6,6,2,,523,523,2016,,2,update_missing,,,source_missing_leave_unchanged
GAZP1,1,1_6,6,2,,524,524,2016,,2,update_missing,,,source_missing_leave_unchanged
GAZP1,1,1_6,6,2,,525,525,2016,,2,update_missing,,,source_missing_leave_unchanged
GAZP1,1,1_7,6,2,,526,526,2016,,2,update_missing,,,source_missing_leave_unchanged
GAZP1,1,1_7,6,2,,527,527,2016,,2,update_missing,,,source_missing_leave_unchanged
GAZP1,1,1_7,6,2,,528,528,2016,,2,update_missing,,,source_missing_leave_unchanged
GAZP1,1,1_7,6,2,,529,529,2016,,2,update_missing,,,source_missing_leave_unchanged
GAZP1,1,1_7,6,2,,530,530,2016,,2,update_missing,,,source_missing_leave_unchanged
GAZP1,1,1_7,6,2,,531,531,2016,,2,update_missing,,,source_missing_leave_unchanged
GAZP1,1,1_7,6,2,,532,532,2016,,2,update_missing,,,source_missing_leave_unchanged
GAZP1,1,1_7,6,2,,533,533,2016,,2,update_missing,,,source_missing_leave_unchanged
GAZP1,1,1_7,6,2,,534,534,2016,,2,update_missing,,,source_missing_leave_unchanged
GAZP1,1,1_7,6,2,,535,535,2016,,2,update_missing,,,source_missing_leave_unchanged
GAZP1,1,1_7,6,2,,536,536,2016,,2,update_missing,,,source_missing_leave_unchanged
GAZP1,1,1_7,6,2,,537,537,2016,,2,update_missing,,,source_missing_leave_unchanged
GAZP1,1,1_7,6,2,,538,538,2016,,2,update_missing,,,source_missing_leave_unchanged
GAZP1,1,1_7,6,2,,539,539,2016,,2,update_missing,,,source_missing_leave_unchanged
GAZP1,1,1_7,6,2,,540,540,2016,,2,update_missing,,,source_missing_leave_unchanged
GAZP1,1,1_7,6,2,,541,541,2016,,2,update_missing,,,source_missing_leave_unchanged
GAZP1,1,1_7,6,2,,542,542,2016,,2,update_missing,,,source_missing_leave_unchanged
GAZP1,1,1_7,6,2,,543,543,2016,,2,update_missing,,,source_missing_leave_unchanged
GAZP1,1,1_7,6,2,,544,544,2016,,2,update_missing,,,source_missing_leave_unchanged
GAZP1,1,1_7,6,2,,545,545,2016,,2,update_missing,,,source_missing_leave_unchanged
GAZP1,1,1_7,6,2,,546,546,2016,,2,update_missing,,,source_missing_leave_unchanged
GAZP1,1,1_7,6,2,,547,547,2016,,2,update_missing,,,source_missing_leave_unchanged
GAZP1,1,1_7,6,2,,548,548,2016,,2,update_missing,,,source_missing_leave_unchanged
GAZP1,1,1_7,6,2,,549,549,2016,,2,update_missing,,,source_missing_leave_unchanged
GAZP1,1,1_7,6,2,,550,550,2016,,2,update_missing,,,source_missing_leave_unchanged
GAZP1,1,1_7,6,2,,551,551,2016,,2,update_missing,,,source_missing_leave_unchanged
GAZP1,1,1_7,6,2,,552,552,2016,,2,update_missing,,,source_missing_leave_unchanged
GAZP1,1,1_7,6,2,,553,553,2016,,2,update_missing,,,source_missing_leave_unchanged
GAZP1,1,1_7,6,2,,554,554,2016,,2,update_missing,,,source_missing_leave_unchanged
GAZP1,1,1_7,6,2,,555,555,2016,,2,update_missing,,,source_missing_leave_unchanged
GAZP1,1,1_8,6,2,,556,556,2016,,2,update_missing,,,source_missing_leave_unchanged
GAZP1,1,1_8,6,2,,557,557,2016,,2,update_missing,,,source_missing_leave_unchanged
GAZP1,1,1_8,6,2,,558,558,2016,,2,update_missing,,,source_missing_leave_unchanged
GAZP1,1,1_8,6,2,,559,559,2016,,2,update_missing,,,source_missing_leave_unchanged
GAZP1,1,1_8,6,2,,560,560,2016,,2,update_missing,,,source_missing_leave_unchanged
GAZP1,1,1_8,6,2,,561,561,2016,,2,update_missing,,,source_missing_leave_unchanged
GAZP1,1,1_8,6,2,,562,562,2016,,2,update_missing,,,source_missing_leave_unchanged
GAZP1,1,1_8,6,2,,563,563,2016,,2,update_missing,,,source_missing_leave_unchanged
GAZP1,1,1_8,6,2,,564,564,2016,,2,update_missing,,,source_missing_leave_unchanged
GAZP1,1,1_8,6,2,,565,565,2016,,2,update_missing,,,source_missing_leave_unchanged
GAZP1,1,1_8,6,2,,566,566,2016,,2,update_missing,,,source_missing_leave_unchanged
GAZP1,1,1_8,6,2,,567,567,2016,,2,update_missing,,,source_missing_leave_unchanged
GAZP1,1,1_8,6,2,,568,568,2016,,2,update_missing,,,source_missing_leave_unchanged
GAZP1,1,1_8,6,2,,569,569,2016,,2,update_missing,,,source_missing_leave_unchanged
GAZP1,1,1_8,6,2,,570,570,2016,,2,update_missing,,,source_missing_leave_unchanged
GAZP1,1,1_8,6,2,,571,571,2016,,2,update_missing,,,source_missing_leave_unchanged
GAZP1,1,1_8,6,2,,572,572,2016,,2,update_missing,,,source_missing_leave_unchanged
GAZP1,1,1_8,6,2,,573,573,2016,,2,update_missing,,,source_missing_leave_unchanged
GAZP1,1,1_8,6,2,,574,574,2016,,2,update_missing,,,source_missing_leave_unchanged
GAZP1,1,1_8,6,2,,575,575,2016,,2,update_missing,,,source_missing_leave_unchanged
GAZP1,1,1_8,6,2,,576,576,2016,,2,update_missing,,,source_missing_leave_unchanged
GAZP1,1,1_8,6,2,,577,577,2016,,2,update_missing,,,source_missing_leave_unchanged
GAZP1,1,1_8,6,2,,578,578,2016,,2,update_missing,,,source_missing_leave_unchanged
GAZP1,1,1_8,6,2,,579,579,2016,,2,update_missing,,,source_missing_leave_unchanged
GAZP1,1,1_8,6,2,,580,580,2016,,2,update_missing,,,source_missing_leave_unchanged
GAZP1,1,1_8,6,2,,581,581,2016,,2,update_missing,,,source_missing_leave_unchanged
GAZP1,1,1_8,6,2,,582,582,2016,,2,update_missing,,,source_missing_leave_unchanged
GAZP1,1,1_8,6,2,,583,583,2016,,2,update_missing,,,source_missing_leave_unchanged
GAZP1,1,1_8,6,2,,584,584,2016,,2,update_missing,,,source_missing_leave_unchanged
GAZP1,1,1_8,6,2,,585,585,2016,,2,update_missing,,,source_missing_leave_unchanged
GAZP1,1,1_9,6,2,,586,586,2016,,2,update_missing,,,source_missing_leave_unchanged
GAZP1,1,1_9,6,2,,587,587,2016,,2,update_missing,,,source_missing_leave_unchanged
GAZP1,1,1_9,6,2,,588,588,2016,,2,update_missing,,,source_missing_leave_unchanged
GAZP1,1,1_9,6,2,,589,589,2016,,2,update_missing,,,source_missing_leave_unchanged
GAZP1,1,1_9,6,2,,590,590,2016,,2,update_missing,,,source_missing_leave_unchanged
GAZP1,1,1_9,6,2,,591,591,2016,,2,update_missing,,,source_missing_leave_unchanged
GAZP1,1,1_9,6,2,,592,592,2016,,2,update_missing,,,source_missing_leave_unchanged
GAZP1,1,1_9,6,2,,593,593,2016,,2,update_missing,,,source_missing_leave_unchanged
GAZP1,1,1_9,6,2,,594,594,2016,,2,update_missing,,,source_missing_leave_unchanged
GAZP1,1,1_9,6,2,,595,595,2016,,2,update_missing,,,source_missing_leave_unchanged
GAZP1,1,1_9,6,2,,596,596,2016,,2,update_missing,,,source_missing_leave_unchanged
GAZP1,1,1_9,6,2,,597,597,2016,,2,update_missing,,,source_missing_leave_unchanged
GAZP1,1,1_9,6,2,,598,598,2016,,2,update_missing,,,source_missing_leave_unchanged
GAZP1,1,1_9,6,2,,599,599,2016,,2,update_missing,,,source_missing_leave_unchanged
GAZP1,1,1_9,6,2,,600,600,2016,,2,update_missing,,,source_missing_leave_unchanged
GAZP1,1,1_9,6,2,,601,601,2016,,2,update_missing,,,source_missing_leave_unchanged
GAZP1,1,1_9,6,2,,602,602,2016,,2,update_missing,,,source_missing_leave_unchanged
GAZP1,1,1_9,6,2,,603,603,2016,,2,update_missing,,,source_missing_leave_unchanged
GAZP1,1,1_9,6,2,,604,604,2016,,2,update_missing,,,source_missing_leave_unchanged
GAZP1,1,1_9,6,2,,605,605,2016,,2,update_missing,,,source_missing_leave_unchanged
GAZP1,1,1_9,6,2,,606,606,2016,,2,update_missing,,,source_missing_leave_unchanged
GAZP1,1,1_9,6,2,,607,607,2016,,2,update_missing,,,source_missing_leave_unchanged
GAZP1,1,1_9,6,2,,608,608,2016,,2,update_missing,,,source_missing_leave_unchanged
GAZP1,1,1_9,6,2,,609,609,2016,,2,update_missing,,,source_missing_leave_unchanged
GAZP1,1,1_9,6,2,,610,610,2016,,2,update_missing,,,source_missing_leave_unchanged
GAZP1,1,1_9,6,2,,611,611,2016,,2,update_missing,,,source_missing_leave_unchanged
GAZP1,1,1_9,6,2,,612,612,2016,,2,update_missing,,,source_missing_leave_unchanged
GAZP1,1,1_9,6,2,,613,613,2016,,2,update_missing,,,source_missing_leave_unchanged
GAZP1,1,1_9,6,2,,614,614,2016,,2,update_missing,,,source_missing_leave_unchanged
GAZP1,1,1_9,6,2,,615,615,2016,,2,update_missing,,,source_missing_leave_unchanged
GAZP1,1,1_9,6,2,,616,616,2016,,2,update_missing,,,source_missing_leave_unchanged
GAZP1,1,1_9,6,2,,617,617,2016,,2,update_missing,,,source_missing_leave_unchanged
GAZP1,1,1_9,6,2,,618,618,2016,,2,update_missing,,,source_missing_leave_unchanged
GAZP1,1,1_9,6,2,,619,619,2016,,2,update_missing,,,source_missing_leave_unchanged
GAZP1,1,1_9,6,2,,620,620,2016,,2,update_missing,,,source_missing_leave_unchanged
GAZP1,1,1_9,6,2,,621,621,2016,,2,update_missing,,,source_missing_leave_unchanged
GAZP1,1,1_9,6,2,,622,622,2016,,2,update_missing,,,source_missing_leave_unchanged
GAZP1,1,1_9,6,2,,623,623,2016,,2,update_missing,,,source_missing_leave_unchanged
GAZP1,1,1_9,6,2,,624,624,2016,,2,update_missing,,,source_missing_leave_unchanged
GAZP1,1,1_9,6,2,,625,625,2016,,2,update_missing,,,source_missing_leave_unchanged
GAZP2,2,2_1,17,4,,626,626,2008,,4,update_missing,,,source_missing_leave_unchanged
GAZP2,2,2_1,17,4,,627,627,2008,,4,update_missing,,,source_missing_leave_unchanged
GAZP2,2,2_1,17,4,,628,628,2008,,4,update_missing,,,source_missing_leave_unchanged
GAZP2,2,2_1,17,4,,629,629,2008,,4,update_missing,,,source_missing_leave_unchanged
GAZP2,2,2_1,17,4,,630,630,2008,,4,update_missing,,,source_missing_leave_unchanged
GAZP2,2,2_1,17,4,,631,631,2008,,4,update_missing,,,source_missing_leave_unchanged
GAZP2,2,2_1,17,4,,632,632,2008,,4,update_missing,,,source_missing_leave_unchanged
GAZP2,2,2_1,17,4,,633,633,2008,,4,update_missing,,,source_missing_leave_unchanged
GAZP2,2,2_1,25,7,,626,634,2008,,7,update_missing,,,source_missing_leave_unchanged
GAZP2,2,2_1,25,7,,627,635,2008,,7,update_missing,,,source_missing_leave_unchanged
GAZP2,2,2_1,25,7,,628,636,2008,,7,update_missing,,,source_missing_leave_unchanged
GAZP2,2,2_1,25,7,,629,637,2008,,7,update_missing,,,source_missing_leave_unchanged
GAZP2,2,2_1,25,7,,630,638,2008,,7,update_missing,,,source_missing_leave_unchanged
GAZP2,2,2_1,25,7,,631,639,2008,,7,update_missing,,,source_missing_leave_unchanged
GAZP2,2,2_1,25,7,,632,640,2008,,7,update_missing,,,source_missing_leave_unchanged
GAZP2,2,2_1,25,7,,633,641,2008,,7,update_missing,,,source_missing_leave_unchanged
GAZP2,2,2_10,17,4,,634,642,2008,,4,update_missing,,,source_missing_leave_unchanged
GAZP2,2,2_10,17,4,,635,643,2008,,4,update_missing,,,source_missing_leave_unchanged
GAZP2,2,2_10,17,4,,636,644,2008,,4,update_missing,,,source_missing_leave_unchanged
GAZP2,2,2_10,17,4,,637,645,2008,,4,update_missing,,,source_missing_leave_unchanged
GAZP2,2,2_10,17,4,,638,646,2008,,4,update_missing,,,source_missing_leave_unchanged
GAZP2,2,2_10,17,4,,639,647,2008,,4,update_missing,,,source_missing_leave_unchanged
GAZP2,2,2_10,17,4,,640,648,2008,,4,update_missing,,,source_missing_leave_unchanged
GAZP2,2,2_10,17,4,,641,649,2008,,4,update_missing,,,source_missing_leave_unchanged
GAZP2,2,2_10,25,7,,634,650,2008,,7,update_missing,,,source_missing_leave_unchanged
GAZP2,2,2_10,25,7,,635,651,2008,,7,update_missing,,,source_missing_leave_unchanged
GAZP2,2,2_10,25,7,,636,652,2008,,7,update_missing,,,source_missing_leave_unchanged
GAZP2,2,2_10,25,7,,637,653,2008,,7,update_missing,,,source_missing_leave_unchanged
GAZP2,2,2_10,25,7,,638,654,2008,,7,update_missing,,,source_missing_leave_unchanged
GAZP2,2,2_10,25,7,,639,655,2008,,7,update_missing,,,source_missing_leave_unchanged
GAZP2,2,2_10,25,7,,640,656,2008,,7,update_missing,,,source_missing_leave_unchanged
GAZP2,2,2_10,25,7,,641,657,2008,,7,update_missing,,,source_missing_leave_unchanged
GAZP2,2,2_11,17,4,,642,658,2008,,4,update_missing,,,source_missing_leave_unchanged
GAZP2,2,2_11,17,4,,643,659,2008,,4,update_missing,,,source_missing_leave_unchanged
GAZP2,2,2_11,17,4,,644,660,2008,,4,update_missing,,,source_missing_leave_unchanged
GAZP2,2,2_11,17,4,,645,661,2008,,4,update_missing,,,source_missing_leave_unchanged
GAZP2,2,2_11,17,4,,646,662,2008,,4,update_missing,,,source_missing_leave_unchanged
GAZP2,2,2_11,17,4,,647,663,2008,,4,update_missing,,,source_missing_leave_unchanged
GAZP2,2,2_11,17,4,,648,664,2008,,4,update_missing,,,source_missing_leave_unchanged
GAZP2,2,2_11,17,4,,649,665,2008,,4,update_missing,,,source_missing_leave_unchanged
GAZP2,2,2_11,25,7,,642,666,2008,,7,update_missing,,,source_missing_leave_unchanged
GAZP2,2,2_11,25,7,,643,667,2008,,7,update_missing,,,source_missing_leave_unchanged
GAZP2,2,2_11,25,7,,644,668,2008,,7,update_missing,,,source_missing_leave_unchanged
GAZP2,2,2_11,25,7,,645,669,2008,,7,update_missing,,,source_missing_leave_unchanged
GAZP2,2,2_11,25,7,,646,670,2008,,7,update_missing,,,source_missing_leave_unchanged
GAZP2,2,2_11,25,7,,647,671,2008,,7,update_missing,,,source_missing_leave_unchanged
GAZP2,2,2_11,25,7,,648,672,2008,,7,update_missing,,,source_missing_leave_unchanged
GAZP2,2,2_11,25,7,,649,673,2008,,7,update_missing,,,source_missing_leave_unchanged
GAZP2,2,2_12,17,4,,650,674,2008,,4,update_missing,,,source_missing_leave_unchanged
GAZP2,2,2_12,17,4,,651,675,2008,,4,update_missing,,,source_missing_leave_unchanged
GAZP2,2,2_12,17,4,,652,676,2008,,4,update_missing,,,source_missing_leave_unchanged
GAZP2,2,2_12,17,4,,653,677,2008,,4,update_missing,,,source_missing_leave_unchanged
GAZP2,2,2_12,17,4,,654,678,2008,,4,update_missing,,,source_missing_leave_unchanged
GAZP2,2,2_12,17,4,,655,679,2008,,4,update_missing,,,source_missing_leave_unchanged
GAZP2,2,2_12,17,4,,656,680,2008,,4,update_missing,,,source_missing_leave_unchanged
GAZP2,2,2_12,17,4,,657,681,2008,,4,update_missing,,,source_missing_leave_unchanged
GAZP2,2,2_12,25,7,,650,682,2008,,7,update_missing,,,source_missing_leave_unchanged
GAZP2,2,2_12,25,7,,651,683,2008,,7,update_missing,,,source_missing_leave_unchanged
GAZP2,2,2_12,25,7,,652,684,2008,,7,update_missing,,,source_missing_leave_unchanged
GAZP2,2,2_12,25,7,,653,685,2008,,7,update_missing,,,source_missing_leave_unchanged
GAZP2,2,2_12,25,7,,654,686,2008,,7,update_missing,,,source_missing_leave_unchanged
GAZP2,2,2_12,25,7,,655,687,2008,,7,update_missing,,,source_missing_leave_unchanged
GAZP2,2,2_12,25,7,,656,688,2008,,7,update_missing,,,source_missing_leave_unchanged
GAZP2,2,2_12,25,7,,657,689,2008,,7,update_missing,,,source_missing_leave_unchanged
GAZP2,2,2_13,17,4,,658,690,2008,,4,update_missing,,,source_missing_leave_unchanged
GAZP2,2,2_13,17,4,,659,691,2008,,4,update_missing,,,source_missing_leave_unchanged
GAZP2,2,2_13,17,4,,660,692,2008,,4,update_missing,,,source_missing_leave_unchanged
GAZP2,2,2_13,17,4,,661,693,2008,,4,update_missing,,,source_missing_leave_unchanged
GAZP2,2,2_13,17,4,,662,694,2008,,4,update_missing,,,source_missing_leave_unchanged
GAZP2,2,2_13,17,4,,663,695,2008,,4,update_missing,,,source_missing_leave_unchanged
GAZP2,2,2_13,17,4,,664,696,2008,,4,update_missing,,,source_missing_leave_unchanged
GAZP2,2,2_13,17,4,,665,697,2008,,4,update_missing,,,source_missing_leave_unchanged
GAZP2,2,2_13,25,7,,658,698,2008,,7,update_missing,,,source_missing_leave_unchanged
GAZP2,2,2_13,25,7,,659,699,2008,,7,update_missing,,,source_missing_leave_unchanged
GAZP2,2,2_13,25,7,,660,700,2008,,7,update_missing,,,source_missing_leave_unchanged
GAZP2,2,2_13,25,7,,661,701,2008,,7,update_missing,,,source_missing_leave_unchanged
GAZP2,2,2_13,25,7,,662,702,2008,,7,update_missing,,,source_missing_leave_unchanged
GAZP2,2,2_13,25,7,,663,703,2008,,7,update_missing,,,source_missing_leave_unchanged
GAZP2,2,2_13,25,7,,664,704,2008,,7,update_missing,,,source_missing_leave_unchanged
GAZP2,2,2_13,25,7,,665,705,2008,,7,update_missing,,,source_missing_leave_unchanged
GAZP2,2,2_14,17,4,,666,706,2008,,4,update_missing,,,source_missing_leave_unchanged
GAZP2,2,2_14,17,4,,667,707,2008,,4,update_missing,,,source_missing_leave_unchanged
GAZP2,2,2_14,17,4,,668,708,2008,,4,update_missing,,,source_missing_leave_unchanged
GAZP2,2,2_14,17,4,,669,709,2008,,4,update_missing,,,source_missing_leave_unchanged
GAZP2,2,2_14,17,4,,670,710,2008,,4,update_missing,,,source_missing_leave_unchanged
GAZP2,2,2_14,17,4,,671,711,2008,,4,update_missing,,,source_missing_leave_unchanged
GAZP2,2,2_14,17,4,,672,712,2008,,4,update_missing,,,source_missing_leave_unchanged
GAZP2,2,2_14,17,4,,673,713,2008,,4,update_missing,,,source_missing_leave_unchanged
GAZP2,2,2_14,25,7,,666,714,2008,,7,update_missing,,,source_missing_leave_unchanged
GAZP2,2,2_14,25,7,,667,715,2008,,7,update_missing,,,source_missing_leave_unchanged
GAZP2,2,2_14,25,7,,668,716,2008,,7,update_missing,,,source_missing_leave_unchanged
GAZP2,2,2_14,25,7,,669,717,2008,,7,update_missing,,,source_missing_leave_unchanged
GAZP2,2,2_14,25,7,,670,718,2008,,7,update_missing,,,source_missing_leave_unchanged
GAZP2,2,2_14,25,7,,671,719,2008,,7,update_missing,,,source_missing_leave_unchanged
GAZP2,2,2_14,25,7,,672,720,2008,,7,update_missing,,,source_missing_leave_unchanged
GAZP2,2,2_14,25,7,,673,721,2008,,7,update_missing,,,source_missing_leave_unchanged
GAZP2,2,2_15,17,4,,674,722,2008,,4,update_missing,,,source_missing_leave_unchanged
GAZP2,2,2_15,17,4,,675,723,2008,,4,update_missing,,,source_missing_leave_unchanged
GAZP2,2,2_15,17,4,,676,724,2008,,4,update_missing,,,source_missing_leave_unchanged
GAZP2,2,2_15,17,4,,677,725,2008,,4,update_missing,,,source_missing_leave_unchanged
GAZP2,2,2_15,17,4,,678,726,2008,,4,update_missing,,,source_missing_leave_unchanged
GAZP2,2,2_15,17,4,,679,727,2008,,4,update_missing,,,source_missing_leave_unchanged
GAZP2,2,2_15,17,4,,680,728,2008,,4,update_missing,,,source_missing_leave_unchanged
GAZP2,2,2_15,17,4,,681,729,2008,,4,update_missing,,,source_missing_leave_unchanged
GAZP2,2,2_15,25,7,,674,730,2008,,7,update_missing,,,source_missing_leave_unchanged
GAZP2,2,2_15,25,7,,675,731,2008,,7,update_missing,,,source_missing_leave_unchanged
GAZP2,2,2_15,25,7,,676,732,2008,,7,update_missing,,,source_missing_leave_unchanged
GAZP2,2,2_15,25,7,,677,733,2008,,7,update_missing,,,source_missing_leave_unchanged
GAZP2,2,2_15,25,7,,678,734,2008,,7,update_missing,,,source_missing_leave_unchanged
GAZP2,2,2_15,25,7,,679,735,2008,,7,update_missing,,,source_missing_leave_unchanged
GAZP2,2,2_15,25,7,,680,736,2008,,7,update_missing,,,source_missing_leave_unchanged
GAZP2,2,2_15,25,7,,681,737,2008,,7,update_missing,,,source_missing_leave_unchanged
GAZP2,2,2_16,17,4,,682,738,2008,,4,update_missing,,,source_missing_leave_unchanged
GAZP2,2,2_16,17,4,,683,739,2008,,4,update_missing,,,source_missing_leave_unchanged
GAZP2,2,2_16,17,4,,684,740,2008,,4,update_missing,,,source_missing_leave_unchanged
GAZP2,2,2_16,17,4,,685,741,2008,,4,update_missing,,,source_missing_leave_unchanged
GAZP2,2,2_16,17,4,,686,742,2008,,4,update_missing,,,source_missing_leave_unchanged
GAZP2,2,2_16,17,4,,687,743,2008,,4,update_missing,,,source_missing_leave_unchanged
GAZP2,2,2_16,17,4,,688,744,2008,,4,update_missing,,,source_missing_leave_unchanged
GAZP2,2,2_16,17,4,,689,745,2008,,4,update_missing,,,source_missing_leave_unchanged
GAZP2,2,2_16,25,7,,682,746,2008,,7,update_missing,,,source_missing_leave_unchanged
GAZP2,2,2_16,25,7,,683,747,2008,,7,update_missing,,,source_missing_leave_unchanged
GAZP2,2,2_16,25,7,,684,748,2008,,7,update_missing,,,source_missing_leave_unchanged
GAZP2,2,2_16,25,7,,685,749,2008,,7,update_missing,,,source_missing_leave_unchanged
GAZP2,2,2_16,25,7,,686,750,2008,,7,update_missing,,,source_missing_leave_unchanged
GAZP2,2,2_16,25,7,,687,751,2008,,7,update_missing,,,source_missing_leave_unchanged
GAZP2,2,2_16,25,7,,688,752,2008,,7,update_missing,,,source_missing_leave_unchanged
GAZP2,2,2_16,25,7,,689,753,2008,,7,update_missing,,,source_missing_leave_unchanged
GAZP2,2,2_17,17,4,,690,754,2008,,4,update_missing,,,source_missing_leave_unchanged
GAZP2,2,2_17,17,4,,691,755,2008,,4,update_missing,,,source_missing_leave_unchanged
GAZP2,2,2_17,17,4,,692,756,2008,,4,update_missing,,,source_missing_leave_unchanged
GAZP2,2,2_17,17,4,,693,757,2008,,4,update_missing,,,source_missing_leave_unchanged
GAZP2,2,2_17,17,4,,694,758,2008,,4,update_missing,,,source_missing_leave_unchanged
GAZP2,2,2_17,17,4,,695,759,2008,,4,update_missing,,,source_missing_leave_unchanged
GAZP2,2,2_17,17,4,,696,760,2008,,4,update_missing,,,source_missing_leave_unchanged
GAZP2,2,2_17,17,4,,697,761,2008,,4,update_missing,,,source_missing_leave_unchanged
GAZP2,2,2_17,25,7,,690,762,2008,,7,update_missing,,,source_missing_leave_unchanged
GAZP2,2,2_17,25,7,,691,763,2008,,7,update_missing,,,source_missing_leave_unchanged
GAZP2,2,2_17,25,7,,692,764,2008,,7,update_missing,,,source_missing_leave_unchanged
GAZP2,2,2_17,25,7,,693,765,2008,,7,update_missing,,,source_missing_leave_unchanged
GAZP2,2,2_17,25,7,,694,766,2008,,7,update_missing,,,source_missing_leave_unchanged
GAZP2,2,2_17,25,7,,695,767,2008,,7,update_missing,,,source_missing_leave_unchanged
GAZP2,2,2_17,25,7,,696,768,2008,,7,update_missing,,,source_missing_leave_unchanged
GAZP2,2,2_17,25,7,,697,769,2008,,7,update_missing,,,source_missing_leave_unchanged
GAZP2,2,2_18,17,4,,698,770,2008,,4,update_missing,,,source_missing_leave_unchanged
GAZP2,2,2_18,17,4,,699,771,2008,,4,update_missing,,,source_missing_leave_unchanged
GAZP2,2,2_18,17,4,,700,772,2008,,4,update_missing,,,source_missing_leave_unchanged
GAZP2,2,2_18,17,4,,701,773,2008,,4,update_missing,,,source_missing_leave_unchanged
GAZP2,2,2_18,17,4,,702,774,2008,,4,update_missing,,,source_missing_leave_unchanged
GAZP2,2,2_18,17,4,,703,775,2008,,4,update_missing,,,source_missing_leave_unchanged
GAZP2,2,2_18,17,4,,704,776,2008,,4,update_missing,,,source_missing_leave_unchanged
GAZP2,2,2_18,17,4,,705,777,2008,,4,update_missing,,,source_missing_leave_unchanged
GAZP2,2,2_18,25,7,,698,778,2008,,7,update_missing,,,source_missing_leave_unchanged
GAZP2,2,2_18,25,7,,699,779,2008,,7,update_missing,,,source_missing_leave_unchanged
GAZP2,2,2_18,25,7,,700,780,2008,,7,update_missing,,,source_missing_leave_unchanged
GAZP2,2,2_18,25,7,,701,781,2008,,7,update_missing,,,source_missing_leave_unchanged
GAZP2,2,2_18,25,7,,702,782,2008,,7,update_missing,,,source_missing_leave_unchanged
GAZP2,2,2_18,25,7,,703,783,2008,,7,update_missing,,,source_missing_leave_unchanged
GAZP2,2,2_18,25,7,,704,784,2008,,7,update_missing,,,source_missing_leave_unchanged
GAZP2,2,2_18,25,7,,705,785,2008,,7,update_missing,,,source_missing_leave_unchanged
GAZP2,2,2_19,19,4,,706,786,2008,,4,update_missing,,,source_missing_leave_unchanged
GAZP2,2,2_19,19,4,,707,787,2008,,4,update_missing,,,source_missing_leave_unchanged
GAZP2,2,2_19,19,4,,708,788,2008,,4,update_missing,,,source_missing_leave_unchanged
GAZP2,2,2_19,19,4,,709,789,2008,,4,update_missing,,,source_missing_leave_unchanged
GAZP2,2,2_19,19,4,,710,790,2008,,4,update_missing,,,source_missing_leave_unchanged
GAZP2,2,2_19,19,4,,711,791,2008,,4,update_missing,,,source_missing_leave_unchanged
GAZP2,2,2_19,19,4,,712,792,2008,,4,update_missing,,,source_missing_leave_unchanged
GAZP2,2,2_19,19,4,,713,793,2008,,4,update_missing,,,source_missing_leave_unchanged
GAZP2,2,2_19,27,7,,706,794,2008,,7,update_missing,,,source_missing_leave_unchanged
GAZP2,2,2_19,27,7,,707,795,2008,,7,update_missing,,,source_missing_leave_unchanged
GAZP2,2,2_19,27,7,,708,796,2008,,7,update_missing,,,source_missing_leave_unchanged
GAZP2,2,2_19,27,7,,709,797,2008,,7,update_missing,,,source_missing_leave_unchanged
GAZP2,2,2_19,27,7,,710,798,2008,,7,update_missing,,,source_missing_leave_unchanged
GAZP2,2,2_19,27,7,,711,799,2008,,7,update_missing,,,source_missing_leave_unchanged
GAZP2,2,2_19,27,7,,712,800,2008,,7,update_missing,,,source_missing_leave_unchanged
GAZP2,2,2_19,27,7,,713,801,2008,,7,update_missing,,,source_missing_leave_unchanged
GAZP2,2,2_2,17,4,,714,802,2008,,4,update_missing,,,source_missing_leave_unchanged
GAZP2,2,2_2,17,4,,715,803,2008,,4,update_missing,,,source_missing_leave_unchanged
GAZP2,2,2_2,17,4,,716,804,2008,,4,update_missing,,,source_missing_leave_unchanged
GAZP2,2,2_2,17,4,,717,805,2008,,4,update_missing,,,source_missing_leave_unchanged
GAZP2,2,2_2,17,4,,718,806,2008,,4,update_missing,,,source_missing_leave_unchanged
GAZP2,2,2_2,17,4,,719,807,2008,,4,update_missing,,,source_missing_leave_unchanged
GAZP2,2,2_2,17,4,,720,808,2008,,4,update_missing,,,source_missing_leave_unchanged
GAZP2,2,2_2,17,4,,721,809,2008,,4,update_missing,,,source_missing_leave_unchanged
GAZP2,2,2_2,25,7,,714,810,2008,,7,update_missing,,,source_missing_leave_unchanged
GAZP2,2,2_2,25,7,,715,811,2008,,7,update_missing,,,source_missing_leave_unchanged
GAZP2,2,2_2,25,7,,716,812,2008,,7,update_missing,,,source_missing_leave_unchanged
GAZP2,2,2_2,25,7,,717,813,2008,,7,update_missing,,,source_missing_leave_unchanged
GAZP2,2,2_2,25,7,,718,814,2008,,7,update_missing,,,source_missing_leave_unchanged
GAZP2,2,2_2,25,7,,719,815,2008,,7,update_missing,,,source_missing_leave_unchanged
GAZP2,2,2_2,25,7,,720,816,2008,,7,update_missing,,,source_missing_leave_unchanged
GAZP2,2,2_2,25,7,,721,817,2008,,7,update_missing,,,source_missing_leave_unchanged
GAZP2,2,2_20,19,4,,722,818,2008,,4,update_missing,,,source_missing_leave_unchanged
GAZP2,2,2_20,19,4,,723,819,2008,,4,update_missing,,,source_missing_leave_unchanged
GAZP2,2,2_20,19,4,,724,820,2008,,4,update_missing,,,source_missing_leave_unchanged
GAZP2,2,2_20,19,4,,725,821,2008,,4,update_missing,,,source_missing_leave_unchanged
GAZP2,2,2_20,19,4,,726,822,2008,,4,update_missing,,,source_missing_leave_unchanged
GAZP2,2,2_20,19,4,,727,823,2008,,4,update_missing,,,source_missing_leave_unchanged
GAZP2,2,2_20,19,4,,728,824,2008,,4,update_missing,,,source_missing_leave_unchanged
GAZP2,2,2_20,19,4,,729,825,2008,,4,update_missing,,,source_missing_leave_unchanged
GAZP2,2,2_20,27,7,,722,826,2008,,7,update_missing,,,source_missing_leave_unchanged
GAZP2,2,2_20,27,7,,723,827,2008,,7,update_missing,,,source_missing_leave_unchanged
GAZP2,2,2_20,27,7,,724,828,2008,,7,update_missing,,,source_missing_leave_unchanged
GAZP2,2,2_20,27,7,,725,829,2008,,7,update_missing,,,source_missing_leave_unchanged
GAZP2,2,2_20,27,7,,726,830,2008,,7,update_missing,,,source_missing_leave_unchanged
GAZP2,2,2_20,27,7,,727,831,2008,,7,update_missing,,,source_missing_leave_unchanged
GAZP2,2,2_20,27,7,,728,832,2008,,7,update_missing,,,source_missing_leave_unchanged
GAZP2,2,2_20,27,7,,729,833,2008,,7,update_missing,,,source_missing_leave_unchanged
GAZP2,2,2_21,19,4,,730,834,2008,,4,update_missing,,,source_missing_leave_unchanged
GAZP2,2,2_21,19,4,,731,835,2008,,4,update_missing,,,source_missing_leave_unchanged
GAZP2,2,2_21,19,4,,732,836,2008,,4,update_missing,,,source_missing_leave_unchanged
GAZP2,2,2_21,19,4,,733,837,2008,,4,update_missing,,,source_missing_leave_unchanged
GAZP2,2,2_21,19,4,,734,838,2008,,4,update_missing,,,source_missing_leave_unchanged
GAZP2,2,2_21,19,4,,735,839,2008,,4,update_missing,,,source_missing_leave_unchanged
GAZP2,2,2_21,19,4,,736,840,2008,,4,update_missing,,,source_missing_leave_unchanged
GAZP2,2,2_21,19,4,,737,841,2008,,4,update_missing,,,source_missing_leave_unchanged
GAZP2,2,2_21,27,7,,730,842,2008,,7,update_missing,,,source_missing_leave_unchanged
GAZP2,2,2_21,27,7,,731,843,2008,,7,update_missing,,,source_missing_leave_unchanged
GAZP2,2,2_21,27,7,,732,844,2008,,7,update_missing,,,source_missing_leave_unchanged
GAZP2,2,2_21,27,7,,733,845,2008,,7,update_missing,,,source_missing_leave_unchanged
GAZP2,2,2_21,27,7,,734,846,2008,,7,update_missing,,,source_missing_leave_unchanged
GAZP2,2,2_21,27,7,,735,847,2008,,7,update_missing,,,source_missing_leave_unchanged
GAZP2,2,2_21,27,7,,736,848,2008,,7,update_missing,,,source_missing_leave_unchanged
GAZP2,2,2_21,27,7,,737,849,2008,,7,update_missing,,,source_missing_leave_unchanged
GAZP2,2,2_22,19,4,,738,850,2008,,4,update_missing,,,source_missing_leave_unchanged
GAZP2,2,2_22,19,4,,739,851,2008,,4,update_missing,,,source_missing_leave_unchanged
GAZP2,2,2_22,19,4,,740,852,2008,,4,update_missing,,,source_missing_leave_unchanged
GAZP2,2,2_22,19,4,,741,853,2008,,4,update_missing,,,source_missing_leave_unchanged
GAZP2,2,2_22,19,4,,742,854,2008,,4,update_missing,,,source_missing_leave_unchanged
GAZP2,2,2_22,19,4,,743,855,2008,,4,update_missing,,,source_missing_leave_unchanged
GAZP2,2,2_22,19,4,,744,856,2008,,4,update_missing,,,source_missing_leave_unchanged
GAZP2,2,2_22,19,4,,745,857,2008,,4,update_missing,,,source_missing_leave_unchanged
GAZP2,2,2_22,27,7,,738,858,2008,,7,update_missing,,,source_missing_leave_unchanged
GAZP2,2,2_22,27,7,,739,859,2008,,7,update_missing,,,source_missing_leave_unchanged
GAZP2,2,2_22,27,7,,740,860,2008,,7,update_missing,,,source_missing_leave_unchanged
GAZP2,2,2_22,27,7,,741,861,2008,,7,update_missing,,,source_missing_leave_unchanged
GAZP2,2,2_22,27,7,,742,862,2008,,7,update_missing,,,source_missing_leave_unchanged
GAZP2,2,2_22,27,7,,743,863,2008,,7,update_missing,,,source_missing_leave_unchanged
GAZP2,2,2_22,27,7,,744,864,2008,,7,update_missing,,,source_missing_leave_unchanged
GAZP2,2,2_22,27,7,,745,865,2008,,7,update_missing,,,source_missing_leave_unchanged
GAZP2,2,2_23,19,4,,746,866,2008,,4,update_missing,,,source_missing_leave_unchanged
GAZP2,2,2_23,19,4,,747,867,2008,,4,update_missing,,,source_missing_leave_unchanged
GAZP2,2,2_23,19,4,,748,868,2008,,4,update_missing,,,source_missing_leave_unchanged
GAZP2,2,2_23,19,4,,749,869,2008,,4,update_missing,,,source_missing_leave_unchanged
GAZP2,2,2_23,19,4,,750,870,2008,,4,update_missing,,,source_missing_leave_unchanged
GAZP2,2,2_23,19,4,,751,871,2008,,4,update_missing,,,source_missing_leave_unchanged
GAZP2,2,2_23,19,4,,752,872,2008,,4,update_missing,,,source_missing_leave_unchanged
GAZP2,2,2_23,19,4,,753,873,2008,,4,update_missing,,,source_missing_leave_unchanged
GAZP2,2,2_23,27,7,,746,874,2008,,7,update_missing,,,source_missing_leave_unchanged
GAZP2,2,2_23,27,7,,747,875,2008,,7,update_missing,,,source_missing_leave_unchanged
GAZP2,2,2_23,27,7,,748,876,2008,,7,update_missing,,,source_missing_leave_unchanged
GAZP2,2,2_23,27,7,,749,877,2008,,7,update_missing,,,source_missing_leave_unchanged
GAZP2,2,2_23,27,7,,750,878,2008,,7,update_missing,,,source_missing_leave_unchanged
GAZP2,2,2_23,27,7,,751,879,2008,,7,update_missing,,,source_missing_leave_unchanged
GAZP2,2,2_23,27,7,,752,880,2008,,7,update_missing,,,source_missing_leave_unchanged
GAZP2,2,2_23,27,7,,753,881,2008,,7,update_missing,,,source_missing_leave_unchanged
GAZP2,2,2_24,19,4,,754,882,2008,,4,update_missing,,,source_missing_leave_unchanged
GAZP2,2,2_24,19,4,,755,883,2008,,4,update_missing,,,source_missing_leave_unchanged
GAZP2,2,2_24,19,4,,756,884,2008,,4,update_missing,,,source_missing_leave_unchanged
GAZP2,2,2_24,19,4,,757,885,2008,,4,update_missing,,,source_missing_leave_unchanged
GAZP2,2,2_24,19,4,,758,886,2008,,4,update_missing,,,source_missing_leave_unchanged
GAZP2,2,2_24,19,4,,759,887,2008,,4,update_missing,,,source_missing_leave_unchanged
GAZP2,2,2_24,19,4,,760,888,2008,,4,update_missing,,,source_missing_leave_unchanged
GAZP2,2,2_24,19,4,,761,889,2008,,4,update_missing,,,source_missing_leave_unchanged
GAZP2,2,2_24,27,7,,754,890,2008,,7,update_missing,,,source_missing_leave_unchanged
GAZP2,2,2_24,27,7,,755,891,2008,,7,update_missing,,,source_missing_leave_unchanged
GAZP2,2,2_24,27,7,,756,892,2008,,7,update_missing,,,source_missing_leave_unchanged
GAZP2,2,2_24,27,7,,757,893,2008,,7,update_missing,,,source_missing_leave_unchanged
GAZP2,2,2_24,27,7,,758,894,2008,,7,update_missing,,,source_missing_leave_unchanged
GAZP2,2,2_24,27,7,,759,895,2008,,7,update_missing,,,source_missing_leave_unchanged
GAZP2,2,2_24,27,7,,760,896,2008,,7,update_missing,,,source_missing_leave_unchanged
GAZP2,2,2_24,27,7,,761,897,2008,,7,update_missing,,,source_missing_leave_unchanged
GAZP2,2,2_25,19,4,,762,898,2008,,4,update_missing,,,source_missing_leave_unchanged
GAZP2,2,2_25,19,4,,763,899,2008,,4,update_missing,,,source_missing_leave_unchanged
GAZP2,2,2_25,19,4,,764,900,2008,,4,update_missing,,,source_missing_leave_unchanged
GAZP2,2,2_25,19,4,,765,901,2008,,4,update_missing,,,source_missing_leave_unchanged
GAZP2,2,2_25,19,4,,766,902,2008,,4,update_missing,,,source_missing_leave_unchanged
GAZP2,2,2_25,19,4,,767,903,2008,,4,update_missing,,,source_missing_leave_unchanged
GAZP2,2,2_25,19,4,,768,904,2008,,4,update_missing,,,source_missing_leave_unchanged
GAZP2,2,2_25,19,4,,769,905,2008,,4,update_missing,,,source_missing_leave_unchanged
GAZP2,2,2_25,27,7,,762,906,2008,,7,update_missing,,,source_missing_leave_unchanged
GAZP2,2,2_25,27,7,,763,907,2008,,7,update_missing,,,source_missing_leave_unchanged
GAZP2,2,2_25,27,7,,764,908,2008,,7,update_missing,,,source_missing_leave_unchanged
GAZP2,2,2_25,27,7,,765,909,2008,,7,update_missing,,,source_missing_leave_unchanged
GAZP2,2,2_25,27,7,,766,910,2008,,7,update_missing,,,source_missing_leave_unchanged
GAZP2,2,2_25,27,7,,767,911,2008,,7,update_missing,,,source_missing_leave_unchanged
GAZP2,2,2_25,27,7,,768,912,2008,,7,update_missing,,,source_missing_leave_unchanged
GAZP2,2,2_25,27,7,,769,913,2008,,7,update_missing,,,source_missing_leave_unchanged
GAZP2,2,2_26,19,4,,770,914,2008,,4,update_missing,,,source_missing_leave_unchanged
GAZP2,2,2_26,19,4,,771,915,2008,,4,update_missing,,,source_missing_leave_unchanged
GAZP2,2,2_26,19,4,,772,916,2008,,4,update_missing,,,source_missing_leave_unchanged
GAZP2,2,2_26,19,4,,773,917,2008,,4,update_missing,,,source_missing_leave_unchanged
GAZP2,2,2_26,19,4,,774,918,2008,,4,update_missing,,,source_missing_leave_unchanged
GAZP2,2,2_26,19,4,,775,919,2008,,4,update_missing,,,source_missing_leave_unchanged
GAZP2,2,2_26,19,4,,776,920,2008,,4,update_missing,,,source_missing_leave_unchanged
GAZP2,2,2_26,19,4,,777,921,2008,,4,update_missing,,,source_missing_leave_unchanged
GAZP2,2,2_26,27,7,,770,922,2008,,7,update_missing,,,source_missing_leave_unchanged
GAZP2,2,2_26,27,7,,771,923,2008,,7,update_missing,,,source_missing_leave_unchanged
GAZP2,2,2_26,27,7,,772,924,2008,,7,update_missing,,,source_missing_leave_unchanged
GAZP2,2,2_26,27,7,,773,925,2008,,7,update_missing,,,source_missing_leave_unchanged
GAZP2,2,2_26,27,7,,774,926,2008,,7,update_missing,,,source_missing_leave_unchanged
GAZP2,2,2_26,27,7,,775,927,2008,,7,update_missing,,,source_missing_leave_unchanged
GAZP2,2,2_26,27,7,,776,928,2008,,7,update_missing,,,source_missing_leave_unchanged
GAZP2,2,2_26,27,7,,777,929,2008,,7,update_missing,,,source_missing_leave_unchanged
GAZP2,2,2_27,19,4,,778,930,2008,,4,update_missing,,,source_missing_leave_unchanged
GAZP2,2,2_27,19,4,,779,931,2008,,4,update_missing,,,source_missing_leave_unchanged
GAZP2,2,2_27,19,4,,780,932,2008,,4,update_missing,,,source_missing_leave_unchanged
GAZP2,2,2_27,19,4,,781,933,2008,,4,update_missing,,,source_missing_leave_unchanged
GAZP2,2,2_27,19,4,,782,934,2008,,4,update_missing,,,source_missing_leave_unchanged
GAZP2,2,2_27,19,4,,783,935,2008,,4,update_missing,,,source_missing_leave_unchanged
GAZP2,2,2_27,19,4,,784,936,2008,,4,update_missing,,,source_missing_leave_unchanged
GAZP2,2,2_27,19,4,,785,937,2008,,4,update_missing,,,source_missing_leave_unchanged
GAZP2,2,2_27,27,7,,778,938,2008,,7,update_missing,,,source_missing_leave_unchanged
GAZP2,2,2_27,27,7,,779,939,2008,,7,update_missing,,,source_missing_leave_unchanged
GAZP2,2,2_27,27,7,,780,940,2008,,7,update_missing,,,source_missing_leave_unchanged
GAZP2,2,2_27,27,7,,781,941,2008,,7,update_missing,,,source_missing_leave_unchanged
GAZP2,2,2_27,27,7,,782,942,2008,,7,update_missing,,,source_missing_leave_unchanged
GAZP2,2,2_27,27,7,,783,943,2008,,7,update_missing,,,source_missing_leave_unchanged
GAZP2,2,2_27,27,7,,784,944,2008,,7,update_missing,,,source_missing_leave_unchanged
GAZP2,2,2_27,27,7,,785,945,2008,,7,update_missing,,,source_missing_leave_unchanged
GAZP2,2,2_28,21,4,,786,946,2008,,4,update_missing,,,source_missing_leave_unchanged
GAZP2,2,2_28,21,4,,787,947,2008,,4,update_missing,,,source_missing_leave_unchanged
GAZP2,2,2_28,21,4,,788,948,2008,,4,update_missing,,,source_missing_leave_unchanged
GAZP2,2,2_28,21,4,,789,949,2008,,4,update_missing,,,source_missing_leave_unchanged
GAZP2,2,2_28,21,4,,790,950,2008,,4,update_missing,,,source_missing_leave_unchanged
GAZP2,2,2_28,21,4,,791,951,2008,,4,update_missing,,,source_missing_leave_unchanged
GAZP2,2,2_28,21,4,,792,952,2008,,4,update_missing,,,source_missing_leave_unchanged
GAZP2,2,2_28,21,4,,793,953,2008,,4,update_missing,,,source_missing_leave_unchanged
GAZP2,2,2_28,29,7,,786,954,2008,,7,update_missing,,,source_missing_leave_unchanged
GAZP2,2,2_28,29,7,,787,955,2008,,7,update_missing,,,source_missing_leave_unchanged
GAZP2,2,2_28,29,7,,788,956,2008,,7,update_missing,,,source_missing_leave_unchanged
GAZP2,2,2_28,29,7,,789,957,2008,,7,update_missing,,,source_missing_leave_unchanged
GAZP2,2,2_28,29,7,,790,958,2008,,7,update_missing,,,source_missing_leave_unchanged
GAZP2,2,2_28,29,7,,791,959,2008,,7,update_missing,,,source_missing_leave_unchanged
GAZP2,2,2_28,29,7,,792,960,2008,,7,update_missing,,,source_missing_leave_unchanged
GAZP2,2,2_28,29,7,,793,961,2008,,7,update_missing,,,source_missing_leave_unchanged
GAZP2,2,2_29,21,4,,794,962,2008,,4,update_missing,,,source_missing_leave_unchanged
GAZP2,2,2_29,21,4,,795,963,2008,,4,update_missing,,,source_missing_leave_unchanged
GAZP2,2,2_29,21,4,,796,964,2008,,4,update_missing,,,source_missing_leave_unchanged
GAZP2,2,2_29,21,4,,797,965,2008,,4,update_missing,,,source_missing_leave_unchanged
GAZP2,2,2_29,21,4,,798,966,2008,,4,update_missing,,,source_missing_leave_unchanged
GAZP2,2,2_29,21,4,,799,967,2008,,4,update_missing,,,source_missing_leave_unchanged
GAZP2,2,2_29,21,4,,800,968,2008,,4,update_missing,,,source_missing_leave_unchanged
GAZP2,2,2_29,21,4,,801,969,2008,,4,update_missing,,,source_missing_leave_unchanged
GAZP2,2,2_29,29,7,,794,970,2008,,7,update_missing,,,source_missing_leave_unchanged
GAZP2,2,2_29,29,7,,795,971,2008,,7,update_missing,,,source_missing_leave_unchanged
GAZP2,2,2_29,29,7,,796,972,2008,,7,update_missing,,,source_missing_leave_unchanged
GAZP2,2,2_29,29,7,,797,973,2008,,7,update_missing,,,source_missing_leave_unchanged
GAZP2,2,2_29,29,7,,798,974,2008,,7,update_missing,,,source_missing_leave_unchanged
GAZP2,2,2_29,29,7,,799,975,2008,,7,update_missing,,,source_missing_leave_unchanged
GAZP2,2,2_29,29,7,,800,976,2008,,7,update_missing,,,source_missing_leave_unchanged
GAZP2,2,2_29,29,7,,801,977,2008,,7,update_missing,,,source_missing_leave_unchanged
GAZP2,2,2_3,17,4,,802,978,2008,,4,update_missing,,,source_missing_leave_unchanged
GAZP2,2,2_3,17,4,,803,979,2008,,4,update_missing,,,source_missing_leave_unchanged
GAZP2,2,2_3,17,4,,804,980,2008,,4,update_missing,,,source_missing_leave_unchanged
GAZP2,2,2_3,17,4,,805,981,2008,,4,update_missing,,,source_missing_leave_unchanged
GAZP2,2,2_3,17,4,,806,982,2008,,4,update_missing,,,source_missing_leave_unchanged
GAZP2,2,2_3,17,4,,807,983,2008,,4,update_missing,,,source_missing_leave_unchanged
GAZP2,2,2_3,17,4,,808,984,2008,,4,update_missing,,,source_missing_leave_unchanged
GAZP2,2,2_3,17,4,,809,985,2008,,4,update_missing,,,source_missing_leave_unchanged
GAZP2,2,2_3,25,7,,802,986,2008,,7,update_missing,,,source_missing_leave_unchanged
GAZP2,2,2_3,25,7,,803,987,2008,,7,update_missing,,,source_missing_leave_unchanged
GAZP2,2,2_3,25,7,,804,988,2008,,7,update_missing,,,source_missing_leave_unchanged
GAZP2,2,2_3,25,7,,805,989,2008,,7,update_missing,,,source_missing_leave_unchanged
GAZP2,2,2_3,25,7,,806,990,2008,,7,update_missing,,,source_missing_leave_unchanged
GAZP2,2,2_3,25,7,,807,991,2008,,7,update_missing,,,source_missing_leave_unchanged
GAZP2,2,2_3,25,7,,808,992,2008,,7,update_missing,,,source_missing_leave_unchanged
GAZP2,2,2_3,25,7,,809,993,2008,,7,update_missing,,,source_missing_leave_unchanged
GAZP2,2,2_30,21,4,,810,994,2008,,4,update_missing,,,source_missing_leave_unchanged
GAZP2,2,2_30,21,4,,811,995,2008,,4,update_missing,,,source_missing_leave_unchanged
GAZP2,2,2_30,21,4,,812,996,2008,,4,update_missing,,,source_missing_leave_unchanged
GAZP2,2,2_30,21,4,,813,997,2008,,4,update_missing,,,source_missing_leave_unchanged
GAZP2,2,2_30,21,4,,814,998,2008,,4,update_missing,,,source_missing_leave_unchanged
GAZP2,2,2_30,21,4,,815,999,2008,,4,update_missing,,,source_missing_leave_unchanged
GAZP2,2,2_30,21,4,,816,1000,2008,,4,update_missing,,,source_missing_leave_unchanged
GAZP2,2,2_30,21,4,,817,1001,2008,,4,update_missing,,,source_missing_leave_unchanged
GAZP2,2,2_30,29,7,,810,1002,2008,,7,update_missing,,,source_missing_leave_unchanged
GAZP2,2,2_30,29,7,,811,1003,2008,,7,update_missing,,,source_missing_leave_unchanged
GAZP2,2,2_30,29,7,,812,1004,2008,,7,update_missing,,,source_missing_leave_unchanged
GAZP2,2,2_30,29,7,,813,1005,2008,,7,update_missing,,,source_missing_leave_unchanged
GAZP2,2,2_30,29,7,,814,1006,2008,,7,update_missing,,,source_missing_leave_unchanged
GAZP2,2,2_30,29,7,,815,1007,2008,,7,update_missing,,,source_missing_leave_unchanged
GAZP2,2,2_30,29,7,,816,1008,2008,,7,update_missing,,,source_missing_leave_unchanged
GAZP2,2,2_30,29,7,,817,1009,2008,,7,update_missing,,,source_missing_leave_unchanged
GAZP2,2,2_31,21,4,,818,1010,2008,,4,update_missing,,,source_missing_leave_unchanged
GAZP2,2,2_31,21,4,,819,1011,2008,,4,update_missing,,,source_missing_leave_unchanged
GAZP2,2,2_31,21,4,,820,1012,2008,,4,update_missing,,,source_missing_leave_unchanged
GAZP2,2,2_31,21,4,,821,1013,2008,,4,update_missing,,,source_missing_leave_unchanged
GAZP2,2,2_31,21,4,,822,1014,2008,,4,update_missing,,,source_missing_leave_unchanged
GAZP2,2,2_31,21,4,,823,1015,2008,,4,update_missing,,,source_missing_leave_unchanged
GAZP2,2,2_31,21,4,,824,1016,2008,,4,update_missing,,,source_missing_leave_unchanged
GAZP2,2,2_31,21,4,,825,1017,2008,,4,update_missing,,,source_missing_leave_unchanged
GAZP2,2,2_31,29,7,,818,1018,2008,,7,update_missing,,,source_missing_leave_unchanged
GAZP2,2,2_31,29,7,,819,1019,2008,,7,update_missing,,,source_missing_leave_unchanged
GAZP2,2,2_31,29,7,,820,1020,2008,,7,update_missing,,,source_missing_leave_unchanged
GAZP2,2,2_31,29,7,,821,1021,2008,,7,update_missing,,,source_missing_leave_unchanged
GAZP2,2,2_31,29,7,,822,1022,2008,,7,update_missing,,,source_missing_leave_unchanged
GAZP2,2,2_31,29,7,,823,1023,2008,,7,update_missing,,,source_missing_leave_unchanged
GAZP2,2,2_31,29,7,,824,1024,2008,,7,update_missing,,,source_missing_leave_unchanged
GAZP2,2,2_31,29,7,,825,1025,2008,,7,update_missing,,,source_missing_leave_unchanged
GAZP2,2,2_32,21,4,,826,1026,2008,,4,update_missing,,,source_missing_leave_unchanged
GAZP2,2,2_32,21,4,,827,1027,2008,,4,update_missing,,,source_missing_leave_unchanged
GAZP2,2,2_32,21,4,,828,1028,2008,,4,update_missing,,,source_missing_leave_unchanged
GAZP2,2,2_32,21,4,,829,1029,2008,,4,update_missing,,,source_missing_leave_unchanged
GAZP2,2,2_32,21,4,,830,1030,2008,,4,update_missing,,,source_missing_leave_unchanged
GAZP2,2,2_32,21,4,,831,1031,2008,,4,update_missing,,,source_missing_leave_unchanged
GAZP2,2,2_32,21,4,,832,1032,2008,,4,update_missing,,,source_missing_leave_unchanged
GAZP2,2,2_32,21,4,,833,1033,2008,,4,update_missing,,,source_missing_leave_unchanged
GAZP2,2,2_32,29,7,,826,1034,2008,,7,update_missing,,,source_missing_leave_unchanged
GAZP2,2,2_32,29,7,,827,1035,2008,,7,update_missing,,,source_missing_leave_unchanged
GAZP2,2,2_32,29,7,,828,1036,2008,,7,update_missing,,,source_missing_leave_unchanged
GAZP2,2,2_32,29,7,,829,1037,2008,,7,update_missing,,,source_missing_leave_unchanged
GAZP2,2,2_32,29,7,,830,1038,2008,,7,update_missing,,,source_missing_leave_unchanged
GAZP2,2,2_32,29,7,,831,1039,2008,,7,update_missing,,,source_missing_leave_unchanged
GAZP2,2,2_32,29,7,,832,1040,2008,,7,update_missing,,,source_missing_leave_unchanged
GAZP2,2,2_32,29,7,,833,1041,2008,,7,update_missing,,,source_missing_leave_unchanged
GAZP2,2,2_33,21,4,,834,1042,2008,,4,update_missing,,,source_missing_leave_unchanged
GAZP2,2,2_33,21,4,,835,1043,2008,,4,update_missing,,,source_missing_leave_unchanged
GAZP2,2,2_33,21,4,,836,1044,2008,,4,update_missing,,,source_missing_leave_unchanged
GAZP2,2,2_33,21,4,,837,1045,2008,,4,update_missing,,,source_missing_leave_unchanged
GAZP2,2,2_33,21,4,,838,1046,2008,,4,update_missing,,,source_missing_leave_unchanged
GAZP2,2,2_33,21,4,,839,1047,2008,,4,update_missing,,,source_missing_leave_unchanged
GAZP2,2,2_33,21,4,,840,1048,2008,,4,update_missing,,,source_missing_leave_unchanged
GAZP2,2,2_33,21,4,,841,1049,2008,,4,update_missing,,,source_missing_leave_unchanged
GAZP2,2,2_33,29,7,,834,1050,2008,,7,update_missing,,,source_missing_leave_unchanged
GAZP2,2,2_33,29,7,,835,1051,2008,,7,update_missing,,,source_missing_leave_unchanged
GAZP2,2,2_33,29,7,,836,1052,2008,,7,update_missing,,,source_missing_leave_unchanged
GAZP2,2,2_33,29,7,,837,1053,2008,,7,update_missing,,,source_missing_leave_unchanged
GAZP2,2,2_33,29,7,,838,1054,2008,,7,update_missing,,,source_missing_leave_unchanged
GAZP2,2,2_33,29,7,,839,1055,2008,,7,update_missing,,,source_missing_leave_unchanged
GAZP2,2,2_33,29,7,,840,1056,2008,,7,update_missing,,,source_missing_leave_unchanged
GAZP2,2,2_33,29,7,,841,1057,2008,,7,update_missing,,,source_missing_leave_unchanged
GAZP2,2,2_34,21,4,,842,1058,2008,,4,update_missing,,,source_missing_leave_unchanged
GAZP2,2,2_34,21,4,,843,1059,2008,,4,update_missing,,,source_missing_leave_unchanged
GAZP2,2,2_34,21,4,,844,1060,2008,,4,update_missing,,,source_missing_leave_unchanged
GAZP2,2,2_34,21,4,,845,1061,2008,,4,update_missing,,,source_missing_leave_unchanged
GAZP2,2,2_34,21,4,,846,1062,2008,,4,update_missing,,,source_missing_leave_unchanged
GAZP2,2,2_34,21,4,,847,1063,2008,,4,update_missing,,,source_missing_leave_unchanged
GAZP2,2,2_34,21,4,,848,1064,2008,,4,update_missing,,,source_missing_leave_unchanged
GAZP2,2,2_34,21,4,,849,1065,2008,,4,update_missing,,,source_missing_leave_unchanged
GAZP2,2,2_34,29,7,,842,1066,2008,,7,update_missing,,,source_missing_leave_unchanged
GAZP2,2,2_34,29,7,,843,1067,2008,,7,update_missing,,,source_missing_leave_unchanged
GAZP2,2,2_34,29,7,,844,1068,2008,,7,update_missing,,,source_missing_leave_unchanged
GAZP2,2,2_34,29,7,,845,1069,2008,,7,update_missing,,,source_missing_leave_unchanged
GAZP2,2,2_34,29,7,,846,1070,2008,,7,update_missing,,,source_missing_leave_unchanged
GAZP2,2,2_34,29,7,,847,1071,2008,,7,update_missing,,,source_missing_leave_unchanged
GAZP2,2,2_34,29,7,,848,1072,2008,,7,update_missing,,,source_missing_leave_unchanged
GAZP2,2,2_34,29,7,,849,1073,2008,,7,update_missing,,,source_missing_leave_unchanged
GAZP2,2,2_35,21,4,,850,1074,2008,,4,update_missing,,,source_missing_leave_unchanged
GAZP2,2,2_35,21,4,,851,1075,2008,,4,update_missing,,,source_missing_leave_unchanged
GAZP2,2,2_35,21,4,,852,1076,2008,,4,update_missing,,,source_missing_leave_unchanged
GAZP2,2,2_35,21,4,,853,1077,2008,,4,update_missing,,,source_missing_leave_unchanged
GAZP2,2,2_35,21,4,,854,1078,2008,,4,update_missing,,,source_missing_leave_unchanged
GAZP2,2,2_35,21,4,,855,1079,2008,,4,update_missing,,,source_missing_leave_unchanged
GAZP2,2,2_35,21,4,,856,1080,2008,,4,update_missing,,,source_missing_leave_unchanged
GAZP2,2,2_35,21,4,,857,1081,2008,,4,update_missing,,,source_missing_leave_unchanged
GAZP2,2,2_35,29,7,,850,1082,2008,,7,update_missing,,,source_missing_leave_unchanged
GAZP2,2,2_35,29,7,,851,1083,2008,,7,update_missing,,,source_missing_leave_unchanged
GAZP2,2,2_35,29,7,,852,1084,2008,,7,update_missing,,,source_missing_leave_unchanged
GAZP2,2,2_35,29,7,,853,1085,2008,,7,update_missing,,,source_missing_leave_unchanged
GAZP2,2,2_35,29,7,,854,1086,2008,,7,update_missing,,,source_missing_leave_unchanged
GAZP2,2,2_35,29,7,,855,1087,2008,,7,update_missing,,,source_missing_leave_unchanged
GAZP2,2,2_35,29,7,,856,1088,2008,,7,update_missing,,,source_missing_leave_unchanged
GAZP2,2,2_35,29,7,,857,1089,2008,,7,update_missing,,,source_missing_leave_unchanged
GAZP2,2,2_36,21,4,,858,1090,2008,,4,update_missing,,,source_missing_leave_unchanged
GAZP2,2,2_36,21,4,,859,1091,2008,,4,update_missing,,,source_missing_leave_unchanged
GAZP2,2,2_36,21,4,,860,1092,2008,,4,update_missing,,,source_missing_leave_unchanged
GAZP2,2,2_36,21,4,,861,1093,2008,,4,update_missing,,,source_missing_leave_unchanged
GAZP2,2,2_36,21,4,,862,1094,2008,,4,update_missing,,,source_missing_leave_unchanged
GAZP2,2,2_36,21,4,,863,1095,2008,,4,update_missing,,,source_missing_leave_unchanged
GAZP2,2,2_36,21,4,,864,1096,2008,,4,update_missing,,,source_missing_leave_unchanged
GAZP2,2,2_36,21,4,,865,1097,2008,,4,update_missing,,,source_missing_leave_unchanged
GAZP2,2,2_36,29,7,,858,1098,2008,,7,update_missing,,,source_missing_leave_unchanged
GAZP2,2,2_36,29,7,,859,1099,2008,,7,update_missing,,,source_missing_leave_unchanged
GAZP2,2,2_36,29,7,,860,1100,2008,,7,update_missing,,,source_missing_leave_unchanged
GAZP2,2,2_36,29,7,,861,1101,2008,,7,update_missing,,,source_missing_leave_unchanged
GAZP2,2,2_36,29,7,,862,1102,2008,,7,update_missing,,,source_missing_leave_unchanged
GAZP2,2,2_36,29,7,,863,1103,2008,,7,update_missing,,,source_missing_leave_unchanged
GAZP2,2,2_36,29,7,,864,1104,2008,,7,update_missing,,,source_missing_leave_unchanged
GAZP2,2,2_36,29,7,,865,1105,2008,,7,update_missing,,,source_missing_leave_unchanged
GAZP2,2,2_4,17,4,,866,1106,2008,,4,update_missing,,,source_missing_leave_unchanged
GAZP2,2,2_4,17,4,,867,1107,2008,,4,update_missing,,,source_missing_leave_unchanged
GAZP2,2,2_4,17,4,,868,1108,2008,,4,update_missing,,,source_missing_leave_unchanged
GAZP2,2,2_4,17,4,,869,1109,2008,,4,update_missing,,,source_missing_leave_unchanged
GAZP2,2,2_4,17,4,,870,1110,2008,,4,update_missing,,,source_missing_leave_unchanged
GAZP2,2,2_4,17,4,,871,1111,2008,,4,update_missing,,,source_missing_leave_unchanged
GAZP2,2,2_4,17,4,,872,1112,2008,,4,update_missing,,,source_missing_leave_unchanged
GAZP2,2,2_4,17,4,,873,1113,2008,,4,update_missing,,,source_missing_leave_unchanged
GAZP2,2,2_4,25,7,,866,1114,2008,,7,update_missing,,,source_missing_leave_unchanged
GAZP2,2,2_4,25,7,,867,1115,2008,,7,update_missing,,,source_missing_leave_unchanged
GAZP2,2,2_4,25,7,,868,1116,2008,,7,update_missing,,,source_missing_leave_unchanged
GAZP2,2,2_4,25,7,,869,1117,2008,,7,update_missing,,,source_missing_leave_unchanged
GAZP2,2,2_4,25,7,,870,1118,2008,,7,update_missing,,,source_missing_leave_unchanged
GAZP2,2,2_4,25,7,,871,1119,2008,,7,update_missing,,,source_missing_leave_unchanged
GAZP2,2,2_4,25,7,,872,1120,2008,,7,update_missing,,,source_missing_leave_unchanged
GAZP2,2,2_4,25,7,,873,1121,2008,,7,update_missing,,,source_missing_leave_unchanged
GAZP2,2,2_5,17,4,,874,1122,2008,,4,update_missing,,,source_missing_leave_unchanged
GAZP2,2,2_5,17,4,,875,1123,2008,,4,update_missing,,,source_missing_leave_unchanged
GAZP2,2,2_5,17,4,,876,1124,2008,,4,update_missing,,,source_missing_leave_unchanged
GAZP2,2,2_5,17,4,,877,1125,2008,,4,update_missing,,,source_missing_leave_unchanged
GAZP2,2,2_5,17,4,,878,1126,2008,,4,update_missing,,,source_missing_leave_unchanged
GAZP2,2,2_5,17,4,,879,1127,2008,,4,update_missing,,,source_missing_leave_unchanged
GAZP2,2,2_5,17,4,,880,1128,2008,,4,update_missing,,,source_missing_leave_unchanged
GAZP2,2,2_5,17,4,,881,1129,2008,,4,update_missing,,,source_missing_leave_unchanged
GAZP2,2,2_5,25,7,,874,1130,2008,,7,update_missing,,,source_missing_leave_unchanged
GAZP2,2,2_5,25,7,,875,1131,2008,,7,update_missing,,,source_missing_leave_unchanged
GAZP2,2,2_5,25,7,,876,1132,2008,,7,update_missing,,,source_missing_leave_unchanged
GAZP2,2,2_5,25,7,,877,1133,2008,,7,update_missing,,,source_missing_leave_unchanged
GAZP2,2,2_5,25,7,,878,1134,2008,,7,update_missing,,,source_missing_leave_unchanged
GAZP2,2,2_5,25,7,,879,1135,2008,,7,update_missing,,,source_missing_leave_unchanged
GAZP2,2,2_5,25,7,,880,1136,2008,,7,update_missing,,,source_missing_leave_unchanged
GAZP2,2,2_5,25,7,,881,1137,2008,,7,update_missing,,,source_missing_leave_unchanged
GAZP2,2,2_6,17,4,,882,1138,2008,,4,update_missing,,,source_missing_leave_unchanged
GAZP2,2,2_6,17,4,,883,1139,2008,,4,update_missing,,,source_missing_leave_unchanged
GAZP2,2,2_6,17,4,,884,1140,2008,,4,update_missing,,,source_missing_leave_unchanged
GAZP2,2,2_6,17,4,,885,1141,2008,,4,update_missing,,,source_missing_leave_unchanged
GAZP2,2,2_6,17,4,,886,1142,2008,,4,update_missing,,,source_missing_leave_unchanged
GAZP2,2,2_6,17,4,,887,1143,2008,,4,update_missing,,,source_missing_leave_unchanged
GAZP2,2,2_6,17,4,,888,1144,2008,,4,update_missing,,,source_missing_leave_unchanged
GAZP2,2,2_6,17,4,,889,1145,2008,,4,update_missing,,,source_missing_leave_unchanged
GAZP2,2,2_6,25,7,,882,1146,2008,,7,update_missing,,,source_missing_leave_unchanged
GAZP2,2,2_6,25,7,,883,1147,2008,,7,update_missing,,,source_missing_leave_unchanged
GAZP2,2,2_6,25,7,,884,1148,2008,,7,update_missing,,,source_missing_leave_unchanged
GAZP2,2,2_6,25,7,,885,1149,2008,,7,update_missing,,,source_missing_leave_unchanged
GAZP2,2,2_6,25,7,,886,1150,2008,,7,update_missing,,,source_missing_leave_unchanged
GAZP2,2,2_6,25,7,,887,1151,2008,,7,update_missing,,,source_missing_leave_unchanged
GAZP2,2,2_6,25,7,,888,1152,2008,,7,update_missing,,,source_missing_leave_unchanged
GAZP2,2,2_6,25,7,,889,1153,2008,,7,update_missing,,,source_missing_leave_unchanged
GAZP2,2,2_7,17,4,,890,1154,2008,,4,update_missing,,,source_missing_leave_unchanged
GAZP2,2,2_7,17,4,,891,1155,2008,,4,update_missing,,,source_missing_leave_unchanged
GAZP2,2,2_7,17,4,,892,1156,2008,,4,update_missing,,,source_missing_leave_unchanged
GAZP2,2,2_7,17,4,,893,1157,2008,,4,update_missing,,,source_missing_leave_unchanged
GAZP2,2,2_7,17,4,,894,1158,2008,,4,update_missing,,,source_missing_leave_unchanged
GAZP2,2,2_7,17,4,,895,1159,2008,,4,update_missing,,,source_missing_leave_unchanged
GAZP2,2,2_7,17,4,,896,1160,2008,,4,update_missing,,,source_missing_leave_unchanged
GAZP2,2,2_7,17,4,,897,1161,2008,,4,update_missing,,,source_missing_leave_unchanged
GAZP2,2,2_7,25,7,,890,1162,2008,,7,update_missing,,,source_missing_leave_unchanged
GAZP2,2,2_7,25,7,,891,1163,2008,,7,update_missing,,,source_missing_leave_unchanged
GAZP2,2,2_7,25,7,,892,1164,2008,,7,update_missing,,,source_missing_leave_unchanged
GAZP2,2,2_7,25,7,,893,1165,2008,,7,update_missing,,,source_missing_leave_unchanged
GAZP2,2,2_7,25,7,,894,1166,2008,,7,update_missing,,,source_missing_leave_unchanged
GAZP2,2,2_7,25,7,,895,1167,2008,,7,update_missing,,,source_missing_leave_unchanged
GAZP2,2,2_7,25,7,,896,1168,2008,,7,update_missing,,,source_missing_leave_unchanged
GAZP2,2,2_7,25,7,,897,1169,2008,,7,update_missing,,,source_missing_leave_unchanged
GAZP2,2,2_8,17,4,,898,1170,2008,,4,update_missing,,,source_missing_leave_unchanged
GAZP2,2,2_8,17,4,,899,1171,2008,,4,update_missing,,,source_missing_leave_unchanged
GAZP2,2,2_8,17,4,,900,1172,2008,,4,update_missing,,,source_missing_leave_unchanged
GAZP2,2,2_8,17,4,,901,1173,2008,,4,update_missing,,,source_missing_leave_unchanged
GAZP2,2,2_8,17,4,,902,1174,2008,,4,update_missing,,,source_missing_leave_unchanged
GAZP2,2,2_8,17,4,,903,1175,2008,,4,update_missing,,,source_missing_leave_unchanged
GAZP2,2,2_8,17,4,,904,1176,2008,,4,update_missing,,,source_missing_leave_unchanged
GAZP2,2,2_8,17,4,,905,1177,2008,,4,update_missing,,,source_missing_leave_unchanged
GAZP2,2,2_8,25,7,,898,1178,2008,,7,update_missing,,,source_missing_leave_unchanged
GAZP2,2,2_8,25,7,,899,1179,2008,,7,update_missing,,,source_missing_leave_unchanged
GAZP2,2,2_8,25,7,,900,1180,2008,,7,update_missing,,,source_missing_leave_unchanged
GAZP2,2,2_8,25,7,,901,1181,2008,,7,update_missing,,,source_missing_leave_unchanged
GAZP2,2,2_8,25,7,,902,1182,2008,,7,update_missing,,,source_missing_leave_unchanged
GAZP2,2,2_8,25,7,,903,1183,2008,,7,update_missing,,,source_missing_leave_unchanged
GAZP2,2,2_8,25,7,,904,1184,2008,,7,update_missing,,,source_missing_leave_unchanged
GAZP2,2,2_8,25,7,,905,1185,2008,,7,update_missing,,,source_missing_leave_unchanged
GAZP2,2,2_9,17,4,,906,1186,2008,,4,update_missing,,,source_missing_leave_unchanged
GAZP2,2,2_9,17,4,,907,1187,2008,,4,update_missing,,,source_missing_leave_unchanged
GAZP2,2,2_9,17,4,,908,1188,2008,,4,update_missing,,,source_missing_leave_unchanged
GAZP2,2,2_9,17,4,,909,1189,2008,,4,update_missing,,,source_missing_leave_unchanged
GAZP2,2,2_9,17,4,,910,1190,2008,,4,update_missing,,,source_missing_leave_unchanged
GAZP2,2,2_9,17,4,,911,1191,2008,,4,update_missing,,,source_missing_leave_unchanged
GAZP2,2,2_9,17,4,,912,1192,2008,,4,update_missing,,,source_missing_leave_unchanged
GAZP2,2,2_9,17,4,,913,1193,2008,,4,update_missing,,,source_missing_leave_unchanged
GAZP2,2,2_9,25,7,,906,1194,2008,,7,update_missing,,,source_missing_leave_unchanged
GAZP2,2,2_9,25,7,,907,1195,2008,,7,update_missing,,,source_missing_leave_unchanged
GAZP2,2,2_9,25,7,,908,1196,2008,,7,update_missing,,,source_missing_leave_unchanged
GAZP2,2,2_9,25,7,,909,1197,2008,,7,update_missing,,,source_missing_leave_unchanged
GAZP2,2,2_9,25,7,,910,1198,2008,,7,update_missing,,,source_missing_leave_unchanged
GAZP2,2,2_9,25,7,,911,1199,2008,,7,update_missing,,,source_missing_leave_unchanged
GAZP2,2,2_9,25,7,,912,1200,2008,,7,update_missing,,,source_missing_leave_unchanged
GAZP2,2,2_9,25,7,,913,1201,2008,,7,update_missing,,,source_missing_leave_unchanged
GAZP3,3,3_1,12,3,,914,1202,2008,,3,update_missing,,,source_missing_leave_unchanged
GAZP3,3,3_1,12,3,,915,1203,2008,,3,update_missing,,,source_missing_leave_unchanged
GAZP3,3,3_1,12,3,,916,1204,2008,,3,update_missing,,,source_missing_leave_unchanged
GAZP3,3,3_1,12,3,,917,1205,2008,,3,update_missing,,,source_missing_leave_unchanged
GAZP3,3,3_1,12,3,,918,1206,2008,,3,update_missing,,,source_missing_leave_unchanged
GAZP3,3,3_1,12,3,,919,1207,2008,,3,update_missing,,,source_missing_leave_unchanged
GAZP3,3,3_1,12,3,,920,1208,2008,,3,update_missing,,,source_missing_leave_unchanged
GAZP3,3,3_1,12,3,,921,1209,2008,,3,update_missing,,,source_missing_leave_unchanged
GAZP3,3,3_1,12,3,,922,1210,2008,,3,update_missing,,,source_missing_leave_unchanged
GAZP3,3,3_1,24,6,,914,1211,2008,,6,update_missing,,,source_missing_leave_unchanged
GAZP3,3,3_1,24,6,,915,1212,2008,,6,update_missing,,,source_missing_leave_unchanged
GAZP3,3,3_1,24,6,,916,1213,2008,,6,update_missing,,,source_missing_leave_unchanged
GAZP3,3,3_1,24,6,,917,1214,2008,,6,update_missing,,,source_missing_leave_unchanged
GAZP3,3,3_1,24,6,,918,1215,2008,,6,update_missing,,,source_missing_leave_unchanged
GAZP3,3,3_1,24,6,,919,1216,2008,,6,update_missing,,,source_missing_leave_unchanged
GAZP3,3,3_1,24,6,,920,1217,2008,,6,update_missing,,,source_missing_leave_unchanged
GAZP3,3,3_1,24,6,,921,1218,2008,,6,update_missing,,,source_missing_leave_unchanged
GAZP3,3,3_1,24,6,,922,1219,2008,,6,update_missing,,,source_missing_leave_unchanged
GAZP3,3,3_1,76,6,,914,1220,2009,,6,update_missing,,,source_missing_leave_unchanged
GAZP3,3,3_1,76,6,,915,1221,2009,,6,update_missing,,,source_missing_leave_unchanged
GAZP3,3,3_1,76,6,,916,1222,2009,,6,update_missing,,,source_missing_leave_unchanged
GAZP3,3,3_1,76,6,,917,1223,2009,,6,update_missing,,,source_missing_leave_unchanged
GAZP3,3,3_1,76,6,,918,1224,2009,,6,update_missing,,,source_missing_leave_unchanged
GAZP3,3,3_1,76,6,,919,1225,2009,,6,update_missing,,,source_missing_leave_unchanged
GAZP3,3,3_1,76,6,,920,1226,2009,,6,update_missing,,,source_missing_leave_unchanged
GAZP3,3,3_1,76,6,,921,1227,2009,,6,update_missing,,,source_missing_leave_unchanged
GAZP3,3,3_1,76,6,,922,1228,2009,,6,update_missing,,,source_missing_leave_unchanged
GAZP3,3,3_2,12,3,,923,1229,2009,,3,update_missing,,,source_missing_leave_unchanged
GAZP3,3,3_2,12,3,,924,1230,2009,,3,update_missing,,,source_missing_leave_unchanged
GAZP3,3,3_2,12,3,,925,1231,2009,,3,update_missing,,,source_missing_leave_unchanged
GAZP3,3,3_2,12,3,,926,1232,2009,,3,update_missing,,,source_missing_leave_unchanged
GAZP3,3,3_2,12,3,,927,1233,2009,,3,update_missing,,,source_missing_leave_unchanged
GAZP3,3,3_2,12,3,,928,1234,2009,,3,update_missing,,,source_missing_leave_unchanged
GAZP3,3,3_2,12,3,,929,1235,2009,,3,update_missing,,,source_missing_leave_unchanged
GAZP3,3,3_2,12,3,,930,1236,2009,,3,update_missing,,,source_missing_leave_unchanged
GAZP3,3,3_2,12,3,,931,1237,2009,,3,update_missing,,,source_missing_leave_unchanged
GAZP3,3,3_2,24,6,,923,1238,2009,,6,update_missing,,,source_missing_leave_unchanged
GAZP3,3,3_2,24,6,,924,1239,2009,,6,update_missing,,,source_missing_leave_unchanged
GAZP3,3,3_2,24,6,,925,1240,2009,,6,update_missing,,,source_missing_leave_unchanged
GAZP3,3,3_2,24,6,,926,1241,2009,,6,update_missing,,,source_missing_leave_unchanged
GAZP3,3,3_2,24,6,,927,1242,2009,,6,update_missing,,,source_missing_leave_unchanged
GAZP3,3,3_2,24,6,,928,1243,2009,,6,update_missing,,,source_missing_leave_unchanged
GAZP3,3,3_2,24,6,,929,1244,2009,,6,update_missing,,,source_missing_leave_unchanged
GAZP3,3,3_2,24,6,,930,1245,2009,,6,update_missing,,,source_missing_leave_unchanged
GAZP3,3,3_2,24,6,,931,1246,2009,,6,update_missing,,,source_missing_leave_unchanged
GAZP3,3,3_2,76,6,,923,1247,2010,,6,update_missing,,,source_missing_leave_unchanged
GAZP3,3,3_2,76,6,,924,1248,2010,,6,update_missing,,,source_missing_leave_unchanged
GAZP3,3,3_2,76,6,,925,1249,2010,,6,update_missing,,,source_missing_leave_unchanged
GAZP3,3,3_2,76,6,,926,1250,2010,,6,update_missing,,,source_missing_leave_unchanged
GAZP3,3,3_2,76,6,,927,1251,2010,,6,update_missing,,,source_missing_leave_unchanged
GAZP3,3,3_2,76,6,,928,1252,2010,,6,update_missing,,,source_missing_leave_unchanged
GAZP3,3,3_2,76,6,,929,1253,2010,,6,update_missing,,,source_missing_leave_unchanged
GAZP3,3,3_2,76,6,,930,1254,2010,,6,update_missing,,,source_missing_leave_unchanged
GAZP3,3,3_2,76,6,,931,1255,2010,,6,update_missing,,,source_missing_leave_unchanged
GAZP3,3,3_3,12,3,,932,1256,2010,,3,update_missing,,,source_missing_leave_unchanged
GAZP3,3,3_3,12,3,,933,1257,2010,,3,update_missing,,,source_missing_leave_unchanged
GAZP3,3,3_3,12,3,,934,1258,2010,,3,update_missing,,,source_missing_leave_unchanged
GAZP3,3,3_3,12,3,,935,1259,2010,,3,update_missing,,,source_missing_leave_unchanged
GAZP3,3,3_3,12,3,,936,1260,2010,,3,update_missing,,,source_missing_leave_unchanged
GAZP3,3,3_3,12,3,,937,1261,2010,,3,update_missing,,,source_missing_leave_unchanged
GAZP3,3,3_3,12,3,,938,1262,2010,,3,update_missing,,,source_missing_leave_unchanged
GAZP3,3,3_3,12,3,,939,1263,2010,,3,update_missing,,,source_missing_leave_unchanged
GAZP3,3,3_3,12,3,,940,1264,2010,,3,update_missing,,,source_missing_leave_unchanged
GAZP3,3,3_3,24,6,,932,1265,2010,,6,update_missing,,,source_missing_leave_unchanged
GAZP3,3,3_3,24,6,,933,1266,2010,,6,update_missing,,,source_missing_leave_unchanged
GAZP3,3,3_3,24,6,,934,1267,2010,,6,update_missing,,,source_missing_leave_unchanged
GAZP3,3,3_3,24,6,,935,1268,2010,,6,update_missing,,,source_missing_leave_unchanged
GAZP3,3,3_3,24,6,,936,1269,2010,,6,update_missing,,,source_missing_leave_unchanged
GAZP3,3,3_3,24,6,,937,1270,2010,,6,update_missing,,,source_missing_leave_unchanged
GAZP3,3,3_3,24,6,,938,1271,2010,,6,update_missing,,,source_missing_leave_unchanged
GAZP3,3,3_3,24,6,,939,1272,2010,,6,update_missing,,,source_missing_leave_unchanged
GAZP3,3,3_3,24,6,,940,1273,2010,,6,update_missing,,,source_missing_leave_unchanged
GAZP3,3,3_3,76,6,,932,1274,2011,,6,update_missing,,,source_missing_leave_unchanged
GAZP3,3,3_3,76,6,,933,1275,2011,,6,update_missing,,,source_missing_leave_unchanged
GAZP3,3,3_3,76,6,,934,1276,2011,,6,update_missing,,,source_missing_leave_unchanged
GAZP3,3,3_3,76,6,,935,1277,2011,,6,update_missing,,,source_missing_leave_unchanged
GAZP3,3,3_3,76,6,,936,1278,2011,,6,update_missing,,,source_missing_leave_unchanged
GAZP3,3,3_3,76,6,,937,1279,2011,,6,update_missing,,,source_missing_leave_unchanged
GAZP3,3,3_3,76,6,,938,1280,2011,,6,update_missing,,,source_missing_leave_unchanged
GAZP3,3,3_3,76,6,,939,1281,2011,,6,update_missing,,,source_missing_leave_unchanged
GAZP3,3,3_3,76,6,,940,1282,2011,,6,update_missing,,,source_missing_leave_unchanged
