Plot,Rep,Month,Year,Treatment,Site,Nurse,RP,Region,A_can,D_his,E_cal,E_mic,H_ham,H_dis,I_spp,L_ser,L_gna,P_inc,P_con,P_div,P_glo,Pt_inc,S_rug,T_fru,T_his,W_muc
LF1_ALIVE1,1,Aug,2013,ALIVE,LF1,FALSE,ALIVE,LF,0,0,0,0,0,0,0,0,0,0,0,0,0,0,0,0,0,0
LF1_ALIVE1,1,Aug,2014,ALIVE,LF1,FALSE,ALIVE,LF,0,0,0,0,0,0,0,0,6,0,0,0,0,0,0,0,0,0
LF1_ALIVE1,1,Aug,2015,ALIVE,LF1,FALSE,ALIVE,LF,0,0,0,0,0,0,0,0,12,0,0,0,0,0,0,0,0,0
LF1_ALIVE1,1,Nov,2013,ALIVE,LF1,FALSE,ALIVE,LF,0,0,0,0,0,0,0,0,0,0,0,0,0,0,0,0,0,0
LF1_ALIVE1,1,Nov,2014,ALIVE,LF1,FALSE,ALIVE,LF,0,0,0,1,0,0,0,0,4,0,0,0,0,0,0,0,0,1
LF1_ALIVE1,1,Nov,2015,ALIVE,LF1,FALSE,ALIVE,LF,0,0,0,1,0,0,0,0,12,0,0,0,0,0,0,0,0,0
LF1_ALIVE10,10,Aug,2013,ALIVE,LF1,FALSE,ALIVE,LF,0,0,0,0,0,0,0,0,0,0,0,0,0,0,0,0,0,0
LF1_ALIVE10,10,Aug,2014,ALIVE,LF1,FALSE,ALIVE,LF,0,0,0,1,0,0,0,0,0,0,1,0,0,0,0,0,0,0
LF1_ALIVE10,10,Aug,2015,ALIVE,LF1,FALSE,ALIVE,LF,0,0,0,1,0,0,0,0,1,0,0,0,0,0,0,0,0,0
LF1_ALIVE10,10,Nov,2013,ALIVE,LF1,FALSE,ALIVE,LF,0,0,0,0,0,0,0,0,0,0,0,0,0,0,0,0,0,0
LF1_ALIVE10,10,Nov,2014,ALIVE,LF1,FALSE,ALIVE,LF,0,0,0,1,0,0,0,0,1,0,1,0,0,0,0,0,0,0
LF1_ALIVE10,10,Nov,2015,ALIVE,LF1,FALSE,ALIVE,LF,0,0,0,1,0,0,0,0,2,0,1,0,0,0,0,0,0,0
LF1_ALIVE11,11,Aug,2013,ALIVE,LF1,FALSE,ALIVE,LF,0,0,0,0,0,0,0,0,0,0,0,0,0,0,0,0,0,0
LF1_ALIVE11,11,Aug,2014,ALIVE,LF1,FALSE,ALIVE,LF,0,0,0,0,0,0,0,0,0,0,0,0,0,0,0,0,0,0
LF1_ALIVE11,11,Aug,2015,ALIVE,LF1,FALSE,ALIVE,LF,0,0,0,0,0,0,0,0,0,0,0,0,0,0,0,0,0,0
LF1_ALIVE11,11,Nov,2013,ALIVE,LF1,FALSE,ALIVE,LF,0,0,0,0,0,0,0,0,0,0,0,0,0,0,0,0,0,0
LF1_ALIVE11,11,Nov,2014,ALIVE,LF1,FALSE,ALIVE,LF,0,0,0,0,0,0,0,0,0,0,0,0,0,0,0,0,0,0
LF1_ALIVE11,11,Nov,2015,ALIVE,LF1,FALSE,ALIVE,LF,0,0,0,0,0,0,0,0,0,0,0,0,0,0,0,0,0,0
LF1_ALIVE12,12,Aug,2013,ALIVE,LF1,FALSE,ALIVE,LF,0,0,0,0,0,0,0,0,0,0,0,0,0,0,0,0,0,0
LF1_ALIVE12,12,Aug,2014,ALIVE,LF1,FALSE,ALIVE,LF,0,0,0,0,0,0,0,0,0,0,0,0,0,0,0,0,0,1
LF1_ALIVE12,12,Aug,2015,ALIVE,LF1,FALSE,ALIVE,LF,0,0,0,0,0,0,0,0,10,0,1,0,0,0,0,0,0,0
LF1_ALIVE12,12,Nov,2013,ALIVE,LF1,FALSE,ALIVE,LF,0,0,0,0,0,0,0,0,0,0,0,0,0,0,0,0,0,1
LF1_ALIVE12,12,Nov,2014,ALIVE,LF1,FALSE,ALIVE,LF,0,0,0,0,0,0,0,0,2,0,0,0,0,0,0,0,0,1
LF1_ALIVE12,12,Nov,2015,ALIVE,LF1,FALSE,ALIVE,LF,0,0,0,0,0,0,0,0,4,0,1,0,0,0,0,0,0,1
LF1_ALIVE13,13,Aug,2013,ALIVE,LF1,FALSE,ALIVE,LF,0,0,0,0,0,0,0,0,0,0,0,4,0,0,0,0,0,1
LF1_ALIVE13,13,Aug,2014,ALIVE,LF1,FALSE,ALIVE,LF,0,0,0,1,0,0,0,0,0,0,2,0,0,0,0,0,0,0
LF1_ALIVE13,13,Aug,2015,ALIVE,LF1,FALSE,ALIVE,LF,0,0,0,0,0,0,0,0,3,0,2,0,0,0,0,0,1,1
LF1_ALIVE13,13,Nov,2013,ALIVE,LF1,FALSE,ALIVE,LF,0,0,0,0,0,0,0,0,0,0,0,0,0,0,0,0,0,0
LF1_ALIVE13,13,Nov,2014,ALIVE,LF1,FALSE,ALIVE,LF,0,0,0,0,0,0,0,0,2,0,0,0,0,0,0,0,1,1
LF1_ALIVE13,13,Nov,2015,ALIVE,LF1,FALSE,ALIVE,LF,0,0,0,0,0,0,0,0,3,0,2,0,0,0,0,0,0,1
LF1_ALIVE14,14,Aug,2013,ALIVE,LF1,FALSE,ALIVE,LF,0,0,0,0,0,0,0,0,0,0,0,0,0,0,0,0,0,0
LF1_ALIVE14,14,Aug,2014,ALIVE,LF1,FALSE,ALIVE,LF,0,0,1,1,0,0,0,0,1,0,1,0,0,0,0,0,0,0
LF1_ALIVE14,14,Aug,2015,ALIVE,LF1,FALSE,ALIVE,LF,0,0,1,2,0,0,0,0,8,0,2,0,0,0,0,0,0,0
LF1_ALIVE14,14,Nov,2013,ALIVE,LF1,FALSE,ALIVE,LF,0,0,0,0,0,0,0,0,0,0,0,0,0,0,0,0,0,0
LF1_ALIVE14,14,Nov,2014,ALIVE,LF1,FALSE,ALIVE,LF,0,0,1,1,0,0,0,0,4,0,0,0,0,0,0,0,0,0
LF1_ALIVE14,14,Nov,2015,ALIVE,LF1,FALSE,ALIVE,LF,0,0,0,3,0,0,0,0,8,0,2,0,0,0,0,0,0,0
LF1_ALIVE15,15,Aug,2013,ALIVE,LF1,FALSE,ALIVE,LF,0,0,0,0,0,0,0,0,0,0,0,0,0,0,0,0,0,0
LF1_ALIVE15,15,Aug,2014,ALIVE,LF1,FALSE,ALIVE,LF,0,0,0,0,0,0,0,0,0,0,0,0,0,0,0,0,0,0
LF1_ALIVE15,15,Aug,2015,ALIVE,LF1,FALSE,ALIVE,LF,0,0,0,0,0,0,0,0,2,0,0,0,0,0,0,0,0,0
LF1_ALIVE15,15,Nov,2013,ALIVE,LF1,FALSE,ALIVE,LF,0,0,0,0,0,0,0,0,0,0,0,0,0,0,0,0,0,0
LF1_ALIVE15,15,Nov,2014,ALIVE,LF1,FALSE,ALIVE,LF,0,0,0,0,0,0,0,0,3,0,1,0,0,0,0,0,0,0
LF1_ALIVE15,15,Nov,2015,ALIVE,LF1,FALSE,ALIVE,LF,0,0,0,0,0,0,0,0,2,0,0,0,0,0,0,0,0,0
LF1_ALIVE2,2,Aug,2013,ALIVE,LF1,FALSE,ALIVE,LF,0,0,0,0,0,0,0,0,0,0,0,0,0,0,0,0,0,0
LF1_ALIVE2,2,Aug,2014,ALIVE,LF1,FALSE,ALIVE,LF,0,0,0,1,0,0,0,0,1,0,0,0,0,0,0,0,0,0
LF1_ALIVE2,2,Aug,2015,ALIVE,LF1,FALSE,ALIVE,LF,0,0,1,2,0,0,0,0,1,0,0,0,0,0,0,0,0,0
LF1_ALIVE2,2,Nov,2013,ALIVE,LF1,FALSE,ALIVE,LF,0,0,1,0,0,0,0,0,0,0,0,0,0,0,0,0,0,0
LF1_ALIVE2,2,Nov,2014,ALIVE,LF1,FALSE,ALIVE,LF,0,0,0,2,0,0,0,0,2,0,0,0,0,0,0,0,0,0
LF1_ALIVE2,2,Nov,2015,ALIVE,LF1,FALSE,ALIVE,LF,0,0,0,2,0,0,0,0,1,0,0,0,0,0,0,0,0,0
LF1_ALIVE3,3,Aug,2013,ALIVE,LF1,FALSE,ALIVE,LF,0,0,0,0,0,0,0,0,0,0,0,0,0,0,0,0,0,0
LF1_ALIVE3,3,Aug,2014,ALIVE,LF1,FALSE,ALIVE,LF,0,0,0,0,0,0,0,0,4,0,2,0,0,0,0,0,0,0
LF1_ALIVE3,3,Aug,2015,ALIVE,LF1,FALSE,ALIVE,LF,0,0,0,0,0,0,0,0,3,0,4,0,0,0,0,0,0,0
LF1_ALIVE3,3,Nov,2013,ALIVE,LF1,FALSE,ALIVE,LF,0,0,0,0,0,0,0,0,0,0,0,0,0,0,0,0,0,0
LF1_ALIVE3,3,Nov,2014,ALIVE,LF1,FALSE,ALIVE,LF,0,0,0,0,0,0,0,0,4,0,2,0,0,0,0,0,1,0
LF1_ALIVE3,3,Nov,2015,ALIVE,LF1,FALSE,ALIVE,LF,0,0,0,0,0,0,0,0,5,0,4,0,0,0,0,0,1,0
LF1_ALIVE4,4,Aug,2013,ALIVE,LF1,FALSE,ALIVE,LF,0,0,0,0,0,0,0,0,0,0,0,0,0,0,0,0,0,0
LF1_ALIVE4,4,Aug,2014,ALIVE,LF1,FALSE,ALIVE,LF,0,0,0,0,0,0,0,0,7,0,0,0,0,0,0,0,0,0
LF1_ALIVE4,4,Aug,2015,ALIVE,LF1,FALSE,ALIVE,LF,0,0,0,0,0,0,0,0,4,0,0,0,0,0,0,0,0,0
LF1_ALIVE4,4,Nov,2013,ALIVE,LF1,FALSE,ALIVE,LF,0,0,0,0,0,0,0,0,0,0,0,0,0,0,0,0,0,0
LF1_ALIVE4,4,Nov,2014,ALIVE,LF1,FALSE,ALIVE,LF,0,0,0,0,0,0,0,0,6,0,0,0,0,0,0,0,0,0
LF1_ALIVE4,4,Nov,2015,ALIVE,LF1,FALSE,ALIVE,LF,0,0,0,0,0,0,0,0,5,0,0,0,0,0,0,0,0,0
LF1_ALIVE5,5,Aug,2013,ALIVE,LF1,FALSE,ALIVE,LF,0,0,0,0,0,0,0,0,0,0,0,0,0,0,0,0,0,0
LF1_ALIVE5,5,Aug,2014,ALIVE,LF1,FALSE,ALIVE,LF,0,0,0,0,0,0,0,0,7,0,3,0,0,0,0,0,2,0
LF1_ALIVE5,5,Aug,2015,ALIVE,LF1,FALSE,ALIVE,LF,0,0,0,1,0,0,0,0,1,0,1,0,0,0,0,0,0,0
LF1_ALIVE5,5,Nov,2013,ALIVE,LF1,FALSE,ALIVE,LF,0,0,0,0,0,0,0,0,0,0,0,0,0,0,0,0,0,0
LF1_ALIVE5,5,Nov,2014,ALIVE,LF1,FALSE,ALIVE,LF,0,0,0,0,0,0,0,0,5,0,2,0,0,0,0,0,3,0
LF1_ALIVE5,5,Nov,2015,ALIVE,LF1,FALSE,ALIVE,LF,0,0,0,1,0,0,0,0,5,0,1,0,0,0,0,0,0,0
LF1_ALIVE6,6,Aug,2013,ALIVE,LF1,FALSE,ALIVE,LF,0,0,0,0,0,0,0,0,0,0,0,0,0,0,0,0,0,0
LF1_ALIVE6,6,Aug,2014,ALIVE,LF1,FALSE,ALIVE,LF,0,0,0,0,0,0,0,0,4,0,1,0,0,0,0,0,0,1
LF1_ALIVE6,6,Aug,2015,ALIVE,LF1,FALSE,ALIVE,LF,0,0,0,1,0,0,0,0,7,0,1,0,0,0,0,0,1,1
LF1_ALIVE6,6,Nov,2013,ALIVE,LF1,FALSE,ALIVE,LF,0,0,0,0,0,0,0,0,0,0,0,0,0,0,0,0,0,0
LF1_ALIVE6,6,Nov,2014,ALIVE,LF1,FALSE,ALIVE,LF,0,0,0,0,0,0,0,0,3,0,1,0,0,0,0,0,1,0
LF1_ALIVE6,6,Nov,2015,ALIVE,LF1,FALSE,ALIVE,LF,0,0,0,1,0,0,0,0,2,0,1,0,0,0,0,0,2,1
LF1_ALIVE7,7,Aug,2013,ALIVE,LF1,FALSE,ALIVE,LF,0,0,0,0,0,0,0,0,0,0,0,0,0,0,0,0,0,0
LF1_ALIVE7,7,Aug,2014,ALIVE,LF1,FALSE,ALIVE,LF,0,0,0,0,0,0,0,0,0,0,3,0,0,0,0,0,1,0
LF1_ALIVE7,7,Aug,2015,ALIVE,LF1,FALSE,ALIVE,LF,0,0,0,1,0,0,0,0,0,0,1,0,0,0,0,0,0,0
LF1_ALIVE7,7,Nov,2013,ALIVE,LF1,FALSE,ALIVE,LF,0,0,0,0,0,0,0,0,0,0,0,0,0,0,0,0,0,0
LF1_ALIVE7,7,Nov,2014,ALIVE,LF1,FALSE,ALIVE,LF,0,0,0,1,0,0,0,0,0,0,2,0,0,0,0,0,0,0
LF1_ALIVE7,7,Nov,2015,ALIVE,LF1,FALSE,ALIVE,LF,0,0,0,1,0,0,0,0,1,0,2,0,0,0,0,0,1,0
LF1_ALIVE8,8,Aug,2013,ALIVE,LF1,FALSE,ALIVE,LF,0,0,0,0,0,0,0,0,0,0,0,0,0,0,0,0,0,2
LF1_ALIVE8,8,Aug,2014,ALIVE,LF1,FALSE,ALIVE,LF,0,0,0,0,0,0,0,0,7,0,0,0,0,0,0,0,2,1
LF1_ALIVE8,8,Aug,2015,ALIVE,LF1,FALSE,ALIVE,LF,0,0,0,0,0,0,0,0,5,0,0,0,0,0,0,0,0,1
LF1_ALIVE8,8,Nov,2013,ALIVE,LF1,FALSE,ALIVE,LF,0,0,0,0,0,0,0,0,0,0,0,0,0,0,0,0,0,0
LF1_ALIVE8,8,Nov,2014,ALIVE,LF1,FALSE,ALIVE,LF,0,0,0,0,0,0,0,0,9,0,0,0,0,0,0,0,2,1
LF1_ALIVE8,8,Nov,2015,ALIVE,LF1,FALSE,ALIVE,LF,0,0,0,0,0,0,0,0,2,0,0,0,0,0,0,0,2,2
LF1_ALIVE9,9,Aug,2013,ALIVE,LF1,FALSE,ALIVE,LF,0,0,0,0,0,0,0,0,0,0,0,0,0,0,0,0,0,0
LF1_ALIVE9,9,Aug,2014,ALIVE,LF1,FALSE,ALIVE,LF,0,0,0,0,0,0,0,0,5,0,0,0,0,0,0,0,0,0
LF1_ALIVE9,9,Aug,2015,ALIVE,LF1,FALSE,ALIVE,LF,0,0,0,0,0,0,0,0,8,0,0,0,0,0,0,0,2,0
LF1_ALIVE9,9,Nov,2013,ALIVE,LF1,FALSE,ALIVE,LF,0,0,0,0,0,0,0,0,0,0,0,0,0,0,0,0,0,0
LF1_ALIVE9,9,Nov,2014,ALIVE,LF1,FALSE,ALIVE,LF,0,0,0,0,0,0,0,0,3,0,0,0,0,0,0,0,0,0
LF1_ALIVE9,9,Nov,2015,ALIVE,LF1,FALSE,ALIVE,LF,0,0,0,0,0,0,0,0,8,0,0,0,0,0,0,0,2,0
LF2_ALIVE1,16,Aug,2013,ALIVE,LF2,FALSE,ALIVE,LF,0,0,0,0,0,0,0,0,0,0,0,0,0,0,0,0,0,0
LF2_ALIVE1,16,Aug,2014,ALIVE,LF2,FALSE,ALIVE,LF,0,0,0,0,0,0,0,0,2,0,0,0,0,0,0,0,0,0
LF2_ALIVE1,16,Aug,2015,ALIVE,LF2,FALSE,ALIVE,LF,0,0,0,0,0,0,0,0,2,0,0,0,0,0,0,0,2,0
LF2_ALIVE1,16,Nov,2013,ALIVE,LF2,FALSE,ALIVE,LF,0,0,0,0,0,0,0,0,0,0,0,0,0,0,0,0,0,0
LF2_ALIVE1,16,Nov,2014,ALIVE,LF2,FALSE,ALIVE,LF,0,0,0,0,0,0,0,0,1,0,0,0,0,0,0,0,2,0
LF2_ALIVE1,16,Nov,2015,ALIVE,LF2,FALSE,ALIVE,LF,0,0,0,0,0,0,0,0,3,0,0,0,0,0,0,0,2,0
LF2_ALIVE10,25,Aug,2013,ALIVE,LF2,FALSE,ALIVE,LF,0,0,0,0,0,0,0,0,0,0,0,0,0,0,0,0,0,0
LF2_ALIVE10,25,Aug,2014,ALIVE,LF2,FALSE,ALIVE,LF,0,0,0,0,0,0,0,0,0,0,0,0,0,0,0,0,0,0
LF2_ALIVE10,25,Aug,2015,ALIVE,LF2,FALSE,ALIVE,LF,0,0,0,1,0,0,0,0,2,0,0,0,0,0,0,0,0,0
LF2_ALIVE10,25,Nov,2013,ALIVE,LF2,FALSE,ALIVE,LF,0,0,0,0,0,0,0,0,0,0,0,0,0,0,0,0,0,0
LF2_ALIVE10,25,Nov,2014,ALIVE,LF2,FALSE,ALIVE,LF,0,0,0,0,0,0,0,0,0,0,0,0,0,0,0,0,0,0
LF2_ALIVE10,25,Nov,2015,ALIVE,LF2,FALSE,ALIVE,LF,0,0,0,1,0,0,0,0,1,0,0,0,0,0,0,0,0,0
LF2_ALIVE11,26,Aug,2013,ALIVE,LF2,FALSE,ALIVE,LF,0,0,0,0,0,0,0,0,0,0,0,0,0,0,0,0,0,0
LF2_ALIVE11,26,Aug,2014,ALIVE,LF2,FALSE,ALIVE,LF,0,0,0,0,0,0,0,0,1,0,0,0,0,0,0,0,1,1
LF2_ALIVE11,26,Aug,2015,ALIVE,LF2,FALSE,ALIVE,LF,0,0,0,0,0,0,0,0,0,0,0,0,0,0,0,0,1,1
LF2_ALIVE11,26,Nov,2013,ALIVE,LF2,FALSE,ALIVE,LF,0,0,0,0,0,0,0,0,0,0,0,0,0,0,0,0,0,1
LF2_ALIVE11,26,Nov,2014,ALIVE,LF2,FALSE,ALIVE,LF,0,0,0,0,0,0,0,0,0,0,0,0,0,0,0,0,1,1
LF2_ALIVE11,26,Nov,2015,ALIVE,LF2,FALSE,ALIVE,LF,0,0,0,0,0,0,0,0,1,0,0,0,0,0,0,0,1,1
LF2_ALIVE12,27,Aug,2013,ALIVE,LF2,FALSE,ALIVE,LF,0,0,0,0,0,0,0,0,0,0,0,0,0,0,0,0,0,0
LF2_ALIVE12,27,Aug,2014,ALIVE,LF2,FALSE,ALIVE,LF,0,0,0,0,0,0,0,0,1,0,0,0,0,0,0,0,3,0
LF2_ALIVE12,27,Aug,2015,ALIVE,LF2,FALSE,ALIVE,LF,0,0,0,0,0,0,0,0,0,0,0,0,0,0,0,0,3,0
LF2_ALIVE12,27,Nov,2013,ALIVE,LF2,FALSE,ALIVE,LF,0,0,0,0,0,0,0,0,0,0,0,0,0,0,0,0,0,0
LF2_ALIVE12,27,Nov,2014,ALIVE,LF2,FALSE,ALIVE,LF,0,0,0,0,0,0,0,0,2,0,0,0,0,0,0,0,6,0
LF2_ALIVE12,27,Nov,2015,ALIVE,LF2,FALSE,ALIVE,LF,0,0,0,0,0,0,0,0,0,0,0,0,0,0,0,0,3,0
LF2_ALIVE13,28,Aug,2013,ALIVE,LF2,FALSE,ALIVE,LF,0,0,0,0,0,0,0,0,0,0,0,0,0,0,0,0,0,0
LF2_ALIVE13,28,Aug,2014,ALIVE,LF2,FALSE,ALIVE,LF,0,0,0,0,0,0,0,0,0,0,0,0,0,0,0,0,0,0
LF2_ALIVE13,28,Aug,2015,ALIVE,LF2,FALSE,ALIVE,LF,0,0,0,0,0,0,0,0,0,0,0,0,0,0,0,0,3,0
LF2_ALIVE13,28,Nov,2013,ALIVE,LF2,FALSE,ALIVE,LF,0,0,0,0,0,0,0,0,0,0,0,0,0,0,0,0,0,0
LF2_ALIVE13,28,Nov,2014,ALIVE,LF2,FALSE,ALIVE,LF,0,0,0,0,0,0,0,0,0,0,0,0,0,0,0,0,1,0
LF2_ALIVE13,28,Nov,2015,ALIVE,LF2,FALSE,ALIVE,LF,0,0,0,0,0,0,0,0,0,0,0,0,0,0,0,0,1,0
LF2_ALIVE14,29,Aug,2013,ALIVE,LF2,FALSE,ALIVE,LF,0,0,0,0,0,0,0,0,0,0,0,0,0,0,0,0,0,0
LF2_ALIVE14,29,Aug,2014,ALIVE,LF2,FALSE,ALIVE,LF,0,0,0,0,0,0,0,0,0,0,0,0,0,0,0,0,0,0
LF2_ALIVE14,29,Aug,2015,ALIVE,LF2,FALSE,ALIVE,LF,0,0,0,0,0,0,0,0,1,0,0,0,0,0,0,0,0,0
LF2_ALIVE14,29,Nov,2013,ALIVE,LF2,FALSE,ALIVE,LF,0,0,0,0,0,0,0,0,0,0,0,0,0,0,0,0,0,0
LF2_ALIVE14,29,Nov,2014,ALIVE,LF2,FALSE,ALIVE,LF,0,0,0,0,0,0,0,0,1,0,0,0,0,0,0,0,0,0
LF2_ALIVE14,29,Nov,2015,ALIVE,LF2,FALSE,ALIVE,LF,0,0,0,0,0,0,0,0,1,0,0,0,0,0,0,0,0,0
LF2_ALIVE15,30,Aug,2013,ALIVE,LF2,FALSE,ALIVE,LF,0,0,0,0,0,0,0,0,0,0,0,0,0,0,0,0,0,0
LF2_ALIVE15,30,Aug,2014,ALIVE,LF2,FALSE,ALIVE,LF,0,0,0,0,0,0,0,0,0,0,0,0,0,0,0,0,4,0
LF2_ALIVE15,30,Aug,2015,ALIVE,LF2,FALSE,ALIVE,LF,0,0,0,0,0,0,0,0,1,0,0,0,0,0,0,0,5,0
LF2_ALIVE15,30,Nov,2013,ALIVE,LF2,FALSE,ALIVE,LF,0,0,0,0,0,0,0,0,0,0,0,0,0,0,0,0,0,0
LF2_ALIVE15,30,Nov,2014,ALIVE,LF2,FALSE,ALIVE,LF,0,0,0,0,0,0,0,0,4,0,0,0,0,0,0,0,4,0
LF2_ALIVE15,30,Nov,2015,ALIVE,LF2,FALSE,ALIVE,LF,0,0,0,0,0,0,0,0,1,0,0,0,0,0,0,0,7,0
LF2_ALIVE2,17,Aug,2013,ALIVE,LF2,FALSE,ALIVE,LF,0,0,0,0,0,0,0,0,0,0,0,0,0,0,0,0,0,0
LF2_ALIVE2,17,Aug,2014,ALIVE,LF2,FALSE,ALIVE,LF,0,0,0,0,0,0,0,0,0,0,0,0,0,0,0,0,0,1
LF2_ALIVE2,17,Aug,2015,ALIVE,LF2,FALSE,ALIVE,LF,0,0,0,0,0,0,0,0,0,0,0,0,0,0,0,0,0,0
LF2_ALIVE2,17,Nov,2013,ALIVE,LF2,FALSE,ALIVE,LF,0,0,0,0,0,0,0,0,0,0,0,0,0,0,0,0,0,0
LF2_ALIVE2,17,Nov,2014,ALIVE,LF2,FALSE,ALIVE,LF,0,0,0,0,0,0,0,0,0,0,0,0,0,0,0,0,0,0
LF2_ALIVE2,17,Nov,2015,ALIVE,LF2,FALSE,ALIVE,LF,0,0,0,0,0,0,0,0,0,0,0,0,0,0,0,0,0,0
LF2_ALIVE3,18,Aug,2013,ALIVE,LF2,FALSE,ALIVE,LF,0,0,0,0,0,0,0,0,0,0,0,0,1,0,0,0,0,0
LF2_ALIVE3,18,Aug,2014,ALIVE,LF2,FALSE,ALIVE,LF,0,0,0,0,0,0,0,0,3,0,1,0,0,0,0,0,0,0
LF2_ALIVE3,18,Aug,2015,ALIVE,LF2,FALSE,ALIVE,LF,0,0,0,0,0,0,0,0,2,0,0,0,0,0,0,0,1,1
LF2_ALIVE3,18,Nov,2013,ALIVE,LF2,FALSE,ALIVE,LF,0,0,0,0,0,0,0,0,0,0,0,0,0,0,0,0,0,0
LF2_ALIVE3,18,Nov,2014,ALIVE,LF2,FALSE,ALIVE,LF,0,0,0,0,0,0,0,0,1,0,0,0,0,0,0,0,0,0
LF2_ALIVE3,18,Nov,2015,ALIVE,LF2,FALSE,ALIVE,LF,0,0,0,0,0,0,0,0,2,0,0,0,0,0,0,0,1,1
LF2_ALIVE4,19,Aug,2013,ALIVE,LF2,FALSE,ALIVE,LF,0,0,0,0,0,0,0,0,0,0,0,0,0,0,0,0,0,1
LF2_ALIVE4,19,Aug,2014,ALIVE,LF2,FALSE,ALIVE,LF,0,0,0,0,0,0,0,0,0,0,0,0,0,0,0,0,0,0
LF2_ALIVE4,19,Aug,2015,ALIVE,LF2,FALSE,ALIVE,LF,0,0,0,0,0,0,0,0,0,0,0,0,0,0,0,0,0,1
LF2_ALIVE4,19,Nov,2013,ALIVE,LF2,FALSE,ALIVE,LF,0,0,0,0,0,0,0,0,0,0,0,0,0,0,0,0,0,0
LF2_ALIVE4,19,Nov,2014,ALIVE,LF2,FALSE,ALIVE,LF,0,0,0,0,0,0,0,0,3,0,0,0,0,0,0,0,0,0
LF2_ALIVE4,19,Nov,2015,ALIVE,LF2,FALSE,ALIVE,LF,0,0,0,0,0,0,0,0,0,0,0,0,0,0,0,0,0,1
LF2_ALIVE5,20,Aug,2013,ALIVE,LF2,FALSE,ALIVE,LF,0,0,0,0,0,0,0,0,0,0,0,0,0,0,0,0,0,0
LF2_ALIVE5,20,Aug,2014,ALIVE,LF2,FALSE,ALIVE,LF,0,0,0,0,0,0,0,0,0,0,0,0,0,0,0,0,0,0
LF2_ALIVE5,20,Aug,2015,ALIVE,LF2,FALSE,ALIVE,LF,0,0,0,0,0,0,0,0,0,0,0,0,0,0,0,0,1,0
LF2_ALIVE5,20,Nov,2013,ALIVE,LF2,FALSE,ALIVE,LF,0,0,0,0,0,0,0,0,0,0,0,0,0,0,0,0,0,0
LF2_ALIVE5,20,Nov,2014,ALIVE,LF2,FALSE,ALIVE,LF,0,0,0,0,0,0,0,0,0,0,0,0,0,0,0,0,0,0
LF2_ALIVE5,20,Nov,2015,ALIVE,LF2,FALSE,ALIVE,LF,0,0,0,0,0,0,0,0,0,0,0,0,0,0,0,0,1,0
LF2_ALIVE6,21,Aug,2013,ALIVE,LF2,FALSE,ALIVE,LF,0,0,0,0,0,0,0,0,0,0,0,0,0,0,0,0,0,0
LF2_ALIVE6,21,Aug,2014,ALIVE,LF2,FALSE,ALIVE,LF,0,0,0,0,0,0,0,0,2,0,0,0,0,0,0,0,2,0
LF2_ALIVE6,21,Aug,2015,ALIVE,LF2,FALSE,ALIVE,LF,0,0,0,0,0,0,0,0,0,0,0,0,0,0,0,0,0,0
LF2_ALIVE6,21,Nov,2013,ALIVE,LF2,FALSE,ALIVE,LF,0,0,0,0,0,0,0,0,0,0,0,0,0,0,0,0,0,0
LF2_ALIVE6,21,Nov,2014,ALIVE,LF2,FALSE,ALIVE,LF,0,0,0,1,0,0,0,0,7,0,0,0,0,0,0,0,2,1
LF2_ALIVE6,21,Nov,2015,ALIVE,LF2,FALSE,ALIVE,LF,0,0,0,1,0,0,0,0,1,0,0,0,0,0,0,0,2,0
LF2_ALIVE7,22,Aug,2013,ALIVE,LF2,FALSE,ALIVE,LF,0,0,0,0,0,0,0,0,0,0,0,0,0,0,0,0,0,0
LF2_ALIVE7,22,Aug,2014,ALIVE,LF2,FALSE,ALIVE,LF,0,0,0,0,0,0,0,0,1,0,0,0,0,0,0,0,0,0
LF2_ALIVE7,22,Aug,2015,ALIVE,LF2,FALSE,ALIVE,LF,0,0,0,0,0,0,0,0,0,0,0,0,0,0,0,0,0,0
LF2_ALIVE7,22,Nov,2013,ALIVE,LF2,FALSE,ALIVE,LF,0,0,0,0,0,0,0,0,0,0,0,0,0,0,0,0,0,0
LF2_ALIVE7,22,Nov,2014,ALIVE,LF2,FALSE,ALIVE,LF,0,0,0,0,0,0,0,0,0,0,0,0,0,0,0,0,0,0
LF2_ALIVE7,22,Nov,2015,ALIVE,LF2,FALSE,ALIVE,LF,0,0,0,0,0,0,0,0,0,0,0,0,0,0,0,0,0,0
LF2_ALIVE8,23,Aug,2013,ALIVE,LF2,FALSE,ALIVE,LF,0,0,0,0,0,0,0,0,0,0,0,0,0,0,0,0,0,0
LF2_ALIVE8,23,Aug,2014,ALIVE,LF2,FALSE,ALIVE,LF,0,0,0,0,0,0,0,0,1,0,0,0,0,0,0,0,0,0
LF2_ALIVE8,23,Aug,2015,ALIVE,LF2,FALSE,ALIVE,LF,0,0,0,0,0,0,0,0,0,0,0,0,0,0,0,0,0,0
LF2_ALIVE8,23,Nov,2013,ALIVE,LF2,FALSE,ALIVE,LF,0,0,0,0,0,0,0,0,0,0,0,0,0,0,0,0,0,0
LF2_ALIVE8,23,Nov,2014,ALIVE,LF2,FALSE,ALIVE,LF,0,0,0,0,0,0,0,0,1,0,0,0,0,0,0,0,1,0
LF2_ALIVE8,23,Nov,2015,ALIVE,LF2,FALSE,ALIVE,LF,0,0,0,0,0,0,0,0,0,0,0,0,0,0,0,0,0,0
LF2_ALIVE9,24,Aug,2013,ALIVE,LF2,FALSE,ALIVE,LF,0,0,0,0,0,0,0,0,0,0,0,0,0,0,0,0,0,0
LF2_ALIVE9,24,Aug,2014,ALIVE,LF2,FALSE,ALIVE,LF,0,0,0,0,0,0,0,0,0,0,0,0,0,0,0,0,0,0
LF2_ALIVE9,24,Aug,2015,ALIVE,LF2,FALSE,ALIVE,LF,0,0,0,0,0,0,0,0,0,0,0,0,0,0,0,0,0,0
LF2_ALIVE9,24,Nov,2013,ALIVE,LF2,FALSE,ALIVE,LF,0,0,0,0,0,0,0,0,0,0,0,0,0,0,0,0,0,0
LF2_ALIVE9,24,Nov,2014,ALIVE,LF2,FALSE,ALIVE,LF,0,0,0,0,0,0,0,0,0,0,0,0,0,0,0,0,0,0
LF2_ALIVE9,24,Nov,2015,ALIVE,LF2,FALSE,ALIVE,LF,0,0,0,0,0,0,0,0,0,0,0,0,0,0,0,0,0,0
LF3_ALIVE1,31,Aug,2013,ALIVE,LF3,FALSE,ALIVE,LF,0,0,0,0,0,0,0,0,0,0,0,0,0,0,0,0,0,1
LF3_ALIVE1,31,Aug,2014,ALIVE,LF3,FALSE,ALIVE,LF,0,0,0,0,0,0,0,0,1,0,0,0,0,0,0,0,3,0
LF3_ALIVE1,31,Aug,2015,ALIVE,LF3,FALSE,ALIVE,LF,0,0,0,0,0,0,0,0,1,0,0,0,0,0,0,0,5,0
LF3_ALIVE1,31,Nov,2013,ALIVE,LF3,FALSE,ALIVE,LF,0,0,0,0,0,0,0,0,0,0,0,0,0,0,0,0,0,0
LF3_ALIVE1,31,Nov,2014,ALIVE,LF3,FALSE,ALIVE,LF,0,0,0,0,0,0,0,0,0,0,0,0,0,0,0,0,4,0
LF3_ALIVE1,31,Nov,2015,ALIVE,LF3,FALSE,ALIVE,LF,0,0,0,0,0,0,0,0,1,0,0,0,0,0,0,0,3,0
LF3_ALIVE10,40,Aug,2013,ALIVE,LF3,FALSE,ALIVE,LF,0,0,0,0,0,0,0,0,0,0,0,0,0,0,0,0,0,0
LF3_ALIVE10,40,Aug,2014,ALIVE,LF3,FALSE,ALIVE,LF,0,0,0,0,0,0,0,0,0,0,0,0,0,0,0,0,0,0
LF3_ALIVE10,40,Aug,2015,ALIVE,LF3,FALSE,ALIVE,LF,0,0,0,0,0,0,0,0,1,0,2,0,0,0,0,0,0,1
LF3_ALIVE10,40,Nov,2013,ALIVE,LF3,FALSE,ALIVE,LF,0,0,0,0,0,0,0,0,0,0,0,0,0,0,0,0,0,0
LF3_ALIVE10,40,Nov,2014,ALIVE,LF3,FALSE,ALIVE,LF,0,0,0,0,0,0,0,0,1,0,0,0,0,0,0,0,0,0
LF3_ALIVE10,40,Nov,2015,ALIVE,LF3,FALSE,ALIVE,LF,0,0,0,0,0,0,0,0,3,0,1,0,0,0,0,0,1,1
LF3_ALIVE11,41,Aug,2013,ALIVE,LF3,FALSE,ALIVE,LF,0,0,0,0,0,0,0,0,0,0,0,0,0,0,0,0,0,0
LF3_ALIVE11,41,Aug,2014,ALIVE,LF3,FALSE,ALIVE,LF,0,0,0,0,0,0,0,0,0,0,0,0,0,0,0,0,0,0
LF3_ALIVE11,41,Aug,2015,ALIVE,LF3,FALSE,ALIVE,LF,0,0,0,0,0,0,0,0,0,0,0,0,0,0,0,0,4,0
LF3_ALIVE11,41,Nov,2013,ALIVE,LF3,FALSE,ALIVE,LF,0,0,0,0,0,0,0,0,0,0,0,0,0,0,0,0,0,0
LF3_ALIVE11,41,Nov,2014,ALIVE,LF3,FALSE,ALIVE,LF,0,0,0,0,0,0,0,0,5,0,0,0,0,0,0,0,2,0
LF3_ALIVE11,41,Nov,2015,ALIVE,LF3,FALSE,ALIVE,LF,0,0,0,0,0,0,0,0,3,0,0,0,0,0,0,0,5,0
LF3_ALIVE12,42,Aug,2013,ALIVE,LF3,FALSE,ALIVE,LF,0,0,0,0,0,0,0,0,0,0,0,0,0,0,0,0,0,0
LF3_ALIVE12,42,Aug,2014,ALIVE,LF3,FALSE,ALIVE,LF,0,0,0,0,0,0,0,0,0,0,0,0,0,0,0,0,1,0
LF3_ALIVE12,42,Aug,2015,ALIVE,LF3,FALSE,ALIVE,LF,0,0,0,0,0,0,0,0,1,0,0,0,0,0,0,0,1,0
LF3_ALIVE12,42,Nov,2013,ALIVE,LF3,FALSE,ALIVE,LF,0,0,0,0,0,0,0,0,0,0,0,1,0,0,0,0,0,0
LF3_ALIVE12,42,Nov,2014,ALIVE,LF3,FALSE,ALIVE,LF,0,0,0,0,0,0,0,0,1,0,0,0,0,0,0,0,1,0
LF3_ALIVE12,42,Nov,2015,ALIVE,LF3,FALSE,ALIVE,LF,0,0,0,0,0,0,0,0,0,0,0,0,0,0,0,0,1,0
LF3_ALIVE13,43,Aug,2013,ALIVE,LF3,FALSE,ALIVE,LF,0,0,0,0,0,0,0,0,0,0,0,0,0,0,0,0,0,0
LF3_ALIVE13,43,Aug,2014,ALIVE,LF3,FALSE,ALIVE,LF,0,0,0,0,0,0,0,0,0,0,1,0,0,0,0,0,1,0
LF3_ALIVE13,43,Aug,2015,ALIVE,LF3,FALSE,ALIVE,LF,0,0,0,0,0,0,0,0,0,0,0,0,0,0,0,0,1,0
LF3_ALIVE13,43,Nov,2013,ALIVE,LF3,FALSE,ALIVE,LF,0,0,0,0,0,0,0,0,0,0,0,0,0,0,0,0,0,0
LF3_ALIVE13,43,Nov,2014,ALIVE,LF3,FALSE,ALIVE,LF,0,0,0,0,0,0,0,0,0,0,0,0,0,0,0,0,1,0
LF3_ALIVE13,43,Nov,2015,ALIVE,LF3,FALSE,ALIVE,LF,0,0,0,0,0,0,0,0,0,0,0,0,0,0,0,0,1,0
LF3_ALIVE14,44,Aug,2013,ALIVE,LF3,FALSE,ALIVE,LF,0,0,0,0,0,0,0,0,0,0,0,1,0,0,0,0,0,0
LF3_ALIVE14,44,Aug,2014,ALIVE,LF3,FALSE,ALIVE,LF,0,0,0,2,0,0,0,0,0,0,0,1,0,0,0,0,7,0
LF3_ALIVE14,44,Aug,2015,ALIVE,LF3,FALSE,ALIVE,LF,0,0,0,1,0,0,0,0,2,0,0,0,0,0,0,0,0,0
LF3_ALIVE14,44,Nov,2013,ALIVE,LF3,FALSE,ALIVE,LF,0,0,0,0,0,0,0,0,0,0,0,0,0,0,0,0,0,0
LF3_ALIVE14,44,Nov,2014,ALIVE,LF3,FALSE,ALIVE,LF,0,0,0,1,0,0,0,0,2,0,0,0,0,0,0,0,6,0
LF3_ALIVE14,44,Nov,2015,ALIVE,LF3,FALSE,ALIVE,LF,0,0,0,2,0,0,0,0,1,0,0,0,0,0,0,0,6,0
LF3_ALIVE15,45,Aug,2013,ALIVE,LF3,FALSE,ALIVE,LF,0,0,0,0,0,0,0,0,0,0,0,0,0,0,0,0,0,0
LF3_ALIVE15,45,Aug,2014,ALIVE,LF3,FALSE,ALIVE,LF,0,0,0,0,0,0,0,0,0,0,0,0,0,0,0,0,0,0
LF3_ALIVE15,45,Aug,2015,ALIVE,LF3,FALSE,ALIVE,LF,0,0,0,0,0,0,0,0,0,0,0,0,0,0,0,0,0,1
LF3_ALIVE15,45,Nov,2013,ALIVE,LF3,FALSE,ALIVE,LF,0,0,0,0,0,0,0,0,0,0,0,0,0,0,0,0,0,0
LF3_ALIVE15,45,Nov,2014,ALIVE,LF3,FALSE,ALIVE,LF,0,0,0,0,0,0,0,0,0,0,0,0,0,0,0,0,0,0
LF3_ALIVE15,45,Nov,2015,ALIVE,LF3,FALSE,ALIVE,LF,0,0,0,0,0,0,0,0,0,0,0,0,0,0,0,0,0,1
LF3_ALIVE2,32,Aug,2013,ALIVE,LF3,FALSE,ALIVE,LF,0,0,0,0,0,0,0,0,0,0,0,0,0,0,0,0,0,0
LF3_ALIVE2,32,Aug,2014,ALIVE,LF3,FALSE,ALIVE,LF,0,0,0,0,0,0,0,0,5,0,0,0,0,0,0,0,4,0
LF3_ALIVE2,32,Aug,2015,ALIVE,LF3,FALSE,ALIVE,LF,0,0,0,0,0,0,0,0,8,0,0,0,0,0,0,0,8,1
LF3_ALIVE2,32,Nov,2013,ALIVE,LF3,FALSE,ALIVE,LF,0,0,0,0,0,0,0,0,0,0,0,0,0,0,0,0,0,0
LF3_ALIVE2,32,Nov,2014,ALIVE,LF3,FALSE,ALIVE,LF,0,0,0,0,0,0,0,0,8,0,0,0,0,0,0,0,7,0
LF3_ALIVE2,32,Nov,2015,ALIVE,LF3,FALSE,ALIVE,LF,0,0,0,0,0,0,0,0,5,0,0,0,0,0,0,0,5,1
LF3_ALIVE3,33,Aug,2013,ALIVE,LF3,FALSE,ALIVE,LF,0,0,0,0,0,0,0,0,0,0,0,0,0,0,0,0,0,0
LF3_ALIVE3,33,Aug,2014,ALIVE,LF3,FALSE,ALIVE,LF,0,0,0,0,0,0,0,0,0,0,0,0,0,0,0,0,3,0
LF3_ALIVE3,33,Aug,2015,ALIVE,LF3,FALSE,ALIVE,LF,0,0,0,2,0,0,0,0,7,0,0,0,0,0,0,0,7,0
LF3_ALIVE3,33,Nov,2013,ALIVE,LF3,FALSE,ALIVE,LF,0,0,0,0,0,0,0,0,0,0,0,0,0,0,0,0,0,0
LF3_ALIVE3,33,Nov,2014,ALIVE,LF3,FALSE,ALIVE,LF,0,0,0,1,0,0,0,0,5,0,0,0,0,0,0,0,4,0
LF3_ALIVE3,33,Nov,2015,ALIVE,LF3,FALSE,ALIVE,LF,0,0,0,2,0,0,0,0,0,0,0,0,0,0,0,0,4,0
LF3_ALIVE4,34,Aug,2013,ALIVE,LF3,FALSE,ALIVE,LF,0,0,0,0,0,0,0,0,0,0,0,0,0,0,0,0,0,0
LF3_ALIVE4,34,Aug,2014,ALIVE,LF3,FALSE,ALIVE,LF,0,0,0,0,1,0,0,0,3,0,0,0,0,0,0,0,6,0
LF3_ALIVE4,34,Aug,2015,ALIVE,LF3,FALSE,ALIVE,LF,0,0,0,0,0,0,0,0,5,0,1,0,0,0,0,0,7,0
LF3_ALIVE4,34,Nov,2013,ALIVE,LF3,FALSE,ALIVE,LF,0,1,0,0,0,0,0,0,0,0,0,0,0,0,0,0,0,0
LF3_ALIVE4,34,Nov,2014,ALIVE,LF3,FALSE,ALIVE,LF,0,0,0,0,0,0,0,0,6,0,1,0,0,0,0,0,6,0
LF3_ALIVE4,34,Nov,2015,ALIVE,LF3,FALSE,ALIVE,LF,0,0,0,0,0,0,0,0,2,0,1,0,0,0,0,0,5,0
LF3_ALIVE5,35,Aug,2013,ALIVE,LF3,FALSE,ALIVE,LF,0,0,0,0,0,0,0,0,0,0,0,0,0,0,0,0,0,0
LF3_ALIVE5,35,Aug,2014,ALIVE,LF3,FALSE,ALIVE,LF,0,0,0,0,0,0,0,0,4,0,0,0,0,0,0,0,0,0
LF3_ALIVE5,35,Aug,2015,ALIVE,LF3,FALSE,ALIVE,LF,0,0,0,0,0,0,0,0,6,0,0,0,0,0,0,0,3,0
LF3_ALIVE5,35,Nov,2013,ALIVE,LF3,FALSE,ALIVE,LF,0,0,0,0,0,0,0,0,0,0,0,0,0,0,0,0,0,0
LF3_ALIVE5,35,Nov,2014,ALIVE,LF3,FALSE,ALIVE,LF,0,0,0,0,0,1,0,0,3,0,0,0,0,0,0,0,1,0
LF3_ALIVE5,35,Nov,2015,ALIVE,LF3,FALSE,ALIVE,LF,0,0,0,0,0,1,0,0,1,0,0,0,0,0,0,0,3,0
LF3_ALIVE6,36,Aug,2013,ALIVE,LF3,FALSE,ALIVE,LF,0,0,0,0,0,0,0,0,0,0,0,0,0,0,0,0,0,0
LF3_ALIVE6,36,Aug,2014,ALIVE,LF3,FALSE,ALIVE,LF,0,0,0,0,1,0,0,0,0,0,0,0,0,0,0,0,3,0
LF3_ALIVE6,36,Aug,2015,ALIVE,LF3,FALSE,ALIVE,LF,0,0,0,1,0,0,0,0,0,0,0,0,0,0,0,0,3,1
LF3_ALIVE6,36,Nov,2013,ALIVE,LF3,FALSE,ALIVE,LF,0,0,0,0,0,0,0,0,0,0,0,0,0,0,0,0,0,1
LF3_ALIVE6,36,Nov,2014,ALIVE,LF3,FALSE,ALIVE,LF,0,0,0,0,0,0,0,0,0,0,0,0,0,0,0,0,0,0
LF3_ALIVE6,36,Nov,2015,ALIVE,LF3,FALSE,ALIVE,LF,0,0,0,1,0,0,0,0,0,0,0,0,0,0,0,0,3,1
LF3_ALIVE7,37,Aug,2013,ALIVE,LF3,FALSE,ALIVE,LF,0,0,0,0,0,0,0,0,0,0,0,0,0,0,0,0,0,0
LF3_ALIVE7,37,Aug,2014,ALIVE,LF3,FALSE,ALIVE,LF,0,0,0,0,0,0,0,0,0,0,0,0,0,0,0,0,0,1
LF3_ALIVE7,37,Aug,2015,ALIVE,LF3,FALSE,ALIVE,LF,0,0,0,0,0,0,0,0,0,0,0,0,0,0,0,0,1,0
LF3_ALIVE7,37,Nov,2013,ALIVE,LF3,FALSE,ALIVE,LF,0,0,0,0,0,0,0,0,0,0,0,0,0,0,0,0,0,0
LF3_ALIVE7,37,Nov,2014,ALIVE,LF3,FALSE,ALIVE,LF,0,0,0,0,0,0,0,0,0,0,0,0,0,0,0,0,0,1
LF3_ALIVE7,37,Nov,2015,ALIVE,LF3,FALSE,ALIVE,LF,0,0,0,0,0,0,0,0,0,0,0,0,0,0,0,0,1,0
LF3_ALIVE8,38,Aug,2013,ALIVE,LF3,FALSE,ALIVE,LF,0,0,0,0,0,0,0,0,0,0,0,0,0,0,0,0,0,0
LF3_ALIVE8,38,Aug,2014,ALIVE,LF3,FALSE,ALIVE,LF,0,0,0,0,0,0,0,0,0,0,0,0,0,0,0,0,1,0
LF3_ALIVE8,38,Aug,2015,ALIVE,LF3,FALSE,ALIVE,LF,0,0,0,5,1,0,0,0,0,0,0,0,0,0,0,0,0,0
LF3_ALIVE8,38,Nov,2013,ALIVE,LF3,FALSE,ALIVE,LF,0,0,0,0,0,0,0,0,0,0,0,0,0,0,0,0,0,0
LF3_ALIVE8,38,Nov,2014,ALIVE,LF3,FALSE,ALIVE,LF,0,0,0,0,0,0,0,0,0,0,0,0,0,0,0,0,0,0
LF3_ALIVE8,38,Nov,2015,ALIVE,LF3,FALSE,ALIVE,LF,0,0,0,4,1,0,0,0,0,0,0,0,0,0,0,0,1,0
LF3_ALIVE9,39,Aug,2013,ALIVE,LF3,FALSE,ALIVE,LF,0,0,0,0,0,0,0,0,0,0,0,0,0,0,0,0,0,0
LF3_ALIVE9,39,Aug,2014,ALIVE,LF3,FALSE,ALIVE,LF,0,0,0,0,0,0,0,0,0,0,0,0,0,0,0,0,0,0
LF3_ALIVE9,39,Aug,2015,ALIVE,LF3,FALSE,ALIVE,LF,0,0,0,1,0,0,0,0,3,0,0,0,0,0,0,0,4,0
LF3_ALIVE9,39,Nov,2013,ALIVE,LF3,FALSE,ALIVE,LF,0,0,0,0,0,0,0,0,0,0,0,1,0,0,0,0,0,0
LF3_ALIVE9,39,Nov,2014,ALIVE,LF3,FALSE,ALIVE,LF,0,0,0,0,0,0,0,0,2,0,1,0,0,0,0,0,5,0
LF3_ALIVE9,39,Nov,2015,ALIVE,LF3,FALSE,ALIVE,LF,0,0,0,1,0,0,0,0,0,0,0,0,1,0,0,0,1,0
LF1_O1,1,Aug,2013,O,LF1,FALSE,Seed,LF,0,0,0,0,0,0,0,0,0,0,0,0,0,0,0,0,0,1
LF1_O1,1,Aug,2014,O,LF1,FALSE,Seed,LF,0,0,0,0,0,0,0,0,0,0,0,0,0,0,0,0,0,0
LF1_O1,1,Aug,2015,O,LF1,FALSE,Seed,LF,0,0,0,0,0,0,0,0,0,0,0,0,0,0,0,0,0,0
LF1_O1,1,Nov,2013,O,LF1,FALSE,Seed,LF,0,0,0,0,0,0,0,0,0,0,0,0,0,0,0,0,0,0
LF1_O1,1,Nov,2014,O,LF1,FALSE,Seed,LF,0,0,0,0,0,0,0,0,0,0,0,0,0,0,0,0,0,0
LF1_O1,1,Nov,2015,O,LF1,FALSE,Seed,LF,0,0,0,0,0,0,0,0,0,0,0,0,0,0,0,0,0,0
LF1_O10,10,Aug,2013,O,LF1,FALSE,Seed,LF,0,0,0,0,0,0,0,0,0,0,0,0,0,0,0,0,0,0
LF1_O10,10,Aug,2014,O,LF1,FALSE,Seed,LF,0,0,0,0,0,0,0,0,0,0,0,0,0,0,0,0,0,0
LF1_O10,10,Aug,2015,O,LF1,FALSE,Seed,LF,0,0,0,0,0,0,0,0,0,0,0,0,0,0,0,0,1,0
LF1_O10,10,Nov,2013,O,LF1,FALSE,Seed,LF,0,0,0,0,0,0,0,0,0,0,0,0,0,0,0,0,0,0
LF1_O10,10,Nov,2014,O,LF1,FALSE,Seed,LF,0,0,0,0,0,0,0,0,0,0,0,0,0,0,0,0,0,0
LF1_O10,10,Nov,2015,O,LF1,FALSE,Seed,LF,0,0,0,0,0,0,0,0,0,0,0,0,0,0,0,0,1,0
LF1_O11,11,Aug,2013,O,LF1,FALSE,Seed,LF,0,0,0,0,0,0,0,0,0,0,0,0,0,0,0,0,0,0
LF1_O11,11,Aug,2014,O,LF1,FALSE,Seed,LF,0,0,0,0,0,0,0,0,1,0,0,0,0,0,0,0,0,0
LF1_O11,11,Aug,2015,O,LF1,FALSE,Seed,LF,0,0,0,0,0,0,0,0,0,0,0,0,0,0,0,0,0,0
LF1_O11,11,Nov,2013,O,LF1,FALSE,Seed,LF,0,0,0,0,0,0,0,0,0,0,0,0,0,0,0,0,0,0
LF1_O11,11,Nov,2014,O,LF1,FALSE,Seed,LF,0,0,0,0,0,0,0,0,1,0,0,0,0,0,0,0,0,0
LF1_O11,11,Nov,2015,O,LF1,FALSE,Seed,LF,0,0,0,0,0,0,0,0,1,0,0,0,0,0,0,0,0,0
LF1_O12,12,Aug,2013,O,LF1,FALSE,Seed,LF,0,0,0,0,0,0,0,0,0,0,0,0,0,0,0,0,0,0
LF1_O12,12,Aug,2014,O,LF1,FALSE,Seed,LF,0,0,0,0,0,0,0,0,0,0,0,0,0,0,0,0,0,0
LF1_O12,12,Aug,2015,O,LF1,FALSE,Seed,LF,0,0,0,0,0,0,0,0,1,0,0,0,0,0,0,0,1,0
LF1_O12,12,Nov,2013,O,LF1,FALSE,Seed,LF,0,0,0,0,0,0,0,0,0,0,0,0,0,0,0,0,0,0
LF1_O12,12,Nov,2014,O,LF1,FALSE,Seed,LF,0,0,0,0,0,0,0,0,1,0,0,0,0,0,0,0,0,0
LF1_O12,12,Nov,2015,O,LF1,FALSE,Seed,LF,0,0,0,0,0,0,0,0,0,0,0,0,0,0,0,0,1,0
LF1_O13,13,Aug,2013,O,LF1,FALSE,Seed,LF,0,0,0,0,0,0,0,0,0,0,0,0,0,0,0,0,0,0
LF1_O13,13,Aug,2014,O,LF1,FALSE,Seed,LF,0,0,0,0,0,0,0,0,0,0,2,0,0,0,0,0,0,0
LF1_O13,13,Aug,2015,O,LF1,FALSE,Seed,LF,0,0,0,0,0,0,0,0,0,0,0,0,0,0,0,0,0,0
LF1_O13,13,Nov,2013,O,LF1,FALSE,Seed,LF,0,0,0,0,0,0,0,0,0,0,0,0,0,0,0,0,0,0
LF1_O13,13,Nov,2014,O,LF1,FALSE,Seed,LF,0,0,0,0,0,0,0,0,0,0,0,0,0,0,0,0,0,0
LF1_O13,13,Nov,2015,O,LF1,FALSE,Seed,LF,0,0,0,0,0,0,0,0,0,0,0,0,0,0,0,0,0,0
LF1_O14,14,Aug,2013,O,LF1,FALSE,Seed,LF,0,0,0,0,0,0,0,0,0,0,0,0,0,0,0,0,0,0
LF1_O14,14,Aug,2014,O,LF1,FALSE,Seed,LF,0,0,0,0,0,0,0,0,0,0,0,0,0,0,0,0,0,1
LF1_O14,14,Aug,2015,O,LF1,FALSE,Seed,LF,0,0,0,0,0,0,0,0,0,0,0,0,0,0,0,0,0,0
LF1_O14,14,Nov,2013,O,LF1,FALSE,Seed,LF,0,0,0,0,0,0,0,0,0,0,0,0,0,0,0,0,0,0
LF1_O14,14,Nov,2014,O,LF1,FALSE,Seed,LF,0,0,0,0,0,0,0,0,0,0,0,0,0,0,0,0,0,0
LF1_O14,14,Nov,2015,O,LF1,FALSE,Seed,LF,0,0,0,0,0,0,0,0,0,0,0,0,0,0,0,0,0,0
LF1_O15,15,Aug,2013,O,LF1,FALSE,Seed,LF,0,0,0,0,0,0,0,0,0,0,0,0,0,0,0,0,0,0
LF1_O15,15,Aug,2014,O,LF1,FALSE,Seed,LF,0,0,0,0,0,0,0,0,0,0,0,0,0,0,0,0,0,0
LF1_O15,15,Aug,2015,O,LF1,FALSE,Seed,LF,0,0,0,0,0,0,0,0,0,0,0,0,0,0,0,0,0,0
LF1_O15,15,Nov,2013,O,LF1,FALSE,Seed,LF,0,0,0,0,0,0,0,0,0,0,0,0,0,0,0,0,0,0
LF1_O15,15,Nov,2014,O,LF1,FALSE,Seed,LF,0,0,0,0,0,0,0,0,0,0,0,0,0,0,0,0,0,0
LF1_O15,15,Nov,2015,O,LF1,FALSE,Seed,LF,0,0,1,0,0,0,0,0,0,0,0,0,0,0,0,0,0,0
LF1_O2,2,Aug,2013,O,LF1,FALSE,Seed,LF,0,0,0,0,0,0,0,0,0,0,0,0,0,0,0,0,0,0
LF1_O2,2,Aug,2014,O,LF1,FALSE,Seed,LF,0,0,0,0,0,0,0,0,0,0,0,0,0,0,0,0,0,0
LF1_O2,2,Aug,2015,O,LF1,FALSE,Seed,LF,0,0,0,0,0,0,0,0,0,0,0,0,0,0,0,0,0,0
LF1_O2,2,Nov,2013,O,LF1,FALSE,Seed,LF,0,0,0,0,0,0,0,0,0,0,0,0,0,0,0,0,0,0
LF1_O2,2,Nov,2014,O,LF1,FALSE,Seed,LF,0,0,0,0,0,0,0,0,0,0,0,0,0,0,0,0,0,0
LF1_O2,2,Nov,2015,O,LF1,FALSE,Seed,LF,0,0,0,0,0,0,0,0,0,0,0,0,0,0,0,0,0,0
LF1_O3,3,Aug,2013,O,LF1,FALSE,Seed,LF,0,0,0,0,0,0,0,0,0,0,0,0,0,0,0,0,0,1
LF1_O3,3,Aug,2014,O,LF1,FALSE,Seed,LF,0,0,0,0,0,0,0,0,0,0,0,0,0,0,0,0,0,0
LF1_O3,3,Aug,2015,O,LF1,FALSE,Seed,LF,0,0,0,0,0,0,0,0,0,0,0,0,0,0,0,0,0,0
LF1_O3,3,Nov,2013,O,LF1,FALSE,Seed,LF,0,0,0,0,0,0,0,0,0,0,0,0,0,0,0,0,0,0
LF1_O3,3,Nov,2014,O,LF1,FALSE,Seed,LF,0,0,0,0,0,0,0,0,0,0,0,0,0,0,0,0,0,0
LF1_O3,3,Nov,2015,O,LF1,FALSE,Seed,LF,0,0,0,0,0,0,0,0,0,0,0,0,0,0,0,0,0,0
LF1_O4,4,Aug,2013,O,LF1,FALSE,Seed,LF,0,0,0,0,0,0,0,0,0,0,0,0,0,0,0,0,0,0
LF1_O4,4,Aug,2014,O,LF1,FALSE,Seed,LF,0,0,0,0,0,0,0,0,0,0,1,0,0,0,0,0,4,0
LF1_O4,4,Aug,2015,O,LF1,FALSE,Seed,LF,0,0,0,0,0,0,0,0,0,0,0,0,0,0,0,0,2,0
LF1_O4,4,Nov,2013,O,LF1,FALSE,Seed,LF,0,0,0,0,0,0,0,0,0,0,0,0,0,0,0,0,0,0
LF1_O4,4,Nov,2014,O,LF1,FALSE,Seed,LF,0,0,0,0,0,0,0,0,1,0,1,0,0,0,0,0,5,0
LF1_O4,4,Nov,2015,O,LF1,FALSE,Seed,LF,0,0,0,0,0,0,0,0,0,0,0,0,0,0,0,0,3,0
LF1_O5,5,Aug,2013,O,LF1,FALSE,Seed,LF,0,0,0,0,0,0,0,0,0,0,0,0,0,0,0,0,0,0
LF1_O5,5,Aug,2014,O,LF1,FALSE,Seed,LF,0,0,0,0,0,0,0,0,0,0,0,0,0,0,0,0,0,0
LF1_O5,5,Aug,2015,O,LF1,FALSE,Seed,LF,0,0,0,0,0,0,0,0,0,0,0,0,0,0,0,0,0,0
LF1_O5,5,Nov,2013,O,LF1,FALSE,Seed,LF,0,0,0,0,0,0,0,0,0,0,0,0,0,0,0,0,0,0
LF1_O5,5,Nov,2014,O,LF1,FALSE,Seed,LF,0,0,0,0,0,0,0,0,1,0,0,0,0,0,0,0,0,0
LF1_O5,5,Nov,2015,O,LF1,FALSE,Seed,LF,0,0,0,0,0,0,0,0,0,0,0,0,0,0,0,0,0,0
LF1_O6,6,Aug,2013,O,LF1,FALSE,Seed,LF,0,0,0,0,0,0,0,0,0,0,0,0,0,0,0,0,0,0
LF1_O6,6,Aug,2014,O,LF1,FALSE,Seed,LF,0,0,0,0,0,0,0,0,1,0,3,0,0,0,0,0,1,2
LF1_O6,6,Aug,2015,O,LF1,FALSE,Seed,LF,0,0,0,0,0,0,0,0,1,0,2,0,0,0,0,0,0,1
LF1_O6,6,Nov,2013,O,LF1,FALSE,Seed,LF,0,0,0,0,0,0,0,0,0,0,0,0,0,0,0,0,0,0
LF1_O6,6,Nov,2014,O,LF1,FALSE,Seed,LF,0,0,0,0,0,0,0,0,1,0,3,0,0,0,0,0,1,1
LF1_O6,6,Nov,2015,O,LF1,FALSE,Seed,LF,0,0,0,0,0,0,0,0,0,0,2,0,0,0,0,0,1,1
LF1_O7,7,Aug,2013,O,LF1,FALSE,Seed,LF,0,0,0,0,0,0,0,0,0,0,0,0,0,0,0,0,0,0
LF1_O7,7,Aug,2014,O,LF1,FALSE,Seed,LF,0,0,0,0,0,0,0,0,1,0,1,0,0,0,0,0,0,0
LF1_O7,7,Aug,2015,O,LF1,FALSE,Seed,LF,0,0,0,0,0,0,0,0,1,0,0,0,0,0,0,0,0,0
LF1_O7,7,Nov,2013,O,LF1,FALSE,Seed,LF,0,0,0,0,0,0,0,0,0,0,0,0,0,0,0,0,0,0
LF1_O7,7,Nov,2014,O,LF1,FALSE,Seed,LF,0,0,0,0,0,0,0,0,1,0,1,0,0,0,0,0,0,0
LF1_O7,7,Nov,2015,O,LF1,FALSE,Seed,LF,0,0,0,0,0,0,0,0,1,0,0,0,0,0,0,0,0,0
LF1_O8,8,Aug,2013,O,LF1,FALSE,Seed,LF,0,0,0,0,0,0,0,0,0,0,0,0,0,0,0,0,0,0
LF1_O8,8,Aug,2014,O,LF1,FALSE,Seed,LF,0,0,0,0,0,0,0,0,0,0,1,0,0,0,0,0,2,0
LF1_O8,8,Aug,2015,O,LF1,FALSE,Seed,LF,0,0,0,0,0,0,0,0,0,0,1,0,0,0,0,0,1,1
LF1_O8,8,Nov,2013,O,LF1,FALSE,Seed,LF,0,0,0,0,0,0,0,0,0,0,0,0,0,0,0,0,0,0
LF1_O8,8,Nov,2014,O,LF1,FALSE,Seed,LF,0,0,0,0,0,0,0,0,0,0,0,0,0,0,0,0,2,1
LF1_O8,8,Nov,2015,O,LF1,FALSE,Seed,LF,0,0,0,0,0,0,0,0,0,0,1,0,0,0,0,0,2,1
LF1_O9,9,Aug,2013,O,LF1,FALSE,Seed,LF,0,0,0,0,0,0,0,0,0,0,0,0,0,0,0,0,0,0
LF1_O9,9,Aug,2014,O,LF1,FALSE,Seed,LF,0,0,0,0,0,0,0,0,0,0,0,0,0,0,0,0,0,0
LF1_O9,9,Aug,2015,O,LF1,FALSE,Seed,LF,0,0,0,0,0,0,0,0,0,0,0,0,0,0,0,0,0,0
LF1_O9,9,Nov,2013,O,LF1,FALSE,Seed,LF,0,0,0,0,0,0,0,0,0,0,0,0,0,0,0,0,0,0
LF1_O9,9,Nov,2014,O,LF1,FALSE,Seed,LF,0,0,0,0,0,0,0,0,0,0,0,0,0,0,0,0,0,0
LF1_O9,9,Nov,2015,O,LF1,FALSE,Seed,LF,0,0,0,0,0,0,0,0,0,0,0,0,0,0,0,0,0,0
LF2_O1,16,Aug,2013,O,LF2,FALSE,Seed,LF,0,0,0,0,0,0,0,0,0,0,0,0,0,0,0,0,0,0
LF2_O1,16,Aug,2014,O,LF2,FALSE,Seed,LF,0,0,0,0,0,0,0,0,7,0,0,0,0,0,0,0,0,0
LF2_O1,16,Aug,2015,O,LF2,FALSE,Seed,LF,0,0,0,1,0,0,0,0,9,0,0,0,0,0,0,0,0,1
LF2_O1,16,Nov,2013,O,LF2,FALSE,Seed,LF,0,0,0,0,0,0,0,0,0,0,0,0,0,0,0,0,0,0
LF2_O1,16,Nov,2014,O,LF2,FALSE,Seed,LF,0,0,0,0,0,0,0,0,6,0,0,0,0,0,0,0,0,0
LF2_O1,16,Nov,2015,O,LF2,FALSE,Seed,LF,0,0,0,1,0,0,0,0,6,0,0,0,0,0,0,0,0,1
LF2_O10,25,Aug,2013,O,LF2,FALSE,Seed,LF,0,0,0,0,0,0,0,0,0,0,0,0,0,0,0,0,0,0
LF2_O10,25,Aug,2014,O,LF2,FALSE,Seed,LF,0,0,0,0,0,0,0,0,3,0,0,0,0,0,0,0,0,0
LF2_O10,25,Aug,2015,O,LF2,FALSE,Seed,LF,0,0,0,0,0,0,0,0,5,0,0,0,0,0,0,0,0,0
LF2_O10,25,Nov,2013,O,LF2,FALSE,Seed,LF,0,0,0,0,0,0,0,0,0,0,0,0,0,0,0,0,0,0
LF2_O10,25,Nov,2014,O,LF2,FALSE,Seed,LF,0,0,0,0,0,0,0,0,7,0,0,0,0,0,0,0,0,0
LF2_O10,25,Nov,2015,O,LF2,FALSE,Seed,LF,0,0,0,0,0,0,0,0,2,0,0,0,0,0,0,0,0,0
LF2_O11,26,Aug,2013,O,LF2,FALSE,Seed,LF,0,0,0,0,0,0,0,0,0,0,0,0,0,0,0,0,0,0
LF2_O11,26,Aug,2014,O,LF2,FALSE,Seed,LF,0,0,0,0,0,0,0,0,3,0,0,0,0,0,0,0,0,0
LF2_O11,26,Aug,2015,O,LF2,FALSE,Seed,LF,0,0,0,0,0,0,0,0,3,0,0,0,0,0,0,0,0,1
LF2_O11,26,Nov,2013,O,LF2,FALSE,Seed,LF,0,0,0,0,0,0,0,0,0,0,0,0,0,0,0,0,0,0
LF2_O11,26,Nov,2014,O,LF2,FALSE,Seed,LF,0,0,0,0,0,0,0,0,6,0,0,0,0,0,0,0,0,0
LF2_O11,26,Nov,2015,O,LF2,FALSE,Seed,LF,0,0,0,0,0,0,0,0,1,0,0,0,0,0,0,0,0,1
LF2_O12,27,Aug,2013,O,LF2,FALSE,Seed,LF,0,0,0,0,0,0,0,0,0,0,0,0,0,0,0,0,0,0
LF2_O12,27,Aug,2014,O,LF2,FALSE,Seed,LF,0,0,0,0,0,0,0,0,0,0,0,0,0,0,0,0,0,0
LF2_O12,27,Aug,2015,O,LF2,FALSE,Seed,LF,0,0,0,0,0,0,0,0,0,0,0,0,0,0,0,0,0,0
LF2_O12,27,Nov,2013,O,LF2,FALSE,Seed,LF,0,0,0,0,0,0,0,0,0,0,0,0,0,0,0,0,0,0
LF2_O12,27,Nov,2014,O,LF2,FALSE,Seed,LF,0,0,0,0,0,0,0,0,8,0,0,0,0,0,0,0,0,0
LF2_O12,27,Nov,2015,O,LF2,FALSE,Seed,LF,0,0,0,0,0,0,0,0,0,0,0,0,0,0,0,0,0,0
LF2_O13,28,Aug,2013,O,LF2,FALSE,Seed,LF,0,0,0,0,0,0,0,0,0,0,0,0,0,0,0,0,0,0
LF2_O13,28,Aug,2014,O,LF2,FALSE,Seed,LF,0,0,0,0,0,0,0,0,0,0,0,0,0,0,0,0,3,0
LF2_O13,28,Aug,2015,O,LF2,FALSE,Seed,LF,0,0,0,0,0,0,0,0,1,0,0,0,0,0,0,0,4,0
LF2_O13,28,Nov,2013,O,LF2,FALSE,Seed,LF,0,0,0,0,0,0,0,0,0,0,0,0,0,0,0,0,0,0
LF2_O13,28,Nov,2014,O,LF2,FALSE,Seed,LF,0,0,0,0,0,0,0,0,4,0,0,0,0,0,0,0,4,0
LF2_O13,28,Nov,2015,O,LF2,FALSE,Seed,LF,0,0,0,0,0,0,0,0,1,0,0,0,0,0,0,0,4,0
LF2_O14,29,Aug,2013,O,LF2,FALSE,Seed,LF,0,0,0,0,0,0,0,0,0,0,0,0,0,0,0,0,0,0
LF2_O14,29,Aug,2014,O,LF2,FALSE,Seed,LF,0,0,0,0,0,0,0,0,2,0,0,0,0,0,0,0,4,0
LF2_O14,29,Aug,2015,O,LF2,FALSE,Seed,LF,0,0,0,0,0,0,0,0,0,0,0,0,0,0,0,0,5,0
LF2_O14,29,Nov,2013,O,LF2,FALSE,Seed,LF,0,0,0,0,0,0,0,0,0,0,0,0,0,0,0,0,0,0
LF2_O14,29,Nov,2014,O,LF2,FALSE,Seed,LF,0,0,0,0,0,0,0,0,3,0,0,0,0,0,0,0,5,0
LF2_O14,29,Nov,2015,O,LF2,FALSE,Seed,LF,0,0,0,0,0,0,0,0,0,0,0,0,0,0,0,0,4,0
LF2_O15,30,Aug,2013,O,LF2,FALSE,Seed,LF,0,0,0,0,0,0,0,0,0,0,0,0,0,0,0,0,0,0
LF2_O15,30,Aug,2014,O,LF2,FALSE,Seed,LF,0,0,0,0,0,0,0,0,3,0,1,0,0,0,0,0,1,0
LF2_O15,30,Aug,2015,O,LF2,FALSE,Seed,LF,0,0,0,0,0,0,0,0,0,0,1,0,0,0,0,0,5,0
LF2_O15,30,Nov,2013,O,LF2,FALSE,Seed,LF,0,0,0,0,0,0,0,0,0,0,0,0,0,0,0,0,0,0
LF2_O15,30,Nov,2014,O,LF2,FALSE,Seed,LF,0,0,0,0,0,0,0,0,0,0,1,0,0,0,0,0,3,0
LF2_O15,30,Nov,2015,O,LF2,FALSE,Seed,LF,0,0,0,0,0,0,0,0,5,0,1,0,0,0,0,0,6,0
LF2_O2,17,Aug,2013,O,LF2,FALSE,Seed,LF,0,0,0,0,0,0,0,0,0,0,0,0,0,0,0,0,0,1
LF2_O2,17,Aug,2014,O,LF2,FALSE,Seed,LF,0,0,0,0,0,0,0,0,0,0,0,0,0,0,0,0,0,1
LF2_O2,17,Aug,2015,O,LF2,FALSE,Seed,LF,0,0,0,0,0,0,0,0,4,0,0,0,0,0,0,0,0,1
LF2_O2,17,Nov,2013,O,LF2,FALSE,Seed,LF,0,0,0,0,0,0,0,0,0,0,0,0,0,0,0,0,0,0
LF2_O2,17,Nov,2014,O,LF2,FALSE,Seed,LF,0,0,0,0,0,0,0,0,2,0,0,0,0,0,0,0,0,1
LF2_O2,17,Nov,2015,O,LF2,FALSE,Seed,LF,0,0,0,0,0,0,0,0,0,0,0,0,0,0,0,0,0,1
LF2_O3,18,Aug,2013,O,LF2,FALSE,Seed,LF,0,0,0,0,0,0,0,0,0,0,0,0,0,0,0,0,0,0
LF2_O3,18,Aug,2014,O,LF2,FALSE,Seed,LF,0,0,0,0,0,0,0,0,2,0,0,0,0,0,0,0,0,0
LF2_O3,18,Aug,2015,O,LF2,FALSE,Seed,LF,0,0,0,0,0,0,0,0,0,0,0,0,0,0,0,0,0,0
LF2_O3,18,Nov,2013,O,LF2,FALSE,Seed,LF,0,0,0,0,0,0,0,0,0,0,0,0,0,0,0,0,0,0
LF2_O3,18,Nov,2014,O,LF2,FALSE,Seed,LF,0,0,0,0,0,0,0,0,0,0,0,0,0,0,0,0,0,0
LF2_O3,18,Nov,2015,O,LF2,FALSE,Seed,LF,0,0,0,0,0,0,0,0,0,0,0,0,0,0,0,0,0,0
LF2_O4,19,Aug,2013,O,LF2,FALSE,Seed,LF,0,0,0,0,0,0,0,0,0,0,0,0,0,0,0,0,0,0
LF2_O4,19,Aug,2014,O,LF2,FALSE,Seed,LF,0,0,0,0,0,0,0,0,2,0,0,0,0,0,0,0,0,0
LF2_O4,19,Aug,2015,O,LF2,FALSE,Seed,LF,0,0,0,0,0,0,0,0,7,0,0,0,0,0,0,0,0,0
LF2_O4,19,Nov,2013,O,LF2,FALSE,Seed,LF,0,0,0,0,0,0,0,0,0,0,0,0,0,0,0,0,0,0
LF2_O4,19,Nov,2014,O,LF2,FALSE,Seed,LF,0,0,0,0,0,0,0,0,6,0,1,0,0,0,0,0,0,0
LF2_O4,19,Nov,2015,O,LF2,FALSE,Seed,LF,0,0,0,0,0,0,0,0,5,0,0,0,0,0,0,0,0,0
LF2_O5,20,Aug,2013,O,LF2,FALSE,Seed,LF,0,0,0,0,0,0,0,0,0,0,0,0,0,0,0,0,0,0
LF2_O5,20,Aug,2014,O,LF2,FALSE,Seed,LF,0,0,0,0,0,0,0,0,5,0,0,0,0,0,0,0,0,0
LF2_O5,20,Aug,2015,O,LF2,FALSE,Seed,LF,0,0,0,0,0,0,0,0,5,0,0,0,0,0,0,0,1,0
LF2_O5,20,Nov,2013,O,LF2,FALSE,Seed,LF,0,0,0,0,0,0,0,0,0,0,0,0,0,0,0,0,0,0
LF2_O5,20,Nov,2014,O,LF2,FALSE,Seed,LF,0,0,0,0,0,0,0,0,6,0,0,0,0,0,0,0,0,0
LF2_O5,20,Nov,2015,O,LF2,FALSE,Seed,LF,0,0,0,0,0,0,0,0,4,0,0,0,0,0,0,0,1,0
LF2_O6,21,Aug,2013,O,LF2,FALSE,Seed,LF,0,0,0,0,0,0,0,0,0,0,0,0,0,0,0,0,0,0
LF2_O6,21,Aug,2014,O,LF2,FALSE,Seed,LF,0,0,0,0,0,0,0,0,9,0,0,0,0,0,0,0,1,2
LF2_O6,21,Aug,2015,O,LF2,FALSE,Seed,LF,0,0,0,1,0,0,0,0,19,0,1,0,0,0,0,0,1,3
LF2_O6,21,Nov,2013,O,LF2,FALSE,Seed,LF,0,0,0,0,0,0,0,0,0,0,0,0,0,0,0,0,0,1
LF2_O6,21,Nov,2014,O,LF2,FALSE,Seed,LF,0,0,0,0,0,0,0,0,21,0,0,0,0,0,0,0,1,2
LF2_O6,21,Nov,2015,O,LF2,FALSE,Seed,LF,0,0,0,1,0,0,0,0,8,0,1,0,0,0,0,0,1,3
LF2_O7,22,Aug,2013,O,LF2,FALSE,Seed,LF,0,0,0,0,0,0,0,0,0,0,0,0,0,0,0,0,0,0
LF2_O7,22,Aug,2014,O,LF2,FALSE,Seed,LF,0,0,0,0,0,0,0,0,3,0,0,0,0,0,0,0,0,0
LF2_O7,22,Aug,2015,O,LF2,FALSE,Seed,LF,0,0,0,0,0,0,0,0,4,0,0,0,0,0,0,0,0,0
LF2_O7,22,Nov,2013,O,LF2,FALSE,Seed,LF,0,0,0,0,0,0,0,0,0,0,0,0,0,0,0,0,0,0
LF2_O7,22,Nov,2014,O,LF2,FALSE,Seed,LF,0,0,0,0,0,0,0,0,4,0,0,0,0,0,0,0,0,0
LF2_O7,22,Nov,2015,O,LF2,FALSE,Seed,LF,0,0,0,0,0,0,0,0,0,0,0,0,0,0,0,0,0,0
LF2_O8,23,Aug,2013,O,LF2,FALSE,Seed,LF,0,0,0,0,0,0,0,0,0,0,0,0,0,0,0,0,0,1
LF2_O8,23,Aug,2014,O,LF2,FALSE,Seed,LF,0,0,0,0,0,0,0,0,1,0,0,0,0,0,0,0,1,0
LF2_O8,23,Aug,2015,O,LF2,FALSE,Seed,LF,0,0,0,0,0,0,0,0,7,0,0,0,0,0,0,0,0,1
LF2_O8,23,Nov,2013,O,LF2,FALSE,Seed,LF,0,0,0,0,0,0,0,0,0,0,0,0,0,0,0,0,0,0
LF2_O8,23,Nov,2014,O,LF2,FALSE,Seed,LF,0,0,0,0,0,0,0,0,10,0,0,0,0,0,0,0,0,2
LF2_O8,23,Nov,2015,O,LF2,FALSE,Seed,LF,0,0,0,0,0,0,0,0,3,0,0,0,0,0,0,0,0,2
LF2_O9,24,Aug,2013,O,LF2,FALSE,Seed,LF,0,0,0,0,0,0,0,0,0,0,0,0,0,0,0,0,0,0
LF2_O9,24,Aug,2014,O,LF2,FALSE,Seed,LF,0,0,0,0,0,0,0,0,6,0,0,0,0,0,0,0,0,0
LF2_O9,24,Aug,2015,O,LF2,FALSE,Seed,LF,0,0,0,0,0,0,0,0,4,0,0,0,0,0,0,0,0,1
LF2_O9,24,Nov,2013,O,LF2,FALSE,Seed,LF,0,0,0,0,0,0,0,0,0,0,0,0,0,0,0,0,0,0
LF2_O9,24,Nov,2014,O,LF2,FALSE,Seed,LF,0,0,0,0,0,0,0,0,4,0,0,0,0,0,0,0,0,0
LF2_O9,24,Nov,2015,O,LF2,FALSE,Seed,LF,0,0,0,0,0,0,0,0,2,0,0,0,0,0,0,0,0,1
LF3_O1,31,Aug,2013,O,LF3,FALSE,Seed,LF,0,0,0,0,0,0,0,0,0,0,0,0,0,0,0,0,0,0
LF3_O1,31,Aug,2014,O,LF3,FALSE,Seed,LF,0,0,0,0,0,0,0,0,2,0,0,0,0,0,0,0,1,0
LF3_O1,31,Aug,2015,O,LF3,FALSE,Seed,LF,0,0,0,0,0,0,0,0,6,0,0,0,0,0,0,0,1,0
LF3_O1,31,Nov,2013,O,LF3,FALSE,Seed,LF,0,0,0,0,0,0,0,0,0,0,0,0,0,0,0,0,0,0
LF3_O1,31,Nov,2014,O,LF3,FALSE,Seed,LF,0,0,0,0,0,0,0,0,4,0,0,0,0,0,0,0,1,0
LF3_O1,31,Nov,2015,O,LF3,FALSE,Seed,LF,0,0,0,0,0,0,0,0,2,0,0,0,0,0,0,0,1,0
LF3_O10,40,Aug,2013,O,LF3,FALSE,Seed,LF,0,0,0,0,0,0,0,0,0,0,0,0,0,0,0,0,0,0
LF3_O10,40,Aug,2014,O,LF3,FALSE,Seed,LF,0,0,0,0,0,0,0,0,0,0,0,0,0,0,0,0,1,0
LF3_O10,40,Aug,2015,O,LF3,FALSE,Seed,LF,0,0,0,0,0,0,0,0,3,0,0,0,0,0,0,0,1,0
LF3_O10,40,Nov,2013,O,LF3,FALSE,Seed,LF,0,0,0,0,0,0,0,0,0,0,0,0,0,0,0,0,0,0
LF3_O10,40,Nov,2014,O,LF3,FALSE,Seed,LF,0,0,0,0,0,0,0,0,0,0,0,0,0,0,0,0,1,0
LF3_O10,40,Nov,2015,O,LF3,FALSE,Seed,LF,0,0,0,0,0,0,0,0,3,0,0,0,0,0,0,0,1,0
LF3_O11,41,Aug,2013,O,LF3,FALSE,Seed,LF,0,0,0,0,0,0,0,0,0,0,0,0,0,0,0,0,0,0
LF3_O11,41,Aug,2014,O,LF3,FALSE,Seed,LF,0,0,0,0,0,0,0,0,1,0,0,0,0,0,0,0,2,0
LF3_O11,41,Aug,2015,O,LF3,FALSE,Seed,LF,0,0,0,0,0,0,0,0,3,0,0,0,0,0,0,0,0,0
LF3_O11,41,Nov,2013,O,LF3,FALSE,Seed,LF,0,0,0,0,0,0,0,0,0,0,0,0,0,0,0,0,0,0
LF3_O11,41,Nov,2014,O,LF3,FALSE,Seed,LF,0,0,0,0,0,0,0,0,5,0,0,0,0,0,0,0,2,0
LF3_O11,41,Nov,2015,O,LF3,FALSE,Seed,LF,0,0,0,0,0,0,0,0,1,0,0,0,0,0,0,0,2,0
LF3_O12,42,Aug,2013,O,LF3,FALSE,Seed,LF,0,0,0,0,0,0,0,0,0,0,0,0,0,0,0,0,0,0
LF3_O12,42,Aug,2014,O,LF3,FALSE,Seed,LF,0,0,0,0,0,0,0,0,4,0,0,0,0,0,0,0,2,0
LF3_O12,42,Aug,2015,O,LF3,FALSE,Seed,LF,0,0,0,0,0,0,0,0,1,0,0,0,0,0,0,0,2,0
LF3_O12,42,Nov,2013,O,LF3,FALSE,Seed,LF,0,0,0,0,0,0,0,0,0,0,0,0,0,0,0,0,0,0
LF3_O12,42,Nov,2014,O,LF3,FALSE,Seed,LF,0,0,0,0,0,0,0,0,5,0,0,0,0,0,0,0,1,0
LF3_O12,42,Nov,2015,O,LF3,FALSE,Seed,LF,0,0,0,0,0,0,0,0,2,0,0,0,0,0,0,0,2,0
LF3_O13,43,Aug,2013,O,LF3,FALSE,Seed,LF,0,0,0,0,0,0,0,0,0,0,0,0,0,0,0,0,0,0
LF3_O13,43,Aug,2014,O,LF3,FALSE,Seed,LF,0,0,0,0,0,0,0,0,1,0,0,0,0,0,0,0,0,0
LF3_O13,43,Aug,2015,O,LF3,FALSE,Seed,LF,0,0,0,0,0,0,0,0,1,0,0,0,0,0,0,0,0,0
LF3_O13,43,Nov,2013,O,LF3,FALSE,Seed,LF,0,0,0,0,0,0,0,0,0,0,0,0,0,0,0,0,0,0
LF3_O13,43,Nov,2014,O,LF3,FALSE,Seed,LF,0,0,0,0,0,0,0,0,1,0,0,0,0,0,0,0,0,0
LF3_O13,43,Nov,2015,O,LF3,FALSE,Seed,LF,0,0,0,0,0,0,0,0,1,0,0,0,0,0,0,0,0,0
LF3_O14,44,Aug,2013,O,LF3,FALSE,Seed,LF,0,0,0,0,0,0,0,0,0,0,0,0,0,0,0,0,0,0
LF3_O14,44,Aug,2014,O,LF3,FALSE,Seed,LF,0,0,0,0,0,0,0,0,6,0,0,0,0,0,0,0,5,0
LF3_O14,44,Aug,2015,O,LF3,FALSE,Seed,LF,0,0,0,0,0,0,0,0,6,0,0,0,0,0,0,0,3,0
LF3_O14,44,Nov,2013,O,LF3,FALSE,Seed,LF,0,0,0,0,0,0,0,0,0,0,0,0,0,0,0,0,0,0
LF3_O14,44,Nov,2014,O,LF3,FALSE,Seed,LF,0,0,0,0,0,0,0,0,6,0,0,0,0,0,0,0,4,0
LF3_O14,44,Nov,2015,O,LF3,FALSE,Seed,LF,0,0,0,0,0,0,0,0,0,0,0,0,0,0,0,0,4,0
LF3_O15,45,Aug,2013,O,LF3,FALSE,Seed,LF,0,0,0,0,0,0,0,0,0,0,0,0,0,0,0,0,0,0
LF3_O15,45,Aug,2014,O,LF3,FALSE,Seed,LF,0,0,0,0,0,0,0,0,1,0,0,0,0,0,0,0,0,0
LF3_O15,45,Aug,2015,O,LF3,FALSE,Seed,LF,0,0,0,0,0,0,0,0,2,0,0,0,0,0,0,0,0,0
LF3_O15,45,Nov,2013,O,LF3,FALSE,Seed,LF,0,0,0,0,0,0,0,0,0,0,0,0,0,0,0,0,0,0
LF3_O15,45,Nov,2014,O,LF3,FALSE,Seed,LF,0,0,0,0,0,0,0,0,4,0,0,0,0,0,0,0,0,0
LF3_O15,45,Nov,2015,O,LF3,FALSE,Seed,LF,0,0,0,0,0,0,0,0,2,0,0,0,0,0,0,0,0,0
LF3_O2,32,Aug,2013,O,LF3,FALSE,Seed,LF,0,0,0,0,0,0,0,0,0,0,0,0,0,0,0,0,0,1
LF3_O2,32,Aug,2014,O,LF3,FALSE,Seed,LF,0,0,0,0,0,0,0,0,8,0,0,0,0,0,0,0,2,2
LF3_O2,32,Aug,2015,O,LF3,FALSE,Seed,LF,0,0,0,1,0,0,0,0,8,0,0,0,0,0,0,0,1,1
LF3_O2,32,Nov,2013,O,LF3,FALSE,Seed,LF,0,0,0,0,0,0,0,0,0,0,0,0,0,0,0,0,0,0
LF3_O2,32,Nov,2014,O,LF3,FALSE,Seed,LF,0,0,0,0,0,0,0,0,10,0,0,0,0,0,0,0,0,0
LF3_O2,32,Nov,2015,O,LF3,FALSE,Seed,LF,0,0,0,1,0,0,0,0,4,0,0,0,0,0,0,0,1,2
LF3_O3,33,Aug,2013,O,LF3,FALSE,Seed,LF,0,0,0,0,0,0,0,0,0,0,0,0,0,0,0,0,0,1
LF3_O3,33,Aug,2014,O,LF3,FALSE,Seed,LF,0,0,0,0,0,0,0,0,6,0,0,0,0,0,0,0,1,1
LF3_O3,33,Aug,2015,O,LF3,FALSE,Seed,LF,0,0,0,1,0,0,0,0,4,0,0,0,0,0,0,0,0,1
LF3_O3,33,Nov,2013,O,LF3,FALSE,Seed,LF,0,0,0,0,0,0,0,0,0,0,0,0,0,0,0,0,0,0
LF3_O3,33,Nov,2014,O,LF3,FALSE,Seed,LF,0,0,0,0,0,0,0,0,7,0,0,0,0,0,0,0,0,2
LF3_O3,33,Nov,2015,O,LF3,FALSE,Seed,LF,0,0,0,1,0,0,0,0,2,0,0,0,0,0,0,0,0,1
LF3_O4,34,Aug,2013,O,LF3,FALSE,Seed,LF,0,0,0,0,0,0,0,0,0,0,0,0,0,0,0,0,0,0
LF3_O4,34,Aug,2014,O,LF3,FALSE,Seed,LF,0,0,0,0,0,0,0,0,2,0,1,0,0,0,0,0,4,0
LF3_O4,34,Aug,2015,O,LF3,FALSE,Seed,LF,0,0,0,0,0,0,0,0,8,0,4,0,0,0,0,0,5,1
LF3_O4,34,Nov,2013,O,LF3,FALSE,Seed,LF,0,0,0,0,0,0,0,0,0,0,0,0,0,0,0,0,0,0
LF3_O4,34,Nov,2014,O,LF3,FALSE,Seed,LF,0,0,0,0,0,0,0,0,14,0,5,0,0,0,0,0,4,0
LF3_O4,34,Nov,2015,O,LF3,FALSE,Seed,LF,0,0,0,0,0,0,0,0,1,0,3,0,0,0,0,0,5,1
LF3_O5,35,Aug,2013,O,LF3,FALSE,Seed,LF,0,0,0,0,0,0,0,0,0,0,0,0,0,0,0,0,0,1
LF3_O5,35,Aug,2014,O,LF3,FALSE,Seed,LF,0,0,0,0,0,0,0,0,6,0,0,0,0,0,0,0,0,0
LF3_O5,35,Aug,2015,O,LF3,FALSE,Seed,LF,0,0,0,0,0,0,0,0,6,0,0,0,0,0,0,0,0,0
LF3_O5,35,Nov,2013,O,LF3,FALSE,Seed,LF,0,0,0,0,0,0,0,0,0,0,0,0,0,0,0,0,0,0
LF3_O5,35,Nov,2014,O,LF3,FALSE,Seed,LF,0,0,0,0,0,0,0,0,8,0,0,0,0,0,0,0,0,0
LF3_O5,35,Nov,2015,O,LF3,FALSE,Seed,LF,0,0,0,0,0,0,0,0,4,0,0,0,0,0,0,0,0,0
LF3_O6,36,Aug,2013,O,LF3,FALSE,Seed,LF,0,1,0,0,0,0,0,0,0,0,0,0,0,0,0,0,0,0
LF3_O6,36,Aug,2014,O,LF3,FALSE,Seed,LF,0,0,0,0,0,0,0,0,10,0,1,0,0,0,0,0,9,0
LF3_O6,36,Aug,2015,O,LF3,FALSE,Seed,LF,0,0,0,1,0,0,0,0,3,0,4,0,0,0,0,0,4,1
LF3_O6,36,Nov,2013,O,LF3,FALSE,Seed,LF,0,0,0,0,0,0,0,0,0,0,0,0,0,0,0,0,0,0
LF3_O6,36,Nov,2014,O,LF3,FALSE,Seed,LF,0,0,0,0,0,0,0,0,9,0,6,0,0,0,0,0,9,0
LF3_O6,36,Nov,2015,O,LF3,FALSE,Seed,LF,0,0,0,1,0,0,0,0,3,0,2,0,0,0,0,0,10,0
LF3_O7,37,Aug,2013,O,LF3,FALSE,Seed,LF,0,0,0,0,0,0,0,0,0,0,0,0,0,0,0,0,0,0
LF3_O7,37,Aug,2014,O,LF3,FALSE,Seed,LF,0,0,0,0,0,0,0,0,5,0,0,0,0,0,0,0,1,0
LF3_O7,37,Aug,2015,O,LF3,FALSE,Seed,LF,0,0,0,0,0,0,0,0,7,0,0,0,0,0,0,0,1,0
LF3_O7,37,Nov,2013,O,LF3,FALSE,Seed,LF,0,0,0,0,0,0,0,0,0,0,0,0,0,0,0,0,0,0
LF3_O7,37,Nov,2014,O,LF3,FALSE,Seed,LF,0,0,0,0,0,0,0,0,3,0,2,0,0,0,0,0,1,0
LF3_O7,37,Nov,2015,O,LF3,FALSE,Seed,LF,0,0,0,0,0,0,0,0,1,0,2,0,0,0,0,0,1,0
LF3_O8,38,Aug,2013,O,LF3,FALSE,Seed,LF,0,0,0,0,0,0,0,0,0,0,0,0,0,0,0,0,0,0
LF3_O8,38,Aug,2014,O,LF3,FALSE,Seed,LF,0,0,0,0,0,0,0,0,4,0,0,0,0,0,0,0,5,0
LF3_O8,38,Aug,2015,O,LF3,FALSE,Seed,LF,0,0,0,0,0,0,0,0,3,0,0,0,0,0,0,0,5,0
LF3_O8,38,Nov,2013,O,LF3,FALSE,Seed,LF,0,0,0,0,0,0,0,0,0,0,0,0,0,0,0,0,0,0
LF3_O8,38,Nov,2014,O,LF3,FALSE,Seed,LF,0,0,0,0,0,0,0,0,6,0,3,0,0,0,0,0,8,0
LF3_O8,38,Nov,2015,O,LF3,FALSE,Seed,LF,0,0,0,0,0,0,0,0,0,0,1,0,0,0,0,0,8,0
LF3_O9,39,Aug,2013,O,LF3,FALSE,Seed,LF,0,0,0,0,0,0,0,0,0,0,0,0,0,0,0,0,0,0
LF3_O9,39,Aug,2014,O,LF3,FALSE,Seed,LF,0,0,0,0,0,0,0,0,0,0,0,0,0,0,0,0,0,0
LF3_O9,39,Aug,2015,O,LF3,FALSE,Seed,LF,0,0,0,0,0,0,0,0,0,0,0,0,0,0,0,0,0,0
LF3_O9,39,Nov,2013,O,LF3,FALSE,Seed,LF,0,0,0,0,0,0,0,0,0,0,0,0,0,0,0,0,0,0
LF3_O9,39,Nov,2014,O,LF3,FALSE,Seed,LF,0,0,0,0,0,0,0,0,0,0,0,0,0,0,0,0,0,0
LF3_O9,39,Nov,2015,O,LF3,FALSE,Seed,LF,0,0,0,0,0,0,0,0,0,0,0,0,0,0,0,0,0,0
LF1_OB1,1,Aug,2013,OB,LF1,FALSE,Brush,LF,0,0,0,0,0,0,0,0,0,0,0,0,0,0,0,0,0,0
LF1_OB1,1,Aug,2014,OB,LF1,FALSE,Brush,LF,0,0,0,0,0,0,0,0,5,0,0,0,0,0,0,0,0,0
LF1_OB1,1,Aug,2015,OB,LF1,FALSE,Brush,LF,0,0,0,0,0,0,0,0,5,0,0,0,0,0,0,0,0,0
LF1_OB1,1,Nov,2013,OB,LF1,FALSE,Brush,LF,0,0,0,0,0,0,0,0,0,0,0,0,0,0,0,0,0,0
LF1_OB1,1,Nov,2014,OB,LF1,FALSE,Brush,LF,0,0,0,0,0,0,0,0,5,0,0,0,0,0,0,0,0,0
LF1_OB1,1,Nov,2015,OB,LF1,FALSE,Brush,LF,0,0,0,0,0,0,0,0,4,0,0,0,0,0,0,0,0,0
LF1_OB10,10,Aug,2013,OB,LF1,FALSE,Brush,LF,0,0,0,0,0,0,0,0,0,0,0,0,0,0,0,0,0,0
LF1_OB10,10,Aug,2014,OB,LF1,FALSE,Brush,LF,0,0,0,0,0,0,0,0,0,0,0,0,0,0,0,0,0,0
LF1_OB10,10,Aug,2015,OB,LF1,FALSE,Brush,LF,0,0,0,0,0,0,0,0,0,0,0,0,0,0,0,0,0,0
LF1_OB10,10,Nov,2013,OB,LF1,FALSE,Brush,LF,0,0,0,0,0,0,0,0,0,0,0,0,0,0,0,0,0,0
LF1_OB10,10,Nov,2014,OB,LF1,FALSE,Brush,LF,0,0,0,0,0,0,0,0,0,0,0,0,0,0,0,0,0,0
LF1_OB10,10,Nov,2015,OB,LF1,FALSE,Brush,LF,0,0,0,0,0,0,0,0,0,0,0,0,0,0,0,0,0,0
LF1_OB11,11,Aug,2013,OB,LF1,FALSE,Brush,LF,0,0,0,0,0,0,0,0,0,0,0,0,0,0,0,0,0,5
LF1_OB11,11,Aug,2014,OB,LF1,FALSE,Brush,LF,0,0,0,0,0,0,0,0,2,0,2,0,0,0,0,0,0,2
LF1_OB11,11,Aug,2015,OB,LF1,FALSE,Brush,LF,0,0,0,0,0,0,0,0,3,0,1,0,0,0,0,0,0,2
LF1_OB11,11,Nov,2013,OB,LF1,FALSE,Brush,LF,0,0,0,0,0,0,0,0,0,0,0,0,0,0,0,0,0,0
LF1_OB11,11,Nov,2014,OB,LF1,FALSE,Brush,LF,0,0,0,0,0,0,0,0,3,0,2,0,0,0,0,0,0,2
LF1_OB11,11,Nov,2015,OB,LF1,FALSE,Brush,LF,0,0,0,0,0,0,0,0,3,0,1,0,0,0,0,0,0,2
LF1_OB12,12,Aug,2013,OB,LF1,FALSE,Brush,LF,0,0,0,0,0,0,0,0,0,0,0,0,0,0,0,0,0,0
LF1_OB12,12,Aug,2014,OB,LF1,FALSE,Brush,LF,0,0,0,0,0,0,0,0,5,0,0,0,0,0,0,0,0,1
LF1_OB12,12,Aug,2015,OB,LF1,FALSE,Brush,LF,0,0,0,0,0,0,0,0,3,0,0,0,0,0,0,0,0,1
LF1_OB12,12,Nov,2013,OB,LF1,FALSE,Brush,LF,0,0,0,0,0,0,0,0,0,0,0,0,0,0,0,0,0,0
LF1_OB12,12,Nov,2014,OB,LF1,FALSE,Brush,LF,0,0,0,0,0,0,0,0,2,0,0,0,0,0,0,0,0,1
LF1_OB12,12,Nov,2015,OB,LF1,FALSE,Brush,LF,0,0,0,0,0,0,0,0,2,0,0,0,0,0,0,0,0,1
LF1_OB13,13,Aug,2013,OB,LF1,FALSE,Brush,LF,0,0,0,0,0,0,0,0,0,0,0,2,0,0,0,0,0,0
LF1_OB13,13,Aug,2014,OB,LF1,FALSE,Brush,LF,0,0,1,0,0,0,0,0,0,0,0,0,0,0,0,0,0,0
LF1_OB13,13,Aug,2015,OB,LF1,FALSE,Brush,LF,0,0,0,0,0,0,0,0,0,0,0,0,0,0,0,0,0,0
LF1_OB13,13,Nov,2013,OB,LF1,FALSE,Brush,LF,0,0,0,0,0,0,0,0,0,0,0,0,0,0,0,0,0,0
LF1_OB13,13,Nov,2014,OB,LF1,FALSE,Brush,LF,0,0,1,0,0,0,0,0,1,0,0,0,0,0,0,0,0,0
LF1_OB13,13,Nov,2015,OB,LF1,FALSE,Brush,LF,0,0,0,0,0,0,0,0,0,0,0,0,0,0,0,0,0,0
LF1_OB14,14,Aug,2013,OB,LF1,FALSE,Brush,LF,0,0,0,0,0,0,0,0,0,0,0,0,0,0,0,0,0,0
LF1_OB14,14,Aug,2014,OB,LF1,FALSE,Brush,LF,0,0,0,0,0,0,0,0,0,0,0,0,0,0,0,0,0,0
LF1_OB14,14,Aug,2015,OB,LF1,FALSE,Brush,LF,0,0,0,0,0,0,0,0,0,0,0,0,0,0,0,0,0,0
LF1_OB14,14,Nov,2013,OB,LF1,FALSE,Brush,LF,0,0,0,0,0,0,0,0,0,0,0,0,0,0,0,0,0,0
LF1_OB14,14,Nov,2014,OB,LF1,FALSE,Brush,LF,0,0,0,0,0,0,0,0,1,0,0,0,0,0,0,0,0,0
LF1_OB14,14,Nov,2015,OB,LF1,FALSE,Brush,LF,0,0,0,0,0,0,0,0,0,0,0,0,0,0,0,0,0,0
LF1_OB15,15,Aug,2013,OB,LF1,FALSE,Brush,LF,0,0,0,0,0,0,0,0,0,0,0,1,0,0,0,0,0,0
LF1_OB15,15,Aug,2014,OB,LF1,FALSE,Brush,LF,0,0,0,0,0,0,0,0,0,0,0,0,0,0,0,0,0,1
LF1_OB15,15,Aug,2015,OB,LF1,FALSE,Brush,LF,0,0,0,0,0,0,0,0,0,0,1,0,0,0,0,0,0,0
LF1_OB15,15,Nov,2013,OB,LF1,FALSE,Brush,LF,0,0,0,0,0,0,0,0,0,0,0,0,0,0,0,0,0,0
LF1_OB15,15,Nov,2014,OB,LF1,FALSE,Brush,LF,0,0,0,0,0,0,0,0,0,0,0,0,0,0,0,0,0,1
LF1_OB15,15,Nov,2015,OB,LF1,FALSE,Brush,LF,0,0,0,0,0,0,0,0,0,0,1,0,0,0,0,0,0,1
LF1_OB2,2,Aug,2013,OB,LF1,FALSE,Brush,LF,0,1,0,0,0,0,0,0,0,0,0,2,0,0,0,0,0,0
LF1_OB2,2,Aug,2014,OB,LF1,FALSE,Brush,LF,0,0,0,1,0,0,0,0,8,0,0,0,0,0,0,0,0,0
LF1_OB2,2,Aug,2015,OB,LF1,FALSE,Brush,LF,0,0,0,0,0,0,0,0,4,0,0,0,0,0,0,0,0,0
LF1_OB2,2,Nov,2013,OB,LF1,FALSE,Brush,LF,0,0,0,0,0,0,0,0,0,0,0,0,0,0,0,0,0,1
LF1_OB2,2,Nov,2014,OB,LF1,FALSE,Brush,LF,0,0,0,0,0,0,0,0,4,0,0,0,0,0,0,0,0,0
LF1_OB2,2,Nov,2015,OB,LF1,FALSE,Brush,LF,0,0,0,0,0,0,0,0,4,0,0,0,0,0,0,0,0,0
LF1_OB3,3,Aug,2013,OB,LF1,FALSE,Brush,LF,0,0,0,0,0,0,0,0,0,0,0,3,0,0,0,0,0,0
LF1_OB3,3,Aug,2014,OB,LF1,FALSE,Brush,LF,0,0,0,0,0,0,0,0,6,0,0,0,0,0,0,0,0,0
LF1_OB3,3,Aug,2015,OB,LF1,FALSE,Brush,LF,0,0,0,0,0,0,0,0,6,0,0,0,0,0,0,0,0,0
LF1_OB3,3,Nov,2013,OB,LF1,FALSE,Brush,LF,0,0,0,0,0,0,0,0,0,0,0,0,0,0,0,0,0,0
LF1_OB3,3,Nov,2014,OB,LF1,FALSE,Brush,LF,0,0,0,0,0,0,0,0,10,0,0,0,0,0,0,0,1,0
LF1_OB3,3,Nov,2015,OB,LF1,FALSE,Brush,LF,0,0,0,0,0,0,0,0,5,0,0,0,0,0,0,0,0,1
LF1_OB4,4,Aug,2013,OB,LF1,FALSE,Brush,LF,0,0,0,0,0,0,0,0,0,0,0,0,0,0,0,0,0,0
LF1_OB4,4,Aug,2014,OB,LF1,FALSE,Brush,LF,0,0,0,0,0,0,0,0,0,0,0,0,0,0,0,0,0,0
LF1_OB4,4,Aug,2015,OB,LF1,FALSE,Brush,LF,0,0,0,0,0,0,0,0,0,0,0,0,0,0,0,0,0,0
LF1_OB4,4,Nov,2013,OB,LF1,FALSE,Brush,LF,0,0,0,0,0,0,0,0,0,0,0,0,0,0,0,0,0,0
LF1_OB4,4,Nov,2014,OB,LF1,FALSE,Brush,LF,0,0,0,0,0,0,0,0,0,0,1,0,0,0,0,0,1,0
LF1_OB4,4,Nov,2015,OB,LF1,FALSE,Brush,LF,0,0,0,0,0,0,0,0,0,0,0,0,0,0,0,0,0,0
LF1_OB5,5,Aug,2013,OB,LF1,FALSE,Brush,LF,0,0,0,0,0,0,0,0,0,0,0,0,0,0,0,0,0,0
LF1_OB5,5,Aug,2014,OB,LF1,FALSE,Brush,LF,0,0,0,0,0,0,0,0,0,0,0,0,0,0,0,0,0,1
LF1_OB5,5,Aug,2015,OB,LF1,FALSE,Brush,LF,0,0,0,0,0,0,0,0,1,0,0,0,0,0,0,0,0,1
LF1_OB5,5,Nov,2013,OB,LF1,FALSE,Brush,LF,0,0,0,0,0,0,0,0,0,0,0,0,0,0,0,0,0,0
LF1_OB5,5,Nov,2014,OB,LF1,FALSE,Brush,LF,0,0,0,1,0,0,0,0,1,0,0,0,0,0,0,0,0,2
LF1_OB5,5,Nov,2015,OB,LF1,FALSE,Brush,LF,0,0,0,0,0,0,0,0,1,0,0,0,0,0,0,0,0,0
LF1_OB6,6,Aug,2013,OB,LF1,FALSE,Brush,LF,0,0,0,0,0,0,0,0,0,0,0,0,0,0,0,0,0,0
LF1_OB6,6,Aug,2014,OB,LF1,FALSE,Brush,LF,0,0,0,0,0,0,0,0,1,0,0,0,0,0,0,0,0,0
LF1_OB6,6,Aug,2015,OB,LF1,FALSE,Brush,LF,0,0,0,0,0,0,0,0,2,0,0,0,0,0,0,0,0,0
LF1_OB6,6,Nov,2013,OB,LF1,FALSE,Brush,LF,0,0,0,0,0,0,0,0,0,0,0,0,0,0,0,0,0,0
LF1_OB6,6,Nov,2014,OB,LF1,FALSE,Brush,LF,0,0,0,0,0,0,0,0,0,0,0,0,0,0,0,0,3,0
LF1_OB6,6,Nov,2015,OB,LF1,FALSE,Brush,LF,0,0,0,0,0,0,0,0,2,0,0,0,0,0,0,0,1,0
LF1_OB7,7,Aug,2013,OB,LF1,FALSE,Brush,LF,0,0,0,0,0,0,0,0,0,0,0,0,0,0,0,0,0,1
LF1_OB7,7,Aug,2014,OB,LF1,FALSE,Brush,LF,0,0,0,0,0,0,0,0,0,0,0,0,0,0,0,0,0,0
LF1_OB7,7,Aug,2015,OB,LF1,FALSE,Brush,LF,0,0,0,1,0,0,0,0,4,0,0,0,0,0,0,0,0,1
LF1_OB7,7,Nov,2013,OB,LF1,FALSE,Brush,LF,0,0,0,0,0,0,0,0,0,0,0,0,0,0,0,0,0,1
LF1_OB7,7,Nov,2014,OB,LF1,FALSE,Brush,LF,0,0,0,1,0,0,0,0,6,0,0,0,0,0,0,0,0,0
LF1_OB7,7,Nov,2015,OB,LF1,FALSE,Brush,LF,0,0,0,1,0,0,0,0,4,0,0,0,0,0,0,0,0,1
LF1_OB8,8,Aug,2013,OB,LF1,FALSE,Brush,LF,0,0,0,0,0,0,0,0,0,0,0,5,0,0,0,0,0,0
LF1_OB8,8,Aug,2014,OB,LF1,FALSE,Brush,LF,0,0,0,0,0,0,0,0,0,0,0,0,0,0,0,0,0,0
LF1_OB8,8,Aug,2015,OB,LF1,FALSE,Brush,LF,0,0,0,0,0,0,0,0,0,0,0,0,0,0,0,0,0,0
LF1_OB8,8,Nov,2013,OB,LF1,FALSE,Brush,LF,0,0,0,0,0,0,0,0,0,0,0,0,0,0,0,0,0,0
LF1_OB8,8,Nov,2014,OB,LF1,FALSE,Brush,LF,0,0,1,1,0,0,0,0,2,0,0,0,0,0,0,0,3,0
LF1_OB8,8,Nov,2015,OB,LF1,FALSE,Brush,LF,0,0,0,0,0,0,0,0,0,0,0,0,0,0,0,0,0,0
LF1_OB9,9,Aug,2013,OB,LF1,FALSE,Brush,LF,0,0,0,0,0,0,0,0,0,0,0,5,0,0,0,0,0,0
LF1_OB9,9,Aug,2014,OB,LF1,FALSE,Brush,LF,0,0,0,0,0,0,0,0,1,0,0,0,0,0,0,0,0,0
LF1_OB9,9,Aug,2015,OB,LF1,FALSE,Brush,LF,0,0,0,0,0,0,0,0,0,0,0,0,0,0,0,0,0,0
LF1_OB9,9,Nov,2013,OB,LF1,FALSE,Brush,LF,0,0,0,0,0,0,0,0,0,0,0,0,0,0,0,0,0,0
LF1_OB9,9,Nov,2014,OB,LF1,FALSE,Brush,LF,0,0,0,0,0,0,0,0,1,0,0,0,0,0,0,0,0,0
LF1_OB9,9,Nov,2015,OB,LF1,FALSE,Brush,LF,0,0,1,0,0,0,0,0,0,0,0,0,0,0,0,0,0,0
LF2_OB1,16,Aug,2013,OB,LF2,FALSE,Brush,LF,0,0,0,0,0,0,0,0,0,0,0,0,0,0,0,0,0,0
LF2_OB1,16,Aug,2014,OB,LF2,FALSE,Brush,LF,0,0,0,0,0,0,0,0,0,0,0,0,0,0,0,0,0,0
LF2_OB1,16,Aug,2015,OB,LF2,FALSE,Brush,LF,0,0,0,1,0,0,0,0,0,0,0,0,0,0,0,0,0,0
LF2_OB1,16,Nov,2013,OB,LF2,FALSE,Brush,LF,0,0,0,0,0,0,0,0,0,0,0,0,0,0,0,0,0,0
LF2_OB1,16,Nov,2014,OB,LF2,FALSE,Brush,LF,0,0,0,0,0,0,0,0,0,0,0,0,0,0,0,0,1,0
LF2_OB1,16,Nov,2015,OB,LF2,FALSE,Brush,LF,0,0,0,0,0,0,0,0,0,0,0,0,0,0,0,0,0,0
LF2_OB10,25,Aug,2013,OB,LF2,FALSE,Brush,LF,0,0,0,0,0,0,0,0,0,0,0,0,0,0,0,0,0,0
LF2_OB10,25,Aug,2014,OB,LF2,FALSE,Brush,LF,0,0,0,0,0,0,0,0,3,0,0,0,0,0,0,0,0,0
LF2_OB10,25,Aug,2015,OB,LF2,FALSE,Brush,LF,0,0,0,0,0,0,0,0,3,0,0,0,0,0,0,0,0,0
LF2_OB10,25,Nov,2013,OB,LF2,FALSE,Brush,LF,0,0,0,0,0,0,0,0,0,0,0,0,0,0,0,0,0,0
LF2_OB10,25,Nov,2014,OB,LF2,FALSE,Brush,LF,0,0,0,0,0,0,0,0,2,0,0,0,0,0,0,0,0,0
LF2_OB10,25,Nov,2015,OB,LF2,FALSE,Brush,LF,0,0,0,0,0,0,0,0,3,0,0,0,0,0,0,0,0,0
LF2_OB11,26,Aug,2013,OB,LF2,FALSE,Brush,LF,0,1,0,0,0,0,0,0,0,0,0,3,0,0,0,0,0,1
LF2_OB11,26,Aug,2014,OB,LF2,FALSE,Brush,LF,0,1,0,0,0,0,0,0,3,0,0,0,0,0,0,0,3,0
LF2_OB11,26,Aug,2015,OB,LF2,FALSE,Brush,LF,0,1,0,0,0,0,0,0,5,0,0,0,0,0,0,0,6,1
LF2_OB11,26,Nov,2013,OB,LF2,FALSE,Brush,LF,0,0,0,0,0,0,0,0,0,0,0,0,0,0,0,0,0,0
LF2_OB11,26,Nov,2014,OB,LF2,FALSE,Brush,LF,0,1,0,0,0,0,0,0,8,0,0,0,0,0,0,0,6,0
LF2_OB11,26,Nov,2015,OB,LF2,FALSE,Brush,LF,0,1,0,0,0,0,0,0,4,0,0,0,0,0,0,0,6,1
LF2_OB12,27,Aug,2013,OB,LF2,FALSE,Brush,LF,0,0,0,0,0,0,0,0,0,0,0,0,0,0,0,0,0,0
LF2_OB12,27,Aug,2014,OB,LF2,FALSE,Brush,LF,0,0,0,0,0,0,0,0,0,0,0,0,0,0,0,0,0,0
LF2_OB12,27,Aug,2015,OB,LF2,FALSE,Brush,LF,0,0,0,0,0,0,0,0,0,0,0,0,0,0,0,0,0,0
LF2_OB12,27,Nov,2013,OB,LF2,FALSE,Brush,LF,0,0,0,0,0,0,0,0,0,0,0,0,0,0,0,0,0,0
LF2_OB12,27,Nov,2014,OB,LF2,FALSE,Brush,LF,0,0,0,0,0,0,0,0,0,0,0,0,0,0,0,0,0,0
LF2_OB12,27,Nov,2015,OB,LF2,FALSE,Brush,LF,0,0,0,0,0,0,0,0,0,0,0,0,0,0,0,0,0,0
LF2_OB13,28,Aug,2013,OB,LF2,FALSE,Brush,LF,0,0,0,0,0,0,0,0,0,0,0,1,0,0,0,0,0,0
LF2_OB13,28,Aug,2014,OB,LF2,FALSE,Brush,LF,0,1,0,1,0,0,0,0,4,0,2,0,0,0,0,0,0,0
LF2_OB13,28,Aug,2015,OB,LF2,FALSE,Brush,LF,0,1,0,0,0,0,0,0,0,0,2,0,0,0,0,0,1,0
LF2_OB13,28,Nov,2013,OB,LF2,FALSE,Brush,LF,0,1,0,0,0,0,0,0,0,0,0,0,0,0,0,0,0,0
LF2_OB13,28,Nov,2014,OB,LF2,FALSE,Brush,LF,0,1,0,0,0,0,0,0,4,0,3,0,0,0,0,0,3,0
LF2_OB13,28,Nov,2015,OB,LF2,FALSE,Brush,LF,0,1,0,0,0,0,0,0,0,0,2,0,0,0,0,0,5,0
LF2_OB14,29,Aug,2013,OB,LF2,FALSE,Brush,LF,0,0,0,0,0,0,0,0,0,0,0,0,0,0,0,0,0,0
LF2_OB14,29,Aug,2014,OB,LF2,FALSE,Brush,LF,0,0,0,0,0,0,0,0,1,0,0,0,0,0,0,0,0,0
LF2_OB14,29,Aug,2015,OB,LF2,FALSE,Brush,LF,0,0,0,0,0,0,0,0,3,0,1,0,0,0,0,0,0,0
LF2_OB14,29,Nov,2013,OB,LF2,FALSE,Brush,LF,0,0,0,0,0,0,0,0,0,0,0,0,0,0,0,0,0,0
LF2_OB14,29,Nov,2014,OB,LF2,FALSE,Brush,LF,0,0,0,1,0,0,0,0,7,0,0,0,0,0,0,0,0,0
LF2_OB14,29,Nov,2015,OB,LF2,FALSE,Brush,LF,0,0,0,1,0,0,0,0,4,0,1,0,0,0,0,0,0,0
LF2_OB15,30,Aug,2013,OB,LF2,FALSE,Brush,LF,0,0,0,0,0,0,0,0,0,0,0,1,0,0,0,0,0,1
LF2_OB15,30,Aug,2014,OB,LF2,FALSE,Brush,LF,0,0,0,0,0,0,0,0,3,0,0,0,0,0,0,0,5,0
LF2_OB15,30,Aug,2015,OB,LF2,FALSE,Brush,LF,0,0,0,0,0,0,0,0,0,0,0,0,0,0,0,0,10,0
LF2_OB15,30,Nov,2013,OB,LF2,FALSE,Brush,LF,0,0,0,0,0,0,0,0,0,0,0,1,0,0,0,0,0,1
LF2_OB15,30,Nov,2014,OB,LF2,FALSE,Brush,LF,0,0,0,0,0,0,0,0,5,0,0,0,0,0,0,0,0,0
LF2_OB15,30,Nov,2015,OB,LF2,FALSE,Brush,LF,0,0,0,0,0,0,0,0,2,0,0,0,0,0,0,0,8,0
LF2_OB2,17,Aug,2013,OB,LF2,FALSE,Brush,LF,0,0,0,0,0,0,0,0,0,0,0,0,0,0,0,0,0,0
LF2_OB2,17,Aug,2014,OB,LF2,FALSE,Brush,LF,0,0,0,0,0,0,0,0,5,0,0,0,0,0,0,0,1,1
LF2_OB2,17,Aug,2015,OB,LF2,FALSE,Brush,LF,0,0,0,0,0,0,0,0,0,0,0,0,0,0,0,0,9,1
LF2_OB2,17,Nov,2013,OB,LF2,FALSE,Brush,LF,0,0,0,0,0,0,0,0,0,0,0,0,0,0,0,0,0,0
LF2_OB2,17,Nov,2014,OB,LF2,FALSE,Brush,LF,0,0,0,0,0,0,0,0,5,0,0,0,0,0,0,0,1,0
LF2_OB2,17,Nov,2015,OB,LF2,FALSE,Brush,LF,0,0,0,0,0,0,0,0,6,0,0,0,0,0,0,0,2,1
LF2_OB3,18,Aug,2013,OB,LF2,FALSE,Brush,LF,0,0,0,0,0,0,0,0,0,0,0,0,0,0,0,0,0,0
LF2_OB3,18,Aug,2014,OB,LF2,FALSE,Brush,LF,0,0,0,0,0,0,0,1,0,0,0,0,0,0,0,0,0,0
LF2_OB3,18,Aug,2015,OB,LF2,FALSE,Brush,LF,0,0,0,0,0,0,0,0,0,0,0,0,0,0,0,0,0,0
LF2_OB3,18,Nov,2013,OB,LF2,FALSE,Brush,LF,0,0,0,0,0,0,0,0,0,0,0,0,0,0,0,0,0,0
LF2_OB3,18,Nov,2014,OB,LF2,FALSE,Brush,LF,0,0,0,0,0,0,0,0,0,0,0,0,0,0,0,0,0,0
LF2_OB3,18,Nov,2015,OB,LF2,FALSE,Brush,LF,0,0,0,0,0,0,0,0,0,0,0,0,0,0,0,0,0,0
LF2_OB4,19,Aug,2013,OB,LF2,FALSE,Brush,LF,0,0,0,0,0,0,0,0,0,0,0,0,0,0,0,0,0,0
LF2_OB4,19,Aug,2014,OB,LF2,FALSE,Brush,LF,0,0,0,0,0,0,0,0,0,0,0,0,0,0,0,0,0,0
LF2_OB4,19,Aug,2015,OB,LF2,FALSE,Brush,LF,0,0,0,0,0,0,0,0,0,0,0,0,0,0,0,0,1,0
LF2_OB4,19,Nov,2013,OB,LF2,FALSE,Brush,LF,0,0,0,0,0,0,0,0,0,0,0,0,0,0,0,0,0,0
LF2_OB4,19,Nov,2014,OB,LF2,FALSE,Brush,LF,0,0,0,0,0,0,0,0,3,0,0,0,0,0,0,0,0,0
LF2_OB4,19,Nov,2015,OB,LF2,FALSE,Brush,LF,0,0,0,0,0,0,0,0,2,0,0,0,0,0,0,0,1,0
LF2_OB5,20,Aug,2013,OB,LF2,FALSE,Brush,LF,0,0,0,0,0,0,0,0,0,0,0,0,0,0,0,0,0,0
LF2_OB5,20,Aug,2014,OB,LF2,FALSE,Brush,LF,0,0,0,0,0,0,0,0,0,0,0,0,0,0,0,0,1,0
LF2_OB5,20,Aug,2015,OB,LF2,FALSE,Brush,LF,0,0,0,1,0,0,0,0,1,0,0,0,0,0,0,0,5,0
LF2_OB5,20,Nov,2013,OB,LF2,FALSE,Brush,LF,0,0,0,0,0,0,0,0,0,0,0,0,0,0,0,0,0,0
LF2_OB5,20,Nov,2014,OB,LF2,FALSE,Brush,LF,0,0,0,2,0,0,0,0,1,0,0,0,0,0,0,0,4,0
LF2_OB5,20,Nov,2015,OB,LF2,FALSE,Brush,LF,0,0,0,2,0,0,0,0,1,0,0,0,0,0,0,0,5,0
LF2_OB6,21,Aug,2013,OB,LF2,FALSE,Brush,LF,0,0,0,0,0,0,0,0,0,0,0,0,0,0,0,0,0,2
LF2_OB6,21,Aug,2014,OB,LF2,FALSE,Brush,LF,0,0,0,0,0,0,0,0,4,0,0,0,0,0,0,0,1,1
LF2_OB6,21,Aug,2015,OB,LF2,FALSE,Brush,LF,0,0,0,0,0,0,0,0,14,0,0,0,0,0,0,0,2,0
LF2_OB6,21,Nov,2013,OB,LF2,FALSE,Brush,LF,0,0,0,0,0,0,0,0,0,0,0,0,0,0,0,0,0,1
LF2_OB6,21,Nov,2014,OB,LF2,FALSE,Brush,LF,0,0,0,0,0,0,0,0,18,0,0,0,0,0,0,0,1,2
LF2_OB6,21,Nov,2015,OB,LF2,FALSE,Brush,LF,0,0,0,0,0,0,0,0,6,0,0,0,0,0,0,0,2,0
LF2_OB7,22,Aug,2013,OB,LF2,FALSE,Brush,LF,0,0,0,0,0,0,0,0,0,0,0,0,0,0,0,0,0,0
LF2_OB7,22,Aug,2014,OB,LF2,FALSE,Brush,LF,0,0,0,0,0,0,0,0,0,0,0,0,0,0,0,0,0,1
LF2_OB7,22,Aug,2015,OB,LF2,FALSE,Brush,LF,0,0,0,1,0,0,0,0,0,0,0,0,0,0,0,0,1,1
LF2_OB7,22,Nov,2013,OB,LF2,FALSE,Brush,LF,0,0,0,0,0,0,0,0,0,0,0,0,0,0,0,0,0,0
LF2_OB7,22,Nov,2014,OB,LF2,FALSE,Brush,LF,0,0,0,0,0,0,0,0,0,0,0,0,0,0,0,0,0,0
LF2_OB7,22,Nov,2015,OB,LF2,FALSE,Brush,LF,0,0,0,1,0,0,0,0,0,0,0,0,0,0,0,0,1,1
LF2_OB8,23,Aug,2013,OB,LF2,FALSE,Brush,LF,0,0,0,0,0,0,0,0,0,0,0,0,0,0,0,0,0,0
LF2_OB8,23,Aug,2014,OB,LF2,FALSE,Brush,LF,0,0,0,0,0,0,0,0,2,0,0,0,0,0,0,0,0,0
LF2_OB8,23,Aug,2015,OB,LF2,FALSE,Brush,LF,0,0,0,2,0,0,0,0,2,0,0,0,0,0,0,0,0,0
LF2_OB8,23,Nov,2013,OB,LF2,FALSE,Brush,LF,0,0,0,0,0,0,0,0,0,0,0,0,0,0,0,0,0,0
LF2_OB8,23,Nov,2014,OB,LF2,FALSE,Brush,LF,0,0,0,0,0,0,0,0,4,0,0,0,0,0,0,0,0,0
LF2_OB8,23,Nov,2015,OB,LF2,FALSE,Brush,LF,0,0,0,2,0,0,0,0,1,0,0,0,0,0,0,0,0,0
LF2_OB9,24,Aug,2013,OB,LF2,FALSE,Brush,LF,0,0,0,0,0,0,0,0,0,0,0,0,0,0,0,0,0,0
LF2_OB9,24,Aug,2014,OB,LF2,FALSE,Brush,LF,0,0,0,0,0,1,0,0,1,0,0,0,0,0,0,0,5,0
LF2_OB9,24,Aug,2015,OB,LF2,FALSE,Brush,LF,0,0,0,0,0,1,0,0,1,0,0,0,0,0,0,0,5,0
LF2_OB9,24,Nov,2013,OB,LF2,FALSE,Brush,LF,0,0,0,0,0,0,0,0,0,0,0,0,0,0,0,0,0,0
LF2_OB9,24,Nov,2014,OB,LF2,FALSE,Brush,LF,0,0,0,0,0,1,0,0,1,0,0,0,0,0,0,0,5,0
LF2_OB9,24,Nov,2015,OB,LF2,FALSE,Brush,LF,0,0,0,0,0,1,0,0,1,0,0,0,0,0,0,0,4,0
LF3_OB1,31,Aug,2013,OB,LF3,FALSE,Brush,LF,0,0,0,0,0,0,0,0,0,0,0,0,0,0,0,0,0,0
LF3_OB1,31,Aug,2014,OB,LF3,FALSE,Brush,LF,0,0,0,0,0,0,0,0,1,0,0,0,0,0,0,0,1,0
LF3_OB1,31,Aug,2015,OB,LF3,FALSE,Brush,LF,0,0,0,1,0,0,0,0,2,0,0,0,0,0,0,0,2,1
LF3_OB1,31,Nov,2013,OB,LF3,FALSE,Brush,LF,0,0,0,0,0,0,0,0,0,0,0,0,0,0,0,0,0,0
LF3_OB1,31,Nov,2014,OB,LF3,FALSE,Brush,LF,0,0,0,0,0,0,0,0,0,0,0,0,0,0,0,0,0,0
LF3_OB1,31,Nov,2015,OB,LF3,FALSE,Brush,LF,0,0,0,1,0,0,0,0,2,0,1,0,0,0,0,0,2,1
LF3_OB10,40,Aug,2013,OB,LF3,FALSE,Brush,LF,0,0,0,0,0,0,0,0,0,0,0,0,0,0,0,0,0,1
LF3_OB10,40,Aug,2014,OB,LF3,FALSE,Brush,LF,0,0,0,0,0,0,0,0,0,0,0,0,0,0,0,0,0,1
LF3_OB10,40,Aug,2015,OB,LF3,FALSE,Brush,LF,0,0,0,2,0,0,0,0,1,0,0,0,0,0,0,0,3,1
LF3_OB10,40,Nov,2013,OB,LF3,FALSE,Brush,LF,0,0,0,0,0,0,0,0,0,0,0,0,0,0,0,0,0,1
LF3_OB10,40,Nov,2014,OB,LF3,FALSE,Brush,LF,0,0,0,1,0,0,0,0,2,0,0,0,0,0,0,0,1,0
LF3_OB10,40,Nov,2015,OB,LF3,FALSE,Brush,LF,0,0,0,2,0,0,0,0,3,0,0,0,0,0,0,0,2,1
LF3_OB11,41,Aug,2013,OB,LF3,FALSE,Brush,LF,0,0,0,0,0,0,0,0,0,0,0,4,0,0,0,0,0,0
LF3_OB11,41,Aug,2014,OB,LF3,FALSE,Brush,LF,0,0,0,0,0,0,0,0,2,0,0,0,0,0,0,0,1,1
LF3_OB11,41,Aug,2015,OB,LF3,FALSE,Brush,LF,0,0,0,0,0,0,0,0,0,0,0,0,0,0,0,0,3,1
LF3_OB11,41,Nov,2013,OB,LF3,FALSE,Brush,LF,0,0,0,0,0,0,0,0,0,0,0,0,0,0,0,0,0,1
LF3_OB11,41,Nov,2014,OB,LF3,FALSE,Brush,LF,0,0,0,0,0,0,0,0,0,0,0,0,0,0,0,0,3,0
LF3_OB11,41,Nov,2015,OB,LF3,FALSE,Brush,LF,0,0,0,0,0,0,0,0,0,0,0,0,0,0,0,0,1,0
LF3_OB12,42,Aug,2013,OB,LF3,FALSE,Brush,LF,0,0,0,0,0,0,0,0,0,0,0,2,0,0,0,0,0,1
LF3_OB12,42,Aug,2014,OB,LF3,FALSE,Brush,LF,0,0,0,0,0,0,0,0,3,0,0,0,0,0,0,0,2,1
LF3_OB12,42,Aug,2015,OB,LF3,FALSE,Brush,LF,0,0,0,0,0,0,0,0,0,0,0,0,0,0,0,0,6,0
LF3_OB12,42,Nov,2013,OB,LF3,FALSE,Brush,LF,0,0,0,0,0,0,0,0,0,0,0,1,0,0,0,0,0,1
LF3_OB12,42,Nov,2014,OB,LF3,FALSE,Brush,LF,0,0,0,1,0,0,0,0,3,0,0,0,0,0,0,0,7,0
LF3_OB12,42,Nov,2015,OB,LF3,FALSE,Brush,LF,0,0,0,1,0,0,0,0,0,0,0,0,0,0,0,0,7,0
LF3_OB13,43,Aug,2013,OB,LF3,FALSE,Brush,LF,0,0,0,0,0,0,0,0,0,0,0,0,0,0,0,0,0,1
LF3_OB13,43,Aug,2014,OB,LF3,FALSE,Brush,LF,0,0,0,0,0,0,0,0,0,0,0,0,0,0,0,0,0,1
LF3_OB13,43,Aug,2015,OB,LF3,FALSE,Brush,LF,0,0,0,1,0,0,0,0,3,0,0,0,0,0,0,0,3,1
LF3_OB13,43,Nov,2013,OB,LF3,FALSE,Brush,LF,0,0,0,0,0,0,0,0,0,0,0,0,0,0,0,0,0,0
LF3_OB13,43,Nov,2014,OB,LF3,FALSE,Brush,LF,0,0,0,2,0,0,0,0,8,0,0,0,0,0,0,0,0,1
LF3_OB13,43,Nov,2015,OB,LF3,FALSE,Brush,LF,0,0,0,1,0,0,0,0,3,0,0,0,0,0,0,0,3,1
LF3_OB14,44,Aug,2013,OB,LF3,FALSE,Brush,LF,0,0,0,0,0,0,0,0,0,0,0,2,0,0,0,0,0,1
LF3_OB14,44,Aug,2014,OB,LF3,FALSE,Brush,LF,0,0,0,1,0,0,0,1,0,0,1,0,0,0,0,0,0,1
LF3_OB14,44,Aug,2015,OB,LF3,FALSE,Brush,LF,0,0,0,3,0,0,0,0,1,0,0,0,0,0,0,0,0,0
LF3_OB14,44,Nov,2013,OB,LF3,FALSE,Brush,LF,0,0,0,0,0,0,0,0,0,0,0,0,0,0,0,0,0,0
LF3_OB14,44,Nov,2014,OB,LF3,FALSE,Brush,LF,0,0,0,2,0,0,0,0,0,0,1,0,0,0,0,0,0,0
LF3_OB14,44,Nov,2015,OB,LF3,FALSE,Brush,LF,0,0,0,2,0,0,0,0,0,0,0,0,0,0,0,0,0,0
LF3_OB15,45,Aug,2013,OB,LF3,FALSE,Brush,LF,0,0,0,0,0,0,0,0,0,0,0,1,0,0,0,0,0,1
LF3_OB15,45,Aug,2014,OB,LF3,FALSE,Brush,LF,0,0,0,0,0,0,0,0,0,0,0,0,0,0,0,0,0,1
LF3_OB15,45,Aug,2015,OB,LF3,FALSE,Brush,LF,0,0,0,1,0,0,0,0,3,0,0,0,0,0,0,0,0,2
LF3_OB15,45,Nov,2013,OB,LF3,FALSE,Brush,LF,0,0,0,0,0,0,0,0,0,0,0,1,0,0,0,0,0,0
LF3_OB15,45,Nov,2014,OB,LF3,FALSE,Brush,LF,0,0,0,0,0,0,0,0,0,0,0,0,0,0,0,0,0,1
LF3_OB15,45,Nov,2015,OB,LF3,FALSE,Brush,LF,0,0,0,0,0,0,0,0,0,0,0,0,0,0,0,0,0,2
LF3_OB2,32,Aug,2013,OB,LF3,FALSE,Brush,LF,0,1,0,0,0,0,0,0,0,0,0,0,0,0,0,0,0,0
LF3_OB2,32,Aug,2014,OB,LF3,FALSE,Brush,LF,0,1,0,0,0,0,0,0,1,0,1,0,0,0,0,0,2,0
LF3_OB2,32,Aug,2015,OB,LF3,FALSE,Brush,LF,0,1,0,0,0,0,0,0,5,0,0,0,0,0,0,0,2,0
LF3_OB2,32,Nov,2013,OB,LF3,FALSE,Brush,LF,0,0,0,0,0,0,0,0,0,0,0,0,0,0,0,0,0,0
LF3_OB2,32,Nov,2014,OB,LF3,FALSE,Brush,LF,0,1,0,0,0,0,0,0,6,0,2,0,0,0,0,0,2,0
LF3_OB2,32,Nov,2015,OB,LF3,FALSE,Brush,LF,0,1,0,1,0,0,0,0,4,0,0,0,0,0,0,0,2,0
LF3_OB3,33,Aug,2013,OB,LF3,FALSE,Brush,LF,0,0,0,0,0,0,0,0,0,0,0,0,0,0,0,0,0,3
LF3_OB3,33,Aug,2014,OB,LF3,FALSE,Brush,LF,0,0,0,1,0,0,0,1,9,0,0,0,0,0,0,0,0,1
LF3_OB3,33,Aug,2015,OB,LF3,FALSE,Brush,LF,0,0,0,2,0,0,0,0,4,0,0,0,0,0,0,0,0,1
LF3_OB3,33,Nov,2013,OB,LF3,FALSE,Brush,LF,0,0,0,0,0,0,0,0,0,0,0,1,0,0,0,0,0,2
LF3_OB3,33,Nov,2014,OB,LF3,FALSE,Brush,LF,0,0,0,2,0,0,0,0,5,0,0,0,0,0,0,0,0,0
LF3_OB3,33,Nov,2015,OB,LF3,FALSE,Brush,LF,0,0,0,2,0,0,0,0,4,0,0,0,0,0,0,0,0,1
LF3_OB4,34,Aug,2013,OB,LF3,FALSE,Brush,LF,0,0,0,0,0,0,0,0,0,0,0,0,0,0,0,0,0,2
LF3_OB4,34,Aug,2014,OB,LF3,FALSE,Brush,LF,0,0,0,0,0,0,0,0,4,0,3,0,0,0,0,0,1,2
LF3_OB4,34,Aug,2015,OB,LF3,FALSE,Brush,LF,0,0,0,0,0,0,0,0,0,0,0,0,0,0,0,0,4,0
LF3_OB4,34,Nov,2013,OB,LF3,FALSE,Brush,LF,0,0,0,0,0,0,0,0,0,0,0,0,0,0,0,0,0,0
LF3_OB4,34,Nov,2014,OB,LF3,FALSE,Brush,LF,0,0,0,0,0,0,0,0,7,0,4,0,0,0,0,0,1,1
LF3_OB4,34,Nov,2015,OB,LF3,FALSE,Brush,LF,0,0,0,4,0,0,0,0,4,0,7,0,0,0,0,0,2,0
LF3_OB5,35,Aug,2013,OB,LF3,FALSE,Brush,LF,0,0,0,0,0,0,0,0,0,0,0,0,0,0,0,0,0,2
LF3_OB5,35,Aug,2014,OB,LF3,FALSE,Brush,LF,0,0,0,0,0,0,0,0,0,0,0,0,0,0,0,0,4,1
LF3_OB5,35,Aug,2015,OB,LF3,FALSE,Brush,LF,0,0,0,0,0,0,0,0,1,0,0,0,0,0,0,0,5,2
LF3_OB5,35,Nov,2013,OB,LF3,FALSE,Brush,LF,0,0,0,0,0,0,0,0,0,0,0,0,0,0,0,0,0,3
LF3_OB5,35,Nov,2014,OB,LF3,FALSE,Brush,LF,0,0,0,0,0,0,0,0,0,0,0,0,0,0,0,0,4,1
LF3_OB5,35,Nov,2015,OB,LF3,FALSE,Brush,LF,0,0,0,0,0,0,0,0,1,0,0,0,0,0,0,0,4,2
LF3_OB6,36,Aug,2013,OB,LF3,FALSE,Brush,LF,0,0,0,0,0,0,0,0,0,0,0,1,0,0,0,0,0,0
LF3_OB6,36,Aug,2014,OB,LF3,FALSE,Brush,LF,0,0,0,1,3,0,0,0,4,0,1,1,0,0,0,0,0,0
LF3_OB6,36,Aug,2015,OB,LF3,FALSE,Brush,LF,0,0,0,1,2,0,0,0,4,0,0,0,0,0,0,0,7,0
LF3_OB6,36,Nov,2013,OB,LF3,FALSE,Brush,LF,0,0,0,0,0,0,0,0,0,0,0,1,0,0,0,0,0,0
LF3_OB6,36,Nov,2014,OB,LF3,FALSE,Brush,LF,0,0,0,1,1,0,0,0,0,0,2,0,0,0,0,0,7,0
LF3_OB6,36,Nov,2015,OB,LF3,FALSE,Brush,LF,0,0,0,1,2,0,0,0,2,0,1,0,0,0,0,0,4,0
LF3_OB7,37,Aug,2013,OB,LF3,FALSE,Brush,LF,0,0,0,0,0,0,0,0,0,0,0,2,0,0,0,0,0,1
LF3_OB7,37,Aug,2014,OB,LF3,FALSE,Brush,LF,0,0,0,0,0,0,0,0,10,0,3,0,0,0,0,0,0,3
LF3_OB7,37,Aug,2015,OB,LF3,FALSE,Brush,LF,0,0,0,0,0,0,0,0,3,0,2,0,0,0,0,0,5,2
LF3_OB7,37,Nov,2013,OB,LF3,FALSE,Brush,LF,0,0,0,0,0,0,0,0,0,0,0,0,0,0,0,0,0,1
LF3_OB7,37,Nov,2014,OB,LF3,FALSE,Brush,LF,0,0,0,0,0,0,0,0,11,0,5,0,0,0,0,0,3,0
LF3_OB7,37,Nov,2015,OB,LF3,FALSE,Brush,LF,0,0,0,1,0,0,0,0,3,0,3,0,0,0,0,0,5,2
LF3_OB8,38,Aug,2013,OB,LF3,FALSE,Brush,LF,0,0,0,0,0,0,0,0,0,0,0,3,0,0,0,0,0,1
LF3_OB8,38,Aug,2014,OB,LF3,FALSE,Brush,LF,0,0,0,0,0,0,0,0,0,0,0,0,0,0,0,0,4,2
LF3_OB8,38,Aug,2015,OB,LF3,FALSE,Brush,LF,0,0,0,1,0,0,0,0,1,0,0,0,0,0,0,0,4,0
LF3_OB8,38,Nov,2013,OB,LF3,FALSE,Brush,LF,0,0,0,0,0,0,0,0,0,4,0,0,0,0,0,0,0,0
LF3_OB8,38,Nov,2014,OB,LF3,FALSE,Brush,LF,0,0,0,1,0,0,0,0,1,0,0,0,0,0,0,0,4,0
LF3_OB8,38,Nov,2015,OB,LF3,FALSE,Brush,LF,0,0,0,2,0,0,0,0,2,0,0,0,0,0,0,0,5,0
LF3_OB9,39,Aug,2013,OB,LF3,FALSE,Brush,LF,0,0,0,0,0,0,0,0,0,0,0,0,0,0,0,0,0,0
LF3_OB9,39,Aug,2014,OB,LF3,FALSE,Brush,LF,0,0,0,2,1,0,0,0,0,0,0,0,0,0,0,0,10,0
LF3_OB9,39,Aug,2015,OB,LF3,FALSE,Brush,LF,0,0,0,2,0,0,0,0,1,0,0,0,0,0,0,0,13,1
LF3_OB9,39,Nov,2013,OB,LF3,FALSE,Brush,LF,0,1,0,0,0,0,0,0,0,0,0,0,0,0,0,0,0,0
LF3_OB9,39,Nov,2014,OB,LF3,FALSE,Brush,LF,0,0,0,2,0,0,0,0,2,0,0,0,0,0,0,0,10,0
LF3_OB9,39,Nov,2015,OB,LF3,FALSE,Brush,LF,0,0,0,2,0,0,0,0,1,0,1,0,0,0,0,0,10,0
LF1_OBN1,1,Aug,2013,OBN,LF1,FALSE,NutBrush,LF,0,5,0,0,0,0,0,0,0,0,0,1,0,0,0,0,0,0
LF1_OBN1,1,Aug,2014,OBN,LF1,FALSE,NutBrush,LF,0,0,0,0,0,0,0,0,0,0,0,0,0,0,0,0,1,0
LF1_OBN1,1,Aug,2015,OBN,LF1,FALSE,NutBrush,LF,0,0,0,0,0,0,0,0,0,0,0,0,0,0,0,0,1,0
LF1_OBN1,1,Nov,2013,OBN,LF1,FALSE,NutBrush,LF,0,3,0,0,0,0,0,0,0,0,0,0,0,0,0,0,0,0
LF1_OBN1,1,Nov,2014,OBN,LF1,FALSE,NutBrush,LF,0,0,0,0,0,0,0,0,0,0,0,0,0,0,0,0,1,0
LF1_OBN1,1,Nov,2015,OBN,LF1,FALSE,NutBrush,LF,0,1,0,0,0,0,0,0,0,0,0,0,0,0,0,0,1,1
LF1_OBN10,10,Aug,2013,OBN,LF1,FALSE,NutBrush,LF,0,3,0,0,0,0,0,0,0,0,0,0,0,0,0,0,0,0
LF1_OBN10,10,Aug,2014,OBN,LF1,FALSE,NutBrush,LF,0,0,0,0,0,0,0,0,2,0,0,0,0,0,0,0,0,0
LF1_OBN10,10,Aug,2015,OBN,LF1,FALSE,NutBrush,LF,0,0,0,0,0,0,0,0,1,0,0,0,0,0,0,0,0,0
LF1_OBN10,10,Nov,2013,OBN,LF1,FALSE,NutBrush,LF,0,1,0,0,0,0,0,0,0,0,0,0,0,0,0,0,0,0
LF1_OBN10,10,Nov,2014,OBN,LF1,FALSE,NutBrush,LF,0,0,0,0,0,0,0,0,1,0,0,0,0,0,0,0,0,0
LF1_OBN10,10,Nov,2015,OBN,LF1,FALSE,NutBrush,LF,0,0,0,0,0,0,0,0,1,0,0,0,0,0,0,0,0,0
LF1_OBN11,11,Aug,2013,OBN,LF1,FALSE,NutBrush,LF,0,0,0,0,0,0,0,0,0,0,0,0,0,0,0,0,0,0
LF1_OBN11,11,Aug,2014,OBN,LF1,FALSE,NutBrush,LF,0,0,0,2,0,0,0,0,0,0,0,0,0,0,0,0,0,0
LF1_OBN11,11,Aug,2015,OBN,LF1,FALSE,NutBrush,LF,0,0,0,2,0,0,0,0,7,0,0,0,0,0,0,0,0,0
LF1_OBN11,11,Nov,2013,OBN,LF1,FALSE,NutBrush,LF,0,0,0,0,0,0,0,0,0,0,0,0,0,0,0,0,0,0
LF1_OBN11,11,Nov,2014,OBN,LF1,FALSE,NutBrush,LF,0,0,0,2,0,0,0,0,8,0,0,0,0,0,0,0,0,1
LF1_OBN11,11,Nov,2015,OBN,LF1,FALSE,NutBrush,LF,0,0,0,2,0,0,0,0,4,0,1,0,0,0,0,0,0,0
LF1_OBN12,12,Aug,2013,OBN,LF1,FALSE,NutBrush,LF,0,0,0,0,0,0,0,0,0,0,0,2,0,0,0,0,0,0
LF1_OBN12,12,Aug,2014,OBN,LF1,FALSE,NutBrush,LF,0,0,0,0,0,0,0,0,0,0,0,0,0,0,0,0,0,0
LF1_OBN12,12,Aug,2015,OBN,LF1,FALSE,NutBrush,LF,0,0,0,0,0,0,0,0,0,0,0,0,0,0,0,0,1,1
LF1_OBN12,12,Nov,2013,OBN,LF1,FALSE,NutBrush,LF,0,0,0,0,0,0,0,0,0,0,0,0,0,0,0,0,0,0
LF1_OBN12,12,Nov,2014,OBN,LF1,FALSE,NutBrush,LF,0,0,0,3,0,0,0,0,0,0,0,0,0,0,0,0,1,0
LF1_OBN12,12,Nov,2015,OBN,LF1,FALSE,NutBrush,LF,0,0,0,0,0,0,0,0,0,0,0,0,0,0,0,0,1,1
LF1_OBN13,13,Aug,2013,OBN,LF1,FALSE,NutBrush,LF,0,0,0,0,0,0,0,0,0,0,0,0,0,0,0,0,0,0
LF1_OBN13,13,Aug,2014,OBN,LF1,FALSE,NutBrush,LF,0,0,0,0,0,0,0,0,0,0,0,0,0,0,0,0,0,0
LF1_OBN13,13,Aug,2015,OBN,LF1,FALSE,NutBrush,LF,0,0,1,0,0,0,0,0,3,0,0,0,0,0,0,0,1,0
LF1_OBN13,13,Nov,2013,OBN,LF1,FALSE,NutBrush,LF,0,0,0,0,0,0,0,0,0,0,0,0,0,0,0,0,0,0
LF1_OBN13,13,Nov,2014,OBN,LF1,FALSE,NutBrush,LF,0,0,0,0,0,0,0,0,4,0,0,0,0,0,0,0,1,0
LF1_OBN13,13,Nov,2015,OBN,LF1,FALSE,NutBrush,LF,0,0,1,0,0,0,0,0,3,0,0,0,0,0,0,0,1,0
LF1_OBN14,14,Aug,2013,OBN,LF1,FALSE,NutBrush,LF,0,0,0,0,0,0,0,0,0,0,0,0,0,0,0,0,0,0
LF1_OBN14,14,Aug,2014,OBN,LF1,FALSE,NutBrush,LF,0,0,0,0,0,0,0,0,0,0,0,0,0,0,0,0,0,0
LF1_OBN14,14,Aug,2015,OBN,LF1,FALSE,NutBrush,LF,0,0,0,0,0,0,0,0,1,0,0,0,0,0,0,0,0,0
LF1_OBN14,14,Nov,2013,OBN,LF1,FALSE,NutBrush,LF,0,0,0,0,0,0,0,0,0,0,0,0,0,0,0,0,0,0
LF1_OBN14,14,Nov,2014,OBN,LF1,FALSE,NutBrush,LF,0,0,0,3,0,0,0,0,0,0,0,0,0,0,0,0,2,0
LF1_OBN14,14,Nov,2015,OBN,LF1,FALSE,NutBrush,LF,0,0,0,0,0,0,0,0,1,0,0,0,0,0,0,0,0,0
LF1_OBN15,15,Aug,2013,OBN,LF1,FALSE,NutBrush,LF,0,0,0,0,0,0,0,0,0,0,0,0,0,0,0,0,0,0
LF1_OBN15,15,Aug,2014,OBN,LF1,FALSE,NutBrush,LF,0,0,1,0,0,0,0,0,0,0,0,0,0,0,0,0,1,2
LF1_OBN15,15,Aug,2015,OBN,LF1,FALSE,NutBrush,LF,0,0,2,0,0,0,0,0,0,0,0,0,0,0,0,0,1,0
LF1_OBN15,15,Nov,2013,OBN,LF1,FALSE,NutBrush,LF,0,1,0,0,0,0,0,0,0,0,0,0,0,0,0,0,0,0
LF1_OBN15,15,Nov,2014,OBN,LF1,FALSE,NutBrush,LF,0,0,1,0,0,0,0,0,0,0,0,0,0,0,0,0,2,1
LF1_OBN15,15,Nov,2015,OBN,LF1,FALSE,NutBrush,LF,0,0,2,0,0,0,0,0,0,0,0,0,0,0,0,0,1,0
LF1_OBN2,2,Aug,2013,OBN,LF1,FALSE,NutBrush,LF,0,0,0,0,0,0,0,0,0,0,0,0,0,0,0,0,0,0
LF1_OBN2,2,Aug,2014,OBN,LF1,FALSE,NutBrush,LF,0,0,0,0,0,0,0,0,0,0,0,0,0,0,0,0,0,1
LF1_OBN2,2,Aug,2015,OBN,LF1,FALSE,NutBrush,LF,0,0,0,0,0,0,0,0,0,0,0,0,0,0,0,0,1,0
LF1_OBN2,2,Nov,2013,OBN,LF1,FALSE,NutBrush,LF,0,0,0,0,0,0,0,0,0,0,0,0,0,0,0,0,0,0
LF1_OBN2,2,Nov,2014,OBN,LF1,FALSE,NutBrush,LF,0,0,0,0,0,0,0,0,0,0,0,0,0,0,0,0,0,1
LF1_OBN2,2,Nov,2015,OBN,LF1,FALSE,NutBrush,LF,0,0,0,0,0,0,0,0,0,0,0,0,0,0,0,0,1,0
LF1_OBN3,3,Aug,2013,OBN,LF1,FALSE,NutBrush,LF,0,0,0,0,0,0,0,0,0,0,0,1,0,0,0,0,0,0
LF1_OBN3,3,Aug,2014,OBN,LF1,FALSE,NutBrush,LF,0,0,0,0,0,0,0,0,2,0,0,0,0,0,0,0,0,0
LF1_OBN3,3,Aug,2015,OBN,LF1,FALSE,NutBrush,LF,0,0,0,0,0,0,0,0,13,0,0,0,0,0,0,0,0,0
LF1_OBN3,3,Nov,2013,OBN,LF1,FALSE,NutBrush,LF,0,0,0,0,0,0,0,0,0,0,0,0,0,0,0,0,0,1
LF1_OBN3,3,Nov,2014,OBN,LF1,FALSE,NutBrush,LF,0,0,0,0,0,0,0,0,2,0,0,0,0,0,0,0,3,1
LF1_OBN3,3,Nov,2015,OBN,LF1,FALSE,NutBrush,LF,0,0,0,0,0,0,0,0,2,0,0,0,0,0,0,0,0,1
LF1_OBN4,4,Aug,2013,OBN,LF1,FALSE,NutBrush,LF,0,1,0,0,0,0,0,0,0,0,0,0,0,0,0,0,0,0
LF1_OBN4,4,Aug,2014,OBN,LF1,FALSE,NutBrush,LF,0,2,0,0,0,0,0,0,2,0,0,0,0,0,0,0,0,0
LF1_OBN4,4,Aug,2015,OBN,LF1,FALSE,NutBrush,LF,0,0,0,0,0,0,0,0,1,0,0,0,0,0,0,0,0,0
LF1_OBN4,4,Nov,2013,OBN,LF1,FALSE,NutBrush,LF,0,1,0,0,0,0,0,0,0,0,0,0,0,0,0,0,0,0
LF1_OBN4,4,Nov,2014,OBN,LF1,FALSE,NutBrush,LF,0,2,0,0,0,0,0,0,1,0,0,0,0,0,0,0,0,0
LF1_OBN4,4,Nov,2015,OBN,LF1,FALSE,NutBrush,LF,0,0,0,0,0,0,0,0,1,0,0,0,0,0,0,0,0,0
LF1_OBN5,5,Aug,2013,OBN,LF1,FALSE,NutBrush,LF,0,0,0,0,0,0,0,0,0,0,0,0,0,0,0,0,0,0
LF1_OBN5,5,Aug,2014,OBN,LF1,FALSE,NutBrush,LF,0,0,0,0,0,0,0,0,0,0,0,0,0,0,0,0,0,0
LF1_OBN5,5,Aug,2015,OBN,LF1,FALSE,NutBrush,LF,0,0,0,0,0,0,0,0,0,0,0,0,0,0,0,0,0,0
LF1_OBN5,5,Nov,2013,OBN,LF1,FALSE,NutBrush,LF,0,0,0,0,0,0,0,0,0,0,0,0,0,0,0,0,0,0
LF1_OBN5,5,Nov,2014,OBN,LF1,FALSE,NutBrush,LF,0,0,0,0,0,0,0,0,0,0,0,0,0,0,0,0,0,0
LF1_OBN5,5,Nov,2015,OBN,LF1,FALSE,NutBrush,LF,0,0,0,0,0,0,0,0,0,0,0,0,0,0,0,0,0,0
LF1_OBN6,6,Aug,2013,OBN,LF1,FALSE,NutBrush,LF,0,4,0,0,0,0,0,0,0,0,0,0,0,0,0,0,0,0
LF1_OBN6,6,Aug,2014,OBN,LF1,FALSE,NutBrush,LF,0,1,0,0,0,0,0,0,4,0,0,0,0,0,0,0,1,0
LF1_OBN6,6,Aug,2015,OBN,LF1,FALSE,NutBrush,LF,0,0,0,0,0,0,0,0,0,0,0,0,0,0,0,0,1,0
LF1_OBN6,6,Nov,2013,OBN,LF1,FALSE,NutBrush,LF,0,2,0,0,0,0,0,0,0,0,0,0,0,0,0,0,0,0
LF1_OBN6,6,Nov,2014,OBN,LF1,FALSE,NutBrush,LF,0,1,0,0,1,0,0,0,3,0,0,0,0,0,0,0,1,0
LF1_OBN6,6,Nov,2015,OBN,LF1,FALSE,NutBrush,LF,0,0,0,0,0,0,0,0,0,0,0,0,0,0,0,0,2,0
LF1_OBN7,7,Aug,2013,OBN,LF1,FALSE,NutBrush,LF,0,0,0,0,0,0,0,0,0,0,0,1,0,0,0,0,0,0
LF1_OBN7,7,Aug,2014,OBN,LF1,FALSE,NutBrush,LF,0,0,0,0,0,0,0,0,0,0,0,0,0,0,0,0,1,0
LF1_OBN7,7,Aug,2015,OBN,LF1,FALSE,NutBrush,LF,0,0,0,0,0,0,0,0,0,0,0,0,0,0,0,0,1,0
LF1_OBN7,7,Nov,2013,OBN,LF1,FALSE,NutBrush,LF,0,0,0,0,0,0,0,0,0,0,0,0,0,0,0,0,0,0
LF1_OBN7,7,Nov,2014,OBN,LF1,FALSE,NutBrush,LF,0,0,0,0,0,0,0,0,1,0,0,0,0,0,0,0,11,0
LF1_OBN7,7,Nov,2015,OBN,LF1,FALSE,NutBrush,LF,0,0,0,0,0,0,0,0,0,0,0,0,0,0,0,0,1,0
LF1_OBN8,8,Aug,2013,OBN,LF1,FALSE,NutBrush,LF,0,2,0,0,0,0,0,0,0,0,0,0,0,0,0,0,0,0
LF1_OBN8,8,Aug,2014,OBN,LF1,FALSE,NutBrush,LF,0,0,0,0,0,0,0,0,0,0,0,0,0,0,0,0,2,0
LF1_OBN8,8,Aug,2015,OBN,LF1,FALSE,NutBrush,LF,0,0,0,0,0,0,0,0,0,0,0,0,0,0,0,0,2,0
LF1_OBN8,8,Nov,2013,OBN,LF1,FALSE,NutBrush,LF,0,1,0,0,0,0,0,0,0,0,0,0,0,0,0,0,0,0
LF1_OBN8,8,Nov,2014,OBN,LF1,FALSE,NutBrush,LF,0,1,0,0,0,0,0,0,1,0,0,0,0,0,0,0,2,0
LF1_OBN8,8,Nov,2015,OBN,LF1,FALSE,NutBrush,LF,0,0,0,0,0,0,0,0,0,0,0,0,0,0,0,0,2,0
LF1_OBN9,9,Aug,2013,OBN,LF1,FALSE,NutBrush,LF,0,0,0,0,0,0,0,0,0,0,0,0,0,0,0,0,0,0
LF1_OBN9,9,Aug,2014,OBN,LF1,FALSE,NutBrush,LF,0,0,0,0,0,0,0,0,0,0,1,0,0,0,0,0,0,0
LF1_OBN9,9,Aug,2015,OBN,LF1,FALSE,NutBrush,LF,0,0,0,0,0,0,0,0,0,0,0,0,0,0,0,0,0,1
LF1_OBN9,9,Nov,2013,OBN,LF1,FALSE,NutBrush,LF,0,1,0,0,0,0,0,0,0,0,0,0,0,0,0,0,0,0
LF1_OBN9,9,Nov,2014,OBN,LF1,FALSE,NutBrush,LF,0,0,0,0,0,0,0,0,0,0,1,0,0,0,0,0,0,1
LF1_OBN9,9,Nov,2015,OBN,LF1,FALSE,NutBrush,LF,0,0,0,0,0,0,0,0,0,0,0,0,0,0,0,0,0,1
LF2_OBN1,16,Aug,2013,OBN,LF2,FALSE,NutBrush,LF,0,0,0,0,0,0,0,0,0,0,0,0,1,0,0,0,0,0
LF2_OBN1,16,Aug,2014,OBN,LF2,FALSE,NutBrush,LF,0,0,0,0,0,0,0,0,1,0,0,0,0,0,0,0,1,0
LF2_OBN1,16,Aug,2015,OBN,LF2,FALSE,NutBrush,LF,0,0,0,1,0,0,0,0,5,0,0,0,0,0,0,0,2,0
LF2_OBN1,16,Nov,2013,OBN,LF2,FALSE,NutBrush,LF,0,1,0,0,0,0,0,0,0,0,0,0,0,0,0,0,0,0
LF2_OBN1,16,Nov,2014,OBN,LF2,FALSE,NutBrush,LF,0,0,0,1,0,0,0,0,5,0,0,0,0,0,0,0,2,0
LF2_OBN1,16,Nov,2015,OBN,LF2,FALSE,NutBrush,LF,0,0,0,1,0,0,0,0,4,0,0,0,0,0,0,0,2,0
LF2_OBN10,25,Aug,2013,OBN,LF2,FALSE,NutBrush,LF,0,0,0,0,0,0,0,0,0,0,0,0,0,0,0,0,0,0
LF2_OBN10,25,Aug,2014,OBN,LF2,FALSE,NutBrush,LF,0,0,0,0,0,0,0,0,2,0,0,0,0,0,0,0,0,0
LF2_OBN10,25,Aug,2015,OBN,LF2,FALSE,NutBrush,LF,0,0,0,0,0,0,0,0,2,0,0,0,0,0,0,0,0,0
LF2_OBN10,25,Nov,2013,OBN,LF2,FALSE,NutBrush,LF,0,0,0,0,0,0,0,0,0,0,0,0,0,0,0,0,0,0
LF2_OBN10,25,Nov,2014,OBN,LF2,FALSE,NutBrush,LF,0,0,0,0,0,0,0,0,2,0,0,0,0,0,0,0,1,0
LF2_OBN10,25,Nov,2015,OBN,LF2,FALSE,NutBrush,LF,0,0,0,0,0,0,0,0,1,0,0,0,0,0,0,0,1,0
LF2_OBN11,26,Aug,2013,OBN,LF2,FALSE,NutBrush,LF,0,0,0,0,0,0,0,0,0,0,0,0,0,0,0,0,0,0
LF2_OBN11,26,Aug,2014,OBN,LF2,FALSE,NutBrush,LF,0,0,0,0,0,0,0,0,0,0,0,0,0,0,0,0,1,1
LF2_OBN11,26,Aug,2015,OBN,LF2,FALSE,NutBrush,LF,0,0,0,0,0,0,0,0,1,0,0,0,0,0,0,0,0,0
LF2_OBN11,26,Nov,2013,OBN,LF2,FALSE,NutBrush,LF,0,1,0,0,0,0,0,0,0,0,0,0,0,0,0,0,0,1
LF2_OBN11,26,Nov,2014,OBN,LF2,FALSE,NutBrush,LF,0,0,0,0,0,0,0,0,1,0,0,0,0,0,0,0,1,1
LF2_OBN11,26,Nov,2015,OBN,LF2,FALSE,NutBrush,LF,0,0,0,0,0,0,0,0,1,0,0,0,0,0,0,0,1,0
LF2_OBN12,27,Aug,2013,OBN,LF2,FALSE,NutBrush,LF,0,0,0,0,0,0,0,0,0,0,0,2,0,0,0,0,0,0
LF2_OBN12,27,Aug,2014,OBN,LF2,FALSE,NutBrush,LF,0,0,0,0,0,0,0,1,0,0,0,0,0,0,0,0,3,0
LF2_OBN12,27,Aug,2015,OBN,LF2,FALSE,NutBrush,LF,0,0,0,0,0,0,0,0,0,0,0,0,0,0,0,0,0,0
LF2_OBN12,27,Nov,2013,OBN,LF2,FALSE,NutBrush,LF,0,0,0,0,0,0,0,0,0,0,0,1,0,0,0,0,0,0
LF2_OBN12,27,Nov,2014,OBN,LF2,FALSE,NutBrush,LF,0,0,0,0,0,2,0,0,7,0,0,0,0,0,0,0,5,0
LF2_OBN12,27,Nov,2015,OBN,LF2,FALSE,NutBrush,LF,0,0,0,0,0,1,0,0,2,0,0,0,0,0,0,0,5,0
LF2_OBN13,28,Aug,2013,OBN,LF2,FALSE,NutBrush,LF,0,0,0,0,0,0,0,0,0,0,0,0,0,0,0,0,0,0
LF2_OBN13,28,Aug,2014,OBN,LF2,FALSE,NutBrush,LF,0,0,0,0,0,0,0,0,0,0,0,0,0,0,0,0,0,0
LF2_OBN13,28,Aug,2015,OBN,LF2,FALSE,NutBrush,LF,0,0,0,0,0,0,0,0,0,0,0,0,0,0,0,0,3,0
LF2_OBN13,28,Nov,2013,OBN,LF2,FALSE,NutBrush,LF,0,0,0,0,0,0,0,0,0,0,0,0,0,0,0,0,0,0
LF2_OBN13,28,Nov,2014,OBN,LF2,FALSE,NutBrush,LF,0,0,0,0,0,0,0,0,1,0,0,0,0,0,0,0,0,0
LF2_OBN13,28,Nov,2015,OBN,LF2,FALSE,NutBrush,LF,0,0,0,1,0,0,0,0,0,0,0,0,0,0,0,0,3,1
LF2_OBN14,29,Aug,2013,OBN,LF2,FALSE,NutBrush,LF,0,0,0,0,0,0,0,0,0,0,0,0,0,0,0,0,0,0
LF2_OBN14,29,Aug,2014,OBN,LF2,FALSE,NutBrush,LF,0,0,0,1,0,0,0,0,0,0,0,0,0,0,0,0,1,1
LF2_OBN14,29,Aug,2015,OBN,LF2,FALSE,NutBrush,LF,0,0,0,1,0,0,0,0,0,0,0,0,0,0,0,0,3,1
LF2_OBN14,29,Nov,2013,OBN,LF2,FALSE,NutBrush,LF,0,0,0,0,0,0,0,0,0,0,0,0,0,0,0,0,0,0
LF2_OBN14,29,Nov,2014,OBN,LF2,FALSE,NutBrush,LF,0,0,0,1,0,0,0,0,6,0,0,0,0,0,0,0,3,1
LF2_OBN14,29,Nov,2015,OBN,LF2,FALSE,NutBrush,LF,0,0,0,2,0,0,0,0,1,0,0,0,0,0,0,0,3,1
LF2_OBN15,30,Aug,2013,OBN,LF2,FALSE,NutBrush,LF,0,1,0,0,0,0,0,0,0,0,0,0,0,0,0,0,0,0
LF2_OBN15,30,Aug,2014,OBN,LF2,FALSE,NutBrush,LF,0,0,0,1,0,0,0,0,1,0,0,0,0,0,0,0,1,1
LF2_OBN15,30,Aug,2015,OBN,LF2,FALSE,NutBrush,LF,0,0,0,2,0,0,0,0,2,0,0,0,0,0,0,0,2,0
LF2_OBN15,30,Nov,2013,OBN,LF2,FALSE,NutBrush,LF,0,4,0,0,0,0,0,0,0,0,0,0,0,0,0,0,0,0
LF2_OBN15,30,Nov,2014,OBN,LF2,FALSE,NutBrush,LF,0,0,0,2,0,0,0,0,0,0,0,0,0,0,0,0,0,0
LF2_OBN15,30,Nov,2015,OBN,LF2,FALSE,NutBrush,LF,0,0,0,3,0,0,0,0,1,0,0,0,0,0,0,0,2,0
LF2_OBN2,17,Aug,2013,OBN,LF2,FALSE,NutBrush,LF,0,0,0,0,0,0,0,0,0,0,0,0,0,0,0,0,0,0
LF2_OBN2,17,Aug,2014,OBN,LF2,FALSE,NutBrush,LF,0,1,0,0,0,0,0,0,0,0,0,0,0,0,0,0,0,0
LF2_OBN2,17,Aug,2015,OBN,LF2,FALSE,NutBrush,LF,0,1,0,0,0,0,0,0,0,0,0,0,0,0,0,0,0,0
LF2_OBN2,17,Nov,2013,OBN,LF2,FALSE,NutBrush,LF,0,0,0,0,0,0,0,0,0,0,0,0,0,0,0,0,0,1
LF2_OBN2,17,Nov,2014,OBN,LF2,FALSE,NutBrush,LF,0,1,0,0,0,0,0,0,4,0,0,0,0,0,0,0,0,0
LF2_OBN2,17,Nov,2015,OBN,LF2,FALSE,NutBrush,LF,0,1,0,0,0,0,0,0,1,0,0,0,0,0,0,0,0,0
LF2_OBN3,18,Aug,2013,OBN,LF2,FALSE,NutBrush,LF,0,1,0,0,0,0,0,0,0,0,0,0,0,0,0,0,0,0
LF2_OBN3,18,Aug,2014,OBN,LF2,FALSE,NutBrush,LF,0,0,0,1,0,0,0,0,0,0,0,0,0,0,0,0,1,2
LF2_OBN3,18,Aug,2015,OBN,LF2,FALSE,NutBrush,LF,0,0,0,2,0,0,0,0,0,0,0,0,0,0,0,0,2,0
LF2_OBN3,18,Nov,2013,OBN,LF2,FALSE,NutBrush,LF,0,0,0,0,0,0,0,0,0,0,0,0,0,0,0,0,0,0
LF2_OBN3,18,Nov,2014,OBN,LF2,FALSE,NutBrush,LF,0,0,0,1,0,0,0,0,0,0,0,0,0,0,0,0,2,3
LF2_OBN3,18,Nov,2015,OBN,LF2,FALSE,NutBrush,LF,0,0,0,2,0,0,0,0,6,0,0,0,0,0,0,0,2,2
LF2_OBN4,19,Aug,2013,OBN,LF2,FALSE,NutBrush,LF,0,0,0,0,0,0,0,0,0,0,0,0,0,0,0,0,0,0
LF2_OBN4,19,Aug,2014,OBN,LF2,FALSE,NutBrush,LF,0,0,0,1,0,0,0,0,0,0,0,0,0,0,0,0,0,0
LF2_OBN4,19,Aug,2015,OBN,LF2,FALSE,NutBrush,LF,0,0,0,1,0,0,0,0,4,0,0,0,0,0,0,0,3,0
LF2_OBN4,19,Nov,2013,OBN,LF2,FALSE,NutBrush,LF,0,0,0,0,0,0,0,0,0,0,0,0,0,0,0,0,0,0
LF2_OBN4,19,Nov,2014,OBN,LF2,FALSE,NutBrush,LF,0,0,0,1,0,0,0,0,6,0,0,0,0,0,0,0,2,0
LF2_OBN4,19,Nov,2015,OBN,LF2,FALSE,NutBrush,LF,0,0,0,1,0,0,0,0,4,0,0,0,0,0,0,0,3,1
LF2_OBN5,20,Aug,2013,OBN,LF2,FALSE,NutBrush,LF,0,3,0,0,0,0,0,0,0,0,0,1,0,0,0,0,0,0
LF2_OBN5,20,Aug,2014,OBN,LF2,FALSE,NutBrush,LF,0,2,0,1,0,0,0,0,2,0,0,0,0,0,0,0,2,0
LF2_OBN5,20,Aug,2015,OBN,LF2,FALSE,NutBrush,LF,0,2,0,2,0,0,0,0,5,0,0,0,0,0,0,0,8,0
LF2_OBN5,20,Nov,2013,OBN,LF2,FALSE,NutBrush,LF,0,2,0,0,0,0,0,0,0,0,0,0,0,0,0,0,0,0
LF2_OBN5,20,Nov,2014,OBN,LF2,FALSE,NutBrush,LF,0,2,0,1,0,0,0,0,4,0,0,0,0,0,0,0,8,0
LF2_OBN5,20,Nov,2015,OBN,LF2,FALSE,NutBrush,LF,0,2,0,2,0,0,0,0,3,0,0,0,0,0,0,0,7,0
LF2_OBN6,21,Aug,2013,OBN,LF2,FALSE,NutBrush,LF,0,0,0,0,0,0,0,0,0,0,0,0,0,0,0,0,0,0
LF2_OBN6,21,Aug,2014,OBN,LF2,FALSE,NutBrush,LF,0,0,0,0,0,0,0,0,0,0,0,0,0,0,0,0,2,0
LF2_OBN6,21,Aug,2015,OBN,LF2,FALSE,NutBrush,LF,0,0,0,0,0,0,0,0,2,0,0,0,0,0,0,0,1,1
LF2_OBN6,21,Nov,2013,OBN,LF2,FALSE,NutBrush,LF,0,0,0,0,0,0,0,0,0,0,0,0,0,0,0,0,0,0
LF2_OBN6,21,Nov,2014,OBN,LF2,FALSE,NutBrush,LF,0,0,0,0,0,0,0,0,3,0,0,0,0,0,0,0,1,0
LF2_OBN6,21,Nov,2015,OBN,LF2,FALSE,NutBrush,LF,0,0,0,0,0,0,0,0,1,0,0,0,0,0,0,0,1,2
LF2_OBN7,22,Aug,2013,OBN,LF2,FALSE,NutBrush,LF,0,3,0,0,0,0,0,0,0,0,0,0,0,0,0,0,0,0
LF2_OBN7,22,Aug,2014,OBN,LF2,FALSE,NutBrush,LF,0,0,0,0,0,0,0,0,0,0,0,0,0,0,0,0,0,0
LF2_OBN7,22,Aug,2015,OBN,LF2,FALSE,NutBrush,LF,0,0,0,0,0,0,0,0,2,0,0,0,0,0,0,0,2,0
LF2_OBN7,22,Nov,2013,OBN,LF2,FALSE,NutBrush,LF,0,1,0,0,0,0,0,0,0,0,0,0,0,0,0,0,0,0
LF2_OBN7,22,Nov,2014,OBN,LF2,FALSE,NutBrush,LF,0,0,0,0,0,0,0,0,3,0,0,0,0,0,0,0,2,0
LF2_OBN7,22,Nov,2015,OBN,LF2,FALSE,NutBrush,LF,0,0,0,0,0,0,0,0,2,0,0,0,0,0,0,0,3,0
LF2_OBN8,23,Aug,2013,OBN,LF2,FALSE,NutBrush,LF,0,0,0,0,0,0,0,0,0,0,0,0,0,0,0,0,0,0
LF2_OBN8,23,Aug,2014,OBN,LF2,FALSE,NutBrush,LF,0,0,0,0,0,0,0,0,4,0,0,0,0,0,0,0,3,1
LF2_OBN8,23,Aug,2015,OBN,LF2,FALSE,NutBrush,LF,0,0,0,0,0,0,0,0,3,0,0,0,0,0,0,0,3,0
LF2_OBN8,23,Nov,2013,OBN,LF2,FALSE,NutBrush,LF,0,0,0,0,0,0,0,0,0,0,0,0,0,0,0,0,0,1
LF2_OBN8,23,Nov,2014,OBN,LF2,FALSE,NutBrush,LF,0,0,0,0,0,0,0,0,4,0,0,0,0,0,0,0,1,1
LF2_OBN8,23,Nov,2015,OBN,LF2,FALSE,NutBrush,LF,0,0,0,0,0,0,0,0,2,0,0,0,0,0,0,0,4,1
LF2_OBN9,24,Aug,2013,OBN,LF2,FALSE,NutBrush,LF,0,2,0,0,0,0,0,0,0,0,0,0,0,0,0,0,0,0
LF2_OBN9,24,Aug,2014,OBN,LF2,FALSE,NutBrush,LF,0,1,0,2,1,0,0,0,0,0,0,0,0,0,0,0,1,0
LF2_OBN9,24,Aug,2015,OBN,LF2,FALSE,NutBrush,LF,0,1,0,1,1,0,0,0,1,0,0,0,0,0,0,0,2,0
LF2_OBN9,24,Nov,2013,OBN,LF2,FALSE,NutBrush,LF,0,0,0,0,0,0,0,0,0,0,0,0,0,0,0,0,0,1
LF2_OBN9,24,Nov,2014,OBN,LF2,FALSE,NutBrush,LF,0,1,0,1,1,0,0,0,1,0,0,0,0,0,0,0,2,0
LF2_OBN9,24,Nov,2015,OBN,LF2,FALSE,NutBrush,LF,0,1,0,2,1,0,0,0,1,0,0,0,0,0,0,0,2,0
LF3_OBN1,31,Aug,2013,OBN,LF3,FALSE,NutBrush,LF,0,0,0,0,0,0,0,0,0,0,0,0,0,0,0,0,0,0
LF3_OBN1,31,Aug,2014,OBN,LF3,FALSE,NutBrush,LF,0,3,0,0,0,0,0,0,1,0,0,0,0,0,0,0,2,0
LF3_OBN1,31,Aug,2015,OBN,LF3,FALSE,NutBrush,LF,0,1,0,0,0,0,0,0,2,0,0,0,0,0,0,0,2,0
LF3_OBN1,31,Nov,2013,OBN,LF3,FALSE,NutBrush,LF,0,1,0,0,0,0,0,0,0,0,0,0,0,0,0,0,0,0
LF3_OBN1,31,Nov,2014,OBN,LF3,FALSE,NutBrush,LF,0,2,0,0,0,0,0,0,11,0,0,0,0,0,0,0,2,0
LF3_OBN1,31,Nov,2015,OBN,LF3,FALSE,NutBrush,LF,0,2,0,2,1,0,0,0,4,0,0,0,0,0,0,0,2,0
LF3_OBN10,40,Aug,2013,OBN,LF3,FALSE,NutBrush,LF,0,0,0,0,0,0,0,0,0,0,0,5,0,0,0,0,0,0
LF3_OBN10,40,Aug,2014,OBN,LF3,FALSE,NutBrush,LF,0,0,0,2,0,0,0,0,3,0,2,0,0,0,0,0,5,0
LF3_OBN10,40,Aug,2015,OBN,LF3,FALSE,NutBrush,LF,0,0,0,3,1,0,0,0,0,0,2,0,0,0,0,0,8,1
LF3_OBN10,40,Nov,2013,OBN,LF3,FALSE,NutBrush,LF,0,1,0,0,0,0,0,0,0,0,0,2,0,0,0,0,0,0
LF3_OBN10,40,Nov,2014,OBN,LF3,FALSE,NutBrush,LF,0,0,0,2,0,0,0,0,11,0,2,0,0,0,0,0,11,0
LF3_OBN10,40,Nov,2015,OBN,LF3,FALSE,NutBrush,LF,0,0,0,1,1,0,0,0,0,0,2,0,0,0,0,0,9,1
LF3_OBN11,41,Aug,2013,OBN,LF3,FALSE,NutBrush,LF,0,0,0,0,0,0,0,0,0,0,0,0,0,0,0,0,0,0
LF3_OBN11,41,Aug,2014,OBN,LF3,FALSE,NutBrush,LF,0,0,0,0,0,0,0,0,2,0,0,0,0,0,0,0,3,0
LF3_OBN11,41,Aug,2015,OBN,LF3,FALSE,NutBrush,LF,0,0,0,1,0,0,0,0,0,0,0,0,0,0,0,0,7,0
LF3_OBN11,41,Nov,2013,OBN,LF3,FALSE,NutBrush,LF,0,1,0,0,0,0,0,0,0,0,0,0,0,0,0,0,0,0
LF3_OBN11,41,Nov,2014,OBN,LF3,FALSE,NutBrush,LF,0,0,0,0,0,0,0,0,1,0,0,0,0,0,0,0,3,0
LF3_OBN11,41,Nov,2015,OBN,LF3,FALSE,NutBrush,LF,0,0,0,1,0,0,0,0,0,0,0,0,0,0,0,0,2,0
LF3_OBN12,42,Aug,2013,OBN,LF3,FALSE,NutBrush,LF,0,0,0,0,0,0,0,0,0,0,0,0,0,0,0,0,0,0
LF3_OBN12,42,Aug,2014,OBN,LF3,FALSE,NutBrush,LF,0,0,0,0,0,0,0,0,2,0,0,0,0,0,0,0,0,1
LF3_OBN12,42,Aug,2015,OBN,LF3,FALSE,NutBrush,LF,0,0,0,0,0,0,0,0,1,0,0,0,0,0,0,0,1,3
LF3_OBN12,42,Nov,2013,OBN,LF3,FALSE,NutBrush,LF,0,0,0,0,0,0,0,0,0,0,0,0,0,0,0,0,0,0
LF3_OBN12,42,Nov,2014,OBN,LF3,FALSE,NutBrush,LF,0,0,0,1,0,0,0,0,2,0,0,0,0,0,0,0,9,0
LF3_OBN12,42,Nov,2015,OBN,LF3,FALSE,NutBrush,LF,0,0,0,0,1,0,0,0,1,0,0,0,0,0,0,0,1,1
LF3_OBN13,43,Aug,2013,OBN,LF3,FALSE,NutBrush,LF,0,1,0,0,0,0,0,0,0,0,0,2,0,0,0,0,0,0
LF3_OBN13,43,Aug,2014,OBN,LF3,FALSE,NutBrush,LF,0,0,0,0,0,0,0,0,0,0,1,0,0,0,0,0,3,0
LF3_OBN13,43,Aug,2015,OBN,LF3,FALSE,NutBrush,LF,0,0,0,0,0,0,0,0,0,0,1,0,0,0,0,0,4,0
LF3_OBN13,43,Nov,2013,OBN,LF3,FALSE,NutBrush,LF,0,0,0,0,0,1,0,0,0,0,0,0,0,0,0,0,0,0
LF3_OBN13,43,Nov,2014,OBN,LF3,FALSE,NutBrush,LF,0,0,0,0,0,0,0,0,2,0,1,0,0,0,0,0,4,0
LF3_OBN13,43,Nov,2015,OBN,LF3,FALSE,NutBrush,LF,0,0,0,0,0,0,0,0,3,0,0,0,0,0,0,0,3,0
LF3_OBN14,44,Aug,2013,OBN,LF3,FALSE,NutBrush,LF,0,0,0,0,0,0,0,0,0,0,0,0,0,0,0,0,0,1
LF3_OBN14,44,Aug,2014,OBN,LF3,FALSE,NutBrush,LF,0,0,0,0,0,0,0,0,0,0,1,0,0,0,0,0,4,1
LF3_OBN14,44,Aug,2015,OBN,LF3,FALSE,NutBrush,LF,0,0,0,0,0,0,0,0,0,0,0,0,0,0,0,0,4,0
LF3_OBN14,44,Nov,2013,OBN,LF3,FALSE,NutBrush,LF,0,0,0,0,0,0,0,0,0,0,0,0,0,0,0,0,0,1
LF3_OBN14,44,Nov,2014,OBN,LF3,FALSE,NutBrush,LF,0,0,0,0,0,0,0,0,0,0,1,0,0,0,0,0,2,0
LF3_OBN14,44,Nov,2015,OBN,LF3,FALSE,NutBrush,LF,0,0,0,0,0,0,0,0,0,0,0,0,0,0,0,0,2,0
LF3_OBN15,45,Aug,2013,OBN,LF3,FALSE,NutBrush,LF,0,0,0,0,0,0,0,0,0,0,0,1,0,0,0,0,0,0
LF3_OBN15,45,Aug,2014,OBN,LF3,FALSE,NutBrush,LF,0,0,0,0,0,0,0,0,3,0,0,0,0,0,0,0,2,0
LF3_OBN15,45,Aug,2015,OBN,LF3,FALSE,NutBrush,LF,0,0,0,0,0,0,0,0,0,0,0,0,0,0,0,0,4,0
LF3_OBN15,45,Nov,2013,OBN,LF3,FALSE,NutBrush,LF,0,0,0,0,0,0,0,0,0,0,0,0,0,0,0,0,0,0
LF3_OBN15,45,Nov,2014,OBN,LF3,FALSE,NutBrush,LF,0,0,0,0,0,0,0,0,5,0,0,0,0,0,0,0,2,0
LF3_OBN15,45,Nov,2015,OBN,LF3,FALSE,NutBrush,LF,0,0,0,0,0,0,0,0,0,0,0,0,0,0,0,0,3,0
LF3_OBN2,32,Aug,2013,OBN,LF3,FALSE,NutBrush,LF,0,2,0,0,0,0,0,0,0,0,0,0,0,0,0,0,0,0
LF3_OBN2,32,Aug,2014,OBN,LF3,FALSE,NutBrush,LF,0,1,0,0,0,0,0,1,0,0,0,0,0,0,0,0,0,0
LF3_OBN2,32,Aug,2015,OBN,LF3,FALSE,NutBrush,LF,0,1,0,0,0,0,0,0,3,0,0,0,0,0,0,0,0,0
LF3_OBN2,32,Nov,2013,OBN,LF3,FALSE,NutBrush,LF,0,1,0,0,0,0,0,0,0,0,0,0,0,0,0,0,0,0
LF3_OBN2,32,Nov,2014,OBN,LF3,FALSE,NutBrush,LF,0,1,0,0,0,0,0,0,4,0,0,0,0,0,0,0,0,0
LF3_OBN2,32,Nov,2015,OBN,LF3,FALSE,NutBrush,LF,0,0,0,0,0,0,0,0,2,0,1,0,0,0,0,0,0,0
LF3_OBN3,33,Aug,2013,OBN,LF3,FALSE,NutBrush,LF,0,0,0,0,0,0,0,0,0,0,0,0,0,0,0,0,0,0
LF3_OBN3,33,Aug,2014,OBN,LF3,FALSE,NutBrush,LF,0,0,0,0,0,0,0,0,0,0,0,0,0,0,0,0,1,0
LF3_OBN3,33,Aug,2015,OBN,LF3,FALSE,NutBrush,LF,0,0,0,0,0,0,0,0,1,0,0,0,0,0,0,0,1,0
LF3_OBN3,33,Nov,2013,OBN,LF3,FALSE,NutBrush,LF,0,0,0,0,0,0,0,0,0,0,0,0,0,0,0,0,0,0
LF3_OBN3,33,Nov,2014,OBN,LF3,FALSE,NutBrush,LF,0,0,0,0,0,0,0,0,5,0,3,0,0,0,0,0,2,1
LF3_OBN3,33,Nov,2015,OBN,LF3,FALSE,NutBrush,LF,0,0,0,0,0,0,0,0,1,0,0,0,0,0,0,0,1,0
LF3_OBN4,34,Aug,2013,OBN,LF3,FALSE,NutBrush,LF,0,1,0,0,0,0,0,0,0,0,0,0,0,0,0,0,0,0
LF3_OBN4,34,Aug,2014,OBN,LF3,FALSE,NutBrush,LF,0,1,0,1,0,0,0,0,2,0,0,0,0,0,0,0,0,0
LF3_OBN4,34,Aug,2015,OBN,LF3,FALSE,NutBrush,LF,0,1,0,1,0,0,0,0,4,1,0,0,0,0,0,0,5,0
LF3_OBN4,34,Nov,2013,OBN,LF3,FALSE,NutBrush,LF,0,1,0,0,0,0,0,0,0,0,0,0,0,0,0,0,0,0
LF3_OBN4,34,Nov,2014,OBN,LF3,FALSE,NutBrush,LF,0,1,0,2,0,1,0,0,4,0,0,0,0,0,0,0,5,0
LF3_OBN4,34,Nov,2015,OBN,LF3,FALSE,NutBrush,LF,0,1,0,1,0,1,0,0,0,0,0,0,0,0,0,0,6,0
LF3_OBN5,35,Aug,2013,OBN,LF3,FALSE,NutBrush,LF,0,1,0,0,0,0,0,0,0,0,0,0,0,0,0,0,0,0
LF3_OBN5,35,Aug,2014,OBN,LF3,FALSE,NutBrush,LF,0,1,0,0,0,0,0,0,1,0,0,0,0,0,0,0,0,0
LF3_OBN5,35,Aug,2015,OBN,LF3,FALSE,NutBrush,LF,0,0,0,1,0,0,0,0,3,0,0,0,0,0,0,0,1,0
LF3_OBN5,35,Nov,2013,OBN,LF3,FALSE,NutBrush,LF,0,1,0,0,0,0,0,0,0,0,0,0,0,0,0,0,0,0
LF3_OBN5,35,Nov,2014,OBN,LF3,FALSE,NutBrush,LF,0,1,0,0,0,0,0,0,6,0,1,0,0,0,0,0,2,0
LF3_OBN5,35,Nov,2015,OBN,LF3,FALSE,NutBrush,LF,0,1,0,2,0,0,0,0,1,0,0,0,0,0,0,0,1,0
LF3_OBN6,36,Aug,2013,OBN,LF3,FALSE,NutBrush,LF,0,4,0,0,0,0,0,0,0,0,0,1,0,0,0,0,0,0
LF3_OBN6,36,Aug,2014,OBN,LF3,FALSE,NutBrush,LF,0,1,0,1,0,0,0,0,3,0,0,0,0,0,0,0,1,0
LF3_OBN6,36,Aug,2015,OBN,LF3,FALSE,NutBrush,LF,0,0,0,2,0,0,0,0,1,0,1,0,0,0,0,0,2,1
LF3_OBN6,36,Nov,2013,OBN,LF3,FALSE,NutBrush,LF,0,3,0,0,0,0,0,0,0,0,0,1,0,0,0,0,0,0
LF3_OBN6,36,Nov,2014,OBN,LF3,FALSE,NutBrush,LF,0,1,0,1,0,0,0,0,5,0,0,0,0,0,0,0,3,0
LF3_OBN6,36,Nov,2015,OBN,LF3,FALSE,NutBrush,LF,0,1,0,2,0,0,0,0,1,0,1,0,0,0,0,0,3,1
LF3_OBN7,37,Aug,2013,OBN,LF3,FALSE,NutBrush,LF,0,1,0,0,0,0,0,0,0,0,0,1,0,0,0,0,0,0
LF3_OBN7,37,Aug,2014,OBN,LF3,FALSE,NutBrush,LF,0,1,0,0,0,0,0,0,0,0,0,0,0,0,0,0,2,0
LF3_OBN7,37,Aug,2015,OBN,LF3,FALSE,NutBrush,LF,0,0,0,0,0,0,0,0,0,0,0,0,0,0,0,0,4,0
LF3_OBN7,37,Nov,2013,OBN,LF3,FALSE,NutBrush,LF,0,1,0,0,0,0,0,0,0,0,0,0,0,0,0,0,0,0
LF3_OBN7,37,Nov,2014,OBN,LF3,FALSE,NutBrush,LF,0,1,0,0,0,0,0,0,0,0,0,0,0,0,0,0,4,0
LF3_OBN7,37,Nov,2015,OBN,LF3,FALSE,NutBrush,LF,0,0,0,0,0,0,0,0,0,0,0,0,0,0,0,0,4,0
LF3_OBN8,38,Aug,2013,OBN,LF3,FALSE,NutBrush,LF,0,0,0,0,0,0,0,0,0,0,0,1,0,0,0,0,0,0
LF3_OBN8,38,Aug,2014,OBN,LF3,FALSE,NutBrush,LF,0,0,0,1,1,0,0,0,0,0,0,0,0,0,0,0,4,0
LF3_OBN8,38,Aug,2015,OBN,LF3,FALSE,NutBrush,LF,0,0,0,2,1,0,0,0,2,0,0,0,0,0,0,0,6,1
LF3_OBN8,38,Nov,2013,OBN,LF3,FALSE,NutBrush,LF,0,0,0,0,0,0,0,0,0,0,0,1,0,0,0,0,0,0
LF3_OBN8,38,Nov,2014,OBN,LF3,FALSE,NutBrush,LF,0,0,0,3,0,0,0,0,0,0,0,0,0,0,0,0,6,0
LF3_OBN8,38,Nov,2015,OBN,LF3,FALSE,NutBrush,LF,0,0,0,2,1,0,0,0,0,0,1,0,0,0,0,0,6,1
LF3_OBN9,39,Aug,2013,OBN,LF3,FALSE,NutBrush,LF,0,0,0,0,0,0,0,0,0,0,0,0,0,0,0,0,0,0
LF3_OBN9,39,Aug,2014,OBN,LF3,FALSE,NutBrush,LF,0,0,0,0,0,0,0,0,0,0,0,0,0,0,0,0,2,0
LF3_OBN9,39,Aug,2015,OBN,LF3,FALSE,NutBrush,LF,0,0,0,0,0,0,0,0,1,0,0,0,0,0,0,0,6,0
LF3_OBN9,39,Nov,2013,OBN,LF3,FALSE,NutBrush,LF,0,0,0,0,0,0,0,0,0,0,0,0,0,0,0,0,0,0
LF3_OBN9,39,Nov,2014,OBN,LF3,FALSE,NutBrush,LF,0,0,0,0,0,0,0,0,4,0,0,0,0,0,0,0,7,0
LF3_OBN9,39,Nov,2015,OBN,LF3,FALSE,NutBrush,LF,0,0,0,2,0,0,0,0,1,0,0,0,0,0,0,0,4,0
LF1_OBOX1,1,Aug,2013,OBOX,LF1,FALSE,Box,LF,0,0,0,0,0,0,0,0,0,0,0,0,0,0,0,0,0,0
LF1_OBOX1,1,Aug,2014,OBOX,LF1,FALSE,Box,LF,0,0,0,0,0,0,0,0,1,0,0,0,0,0,0,0,0,0
LF1_OBOX1,1,Aug,2015,OBOX,LF1,FALSE,Box,LF,0,0,0,0,0,0,0,0,1,0,0,0,0,0,0,0,0,0
LF1_OBOX1,1,Nov,2013,OBOX,LF1,FALSE,Box,LF,0,0,0,0,0,0,0,0,0,0,0,0,0,0,0,0,0,0
LF1_OBOX1,1,Nov,2014,OBOX,LF1,FALSE,Box,LF,0,0,0,0,0,0,0,0,1,0,0,0,0,0,0,0,0,0
LF1_OBOX1,1,Nov,2015,OBOX,LF1,FALSE,Box,LF,0,0,0,0,0,0,0,0,1,0,0,0,0,0,0,0,0,0
LF1_OBOX10,10,Aug,2013,OBOX,LF1,FALSE,Box,LF,0,0,0,0,0,0,0,0,0,0,0,0,0,0,0,0,0,0
LF1_OBOX10,10,Aug,2014,OBOX,LF1,FALSE,Box,LF,0,0,0,0,0,0,0,0,0,0,0,0,0,0,0,0,0,0
LF1_OBOX10,10,Aug,2015,OBOX,LF1,FALSE,Box,LF,0,0,0,0,0,0,0,0,0,0,0,0,0,0,0,0,0,0
LF1_OBOX10,10,Nov,2013,OBOX,LF1,FALSE,Box,LF,0,0,0,0,0,0,0,0,0,0,0,0,0,0,0,0,0,0
LF1_OBOX10,10,Nov,2014,OBOX,LF1,FALSE,Box,LF,0,0,0,0,0,0,0,0,0,0,0,0,0,0,0,0,0,0
LF1_OBOX10,10,Nov,2015,OBOX,LF1,FALSE,Box,LF,0,0,0,0,0,0,0,0,0,0,0,0,0,0,0,0,0,0
LF1_OBOX11,11,Aug,2013,OBOX,LF1,FALSE,Box,LF,0,0,0,0,0,0,0,0,0,0,0,0,0,0,0,0,0,0
LF1_OBOX11,11,Aug,2014,OBOX,LF1,FALSE,Box,LF,0,0,0,0,0,0,0,0,3,0,0,0,0,0,0,0,0,0
LF1_OBOX11,11,Aug,2015,OBOX,LF1,FALSE,Box,LF,0,0,0,0,0,0,0,0,2,0,0,0,0,0,0,0,0,0
LF1_OBOX11,11,Nov,2013,OBOX,LF1,FALSE,Box,LF,0,0,0,0,0,0,0,0,0,0,0,0,0,0,0,0,0,0
LF1_OBOX11,11,Nov,2014,OBOX,LF1,FALSE,Box,LF,0,0,0,0,0,0,0,0,4,0,0,0,0,0,0,0,0,0
LF1_OBOX11,11,Nov,2015,OBOX,LF1,FALSE,Box,LF,0,0,0,0,0,0,0,0,2,0,0,0,0,0,0,0,0,0
LF1_OBOX12,12,Aug,2013,OBOX,LF1,FALSE,Box,LF,0,0,0,0,0,0,0,0,0,0,0,0,0,0,0,0,0,0
LF1_OBOX12,12,Aug,2014,OBOX,LF1,FALSE,Box,LF,0,0,0,0,0,0,0,0,0,0,1,0,0,0,0,0,0,0
LF1_OBOX12,12,Aug,2015,OBOX,LF1,FALSE,Box,LF,0,0,0,0,0,0,0,0,0,0,0,0,0,0,0,0,0,0
LF1_OBOX12,12,Nov,2013,OBOX,LF1,FALSE,Box,LF,0,0,0,0,0,0,0,0,0,0,0,0,0,0,0,0,0,0
LF1_OBOX12,12,Nov,2014,OBOX,LF1,FALSE,Box,LF,0,0,0,1,0,0,0,0,0,0,2,0,0,0,0,0,1,0
LF1_OBOX12,12,Nov,2015,OBOX,LF1,FALSE,Box,LF,0,0,1,0,0,0,0,0,0,0,0,0,0,0,0,0,0,0
LF1_OBOX13,13,Aug,2013,OBOX,LF1,FALSE,Box,LF,0,0,0,0,0,0,0,0,0,0,0,0,0,0,0,0,0,0
LF1_OBOX13,13,Aug,2014,OBOX,LF1,FALSE,Box,LF,0,0,0,0,0,0,0,0,2,0,1,0,0,0,0,0,0,0
LF1_OBOX13,13,Aug,2015,OBOX,LF1,FALSE,Box,LF,0,0,0,0,0,0,0,0,2,0,1,0,0,0,0,0,0,0
LF1_OBOX13,13,Nov,2013,OBOX,LF1,FALSE,Box,LF,0,0,0,0,0,0,0,0,0,0,0,0,0,0,0,0,0,0
LF1_OBOX13,13,Nov,2014,OBOX,LF1,FALSE,Box,LF,0,0,0,0,0,0,0,0,3,0,1,0,0,0,0,0,1,0
LF1_OBOX13,13,Nov,2015,OBOX,LF1,FALSE,Box,LF,0,0,0,0,0,0,0,0,2,0,1,0,0,0,0,0,0,0
LF1_OBOX14,14,Aug,2013,OBOX,LF1,FALSE,Box,LF,0,0,0,0,0,0,0,0,0,0,0,0,0,0,0,0,0,0
LF1_OBOX14,14,Aug,2014,OBOX,LF1,FALSE,Box,LF,0,0,0,0,0,0,0,0,0,0,0,0,0,0,0,0,0,0
LF1_OBOX14,14,Aug,2015,OBOX,LF1,FALSE,Box,LF,0,0,0,0,0,0,0,0,1,0,0,0,0,0,0,0,0,0
LF1_OBOX14,14,Nov,2013,OBOX,LF1,FALSE,Box,LF,0,0,0,0,0,0,0,0,0,0,0,0,0,0,0,0,0,0
LF1_OBOX14,14,Nov,2014,OBOX,LF1,FALSE,Box,LF,0,0,0,0,0,0,0,0,2,0,0,0,0,0,0,0,0,0
LF1_OBOX14,14,Nov,2015,OBOX,LF1,FALSE,Box,LF,0,0,0,0,0,0,0,0,2,0,0,0,0,0,0,0,0,0
LF1_OBOX15,15,Aug,2013,OBOX,LF1,FALSE,Box,LF,0,0,0,0,0,0,0,0,0,0,0,0,0,0,0,0,0,0
LF1_OBOX15,15,Aug,2014,OBOX,LF1,FALSE,Box,LF,0,0,0,0,0,0,0,0,1,0,0,0,0,0,0,0,0,0
LF1_OBOX15,15,Aug,2015,OBOX,LF1,FALSE,Box,LF,0,0,0,0,0,0,0,0,1,0,0,0,0,0,0,0,0,0
LF1_OBOX15,15,Nov,2013,OBOX,LF1,FALSE,Box,LF,0,0,0,0,0,0,0,0,0,0,0,0,0,0,0,0,0,0
LF1_OBOX15,15,Nov,2014,OBOX,LF1,FALSE,Box,LF,0,4,0,1,0,0,0,0,1,0,0,0,0,0,0,0,11,0
LF1_OBOX15,15,Nov,2015,OBOX,LF1,FALSE,Box,LF,0,0,0,0,0,0,0,0,1,0,0,0,0,0,0,0,0,0
LF1_OBOX2,2,Aug,2013,OBOX,LF1,FALSE,Box,LF,0,0,0,0,0,0,0,0,0,0,0,0,0,0,0,0,0,0
LF1_OBOX2,2,Aug,2014,OBOX,LF1,FALSE,Box,LF,0,0,0,0,0,0,0,0,1,0,1,0,0,0,0,0,0,1
LF1_OBOX2,2,Aug,2015,OBOX,LF1,FALSE,Box,LF,0,0,0,0,0,0,0,0,3,0,0,0,0,0,0,0,0,1
LF1_OBOX2,2,Nov,2013,OBOX,LF1,FALSE,Box,LF,0,0,0,0,0,0,0,0,0,0,0,0,0,0,0,0,0,0
LF1_OBOX2,2,Nov,2014,OBOX,LF1,FALSE,Box,LF,0,0,0,0,0,0,0,0,3,0,1,0,0,0,0,0,0,1
LF1_OBOX2,2,Nov,2015,OBOX,LF1,FALSE,Box,LF,0,0,0,0,0,0,0,0,3,0,0,0,0,0,0,0,0,1
LF1_OBOX3,3,Aug,2013,OBOX,LF1,FALSE,Box,LF,0,0,0,0,0,0,0,0,0,0,0,0,0,0,0,0,0,0
LF1_OBOX3,3,Aug,2014,OBOX,LF1,FALSE,Box,LF,0,0,0,0,0,0,0,0,8,0,0,0,0,0,0,0,0,0
LF1_OBOX3,3,Aug,2015,OBOX,LF1,FALSE,Box,LF,0,0,0,0,0,0,0,0,5,0,0,0,0,0,0,0,0,0
LF1_OBOX3,3,Nov,2013,OBOX,LF1,FALSE,Box,LF,0,0,0,0,0,0,0,0,0,0,0,0,0,0,0,0,0,0
LF1_OBOX3,3,Nov,2014,OBOX,LF1,FALSE,Box,LF,0,0,0,0,1,0,0,0,5,0,0,0,0,0,0,0,1,0
LF1_OBOX3,3,Nov,2015,OBOX,LF1,FALSE,Box,LF,0,0,0,0,0,0,0,0,6,0,0,0,0,0,0,0,0,0
LF1_OBOX4,4,Aug,2013,OBOX,LF1,FALSE,Box,LF,0,0,0,0,0,0,0,0,0,0,0,0,0,0,0,0,0,0
LF1_OBOX4,4,Aug,2014,OBOX,LF1,FALSE,Box,LF,0,0,0,0,0,0,0,0,0,0,0,0,0,0,0,0,0,1
LF1_OBOX4,4,Aug,2015,OBOX,LF1,FALSE,Box,LF,0,0,0,0,0,0,0,0,0,0,0,0,0,0,0,0,0,0
LF1_OBOX4,4,Nov,2013,OBOX,LF1,FALSE,Box,LF,0,0,0,0,0,0,0,0,0,0,0,0,0,0,0,0,0,0
LF1_OBOX4,4,Nov,2014,OBOX,LF1,FALSE,Box,LF,0,0,0,0,0,0,0,0,0,0,0,0,0,0,0,0,0,0
LF1_OBOX4,4,Nov,2015,OBOX,LF1,FALSE,Box,LF,0,0,0,0,0,0,0,0,0,0,0,0,0,0,0,0,0,0
LF1_OBOX5,5,Aug,2013,OBOX,LF1,FALSE,Box,LF,0,0,0,0,0,0,0,0,0,0,0,0,0,0,0,0,0,0
LF1_OBOX5,5,Aug,2014,OBOX,LF1,FALSE,Box,LF,0,1,0,0,0,0,0,0,1,0,0,0,0,0,0,0,0,0
LF1_OBOX5,5,Aug,2015,OBOX,LF1,FALSE,Box,LF,0,0,0,0,0,0,0,0,2,0,0,0,0,0,0,0,0,0
LF1_OBOX5,5,Nov,2013,OBOX,LF1,FALSE,Box,LF,0,0,0,0,0,0,0,0,0,0,0,0,0,0,0,0,0,0
LF1_OBOX5,5,Nov,2014,OBOX,LF1,FALSE,Box,LF,0,1,0,0,0,0,0,0,2,0,0,0,0,0,0,0,1,0
LF1_OBOX5,5,Nov,2015,OBOX,LF1,FALSE,Box,LF,0,0,0,0,0,0,0,0,2,0,0,0,0,0,0,0,1,0
LF1_OBOX6,6,Aug,2013,OBOX,LF1,FALSE,Box,LF,0,0,0,0,0,0,0,0,0,0,0,0,0,0,0,0,0,0
LF1_OBOX6,6,Aug,2014,OBOX,LF1,FALSE,Box,LF,0,0,0,0,0,0,0,0,4,0,1,0,0,0,0,0,0,0
LF1_OBOX6,6,Aug,2015,OBOX,LF1,FALSE,Box,LF,0,0,0,0,0,0,0,0,5,0,1,0,0,0,0,0,0,0
LF1_OBOX6,6,Nov,2013,OBOX,LF1,FALSE,Box,LF,0,0,1,0,0,0,0,0,0,0,0,0,0,0,0,0,0,0
LF1_OBOX6,6,Nov,2014,OBOX,LF1,FALSE,Box,LF,0,0,0,0,0,0,0,0,5,0,1,0,0,0,0,0,0,0
LF1_OBOX6,6,Nov,2015,OBOX,LF1,FALSE,Box,LF,0,0,0,0,0,0,0,0,4,0,1,0,0,0,0,0,0,0
LF1_OBOX7,7,Aug,2013,OBOX,LF1,FALSE,Box,LF,0,0,0,0,0,0,0,0,0,0,0,0,0,0,0,0,0,0
LF1_OBOX7,7,Aug,2014,OBOX,LF1,FALSE,Box,LF,0,0,0,0,0,0,0,0,6,0,0,0,0,0,0,0,1,0
LF1_OBOX7,7,Aug,2015,OBOX,LF1,FALSE,Box,LF,0,0,0,0,0,0,0,0,4,0,0,0,0,0,0,0,0,0
LF1_OBOX7,7,Nov,2013,OBOX,LF1,FALSE,Box,LF,0,0,0,0,0,0,0,0,0,0,0,0,0,0,0,0,0,0
LF1_OBOX7,7,Nov,2014,OBOX,LF1,FALSE,Box,LF,0,0,0,0,0,0,0,0,3,0,0,0,0,0,0,0,0,0
LF1_OBOX7,7,Nov,2015,OBOX,LF1,FALSE,Box,LF,0,0,0,0,0,0,0,0,1,0,0,0,0,0,0,0,0,0
LF1_OBOX8,8,Aug,2013,OBOX,LF1,FALSE,Box,LF,0,0,0,0,0,0,0,0,0,0,0,0,0,0,0,0,0,0
LF1_OBOX8,8,Aug,2014,OBOX,LF1,FALSE,Box,LF,0,0,0,1,0,0,0,0,2,0,0,0,0,0,0,0,1,0
LF1_OBOX8,8,Aug,2015,OBOX,LF1,FALSE,Box,LF,0,0,0,0,0,0,0,0,2,0,0,0,0,0,0,0,2,0
LF1_OBOX8,8,Nov,2013,OBOX,LF1,FALSE,Box,LF,0,0,0,0,0,0,0,0,0,0,0,0,0,0,0,0,0,0
LF1_OBOX8,8,Nov,2014,OBOX,LF1,FALSE,Box,LF,0,0,1,0,0,0,0,0,2,0,0,0,0,0,0,0,2,0
LF1_OBOX8,8,Nov,2015,OBOX,LF1,FALSE,Box,LF,0,0,0,0,0,0,0,0,1,0,0,0,0,0,0,0,2,0
LF1_OBOX9,9,Aug,2013,OBOX,LF1,FALSE,Box,LF,0,0,0,0,0,0,0,0,0,0,0,0,0,0,0,0,0,0
LF1_OBOX9,9,Aug,2014,OBOX,LF1,FALSE,Box,LF,0,0,0,0,0,0,0,0,2,0,0,0,0,0,0,0,0,0
LF1_OBOX9,9,Aug,2015,OBOX,LF1,FALSE,Box,LF,0,0,0,0,0,0,0,0,2,0,0,0,0,0,0,0,1,0
LF1_OBOX9,9,Nov,2013,OBOX,LF1,FALSE,Box,LF,0,0,0,0,0,0,0,0,0,0,0,0,0,0,0,0,0,0
LF1_OBOX9,9,Nov,2014,OBOX,LF1,FALSE,Box,LF,0,0,0,0,0,0,0,0,2,0,0,0,0,0,0,0,1,0
LF1_OBOX9,9,Nov,2015,OBOX,LF1,FALSE,Box,LF,0,0,0,0,0,0,0,0,2,0,0,0,0,0,0,0,1,0
LF2_OBOX1,16,Aug,2013,OBOX,LF2,FALSE,Box,LF,0,0,0,0,0,0,0,0,0,0,0,0,0,0,0,0,0,0
LF2_OBOX1,16,Aug,2014,OBOX,LF2,FALSE,Box,LF,0,0,0,0,0,0,0,0,0,0,0,0,0,0,0,0,0,0
LF2_OBOX1,16,Aug,2015,OBOX,LF2,FALSE,Box,LF,0,0,0,0,0,0,0,0,4,0,0,0,0,0,0,0,1,0
LF2_OBOX1,16,Nov,2013,OBOX,LF2,FALSE,Box,LF,0,0,0,0,0,0,0,0,0,0,0,0,0,0,0,0,0,0
LF2_OBOX1,16,Nov,2014,OBOX,LF2,FALSE,Box,LF,0,0,0,0,0,0,0,0,4,0,0,0,0,0,0,0,0,0
LF2_OBOX1,16,Nov,2015,OBOX,LF2,FALSE,Box,LF,0,0,0,0,0,0,0,0,4,0,0,0,0,0,0,0,1,0
LF2_OBOX10,25,Aug,2013,OBOX,LF2,FALSE,Box,LF,0,0,0,0,0,0,0,0,0,0,0,0,0,0,0,0,0,0
LF2_OBOX10,25,Aug,2014,OBOX,LF2,FALSE,Box,LF,0,0,0,0,0,0,0,0,0,0,0,0,0,0,0,0,0,0
LF2_OBOX10,25,Aug,2015,OBOX,LF2,FALSE,Box,LF,0,0,0,0,0,0,0,0,7,0,0,0,0,0,0,0,0,1
LF2_OBOX10,25,Nov,2013,OBOX,LF2,FALSE,Box,LF,0,0,0,0,0,0,0,0,0,0,0,0,0,0,0,0,0,0
LF2_OBOX10,25,Nov,2014,OBOX,LF2,FALSE,Box,LF,0,0,0,0,0,0,0,0,12,0,0,0,0,0,0,0,0,1
LF2_OBOX10,25,Nov,2015,OBOX,LF2,FALSE,Box,LF,0,0,0,0,0,0,0,0,5,0,0,0,0,0,0,0,0,1
LF2_OBOX11,26,Aug,2013,OBOX,LF2,FALSE,Box,LF,0,0,0,0,0,0,0,0,0,0,0,0,0,0,0,0,0,0
LF2_OBOX11,26,Aug,2014,OBOX,LF2,FALSE,Box,LF,0,0,0,0,0,0,0,0,0,0,0,0,0,0,0,0,1,0
LF2_OBOX11,26,Aug,2015,OBOX,LF2,FALSE,Box,LF,0,0,0,0,0,0,0,0,0,0,0,0,0,0,0,0,1,0
LF2_OBOX11,26,Nov,2013,OBOX,LF2,FALSE,Box,LF,0,0,0,0,0,0,0,0,0,0,0,0,0,0,0,0,0,0
LF2_OBOX11,26,Nov,2014,OBOX,LF2,FALSE,Box,LF,0,0,0,0,0,0,0,0,3,0,0,0,0,0,0,0,1,0
LF2_OBOX11,26,Nov,2015,OBOX,LF2,FALSE,Box,LF,0,0,0,0,0,0,0,0,0,0,0,0,0,0,0,0,1,0
LF2_OBOX12,27,Aug,2013,OBOX,LF2,FALSE,Box,LF,0,0,0,0,0,0,0,0,0,0,0,0,0,0,0,0,0,0
LF2_OBOX12,27,Aug,2014,OBOX,LF2,FALSE,Box,LF,0,0,0,0,0,0,0,0,0,0,0,0,0,0,0,0,0,0
LF2_OBOX12,27,Aug,2015,OBOX,LF2,FALSE,Box,LF,0,0,0,0,0,0,0,0,2,0,0,0,0,0,0,0,0,0
LF2_OBOX12,27,Nov,2013,OBOX,LF2,FALSE,Box,LF,0,0,0,0,0,0,0,0,0,0,0,0,0,0,0,0,0,0
LF2_OBOX12,27,Nov,2014,OBOX,LF2,FALSE,Box,LF,0,1,0,0,0,0,0,0,2,0,0,0,0,0,0,0,0,0
LF2_OBOX12,27,Nov,2015,OBOX,LF2,FALSE,Box,LF,0,0,0,0,0,0,0,0,2,0,0,0,0,0,0,0,0,0
LF2_OBOX13,28,Aug,2013,OBOX,LF2,FALSE,Box,LF,0,0,0,0,0,0,0,0,0,0,0,0,0,0,0,0,0,0
LF2_OBOX13,28,Aug,2014,OBOX,LF2,FALSE,Box,LF,0,0,0,0,0,0,0,0,0,0,0,0,0,0,0,0,0,0
LF2_OBOX13,28,Aug,2015,OBOX,LF2,FALSE,Box,LF,0,0,0,0,0,0,0,0,1,0,0,0,0,0,0,0,0,0
LF2_OBOX13,28,Nov,2013,OBOX,LF2,FALSE,Box,LF,0,0,0,0,0,0,0,0,0,0,0,0,0,0,0,0,0,1
LF2_OBOX13,28,Nov,2014,OBOX,LF2,FALSE,Box,LF,0,0,0,0,0,0,0,0,1,0,0,0,0,0,0,0,0,0
LF2_OBOX13,28,Nov,2015,OBOX,LF2,FALSE,Box,LF,0,0,0,1,0,0,0,0,1,0,0,0,0,0,0,0,0,0
LF2_OBOX14,29,Aug,2013,OBOX,LF2,FALSE,Box,LF,0,0,0,0,0,0,0,0,0,0,0,0,0,0,0,0,0,0
LF2_OBOX14,29,Aug,2014,OBOX,LF2,FALSE,Box,LF,0,0,0,1,0,0,0,0,2,0,0,0,0,0,0,0,0,0
LF2_OBOX14,29,Aug,2015,OBOX,LF2,FALSE,Box,LF,0,0,0,1,0,0,0,0,4,0,0,0,0,0,0,0,0,0
LF2_OBOX14,29,Nov,2013,OBOX,LF2,FALSE,Box,LF,0,0,0,0,0,0,0,0,0,0,0,0,0,0,0,0,0,0
LF2_OBOX14,29,Nov,2014,OBOX,LF2,FALSE,Box,LF,0,0,0,1,0,0,0,0,6,0,0,0,0,0,0,0,0,0
LF2_OBOX14,29,Nov,2015,OBOX,LF2,FALSE,Box,LF,0,0,0,1,0,0,0,0,1,0,0,0,0,0,0,0,0,0
LF2_OBOX15,30,Aug,2013,OBOX,LF2,FALSE,Box,LF,0,0,0,0,0,0,0,0,0,0,0,0,0,0,0,0,0,0
LF2_OBOX15,30,Aug,2014,OBOX,LF2,FALSE,Box,LF,0,0,0,0,0,0,0,0,0,0,0,0,0,0,0,0,0,0
LF2_OBOX15,30,Aug,2015,OBOX,LF2,FALSE,Box,LF,0,0,0,0,0,0,0,0,0,0,0,0,0,0,0,0,0,0
LF2_OBOX15,30,Nov,2013,OBOX,LF2,FALSE,Box,LF,0,0,0,0,0,0,0,0,0,0,0,0,0,0,0,0,0,0
LF2_OBOX15,30,Nov,2014,OBOX,LF2,FALSE,Box,LF,0,0,0,0,0,0,0,0,1,0,0,0,0,0,0,0,0,0
LF2_OBOX15,30,Nov,2015,OBOX,LF2,FALSE,Box,LF,0,0,0,0,0,0,0,0,0,0,0,0,0,0,0,0,0,0
LF2_OBOX2,17,Aug,2013,OBOX,LF2,FALSE,Box,LF,0,0,0,0,0,0,0,0,0,0,0,0,0,0,0,0,0,0
LF2_OBOX2,17,Aug,2014,OBOX,LF2,FALSE,Box,LF,0,0,0,0,0,0,0,0,0,0,0,0,0,0,0,0,0,0
LF2_OBOX2,17,Aug,2015,OBOX,LF2,FALSE,Box,LF,0,0,0,0,0,0,0,0,3,0,0,0,0,0,0,0,0,0
LF2_OBOX2,17,Nov,2013,OBOX,LF2,FALSE,Box,LF,0,0,0,0,0,0,0,0,0,0,0,0,0,0,0,0,0,0
LF2_OBOX2,17,Nov,2014,OBOX,LF2,FALSE,Box,LF,0,0,0,0,0,0,0,0,3,0,0,0,0,0,0,0,0,0
LF2_OBOX2,17,Nov,2015,OBOX,LF2,FALSE,Box,LF,0,0,0,1,0,0,0,0,3,0,0,0,0,0,0,0,0,0
LF2_OBOX3,18,Aug,2013,OBOX,LF2,FALSE,Box,LF,0,0,0,0,0,0,0,0,0,0,0,0,0,0,0,0,0,0
LF2_OBOX3,18,Aug,2014,OBOX,LF2,FALSE,Box,LF,0,0,0,0,0,0,0,0,2,0,0,0,0,0,0,0,0,0
LF2_OBOX3,18,Aug,2015,OBOX,LF2,FALSE,Box,LF,0,0,0,0,0,0,0,0,10,0,0,0,0,0,0,0,1,0
LF2_OBOX3,18,Nov,2013,OBOX,LF2,FALSE,Box,LF,0,0,0,0,0,0,0,0,0,0,0,0,0,0,0,0,0,0
LF2_OBOX3,18,Nov,2014,OBOX,LF2,FALSE,Box,LF,0,1,0,0,0,0,0,0,11,0,0,0,0,0,0,0,0,0
LF2_OBOX3,18,Nov,2015,OBOX,LF2,FALSE,Box,LF,0,0,0,0,0,0,0,0,6,0,0,0,0,0,0,0,1,0
LF2_OBOX4,19,Aug,2013,OBOX,LF2,FALSE,Box,LF,0,0,0,0,0,0,0,0,0,0,0,0,0,0,0,0,0,0
LF2_OBOX4,19,Aug,2014,OBOX,LF2,FALSE,Box,LF,0,0,0,0,0,0,0,0,0,0,0,0,0,0,0,0,0,0
LF2_OBOX4,19,Aug,2015,OBOX,LF2,FALSE,Box,LF,0,0,0,0,0,0,0,0,6,0,0,0,0,0,0,0,0,0
LF2_OBOX4,19,Nov,2013,OBOX,LF2,FALSE,Box,LF,0,0,0,0,0,0,0,0,0,0,0,0,0,0,0,0,0,0
LF2_OBOX4,19,Nov,2014,OBOX,LF2,FALSE,Box,LF,0,0,0,0,0,0,0,0,5,0,0,0,0,0,0,0,0,0
LF2_OBOX4,19,Nov,2015,OBOX,LF2,FALSE,Box,LF,0,0,0,0,0,0,0,0,4,0,0,0,0,0,0,0,1,1
LF2_OBOX5,20,Aug,2013,OBOX,LF2,FALSE,Box,LF,0,0,0,0,0,0,0,0,0,0,0,0,0,0,0,0,0,0
LF2_OBOX5,20,Aug,2014,OBOX,LF2,FALSE,Box,LF,0,0,0,0,0,0,0,0,0,0,0,0,0,0,0,0,0,0
LF2_OBOX5,20,Aug,2015,OBOX,LF2,FALSE,Box,LF,0,0,0,0,0,0,0,0,0,0,0,0,0,0,0,0,0,0
LF2_OBOX5,20,Nov,2013,OBOX,LF2,FALSE,Box,LF,0,0,0,0,0,0,0,0,0,0,0,0,0,0,0,0,0,0
LF2_OBOX5,20,Nov,2014,OBOX,LF2,FALSE,Box,LF,0,2,0,0,0,0,0,0,0,0,0,0,0,0,0,0,0,0
LF2_OBOX5,20,Nov,2015,OBOX,LF2,FALSE,Box,LF,0,0,0,0,0,0,0,0,0,0,0,0,0,0,0,0,0,0
LF2_OBOX6,21,Aug,2013,OBOX,LF2,FALSE,Box,LF,0,0,0,0,0,0,0,0,0,0,0,0,0,0,0,0,0,0
LF2_OBOX6,21,Aug,2014,OBOX,LF2,FALSE,Box,LF,0,0,0,0,0,0,0,0,0,0,0,0,0,0,0,0,0,1
LF2_OBOX6,21,Aug,2015,OBOX,LF2,FALSE,Box,LF,0,0,0,2,0,0,0,0,0,0,0,0,0,0,0,0,0,1
LF2_OBOX6,21,Nov,2013,OBOX,LF2,FALSE,Box,LF,0,0,0,0,0,0,0,0,0,0,0,0,0,0,0,0,0,0
LF2_OBOX6,21,Nov,2014,OBOX,LF2,FALSE,Box,LF,0,0,0,0,0,0,0,0,0,0,0,0,0,0,0,0,0,1
LF2_OBOX6,21,Nov,2015,OBOX,LF2,FALSE,Box,LF,0,0,0,2,0,0,0,0,0,0,0,0,0,0,0,0,0,1
LF2_OBOX7,22,Aug,2013,OBOX,LF2,FALSE,Box,LF,0,0,0,0,0,0,0,0,0,0,0,0,0,0,0,0,0,0
LF2_OBOX7,22,Aug,2014,OBOX,LF2,FALSE,Box,LF,0,0,0,0,0,0,0,0,0,0,0,0,0,0,0,0,0,0
LF2_OBOX7,22,Aug,2015,OBOX,LF2,FALSE,Box,LF,0,0,0,0,0,0,0,0,5,0,0,0,0,0,0,0,0,0
LF2_OBOX7,22,Nov,2013,OBOX,LF2,FALSE,Box,LF,0,0,0,0,0,0,0,0,0,0,0,0,0,0,0,0,0,0
LF2_OBOX7,22,Nov,2014,OBOX,LF2,FALSE,Box,LF,0,0,0,0,0,0,0,0,7,0,0,0,0,0,0,0,0,0
LF2_OBOX7,22,Nov,2015,OBOX,LF2,FALSE,Box,LF,0,0,0,0,0,0,0,0,4,0,0,0,0,0,0,0,0,1
LF2_OBOX8,23,Aug,2013,OBOX,LF2,FALSE,Box,LF,0,0,0,0,0,0,0,0,0,0,0,0,0,0,0,0,0,0
LF2_OBOX8,23,Aug,2014,OBOX,LF2,FALSE,Box,LF,0,0,0,0,0,0,0,0,0,0,0,0,0,0,0,0,0,0
LF2_OBOX8,23,Aug,2015,OBOX,LF2,FALSE,Box,LF,0,0,0,0,0,0,0,0,0,0,0,0,0,0,0,0,0,0
LF2_OBOX8,23,Nov,2013,OBOX,LF2,FALSE,Box,LF,0,0,0,0,0,0,0,0,0,0,0,0,0,0,0,0,0,0
LF2_OBOX8,23,Nov,2014,OBOX,LF2,FALSE,Box,LF,0,0,0,0,0,0,0,0,0,0,0,0,0,0,0,0,0,0
LF2_OBOX8,23,Nov,2015,OBOX,LF2,FALSE,Box,LF,0,0,0,1,0,0,0,0,0,0,0,0,0,0,0,0,1,0
LF2_OBOX9,24,Aug,2013,OBOX,LF2,FALSE,Box,LF,0,0,0,0,0,0,0,0,0,0,0,0,0,0,0,0,0,0
LF2_OBOX9,24,Aug,2014,OBOX,LF2,FALSE,Box,LF,0,0,0,0,0,0,0,0,0,0,0,0,0,0,0,0,0,0
LF2_OBOX9,24,Aug,2015,OBOX,LF2,FALSE,Box,LF,0,0,0,0,0,0,0,0,0,0,0,0,0,0,0,0,0,0
LF2_OBOX9,24,Nov,2013,OBOX,LF2,FALSE,Box,LF,0,0,0,0,0,0,0,0,0,0,0,0,0,0,0,0,0,0
LF2_OBOX9,24,Nov,2014,OBOX,LF2,FALSE,Box,LF,0,0,0,0,0,0,0,0,0,0,0,0,0,0,0,0,0,0
LF2_OBOX9,24,Nov,2015,OBOX,LF2,FALSE,Box,LF,0,0,0,0,0,0,0,0,0,0,1,0,0,0,0,0,1,0
LF3_OBOX1,31,Aug,2013,OBOX,LF3,FALSE,Box,LF,0,0,0,0,0,0,0,0,0,0,0,0,0,0,0,0,0,0
LF3_OBOX1,31,Aug,2014,OBOX,LF3,FALSE,Box,LF,0,0,0,0,0,0,0,0,6,0,0,0,0,0,0,0,1,0
LF3_OBOX1,31,Aug,2015,OBOX,LF3,FALSE,Box,LF,0,0,0,0,0,0,0,0,10,0,0,0,0,0,0,0,2,0
LF3_OBOX1,31,Nov,2013,OBOX,LF3,FALSE,Box,LF,0,0,0,0,0,0,0,0,0,0,0,0,0,0,0,0,0,0
LF3_OBOX1,31,Nov,2014,OBOX,LF3,FALSE,Box,LF,0,0,0,0,1,0,0,0,17,0,0,0,0,0,0,0,2,0
LF3_OBOX1,31,Nov,2015,OBOX,LF3,FALSE,Box,LF,0,0,0,0,2,0,0,0,5,0,0,0,0,0,0,0,2,0
LF3_OBOX10,40,Aug,2013,OBOX,LF3,FALSE,Box,LF,0,0,0,0,0,0,0,0,0,0,0,0,0,0,0,0,0,0
LF3_OBOX10,40,Aug,2014,OBOX,LF3,FALSE,Box,LF,0,0,0,0,0,0,0,0,3,0,3,0,0,0,0,0,2,0
LF3_OBOX10,40,Aug,2015,OBOX,LF3,FALSE,Box,LF,0,0,0,0,0,0,0,0,1,0,3,0,0,0,0,0,3,0
LF3_OBOX10,40,Nov,2013,OBOX,LF3,FALSE,Box,LF,0,0,0,0,0,0,0,0,0,0,0,0,0,0,0,0,0,0
LF3_OBOX10,40,Nov,2014,OBOX,LF3,FALSE,Box,LF,0,0,0,0,0,0,0,0,5,0,3,0,0,0,0,0,3,0
LF3_OBOX10,40,Nov,2015,OBOX,LF3,FALSE,Box,LF,0,0,0,0,0,0,0,0,1,0,2,0,0,0,0,0,2,0
LF3_OBOX11,41,Aug,2013,OBOX,LF3,FALSE,Box,LF,0,0,0,0,0,0,0,0,0,0,0,0,0,0,0,0,0,0
LF3_OBOX11,41,Aug,2014,OBOX,LF3,FALSE,Box,LF,0,0,0,0,0,0,0,0,8,0,0,0,0,0,0,0,0,0
LF3_OBOX11,41,Aug,2015,OBOX,LF3,FALSE,Box,LF,0,0,0,1,0,0,0,0,13,0,0,0,1,0,0,0,2,0
LF3_OBOX11,41,Nov,2013,OBOX,LF3,FALSE,Box,LF,0,0,0,0,0,0,0,0,0,0,0,0,0,0,0,0,0,0
LF3_OBOX11,41,Nov,2014,OBOX,LF3,FALSE,Box,LF,0,0,0,1,0,0,0,0,14,0,0,0,0,0,0,0,3,0
LF3_OBOX11,41,Nov,2015,OBOX,LF3,FALSE,Box,LF,0,0,0,1,0,0,0,0,8,0,0,0,1,0,0,0,2,0
LF3_OBOX12,42,Aug,2013,OBOX,LF3,FALSE,Box,LF,0,0,0,0,0,0,0,0,0,0,0,0,0,0,0,0,0,0
LF3_OBOX12,42,Aug,2014,OBOX,LF3,FALSE,Box,LF,0,0,0,0,0,0,0,0,4,0,0,0,0,0,0,0,0,0
LF3_OBOX12,42,Aug,2015,OBOX,LF3,FALSE,Box,LF,0,0,0,0,0,0,0,0,8,0,1,0,0,0,0,0,7,0
LF3_OBOX12,42,Nov,2013,OBOX,LF3,FALSE,Box,LF,0,0,0,0,0,0,0,0,0,0,0,0,0,0,0,0,0,0
LF3_OBOX12,42,Nov,2014,OBOX,LF3,FALSE,Box,LF,0,0,0,0,0,0,0,0,9,0,1,0,0,0,0,0,9,2
LF3_OBOX12,42,Nov,2015,OBOX,LF3,FALSE,Box,LF,0,0,0,0,0,0,0,0,6,0,1,0,0,0,0,0,9,0
LF3_OBOX13,43,Aug,2013,OBOX,LF3,FALSE,Box,LF,0,0,0,0,0,0,0,0,0,0,0,0,0,0,0,0,0,0
LF3_OBOX13,43,Aug,2014,OBOX,LF3,FALSE,Box,LF,0,0,0,0,0,0,0,0,2,0,1,0,0,0,0,0,2,2
LF3_OBOX13,43,Aug,2015,OBOX,LF3,FALSE,Box,LF,0,0,0,0,0,0,0,0,4,0,1,0,0,0,0,0,1,1
LF3_OBOX13,43,Nov,2013,OBOX,LF3,FALSE,Box,LF,0,0,0,0,0,0,0,0,0,0,0,0,0,0,0,0,0,0
LF3_OBOX13,43,Nov,2014,OBOX,LF3,FALSE,Box,LF,0,0,0,0,0,0,0,0,4,0,0,0,0,0,0,0,4,0
LF3_OBOX13,43,Nov,2015,OBOX,LF3,FALSE,Box,LF,0,0,0,0,0,0,0,0,2,0,1,0,0,0,0,0,2,1
LF3_OBOX14,44,Aug,2013,OBOX,LF3,FALSE,Box,LF,0,0,0,0,0,0,0,0,0,0,0,0,0,0,0,0,0,1
LF3_OBOX14,44,Aug,2014,OBOX,LF3,FALSE,Box,LF,0,0,0,0,0,0,0,0,1,0,0,0,0,0,0,0,2,2
LF3_OBOX14,44,Aug,2015,OBOX,LF3,FALSE,Box,LF,0,0,0,0,0,0,0,0,2,0,0,0,0,0,0,0,2,2
LF3_OBOX14,44,Nov,2013,OBOX,LF3,FALSE,Box,LF,0,0,0,0,0,0,0,0,0,0,0,0,0,0,0,0,0,2
LF3_OBOX14,44,Nov,2014,OBOX,LF3,FALSE,Box,LF,0,0,0,0,0,0,0,0,4,0,0,0,0,0,0,0,2,1
LF3_OBOX14,44,Nov,2015,OBOX,LF3,FALSE,Box,LF,0,0,0,0,0,0,0,0,0,0,0,0,0,0,0,0,2,2
LF3_OBOX15,45,Aug,2013,OBOX,LF3,FALSE,Box,LF,0,0,0,0,0,0,0,0,0,0,0,0,0,0,0,0,0,0
LF3_OBOX15,45,Aug,2014,OBOX,LF3,FALSE,Box,LF,0,0,0,0,0,0,0,0,0,0,0,0,0,0,0,0,1,0
LF3_OBOX15,45,Aug,2015,OBOX,LF3,FALSE,Box,LF,0,0,0,0,0,0,0,0,1,0,0,0,0,0,0,0,1,0
LF3_OBOX15,45,Nov,2013,OBOX,LF3,FALSE,Box,LF,0,0,0,0,0,0,0,0,0,0,0,0,0,0,0,0,0,0
LF3_OBOX15,45,Nov,2014,OBOX,LF3,FALSE,Box,LF,0,0,0,0,0,0,0,0,1,0,0,0,0,0,0,0,1,0
LF3_OBOX15,45,Nov,2015,OBOX,LF3,FALSE,Box,LF,0,0,0,0,0,0,0,0,0,0,0,0,0,0,0,0,1,0
LF3_OBOX2,32,Aug,2013,OBOX,LF3,FALSE,Box,LF,0,1,0,0,0,0,0,0,0,0,0,0,0,0,0,0,0,0
LF3_OBOX2,32,Aug,2014,OBOX,LF3,FALSE,Box,LF,0,1,0,0,0,0,0,0,2,0,0,0,0,0,0,0,0,0
LF3_OBOX2,32,Aug,2015,OBOX,LF3,FALSE,Box,LF,0,1,0,0,0,0,0,0,15,0,0,0,0,0,0,0,0,0
LF3_OBOX2,32,Nov,2013,OBOX,LF3,FALSE,Box,LF,0,0,0,0,0,0,0,0,0,0,0,0,0,0,0,0,0,0
LF3_OBOX2,32,Nov,2014,OBOX,LF3,FALSE,Box,LF,0,1,0,0,0,0,0,0,19,0,0,0,0,0,0,0,0,0
LF3_OBOX2,32,Nov,2015,OBOX,LF3,FALSE,Box,LF,0,1,0,0,0,0,0,0,1,0,0,0,0,0,0,0,0,0
LF3_OBOX3,33,Aug,2013,OBOX,LF3,FALSE,Box,LF,0,0,0,0,0,0,0,0,0,0,0,0,0,0,0,0,0,1
LF3_OBOX3,33,Aug,2014,OBOX,LF3,FALSE,Box,LF,0,0,0,1,0,0,0,0,1,0,0,0,0,0,0,0,2,1
LF3_OBOX3,33,Aug,2015,OBOX,LF3,FALSE,Box,LF,0,0,0,0,0,0,0,0,4,0,0,0,0,0,0,0,7,2
LF3_OBOX3,33,Nov,2013,OBOX,LF3,FALSE,Box,LF,0,0,0,0,0,0,0,0,0,0,0,0,0,0,0,0,0,0
LF3_OBOX3,33,Nov,2014,OBOX,LF3,FALSE,Box,LF,0,0,0,1,0,0,0,0,12,0,0,0,0,0,0,0,10,1
LF3_OBOX3,33,Nov,2015,OBOX,LF3,FALSE,Box,LF,0,0,0,0,0,0,0,0,0,0,0,0,0,0,0,0,9,1
LF3_OBOX4,34,Aug,2013,OBOX,LF3,FALSE,Box,LF,0,0,0,0,0,0,0,0,0,0,0,0,0,0,0,0,0,0
LF3_OBOX4,34,Aug,2014,OBOX,LF3,FALSE,Box,LF,0,0,0,0,0,0,0,0,0,0,0,0,0,0,0,0,2,0
LF3_OBOX4,34,Aug,2015,OBOX,LF3,FALSE,Box,LF,0,0,0,0,0,0,0,0,1,0,0,0,0,0,0,0,3,0
LF3_OBOX4,34,Nov,2013,OBOX,LF3,FALSE,Box,LF,0,0,0,0,0,0,0,0,0,0,0,0,0,0,0,0,0,0
LF3_OBOX4,34,Nov,2014,OBOX,LF3,FALSE,Box,LF,0,0,0,0,0,0,0,0,2,0,0,0,0,0,0,0,2,0
LF3_OBOX4,34,Nov,2015,OBOX,LF3,FALSE,Box,LF,0,0,0,0,0,0,0,0,0,0,0,0,0,0,0,0,2,0
LF3_OBOX5,35,Aug,2013,OBOX,LF3,FALSE,Box,LF,0,2,0,0,0,0,0,0,0,0,0,0,0,0,0,0,0,2
LF3_OBOX5,35,Aug,2014,OBOX,LF3,FALSE,Box,LF,0,0,0,0,0,0,0,0,2,0,1,0,0,0,0,0,4,1
LF3_OBOX5,35,Aug,2015,OBOX,LF3,FALSE,Box,LF,0,0,0,0,0,0,0,0,5,0,1,0,0,0,0,0,5,1
LF3_OBOX5,35,Nov,2013,OBOX,LF3,FALSE,Box,LF,0,2,0,0,0,0,0,0,0,0,0,0,0,0,0,0,0,0
LF3_OBOX5,35,Nov,2014,OBOX,LF3,FALSE,Box,LF,0,0,0,0,0,0,0,0,10,0,0,0,0,0,0,0,6,2
LF3_OBOX5,35,Nov,2015,OBOX,LF3,FALSE,Box,LF,0,0,0,0,0,0,0,0,2,0,1,0,0,0,0,0,4,0
LF3_OBOX6,36,Aug,2013,OBOX,LF3,FALSE,Box,LF,0,0,0,0,0,0,0,0,0,0,0,0,0,0,0,0,0,0
LF3_OBOX6,36,Aug,2014,OBOX,LF3,FALSE,Box,LF,0,0,0,0,0,0,0,0,3,0,1,0,0,0,0,0,0,0
LF3_OBOX6,36,Aug,2015,OBOX,LF3,FALSE,Box,LF,0,0,0,0,0,0,0,0,8,0,1,0,0,0,0,0,0,1
LF3_OBOX6,36,Nov,2013,OBOX,LF3,FALSE,Box,LF,0,0,0,0,0,0,0,0,0,0,0,0,0,0,0,0,0,0
LF3_OBOX6,36,Nov,2014,OBOX,LF3,FALSE,Box,LF,0,0,0,0,0,0,0,0,6,0,2,0,0,0,0,0,0,0
LF3_OBOX6,36,Nov,2015,OBOX,LF3,FALSE,Box,LF,0,0,0,1,0,0,0,0,0,0,1,0,0,0,0,0,0,1
LF3_OBOX7,37,Aug,2013,OBOX,LF3,FALSE,Box,LF,0,0,0,0,0,0,0,0,0,0,0,0,0,0,0,0,0,0
LF3_OBOX7,37,Aug,2014,OBOX,LF3,FALSE,Box,LF,0,0,0,0,0,0,0,0,0,0,2,0,0,0,0,0,7,2
LF3_OBOX7,37,Aug,2015,OBOX,LF3,FALSE,Box,LF,0,0,0,0,0,0,0,1,5,0,2,0,0,0,0,0,4,2
LF3_OBOX7,37,Nov,2013,OBOX,LF3,FALSE,Box,LF,0,0,0,0,0,0,0,0,0,0,0,0,0,0,0,0,0,0
LF3_OBOX7,37,Nov,2014,OBOX,LF3,FALSE,Box,LF,0,0,0,0,0,0,0,0,6,0,2,0,0,0,0,0,12,2
LF3_OBOX7,37,Nov,2015,OBOX,LF3,FALSE,Box,LF,0,0,0,0,0,0,0,0,1,0,1,0,0,0,0,0,11,2
LF3_OBOX8,38,Aug,2013,OBOX,LF3,FALSE,Box,LF,0,2,0,0,0,0,0,0,0,0,0,0,0,0,0,0,0,3
LF3_OBOX8,38,Aug,2014,OBOX,LF3,FALSE,Box,LF,0,1,0,0,1,0,0,0,10,0,2,0,0,0,0,0,6,2
LF3_OBOX8,38,Aug,2015,OBOX,LF3,FALSE,Box,LF,0,1,0,0,0,0,0,0,5,0,1,0,0,0,0,0,8,2
LF3_OBOX8,38,Nov,2013,OBOX,LF3,FALSE,Box,LF,0,1,0,0,0,0,0,0,0,0,0,0,0,0,0,0,0,0
LF3_OBOX8,38,Nov,2014,OBOX,LF3,FALSE,Box,LF,0,1,0,0,0,0,0,0,10,0,1,0,0,0,0,0,8,0
LF3_OBOX8,38,Nov,2015,OBOX,LF3,FALSE,Box,LF,0,0,0,0,0,0,0,0,3,0,1,0,0,0,0,0,7,2
LF3_OBOX9,39,Aug,2013,OBOX,LF3,FALSE,Box,LF,0,0,0,0,0,0,0,0,0,0,0,0,0,0,0,0,0,0
LF3_OBOX9,39,Aug,2014,OBOX,LF3,FALSE,Box,LF,0,0,0,1,0,0,0,0,3,0,2,0,0,0,0,0,3,2
LF3_OBOX9,39,Aug,2015,OBOX,LF3,FALSE,Box,LF,0,0,0,1,0,0,0,0,3,0,0,0,0,0,0,0,5,2
LF3_OBOX9,39,Nov,2013,OBOX,LF3,FALSE,Box,LF,0,0,0,0,0,0,0,0,0,0,0,0,0,0,0,0,0,1
LF3_OBOX9,39,Nov,2014,OBOX,LF3,FALSE,Box,LF,0,0,0,1,0,0,0,0,5,0,0,0,0,0,0,0,0,1
LF3_OBOX9,39,Nov,2015,OBOX,LF3,FALSE,Box,LF,0,0,0,1,0,0,0,0,3,0,1,0,0,0,0,0,4,2
LF1_ON1,1,Aug,2013,ON,LF1,FALSE,Nutrients,LF,0,0,0,0,0,0,0,0,0,0,0,0,0,0,0,0,0,0
LF1_ON1,1,Aug,2014,ON,LF1,FALSE,Nutrients,LF,0,0,0,0,0,0,0,0,0,0,0,0,0,0,0,0,0,0
LF1_ON1,1,Aug,2015,ON,LF1,FALSE,Nutrients,LF,0,0,0,0,0,0,0,0,0,0,0,0,0,0,0,0,1,0
LF1_ON1,1,Nov,2013,ON,LF1,FALSE,Nutrients,LF,0,0,0,0,0,0,0,0,0,0,0,0,0,0,0,0,0,0
LF1_ON1,1,Nov,2014,ON,LF1,FALSE,Nutrients,LF,0,0,0,0,0,0,0,0,0,0,0,0,0,0,0,0,0,0
LF1_ON1,1,Nov,2015,ON,LF1,FALSE,Nutrients,LF,0,0,0,0,0,0,0,0,0,0,0,0,0,0,0,0,1,0
LF1_ON10,10,Aug,2013,ON,LF1,FALSE,Nutrients,LF,0,1,1,0,0,0,0,0,0,0,0,0,0,0,0,0,0,0
LF1_ON10,10,Aug,2014,ON,LF1,FALSE,Nutrients,LF,0,0,0,0,0,0,0,0,0,0,0,0,0,0,0,0,4,0
LF1_ON10,10,Aug,2015,ON,LF1,FALSE,Nutrients,LF,0,0,0,0,0,0,0,0,0,0,0,0,0,0,0,0,2,0
LF1_ON10,10,Nov,2013,ON,LF1,FALSE,Nutrients,LF,0,0,0,0,0,0,0,0,0,0,0,0,0,0,0,0,0,0
LF1_ON10,10,Nov,2014,ON,LF1,FALSE,Nutrients,LF,0,0,0,0,0,0,0,0,0,0,0,0,0,0,0,0,4,0
LF1_ON10,10,Nov,2015,ON,LF1,FALSE,Nutrients,LF,0,0,0,0,0,0,0,0,0,0,0,0,0,0,0,0,2,0
LF1_ON11,11,Aug,2013,ON,LF1,FALSE,Nutrients,LF,0,1,0,0,0,0,0,0,0,0,0,0,0,0,0,0,0,0
LF1_ON11,11,Aug,2014,ON,LF1,FALSE,Nutrients,LF,0,0,0,0,0,0,0,0,0,0,1,0,0,0,0,0,0,1
LF1_ON11,11,Aug,2015,ON,LF1,FALSE,Nutrients,LF,0,0,0,0,0,0,0,0,0,0,0,0,0,0,0,0,1,1
LF1_ON11,11,Nov,2013,ON,LF1,FALSE,Nutrients,LF,0,0,0,0,0,0,0,0,0,0,0,0,0,0,0,0,0,0
LF1_ON11,11,Nov,2014,ON,LF1,FALSE,Nutrients,LF,0,0,0,0,0,0,0,0,0,0,1,0,0,0,0,0,0,1
LF1_ON11,11,Nov,2015,ON,LF1,FALSE,Nutrients,LF,0,0,0,0,0,0,0,0,0,0,1,0,0,0,0,0,1,1
LF1_ON12,12,Aug,2013,ON,LF1,FALSE,Nutrients,LF,0,0,0,0,0,0,0,0,0,0,0,0,0,0,0,0,0,1
LF1_ON12,12,Aug,2014,ON,LF1,FALSE,Nutrients,LF,0,0,0,0,0,0,0,0,0,0,0,0,0,0,0,0,1,0
LF1_ON12,12,Aug,2015,ON,LF1,FALSE,Nutrients,LF,0,0,0,0,0,0,0,0,0,0,0,0,0,0,0,0,1,0
LF1_ON12,12,Nov,2013,ON,LF1,FALSE,Nutrients,LF,0,0,0,0,0,0,0,0,0,0,0,0,0,0,0,0,0,0
LF1_ON12,12,Nov,2014,ON,LF1,FALSE,Nutrients,LF,0,0,0,0,0,0,0,0,0,0,0,0,0,0,0,0,1,0
LF1_ON12,12,Nov,2015,ON,LF1,FALSE,Nutrients,LF,0,0,0,0,0,0,0,0,0,0,0,0,0,0,0,0,1,0
LF1_ON13,13,Aug,2013,ON,LF1,FALSE,Nutrients,LF,0,1,0,0,0,0,0,0,0,0,0,0,0,0,0,0,0,0
LF1_ON13,13,Aug,2014,ON,LF1,FALSE,Nutrients,LF,0,0,0,0,0,0,0,0,0,0,0,0,0,0,0,0,1,0
LF1_ON13,13,Aug,2015,ON,LF1,FALSE,Nutrients,LF,0,0,1,0,0,0,0,0,0,0,0,0,0,0,0,0,1,0
LF1_ON13,13,Nov,2013,ON,LF1,FALSE,Nutrients,LF,0,0,0,0,0,0,0,0,0,0,0,0,0,0,0,0,0,0
LF1_ON13,13,Nov,2014,ON,LF1,FALSE,Nutrients,LF,0,0,0,0,0,0,0,0,0,0,0,0,0,0,0,0,1,1
LF1_ON13,13,Nov,2015,ON,LF1,FALSE,Nutrients,LF,0,0,1,0,0,0,0,0,0,0,0,0,0,0,0,0,1,0
LF1_ON14,14,Aug,2013,ON,LF1,FALSE,Nutrients,LF,0,0,0,0,0,0,0,0,0,0,0,0,0,0,0,0,0,0
LF1_ON14,14,Aug,2014,ON,LF1,FALSE,Nutrients,LF,0,0,0,0,0,0,0,0,0,0,0,0,0,0,0,0,2,0
LF1_ON14,14,Aug,2015,ON,LF1,FALSE,Nutrients,LF,0,0,0,0,0,0,0,0,0,0,0,0,0,0,0,0,2,0
LF1_ON14,14,Nov,2013,ON,LF1,FALSE,Nutrients,LF,0,0,0,0,0,0,0,0,0,0,0,0,0,0,0,0,0,0
LF1_ON14,14,Nov,2014,ON,LF1,FALSE,Nutrients,LF,0,0,1,0,0,0,0,0,0,0,0,0,0,0,0,0,3,0
LF1_ON14,14,Nov,2015,ON,LF1,FALSE,Nutrients,LF,0,0,0,0,0,0,0,0,0,0,0,0,0,0,0,0,3,0
LF1_ON15,15,Aug,2013,ON,LF1,FALSE,Nutrients,LF,0,0,0,0,0,0,0,0,0,0,0,0,0,0,0,0,0,0
LF1_ON15,15,Aug,2014,ON,LF1,FALSE,Nutrients,LF,0,0,0,0,0,0,0,0,0,0,2,0,0,0,0,0,0,0
LF1_ON15,15,Aug,2015,ON,LF1,FALSE,Nutrients,LF,0,0,0,0,0,0,0,0,0,0,1,1,0,0,0,0,0,0
LF1_ON15,15,Nov,2013,ON,LF1,FALSE,Nutrients,LF,0,0,0,0,0,0,0,0,0,0,0,0,0,0,0,0,0,0
LF1_ON15,15,Nov,2014,ON,LF1,FALSE,Nutrients,LF,0,0,0,0,0,0,0,0,0,0,2,0,0,0,0,0,0,0
LF1_ON15,15,Nov,2015,ON,LF1,FALSE,Nutrients,LF,0,0,0,0,0,0,0,0,0,0,1,1,0,0,0,0,0,0
LF1_ON2,2,Aug,2013,ON,LF1,FALSE,Nutrients,LF,0,0,0,0,0,0,0,0,0,0,0,0,0,0,0,0,0,0
LF1_ON2,2,Aug,2014,ON,LF1,FALSE,Nutrients,LF,0,0,0,0,0,0,0,0,1,0,0,0,0,0,0,0,0,0
LF1_ON2,2,Aug,2015,ON,LF1,FALSE,Nutrients,LF,0,0,0,0,0,0,0,0,0,0,0,0,0,0,0,0,0,0
LF1_ON2,2,Nov,2013,ON,LF1,FALSE,Nutrients,LF,0,0,0,0,0,0,0,0,0,0,0,0,0,0,0,0,0,0
LF1_ON2,2,Nov,2014,ON,LF1,FALSE,Nutrients,LF,0,0,0,0,0,0,0,0,0,0,0,0,0,0,0,0,0,0
LF1_ON2,2,Nov,2015,ON,LF1,FALSE,Nutrients,LF,0,0,0,0,0,0,0,0,0,0,0,0,0,0,0,0,0,0
LF1_ON3,3,Aug,2013,ON,LF1,FALSE,Nutrients,LF,0,0,0,0,0,0,0,0,0,0,0,0,0,0,0,0,0,0
LF1_ON3,3,Aug,2014,ON,LF1,FALSE,Nutrients,LF,0,0,0,0,0,0,0,0,0,0,0,0,0,0,0,0,0,0
LF1_ON3,3,Aug,2015,ON,LF1,FALSE,Nutrients,LF,0,0,0,0,0,0,0,0,0,0,0,0,0,0,0,0,0,0
LF1_ON3,3,Nov,2013,ON,LF1,FALSE,Nutrients,LF,0,0,0,0,0,0,0,0,0,0,0,0,0,0,0,0,0,0
LF1_ON3,3,Nov,2014,ON,LF1,FALSE,Nutrients,LF,0,0,0,0,0,0,0,0,0,0,0,0,0,0,0,0,0,0
LF1_ON3,3,Nov,2015,ON,LF1,FALSE,Nutrients,LF,0,0,0,0,0,0,0,0,0,0,0,0,0,0,0,0,0,0
LF1_ON4,4,Aug,2013,ON,LF1,FALSE,Nutrients,LF,0,0,0,0,0,0,0,0,0,0,0,0,0,0,0,0,0,0
LF1_ON4,4,Aug,2014,ON,LF1,FALSE,Nutrients,LF,0,0,0,0,0,0,0,0,0,0,0,0,0,0,0,0,0,0
LF1_ON4,4,Aug,2015,ON,LF1,FALSE,Nutrients,LF,0,0,0,0,0,0,0,0,0,0,0,0,0,0,0,0,0,0
LF1_ON4,4,Nov,2013,ON,LF1,FALSE,Nutrients,LF,0,0,0,0,0,0,0,0,0,0,0,0,0,0,0,0,0,0
LF1_ON4,4,Nov,2014,ON,LF1,FALSE,Nutrients,LF,0,0,0,0,0,0,0,0,0,0,0,0,0,0,0,0,0,0
LF1_ON4,4,Nov,2015,ON,LF1,FALSE,Nutrients,LF,0,0,0,0,0,0,0,0,0,0,0,0,0,0,0,0,0,0
LF1_ON5,5,Aug,2013,ON,LF1,FALSE,Nutrients,LF,0,0,0,0,0,0,0,0,0,0,0,0,0,0,0,0,0,0
LF1_ON5,5,Aug,2014,ON,LF1,FALSE,Nutrients,LF,0,0,0,0,0,0,0,0,0,0,0,0,0,0,0,0,1,0
LF1_ON5,5,Aug,2015,ON,LF1,FALSE,Nutrients,LF,0,0,0,0,0,0,0,0,0,0,0,0,0,0,0,0,0,0
LF1_ON5,5,Nov,2013,ON,LF1,FALSE,Nutrients,LF,0,0,0,0,0,0,0,0,0,0,0,0,0,0,0,0,0,0
LF1_ON5,5,Nov,2014,ON,LF1,FALSE,Nutrients,LF,0,0,0,0,0,0,0,0,0,0,0,0,0,0,0,0,3,2
LF1_ON5,5,Nov,2015,ON,LF1,FALSE,Nutrients,LF,0,0,0,0,0,0,0,0,0,0,0,0,0,0,0,0,3,0
LF1_ON6,6,Aug,2013,ON,LF1,FALSE,Nutrients,LF,0,0,0,0,0,0,0,0,0,0,0,0,0,0,0,0,0,0
LF1_ON6,6,Aug,2014,ON,LF1,FALSE,Nutrients,LF,0,0,0,0,0,0,0,0,1,0,0,0,0,0,0,0,6,0
LF1_ON6,6,Aug,2015,ON,LF1,FALSE,Nutrients,LF,0,0,0,0,0,0,0,0,1,0,0,0,0,0,0,0,0,0
LF1_ON6,6,Nov,2013,ON,LF1,FALSE,Nutrients,LF,0,0,0,0,0,0,0,0,0,0,0,0,0,0,0,0,0,0
LF1_ON6,6,Nov,2014,ON,LF1,FALSE,Nutrients,LF,0,0,0,0,0,0,0,0,1,0,0,0,0,0,0,0,6,0
LF1_ON6,6,Nov,2015,ON,LF1,FALSE,Nutrients,LF,0,0,0,0,0,0,0,0,0,0,0,0,0,0,0,0,3,0
LF1_ON7,7,Aug,2013,ON,LF1,FALSE,Nutrients,LF,0,1,0,0,0,0,0,0,0,0,0,0,0,0,0,0,0,0
LF1_ON7,7,Aug,2014,ON,LF1,FALSE,Nutrients,LF,0,0,0,0,0,0,0,0,0,0,0,0,0,0,0,0,0,0
LF1_ON7,7,Aug,2015,ON,LF1,FALSE,Nutrients,LF,0,0,0,0,0,0,0,0,0,0,0,0,0,0,0,0,0,0
LF1_ON7,7,Nov,2013,ON,LF1,FALSE,Nutrients,LF,0,0,0,0,0,0,0,0,0,0,0,0,0,0,0,0,0,0
LF1_ON7,7,Nov,2014,ON,LF1,FALSE,Nutrients,LF,0,0,0,0,0,0,0,0,0,0,0,0,0,0,0,0,2,0
LF1_ON7,7,Nov,2015,ON,LF1,FALSE,Nutrients,LF,0,0,0,0,0,0,0,0,0,0,0,0,0,0,0,0,0,0
LF1_ON8,8,Aug,2013,ON,LF1,FALSE,Nutrients,LF,0,0,0,0,0,0,0,0,0,0,0,0,0,0,0,0,0,0
LF1_ON8,8,Aug,2014,ON,LF1,FALSE,Nutrients,LF,0,0,0,1,0,0,0,0,0,0,0,0,0,0,0,0,1,0
LF1_ON8,8,Aug,2015,ON,LF1,FALSE,Nutrients,LF,0,0,0,1,0,0,0,0,0,0,0,0,0,0,0,0,0,0
LF1_ON8,8,Nov,2013,ON,LF1,FALSE,Nutrients,LF,0,0,0,0,0,0,0,0,0,0,0,0,0,0,0,0,0,0
LF1_ON8,8,Nov,2014,ON,LF1,FALSE,Nutrients,LF,0,0,0,0,0,0,0,0,0,0,0,0,0,0,0,0,1,0
LF1_ON8,8,Nov,2015,ON,LF1,FALSE,Nutrients,LF,0,0,0,1,0,0,0,0,0,0,0,0,0,0,0,0,1,0
LF1_ON9,9,Aug,2013,ON,LF1,FALSE,Nutrients,LF,0,0,0,0,0,0,0,0,0,0,0,0,0,0,0,0,0,0
LF1_ON9,9,Aug,2014,ON,LF1,FALSE,Nutrients,LF,0,0,0,0,0,0,0,0,0,0,0,0,0,0,0,0,0,0
LF1_ON9,9,Aug,2015,ON,LF1,FALSE,Nutrients,LF,0,0,0,0,0,0,0,0,0,0,0,0,0,0,0,0,0,0
LF1_ON9,9,Nov,2013,ON,LF1,FALSE,Nutrients,LF,0,0,0,0,0,0,0,0,0,0,0,0,0,0,0,0,0,0
LF1_ON9,9,Nov,2014,ON,LF1,FALSE,Nutrients,LF,0,0,0,0,0,0,0,0,0,0,0,0,0,0,0,0,0,0
LF1_ON9,9,Nov,2015,ON,LF1,FALSE,Nutrients,LF,0,0,0,0,0,0,0,0,0,0,0,0,0,0,0,0,0,0
LF2_ON1,16,Aug,2013,ON,LF2,FALSE,Nutrients,LF,0,0,0,0,0,0,0,0,0,0,0,0,0,0,0,0,0,0
LF2_ON1,16,Aug,2014,ON,LF2,FALSE,Nutrients,LF,0,0,0,0,0,0,0,0,3,0,0,0,0,0,0,0,0,0
LF2_ON1,16,Aug,2015,ON,LF2,FALSE,Nutrients,LF,0,0,0,0,0,0,0,0,11,0,0,0,0,0,0,0,0,0
LF2_ON1,16,Nov,2013,ON,LF2,FALSE,Nutrients,LF,0,0,0,0,0,0,0,0,0,0,0,0,0,0,0,0,0,0
LF2_ON1,16,Nov,2014,ON,LF2,FALSE,Nutrients,LF,0,0,0,0,0,0,0,0,9,0,0,0,0,0,0,0,0,0
LF2_ON1,16,Nov,2015,ON,LF2,FALSE,Nutrients,LF,0,0,0,0,0,0,0,0,9,0,0,0,0,0,0,0,0,0
LF2_ON10,25,Aug,2013,ON,LF2,FALSE,Nutrients,LF,0,2,0,0,0,0,0,0,0,0,0,0,0,0,0,0,0,0
LF2_ON10,25,Aug,2014,ON,LF2,FALSE,Nutrients,LF,0,0,0,0,0,0,0,0,1,0,0,0,0,0,0,0,0,0
LF2_ON10,25,Aug,2015,ON,LF2,FALSE,Nutrients,LF,0,0,0,0,0,0,0,0,3,0,0,0,0,0,0,0,0,1
LF2_ON10,25,Nov,2013,ON,LF2,FALSE,Nutrients,LF,0,0,0,0,0,0,0,0,0,0,0,0,0,0,0,0,0,0
LF2_ON10,25,Nov,2014,ON,LF2,FALSE,Nutrients,LF,0,0,0,0,0,0,0,0,7,0,0,0,0,0,0,0,0,0
LF2_ON10,25,Nov,2015,ON,LF2,FALSE,Nutrients,LF,0,0,0,0,0,0,0,0,2,0,0,0,0,0,0,0,3,3
LF2_ON11,26,Aug,2013,ON,LF2,FALSE,Nutrients,LF,0,0,0,0,0,0,0,0,0,0,0,0,0,0,0,0,0,0
LF2_ON11,26,Aug,2014,ON,LF2,FALSE,Nutrients,LF,0,0,0,0,0,0,0,0,0,0,0,0,0,0,0,0,1,0
LF2_ON11,26,Aug,2015,ON,LF2,FALSE,Nutrients,LF,0,0,0,0,0,0,0,0,2,0,0,0,0,0,0,0,1,0
LF2_ON11,26,Nov,2013,ON,LF2,FALSE,Nutrients,LF,0,0,0,0,0,0,0,0,0,0,0,0,0,0,0,0,0,0
LF2_ON11,26,Nov,2014,ON,LF2,FALSE,Nutrients,LF,0,0,0,0,0,0,0,0,5,0,0,0,0,0,0,0,2,0
LF2_ON11,26,Nov,2015,ON,LF2,FALSE,Nutrients,LF,0,0,0,0,0,0,0,0,1,0,0,0,0,0,0,0,2,1
LF2_ON12,27,Aug,2013,ON,LF2,FALSE,Nutrients,LF,0,0,0,0,0,0,0,0,0,0,0,0,0,0,0,0,0,0
LF2_ON12,27,Aug,2014,ON,LF2,FALSE,Nutrients,LF,0,0,0,0,0,0,0,0,0,0,0,0,0,0,0,0,0,0
LF2_ON12,27,Aug,2015,ON,LF2,FALSE,Nutrients,LF,0,0,0,0,0,0,0,0,0,0,0,0,0,0,0,0,3,1
LF2_ON12,27,Nov,2013,ON,LF2,FALSE,Nutrients,LF,0,1,0,0,0,0,0,0,0,0,0,0,0,0,0,0,0,0
LF2_ON12,27,Nov,2014,ON,LF2,FALSE,Nutrients,LF,0,0,0,0,0,0,0,0,13,0,0,0,0,0,0,0,3,1
LF2_ON12,27,Nov,2015,ON,LF2,FALSE,Nutrients,LF,0,0,0,0,0,0,0,0,2,0,0,0,0,0,0,0,3,1
LF2_ON13,28,Aug,2013,ON,LF2,FALSE,Nutrients,LF,0,0,0,0,0,0,0,0,0,0,0,0,0,0,0,0,0,0
LF2_ON13,28,Aug,2014,ON,LF2,FALSE,Nutrients,LF,0,0,0,0,0,0,0,0,1,0,0,0,0,0,0,0,5,0
LF2_ON13,28,Aug,2015,ON,LF2,FALSE,Nutrients,LF,0,0,0,0,0,0,0,0,0,0,0,0,0,0,0,0,5,0
LF2_ON13,28,Nov,2013,ON,LF2,FALSE,Nutrients,LF,0,0,0,0,0,0,0,0,0,0,0,0,0,0,0,0,0,0
LF2_ON13,28,Nov,2014,ON,LF2,FALSE,Nutrients,LF,0,0,0,0,0,0,0,0,3,0,0,0,0,0,0,0,5,1
LF2_ON13,28,Nov,2015,ON,LF2,FALSE,Nutrients,LF,0,0,0,0,0,0,0,0,0,0,0,0,0,0,0,0,5,1
LF2_ON14,29,Aug,2013,ON,LF2,FALSE,Nutrients,LF,0,0,0,0,0,0,0,0,0,0,0,0,0,0,0,0,0,0
LF2_ON14,29,Aug,2014,ON,LF2,FALSE,Nutrients,LF,0,0,0,1,0,0,0,0,1,0,0,0,0,0,0,0,5,0
LF2_ON14,29,Aug,2015,ON,LF2,FALSE,Nutrients,LF,0,0,0,1,0,0,0,0,0,0,0,0,0,0,0,0,5,0
LF2_ON14,29,Nov,2013,ON,LF2,FALSE,Nutrients,LF,0,0,0,0,0,0,0,0,0,0,0,0,0,0,0,0,0,0
LF2_ON14,29,Nov,2014,ON,LF2,FALSE,Nutrients,LF,0,0,0,1,0,0,0,0,5,0,0,0,0,0,0,0,5,0
LF2_ON14,29,Nov,2015,ON,LF2,FALSE,Nutrients,LF,0,0,0,1,0,0,0,0,0,0,0,0,0,0,0,0,4,0
LF2_ON15,30,Aug,2013,ON,LF2,FALSE,Nutrients,LF,0,0,0,0,0,0,0,0,0,0,0,0,0,0,0,0,0,0
LF2_ON15,30,Aug,2014,ON,LF2,FALSE,Nutrients,LF,0,0,0,0,0,0,0,0,0,0,0,0,0,0,0,0,6,0
LF2_ON15,30,Aug,2015,ON,LF2,FALSE,Nutrients,LF,0,0,0,0,0,0,0,0,0,0,0,0,0,0,0,0,5,0
LF2_ON15,30,Nov,2013,ON,LF2,FALSE,Nutrients,LF,0,0,0,0,0,0,0,0,0,0,0,0,0,0,0,0,0,0
LF2_ON15,30,Nov,2014,ON,LF2,FALSE,Nutrients,LF,0,0,0,0,0,0,0,0,6,0,0,0,0,0,0,0,5,0
LF2_ON15,30,Nov,2015,ON,LF2,FALSE,Nutrients,LF,0,0,0,0,0,0,0,0,0,0,0,0,0,0,0,0,4,0
LF2_ON2,17,Aug,2013,ON,LF2,FALSE,Nutrients,LF,0,6,0,0,0,0,0,0,0,0,0,0,0,0,0,0,0,0
LF2_ON2,17,Aug,2014,ON,LF2,FALSE,Nutrients,LF,0,2,0,0,0,0,0,0,0,0,0,0,0,0,0,0,5,0
LF2_ON2,17,Aug,2015,ON,LF2,FALSE,Nutrients,LF,0,0,0,0,0,0,0,0,9,0,0,0,0,0,0,0,5,0
LF2_ON2,17,Nov,2013,ON,LF2,FALSE,Nutrients,LF,0,3,0,0,0,0,0,0,0,0,0,0,0,0,0,0,0,0
LF2_ON2,17,Nov,2014,ON,LF2,FALSE,Nutrients,LF,0,2,0,0,0,0,0,0,10,0,0,0,0,0,0,0,5,0
LF2_ON2,17,Nov,2015,ON,LF2,FALSE,Nutrients,LF,0,0,0,0,0,0,0,0,4,0,0,0,0,0,0,0,5,0
LF2_ON3,18,Aug,2013,ON,LF2,FALSE,Nutrients,LF,0,2,0,0,0,0,0,0,0,0,0,0,0,0,0,0,0,0
LF2_ON3,18,Aug,2014,ON,LF2,FALSE,Nutrients,LF,0,1,0,0,0,0,0,0,2,0,0,0,0,0,0,0,1,0
LF2_ON3,18,Aug,2015,ON,LF2,FALSE,Nutrients,LF,0,1,0,0,0,0,0,0,7,0,0,0,0,0,0,0,2,0
LF2_ON3,18,Nov,2013,ON,LF2,FALSE,Nutrients,LF,0,2,0,0,0,0,0,0,0,0,0,0,0,0,0,0,0,0
LF2_ON3,18,Nov,2014,ON,LF2,FALSE,Nutrients,LF,0,2,0,0,0,0,0,0,19,0,0,0,0,0,0,0,2,0
LF2_ON3,18,Nov,2015,ON,LF2,FALSE,Nutrients,LF,0,1,0,0,0,0,0,0,8,0,0,0,0,0,0,0,2,0
LF2_ON4,19,Aug,2013,ON,LF2,FALSE,Nutrients,LF,0,0,0,0,0,0,0,0,0,0,0,0,0,0,0,0,0,0
LF2_ON4,19,Aug,2014,ON,LF2,FALSE,Nutrients,LF,0,0,0,0,0,0,0,0,0,0,1,0,0,0,0,0,2,0
LF2_ON4,19,Aug,2015,ON,LF2,FALSE,Nutrients,LF,0,0,0,0,0,0,0,0,4,0,1,0,0,0,0,0,3,0
LF2_ON4,19,Nov,2013,ON,LF2,FALSE,Nutrients,LF,0,0,0,0,0,0,0,0,0,0,0,0,0,0,0,0,0,0
LF2_ON4,19,Nov,2014,ON,LF2,FALSE,Nutrients,LF,0,0,0,0,0,0,0,0,6,0,1,0,0,0,0,0,3,0
LF2_ON4,19,Nov,2015,ON,LF2,FALSE,Nutrients,LF,0,0,0,0,0,0,0,0,4,0,1,0,0,0,0,0,3,0
LF2_ON5,20,Aug,2013,ON,LF2,FALSE,Nutrients,LF,0,0,0,0,0,0,0,0,0,0,0,0,0,0,0,0,0,0
LF2_ON5,20,Aug,2014,ON,LF2,FALSE,Nutrients,LF,0,0,0,0,0,0,0,0,0,0,0,0,0,0,0,0,2,1
LF2_ON5,20,Aug,2015,ON,LF2,FALSE,Nutrients,LF,0,0,0,0,0,0,0,0,3,0,0,0,0,0,0,0,5,0
LF2_ON5,20,Nov,2013,ON,LF2,FALSE,Nutrients,LF,0,0,0,0,0,0,0,0,0,0,0,0,0,0,0,0,0,0
LF2_ON5,20,Nov,2014,ON,LF2,FALSE,Nutrients,LF,0,0,0,0,0,0,0,0,6,0,2,0,0,0,0,0,5,1
LF2_ON5,20,Nov,2015,ON,LF2,FALSE,Nutrients,LF,0,0,0,0,0,0,0,0,3,0,0,0,0,0,0,0,4,0
LF2_ON6,21,Aug,2013,ON,LF2,FALSE,Nutrients,LF,0,0,0,0,0,0,0,0,0,0,0,0,0,0,0,0,0,0
LF2_ON6,21,Aug,2014,ON,LF2,FALSE,Nutrients,LF,0,0,0,0,0,0,0,0,0,0,0,0,0,0,0,0,1,0
LF2_ON6,21,Aug,2015,ON,LF2,FALSE,Nutrients,LF,0,0,0,0,0,0,0,0,5,0,0,0,0,0,0,0,3,1
LF2_ON6,21,Nov,2013,ON,LF2,FALSE,Nutrients,LF,0,0,0,0,0,0,0,0,0,0,0,0,0,0,0,0,0,0
LF2_ON6,21,Nov,2014,ON,LF2,FALSE,Nutrients,LF,0,0,0,0,0,0,0,0,16,0,0,0,0,0,0,0,10,0
LF2_ON6,21,Nov,2015,ON,LF2,FALSE,Nutrients,LF,0,0,0,0,0,0,0,0,4,0,0,0,0,0,0,0,4,2
LF2_ON7,22,Aug,2013,ON,LF2,FALSE,Nutrients,LF,0,0,0,0,0,0,0,0,0,0,0,0,0,0,0,0,0,0
LF2_ON7,22,Aug,2014,ON,LF2,FALSE,Nutrients,LF,0,0,0,1,0,0,0,0,3,0,0,0,0,0,0,0,0,0
LF2_ON7,22,Aug,2015,ON,LF2,FALSE,Nutrients,LF,0,0,0,1,0,0,0,0,3,0,0,0,0,0,0,0,0,1
LF2_ON7,22,Nov,2013,ON,LF2,FALSE,Nutrients,LF,0,0,0,0,0,0,0,0,0,0,0,0,0,0,0,0,0,0
LF2_ON7,22,Nov,2014,ON,LF2,FALSE,Nutrients,LF,0,0,0,1,0,0,0,0,12,0,1,0,0,0,0,0,1,1
LF2_ON7,22,Nov,2015,ON,LF2,FALSE,Nutrients,LF,0,0,0,1,0,0,0,0,3,0,0,0,0,0,0,0,2,1
LF2_ON8,23,Aug,2013,ON,LF2,FALSE,Nutrients,LF,0,1,0,0,0,0,0,0,0,0,0,0,0,0,0,0,0,0
LF2_ON8,23,Aug,2014,ON,LF2,FALSE,Nutrients,LF,0,0,0,0,0,0,0,0,3,0,0,0,0,0,0,0,0,0
LF2_ON8,23,Aug,2015,ON,LF2,FALSE,Nutrients,LF,0,0,0,0,0,0,0,0,0,0,0,0,0,0,0,0,3,0
LF2_ON8,23,Nov,2013,ON,LF2,FALSE,Nutrients,LF,0,1,0,0,0,0,0,0,0,0,0,0,0,0,0,0,0,0
LF2_ON8,23,Nov,2014,ON,LF2,FALSE,Nutrients,LF,0,0,0,0,0,0,0,0,10,0,0,0,0,0,0,0,3,3
LF2_ON8,23,Nov,2015,ON,LF2,FALSE,Nutrients,LF,0,0,0,0,0,0,0,0,2,0,0,0,0,0,0,0,3,3
LF2_ON9,24,Aug,2013,ON,LF2,FALSE,Nutrients,LF,0,1,0,0,0,0,0,0,0,0,0,0,0,0,0,0,0,0
LF2_ON9,24,Aug,2014,ON,LF2,FALSE,Nutrients,LF,0,0,0,0,0,0,0,0,0,0,0,0,0,0,0,0,2,0
LF2_ON9,24,Aug,2015,ON,LF2,FALSE,Nutrients,LF,0,0,0,0,0,0,0,0,1,0,0,0,0,0,0,0,3,0
LF2_ON9,24,Nov,2013,ON,LF2,FALSE,Nutrients,LF,0,0,0,0,0,0,0,0,0,0,0,0,0,0,0,0,0,0
LF2_ON9,24,Nov,2014,ON,LF2,FALSE,Nutrients,LF,0,0,0,0,0,0,0,0,8,0,0,0,0,0,0,0,3,0
LF2_ON9,24,Nov,2015,ON,LF2,FALSE,Nutrients,LF,0,0,0,0,0,0,0,0,2,0,0,0,0,0,0,0,3,0
LF3_ON1,31,Aug,2013,ON,LF3,FALSE,Nutrients,LF,0,0,0,0,0,0,0,0,0,0,0,0,0,0,0,0,0,0
LF3_ON1,31,Aug,2014,ON,LF3,FALSE,Nutrients,LF,0,0,0,0,0,0,0,0,1,0,0,0,0,0,0,0,1,1
LF3_ON1,31,Aug,2015,ON,LF3,FALSE,Nutrients,LF,0,0,0,0,0,0,0,0,0,0,0,0,0,0,0,0,1,1
LF3_ON1,31,Nov,2013,ON,LF3,FALSE,Nutrients,LF,0,0,0,0,0,0,0,0,0,0,0,0,0,0,0,0,0,0
LF3_ON1,31,Nov,2014,ON,LF3,FALSE,Nutrients,LF,0,0,0,0,0,0,0,0,0,0,0,0,0,0,0,0,1,1
LF3_ON1,31,Nov,2015,ON,LF3,FALSE,Nutrients,LF,0,0,0,0,0,0,0,0,0,0,0,0,0,0,0,0,1,1
LF3_ON10,40,Aug,2013,ON,LF3,FALSE,Nutrients,LF,0,0,0,0,0,0,0,0,0,0,0,0,0,0,0,0,0,0
LF3_ON10,40,Aug,2014,ON,LF3,FALSE,Nutrients,LF,0,0,0,0,0,0,0,0,0,0,1,0,0,0,0,0,2,0
LF3_ON10,40,Aug,2015,ON,LF3,FALSE,Nutrients,LF,0,0,0,0,0,0,0,0,0,0,1,0,0,0,0,0,2,0
LF3_ON10,40,Nov,2013,ON,LF3,FALSE,Nutrients,LF,0,0,0,0,0,0,0,0,0,0,0,0,0,0,0,0,0,0
LF3_ON10,40,Nov,2014,ON,LF3,FALSE,Nutrients,LF,0,0,0,0,0,0,0,0,0,0,1,0,0,0,0,0,2,0
LF3_ON10,40,Nov,2015,ON,LF3,FALSE,Nutrients,LF,0,0,0,0,0,0,0,0,0,0,0,0,0,0,0,0,4,0
LF3_ON11,41,Aug,2013,ON,LF3,FALSE,Nutrients,LF,0,0,0,0,0,0,0,0,0,0,0,0,0,0,0,0,0,0
LF3_ON11,41,Aug,2014,ON,LF3,FALSE,Nutrients,LF,0,0,0,0,0,0,0,0,0,0,0,0,0,0,0,0,0,0
LF3_ON11,41,Aug,2015,ON,LF3,FALSE,Nutrients,LF,0,0,0,0,0,0,0,0,0,0,0,0,0,0,0,0,0,0
LF3_ON11,41,Nov,2013,ON,LF3,FALSE,Nutrients,LF,0,0,0,0,0,0,0,0,0,0,0,0,0,0,0,0,0,0
LF3_ON11,41,Nov,2014,ON,LF3,FALSE,Nutrients,LF,0,0,0,0,0,0,0,0,0,0,0,0,0,0,0,0,0,0
LF3_ON11,41,Nov,2015,ON,LF3,FALSE,Nutrients,LF,0,0,0,0,0,0,0,0,0,0,0,0,0,0,0,0,0,0
LF3_ON12,42,Aug,2013,ON,LF3,FALSE,Nutrients,LF,0,0,0,0,0,0,0,0,0,0,0,0,0,0,0,0,0,0
LF3_ON12,42,Aug,2014,ON,LF3,FALSE,Nutrients,LF,0,0,0,0,0,0,0,0,1,0,0,0,0,0,0,0,3,0
LF3_ON12,42,Aug,2015,ON,LF3,FALSE,Nutrients,LF,0,0,0,0,0,0,0,0,3,0,0,0,0,0,0,0,3,0
LF3_ON12,42,Nov,2013,ON,LF3,FALSE,Nutrients,LF,0,0,0,0,0,0,0,0,0,0,0,0,0,0,0,0,0,0
LF3_ON12,42,Nov,2014,ON,LF3,FALSE,Nutrients,LF,0,0,0,0,0,0,0,0,1,0,0,0,0,0,0,0,3,0
LF3_ON12,42,Nov,2015,ON,LF3,FALSE,Nutrients,LF,0,0,0,0,0,0,0,0,0,0,0,0,0,0,0,0,2,0
LF3_ON13,43,Aug,2013,ON,LF3,FALSE,Nutrients,LF,0,0,0,0,0,0,0,0,0,0,0,0,0,0,0,0,0,0
LF3_ON13,43,Aug,2014,ON,LF3,FALSE,Nutrients,LF,0,0,0,0,0,0,0,0,0,0,0,0,0,0,0,0,3,0
LF3_ON13,43,Aug,2015,ON,LF3,FALSE,Nutrients,LF,0,0,0,0,0,0,0,0,1,0,0,0,0,0,0,0,4,0
LF3_ON13,43,Nov,2013,ON,LF3,FALSE,Nutrients,LF,0,0,0,0,0,0,0,0,0,0,0,0,0,0,0,0,0,0
LF3_ON13,43,Nov,2014,ON,LF3,FALSE,Nutrients,LF,0,0,0,0,0,0,0,0,3,0,0,0,0,0,0,0,3,0
LF3_ON13,43,Nov,2015,ON,LF3,FALSE,Nutrients,LF,0,0,0,0,0,0,0,0,1,0,0,0,0,0,0,0,4,0
LF3_ON14,44,Aug,2013,ON,LF3,FALSE,Nutrients,LF,0,0,0,0,0,0,0,0,0,0,0,0,0,0,0,0,0,0
LF3_ON14,44,Aug,2014,ON,LF3,FALSE,Nutrients,LF,0,0,0,0,0,0,0,0,0,0,0,0,0,0,0,0,4,0
LF3_ON14,44,Aug,2015,ON,LF3,FALSE,Nutrients,LF,0,0,0,0,0,0,0,0,0,0,0,0,0,0,0,0,5,0
LF3_ON14,44,Nov,2013,ON,LF3,FALSE,Nutrients,LF,0,0,0,0,0,0,0,0,0,0,0,0,0,0,0,0,0,0
LF3_ON14,44,Nov,2014,ON,LF3,FALSE,Nutrients,LF,0,0,0,0,0,0,0,0,3,0,0,0,0,0,0,0,3,0
LF3_ON14,44,Nov,2015,ON,LF3,FALSE,Nutrients,LF,0,0,0,0,0,0,0,0,0,0,0,0,0,0,0,0,4,0
LF3_ON15,45,Aug,2013,ON,LF3,FALSE,Nutrients,LF,0,0,0,0,0,0,0,0,0,0,0,0,0,0,0,0,0,0
LF3_ON15,45,Aug,2014,ON,LF3,FALSE,Nutrients,LF,0,0,0,0,0,0,0,0,0,0,1,0,0,0,0,0,4,0
LF3_ON15,45,Aug,2015,ON,LF3,FALSE,Nutrients,LF,0,0,0,0,0,0,0,0,0,0,0,0,0,0,0,0,1,0
LF3_ON15,45,Nov,2013,ON,LF3,FALSE,Nutrients,LF,0,0,0,0,0,0,0,0,0,0,0,0,0,0,0,0,0,0
LF3_ON15,45,Nov,2014,ON,LF3,FALSE,Nutrients,LF,0,0,0,0,0,0,0,0,1,0,0,0,0,0,0,0,4,0
LF3_ON15,45,Nov,2015,ON,LF3,FALSE,Nutrients,LF,0,0,0,0,0,0,0,0,0,0,0,0,0,0,0,0,5,0
LF3_ON2,32,Aug,2013,ON,LF3,FALSE,Nutrients,LF,0,1,0,0,0,0,0,0,0,0,0,0,0,0,0,0,0,0
LF3_ON2,32,Aug,2014,ON,LF3,FALSE,Nutrients,LF,0,0,0,0,0,0,0,0,1,0,1,0,0,0,0,0,3,0
LF3_ON2,32,Aug,2015,ON,LF3,FALSE,Nutrients,LF,0,0,0,0,0,0,0,0,1,0,1,0,0,0,0,0,4,0
LF3_ON2,32,Nov,2013,ON,LF3,FALSE,Nutrients,LF,0,0,0,0,0,0,0,0,0,0,0,0,0,0,0,0,0,0
LF3_ON2,32,Nov,2014,ON,LF3,FALSE,Nutrients,LF,0,0,0,0,0,0,0,0,2,0,1,0,0,0,0,0,5,1
LF3_ON2,32,Nov,2015,ON,LF3,FALSE,Nutrients,LF,0,0,0,0,0,0,0,0,0,0,1,0,0,0,0,0,4,0
LF3_ON3,33,Aug,2013,ON,LF3,FALSE,Nutrients,LF,0,2,0,0,0,0,0,0,0,0,0,0,0,0,0,0,0,0
LF3_ON3,33,Aug,2014,ON,LF3,FALSE,Nutrients,LF,0,0,0,0,0,0,0,0,1,0,0,0,0,0,0,0,0,0
LF3_ON3,33,Aug,2015,ON,LF3,FALSE,Nutrients,LF,0,0,0,0,0,0,0,0,7,0,0,0,0,0,0,0,0,1
LF3_ON3,33,Nov,2013,ON,LF3,FALSE,Nutrients,LF,0,0,0,0,0,0,0,0,0,0,0,0,0,0,0,0,0,0
LF3_ON3,33,Nov,2014,ON,LF3,FALSE,Nutrients,LF,0,0,0,0,0,0,0,0,9,0,0,0,0,0,0,0,0,0
LF3_ON3,33,Nov,2015,ON,LF3,FALSE,Nutrients,LF,0,0,0,0,0,0,0,0,2,0,0,0,0,0,0,0,0,1
LF3_ON4,34,Aug,2013,ON,LF3,FALSE,Nutrients,LF,0,0,0,0,0,0,0,0,0,0,0,0,0,0,0,0,0,0
LF3_ON4,34,Aug,2014,ON,LF3,FALSE,Nutrients,LF,0,0,0,0,0,0,0,0,0,0,0,0,0,0,0,0,6,0
LF3_ON4,34,Aug,2015,ON,LF3,FALSE,Nutrients,LF,0,0,0,1,0,0,0,0,1,0,0,0,0,0,0,0,6,0
LF3_ON4,34,Nov,2013,ON,LF3,FALSE,Nutrients,LF,0,0,0,0,0,0,0,0,0,0,0,0,0,0,0,0,0,0
LF3_ON4,34,Nov,2014,ON,LF3,FALSE,Nutrients,LF,0,0,0,1,0,0,0,0,11,0,0,0,0,0,0,0,0,0
LF3_ON4,34,Nov,2015,ON,LF3,FALSE,Nutrients,LF,0,0,0,1,0,0,0,0,1,0,0,0,0,0,0,0,6,0
LF3_ON5,35,Aug,2013,ON,LF3,FALSE,Nutrients,LF,0,1,0,0,0,0,0,0,0,0,0,0,0,0,0,0,0,0
LF3_ON5,35,Aug,2014,ON,LF3,FALSE,Nutrients,LF,0,0,0,0,0,0,0,0,4,0,0,0,0,0,0,0,0,0
LF3_ON5,35,Aug,2015,ON,LF3,FALSE,Nutrients,LF,0,0,0,0,0,0,0,0,2,0,1,0,0,0,0,0,0,0
LF3_ON5,35,Nov,2013,ON,LF3,FALSE,Nutrients,LF,0,1,0,0,0,0,0,0,0,0,0,0,0,0,0,0,0,0
LF3_ON5,35,Nov,2014,ON,LF3,FALSE,Nutrients,LF,0,0,0,0,0,0,0,0,4,0,1,0,0,0,0,0,0,0
LF3_ON5,35,Nov,2015,ON,LF3,FALSE,Nutrients,LF,0,0,0,0,0,0,0,0,1,0,1,0,0,0,0,0,0,1
LF3_ON6,36,Aug,2013,ON,LF3,FALSE,Nutrients,LF,0,0,0,0,0,0,0,0,0,0,0,0,0,0,0,0,0,0
LF3_ON6,36,Aug,2014,ON,LF3,FALSE,Nutrients,LF,0,0,0,0,0,0,0,0,5,0,0,0,0,0,0,0,1,0
LF3_ON6,36,Aug,2015,ON,LF3,FALSE,Nutrients,LF,0,0,0,0,0,0,0,0,3,0,0,0,0,0,0,0,4,0
LF3_ON6,36,Nov,2013,ON,LF3,FALSE,Nutrients,LF,0,0,0,0,0,0,0,0,0,0,0,0,0,0,0,0,0,0
LF3_ON6,36,Nov,2014,ON,LF3,FALSE,Nutrients,LF,0,0,0,0,0,0,0,0,10,0,0,0,0,0,0,0,2,0
LF3_ON6,36,Nov,2015,ON,LF3,FALSE,Nutrients,LF,0,0,0,0,0,0,0,0,1,0,0,0,0,0,0,0,4,0
LF3_ON7,37,Aug,2013,ON,LF3,FALSE,Nutrients,LF,0,0,0,0,0,0,0,0,0,0,0,0,0,0,0,0,0,0
LF3_ON7,37,Aug,2014,ON,LF3,FALSE,Nutrients,LF,0,0,0,0,0,0,0,0,0,0,0,0,0,0,0,0,1,0
LF3_ON7,37,Aug,2015,ON,LF3,FALSE,Nutrients,LF,0,0,0,0,0,0,0,0,0,0,0,0,0,0,0,0,1,0
LF3_ON7,37,Nov,2013,ON,LF3,FALSE,Nutrients,LF,0,0,0,0,0,0,0,0,0,0,0,0,0,0,0,0,0,0
LF3_ON7,37,Nov,2014,ON,LF3,FALSE,Nutrients,LF,0,0,0,0,0,0,0,0,0,0,0,0,0,0,0,0,1,0
LF3_ON7,37,Nov,2015,ON,LF3,FALSE,Nutrients,LF,0,0,0,0,0,0,0,0,0,0,0,0,0,0,0,0,1,0
LF3_ON8,38,Aug,2013,ON,LF3,FALSE,Nutrients,LF,0,0,0,0,0,0,0,0,0,0,0,0,0,0,0,0,0,0
LF3_ON8,38,Aug,2014,ON,LF3,FALSE,Nutrients,LF,0,0,0,3,1,0,0,0,3,0,1,0,0,0,0,0,3,0
LF3_ON8,38,Aug,2015,ON,LF3,FALSE,Nutrients,LF,0,0,0,1,1,0,0,0,1,0,1,0,0,0,0,0,6,0
LF3_ON8,38,Nov,2013,ON,LF3,FALSE,Nutrients,LF,0,0,0,0,0,0,0,0,0,0,0,0,0,0,0,0,0,0
LF3_ON8,38,Nov,2014,ON,LF3,FALSE,Nutrients,LF,0,0,0,1,0,0,0,0,3,0,1,0,0,0,0,0,5,0
LF3_ON8,38,Nov,2015,ON,LF3,FALSE,Nutrients,LF,0,0,0,1,1,0,0,0,1,0,2,0,1,0,0,0,4,0
LF3_ON9,39,Aug,2013,ON,LF3,FALSE,Nutrients,LF,0,1,0,0,0,0,0,0,0,0,0,0,0,0,0,0,0,0
LF3_ON9,39,Aug,2014,ON,LF3,FALSE,Nutrients,LF,0,0,0,0,0,0,0,0,1,0,0,0,0,0,0,0,1,0
LF3_ON9,39,Aug,2015,ON,LF3,FALSE,Nutrients,LF,0,0,0,0,0,0,0,0,0,0,0,0,0,0,0,0,1,0
LF3_ON9,39,Nov,2013,ON,LF3,FALSE,Nutrients,LF,0,0,0,0,0,0,0,0,0,0,0,0,0,0,0,0,0,0
LF3_ON9,39,Nov,2014,ON,LF3,FALSE,Nutrients,LF,0,0,0,0,0,0,0,0,0,0,0,0,0,0,0,0,2,0
LF3_ON9,39,Nov,2015,ON,LF3,FALSE,Nutrients,LF,0,0,0,0,0,0,0,0,0,0,0,0,0,0,0,0,1,1
LF1_R1,1,Aug,2013,R,LF1,TRUE,Seed,LF,0,0,0,0,0,0,0,0,0,0,0,0,0,0,0,0,0,0
LF1_R1,1,Aug,2014,R,LF1,TRUE,Seed,LF,0,0,0,0,0,0,0,0,0,0,0,0,0,0,0,0,0,0
LF1_R1,1,Aug,2015,R,LF1,TRUE,Seed,LF,0,0,0,0,0,0,0,0,0,0,0,0,0,0,0,0,0,0
LF1_R1,1,Nov,2013,R,LF1,TRUE,Seed,LF,0,0,0,0,0,0,0,0,0,0,0,0,0,0,0,0,0,0
LF1_R1,1,Nov,2014,R,LF1,TRUE,Seed,LF,0,0,0,0,0,0,0,0,0,0,0,0,0,0,0,0,0,0
LF1_R1,1,Nov,2015,R,LF1,TRUE,Seed,LF,0,0,0,0,0,0,0,0,0,0,1,0,0,0,0,0,0,0
LF1_R10,10,Aug,2013,R,LF1,TRUE,Seed,LF,0,0,0,0,0,0,0,0,0,0,0,0,0,0,0,0,0,0
LF1_R10,10,Aug,2014,R,LF1,TRUE,Seed,LF,0,0,0,0,0,0,0,0,0,0,2,0,0,0,0,0,4,0
LF1_R10,10,Aug,2015,R,LF1,TRUE,Seed,LF,0,0,0,0,0,0,0,0,0,0,1,0,0,0,0,0,4,0
LF1_R10,10,Nov,2013,R,LF1,TRUE,Seed,LF,0,0,0,0,0,0,0,0,0,0,0,0,0,0,0,0,0,0
LF1_R10,10,Nov,2014,R,LF1,TRUE,Seed,LF,0,0,0,0,0,0,0,0,0,0,1,0,0,0,0,0,4,0
LF1_R10,10,Nov,2015,R,LF1,TRUE,Seed,LF,0,0,0,0,0,0,0,0,0,0,1,0,0,0,0,0,4,0
LF1_R11,11,Aug,2013,R,LF1,TRUE,Seed,LF,0,0,0,0,0,0,0,0,0,0,0,0,0,0,0,0,0,0
LF1_R11,11,Aug,2014,R,LF1,TRUE,Seed,LF,0,0,0,0,0,0,0,0,0,0,0,0,0,0,0,0,0,0
LF1_R11,11,Aug,2015,R,LF1,TRUE,Seed,LF,0,0,0,0,0,0,0,0,0,0,0,0,0,0,0,0,0,0
LF1_R11,11,Nov,2013,R,LF1,TRUE,Seed,LF,0,0,0,0,0,0,0,0,0,0,0,0,0,0,0,0,0,0
LF1_R11,11,Nov,2014,R,LF1,TRUE,Seed,LF,0,0,0,0,0,0,0,0,0,0,1,0,0,0,0,0,0,0
LF1_R11,11,Nov,2015,R,LF1,TRUE,Seed,LF,0,0,0,0,0,0,0,0,0,0,0,0,0,0,0,0,0,0
LF1_R12,12,Aug,2013,R,LF1,TRUE,Seed,LF,0,0,0,0,0,0,0,0,0,0,0,0,0,0,0,0,0,1
LF1_R12,12,Aug,2014,R,LF1,TRUE,Seed,LF,0,0,0,0,0,0,0,0,0,0,3,0,0,0,0,0,1,0
LF1_R12,12,Aug,2015,R,LF1,TRUE,Seed,LF,0,0,0,0,0,0,0,0,0,0,0,0,0,0,0,0,1,0
LF1_R12,12,Nov,2013,R,LF1,TRUE,Seed,LF,0,0,0,0,0,0,0,0,0,0,0,0,0,0,0,0,0,0
LF1_R12,12,Nov,2014,R,LF1,TRUE,Seed,LF,0,0,0,0,0,0,0,0,0,0,4,0,0,0,0,0,2,0
LF1_R12,12,Nov,2015,R,LF1,TRUE,Seed,LF,0,0,0,0,0,0,0,0,0,0,0,0,0,0,0,0,1,0
LF1_R13,13,Aug,2013,R,LF1,TRUE,Seed,LF,0,0,0,0,0,0,0,0,0,0,0,0,0,0,0,0,0,0
LF1_R13,13,Aug,2014,R,LF1,TRUE,Seed,LF,0,0,0,0,0,0,0,0,0,0,1,0,0,0,0,0,1,0
LF1_R13,13,Aug,2015,R,LF1,TRUE,Seed,LF,0,0,0,0,0,0,0,0,0,0,1,0,0,0,0,0,1,0
LF1_R13,13,Nov,2013,R,LF1,TRUE,Seed,LF,0,0,0,0,0,0,0,0,0,0,0,0,0,0,0,0,0,0
LF1_R13,13,Nov,2014,R,LF1,TRUE,Seed,LF,0,0,1,0,0,0,0,0,0,0,2,0,0,0,0,0,1,0
LF1_R13,13,Nov,2015,R,LF1,TRUE,Seed,LF,0,0,0,0,0,0,0,0,0,0,2,0,0,0,0,0,0,0
LF1_R14,14,Aug,2013,R,LF1,TRUE,Seed,LF,0,0,0,0,0,0,0,0,0,0,0,0,0,0,0,0,0,0
LF1_R14,14,Aug,2014,R,LF1,TRUE,Seed,LF,0,0,0,0,0,0,0,0,0,0,1,0,0,0,0,0,0,0
LF1_R14,14,Aug,2015,R,LF1,TRUE,Seed,LF,0,0,0,0,0,0,0,0,0,0,1,0,0,0,0,0,2,0
LF1_R14,14,Nov,2013,R,LF1,TRUE,Seed,LF,0,0,0,0,0,0,0,0,0,0,0,0,0,0,0,0,0,0
LF1_R14,14,Nov,2014,R,LF1,TRUE,Seed,LF,0,0,0,0,0,0,0,0,0,0,1,0,0,0,0,0,0,0
LF1_R14,14,Nov,2015,R,LF1,TRUE,Seed,LF,0,0,0,0,0,0,0,0,0,0,1,0,0,0,0,0,2,0
LF1_R15,15,Aug,2013,R,LF1,TRUE,Seed,LF,0,0,0,0,0,0,0,0,0,0,0,0,0,0,0,0,0,0
LF1_R15,15,Aug,2014,R,LF1,TRUE,Seed,LF,0,0,0,0,0,0,0,0,0,0,0,0,0,0,0,0,0,0
LF1_R15,15,Aug,2015,R,LF1,TRUE,Seed,LF,0,0,0,0,0,0,0,0,0,0,0,0,0,0,0,0,0,0
LF1_R15,15,Nov,2013,R,LF1,TRUE,Seed,LF,0,0,0,0,0,0,0,0,0,0,0,0,0,0,0,0,0,0
LF1_R15,15,Nov,2014,R,LF1,TRUE,Seed,LF,0,0,3,0,0,0,0,0,0,0,0,0,0,0,0,0,0,0
LF1_R15,15,Nov,2015,R,LF1,TRUE,Seed,LF,0,0,1,0,0,0,0,0,0,0,0,0,0,0,0,0,0,0
LF1_R2,2,Aug,2013,R,LF1,TRUE,Seed,LF,0,0,0,0,0,0,0,0,0,0,0,0,0,0,0,0,0,0
LF1_R2,2,Aug,2014,R,LF1,TRUE,Seed,LF,0,0,0,0,0,0,0,0,0,0,0,0,0,0,0,0,3,0
LF1_R2,2,Aug,2015,R,LF1,TRUE,Seed,LF,0,0,0,0,0,0,0,0,0,0,0,0,0,0,0,0,1,0
LF1_R2,2,Nov,2013,R,LF1,TRUE,Seed,LF,0,0,0,0,0,0,0,0,0,0,0,0,0,0,0,0,0,0
LF1_R2,2,Nov,2014,R,LF1,TRUE,Seed,LF,0,0,0,0,0,0,0,0,0,0,0,0,0,0,0,0,3,0
LF1_R2,2,Nov,2015,R,LF1,TRUE,Seed,LF,0,0,0,0,0,0,0,0,0,0,0,0,0,0,0,0,1,0
LF1_R3,3,Aug,2013,R,LF1,TRUE,Seed,LF,0,0,0,0,0,0,0,0,0,0,0,0,0,0,0,0,0,0
LF1_R3,3,Aug,2014,R,LF1,TRUE,Seed,LF,0,0,0,0,0,0,0,0,1,0,2,0,0,0,0,0,1,0
LF1_R3,3,Aug,2015,R,LF1,TRUE,Seed,LF,0,0,0,0,0,0,0,0,1,0,1,0,0,0,0,0,0,0
LF1_R3,3,Nov,2013,R,LF1,TRUE,Seed,LF,0,0,0,0,0,0,0,0,0,0,0,0,0,0,0,0,0,0
LF1_R3,3,Nov,2014,R,LF1,TRUE,Seed,LF,0,0,0,0,0,0,0,0,1,0,3,0,0,0,0,0,2,1
LF1_R3,3,Nov,2015,R,LF1,TRUE,Seed,LF,0,0,0,0,0,0,0,0,1,0,1,0,0,0,0,0,1,1
LF1_R4,4,Aug,2013,R,LF1,TRUE,Seed,LF,0,0,0,0,0,0,0,0,0,0,0,0,0,0,0,0,0,0
LF1_R4,4,Aug,2014,R,LF1,TRUE,Seed,LF,0,0,0,0,0,0,0,0,0,0,1,0,0,0,0,0,0,0
LF1_R4,4,Aug,2015,R,LF1,TRUE,Seed,LF,0,0,0,0,0,0,0,0,0,0,0,0,0,0,0,0,0,0
LF1_R4,4,Nov,2013,R,LF1,TRUE,Seed,LF,0,0,0,0,0,0,0,0,0,0,0,0,0,0,0,0,0,0
LF1_R4,4,Nov,2014,R,LF1,TRUE,Seed,LF,0,0,0,0,0,0,0,0,0,0,1,0,0,0,0,0,1,0
LF1_R4,4,Nov,2015,R,LF1,TRUE,Seed,LF,0,0,0,0,0,0,0,0,0,0,0,0,0,0,0,0,1,0
LF1_R5,5,Aug,2013,R,LF1,TRUE,Seed,LF,0,0,0,0,0,0,0,0,0,0,0,0,0,0,0,0,0,0
LF1_R5,5,Aug,2014,R,LF1,TRUE,Seed,LF,0,0,0,0,0,0,0,0,1,0,4,0,0,0,0,0,1,0
LF1_R5,5,Aug,2015,R,LF1,TRUE,Seed,LF,0,0,0,0,0,0,0,0,1,0,1,0,0,0,0,0,0,0
LF1_R5,5,Nov,2013,R,LF1,TRUE,Seed,LF,0,0,0,0,0,0,0,0,0,0,0,0,0,0,0,0,0,0
LF1_R5,5,Nov,2014,R,LF1,TRUE,Seed,LF,0,0,0,0,1,0,0,0,2,0,3,0,0,0,0,0,1,0
LF1_R5,5,Nov,2015,R,LF1,TRUE,Seed,LF,0,0,0,0,0,0,0,0,1,0,1,0,0,0,0,0,1,0
LF1_R6,6,Aug,2013,R,LF1,TRUE,Seed,LF,0,0,0,0,0,0,0,0,0,0,0,0,0,0,0,0,0,0
LF1_R6,6,Aug,2014,R,LF1,TRUE,Seed,LF,0,0,0,0,0,0,0,0,0,0,0,0,0,0,0,0,2,1
LF1_R6,6,Aug,2015,R,LF1,TRUE,Seed,LF,0,0,0,0,0,0,0,0,0,0,0,0,0,0,0,0,0,0
LF1_R6,6,Nov,2013,R,LF1,TRUE,Seed,LF,0,0,0,0,0,0,0,0,0,0,0,0,0,0,0,0,0,0
LF1_R6,6,Nov,2014,R,LF1,TRUE,Seed,LF,0,0,0,0,0,0,0,0,0,0,0,0,0,0,0,0,2,1
LF1_R6,6,Nov,2015,R,LF1,TRUE,Seed,LF,0,0,0,0,0,0,0,0,1,0,0,0,0,0,0,0,0,0
LF1_R7,7,Aug,2013,R,LF1,TRUE,Seed,LF,0,0,0,0,0,0,0,0,0,0,0,0,0,0,0,0,0,0
LF1_R7,7,Aug,2014,R,LF1,TRUE,Seed,LF,0,0,0,0,0,0,0,0,0,0,1,0,0,0,0,0,0,0
LF1_R7,7,Aug,2015,R,LF1,TRUE,Seed,LF,0,0,0,0,0,0,0,0,0,0,0,0,0,0,0,0,0,0
LF1_R7,7,Nov,2013,R,LF1,TRUE,Seed,LF,0,0,0,0,0,0,0,0,0,0,0,0,0,0,0,0,0,0
LF1_R7,7,Nov,2014,R,LF1,TRUE,Seed,LF,0,0,0,0,0,0,0,0,0,0,1,0,0,0,0,0,0,0
LF1_R7,7,Nov,2015,R,LF1,TRUE,Seed,LF,0,0,0,0,0,0,0,0,0,0,0,0,0,0,0,0,0,0
LF1_R8,8,Aug,2013,R,LF1,TRUE,Seed,LF,0,0,0,0,0,0,0,0,0,0,0,0,0,0,0,0,0,0
LF1_R8,8,Aug,2014,R,LF1,TRUE,Seed,LF,0,0,0,0,0,0,0,0,0,0,0,0,0,0,0,0,0,0
LF1_R8,8,Aug,2015,R,LF1,TRUE,Seed,LF,0,0,0,0,0,0,0,0,0,0,0,0,0,0,0,0,0,0
LF1_R8,8,Nov,2013,R,LF1,TRUE,Seed,LF,0,0,0,0,0,0,0,0,0,0,0,0,0,0,0,0,0,0
LF1_R8,8,Nov,2014,R,LF1,TRUE,Seed,LF,0,0,0,0,0,0,0,0,0,0,0,0,0,0,0,0,0,2
LF1_R8,8,Nov,2015,R,LF1,TRUE,Seed,LF,0,0,0,0,0,0,0,0,0,0,0,0,0,0,0,0,0,0
LF1_R9,9,Aug,2013,R,LF1,TRUE,Seed,LF,0,0,0,0,0,0,0,0,0,0,0,0,0,0,0,0,0,0
LF1_R9,9,Aug,2014,R,LF1,TRUE,Seed,LF,0,0,0,0,0,0,0,0,0,0,0,0,0,0,0,0,4,0
LF1_R9,9,Aug,2015,R,LF1,TRUE,Seed,LF,0,0,0,0,0,0,0,0,0,0,0,0,0,0,0,0,0,0
LF1_R9,9,Nov,2013,R,LF1,TRUE,Seed,LF,0,0,0,0,0,0,0,0,0,0,0,0,0,0,0,0,0,0
LF1_R9,9,Nov,2014,R,LF1,TRUE,Seed,LF,0,0,0,0,0,0,0,0,0,0,0,0,0,0,0,0,0,0
LF1_R9,9,Nov,2015,R,LF1,TRUE,Seed,LF,0,0,0,0,0,0,0,0,0,0,0,0,0,0,0,0,0,0
LF2_R1,16,Aug,2013,R,LF2,TRUE,Seed,LF,0,0,0,0,0,0,0,0,0,0,0,0,0,0,0,0,0,0
LF2_R1,16,Aug,2014,R,LF2,TRUE,Seed,LF,0,0,0,0,0,0,0,0,0,0,0,0,0,0,0,0,0,0
LF2_R1,16,Aug,2015,R,LF2,TRUE,Seed,LF,0,0,0,0,0,0,0,0,6,0,0,0,0,0,0,0,0,0
LF2_R1,16,Nov,2013,R,LF2,TRUE,Seed,LF,0,0,0,0,0,0,0,0,0,0,0,0,0,0,0,0,0,0
LF2_R1,16,Nov,2014,R,LF2,TRUE,Seed,LF,0,0,0,0,0,0,0,0,6,0,0,0,0,0,0,0,0,0
LF2_R1,16,Nov,2015,R,LF2,TRUE,Seed,LF,0,0,0,0,0,0,0,0,7,0,0,0,0,0,0,0,0,0
LF2_R10,25,Aug,2013,R,LF2,TRUE,Seed,LF,0,0,0,0,0,0,0,0,0,0,0,0,0,0,0,0,0,1
LF2_R10,25,Aug,2014,R,LF2,TRUE,Seed,LF,0,0,0,0,0,0,0,0,2,0,0,0,0,0,0,0,3,1
LF2_R10,25,Aug,2015,R,LF2,TRUE,Seed,LF,0,0,0,0,0,0,0,0,4,0,0,0,0,0,0,0,2,1
LF2_R10,25,Nov,2013,R,LF2,TRUE,Seed,LF,0,0,0,0,0,0,0,0,0,0,0,0,0,0,0,0,0,1
LF2_R10,25,Nov,2014,R,LF2,TRUE,Seed,LF,0,0,0,0,0,0,0,0,6,0,0,0,0,0,0,0,3,1
LF2_R10,25,Nov,2015,R,LF2,TRUE,Seed,LF,0,0,0,0,0,0,0,0,2,0,0,0,0,0,0,0,3,1
LF2_R11,26,Aug,2013,R,LF2,TRUE,Seed,LF,0,0,0,0,0,0,0,0,0,0,0,0,0,0,0,0,0,0
LF2_R11,26,Aug,2014,R,LF2,TRUE,Seed,LF,0,0,0,0,0,0,0,0,4,0,0,0,0,0,0,0,5,0
LF2_R11,26,Aug,2015,R,LF2,TRUE,Seed,LF,0,0,0,0,0,0,0,0,3,0,0,0,0,0,0,0,4,0
LF2_R11,26,Nov,2013,R,LF2,TRUE,Seed,LF,0,0,0,0,0,0,0,0,0,0,0,0,0,0,0,0,0,0
LF2_R11,26,Nov,2014,R,LF2,TRUE,Seed,LF,0,0,0,0,0,0,0,0,9,0,0,0,0,0,0,0,4,0
LF2_R11,26,Nov,2015,R,LF2,TRUE,Seed,LF,0,0,0,0,0,0,0,0,2,0,0,0,0,0,0,0,5,0
LF2_R12,27,Aug,2013,R,LF2,TRUE,Seed,LF,0,0,0,0,0,0,0,0,0,0,0,0,0,0,0,0,0,0
LF2_R12,27,Aug,2014,R,LF2,TRUE,Seed,LF,0,0,0,0,0,0,0,0,2,0,0,0,0,0,0,0,4,0
LF2_R12,27,Aug,2015,R,LF2,TRUE,Seed,LF,0,0,0,0,0,0,0,0,4,0,0,0,0,0,0,0,2,0
LF2_R12,27,Nov,2013,R,LF2,TRUE,Seed,LF,0,1,0,0,0,0,0,0,0,0,0,0,0,0,0,0,0,0
LF2_R12,27,Nov,2014,R,LF2,TRUE,Seed,LF,0,0,0,0,0,0,0,0,5,0,0,0,0,0,0,0,4,0
LF2_R12,27,Nov,2015,R,LF2,TRUE,Seed,LF,0,0,0,0,0,0,0,0,1,0,0,0,0,0,0,0,4,0
LF2_R13,28,Aug,2013,R,LF2,TRUE,Seed,LF,0,0,0,0,0,0,0,0,0,0,0,0,0,0,0,0,0,0
LF2_R13,28,Aug,2014,R,LF2,TRUE,Seed,LF,0,0,0,0,0,0,0,0,0,0,0,0,0,0,0,0,3,0
LF2_R13,28,Aug,2015,R,LF2,TRUE,Seed,LF,0,0,0,0,0,1,0,0,0,0,0,0,0,0,0,0,2,0
LF2_R13,28,Nov,2013,R,LF2,TRUE,Seed,LF,0,0,0,0,0,0,0,0,0,0,0,0,0,0,0,0,0,0
LF2_R13,28,Nov,2014,R,LF2,TRUE,Seed,LF,0,0,0,0,0,1,0,0,0,0,0,0,0,0,0,0,2,0
LF2_R13,28,Nov,2015,R,LF2,TRUE,Seed,LF,0,0,0,0,0,0,0,0,0,0,0,0,0,0,0,0,2,0
LF2_R14,29,Aug,2013,R,LF2,TRUE,Seed,LF,0,0,0,0,0,0,0,0,0,0,0,0,0,0,0,0,0,0
LF2_R14,29,Aug,2014,R,LF2,TRUE,Seed,LF,0,0,0,0,0,0,0,0,0,0,0,0,0,0,0,0,0,0
LF2_R14,29,Aug,2015,R,LF2,TRUE,Seed,LF,0,0,0,0,0,1,0,0,1,0,0,0,0,0,0,0,0,0
LF2_R14,29,Nov,2013,R,LF2,TRUE,Seed,LF,0,0,0,0,0,1,0,0,0,0,0,0,0,0,0,0,0,0
LF2_R14,29,Nov,2014,R,LF2,TRUE,Seed,LF,0,0,0,0,0,1,0,0,1,0,0,0,0,0,0,0,0,0
LF2_R14,29,Nov,2015,R,LF2,TRUE,Seed,LF,0,0,0,0,0,1,0,0,0,0,0,0,0,0,0,0,0,0
LF2_R15,30,Aug,2013,R,LF2,TRUE,Seed,LF,0,0,0,0,0,0,0,0,0,0,0,0,0,0,0,0,0,0
LF2_R15,30,Aug,2014,R,LF2,TRUE,Seed,LF,0,0,0,0,0,0,0,0,0,0,0,0,0,0,0,0,2,0
LF2_R15,30,Aug,2015,R,LF2,TRUE,Seed,LF,0,0,0,0,0,0,0,0,0,0,0,0,0,0,0,0,2,0
LF2_R15,30,Nov,2013,R,LF2,TRUE,Seed,LF,0,0,0,0,0,0,0,0,0,0,0,0,0,0,0,0,0,0
LF2_R15,30,Nov,2014,R,LF2,TRUE,Seed,LF,0,0,0,0,0,0,0,0,0,0,0,0,0,0,0,0,2,0
LF2_R15,30,Nov,2015,R,LF2,TRUE,Seed,LF,0,0,2,0,0,0,0,0,0,0,0,0,0,0,0,0,1,0
LF2_R2,17,Aug,2013,R,LF2,TRUE,Seed,LF,0,0,0,0,0,0,0,0,0,0,0,0,0,0,0,0,0,0
LF2_R2,17,Aug,2014,R,LF2,TRUE,Seed,LF,0,0,0,0,0,0,0,0,0,0,0,0,0,0,0,0,0,0
LF2_R2,17,Aug,2015,R,LF2,TRUE,Seed,LF,0,0,0,0,0,0,0,0,0,0,0,0,0,0,0,0,0,0
LF2_R2,17,Nov,2013,R,LF2,TRUE,Seed,LF,0,0,0,0,0,0,0,0,0,0,0,0,0,0,0,0,0,0
LF2_R2,17,Nov,2014,R,LF2,TRUE,Seed,LF,0,0,0,0,0,0,0,0,0,0,0,0,0,0,0,0,0,0
LF2_R2,17,Nov,2015,R,LF2,TRUE,Seed,LF,0,0,0,0,0,0,0,0,0,0,0,0,0,0,0,0,0,0
LF2_R3,18,Aug,2013,R,LF2,TRUE,Seed,LF,0,0,0,0,0,0,0,0,0,0,0,0,0,0,0,0,0,0
LF2_R3,18,Aug,2014,R,LF2,TRUE,Seed,LF,0,0,0,0,0,0,0,0,0,0,0,0,0,0,0,0,0,0
LF2_R3,18,Aug,2015,R,LF2,TRUE,Seed,LF,0,0,0,0,0,0,0,0,4,0,0,0,0,0,0,0,0,0
LF2_R3,18,Nov,2013,R,LF2,TRUE,Seed,LF,0,0,0,0,0,0,0,0,0,0,0,0,0,0,0,0,0,0
LF2_R3,18,Nov,2014,R,LF2,TRUE,Seed,LF,0,0,0,0,0,0,0,0,4,0,0,0,0,0,0,0,0,0
LF2_R3,18,Nov,2015,R,LF2,TRUE,Seed,LF,0,0,0,0,0,0,0,0,0,0,0,0,0,0,0,0,0,0
LF2_R4,19,Aug,2013,R,LF2,TRUE,Seed,LF,0,0,0,0,0,0,0,0,0,0,0,0,0,0,0,0,0,0
LF2_R4,19,Aug,2014,R,LF2,TRUE,Seed,LF,0,0,0,0,0,0,0,0,2,0,0,0,0,0,0,0,2,0
LF2_R4,19,Aug,2015,R,LF2,TRUE,Seed,LF,0,0,0,1,0,0,0,0,3,0,0,0,0,0,0,0,2,0
LF2_R4,19,Nov,2013,R,LF2,TRUE,Seed,LF,0,0,0,0,0,0,0,0,0,0,0,0,0,0,0,0,0,0
LF2_R4,19,Nov,2014,R,LF2,TRUE,Seed,LF,0,0,0,1,0,0,0,0,3,0,0,0,0,0,0,0,3,1
LF2_R4,19,Nov,2015,R,LF2,TRUE,Seed,LF,0,0,0,1,0,0,0,0,2,0,0,0,0,0,0,0,2,1
LF2_R5,20,Aug,2013,R,LF2,TRUE,Seed,LF,0,0,0,0,0,0,0,0,0,0,0,0,0,0,0,0,0,0
LF2_R5,20,Aug,2014,R,LF2,TRUE,Seed,LF,0,0,0,0,0,0,0,0,1,0,0,0,0,0,0,0,6,1
LF2_R5,20,Aug,2015,R,LF2,TRUE,Seed,LF,0,0,0,0,0,0,0,0,5,0,0,0,0,0,0,0,6,1
LF2_R5,20,Nov,2013,R,LF2,TRUE,Seed,LF,0,0,0,0,0,0,0,0,0,0,0,0,0,0,0,0,0,0
LF2_R5,20,Nov,2014,R,LF2,TRUE,Seed,LF,0,0,0,0,0,0,0,0,7,0,0,0,0,0,0,0,4,0
LF2_R5,20,Nov,2015,R,LF2,TRUE,Seed,LF,0,0,0,0,0,0,0,0,4,0,0,0,0,0,0,0,5,1
LF2_R6,21,Aug,2013,R,LF2,TRUE,Seed,LF,0,0,0,0,0,0,0,0,0,0,0,0,0,0,0,0,0,0
LF2_R6,21,Aug,2014,R,LF2,TRUE,Seed,LF,0,0,0,0,0,0,0,0,10,0,0,0,0,0,0,0,1,0
LF2_R6,21,Aug,2015,R,LF2,TRUE,Seed,LF,0,0,0,3,0,0,0,0,18,0,0,0,0,0,0,0,1,0
LF2_R6,21,Nov,2013,R,LF2,TRUE,Seed,LF,0,0,0,0,0,0,0,0,0,0,0,0,0,0,0,0,0,0
LF2_R6,21,Nov,2014,R,LF2,TRUE,Seed,LF,0,0,0,0,0,0,0,0,23,0,0,0,0,0,0,0,2,0
LF2_R6,21,Nov,2015,R,LF2,TRUE,Seed,LF,0,0,0,3,0,0,0,0,6,0,0,0,0,0,0,0,2,0
LF2_R7,22,Aug,2013,R,LF2,TRUE,Seed,LF,0,0,0,0,0,0,0,0,0,0,0,0,0,0,0,0,0,0
LF2_R7,22,Aug,2014,R,LF2,TRUE,Seed,LF,0,0,0,0,0,0,0,0,6,0,0,0,0,0,0,0,3,0
LF2_R7,22,Aug,2015,R,LF2,TRUE,Seed,LF,0,0,0,0,0,0,0,0,6,1,0,0,0,0,0,0,3,0
LF2_R7,22,Nov,2013,R,LF2,TRUE,Seed,LF,0,0,0,0,0,0,0,0,0,0,0,0,0,0,0,0,0,0
LF2_R7,22,Nov,2014,R,LF2,TRUE,Seed,LF,0,0,0,0,0,0,0,0,7,0,0,0,0,0,0,0,2,0
LF2_R7,22,Nov,2015,R,LF2,TRUE,Seed,LF,0,0,0,0,0,0,0,0,1,0,0,0,0,0,0,0,3,0
LF2_R8,23,Aug,2013,R,LF2,TRUE,Seed,LF,0,0,0,0,0,0,0,0,0,0,0,0,0,0,0,0,0,0
LF2_R8,23,Aug,2014,R,LF2,TRUE,Seed,LF,0,0,0,0,0,0,0,0,5,0,0,0,0,0,0,0,0,0
LF2_R8,23,Aug,2015,R,LF2,TRUE,Seed,LF,0,0,0,3,0,0,0,0,7,0,0,0,0,0,0,0,2,1
LF2_R8,23,Nov,2013,R,LF2,TRUE,Seed,LF,0,0,0,0,0,0,0,0,0,0,0,0,0,0,0,0,0,0
LF2_R8,23,Nov,2014,R,LF2,TRUE,Seed,LF,0,0,0,2,0,0,0,0,14,0,0,0,0,0,0,0,1,1
LF2_R8,23,Nov,2015,R,LF2,TRUE,Seed,LF,0,0,0,3,0,0,0,0,5,0,0,0,0,0,0,0,3,1
LF2_R9,24,Aug,2013,R,LF2,TRUE,Seed,LF,0,0,0,0,0,0,0,0,0,0,0,0,0,0,0,0,0,0
LF2_R9,24,Aug,2014,R,LF2,TRUE,Seed,LF,0,0,0,0,0,0,0,0,5,0,0,0,0,0,0,0,1,1
LF2_R9,24,Aug,2015,R,LF2,TRUE,Seed,LF,0,0,0,0,0,0,0,0,3,0,1,0,0,0,0,0,2,1
LF2_R9,24,Nov,2013,R,LF2,TRUE,Seed,LF,0,0,0,0,0,0,0,0,0,0,0,0,0,0,0,0,0,1
LF2_R9,24,Nov,2014,R,LF2,TRUE,Seed,LF,0,0,0,0,0,0,0,0,8,0,1,0,0,0,0,0,1,1
LF2_R9,24,Nov,2015,R,LF2,TRUE,Seed,LF,0,0,0,0,0,0,0,0,1,0,2,0,0,0,0,0,3,1
LF3_R1,31,Aug,2013,R,LF3,TRUE,Seed,LF,0,0,0,0,0,0,0,0,0,0,0,0,0,0,0,0,0,0
LF3_R1,31,Aug,2014,R,LF3,TRUE,Seed,LF,0,0,0,0,0,0,0,0,3,0,0,0,0,0,0,0,0,0
LF3_R1,31,Aug,2015,R,LF3,TRUE,Seed,LF,0,0,0,1,0,0,0,0,6,0,0,0,0,0,0,0,0,0
LF3_R1,31,Nov,2013,R,LF3,TRUE,Seed,LF,0,0,0,0,0,0,0,0,0,0,0,0,0,0,0,0,0,0
LF3_R1,31,Nov,2014,R,LF3,TRUE,Seed,LF,0,0,0,1,0,0,0,0,9,0,0,0,0,0,0,0,0,0
LF3_R1,31,Nov,2015,R,LF3,TRUE,Seed,LF,0,0,0,1,0,0,0,0,3,0,0,0,0,0,0,0,0,0
LF3_R10,40,Aug,2013,R,LF3,TRUE,Seed,LF,0,0,0,0,0,0,0,0,0,0,0,0,0,0,0,0,0,0
LF3_R10,40,Aug,2014,R,LF3,TRUE,Seed,LF,0,0,0,0,0,0,0,0,2,0,0,0,0,0,0,0,1,0
LF3_R10,40,Aug,2015,R,LF3,TRUE,Seed,LF,0,0,0,0,0,0,0,0,2,0,0,0,0,0,0,0,2,0
LF3_R10,40,Nov,2013,R,LF3,TRUE,Seed,LF,0,0,0,0,0,0,0,0,0,0,0,0,0,0,0,0,0,0
LF3_R10,40,Nov,2014,R,LF3,TRUE,Seed,LF,0,0,0,0,0,0,0,0,2,0,0,0,0,0,0,0,1,0
LF3_R10,40,Nov,2015,R,LF3,TRUE,Seed,LF,0,0,0,0,0,0,0,0,1,0,0,0,0,0,0,0,1,0
LF3_R11,41,Aug,2013,R,LF3,TRUE,Seed,LF,0,0,0,0,0,0,0,0,0,0,0,0,0,0,0,0,0,0
LF3_R11,41,Aug,2014,R,LF3,TRUE,Seed,LF,0,0,0,0,0,0,0,0,1,0,0,0,0,0,0,0,3,0
LF3_R11,41,Aug,2015,R,LF3,TRUE,Seed,LF,0,0,0,0,0,0,0,0,2,0,0,0,0,0,0,0,3,0
LF3_R11,41,Nov,2013,R,LF3,TRUE,Seed,LF,0,0,0,0,0,0,0,0,0,0,0,0,0,0,0,0,0,0
LF3_R11,41,Nov,2014,R,LF3,TRUE,Seed,LF,0,0,0,0,0,0,0,0,2,0,0,0,0,0,0,0,3,0
LF3_R11,41,Nov,2015,R,LF3,TRUE,Seed,LF,0,0,0,0,0,0,0,0,1,0,0,0,0,0,0,0,3,0
LF3_R12,42,Aug,2013,R,LF3,TRUE,Seed,LF,0,0,0,0,0,0,0,0,0,0,0,0,0,0,0,0,0,2
LF3_R12,42,Aug,2014,R,LF3,TRUE,Seed,LF,0,0,0,0,0,0,0,0,1,0,0,0,0,0,0,0,5,0
LF3_R12,42,Aug,2015,R,LF3,TRUE,Seed,LF,0,0,0,0,0,0,0,0,6,0,0,0,0,0,0,0,3,0
LF3_R12,42,Nov,2013,R,LF3,TRUE,Seed,LF,0,0,0,0,0,0,0,0,0,0,0,0,0,0,0,0,0,0
LF3_R12,42,Nov,2014,R,LF3,TRUE,Seed,LF,0,0,0,0,0,0,0,0,3,0,0,0,0,0,0,0,5,0
LF3_R12,42,Nov,2015,R,LF3,TRUE,Seed,LF,0,0,0,0,0,0,0,0,4,0,0,0,0,0,0,0,4,0
LF3_R13,43,Aug,2013,R,LF3,TRUE,Seed,LF,0,0,0,0,0,0,0,0,0,0,0,0,0,0,0,0,0,0
LF3_R13,43,Aug,2014,R,LF3,TRUE,Seed,LF,0,0,0,0,0,0,0,0,0,0,0,0,0,0,0,0,0,0
LF3_R13,43,Aug,2015,R,LF3,TRUE,Seed,LF,0,0,0,0,0,0,0,0,0,0,0,0,0,0,0,0,0,0
LF3_R13,43,Nov,2013,R,LF3,TRUE,Seed,LF,0,0,0,0,0,0,0,0,0,0,0,0,0,0,0,0,0,0
LF3_R13,43,Nov,2014,R,LF3,TRUE,Seed,LF,0,0,0,0,0,0,0,0,0,0,0,0,0,0,0,0,0,0
LF3_R13,43,Nov,2015,R,LF3,TRUE,Seed,LF,0,0,0,0,0,0,0,0,0,0,0,0,0,0,0,0,0,0
LF3_R14,44,Aug,2013,R,LF3,TRUE,Seed,LF,0,0,0,0,0,0,0,0,0,0,0,0,0,0,0,0,0,0
LF3_R14,44,Aug,2014,R,LF3,TRUE,Seed,LF,0,0,0,0,0,0,0,0,0,0,1,0,0,0,0,0,2,0
LF3_R14,44,Aug,2015,R,LF3,TRUE,Seed,LF,0,0,0,0,0,0,0,0,0,0,0,0,0,0,0,0,4,0
LF3_R14,44,Nov,2013,R,LF3,TRUE,Seed,LF,0,0,0,0,0,0,0,0,0,0,0,0,0,0,0,0,0,0
LF3_R14,44,Nov,2014,R,LF3,TRUE,Seed,LF,0,0,0,0,0,0,0,0,0,0,0,0,0,0,0,0,2,0
LF3_R14,44,Nov,2015,R,LF3,TRUE,Seed,LF,0,0,0,0,0,0,0,0,0,0,0,0,0,0,0,0,2,0
LF3_R15,45,Aug,2013,R,LF3,TRUE,Seed,LF,0,0,0,0,0,0,0,0,0,0,0,0,0,0,0,0,0,0
LF3_R15,45,Aug,2014,R,LF3,TRUE,Seed,LF,0,0,0,0,0,0,0,0,0,0,0,0,0,0,0,0,0,0
LF3_R15,45,Aug,2015,R,LF3,TRUE,Seed,LF,0,0,0,0,0,0,0,0,0,0,0,0,0,0,0,0,1,0
LF3_R15,45,Nov,2013,R,LF3,TRUE,Seed,LF,0,0,0,0,0,0,0,0,0,0,0,0,0,0,0,0,0,0
LF3_R15,45,Nov,2014,R,LF3,TRUE,Seed,LF,0,0,0,0,0,0,0,0,2,0,0,0,0,0,0,0,1,0
LF3_R15,45,Nov,2015,R,LF3,TRUE,Seed,LF,0,0,0,0,0,0,0,0,0,0,0,0,0,0,0,0,1,0
LF3_R2,32,Aug,2013,R,LF3,TRUE,Seed,LF,0,0,0,0,0,0,0,0,0,0,0,0,0,0,0,0,0,0
LF3_R2,32,Aug,2014,R,LF3,TRUE,Seed,LF,0,0,0,0,0,0,0,0,3,0,0,0,0,0,0,0,0,0
LF3_R2,32,Aug,2015,R,LF3,TRUE,Seed,LF,0,0,0,0,0,0,0,0,6,0,0,0,0,0,0,0,3,0
LF3_R2,32,Nov,2013,R,LF3,TRUE,Seed,LF,0,0,0,0,0,0,0,0,0,0,0,0,0,0,0,0,0,0
LF3_R2,32,Nov,2014,R,LF3,TRUE,Seed,LF,0,0,0,0,0,0,0,0,12,0,0,0,0,0,0,0,3,0
LF3_R2,32,Nov,2015,R,LF3,TRUE,Seed,LF,0,0,0,0,0,0,0,0,1,0,0,0,0,0,0,0,2,0
LF3_R3,33,Aug,2013,R,LF3,TRUE,Seed,LF,0,0,0,0,0,0,0,0,0,0,0,0,0,0,0,0,0,0
LF3_R3,33,Aug,2014,R,LF3,TRUE,Seed,LF,0,0,0,0,0,0,0,0,2,0,1,0,0,0,0,0,13,0
LF3_R3,33,Aug,2015,R,LF3,TRUE,Seed,LF,0,0,0,0,0,0,0,0,7,0,0,0,0,0,0,0,1,1
LF3_R3,33,Nov,2013,R,LF3,TRUE,Seed,LF,0,0,0,0,0,0,0,0,0,0,0,0,0,0,0,0,0,0
LF3_R3,33,Nov,2014,R,LF3,TRUE,Seed,LF,0,0,0,0,0,0,0,0,11,0,1,0,0,0,0,0,1,0
LF3_R3,33,Nov,2015,R,LF3,TRUE,Seed,LF,0,0,0,0,0,0,0,0,2,0,0,0,0,0,0,0,1,1
LF3_R4,34,Aug,2013,R,LF3,TRUE,Seed,LF,0,0,0,0,0,0,0,0,0,0,0,0,0,0,0,0,0,0
LF3_R4,34,Aug,2014,R,LF3,TRUE,Seed,LF,0,0,0,0,0,0,0,0,23,0,1,0,0,0,0,0,10,0
LF3_R4,34,Aug,2015,R,LF3,TRUE,Seed,LF,0,0,0,0,0,0,0,0,9,0,1,0,0,0,0,0,13,0
LF3_R4,34,Nov,2013,R,LF3,TRUE,Seed,LF,0,0,0,0,0,0,0,0,0,0,0,0,0,0,0,0,0,0
LF3_R4,34,Nov,2014,R,LF3,TRUE,Seed,LF,0,0,0,0,0,0,0,0,19,0,2,0,0,0,0,0,13,0
LF3_R4,34,Nov,2015,R,LF3,TRUE,Seed,LF,0,0,0,0,0,0,0,0,3,0,1,0,0,0,0,0,12,0
LF3_R5,35,Aug,2013,R,LF3,TRUE,Seed,LF,0,0,0,0,0,0,0,0,0,0,0,0,0,0,0,0,0,0
LF3_R5,35,Aug,2014,R,LF3,TRUE,Seed,LF,0,0,0,0,0,0,0,0,3,0,0,0,0,0,0,0,2,0
LF3_R5,35,Aug,2015,R,LF3,TRUE,Seed,LF,0,0,0,0,0,0,0,0,2,0,0,0,0,0,0,0,3,0
LF3_R5,35,Nov,2013,R,LF3,TRUE,Seed,LF,0,0,0,0,0,0,0,0,0,0,0,0,0,0,0,0,0,0
LF3_R5,35,Nov,2014,R,LF3,TRUE,Seed,LF,0,0,0,0,0,0,0,0,3,0,0,0,0,0,0,0,0,0
LF3_R5,35,Nov,2015,R,LF3,TRUE,Seed,LF,0,0,0,0,0,0,0,0,1,0,0,0,0,0,0,0,2,0
LF3_R6,36,Aug,2013,R,LF3,TRUE,Seed,LF,0,0,0,0,0,0,0,0,0,0,0,0,0,0,0,0,0,0
LF3_R6,36,Aug,2014,R,LF3,TRUE,Seed,LF,0,0,0,0,0,0,0,0,5,0,0,0,0,0,0,0,2,1
LF3_R6,36,Aug,2015,R,LF3,TRUE,Seed,LF,0,0,0,0,0,0,0,0,0,0,0,0,0,0,0,0,3,1
LF3_R6,36,Nov,2013,R,LF3,TRUE,Seed,LF,0,0,0,0,0,0,0,0,0,0,0,0,0,0,0,0,0,0
LF3_R6,36,Nov,2014,R,LF3,TRUE,Seed,LF,0,0,0,0,0,0,0,0,6,0,0,0,0,0,0,0,2,1
LF3_R6,36,Nov,2015,R,LF3,TRUE,Seed,LF,0,0,0,0,0,0,0,0,0,0,0,0,0,0,0,0,2,1
LF3_R7,37,Aug,2013,R,LF3,TRUE,Seed,LF,0,0,0,0,0,0,0,0,0,0,0,0,0,0,0,0,0,0
LF3_R7,37,Aug,2014,R,LF3,TRUE,Seed,LF,0,0,0,0,0,0,0,0,5,0,1,0,0,0,0,0,0,0
LF3_R7,37,Aug,2015,R,LF3,TRUE,Seed,LF,0,0,0,0,0,0,0,0,6,0,1,0,0,0,0,0,1,0
LF3_R7,37,Nov,2013,R,LF3,TRUE,Seed,LF,0,0,0,0,0,0,0,0,0,0,0,0,0,0,0,0,0,0
LF3_R7,37,Nov,2014,R,LF3,TRUE,Seed,LF,0,0,0,0,0,0,0,0,7,0,1,0,0,0,0,0,0,0
LF3_R7,37,Nov,2015,R,LF3,TRUE,Seed,LF,0,0,0,0,0,0,0,0,2,0,1,0,0,0,0,0,1,0
LF3_R8,38,Aug,2013,R,LF3,TRUE,Seed,LF,0,0,0,0,0,0,0,0,0,0,0,0,0,0,0,0,0,0
LF3_R8,38,Aug,2014,R,LF3,TRUE,Seed,LF,0,0,0,0,0,0,0,0,1,0,1,0,0,0,0,0,8,1
LF3_R8,38,Aug,2015,R,LF3,TRUE,Seed,LF,0,0,0,0,0,0,0,0,4,0,2,0,0,0,0,0,8,4
LF3_R8,38,Nov,2013,R,LF3,TRUE,Seed,LF,0,0,0,0,0,0,0,0,0,0,0,0,0,0,0,0,0,0
LF3_R8,38,Nov,2014,R,LF3,TRUE,Seed,LF,0,0,0,0,0,0,0,0,7,0,1,0,0,0,0,0,10,0
LF3_R8,38,Nov,2015,R,LF3,TRUE,Seed,LF,0,0,0,0,0,0,0,0,0,0,1,0,0,0,0,0,10,2
LF3_R9,39,Aug,2013,R,LF3,TRUE,Seed,LF,0,0,0,0,0,0,0,0,0,0,0,0,0,0,0,0,0,0
LF3_R9,39,Aug,2014,R,LF3,TRUE,Seed,LF,0,0,0,0,0,0,0,0,0,0,0,0,0,0,0,0,4,0
LF3_R9,39,Aug,2015,R,LF3,TRUE,Seed,LF,0,0,0,0,0,0,0,0,0,0,0,0,0,0,0,0,2,0
LF3_R9,39,Nov,2013,R,LF3,TRUE,Seed,LF,0,0,0,0,0,0,0,0,0,0,0,0,0,0,0,0,0,0
LF3_R9,39,Nov,2014,R,LF3,TRUE,Seed,LF,0,0,0,0,0,0,0,0,0,0,0,0,0,0,0,0,3,0
LF3_R9,39,Nov,2015,R,LF3,TRUE,Seed,LF,0,0,0,0,0,0,0,0,0,0,0,0,0,0,0,0,2,0
LF1_RB1,1,Aug,2013,RB,LF1,TRUE,Brush,LF,0,0,0,0,0,0,0,0,0,0,0,0,0,0,0,0,0,0
LF1_RB1,1,Aug,2014,RB,LF1,TRUE,Brush,LF,0,0,0,1,0,0,0,0,5,0,0,0,0,0,0,0,2,0
LF1_RB1,1,Aug,2015,RB,LF1,TRUE,Brush,LF,0,0,0,1,0,0,0,0,1,0,0,0,0,0,0,0,0,0
LF1_RB1,1,Nov,2013,RB,LF1,TRUE,Brush,LF,0,0,0,0,0,0,0,0,0,0,0,0,0,0,0,0,0,0
LF1_RB1,1,Nov,2014,RB,LF1,TRUE,Brush,LF,0,0,0,1,0,0,0,0,0,0,0,0,0,0,0,0,1,0
LF1_RB1,1,Nov,2015,RB,LF1,TRUE,Brush,LF,0,0,0,1,0,0,0,0,1,0,0,0,0,0,0,0,0,0
LF1_RB10,10,Aug,2013,RB,LF1,TRUE,Brush,LF,0,0,0,0,0,0,0,0,0,0,0,2,0,0,0,0,0,0
LF1_RB10,10,Aug,2014,RB,LF1,TRUE,Brush,LF,0,0,0,0,0,0,0,0,0,0,0,0,0,0,0,0,0,0
LF1_RB10,10,Aug,2015,RB,LF1,TRUE,Brush,LF,0,0,2,0,0,0,0,0,0,0,0,0,0,0,0,0,0,0
LF1_RB10,10,Nov,2013,RB,LF1,TRUE,Brush,LF,0,0,0,0,0,0,0,0,0,0,0,0,0,0,0,0,0,0
LF1_RB10,10,Nov,2014,RB,LF1,TRUE,Brush,LF,0,0,2,0,0,0,0,0,0,0,0,0,0,0,0,0,2,0
LF1_RB10,10,Nov,2015,RB,LF1,TRUE,Brush,LF,0,0,2,0,0,0,0,0,0,0,0,0,0,0,0,0,0,0
LF1_RB11,11,Aug,2013,RB,LF1,TRUE,Brush,LF,0,0,0,0,0,0,0,0,0,0,0,0,0,0,0,0,0,1
LF1_RB11,11,Aug,2014,RB,LF1,TRUE,Brush,LF,0,0,1,0,0,0,0,0,0,0,0,0,0,0,0,0,0,1
LF1_RB11,11,Aug,2015,RB,LF1,TRUE,Brush,LF,0,0,2,0,0,0,0,0,3,0,0,0,0,0,0,0,0,1
LF1_RB11,11,Nov,2013,RB,LF1,TRUE,Brush,LF,0,0,0,0,0,0,0,0,0,0,0,0,0,0,0,0,0,0
LF1_RB11,11,Nov,2014,RB,LF1,TRUE,Brush,LF,0,0,3,0,0,0,0,0,3,0,0,0,0,0,0,0,0,1
LF1_RB11,11,Nov,2015,RB,LF1,TRUE,Brush,LF,0,0,2,0,0,0,0,0,0,0,0,0,0,0,0,0,0,1
LF1_RB12,12,Aug,2013,RB,LF1,TRUE,Brush,LF,0,0,0,0,0,0,0,0,0,0,0,2,0,0,0,0,0,1
LF1_RB12,12,Aug,2014,RB,LF1,TRUE,Brush,LF,0,0,0,0,0,0,0,0,3,0,1,0,0,0,0,0,0,0
LF1_RB12,12,Aug,2015,RB,LF1,TRUE,Brush,LF,0,0,0,1,0,0,0,0,1,0,0,0,0,0,0,0,1,0
LF1_RB12,12,Nov,2013,RB,LF1,TRUE,Brush,LF,0,0,0,0,0,0,0,0,0,0,0,0,0,0,0,0,0,0
LF1_RB12,12,Nov,2014,RB,LF1,TRUE,Brush,LF,0,0,0,3,0,0,0,0,5,0,2,0,0,0,0,0,0,0
LF1_RB12,12,Nov,2015,RB,LF1,TRUE,Brush,LF,0,0,0,1,0,0,0,0,1,0,0,0,0,0,0,0,1,0
LF1_RB13,13,Aug,2013,RB,LF1,TRUE,Brush,LF,0,0,0,0,0,0,0,0,0,0,0,1,0,0,0,0,0,0
LF1_RB13,13,Aug,2014,RB,LF1,TRUE,Brush,LF,0,0,4,0,0,0,0,0,0,0,0,0,0,0,0,0,0,0
LF1_RB13,13,Aug,2015,RB,LF1,TRUE,Brush,LF,0,0,0,2,0,0,0,0,0,0,0,0,0,0,0,0,0,0
LF1_RB13,13,Nov,2013,RB,LF1,TRUE,Brush,LF,0,0,0,0,0,0,0,0,0,0,0,0,0,0,0,0,0,0
LF1_RB13,13,Nov,2014,RB,LF1,TRUE,Brush,LF,0,0,2,0,0,0,0,0,0,0,0,0,0,0,0,0,0,0
LF1_RB13,13,Nov,2015,RB,LF1,TRUE,Brush,LF,0,0,4,2,0,0,0,0,0,0,0,0,0,0,0,0,0,0
LF1_RB14,14,Aug,2013,RB,LF1,TRUE,Brush,LF,0,0,0,0,0,0,0,0,0,0,0,9,0,0,0,0,0,3
LF1_RB14,14,Aug,2014,RB,LF1,TRUE,Brush,LF,0,0,1,0,0,0,0,0,1,0,1,0,0,0,0,0,0,0
LF1_RB14,14,Aug,2015,RB,LF1,TRUE,Brush,LF,0,0,2,0,0,0,0,0,1,0,0,0,0,0,0,0,0,0
LF1_RB14,14,Nov,2013,RB,LF1,TRUE,Brush,LF,0,0,0,0,0,0,0,0,0,0,0,0,0,0,0,0,0,0
LF1_RB14,14,Nov,2014,RB,LF1,TRUE,Brush,LF,0,0,2,0,0,0,0,0,1,0,0,0,0,0,0,0,0,0
LF1_RB14,14,Nov,2015,RB,LF1,TRUE,Brush,LF,0,0,0,0,0,0,0,0,0,0,0,0,0,0,0,0,0,0
LF1_RB15,15,Aug,2013,RB,LF1,TRUE,Brush,LF,0,0,0,0,0,0,0,0,0,0,0,4,0,0,0,0,0,0
LF1_RB15,15,Aug,2014,RB,LF1,TRUE,Brush,LF,0,0,0,0,0,0,0,0,1,0,2,0,0,0,0,0,1,0
LF1_RB15,15,Aug,2015,RB,LF1,TRUE,Brush,LF,0,0,0,0,0,0,0,0,3,0,3,0,0,0,0,0,0,0
LF1_RB15,15,Nov,2013,RB,LF1,TRUE,Brush,LF,0,0,0,0,0,0,0,0,0,0,0,0,0,0,0,0,0,0
LF1_RB15,15,Nov,2014,RB,LF1,TRUE,Brush,LF,0,0,0,0,0,0,0,0,1,0,2,0,0,0,0,0,1,0
LF1_RB15,15,Nov,2015,RB,LF1,TRUE,Brush,LF,0,0,0,0,0,0,0,0,2,0,3,0,0,0,0,0,0,0
LF1_RB2,2,Aug,2013,RB,LF1,TRUE,Brush,LF,0,0,0,0,0,0,0,0,0,0,0,1,0,0,0,0,0,0
LF1_RB2,2,Aug,2014,RB,LF1,TRUE,Brush,LF,0,0,0,0,0,0,0,0,11,0,1,0,0,0,0,0,0,0
LF1_RB2,2,Aug,2015,RB,LF1,TRUE,Brush,LF,0,0,0,0,0,0,0,0,6,0,1,0,0,0,0,0,0,0
LF1_RB2,2,Nov,2013,RB,LF1,TRUE,Brush,LF,0,0,0,0,0,0,0,0,0,0,0,0,0,0,0,0,0,0
LF1_RB2,2,Nov,2014,RB,LF1,TRUE,Brush,LF,0,0,0,1,0,0,0,0,8,0,3,1,0,0,0,0,0,0
LF1_RB2,2,Nov,2015,RB,LF1,TRUE,Brush,LF,0,0,0,0,0,0,0,0,6,0,2,0,0,0,0,0,0,2
LF1_RB3,3,Aug,2013,RB,LF1,TRUE,Brush,LF,0,0,0,0,0,0,0,0,0,0,0,0,0,0,0,0,0,0
LF1_RB3,3,Aug,2014,RB,LF1,TRUE,Brush,LF,0,0,0,0,0,0,0,0,0,0,1,0,0,0,0,0,0,1
LF1_RB3,3,Aug,2015,RB,LF1,TRUE,Brush,LF,0,0,0,0,0,0,0,0,4,0,1,0,0,0,0,0,1,0
LF1_RB3,3,Nov,2013,RB,LF1,TRUE,Brush,LF,0,0,0,0,0,0,0,0,0,0,0,0,0,0,0,0,0,3
LF1_RB3,3,Nov,2014,RB,LF1,TRUE,Brush,LF,0,0,0,0,0,0,0,0,2,0,1,0,0,0,0,0,1,2
LF1_RB3,3,Nov,2015,RB,LF1,TRUE,Brush,LF,0,0,0,0,0,0,0,0,4,0,1,0,0,0,0,0,0,1
LF1_RB4,4,Aug,2013,RB,LF1,TRUE,Brush,LF,0,0,0,0,0,0,0,0,0,0,0,2,0,0,0,0,0,0
LF1_RB4,4,Aug,2014,RB,LF1,TRUE,Brush,LF,0,0,0,0,0,0,0,0,0,0,0,0,0,0,0,0,0,0
LF1_RB4,4,Aug,2015,RB,LF1,TRUE,Brush,LF,0,0,4,0,0,0,0,0,0,0,0,0,0,0,0,0,1,0
LF1_RB4,4,Nov,2013,RB,LF1,TRUE,Brush,LF,0,0,0,0,0,0,0,0,0,0,0,0,0,0,0,0,0,0
LF1_RB4,4,Nov,2014,RB,LF1,TRUE,Brush,LF,0,0,1,0,0,0,0,0,0,0,0,0,0,0,0,0,2,0
LF1_RB4,4,Nov,2015,RB,LF1,TRUE,Brush,LF,0,0,4,0,0,0,0,0,0,0,0,0,0,0,0,0,1,0
LF1_RB5,5,Aug,2013,RB,LF1,TRUE,Brush,LF,0,0,0,0,0,0,0,0,0,0,0,0,0,0,0,0,0,0
LF1_RB5,5,Aug,2014,RB,LF1,TRUE,Brush,LF,0,0,0,0,0,0,0,0,0,0,7,0,0,0,0,0,0,2
LF1_RB5,5,Aug,2015,RB,LF1,TRUE,Brush,LF,0,0,0,0,0,0,0,0,5,0,0,0,0,0,0,0,0,0
LF1_RB5,5,Nov,2013,RB,LF1,TRUE,Brush,LF,0,0,0,0,0,0,0,0,0,0,0,0,0,0,0,0,0,0
LF1_RB5,5,Nov,2014,RB,LF1,TRUE,Brush,LF,0,0,0,0,0,0,0,0,6,0,1,0,0,0,0,0,3,2
LF1_RB5,5,Nov,2015,RB,LF1,TRUE,Brush,LF,0,0,0,0,0,0,0,0,6,0,3,0,0,0,0,0,1,2
LF1_RB6,6,Aug,2013,RB,LF1,TRUE,Brush,LF,0,0,0,0,0,0,0,0,0,0,0,3,0,0,0,0,0,0
LF1_RB6,6,Aug,2014,RB,LF1,TRUE,Brush,LF,0,0,0,0,0,0,0,0,9,0,1,0,0,0,0,0,0,1
LF1_RB6,6,Aug,2015,RB,LF1,TRUE,Brush,LF,0,0,0,0,0,0,0,0,3,0,0,0,0,0,0,0,0,0
LF1_RB6,6,Nov,2013,RB,LF1,TRUE,Brush,LF,0,0,0,0,0,0,0,0,0,0,0,0,0,0,0,0,0,0
LF1_RB6,6,Nov,2014,RB,LF1,TRUE,Brush,LF,0,0,0,0,0,0,0,0,9,0,1,0,0,0,0,0,1,0
LF1_RB6,6,Nov,2015,RB,LF1,TRUE,Brush,LF,0,0,0,0,0,0,0,0,3,0,0,0,0,0,0,0,1,0
LF1_RB7,7,Aug,2013,RB,LF1,TRUE,Brush,LF,0,0,0,0,0,0,0,0,0,0,0,2,0,0,0,0,0,0
LF1_RB7,7,Aug,2014,RB,LF1,TRUE,Brush,LF,0,0,0,0,0,0,0,0,1,0,0,0,0,0,0,0,0,2
LF1_RB7,7,Aug,2015,RB,LF1,TRUE,Brush,LF,0,0,0,0,0,0,0,0,1,0,0,0,0,0,0,0,0,2
LF1_RB7,7,Nov,2013,RB,LF1,TRUE,Brush,LF,0,0,0,0,0,0,0,0,0,0,0,0,0,0,0,0,0,0
LF1_RB7,7,Nov,2014,RB,LF1,TRUE,Brush,LF,0,1,0,3,0,0,0,0,1,0,0,0,0,0,0,0,1,2
LF1_RB7,7,Nov,2015,RB,LF1,TRUE,Brush,LF,0,0,0,1,0,0,0,0,1,0,2,0,0,0,0,0,0,2
LF1_RB8,8,Aug,2013,RB,LF1,TRUE,Brush,LF,0,0,0,0,0,0,0,0,0,0,0,3,0,0,0,0,0,0
LF1_RB8,8,Aug,2014,RB,LF1,TRUE,Brush,LF,0,0,0,0,0,0,0,0,10,0,1,0,0,0,0,0,0,0
LF1_RB8,8,Aug,2015,RB,LF1,TRUE,Brush,LF,0,0,0,0,0,0,0,0,1,0,0,0,0,0,0,0,0,0
LF1_RB8,8,Nov,2013,RB,LF1,TRUE,Brush,LF,0,0,0,0,0,0,0,0,0,0,0,0,0,0,0,0,0,0
LF1_RB8,8,Nov,2014,RB,LF1,TRUE,Brush,LF,0,0,0,0,0,0,0,0,4,0,1,0,0,0,0,0,0,0
LF1_RB8,8,Nov,2015,RB,LF1,TRUE,Brush,LF,0,0,0,0,0,0,0,0,1,0,0,0,0,0,0,0,0,0
LF1_RB9,9,Aug,2013,RB,LF1,TRUE,Brush,LF,0,0,0,0,0,0,0,0,0,0,0,1,0,0,0,0,0,0
LF1_RB9,9,Aug,2014,RB,LF1,TRUE,Brush,LF,0,0,0,0,0,0,0,0,1,0,2,0,0,0,0,0,0,0
LF1_RB9,9,Aug,2015,RB,LF1,TRUE,Brush,LF,0,0,0,0,0,0,0,0,1,0,3,0,0,0,0,0,0,0
LF1_RB9,9,Nov,2013,RB,LF1,TRUE,Brush,LF,0,0,0,0,0,0,0,0,0,0,0,0,0,0,0,0,0,0
LF1_RB9,9,Nov,2014,RB,LF1,TRUE,Brush,LF,0,0,2,3,0,0,0,0,2,0,3,0,0,0,0,0,1,1
LF1_RB9,9,Nov,2015,RB,LF1,TRUE,Brush,LF,0,0,0,0,0,0,0,0,4,0,3,0,0,0,0,0,0,2
LF2_RB1,16,Aug,2013,RB,LF2,TRUE,Brush,LF,0,0,0,0,0,0,0,0,0,0,0,0,0,0,0,0,0,0
LF2_RB1,16,Aug,2014,RB,LF2,TRUE,Brush,LF,0,0,0,1,0,0,0,0,3,0,0,0,0,0,0,0,0,1
LF2_RB1,16,Aug,2015,RB,LF2,TRUE,Brush,LF,0,0,0,1,0,0,0,0,1,0,0,0,0,0,0,0,3,2
LF2_RB1,16,Nov,2013,RB,LF2,TRUE,Brush,LF,0,0,0,0,0,0,0,0,0,0,0,0,0,0,0,0,0,2
LF2_RB1,16,Nov,2014,RB,LF2,TRUE,Brush,LF,0,0,0,0,0,0,0,0,1,0,0,0,0,0,0,0,1,1
LF2_RB1,16,Nov,2015,RB,LF2,TRUE,Brush,LF,0,0,0,1,0,0,0,0,1,0,0,0,0,0,0,0,3,2
LF2_RB10,25,Aug,2013,RB,LF2,TRUE,Brush,LF,0,0,0,0,0,0,0,0,0,0,0,0,0,0,0,0,0,0
LF2_RB10,25,Aug,2014,RB,LF2,TRUE,Brush,LF,0,0,0,1,0,1,0,0,0,0,0,0,0,0,0,0,2,0
LF2_RB10,25,Aug,2015,RB,LF2,TRUE,Brush,LF,0,0,0,1,0,1,0,0,0,0,0,0,0,0,0,0,2,0
LF2_RB10,25,Nov,2013,RB,LF2,TRUE,Brush,LF,0,0,0,0,0,1,0,0,0,0,0,0,0,0,0,0,0,0
LF2_RB10,25,Nov,2014,RB,LF2,TRUE,Brush,LF,0,0,0,1,0,1,0,0,2,0,0,0,0,0,0,0,2,0
LF2_RB10,25,Nov,2015,RB,LF2,TRUE,Brush,LF,0,0,0,1,0,1,0,0,0,0,0,0,0,0,0,0,2,0
LF2_RB11,26,Aug,2013,RB,LF2,TRUE,Brush,LF,0,0,0,0,0,0,0,0,0,0,0,0,0,0,0,0,0,1
LF2_RB11,26,Aug,2014,RB,LF2,TRUE,Brush,LF,0,0,0,0,0,0,0,0,0,0,0,0,0,0,0,0,3,0
LF2_RB11,26,Aug,2015,RB,LF2,TRUE,Brush,LF,0,0,0,1,0,0,0,0,3,0,0,0,0,0,0,0,3,0
LF2_RB11,26,Nov,2013,RB,LF2,TRUE,Brush,LF,0,0,0,0,0,0,0,0,0,0,0,0,0,0,0,0,0,0
LF2_RB11,26,Nov,2014,RB,LF2,TRUE,Brush,LF,0,0,0,0,0,0,0,0,4,0,0,0,0,0,0,0,3,0
LF2_RB11,26,Nov,2015,RB,LF2,TRUE,Brush,LF,0,0,0,1,0,0,0,0,2,0,0,0,0,0,0,0,3,0
LF2_RB12,27,Aug,2013,RB,LF2,TRUE,Brush,LF,0,0,0,0,0,0,0,0,0,0,0,1,0,0,0,0,0,0
LF2_RB12,27,Aug,2014,RB,LF2,TRUE,Brush,LF,0,0,0,0,0,0,0,0,2,0,0,0,0,0,0,0,6,0
LF2_RB12,27,Aug,2015,RB,LF2,TRUE,Brush,LF,0,0,0,0,0,0,0,0,1,0,0,0,0,0,0,0,8,0
LF2_RB12,27,Nov,2013,RB,LF2,TRUE,Brush,LF,0,0,0,0,0,0,0,0,0,0,0,1,0,0,0,0,0,0
LF2_RB12,27,Nov,2014,RB,LF2,TRUE,Brush,LF,0,0,0,0,0,0,0,0,1,0,0,0,0,0,0,0,8,0
LF2_RB12,27,Nov,2015,RB,LF2,TRUE,Brush,LF,0,0,0,0,0,0,0,0,1,0,0,0,0,0,0,0,5,0
LF2_RB13,28,Aug,2013,RB,LF2,TRUE,Brush,LF,0,0,0,0,0,0,0,0,0,0,0,1,0,0,0,0,0,0
LF2_RB13,28,Aug,2014,RB,LF2,TRUE,Brush,LF,0,0,1,0,0,0,0,0,1,0,0,0,0,0,0,0,3,1
LF2_RB13,28,Aug,2015,RB,LF2,TRUE,Brush,LF,0,0,1,0,0,0,0,0,0,0,0,0,0,0,0,0,4,1
LF2_RB13,28,Nov,2013,RB,LF2,TRUE,Brush,LF,0,0,0,0,0,0,0,0,0,0,0,0,0,0,0,0,0,1
LF2_RB13,28,Nov,2014,RB,LF2,TRUE,Brush,LF,0,0,0,0,0,0,0,0,2,0,0,0,0,0,0,0,3,0
LF2_RB13,28,Nov,2015,RB,LF2,TRUE,Brush,LF,0,0,1,0,0,0,0,0,0,0,0,0,0,0,0,0,4,1
LF2_RB14,29,Aug,2013,RB,LF2,TRUE,Brush,LF,0,0,0,0,0,0,0,0,0,0,0,0,0,0,0,0,0,1
LF2_RB14,29,Aug,2014,RB,LF2,TRUE,Brush,LF,0,0,0,0,0,0,0,0,0,0,0,0,0,0,0,0,2,0
LF2_RB14,29,Aug,2015,RB,LF2,TRUE,Brush,LF,0,0,0,0,0,0,0,0,0,0,0,0,0,0,0,0,3,0
LF2_RB14,29,Nov,2013,RB,LF2,TRUE,Brush,LF,0,0,0,0,0,0,0,0,0,0,0,0,0,0,0,0,0,0
LF2_RB14,29,Nov,2014,RB,LF2,TRUE,Brush,LF,0,0,0,1,0,0,0,0,9,0,2,0,0,0,0,0,3,0
LF2_RB14,29,Nov,2015,RB,LF2,TRUE,Brush,LF,0,0,0,1,0,0,0,0,0,0,2,0,0,0,0,0,3,0
LF2_RB15,30,Aug,2013,RB,LF2,TRUE,Brush,LF,0,0,0,0,0,0,0,0,0,0,0,0,0,0,0,0,0,0
LF2_RB15,30,Aug,2014,RB,LF2,TRUE,Brush,LF,0,0,1,0,0,0,0,0,0,0,0,0,0,0,0,0,5,0
LF2_RB15,30,Aug,2015,RB,LF2,TRUE,Brush,LF,0,0,0,0,0,0,0,0,0,0,1,0,0,0,0,0,4,0
LF2_RB15,30,Nov,2013,RB,LF2,TRUE,Brush,LF,0,0,0,0,0,0,0,0,0,0,0,0,0,0,0,0,0,0
LF2_RB15,30,Nov,2014,RB,LF2,TRUE,Brush,LF,0,0,0,0,0,0,0,0,5,0,1,0,0,0,0,0,5,0
LF2_RB15,30,Nov,2015,RB,LF2,TRUE,Brush,LF,0,0,0,2,0,0,0,0,0,0,1,0,0,0,0,0,6,0
LF2_RB2,17,Aug,2013,RB,LF2,TRUE,Brush,LF,0,0,0,0,0,0,0,0,0,0,0,0,0,0,0,0,0,1
LF2_RB2,17,Aug,2014,RB,LF2,TRUE,Brush,LF,0,0,0,0,0,0,0,0,2,0,0,0,0,0,0,0,0,1
LF2_RB2,17,Aug,2015,RB,LF2,TRUE,Brush,LF,0,0,0,1,0,0,0,0,10,0,0,0,0,0,0,0,1,1
LF2_RB2,17,Nov,2013,RB,LF2,TRUE,Brush,LF,0,0,0,0,0,0,0,0,0,0,0,0,0,0,0,0,0,0
LF2_RB2,17,Nov,2014,RB,LF2,TRUE,Brush,LF,0,0,0,1,0,0,0,0,9,0,0,0,0,0,0,0,1,1
LF2_RB2,17,Nov,2015,RB,LF2,TRUE,Brush,LF,0,0,0,1,0,0,0,0,6,0,0,0,0,0,0,0,1,1
LF2_RB3,18,Aug,2013,RB,LF2,TRUE,Brush,LF,0,0,0,0,0,0,0,0,0,0,0,0,0,0,0,0,0,0
LF2_RB3,18,Aug,2014,RB,LF2,TRUE,Brush,LF,0,0,0,0,0,0,0,1,4,0,1,0,0,0,0,0,2,0
LF2_RB3,18,Aug,2015,RB,LF2,TRUE,Brush,LF,0,0,0,0,0,0,0,0,4,0,1,0,0,0,0,0,4,0
LF2_RB3,18,Nov,2013,RB,LF2,TRUE,Brush,LF,0,0,0,0,0,0,0,0,0,0,0,0,0,0,0,0,0,0
LF2_RB3,18,Nov,2014,RB,LF2,TRUE,Brush,LF,0,0,0,0,0,0,0,1,4,0,1,0,0,0,0,0,4,0
LF2_RB3,18,Nov,2015,RB,LF2,TRUE,Brush,LF,0,0,0,3,0,0,0,0,5,0,1,0,0,0,0,0,5,0
LF2_RB4,19,Aug,2013,RB,LF2,TRUE,Brush,LF,0,0,0,0,0,0,0,0,0,0,0,0,0,0,0,0,0,0
LF2_RB4,19,Aug,2014,RB,LF2,TRUE,Brush,LF,0,0,0,0,0,0,0,0,2,0,0,0,0,0,0,0,0,0
LF2_RB4,19,Aug,2015,RB,LF2,TRUE,Brush,LF,0,0,0,1,0,0,0,0,4,0,0,0,0,0,0,0,0,2
LF2_RB4,19,Nov,2013,RB,LF2,TRUE,Brush,LF,0,0,0,0,0,0,0,0,0,0,0,0,0,0,0,0,0,0
LF2_RB4,19,Nov,2014,RB,LF2,TRUE,Brush,LF,0,0,0,0,0,0,0,0,0,0,0,0,0,0,0,0,0,0
LF2_RB4,19,Nov,2015,RB,LF2,TRUE,Brush,LF,0,0,0,1,0,0,0,0,2,0,0,0,0,0,0,0,0,2
LF2_RB5,20,Aug,2013,RB,LF2,TRUE,Brush,LF,0,0,0,0,0,0,0,0,0,0,0,0,0,0,0,0,0,0
LF2_RB5,20,Aug,2014,RB,LF2,TRUE,Brush,LF,0,0,0,1,0,0,0,0,5,0,1,0,0,0,0,0,3,0
LF2_RB5,20,Aug,2015,RB,LF2,TRUE,Brush,LF,0,0,0,1,0,0,0,0,9,0,1,0,0,0,0,0,5,1
LF2_RB5,20,Nov,2013,RB,LF2,TRUE,Brush,LF,0,0,0,0,0,0,0,0,0,0,0,0,0,0,0,0,0,0
LF2_RB5,20,Nov,2014,RB,LF2,TRUE,Brush,LF,0,0,0,1,0,0,0,0,9,0,0,0,0,0,0,0,5,0
LF2_RB5,20,Nov,2015,RB,LF2,TRUE,Brush,LF,0,0,0,1,0,0,0,0,2,0,1,0,0,0,0,0,6,1
LF2_RB6,21,Aug,2013,RB,LF2,TRUE,Brush,LF,0,0,0,0,0,0,0,0,0,0,0,2,0,0,0,0,0,0
LF2_RB6,21,Aug,2014,RB,LF2,TRUE,Brush,LF,0,0,0,0,0,0,0,1,2,0,0,0,0,0,0,0,3,0
LF2_RB6,21,Aug,2015,RB,LF2,TRUE,Brush,LF,0,0,0,0,0,0,0,0,9,0,1,0,0,0,0,0,4,0
LF2_RB6,21,Nov,2013,RB,LF2,TRUE,Brush,LF,0,0,0,0,0,0,0,0,0,0,0,0,0,0,0,0,0,0
LF2_RB6,21,Nov,2014,RB,LF2,TRUE,Brush,LF,0,0,0,0,0,0,0,0,10,0,0,0,0,0,0,0,4,0
LF2_RB6,21,Nov,2015,RB,LF2,TRUE,Brush,LF,0,0,0,0,0,0,0,0,5,0,1,0,0,0,0,0,5,0
LF2_RB7,22,Aug,2013,RB,LF2,TRUE,Brush,LF,0,0,0,0,0,0,0,0,0,0,0,1,0,0,0,0,0,0
LF2_RB7,22,Aug,2014,RB,LF2,TRUE,Brush,LF,0,0,0,0,0,0,0,0,1,0,0,0,0,0,0,0,1,0
LF2_RB7,22,Aug,2015,RB,LF2,TRUE,Brush,LF,0,0,0,1,0,0,0,0,0,0,0,0,0,0,0,0,1,0
LF2_RB7,22,Nov,2013,RB,LF2,TRUE,Brush,LF,0,0,0,0,0,0,0,0,0,0,0,0,0,0,0,0,0,1
LF2_RB7,22,Nov,2014,RB,LF2,TRUE,Brush,LF,0,0,0,0,0,0,0,0,0,0,0,0,0,0,0,0,1,0
LF2_RB7,22,Nov,2015,RB,LF2,TRUE,Brush,LF,0,0,0,1,0,0,0,0,0,0,0,0,0,0,0,0,1,0
LF2_RB8,23,Aug,2013,RB,LF2,TRUE,Brush,LF,0,0,0,0,0,0,0,0,0,0,0,0,0,0,0,0,0,0
LF2_RB8,23,Aug,2014,RB,LF2,TRUE,Brush,LF,0,0,0,1,0,0,0,0,5,0,0,0,0,0,0,0,1,0
LF2_RB8,23,Aug,2015,RB,LF2,TRUE,Brush,LF,0,0,0,2,0,0,0,0,9,0,0,0,0,0,0,0,0,0
LF2_RB8,23,Nov,2013,RB,LF2,TRUE,Brush,LF,0,0,0,0,0,0,0,0,0,0,0,0,0,0,0,0,0,0
LF2_RB8,23,Nov,2014,RB,LF2,TRUE,Brush,LF,0,0,0,2,0,0,0,0,12,0,0,0,0,0,0,0,2,0
LF2_RB8,23,Nov,2015,RB,LF2,TRUE,Brush,LF,0,0,0,2,0,0,0,0,7,0,0,0,0,0,0,0,3,0
LF2_RB9,24,Aug,2013,RB,LF2,TRUE,Brush,LF,0,0,0,0,0,0,0,0,0,0,0,0,0,0,0,0,0,1
LF2_RB9,24,Aug,2014,RB,LF2,TRUE,Brush,LF,0,0,0,0,0,0,0,0,2,0,0,0,0,0,0,0,1,0
LF2_RB9,24,Aug,2015,RB,LF2,TRUE,Brush,LF,0,0,0,0,0,0,0,0,3,0,0,0,0,0,0,0,1,0
LF2_RB9,24,Nov,2013,RB,LF2,TRUE,Brush,LF,0,0,0,0,0,0,0,0,0,0,0,0,0,0,0,0,0,0
LF2_RB9,24,Nov,2014,RB,LF2,TRUE,Brush,LF,0,0,0,0,0,0,0,0,3,0,0,0,0,0,0,0,1,0
LF2_RB9,24,Nov,2015,RB,LF2,TRUE,Brush,LF,0,0,0,0,0,0,0,0,3,0,0,0,0,0,0,0,1,0
LF3_RB1,31,Aug,2013,RB,LF3,TRUE,Brush,LF,0,0,0,0,0,0,0,0,0,0,0,0,0,0,0,0,0,0
LF3_RB1,31,Aug,2014,RB,LF3,TRUE,Brush,LF,0,0,0,1,0,0,0,0,0,0,2,0,0,0,0,0,1,0
LF3_RB1,31,Aug,2015,RB,LF3,TRUE,Brush,LF,0,0,0,2,0,0,0,0,4,0,0,0,0,0,0,0,2,2
LF3_RB1,31,Nov,2013,RB,LF3,TRUE,Brush,LF,0,0,0,0,0,1,0,0,0,0,0,2,0,0,0,0,0,0
LF3_RB1,31,Nov,2014,RB,LF3,TRUE,Brush,LF,0,0,0,3,0,0,0,0,5,0,2,0,0,0,0,0,2,0
LF3_RB1,31,Nov,2015,RB,LF3,TRUE,Brush,LF,0,0,0,2,0,0,0,0,1,0,2,0,0,0,0,0,2,2
LF3_RB10,40,Aug,2013,RB,LF3,TRUE,Brush,LF,0,0,0,0,0,0,0,0,0,0,0,0,0,0,0,0,0,1
LF3_RB10,40,Aug,2014,RB,LF3,TRUE,Brush,LF,0,0,0,0,0,0,0,0,0,0,0,0,0,0,0,0,1,0
LF3_RB10,40,Aug,2015,RB,LF3,TRUE,Brush,LF,0,0,0,0,0,0,0,0,0,0,0,0,0,0,0,0,3,0
LF3_RB10,40,Nov,2013,RB,LF3,TRUE,Brush,LF,0,0,0,0,0,0,0,0,0,0,0,1,0,0,0,0,0,0
LF3_RB10,40,Nov,2014,RB,LF3,TRUE,Brush,LF,0,0,0,0,0,0,0,0,0,0,0,0,0,0,0,0,1,0
LF3_RB10,40,Nov,2015,RB,LF3,TRUE,Brush,LF,0,0,0,0,0,0,0,0,0,0,0,0,0,0,0,0,1,0
LF3_RB11,41,Aug,2013,RB,LF3,TRUE,Brush,LF,0,0,0,0,0,0,0,0,0,0,0,3,0,0,0,0,0,0
LF3_RB11,41,Aug,2014,RB,LF3,TRUE,Brush,LF,0,0,0,0,0,0,0,0,0,0,0,0,0,0,0,0,1,0
LF3_RB11,41,Aug,2015,RB,LF3,TRUE,Brush,LF,0,0,0,0,1,0,0,0,0,0,0,0,0,0,0,0,1,1
LF3_RB11,41,Nov,2013,RB,LF3,TRUE,Brush,LF,0,0,0,0,0,0,0,0,0,0,0,2,0,0,0,0,0,0
LF3_RB11,41,Nov,2014,RB,LF3,TRUE,Brush,LF,0,0,0,1,0,0,0,0,2,0,0,0,0,0,0,0,2,0
LF3_RB11,41,Nov,2015,RB,LF3,TRUE,Brush,LF,0,0,0,0,1,0,0,0,0,0,0,0,0,0,0,0,2,1
LF3_RB12,42,Aug,2013,RB,LF3,TRUE,Brush,LF,0,0,0,0,0,0,0,0,0,0,0,0,0,0,0,0,0,1
LF3_RB12,42,Aug,2014,RB,LF3,TRUE,Brush,LF,0,0,0,0,0,0,0,0,1,0,0,0,0,0,0,0,0,1
LF3_RB12,42,Aug,2015,RB,LF3,TRUE,Brush,LF,0,0,0,0,0,0,0,0,1,0,0,0,0,0,0,0,0,2
LF3_RB12,42,Nov,2013,RB,LF3,TRUE,Brush,LF,0,0,0,0,0,0,0,0,0,0,0,0,0,0,0,0,0,1
LF3_RB12,42,Nov,2014,RB,LF3,TRUE,Brush,LF,0,0,0,0,0,0,0,0,1,0,0,0,0,0,0,0,0,0
LF3_RB12,42,Nov,2015,RB,LF3,TRUE,Brush,LF,0,0,0,0,0,0,0,0,1,0,0,0,0,0,0,0,0,0
LF3_RB13,43,Aug,2013,RB,LF3,TRUE,Brush,LF,0,0,0,0,0,0,0,0,0,0,0,1,0,0,0,0,0,0
LF3_RB13,43,Aug,2014,RB,LF3,TRUE,Brush,LF,0,0,0,0,0,0,0,0,0,0,0,0,0,0,0,0,0,0
LF3_RB13,43,Aug,2015,RB,LF3,TRUE,Brush,LF,0,0,0,0,0,0,0,0,2,0,0,0,0,0,0,0,0,1
LF3_RB13,43,Nov,2013,RB,LF3,TRUE,Brush,LF,0,0,0,0,0,0,0,0,0,0,0,0,0,0,0,0,0,0
LF3_RB13,43,Nov,2014,RB,LF3,TRUE,Brush,LF,0,0,0,0,0,0,0,0,1,0,0,0,0,0,0,0,0,0
LF3_RB13,43,Nov,2015,RB,LF3,TRUE,Brush,LF,0,0,0,1,0,0,0,0,1,0,0,0,0,0,0,0,0,1
LF3_RB14,44,Aug,2013,RB,LF3,TRUE,Brush,LF,0,0,0,0,0,0,0,0,0,0,0,0,0,0,0,0,0,1
LF3_RB14,44,Aug,2014,RB,LF3,TRUE,Brush,LF,0,0,0,0,0,0,0,0,0,0,1,0,0,0,0,0,2,0
LF3_RB14,44,Aug,2015,RB,LF3,TRUE,Brush,LF,0,0,0,1,0,0,0,0,0,0,1,0,0,0,0,0,3,0
LF3_RB14,44,Nov,2013,RB,LF3,TRUE,Brush,LF,0,0,0,0,0,0,0,0,0,0,0,1,0,0,0,0,0,0
LF3_RB14,44,Nov,2014,RB,LF3,TRUE,Brush,LF,0,0,0,2,0,0,0,0,0,0,2,0,0,0,0,0,1,0
LF3_RB14,44,Nov,2015,RB,LF3,TRUE,Brush,LF,0,0,0,0,0,0,0,0,0,0,1,0,0,0,0,0,3,0
LF3_RB15,45,Aug,2013,RB,LF3,TRUE,Brush,LF,0,0,0,0,0,0,0,0,0,0,0,3,0,0,0,0,0,0
LF3_RB15,45,Aug,2014,RB,LF3,TRUE,Brush,LF,0,0,0,0,0,0,0,0,2,0,0,0,0,0,0,0,4,2
LF3_RB15,45,Aug,2015,RB,LF3,TRUE,Brush,LF,0,0,1,0,0,0,0,0,0,0,0,0,0,0,0,0,7,1
LF3_RB15,45,Nov,2013,RB,LF3,TRUE,Brush,LF,0,0,0,0,0,0,0,0,0,0,0,2,0,0,0,0,0,0
LF3_RB15,45,Nov,2014,RB,LF3,TRUE,Brush,LF,0,0,0,0,0,0,0,0,1,0,1,0,0,0,0,0,3,1
LF3_RB15,45,Nov,2015,RB,LF3,TRUE,Brush,LF,0,0,0,0,0,0,0,0,1,0,0,0,0,0,0,0,4,1
LF3_RB2,32,Aug,2013,RB,LF3,TRUE,Brush,LF,0,1,0,0,0,0,0,0,0,0,0,0,0,0,0,0,0,0
LF3_RB2,32,Aug,2014,RB,LF3,TRUE,Brush,LF,0,0,0,0,0,0,0,2,5,0,2,0,0,0,0,0,1,0
LF3_RB2,32,Aug,2015,RB,LF3,TRUE,Brush,LF,0,0,0,0,0,0,0,0,5,0,1,0,0,0,0,0,5,0
LF3_RB2,32,Nov,2013,RB,LF3,TRUE,Brush,LF,0,1,0,0,0,0,0,0,0,0,0,0,0,0,0,0,0,0
LF3_RB2,32,Nov,2014,RB,LF3,TRUE,Brush,LF,0,0,0,1,0,0,0,0,9,0,2,0,0,0,0,0,7,0
LF3_RB2,32,Nov,2015,RB,LF3,TRUE,Brush,LF,0,0,0,2,0,0,0,0,0,0,2,0,0,0,0,0,6,0
LF3_RB3,33,Aug,2013,RB,LF3,TRUE,Brush,LF,0,0,0,0,0,0,0,0,0,0,0,0,0,0,0,0,0,1
LF3_RB3,33,Aug,2014,RB,LF3,TRUE,Brush,LF,0,0,0,0,0,0,0,0,6,0,0,0,0,0,0,0,2,1
LF3_RB3,33,Aug,2015,RB,LF3,TRUE,Brush,LF,0,0,0,2,1,0,0,0,5,0,0,0,0,0,0,0,7,0
LF3_RB3,33,Nov,2013,RB,LF3,TRUE,Brush,LF,0,0,0,0,0,0,0,0,0,0,0,0,0,0,0,0,0,1
LF3_RB3,33,Nov,2014,RB,LF3,TRUE,Brush,LF,0,0,0,2,1,0,0,0,6,0,0,0,0,0,0,0,7,0
LF3_RB3,33,Nov,2015,RB,LF3,TRUE,Brush,LF,0,0,0,2,1,0,0,0,5,0,1,0,0,0,0,0,8,0
LF3_RB4,34,Aug,2013,RB,LF3,TRUE,Brush,LF,0,0,0,0,0,0,0,0,0,0,0,0,0,0,0,0,0,1
LF3_RB4,34,Aug,2014,RB,LF3,TRUE,Brush,LF,0,0,0,0,0,0,0,2,0,0,1,0,0,0,0,0,3,0
LF3_RB4,34,Aug,2015,RB,LF3,TRUE,Brush,LF,0,0,0,1,0,0,0,0,8,0,1,0,0,0,0,0,4,0
LF3_RB4,34,Nov,2013,RB,LF3,TRUE,Brush,LF,0,0,0,0,0,0,0,0,0,0,0,0,0,0,0,0,0,0
LF3_RB4,34,Nov,2014,RB,LF3,TRUE,Brush,LF,0,0,0,0,0,0,0,0,6,0,1,0,0,0,0,0,4,0
LF3_RB4,34,Nov,2015,RB,LF3,TRUE,Brush,LF,0,0,0,2,0,0,0,0,1,0,1,0,0,0,0,0,4,0
LF3_RB5,35,Aug,2013,RB,LF3,TRUE,Brush,LF,0,0,0,0,0,0,0,0,0,0,0,0,0,0,0,0,0,0
LF3_RB5,35,Aug,2014,RB,LF3,TRUE,Brush,LF,0,0,0,0,0,0,0,0,1,0,2,0,0,0,0,0,4,0
LF3_RB5,35,Aug,2015,RB,LF3,TRUE,Brush,LF,0,0,0,0,0,0,0,0,1,0,3,0,0,0,0,0,2,1
LF3_RB5,35,Nov,2013,RB,LF3,TRUE,Brush,LF,0,0,0,0,0,0,0,0,0,0,0,0,0,0,0,0,0,0
LF3_RB5,35,Nov,2014,RB,LF3,TRUE,Brush,LF,0,0,0,0,0,0,0,0,3,0,1,0,0,0,0,0,2,0
LF3_RB5,35,Nov,2015,RB,LF3,TRUE,Brush,LF,0,0,0,0,0,0,0,0,2,0,2,0,0,0,0,0,2,1
LF3_RB6,36,Aug,2013,RB,LF3,TRUE,Brush,LF,0,0,0,0,0,0,0,0,0,0,0,2,0,0,0,0,0,1
LF3_RB6,36,Aug,2014,RB,LF3,TRUE,Brush,LF,0,0,0,0,0,0,0,0,0,0,0,0,0,0,0,0,0,0
LF3_RB6,36,Aug,2015,RB,LF3,TRUE,Brush,LF,0,0,0,1,0,0,0,0,6,0,3,0,0,0,0,0,5,0
LF3_RB6,36,Nov,2013,RB,LF3,TRUE,Brush,LF,0,0,0,0,0,0,0,0,0,0,0,2,0,0,0,0,0,1
LF3_RB6,36,Nov,2014,RB,LF3,TRUE,Brush,LF,0,0,0,0,0,0,0,0,5,0,2,0,0,0,0,0,5,1
LF3_RB6,36,Nov,2015,RB,LF3,TRUE,Brush,LF,0,0,0,1,0,0,0,0,1,0,1,0,0,0,0,0,5,0
LF3_RB7,37,Aug,2013,RB,LF3,TRUE,Brush,LF,0,0,0,0,0,0,0,0,0,0,0,0,0,0,0,0,0,1
LF3_RB7,37,Aug,2014,RB,LF3,TRUE,Brush,LF,0,0,0,1,0,0,0,0,0,0,2,0,0,0,0,0,3,0
LF3_RB7,37,Aug,2015,RB,LF3,TRUE,Brush,LF,0,0,0,2,0,0,0,0,1,0,2,0,0,0,0,0,3,0
LF3_RB7,37,Nov,2013,RB,LF3,TRUE,Brush,LF,0,0,0,0,0,1,0,0,0,0,0,2,0,0,0,0,0,1
LF3_RB7,37,Nov,2014,RB,LF3,TRUE,Brush,LF,0,0,0,2,0,0,0,0,2,0,2,0,0,0,0,0,3,0
LF3_RB7,37,Nov,2015,RB,LF3,TRUE,Brush,LF,0,0,0,2,0,0,0,0,1,0,2,0,0,0,0,0,3,0
LF3_RB8,38,Aug,2013,RB,LF3,TRUE,Brush,LF,0,2,0,0,0,0,0,0,0,0,0,4,0,0,0,0,0,1
LF3_RB8,38,Aug,2014,RB,LF3,TRUE,Brush,LF,0,0,0,0,0,0,0,0,1,0,0,0,0,0,0,0,1,0
LF3_RB8,38,Aug,2015,RB,LF3,TRUE,Brush,LF,0,0,0,0,0,0,0,0,2,0,1,0,0,0,0,0,4,1
LF3_RB8,38,Nov,2013,RB,LF3,TRUE,Brush,LF,0,1,0,0,0,0,0,0,0,0,0,0,0,0,0,0,0,0
LF3_RB8,38,Nov,2014,RB,LF3,TRUE,Brush,LF,0,0,0,0,0,0,0,0,3,0,5,0,0,0,0,0,0,0
LF3_RB8,38,Nov,2015,RB,LF3,TRUE,Brush,LF,0,0,0,0,0,0,0,0,0,0,1,0,0,0,0,0,3,1
LF3_RB9,39,Aug,2013,RB,LF3,TRUE,Brush,LF,0,0,0,0,0,0,0,0,0,0,0,0,0,0,0,0,0,1
LF3_RB9,39,Aug,2014,RB,LF3,TRUE,Brush,LF,0,0,0,0,0,0,0,0,1,0,1,0,0,0,0,0,3,1
LF3_RB9,39,Aug,2015,RB,LF3,TRUE,Brush,LF,0,0,0,0,0,0,0,0,0,0,2,0,0,0,0,0,5,1
LF3_RB9,39,Nov,2013,RB,LF3,TRUE,Brush,LF,0,0,0,0,0,0,0,0,0,0,0,0,0,0,0,0,0,1
LF3_RB9,39,Nov,2014,RB,LF3,TRUE,Brush,LF,0,0,0,0,0,0,0,0,0,0,0,0,0,0,0,0,3,0
LF3_RB9,39,Nov,2015,RB,LF3,TRUE,Brush,LF,0,0,0,0,0,0,0,0,0,0,2,0,0,0,0,0,3,1
LF1_RBN1,1,Aug,2013,RBN,LF1,TRUE,NutBrush,LF,0,3,0,0,0,0,0,0,0,0,0,0,1,0,0,0,0,0
LF1_RBN1,1,Aug,2014,RBN,LF1,TRUE,NutBrush,LF,0,0,0,0,0,0,0,0,4,0,0,0,0,0,0,0,2,0
LF1_RBN1,1,Aug,2015,RBN,LF1,TRUE,NutBrush,LF,0,0,0,0,0,0,0,0,2,0,0,0,0,0,0,0,2,0
LF1_RBN1,1,Nov,2013,RBN,LF1,TRUE,NutBrush,LF,0,0,0,0,0,0,0,0,0,0,0,0,0,0,0,0,0,0
LF1_RBN1,1,Nov,2014,RBN,LF1,TRUE,NutBrush,LF,0,0,0,1,0,0,0,0,4,0,0,0,0,0,0,0,3,0
LF1_RBN1,1,Nov,2015,RBN,LF1,TRUE,NutBrush,LF,0,0,0,0,0,0,0,0,2,0,0,0,0,0,0,0,2,0
LF1_RBN10,10,Aug,2013,RBN,LF1,TRUE,NutBrush,LF,0,0,0,0,0,0,0,0,0,0,0,0,0,0,0,0,0,0
LF1_RBN10,10,Aug,2014,RBN,LF1,TRUE,NutBrush,LF,0,0,0,0,0,0,0,0,0,0,0,0,0,0,0,0,2,0
LF1_RBN10,10,Aug,2015,RBN,LF1,TRUE,NutBrush,LF,0,0,0,0,0,0,0,0,1,0,0,0,0,0,0,0,2,0
LF1_RBN10,10,Nov,2013,RBN,LF1,TRUE,NutBrush,LF,0,0,0,0,0,0,0,0,0,0,0,0,0,0,0,0,0,0
LF1_RBN10,10,Nov,2014,RBN,LF1,TRUE,NutBrush,LF,0,0,1,0,0,0,0,0,1,0,0,0,0,0,0,0,2,0
LF1_RBN10,10,Nov,2015,RBN,LF1,TRUE,NutBrush,LF,0,0,0,0,0,0,0,0,1,0,0,0,0,0,0,0,2,0
LF1_RBN11,11,Aug,2013,RBN,LF1,TRUE,NutBrush,LF,0,0,0,0,0,0,0,0,0,0,0,0,0,0,0,0,0,1
LF1_RBN11,11,Aug,2014,RBN,LF1,TRUE,NutBrush,LF,0,0,0,1,0,0,0,0,0,0,0,0,0,0,0,0,0,1
LF1_RBN11,11,Aug,2015,RBN,LF1,TRUE,NutBrush,LF,0,0,1,1,0,0,0,0,0,0,0,0,0,0,0,0,1,0
LF1_RBN11,11,Nov,2013,RBN,LF1,TRUE,NutBrush,LF,0,0,0,0,0,0,0,0,0,0,0,0,0,0,0,0,0,0
LF1_RBN11,11,Nov,2014,RBN,LF1,TRUE,NutBrush,LF,0,0,0,1,0,0,0,0,0,0,0,0,0,0,0,0,2,0
LF1_RBN11,11,Nov,2015,RBN,LF1,TRUE,NutBrush,LF,0,0,0,1,0,0,0,0,0,0,0,0,0,0,0,0,1,0
LF1_RBN12,12,Aug,2013,RBN,LF1,TRUE,NutBrush,LF,0,0,0,0,0,0,0,0,0,0,0,3,0,0,0,0,0,0
LF1_RBN12,12,Aug,2014,RBN,LF1,TRUE,NutBrush,LF,0,1,2,1,0,0,0,0,0,0,0,0,0,0,0,0,1,1
LF1_RBN12,12,Aug,2015,RBN,LF1,TRUE,NutBrush,LF,0,1,1,1,0,0,0,0,1,0,1,0,0,0,0,0,3,1
LF1_RBN12,12,Nov,2013,RBN,LF1,TRUE,NutBrush,LF,0,1,0,0,0,0,0,0,0,0,0,0,0,0,0,0,0,0
LF1_RBN12,12,Nov,2014,RBN,LF1,TRUE,NutBrush,LF,0,0,1,1,0,0,0,0,2,0,1,0,0,0,0,0,3,0
LF1_RBN12,12,Nov,2015,RBN,LF1,TRUE,NutBrush,LF,0,1,1,1,0,0,0,0,0,0,1,0,0,0,0,0,3,1
LF1_RBN13,13,Aug,2013,RBN,LF1,TRUE,NutBrush,LF,0,1,0,0,0,0,0,0,0,0,0,0,0,0,0,0,0,1
LF1_RBN13,13,Aug,2014,RBN,LF1,TRUE,NutBrush,LF,0,0,3,0,0,0,0,0,0,0,0,0,0,0,0,0,0,0
LF1_RBN13,13,Aug,2015,RBN,LF1,TRUE,NutBrush,LF,0,0,5,0,0,0,0,0,0,0,0,0,0,0,0,0,0,0
LF1_RBN13,13,Nov,2013,RBN,LF1,TRUE,NutBrush,LF,0,0,0,0,0,0,0,0,0,0,0,0,0,0,0,0,0,0
LF1_RBN13,13,Nov,2014,RBN,LF1,TRUE,NutBrush,LF,0,1,6,0,0,0,0,0,0,0,1,0,0,0,0,0,6,0
LF1_RBN13,13,Nov,2015,RBN,LF1,TRUE,NutBrush,LF,0,0,5,0,0,0,0,0,0,0,0,0,0,0,0,0,0,0
LF1_RBN14,14,Aug,2013,RBN,LF1,TRUE,NutBrush,LF,0,0,0,0,0,0,0,0,0,0,0,0,0,0,0,0,0,0
LF1_RBN14,14,Aug,2014,RBN,LF1,TRUE,NutBrush,LF,0,0,0,0,0,0,0,0,0,0,0,0,0,0,0,0,0,0
LF1_RBN14,14,Aug,2015,RBN,LF1,TRUE,NutBrush,LF,0,0,0,0,2,0,0,0,0,0,0,0,0,0,0,0,0,1
LF1_RBN14,14,Nov,2013,RBN,LF1,TRUE,NutBrush,LF,0,0,0,0,0,0,0,0,0,0,0,0,0,0,0,0,0,0
LF1_RBN14,14,Nov,2014,RBN,LF1,TRUE,NutBrush,LF,0,0,0,0,0,0,0,0,0,0,0,0,0,0,0,0,2,1
LF1_RBN14,14,Nov,2015,RBN,LF1,TRUE,NutBrush,LF,0,0,0,0,2,0,0,0,0,0,0,0,0,0,0,0,0,1
LF1_RBN15,15,Aug,2013,RBN,LF1,TRUE,NutBrush,LF,0,1,0,0,0,0,0,0,0,0,0,2,0,0,0,0,0,0
LF1_RBN15,15,Aug,2014,RBN,LF1,TRUE,NutBrush,LF,0,0,0,0,0,0,0,0,0,0,1,0,0,0,0,0,0,0
LF1_RBN15,15,Aug,2015,RBN,LF1,TRUE,NutBrush,LF,0,0,0,0,1,0,0,0,2,0,0,0,0,0,0,0,0,0
LF1_RBN15,15,Nov,2013,RBN,LF1,TRUE,NutBrush,LF,0,0,0,0,0,0,0,0,0,0,0,0,0,0,0,0,0,0
LF1_RBN15,15,Nov,2014,RBN,LF1,TRUE,NutBrush,LF,0,0,1,1,1,0,0,0,3,0,1,0,0,0,0,0,0,0
LF1_RBN15,15,Nov,2015,RBN,LF1,TRUE,NutBrush,LF,0,0,0,0,2,0,0,0,0,0,1,0,0,0,0,0,0,0
LF1_RBN2,2,Aug,2013,RBN,LF1,TRUE,NutBrush,LF,0,0,0,0,0,0,0,0,0,0,0,1,0,0,0,0,0,0
LF1_RBN2,2,Aug,2014,RBN,LF1,TRUE,NutBrush,LF,0,0,0,0,0,0,0,0,0,0,0,0,0,0,0,0,1,1
LF1_RBN2,2,Aug,2015,RBN,LF1,TRUE,NutBrush,LF,0,0,0,0,0,0,0,0,3,0,0,0,0,0,0,0,1,0
LF1_RBN2,2,Nov,2013,RBN,LF1,TRUE,NutBrush,LF,0,0,0,0,0,0,0,0,0,0,0,0,0,0,0,0,0,0
LF1_RBN2,2,Nov,2014,RBN,LF1,TRUE,NutBrush,LF,0,0,0,0,0,0,0,0,1,0,0,0,0,0,0,0,1,2
LF1_RBN2,2,Nov,2015,RBN,LF1,TRUE,NutBrush,LF,0,0,0,0,0,0,0,0,3,0,0,0,0,0,0,0,1,1
LF1_RBN3,3,Aug,2013,RBN,LF1,TRUE,NutBrush,LF,0,0,0,0,0,0,0,0,0,0,0,0,0,0,0,0,0,0
LF1_RBN3,3,Aug,2014,RBN,LF1,TRUE,NutBrush,LF,0,0,0,0,0,0,0,0,1,0,0,0,0,0,0,0,0,0
LF1_RBN3,3,Aug,2015,RBN,LF1,TRUE,NutBrush,LF,0,0,0,0,0,0,0,0,1,0,0,0,0,0,0,0,0,0
LF1_RBN3,3,Nov,2013,RBN,LF1,TRUE,NutBrush,LF,0,0,0,0,0,0,0,0,0,0,0,0,0,0,0,0,0,0
LF1_RBN3,3,Nov,2014,RBN,LF1,TRUE,NutBrush,LF,0,0,0,0,0,0,0,0,1,0,0,0,0,0,0,0,0,0
LF1_RBN3,3,Nov,2015,RBN,LF1,TRUE,NutBrush,LF,0,0,0,0,0,0,0,0,1,0,0,0,0,0,0,0,0,0
LF1_RBN4,4,Aug,2013,RBN,LF1,TRUE,NutBrush,LF,0,0,0,0,0,0,0,0,0,0,0,1,0,0,0,0,0,0
LF1_RBN4,4,Aug,2014,RBN,LF1,TRUE,NutBrush,LF,0,0,0,0,0,0,0,0,0,0,0,0,0,0,0,0,1,0
LF1_RBN4,4,Aug,2015,RBN,LF1,TRUE,NutBrush,LF,0,0,0,1,0,0,0,0,0,0,0,0,0,0,0,0,2,0
LF1_RBN4,4,Nov,2013,RBN,LF1,TRUE,NutBrush,LF,0,0,0,0,0,0,0,0,0,0,0,0,0,0,0,0,0,0
LF1_RBN4,4,Nov,2014,RBN,LF1,TRUE,NutBrush,LF,0,0,1,0,0,0,0,0,0,0,0,0,0,0,0,0,2,0
LF1_RBN4,4,Nov,2015,RBN,LF1,TRUE,NutBrush,LF,0,0,0,1,0,0,0,0,0,0,0,0,0,0,0,0,2,0
LF1_RBN5,5,Aug,2013,RBN,LF1,TRUE,NutBrush,LF,0,1,0,0,0,0,0,0,0,0,0,1,0,0,0,0,0,0
LF1_RBN5,5,Aug,2014,RBN,LF1,TRUE,NutBrush,LF,0,0,0,0,0,0,0,0,10,0,0,0,0,0,0,0,0,0
LF1_RBN5,5,Aug,2015,RBN,LF1,TRUE,NutBrush,LF,0,0,0,0,0,0,0,0,4,0,0,0,0,0,0,0,5,0
LF1_RBN5,5,Nov,2013,RBN,LF1,TRUE,NutBrush,LF,0,0,0,0,0,0,0,0,0,0,0,0,0,0,0,0,0,0
LF1_RBN5,5,Nov,2014,RBN,LF1,TRUE,NutBrush,LF,0,0,0,0,0,0,0,0,4,0,0,0,0,0,0,0,5,0
LF1_RBN5,5,Nov,2015,RBN,LF1,TRUE,NutBrush,LF,0,0,0,0,0,0,0,0,4,0,0,0,0,0,0,0,2,0
LF1_RBN6,6,Aug,2013,RBN,LF1,TRUE,NutBrush,LF,0,1,0,0,0,0,0,0,0,0,0,1,0,0,0,0,0,0
LF1_RBN6,6,Aug,2014,RBN,LF1,TRUE,NutBrush,LF,0,1,0,1,0,0,0,0,3,0,2,0,0,0,0,0,6,0
LF1_RBN6,6,Aug,2015,RBN,LF1,TRUE,NutBrush,LF,0,0,1,1,0,0,0,0,1,0,2,0,0,0,0,0,0,0
LF1_RBN6,6,Nov,2013,RBN,LF1,TRUE,NutBrush,LF,0,0,0,0,0,0,0,0,0,0,0,0,0,0,0,0,0,0
LF1_RBN6,6,Nov,2014,RBN,LF1,TRUE,NutBrush,LF,0,1,1,1,0,0,0,0,3,0,2,0,0,0,0,0,8,0
LF1_RBN6,6,Nov,2015,RBN,LF1,TRUE,NutBrush,LF,0,0,1,1,0,0,0,0,1,0,2,0,0,0,0,0,7,0
LF1_RBN7,7,Aug,2013,RBN,LF1,TRUE,NutBrush,LF,0,1,0,0,0,0,0,0,0,0,0,3,0,0,0,0,0,0
LF1_RBN7,7,Aug,2014,RBN,LF1,TRUE,NutBrush,LF,0,0,0,0,0,0,0,0,4,0,0,0,0,0,0,0,0,0
LF1_RBN7,7,Aug,2015,RBN,LF1,TRUE,NutBrush,LF,0,0,1,0,0,0,0,0,3,0,0,0,0,0,0,0,2,0
LF1_RBN7,7,Nov,2013,RBN,LF1,TRUE,NutBrush,LF,0,0,0,0,0,0,0,0,0,0,0,0,0,0,0,0,0,0
LF1_RBN7,7,Nov,2014,RBN,LF1,TRUE,NutBrush,LF,0,0,0,0,0,0,0,0,3,0,0,0,0,0,0,0,3,0
LF1_RBN7,7,Nov,2015,RBN,LF1,TRUE,NutBrush,LF,0,0,1,0,0,0,0,0,0,0,0,0,0,0,0,0,2,0
LF1_RBN8,8,Aug,2013,RBN,LF1,TRUE,NutBrush,LF,0,0,0,0,0,0,0,0,0,0,0,1,0,0,0,0,0,0
LF1_RBN8,8,Aug,2014,RBN,LF1,TRUE,NutBrush,LF,0,1,0,0,0,0,0,0,0,0,0,0,0,0,0,0,0,0
LF1_RBN8,8,Aug,2015,RBN,LF1,TRUE,NutBrush,LF,0,1,2,0,0,0,0,0,0,0,0,0,0,0,0,0,0,1
LF1_RBN8,8,Nov,2013,RBN,LF1,TRUE,NutBrush,LF,0,1,0,0,0,0,0,0,0,0,0,0,0,0,0,0,0,0
LF1_RBN8,8,Nov,2014,RBN,LF1,TRUE,NutBrush,LF,0,1,2,0,0,0,0,0,0,0,0,0,0,0,0,0,1,1
LF1_RBN8,8,Nov,2015,RBN,LF1,TRUE,NutBrush,LF,0,1,2,0,0,0,0,0,0,0,0,0,0,0,0,0,0,1
LF1_RBN9,9,Aug,2013,RBN,LF1,TRUE,NutBrush,LF,0,3,0,0,0,0,0,0,0,0,0,2,0,0,0,0,0,1
LF1_RBN9,9,Aug,2014,RBN,LF1,TRUE,NutBrush,LF,0,1,0,0,0,0,0,0,0,0,0,0,0,0,0,0,4,0
LF1_RBN9,9,Aug,2015,RBN,LF1,TRUE,NutBrush,LF,0,0,1,0,0,0,0,0,1,0,0,0,0,0,0,0,2,0
LF1_RBN9,9,Nov,2013,RBN,LF1,TRUE,NutBrush,LF,0,0,0,0,0,0,0,0,0,0,0,0,0,0,0,0,0,1
LF1_RBN9,9,Nov,2014,RBN,LF1,TRUE,NutBrush,LF,0,1,1,0,0,0,0,0,0,0,0,0,0,0,0,0,3,2
LF1_RBN9,9,Nov,2015,RBN,LF1,TRUE,NutBrush,LF,0,0,1,0,0,0,0,0,1,0,0,0,0,0,0,0,3,1
LF2_RBN1,16,Aug,2013,RBN,LF2,TRUE,NutBrush,LF,0,3,0,0,0,0,0,0,0,0,0,4,0,0,0,0,0,0
LF2_RBN1,16,Aug,2014,RBN,LF2,TRUE,NutBrush,LF,0,1,0,0,0,0,0,0,0,0,0,0,0,0,0,0,7,0
LF2_RBN1,16,Aug,2015,RBN,LF2,TRUE,NutBrush,LF,0,0,0,0,0,0,0,0,7,0,0,0,0,0,0,0,8,0
LF2_RBN1,16,Nov,2013,RBN,LF2,TRUE,NutBrush,LF,0,1,0,0,0,0,0,0,0,0,0,0,0,0,0,0,0,0
LF2_RBN1,16,Nov,2014,RBN,LF2,TRUE,NutBrush,LF,0,1,0,0,0,0,0,0,6,0,0,0,0,0,0,0,5,0
LF2_RBN1,16,Nov,2015,RBN,LF2,TRUE,NutBrush,LF,0,0,0,0,0,0,0,0,5,0,0,0,0,0,0,0,6,1
LF2_RBN10,25,Aug,2013,RBN,LF2,TRUE,NutBrush,LF,0,0,0,0,0,0,0,0,0,0,0,0,0,0,0,0,0,0
LF2_RBN10,25,Aug,2014,RBN,LF2,TRUE,NutBrush,LF,0,0,0,0,0,0,0,0,0,0,0,0,0,0,0,0,4,0
LF2_RBN10,25,Aug,2015,RBN,LF2,TRUE,NutBrush,LF,0,0,0,0,0,0,0,0,1,0,0,0,0,0,0,0,3,0
LF2_RBN10,25,Nov,2013,RBN,LF2,TRUE,NutBrush,LF,0,0,0,0,0,0,0,0,0,0,0,0,0,0,0,0,0,0
LF2_RBN10,25,Nov,2014,RBN,LF2,TRUE,NutBrush,LF,0,0,0,0,0,0,0,0,1,0,0,0,0,0,0,0,3,0
LF2_RBN10,25,Nov,2015,RBN,LF2,TRUE,NutBrush,LF,0,0,0,0,0,0,0,0,0,0,0,0,0,0,0,0,3,0
LF2_RBN11,26,Aug,2013,RBN,LF2,TRUE,NutBrush,LF,0,0,0,0,0,0,0,0,0,0,0,1,0,0,0,0,0,0
LF2_RBN11,26,Aug,2014,RBN,LF2,TRUE,NutBrush,LF,0,0,0,1,0,0,0,0,0,0,0,0,0,0,0,0,2,0
LF2_RBN11,26,Aug,2015,RBN,LF2,TRUE,NutBrush,LF,0,0,0,0,0,0,0,0,1,0,0,0,0,0,0,0,2,1
LF2_RBN11,26,Nov,2013,RBN,LF2,TRUE,NutBrush,LF,0,0,0,0,0,0,0,0,0,0,0,0,0,0,0,0,0,0
LF2_RBN11,26,Nov,2014,RBN,LF2,TRUE,NutBrush,LF,0,0,0,0,0,0,0,0,0,0,0,0,0,0,0,0,2,0
LF2_RBN11,26,Nov,2015,RBN,LF2,TRUE,NutBrush,LF,0,0,0,1,0,0,0,0,1,0,0,0,0,0,0,0,2,1
LF2_RBN12,27,Aug,2013,RBN,LF2,TRUE,NutBrush,LF,0,0,0,0,0,0,0,0,0,0,0,0,0,0,0,0,0,0
LF2_RBN12,27,Aug,2014,RBN,LF2,TRUE,NutBrush,LF,0,0,0,0,0,0,0,0,0,0,0,0,0,0,0,0,1,0
LF2_RBN12,27,Aug,2015,RBN,LF2,TRUE,NutBrush,LF,0,0,0,0,0,0,0,0,3,0,0,0,0,0,0,0,1,0
LF2_RBN12,27,Nov,2013,RBN,LF2,TRUE,NutBrush,LF,0,0,0,0,0,0,0,0,0,0,0,0,0,0,0,0,0,0
LF2_RBN12,27,Nov,2014,RBN,LF2,TRUE,NutBrush,LF,0,0,0,0,0,0,0,0,12,0,0,0,0,0,0,0,1,0
LF2_RBN12,27,Nov,2015,RBN,LF2,TRUE,NutBrush,LF,0,0,0,0,0,0,0,0,5,0,0,0,0,0,0,0,1,0
LF2_RBN13,28,Aug,2013,RBN,LF2,TRUE,NutBrush,LF,0,0,0,0,0,0,0,0,0,0,0,0,0,0,0,0,0,0
LF2_RBN13,28,Aug,2014,RBN,LF2,TRUE,NutBrush,LF,0,0,0,0,0,0,0,0,0,0,0,0,0,0,0,0,2,0
LF2_RBN13,28,Aug,2015,RBN,LF2,TRUE,NutBrush,LF,0,0,0,0,0,0,0,0,1,0,0,0,0,0,0,0,3,0
LF2_RBN13,28,Nov,2013,RBN,LF2,TRUE,NutBrush,LF,0,0,0,0,0,0,0,0,0,0,0,0,0,0,0,0,0,0
LF2_RBN13,28,Nov,2014,RBN,LF2,TRUE,NutBrush,LF,0,0,0,0,0,0,0,0,2,0,0,0,0,0,0,0,3,0
LF2_RBN13,28,Nov,2015,RBN,LF2,TRUE,NutBrush,LF,0,0,0,0,0,0,0,0,1,0,0,0,0,0,0,0,4,0
LF2_RBN14,29,Aug,2013,RBN,LF2,TRUE,NutBrush,LF,0,1,0,0,0,0,0,0,0,0,0,0,0,0,0,0,0,0
LF2_RBN14,29,Aug,2014,RBN,LF2,TRUE,NutBrush,LF,0,0,0,0,0,0,0,0,0,0,1,0,0,0,0,0,2,0
LF2_RBN14,29,Aug,2015,RBN,LF2,TRUE,NutBrush,LF,0,0,0,1,0,0,0,0,3,0,0,0,0,0,0,0,4,0
LF2_RBN14,29,Nov,2013,RBN,LF2,TRUE,NutBrush,LF,0,0,0,0,0,0,0,0,0,0,0,0,0,0,0,0,0,0
LF2_RBN14,29,Nov,2014,RBN,LF2,TRUE,NutBrush,LF,0,0,0,2,0,0,0,0,12,0,0,0,0,0,0,0,4,0
LF2_RBN14,29,Nov,2015,RBN,LF2,TRUE,NutBrush,LF,0,0,0,4,0,0,0,0,3,0,0,0,0,0,0,0,4,0
LF2_RBN15,30,Aug,2013,RBN,LF2,TRUE,NutBrush,LF,0,0,0,0,0,0,0,0,0,0,0,0,0,0,0,0,0,0
LF2_RBN15,30,Aug,2014,RBN,LF2,TRUE,NutBrush,LF,0,3,0,0,0,0,0,0,1,0,0,0,0,0,0,0,0,0
LF2_RBN15,30,Aug,2015,RBN,LF2,TRUE,NutBrush,LF,0,0,0,0,0,0,0,0,0,0,0,0,0,0,0,0,0,0
LF2_RBN15,30,Nov,2013,RBN,LF2,TRUE,NutBrush,LF,0,3,0,0,0,0,0,0,0,0,0,0,0,0,0,0,0,0
LF2_RBN15,30,Nov,2014,RBN,LF2,TRUE,NutBrush,LF,0,1,0,0,0,0,0,0,1,0,0,0,0,0,0,0,3,0
LF2_RBN15,30,Nov,2015,RBN,LF2,TRUE,NutBrush,LF,0,0,0,0,0,0,0,0,0,0,0,0,0,0,0,0,0,0
LF2_RBN2,17,Aug,2013,RBN,LF2,TRUE,NutBrush,LF,0,0,0,0,0,0,0,0,0,0,0,0,0,0,0,0,0,0
LF2_RBN2,17,Aug,2014,RBN,LF2,TRUE,NutBrush,LF,0,1,0,0,0,0,0,0,1,0,0,0,0,0,0,0,3,1
LF2_RBN2,17,Aug,2015,RBN,LF2,TRUE,NutBrush,LF,0,0,0,0,0,0,0,0,1,0,0,0,0,0,0,0,2,0
LF2_RBN2,17,Nov,2013,RBN,LF2,TRUE,NutBrush,LF,0,0,0,0,0,0,0,0,0,0,0,0,0,0,0,0,0,0
LF2_RBN2,17,Nov,2014,RBN,LF2,TRUE,NutBrush,LF,0,2,0,0,0,0,0,0,1,0,0,0,0,0,0,0,3,1
LF2_RBN2,17,Nov,2015,RBN,LF2,TRUE,NutBrush,LF,0,1,0,0,0,0,0,0,1,0,0,0,0,0,0,0,2,1
LF2_RBN3,18,Aug,2013,RBN,LF2,TRUE,NutBrush,LF,0,0,0,0,0,0,0,0,0,0,0,0,0,0,0,0,0,0
LF2_RBN3,18,Aug,2014,RBN,LF2,TRUE,NutBrush,LF,0,1,0,1,0,0,0,0,1,0,0,0,0,0,0,0,5,0
LF2_RBN3,18,Aug,2015,RBN,LF2,TRUE,NutBrush,LF,0,1,0,1,0,0,0,0,2,0,0,0,0,0,0,1,5,0
LF2_RBN3,18,Nov,2013,RBN,LF2,TRUE,NutBrush,LF,0,1,0,0,0,0,0,0,0,0,0,0,0,0,0,0,0,0
LF2_RBN3,18,Nov,2014,RBN,LF2,TRUE,NutBrush,LF,0,1,0,1,0,0,0,0,2,0,0,0,0,0,0,0,5,0
LF2_RBN3,18,Nov,2015,RBN,LF2,TRUE,NutBrush,LF,0,1,0,1,0,0,0,0,4,0,0,0,0,0,0,1,6,0
LF2_RBN4,19,Aug,2013,RBN,LF2,TRUE,NutBrush,LF,0,1,0,0,0,0,0,0,0,0,0,1,0,0,0,0,0,0
LF2_RBN4,19,Aug,2014,RBN,LF2,TRUE,NutBrush,LF,0,0,0,0,0,0,0,0,0,0,0,0,0,0,0,0,4,0
LF2_RBN4,19,Aug,2015,RBN,LF2,TRUE,NutBrush,LF,0,0,0,0,0,0,0,0,1,0,0,0,0,0,0,0,6,0
LF2_RBN4,19,Nov,2013,RBN,LF2,TRUE,NutBrush,LF,0,0,0,0,0,1,0,0,0,0,0,0,0,0,0,0,0,0
LF2_RBN4,19,Nov,2014,RBN,LF2,TRUE,NutBrush,LF,0,0,0,0,0,1,0,0,1,0,0,0,0,0,0,0,5,0
LF2_RBN4,19,Nov,2015,RBN,LF2,TRUE,NutBrush,LF,0,0,0,0,0,0,0,0,1,0,0,0,0,0,0,0,6,0
LF2_RBN5,20,Aug,2013,RBN,LF2,TRUE,NutBrush,LF,0,2,0,0,0,0,0,0,0,0,0,2,0,0,0,0,0,0
LF2_RBN5,20,Aug,2014,RBN,LF2,TRUE,NutBrush,LF,0,3,0,1,0,0,0,0,2,0,0,0,0,0,0,0,1,2
LF2_RBN5,20,Aug,2015,RBN,LF2,TRUE,NutBrush,LF,0,3,0,2,0,0,0,0,6,0,0,0,0,0,0,0,10,0
LF2_RBN5,20,Nov,2013,RBN,LF2,TRUE,NutBrush,LF,0,4,0,0,0,0,0,0,0,0,0,1,0,0,0,0,0,0
LF2_RBN5,20,Nov,2014,RBN,LF2,TRUE,NutBrush,LF,0,3,0,2,0,0,0,0,10,0,0,0,0,0,0,0,6,2
LF2_RBN5,20,Nov,2015,RBN,LF2,TRUE,NutBrush,LF,0,3,0,2,0,0,0,0,4,0,0,0,0,0,0,0,8,0
LF2_RBN6,21,Aug,2013,RBN,LF2,TRUE,NutBrush,LF,0,0,0,0,0,0,0,0,0,0,0,0,0,0,0,0,0,0
LF2_RBN6,21,Aug,2014,RBN,LF2,TRUE,NutBrush,LF,0,0,0,0,0,0,0,0,0,0,0,0,0,0,0,0,1,0
LF2_RBN6,21,Aug,2015,RBN,LF2,TRUE,NutBrush,LF,0,0,0,0,0,0,0,0,1,0,0,0,0,0,0,0,4,0
LF2_RBN6,21,Nov,2013,RBN,LF2,TRUE,NutBrush,LF,0,0,0,0,0,0,0,0,0,0,0,0,0,0,0,0,0,0
LF2_RBN6,21,Nov,2014,RBN,LF2,TRUE,NutBrush,LF,0,0,0,0,0,0,0,0,1,0,0,0,0,0,0,0,3,0
LF2_RBN6,21,Nov,2015,RBN,LF2,TRUE,NutBrush,LF,0,0,0,0,0,0,0,0,1,0,0,0,0,0,0,0,3,0
LF2_RBN7,22,Aug,2013,RBN,LF2,TRUE,NutBrush,LF,0,1,0,0,0,0,0,0,0,0,0,0,0,0,0,0,0,0
LF2_RBN7,22,Aug,2014,RBN,LF2,TRUE,NutBrush,LF,0,0,0,0,0,0,0,0,0,0,0,0,0,0,0,0,4,0
LF2_RBN7,22,Aug,2015,RBN,LF2,TRUE,NutBrush,LF,0,0,0,0,0,0,0,0,0,0,0,0,0,0,0,0,4,0
LF2_RBN7,22,Nov,2013,RBN,LF2,TRUE,NutBrush,LF,0,1,0,0,0,0,0,0,0,0,0,0,0,0,0,0,0,0
LF2_RBN7,22,Nov,2014,RBN,LF2,TRUE,NutBrush,LF,0,0,0,0,0,0,0,0,0,0,0,0,0,0,0,0,4,0
LF2_RBN7,22,Nov,2015,RBN,LF2,TRUE,NutBrush,LF,0,0,0,0,0,0,0,0,0,0,0,0,0,0,0,0,4,0
LF2_RBN8,23,Aug,2013,RBN,LF2,TRUE,NutBrush,LF,0,0,0,0,0,0,0,0,0,0,0,0,0,0,0,0,0,0
LF2_RBN8,23,Aug,2014,RBN,LF2,TRUE,NutBrush,LF,0,0,0,0,0,0,0,0,0,0,0,0,0,0,0,0,2,1
LF2_RBN8,23,Aug,2015,RBN,LF2,TRUE,NutBrush,LF,0,0,0,0,0,0,0,0,3,0,0,0,0,0,0,0,1,1
LF2_RBN8,23,Nov,2013,RBN,LF2,TRUE,NutBrush,LF,0,0,0,0,0,0,0,0,0,0,0,0,0,0,0,0,0,1
LF2_RBN8,23,Nov,2014,RBN,LF2,TRUE,NutBrush,LF,0,0,0,0,0,0,0,0,4,0,0,0,0,0,0,0,0,1
LF2_RBN8,23,Nov,2015,RBN,LF2,TRUE,NutBrush,LF,0,0,0,0,0,0,0,0,3,0,0,0,0,0,0,0,1,1
LF2_RBN9,24,Aug,2013,RBN,LF2,TRUE,NutBrush,LF,0,2,0,0,0,0,0,0,0,0,0,0,0,0,0,0,0,0
LF2_RBN9,24,Aug,2014,RBN,LF2,TRUE,NutBrush,LF,0,3,0,1,0,0,0,0,0,0,1,0,0,0,0,0,7,0
LF2_RBN9,24,Aug,2015,RBN,LF2,TRUE,NutBrush,LF,0,1,0,1,0,0,0,0,1,0,0,0,0,0,0,0,7,0
LF2_RBN9,24,Nov,2013,RBN,LF2,TRUE,NutBrush,LF,0,2,0,0,0,0,0,0,0,0,0,0,0,0,0,0,0,0
LF2_RBN9,24,Nov,2014,RBN,LF2,TRUE,NutBrush,LF,0,3,0,1,0,0,0,0,4,0,0,0,0,0,0,0,11,0
LF2_RBN9,24,Nov,2015,RBN,LF2,TRUE,NutBrush,LF,0,1,0,1,0,0,0,0,1,0,1,0,0,0,0,0,9,0
LF3_RBN1,31,Aug,2013,RBN,LF3,TRUE,NutBrush,LF,0,2,0,0,0,0,0,0,0,0,0,0,0,0,0,0,0,0
LF3_RBN1,31,Aug,2014,RBN,LF3,TRUE,NutBrush,LF,0,0,0,0,0,0,0,0,2,0,0,0,0,0,0,0,4,0
LF3_RBN1,31,Aug,2015,RBN,LF3,TRUE,NutBrush,LF,0,0,0,1,0,0,0,0,8,0,0,0,0,0,0,0,6,0
LF3_RBN1,31,Nov,2013,RBN,LF3,TRUE,NutBrush,LF,0,0,0,0,0,0,0,0,0,0,0,0,0,0,0,0,0,0
LF3_RBN1,31,Nov,2014,RBN,LF3,TRUE,NutBrush,LF,0,0,0,0,0,0,0,0,7,0,0,0,0,0,0,0,6,0
LF3_RBN1,31,Nov,2015,RBN,LF3,TRUE,NutBrush,LF,0,0,0,1,0,0,0,0,3,0,0,0,0,0,0,0,7,0
LF3_RBN10,40,Aug,2013,RBN,LF3,TRUE,NutBrush,LF,0,1,0,0,0,0,0,0,0,0,0,1,0,0,0,0,0,0
LF3_RBN10,40,Aug,2014,RBN,LF3,TRUE,NutBrush,LF,0,0,0,0,0,0,0,0,5,0,0,0,0,0,0,0,4,1
LF3_RBN10,40,Aug,2015,RBN,LF3,TRUE,NutBrush,LF,0,0,0,1,0,0,0,0,0,0,0,0,0,0,0,0,7,0
LF3_RBN10,40,Nov,2013,RBN,LF3,TRUE,NutBrush,LF,0,0,0,0,0,0,0,0,0,0,0,1,0,0,0,0,0,0
LF3_RBN10,40,Nov,2014,RBN,LF3,TRUE,NutBrush,LF,0,0,0,0,0,0,0,0,1,0,0,0,0,0,0,0,5,0
LF3_RBN10,40,Nov,2015,RBN,LF3,TRUE,NutBrush,LF,0,0,0,1,0,0,0,0,0,0,0,0,0,0,0,0,6,0
LF3_RBN11,41,Aug,2013,RBN,LF3,TRUE,NutBrush,LF,0,1,0,0,0,0,0,0,0,0,0,0,0,0,0,0,0,0
LF3_RBN11,41,Aug,2014,RBN,LF3,TRUE,NutBrush,LF,0,0,0,0,1,0,0,0,0,0,1,0,0,0,0,0,6,0
LF3_RBN11,41,Aug,2015,RBN,LF3,TRUE,NutBrush,LF,0,0,0,0,0,0,0,0,0,0,0,0,0,0,0,0,7,0
LF3_RBN11,41,Nov,2013,RBN,LF3,TRUE,NutBrush,LF,0,0,0,0,0,0,0,0,0,0,0,0,0,0,0,0,0,0
LF3_RBN11,41,Nov,2014,RBN,LF3,TRUE,NutBrush,LF,0,0,0,0,0,0,0,0,1,0,0,0,0,0,0,0,4,0
LF3_RBN11,41,Nov,2015,RBN,LF3,TRUE,NutBrush,LF,0,0,0,0,0,0,0,0,0,0,0,0,0,0,0,0,3,0
LF3_RBN12,42,Aug,2013,RBN,LF3,TRUE,NutBrush,LF,0,0,0,0,0,0,0,0,0,0,0,0,0,0,0,0,0,0
LF3_RBN12,42,Aug,2014,RBN,LF3,TRUE,NutBrush,LF,0,0,0,1,0,0,0,0,0,0,0,0,0,0,0,0,8,0
LF3_RBN12,42,Aug,2015,RBN,LF3,TRUE,NutBrush,LF,0,0,0,1,0,0,0,0,1,0,0,0,0,0,0,0,7,1
LF3_RBN12,42,Nov,2013,RBN,LF3,TRUE,NutBrush,LF,0,0,0,0,0,0,0,0,0,0,0,0,0,0,0,0,0,0
LF3_RBN12,42,Nov,2014,RBN,LF3,TRUE,NutBrush,LF,0,0,0,0,0,0,0,0,0,0,0,0,0,0,0,0,0,0
LF3_RBN12,42,Nov,2015,RBN,LF3,TRUE,NutBrush,LF,0,0,0,1,0,0,0,0,3,0,0,0,0,0,0,0,7,1
LF3_RBN13,43,Aug,2013,RBN,LF3,TRUE,NutBrush,LF,0,0,0,0,0,0,0,0,0,0,0,0,0,0,0,0,0,0
LF3_RBN13,43,Aug,2014,RBN,LF3,TRUE,NutBrush,LF,0,0,0,1,0,1,0,0,1,0,1,0,0,0,0,0,0,0
LF3_RBN13,43,Aug,2015,RBN,LF3,TRUE,NutBrush,LF,0,0,0,1,0,1,0,0,1,0,1,0,0,0,0,0,2,0
LF3_RBN13,43,Nov,2013,RBN,LF3,TRUE,NutBrush,LF,0,0,0,0,0,0,0,0,0,0,0,0,0,0,0,0,0,0
LF3_RBN13,43,Nov,2014,RBN,LF3,TRUE,NutBrush,LF,0,0,1,0,0,1,0,0,7,0,0,0,0,0,0,0,1,0
LF3_RBN13,43,Nov,2015,RBN,LF3,TRUE,NutBrush,LF,0,0,1,1,0,1,0,0,3,0,1,0,0,0,0,0,2,0
LF3_RBN14,44,Aug,2013,RBN,LF3,TRUE,NutBrush,LF,0,0,0,0,0,0,0,0,0,0,0,0,0,0,0,0,0,0
LF3_RBN14,44,Aug,2014,RBN,LF3,TRUE,NutBrush,LF,0,1,0,0,0,0,0,0,0,1,1,0,0,0,0,0,5,0
LF3_RBN14,44,Aug,2015,RBN,LF3,TRUE,NutBrush,LF,0,1,0,1,0,0,0,0,0,1,0,0,0,0,0,0,5,0
LF3_RBN14,44,Nov,2013,RBN,LF3,TRUE,NutBrush,LF,0,0,0,0,0,0,0,0,0,0,0,0,0,0,0,0,0,0
LF3_RBN14,44,Nov,2014,RBN,LF3,TRUE,NutBrush,LF,0,1,0,0,0,0,0,0,1,0,1,0,0,0,0,0,5,0
LF3_RBN14,44,Nov,2015,RBN,LF3,TRUE,NutBrush,LF,0,1,0,1,0,0,0,0,0,0,1,0,1,0,0,0,3,0
LF3_RBN15,45,Aug,2013,RBN,LF3,TRUE,NutBrush,LF,0,0,0,0,0,0,0,0,0,0,0,2,0,0,0,0,0,0
LF3_RBN15,45,Aug,2014,RBN,LF3,TRUE,NutBrush,LF,0,0,1,0,0,0,0,0,2,0,0,0,0,0,0,0,2,0
LF3_RBN15,45,Aug,2015,RBN,LF3,TRUE,NutBrush,LF,0,0,0,0,0,0,0,0,4,0,0,0,0,0,0,0,4,0
LF3_RBN15,45,Nov,2013,RBN,LF3,TRUE,NutBrush,LF,0,0,0,0,0,0,0,0,0,0,0,1,0,0,0,0,0,0
LF3_RBN15,45,Nov,2014,RBN,LF3,TRUE,NutBrush,LF,0,0,0,0,0,0,0,0,6,0,0,0,0,0,0,0,3,0
LF3_RBN15,45,Nov,2015,RBN,LF3,TRUE,NutBrush,LF,0,0,0,0,0,0,0,0,1,0,0,0,0,0,0,0,3,0
LF3_RBN2,32,Aug,2013,RBN,LF3,TRUE,NutBrush,LF,0,2,0,0,0,0,0,0,0,0,0,1,0,0,0,0,0,0
LF3_RBN2,32,Aug,2014,RBN,LF3,TRUE,NutBrush,LF,0,0,0,0,0,0,0,0,0,0,0,0,0,0,0,0,0,0
LF3_RBN2,32,Aug,2015,RBN,LF3,TRUE,NutBrush,LF,0,0,0,0,0,0,0,0,2,0,0,0,0,0,0,0,0,0
LF3_RBN2,32,Nov,2013,RBN,LF3,TRUE,NutBrush,LF,0,4,0,0,0,0,0,0,0,0,0,0,0,0,0,0,0,0
LF3_RBN2,32,Nov,2014,RBN,LF3,TRUE,NutBrush,LF,0,1,0,0,0,0,0,0,4,0,0,0,0,0,0,0,0,1
LF3_RBN2,32,Nov,2015,RBN,LF3,TRUE,NutBrush,LF,0,0,0,0,0,0,0,0,0,0,0,0,0,0,0,0,0,0
LF3_RBN3,33,Aug,2013,RBN,LF3,TRUE,NutBrush,LF,0,2,0,0,0,0,0,0,0,0,0,0,0,0,0,0,0,1
LF3_RBN3,33,Aug,2014,RBN,LF3,TRUE,NutBrush,LF,0,0,0,0,0,0,0,0,0,0,0,0,0,0,0,0,0,0
LF3_RBN3,33,Aug,2015,RBN,LF3,TRUE,NutBrush,LF,0,0,0,0,0,0,0,0,0,0,0,0,0,0,0,0,2,0
LF3_RBN3,33,Nov,2013,RBN,LF3,TRUE,NutBrush,LF,0,0,0,0,0,0,0,0,0,0,0,1,0,0,0,0,0,0
LF3_RBN3,33,Nov,2014,RBN,LF3,TRUE,NutBrush,LF,0,0,0,0,0,0,0,0,0,0,0,0,0,0,0,0,1,1
LF3_RBN3,33,Nov,2015,RBN,LF3,TRUE,NutBrush,LF,0,0,0,0,0,0,0,0,0,0,0,0,0,0,0,0,2,0
LF3_RBN4,34,Aug,2013,RBN,LF3,TRUE,NutBrush,LF,0,0,0,0,0,0,0,0,0,0,0,0,0,0,0,0,0,0
LF3_RBN4,34,Aug,2014,RBN,LF3,TRUE,NutBrush,LF,0,0,0,0,0,0,0,0,0,0,0,0,0,0,0,0,4,0
LF3_RBN4,34,Aug,2015,RBN,LF3,TRUE,NutBrush,LF,0,1,0,1,0,0,0,0,0,0,1,0,0,0,0,0,6,0
LF3_RBN4,34,Nov,2013,RBN,LF3,TRUE,NutBrush,LF,0,1,0,0,0,0,0,0,0,0,0,0,0,0,0,0,0,0
LF3_RBN4,34,Nov,2014,RBN,LF3,TRUE,NutBrush,LF,0,1,0,0,0,0,0,0,7,0,0,0,0,0,0,0,6,0
LF3_RBN4,34,Nov,2015,RBN,LF3,TRUE,NutBrush,LF,0,1,0,2,0,0,0,0,2,0,1,0,0,0,0,0,5,0
LF3_RBN5,35,Aug,2013,RBN,LF3,TRUE,NutBrush,LF,0,0,0,0,0,0,0,0,0,0,0,0,0,0,0,0,0,0
LF3_RBN5,35,Aug,2014,RBN,LF3,TRUE,NutBrush,LF,0,0,0,0,0,0,0,0,1,0,0,0,0,0,0,0,4,0
LF3_RBN5,35,Aug,2015,RBN,LF3,TRUE,NutBrush,LF,0,0,0,0,0,0,0,0,2,0,0,0,0,0,0,0,5,0
LF3_RBN5,35,Nov,2013,RBN,LF3,TRUE,NutBrush,LF,0,0,0,0,0,0,0,0,0,0,0,1,0,0,0,0,0,0
LF3_RBN5,35,Nov,2014,RBN,LF3,TRUE,NutBrush,LF,0,0,0,0,0,0,0,0,4,0,0,1,0,0,0,0,2,0
LF3_RBN5,35,Nov,2015,RBN,LF3,TRUE,NutBrush,LF,0,0,0,1,0,0,0,0,0,0,0,0,0,0,0,0,4,0
LF3_RBN6,36,Aug,2013,RBN,LF3,TRUE,NutBrush,LF,0,1,0,0,0,0,0,0,0,0,0,0,0,0,0,0,0,0
LF3_RBN6,36,Aug,2014,RBN,LF3,TRUE,NutBrush,LF,0,1,0,0,0,0,0,0,1,0,0,0,0,0,0,0,0,1
LF3_RBN6,36,Aug,2015,RBN,LF3,TRUE,NutBrush,LF,0,1,0,0,0,0,0,0,1,0,0,0,0,0,0,0,1,1
LF3_RBN6,36,Nov,2013,RBN,LF3,TRUE,NutBrush,LF,0,1,0,0,0,0,0,0,0,0,0,0,0,0,0,0,0,2
LF3_RBN6,36,Nov,2014,RBN,LF3,TRUE,NutBrush,LF,0,1,0,0,0,0,0,0,1,0,0,0,0,0,0,0,0,0
LF3_RBN6,36,Nov,2015,RBN,LF3,TRUE,NutBrush,LF,0,0,0,0,0,0,0,0,1,0,0,0,0,0,0,0,1,0
LF3_RBN7,37,Aug,2013,RBN,LF3,TRUE,NutBrush,LF,0,0,0,0,0,0,0,0,0,0,0,1,0,0,0,0,0,0
LF3_RBN7,37,Aug,2014,RBN,LF3,TRUE,NutBrush,LF,0,0,0,3,0,0,0,0,0,2,0,0,0,0,0,0,2,1
LF3_RBN7,37,Aug,2015,RBN,LF3,TRUE,NutBrush,LF,0,0,0,4,0,0,0,0,1,0,0,0,0,0,0,0,3,1
LF3_RBN7,37,Nov,2013,RBN,LF3,TRUE,NutBrush,LF,0,0,0,0,0,0,0,0,0,0,0,1,0,0,0,0,0,1
LF3_RBN7,37,Nov,2014,RBN,LF3,TRUE,NutBrush,LF,0,0,0,4,0,0,0,0,1,2,0,0,1,0,0,0,1,0
LF3_RBN7,37,Nov,2015,RBN,LF3,TRUE,NutBrush,LF,0,0,0,4,0,0,0,0,1,0,0,0,0,0,0,0,3,1
LF3_RBN8,38,Aug,2013,RBN,LF3,TRUE,NutBrush,LF,0,5,0,0,0,0,0,0,0,0,0,0,0,0,0,0,0,0
LF3_RBN8,38,Aug,2014,RBN,LF3,TRUE,NutBrush,LF,0,1,0,0,0,0,0,0,2,0,0,0,0,0,0,0,4,0
LF3_RBN8,38,Aug,2015,RBN,LF3,TRUE,NutBrush,LF,0,0,0,0,0,0,0,0,0,0,0,0,0,0,0,0,6,0
LF3_RBN8,38,Nov,2013,RBN,LF3,TRUE,NutBrush,LF,0,3,0,0,0,0,0,0,0,0,0,0,0,0,0,0,0,0
LF3_RBN8,38,Nov,2014,RBN,LF3,TRUE,NutBrush,LF,0,1,0,0,0,0,0,0,0,0,0,0,0,0,0,0,5,0
LF3_RBN8,38,Nov,2015,RBN,LF3,TRUE,NutBrush,LF,0,0,0,0,0,0,0,0,0,0,0,0,0,0,0,0,4,0
LF3_RBN9,39,Aug,2013,RBN,LF3,TRUE,NutBrush,LF,0,0,0,0,0,0,0,0,0,0,0,1,0,0,0,0,0,0
LF3_RBN9,39,Aug,2014,RBN,LF3,TRUE,NutBrush,LF,0,0,0,0,0,0,0,0,0,0,0,0,0,0,0,0,3,0
LF3_RBN9,39,Aug,2015,RBN,LF3,TRUE,NutBrush,LF,0,0,0,0,0,0,0,0,1,0,0,0,0,0,0,0,3,0
LF3_RBN9,39,Nov,2013,RBN,LF3,TRUE,NutBrush,LF,0,0,0,0,0,0,0,0,0,0,0,1,0,0,0,0,0,0
LF3_RBN9,39,Nov,2014,RBN,LF3,TRUE,NutBrush,LF,0,0,0,0,0,0,0,0,2,0,0,0,0,0,0,0,4,0
LF3_RBN9,39,Nov,2015,RBN,LF3,TRUE,NutBrush,LF,0,0,0,0,0,0,0,0,1,0,0,0,0,0,0,0,2,0
LF1_RBOX1,1,Aug,2013,RBOX,LF1,TRUE,Box,LF,0,0,0,0,0,0,0,0,0,0,0,0,0,0,0,0,0,0
LF1_RBOX1,1,Aug,2014,RBOX,LF1,TRUE,Box,LF,0,0,0,0,0,0,0,0,3,0,0,0,0,0,0,0,0,0
LF1_RBOX1,1,Aug,2015,RBOX,LF1,TRUE,Box,LF,0,0,0,0,0,0,0,0,2,0,0,0,0,0,0,0,0,0
LF1_RBOX1,1,Nov,2013,RBOX,LF1,TRUE,Box,LF,0,0,0,0,0,0,0,0,0,0,0,0,0,0,0,0,0,0
LF1_RBOX1,1,Nov,2014,RBOX,LF1,TRUE,Box,LF,0,0,0,0,0,0,0,0,3,0,0,0,0,0,0,0,0,0
LF1_RBOX1,1,Nov,2015,RBOX,LF1,TRUE,Box,LF,0,0,0,0,0,0,0,0,2,0,0,0,0,0,0,0,0,0
LF1_RBOX10,10,Aug,2013,RBOX,LF1,TRUE,Box,LF,0,0,0,0,0,0,0,0,0,0,0,0,0,0,0,0,0,0
LF1_RBOX10,10,Aug,2014,RBOX,LF1,TRUE,Box,LF,0,0,0,0,0,0,0,0,4,0,0,0,0,0,0,0,0,0
LF1_RBOX10,10,Aug,2015,RBOX,LF1,TRUE,Box,LF,0,0,0,0,0,0,0,0,3,0,0,0,0,0,0,0,0,0
LF1_RBOX10,10,Nov,2013,RBOX,LF1,TRUE,Box,LF,0,0,0,0,0,0,0,0,0,0,0,0,0,0,0,0,0,0
LF1_RBOX10,10,Nov,2014,RBOX,LF1,TRUE,Box,LF,0,0,0,0,0,0,0,0,3,0,0,0,0,0,0,0,0,0
LF1_RBOX10,10,Nov,2015,RBOX,LF1,TRUE,Box,LF,0,0,0,0,0,0,0,0,3,0,0,0,0,0,0,0,0,0
LF1_RBOX11,11,Aug,2013,RBOX,LF1,TRUE,Box,LF,0,0,0,0,0,0,0,0,0,0,0,0,0,0,0,0,0,1
LF1_RBOX11,11,Aug,2014,RBOX,LF1,TRUE,Box,LF,0,0,0,0,0,0,0,0,1,0,0,0,0,0,0,0,3,3
LF1_RBOX11,11,Aug,2015,RBOX,LF1,TRUE,Box,LF,0,0,0,0,0,0,0,0,0,0,0,0,0,0,0,0,3,2
LF1_RBOX11,11,Nov,2013,RBOX,LF1,TRUE,Box,LF,0,0,0,0,0,0,0,0,0,0,0,0,0,0,0,0,0,2
LF1_RBOX11,11,Nov,2014,RBOX,LF1,TRUE,Box,LF,0,0,0,0,0,0,0,0,2,0,0,0,0,0,0,0,4,2
LF1_RBOX11,11,Nov,2015,RBOX,LF1,TRUE,Box,LF,0,0,0,0,0,0,0,0,0,0,0,0,0,0,0,0,3,2
LF1_RBOX12,12,Aug,2013,RBOX,LF1,TRUE,Box,LF,0,0,0,0,0,0,0,0,0,0,0,1,0,0,0,0,0,0
LF1_RBOX12,12,Aug,2014,RBOX,LF1,TRUE,Box,LF,0,0,0,0,0,0,0,0,0,0,1,0,0,0,0,0,0,0
LF1_RBOX12,12,Aug,2015,RBOX,LF1,TRUE,Box,LF,0,0,0,0,0,0,0,0,0,0,1,0,0,0,0,0,0,0
LF1_RBOX12,12,Nov,2013,RBOX,LF1,TRUE,Box,LF,0,0,0,0,0,0,0,0,0,0,0,0,0,0,0,0,0,0
LF1_RBOX12,12,Nov,2014,RBOX,LF1,TRUE,Box,LF,0,0,0,0,0,0,0,0,0,0,1,0,0,0,0,0,0,0
LF1_RBOX12,12,Nov,2015,RBOX,LF1,TRUE,Box,LF,0,0,0,0,0,0,0,0,0,0,1,0,0,0,0,0,0,0
LF1_RBOX13,13,Aug,2013,RBOX,LF1,TRUE,Box,LF,0,0,0,0,0,0,0,0,0,0,0,0,0,0,0,0,0,0
LF1_RBOX13,13,Aug,2014,RBOX,LF1,TRUE,Box,LF,0,0,0,0,0,0,0,0,0,0,0,0,0,0,0,0,0,0
LF1_RBOX13,13,Aug,2015,RBOX,LF1,TRUE,Box,LF,0,0,0,0,0,0,0,0,0,0,0,0,0,0,0,0,0,1
LF1_RBOX13,13,Nov,2013,RBOX,LF1,TRUE,Box,LF,0,0,0,0,0,0,0,0,0,0,0,0,0,0,0,0,0,1
LF1_RBOX13,13,Nov,2014,RBOX,LF1,TRUE,Box,LF,0,6,0,0,0,0,0,0,1,0,0,0,0,0,0,0,2,0
LF1_RBOX13,13,Nov,2015,RBOX,LF1,TRUE,Box,LF,0,0,0,0,0,0,0,0,1,0,0,0,0,0,0,0,0,1
LF1_RBOX14,14,Aug,2013,RBOX,LF1,TRUE,Box,LF,0,0,0,0,0,0,0,0,0,0,0,1,0,0,0,0,0,0
LF1_RBOX14,14,Aug,2014,RBOX,LF1,TRUE,Box,LF,0,0,1,0,0,0,0,0,0,0,0,0,0,0,0,0,0,0
LF1_RBOX14,14,Aug,2015,RBOX,LF1,TRUE,Box,LF,0,0,0,0,0,0,0,0,1,0,0,0,0,0,0,0,0,0
LF1_RBOX14,14,Nov,2013,RBOX,LF1,TRUE,Box,LF,0,0,0,0,0,0,0,0,0,0,0,0,0,0,0,0,0,0
LF1_RBOX14,14,Nov,2014,RBOX,LF1,TRUE,Box,LF,0,0,1,0,0,0,0,0,1,0,0,0,0,0,0,0,0,0
LF1_RBOX14,14,Nov,2015,RBOX,LF1,TRUE,Box,LF,0,0,0,0,0,0,0,0,0,0,0,0,0,0,0,0,0,0
LF1_RBOX15,15,Aug,2013,RBOX,LF1,TRUE,Box,LF,0,0,0,0,0,0,0,0,0,0,0,0,0,0,0,0,0,0
LF1_RBOX15,15,Aug,2014,RBOX,LF1,TRUE,Box,LF,0,0,0,0,0,0,0,0,3,0,2,0,0,0,0,0,1,1
LF1_RBOX15,15,Aug,2015,RBOX,LF1,TRUE,Box,LF,0,0,0,0,0,0,0,0,0,0,1,0,0,0,0,0,1,0
LF1_RBOX15,15,Nov,2013,RBOX,LF1,TRUE,Box,LF,0,0,0,0,0,0,0,0,0,0,0,0,0,0,0,0,0,0
LF1_RBOX15,15,Nov,2014,RBOX,LF1,TRUE,Box,LF,0,0,0,0,0,0,0,0,5,0,1,0,0,0,0,0,1,0
LF1_RBOX15,15,Nov,2015,RBOX,LF1,TRUE,Box,LF,0,0,0,0,0,0,0,0,0,0,1,0,0,0,0,0,1,0
LF1_RBOX2,2,Aug,2013,RBOX,LF1,TRUE,Box,LF,0,0,0,0,0,0,0,0,0,0,0,0,0,0,0,0,0,0
LF1_RBOX2,2,Aug,2014,RBOX,LF1,TRUE,Box,LF,0,0,0,2,0,0,0,0,3,0,0,0,0,0,0,0,0,0
LF1_RBOX2,2,Aug,2015,RBOX,LF1,TRUE,Box,LF,0,0,1,1,0,0,0,0,2,0,0,0,0,0,0,0,0,1
LF1_RBOX2,2,Nov,2013,RBOX,LF1,TRUE,Box,LF,0,0,1,0,0,0,0,0,0,0,0,0,0,0,0,0,0,0
LF1_RBOX2,2,Nov,2014,RBOX,LF1,TRUE,Box,LF,0,0,1,1,0,0,0,0,2,0,0,0,0,0,0,0,0,0
LF1_RBOX2,2,Nov,2015,RBOX,LF1,TRUE,Box,LF,0,0,2,1,0,0,0,0,2,0,0,0,0,0,0,0,0,1
LF1_RBOX3,3,Aug,2013,RBOX,LF1,TRUE,Box,LF,0,0,0,0,0,0,0,0,0,0,0,0,0,0,0,0,0,0
LF1_RBOX3,3,Aug,2014,RBOX,LF1,TRUE,Box,LF,0,0,0,0,0,0,0,0,2,0,0,0,0,0,0,0,0,0
LF1_RBOX3,3,Aug,2015,RBOX,LF1,TRUE,Box,LF,0,0,0,0,0,0,0,0,3,0,0,0,0,0,0,0,0,0
LF1_RBOX3,3,Nov,2013,RBOX,LF1,TRUE,Box,LF,0,0,0,0,0,0,0,0,0,0,0,0,0,0,0,0,0,0
LF1_RBOX3,3,Nov,2014,RBOX,LF1,TRUE,Box,LF,0,0,0,0,0,0,0,0,3,0,0,0,0,0,0,0,0,0
LF1_RBOX3,3,Nov,2015,RBOX,LF1,TRUE,Box,LF,0,0,0,0,0,0,0,0,3,0,0,0,0,0,0,0,0,0
LF1_RBOX4,4,Aug,2013,RBOX,LF1,TRUE,Box,LF,0,0,0,0,0,0,0,0,0,0,0,0,0,0,0,0,0,0
LF1_RBOX4,4,Aug,2014,RBOX,LF1,TRUE,Box,LF,0,0,0,0,0,0,0,0,3,0,1,0,0,0,0,0,0,0
LF1_RBOX4,4,Aug,2015,RBOX,LF1,TRUE,Box,LF,0,0,0,0,0,0,0,0,3,0,2,0,0,0,0,0,0,0
LF1_RBOX4,4,Nov,2013,RBOX,LF1,TRUE,Box,LF,0,0,0,0,0,0,0,0,0,0,0,0,0,0,0,0,0,0
LF1_RBOX4,4,Nov,2014,RBOX,LF1,TRUE,Box,LF,0,0,0,0,0,0,0,0,3,0,2,0,0,0,0,0,0,0
LF1_RBOX4,4,Nov,2015,RBOX,LF1,TRUE,Box,LF,0,0,0,0,0,0,0,0,3,0,1,0,0,0,0,0,0,0
LF1_RBOX5,5,Aug,2013,RBOX,LF1,TRUE,Box,LF,0,0,0,0,0,0,0,0,0,0,0,2,0,0,0,0,0,0
LF1_RBOX5,5,Aug,2014,RBOX,LF1,TRUE,Box,LF,0,0,0,0,0,0,0,0,2,0,0,0,0,0,0,0,4,0
LF1_RBOX5,5,Aug,2015,RBOX,LF1,TRUE,Box,LF,0,0,0,0,0,0,0,0,1,0,0,0,0,0,0,0,0,0
LF1_RBOX5,5,Nov,2013,RBOX,LF1,TRUE,Box,LF,0,0,0,0,0,0,0,0,0,0,0,0,0,0,0,0,0,0
LF1_RBOX5,5,Nov,2014,RBOX,LF1,TRUE,Box,LF,0,0,0,1,0,0,0,0,2,0,0,0,0,0,0,0,4,0
LF1_RBOX5,5,Nov,2015,RBOX,LF1,TRUE,Box,LF,0,0,0,0,0,0,0,0,0,0,0,0,0,0,0,0,2,0
LF1_RBOX6,6,Aug,2013,RBOX,LF1,TRUE,Box,LF,0,0,0,0,0,0,0,0,0,0,0,0,0,0,0,0,0,0
LF1_RBOX6,6,Aug,2014,RBOX,LF1,TRUE,Box,LF,0,0,0,0,0,0,0,0,1,0,2,0,0,0,0,0,0,0
LF1_RBOX6,6,Aug,2015,RBOX,LF1,TRUE,Box,LF,0,0,0,0,0,0,0,0,2,0,1,0,0,0,0,0,0,0
LF1_RBOX6,6,Nov,2013,RBOX,LF1,TRUE,Box,LF,0,0,0,0,0,0,0,0,0,0,0,0,0,0,0,0,0,0
LF1_RBOX6,6,Nov,2014,RBOX,LF1,TRUE,Box,LF,0,0,0,0,0,0,0,0,2,0,2,0,0,0,0,0,0,0
LF1_RBOX6,6,Nov,2015,RBOX,LF1,TRUE,Box,LF,0,0,0,0,0,0,0,0,0,0,2,0,0,0,0,0,0,0
LF1_RBOX7,7,Aug,2013,RBOX,LF1,TRUE,Box,LF,0,0,0,0,0,0,0,0,0,0,0,0,0,0,0,0,0,0
LF1_RBOX7,7,Aug,2014,RBOX,LF1,TRUE,Box,LF,0,0,0,0,0,0,0,0,0,0,0,0,0,0,0,0,0,0
LF1_RBOX7,7,Aug,2015,RBOX,LF1,TRUE,Box,LF,0,0,0,0,0,0,0,0,0,0,0,0,0,0,0,0,0,0
LF1_RBOX7,7,Nov,2013,RBOX,LF1,TRUE,Box,LF,0,0,0,0,0,0,0,0,0,0,0,0,0,0,0,0,0,0
LF1_RBOX7,7,Nov,2014,RBOX,LF1,TRUE,Box,LF,0,2,0,1,0,0,0,0,0,0,0,0,0,0,0,0,2,0
LF1_RBOX7,7,Nov,2015,RBOX,LF1,TRUE,Box,LF,0,0,0,0,0,0,0,0,2,0,0,0,0,0,0,0,1,0
LF1_RBOX8,8,Aug,2013,RBOX,LF1,TRUE,Box,LF,0,0,0,0,0,0,0,0,0,0,0,0,0,0,0,0,0,0
LF1_RBOX8,8,Aug,2014,RBOX,LF1,TRUE,Box,LF,0,0,0,0,0,0,0,0,0,0,0,0,0,0,0,0,0,0
LF1_RBOX8,8,Aug,2015,RBOX,LF1,TRUE,Box,LF,0,0,0,0,0,0,0,0,0,0,0,0,0,0,0,0,0,0
LF1_RBOX8,8,Nov,2013,RBOX,LF1,TRUE,Box,LF,0,0,0,0,0,0,0,0,0,0,0,0,0,0,0,0,0,0
LF1_RBOX8,8,Nov,2014,RBOX,LF1,TRUE,Box,LF,0,0,0,0,0,0,0,0,0,0,0,0,0,0,0,0,0,0
LF1_RBOX8,8,Nov,2015,RBOX,LF1,TRUE,Box,LF,0,0,0,0,0,0,0,0,0,0,0,0,0,0,0,0,0,0
LF1_RBOX9,9,Aug,2013,RBOX,LF1,TRUE,Box,LF,0,0,0,0,0,0,0,0,0,0,0,0,0,0,0,0,0,0
LF1_RBOX9,9,Aug,2014,RBOX,LF1,TRUE,Box,LF,0,0,0,0,0,0,0,0,3,0,2,0,0,0,0,0,1,0
LF1_RBOX9,9,Aug,2015,RBOX,LF1,TRUE,Box,LF,0,0,0,0,0,0,0,0,1,0,1,0,0,0,0,0,0,1
LF1_RBOX9,9,Nov,2013,RBOX,LF1,TRUE,Box,LF,0,0,0,0,0,0,0,0,0,0,0,0,0,0,0,0,0,0
LF1_RBOX9,9,Nov,2014,RBOX,LF1,TRUE,Box,LF,0,0,0,0,0,0,0,0,2,0,2,0,0,0,0,0,1,1
LF1_RBOX9,9,Nov,2015,RBOX,LF1,TRUE,Box,LF,0,0,0,0,0,0,0,0,1,0,1,0,0,0,0,0,1,1
LF2_RBOX1,16,Aug,2013,RBOX,LF2,TRUE,Box,LF,0,0,0,0,0,0,0,0,0,0,0,0,0,0,0,0,0,0
LF2_RBOX1,16,Aug,2014,RBOX,LF2,TRUE,Box,LF,0,0,0,0,0,0,0,0,0,0,0,0,0,0,0,0,1,0
LF2_RBOX1,16,Aug,2015,RBOX,LF2,TRUE,Box,LF,0,0,0,0,0,0,0,0,6,0,0,0,0,0,0,0,1,1
LF2_RBOX1,16,Nov,2013,RBOX,LF2,TRUE,Box,LF,0,0,0,0,0,0,0,0,0,0,0,0,0,0,0,0,0,0
LF2_RBOX1,16,Nov,2014,RBOX,LF2,TRUE,Box,LF,0,0,0,0,0,0,0,0,5,0,0,0,0,0,0,0,1,0
LF2_RBOX1,16,Nov,2015,RBOX,LF2,TRUE,Box,LF,0,0,0,0,0,0,0,0,4,0,0,0,0,0,0,0,1,1
LF2_RBOX10,25,Aug,2013,RBOX,LF2,TRUE,Box,LF,0,0,0,0,0,0,0,0,0,0,0,0,0,0,0,0,0,0
LF2_RBOX10,25,Aug,2014,RBOX,LF2,TRUE,Box,LF,0,0,0,0,0,0,0,0,0,0,0,0,0,0,0,0,0,0
LF2_RBOX10,25,Aug,2015,RBOX,LF2,TRUE,Box,LF,0,0,0,0,0,0,0,0,2,0,0,0,0,0,0,0,2,0
LF2_RBOX10,25,Nov,2013,RBOX,LF2,TRUE,Box,LF,0,0,0,0,0,0,0,0,0,0,0,0,0,0,0,0,0,0
LF2_RBOX10,25,Nov,2014,RBOX,LF2,TRUE,Box,LF,0,0,0,0,0,0,0,0,5,0,0,0,0,0,0,0,3,0
LF2_RBOX10,25,Nov,2015,RBOX,LF2,TRUE,Box,LF,0,0,0,0,0,0,0,0,1,0,0,0,0,0,0,0,2,0
LF2_RBOX11,26,Aug,2013,RBOX,LF2,TRUE,Box,LF,0,0,0,0,0,0,0,0,0,0,0,0,0,0,0,0,0,0
LF2_RBOX11,26,Aug,2014,RBOX,LF2,TRUE,Box,LF,0,0,0,0,0,0,0,0,0,0,0,0,0,0,0,0,0,0
LF2_RBOX11,26,Aug,2015,RBOX,LF2,TRUE,Box,LF,0,0,0,0,0,0,0,0,0,0,0,0,0,0,0,0,0,0
LF2_RBOX11,26,Nov,2013,RBOX,LF2,TRUE,Box,LF,0,0,0,0,0,0,0,0,0,0,0,0,0,0,0,0,0,0
LF2_RBOX11,26,Nov,2014,RBOX,LF2,TRUE,Box,LF,0,0,0,0,1,0,0,0,0,0,0,0,0,0,0,0,0,1
LF2_RBOX11,26,Nov,2015,RBOX,LF2,TRUE,Box,LF,0,0,0,0,0,0,0,0,0,0,0,0,0,0,0,0,0,0
LF2_RBOX12,27,Aug,2013,RBOX,LF2,TRUE,Box,LF,0,0,0,0,0,0,0,0,0,0,0,0,0,0,0,0,0,0
LF2_RBOX12,27,Aug,2014,RBOX,LF2,TRUE,Box,LF,0,0,0,0,0,0,0,0,0,0,0,0,0,0,0,0,0,0
LF2_RBOX12,27,Aug,2015,RBOX,LF2,TRUE,Box,LF,0,0,0,0,0,0,0,0,3,0,0,0,0,0,0,0,0,0
LF2_RBOX12,27,Nov,2013,RBOX,LF2,TRUE,Box,LF,0,0,0,0,0,0,0,0,0,0,0,0,0,0,0,0,0,0
LF2_RBOX12,27,Nov,2014,RBOX,LF2,TRUE,Box,LF,0,1,0,1,0,0,0,0,3,0,0,0,0,0,0,0,0,0
LF2_RBOX12,27,Nov,2015,RBOX,LF2,TRUE,Box,LF,0,0,0,2,0,0,0,0,3,0,0,0,0,0,0,0,0,0
LF2_RBOX13,28,Aug,2013,RBOX,LF2,TRUE,Box,LF,0,0,0,0,0,0,0,0,0,0,0,0,0,0,0,0,0,0
LF2_RBOX13,28,Aug,2014,RBOX,LF2,TRUE,Box,LF,0,0,0,0,0,0,0,0,0,0,0,0,0,0,0,0,0,0
LF2_RBOX13,28,Aug,2015,RBOX,LF2,TRUE,Box,LF,0,0,0,0,0,0,0,0,0,0,0,0,0,0,0,0,1,0
LF2_RBOX13,28,Nov,2013,RBOX,LF2,TRUE,Box,LF,0,0,0,0,0,0,0,0,0,0,0,0,0,0,0,0,0,0
LF2_RBOX13,28,Nov,2014,RBOX,LF2,TRUE,Box,LF,0,0,0,0,0,0,0,0,0,0,0,0,0,0,0,0,0,0
LF2_RBOX13,28,Nov,2015,RBOX,LF2,TRUE,Box,LF,0,0,0,2,0,0,0,0,1,0,0,0,0,0,0,0,1,0
LF2_RBOX14,29,Aug,2013,RBOX,LF2,TRUE,Box,LF,0,0,0,0,0,0,0,0,0,0,0,0,0,0,0,0,0,0
LF2_RBOX14,29,Aug,2014,RBOX,LF2,TRUE,Box,LF,0,0,0,0,0,0,0,0,0,0,0,0,0,0,0,0,0,0
LF2_RBOX14,29,Aug,2015,RBOX,LF2,TRUE,Box,LF,0,0,0,0,0,0,0,0,0,0,1,0,0,0,0,0,1,0
LF2_RBOX14,29,Nov,2013,RBOX,LF2,TRUE,Box,LF,0,0,0,0,0,0,0,0,0,0,0,0,0,0,0,0,0,0
LF2_RBOX14,29,Nov,2014,RBOX,LF2,TRUE,Box,LF,0,0,0,0,0,0,0,0,2,0,2,0,0,0,0,0,1,0
LF2_RBOX14,29,Nov,2015,RBOX,LF2,TRUE,Box,LF,0,0,0,0,0,0,0,0,1,0,1,0,0,0,0,0,1,0
LF2_RBOX15,30,Aug,2013,RBOX,LF2,TRUE,Box,LF,0,0,0,0,0,0,0,0,0,0,0,0,0,0,0,0,0,0
LF2_RBOX15,30,Aug,2014,RBOX,LF2,TRUE,Box,LF,0,0,0,0,0,0,0,0,0,0,1,0,0,0,0,0,0,0
LF2_RBOX15,30,Aug,2015,RBOX,LF2,TRUE,Box,LF,0,0,0,0,0,0,0,0,0,0,1,0,0,0,0,0,0,0
LF2_RBOX15,30,Nov,2013,RBOX,LF2,TRUE,Box,LF,0,0,0,0,0,0,0,0,0,0,0,0,0,0,0,0,0,0
LF2_RBOX15,30,Nov,2014,RBOX,LF2,TRUE,Box,LF,0,0,0,0,0,0,0,0,0,0,1,0,0,0,0,0,0,0
LF2_RBOX15,30,Nov,2015,RBOX,LF2,TRUE,Box,LF,0,0,0,0,0,0,0,0,0,0,1,0,0,0,0,0,0,0
LF2_RBOX2,17,Aug,2013,RBOX,LF2,TRUE,Box,LF,0,0,0,0,0,0,0,0,0,0,0,0,0,0,0,0,0,0
LF2_RBOX2,17,Aug,2014,RBOX,LF2,TRUE,Box,LF,0,0,0,0,0,0,0,0,0,0,0,0,0,0,0,0,0,0
LF2_RBOX2,17,Aug,2015,RBOX,LF2,TRUE,Box,LF,0,0,0,1,0,0,0,0,3,0,0,0,0,0,0,0,3,0
LF2_RBOX2,17,Nov,2013,RBOX,LF2,TRUE,Box,LF,0,0,0,0,0,0,0,0,0,0,0,0,0,0,0,0,0,0
LF2_RBOX2,17,Nov,2014,RBOX,LF2,TRUE,Box,LF,0,0,0,0,0,0,0,0,3,0,0,0,0,0,0,0,0,0
LF2_RBOX2,17,Nov,2015,RBOX,LF2,TRUE,Box,LF,0,0,0,1,0,0,0,0,1,0,0,0,0,0,0,0,3,0
LF2_RBOX3,18,Aug,2013,RBOX,LF2,TRUE,Box,LF,0,0,0,0,0,0,0,0,0,0,0,0,0,0,0,0,0,2
LF2_RBOX3,18,Aug,2014,RBOX,LF2,TRUE,Box,LF,0,0,0,1,0,0,0,0,0,0,1,0,0,0,0,0,6,2
LF2_RBOX3,18,Aug,2015,RBOX,LF2,TRUE,Box,LF,0,0,0,1,0,0,0,0,5,0,0,0,0,0,0,0,5,2
LF2_RBOX3,18,Nov,2013,RBOX,LF2,TRUE,Box,LF,0,0,0,0,0,0,0,0,0,0,0,0,0,0,0,0,0,1
LF2_RBOX3,18,Nov,2014,RBOX,LF2,TRUE,Box,LF,0,0,0,1,0,0,0,0,4,0,1,0,0,0,0,0,5,2
LF2_RBOX3,18,Nov,2015,RBOX,LF2,TRUE,Box,LF,0,0,0,1,0,0,0,0,5,0,1,0,0,0,0,0,5,2
LF2_RBOX4,19,Aug,2013,RBOX,LF2,TRUE,Box,LF,0,0,0,0,0,0,0,0,0,0,0,0,0,0,0,0,0,0
LF2_RBOX4,19,Aug,2014,RBOX,LF2,TRUE,Box,LF,0,0,0,0,0,0,0,0,0,0,0,0,0,0,0,0,0,0
LF2_RBOX4,19,Aug,2015,RBOX,LF2,TRUE,Box,LF,0,0,0,0,0,0,0,0,0,0,1,0,0,0,0,0,1,0
LF2_RBOX4,19,Nov,2013,RBOX,LF2,TRUE,Box,LF,0,0,0,0,0,0,0,0,0,0,0,0,0,0,0,0,0,0
LF2_RBOX4,19,Nov,2014,RBOX,LF2,TRUE,Box,LF,0,0,0,0,0,0,0,0,0,0,0,0,0,0,0,0,1,0
LF2_RBOX4,19,Nov,2015,RBOX,LF2,TRUE,Box,LF,0,0,0,0,0,0,0,0,0,0,1,0,0,0,0,0,1,0
LF2_RBOX5,20,Aug,2013,RBOX,LF2,TRUE,Box,LF,0,0,0,0,0,0,0,0,0,0,0,0,0,0,0,0,0,1
LF2_RBOX5,20,Aug,2014,RBOX,LF2,TRUE,Box,LF,0,0,0,0,0,0,0,0,6,0,0,0,0,0,0,0,0,0
LF2_RBOX5,20,Aug,2015,RBOX,LF2,TRUE,Box,LF,0,0,0,0,0,0,0,0,7,0,0,0,0,0,0,0,0,0
LF2_RBOX5,20,Nov,2013,RBOX,LF2,TRUE,Box,LF,0,0,0,0,0,0,0,0,0,0,0,0,0,0,0,0,0,1
LF2_RBOX5,20,Nov,2014,RBOX,LF2,TRUE,Box,LF,0,1,0,0,0,0,0,0,13,0,0,0,0,0,0,0,0,0
LF2_RBOX5,20,Nov,2015,RBOX,LF2,TRUE,Box,LF,0,0,0,0,0,0,0,0,5,0,0,0,0,0,0,0,0,0
LF2_RBOX6,21,Aug,2013,RBOX,LF2,TRUE,Box,LF,0,0,0,0,0,0,0,0,0,0,0,0,0,0,0,0,0,1
LF2_RBOX6,21,Aug,2014,RBOX,LF2,TRUE,Box,LF,0,0,0,1,0,0,0,0,0,0,0,0,0,0,0,0,0,0
LF2_RBOX6,21,Aug,2015,RBOX,LF2,TRUE,Box,LF,0,0,0,1,0,0,0,0,0,0,0,0,0,0,0,0,0,0
LF2_RBOX6,21,Nov,2013,RBOX,LF2,TRUE,Box,LF,0,0,0,0,0,0,0,0,0,0,0,0,0,0,0,0,0,0
LF2_RBOX6,21,Nov,2014,RBOX,LF2,TRUE,Box,LF,0,0,0,1,0,0,0,0,0,0,0,0,0,0,0,0,0,0
LF2_RBOX6,21,Nov,2015,RBOX,LF2,TRUE,Box,LF,0,0,0,1,0,0,0,0,0,0,0,0,0,0,0,0,0,0
LF2_RBOX7,22,Aug,2013,RBOX,LF2,TRUE,Box,LF,0,0,0,0,0,0,0,0,0,0,0,0,0,0,0,0,0,0
LF2_RBOX7,22,Aug,2014,RBOX,LF2,TRUE,Box,LF,0,0,0,0,0,0,0,0,3,0,0,0,0,0,0,0,0,0
LF2_RBOX7,22,Aug,2015,RBOX,LF2,TRUE,Box,LF,0,0,0,0,0,0,0,0,7,0,0,0,0,0,0,0,0,0
LF2_RBOX7,22,Nov,2013,RBOX,LF2,TRUE,Box,LF,0,0,0,0,0,0,0,0,0,0,0,0,0,0,0,0,0,0
LF2_RBOX7,22,Nov,2014,RBOX,LF2,TRUE,Box,LF,0,0,0,0,0,0,0,0,12,0,0,0,0,0,0,0,0,0
LF2_RBOX7,22,Nov,2015,RBOX,LF2,TRUE,Box,LF,0,0,0,0,0,0,0,0,8,0,0,0,0,0,0,0,0,0
LF2_RBOX8,23,Aug,2013,RBOX,LF2,TRUE,Box,LF,0,0,0,0,0,0,0,0,0,0,0,0,0,0,0,0,0,0
LF2_RBOX8,23,Aug,2014,RBOX,LF2,TRUE,Box,LF,0,0,0,0,0,0,0,0,0,0,0,0,0,0,0,0,1,0
LF2_RBOX8,23,Aug,2015,RBOX,LF2,TRUE,Box,LF,0,0,0,0,0,0,0,0,1,0,0,0,0,0,0,0,1,0
LF2_RBOX8,23,Nov,2013,RBOX,LF2,TRUE,Box,LF,0,0,0,0,0,0,0,0,0,0,0,0,0,0,0,0,0,0
LF2_RBOX8,23,Nov,2014,RBOX,LF2,TRUE,Box,LF,0,0,0,0,0,0,0,0,1,0,0,0,0,0,0,0,1,0
LF2_RBOX8,23,Nov,2015,RBOX,LF2,TRUE,Box,LF,0,0,0,0,0,0,0,0,1,0,0,0,0,0,0,0,1,0
LF2_RBOX9,24,Aug,2013,RBOX,LF2,TRUE,Box,LF,0,0,0,0,0,0,0,0,0,0,0,0,0,0,0,0,0,0
LF2_RBOX9,24,Aug,2014,RBOX,LF2,TRUE,Box,LF,0,0,0,0,0,0,0,0,0,0,0,0,0,0,0,0,0,0
LF2_RBOX9,24,Aug,2015,RBOX,LF2,TRUE,Box,LF,0,0,0,0,0,0,0,0,1,0,0,0,0,0,0,0,0,0
LF2_RBOX9,24,Nov,2013,RBOX,LF2,TRUE,Box,LF,0,0,0,0,0,0,0,0,0,0,0,0,0,0,0,0,0,0
LF2_RBOX9,24,Nov,2014,RBOX,LF2,TRUE,Box,LF,0,0,0,0,0,0,0,0,1,0,0,0,0,0,0,0,0,0
LF2_RBOX9,24,Nov,2015,RBOX,LF2,TRUE,Box,LF,0,0,0,0,0,0,0,0,2,0,0,0,0,0,0,0,0,0
LF3_RBOX1,31,Aug,2013,RBOX,LF3,TRUE,Box,LF,0,0,0,0,0,0,0,0,0,0,0,0,0,0,0,0,0,1
LF3_RBOX1,31,Aug,2014,RBOX,LF3,TRUE,Box,LF,0,0,0,0,0,0,0,0,0,0,0,0,0,0,0,0,1,0
LF3_RBOX1,31,Aug,2015,RBOX,LF3,TRUE,Box,LF,0,0,0,0,0,0,0,0,1,0,0,0,0,0,0,0,2,2
LF3_RBOX1,31,Nov,2013,RBOX,LF3,TRUE,Box,LF,0,0,0,0,0,0,0,0,0,0,0,0,0,0,0,0,0,0
LF3_RBOX1,31,Nov,2014,RBOX,LF3,TRUE,Box,LF,0,0,0,0,0,0,0,0,2,0,0,0,0,0,0,0,0,1
LF3_RBOX1,31,Nov,2015,RBOX,LF3,TRUE,Box,LF,0,0,0,0,0,0,0,0,1,0,0,0,0,0,0,0,2,2
LF3_RBOX10,40,Aug,2013,RBOX,LF3,TRUE,Box,LF,0,0,0,0,0,0,0,0,0,0,0,0,0,0,0,0,0,0
LF3_RBOX10,40,Aug,2014,RBOX,LF3,TRUE,Box,LF,0,0,0,0,0,0,0,0,0,0,0,0,0,0,0,0,4,0
LF3_RBOX10,40,Aug,2015,RBOX,LF3,TRUE,Box,LF,0,0,0,0,0,0,0,0,1,0,0,0,0,0,0,0,3,0
LF3_RBOX10,40,Nov,2013,RBOX,LF3,TRUE,Box,LF,0,0,0,0,0,0,0,0,0,0,0,0,0,0,0,0,0,0
LF3_RBOX10,40,Nov,2014,RBOX,LF3,TRUE,Box,LF,0,0,0,0,0,0,0,0,4,0,0,0,0,0,0,0,2,0
LF3_RBOX10,40,Nov,2015,RBOX,LF3,TRUE,Box,LF,0,0,0,0,0,0,0,0,1,0,1,0,0,0,0,0,2,0
LF3_RBOX11,41,Aug,2013,RBOX,LF3,TRUE,Box,LF,0,0,0,0,0,0,0,0,0,0,0,0,0,0,0,0,0,1
LF3_RBOX11,41,Aug,2014,RBOX,LF3,TRUE,Box,LF,0,0,0,0,0,0,0,0,0,0,0,0,0,0,0,0,1,1
LF3_RBOX11,41,Aug,2015,RBOX,LF3,TRUE,Box,LF,0,0,0,0,0,0,0,0,3,0,0,0,0,0,0,0,1,2
LF3_RBOX11,41,Nov,2013,RBOX,LF3,TRUE,Box,LF,0,0,0,0,0,0,0,0,0,0,0,1,0,0,0,0,0,1
LF3_RBOX11,41,Nov,2014,RBOX,LF3,TRUE,Box,LF,0,0,0,0,0,0,0,0,3,0,0,0,0,0,0,0,0,0
LF3_RBOX11,41,Nov,2015,RBOX,LF3,TRUE,Box,LF,0,0,0,0,0,0,0,0,2,0,0,0,0,0,0,0,1,2
LF3_RBOX12,42,Aug,2013,RBOX,LF3,TRUE,Box,LF,0,0,0,0,0,0,0,0,0,0,0,0,0,0,0,0,0,0
LF3_RBOX12,42,Aug,2014,RBOX,LF3,TRUE,Box,LF,0,0,0,0,0,0,0,0,2,0,0,0,0,0,0,0,5,2
LF3_RBOX12,42,Aug,2015,RBOX,LF3,TRUE,Box,LF,0,0,0,0,0,0,0,0,0,0,0,0,0,0,0,0,4,2
LF3_RBOX12,42,Nov,2013,RBOX,LF3,TRUE,Box,LF,0,0,0,0,0,0,0,0,0,0,0,0,0,0,0,0,0,1
LF3_RBOX12,42,Nov,2014,RBOX,LF3,TRUE,Box,LF,0,0,0,0,0,0,0,0,5,0,0,0,0,0,0,0,5,0
LF3_RBOX12,42,Nov,2015,RBOX,LF3,TRUE,Box,LF,0,0,0,0,0,0,0,0,3,0,0,0,0,0,0,0,5,2
LF3_RBOX13,43,Aug,2013,RBOX,LF3,TRUE,Box,LF,0,0,0,0,0,0,0,0,0,0,0,0,0,0,0,0,0,0
LF3_RBOX13,43,Aug,2014,RBOX,LF3,TRUE,Box,LF,0,0,0,0,0,0,0,0,0,0,0,0,0,0,0,0,4,0
LF3_RBOX13,43,Aug,2015,RBOX,LF3,TRUE,Box,LF,0,0,0,0,0,0,0,0,2,0,0,0,0,0,0,0,5,1
LF3_RBOX13,43,Nov,2013,RBOX,LF3,TRUE,Box,LF,0,0,0,0,0,0,0,0,0,0,0,0,0,0,0,0,0,0
LF3_RBOX13,43,Nov,2014,RBOX,LF3,TRUE,Box,LF,0,0,0,0,0,0,0,0,5,0,0,0,0,0,0,0,4,0
LF3_RBOX13,43,Nov,2015,RBOX,LF3,TRUE,Box,LF,0,0,0,0,0,0,0,0,1,0,0,0,0,0,0,0,4,1
LF3_RBOX14,44,Aug,2013,RBOX,LF3,TRUE,Box,LF,0,0,0,0,0,0,0,0,0,0,0,0,0,0,0,0,0,1
LF3_RBOX14,44,Aug,2014,RBOX,LF3,TRUE,Box,LF,0,0,0,0,0,0,0,0,2,0,0,0,0,0,0,0,2,1
LF3_RBOX14,44,Aug,2015,RBOX,LF3,TRUE,Box,LF,0,0,0,0,0,0,0,0,5,0,0,0,0,0,0,0,2,0
LF3_RBOX14,44,Nov,2013,RBOX,LF3,TRUE,Box,LF,0,0,0,0,0,0,0,0,0,0,0,0,0,0,0,0,0,1
LF3_RBOX14,44,Nov,2014,RBOX,LF3,TRUE,Box,LF,0,0,0,0,0,0,0,0,5,0,0,0,0,0,0,0,3,0
LF3_RBOX14,44,Nov,2015,RBOX,LF3,TRUE,Box,LF,0,0,0,1,0,0,0,0,2,0,0,0,0,0,0,0,2,1
LF3_RBOX15,45,Aug,2013,RBOX,LF3,TRUE,Box,LF,0,0,0,0,0,0,0,0,0,0,0,0,0,0,0,0,0,0
LF3_RBOX15,45,Aug,2014,RBOX,LF3,TRUE,Box,LF,0,0,0,0,0,0,0,0,3,0,0,0,0,0,0,0,0,0
LF3_RBOX15,45,Aug,2015,RBOX,LF3,TRUE,Box,LF,0,0,0,0,0,0,0,0,1,0,0,0,0,0,0,0,2,0
LF3_RBOX15,45,Nov,2013,RBOX,LF3,TRUE,Box,LF,0,0,0,0,0,0,0,0,0,0,0,0,0,0,0,0,0,0
LF3_RBOX15,45,Nov,2014,RBOX,LF3,TRUE,Box,LF,0,0,0,0,0,0,0,0,6,0,0,0,0,0,0,0,2,0
LF3_RBOX15,45,Nov,2015,RBOX,LF3,TRUE,Box,LF,0,0,0,0,0,0,0,0,3,0,0,0,0,0,0,0,2,0
LF3_RBOX2,32,Aug,2013,RBOX,LF3,TRUE,Box,LF,0,1,0,0,0,0,0,0,0,0,0,1,0,0,0,0,0,0
LF3_RBOX2,32,Aug,2014,RBOX,LF3,TRUE,Box,LF,0,1,0,0,0,0,0,0,5,0,1,0,0,0,0,0,1,0
LF3_RBOX2,32,Aug,2015,RBOX,LF3,TRUE,Box,LF,0,0,0,1,0,0,0,0,10,0,0,0,0,0,0,0,5,1
LF3_RBOX2,32,Nov,2013,RBOX,LF3,TRUE,Box,LF,0,1,0,0,0,0,0,0,0,0,0,0,0,0,0,0,0,0
LF3_RBOX2,32,Nov,2014,RBOX,LF3,TRUE,Box,LF,0,1,0,1,0,0,0,0,15,0,1,0,0,0,0,0,4,1
LF3_RBOX2,32,Nov,2015,RBOX,LF3,TRUE,Box,LF,0,0,0,1,0,0,0,0,1,0,0,0,0,0,0,0,3,1
LF3_RBOX3,33,Aug,2013,RBOX,LF3,TRUE,Box,LF,0,0,0,0,0,0,0,0,0,0,0,0,0,0,0,0,0,0
LF3_RBOX3,33,Aug,2014,RBOX,LF3,TRUE,Box,LF,0,0,0,0,0,0,0,0,1,0,3,0,0,0,0,0,2,1
LF3_RBOX3,33,Aug,2015,RBOX,LF3,TRUE,Box,LF,0,0,0,0,0,0,0,0,4,0,3,0,0,0,0,0,2,1
LF3_RBOX3,33,Nov,2013,RBOX,LF3,TRUE,Box,LF,0,0,0,0,0,0,0,0,0,0,0,0,0,0,0,0,0,0
LF3_RBOX3,33,Nov,2014,RBOX,LF3,TRUE,Box,LF,0,0,0,0,0,0,0,0,0,0,0,0,0,0,0,0,2,0
LF3_RBOX3,33,Nov,2015,RBOX,LF3,TRUE,Box,LF,0,0,0,0,0,0,0,0,2,0,2,0,0,0,0,0,2,1
LF3_RBOX4,34,Aug,2013,RBOX,LF3,TRUE,Box,LF,0,0,0,0,0,0,0,0,0,0,0,0,0,0,0,0,0,0
LF3_RBOX4,34,Aug,2014,RBOX,LF3,TRUE,Box,LF,0,0,0,0,0,0,0,0,0,0,0,0,0,0,0,0,2,0
LF3_RBOX4,34,Aug,2015,RBOX,LF3,TRUE,Box,LF,0,0,0,0,0,0,0,0,15,0,0,0,0,0,0,0,3,0
LF3_RBOX4,34,Nov,2013,RBOX,LF3,TRUE,Box,LF,0,0,0,0,0,0,0,0,0,0,0,0,0,0,0,0,0,0
LF3_RBOX4,34,Nov,2014,RBOX,LF3,TRUE,Box,LF,0,0,0,0,0,1,0,0,12,0,0,0,0,0,0,0,3,0
LF3_RBOX4,34,Nov,2015,RBOX,LF3,TRUE,Box,LF,0,0,0,0,0,0,0,0,4,0,0,0,0,0,0,0,3,0
LF3_RBOX5,35,Aug,2013,RBOX,LF3,TRUE,Box,LF,0,1,0,0,0,0,0,0,0,0,0,0,0,0,0,0,0,0
LF3_RBOX5,35,Aug,2014,RBOX,LF3,TRUE,Box,LF,0,0,0,0,0,0,0,0,3,0,0,0,0,0,0,0,4,0
LF3_RBOX5,35,Aug,2015,RBOX,LF3,TRUE,Box,LF,1,0,0,0,0,0,0,0,5,0,0,0,0,0,0,0,4,1
LF3_RBOX5,35,Nov,2013,RBOX,LF3,TRUE,Box,LF,0,0,0,0,0,0,0,0,0,0,0,0,0,0,0,0,0,0
LF3_RBOX5,35,Nov,2014,RBOX,LF3,TRUE,Box,LF,0,0,0,0,0,0,0,0,8,0,0,0,0,0,0,0,6,1
LF3_RBOX5,35,Nov,2015,RBOX,LF3,TRUE,Box,LF,1,0,0,0,0,0,0,0,2,0,0,0,0,0,0,0,4,1
LF3_RBOX6,36,Aug,2013,RBOX,LF3,TRUE,Box,LF,0,0,0,0,0,0,0,0,0,0,0,0,0,0,0,0,0,1
LF3_RBOX6,36,Aug,2014,RBOX,LF3,TRUE,Box,LF,0,0,0,0,0,0,0,0,2,0,0,0,0,0,0,0,2,0
LF3_RBOX6,36,Aug,2015,RBOX,LF3,TRUE,Box,LF,0,0,0,0,0,0,0,0,3,0,0,0,0,0,0,0,3,0
LF3_RBOX6,36,Nov,2013,RBOX,LF3,TRUE,Box,LF,0,0,0,0,0,0,0,0,0,0,0,0,0,0,0,0,0,1
LF3_RBOX6,36,Nov,2014,RBOX,LF3,TRUE,Box,LF,0,0,0,0,0,0,0,0,5,0,1,0,0,0,0,0,3,1
LF3_RBOX6,36,Nov,2015,RBOX,LF3,TRUE,Box,LF,0,0,0,1,0,0,0,0,2,0,1,0,0,0,0,0,3,1
LF3_RBOX7,37,Aug,2013,RBOX,LF3,TRUE,Box,LF,0,0,0,0,0,0,0,0,0,0,0,0,0,0,0,0,0,1
LF3_RBOX7,37,Aug,2014,RBOX,LF3,TRUE,Box,LF,0,0,0,0,0,0,0,0,1,0,0,0,0,0,0,0,2,1
LF3_RBOX7,37,Aug,2015,RBOX,LF3,TRUE,Box,LF,0,0,0,0,0,0,0,0,3,0,0,0,0,0,0,0,3,1
LF3_RBOX7,37,Nov,2013,RBOX,LF3,TRUE,Box,LF,0,0,0,0,0,0,0,0,0,0,0,0,0,0,0,0,0,0
LF3_RBOX7,37,Nov,2014,RBOX,LF3,TRUE,Box,LF,0,0,0,0,0,0,0,0,3,0,1,0,0,0,0,0,4,1
LF3_RBOX7,37,Nov,2015,RBOX,LF3,TRUE,Box,LF,0,0,0,0,0,0,0,0,0,0,0,0,0,0,0,0,3,1
LF3_RBOX8,38,Aug,2013,RBOX,LF3,TRUE,Box,LF,0,0,0,0,0,0,0,0,0,0,0,0,0,0,0,0,0,0
LF3_RBOX8,38,Aug,2014,RBOX,LF3,TRUE,Box,LF,0,0,0,1,0,0,0,0,4,0,2,0,0,0,0,0,4,0
LF3_RBOX8,38,Aug,2015,RBOX,LF3,TRUE,Box,LF,0,0,0,1,0,0,0,0,6,0,0,0,0,0,0,0,6,0
LF3_RBOX8,38,Nov,2013,RBOX,LF3,TRUE,Box,LF,0,0,0,0,0,0,0,0,0,0,0,0,0,0,0,0,0,0
LF3_RBOX8,38,Nov,2014,RBOX,LF3,TRUE,Box,LF,0,0,0,1,0,0,0,0,8,0,0,0,0,0,0,0,5,0
LF3_RBOX8,38,Nov,2015,RBOX,LF3,TRUE,Box,LF,0,0,0,1,0,0,0,0,4,0,0,0,0,0,0,0,4,0
LF3_RBOX9,39,Aug,2013,RBOX,LF3,TRUE,Box,LF,0,0,0,0,0,0,0,0,0,0,0,0,0,0,0,0,0,0
LF3_RBOX9,39,Aug,2014,RBOX,LF3,TRUE,Box,LF,0,0,0,0,0,0,0,0,0,0,0,0,0,0,0,0,0,1
LF3_RBOX9,39,Aug,2015,RBOX,LF3,TRUE,Box,LF,1,0,0,0,0,0,0,0,4,0,0,0,0,0,0,0,0,1
LF3_RBOX9,39,Nov,2013,RBOX,LF3,TRUE,Box,LF,0,0,0,0,0,0,0,0,0,0,0,0,0,0,0,0,0,1
LF3_RBOX9,39,Nov,2014,RBOX,LF3,TRUE,Box,LF,0,0,0,0,0,0,0,0,4,0,0,0,0,0,0,0,0,1
LF3_RBOX9,39,Nov,2015,RBOX,LF3,TRUE,Box,LF,0,0,0,0,0,0,0,0,4,0,0,0,0,0,0,0,0,1
LF1_RN1,1,Aug,2013,RN,LF1,TRUE,Nutrients,LF,0,0,0,0,0,0,0,0,0,0,0,0,0,0,0,0,0,0
LF1_RN1,1,Aug,2014,RN,LF1,TRUE,Nutrients,LF,0,0,0,0,0,0,0,0,0,0,0,0,0,0,0,0,3,0
LF1_RN1,1,Aug,2015,RN,LF1,TRUE,Nutrients,LF,0,0,0,0,0,0,0,0,0,0,0,0,0,0,0,0,0,0
LF1_RN1,1,Nov,2013,RN,LF1,TRUE,Nutrients,LF,0,0,0,0,0,0,0,0,0,0,0,0,0,0,0,0,0,0
LF1_RN1,1,Nov,2014,RN,LF1,TRUE,Nutrients,LF,0,0,0,0,0,0,0,0,0,0,0,0,0,0,0,0,3,0
LF1_RN1,1,Nov,2015,RN,LF1,TRUE,Nutrients,LF,0,0,0,0,0,0,0,0,0,0,0,0,0,0,0,0,0,0
LF1_RN10,10,Aug,2013,RN,LF1,TRUE,Nutrients,LF,0,2,0,0,0,0,0,0,0,0,0,0,0,0,0,0,0,0
LF1_RN10,10,Aug,2014,RN,LF1,TRUE,Nutrients,LF,0,0,0,0,0,0,0,0,0,0,0,0,0,0,0,0,7,0
LF1_RN10,10,Aug,2015,RN,LF1,TRUE,Nutrients,LF,0,0,0,0,0,0,0,0,0,0,1,0,0,0,0,0,4,0
LF1_RN10,10,Nov,2013,RN,LF1,TRUE,Nutrients,LF,0,0,0,0,0,0,0,0,0,0,0,0,0,0,0,0,0,0
LF1_RN10,10,Nov,2014,RN,LF1,TRUE,Nutrients,LF,0,0,0,0,0,0,0,0,0,0,1,0,0,0,0,0,7,0
LF1_RN10,10,Nov,2015,RN,LF1,TRUE,Nutrients,LF,0,0,0,0,0,0,0,0,0,0,1,0,0,0,0,0,6,0
LF1_RN11,11,Aug,2013,RN,LF1,TRUE,Nutrients,LF,0,1,0,0,0,0,0,0,0,0,0,0,0,0,0,0,0,0
LF1_RN11,11,Aug,2014,RN,LF1,TRUE,Nutrients,LF,0,0,1,0,0,0,0,0,0,0,1,0,0,0,0,0,1,0
LF1_RN11,11,Aug,2015,RN,LF1,TRUE,Nutrients,LF,0,0,0,0,0,0,0,0,1,0,0,0,0,0,0,0,0,0
LF1_RN11,11,Nov,2013,RN,LF1,TRUE,Nutrients,LF,0,0,0,0,0,0,0,0,0,0,0,0,0,0,0,0,0,0
LF1_RN11,11,Nov,2014,RN,LF1,TRUE,Nutrients,LF,0,0,1,0,0,0,0,0,0,0,1,0,0,0,0,0,0,0
LF1_RN11,11,Nov,2015,RN,LF1,TRUE,Nutrients,LF,0,0,0,0,0,0,0,0,1,0,1,0,0,0,0,0,0,0
LF1_RN12,12,Aug,2013,RN,LF1,TRUE,Nutrients,LF,0,1,0,0,0,0,0,0,0,0,0,0,0,0,0,0,0,2
LF1_RN12,12,Aug,2014,RN,LF1,TRUE,Nutrients,LF,0,0,0,0,0,0,0,0,0,0,0,0,0,0,0,0,6,1
LF1_RN12,12,Aug,2015,RN,LF1,TRUE,Nutrients,LF,0,0,0,0,0,0,0,0,0,0,0,0,0,0,0,0,7,2
LF1_RN12,12,Nov,2013,RN,LF1,TRUE,Nutrients,LF,0,0,0,0,0,0,0,0,0,0,0,0,0,0,0,0,0,0
LF1_RN12,12,Nov,2014,RN,LF1,TRUE,Nutrients,LF,0,0,0,0,0,0,0,0,0,0,0,0,0,0,0,0,6,2
LF1_RN12,12,Nov,2015,RN,LF1,TRUE,Nutrients,LF,0,0,0,0,0,0,0,0,0,0,0,0,0,0,0,0,6,2
LF1_RN13,13,Aug,2013,RN,LF1,TRUE,Nutrients,LF,0,2,0,0,0,0,0,0,0,0,0,0,0,0,0,0,0,0
LF1_RN13,13,Aug,2014,RN,LF1,TRUE,Nutrients,LF,0,0,0,0,0,0,0,0,0,0,0,0,0,0,0,0,1,0
LF1_RN13,13,Aug,2015,RN,LF1,TRUE,Nutrients,LF,0,0,0,0,0,0,0,0,1,0,0,0,0,0,0,0,2,0
LF1_RN13,13,Nov,2013,RN,LF1,TRUE,Nutrients,LF,0,0,0,0,0,0,0,0,0,0,0,0,0,0,0,0,0,0
LF1_RN13,13,Nov,2014,RN,LF1,TRUE,Nutrients,LF,0,0,0,0,0,0,0,0,0,0,0,0,0,0,0,0,3,0
LF1_RN13,13,Nov,2015,RN,LF1,TRUE,Nutrients,LF,0,0,0,0,0,0,0,0,1,0,0,0,0,0,0,0,0,0
LF1_RN14,14,Aug,2013,RN,LF1,TRUE,Nutrients,LF,0,0,0,0,0,0,0,0,0,0,0,0,0,0,0,0,0,0
LF1_RN14,14,Aug,2014,RN,LF1,TRUE,Nutrients,LF,0,0,0,0,0,0,0,0,0,0,1,0,0,0,0,0,3,0
LF1_RN14,14,Aug,2015,RN,LF1,TRUE,Nutrients,LF,0,0,0,0,0,0,0,0,2,0,0,0,0,0,0,0,5,0
LF1_RN14,14,Nov,2013,RN,LF1,TRUE,Nutrients,LF,0,0,0,0,0,0,0,0,0,0,0,0,0,0,0,0,0,0
LF1_RN14,14,Nov,2014,RN,LF1,TRUE,Nutrients,LF,0,0,0,0,0,0,0,0,1,0,1,0,0,0,0,0,5,0
LF1_RN14,14,Nov,2015,RN,LF1,TRUE,Nutrients,LF,0,0,0,0,0,0,0,0,0,1,0,0,0,0,0,0,5,0
LF1_RN15,15,Aug,2013,RN,LF1,TRUE,Nutrients,LF,0,0,0,0,0,0,0,0,0,0,0,0,0,0,0,0,0,0
LF1_RN15,15,Aug,2014,RN,LF1,TRUE,Nutrients,LF,0,0,0,0,0,0,0,0,0,0,0,0,0,0,0,0,3,0
LF1_RN15,15,Aug,2015,RN,LF1,TRUE,Nutrients,LF,0,0,0,0,0,0,0,0,0,0,0,0,0,0,0,0,0,0
LF1_RN15,15,Nov,2013,RN,LF1,TRUE,Nutrients,LF,0,0,0,0,0,0,0,0,0,0,0,0,0,0,0,0,0,0
LF1_RN15,15,Nov,2014,RN,LF1,TRUE,Nutrients,LF,0,0,0,0,0,0,0,0,0,0,0,0,0,0,0,0,0,0
LF1_RN15,15,Nov,2015,RN,LF1,TRUE,Nutrients,LF,0,0,0,0,0,0,0,0,0,0,0,0,0,0,0,0,0,0
LF1_RN2,2,Aug,2013,RN,LF1,TRUE,Nutrients,LF,0,2,0,0,0,0,0,0,0,0,0,0,0,0,0,0,0,0
LF1_RN2,2,Aug,2014,RN,LF1,TRUE,Nutrients,LF,0,0,0,0,0,0,0,0,0,0,0,0,0,0,0,0,4,1
LF1_RN2,2,Aug,2015,RN,LF1,TRUE,Nutrients,LF,0,0,0,0,0,0,0,0,0,0,0,0,0,0,0,0,0,0
LF1_RN2,2,Nov,2013,RN,LF1,TRUE,Nutrients,LF,0,1,0,0,0,0,0,0,0,0,0,0,0,0,0,0,0,1
LF1_RN2,2,Nov,2014,RN,LF1,TRUE,Nutrients,LF,0,0,0,0,0,0,0,0,0,0,0,0,0,0,0,0,5,1
LF1_RN2,2,Nov,2015,RN,LF1,TRUE,Nutrients,LF,0,0,0,0,0,0,0,0,0,0,0,0,0,0,0,0,4,0
LF1_RN3,3,Aug,2013,RN,LF1,TRUE,Nutrients,LF,0,0,0,0,0,0,0,0,0,0,0,0,0,0,0,0,0,0
LF1_RN3,3,Aug,2014,RN,LF1,TRUE,Nutrients,LF,0,0,0,0,0,0,0,0,0,0,0,0,0,0,0,0,1,0
LF1_RN3,3,Aug,2015,RN,LF1,TRUE,Nutrients,LF,0,0,0,0,0,0,0,0,0,0,0,0,0,0,0,0,0,0
LF1_RN3,3,Nov,2013,RN,LF1,TRUE,Nutrients,LF,0,0,0,0,0,0,0,0,0,0,0,0,0,0,0,0,0,0
LF1_RN3,3,Nov,2014,RN,LF1,TRUE,Nutrients,LF,0,0,0,0,0,0,0,0,0,0,0,0,0,0,0,0,1,0
LF1_RN3,3,Nov,2015,RN,LF1,TRUE,Nutrients,LF,0,0,0,0,0,0,0,0,0,0,0,0,0,0,0,0,1,0
LF1_RN4,4,Aug,2013,RN,LF1,TRUE,Nutrients,LF,0,2,1,0,0,0,0,0,0,0,0,0,0,0,0,0,0,0
LF1_RN4,4,Aug,2014,RN,LF1,TRUE,Nutrients,LF,0,0,1,0,0,0,0,0,0,0,1,0,0,0,0,0,2,0
LF1_RN4,4,Aug,2015,RN,LF1,TRUE,Nutrients,LF,0,0,3,0,0,0,0,0,0,0,0,0,0,0,0,0,0,0
LF1_RN4,4,Nov,2013,RN,LF1,TRUE,Nutrients,LF,0,0,0,0,0,0,0,0,0,0,0,0,0,0,0,0,0,0
LF1_RN4,4,Nov,2014,RN,LF1,TRUE,Nutrients,LF,0,0,1,1,0,0,0,0,0,0,1,0,0,0,0,0,2,1
LF1_RN4,4,Nov,2015,RN,LF1,TRUE,Nutrients,LF,0,0,3,0,0,0,0,0,0,0,0,0,0,0,0,0,0,1
LF1_RN5,5,Aug,2013,RN,LF1,TRUE,Nutrients,LF,0,0,0,0,0,0,0,0,0,0,0,0,0,0,0,0,0,0
LF1_RN5,5,Aug,2014,RN,LF1,TRUE,Nutrients,LF,0,0,0,0,0,0,0,0,0,0,1,0,0,0,0,0,4,0
LF1_RN5,5,Aug,2015,RN,LF1,TRUE,Nutrients,LF,0,0,0,0,0,0,0,0,0,0,1,0,0,0,0,0,2,0
LF1_RN5,5,Nov,2013,RN,LF1,TRUE,Nutrients,LF,0,0,0,0,0,0,0,0,0,0,0,0,0,0,0,0,0,0
LF1_RN5,5,Nov,2014,RN,LF1,TRUE,Nutrients,LF,0,0,0,0,0,0,0,0,0,0,1,0,0,0,0,0,5,0
LF1_RN5,5,Nov,2015,RN,LF1,TRUE,Nutrients,LF,0,0,0,0,0,0,0,0,0,0,1,0,0,0,0,0,4,0
LF1_RN6,6,Aug,2013,RN,LF1,TRUE,Nutrients,LF,0,3,0,0,0,0,0,0,0,0,0,1,0,0,0,0,0,0
LF1_RN6,6,Aug,2014,RN,LF1,TRUE,Nutrients,LF,0,1,0,0,0,0,0,0,0,0,2,0,0,0,0,0,1,0
LF1_RN6,6,Aug,2015,RN,LF1,TRUE,Nutrients,LF,0,0,0,0,0,0,0,0,0,0,0,0,0,0,0,0,0,0
LF1_RN6,6,Nov,2013,RN,LF1,TRUE,Nutrients,LF,0,0,0,0,0,0,0,0,0,0,0,0,0,0,0,0,0,0
LF1_RN6,6,Nov,2014,RN,LF1,TRUE,Nutrients,LF,0,1,0,0,0,0,0,0,0,0,2,0,0,0,0,0,3,0
LF1_RN6,6,Nov,2015,RN,LF1,TRUE,Nutrients,LF,0,0,0,0,0,0,0,0,0,0,1,0,0,0,0,0,2,0
LF1_RN7,7,Aug,2013,RN,LF1,TRUE,Nutrients,LF,0,0,0,0,0,0,0,0,0,0,0,0,0,0,0,0,0,0
LF1_RN7,7,Aug,2014,RN,LF1,TRUE,Nutrients,LF,0,0,0,0,0,0,0,0,0,0,0,0,0,0,0,0,7,0
LF1_RN7,7,Aug,2015,RN,LF1,TRUE,Nutrients,LF,0,0,0,0,0,0,0,0,0,0,0,0,0,0,0,0,4,0
LF1_RN7,7,Nov,2013,RN,LF1,TRUE,Nutrients,LF,0,0,0,0,0,0,0,0,0,0,0,0,0,0,0,0,0,0
LF1_RN7,7,Nov,2014,RN,LF1,TRUE,Nutrients,LF,0,0,0,0,0,0,0,0,0,0,0,0,0,0,0,0,6,0
LF1_RN7,7,Nov,2015,RN,LF1,TRUE,Nutrients,LF,0,0,0,0,0,0,0,0,0,0,0,0,0,0,0,0,5,0
LF1_RN8,8,Aug,2013,RN,LF1,TRUE,Nutrients,LF,0,0,0,0,0,0,0,0,0,0,0,0,0,0,0,0,0,0
LF1_RN8,8,Aug,2014,RN,LF1,TRUE,Nutrients,LF,0,0,0,0,0,0,0,0,0,0,0,0,0,0,0,0,2,0
LF1_RN8,8,Aug,2015,RN,LF1,TRUE,Nutrients,LF,0,0,0,0,0,0,0,0,0,0,0,0,0,0,0,0,0,0
LF1_RN8,8,Nov,2013,RN,LF1,TRUE,Nutrients,LF,0,0,0,0,0,0,0,0,0,0,0,0,0,0,0,0,0,0
LF1_RN8,8,Nov,2014,RN,LF1,TRUE,Nutrients,LF,0,0,0,0,0,0,0,0,0,0,0,0,0,0,0,0,2,1
LF1_RN8,8,Nov,2015,RN,LF1,TRUE,Nutrients,LF,0,0,0,0,0,0,0,0,0,0,0,0,0,0,0,0,2,0
LF1_RN9,9,Aug,2013,RN,LF1,TRUE,Nutrients,LF,0,0,0,0,0,0,0,0,0,0,0,0,0,0,0,0,0,0
LF1_RN9,9,Aug,2014,RN,LF1,TRUE,Nutrients,LF,0,0,0,0,0,0,0,0,0,0,1,0,0,0,0,0,1,0
LF1_RN9,9,Aug,2015,RN,LF1,TRUE,Nutrients,LF,0,0,1,0,0,0,0,0,0,0,2,0,0,0,0,0,1,0
LF1_RN9,9,Nov,2013,RN,LF1,TRUE,Nutrients,LF,0,0,0,0,0,0,0,0,0,0,0,0,0,0,0,0,0,0
LF1_RN9,9,Nov,2014,RN,LF1,TRUE,Nutrients,LF,0,0,1,0,0,0,0,0,0,0,1,0,0,0,0,0,1,0
LF1_RN9,9,Nov,2015,RN,LF1,TRUE,Nutrients,LF,0,0,1,0,0,0,0,0,0,0,2,0,0,0,0,0,1,0
LF2_RN1,16,Aug,2013,RN,LF2,TRUE,Nutrients,LF,0,0,0,0,0,0,0,0,0,0,0,0,0,0,0,0,0,0
LF2_RN1,16,Aug,2014,RN,LF2,TRUE,Nutrients,LF,0,0,0,0,0,0,0,0,0,0,0,0,0,0,0,0,0,0
LF2_RN1,16,Aug,2015,RN,LF2,TRUE,Nutrients,LF,0,0,0,0,0,0,0,0,3,0,1,0,0,0,0,0,1,0
LF2_RN1,16,Nov,2013,RN,LF2,TRUE,Nutrients,LF,0,0,0,0,0,0,0,0,0,0,0,0,0,0,0,0,0,0
LF2_RN1,16,Nov,2014,RN,LF2,TRUE,Nutrients,LF,0,0,0,0,0,0,0,0,7,0,1,0,0,0,0,0,1,0
LF2_RN1,16,Nov,2015,RN,LF2,TRUE,Nutrients,LF,0,0,0,0,0,0,0,0,2,0,1,0,0,0,0,0,1,0
LF2_RN10,25,Aug,2013,RN,LF2,TRUE,Nutrients,LF,0,0,0,0,0,0,0,0,0,0,0,0,0,0,0,0,0,0
LF2_RN10,25,Aug,2014,RN,LF2,TRUE,Nutrients,LF,0,0,0,0,0,0,0,0,0,0,0,0,0,0,0,0,5,0
LF2_RN10,25,Aug,2015,RN,LF2,TRUE,Nutrients,LF,0,0,0,0,0,0,0,0,2,0,0,0,0,0,0,0,5,0
LF2_RN10,25,Nov,2013,RN,LF2,TRUE,Nutrients,LF,0,0,0,0,0,0,0,0,0,0,0,0,0,0,0,0,0,0
LF2_RN10,25,Nov,2014,RN,LF2,TRUE,Nutrients,LF,0,0,0,0,0,0,0,0,8,0,0,0,0,0,0,0,4,0
LF2_RN10,25,Nov,2015,RN,LF2,TRUE,Nutrients,LF,0,0,0,0,0,0,0,0,4,0,0,0,0,0,0,0,5,0
LF2_RN11,26,Aug,2013,RN,LF2,TRUE,Nutrients,LF,0,0,0,0,0,0,0,0,0,0,0,0,0,0,0,0,0,0
LF2_RN11,26,Aug,2014,RN,LF2,TRUE,Nutrients,LF,0,0,0,0,0,0,0,0,0,0,0,0,0,0,0,0,0,0
LF2_RN11,26,Aug,2015,RN,LF2,TRUE,Nutrients,LF,0,0,0,0,0,0,0,0,4,0,0,0,0,0,0,0,0,0
LF2_RN11,26,Nov,2013,RN,LF2,TRUE,Nutrients,LF,0,0,0,0,0,0,0,0,0,0,0,0,0,0,0,0,0,0
LF2_RN11,26,Nov,2014,RN,LF2,TRUE,Nutrients,LF,0,0,0,0,0,0,0,0,4,0,0,0,0,0,0,0,0,0
LF2_RN11,26,Nov,2015,RN,LF2,TRUE,Nutrients,LF,0,0,0,0,0,0,0,0,3,0,0,0,0,0,0,0,0,0
LF2_RN12,27,Aug,2013,RN,LF2,TRUE,Nutrients,LF,0,1,0,0,0,0,0,0,0,0,0,0,0,0,0,0,0,0
LF2_RN12,27,Aug,2014,RN,LF2,TRUE,Nutrients,LF,0,0,0,0,0,0,0,0,0,0,0,0,0,0,0,0,7,0
LF2_RN12,27,Aug,2015,RN,LF2,TRUE,Nutrients,LF,0,0,0,0,0,0,0,0,0,0,0,0,0,0,0,0,8,0
LF2_RN12,27,Nov,2013,RN,LF2,TRUE,Nutrients,LF,0,0,0,0,0,0,0,0,0,0,0,0,0,0,0,0,0,0
LF2_RN12,27,Nov,2014,RN,LF2,TRUE,Nutrients,LF,0,0,0,0,0,0,0,0,2,0,0,0,0,0,0,0,7,0
LF2_RN12,27,Nov,2015,RN,LF2,TRUE,Nutrients,LF,0,0,0,0,0,0,0,0,0,0,0,0,0,0,0,0,7,0
LF2_RN13,28,Aug,2013,RN,LF2,TRUE,Nutrients,LF,0,0,0,0,0,0,0,0,0,0,0,0,0,0,0,0,0,0
LF2_RN13,28,Aug,2014,RN,LF2,TRUE,Nutrients,LF,0,0,0,0,0,0,0,0,0,0,1,0,0,0,0,0,1,0
LF2_RN13,28,Aug,2015,RN,LF2,TRUE,Nutrients,LF,0,0,0,0,0,0,0,0,2,0,0,0,0,0,0,0,1,1
LF2_RN13,28,Nov,2013,RN,LF2,TRUE,Nutrients,LF,0,0,0,0,0,0,0,0,0,0,0,0,0,0,0,0,0,0
LF2_RN13,28,Nov,2014,RN,LF2,TRUE,Nutrients,LF,0,0,0,0,0,0,0,0,4,0,0,0,0,0,0,0,1,0
LF2_RN13,28,Nov,2015,RN,LF2,TRUE,Nutrients,LF,0,0,0,0,0,0,0,0,3,0,0,0,0,0,0,0,1,1
LF2_RN14,29,Aug,2013,RN,LF2,TRUE,Nutrients,LF,0,0,0,0,0,0,0,0,0,0,0,0,0,0,0,0,0,0
LF2_RN14,29,Aug,2014,RN,LF2,TRUE,Nutrients,LF,0,0,0,0,0,0,0,0,0,0,0,0,0,0,0,0,2,0
LF2_RN14,29,Aug,2015,RN,LF2,TRUE,Nutrients,LF,0,0,0,0,0,0,0,0,1,0,0,0,0,0,0,0,2,0
LF2_RN14,29,Nov,2013,RN,LF2,TRUE,Nutrients,LF,0,0,0,0,0,0,0,0,0,0,0,0,0,0,0,0,0,0
LF2_RN14,29,Nov,2014,RN,LF2,TRUE,Nutrients,LF,0,0,0,0,0,0,0,0,4,0,0,0,0,0,0,0,2,0
LF2_RN14,29,Nov,2015,RN,LF2,TRUE,Nutrients,LF,0,0,0,0,0,0,0,0,0,0,0,0,0,0,0,0,2,1
LF2_RN15,30,Aug,2013,RN,LF2,TRUE,Nutrients,LF,0,0,0,0,0,0,0,0,0,0,0,0,0,0,0,0,0,0
LF2_RN15,30,Aug,2014,RN,LF2,TRUE,Nutrients,LF,0,0,0,0,0,0,0,0,0,0,0,0,0,0,0,0,0,0
LF2_RN15,30,Aug,2015,RN,LF2,TRUE,Nutrients,LF,0,0,0,0,0,0,0,0,0,0,0,0,0,0,0,0,0,0
LF2_RN15,30,Nov,2013,RN,LF2,TRUE,Nutrients,LF,0,0,0,0,0,0,0,0,0,0,0,0,0,0,0,0,0,0
LF2_RN15,30,Nov,2014,RN,LF2,TRUE,Nutrients,LF,0,0,0,0,0,0,0,0,0,0,0,0,0,0,0,0,0,0
LF2_RN15,30,Nov,2015,RN,LF2,TRUE,Nutrients,LF,0,0,0,0,0,0,0,0,0,0,0,0,0,0,0,0,0,0
LF2_RN2,17,Aug,2013,RN,LF2,TRUE,Nutrients,LF,0,3,0,0,0,0,0,0,0,0,0,0,0,0,0,0,0,0
LF2_RN2,17,Aug,2014,RN,LF2,TRUE,Nutrients,LF,0,0,0,0,0,0,0,0,0,0,0,0,0,0,0,0,4,0
LF2_RN2,17,Aug,2015,RN,LF2,TRUE,Nutrients,LF,0,0,0,0,0,0,0,0,7,0,0,0,0,0,0,0,7,0
LF2_RN2,17,Nov,2013,RN,LF2,TRUE,Nutrients,LF,0,1,0,0,0,0,0,0,0,0,0,0,0,0,0,0,0,0
LF2_RN2,17,Nov,2014,RN,LF2,TRUE,Nutrients,LF,0,0,0,0,0,0,0,0,19,0,0,0,0,0,0,0,8,0
LF2_RN2,17,Nov,2015,RN,LF2,TRUE,Nutrients,LF,0,0,0,0,0,0,0,0,7,0,0,0,0,0,0,0,7,0
LF2_RN3,18,Aug,2013,RN,LF2,TRUE,Nutrients,LF,0,0,0,0,0,0,0,0,0,0,0,0,0,0,0,0,0,0
LF2_RN3,18,Aug,2014,RN,LF2,TRUE,Nutrients,LF,0,0,0,0,0,0,0,0,0,0,0,0,0,0,0,0,0,0
LF2_RN3,18,Aug,2015,RN,LF2,TRUE,Nutrients,LF,0,0,0,0,0,0,0,0,4,0,0,0,0,0,0,0,1,0
LF2_RN3,18,Nov,2013,RN,LF2,TRUE,Nutrients,LF,0,0,0,0,0,0,0,0,0,0,0,0,0,0,0,0,0,0
LF2_RN3,18,Nov,2014,RN,LF2,TRUE,Nutrients,LF,0,0,0,0,0,0,0,0,10,0,0,0,0,0,0,0,1,0
LF2_RN3,18,Nov,2015,RN,LF2,TRUE,Nutrients,LF,0,0,0,0,0,0,0,0,2,0,0,0,0,0,0,0,2,0
LF2_RN4,19,Aug,2013,RN,LF2,TRUE,Nutrients,LF,0,0,0,0,0,0,0,0,0,0,0,0,0,0,0,0,0,0
LF2_RN4,19,Aug,2014,RN,LF2,TRUE,Nutrients,LF,0,0,0,0,0,0,0,0,0,0,0,0,0,0,0,0,3,0
LF2_RN4,19,Aug,2015,RN,LF2,TRUE,Nutrients,LF,0,0,0,0,0,0,0,0,4,0,0,0,0,0,0,0,3,0
LF2_RN4,19,Nov,2013,RN,LF2,TRUE,Nutrients,LF,0,0,0,0,0,0,0,0,0,0,0,0,0,0,0,0,0,0
LF2_RN4,19,Nov,2014,RN,LF2,TRUE,Nutrients,LF,0,0,0,0,0,0,0,0,18,0,0,0,0,0,0,0,5,0
LF2_RN4,19,Nov,2015,RN,LF2,TRUE,Nutrients,LF,0,0,0,0,0,0,0,0,4,0,0,0,0,0,0,0,4,0
LF2_RN5,20,Aug,2013,RN,LF2,TRUE,Nutrients,LF,0,0,0,0,0,0,0,0,0,0,0,0,0,0,0,0,0,0
LF2_RN5,20,Aug,2014,RN,LF2,TRUE,Nutrients,LF,0,0,0,0,0,0,0,0,2,0,0,0,0,0,0,0,2,0
LF2_RN5,20,Aug,2015,RN,LF2,TRUE,Nutrients,LF,0,0,0,0,0,0,0,0,4,0,0,0,0,0,0,0,2,0
LF2_RN5,20,Nov,2013,RN,LF2,TRUE,Nutrients,LF,0,0,0,0,0,0,0,0,0,0,0,0,0,0,0,0,0,0
LF2_RN5,20,Nov,2014,RN,LF2,TRUE,Nutrients,LF,0,0,0,0,0,0,0,0,10,0,0,0,0,0,0,0,2,0
LF2_RN5,20,Nov,2015,RN,LF2,TRUE,Nutrients,LF,0,0,0,0,0,0,0,0,3,0,0,0,0,0,0,0,2,0
LF2_RN6,21,Aug,2013,RN,LF2,TRUE,Nutrients,LF,0,2,0,0,0,0,0,0,0,0,0,0,0,0,0,0,0,0
LF2_RN6,21,Aug,2014,RN,LF2,TRUE,Nutrients,LF,0,2,0,0,2,0,0,0,2,0,0,0,0,0,0,0,10,1
LF2_RN6,21,Aug,2015,RN,LF2,TRUE,Nutrients,LF,0,0,0,0,0,0,0,0,3,0,0,0,0,0,0,0,11,0
LF2_RN6,21,Nov,2013,RN,LF2,TRUE,Nutrients,LF,0,0,0,0,0,0,0,0,0,0,0,0,0,0,0,0,0,0
LF2_RN6,21,Nov,2014,RN,LF2,TRUE,Nutrients,LF,0,0,0,0,0,0,0,0,15,0,0,0,0,0,0,0,10,0
LF2_RN6,21,Nov,2015,RN,LF2,TRUE,Nutrients,LF,0,1,0,0,0,0,0,0,6,0,0,0,0,0,0,0,9,0
LF2_RN7,22,Aug,2013,RN,LF2,TRUE,Nutrients,LF,0,0,0,0,0,0,0,0,0,0,0,0,0,0,0,0,0,0
LF2_RN7,22,Aug,2014,RN,LF2,TRUE,Nutrients,LF,0,0,0,0,0,0,0,0,2,0,0,0,0,0,0,0,2,0
LF2_RN7,22,Aug,2015,RN,LF2,TRUE,Nutrients,LF,0,0,0,1,0,0,0,0,2,0,0,0,0,0,0,0,5,0
LF2_RN7,22,Nov,2013,RN,LF2,TRUE,Nutrients,LF,0,0,0,0,0,0,0,0,0,0,0,0,0,0,0,0,0,0
LF2_RN7,22,Nov,2014,RN,LF2,TRUE,Nutrients,LF,0,0,0,0,0,0,0,0,16,0,0,0,0,0,0,0,4,0
LF2_RN7,22,Nov,2015,RN,LF2,TRUE,Nutrients,LF,0,0,0,1,0,0,0,0,3,0,0,0,0,0,0,0,5,0
LF2_RN8,23,Aug,2013,RN,LF2,TRUE,Nutrients,LF,0,0,0,0,0,0,0,0,0,0,0,0,0,0,0,0,0,0
LF2_RN8,23,Aug,2014,RN,LF2,TRUE,Nutrients,LF,0,2,0,0,0,0,0,0,2,0,0,0,0,0,0,0,2,0
LF2_RN8,23,Aug,2015,RN,LF2,TRUE,Nutrients,LF,0,0,0,1,0,0,0,0,2,0,0,0,0,0,0,0,3,1
LF2_RN8,23,Nov,2013,RN,LF2,TRUE,Nutrients,LF,0,0,0,0,0,0,0,0,0,0,0,0,0,0,0,0,0,0
LF2_RN8,23,Nov,2014,RN,LF2,TRUE,Nutrients,LF,0,1,0,1,0,0,0,0,12,0,0,0,0,0,0,0,2,1
LF2_RN8,23,Nov,2015,RN,LF2,TRUE,Nutrients,LF,0,0,0,1,0,0,0,0,1,0,0,0,0,0,0,0,2,1
LF2_RN9,24,Aug,2013,RN,LF2,TRUE,Nutrients,LF,0,0,0,0,0,0,0,0,0,0,0,0,0,0,0,0,0,0
LF2_RN9,24,Aug,2014,RN,LF2,TRUE,Nutrients,LF,0,0,0,0,0,0,0,0,3,0,0,0,0,0,0,0,4,0
LF2_RN9,24,Aug,2015,RN,LF2,TRUE,Nutrients,LF,0,0,0,0,0,0,0,0,0,0,0,0,0,0,0,0,5,0
LF2_RN9,24,Nov,2013,RN,LF2,TRUE,Nutrients,LF,0,0,0,0,0,0,0,0,0,0,0,0,0,0,0,0,0,0
LF2_RN9,24,Nov,2014,RN,LF2,TRUE,Nutrients,LF,0,0,0,0,0,0,0,0,9,0,0,0,0,0,0,0,5,0
LF2_RN9,24,Nov,2015,RN,LF2,TRUE,Nutrients,LF,0,0,0,0,0,0,0,0,1,0,0,0,0,0,0,0,3,0
LF3_RN1,31,Aug,2013,RN,LF3,TRUE,Nutrients,LF,0,0,0,0,0,0,0,0,0,0,0,0,0,0,0,0,0,0
LF3_RN1,31,Aug,2014,RN,LF3,TRUE,Nutrients,LF,0,0,0,0,0,0,0,0,2,0,0,0,0,0,0,0,0,0
LF3_RN1,31,Aug,2015,RN,LF3,TRUE,Nutrients,LF,0,0,0,0,0,0,0,0,2,0,0,0,0,0,0,0,1,0
LF3_RN1,31,Nov,2013,RN,LF3,TRUE,Nutrients,LF,0,0,0,0,0,0,0,0,0,0,0,0,0,0,0,0,0,0
LF3_RN1,31,Nov,2014,RN,LF3,TRUE,Nutrients,LF,0,0,0,0,0,0,0,0,7,0,0,0,0,0,0,0,1,0
LF3_RN1,31,Nov,2015,RN,LF3,TRUE,Nutrients,LF,0,0,0,0,0,0,0,0,1,0,0,0,0,0,0,0,1,0
LF3_RN10,40,Aug,2013,RN,LF3,TRUE,Nutrients,LF,0,0,0,0,0,0,0,0,0,0,0,0,0,0,0,0,0,0
LF3_RN10,40,Aug,2014,RN,LF3,TRUE,Nutrients,LF,0,0,0,0,0,0,0,0,0,0,0,0,0,0,0,0,3,0
LF3_RN10,40,Aug,2015,RN,LF3,TRUE,Nutrients,LF,0,0,0,0,0,0,0,0,2,0,0,0,0,0,0,1,3,0
LF3_RN10,40,Nov,2013,RN,LF3,TRUE,Nutrients,LF,0,0,0,0,0,0,0,0,0,0,0,0,0,0,0,0,0,0
LF3_RN10,40,Nov,2014,RN,LF3,TRUE,Nutrients,LF,0,0,0,0,0,0,0,0,1,0,0,0,0,0,0,0,3,0
LF3_RN10,40,Nov,2015,RN,LF3,TRUE,Nutrients,LF,0,0,0,1,0,0,0,0,1,0,0,0,0,0,0,0,3,0
LF3_RN11,41,Aug,2013,RN,LF3,TRUE,Nutrients,LF,0,0,0,0,0,0,0,0,0,0,0,0,0,0,0,0,0,0
LF3_RN11,41,Aug,2014,RN,LF3,TRUE,Nutrients,LF,0,0,0,0,0,0,0,0,1,0,0,0,0,0,0,0,2,0
LF3_RN11,41,Aug,2015,RN,LF3,TRUE,Nutrients,LF,0,0,0,0,0,0,0,0,1,0,0,0,0,0,0,0,5,0
LF3_RN11,41,Nov,2013,RN,LF3,TRUE,Nutrients,LF,0,0,0,0,0,0,0,0,0,0,0,0,0,0,0,0,0,0
LF3_RN11,41,Nov,2014,RN,LF3,TRUE,Nutrients,LF,0,0,0,0,0,0,0,0,7,0,0,0,0,0,0,0,4,0
LF3_RN11,41,Nov,2015,RN,LF3,TRUE,Nutrients,LF,0,0,0,0,0,0,0,0,3,0,0,0,0,0,0,0,5,0
LF3_RN12,42,Aug,2013,RN,LF3,TRUE,Nutrients,LF,0,0,0,0,0,0,0,0,0,0,0,1,0,0,0,0,0,0
LF3_RN12,42,Aug,2014,RN,LF3,TRUE,Nutrients,LF,0,0,0,0,0,0,0,0,0,0,0,0,0,0,0,0,6,0
LF3_RN12,42,Aug,2015,RN,LF3,TRUE,Nutrients,LF,0,0,0,0,0,0,0,0,0,0,0,0,0,0,0,0,5,0
LF3_RN12,42,Nov,2013,RN,LF3,TRUE,Nutrients,LF,0,0,0,0,0,0,0,0,0,0,0,0,0,0,0,0,0,0
LF3_RN12,42,Nov,2014,RN,LF3,TRUE,Nutrients,LF,0,0,0,0,0,0,0,0,0,0,0,0,0,0,0,0,6,0
LF3_RN12,42,Nov,2015,RN,LF3,TRUE,Nutrients,LF,0,0,0,0,0,0,0,0,0,0,0,0,0,0,0,0,4,0
LF3_RN13,43,Aug,2013,RN,LF3,TRUE,Nutrients,LF,0,0,0,0,0,0,0,0,0,0,0,0,0,0,0,0,0,0
LF3_RN13,43,Aug,2014,RN,LF3,TRUE,Nutrients,LF,0,0,0,0,0,0,0,0,1,0,0,0,0,0,0,0,3,0
LF3_RN13,43,Aug,2015,RN,LF3,TRUE,Nutrients,LF,0,0,0,1,0,0,0,0,1,0,0,0,0,0,0,0,2,0
LF3_RN13,43,Nov,2013,RN,LF3,TRUE,Nutrients,LF,0,0,0,0,0,0,0,0,0,0,0,0,0,0,0,0,0,0
LF3_RN13,43,Nov,2014,RN,LF3,TRUE,Nutrients,LF,0,0,0,0,0,0,0,0,0,0,0,0,0,0,0,0,2,0
LF3_RN13,43,Nov,2015,RN,LF3,TRUE,Nutrients,LF,0,0,0,1,0,0,0,0,1,0,0,0,0,0,0,0,1,0
LF3_RN14,44,Aug,2013,RN,LF3,TRUE,Nutrients,LF,0,0,0,0,0,0,0,0,0,0,0,0,0,0,0,0,0,1
LF3_RN14,44,Aug,2014,RN,LF3,TRUE,Nutrients,LF,0,0,0,0,0,0,0,0,0,0,0,0,0,0,0,0,4,0
LF3_RN14,44,Aug,2015,RN,LF3,TRUE,Nutrients,LF,0,0,0,0,0,0,0,0,0,0,0,0,0,0,0,0,5,0
LF3_RN14,44,Nov,2013,RN,LF3,TRUE,Nutrients,LF,0,0,0,0,0,0,0,0,0,0,0,0,0,0,0,0,0,0
LF3_RN14,44,Nov,2014,RN,LF3,TRUE,Nutrients,LF,0,0,0,0,0,0,0,0,3,0,1,0,0,0,0,0,6,2
LF3_RN14,44,Nov,2015,RN,LF3,TRUE,Nutrients,LF,0,0,0,0,0,0,0,0,0,0,0,0,0,0,0,0,4,0
LF3_RN15,45,Aug,2013,RN,LF3,TRUE,Nutrients,LF,0,0,0,0,0,0,0,0,0,0,0,0,0,0,0,0,0,0
LF3_RN15,45,Aug,2014,RN,LF3,TRUE,Nutrients,LF,0,0,0,0,0,0,0,0,0,0,0,0,0,0,0,0,0,0
LF3_RN15,45,Aug,2015,RN,LF3,TRUE,Nutrients,LF,0,0,0,0,0,0,0,0,1,0,1,0,0,0,0,0,4,0
LF3_RN15,45,Nov,2013,RN,LF3,TRUE,Nutrients,LF,0,0,0,0,0,0,0,0,0,0,0,0,0,0,0,0,0,0
LF3_RN15,45,Nov,2014,RN,LF3,TRUE,Nutrients,LF,0,0,0,0,0,0,0,0,3,0,1,0,0,0,0,0,0,0
LF3_RN15,45,Nov,2015,RN,LF3,TRUE,Nutrients,LF,0,0,0,0,0,0,0,0,0,0,0,0,0,0,0,0,0,0
LF3_RN2,32,Aug,2013,RN,LF3,TRUE,Nutrients,LF,0,0,0,0,0,0,0,0,0,0,0,0,0,0,0,0,0,0
LF3_RN2,32,Aug,2014,RN,LF3,TRUE,Nutrients,LF,0,0,0,0,0,0,0,0,5,0,0,0,0,0,0,0,1,0
LF3_RN2,32,Aug,2015,RN,LF3,TRUE,Nutrients,LF,0,0,0,0,0,0,0,0,2,0,0,0,0,0,0,0,2,0
LF3_RN2,32,Nov,2013,RN,LF3,TRUE,Nutrients,LF,0,0,0,0,0,0,0,0,0,0,0,0,0,0,0,0,0,0
LF3_RN2,32,Nov,2014,RN,LF3,TRUE,Nutrients,LF,0,0,0,0,0,0,0,0,3,0,0,0,0,0,0,0,2,0
LF3_RN2,32,Nov,2015,RN,LF3,TRUE,Nutrients,LF,0,0,0,0,0,0,0,0,1,0,0,0,0,0,0,0,2,0
LF3_RN3,33,Aug,2013,RN,LF3,TRUE,Nutrients,LF,0,0,0,0,0,0,0,0,0,0,0,0,0,0,0,0,0,0
LF3_RN3,33,Aug,2014,RN,LF3,TRUE,Nutrients,LF,0,0,0,0,0,0,0,0,3,0,0,0,0,0,0,0,1,0
LF3_RN3,33,Aug,2015,RN,LF3,TRUE,Nutrients,LF,0,0,0,0,0,0,0,0,3,0,0,0,0,0,0,0,2,0
LF3_RN3,33,Nov,2013,RN,LF3,TRUE,Nutrients,LF,0,0,0,0,0,0,0,0,0,0,0,0,0,0,0,0,0,0
LF3_RN3,33,Nov,2014,RN,LF3,TRUE,Nutrients,LF,0,0,0,0,0,0,0,0,4,0,0,0,0,0,0,0,2,1
LF3_RN3,33,Nov,2015,RN,LF3,TRUE,Nutrients,LF,0,0,0,0,0,0,0,0,1,0,0,0,0,0,0,0,3,0
LF3_RN4,34,Aug,2013,RN,LF3,TRUE,Nutrients,LF,0,0,0,0,0,0,0,0,0,0,0,0,0,0,0,0,0,0
LF3_RN4,34,Aug,2014,RN,LF3,TRUE,Nutrients,LF,0,0,0,0,0,0,0,0,0,0,0,0,0,0,0,0,5,0
LF3_RN4,34,Aug,2015,RN,LF3,TRUE,Nutrients,LF,0,0,0,0,0,0,0,0,1,0,0,0,0,0,0,0,5,0
LF3_RN4,34,Nov,2013,RN,LF3,TRUE,Nutrients,LF,0,0,0,0,0,0,0,0,0,0,0,0,0,0,0,0,0,0
LF3_RN4,34,Nov,2014,RN,LF3,TRUE,Nutrients,LF,0,0,0,0,0,0,0,0,7,0,1,0,0,0,0,0,4,0
LF3_RN4,34,Nov,2015,RN,LF3,TRUE,Nutrients,LF,0,0,0,0,0,0,0,0,1,0,0,0,0,0,0,0,4,0
LF3_RN5,35,Aug,2013,RN,LF3,TRUE,Nutrients,LF,0,0,0,0,0,0,0,0,0,0,0,0,0,0,0,0,0,0
LF3_RN5,35,Aug,2014,RN,LF3,TRUE,Nutrients,LF,0,0,0,1,0,0,0,0,0,0,0,0,0,0,0,0,1,1
LF3_RN5,35,Aug,2015,RN,LF3,TRUE,Nutrients,LF,0,0,0,1,0,0,0,0,1,0,0,0,0,0,0,0,1,1
LF3_RN5,35,Nov,2013,RN,LF3,TRUE,Nutrients,LF,0,0,0,0,0,0,0,0,0,0,0,0,0,0,0,0,0,0
LF3_RN5,35,Nov,2014,RN,LF3,TRUE,Nutrients,LF,0,0,0,1,0,0,0,0,2,0,0,0,0,0,0,0,1,0
LF3_RN5,35,Nov,2015,RN,LF3,TRUE,Nutrients,LF,0,0,0,1,0,0,0,0,1,0,0,0,0,0,0,0,1,1
LF3_RN6,36,Aug,2013,RN,LF3,TRUE,Nutrients,LF,0,0,0,0,0,0,0,0,0,0,0,0,0,0,0,0,0,0
LF3_RN6,36,Aug,2014,RN,LF3,TRUE,Nutrients,LF,0,0,0,0,0,0,0,0,4,0,0,0,0,0,0,0,6,0
LF3_RN6,36,Aug,2015,RN,LF3,TRUE,Nutrients,LF,0,0,0,0,0,0,0,0,1,0,0,0,0,0,0,0,7,0
LF3_RN6,36,Nov,2013,RN,LF3,TRUE,Nutrients,LF,0,0,0,0,0,0,0,0,0,0,0,0,0,0,0,0,0,0
LF3_RN6,36,Nov,2014,RN,LF3,TRUE,Nutrients,LF,0,0,0,0,0,0,0,0,7,0,0,0,0,0,0,0,7,0
LF3_RN6,36,Nov,2015,RN,LF3,TRUE,Nutrients,LF,0,0,0,1,0,0,0,0,1,0,0,0,0,0,0,0,6,0
LF3_RN7,37,Aug,2013,RN,LF3,TRUE,Nutrients,LF,0,0,0,0,0,0,0,0,0,0,0,0,0,0,0,0,0,0
LF3_RN7,37,Aug,2014,RN,LF3,TRUE,Nutrients,LF,0,0,0,0,0,0,0,0,1,0,0,0,0,0,0,0,2,0
LF3_RN7,37,Aug,2015,RN,LF3,TRUE,Nutrients,LF,0,0,0,0,0,0,0,0,0,0,0,0,0,0,0,0,2,0
LF3_RN7,37,Nov,2013,RN,LF3,TRUE,Nutrients,LF,0,0,0,0,0,0,0,0,0,0,0,0,0,0,0,0,0,0
LF3_RN7,37,Nov,2014,RN,LF3,TRUE,Nutrients,LF,0,0,0,0,0,0,0,0,1,0,0,0,0,0,0,0,2,0
LF3_RN7,37,Nov,2015,RN,LF3,TRUE,Nutrients,LF,0,0,0,1,0,0,0,0,2,0,0,0,0,0,0,0,2,2
LF3_RN8,38,Aug,2013,RN,LF3,TRUE,Nutrients,LF,0,0,0,0,0,0,0,0,0,0,0,0,0,0,0,0,0,0
LF3_RN8,38,Aug,2014,RN,LF3,TRUE,Nutrients,LF,0,0,0,0,0,0,0,0,3,0,1,0,0,0,0,0,1,0
LF3_RN8,38,Aug,2015,RN,LF3,TRUE,Nutrients,LF,0,0,0,0,0,0,0,0,0,0,0,0,0,0,0,0,1,0
LF3_RN8,38,Nov,2013,RN,LF3,TRUE,Nutrients,LF,0,0,0,0,0,0,0,0,0,0,0,0,0,0,0,0,0,0
LF3_RN8,38,Nov,2014,RN,LF3,TRUE,Nutrients,LF,0,0,0,0,0,0,0,0,5,0,1,0,0,0,0,0,1,0
LF3_RN8,38,Nov,2015,RN,LF3,TRUE,Nutrients,LF,0,0,0,0,0,0,0,0,0,0,1,0,0,0,0,0,1,0
LF3_RN9,39,Aug,2013,RN,LF3,TRUE,Nutrients,LF,0,0,0,0,0,0,0,0,0,0,0,0,0,0,0,0,0,0
LF3_RN9,39,Aug,2014,RN,LF3,TRUE,Nutrients,LF,0,0,0,0,0,0,0,0,0,0,0,0,0,0,0,0,0,0
LF3_RN9,39,Aug,2015,RN,LF3,TRUE,Nutrients,LF,0,0,0,0,0,0,0,0,0,0,0,0,0,0,0,0,0,0
LF3_RN9,39,Nov,2013,RN,LF3,TRUE,Nutrients,LF,0,0,0,0,0,0,0,0,0,0,0,0,0,0,0,0,0,0
LF3_RN9,39,Nov,2014,RN,LF3,TRUE,Nutrients,LF,0,0,0,0,0,0,0,0,0,0,0,0,0,0,0,0,0,0
LF3_RN9,39,Nov,2015,RN,LF3,TRUE,Nutrients,LF,0,0,0,0,0,0,0,0,0,0,0,0,0,0,0,0,0,0
