Plot,,Rep,Month,Year,Treatment,Site,Nurse,RP,Region,Aiz_can,Cha_inv,Che_den,Con_elo,Dro_his,Eri_mic,Gal_sar,Her_dis,Hip_ali,Hyp_sal,Leb_ser,Lei_sch,Man_alb,Pen_inc,Pte_div,G_Rus_spp,Sti_cil,Tet_fru,Tri_opp,Roe_mor
TR1_ALIVE1,6_22,1,Aug,2013,ALIVE,TR1,FALSE,ALIVE,TR,0,0,0,0,0,0,0,0,0,0,0,1,0,0,0,0,0,0,0,0
TR1_ALIVE1,6_22,1,Aug,2014,ALIVE,TR1,FALSE,ALIVE,TR,0,0,0,1,0,0,0,0,0,0,0,0,0,0,0,0,0,0,0,0
TR1_ALIVE1,6_22,1,Aug,2015,ALIVE,TR1,FALSE,ALIVE,TR,0,0,0,1,0,0,0,0,0,0,0,0,0,0,0,0,0,0,0,0
TR1_ALIVE1,6_22,1,Nov,2013,ALIVE,TR1,FALSE,ALIVE,TR,0,0,0,0,0,0,0,0,0,0,0,0,0,0,0,0,0,0,0,0
TR1_ALIVE1,6_22,1,Nov,2014,ALIVE,TR1,FALSE,ALIVE,TR,0,0,0,0,0,0,0,0,0,0,0,0,0,0,0,0,0,0,0,0
TR1_ALIVE1,6_22,1,Nov,2015,ALIVE,TR1,FALSE,ALIVE,TR,0,0,0,0,0,0,0,0,0,0,0,0,0,0,0,0,0,0,0,0
TR1_ALIVE10,6_22,10,Aug,2013,ALIVE,TR1,FALSE,ALIVE,TR,0,0,0,1,0,0,0,0,0,0,0,0,0,0,0,0,0,0,0,0
TR1_ALIVE10,6_22,10,Aug,2014,ALIVE,TR1,FALSE,ALIVE,TR,0,0,0,1,0,0,0,0,0,0,0,0,0,0,0,0,0,0,0,0
TR1_ALIVE10,6_22,10,Aug,2015,ALIVE,TR1,FALSE,ALIVE,TR,0,0,0,0,0,0,0,0,0,0,0,0,0,0,0,0,0,0,0,0
TR1_ALIVE10,6_22,10,Nov,2013,ALIVE,TR1,FALSE,ALIVE,TR,0,0,0,0,0,0,0,0,0,0,0,0,0,0,0,0,0,0,0,0
TR1_ALIVE10,6_22,10,Nov,2014,ALIVE,TR1,FALSE,ALIVE,TR,0,0,0,0,0,0,0,0,0,0,0,0,0,0,0,0,0,0,0,0
TR1_ALIVE10,6_22,10,Nov,2015,ALIVE,TR1,FALSE,ALIVE,TR,0,0,0,0,0,0,0,0,0,0,0,0,0,0,0,0,0,0,0,0
TR1_ALIVE11,6_22,11,Aug,2013,ALIVE,TR1,FALSE,ALIVE,TR,0,0,0,0,0,0,0,0,0,0,0,0,0,0,0,0,0,0,0,0
TR1_ALIVE11,6_22,11,Aug,2014,ALIVE,TR1,FALSE,ALIVE,TR,0,0,0,0,0,0,0,1,0,0,0,0,0,0,0,0,0,0,0,0
TR1_ALIVE11,6_22,11,Aug,2015,ALIVE,TR1,FALSE,ALIVE,TR,0,0,0,0,0,0,0,1,0,0,0,0,0,0,0,0,0,0,0,0
TR1_ALIVE11,6_22,11,Nov,2013,ALIVE,TR1,FALSE,ALIVE,TR,0,0,0,0,0,0,0,0,0,0,0,3,0,0,0,0,0,0,0,0
TR1_ALIVE11,6_22,11,Nov,2014,ALIVE,TR1,FALSE,ALIVE,TR,0,0,0,0,1,0,0,1,0,0,0,0,0,0,0,0,0,0,0,0
TR1_ALIVE11,6_22,11,Nov,2015,ALIVE,TR1,FALSE,ALIVE,TR,0,0,0,0,0,0,0,1,0,0,0,0,0,0,0,0,0,0,0,0
TR1_ALIVE12,6_22,12,Aug,2013,ALIVE,TR1,FALSE,ALIVE,TR,0,0,0,0,0,0,0,0,0,0,0,0,0,0,0,0,0,0,0,0
TR1_ALIVE12,6_22,12,Aug,2014,ALIVE,TR1,FALSE,ALIVE,TR,0,0,0,0,0,0,0,0,0,0,0,0,0,0,0,0,0,0,0,0
TR1_ALIVE12,6_22,12,Aug,2015,ALIVE,TR1,FALSE,ALIVE,TR,0,0,0,0,0,0,0,0,0,0,0,0,0,0,0,0,0,0,0,0
TR1_ALIVE12,6_22,12,Nov,2013,ALIVE,TR1,FALSE,ALIVE,TR,0,0,0,0,0,0,0,0,0,0,0,0,0,0,0,0,0,0,0,0
TR1_ALIVE12,6_22,12,Nov,2014,ALIVE,TR1,FALSE,ALIVE,TR,0,0,0,0,0,0,0,0,0,0,0,0,0,0,0,0,0,0,0,0
TR1_ALIVE12,6_22,12,Nov,2015,ALIVE,TR1,FALSE,ALIVE,TR,0,0,0,0,0,0,0,0,0,0,0,0,0,0,0,0,0,0,0,0
TR1_ALIVE13,6_22,13,Aug,2013,ALIVE,TR1,FALSE,ALIVE,TR,0,0,13,1,0,0,0,0,0,0,0,11,0,0,0,0,0,0,0,0
TR1_ALIVE13,6_22,13,Aug,2014,ALIVE,TR1,FALSE,ALIVE,TR,1,0,0,1,0,0,0,1,0,0,0,0,0,0,0,1,0,0,0,0
TR1_ALIVE13,6_22,13,Aug,2015,ALIVE,TR1,FALSE,ALIVE,TR,0,1,0,0,0,0,0,1,0,0,0,0,0,0,0,0,0,0,0,0
TR1_ALIVE13,6_22,13,Nov,2013,ALIVE,TR1,FALSE,ALIVE,TR,0,0,0,0,0,0,0,0,0,0,0,2,0,0,0,0,0,0,0,0
TR1_ALIVE13,6_22,13,Nov,2014,ALIVE,TR1,FALSE,ALIVE,TR,0,0,0,0,0,0,0,1,0,0,0,0,0,0,0,0,0,0,0,0
TR1_ALIVE13,6_22,13,Nov,2015,ALIVE,TR1,FALSE,ALIVE,TR,0,2,0,0,0,0,0,1,0,0,0,0,0,0,0,0,0,0,0,0
TR1_ALIVE14,6_22,14,Aug,2013,ALIVE,TR1,FALSE,ALIVE,TR,0,0,0,0,0,0,0,0,0,0,0,0,0,0,0,0,0,0,0,0
TR1_ALIVE14,6_22,14,Aug,2014,ALIVE,TR1,FALSE,ALIVE,TR,0,0,0,0,0,0,0,0,0,0,0,0,0,0,0,0,0,0,0,0
TR1_ALIVE14,6_22,14,Aug,2015,ALIVE,TR1,FALSE,ALIVE,TR,0,0,0,0,0,0,0,0,0,0,0,0,0,0,0,0,0,0,0,0
TR1_ALIVE14,6_22,14,Nov,2013,ALIVE,TR1,FALSE,ALIVE,TR,0,0,0,0,0,0,0,0,0,0,0,0,0,0,0,0,0,0,0,0
TR1_ALIVE14,6_22,14,Nov,2014,ALIVE,TR1,FALSE,ALIVE,TR,0,0,0,0,0,0,0,0,0,0,0,0,0,0,0,0,0,0,0,0
TR1_ALIVE14,6_22,14,Nov,2015,ALIVE,TR1,FALSE,ALIVE,TR,0,0,0,0,0,0,0,0,0,0,0,0,0,0,0,0,0,0,0,0
TR1_ALIVE15,6_22,15,Aug,2013,ALIVE,TR1,FALSE,ALIVE,TR,0,0,0,0,0,0,0,0,0,0,0,1,0,0,0,0,0,0,0,0
TR1_ALIVE15,6_22,15,Aug,2014,ALIVE,TR1,FALSE,ALIVE,TR,0,0,0,3,0,0,0,0,0,0,0,0,0,0,0,0,0,0,0,0
TR1_ALIVE15,6_22,15,Aug,2015,ALIVE,TR1,FALSE,ALIVE,TR,0,0,0,3,0,0,0,0,0,0,0,0,0,0,0,0,0,0,0,0
TR1_ALIVE15,6_22,15,Nov,2013,ALIVE,TR1,FALSE,ALIVE,TR,0,0,0,0,0,0,0,0,0,0,0,0,0,0,0,0,0,0,0,0
TR1_ALIVE15,6_22,15,Nov,2014,ALIVE,TR1,FALSE,ALIVE,TR,0,0,0,0,0,0,0,0,0,0,0,0,0,0,0,0,0,0,0,0
TR1_ALIVE15,6_22,15,Nov,2015,ALIVE,TR1,FALSE,ALIVE,TR,0,2,0,0,0,0,0,0,0,0,0,0,0,0,0,0,0,0,0,0
TR1_ALIVE2,6_22,2,Aug,2013,ALIVE,TR1,FALSE,ALIVE,TR,0,0,1,0,0,0,0,0,0,0,0,0,0,0,0,0,0,0,0,0
TR1_ALIVE2,6_22,2,Aug,2014,ALIVE,TR1,FALSE,ALIVE,TR,0,0,0,0,0,0,0,0,0,0,0,0,0,0,0,1,0,0,0,0
TR1_ALIVE2,6_22,2,Aug,2015,ALIVE,TR1,FALSE,ALIVE,TR,0,1,0,0,0,0,0,0,0,0,0,0,0,0,0,0,0,0,0,0
TR1_ALIVE2,6_22,2,Nov,2013,ALIVE,TR1,FALSE,ALIVE,TR,0,0,1,0,0,0,0,0,0,0,0,2,0,0,0,0,0,0,0,0
TR1_ALIVE2,6_22,2,Nov,2014,ALIVE,TR1,FALSE,ALIVE,TR,0,0,0,0,0,0,0,0,0,0,0,0,0,0,0,0,0,0,0,0
TR1_ALIVE2,6_22,2,Nov,2015,ALIVE,TR1,FALSE,ALIVE,TR,0,1,0,0,0,0,0,0,0,0,0,0,0,0,0,0,0,0,0,0
TR1_ALIVE3,6_22,3,Aug,2013,ALIVE,TR1,FALSE,ALIVE,TR,0,0,0,0,0,0,0,0,0,0,0,2,0,0,1,0,0,0,0,0
TR1_ALIVE3,6_22,3,Aug,2014,ALIVE,TR1,FALSE,ALIVE,TR,0,0,0,1,0,0,0,0,0,0,0,0,0,0,0,0,0,0,0,0
TR1_ALIVE3,6_22,3,Aug,2015,ALIVE,TR1,FALSE,ALIVE,TR,0,0,0,0,0,0,0,0,0,0,0,0,0,0,0,0,0,0,0,0
TR1_ALIVE3,6_22,3,Nov,2013,ALIVE,TR1,FALSE,ALIVE,TR,0,0,0,0,0,0,0,0,0,0,0,0,0,0,0,0,0,0,0,0
TR1_ALIVE3,6_22,3,Nov,2014,ALIVE,TR1,FALSE,ALIVE,TR,0,0,0,0,0,0,0,0,0,0,0,0,1,0,0,0,0,0,0,0
TR1_ALIVE3,6_22,3,Nov,2015,ALIVE,TR1,FALSE,ALIVE,TR,0,0,0,0,0,0,0,0,0,0,0,0,0,0,0,0,0,0,0,0
TR1_ALIVE4,6_22,4,Aug,2013,ALIVE,TR1,FALSE,ALIVE,TR,0,0,0,0,0,0,0,0,0,0,0,5,0,0,0,0,0,0,0,0
TR1_ALIVE4,6_22,4,Aug,2014,ALIVE,TR1,FALSE,ALIVE,TR,0,0,0,1,0,0,0,0,0,0,0,0,0,0,0,1,0,0,0,0
TR1_ALIVE4,6_22,4,Aug,2015,ALIVE,TR1,FALSE,ALIVE,TR,0,0,0,0,0,0,0,0,0,0,0,0,0,0,0,0,0,0,0,0
TR1_ALIVE4,6_22,4,Nov,2013,ALIVE,TR1,FALSE,ALIVE,TR,0,0,0,0,0,0,0,0,0,0,0,0,0,0,0,0,0,0,0,0
TR1_ALIVE4,6_22,4,Nov,2014,ALIVE,TR1,FALSE,ALIVE,TR,0,0,0,0,0,0,0,0,0,0,0,0,0,0,0,0,0,0,0,0
TR1_ALIVE4,6_22,4,Nov,2015,ALIVE,TR1,FALSE,ALIVE,TR,0,1,0,0,0,0,0,0,0,0,0,0,0,0,0,0,0,0,0,0
TR1_ALIVE5,6_22,5,Aug,2013,ALIVE,TR1,FALSE,ALIVE,TR,0,0,0,0,1,0,0,0,0,0,0,2,0,0,0,0,0,0,0,0
TR1_ALIVE5,6_22,5,Aug,2014,ALIVE,TR1,FALSE,ALIVE,TR,0,0,0,1,0,0,0,0,0,0,0,0,0,0,0,0,0,0,0,0
TR1_ALIVE5,6_22,5,Aug,2015,ALIVE,TR1,FALSE,ALIVE,TR,0,2,0,0,0,0,0,0,0,0,0,0,0,0,0,0,0,0,0,0
TR1_ALIVE5,6_22,5,Nov,2013,ALIVE,TR1,FALSE,ALIVE,TR,0,0,0,0,1,0,0,0,0,0,0,0,0,0,0,0,0,0,0,0
TR1_ALIVE5,6_22,5,Nov,2014,ALIVE,TR1,FALSE,ALIVE,TR,0,2,0,0,0,0,0,0,0,0,0,0,0,0,0,0,0,0,0,0
TR1_ALIVE5,6_22,5,Nov,2015,ALIVE,TR1,FALSE,ALIVE,TR,0,2,0,0,0,0,0,0,0,0,0,0,0,0,0,0,0,0,0,0
TR1_ALIVE6,6_22,6,Aug,2013,ALIVE,TR1,FALSE,ALIVE,TR,0,0,0,0,0,0,0,0,0,0,0,1,0,0,1,0,0,0,0,0
TR1_ALIVE6,6_22,6,Aug,2014,ALIVE,TR1,FALSE,ALIVE,TR,0,0,0,0,0,0,0,0,0,0,0,0,0,0,0,0,0,0,0,0
TR1_ALIVE6,6_22,6,Aug,2015,ALIVE,TR1,FALSE,ALIVE,TR,0,2,0,3,0,0,0,0,0,0,0,0,0,0,0,0,0,0,0,0
TR1_ALIVE6,6_22,6,Nov,2013,ALIVE,TR1,FALSE,ALIVE,TR,0,0,0,0,0,0,0,0,1,0,0,0,0,0,0,0,0,0,0,0
TR1_ALIVE6,6_22,6,Nov,2014,ALIVE,TR1,FALSE,ALIVE,TR,0,1,0,0,0,0,0,0,0,0,0,0,0,0,0,0,0,0,0,0
TR1_ALIVE6,6_22,6,Nov,2015,ALIVE,TR1,FALSE,ALIVE,TR,0,1,0,0,0,0,0,0,0,0,0,0,0,0,0,0,0,0,0,0
TR1_ALIVE7,6_22,7,Aug,2013,ALIVE,TR1,FALSE,ALIVE,TR,0,0,4,0,0,0,0,0,0,0,0,1,0,0,0,0,0,0,0,0
TR1_ALIVE7,6_22,7,Aug,2014,ALIVE,TR1,FALSE,ALIVE,TR,0,0,0,2,0,0,0,0,0,0,0,0,0,0,0,0,0,0,0,0
TR1_ALIVE7,6_22,7,Aug,2015,ALIVE,TR1,FALSE,ALIVE,TR,0,0,0,0,0,0,0,0,0,0,0,0,0,0,0,0,0,0,0,0
TR1_ALIVE7,6_22,7,Nov,2013,ALIVE,TR1,FALSE,ALIVE,TR,0,0,0,0,0,0,0,0,0,0,0,0,0,0,0,0,0,0,0,0
TR1_ALIVE7,6_22,7,Nov,2014,ALIVE,TR1,FALSE,ALIVE,TR,0,0,0,0,0,0,0,0,0,0,0,0,0,0,0,0,0,0,0,0
TR1_ALIVE7,6_22,7,Nov,2015,ALIVE,TR1,FALSE,ALIVE,TR,0,0,0,0,0,0,0,0,0,0,0,0,0,0,0,0,0,0,0,0
TR1_ALIVE8,6_22,8,Aug,2013,ALIVE,TR1,FALSE,ALIVE,TR,0,0,0,0,0,0,0,0,0,0,0,0,0,0,0,0,0,0,0,0
TR1_ALIVE8,6_22,8,Aug,2014,ALIVE,TR1,FALSE,ALIVE,TR,0,0,1,1,1,0,0,0,0,0,0,0,0,0,0,0,0,0,0,0
TR1_ALIVE8,6_22,8,Aug,2015,ALIVE,TR1,FALSE,ALIVE,TR,0,0,0,0,0,0,0,0,0,0,0,0,0,0,0,0,0,0,0,0
TR1_ALIVE8,6_22,8,Nov,2013,ALIVE,TR1,FALSE,ALIVE,TR,0,0,0,0,0,0,0,0,0,0,0,0,0,0,0,0,0,0,0,0
TR1_ALIVE8,6_22,8,Nov,2014,ALIVE,TR1,FALSE,ALIVE,TR,0,0,0,0,1,0,0,0,0,0,0,0,0,0,0,0,0,0,0,0
TR1_ALIVE8,6_22,8,Nov,2015,ALIVE,TR1,FALSE,ALIVE,TR,0,0,0,0,0,0,0,0,0,0,0,0,0,0,0,0,0,0,0,0
TR1_ALIVE9,6_22,9,Aug,2013,ALIVE,TR1,FALSE,ALIVE,TR,0,0,1,0,0,0,0,0,0,0,0,0,0,0,0,0,0,0,0,0
TR1_ALIVE9,6_22,9,Aug,2014,ALIVE,TR1,FALSE,ALIVE,TR,0,0,0,0,0,0,0,0,0,0,0,0,0,0,0,0,0,0,0,0
TR1_ALIVE9,6_22,9,Aug,2015,ALIVE,TR1,FALSE,ALIVE,TR,0,0,0,0,0,0,0,0,0,0,0,0,0,0,0,0,0,0,0,0
TR1_ALIVE9,6_22,9,Nov,2013,ALIVE,TR1,FALSE,ALIVE,TR,0,0,0,0,0,0,0,0,0,0,0,0,0,0,0,0,0,0,0,0
TR1_ALIVE9,6_22,9,Nov,2014,ALIVE,TR1,FALSE,ALIVE,TR,0,0,0,0,0,0,0,0,0,0,0,0,1,0,0,1,0,0,0,0
TR1_ALIVE9,6_22,9,Nov,2015,ALIVE,TR1,FALSE,ALIVE,TR,0,0,0,0,0,0,0,0,0,0,0,0,0,0,0,0,0,0,0,0
TR2_ALIVE1,6_22,16,Aug,2013,ALIVE,TR2,FALSE,ALIVE,TR,0,0,0,0,0,0,0,0,0,0,0,0,0,0,0,0,0,0,0,0
TR2_ALIVE1,6_22,16,Aug,2014,ALIVE,TR2,FALSE,ALIVE,TR,0,0,1,1,0,0,0,0,0,0,0,0,0,0,0,0,0,0,0,0
TR2_ALIVE1,6_22,16,Aug,2015,ALIVE,TR2,FALSE,ALIVE,TR,0,2,2,1,0,0,0,0,0,0,0,0,0,0,0,0,0,0,0,0
TR2_ALIVE1,6_22,16,Nov,2013,ALIVE,TR2,FALSE,ALIVE,TR,0,0,0,0,0,0,0,0,0,0,0,0,0,0,0,0,0,0,0,0
TR2_ALIVE1,6_22,16,Nov,2014,ALIVE,TR2,FALSE,ALIVE,TR,0,3,1,0,0,0,0,0,0,0,0,0,0,0,0,0,0,0,0,0
TR2_ALIVE1,6_22,16,Nov,2015,ALIVE,TR2,FALSE,ALIVE,TR,0,1,1,0,0,0,0,0,0,0,0,0,0,0,0,0,0,0,0,0
TR2_ALIVE10,6_22,25,Aug,2013,ALIVE,TR2,FALSE,ALIVE,TR,0,0,0,1,0,0,0,2,0,0,0,5,0,0,0,0,0,0,0,1
TR2_ALIVE10,6_22,25,Aug,2014,ALIVE,TR2,FALSE,ALIVE,TR,0,0,0,0,0,0,0,2,0,0,0,2,0,0,0,1,0,0,0,0
TR2_ALIVE10,6_22,25,Aug,2015,ALIVE,TR2,FALSE,ALIVE,TR,0,0,0,0,1,0,0,1,0,0,0,3,0,0,0,0,0,0,0,0
TR2_ALIVE10,6_22,25,Nov,2013,ALIVE,TR2,FALSE,ALIVE,TR,0,0,3,0,0,0,0,1,0,0,0,0,0,0,0,0,0,0,0,0
TR2_ALIVE10,6_22,25,Nov,2014,ALIVE,TR2,FALSE,ALIVE,TR,0,0,0,0,1,0,0,1,0,0,0,3,0,0,0,0,0,0,0,0
TR2_ALIVE10,6_22,25,Nov,2015,ALIVE,TR2,FALSE,ALIVE,TR,0,0,0,0,1,0,0,1,0,0,0,2,0,0,0,0,0,0,0,0
TR2_ALIVE11,6_22,26,Aug,2013,ALIVE,TR2,FALSE,ALIVE,TR,0,0,0,0,1,0,0,0,0,0,0,0,0,0,0,0,0,0,0,0
TR2_ALIVE11,6_22,26,Aug,2014,ALIVE,TR2,FALSE,ALIVE,TR,0,0,3,0,2,0,0,0,0,0,0,0,0,0,0,0,0,0,0,0
TR2_ALIVE11,6_22,26,Aug,2015,ALIVE,TR2,FALSE,ALIVE,TR,0,0,1,0,1,0,0,0,0,0,0,0,0,0,0,0,0,0,0,1
TR2_ALIVE11,6_22,26,Nov,2013,ALIVE,TR2,FALSE,ALIVE,TR,0,0,0,0,0,0,0,0,0,0,0,0,0,0,0,0,0,0,0,0
TR2_ALIVE11,6_22,26,Nov,2014,ALIVE,TR2,FALSE,ALIVE,TR,0,0,2,0,1,0,0,0,0,0,0,0,0,0,0,0,0,0,0,0
TR2_ALIVE11,6_22,26,Nov,2015,ALIVE,TR2,FALSE,ALIVE,TR,0,0,2,0,1,0,0,0,0,0,0,0,0,0,0,0,0,0,0,0
TR2_ALIVE12,6_22,27,Aug,2013,ALIVE,TR2,FALSE,ALIVE,TR,0,0,1,1,0,0,0,1,0,0,0,0,0,0,0,0,0,0,0,0
TR2_ALIVE12,6_22,27,Aug,2014,ALIVE,TR2,FALSE,ALIVE,TR,0,0,1,0,0,0,0,0,0,0,0,0,0,0,0,0,0,0,0,0
TR2_ALIVE12,6_22,27,Aug,2015,ALIVE,TR2,FALSE,ALIVE,TR,0,0,1,0,0,0,0,0,0,0,0,0,0,0,0,0,0,0,0,0
TR2_ALIVE12,6_22,27,Nov,2013,ALIVE,TR2,FALSE,ALIVE,TR,0,0,0,0,0,0,0,0,0,0,0,0,0,0,0,0,0,0,0,0
TR2_ALIVE12,6_22,27,Nov,2014,ALIVE,TR2,FALSE,ALIVE,TR,0,0,1,0,0,0,0,0,0,0,0,0,0,1,0,0,0,0,0,0
TR2_ALIVE12,6_22,27,Nov,2015,ALIVE,TR2,FALSE,ALIVE,TR,0,0,1,0,0,0,0,0,0,0,0,0,0,1,0,0,0,0,0,0
TR2_ALIVE13,6_22,28,Aug,2013,ALIVE,TR2,FALSE,ALIVE,TR,0,0,1,0,0,0,0,0,0,0,0,2,0,0,0,0,0,0,0,0
TR2_ALIVE13,6_22,28,Aug,2014,ALIVE,TR2,FALSE,ALIVE,TR,0,0,1,0,0,0,0,0,0,0,0,2,0,0,0,0,0,0,0,0
TR2_ALIVE13,6_22,28,Aug,2015,ALIVE,TR2,FALSE,ALIVE,TR,0,0,1,0,0,0,0,0,0,0,0,1,0,0,0,0,0,0,0,0
TR2_ALIVE13,6_22,28,Nov,2013,ALIVE,TR2,FALSE,ALIVE,TR,0,0,0,0,0,0,0,0,0,0,0,0,0,0,0,0,0,0,0,0
TR2_ALIVE13,6_22,28,Nov,2014,ALIVE,TR2,FALSE,ALIVE,TR,0,1,1,0,0,0,0,0,0,0,0,2,0,1,0,0,0,0,0,0
TR2_ALIVE13,6_22,28,Nov,2015,ALIVE,TR2,FALSE,ALIVE,TR,0,3,1,0,0,0,0,0,0,0,0,1,0,1,0,0,0,0,0,0
TR2_ALIVE14,6_22,29,Aug,2013,ALIVE,TR2,FALSE,ALIVE,TR,0,0,0,0,0,0,0,0,0,0,0,0,0,0,0,0,0,0,0,0
TR2_ALIVE14,6_22,29,Aug,2014,ALIVE,TR2,FALSE,ALIVE,TR,0,0,0,1,0,0,0,0,0,0,0,0,0,0,0,0,0,0,0,0
TR2_ALIVE14,6_22,29,Aug,2015,ALIVE,TR2,FALSE,ALIVE,TR,0,0,0,1,0,0,0,0,0,0,0,0,0,0,0,0,0,0,0,0
TR2_ALIVE14,6_22,29,Nov,2013,ALIVE,TR2,FALSE,ALIVE,TR,0,0,0,0,0,0,0,0,0,0,0,0,0,0,0,0,0,0,0,0
TR2_ALIVE14,6_22,29,Nov,2014,ALIVE,TR2,FALSE,ALIVE,TR,0,0,0,0,0,0,0,1,0,0,0,0,0,0,0,0,0,0,0,0
TR2_ALIVE14,6_22,29,Nov,2015,ALIVE,TR2,FALSE,ALIVE,TR,0,0,0,0,0,0,0,0,0,0,0,0,0,0,0,0,0,0,0,0
TR2_ALIVE15,6_22,30,Aug,2013,ALIVE,TR2,FALSE,ALIVE,TR,0,0,0,0,0,0,0,0,0,0,0,0,0,0,0,0,0,0,0,0
TR2_ALIVE15,6_22,30,Aug,2014,ALIVE,TR2,FALSE,ALIVE,TR,0,0,0,0,0,0,0,0,0,0,0,0,0,0,0,0,0,0,0,0
TR2_ALIVE15,6_22,30,Aug,2015,ALIVE,TR2,FALSE,ALIVE,TR,0,1,0,0,0,0,0,0,0,0,0,0,0,0,0,0,0,0,0,0
TR2_ALIVE15,6_22,30,Nov,2013,ALIVE,TR2,FALSE,ALIVE,TR,0,0,0,0,0,0,0,0,0,0,0,0,0,0,0,0,0,0,0,0
TR2_ALIVE15,6_22,30,Nov,2014,ALIVE,TR2,FALSE,ALIVE,TR,0,0,1,0,0,0,0,0,0,0,0,0,0,0,0,0,0,0,0,0
TR2_ALIVE15,6_22,30,Nov,2015,ALIVE,TR2,FALSE,ALIVE,TR,0,0,1,0,0,0,0,0,0,0,0,0,0,0,0,0,0,0,0,0
TR2_ALIVE2,6_22,17,Aug,2013,ALIVE,TR2,FALSE,ALIVE,TR,0,0,5,0,0,0,0,0,0,0,0,7,0,0,1,0,0,0,0,1
TR2_ALIVE2,6_22,17,Aug,2014,ALIVE,TR2,FALSE,ALIVE,TR,0,0,1,0,0,0,0,0,0,0,0,0,0,0,0,0,0,0,0,1
TR2_ALIVE2,6_22,17,Aug,2015,ALIVE,TR2,FALSE,ALIVE,TR,0,0,1,0,0,0,0,0,0,0,0,0,0,0,0,0,0,0,0,0
TR2_ALIVE2,6_22,17,Nov,2013,ALIVE,TR2,FALSE,ALIVE,TR,0,0,15,0,0,0,0,0,0,0,0,8,0,0,0,0,0,0,0,1
TR2_ALIVE2,6_22,17,Nov,2014,ALIVE,TR2,FALSE,ALIVE,TR,0,0,1,1,0,0,0,0,0,0,0,0,0,0,1,0,0,0,0,0
TR2_ALIVE2,6_22,17,Nov,2015,ALIVE,TR2,FALSE,ALIVE,TR,0,0,1,0,0,0,0,0,0,0,0,0,0,0,0,0,0,0,0,0
TR2_ALIVE3,6_22,18,Aug,2013,ALIVE,TR2,FALSE,ALIVE,TR,0,0,0,0,0,0,0,0,0,0,0,0,0,0,0,0,0,0,0,0
TR2_ALIVE3,6_22,18,Aug,2014,ALIVE,TR2,FALSE,ALIVE,TR,0,0,2,1,1,0,0,0,0,0,0,7,1,1,2,0,0,0,0,0
TR2_ALIVE3,6_22,18,Aug,2015,ALIVE,TR2,FALSE,ALIVE,TR,0,0,0,0,0,0,0,0,0,0,0,0,0,0,0,0,0,0,0,0
TR2_ALIVE3,6_22,18,Nov,2013,ALIVE,TR2,FALSE,ALIVE,TR,0,0,0,0,0,0,0,0,0,0,0,0,0,0,0,0,0,0,0,0
TR2_ALIVE3,6_22,18,Nov,2014,ALIVE,TR2,FALSE,ALIVE,TR,0,0,2,0,3,0,0,0,0,0,0,9,0,0,2,0,0,0,0,0
TR2_ALIVE3,6_22,18,Nov,2015,ALIVE,TR2,FALSE,ALIVE,TR,0,0,1,0,1,0,0,0,0,0,0,7,0,0,0,0,0,0,0,0
TR2_ALIVE4,6_22,19,Aug,2013,ALIVE,TR2,FALSE,ALIVE,TR,0,0,0,0,1,0,0,0,0,0,0,0,0,0,0,0,0,0,0,0
TR2_ALIVE4,6_22,19,Aug,2014,ALIVE,TR2,FALSE,ALIVE,TR,1,0,1,1,0,0,0,0,0,0,0,0,0,0,0,0,0,0,0,0
TR2_ALIVE4,6_22,19,Aug,2015,ALIVE,TR2,FALSE,ALIVE,TR,0,0,1,0,0,0,0,0,0,0,0,0,0,0,0,0,0,0,0,0
TR2_ALIVE4,6_22,19,Nov,2013,ALIVE,TR2,FALSE,ALIVE,TR,0,0,1,0,0,0,0,0,0,0,0,0,0,0,0,0,0,0,0,0
TR2_ALIVE4,6_22,19,Nov,2014,ALIVE,TR2,FALSE,ALIVE,TR,0,0,1,0,0,0,0,0,0,0,0,0,0,0,0,0,0,0,0,0
TR2_ALIVE4,6_22,19,Nov,2015,ALIVE,TR2,FALSE,ALIVE,TR,0,0,1,0,0,0,0,0,0,0,0,0,0,0,0,0,0,0,0,0
TR2_ALIVE5,6_22,20,Aug,2013,ALIVE,TR2,FALSE,ALIVE,TR,0,0,5,0,0,0,0,0,0,0,0,12,0,0,0,0,0,0,0,0
TR2_ALIVE5,6_22,20,Aug,2014,ALIVE,TR2,FALSE,ALIVE,TR,0,0,0,1,0,0,0,0,0,0,0,9,0,0,0,0,0,0,0,0
TR2_ALIVE5,6_22,20,Aug,2015,ALIVE,TR2,FALSE,ALIVE,TR,0,0,0,0,0,0,0,0,0,0,0,6,0,0,0,0,0,0,0,0
TR2_ALIVE5,6_22,20,Nov,2013,ALIVE,TR2,FALSE,ALIVE,TR,0,0,7,0,0,0,0,0,0,0,0,7,0,0,0,0,0,0,0,0
TR2_ALIVE5,6_22,20,Nov,2014,ALIVE,TR2,FALSE,ALIVE,TR,0,0,0,0,1,0,0,0,0,0,0,10,0,0,0,0,0,0,0,0
TR2_ALIVE5,6_22,20,Nov,2015,ALIVE,TR2,FALSE,ALIVE,TR,0,0,0,0,0,0,0,0,0,0,0,6,0,0,0,0,0,0,0,0
TR2_ALIVE6,6_22,21,Aug,2013,ALIVE,TR2,FALSE,ALIVE,TR,0,0,7,0,2,0,0,0,0,0,0,3,0,0,0,0,0,0,0,0
TR2_ALIVE6,6_22,21,Aug,2014,ALIVE,TR2,FALSE,ALIVE,TR,0,0,0,0,0,0,0,0,0,0,0,1,0,0,0,0,0,0,0,0
TR2_ALIVE6,6_22,21,Aug,2015,ALIVE,TR2,FALSE,ALIVE,TR,0,0,0,0,0,0,0,0,0,0,0,0,0,0,0,0,0,0,0,0
TR2_ALIVE6,6_22,21,Nov,2013,ALIVE,TR2,FALSE,ALIVE,TR,0,0,0,0,0,0,0,1,0,0,0,0,0,0,0,0,0,0,0,0
TR2_ALIVE6,6_22,21,Nov,2014,ALIVE,TR2,FALSE,ALIVE,TR,0,0,0,0,0,0,0,0,0,0,0,0,1,0,0,0,0,0,0,0
TR2_ALIVE6,6_22,21,Nov,2015,ALIVE,TR2,FALSE,ALIVE,TR,0,0,0,0,0,0,0,0,0,0,0,0,0,0,0,0,0,0,0,0
TR2_ALIVE7,6_22,22,Aug,2013,ALIVE,TR2,FALSE,ALIVE,TR,0,0,1,0,0,0,0,0,0,0,0,0,0,0,0,0,0,0,0,0
TR2_ALIVE7,6_22,22,Aug,2014,ALIVE,TR2,FALSE,ALIVE,TR,0,0,3,0,1,0,0,0,0,0,0,0,0,0,0,0,0,0,0,0
TR2_ALIVE7,6_22,22,Aug,2015,ALIVE,TR2,FALSE,ALIVE,TR,0,1,3,1,0,0,0,0,0,0,0,0,0,0,0,0,0,0,0,0
TR2_ALIVE7,6_22,22,Nov,2013,ALIVE,TR2,FALSE,ALIVE,TR,0,0,0,0,0,0,0,0,0,0,0,0,0,0,0,0,0,0,0,0
TR2_ALIVE7,6_22,22,Nov,2014,ALIVE,TR2,FALSE,ALIVE,TR,0,1,3,0,1,0,0,0,0,0,0,0,0,0,0,0,0,0,0,0
TR2_ALIVE7,6_22,22,Nov,2015,ALIVE,TR2,FALSE,ALIVE,TR,0,0,3,0,1,0,0,0,0,0,0,0,0,0,0,0,0,0,0,0
TR2_ALIVE8,6_22,23,Aug,2013,ALIVE,TR2,FALSE,ALIVE,TR,0,0,0,0,0,0,0,0,0,0,0,5,0,0,0,0,0,0,0,1
TR2_ALIVE8,6_22,23,Aug,2014,ALIVE,TR2,FALSE,ALIVE,TR,0,0,0,0,0,0,0,0,0,0,0,12,0,0,0,0,0,0,0,1
TR2_ALIVE8,6_22,23,Aug,2015,ALIVE,TR2,FALSE,ALIVE,TR,0,0,1,0,0,0,0,0,0,0,0,14,0,1,0,0,0,0,0,1
TR2_ALIVE8,6_22,23,Nov,2013,ALIVE,TR2,FALSE,ALIVE,TR,0,0,4,0,0,0,0,0,0,0,0,8,0,0,0,0,0,0,0,1
TR2_ALIVE8,6_22,23,Nov,2014,ALIVE,TR2,FALSE,ALIVE,TR,0,0,1,0,0,0,0,0,0,0,0,20,0,1,0,0,0,0,0,0
TR2_ALIVE8,6_22,23,Nov,2015,ALIVE,TR2,FALSE,ALIVE,TR,0,0,1,0,0,0,0,0,0,0,0,10,0,1,0,0,0,0,0,1
TR2_ALIVE9,6_22,24,Aug,2013,ALIVE,TR2,FALSE,ALIVE,TR,0,0,5,0,0,0,0,0,0,0,0,4,0,0,1,0,0,0,0,0
TR2_ALIVE9,6_22,24,Aug,2014,ALIVE,TR2,FALSE,ALIVE,TR,0,0,9,0,0,0,0,0,0,0,0,0,0,0,0,0,0,0,0,0
TR2_ALIVE9,6_22,24,Aug,2015,ALIVE,TR2,FALSE,ALIVE,TR,0,1,10,0,1,0,0,0,0,0,0,3,0,0,0,0,0,0,0,0
TR2_ALIVE9,6_22,24,Nov,2013,ALIVE,TR2,FALSE,ALIVE,TR,0,0,8,0,0,0,0,0,0,0,0,3,0,0,1,0,0,0,0,0
TR2_ALIVE9,6_22,24,Nov,2014,ALIVE,TR2,FALSE,ALIVE,TR,0,1,11,0,2,1,0,0,0,0,0,4,0,0,0,0,0,0,0,0
TR2_ALIVE9,6_22,24,Nov,2015,ALIVE,TR2,FALSE,ALIVE,TR,0,1,8,0,2,0,0,0,0,0,0,4,0,0,0,0,0,0,0,0
TR3_ALIVE1,6_22,31,Aug,2013,ALIVE,TR3,FALSE,ALIVE,TR,0,0,0,0,0,0,0,0,0,0,0,0,0,0,0,0,0,0,0,0
TR3_ALIVE1,6_22,31,Aug,2014,ALIVE,TR3,FALSE,ALIVE,TR,0,0,0,0,0,0,0,2,0,0,0,0,0,0,0,0,0,0,0,0
TR3_ALIVE1,6_22,31,Aug,2015,ALIVE,TR3,FALSE,ALIVE,TR,0,0,0,0,0,0,0,1,0,0,0,0,0,0,0,0,0,0,0,0
TR3_ALIVE1,6_22,31,Nov,2013,ALIVE,TR3,FALSE,ALIVE,TR,0,0,0,0,0,0,0,0,0,0,0,0,0,0,0,0,0,0,0,0
TR3_ALIVE1,6_22,31,Nov,2014,ALIVE,TR3,FALSE,ALIVE,TR,0,0,0,0,0,0,0,2,0,0,0,0,0,0,0,0,0,0,0,0
TR3_ALIVE1,6_22,31,Nov,2015,ALIVE,TR3,FALSE,ALIVE,TR,0,0,0,0,0,0,0,2,0,0,0,0,0,0,0,0,0,0,0,0
TR3_ALIVE10,6_22,40,Aug,2013,ALIVE,TR3,FALSE,ALIVE,TR,0,0,6,0,2,0,0,0,0,0,0,2,0,0,1,0,0,0,0,0
TR3_ALIVE10,6_22,40,Aug,2014,ALIVE,TR3,FALSE,ALIVE,TR,0,0,0,0,1,0,0,0,0,0,0,0,0,0,0,0,0,0,0,0
TR3_ALIVE10,6_22,40,Aug,2015,ALIVE,TR3,FALSE,ALIVE,TR,0,0,0,0,0,0,0,0,0,0,0,0,0,0,0,0,0,0,0,0
TR3_ALIVE10,6_22,40,Nov,2013,ALIVE,TR3,FALSE,ALIVE,TR,0,0,1,0,0,0,0,0,0,0,0,0,0,0,1,0,0,0,0,0
TR3_ALIVE10,6_22,40,Nov,2014,ALIVE,TR3,FALSE,ALIVE,TR,0,0,0,0,1,0,0,0,0,0,0,0,0,0,0,0,0,0,0,0
TR3_ALIVE10,6_22,40,Nov,2015,ALIVE,TR3,FALSE,ALIVE,TR,0,0,0,0,0,0,0,0,0,0,0,0,0,0,0,0,0,0,0,0
TR3_ALIVE11,6_22,41,Aug,2013,ALIVE,TR3,FALSE,ALIVE,TR,0,0,2,0,1,0,0,0,0,0,0,2,0,0,2,0,0,0,0,0
TR3_ALIVE11,6_22,41,Aug,2014,ALIVE,TR3,FALSE,ALIVE,TR,0,0,1,0,0,0,0,0,0,0,0,0,0,0,0,0,0,0,0,0
TR3_ALIVE11,6_22,41,Aug,2015,ALIVE,TR3,FALSE,ALIVE,TR,0,0,0,0,0,0,0,0,0,0,0,0,0,0,0,0,0,0,0,0
TR3_ALIVE11,6_22,41,Nov,2013,ALIVE,TR3,FALSE,ALIVE,TR,0,0,1,0,0,0,0,0,0,0,0,3,0,0,2,0,0,0,0,0
TR3_ALIVE11,6_22,41,Nov,2014,ALIVE,TR3,FALSE,ALIVE,TR,0,0,0,0,0,0,0,0,0,0,0,0,0,0,0,0,0,0,0,0
TR3_ALIVE11,6_22,41,Nov,2015,ALIVE,TR3,FALSE,ALIVE,TR,0,0,0,0,0,0,0,0,0,0,0,0,0,0,0,0,0,0,0,0
TR3_ALIVE12,6_22,42,Aug,2013,ALIVE,TR3,FALSE,ALIVE,TR,0,0,1,0,0,0,0,0,3,0,0,0,2,0,2,0,0,0,0,0
TR3_ALIVE12,6_22,42,Aug,2014,ALIVE,TR3,FALSE,ALIVE,TR,0,0,1,0,0,0,0,0,0,0,0,1,0,0,0,1,0,0,0,0
TR3_ALIVE12,6_22,42,Aug,2015,ALIVE,TR3,FALSE,ALIVE,TR,0,0,0,0,0,0,0,0,0,0,0,0,0,0,0,0,0,0,0,0
TR3_ALIVE12,6_22,42,Nov,2013,ALIVE,TR3,FALSE,ALIVE,TR,0,0,1,0,0,0,0,0,2,0,0,4,0,0,1,0,0,0,1,0
TR3_ALIVE12,6_22,42,Nov,2014,ALIVE,TR3,FALSE,ALIVE,TR,0,0,1,0,0,0,0,1,0,0,0,1,0,0,0,0,0,0,0,0
TR3_ALIVE12,6_22,42,Nov,2015,ALIVE,TR3,FALSE,ALIVE,TR,0,0,0,0,0,0,0,0,0,0,0,0,0,0,0,0,0,0,0,0
TR3_ALIVE13,6_22,43,Aug,2013,ALIVE,TR3,FALSE,ALIVE,TR,0,0,3,0,0,0,0,0,0,0,0,2,0,0,0,0,0,0,0,1
TR3_ALIVE13,6_22,43,Aug,2014,ALIVE,TR3,FALSE,ALIVE,TR,0,0,0,1,0,0,0,0,0,0,0,0,0,0,0,0,0,0,0,1
TR3_ALIVE13,6_22,43,Aug,2015,ALIVE,TR3,FALSE,ALIVE,TR,0,1,0,0,0,0,0,0,0,0,0,0,0,0,0,0,0,0,0,0
TR3_ALIVE13,6_22,43,Nov,2013,ALIVE,TR3,FALSE,ALIVE,TR,0,0,11,0,3,0,0,0,0,0,0,12,0,0,0,0,0,0,0,0
TR3_ALIVE13,6_22,43,Nov,2014,ALIVE,TR3,FALSE,ALIVE,TR,0,1,0,0,0,1,0,0,0,0,0,0,0,0,2,0,0,0,0,1
TR3_ALIVE13,6_22,43,Nov,2015,ALIVE,TR3,FALSE,ALIVE,TR,0,1,0,0,0,0,0,0,0,0,0,0,0,0,0,0,0,0,0,0
TR3_ALIVE14,6_22,44,Aug,2013,ALIVE,TR3,FALSE,ALIVE,TR,0,0,0,0,0,0,0,0,0,0,0,1,0,0,0,0,0,0,1,0
TR3_ALIVE14,6_22,44,Aug,2014,ALIVE,TR3,FALSE,ALIVE,TR,0,0,0,1,0,0,0,0,0,0,0,0,0,0,0,0,0,0,0,0
TR3_ALIVE14,6_22,44,Aug,2015,ALIVE,TR3,FALSE,ALIVE,TR,0,0,1,0,0,0,0,0,0,0,0,0,0,0,0,0,0,0,0,0
TR3_ALIVE14,6_22,44,Nov,2013,ALIVE,TR3,FALSE,ALIVE,TR,0,0,0,0,0,0,0,0,0,0,0,0,0,0,0,0,0,0,0,0
TR3_ALIVE14,6_22,44,Nov,2014,ALIVE,TR3,FALSE,ALIVE,TR,0,0,0,0,0,0,0,0,0,0,0,0,0,0,0,0,0,0,0,0
TR3_ALIVE14,6_22,44,Nov,2015,ALIVE,TR3,FALSE,ALIVE,TR,0,0,1,0,0,0,0,0,0,0,0,0,0,0,0,0,0,0,0,0
TR3_ALIVE15,6_22,45,Aug,2013,ALIVE,TR3,FALSE,ALIVE,TR,0,0,1,0,0,0,0,0,0,0,0,1,0,0,0,0,0,0,1,3
TR3_ALIVE15,6_22,45,Aug,2014,ALIVE,TR3,FALSE,ALIVE,TR,0,0,2,2,0,0,0,0,0,0,0,0,0,0,0,1,0,0,0,0
TR3_ALIVE15,6_22,45,Aug,2015,ALIVE,TR3,FALSE,ALIVE,TR,0,0,1,1,0,0,0,0,0,0,0,0,0,0,0,0,0,0,0,1
TR3_ALIVE15,6_22,45,Nov,2013,ALIVE,TR3,FALSE,ALIVE,TR,0,0,0,0,0,0,0,0,2,0,0,5,0,0,2,0,0,0,1,1
TR3_ALIVE15,6_22,45,Nov,2014,ALIVE,TR3,FALSE,ALIVE,TR,0,0,0,0,0,0,0,0,0,0,0,0,1,0,0,0,0,0,0,0
TR3_ALIVE15,6_22,45,Nov,2015,ALIVE,TR3,FALSE,ALIVE,TR,0,0,1,0,0,0,0,0,0,0,0,0,0,0,0,0,0,0,0,1
TR3_ALIVE2,6_22,32,Aug,2013,ALIVE,TR3,FALSE,ALIVE,TR,0,0,0,0,0,0,0,0,0,0,0,0,0,0,0,0,0,0,0,2
TR3_ALIVE2,6_22,32,Aug,2014,ALIVE,TR3,FALSE,ALIVE,TR,0,0,0,1,0,0,0,0,0,0,0,0,0,0,0,0,0,0,0,0
TR3_ALIVE2,6_22,32,Aug,2015,ALIVE,TR3,FALSE,ALIVE,TR,0,0,0,0,0,0,0,0,0,0,0,0,0,0,0,0,0,0,0,0
TR3_ALIVE2,6_22,32,Nov,2013,ALIVE,TR3,FALSE,ALIVE,TR,0,0,4,0,0,0,0,0,0,0,0,0,0,0,0,0,0,0,0,0
TR3_ALIVE2,6_22,32,Nov,2014,ALIVE,TR3,FALSE,ALIVE,TR,0,0,0,0,0,0,0,0,0,0,0,0,0,0,0,0,0,0,1,0
TR3_ALIVE2,6_22,32,Nov,2015,ALIVE,TR3,FALSE,ALIVE,TR,0,0,0,0,0,0,0,0,0,0,0,0,0,0,0,0,0,0,0,0
TR3_ALIVE3,6_22,33,Aug,2013,ALIVE,TR3,FALSE,ALIVE,TR,0,0,6,0,0,0,0,0,0,0,0,0,0,0,0,0,0,0,0,0
TR3_ALIVE3,6_22,33,Aug,2014,ALIVE,TR3,FALSE,ALIVE,TR,0,0,0,0,0,0,0,1,0,0,0,0,0,0,0,0,0,0,0,0
TR3_ALIVE3,6_22,33,Aug,2015,ALIVE,TR3,FALSE,ALIVE,TR,0,0,0,0,0,0,0,1,0,0,0,0,0,0,0,0,0,0,0,0
TR3_ALIVE3,6_22,33,Nov,2013,ALIVE,TR3,FALSE,ALIVE,TR,0,0,5,0,0,0,0,0,0,0,0,2,0,0,0,0,0,0,0,0
TR3_ALIVE3,6_22,33,Nov,2014,ALIVE,TR3,FALSE,ALIVE,TR,0,0,0,0,0,0,0,1,0,0,0,0,0,0,0,0,0,0,0,0
TR3_ALIVE3,6_22,33,Nov,2015,ALIVE,TR3,FALSE,ALIVE,TR,0,0,0,0,0,0,0,1,0,0,0,0,0,0,0,0,0,0,0,0
TR3_ALIVE4,6_22,34,Aug,2013,ALIVE,TR3,FALSE,ALIVE,TR,0,0,2,0,0,0,0,0,0,0,0,0,0,0,0,0,0,0,0,0
TR3_ALIVE4,6_22,34,Aug,2014,ALIVE,TR3,FALSE,ALIVE,TR,0,0,0,0,0,0,0,0,0,0,0,0,0,0,0,0,0,0,0,0
TR3_ALIVE4,6_22,34,Aug,2015,ALIVE,TR3,FALSE,ALIVE,TR,0,0,0,0,0,0,0,0,0,0,0,0,0,0,0,0,0,0,0,0
TR3_ALIVE4,6_22,34,Nov,2013,ALIVE,TR3,FALSE,ALIVE,TR,0,0,0,0,0,0,0,0,0,0,0,0,0,0,0,0,0,0,0,0
TR3_ALIVE4,6_22,34,Nov,2014,ALIVE,TR3,FALSE,ALIVE,TR,0,0,0,0,0,0,0,0,0,0,0,0,0,0,0,0,0,0,0,0
TR3_ALIVE4,6_22,34,Nov,2015,ALIVE,TR3,FALSE,ALIVE,TR,0,0,0,0,0,0,0,0,0,0,0,0,0,0,0,0,0,0,0,0
TR3_ALIVE5,6_22,35,Aug,2013,ALIVE,TR3,FALSE,ALIVE,TR,0,0,0,0,0,0,0,1,0,0,0,0,0,0,0,0,0,0,0,0
TR3_ALIVE5,6_22,35,Aug,2014,ALIVE,TR3,FALSE,ALIVE,TR,0,0,0,0,0,0,0,1,0,0,0,0,0,0,0,0,0,0,0,0
TR3_ALIVE5,6_22,35,Aug,2015,ALIVE,TR3,FALSE,ALIVE,TR,0,0,0,0,0,0,0,0,0,0,0,0,0,0,0,0,0,0,0,0
TR3_ALIVE5,6_22,35,Nov,2013,ALIVE,TR3,FALSE,ALIVE,TR,0,0,0,0,0,0,0,1,0,0,0,0,0,0,0,0,0,0,0,0
TR3_ALIVE5,6_22,35,Nov,2014,ALIVE,TR3,FALSE,ALIVE,TR,0,0,0,0,0,0,0,1,0,0,0,0,0,0,0,0,0,0,0,0
TR3_ALIVE5,6_22,35,Nov,2015,ALIVE,TR3,FALSE,ALIVE,TR,0,0,0,0,0,0,0,0,0,0,0,0,0,0,0,0,0,0,0,0
TR3_ALIVE6,6_22,36,Aug,2013,ALIVE,TR3,FALSE,ALIVE,TR,0,0,0,1,0,0,0,0,0,0,0,0,0,0,0,0,0,0,0,0
TR3_ALIVE6,6_22,36,Aug,2014,ALIVE,TR3,FALSE,ALIVE,TR,0,0,0,0,0,0,0,0,0,0,0,0,0,0,0,0,0,0,0,0
TR3_ALIVE6,6_22,36,Aug,2015,ALIVE,TR3,FALSE,ALIVE,TR,0,0,0,0,0,0,0,0,0,0,0,0,0,0,0,0,0,0,0,0
TR3_ALIVE6,6_22,36,Nov,2013,ALIVE,TR3,FALSE,ALIVE,TR,0,0,0,0,0,0,0,0,0,0,0,0,0,0,0,0,0,0,0,0
TR3_ALIVE6,6_22,36,Nov,2014,ALIVE,TR3,FALSE,ALIVE,TR,0,0,0,0,0,0,0,0,0,0,0,0,0,0,0,0,0,0,0,0
TR3_ALIVE6,6_22,36,Nov,2015,ALIVE,TR3,FALSE,ALIVE,TR,0,0,0,0,0,0,0,0,0,0,0,0,0,0,0,0,0,0,0,0
TR3_ALIVE7,6_22,37,Aug,2013,ALIVE,TR3,FALSE,ALIVE,TR,0,0,12,0,1,0,0,0,0,0,0,7,0,0,0,0,0,0,1,0
TR3_ALIVE7,6_22,37,Aug,2014,ALIVE,TR3,FALSE,ALIVE,TR,0,0,1,0,0,0,0,0,0,0,0,0,0,0,0,1,0,0,1,0
TR3_ALIVE7,6_22,37,Aug,2015,ALIVE,TR3,FALSE,ALIVE,TR,0,0,0,0,0,1,0,0,0,0,0,0,0,0,0,0,0,0,0,0
TR3_ALIVE7,6_22,37,Nov,2013,ALIVE,TR3,FALSE,ALIVE,TR,0,0,0,0,1,0,0,0,0,0,0,17,0,0,0,0,0,0,0,0
TR3_ALIVE7,6_22,37,Nov,2014,ALIVE,TR3,FALSE,ALIVE,TR,0,0,0,0,0,1,0,0,0,0,0,0,0,0,0,0,0,0,0,0
TR3_ALIVE7,6_22,37,Nov,2015,ALIVE,TR3,FALSE,ALIVE,TR,0,0,0,0,0,1,0,0,0,0,0,0,0,0,0,0,0,0,0,0
TR3_ALIVE8,6_22,38,Aug,2013,ALIVE,TR3,FALSE,ALIVE,TR,0,0,1,0,0,0,0,0,0,0,0,5,0,0,0,0,0,0,0,0
TR3_ALIVE8,6_22,38,Aug,2014,ALIVE,TR3,FALSE,ALIVE,TR,0,0,0,0,0,0,0,0,0,0,0,0,0,0,0,0,0,0,0,0
TR3_ALIVE8,6_22,38,Aug,2015,ALIVE,TR3,FALSE,ALIVE,TR,0,0,0,0,0,0,0,0,0,0,0,0,0,0,0,0,0,0,0,0
TR3_ALIVE8,6_22,38,Nov,2013,ALIVE,TR3,FALSE,ALIVE,TR,0,0,0,0,0,0,0,0,0,0,0,0,0,0,0,0,0,0,0,0
TR3_ALIVE8,6_22,38,Nov,2014,ALIVE,TR3,FALSE,ALIVE,TR,0,1,0,0,0,0,0,0,0,0,0,0,0,0,0,0,0,0,0,0
TR3_ALIVE8,6_22,38,Nov,2015,ALIVE,TR3,FALSE,ALIVE,TR,0,0,0,0,0,0,0,0,0,0,0,0,0,0,0,0,0,0,0,0
TR3_ALIVE9,6_22,39,Aug,2013,ALIVE,TR3,FALSE,ALIVE,TR,0,0,6,0,3,0,0,0,1,0,0,8,0,0,1,0,0,0,0,0
TR3_ALIVE9,6_22,39,Aug,2014,ALIVE,TR3,FALSE,ALIVE,TR,0,0,1,0,0,0,0,0,1,0,0,0,0,0,0,0,0,0,0,0
TR3_ALIVE9,6_22,39,Aug,2015,ALIVE,TR3,FALSE,ALIVE,TR,0,0,0,0,0,0,0,0,1,0,0,0,0,0,0,0,0,0,0,0
TR3_ALIVE9,6_22,39,Nov,2013,ALIVE,TR3,FALSE,ALIVE,TR,0,0,7,0,1,0,0,0,0,0,0,2,0,0,1,0,0,0,0,0
TR3_ALIVE9,6_22,39,Nov,2014,ALIVE,TR3,FALSE,ALIVE,TR,0,0,0,0,0,0,0,0,1,0,0,0,0,0,0,0,0,0,0,0
TR3_ALIVE9,6_22,39,Nov,2015,ALIVE,TR3,FALSE,ALIVE,TR,0,0,0,0,0,0,0,0,1,0,0,0,0,0,0,0,0,0,0,0
TR1_O1,6_1,1,Aug,2013,O,TR1,FALSE,Seed,TR,0,0,0,0,0,0,0,0,2,0,0,0,0,0,0,0,0,0,0,0
TR1_O1,6_1,1,Aug,2014,O,TR1,FALSE,Seed,TR,0,0,1,0,0,0,0,0,0,0,0,3,0,0,0,0,0,0,0,0
TR1_O1,6_1,1,Aug,2015,O,TR1,FALSE,Seed,TR,0,2,0,0,0,0,0,0,0,0,0,3,0,0,0,0,0,0,0,0
TR1_O1,6_1,1,Nov,2013,O,TR1,FALSE,Seed,TR,0,0,0,0,1,0,0,0,0,0,0,11,0,0,1,0,0,0,0,0
TR1_O1,6_1,1,Nov,2014,O,TR1,FALSE,Seed,TR,0,0,0,0,0,0,0,0,0,0,0,0,0,0,0,0,0,0,0,0
TR1_O1,6_1,1,Nov,2015,O,TR1,FALSE,Seed,TR,0,1,0,0,0,0,0,0,0,0,0,0,0,0,0,0,0,0,0,0
TR1_O10,6_1,10,Aug,2013,O,TR1,FALSE,Seed,TR,0,0,0,2,1,0,0,0,0,0,0,5,0,0,1,0,0,0,0,0
TR1_O10,6_1,10,Aug,2014,O,TR1,FALSE,Seed,TR,0,0,0,0,1,0,0,0,0,0,0,0,0,0,0,4,0,0,0,0
TR1_O10,6_1,10,Aug,2015,O,TR1,FALSE,Seed,TR,0,0,0,0,0,0,0,0,0,0,0,0,0,0,0,1,0,0,0,0
TR1_O10,6_1,10,Nov,2013,O,TR1,FALSE,Seed,TR,0,0,7,0,4,0,0,0,0,0,0,41,0,0,1,0,0,0,0,0
TR1_O10,6_1,10,Nov,2014,O,TR1,FALSE,Seed,TR,0,0,0,0,0,0,0,0,0,0,0,0,0,0,0,0,0,0,0,0
TR1_O10,6_1,10,Nov,2015,O,TR1,FALSE,Seed,TR,0,0,0,0,0,0,0,0,0,0,0,0,0,0,0,1,0,0,0,0
TR1_O11,6_1,11,Aug,2013,O,TR1,FALSE,Seed,TR,0,0,12,0,3,0,0,0,0,0,0,10,0,0,0,0,0,0,0,0
TR1_O11,6_1,11,Aug,2014,O,TR1,FALSE,Seed,TR,0,0,0,0,0,0,0,0,0,0,0,0,0,0,0,3,0,0,0,0
TR1_O11,6_1,11,Aug,2015,O,TR1,FALSE,Seed,TR,0,0,0,0,0,0,0,0,0,0,0,0,0,0,0,0,0,0,0,0
TR1_O11,6_1,11,Nov,2013,O,TR1,FALSE,Seed,TR,0,0,3,0,3,0,0,0,0,0,0,19,0,0,0,0,0,0,0,0
TR1_O11,6_1,11,Nov,2014,O,TR1,FALSE,Seed,TR,0,0,0,0,0,0,0,0,0,0,0,0,0,0,0,0,0,0,0,0
TR1_O11,6_1,11,Nov,2015,O,TR1,FALSE,Seed,TR,0,0,0,0,1,0,0,0,0,0,0,0,0,0,0,0,0,0,0,0
TR1_O12,6_1,12,Aug,2013,O,TR1,FALSE,Seed,TR,0,0,6,0,0,0,0,0,0,0,0,15,0,0,0,0,0,0,0,0
TR1_O12,6_1,12,Aug,2014,O,TR1,FALSE,Seed,TR,0,0,0,0,0,0,0,0,0,0,0,0,0,0,0,0,0,0,0,0
TR1_O12,6_1,12,Aug,2015,O,TR1,FALSE,Seed,TR,0,0,0,0,0,0,0,0,0,0,0,0,0,0,0,0,0,0,1,0
TR1_O12,6_1,12,Nov,2013,O,TR1,FALSE,Seed,TR,0,0,8,0,2,0,0,0,0,0,0,18,0,0,0,0,0,0,0,0
TR1_O12,6_1,12,Nov,2014,O,TR1,FALSE,Seed,TR,0,0,0,0,0,0,0,0,0,0,0,0,0,0,0,0,0,0,0,0
TR1_O12,6_1,12,Nov,2015,O,TR1,FALSE,Seed,TR,0,0,0,0,0,0,0,0,0,0,0,0,0,0,0,0,0,0,0,0
TR1_O13,6_1,13,Aug,2013,O,TR1,FALSE,Seed,TR,0,0,10,1,3,0,0,0,0,0,0,11,0,0,0,0,0,0,0,0
TR1_O13,6_1,13,Aug,2014,O,TR1,FALSE,Seed,TR,0,0,0,1,1,0,0,0,0,0,0,0,0,0,0,1,0,0,0,0
TR1_O13,6_1,13,Aug,2015,O,TR1,FALSE,Seed,TR,1,0,0,1,0,0,0,0,0,0,0,0,0,0,0,0,0,0,0,0
TR1_O13,6_1,13,Nov,2013,O,TR1,FALSE,Seed,TR,0,0,34,0,2,3,0,0,0,0,0,11,0,0,0,0,0,0,0,0
TR1_O13,6_1,13,Nov,2014,O,TR1,FALSE,Seed,TR,0,0,0,0,0,0,0,0,0,0,0,0,0,0,0,0,0,0,0,0
TR1_O13,6_1,13,Nov,2015,O,TR1,FALSE,Seed,TR,0,0,0,0,0,0,0,0,0,0,0,0,0,0,0,0,0,0,0,0
TR1_O14,6_1,14,Aug,2013,O,TR1,FALSE,Seed,TR,0,0,5,0,0,0,0,0,0,0,0,8,1,0,0,0,0,0,0,2
TR1_O14,6_1,14,Aug,2014,O,TR1,FALSE,Seed,TR,0,0,0,0,0,0,0,0,0,0,0,0,0,0,0,0,0,0,0,0
TR1_O14,6_1,14,Aug,2015,O,TR1,FALSE,Seed,TR,0,0,0,0,0,0,0,0,0,0,0,0,0,0,0,0,0,0,0,0
TR1_O14,6_1,14,Nov,2013,O,TR1,FALSE,Seed,TR,0,0,3,0,0,0,0,0,0,0,0,19,0,0,0,0,0,0,0,0
TR1_O14,6_1,14,Nov,2014,O,TR1,FALSE,Seed,TR,0,0,0,0,0,0,0,0,0,0,0,0,0,0,0,0,0,0,0,0
TR1_O14,6_1,14,Nov,2015,O,TR1,FALSE,Seed,TR,0,0,0,0,0,0,0,0,0,0,0,0,0,0,0,0,0,0,0,0
TR1_O15,6_1,15,Aug,2013,O,TR1,FALSE,Seed,TR,0,0,3,0,3,0,0,0,0,0,0,7,0,0,0,0,0,0,0,0
TR1_O15,6_1,15,Aug,2014,O,TR1,FALSE,Seed,TR,0,0,0,0,3,0,0,0,0,0,0,1,0,0,0,1,0,0,0,0
TR1_O15,6_1,15,Aug,2015,O,TR1,FALSE,Seed,TR,0,0,0,0,0,0,0,0,0,0,0,0,0,0,0,0,0,0,0,0
TR1_O15,6_1,15,Nov,2013,O,TR1,FALSE,Seed,TR,0,0,0,0,3,0,0,0,0,0,0,8,0,0,0,0,0,0,0,0
TR1_O15,6_1,15,Nov,2014,O,TR1,FALSE,Seed,TR,0,0,0,0,1,0,0,0,0,0,0,0,0,0,0,0,0,0,0,0
TR1_O15,6_1,15,Nov,2015,O,TR1,FALSE,Seed,TR,0,0,0,0,0,0,0,0,0,0,0,0,0,0,0,0,0,0,0,0
TR1_O2,6_1,2,Aug,2013,O,TR1,FALSE,Seed,TR,0,0,12,0,1,0,0,0,1,0,0,0,0,0,0,0,0,0,0,0
TR1_O2,6_1,2,Aug,2014,O,TR1,FALSE,Seed,TR,0,0,0,0,0,0,0,0,0,0,0,0,0,0,0,4,0,0,0,0
TR1_O2,6_1,2,Aug,2015,O,TR1,FALSE,Seed,TR,0,0,0,0,0,0,0,0,0,0,0,0,0,0,0,0,0,0,0,0
TR1_O2,6_1,2,Nov,2013,O,TR1,FALSE,Seed,TR,0,0,0,0,1,0,0,0,0,0,0,9,0,0,0,0,0,0,0,0
TR1_O2,6_1,2,Nov,2014,O,TR1,FALSE,Seed,TR,0,0,0,0,0,0,0,0,0,0,0,0,0,0,0,0,0,0,0,0
TR1_O2,6_1,2,Nov,2015,O,TR1,FALSE,Seed,TR,0,0,0,0,0,0,0,0,0,0,0,0,0,0,0,0,0,0,0,0
TR1_O3,6_1,3,Aug,2013,O,TR1,FALSE,Seed,TR,0,0,5,0,0,0,0,0,0,0,0,1,0,0,0,0,0,0,0,0
TR1_O3,6_1,3,Aug,2014,O,TR1,FALSE,Seed,TR,0,0,0,1,0,0,0,0,1,0,0,0,0,0,0,0,0,0,0,0
TR1_O3,6_1,3,Aug,2015,O,TR1,FALSE,Seed,TR,0,0,0,1,0,0,0,0,0,0,0,1,0,0,0,0,0,0,0,0
TR1_O3,6_1,3,Nov,2013,O,TR1,FALSE,Seed,TR,0,0,0,0,0,0,0,1,1,0,0,22,0,0,0,0,0,0,0,0
TR1_O3,6_1,3,Nov,2014,O,TR1,FALSE,Seed,TR,0,0,0,0,0,0,0,0,1,0,0,0,0,0,0,0,0,0,0,0
TR1_O3,6_1,3,Nov,2015,O,TR1,FALSE,Seed,TR,0,0,0,0,0,0,0,0,0,0,0,1,0,0,0,0,0,0,0,0
TR1_O4,6_1,4,Aug,2013,O,TR1,FALSE,Seed,TR,0,0,0,0,0,0,0,0,0,0,0,0,0,0,0,0,0,0,0,0
TR1_O4,6_1,4,Aug,2014,O,TR1,FALSE,Seed,TR,0,0,0,0,0,0,0,0,0,0,0,0,0,0,0,0,0,0,0,0
TR1_O4,6_1,4,Aug,2015,O,TR1,FALSE,Seed,TR,0,0,0,0,0,0,0,0,0,0,0,0,0,0,0,0,0,0,0,0
TR1_O4,6_1,4,Nov,2013,O,TR1,FALSE,Seed,TR,0,0,1,0,0,0,0,0,0,0,0,1,0,0,0,0,0,0,0,0
TR1_O4,6_1,4,Nov,2014,O,TR1,FALSE,Seed,TR,0,0,0,0,0,0,0,0,0,0,0,0,0,0,0,0,0,0,0,0
TR1_O4,6_1,4,Nov,2015,O,TR1,FALSE,Seed,TR,0,0,0,0,0,0,0,0,0,0,0,0,0,0,0,0,0,0,0,0
TR1_O5,6_1,5,Aug,2013,O,TR1,FALSE,Seed,TR,0,0,0,0,0,0,0,0,0,0,0,0,0,0,0,0,0,0,0,0
TR1_O5,6_1,5,Aug,2014,O,TR1,FALSE,Seed,TR,0,0,0,1,0,0,0,0,0,0,0,0,0,0,0,0,0,0,0,0
TR1_O5,6_1,5,Aug,2015,O,TR1,FALSE,Seed,TR,0,0,0,0,0,0,0,0,0,0,0,0,0,0,0,0,0,0,0,0
TR1_O5,6_1,5,Nov,2013,O,TR1,FALSE,Seed,TR,0,0,0,0,0,0,0,0,0,0,0,0,0,0,0,0,0,0,0,0
TR1_O5,6_1,5,Nov,2014,O,TR1,FALSE,Seed,TR,0,0,0,0,0,0,0,0,0,0,0,0,0,0,0,0,0,0,0,0
TR1_O5,6_1,5,Nov,2015,O,TR1,FALSE,Seed,TR,0,0,0,0,0,0,0,0,0,0,0,0,0,0,0,0,0,0,0,0
TR1_O6,6_1,6,Aug,2013,O,TR1,FALSE,Seed,TR,0,0,0,0,0,0,0,0,0,0,0,7,0,0,1,0,0,0,0,0
TR1_O6,6_1,6,Aug,2014,O,TR1,FALSE,Seed,TR,0,0,0,0,0,0,0,0,0,0,0,0,0,0,0,0,0,0,0,0
TR1_O6,6_1,6,Aug,2015,O,TR1,FALSE,Seed,TR,0,0,0,0,0,1,0,0,0,0,0,0,0,0,0,0,0,0,0,0
TR1_O6,6_1,6,Nov,2013,O,TR1,FALSE,Seed,TR,0,0,3,0,0,2,0,0,0,0,0,4,0,0,0,0,0,0,0,0
TR1_O6,6_1,6,Nov,2014,O,TR1,FALSE,Seed,TR,0,0,0,0,0,1,0,0,0,0,0,0,0,0,0,0,0,0,0,0
TR1_O6,6_1,6,Nov,2015,O,TR1,FALSE,Seed,TR,0,0,0,0,0,0,0,0,0,0,0,0,0,0,0,0,0,0,0,0
TR1_O7,6_1,7,Aug,2013,O,TR1,FALSE,Seed,TR,0,0,0,0,0,0,0,0,0,0,0,3,0,0,0,0,0,0,0,0
TR1_O7,6_1,7,Aug,2014,O,TR1,FALSE,Seed,TR,0,0,0,1,0,0,0,0,0,0,0,0,0,0,0,0,0,0,0,0
TR1_O7,6_1,7,Aug,2015,O,TR1,FALSE,Seed,TR,0,0,0,0,0,0,0,0,0,0,0,0,0,0,0,0,0,0,0,0
TR1_O7,6_1,7,Nov,2013,O,TR1,FALSE,Seed,TR,0,0,3,0,0,0,0,0,0,0,0,1,0,0,0,0,0,0,0,0
TR1_O7,6_1,7,Nov,2014,O,TR1,FALSE,Seed,TR,0,0,0,0,0,0,0,0,0,0,0,0,0,0,0,0,0,0,0,0
TR1_O7,6_1,7,Nov,2015,O,TR1,FALSE,Seed,TR,0,0,0,0,0,0,0,0,0,0,0,0,0,0,0,0,0,0,0,0
TR1_O8,6_1,8,Aug,2013,O,TR1,FALSE,Seed,TR,0,0,5,0,1,0,0,0,0,0,0,9,0,0,0,0,0,0,0,1
TR1_O8,6_1,8,Aug,2014,O,TR1,FALSE,Seed,TR,0,0,0,0,0,0,0,0,0,0,0,0,0,0,0,0,0,0,0,0
TR1_O8,6_1,8,Aug,2015,O,TR1,FALSE,Seed,TR,0,0,0,0,0,0,0,0,0,0,0,0,0,0,0,0,0,0,0,0
TR1_O8,6_1,8,Nov,2013,O,TR1,FALSE,Seed,TR,0,0,0,0,1,2,0,0,0,0,0,13,0,0,0,0,0,0,0,0
TR1_O8,6_1,8,Nov,2014,O,TR1,FALSE,Seed,TR,0,0,0,0,0,0,0,0,0,0,0,0,0,0,0,0,0,0,0,0
TR1_O8,6_1,8,Nov,2015,O,TR1,FALSE,Seed,TR,0,0,0,0,0,0,0,0,0,0,0,0,0,0,0,0,0,0,0,0
TR1_O9,6_1,9,Aug,2013,O,TR1,FALSE,Seed,TR,0,0,19,1,1,0,0,0,0,0,0,15,0,0,0,0,0,0,0,0
TR1_O9,6_1,9,Aug,2014,O,TR1,FALSE,Seed,TR,0,0,0,0,0,0,0,0,0,0,0,0,0,0,0,1,0,0,0,0
TR1_O9,6_1,9,Aug,2015,O,TR1,FALSE,Seed,TR,0,0,0,0,0,0,0,0,0,0,0,0,0,0,0,0,0,0,0,0
TR1_O9,6_1,9,Nov,2013,O,TR1,FALSE,Seed,TR,0,0,0,0,1,2,0,1,0,0,0,2,0,0,0,0,0,0,0,0
TR1_O9,6_1,9,Nov,2014,O,TR1,FALSE,Seed,TR,0,0,0,0,0,0,0,0,0,0,0,0,0,0,0,0,0,0,0,0
TR1_O9,6_1,9,Nov,2015,O,TR1,FALSE,Seed,TR,0,0,0,0,0,0,0,0,0,0,0,0,0,0,0,0,0,0,0,0
TR2_O1,6_1,16,Aug,2013,O,TR2,FALSE,Seed,TR,0,0,4,0,1,0,0,0,0,0,0,8,0,0,0,0,0,0,0,0
TR2_O1,6_1,16,Aug,2014,O,TR2,FALSE,Seed,TR,0,0,1,0,0,0,0,0,0,0,0,7,0,0,0,0,0,0,0,0
TR2_O1,6_1,16,Aug,2015,O,TR2,FALSE,Seed,TR,0,0,1,1,0,0,0,0,0,0,0,9,0,0,0,1,0,0,0,0
TR2_O1,6_1,16,Nov,2013,O,TR2,FALSE,Seed,TR,0,0,8,0,1,0,0,1,0,0,0,20,0,0,0,0,0,0,0,0
TR2_O1,6_1,16,Nov,2014,O,TR2,FALSE,Seed,TR,0,0,2,0,0,0,0,0,0,0,0,8,0,0,0,0,0,0,0,0
TR2_O1,6_1,16,Nov,2015,O,TR2,FALSE,Seed,TR,0,0,1,0,0,0,0,0,0,0,0,9,0,0,0,1,0,0,0,0
TR2_O10,6_1,25,Aug,2013,O,TR2,FALSE,Seed,TR,0,0,3,0,0,0,0,0,0,0,0,14,0,0,0,0,0,0,0,0
TR2_O10,6_1,25,Aug,2014,O,TR2,FALSE,Seed,TR,0,0,0,1,0,0,0,0,0,0,0,0,0,0,0,0,0,0,0,0
TR2_O10,6_1,25,Aug,2015,O,TR2,FALSE,Seed,TR,0,0,0,1,0,0,0,0,0,0,0,0,0,0,0,0,0,0,0,0
TR2_O10,6_1,25,Nov,2013,O,TR2,FALSE,Seed,TR,0,0,4,0,1,0,0,1,0,0,0,13,0,0,0,0,0,0,0,0
TR2_O10,6_1,25,Nov,2014,O,TR2,FALSE,Seed,TR,0,0,0,0,0,0,0,0,0,0,0,0,0,0,0,0,0,0,0,0
TR2_O10,6_1,25,Nov,2015,O,TR2,FALSE,Seed,TR,0,0,0,0,0,0,0,0,0,0,0,0,0,0,0,0,0,0,0,0
TR2_O11,6_1,26,Aug,2013,O,TR2,FALSE,Seed,TR,0,0,8,0,0,0,0,0,0,0,0,6,0,0,0,0,0,0,0,0
TR2_O11,6_1,26,Aug,2014,O,TR2,FALSE,Seed,TR,0,0,0,1,0,0,0,0,0,0,0,2,0,0,0,0,0,0,0,0
TR2_O11,6_1,26,Aug,2015,O,TR2,FALSE,Seed,TR,0,0,0,0,0,0,0,0,0,0,0,0,0,0,0,0,0,0,0,0
TR2_O11,6_1,26,Nov,2013,O,TR2,FALSE,Seed,TR,0,0,4,0,0,0,0,0,0,0,0,3,0,0,0,0,0,0,0,0
TR2_O11,6_1,26,Nov,2014,O,TR2,FALSE,Seed,TR,0,0,0,0,0,0,0,0,0,0,0,2,0,0,0,0,0,0,0,0
TR2_O11,6_1,26,Nov,2015,O,TR2,FALSE,Seed,TR,0,0,0,0,0,0,0,0,0,0,0,1,0,0,0,0,0,0,0,0
TR2_O12,6_1,27,Aug,2013,O,TR2,FALSE,Seed,TR,0,0,3,0,0,0,0,0,0,0,0,0,0,0,0,0,0,0,0,0
TR2_O12,6_1,27,Aug,2014,O,TR2,FALSE,Seed,TR,0,0,3,0,0,0,0,0,0,0,0,4,0,0,0,0,0,0,0,0
TR2_O12,6_1,27,Aug,2015,O,TR2,FALSE,Seed,TR,0,0,3,0,0,0,0,0,0,0,0,3,0,0,0,0,0,0,0,0
TR2_O12,6_1,27,Nov,2013,O,TR2,FALSE,Seed,TR,0,0,6,0,0,0,0,1,0,0,0,2,0,0,0,0,0,0,0,0
TR2_O12,6_1,27,Nov,2014,O,TR2,FALSE,Seed,TR,0,0,3,0,0,0,0,0,0,0,0,3,0,0,0,0,0,0,0,0
TR2_O12,6_1,27,Nov,2015,O,TR2,FALSE,Seed,TR,0,0,3,0,0,0,0,0,0,0,0,1,0,0,0,0,0,0,0,0
TR2_O13,6_1,28,Aug,2013,O,TR2,FALSE,Seed,TR,0,0,5,0,0,0,0,0,0,0,0,10,0,0,0,0,0,0,0,0
TR2_O13,6_1,28,Aug,2014,O,TR2,FALSE,Seed,TR,0,0,0,0,2,0,0,0,0,0,0,2,0,0,0,0,0,0,0,0
TR2_O13,6_1,28,Aug,2015,O,TR2,FALSE,Seed,TR,0,0,0,0,0,0,0,0,0,0,0,2,0,0,0,0,0,0,0,0
TR2_O13,6_1,28,Nov,2013,O,TR2,FALSE,Seed,TR,0,0,5,0,0,0,0,0,0,0,0,7,0,0,0,0,0,0,0,0
TR2_O13,6_1,28,Nov,2014,O,TR2,FALSE,Seed,TR,0,0,0,0,2,0,0,0,0,0,0,1,0,0,0,0,0,0,0,0
TR2_O13,6_1,28,Nov,2015,O,TR2,FALSE,Seed,TR,0,0,0,0,0,0,0,0,0,0,0,2,0,0,0,0,0,0,0,0
TR2_O14,6_1,29,Aug,2013,O,TR2,FALSE,Seed,TR,0,0,1,0,0,0,0,0,0,0,0,6,0,0,0,0,0,0,0,0
TR2_O14,6_1,29,Aug,2014,O,TR2,FALSE,Seed,TR,0,0,0,0,0,0,0,0,0,0,0,1,0,0,0,0,0,0,0,0
TR2_O14,6_1,29,Aug,2015,O,TR2,FALSE,Seed,TR,0,0,0,1,0,0,0,0,0,0,0,1,0,0,0,0,0,0,0,0
TR2_O14,6_1,29,Nov,2013,O,TR2,FALSE,Seed,TR,0,0,0,0,0,0,0,0,0,0,0,8,0,0,0,0,0,0,0,0
TR2_O14,6_1,29,Nov,2014,O,TR2,FALSE,Seed,TR,0,0,0,0,0,0,0,0,0,0,0,1,0,0,0,0,0,0,0,0
TR2_O14,6_1,29,Nov,2015,O,TR2,FALSE,Seed,TR,0,0,0,0,0,0,0,0,0,0,0,1,0,0,0,0,0,0,0,0
TR2_O15,6_1,30,Aug,2013,O,TR2,FALSE,Seed,TR,0,0,15,0,3,0,0,0,0,0,0,14,0,0,0,0,0,0,0,0
TR2_O15,6_1,30,Aug,2014,O,TR2,FALSE,Seed,TR,0,0,2,0,0,0,0,0,0,0,0,13,0,0,0,0,0,0,0,0
TR2_O15,6_1,30,Aug,2015,O,TR2,FALSE,Seed,TR,0,0,2,0,0,0,0,0,0,0,0,15,0,0,0,0,0,0,0,0
TR2_O15,6_1,30,Nov,2013,O,TR2,FALSE,Seed,TR,0,0,11,0,2,0,0,0,0,0,0,12,0,0,0,0,0,0,0,0
TR2_O15,6_1,30,Nov,2014,O,TR2,FALSE,Seed,TR,0,0,2,0,0,0,0,0,0,0,0,14,0,0,0,0,0,0,0,0
TR2_O15,6_1,30,Nov,2015,O,TR2,FALSE,Seed,TR,0,0,2,0,0,0,0,0,0,0,0,14,0,0,0,0,0,0,0,0
TR2_O2,6_1,17,Aug,2013,O,TR2,FALSE,Seed,TR,0,16,0,0,2,0,0,0,0,0,0,27,0,0,0,0,0,0,0,0
TR2_O2,6_1,17,Aug,2014,O,TR2,FALSE,Seed,TR,0,0,9,2,0,0,0,0,0,0,0,11,0,0,0,0,0,0,0,0
TR2_O2,6_1,17,Aug,2015,O,TR2,FALSE,Seed,TR,0,0,2,0,0,0,0,0,0,0,0,2,0,0,0,0,0,0,0,0
TR2_O2,6_1,17,Nov,2013,O,TR2,FALSE,Seed,TR,0,0,24,0,2,0,0,1,0,0,0,31,0,0,0,0,0,0,0,0
TR2_O2,6_1,17,Nov,2014,O,TR2,FALSE,Seed,TR,0,0,9,0,0,0,0,0,0,0,0,11,0,0,0,0,0,0,0,0
TR2_O2,6_1,17,Nov,2015,O,TR2,FALSE,Seed,TR,0,0,2,0,0,0,0,0,0,0,0,2,0,0,0,0,0,0,0,0
TR2_O3,6_1,18,Aug,2013,O,TR2,FALSE,Seed,TR,0,0,16,0,6,0,0,0,0,0,0,38,0,0,0,0,0,0,0,0
TR2_O3,6_1,18,Aug,2014,O,TR2,FALSE,Seed,TR,0,0,7,0,0,0,0,0,0,0,0,30,0,0,0,0,0,0,0,0
TR2_O3,6_1,18,Aug,2015,O,TR2,FALSE,Seed,TR,0,0,9,0,0,0,0,0,0,0,0,22,0,0,0,0,0,0,0,0
TR2_O3,6_1,18,Nov,2013,O,TR2,FALSE,Seed,TR,0,0,2,0,4,0,0,0,0,0,0,15,0,0,0,0,0,0,0,0
TR2_O3,6_1,18,Nov,2014,O,TR2,FALSE,Seed,TR,0,0,9,0,0,0,0,0,0,0,0,28,0,0,0,0,0,0,0,0
TR2_O3,6_1,18,Nov,2015,O,TR2,FALSE,Seed,TR,0,0,7,0,0,0,0,0,0,0,0,29,0,0,0,0,0,0,0,0
TR2_O4,6_1,19,Aug,2013,O,TR2,FALSE,Seed,TR,0,0,4,0,4,0,0,0,0,0,0,27,0,0,0,0,0,0,0,0
TR2_O4,6_1,19,Aug,2014,O,TR2,FALSE,Seed,TR,0,0,0,0,0,0,0,0,0,0,0,0,0,0,0,0,0,0,0,0
TR2_O4,6_1,19,Aug,2015,O,TR2,FALSE,Seed,TR,0,0,0,0,0,0,0,0,0,0,0,0,0,0,0,0,0,0,0,0
TR2_O4,6_1,19,Nov,2013,O,TR2,FALSE,Seed,TR,0,0,0,0,5,0,0,0,0,0,0,60,0,0,0,0,0,0,0,0
TR2_O4,6_1,19,Nov,2014,O,TR2,FALSE,Seed,TR,0,0,0,0,0,0,0,0,0,0,0,0,0,0,0,0,0,0,0,0
TR2_O4,6_1,19,Nov,2015,O,TR2,FALSE,Seed,TR,0,0,0,0,0,0,0,0,0,0,0,0,0,0,0,0,0,0,0,0
TR2_O5,6_1,20,Aug,2013,O,TR2,FALSE,Seed,TR,0,0,4,0,0,0,0,0,0,0,0,7,0,0,0,0,0,0,0,1
TR2_O5,6_1,20,Aug,2014,O,TR2,FALSE,Seed,TR,0,0,0,1,0,0,0,0,0,0,0,3,0,0,0,0,0,0,0,0
TR2_O5,6_1,20,Aug,2015,O,TR2,FALSE,Seed,TR,0,1,0,2,0,0,0,0,0,0,0,1,0,0,0,0,0,0,0,0
TR2_O5,6_1,20,Nov,2013,O,TR2,FALSE,Seed,TR,0,0,0,0,4,0,0,0,0,0,0,18,0,0,0,0,0,0,0,0
TR2_O5,6_1,20,Nov,2014,O,TR2,FALSE,Seed,TR,0,0,0,0,0,0,0,0,0,0,0,2,0,0,0,1,0,0,0,0
TR2_O5,6_1,20,Nov,2015,O,TR2,FALSE,Seed,TR,0,1,0,0,0,0,0,0,0,0,0,1,0,0,0,0,0,0,0,0
TR2_O6,6_1,21,Aug,2013,O,TR2,FALSE,Seed,TR,0,0,5,0,0,0,0,0,0,0,0,5,0,0,0,0,0,0,0,0
TR2_O6,6_1,21,Aug,2014,O,TR2,FALSE,Seed,TR,0,0,2,1,0,0,0,0,0,0,0,1,0,0,0,0,0,0,0,0
TR2_O6,6_1,21,Aug,2015,O,TR2,FALSE,Seed,TR,0,0,2,1,0,0,0,0,0,0,0,1,0,0,0,0,0,0,0,0
TR2_O6,6_1,21,Nov,2013,O,TR2,FALSE,Seed,TR,0,0,4,0,0,0,0,0,0,0,0,11,0,0,0,0,0,0,0,0
TR2_O6,6_1,21,Nov,2014,O,TR2,FALSE,Seed,TR,0,0,2,0,0,0,0,0,0,0,0,1,0,0,0,0,0,0,0,0
TR2_O6,6_1,21,Nov,2015,O,TR2,FALSE,Seed,TR,0,0,2,0,0,0,0,0,0,0,0,1,0,0,0,0,0,0,0,0
TR2_O7,6_1,22,Aug,2013,O,TR2,FALSE,Seed,TR,0,0,15,1,1,0,0,0,0,0,0,21,0,0,0,0,0,0,0,0
TR2_O7,6_1,22,Aug,2014,O,TR2,FALSE,Seed,TR,0,0,1,1,0,0,0,0,0,0,0,1,2,0,0,0,0,0,0,0
TR2_O7,6_1,22,Aug,2015,O,TR2,FALSE,Seed,TR,0,0,1,0,0,0,0,0,0,0,0,1,0,0,0,0,0,0,0,0
TR2_O7,6_1,22,Nov,2013,O,TR2,FALSE,Seed,TR,0,0,22,0,2,0,0,0,0,0,0,1,0,0,0,0,0,0,0,0
TR2_O7,6_1,22,Nov,2014,O,TR2,FALSE,Seed,TR,0,0,1,0,0,0,0,0,0,0,0,1,0,0,0,0,0,0,0,0
TR2_O7,6_1,22,Nov,2015,O,TR2,FALSE,Seed,TR,0,0,1,0,0,0,0,0,0,0,0,1,0,0,0,0,0,0,0,0
TR2_O8,6_1,23,Aug,2013,O,TR2,FALSE,Seed,TR,0,0,9,0,3,0,0,0,0,0,0,44,0,0,0,0,0,0,0,0
TR2_O8,6_1,23,Aug,2014,O,TR2,FALSE,Seed,TR,0,0,4,0,2,0,0,0,0,0,0,15,0,0,0,0,0,0,0,0
TR2_O8,6_1,23,Aug,2015,O,TR2,FALSE,Seed,TR,0,0,6,0,1,0,0,0,0,0,0,14,0,0,0,1,0,0,0,0
TR2_O8,6_1,23,Nov,2013,O,TR2,FALSE,Seed,TR,0,0,8,0,3,0,0,0,0,0,0,21,0,0,0,0,0,0,0,0
TR2_O8,6_1,23,Nov,2014,O,TR2,FALSE,Seed,TR,0,0,7,0,2,0,0,0,0,0,0,11,0,0,0,1,0,0,0,0
TR2_O8,6_1,23,Nov,2015,O,TR2,FALSE,Seed,TR,0,0,5,0,1,0,0,0,0,0,0,14,0,0,0,0,0,0,0,0
TR2_O9,6_1,24,Aug,2013,O,TR2,FALSE,Seed,TR,0,0,15,0,1,0,0,0,0,0,0,19,0,0,0,0,0,0,0,1
TR2_O9,6_1,24,Aug,2014,O,TR2,FALSE,Seed,TR,0,0,1,0,0,0,0,0,0,0,0,2,0,0,0,0,0,0,0,0
TR2_O9,6_1,24,Aug,2015,O,TR2,FALSE,Seed,TR,0,0,0,0,0,0,0,0,0,0,0,2,0,0,0,0,0,0,0,0
TR2_O9,6_1,24,Nov,2013,O,TR2,FALSE,Seed,TR,0,0,15,0,1,0,0,0,0,0,0,21,0,0,0,0,0,0,0,0
TR2_O9,6_1,24,Nov,2014,O,TR2,FALSE,Seed,TR,0,0,1,0,0,0,0,0,0,0,0,2,0,0,0,0,0,0,0,0
TR2_O9,6_1,24,Nov,2015,O,TR2,FALSE,Seed,TR,0,0,0,0,0,0,0,0,0,0,0,2,0,0,0,0,0,0,0,0
TR3_O1,6_1,31,Aug,2013,O,TR3,FALSE,Seed,TR,0,0,4,0,3,0,0,0,0,0,0,9,0,0,0,0,0,0,0,0
TR3_O1,6_1,31,Aug,2014,O,TR3,FALSE,Seed,TR,0,0,0,0,0,1,0,0,0,0,0,0,0,0,0,2,0,0,0,0
TR3_O1,6_1,31,Aug,2015,O,TR3,FALSE,Seed,TR,0,0,0,0,0,0,0,0,0,0,0,0,0,0,0,0,0,0,0,0
TR3_O1,6_1,31,Nov,2013,O,TR3,FALSE,Seed,TR,0,0,7,0,8,3,0,0,0,0,0,13,0,0,0,0,0,0,0,0
TR3_O1,6_1,31,Nov,2014,O,TR3,FALSE,Seed,TR,0,0,0,0,0,0,0,0,0,0,0,2,0,0,0,0,0,0,0,0
TR3_O1,6_1,31,Nov,2015,O,TR3,FALSE,Seed,TR,0,0,0,0,0,0,0,0,0,0,0,0,0,0,0,0,0,0,0,0
TR3_O10,6_1,40,Aug,2013,O,TR3,FALSE,Seed,TR,0,0,7,0,3,0,0,0,1,0,0,3,0,0,3,0,0,0,0,0
TR3_O10,6_1,40,Aug,2014,O,TR3,FALSE,Seed,TR,0,0,0,0,0,0,0,0,0,0,0,1,0,0,0,0,0,0,0,0
TR3_O10,6_1,40,Aug,2015,O,TR3,FALSE,Seed,TR,0,0,0,0,0,0,0,0,0,0,0,0,0,0,0,0,0,0,0,0
TR3_O10,6_1,40,Nov,2013,O,TR3,FALSE,Seed,TR,0,0,2,0,3,0,0,0,0,0,0,19,0,0,0,0,0,0,0,0
TR3_O10,6_1,40,Nov,2014,O,TR3,FALSE,Seed,TR,0,0,0,0,0,0,0,0,0,0,0,1,0,0,0,0,0,0,0,0
TR3_O10,6_1,40,Nov,2015,O,TR3,FALSE,Seed,TR,0,0,0,0,0,0,0,0,0,0,0,0,0,0,0,0,0,0,0,0
TR3_O11,6_1,41,Aug,2013,O,TR3,FALSE,Seed,TR,0,0,6,2,1,0,0,0,0,0,0,5,0,0,2,0,0,0,0,1
TR3_O11,6_1,41,Aug,2014,O,TR3,FALSE,Seed,TR,0,0,0,0,0,0,0,0,0,0,0,0,0,0,0,0,0,0,0,0
TR3_O11,6_1,41,Aug,2015,O,TR3,FALSE,Seed,TR,0,0,0,0,0,0,0,0,0,0,0,0,0,0,0,0,0,0,0,0
TR3_O11,6_1,41,Nov,2013,O,TR3,FALSE,Seed,TR,0,0,0,0,0,2,0,0,0,0,0,4,0,0,0,0,0,0,0,0
TR3_O11,6_1,41,Nov,2014,O,TR3,FALSE,Seed,TR,0,0,0,0,0,0,0,0,0,0,0,0,0,0,0,0,0,0,0,0
TR3_O11,6_1,41,Nov,2015,O,TR3,FALSE,Seed,TR,0,0,0,0,0,0,0,0,0,0,0,0,0,0,0,0,0,0,0,0
TR3_O12,6_1,42,Aug,2013,O,TR3,FALSE,Seed,TR,0,0,8,0,1,0,0,0,0,0,0,10,0,0,0,0,0,0,0,0
TR3_O12,6_1,42,Aug,2014,O,TR3,FALSE,Seed,TR,0,0,0,0,0,0,0,0,0,0,0,0,0,0,0,0,0,0,0,0
TR3_O12,6_1,42,Aug,2015,O,TR3,FALSE,Seed,TR,0,0,0,0,0,0,0,0,0,0,0,0,0,0,0,0,0,0,0,0
TR3_O12,6_1,42,Nov,2013,O,TR3,FALSE,Seed,TR,0,0,0,0,1,1,0,0,1,0,0,25,0,0,0,0,0,0,0,0
TR3_O12,6_1,42,Nov,2014,O,TR3,FALSE,Seed,TR,0,0,0,0,0,0,0,0,0,0,0,0,0,0,0,0,0,0,0,0
TR3_O12,6_1,42,Nov,2015,O,TR3,FALSE,Seed,TR,0,0,0,0,0,0,0,0,0,0,0,0,0,0,0,0,0,0,0,0
TR3_O13,6_1,43,Aug,2013,O,TR3,FALSE,Seed,TR,0,0,0,0,1,0,0,0,0,0,0,24,0,0,1,0,0,0,3,1
TR3_O13,6_1,43,Aug,2014,O,TR3,FALSE,Seed,TR,0,0,0,0,0,0,0,0,0,0,0,0,0,0,0,0,0,0,0,0
TR3_O13,6_1,43,Aug,2015,O,TR3,FALSE,Seed,TR,0,0,0,0,0,0,0,0,0,0,0,0,0,0,0,0,0,0,0,0
TR3_O13,6_1,43,Nov,2013,O,TR3,FALSE,Seed,TR,0,0,1,0,0,0,0,0,0,0,0,10,0,0,1,0,0,0,1,0
TR3_O13,6_1,43,Nov,2014,O,TR3,FALSE,Seed,TR,0,0,0,0,0,0,0,0,0,0,0,0,0,0,0,0,0,0,0,0
TR3_O13,6_1,43,Nov,2015,O,TR3,FALSE,Seed,TR,0,0,0,0,0,0,0,0,0,0,0,0,0,0,0,0,0,0,0,0
TR3_O14,6_1,44,Aug,2013,O,TR3,FALSE,Seed,TR,0,0,3,0,0,0,0,0,0,0,0,0,0,0,0,0,0,0,0,0
TR3_O14,6_1,44,Aug,2014,O,TR3,FALSE,Seed,TR,0,0,0,0,0,0,0,0,0,0,0,0,0,0,0,0,0,0,0,0
TR3_O14,6_1,44,Aug,2015,O,TR3,FALSE,Seed,TR,0,0,0,0,0,0,0,0,0,0,0,0,0,0,0,0,0,0,0,0
TR3_O14,6_1,44,Nov,2013,O,TR3,FALSE,Seed,TR,0,0,0,0,0,0,0,0,0,0,0,0,0,0,0,0,0,0,0,0
TR3_O14,6_1,44,Nov,2014,O,TR3,FALSE,Seed,TR,0,0,0,0,0,0,0,0,0,0,0,0,0,0,0,0,0,0,0,0
TR3_O14,6_1,44,Nov,2015,O,TR3,FALSE,Seed,TR,0,0,0,0,0,0,0,0,0,0,0,0,0,0,0,0,0,0,0,0
TR3_O15,6_1,45,Aug,2013,O,TR3,FALSE,Seed,TR,0,0,1,0,1,0,0,0,0,0,0,10,0,0,1,0,0,0,0,0
TR3_O15,6_1,45,Aug,2014,O,TR3,FALSE,Seed,TR,0,0,1,0,1,0,0,0,0,0,0,3,0,0,0,0,0,0,0,0
TR3_O15,6_1,45,Aug,2015,O,TR3,FALSE,Seed,TR,0,0,1,0,0,0,0,0,0,0,0,0,0,0,0,0,0,0,0,0
TR3_O15,6_1,45,Nov,2013,O,TR3,FALSE,Seed,TR,0,0,1,0,0,0,0,0,0,0,0,3,0,0,0,0,0,0,0,0
TR3_O15,6_1,45,Nov,2014,O,TR3,FALSE,Seed,TR,0,0,1,0,1,0,0,0,0,0,0,3,0,0,0,0,0,0,0,0
TR3_O15,6_1,45,Nov,2015,O,TR3,FALSE,Seed,TR,0,0,1,0,0,0,0,0,0,0,0,0,0,0,0,0,0,0,0,0
TR3_O2,6_1,32,Aug,2013,O,TR3,FALSE,Seed,TR,0,0,0,1,0,0,0,0,4,0,0,0,0,0,6,0,0,0,2,0
TR3_O2,6_1,32,Aug,2014,O,TR3,FALSE,Seed,TR,0,0,0,0,0,0,0,0,1,0,0,0,0,0,0,0,0,0,0,0
TR3_O2,6_1,32,Aug,2015,O,TR3,FALSE,Seed,TR,2,0,0,0,0,0,0,0,1,0,0,0,0,0,0,0,0,0,0,0
TR3_O2,6_1,32,Nov,2013,O,TR3,FALSE,Seed,TR,0,0,2,0,0,1,0,0,2,0,0,0,0,0,2,0,0,0,2,0
TR3_O2,6_1,32,Nov,2014,O,TR3,FALSE,Seed,TR,0,0,0,0,0,0,0,0,1,0,0,0,0,0,0,0,0,0,0,0
TR3_O2,6_1,32,Nov,2015,O,TR3,FALSE,Seed,TR,0,0,0,0,0,0,0,0,1,0,0,0,0,0,0,0,0,0,0,0
TR3_O3,6_1,33,Aug,2013,O,TR3,FALSE,Seed,TR,0,0,2,1,0,0,0,0,0,0,0,4,0,0,1,0,0,0,0,0
TR3_O3,6_1,33,Aug,2014,O,TR3,FALSE,Seed,TR,0,0,0,0,0,0,0,0,0,0,0,0,0,0,0,1,0,0,0,0
TR3_O3,6_1,33,Aug,2015,O,TR3,FALSE,Seed,TR,0,0,0,0,0,0,0,0,0,0,0,1,0,0,0,0,0,0,0,0
TR3_O3,6_1,33,Nov,2013,O,TR3,FALSE,Seed,TR,0,0,1,0,0,0,0,0,0,0,0,9,0,0,0,0,0,0,0,0
TR3_O3,6_1,33,Nov,2014,O,TR3,FALSE,Seed,TR,0,0,0,0,0,0,0,0,0,0,0,1,0,0,0,0,0,0,0,0
TR3_O3,6_1,33,Nov,2015,O,TR3,FALSE,Seed,TR,0,0,0,0,0,0,0,0,0,0,0,0,0,0,0,0,0,0,0,0
TR3_O4,6_1,34,Aug,2013,O,TR3,FALSE,Seed,TR,0,0,6,0,0,0,0,0,0,0,0,3,0,0,0,0,0,0,0,0
TR3_O4,6_1,34,Aug,2014,O,TR3,FALSE,Seed,TR,0,0,0,0,0,0,0,0,0,0,0,0,0,0,0,0,0,0,0,0
TR3_O4,6_1,34,Aug,2015,O,TR3,FALSE,Seed,TR,1,0,0,0,0,0,0,0,0,0,0,0,0,0,0,0,0,0,0,0
TR3_O4,6_1,34,Nov,2013,O,TR3,FALSE,Seed,TR,0,0,0,0,0,0,0,0,0,0,0,8,0,0,0,0,0,0,0,0
TR3_O4,6_1,34,Nov,2014,O,TR3,FALSE,Seed,TR,0,0,0,0,0,0,0,0,0,0,0,0,0,0,0,0,0,0,0,0
TR3_O4,6_1,34,Nov,2015,O,TR3,FALSE,Seed,TR,0,0,0,0,0,0,0,0,0,0,0,0,0,0,0,0,0,0,0,0
TR3_O5,6_1,35,Aug,2013,O,TR3,FALSE,Seed,TR,0,0,11,1,1,0,0,0,1,0,0,12,0,0,4,0,0,0,0,0
TR3_O5,6_1,35,Aug,2014,O,TR3,FALSE,Seed,TR,0,0,0,0,1,1,0,0,1,0,0,0,0,0,0,0,0,0,0,0
TR3_O5,6_1,35,Aug,2015,O,TR3,FALSE,Seed,TR,0,0,0,0,1,0,0,0,0,0,0,0,0,0,0,0,0,0,0,0
TR3_O5,6_1,35,Nov,2013,O,TR3,FALSE,Seed,TR,0,0,9,0,0,0,0,0,1,0,0,26,0,0,0,0,0,0,0,0
TR3_O5,6_1,35,Nov,2014,O,TR3,FALSE,Seed,TR,0,0,0,0,1,0,0,0,0,0,0,0,0,0,0,0,0,0,0,0
TR3_O5,6_1,35,Nov,2015,O,TR3,FALSE,Seed,TR,0,0,0,0,1,0,0,0,0,0,0,0,0,0,0,0,0,0,0,0
TR3_O6,6_1,36,Aug,2013,O,TR3,FALSE,Seed,TR,0,0,7,1,0,0,0,0,0,0,0,5,0,0,0,0,0,0,0,0
TR3_O6,6_1,36,Aug,2014,O,TR3,FALSE,Seed,TR,0,0,0,2,0,0,0,0,0,0,0,0,0,0,0,1,0,0,0,0
TR3_O6,6_1,36,Aug,2015,O,TR3,FALSE,Seed,TR,1,0,0,1,0,0,0,0,0,0,0,0,0,0,0,1,0,0,0,0
TR3_O6,6_1,36,Nov,2013,O,TR3,FALSE,Seed,TR,0,0,1,0,0,0,0,0,1,0,0,9,0,0,0,0,0,0,0,0
TR3_O6,6_1,36,Nov,2014,O,TR3,FALSE,Seed,TR,0,0,0,0,0,0,0,0,0,0,0,0,0,0,0,0,0,0,0,0
TR3_O6,6_1,36,Nov,2015,O,TR3,FALSE,Seed,TR,0,0,0,0,0,0,0,0,0,0,0,0,0,0,0,0,0,0,0,0
TR3_O7,6_1,37,Aug,2013,O,TR3,FALSE,Seed,TR,0,0,2,0,0,0,0,0,0,0,0,1,0,0,1,0,0,0,0,0
TR3_O7,6_1,37,Aug,2014,O,TR3,FALSE,Seed,TR,0,0,0,1,1,0,0,0,0,0,0,0,0,0,0,0,0,0,0,0
TR3_O7,6_1,37,Aug,2015,O,TR3,FALSE,Seed,TR,0,0,0,1,0,0,0,0,0,0,0,0,0,0,0,0,0,0,0,0
TR3_O7,6_1,37,Nov,2013,O,TR3,FALSE,Seed,TR,0,0,0,0,0,0,0,0,0,0,0,0,0,0,1,0,0,0,0,0
TR3_O7,6_1,37,Nov,2014,O,TR3,FALSE,Seed,TR,0,0,0,0,0,0,0,0,0,0,0,0,0,0,0,0,0,0,0,0
TR3_O7,6_1,37,Nov,2015,O,TR3,FALSE,Seed,TR,0,0,0,0,0,0,0,0,0,0,0,0,0,0,0,0,0,0,0,0
TR3_O8,6_1,38,Aug,2013,O,TR3,FALSE,Seed,TR,0,0,6,0,1,0,0,0,0,0,0,4,0,0,0,0,0,0,0,0
TR3_O8,6_1,38,Aug,2014,O,TR3,FALSE,Seed,TR,0,0,0,1,0,0,0,0,0,0,0,0,0,0,0,0,0,0,0,0
TR3_O8,6_1,38,Aug,2015,O,TR3,FALSE,Seed,TR,0,0,0,0,0,1,0,0,0,0,0,0,0,0,0,0,0,0,0,0
TR3_O8,6_1,38,Nov,2013,O,TR3,FALSE,Seed,TR,0,0,6,0,0,2,0,0,0,0,0,5,0,0,0,0,0,0,0,0
TR3_O8,6_1,38,Nov,2014,O,TR3,FALSE,Seed,TR,0,0,0,0,0,1,0,0,0,0,0,0,0,0,0,0,0,0,0,0
TR3_O8,6_1,38,Nov,2015,O,TR3,FALSE,Seed,TR,0,0,0,0,0,1,0,0,0,0,0,0,0,0,0,0,0,0,0,0
TR3_O9,6_1,39,Aug,2013,O,TR3,FALSE,Seed,TR,0,0,15,0,0,0,0,0,0,0,0,23,0,0,0,0,0,0,0,0
TR3_O9,6_1,39,Aug,2014,O,TR3,FALSE,Seed,TR,0,0,0,0,0,0,0,0,0,0,0,0,0,0,0,0,0,0,0,0
TR3_O9,6_1,39,Aug,2015,O,TR3,FALSE,Seed,TR,0,0,0,0,0,0,0,0,0,0,0,0,0,0,0,0,0,0,0,0
TR3_O9,6_1,39,Nov,2013,O,TR3,FALSE,Seed,TR,0,0,0,0,0,0,0,0,1,0,0,19,0,0,0,0,0,0,0,0
TR3_O9,6_1,39,Nov,2014,O,TR3,FALSE,Seed,TR,0,0,0,0,0,0,0,0,0,0,0,0,0,0,0,0,0,0,0,0
TR3_O9,6_1,39,Nov,2015,O,TR3,FALSE,Seed,TR,0,0,0,0,0,0,0,0,0,0,0,0,0,0,0,0,0,0,0,0
TR1_OB1,6_2,1,Aug,2013,OB,TR1,FALSE,Brush,TR,0,0,40,0,5,0,0,0,1,0,0,0,2,0,0,0,0,0,1,5
TR1_OB1,6_2,1,Aug,2014,OB,TR1,FALSE,Brush,TR,0,2,0,1,0,0,0,1,0,0,0,2,0,0,0,0,0,0,0,0
TR1_OB1,6_2,1,Aug,2015,OB,TR1,FALSE,Brush,TR,0,3,0,0,0,0,0,1,0,0,0,0,0,0,0,0,1,0,0,0
TR1_OB1,6_2,1,Nov,2013,OB,TR1,FALSE,Brush,TR,0,7,0,0,5,0,0,2,0,0,0,26,1,0,1,0,0,0,1,4
TR1_OB1,6_2,1,Nov,2014,OB,TR1,FALSE,Brush,TR,0,3,0,0,0,0,0,1,0,0,0,0,0,0,0,1,0,0,0,0
TR1_OB1,6_2,1,Nov,2015,OB,TR1,FALSE,Brush,TR,0,2,0,0,0,0,0,1,0,0,0,0,0,0,0,1,1,0,0,0
TR1_OB10,6_2,10,Aug,2013,OB,TR1,FALSE,Brush,TR,0,0,0,0,0,0,0,0,0,0,0,0,1,0,0,0,0,0,0,1
TR1_OB10,6_2,10,Aug,2014,OB,TR1,FALSE,Brush,TR,0,0,0,3,0,0,0,0,0,0,0,0,5,0,1,3,0,0,0,1
TR1_OB10,6_2,10,Aug,2015,OB,TR1,FALSE,Brush,TR,0,0,0,1,0,0,0,0,0,0,0,0,0,0,0,0,0,0,0,0
TR1_OB10,6_2,10,Nov,2013,OB,TR1,FALSE,Brush,TR,0,0,0,0,0,0,0,0,0,0,0,1,0,0,0,0,0,0,0,1
TR1_OB10,6_2,10,Nov,2014,OB,TR1,FALSE,Brush,TR,0,0,0,0,0,0,0,0,0,0,0,0,0,0,0,2,0,0,0,1
TR1_OB10,6_2,10,Nov,2015,OB,TR1,FALSE,Brush,TR,0,0,0,0,0,0,0,0,0,0,0,0,0,0,0,0,0,0,0,0
TR1_OB11,6_2,11,Aug,2013,OB,TR1,FALSE,Brush,TR,0,0,0,0,0,0,0,0,0,0,0,2,0,0,0,0,0,0,0,1
TR1_OB11,6_2,11,Aug,2014,OB,TR1,FALSE,Brush,TR,0,0,0,0,0,0,0,11,0,0,0,0,0,0,0,0,0,0,0,0
TR1_OB11,6_2,11,Aug,2015,OB,TR1,FALSE,Brush,TR,0,0,0,0,0,0,0,0,0,0,0,0,0,0,0,0,0,0,0,0
TR1_OB11,6_2,11,Nov,2013,OB,TR1,FALSE,Brush,TR,0,0,0,0,0,0,0,1,0,0,0,0,0,0,1,0,0,0,0,0
TR1_OB11,6_2,11,Nov,2014,OB,TR1,FALSE,Brush,TR,0,0,0,0,0,0,0,1,0,0,0,0,0,0,0,0,0,0,0,0
TR1_OB11,6_2,11,Nov,2015,OB,TR1,FALSE,Brush,TR,0,0,0,0,0,0,0,1,0,0,0,0,0,0,0,0,0,0,0,0
TR1_OB12,6_2,12,Aug,2013,OB,TR1,FALSE,Brush,TR,0,0,0,3,0,0,0,0,1,0,0,0,0,0,1,0,0,0,1,1
TR1_OB12,6_2,12,Aug,2014,OB,TR1,FALSE,Brush,TR,0,0,0,5,0,0,0,0,0,0,0,0,0,0,1,1,0,0,0,0
TR1_OB12,6_2,12,Aug,2015,OB,TR1,FALSE,Brush,TR,1,1,0,4,0,0,0,0,0,0,0,0,0,0,1,0,0,0,1,0
TR1_OB12,6_2,12,Nov,2013,OB,TR1,FALSE,Brush,TR,0,0,0,0,0,2,0,0,1,0,0,0,0,0,1,0,0,0,1,2
TR1_OB12,6_2,12,Nov,2014,OB,TR1,FALSE,Brush,TR,0,1,0,0,0,0,0,0,0,0,0,0,0,0,1,1,0,0,0,0
TR1_OB12,6_2,12,Nov,2015,OB,TR1,FALSE,Brush,TR,0,1,0,0,0,0,0,0,0,0,0,0,0,0,1,0,0,0,0,0
TR1_OB13,6_2,13,Aug,2013,OB,TR1,FALSE,Brush,TR,0,0,5,1,1,0,0,0,0,0,0,10,1,0,1,0,0,0,0,3
TR1_OB13,6_2,13,Aug,2014,OB,TR1,FALSE,Brush,TR,0,0,0,0,0,0,0,0,0,0,0,1,5,0,0,0,0,0,0,0
TR1_OB13,6_2,13,Aug,2015,OB,TR1,FALSE,Brush,TR,0,6,0,0,0,0,0,0,0,0,0,1,0,0,0,0,0,0,1,2
TR1_OB13,6_2,13,Nov,2013,OB,TR1,FALSE,Brush,TR,0,0,4,0,0,0,0,0,0,0,0,1,0,0,2,0,0,0,0,3
TR1_OB13,6_2,13,Nov,2014,OB,TR1,FALSE,Brush,TR,0,0,1,0,0,0,0,0,0,0,0,0,0,0,0,0,0,0,0,0
TR1_OB13,6_2,13,Nov,2015,OB,TR1,FALSE,Brush,TR,0,5,0,0,0,0,0,0,0,0,0,1,0,0,0,0,0,0,0,0
TR1_OB14,6_2,14,Aug,2013,OB,TR1,FALSE,Brush,TR,0,0,0,0,0,0,0,0,0,0,0,0,1,0,0,0,0,0,0,0
TR1_OB14,6_2,14,Aug,2014,OB,TR1,FALSE,Brush,TR,0,0,0,0,2,0,0,0,0,0,0,0,0,0,0,1,0,0,0,0
TR1_OB14,6_2,14,Aug,2015,OB,TR1,FALSE,Brush,TR,0,0,0,0,0,0,0,0,0,0,0,0,0,0,0,0,0,0,0,0
TR1_OB14,6_2,14,Nov,2013,OB,TR1,FALSE,Brush,TR,0,0,0,0,0,0,0,1,0,0,0,0,0,0,0,0,0,0,0,0
TR1_OB14,6_2,14,Nov,2014,OB,TR1,FALSE,Brush,TR,0,0,0,0,1,0,0,0,0,0,0,0,0,0,0,1,0,0,0,0
TR1_OB14,6_2,14,Nov,2015,OB,TR1,FALSE,Brush,TR,0,0,0,0,0,0,0,0,0,0,0,0,0,0,0,1,0,0,0,0
TR1_OB15,6_2,15,Aug,2013,OB,TR1,FALSE,Brush,TR,0,0,6,0,1,0,0,0,1,0,0,5,1,0,2,0,0,0,0,1
TR1_OB15,6_2,15,Aug,2014,OB,TR1,FALSE,Brush,TR,0,3,1,1,1,0,0,0,0,0,0,0,1,0,1,1,0,0,0,0
TR1_OB15,6_2,15,Aug,2015,OB,TR1,FALSE,Brush,TR,0,2,1,0,0,0,0,0,0,0,0,0,0,0,0,4,0,0,1,0
TR1_OB15,6_2,15,Nov,2013,OB,TR1,FALSE,Brush,TR,0,0,16,0,3,0,0,0,0,0,0,14,1,0,2,0,0,0,0,0
TR1_OB15,6_2,15,Nov,2014,OB,TR1,FALSE,Brush,TR,0,6,1,0,0,0,0,0,1,0,0,0,1,0,1,3,0,0,0,0
TR1_OB15,6_2,15,Nov,2015,OB,TR1,FALSE,Brush,TR,0,3,1,0,1,0,0,0,0,0,0,0,0,0,0,4,0,0,0,0
TR1_OB2,6_2,2,Aug,2013,OB,TR1,FALSE,Brush,TR,0,0,8,0,2,0,0,0,0,0,0,0,2,0,0,0,0,0,2,4
TR1_OB2,6_2,2,Aug,2014,OB,TR1,FALSE,Brush,TR,0,1,0,0,0,0,0,0,0,0,0,0,0,0,0,0,0,0,1,1
TR1_OB2,6_2,2,Aug,2015,OB,TR1,FALSE,Brush,TR,0,3,0,0,0,0,0,0,0,0,0,0,0,0,0,0,0,0,2,0
TR1_OB2,6_2,2,Nov,2013,OB,TR1,FALSE,Brush,TR,0,0,0,0,2,0,0,0,0,0,0,20,0,0,0,0,0,0,2,3
TR1_OB2,6_2,2,Nov,2014,OB,TR1,FALSE,Brush,TR,0,4,0,0,0,0,0,0,0,0,0,0,0,0,0,0,0,0,1,0
TR1_OB2,6_2,2,Nov,2015,OB,TR1,FALSE,Brush,TR,0,4,0,0,0,0,0,0,0,0,0,0,0,0,0,0,0,0,2,0
TR1_OB3,6_2,3,Aug,2013,OB,TR1,FALSE,Brush,TR,0,0,0,0,0,0,0,0,0,0,0,2,0,0,1,0,0,0,0,1
TR1_OB3,6_2,3,Aug,2014,OB,TR1,FALSE,Brush,TR,0,0,0,4,0,0,0,1,0,0,0,0,1,0,0,0,0,0,0,0
TR1_OB3,6_2,3,Aug,2015,OB,TR1,FALSE,Brush,TR,0,1,0,3,0,0,0,0,0,0,0,0,0,0,0,0,0,0,0,0
TR1_OB3,6_2,3,Nov,2013,OB,TR1,FALSE,Brush,TR,0,0,0,0,0,0,0,3,0,0,0,5,0,0,1,0,0,0,0,1
TR1_OB3,6_2,3,Nov,2014,OB,TR1,FALSE,Brush,TR,0,2,0,0,0,0,0,1,0,0,0,0,0,1,0,0,0,0,0,0
TR1_OB3,6_2,3,Nov,2015,OB,TR1,FALSE,Brush,TR,0,0,0,0,0,0,0,0,0,0,0,0,0,0,0,0,0,0,0,0
TR1_OB4,6_2,4,Aug,2013,OB,TR1,FALSE,Brush,TR,0,0,0,0,7,0,0,0,0,0,0,40,0,0,0,0,0,0,0,4
TR1_OB4,6_2,4,Aug,2014,OB,TR1,FALSE,Brush,TR,0,0,0,0,1,0,0,0,0,0,0,0,2,0,0,0,0,0,0,1
TR1_OB4,6_2,4,Aug,2015,OB,TR1,FALSE,Brush,TR,0,3,0,0,0,0,0,0,0,0,0,0,0,0,0,0,0,0,0,0
TR1_OB4,6_2,4,Nov,2013,OB,TR1,FALSE,Brush,TR,0,0,4,0,10,0,0,0,0,0,0,27,1,0,0,0,0,0,0,4
TR1_OB4,6_2,4,Nov,2014,OB,TR1,FALSE,Brush,TR,0,6,0,0,1,0,0,0,0,0,0,0,0,0,0,0,0,0,0,0
TR1_OB4,6_2,4,Nov,2015,OB,TR1,FALSE,Brush,TR,0,3,0,0,0,0,0,0,0,0,0,0,0,0,0,0,0,0,0,0
TR1_OB5,6_2,5,Aug,2013,OB,TR1,FALSE,Brush,TR,0,0,0,0,1,0,0,0,4,0,0,3,0,0,2,0,0,0,3,3
TR1_OB5,6_2,5,Aug,2014,OB,TR1,FALSE,Brush,TR,0,0,0,4,0,0,0,0,0,0,1,0,1,0,0,5,0,0,0,0
TR1_OB5,6_2,5,Aug,2015,OB,TR1,FALSE,Brush,TR,0,0,1,1,0,0,0,0,0,0,0,0,0,0,0,0,0,0,0,0
TR1_OB5,6_2,5,Nov,2013,OB,TR1,FALSE,Brush,TR,0,0,4,0,2,0,0,0,3,0,0,5,0,0,1,0,0,0,3,3
TR1_OB5,6_2,5,Nov,2014,OB,TR1,FALSE,Brush,TR,0,0,1,0,0,0,0,0,0,0,0,0,0,0,0,2,0,0,0,0
TR1_OB5,6_2,5,Nov,2015,OB,TR1,FALSE,Brush,TR,0,0,1,0,0,0,0,0,0,0,0,0,0,0,0,0,0,0,0,0
TR1_OB6,6_2,6,Aug,2013,OB,TR1,FALSE,Brush,TR,0,0,0,0,6,0,0,0,0,0,0,14,4,0,0,0,0,0,1,5
TR1_OB6,6_2,6,Aug,2014,OB,TR1,FALSE,Brush,TR,0,8,1,0,0,0,0,0,0,0,0,1,3,0,0,2,0,0,0,0
TR1_OB6,6_2,6,Aug,2015,OB,TR1,FALSE,Brush,TR,0,7,1,0,0,0,0,0,0,0,0,0,0,0,0,2,0,0,0,0
TR1_OB6,6_2,6,Nov,2013,OB,TR1,FALSE,Brush,TR,0,0,10,0,6,3,0,0,0,0,0,22,1,0,1,0,0,0,0,6
TR1_OB6,6_2,6,Nov,2014,OB,TR1,FALSE,Brush,TR,0,6,1,0,0,0,0,0,0,0,0,0,0,0,0,2,0,0,0,0
TR1_OB6,6_2,6,Nov,2015,OB,TR1,FALSE,Brush,TR,0,5,1,0,0,0,0,0,0,0,0,0,0,0,0,2,0,0,0,0
TR1_OB7,6_2,7,Aug,2013,OB,TR1,FALSE,Brush,TR,0,0,3,0,0,0,0,0,0,0,0,19,0,0,2,0,0,0,0,1
TR1_OB7,6_2,7,Aug,2014,OB,TR1,FALSE,Brush,TR,0,0,0,0,0,0,0,0,0,0,0,0,0,0,0,0,0,0,0,0
TR1_OB7,6_2,7,Aug,2015,OB,TR1,FALSE,Brush,TR,0,0,0,0,0,0,0,0,0,0,0,1,0,0,0,0,0,0,0,0
TR1_OB7,6_2,7,Nov,2013,OB,TR1,FALSE,Brush,TR,0,0,36,0,4,4,0,0,1,0,0,5,0,0,0,0,0,0,0,2
TR1_OB7,6_2,7,Nov,2014,OB,TR1,FALSE,Brush,TR,0,0,0,0,4,0,0,0,0,0,0,0,0,0,0,0,0,0,0,0
TR1_OB7,6_2,7,Nov,2015,OB,TR1,FALSE,Brush,TR,0,0,0,0,0,0,0,0,0,0,0,0,0,0,0,0,0,0,0,0
TR1_OB8,6_2,8,Aug,2013,OB,TR1,FALSE,Brush,TR,0,0,9,1,0,0,0,0,0,0,0,10,1,0,1,0,0,0,0,0
TR1_OB8,6_2,8,Aug,2014,OB,TR1,FALSE,Brush,TR,0,0,1,0,0,0,0,0,0,0,0,0,0,0,0,0,0,0,0,1
TR1_OB8,6_2,8,Aug,2015,OB,TR1,FALSE,Brush,TR,0,3,0,0,0,0,0,0,0,0,0,0,0,0,0,0,0,0,0,0
TR1_OB8,6_2,8,Nov,2013,OB,TR1,FALSE,Brush,TR,0,0,13,1,0,0,1,0,2,0,0,16,1,0,0,0,0,0,0,0
TR1_OB8,6_2,8,Nov,2014,OB,TR1,FALSE,Brush,TR,0,3,0,0,0,0,0,0,0,0,0,0,0,0,0,0,0,0,0,0
TR1_OB8,6_2,8,Nov,2015,OB,TR1,FALSE,Brush,TR,0,3,0,0,0,0,0,0,0,0,0,0,0,0,0,0,0,0,0,0
TR1_OB9,6_2,9,Aug,2013,OB,TR1,FALSE,Brush,TR,0,0,3,1,1,0,0,0,0,0,0,11,0,0,0,0,0,0,1,0
TR1_OB9,6_2,9,Aug,2014,OB,TR1,FALSE,Brush,TR,0,0,0,0,0,0,0,0,0,0,0,0,0,0,0,3,0,0,0,0
TR1_OB9,6_2,9,Aug,2015,OB,TR1,FALSE,Brush,TR,0,0,0,0,0,0,0,0,0,0,0,0,0,0,0,0,0,0,0,0
TR1_OB9,6_2,9,Nov,2013,OB,TR1,FALSE,Brush,TR,0,0,8,0,4,0,0,0,0,0,0,37,0,0,0,0,0,0,2,0
TR1_OB9,6_2,9,Nov,2014,OB,TR1,FALSE,Brush,TR,0,0,0,0,1,0,0,0,0,0,0,0,0,0,0,3,0,0,0,0
TR1_OB9,6_2,9,Nov,2015,OB,TR1,FALSE,Brush,TR,0,0,0,0,0,0,0,0,0,0,0,0,0,0,0,0,0,0,0,0
TR2_OB1,6_2,16,Aug,2013,OB,TR2,FALSE,Brush,TR,0,0,0,1,0,0,0,0,1,0,0,6,0,0,1,0,0,0,0,1
TR2_OB1,6_2,16,Aug,2014,OB,TR2,FALSE,Brush,TR,0,0,2,0,5,0,0,1,0,0,0,0,0,0,0,9,0,0,0,0
TR2_OB1,6_2,16,Aug,2015,OB,TR2,FALSE,Brush,TR,0,4,0,0,2,0,0,0,0,0,0,0,0,0,0,3,0,0,0,0
TR2_OB1,6_2,16,Nov,2013,OB,TR2,FALSE,Brush,TR,0,0,15,0,3,1,0,0,1,0,0,16,0,0,3,0,0,0,0,1
TR2_OB1,6_2,16,Nov,2014,OB,TR2,FALSE,Brush,TR,0,2,1,0,6,0,0,1,0,0,0,0,0,0,0,6,0,0,0,0
TR2_OB1,6_2,16,Nov,2015,OB,TR2,FALSE,Brush,TR,0,3,0,0,2,0,0,1,0,0,0,0,0,0,0,3,0,0,0,0
TR2_OB10,6_2,25,Aug,2013,OB,TR2,FALSE,Brush,TR,0,0,0,1,0,0,0,0,0,0,0,0,0,0,0,0,0,0,0,0
TR2_OB10,6_2,25,Aug,2014,OB,TR2,FALSE,Brush,TR,0,0,0,3,2,0,0,0,0,0,0,28,1,0,0,0,0,0,0,0
TR2_OB10,6_2,25,Aug,2015,OB,TR2,FALSE,Brush,TR,0,1,0,3,1,0,0,0,0,0,0,14,0,0,0,0,0,0,0,0
TR2_OB10,6_2,25,Nov,2013,OB,TR2,FALSE,Brush,TR,0,0,10,0,2,3,0,0,0,0,0,30,3,0,1,0,0,0,0,1
TR2_OB10,6_2,25,Nov,2014,OB,TR2,FALSE,Brush,TR,0,1,0,0,2,2,0,0,0,0,0,25,0,1,0,0,0,0,0,0
TR2_OB10,6_2,25,Nov,2015,OB,TR2,FALSE,Brush,TR,0,1,0,0,1,1,0,0,0,0,0,14,0,0,0,0,0,0,0,0
TR2_OB11,6_2,26,Aug,2013,OB,TR2,FALSE,Brush,TR,0,0,0,0,0,0,0,0,0,0,0,0,0,0,1,0,0,0,0,0
TR2_OB11,6_2,26,Aug,2014,OB,TR2,FALSE,Brush,TR,0,0,0,1,2,0,0,0,0,0,0,4,0,0,0,0,0,0,0,0
TR2_OB11,6_2,26,Aug,2015,OB,TR2,FALSE,Brush,TR,0,2,0,0,1,0,0,0,0,0,0,0,0,0,0,1,0,0,0,0
TR2_OB11,6_2,26,Nov,2013,OB,TR2,FALSE,Brush,TR,0,0,0,0,0,0,0,0,0,0,0,0,0,0,0,0,0,0,0,0
TR2_OB11,6_2,26,Nov,2014,OB,TR2,FALSE,Brush,TR,0,2,0,0,2,0,0,0,0,0,0,0,0,0,0,0,0,0,0,0
TR2_OB11,6_2,26,Nov,2015,OB,TR2,FALSE,Brush,TR,0,2,0,0,0,0,0,0,0,0,0,0,0,0,0,0,0,0,0,0
TR2_OB12,6_2,27,Aug,2013,OB,TR2,FALSE,Brush,TR,0,0,2,1,0,0,0,0,0,0,0,1,0,0,0,0,0,0,0,0
TR2_OB12,6_2,27,Aug,2014,OB,TR2,FALSE,Brush,TR,0,0,1,1,1,0,0,0,0,0,0,0,0,0,0,2,0,0,0,0
TR2_OB12,6_2,27,Aug,2015,OB,TR2,FALSE,Brush,TR,0,1,1,1,0,0,0,0,0,0,0,1,0,0,0,0,0,0,0,0
TR2_OB12,6_2,27,Nov,2013,OB,TR2,FALSE,Brush,TR,0,0,4,0,0,0,0,0,0,0,0,2,0,0,0,0,0,0,0,0
TR2_OB12,6_2,27,Nov,2014,OB,TR2,FALSE,Brush,TR,0,0,0,0,0,0,0,0,0,0,0,0,0,0,0,0,0,0,0,0
TR2_OB12,6_2,27,Nov,2015,OB,TR2,FALSE,Brush,TR,0,0,1,0,0,0,0,0,0,0,0,1,0,0,0,0,0,0,0,0
TR2_OB13,6_2,28,Aug,2013,OB,TR2,FALSE,Brush,TR,0,0,15,0,0,0,0,0,0,0,0,52,0,0,0,0,0,0,0,0
TR2_OB13,6_2,28,Aug,2014,OB,TR2,FALSE,Brush,TR,0,0,0,0,0,0,0,0,0,0,0,0,0,0,0,0,0,0,0,0
TR2_OB13,6_2,28,Aug,2015,OB,TR2,FALSE,Brush,TR,0,0,0,0,0,0,0,0,0,0,0,0,0,0,0,0,0,0,0,0
TR2_OB13,6_2,28,Nov,2013,OB,TR2,FALSE,Brush,TR,0,0,6,0,0,0,0,0,0,0,0,27,0,0,0,0,0,0,0,0
TR2_OB13,6_2,28,Nov,2014,OB,TR2,FALSE,Brush,TR,0,0,0,0,0,0,0,0,0,0,0,0,0,0,0,0,0,0,0,0
TR2_OB13,6_2,28,Nov,2015,OB,TR2,FALSE,Brush,TR,0,0,0,0,0,0,0,0,0,0,0,0,0,0,0,0,0,0,0,0
TR2_OB14,6_2,29,Aug,2013,OB,TR2,FALSE,Brush,TR,0,0,0,0,0,0,0,0,0,0,0,0,0,0,2,0,0,0,0,3
TR2_OB14,6_2,29,Aug,2014,OB,TR2,FALSE,Brush,TR,0,0,0,1,1,0,0,0,0,0,0,0,0,0,0,2,0,0,0,1
TR2_OB14,6_2,29,Aug,2015,OB,TR2,FALSE,Brush,TR,0,3,0,2,0,0,0,0,0,0,0,0,0,0,0,2,0,0,0,0
TR2_OB14,6_2,29,Nov,2013,OB,TR2,FALSE,Brush,TR,0,0,0,0,0,0,0,0,0,0,0,0,0,0,2,0,0,0,0,3
TR2_OB14,6_2,29,Nov,2014,OB,TR2,FALSE,Brush,TR,0,0,0,0,0,0,0,0,0,0,0,0,0,0,0,0,0,0,0,1
TR2_OB14,6_2,29,Nov,2015,OB,TR2,FALSE,Brush,TR,0,3,0,0,0,0,0,0,0,0,0,0,0,0,0,2,0,0,0,0
TR2_OB15,6_2,30,Aug,2013,OB,TR2,FALSE,Brush,TR,0,0,13,0,1,0,0,0,0,0,0,21,0,0,1,0,0,0,0,2
TR2_OB15,6_2,30,Aug,2014,OB,TR2,FALSE,Brush,TR,0,0,0,1,0,0,0,0,0,0,0,4,0,0,0,0,0,0,0,0
TR2_OB15,6_2,30,Aug,2015,OB,TR2,FALSE,Brush,TR,0,2,0,0,1,0,0,0,0,0,0,2,0,0,0,0,0,0,0,0
TR2_OB15,6_2,30,Nov,2013,OB,TR2,FALSE,Brush,TR,0,0,18,0,1,0,0,1,0,0,0,15,0,0,0,0,0,0,0,2
TR2_OB15,6_2,30,Nov,2014,OB,TR2,FALSE,Brush,TR,0,2,0,0,2,0,0,0,0,0,0,4,0,0,1,0,0,0,0,0
TR2_OB15,6_2,30,Nov,2015,OB,TR2,FALSE,Brush,TR,0,1,0,0,1,0,0,0,0,0,0,0,0,0,0,0,0,0,0,0
TR2_OB2,6_2,17,Aug,2013,OB,TR2,FALSE,Brush,TR,0,0,3,0,1,0,0,0,0,0,0,1,0,0,4,0,0,0,0,4
TR2_OB2,6_2,17,Aug,2014,OB,TR2,FALSE,Brush,TR,0,0,0,1,0,0,0,0,0,0,1,9,0,0,0,4,0,0,0,0
TR2_OB2,6_2,17,Aug,2015,OB,TR2,FALSE,Brush,TR,0,0,0,0,0,0,0,0,0,0,0,0,0,0,0,1,0,0,0,0
TR2_OB2,6_2,17,Nov,2013,OB,TR2,FALSE,Brush,TR,0,0,6,0,2,0,0,1,1,0,0,6,0,0,4,0,0,0,0,0
TR2_OB2,6_2,17,Nov,2014,OB,TR2,FALSE,Brush,TR,0,0,0,0,0,0,0,0,0,0,0,0,0,0,0,0,0,0,0,0
TR2_OB2,6_2,17,Nov,2015,OB,TR2,FALSE,Brush,TR,0,0,0,0,0,0,0,0,0,0,0,0,0,0,0,1,0,0,0,0
TR2_OB3,6_2,18,Aug,2013,OB,TR2,FALSE,Brush,TR,0,0,7,0,0,0,0,0,0,0,0,32,0,0,1,0,0,0,0,4
TR2_OB3,6_2,18,Aug,2014,OB,TR2,FALSE,Brush,TR,0,0,0,3,1,0,0,0,0,0,0,17,0,0,0,0,0,0,0,1
TR2_OB3,6_2,18,Aug,2015,OB,TR2,FALSE,Brush,TR,0,2,0,0,1,0,0,0,0,0,0,12,0,0,0,0,0,0,0,0
TR2_OB3,6_2,18,Nov,2013,OB,TR2,FALSE,Brush,TR,0,0,3,0,2,0,0,0,0,0,0,42,0,0,0,0,0,0,0,0
TR2_OB3,6_2,18,Nov,2014,OB,TR2,FALSE,Brush,TR,0,2,0,0,1,0,0,0,0,0,0,16,0,0,0,0,0,0,0,1
TR2_OB3,6_2,18,Nov,2015,OB,TR2,FALSE,Brush,TR,0,2,0,0,1,0,0,0,0,0,0,12,0,0,0,0,0,0,0,0
TR2_OB4,6_2,19,Aug,2013,OB,TR2,FALSE,Brush,TR,0,0,0,0,1,0,0,0,0,0,0,2,2,0,0,0,0,0,0,0
TR2_OB4,6_2,19,Aug,2014,OB,TR2,FALSE,Brush,TR,0,0,0,0,0,0,0,0,0,0,0,0,0,0,0,0,0,0,0,0
TR2_OB4,6_2,19,Aug,2015,OB,TR2,FALSE,Brush,TR,0,2,0,0,0,0,0,0,0,0,0,0,0,0,0,0,0,0,0,0
TR2_OB4,6_2,19,Nov,2013,OB,TR2,FALSE,Brush,TR,0,0,1,0,0,0,0,0,0,0,0,9,3,0,0,0,0,0,0,0
TR2_OB4,6_2,19,Nov,2014,OB,TR2,FALSE,Brush,TR,0,0,0,0,1,0,0,0,0,0,0,0,0,0,0,0,0,0,0,0
TR2_OB4,6_2,19,Nov,2015,OB,TR2,FALSE,Brush,TR,0,2,0,0,0,0,0,0,0,0,0,0,0,0,0,0,0,0,0,0
TR2_OB5,6_2,20,Aug,2013,OB,TR2,FALSE,Brush,TR,0,0,6,0,3,0,0,0,1,0,0,13,0,0,0,0,0,0,0,0
TR2_OB5,6_2,20,Aug,2014,OB,TR2,FALSE,Brush,TR,0,0,0,0,3,0,0,0,0,0,0,1,0,0,0,1,0,0,0,2
TR2_OB5,6_2,20,Aug,2015,OB,TR2,FALSE,Brush,TR,0,0,0,0,0,0,0,0,0,0,0,0,0,0,0,0,0,0,0,0
TR2_OB5,6_2,20,Nov,2013,OB,TR2,FALSE,Brush,TR,0,0,5,0,5,0,0,0,1,0,0,29,0,0,0,0,0,0,0,0
TR2_OB5,6_2,20,Nov,2014,OB,TR2,FALSE,Brush,TR,0,0,0,0,0,0,0,0,0,0,0,0,0,0,0,0,0,0,0,0
TR2_OB5,6_2,20,Nov,2015,OB,TR2,FALSE,Brush,TR,0,0,0,0,0,0,0,0,0,0,0,0,0,0,0,0,0,0,0,0
TR2_OB6,6_2,21,Aug,2013,OB,TR2,FALSE,Brush,TR,0,0,9,0,2,0,0,0,0,0,0,9,0,0,3,0,0,0,1,2
TR2_OB6,6_2,21,Aug,2014,OB,TR2,FALSE,Brush,TR,0,0,0,1,2,0,0,0,0,0,0,19,0,0,0,0,0,0,0,0
TR2_OB6,6_2,21,Aug,2015,OB,TR2,FALSE,Brush,TR,0,1,1,0,0,0,0,0,0,0,0,16,0,0,0,2,0,0,0,0
TR2_OB6,6_2,21,Nov,2013,OB,TR2,FALSE,Brush,TR,0,0,1,0,2,2,0,1,0,0,0,32,0,0,3,0,0,0,3,0
TR2_OB6,6_2,21,Nov,2014,OB,TR2,FALSE,Brush,TR,0,0,2,0,1,0,0,0,0,0,0,15,0,0,0,0,0,0,0,0
TR2_OB6,6_2,21,Nov,2015,OB,TR2,FALSE,Brush,TR,0,0,1,0,0,0,0,0,0,0,0,14,0,0,0,1,0,0,0,0
TR2_OB7,6_2,22,Aug,2013,OB,TR2,FALSE,Brush,TR,0,0,0,0,0,0,0,0,0,0,0,0,0,0,0,0,0,0,0,0
TR2_OB7,6_2,22,Aug,2014,OB,TR2,FALSE,Brush,TR,0,1,5,2,0,0,0,0,1,0,0,28,0,0,0,0,0,0,0,0
TR2_OB7,6_2,22,Aug,2015,OB,TR2,FALSE,Brush,TR,0,4,1,1,0,0,0,0,0,0,0,4,0,0,0,0,0,0,0,0
TR2_OB7,6_2,22,Nov,2013,OB,TR2,FALSE,Brush,TR,0,0,21,0,0,0,0,0,0,0,0,23,1,0,0,0,0,0,0,0
TR2_OB7,6_2,22,Nov,2014,OB,TR2,FALSE,Brush,TR,0,1,3,0,2,0,0,0,0,0,0,11,0,0,0,0,0,0,0,0
TR2_OB7,6_2,22,Nov,2015,OB,TR2,FALSE,Brush,TR,0,2,1,0,0,0,0,0,0,0,0,3,0,0,0,0,0,0,0,0
TR2_OB8,6_2,23,Aug,2013,OB,TR2,FALSE,Brush,TR,0,0,12,0,3,0,0,0,0,0,0,19,0,0,0,0,0,0,0,0
TR2_OB8,6_2,23,Aug,2014,OB,TR2,FALSE,Brush,TR,0,0,5,0,0,0,0,0,0,0,0,11,0,0,0,0,0,0,0,1
TR2_OB8,6_2,23,Aug,2015,OB,TR2,FALSE,Brush,TR,0,2,4,0,0,0,0,0,0,0,0,9,0,0,0,0,0,0,0,0
TR2_OB8,6_2,23,Nov,2013,OB,TR2,FALSE,Brush,TR,0,0,0,0,0,0,0,0,0,0,0,0,0,0,0,0,0,0,0,0
TR2_OB8,6_2,23,Nov,2014,OB,TR2,FALSE,Brush,TR,0,0,5,0,3,0,0,0,0,0,0,11,0,0,0,0,0,0,0,0
TR2_OB8,6_2,23,Nov,2015,OB,TR2,FALSE,Brush,TR,0,2,3,0,0,0,0,0,0,0,0,8,0,0,0,1,0,0,0,0
TR2_OB9,6_2,24,Aug,2013,OB,TR2,FALSE,Brush,TR,0,0,18,0,3,0,0,0,0,0,0,40,0,0,0,0,0,0,0,0
TR2_OB9,6_2,24,Aug,2014,OB,TR2,FALSE,Brush,TR,0,0,22,1,2,0,0,0,0,0,1,0,0,0,0,0,0,0,0,0
TR2_OB9,6_2,24,Aug,2015,OB,TR2,FALSE,Brush,TR,0,5,14,1,3,0,0,0,0,0,0,45,0,0,0,0,0,0,0,0
TR2_OB9,6_2,24,Nov,2013,OB,TR2,FALSE,Brush,TR,0,0,10,0,7,0,0,0,0,0,0,36,0,0,0,0,0,0,0,0
TR2_OB9,6_2,24,Nov,2014,OB,TR2,FALSE,Brush,TR,0,0,24,0,4,0,0,0,0,0,0,47,0,0,0,0,0,0,0,0
TR2_OB9,6_2,24,Nov,2015,OB,TR2,FALSE,Brush,TR,0,3,12,0,4,0,0,0,0,0,0,32,0,0,0,0,0,0,0,0
TR3_OB1,6_2,31,Aug,2013,OB,TR3,FALSE,Brush,TR,0,0,1,0,5,0,0,0,0,0,0,5,1,0,0,0,0,0,0,2
TR3_OB1,6_2,31,Aug,2014,OB,TR3,FALSE,Brush,TR,0,0,0,1,0,0,0,0,0,0,0,0,2,0,0,3,7,0,0,0
TR3_OB1,6_2,31,Aug,2015,OB,TR3,FALSE,Brush,TR,0,6,0,1,0,0,0,0,0,0,0,0,0,0,0,1,0,0,0,0
TR3_OB1,6_2,31,Nov,2013,OB,TR3,FALSE,Brush,TR,0,0,1,0,3,0,0,0,0,0,0,3,0,0,0,0,0,0,0,1
TR3_OB1,6_2,31,Nov,2014,OB,TR3,FALSE,Brush,TR,0,4,0,0,1,0,0,0,0,0,0,0,0,0,0,0,0,0,0,0
TR3_OB1,6_2,31,Nov,2015,OB,TR3,FALSE,Brush,TR,0,1,0,0,0,0,0,0,0,0,0,0,0,0,0,0,0,0,0,0
TR3_OB10,6_2,40,Aug,2013,OB,TR3,FALSE,Brush,TR,0,0,5,0,1,0,0,0,0,0,0,8,0,0,0,0,0,0,1,1
TR3_OB10,6_2,40,Aug,2014,OB,TR3,FALSE,Brush,TR,0,0,0,0,0,0,0,0,0,0,0,0,0,0,0,0,0,0,0,0
TR3_OB10,6_2,40,Aug,2015,OB,TR3,FALSE,Brush,TR,0,0,0,0,0,0,0,0,0,0,0,1,0,0,0,0,0,0,0,0
TR3_OB10,6_2,40,Nov,2013,OB,TR3,FALSE,Brush,TR,0,0,5,0,2,0,0,0,0,0,0,13,0,0,1,0,0,0,0,0
TR3_OB10,6_2,40,Nov,2014,OB,TR3,FALSE,Brush,TR,0,0,0,0,0,0,0,0,0,0,0,0,0,0,0,0,0,0,0,0
TR3_OB10,6_2,40,Nov,2015,OB,TR3,FALSE,Brush,TR,0,0,0,0,0,0,0,0,0,0,0,1,0,0,0,0,0,0,0,0
TR3_OB11,6_2,41,Aug,2013,OB,TR3,FALSE,Brush,TR,0,0,0,1,0,0,0,0,0,0,0,8,1,0,7,0,0,0,3,0
TR3_OB11,6_2,41,Aug,2014,OB,TR3,FALSE,Brush,TR,0,0,1,0,0,0,0,0,0,0,0,2,12,0,0,0,0,0,0,0
TR3_OB11,6_2,41,Aug,2015,OB,TR3,FALSE,Brush,TR,0,0,0,0,0,0,0,0,0,0,0,2,0,0,0,0,0,0,0,1
TR3_OB11,6_2,41,Nov,2013,OB,TR3,FALSE,Brush,TR,0,0,0,0,0,0,0,1,0,0,0,5,0,0,1,0,0,0,4,0
TR3_OB11,6_2,41,Nov,2014,OB,TR3,FALSE,Brush,TR,0,0,1,0,1,0,0,0,0,0,0,1,0,0,0,0,0,0,0,0
TR3_OB11,6_2,41,Nov,2015,OB,TR3,FALSE,Brush,TR,0,0,0,0,0,0,0,0,0,0,0,0,0,0,0,0,0,0,0,0
TR3_OB12,6_2,42,Aug,2013,OB,TR3,FALSE,Brush,TR,0,0,4,2,7,0,0,0,1,0,0,5,0,0,6,0,0,0,2,0
TR3_OB12,6_2,42,Aug,2014,OB,TR3,FALSE,Brush,TR,0,1,0,1,0,0,0,0,0,0,0,0,0,0,0,0,0,0,0,0
TR3_OB12,6_2,42,Aug,2015,OB,TR3,FALSE,Brush,TR,0,1,0,0,0,0,0,0,0,0,0,0,0,0,0,0,0,0,0,0
TR3_OB12,6_2,42,Nov,2013,OB,TR3,FALSE,Brush,TR,0,0,0,0,2,0,0,2,0,0,0,0,0,0,4,0,0,0,0,1
TR3_OB12,6_2,42,Nov,2014,OB,TR3,FALSE,Brush,TR,0,0,0,0,0,0,0,0,0,0,0,0,0,0,0,0,0,0,0,0
TR3_OB12,6_2,42,Nov,2015,OB,TR3,FALSE,Brush,TR,0,1,0,0,0,0,0,0,0,0,0,0,0,0,0,0,0,0,0,0
TR3_OB13,6_2,43,Aug,2013,OB,TR3,FALSE,Brush,TR,0,0,0,0,1,0,0,0,2,0,0,0,0,0,1,0,0,0,0,0
TR3_OB13,6_2,43,Aug,2014,OB,TR3,FALSE,Brush,TR,0,0,0,0,0,0,0,0,0,0,0,0,0,0,0,0,0,0,0,0
TR3_OB13,6_2,43,Aug,2015,OB,TR3,FALSE,Brush,TR,0,0,0,0,0,0,0,0,0,0,0,0,0,0,0,0,0,0,0,0
TR3_OB13,6_2,43,Nov,2013,OB,TR3,FALSE,Brush,TR,0,0,0,0,1,0,0,0,2,0,0,0,0,0,2,0,0,0,0,0
TR3_OB13,6_2,43,Nov,2014,OB,TR3,FALSE,Brush,TR,0,0,0,0,0,0,0,0,0,0,0,0,0,0,0,0,0,0,0,0
TR3_OB13,6_2,43,Nov,2015,OB,TR3,FALSE,Brush,TR,0,0,0,0,0,0,0,0,0,0,0,0,0,0,0,0,0,0,0,0
TR3_OB14,6_2,44,Aug,2013,OB,TR3,FALSE,Brush,TR,0,0,2,0,0,0,0,0,0,0,0,0,0,0,0,0,0,0,0,0
TR3_OB14,6_2,44,Aug,2014,OB,TR3,FALSE,Brush,TR,0,0,1,0,0,0,0,0,0,0,0,0,0,0,0,0,0,0,0,0
TR3_OB14,6_2,44,Aug,2015,OB,TR3,FALSE,Brush,TR,0,0,1,0,0,0,0,0,0,0,0,0,0,0,0,0,0,0,0,0
TR3_OB14,6_2,44,Nov,2013,OB,TR3,FALSE,Brush,TR,0,0,8,0,4,1,0,0,0,0,0,4,0,0,2,0,0,0,0,0
TR3_OB14,6_2,44,Nov,2014,OB,TR3,FALSE,Brush,TR,0,0,1,0,0,0,0,0,0,0,0,0,0,0,0,0,0,0,0,0
TR3_OB14,6_2,44,Nov,2015,OB,TR3,FALSE,Brush,TR,0,0,1,0,0,0,0,0,0,0,0,0,0,0,0,0,0,0,0,0
TR3_OB15,6_2,45,Aug,2013,OB,TR3,FALSE,Brush,TR,0,0,0,0,0,0,0,0,0,0,0,0,0,0,1,0,0,0,0,0
TR3_OB15,6_2,45,Aug,2014,OB,TR3,FALSE,Brush,TR,0,0,0,0,0,0,0,0,0,0,0,0,0,0,0,0,0,0,0,0
TR3_OB15,6_2,45,Aug,2015,OB,TR3,FALSE,Brush,TR,0,0,0,0,0,0,0,0,0,0,0,0,0,0,0,0,0,0,0,0
TR3_OB15,6_2,45,Nov,2013,OB,TR3,FALSE,Brush,TR,0,0,0,0,0,0,0,0,1,0,0,0,0,0,1,0,0,0,1,0
TR3_OB15,6_2,45,Nov,2014,OB,TR3,FALSE,Brush,TR,0,0,0,0,0,0,0,0,0,0,0,0,0,0,0,0,0,0,0,0
TR3_OB15,6_2,45,Nov,2015,OB,TR3,FALSE,Brush,TR,0,0,0,0,0,0,0,0,0,0,0,0,0,0,0,0,0,0,0,0
TR3_OB2,6_2,32,Aug,2013,OB,TR3,FALSE,Brush,TR,0,0,4,3,2,0,0,0,0,0,0,1,0,0,0,0,0,0,1,2
TR3_OB2,6_2,32,Aug,2014,OB,TR3,FALSE,Brush,TR,0,0,1,0,0,0,0,0,0,0,0,0,0,0,0,0,0,0,0,0
TR3_OB2,6_2,32,Aug,2015,OB,TR3,FALSE,Brush,TR,0,0,0,0,0,0,0,0,0,0,0,0,0,0,0,0,0,0,0,0
TR3_OB2,6_2,32,Nov,2013,OB,TR3,FALSE,Brush,TR,0,0,4,0,2,0,0,0,0,0,0,7,0,0,0,0,0,0,0,0
TR3_OB2,6_2,32,Nov,2014,OB,TR3,FALSE,Brush,TR,0,0,0,0,1,0,0,0,0,0,0,0,0,0,0,0,0,0,0,0
TR3_OB2,6_2,32,Nov,2015,OB,TR3,FALSE,Brush,TR,0,0,0,0,0,0,0,0,0,0,0,0,0,0,0,0,0,0,0,0
TR3_OB3,6_2,33,Aug,2013,OB,TR3,FALSE,Brush,TR,0,0,10,1,4,0,0,0,0,0,0,18,0,0,1,0,0,0,1,0
TR3_OB3,6_2,33,Aug,2014,OB,TR3,FALSE,Brush,TR,0,0,0,0,0,1,0,0,0,0,0,0,0,0,0,0,0,0,0,0
TR3_OB3,6_2,33,Aug,2015,OB,TR3,FALSE,Brush,TR,0,6,0,0,0,1,0,0,0,0,0,0,0,0,0,0,0,0,0,0
TR3_OB3,6_2,33,Nov,2013,OB,TR3,FALSE,Brush,TR,0,0,4,0,5,0,0,0,0,0,0,19,0,0,0,0,0,0,0,0
TR3_OB3,6_2,33,Nov,2014,OB,TR3,FALSE,Brush,TR,0,5,0,0,0,0,0,0,0,0,0,0,0,0,0,0,0,0,0,0
TR3_OB3,6_2,33,Nov,2015,OB,TR3,FALSE,Brush,TR,0,4,0,0,0,1,0,0,0,0,0,0,0,0,0,0,1,0,0,0
TR3_OB4,6_2,34,Aug,2013,OB,TR3,FALSE,Brush,TR,0,0,11,0,3,0,0,0,0,0,0,20,0,0,0,0,0,0,0,1
TR3_OB4,6_2,34,Aug,2014,OB,TR3,FALSE,Brush,TR,0,0,0,0,3,0,0,1,0,0,0,3,0,0,0,0,0,0,0,0
TR3_OB4,6_2,34,Aug,2015,OB,TR3,FALSE,Brush,TR,0,0,0,0,0,0,0,0,0,0,0,0,0,0,0,1,0,0,0,0
TR3_OB4,6_2,34,Nov,2013,OB,TR3,FALSE,Brush,TR,0,0,0,0,0,0,0,0,0,0,0,0,0,0,0,0,0,0,0,0
TR3_OB4,6_2,34,Nov,2014,OB,TR3,FALSE,Brush,TR,0,0,0,0,0,0,0,1,0,0,0,0,0,0,0,0,0,0,0,0
TR3_OB4,6_2,34,Nov,2015,OB,TR3,FALSE,Brush,TR,0,0,0,0,0,0,0,1,0,0,0,0,0,0,0,0,0,0,0,0
TR3_OB5,6_2,35,Aug,2013,OB,TR3,FALSE,Brush,TR,0,0,0,1,2,0,0,0,0,0,0,3,0,0,0,0,0,0,0,0
TR3_OB5,6_2,35,Aug,2014,OB,TR3,FALSE,Brush,TR,0,0,0,0,0,0,0,0,0,0,0,0,1,0,0,0,0,0,0,0
TR3_OB5,6_2,35,Aug,2015,OB,TR3,FALSE,Brush,TR,0,0,0,0,0,0,0,0,0,0,0,0,0,0,0,0,0,0,0,0
TR3_OB5,6_2,35,Nov,2013,OB,TR3,FALSE,Brush,TR,0,0,0,0,0,0,0,0,0,0,0,12,0,0,0,0,0,0,0,0
TR3_OB5,6_2,35,Nov,2014,OB,TR3,FALSE,Brush,TR,0,0,0,0,0,0,0,0,0,0,0,0,0,0,0,0,0,0,0,0
TR3_OB5,6_2,35,Nov,2015,OB,TR3,FALSE,Brush,TR,0,0,0,0,0,0,0,0,0,0,0,0,0,0,0,0,0,0,0,0
TR3_OB6,6_2,36,Aug,2013,OB,TR3,FALSE,Brush,TR,0,0,6,1,1,0,0,0,0,0,0,11,0,0,1,0,0,0,0,3
TR3_OB6,6_2,36,Aug,2014,OB,TR3,FALSE,Brush,TR,0,0,1,1,0,0,0,0,0,0,0,0,0,0,1,0,0,0,0,0
TR3_OB6,6_2,36,Aug,2015,OB,TR3,FALSE,Brush,TR,0,0,0,0,0,0,0,0,0,0,0,0,0,0,1,1,0,0,0,0
TR3_OB6,6_2,36,Nov,2013,OB,TR3,FALSE,Brush,TR,0,0,6,0,1,0,0,0,0,0,0,6,0,0,1,0,0,0,1,1
TR3_OB6,6_2,36,Nov,2014,OB,TR3,FALSE,Brush,TR,0,0,0,0,0,0,0,0,0,0,0,0,0,0,1,0,0,0,0,0
TR3_OB6,6_2,36,Nov,2015,OB,TR3,FALSE,Brush,TR,0,0,0,0,0,0,0,0,0,0,0,0,0,0,1,1,0,0,0,0
TR3_OB7,6_2,37,Aug,2013,OB,TR3,FALSE,Brush,TR,0,0,5,1,2,0,0,0,0,0,0,29,0,0,2,0,0,0,0,0
TR3_OB7,6_2,37,Aug,2014,OB,TR3,FALSE,Brush,TR,0,1,0,1,1,0,0,0,0,0,0,0,0,0,0,1,0,0,0,0
TR3_OB7,6_2,37,Aug,2015,OB,TR3,FALSE,Brush,TR,0,1,0,1,0,0,0,0,0,0,0,0,0,0,0,0,0,0,0,0
TR3_OB7,6_2,37,Nov,2013,OB,TR3,FALSE,Brush,TR,0,0,0,0,6,0,0,0,0,0,0,14,0,0,0,0,0,0,0,0
TR3_OB7,6_2,37,Nov,2014,OB,TR3,FALSE,Brush,TR,0,0,0,0,0,0,0,0,0,0,0,0,0,0,0,0,0,0,0,0
TR3_OB7,6_2,37,Nov,2015,OB,TR3,FALSE,Brush,TR,0,1,0,0,0,0,0,0,0,0,0,0,0,0,0,0,0,0,0,0
TR3_OB8,6_2,38,Aug,2013,OB,TR3,FALSE,Brush,TR,0,0,4,0,1,0,0,0,0,0,0,2,2,0,1,0,0,0,1,1
TR3_OB8,6_2,38,Aug,2014,OB,TR3,FALSE,Brush,TR,0,0,6,0,0,0,0,0,0,0,0,0,0,0,0,0,0,0,0,0
TR3_OB8,6_2,38,Aug,2015,OB,TR3,FALSE,Brush,TR,0,0,2,0,0,0,0,0,0,0,0,0,0,0,0,0,0,0,0,0
TR3_OB8,6_2,38,Nov,2013,OB,TR3,FALSE,Brush,TR,0,0,0,0,0,0,0,0,0,0,0,0,0,0,0,0,0,0,1,0
TR3_OB8,6_2,38,Nov,2014,OB,TR3,FALSE,Brush,TR,0,0,6,0,0,0,0,0,0,0,0,0,0,0,0,0,0,0,0,0
TR3_OB8,6_2,38,Nov,2015,OB,TR3,FALSE,Brush,TR,0,0,0,0,0,0,0,0,0,0,0,0,0,0,0,0,0,0,0,0
TR3_OB9,6_2,39,Aug,2013,OB,TR3,FALSE,Brush,TR,0,0,3,0,0,0,0,0,0,0,0,7,0,0,1,0,0,0,0,0
TR3_OB9,6_2,39,Aug,2014,OB,TR3,FALSE,Brush,TR,0,0,0,0,0,0,0,0,0,0,0,0,0,0,0,0,0,0,0,0
TR3_OB9,6_2,39,Aug,2015,OB,TR3,FALSE,Brush,TR,0,0,0,0,0,0,0,0,0,0,0,0,0,0,0,0,0,0,0,0
TR3_OB9,6_2,39,Nov,2013,OB,TR3,FALSE,Brush,TR,0,0,7,0,0,0,0,0,0,0,0,1,0,0,0,0,0,0,0,0
TR3_OB9,6_2,39,Nov,2014,OB,TR3,FALSE,Brush,TR,0,0,1,0,0,0,0,0,0,0,0,0,0,0,0,0,0,0,0,0
TR3_OB9,6_2,39,Nov,2015,OB,TR3,FALSE,Brush,TR,0,0,0,0,0,0,0,0,0,0,0,0,0,0,0,0,0,0,0,0
TR1_OBN1,6_3,1,Aug,2013,OBN,TR1,FALSE,NutBrush,TR,0,0,23,0,2,0,0,0,0,0,0,16,2,0,0,0,0,0,0,0
TR1_OBN1,6_3,1,Aug,2014,OBN,TR1,FALSE,NutBrush,TR,0,1,0,1,0,0,0,0,0,0,0,3,2,0,0,0,0,0,0,0
TR1_OBN1,6_3,1,Aug,2015,OBN,TR1,FALSE,NutBrush,TR,0,4,0,1,0,0,0,0,0,0,0,0,0,0,0,0,0,0,1,0
TR1_OBN1,6_3,1,Nov,2013,OBN,TR1,FALSE,NutBrush,TR,0,1,5,0,1,1,0,0,0,0,0,26,0,0,0,0,0,0,0,0
TR1_OBN1,6_3,1,Nov,2014,OBN,TR1,FALSE,NutBrush,TR,0,5,0,0,2,0,0,0,0,0,0,0,0,0,0,3,0,0,0,0
TR1_OBN1,6_3,1,Nov,2015,OBN,TR1,FALSE,NutBrush,TR,0,8,0,0,0,0,0,0,0,0,0,0,0,0,0,2,0,0,0,0
TR1_OBN10,6_3,10,Aug,2013,OBN,TR1,FALSE,NutBrush,TR,0,0,3,1,3,0,0,0,0,0,0,2,0,0,0,0,0,0,0,0
TR1_OBN10,6_3,10,Aug,2014,OBN,TR1,FALSE,NutBrush,TR,0,0,0,0,0,0,0,0,0,0,0,0,0,0,0,0,0,0,0,0
TR1_OBN10,6_3,10,Aug,2015,OBN,TR1,FALSE,NutBrush,TR,0,0,0,0,0,0,0,0,0,0,0,0,0,0,0,0,0,0,0,0
TR1_OBN10,6_3,10,Nov,2013,OBN,TR1,FALSE,NutBrush,TR,0,0,0,0,3,0,0,0,0,0,0,2,0,0,0,0,0,0,0,0
TR1_OBN10,6_3,10,Nov,2014,OBN,TR1,FALSE,NutBrush,TR,0,1,0,0,1,0,0,0,0,0,0,0,0,0,0,0,0,0,0,0
TR1_OBN10,6_3,10,Nov,2015,OBN,TR1,FALSE,NutBrush,TR,0,1,0,0,1,0,0,0,0,0,0,0,0,0,0,0,0,0,0,0
TR1_OBN11,6_3,11,Aug,2013,OBN,TR1,FALSE,NutBrush,TR,0,0,6,1,0,0,0,0,1,0,0,5,0,0,1,0,0,0,0,0
TR1_OBN11,6_3,11,Aug,2014,OBN,TR1,FALSE,NutBrush,TR,0,0,0,1,0,0,0,1,1,0,0,1,0,0,1,3,0,0,0,0
TR1_OBN11,6_3,11,Aug,2015,OBN,TR1,FALSE,NutBrush,TR,0,4,0,0,0,0,0,1,1,0,0,1,0,0,0,2,0,0,0,0
TR1_OBN11,6_3,11,Nov,2013,OBN,TR1,FALSE,NutBrush,TR,0,0,5,0,0,0,0,0,2,0,0,12,0,0,1,0,0,0,0,0
TR1_OBN11,6_3,11,Nov,2014,OBN,TR1,FALSE,NutBrush,TR,0,4,0,0,0,0,0,1,1,0,0,0,0,0,1,2,0,0,0,0
TR1_OBN11,6_3,11,Nov,2015,OBN,TR1,FALSE,NutBrush,TR,0,4,0,0,1,0,0,1,1,0,0,1,0,0,0,2,0,0,0,0
TR1_OBN12,6_3,12,Aug,2013,OBN,TR1,FALSE,NutBrush,TR,0,0,9,5,1,0,0,0,0,0,0,0,1,0,1,0,0,0,0,0
TR1_OBN12,6_3,12,Aug,2014,OBN,TR1,FALSE,NutBrush,TR,0,0,0,1,0,0,0,0,0,0,0,0,1,0,0,3,0,0,0,0
TR1_OBN12,6_3,12,Aug,2015,OBN,TR1,FALSE,NutBrush,TR,0,0,0,1,0,0,0,0,0,0,0,0,0,0,0,1,0,0,0,0
TR1_OBN12,6_3,12,Nov,2013,OBN,TR1,FALSE,NutBrush,TR,0,0,4,0,1,0,0,0,0,0,0,0,0,0,0,0,0,0,0,0
TR1_OBN12,6_3,12,Nov,2014,OBN,TR1,FALSE,NutBrush,TR,0,1,0,0,0,0,0,0,0,0,0,2,0,0,0,3,0,0,0,0
TR1_OBN12,6_3,12,Nov,2015,OBN,TR1,FALSE,NutBrush,TR,0,0,0,0,0,0,0,0,0,0,0,0,0,0,0,0,0,0,0,0
TR1_OBN13,6_3,13,Aug,2013,OBN,TR1,FALSE,NutBrush,TR,0,0,17,0,4,0,0,0,0,0,0,22,3,0,0,0,0,0,0,0
TR1_OBN13,6_3,13,Aug,2014,OBN,TR1,FALSE,NutBrush,TR,0,5,0,0,0,0,0,0,0,0,0,0,1,0,0,0,0,0,0,0
TR1_OBN13,6_3,13,Aug,2015,OBN,TR1,FALSE,NutBrush,TR,0,3,0,0,0,0,0,0,0,0,0,0,1,0,0,5,0,0,0,0
TR1_OBN13,6_3,13,Nov,2013,OBN,TR1,FALSE,NutBrush,TR,0,2,14,0,4,0,0,0,0,0,0,25,2,0,0,0,0,0,0,0
TR1_OBN13,6_3,13,Nov,2014,OBN,TR1,FALSE,NutBrush,TR,0,4,0,0,0,0,0,0,0,0,0,0,2,0,0,3,0,0,0,0
TR1_OBN13,6_3,13,Nov,2015,OBN,TR1,FALSE,NutBrush,TR,0,3,1,0,0,0,0,0,0,0,0,0,1,0,0,5,0,0,0,0
TR1_OBN14,6_3,14,Aug,2013,OBN,TR1,FALSE,NutBrush,TR,0,0,1,0,0,0,0,0,0,0,0,0,0,0,3,0,0,0,0,0
TR1_OBN14,6_3,14,Aug,2014,OBN,TR1,FALSE,NutBrush,TR,0,0,0,1,0,0,0,0,0,0,0,0,0,0,0,0,0,0,0,0
TR1_OBN14,6_3,14,Aug,2015,OBN,TR1,FALSE,NutBrush,TR,0,7,0,0,0,0,0,0,0,0,0,0,0,0,0,0,0,0,0,0
TR1_OBN14,6_3,14,Nov,2013,OBN,TR1,FALSE,NutBrush,TR,0,0,1,0,0,0,0,1,0,0,0,0,0,0,1,0,0,0,0,0
TR1_OBN14,6_3,14,Nov,2014,OBN,TR1,FALSE,NutBrush,TR,0,8,0,0,0,0,0,0,0,0,0,0,0,0,0,0,0,0,0,0
TR1_OBN14,6_3,14,Nov,2015,OBN,TR1,FALSE,NutBrush,TR,0,7,0,0,0,0,0,0,0,0,0,0,0,0,0,0,0,0,0,0
TR1_OBN15,6_3,15,Aug,2013,OBN,TR1,FALSE,NutBrush,TR,0,0,13,0,3,0,0,0,0,0,0,14,1,0,0,0,0,0,0,0
TR1_OBN15,6_3,15,Aug,2014,OBN,TR1,FALSE,NutBrush,TR,0,0,0,1,0,0,0,0,0,0,1,0,11,0,0,1,0,0,0,0
TR1_OBN15,6_3,15,Aug,2015,OBN,TR1,FALSE,NutBrush,TR,0,2,0,1,0,0,0,0,0,0,0,0,0,0,0,0,0,0,0,0
TR1_OBN15,6_3,15,Nov,2013,OBN,TR1,FALSE,NutBrush,TR,0,0,8,0,5,0,0,0,0,0,0,20,1,0,0,0,0,0,0,0
TR1_OBN15,6_3,15,Nov,2014,OBN,TR1,FALSE,NutBrush,TR,0,2,0,0,0,0,0,0,0,0,0,0,1,0,0,0,0,0,0,0
TR1_OBN15,6_3,15,Nov,2015,OBN,TR1,FALSE,NutBrush,TR,0,2,0,0,0,0,0,0,0,0,0,0,0,0,0,0,0,0,0,0
TR1_OBN2,6_3,2,Aug,2013,OBN,TR1,FALSE,NutBrush,TR,0,0,55,1,2,0,0,0,2,0,0,0,2,0,0,0,0,0,1,2
TR1_OBN2,6_3,2,Aug,2014,OBN,TR1,FALSE,NutBrush,TR,0,0,0,0,1,0,0,0,0,0,0,0,0,0,0,1,0,0,0,0
TR1_OBN2,6_3,2,Aug,2015,OBN,TR1,FALSE,NutBrush,TR,0,1,0,0,1,0,0,0,0,0,0,0,0,0,0,0,0,0,0,0
TR1_OBN2,6_3,2,Nov,2013,OBN,TR1,FALSE,NutBrush,TR,0,0,18,0,2,0,0,1,1,0,0,26,1,0,0,0,0,0,2,3
TR1_OBN2,6_3,2,Nov,2014,OBN,TR1,FALSE,NutBrush,TR,0,0,0,0,2,0,0,0,0,0,0,0,0,0,0,1,0,0,0,0
TR1_OBN2,6_3,2,Nov,2015,OBN,TR1,FALSE,NutBrush,TR,0,1,0,0,1,0,0,0,0,0,0,0,0,0,0,0,0,0,0,0
TR1_OBN3,6_3,3,Aug,2013,OBN,TR1,FALSE,NutBrush,TR,0,0,0,1,1,0,0,0,0,0,0,35,0,0,0,0,0,0,0,0
TR1_OBN3,6_3,3,Aug,2014,OBN,TR1,FALSE,NutBrush,TR,0,0,0,1,0,0,0,0,0,0,0,0,0,0,0,0,0,0,0,0
TR1_OBN3,6_3,3,Aug,2015,OBN,TR1,FALSE,NutBrush,TR,0,0,0,1,0,0,0,0,0,0,0,0,0,0,0,0,0,0,0,0
TR1_OBN3,6_3,3,Nov,2013,OBN,TR1,FALSE,NutBrush,TR,0,1,6,1,1,0,0,0,0,0,0,17,0,0,0,0,0,0,0,0
TR1_OBN3,6_3,3,Nov,2014,OBN,TR1,FALSE,NutBrush,TR,0,0,0,0,0,0,0,0,0,0,0,0,0,0,0,0,0,0,0,0
TR1_OBN3,6_3,3,Nov,2015,OBN,TR1,FALSE,NutBrush,TR,0,0,0,0,0,0,0,0,0,0,0,0,0,0,0,0,0,0,0,0
TR1_OBN4,6_3,4,Aug,2013,OBN,TR1,FALSE,NutBrush,TR,0,0,0,0,4,0,0,0,0,0,0,47,3,0,0,0,0,0,0,0
TR1_OBN4,6_3,4,Aug,2014,OBN,TR1,FALSE,NutBrush,TR,0,2,0,1,0,0,0,0,0,0,0,0,0,0,0,0,0,0,0,0
TR1_OBN4,6_3,4,Aug,2015,OBN,TR1,FALSE,NutBrush,TR,0,2,0,0,0,0,0,0,0,0,0,0,0,0,0,0,0,0,0,0
TR1_OBN4,6_3,4,Nov,2013,OBN,TR1,FALSE,NutBrush,TR,0,0,16,0,5,0,0,0,0,0,0,18,0,0,0,0,0,0,0,0
TR1_OBN4,6_3,4,Nov,2014,OBN,TR1,FALSE,NutBrush,TR,0,2,0,0,0,0,0,0,0,0,0,0,0,0,0,0,0,0,0,0
TR1_OBN4,6_3,4,Nov,2015,OBN,TR1,FALSE,NutBrush,TR,0,2,0,0,0,0,0,0,0,0,0,0,0,0,0,0,0,0,0,0
TR1_OBN5,6_3,5,Aug,2013,OBN,TR1,FALSE,NutBrush,TR,0,0,0,0,11,0,0,0,0,0,0,0,0,0,0,0,0,0,0,2
TR1_OBN5,6_3,5,Aug,2014,OBN,TR1,FALSE,NutBrush,TR,0,0,1,0,8,0,0,0,0,0,0,2,2,0,0,1,0,0,0,0
TR1_OBN5,6_3,5,Aug,2015,OBN,TR1,FALSE,NutBrush,TR,0,0,1,0,7,0,0,0,0,0,0,2,0,0,0,0,0,0,0,0
TR1_OBN5,6_3,5,Nov,2013,OBN,TR1,FALSE,NutBrush,TR,0,3,26,0,11,1,0,0,0,0,0,23,0,0,1,0,0,0,0,1
TR1_OBN5,6_3,5,Nov,2014,OBN,TR1,FALSE,NutBrush,TR,0,3,1,0,5,0,0,0,0,0,0,0,0,0,0,0,0,0,0,0
TR1_OBN5,6_3,5,Nov,2015,OBN,TR1,FALSE,NutBrush,TR,0,0,1,0,6,0,0,0,0,0,0,2,0,0,0,0,0,0,0,0
TR1_OBN6,6_3,6,Aug,2013,OBN,TR1,FALSE,NutBrush,TR,0,0,0,1,3,0,0,0,0,0,0,57,4,0,1,0,0,0,2,0
TR1_OBN6,6_3,6,Aug,2014,OBN,TR1,FALSE,NutBrush,TR,0,4,0,2,0,0,0,0,0,0,0,1,1,2,0,0,0,0,0,0
TR1_OBN6,6_3,6,Aug,2015,OBN,TR1,FALSE,NutBrush,TR,0,2,1,2,0,0,0,0,0,0,0,1,0,0,0,0,0,0,0,0
TR1_OBN6,6_3,6,Nov,2013,OBN,TR1,FALSE,NutBrush,TR,0,0,13,1,6,0,0,0,0,0,0,22,2,0,0,0,0,0,2,0
TR1_OBN6,6_3,6,Nov,2014,OBN,TR1,FALSE,NutBrush,TR,0,6,1,0,0,0,0,0,0,0,0,1,0,2,0,0,0,0,0,0
TR1_OBN6,6_3,6,Nov,2015,OBN,TR1,FALSE,NutBrush,TR,0,3,1,0,0,0,0,0,0,0,0,1,0,0,0,0,0,0,0,0
TR1_OBN7,6_3,7,Aug,2013,OBN,TR1,FALSE,NutBrush,TR,0,0,12,2,1,0,0,0,1,0,0,10,0,0,1,0,0,0,0,0
TR1_OBN7,6_3,7,Aug,2014,OBN,TR1,FALSE,NutBrush,TR,0,3,0,0,0,0,0,1,1,0,0,0,0,0,0,2,0,0,2,0
TR1_OBN7,6_3,7,Aug,2015,OBN,TR1,FALSE,NutBrush,TR,0,0,0,1,0,0,0,1,0,0,0,0,0,0,0,0,0,0,3,0
TR1_OBN7,6_3,7,Nov,2013,OBN,TR1,FALSE,NutBrush,TR,0,0,8,0,2,1,0,1,2,0,0,7,0,0,3,0,0,0,1,0
TR1_OBN7,6_3,7,Nov,2014,OBN,TR1,FALSE,NutBrush,TR,0,4,0,0,0,0,0,0,0,0,0,0,0,0,0,0,0,0,2,0
TR1_OBN7,6_3,7,Nov,2015,OBN,TR1,FALSE,NutBrush,TR,0,3,0,0,0,0,0,1,0,0,0,0,0,0,0,0,0,0,2,0
TR1_OBN8,6_3,8,Aug,2013,OBN,TR1,FALSE,NutBrush,TR,0,0,6,2,1,0,0,0,1,0,0,0,1,0,0,0,0,0,0,1
TR1_OBN8,6_3,8,Aug,2014,OBN,TR1,FALSE,NutBrush,TR,0,0,0,1,0,0,0,0,0,0,0,0,0,0,0,0,0,0,0,0
TR1_OBN8,6_3,8,Aug,2015,OBN,TR1,FALSE,NutBrush,TR,0,1,0,1,0,0,0,0,0,0,0,0,0,0,0,0,0,0,0,0
TR1_OBN8,6_3,8,Nov,2013,OBN,TR1,FALSE,NutBrush,TR,0,1,1,0,0,0,0,0,0,0,0,0,0,0,0,0,0,0,0,1
TR1_OBN8,6_3,8,Nov,2014,OBN,TR1,FALSE,NutBrush,TR,0,1,0,0,0,0,0,0,0,0,0,0,0,0,0,0,0,0,0,0
TR1_OBN8,6_3,8,Nov,2015,OBN,TR1,FALSE,NutBrush,TR,0,1,0,0,0,0,0,0,0,0,0,0,0,0,0,0,0,0,0,0
TR1_OBN9,6_3,9,Aug,2013,OBN,TR1,FALSE,NutBrush,TR,0,0,12,0,7,0,0,0,1,0,0,15,2,0,0,0,0,0,0,0
TR1_OBN9,6_3,9,Aug,2014,OBN,TR1,FALSE,NutBrush,TR,0,2,0,1,3,0,0,0,0,0,0,1,4,0,0,3,0,0,0,0
TR1_OBN9,6_3,9,Aug,2015,OBN,TR1,FALSE,NutBrush,TR,0,3,0,0,1,0,0,0,0,0,0,0,0,0,0,1,0,0,0,0
TR1_OBN9,6_3,9,Nov,2013,OBN,TR1,FALSE,NutBrush,TR,0,0,0,0,1,0,0,0,0,0,0,6,3,0,0,0,0,0,0,0
TR1_OBN9,6_3,9,Nov,2014,OBN,TR1,FALSE,NutBrush,TR,0,5,0,0,3,0,0,0,0,0,0,0,0,0,0,2,0,0,0,0
TR1_OBN9,6_3,9,Nov,2015,OBN,TR1,FALSE,NutBrush,TR,0,6,0,0,1,0,0,0,0,0,0,0,0,0,0,1,0,0,0,0
TR2_OBN1,6_3,16,Aug,2013,OBN,TR2,FALSE,NutBrush,TR,0,0,27,1,2,0,0,0,0,0,0,21,4,0,0,0,0,0,0,0
TR2_OBN1,6_3,16,Aug,2014,OBN,TR2,FALSE,NutBrush,TR,0,0,0,0,0,0,0,0,0,0,0,0,0,0,0,0,0,0,0,0
TR2_OBN1,6_3,16,Aug,2015,OBN,TR2,FALSE,NutBrush,TR,0,0,0,1,0,0,0,0,0,0,0,0,0,0,0,1,0,0,0,0
TR2_OBN1,6_3,16,Nov,2013,OBN,TR2,FALSE,NutBrush,TR,0,0,23,0,2,0,0,0,0,0,0,17,3,0,0,0,0,0,0,0
TR2_OBN1,6_3,16,Nov,2014,OBN,TR2,FALSE,NutBrush,TR,0,0,0,0,8,0,0,0,0,0,0,1,0,0,0,5,0,0,0,0
TR2_OBN1,6_3,16,Nov,2015,OBN,TR2,FALSE,NutBrush,TR,0,0,0,0,0,0,0,0,0,0,0,0,0,0,0,0,0,0,0,0
TR2_OBN10,6_3,25,Aug,2013,OBN,TR2,FALSE,NutBrush,TR,0,0,54,0,6,0,0,0,0,0,0,35,0,0,0,0,0,0,0,0
TR2_OBN10,6_3,25,Aug,2014,OBN,TR2,FALSE,NutBrush,TR,0,1,0,0,1,0,0,0,0,0,0,0,1,0,1,0,0,0,0,0
TR2_OBN10,6_3,25,Aug,2015,OBN,TR2,FALSE,NutBrush,TR,0,1,0,0,1,0,0,0,0,0,0,0,0,0,0,0,0,0,0,0
TR2_OBN10,6_3,25,Nov,2013,OBN,TR2,FALSE,NutBrush,TR,0,0,14,0,1,2,0,0,0,0,0,14,0,0,1,0,0,0,0,0
TR2_OBN10,6_3,25,Nov,2014,OBN,TR2,FALSE,NutBrush,TR,0,1,0,0,2,0,0,0,0,0,0,0,1,0,1,2,0,0,0,0
TR2_OBN10,6_3,25,Nov,2015,OBN,TR2,FALSE,NutBrush,TR,0,1,0,0,1,0,0,0,0,0,0,0,0,0,0,0,0,0,0,0
TR2_OBN11,6_3,26,Aug,2013,OBN,TR2,FALSE,NutBrush,TR,0,0,0,0,0,0,0,0,0,0,0,0,0,0,0,0,0,0,0,3
TR2_OBN11,6_3,26,Aug,2014,OBN,TR2,FALSE,NutBrush,TR,0,0,0,0,3,0,0,0,0,0,0,1,0,0,1,6,0,0,0,1
TR2_OBN11,6_3,26,Aug,2015,OBN,TR2,FALSE,NutBrush,TR,0,0,0,0,0,0,0,0,0,0,0,0,0,0,0,2,0,0,0,0
TR2_OBN11,6_3,26,Nov,2013,OBN,TR2,FALSE,NutBrush,TR,0,0,0,0,0,0,0,0,0,0,0,0,0,0,1,0,0,0,0,3
TR2_OBN11,6_3,26,Nov,2014,OBN,TR2,FALSE,NutBrush,TR,0,1,0,0,14,0,0,0,0,0,0,0,0,0,1,8,0,0,0,0
TR2_OBN11,6_3,26,Nov,2015,OBN,TR2,FALSE,NutBrush,TR,0,1,0,0,0,0,0,0,0,0,0,0,0,0,0,2,0,0,0,0
TR2_OBN12,6_3,27,Aug,2013,OBN,TR2,FALSE,NutBrush,TR,0,0,21,0,7,0,0,0,0,0,0,27,0,0,0,0,0,0,0,0
TR2_OBN12,6_3,27,Aug,2014,OBN,TR2,FALSE,NutBrush,TR,0,0,10,0,5,0,0,0,0,0,0,42,0,0,0,0,0,0,0,0
TR2_OBN12,6_3,27,Aug,2015,OBN,TR2,FALSE,NutBrush,TR,0,0,5,0,0,0,0,0,0,0,0,24,0,0,0,0,0,0,0,0
TR2_OBN12,6_3,27,Nov,2013,OBN,TR2,FALSE,NutBrush,TR,0,0,31,0,7,0,0,0,0,0,0,17,0,0,0,0,0,0,0,0
TR2_OBN12,6_3,27,Nov,2014,OBN,TR2,FALSE,NutBrush,TR,0,1,12,0,5,0,0,0,0,0,0,32,0,0,0,0,0,0,0,0
TR2_OBN12,6_3,27,Nov,2015,OBN,TR2,FALSE,NutBrush,TR,0,0,8,0,1,0,0,0,0,0,0,34,0,0,0,1,0,0,0,0
TR2_OBN13,6_3,28,Aug,2013,OBN,TR2,FALSE,NutBrush,TR,0,0,6,0,1,0,0,0,0,0,0,5,0,0,0,0,0,0,0,0
TR2_OBN13,6_3,28,Aug,2014,OBN,TR2,FALSE,NutBrush,TR,0,0,0,0,5,0,0,0,0,0,0,0,0,0,0,4,0,0,0,0
TR2_OBN13,6_3,28,Aug,2015,OBN,TR2,FALSE,NutBrush,TR,0,2,0,0,0,0,0,0,0,0,0,0,0,0,0,0,0,0,0,0
TR2_OBN13,6_3,28,Nov,2013,OBN,TR2,FALSE,NutBrush,TR,0,0,1,0,1,0,0,0,0,0,0,4,0,0,0,0,0,0,0,0
TR2_OBN13,6_3,28,Nov,2014,OBN,TR2,FALSE,NutBrush,TR,0,1,0,0,4,0,0,0,0,0,0,1,0,1,0,1,0,0,0,0
TR2_OBN13,6_3,28,Nov,2015,OBN,TR2,FALSE,NutBrush,TR,0,1,0,0,0,0,0,0,0,0,0,0,0,0,0,0,0,0,0,0
TR2_OBN14,6_3,29,Aug,2013,OBN,TR2,FALSE,NutBrush,TR,0,0,12,0,1,0,0,0,0,0,0,11,0,0,1,0,0,0,0,0
TR2_OBN14,6_3,29,Aug,2014,OBN,TR2,FALSE,NutBrush,TR,0,3,19,1,1,0,0,0,0,0,0,16,0,0,0,0,0,0,0,0
TR2_OBN14,6_3,29,Aug,2015,OBN,TR2,FALSE,NutBrush,TR,0,3,17,0,1,0,0,0,0,0,0,18,0,0,0,0,0,0,0,0
TR2_OBN14,6_3,29,Nov,2013,OBN,TR2,FALSE,NutBrush,TR,0,1,17,0,1,0,0,0,0,0,0,11,1,0,0,0,0,0,0,0
TR2_OBN14,6_3,29,Nov,2014,OBN,TR2,FALSE,NutBrush,TR,0,3,12,0,2,0,0,0,0,0,0,18,0,0,0,0,0,0,0,0
TR2_OBN14,6_3,29,Nov,2015,OBN,TR2,FALSE,NutBrush,TR,0,3,13,0,1,0,0,0,0,0,0,16,0,0,0,0,0,0,0,0
TR2_OBN15,6_3,30,Aug,2013,OBN,TR2,FALSE,NutBrush,TR,0,0,13,0,5,0,0,0,0,0,0,6,0,0,0,0,0,0,0,1
TR2_OBN15,6_3,30,Aug,2014,OBN,TR2,FALSE,NutBrush,TR,0,0,0,0,4,0,0,0,0,0,0,6,1,0,0,0,0,0,0,1
TR2_OBN15,6_3,30,Aug,2015,OBN,TR2,FALSE,NutBrush,TR,0,0,0,0,3,0,0,0,0,0,0,0,0,0,0,1,0,0,0,0
TR2_OBN15,6_3,30,Nov,2013,OBN,TR2,FALSE,NutBrush,TR,0,0,8,0,5,0,0,0,0,0,0,4,0,0,0,0,0,0,0,0
TR2_OBN15,6_3,30,Nov,2014,OBN,TR2,FALSE,NutBrush,TR,0,0,0,0,5,0,0,0,0,0,0,0,0,0,0,5,0,0,0,0
TR2_OBN15,6_3,30,Nov,2015,OBN,TR2,FALSE,NutBrush,TR,0,0,0,0,2,0,0,0,0,0,0,0,0,0,0,1,0,0,0,0
TR2_OBN2,6_3,17,Aug,2013,OBN,TR2,FALSE,NutBrush,TR,0,0,27,1,0,0,0,0,0,0,0,12,0,0,0,0,0,0,0,0
TR2_OBN2,6_3,17,Aug,2014,OBN,TR2,FALSE,NutBrush,TR,0,0,0,1,0,0,0,0,0,0,0,0,2,0,0,0,0,0,0,0
TR2_OBN2,6_3,17,Aug,2015,OBN,TR2,FALSE,NutBrush,TR,0,1,0,1,0,0,0,0,0,0,0,0,0,0,0,0,0,0,0,0
TR2_OBN2,6_3,17,Nov,2013,OBN,TR2,FALSE,NutBrush,TR,0,0,23,0,0,0,0,1,0,0,0,9,1,0,0,0,0,0,0,0
TR2_OBN2,6_3,17,Nov,2014,OBN,TR2,FALSE,NutBrush,TR,0,0,0,0,1,0,0,0,0,0,0,0,0,0,0,2,0,0,0,0
TR2_OBN2,6_3,17,Nov,2015,OBN,TR2,FALSE,NutBrush,TR,0,1,0,0,0,0,0,0,0,0,0,0,0,0,0,0,0,0,0,0
TR2_OBN3,6_3,18,Aug,2013,OBN,TR2,FALSE,NutBrush,TR,0,0,10,1,3,0,0,0,0,0,0,14,2,0,0,0,0,0,0,0
TR2_OBN3,6_3,18,Aug,2014,OBN,TR2,FALSE,NutBrush,TR,0,0,0,1,0,0,0,0,0,0,0,0,0,0,0,1,0,0,0,0
TR2_OBN3,6_3,18,Aug,2015,OBN,TR2,FALSE,NutBrush,TR,0,1,0,0,0,0,0,0,0,0,0,0,0,0,0,0,0,0,0,0
TR2_OBN3,6_3,18,Nov,2013,OBN,TR2,FALSE,NutBrush,TR,0,0,14,0,3,1,0,0,0,0,0,9,0,0,0,0,0,0,0,0
TR2_OBN3,6_3,18,Nov,2014,OBN,TR2,FALSE,NutBrush,TR,0,1,0,0,0,0,0,0,0,0,0,0,0,0,0,0,0,0,0,0
TR2_OBN3,6_3,18,Nov,2015,OBN,TR2,FALSE,NutBrush,TR,0,1,0,0,0,0,0,0,0,0,0,0,0,0,0,0,0,0,0,0
TR2_OBN4,6_3,19,Aug,2013,OBN,TR2,FALSE,NutBrush,TR,0,0,17,0,3,0,0,0,0,0,0,17,0,0,0,0,0,0,1,1
TR2_OBN4,6_3,19,Aug,2014,OBN,TR2,FALSE,NutBrush,TR,0,3,0,0,4,0,0,0,0,0,0,5,0,0,0,0,0,0,0,0
TR2_OBN4,6_3,19,Aug,2015,OBN,TR2,FALSE,NutBrush,TR,0,1,0,0,0,0,0,0,0,0,0,1,0,0,0,0,0,0,0,0
TR2_OBN4,6_3,19,Nov,2013,OBN,TR2,FALSE,NutBrush,TR,0,0,13,0,3,0,0,0,0,0,0,8,0,0,0,0,0,0,1,0
TR2_OBN4,6_3,19,Nov,2014,OBN,TR2,FALSE,NutBrush,TR,0,1,0,0,1,0,0,0,0,0,0,1,0,0,0,4,0,0,0,0
TR2_OBN4,6_3,19,Nov,2015,OBN,TR2,FALSE,NutBrush,TR,0,1,0,0,0,0,0,0,0,0,0,1,0,0,0,0,0,0,0,0
TR2_OBN5,6_3,20,Aug,2013,OBN,TR2,FALSE,NutBrush,TR,0,0,26,0,0,0,0,0,0,0,0,11,0,0,1,0,0,0,0,1
TR2_OBN5,6_3,20,Aug,2014,OBN,TR2,FALSE,NutBrush,TR,0,0,0,1,9,0,0,0,0,0,0,0,0,0,0,10,0,0,0,0
TR2_OBN5,6_3,20,Aug,2015,OBN,TR2,FALSE,NutBrush,TR,0,2,0,0,0,0,0,0,0,0,0,0,0,0,0,3,0,0,0,0
TR2_OBN5,6_3,20,Nov,2013,OBN,TR2,FALSE,NutBrush,TR,0,0,4,0,0,1,0,0,0,0,0,29,0,0,1,0,0,0,0,0
TR2_OBN5,6_3,20,Nov,2014,OBN,TR2,FALSE,NutBrush,TR,0,8,0,0,6,0,0,0,0,0,0,0,0,0,0,2,0,0,0,0
TR2_OBN5,6_3,20,Nov,2015,OBN,TR2,FALSE,NutBrush,TR,0,3,0,0,0,0,0,0,0,0,0,0,0,0,0,0,0,0,0,0
TR2_OBN6,6_3,21,Aug,2013,OBN,TR2,FALSE,NutBrush,TR,0,0,9,0,2,0,0,0,2,0,0,14,5,0,1,0,0,0,0,2
TR2_OBN6,6_3,21,Aug,2014,OBN,TR2,FALSE,NutBrush,TR,0,2,0,2,2,0,0,1,1,0,0,16,1,1,0,0,0,0,0,1
TR2_OBN6,6_3,21,Aug,2015,OBN,TR2,FALSE,NutBrush,TR,0,3,3,1,3,0,0,1,1,0,0,12,0,2,0,1,0,0,0,0
TR2_OBN6,6_3,21,Nov,2013,OBN,TR2,FALSE,NutBrush,TR,0,0,6,0,6,1,0,2,0,0,0,10,1,0,1,0,0,0,0,0
TR2_OBN6,6_3,21,Nov,2014,OBN,TR2,FALSE,NutBrush,TR,0,1,0,0,3,0,0,1,1,0,0,6,1,2,1,1,0,0,0,0
TR2_OBN6,6_3,21,Nov,2015,OBN,TR2,FALSE,NutBrush,TR,0,1,3,0,3,0,0,1,1,0,0,10,0,1,0,0,0,0,0,0
TR2_OBN7,6_3,22,Aug,2013,OBN,TR2,FALSE,NutBrush,TR,0,0,56,0,1,0,0,0,0,0,0,70,0,0,0,0,0,0,0,0
TR2_OBN7,6_3,22,Aug,2014,OBN,TR2,FALSE,NutBrush,TR,0,1,0,1,1,0,0,0,0,0,0,51,0,0,0,0,0,0,0,2
TR2_OBN7,6_3,22,Aug,2015,OBN,TR2,FALSE,NutBrush,TR,0,1,0,0,1,0,0,0,0,0,0,40,0,0,0,0,0,0,0,0
TR2_OBN7,6_3,22,Nov,2013,OBN,TR2,FALSE,NutBrush,TR,0,2,23,0,4,1,0,0,0,0,0,36,0,0,0,0,0,0,0,0
TR2_OBN7,6_3,22,Nov,2014,OBN,TR2,FALSE,NutBrush,TR,0,1,0,0,1,0,0,0,0,0,0,55,0,0,0,0,0,0,0,0
TR2_OBN7,6_3,22,Nov,2015,OBN,TR2,FALSE,NutBrush,TR,0,1,0,0,1,0,0,0,0,0,0,49,0,0,0,0,0,0,0,0
TR2_OBN8,6_3,23,Aug,2013,OBN,TR2,FALSE,NutBrush,TR,0,0,15,0,3,0,0,0,0,0,0,27,1,0,0,0,0,0,0,0
TR2_OBN8,6_3,23,Aug,2014,OBN,TR2,FALSE,NutBrush,TR,0,0,2,3,1,0,0,0,0,0,0,28,0,0,0,0,0,0,0,0
TR2_OBN8,6_3,23,Aug,2015,OBN,TR2,FALSE,NutBrush,TR,0,2,2,0,1,0,0,0,0,0,0,23,0,0,0,0,0,0,0,0
TR2_OBN8,6_3,23,Nov,2013,OBN,TR2,FALSE,NutBrush,TR,0,4,13,0,1,0,0,1,0,0,0,13,1,0,0,0,0,0,0,0
TR2_OBN8,6_3,23,Nov,2014,OBN,TR2,FALSE,NutBrush,TR,0,2,2,0,1,0,0,0,0,0,0,23,0,0,0,0,0,0,0,0
TR2_OBN8,6_3,23,Nov,2015,OBN,TR2,FALSE,NutBrush,TR,0,2,1,0,1,0,0,0,0,0,0,24,0,0,0,0,0,0,0,0
TR2_OBN9,6_3,24,Aug,2013,OBN,TR2,FALSE,NutBrush,TR,0,0,12,1,3,0,0,0,0,0,0,0,0,0,0,0,0,0,0,0
TR2_OBN9,6_3,24,Aug,2014,OBN,TR2,FALSE,NutBrush,TR,0,0,5,1,1,0,0,0,0,0,0,21,0,0,0,0,0,0,0,1
TR2_OBN9,6_3,24,Aug,2015,OBN,TR2,FALSE,NutBrush,TR,0,0,3,1,0,0,0,0,0,0,0,15,0,0,0,0,0,0,0,0
TR2_OBN9,6_3,24,Nov,2013,OBN,TR2,FALSE,NutBrush,TR,0,0,18,1,5,0,0,0,0,0,0,23,0,0,1,0,0,0,0,0
TR2_OBN9,6_3,24,Nov,2014,OBN,TR2,FALSE,NutBrush,TR,0,3,6,0,1,0,0,0,0,0,0,18,0,0,0,1,0,0,0,0
TR2_OBN9,6_3,24,Nov,2015,OBN,TR2,FALSE,NutBrush,TR,0,0,3,0,0,0,0,0,0,0,0,15,0,0,0,0,0,0,0,0
TR3_OBN1,6_3,31,Aug,2013,OBN,TR3,FALSE,NutBrush,TR,0,0,5,1,1,0,0,0,0,0,0,10,1,0,0,0,0,0,1,0
TR3_OBN1,6_3,31,Aug,2014,OBN,TR3,FALSE,NutBrush,TR,0,0,1,0,0,0,0,0,0,0,0,0,3,1,0,1,0,0,0,0
TR3_OBN1,6_3,31,Aug,2015,OBN,TR3,FALSE,NutBrush,TR,0,0,1,0,1,0,0,0,0,0,0,1,0,0,0,1,0,0,0,0
TR3_OBN1,6_3,31,Nov,2013,OBN,TR3,FALSE,NutBrush,TR,0,0,7,0,2,0,0,0,0,0,0,12,0,0,0,0,0,0,0,0
TR3_OBN1,6_3,31,Nov,2014,OBN,TR3,FALSE,NutBrush,TR,0,0,1,0,1,0,0,0,0,0,0,1,0,0,0,0,1,0,0,0
TR3_OBN1,6_3,31,Nov,2015,OBN,TR3,FALSE,NutBrush,TR,0,0,1,0,1,0,0,0,0,0,0,1,0,0,0,1,0,0,0,0
TR3_OBN10,6_3,40,Aug,2013,OBN,TR3,FALSE,NutBrush,TR,0,0,8,0,7,0,0,0,0,0,0,14,0,0,0,0,0,0,2,0
TR3_OBN10,6_3,40,Aug,2014,OBN,TR3,FALSE,NutBrush,TR,0,0,0,0,0,0,0,0,0,0,0,0,0,0,0,0,0,0,0,0
TR3_OBN10,6_3,40,Aug,2015,OBN,TR3,FALSE,NutBrush,TR,0,0,0,0,0,0,0,0,0,0,0,0,0,0,0,0,0,0,0,0
TR3_OBN10,6_3,40,Nov,2013,OBN,TR3,FALSE,NutBrush,TR,0,0,8,0,7,0,0,0,0,0,0,16,0,0,0,0,0,0,2,0
TR3_OBN10,6_3,40,Nov,2014,OBN,TR3,FALSE,NutBrush,TR,0,0,0,0,1,0,0,0,0,0,0,0,0,0,0,0,0,0,0,0
TR3_OBN10,6_3,40,Nov,2015,OBN,TR3,FALSE,NutBrush,TR,0,0,0,0,0,0,0,0,0,0,0,0,0,0,0,0,0,0,0,0
TR3_OBN11,6_3,41,Aug,2013,OBN,TR3,FALSE,NutBrush,TR,0,0,5,0,6,0,0,0,0,0,0,4,0,0,2,0,0,0,1,0
TR3_OBN11,6_3,41,Aug,2014,OBN,TR3,FALSE,NutBrush,TR,0,0,3,1,2,0,0,0,0,0,0,0,0,0,0,0,0,0,0,0
TR3_OBN11,6_3,41,Aug,2015,OBN,TR3,FALSE,NutBrush,TR,0,0,0,1,1,0,0,0,0,0,0,0,0,0,0,0,0,0,0,0
TR3_OBN11,6_3,41,Nov,2013,OBN,TR3,FALSE,NutBrush,TR,0,0,2,0,4,0,0,0,0,0,0,6,0,0,1,0,0,0,1,0
TR3_OBN11,6_3,41,Nov,2014,OBN,TR3,FALSE,NutBrush,TR,0,0,3,0,3,0,0,0,0,0,0,1,0,0,0,0,0,0,0,0
TR3_OBN11,6_3,41,Nov,2015,OBN,TR3,FALSE,NutBrush,TR,0,0,0,0,1,0,0,0,0,0,0,0,0,0,0,0,0,0,0,0
TR3_OBN12,6_3,42,Aug,2013,OBN,TR3,FALSE,NutBrush,TR,0,0,0,0,1,0,0,0,0,0,0,0,0,0,0,0,0,0,0,0
TR3_OBN12,6_3,42,Aug,2014,OBN,TR3,FALSE,NutBrush,TR,0,0,0,0,0,0,0,0,0,0,0,2,0,0,0,1,0,0,0,0
TR3_OBN12,6_3,42,Aug,2015,OBN,TR3,FALSE,NutBrush,TR,0,0,0,0,0,0,0,0,0,0,0,0,0,0,0,0,0,0,0,0
TR3_OBN12,6_3,42,Nov,2013,OBN,TR3,FALSE,NutBrush,TR,0,0,0,0,0,0,0,0,0,0,0,0,0,0,0,0,0,0,0,0
TR3_OBN12,6_3,42,Nov,2014,OBN,TR3,FALSE,NutBrush,TR,0,0,0,0,1,0,0,0,0,0,0,0,0,0,0,0,0,0,0,0
TR3_OBN12,6_3,42,Nov,2015,OBN,TR3,FALSE,NutBrush,TR,0,0,0,0,0,0,0,0,0,0,0,0,0,0,0,0,0,0,0,0
TR3_OBN13,6_3,43,Aug,2013,OBN,TR3,FALSE,NutBrush,TR,0,0,0,0,0,0,0,0,1,0,0,0,0,0,1,0,0,0,1,0
TR3_OBN13,6_3,43,Aug,2014,OBN,TR3,FALSE,NutBrush,TR,0,0,0,0,0,0,0,0,1,0,0,0,0,0,0,1,0,0,0,0
TR3_OBN13,6_3,43,Aug,2015,OBN,TR3,FALSE,NutBrush,TR,0,0,0,0,0,0,0,0,0,0,0,0,0,0,0,0,0,0,0,0
TR3_OBN13,6_3,43,Nov,2013,OBN,TR3,FALSE,NutBrush,TR,0,0,0,0,0,3,0,0,0,0,0,0,1,0,0,0,0,0,0,0
TR3_OBN13,6_3,43,Nov,2014,OBN,TR3,FALSE,NutBrush,TR,0,0,0,0,0,0,0,0,0,0,0,0,0,0,0,0,0,0,0,0
TR3_OBN13,6_3,43,Nov,2015,OBN,TR3,FALSE,NutBrush,TR,0,0,0,0,0,0,0,0,0,0,0,0,0,0,0,0,0,0,0,0
TR3_OBN14,6_3,44,Aug,2013,OBN,TR3,FALSE,NutBrush,TR,0,0,0,0,1,0,0,0,0,0,0,0,0,0,0,0,0,0,0,2
TR3_OBN14,6_3,44,Aug,2014,OBN,TR3,FALSE,NutBrush,TR,0,0,0,0,0,0,0,0,0,0,0,1,0,0,0,2,0,0,0,1
TR3_OBN14,6_3,44,Aug,2015,OBN,TR3,FALSE,NutBrush,TR,0,0,0,0,0,0,0,0,0,0,0,0,0,0,0,1,0,0,0,1
TR3_OBN14,6_3,44,Nov,2013,OBN,TR3,FALSE,NutBrush,TR,0,0,0,0,1,0,0,0,0,0,0,0,0,0,0,0,0,0,1,0
TR3_OBN14,6_3,44,Nov,2014,OBN,TR3,FALSE,NutBrush,TR,0,0,0,0,0,0,0,0,0,0,0,0,0,0,0,5,0,0,0,1
TR3_OBN14,6_3,44,Nov,2015,OBN,TR3,FALSE,NutBrush,TR,0,0,0,0,0,0,0,0,0,0,0,0,0,0,0,1,0,0,0,0
TR3_OBN15,6_3,45,Aug,2013,OBN,TR3,FALSE,NutBrush,TR,0,0,0,0,0,0,0,0,1,0,0,0,0,0,0,0,0,0,0,1
TR3_OBN15,6_3,45,Aug,2014,OBN,TR3,FALSE,NutBrush,TR,0,0,0,0,0,0,0,0,0,0,0,0,0,0,0,0,0,0,0,0
TR3_OBN15,6_3,45,Aug,2015,OBN,TR3,FALSE,NutBrush,TR,0,0,0,0,0,0,0,0,0,0,0,0,0,0,0,0,0,0,0,0
TR3_OBN15,6_3,45,Nov,2013,OBN,TR3,FALSE,NutBrush,TR,0,0,0,0,1,1,0,0,0,0,0,0,0,0,0,0,0,0,0,0
TR3_OBN15,6_3,45,Nov,2014,OBN,TR3,FALSE,NutBrush,TR,0,0,0,0,1,0,0,0,0,0,0,0,0,0,0,1,0,0,0,0
TR3_OBN15,6_3,45,Nov,2015,OBN,TR3,FALSE,NutBrush,TR,0,0,0,0,2,0,0,0,0,0,0,0,0,0,0,0,0,0,0,0
TR3_OBN2,6_3,32,Aug,2013,OBN,TR3,FALSE,NutBrush,TR,0,0,20,2,1,0,0,0,0,0,0,16,0,0,1,0,0,0,0,0
TR3_OBN2,6_3,32,Aug,2014,OBN,TR3,FALSE,NutBrush,TR,0,0,0,1,0,0,0,0,0,0,0,2,1,0,0,0,0,0,0,0
TR3_OBN2,6_3,32,Aug,2015,OBN,TR3,FALSE,NutBrush,TR,0,0,0,1,0,0,0,0,0,0,0,0,0,0,0,0,0,0,0,0
TR3_OBN2,6_3,32,Nov,2013,OBN,TR3,FALSE,NutBrush,TR,0,0,14,0,1,0,0,0,0,0,0,12,0,0,0,0,0,0,0,0
TR3_OBN2,6_3,32,Nov,2014,OBN,TR3,FALSE,NutBrush,TR,0,0,0,0,0,0,0,0,0,0,0,0,0,0,0,0,0,0,0,0
TR3_OBN2,6_3,32,Nov,2015,OBN,TR3,FALSE,NutBrush,TR,0,0,0,0,0,0,0,0,0,0,0,0,0,0,0,0,0,0,0,0
TR3_OBN3,6_3,33,Aug,2013,OBN,TR3,FALSE,NutBrush,TR,0,0,23,1,7,0,0,0,0,0,0,29,0,0,0,0,0,0,0,0
TR3_OBN3,6_3,33,Aug,2014,OBN,TR3,FALSE,NutBrush,TR,0,0,0,0,0,0,0,0,0,0,0,0,0,0,0,0,0,0,0,0
TR3_OBN3,6_3,33,Aug,2015,OBN,TR3,FALSE,NutBrush,TR,0,0,0,0,1,0,0,0,0,0,0,2,0,1,0,0,0,0,0,0
TR3_OBN3,6_3,33,Nov,2013,OBN,TR3,FALSE,NutBrush,TR,0,0,11,0,7,0,0,0,0,0,0,33,1,0,0,0,0,0,0,0
TR3_OBN3,6_3,33,Nov,2014,OBN,TR3,FALSE,NutBrush,TR,0,1,0,0,1,0,0,0,0,0,0,1,0,1,0,0,0,0,0,0
TR3_OBN3,6_3,33,Nov,2015,OBN,TR3,FALSE,NutBrush,TR,0,0,0,0,1,0,0,0,0,0,0,2,0,1,0,0,0,0,0,0
TR3_OBN4,6_3,34,Aug,2013,OBN,TR3,FALSE,NutBrush,TR,0,0,14,1,0,0,0,0,0,0,0,6,0,0,0,0,0,0,0,0
TR3_OBN4,6_3,34,Aug,2014,OBN,TR3,FALSE,NutBrush,TR,0,0,0,1,0,0,1,0,0,0,0,1,0,1,0,0,0,0,0,0
TR3_OBN4,6_3,34,Aug,2015,OBN,TR3,FALSE,NutBrush,TR,0,1,0,1,0,0,1,0,0,0,0,0,0,1,0,0,0,0,0,0
TR3_OBN4,6_3,34,Nov,2013,OBN,TR3,FALSE,NutBrush,TR,0,0,11,0,0,0,0,0,0,0,0,6,1,0,0,0,0,0,0,0
TR3_OBN4,6_3,34,Nov,2014,OBN,TR3,FALSE,NutBrush,TR,0,1,0,0,1,0,1,0,0,0,0,0,0,2,0,1,0,0,0,0
TR3_OBN4,6_3,34,Nov,2015,OBN,TR3,FALSE,NutBrush,TR,0,1,0,0,0,0,1,0,0,0,0,0,0,1,0,0,0,0,0,0
TR3_OBN5,6_3,35,Aug,2013,OBN,TR3,FALSE,NutBrush,TR,0,0,4,0,0,0,0,0,0,0,0,3,2,0,0,0,0,0,0,0
TR3_OBN5,6_3,35,Aug,2014,OBN,TR3,FALSE,NutBrush,TR,0,0,0,0,0,0,0,0,0,0,0,0,1,1,0,0,0,0,0,0
TR3_OBN5,6_3,35,Aug,2015,OBN,TR3,FALSE,NutBrush,TR,0,0,0,0,0,0,0,0,0,0,0,0,0,0,0,0,0,0,0,0
TR3_OBN5,6_3,35,Nov,2013,OBN,TR3,FALSE,NutBrush,TR,0,0,5,0,0,0,0,0,0,0,0,4,0,0,0,0,0,0,0,0
TR3_OBN5,6_3,35,Nov,2014,OBN,TR3,FALSE,NutBrush,TR,0,0,0,0,0,0,0,0,0,0,0,0,0,0,0,0,0,0,0,0
TR3_OBN5,6_3,35,Nov,2015,OBN,TR3,FALSE,NutBrush,TR,0,0,0,0,0,0,0,0,0,0,0,0,0,0,0,0,0,0,0,0
TR3_OBN6,6_3,36,Aug,2013,OBN,TR3,FALSE,NutBrush,TR,0,0,13,1,2,0,0,0,0,0,0,13,9,0,0,0,0,0,0,2
TR3_OBN6,6_3,36,Aug,2014,OBN,TR3,FALSE,NutBrush,TR,0,0,0,1,0,0,0,0,0,0,0,0,0,0,0,0,0,0,0,1
TR3_OBN6,6_3,36,Aug,2015,OBN,TR3,FALSE,NutBrush,TR,0,2,0,1,0,0,0,0,0,0,0,0,0,1,0,0,0,0,0,0
TR3_OBN6,6_3,36,Nov,2013,OBN,TR3,FALSE,NutBrush,TR,0,0,4,0,1,0,0,1,0,0,0,5,4,0,0,0,0,0,0,2
TR3_OBN6,6_3,36,Nov,2014,OBN,TR3,FALSE,NutBrush,TR,0,3,0,0,0,0,0,0,0,0,0,0,0,1,0,0,0,0,0,0
TR3_OBN6,6_3,36,Nov,2015,OBN,TR3,FALSE,NutBrush,TR,0,2,0,0,0,0,0,0,0,0,0,0,0,1,0,0,0,0,0,0
TR3_OBN7,6_3,37,Aug,2013,OBN,TR3,FALSE,NutBrush,TR,0,0,2,0,4,0,0,0,0,0,0,2,0,0,1,0,0,0,0,0
TR3_OBN7,6_3,37,Aug,2014,OBN,TR3,FALSE,NutBrush,TR,0,1,0,0,1,0,0,0,0,0,0,0,0,0,0,0,0,0,0,0
TR3_OBN7,6_3,37,Aug,2015,OBN,TR3,FALSE,NutBrush,TR,0,1,0,0,1,0,0,0,0,0,0,0,0,0,0,1,0,0,0,0
TR3_OBN7,6_3,37,Nov,2013,OBN,TR3,FALSE,NutBrush,TR,0,0,1,0,5,0,0,0,0,0,0,5,0,0,0,0,0,0,0,0
TR3_OBN7,6_3,37,Nov,2014,OBN,TR3,FALSE,NutBrush,TR,0,1,0,0,2,0,0,0,0,0,0,0,0,0,0,0,0,0,0,0
TR3_OBN7,6_3,37,Nov,2015,OBN,TR3,FALSE,NutBrush,TR,0,1,0,0,1,0,0,0,0,0,0,0,0,0,0,1,0,0,0,0
TR3_OBN8,6_3,38,Aug,2013,OBN,TR3,FALSE,NutBrush,TR,0,0,10,0,1,0,0,0,1,0,0,11,4,0,0,0,0,0,0,1
TR3_OBN8,6_3,38,Aug,2014,OBN,TR3,FALSE,NutBrush,TR,0,0,0,0,0,0,0,0,0,0,0,0,3,0,0,0,0,0,0,0
TR3_OBN8,6_3,38,Aug,2015,OBN,TR3,FALSE,NutBrush,TR,0,0,0,0,0,0,0,0,0,0,0,0,0,0,0,0,0,0,0,0
TR3_OBN8,6_3,38,Nov,2013,OBN,TR3,FALSE,NutBrush,TR,0,0,6,0,1,0,0,0,0,0,0,5,3,0,0,0,0,0,0,1
TR3_OBN8,6_3,38,Nov,2014,OBN,TR3,FALSE,NutBrush,TR,0,0,0,0,0,0,0,0,0,0,0,0,0,0,0,0,0,0,0,0
TR3_OBN8,6_3,38,Nov,2015,OBN,TR3,FALSE,NutBrush,TR,0,0,0,0,0,0,0,0,0,0,0,0,0,0,0,0,0,0,0,0
TR3_OBN9,6_3,39,Aug,2013,OBN,TR3,FALSE,NutBrush,TR,0,0,2,0,9,0,0,0,0,0,0,1,0,0,0,0,0,0,1,1
TR3_OBN9,6_3,39,Aug,2014,OBN,TR3,FALSE,NutBrush,TR,0,0,0,0,0,1,0,0,0,0,0,0,0,0,0,0,0,0,0,0
TR3_OBN9,6_3,39,Aug,2015,OBN,TR3,FALSE,NutBrush,TR,0,0,0,0,1,1,0,0,0,0,0,0,0,0,0,0,0,0,0,0
TR3_OBN9,6_3,39,Nov,2013,OBN,TR3,FALSE,NutBrush,TR,0,0,1,0,4,1,0,0,0,0,0,4,0,0,0,0,0,0,1,1
TR3_OBN9,6_3,39,Nov,2014,OBN,TR3,FALSE,NutBrush,TR,0,0,0,0,3,1,0,0,0,0,0,0,0,0,0,0,0,0,0,0
TR3_OBN9,6_3,39,Nov,2015,OBN,TR3,FALSE,NutBrush,TR,0,0,0,0,0,0,0,0,0,0,0,0,0,0,0,0,0,0,0,0
TR1_OBOX1,6_4,1,Aug,2013,OBOX,TR1,FALSE,Box,TR,0,0,5,0,0,0,0,0,4,0,0,1,0,0,1,0,0,0,0,6
TR1_OBOX1,6_4,1,Aug,2014,OBOX,TR1,FALSE,Box,TR,0,0,0,2,0,2,0,0,4,0,0,0,0,0,0,0,0,0,0,0
TR1_OBOX1,6_4,1,Aug,2015,OBOX,TR1,FALSE,Box,TR,0,2,1,0,0,0,0,0,1,0,0,0,0,0,0,0,0,0,1,0
TR1_OBOX1,6_4,1,Nov,2013,OBOX,TR1,FALSE,Box,TR,0,0,0,0,0,4,0,0,4,0,0,15,0,0,0,0,0,0,0,4
TR1_OBOX1,6_4,1,Nov,2014,OBOX,TR1,FALSE,Box,TR,0,2,1,0,0,2,0,0,1,0,0,1,0,0,0,0,0,0,0,0
TR1_OBOX1,6_4,1,Nov,2015,OBOX,TR1,FALSE,Box,TR,0,2,1,0,0,0,0,0,1,0,0,0,0,0,0,0,0,0,1,0
TR1_OBOX10,6_4,10,Aug,2013,OBOX,TR1,FALSE,Box,TR,0,0,5,2,0,0,0,0,0,0,0,1,0,0,5,0,0,0,0,3
TR1_OBOX10,6_4,10,Aug,2014,OBOX,TR1,FALSE,Box,TR,1,1,11,2,0,0,0,0,0,0,0,7,0,0,0,0,0,0,0,0
TR1_OBOX10,6_4,10,Aug,2015,OBOX,TR1,FALSE,Box,TR,0,1,0,0,0,0,0,0,0,0,0,0,0,0,0,0,0,0,0,0
TR1_OBOX10,6_4,10,Nov,2013,OBOX,TR1,FALSE,Box,TR,0,0,0,0,0,7,0,0,0,0,0,18,0,0,5,0,0,0,0,2
TR1_OBOX10,6_4,10,Nov,2014,OBOX,TR1,FALSE,Box,TR,0,1,10,0,0,0,0,0,0,0,0,6,0,0,0,0,0,0,0,0
TR1_OBOX10,6_4,10,Nov,2015,OBOX,TR1,FALSE,Box,TR,0,1,0,0,0,0,0,0,0,0,0,0,0,0,0,0,0,0,0,0
TR1_OBOX11,6_4,11,Aug,2013,OBOX,TR1,FALSE,Box,TR,0,0,3,2,0,0,0,0,0,0,0,3,2,0,2,0,0,0,1,1
TR1_OBOX11,6_4,11,Aug,2014,OBOX,TR1,FALSE,Box,TR,0,3,4,3,0,0,0,0,0,0,0,7,3,0,0,0,0,0,0,0
TR1_OBOX11,6_4,11,Aug,2015,OBOX,TR1,FALSE,Box,TR,0,0,2,4,2,0,0,0,0,0,0,2,0,0,0,0,0,0,3,0
TR1_OBOX11,6_4,11,Nov,2013,OBOX,TR1,FALSE,Box,TR,0,0,3,0,0,0,0,1,0,0,0,7,0,0,2,0,0,0,1,1
TR1_OBOX11,6_4,11,Nov,2014,OBOX,TR1,FALSE,Box,TR,0,2,4,0,2,0,0,0,0,0,0,9,0,0,0,0,0,0,0,0
TR1_OBOX11,6_4,11,Nov,2015,OBOX,TR1,FALSE,Box,TR,0,0,2,0,2,0,0,0,0,0,0,2,0,0,0,0,0,0,0,0
TR1_OBOX12,6_4,12,Aug,2013,OBOX,TR1,FALSE,Box,TR,0,0,0,0,0,0,0,0,0,0,0,0,2,0,3,0,0,0,0,2
TR1_OBOX12,6_4,12,Aug,2014,OBOX,TR1,FALSE,Box,TR,0,0,0,1,1,0,0,0,0,0,0,1,10,0,0,2,0,0,0,0
TR1_OBOX12,6_4,12,Aug,2015,OBOX,TR1,FALSE,Box,TR,3,0,0,0,0,0,0,0,0,0,0,0,0,0,0,1,0,0,1,0
TR1_OBOX12,6_4,12,Nov,2013,OBOX,TR1,FALSE,Box,TR,0,0,1,0,1,0,0,0,0,0,0,0,0,0,4,0,0,0,0,1
TR1_OBOX12,6_4,12,Nov,2014,OBOX,TR1,FALSE,Box,TR,0,2,0,0,1,0,0,0,0,0,0,0,0,0,0,1,0,0,0,0
TR1_OBOX12,6_4,12,Nov,2015,OBOX,TR1,FALSE,Box,TR,0,0,0,0,0,0,0,0,0,0,0,0,0,0,0,1,0,0,0,0
TR1_OBOX13,6_4,13,Aug,2013,OBOX,TR1,FALSE,Box,TR,0,0,0,0,0,0,0,0,1,0,0,0,0,0,1,0,0,0,0,0
TR1_OBOX13,6_4,13,Aug,2014,OBOX,TR1,FALSE,Box,TR,1,0,0,0,0,0,0,0,0,0,1,2,4,1,0,0,0,0,0,0
TR1_OBOX13,6_4,13,Aug,2015,OBOX,TR1,FALSE,Box,TR,0,1,1,1,0,0,0,0,0,0,0,4,0,0,0,1,0,0,1,0
TR1_OBOX13,6_4,13,Nov,2013,OBOX,TR1,FALSE,Box,TR,0,0,0,0,0,1,0,0,0,0,0,0,3,0,1,0,0,0,0,0
TR1_OBOX13,6_4,13,Nov,2014,OBOX,TR1,FALSE,Box,TR,0,1,2,0,0,0,0,0,0,0,0,3,1,1,0,0,0,0,0,0
TR1_OBOX13,6_4,13,Nov,2015,OBOX,TR1,FALSE,Box,TR,0,1,1,0,0,0,0,0,0,0,0,3,0,0,0,1,0,0,1,0
TR1_OBOX14,6_4,14,Aug,2013,OBOX,TR1,FALSE,Box,TR,0,0,1,2,0,0,0,0,1,0,0,1,0,0,3,0,0,0,3,1
TR1_OBOX14,6_4,14,Aug,2014,OBOX,TR1,FALSE,Box,TR,0,0,1,1,0,0,0,0,0,0,0,0,1,0,0,0,0,0,0,0
TR1_OBOX14,6_4,14,Aug,2015,OBOX,TR1,FALSE,Box,TR,3,0,0,0,2,0,1,1,0,0,0,1,1,0,0,1,0,0,0,0
TR1_OBOX14,6_4,14,Nov,2013,OBOX,TR1,FALSE,Box,TR,0,0,1,0,0,2,0,0,2,0,0,3,0,0,2,0,0,0,1,0
TR1_OBOX14,6_4,14,Nov,2014,OBOX,TR1,FALSE,Box,TR,0,0,0,0,0,0,0,0,0,0,0,2,0,0,0,0,0,0,0,0
TR1_OBOX14,6_4,14,Nov,2015,OBOX,TR1,FALSE,Box,TR,0,0,0,0,2,0,0,0,0,0,0,1,0,0,0,1,0,0,0,0
TR1_OBOX15,6_4,15,Aug,2013,OBOX,TR1,FALSE,Box,TR,0,0,4,1,0,0,0,0,2,0,0,2,0,0,4,0,0,0,1,0
TR1_OBOX15,6_4,15,Aug,2014,OBOX,TR1,FALSE,Box,TR,0,0,11,1,0,0,0,0,1,0,0,10,1,0,0,0,0,0,0,0
TR1_OBOX15,6_4,15,Aug,2015,OBOX,TR1,FALSE,Box,TR,0,0,3,0,0,0,1,0,1,0,0,5,0,0,0,0,0,0,2,0
TR1_OBOX15,6_4,15,Nov,2013,OBOX,TR1,FALSE,Box,TR,0,0,10,0,0,0,0,0,2,0,0,10,0,0,0,0,0,0,1,1
TR1_OBOX15,6_4,15,Nov,2014,OBOX,TR1,FALSE,Box,TR,0,0,12,0,0,0,0,0,1,0,0,7,0,0,0,0,0,0,0,0
TR1_OBOX15,6_4,15,Nov,2015,OBOX,TR1,FALSE,Box,TR,0,0,6,0,0,0,1,0,1,0,0,4,0,0,0,0,0,0,1,0
TR1_OBOX2,6_4,2,Aug,2013,OBOX,TR1,FALSE,Box,TR,0,0,0,0,0,0,0,0,0,0,0,0,0,0,0,0,0,0,0,0
TR1_OBOX2,6_4,2,Aug,2014,OBOX,TR1,FALSE,Box,TR,0,0,0,0,0,0,0,0,0,0,0,0,0,0,0,0,0,0,0,0
TR1_OBOX2,6_4,2,Aug,2015,OBOX,TR1,FALSE,Box,TR,0,0,0,0,1,0,0,0,0,0,0,0,0,0,0,1,0,0,0,0
TR1_OBOX2,6_4,2,Nov,2013,OBOX,TR1,FALSE,Box,TR,0,0,0,0,0,0,0,0,0,0,0,2,0,0,0,0,0,0,0,0
TR1_OBOX2,6_4,2,Nov,2014,OBOX,TR1,FALSE,Box,TR,0,0,0,0,0,0,0,0,0,0,0,0,0,0,0,0,0,0,0,0
TR1_OBOX2,6_4,2,Nov,2015,OBOX,TR1,FALSE,Box,TR,0,0,0,0,0,0,0,0,0,0,0,0,0,0,0,0,0,0,0,0
TR1_OBOX3,6_4,3,Aug,2013,OBOX,TR1,FALSE,Box,TR,0,0,0,0,0,0,0,0,0,0,0,0,0,0,0,0,0,0,1,2
TR1_OBOX3,6_4,3,Aug,2014,OBOX,TR1,FALSE,Box,TR,1,0,0,0,0,0,0,0,0,0,0,0,0,0,0,0,0,0,0,0
TR1_OBOX3,6_4,3,Aug,2015,OBOX,TR1,FALSE,Box,TR,0,0,0,0,0,0,0,0,0,0,0,0,0,0,0,0,0,0,1,0
TR1_OBOX3,6_4,3,Nov,2013,OBOX,TR1,FALSE,Box,TR,0,0,0,0,0,1,0,0,1,0,0,0,0,0,0,0,0,0,1,3
TR1_OBOX3,6_4,3,Nov,2014,OBOX,TR1,FALSE,Box,TR,0,0,0,0,0,0,0,0,0,0,0,0,0,0,0,0,0,0,0,0
TR1_OBOX3,6_4,3,Nov,2015,OBOX,TR1,FALSE,Box,TR,0,0,0,0,0,0,0,0,0,0,0,0,0,0,0,0,0,0,0,0
TR1_OBOX4,6_4,4,Aug,2013,OBOX,TR1,FALSE,Box,TR,0,0,0,0,0,0,0,0,0,0,0,7,0,0,0,0,0,0,0,0
TR1_OBOX4,6_4,4,Aug,2014,OBOX,TR1,FALSE,Box,TR,0,1,3,0,0,0,0,0,0,0,0,19,0,0,0,0,0,0,0,0
TR1_OBOX4,6_4,4,Aug,2015,OBOX,TR1,FALSE,Box,TR,0,0,0,0,0,0,0,0,0,0,0,6,0,0,0,0,0,0,2,0
TR1_OBOX4,6_4,4,Nov,2013,OBOX,TR1,FALSE,Box,TR,0,0,21,0,1,0,0,0,1,0,0,22,0,0,0,0,0,0,2,1
TR1_OBOX4,6_4,4,Nov,2014,OBOX,TR1,FALSE,Box,TR,0,1,3,0,1,0,0,0,0,0,0,20,0,0,0,0,0,0,0,0
TR1_OBOX4,6_4,4,Nov,2015,OBOX,TR1,FALSE,Box,TR,0,0,0,0,0,0,0,0,0,0,0,6,0,0,0,0,0,0,2,0
TR1_OBOX5,6_4,5,Aug,2013,OBOX,TR1,FALSE,Box,TR,0,0,0,0,1,0,0,0,1,0,0,32,0,0,0,0,0,0,2,0
TR1_OBOX5,6_4,5,Aug,2014,OBOX,TR1,FALSE,Box,TR,0,0,1,0,0,0,0,0,0,0,1,0,0,0,0,0,0,0,0,0
TR1_OBOX5,6_4,5,Aug,2015,OBOX,TR1,FALSE,Box,TR,0,0,0,3,0,0,0,0,0,0,0,0,0,0,0,2,0,0,0,0
TR1_OBOX5,6_4,5,Nov,2013,OBOX,TR1,FALSE,Box,TR,0,0,12,1,0,0,0,1,0,0,0,17,0,0,0,0,0,0,2,0
TR1_OBOX5,6_4,5,Nov,2014,OBOX,TR1,FALSE,Box,TR,0,1,0,0,0,0,0,0,0,0,0,0,0,0,0,0,0,0,0,0
TR1_OBOX5,6_4,5,Nov,2015,OBOX,TR1,FALSE,Box,TR,0,0,0,3,0,0,0,0,0,0,0,0,0,0,0,0,0,0,0,0
TR1_OBOX6,6_4,6,Aug,2013,OBOX,TR1,FALSE,Box,TR,0,0,0,0,0,0,0,0,0,0,0,42,0,0,5,0,0,0,4,3
TR1_OBOX6,6_4,6,Aug,2014,OBOX,TR1,FALSE,Box,TR,1,0,21,1,1,0,0,0,0,0,0,23,4,0,0,0,0,0,0,0
TR1_OBOX6,6_4,6,Aug,2015,OBOX,TR1,FALSE,Box,TR,1,0,3,0,0,0,0,0,0,0,0,18,0,0,0,0,0,0,0,0
TR1_OBOX6,6_4,6,Nov,2013,OBOX,TR1,FALSE,Box,TR,0,0,26,0,1,3,0,0,0,0,0,31,0,0,4,0,0,0,2,0
TR1_OBOX6,6_4,6,Nov,2014,OBOX,TR1,FALSE,Box,TR,0,0,25,0,0,0,0,0,0,0,0,23,0,0,0,0,0,0,0,0
TR1_OBOX6,6_4,6,Nov,2015,OBOX,TR1,FALSE,Box,TR,0,0,5,0,0,0,0,0,0,0,0,20,0,0,0,0,0,0,0,0
TR1_OBOX7,6_4,7,Aug,2013,OBOX,TR1,FALSE,Box,TR,0,0,5,1,0,0,1,0,1,0,0,17,1,0,5,0,0,0,1,5
TR1_OBOX7,6_4,7,Aug,2014,OBOX,TR1,FALSE,Box,TR,0,0,19,0,0,0,0,0,1,0,0,15,10,0,0,0,0,0,0,0
TR1_OBOX7,6_4,7,Aug,2015,OBOX,TR1,FALSE,Box,TR,0,0,8,0,0,0,0,0,1,0,0,12,0,0,0,0,0,0,2,2
TR1_OBOX7,6_4,7,Nov,2013,OBOX,TR1,FALSE,Box,TR,0,0,14,0,0,3,0,0,2,0,0,19,0,0,0,0,0,0,0,1
TR1_OBOX7,6_4,7,Nov,2014,OBOX,TR1,FALSE,Box,TR,0,0,17,0,0,0,0,0,1,0,0,17,0,0,0,0,0,0,0,0
TR1_OBOX7,6_4,7,Nov,2015,OBOX,TR1,FALSE,Box,TR,0,0,11,0,0,0,0,0,1,0,0,12,0,0,0,0,0,0,2,0
TR1_OBOX8,6_4,8,Aug,2013,OBOX,TR1,FALSE,Box,TR,0,0,0,0,0,0,0,0,0,0,0,2,0,0,6,0,0,0,0,0
TR1_OBOX8,6_4,8,Aug,2014,OBOX,TR1,FALSE,Box,TR,1,0,7,1,1,0,0,1,0,0,0,12,2,0,0,0,0,0,0,1
TR1_OBOX8,6_4,8,Aug,2015,OBOX,TR1,FALSE,Box,TR,1,0,0,0,0,0,0,0,0,0,0,10,0,0,0,0,0,0,2,1
TR1_OBOX8,6_4,8,Nov,2013,OBOX,TR1,FALSE,Box,TR,0,0,0,0,0,2,0,2,0,0,0,11,1,0,3,0,0,0,0,0
TR1_OBOX8,6_4,8,Nov,2014,OBOX,TR1,FALSE,Box,TR,0,0,6,0,1,1,0,0,0,0,0,11,0,0,0,0,0,0,0,0
TR1_OBOX8,6_4,8,Nov,2015,OBOX,TR1,FALSE,Box,TR,0,0,0,0,0,0,0,0,0,0,0,11,0,0,0,0,0,0,0,0
TR1_OBOX9,6_4,9,Aug,2013,OBOX,TR1,FALSE,Box,TR,0,0,1,1,0,0,0,0,1,0,0,0,0,0,1,0,0,0,0,0
TR1_OBOX9,6_4,9,Aug,2014,OBOX,TR1,FALSE,Box,TR,0,0,2,3,0,0,0,0,0,0,0,1,1,0,0,0,0,0,0,1
TR1_OBOX9,6_4,9,Aug,2015,OBOX,TR1,FALSE,Box,TR,0,0,1,1,0,0,0,0,0,0,0,0,0,0,0,0,0,0,2,0
TR1_OBOX9,6_4,9,Nov,2013,OBOX,TR1,FALSE,Box,TR,0,0,0,0,0,0,0,0,1,0,0,2,0,0,1,0,0,0,0,0
TR1_OBOX9,6_4,9,Nov,2014,OBOX,TR1,FALSE,Box,TR,0,0,2,0,0,0,0,0,0,0,0,1,0,0,0,0,0,0,0,0
TR1_OBOX9,6_4,9,Nov,2015,OBOX,TR1,FALSE,Box,TR,0,0,1,0,0,0,0,0,0,0,0,0,0,0,0,0,0,0,2,0
TR2_OBOX1,6_4,16,Aug,2013,OBOX,TR2,FALSE,Box,TR,0,0,7,0,0,0,0,0,0,0,0,7,2,0,0,0,0,0,0,1
TR2_OBOX1,6_4,16,Aug,2014,OBOX,TR2,FALSE,Box,TR,0,0,3,2,0,0,0,0,0,0,0,5,0,0,0,0,0,0,0,0
TR2_OBOX1,6_4,16,Aug,2015,OBOX,TR2,FALSE,Box,TR,0,1,2,1,0,0,0,0,0,0,0,0,0,0,0,0,0,0,2,1
TR2_OBOX1,6_4,16,Nov,2013,OBOX,TR2,FALSE,Box,TR,0,0,6,0,1,1,0,3,0,0,0,16,1,0,1,0,0,0,0,0
TR2_OBOX1,6_4,16,Nov,2014,OBOX,TR2,FALSE,Box,TR,0,1,3,0,0,0,0,0,0,0,0,5,0,0,0,0,0,0,0,0
TR2_OBOX1,6_4,16,Nov,2015,OBOX,TR2,FALSE,Box,TR,0,1,2,0,0,0,0,0,0,0,0,0,0,0,0,0,0,0,0,0
TR2_OBOX10,6_4,25,Aug,2013,OBOX,TR2,FALSE,Box,TR,0,0,6,0,1,0,0,3,0,0,0,29,0,0,4,0,0,0,0,5
TR2_OBOX10,6_4,25,Aug,2014,OBOX,TR2,FALSE,Box,TR,0,2,8,0,0,1,0,0,0,0,1,17,0,1,0,0,0,0,1,0
TR2_OBOX10,6_4,25,Aug,2015,OBOX,TR2,FALSE,Box,TR,0,1,7,0,0,0,0,0,0,0,0,15,0,0,0,1,0,0,1,0
TR2_OBOX10,6_4,25,Nov,2013,OBOX,TR2,FALSE,Box,TR,0,0,5,0,0,2,0,0,0,0,0,21,1,0,0,0,0,0,1,0
TR2_OBOX10,6_4,25,Nov,2014,OBOX,TR2,FALSE,Box,TR,2,0,6,0,0,1,0,0,0,0,0,16,0,1,0,1,0,0,0,0
TR2_OBOX10,6_4,25,Nov,2015,OBOX,TR2,FALSE,Box,TR,0,1,6,0,0,0,0,0,0,0,0,12,0,0,0,1,0,0,0,0
TR2_OBOX11,6_4,26,Aug,2013,OBOX,TR2,FALSE,Box,TR,0,0,10,0,1,0,0,1,0,0,0,17,1,0,0,0,0,0,0,0
TR2_OBOX11,6_4,26,Aug,2014,OBOX,TR2,FALSE,Box,TR,0,0,6,1,1,0,0,0,0,0,0,57,0,0,0,0,0,0,0,0
TR2_OBOX11,6_4,26,Aug,2015,OBOX,TR2,FALSE,Box,TR,0,0,3,1,1,0,0,0,0,0,0,30,0,0,0,0,0,0,0,0
TR2_OBOX11,6_4,26,Nov,2013,OBOX,TR2,FALSE,Box,TR,0,0,32,0,1,0,0,0,0,0,0,51,1,0,0,0,0,0,0,0
TR2_OBOX11,6_4,26,Nov,2014,OBOX,TR2,FALSE,Box,TR,0,0,11,0,1,0,0,0,0,0,0,64,0,0,0,0,0,0,0,0
TR2_OBOX11,6_4,26,Nov,2015,OBOX,TR2,FALSE,Box,TR,0,0,3,0,1,0,0,0,0,0,0,20,0,0,0,0,0,0,0,0
TR2_OBOX12,6_4,27,Aug,2013,OBOX,TR2,FALSE,Box,TR,0,0,20,0,1,0,0,0,0,0,0,20,1,0,2,0,0,0,0,2
TR2_OBOX12,6_4,27,Aug,2014,OBOX,TR2,FALSE,Box,TR,0,2,13,0,1,0,0,0,0,0,0,11,0,0,0,0,0,0,0,0
TR2_OBOX12,6_4,27,Aug,2015,OBOX,TR2,FALSE,Box,TR,0,2,13,0,0,0,0,0,0,0,0,9,0,0,0,1,0,0,2,0
TR2_OBOX12,6_4,27,Nov,2013,OBOX,TR2,FALSE,Box,TR,0,0,14,0,1,0,0,0,0,0,0,14,1,0,1,0,0,0,1,0
TR2_OBOX12,6_4,27,Nov,2014,OBOX,TR2,FALSE,Box,TR,0,3,15,0,1,0,0,0,0,0,0,9,0,0,0,1,0,0,0,0
TR2_OBOX12,6_4,27,Nov,2015,OBOX,TR2,FALSE,Box,TR,0,1,13,0,0,0,0,0,0,0,0,8,0,0,0,0,0,0,0,0
TR2_OBOX13,6_4,28,Aug,2013,OBOX,TR2,FALSE,Box,TR,0,0,0,0,2,0,0,0,0,0,0,40,1,0,0,0,0,0,1,1
TR2_OBOX13,6_4,28,Aug,2014,OBOX,TR2,FALSE,Box,TR,0,1,15,0,3,0,0,0,0,0,0,20,0,0,0,0,0,0,0,0
TR2_OBOX13,6_4,28,Aug,2015,OBOX,TR2,FALSE,Box,TR,0,1,4,0,1,0,0,0,0,0,0,3,0,0,0,0,0,0,2,0
TR2_OBOX13,6_4,28,Nov,2013,OBOX,TR2,FALSE,Box,TR,0,0,0,0,3,0,0,0,0,0,0,32,1,0,1,0,0,0,1,0
TR2_OBOX13,6_4,28,Nov,2014,OBOX,TR2,FALSE,Box,TR,0,1,13,0,2,0,0,0,0,0,0,16,0,0,0,0,0,0,0,0
TR2_OBOX13,6_4,28,Nov,2015,OBOX,TR2,FALSE,Box,TR,0,1,2,0,1,0,0,0,0,0,0,5,0,0,0,0,0,0,2,0
TR2_OBOX14,6_4,29,Aug,2013,OBOX,TR2,FALSE,Box,TR,0,0,40,0,4,0,0,0,0,0,0,50,2,0,2,0,0,0,1,1
TR2_OBOX14,6_4,29,Aug,2014,OBOX,TR2,FALSE,Box,TR,0,0,22,0,3,0,0,0,0,0,0,3,0,0,0,0,0,0,0,0
TR2_OBOX14,6_4,29,Aug,2015,OBOX,TR2,FALSE,Box,TR,0,0,16,0,0,0,0,0,0,0,0,6,0,0,0,0,0,0,0,0
TR2_OBOX14,6_4,29,Nov,2013,OBOX,TR2,FALSE,Box,TR,0,0,9,0,11,4,0,1,0,0,0,26,0,0,2,0,0,0,2,0
TR2_OBOX14,6_4,29,Nov,2014,OBOX,TR2,FALSE,Box,TR,0,0,21,0,1,0,0,0,0,0,0,4,0,0,0,0,0,0,0,0
TR2_OBOX14,6_4,29,Nov,2015,OBOX,TR2,FALSE,Box,TR,0,0,27,0,0,0,0,0,0,0,0,5,0,0,0,0,0,0,0,0
TR2_OBOX15,6_4,30,Aug,2013,OBOX,TR2,FALSE,Box,TR,0,0,0,0,0,0,0,0,2,0,0,0,0,0,0,0,0,0,0,0
TR2_OBOX15,6_4,30,Aug,2014,OBOX,TR2,FALSE,Box,TR,0,3,0,0,0,0,0,0,1,0,0,2,0,0,0,0,0,0,0,0
TR2_OBOX15,6_4,30,Aug,2015,OBOX,TR2,FALSE,Box,TR,0,1,0,0,0,0,0,0,0,0,0,2,0,0,0,0,0,0,0,0
TR2_OBOX15,6_4,30,Nov,2013,OBOX,TR2,FALSE,Box,TR,0,0,0,0,0,1,0,0,2,0,0,0,0,0,0,0,0,0,0,0
TR2_OBOX15,6_4,30,Nov,2014,OBOX,TR2,FALSE,Box,TR,0,3,0,0,4,0,0,0,0,0,0,3,0,0,0,1,0,0,0,0
TR2_OBOX15,6_4,30,Nov,2015,OBOX,TR2,FALSE,Box,TR,0,1,0,0,0,0,0,0,0,0,0,2,0,0,0,0,0,0,0,0
TR2_OBOX2,6_4,17,Aug,2013,OBOX,TR2,FALSE,Box,TR,0,0,4,0,0,0,0,0,0,0,0,3,0,0,4,0,0,0,0,0
TR2_OBOX2,6_4,17,Aug,2014,OBOX,TR2,FALSE,Box,TR,0,0,29,0,1,0,0,0,0,0,1,24,0,0,0,0,0,0,0,0
TR2_OBOX2,6_4,17,Aug,2015,OBOX,TR2,FALSE,Box,TR,0,0,16,1,0,0,0,0,0,0,0,23,0,0,0,1,0,0,2,0
TR2_OBOX2,6_4,17,Nov,2013,OBOX,TR2,FALSE,Box,TR,0,0,15,0,1,0,0,0,0,0,0,13,0,0,0,0,0,0,0,0
TR2_OBOX2,6_4,17,Nov,2014,OBOX,TR2,FALSE,Box,TR,0,0,29,0,1,0,0,0,0,0,0,31,0,0,0,1,0,0,0,0
TR2_OBOX2,6_4,17,Nov,2015,OBOX,TR2,FALSE,Box,TR,0,0,17,0,0,0,0,0,0,0,0,23,0,0,0,1,0,0,0,0
TR2_OBOX3,6_4,18,Aug,2013,OBOX,TR2,FALSE,Box,TR,0,0,7,0,1,0,0,0,0,0,0,13,0,0,2,0,0,0,2,1
TR2_OBOX3,6_4,18,Aug,2014,OBOX,TR2,FALSE,Box,TR,0,0,10,0,1,0,0,0,0,0,0,19,0,0,0,0,0,0,0,0
TR2_OBOX3,6_4,18,Aug,2015,OBOX,TR2,FALSE,Box,TR,0,0,9,0,0,0,0,0,0,0,0,19,0,0,0,0,0,0,0,0
TR2_OBOX3,6_4,18,Nov,2013,OBOX,TR2,FALSE,Box,TR,0,0,0,0,2,0,0,0,0,0,0,21,0,0,1,0,0,0,1,0
TR2_OBOX3,6_4,18,Nov,2014,OBOX,TR2,FALSE,Box,TR,0,0,10,0,0,0,0,0,0,0,0,22,0,0,0,0,0,0,0,0
TR2_OBOX3,6_4,18,Nov,2015,OBOX,TR2,FALSE,Box,TR,0,0,10,0,0,0,0,0,0,0,0,19,0,0,0,0,0,0,0,0
TR2_OBOX4,6_4,19,Aug,2013,OBOX,TR2,FALSE,Box,TR,0,0,8,0,0,0,0,0,1,0,0,32,0,0,1,0,0,0,1,0
TR2_OBOX4,6_4,19,Aug,2014,OBOX,TR2,FALSE,Box,TR,0,0,10,1,0,0,0,0,1,0,0,26,0,0,0,0,0,0,0,0
TR2_OBOX4,6_4,19,Aug,2015,OBOX,TR2,FALSE,Box,TR,0,1,7,0,0,0,0,0,0,0,0,26,0,0,0,0,0,0,0,0
TR2_OBOX4,6_4,19,Nov,2013,OBOX,TR2,FALSE,Box,TR,0,0,6,0,0,0,0,0,1,0,0,22,0,0,1,0,0,0,0,0
TR2_OBOX4,6_4,19,Nov,2014,OBOX,TR2,FALSE,Box,TR,0,1,8,0,0,0,0,0,0,0,0,22,0,0,0,0,0,0,0,0
TR2_OBOX4,6_4,19,Nov,2015,OBOX,TR2,FALSE,Box,TR,0,1,7,0,1,0,0,0,0,0,0,25,0,0,0,0,0,0,0,0
TR2_OBOX5,6_4,20,Aug,2013,OBOX,TR2,FALSE,Box,TR,0,0,64,1,4,0,0,0,0,0,0,82,2,0,0,0,0,0,2,0
TR2_OBOX5,6_4,20,Aug,2014,OBOX,TR2,FALSE,Box,TR,0,0,22,1,4,0,0,0,0,0,0,38,0,0,0,0,0,0,0,1
TR2_OBOX5,6_4,20,Aug,2015,OBOX,TR2,FALSE,Box,TR,0,2,14,1,0,0,0,0,0,0,0,42,0,0,0,0,0,0,0,0
TR2_OBOX5,6_4,20,Nov,2013,OBOX,TR2,FALSE,Box,TR,0,0,9,1,5,1,0,1,0,0,0,57,0,0,1,0,0,0,0,0
TR2_OBOX5,6_4,20,Nov,2014,OBOX,TR2,FALSE,Box,TR,0,2,21,0,2,0,0,0,0,0,0,56,0,0,0,0,0,0,0,0
TR2_OBOX5,6_4,20,Nov,2015,OBOX,TR2,FALSE,Box,TR,0,2,15,0,0,0,0,0,0,0,0,44,0,0,0,0,0,0,0,0
TR2_OBOX6,6_4,21,Aug,2013,OBOX,TR2,FALSE,Box,TR,0,0,15,0,0,0,0,0,2,0,0,26,0,0,1,0,0,0,0,1
TR2_OBOX6,6_4,21,Aug,2014,OBOX,TR2,FALSE,Box,TR,0,2,10,0,1,0,0,0,0,0,0,8,0,0,0,0,0,0,0,0
TR2_OBOX6,6_4,21,Aug,2015,OBOX,TR2,FALSE,Box,TR,0,2,4,2,0,0,0,0,0,0,0,5,0,0,0,0,0,0,0,0
TR2_OBOX6,6_4,21,Nov,2013,OBOX,TR2,FALSE,Box,TR,0,0,15,0,2,2,0,0,1,0,0,7,0,0,1,0,0,0,0,0
TR2_OBOX6,6_4,21,Nov,2014,OBOX,TR2,FALSE,Box,TR,0,2,9,0,1,0,0,0,0,0,0,12,0,0,0,0,0,0,0,0
TR2_OBOX6,6_4,21,Nov,2015,OBOX,TR2,FALSE,Box,TR,0,2,4,0,0,0,0,0,0,0,0,2,0,0,0,0,0,0,0,0
TR2_OBOX7,6_4,22,Aug,2013,OBOX,TR2,FALSE,Box,TR,0,0,11,1,2,0,0,0,0,0,0,20,0,0,0,0,0,0,1,3
TR2_OBOX7,6_4,22,Aug,2014,OBOX,TR2,FALSE,Box,TR,0,0,0,3,1,0,0,0,0,0,0,4,0,0,0,0,0,0,0,0
TR2_OBOX7,6_4,22,Aug,2015,OBOX,TR2,FALSE,Box,TR,0,0,1,2,0,0,0,0,0,0,0,1,0,0,0,1,0,0,1,0
TR2_OBOX7,6_4,22,Nov,2013,OBOX,TR2,FALSE,Box,TR,0,0,11,1,2,1,0,1,0,0,0,16,0,0,1,0,0,0,0,4
TR2_OBOX7,6_4,22,Nov,2014,OBOX,TR2,FALSE,Box,TR,0,1,1,0,1,0,0,1,0,0,0,2,0,0,0,4,0,0,0,0
TR2_OBOX7,6_4,22,Nov,2015,OBOX,TR2,FALSE,Box,TR,0,0,1,0,0,0,0,0,0,0,0,0,0,0,0,1,0,0,0,0
TR2_OBOX8,6_4,23,Aug,2013,OBOX,TR2,FALSE,Box,TR,0,0,53,2,5,0,0,0,0,0,0,98,0,0,2,0,0,0,1,1
TR2_OBOX8,6_4,23,Aug,2014,OBOX,TR2,FALSE,Box,TR,0,0,24,1,3,0,0,0,0,0,0,64,0,0,0,0,0,0,0,0
TR2_OBOX8,6_4,23,Aug,2015,OBOX,TR2,FALSE,Box,TR,0,1,24,0,1,0,0,0,0,0,0,49,0,0,0,0,0,0,2,0
TR2_OBOX8,6_4,23,Nov,2013,OBOX,TR2,FALSE,Box,TR,0,0,39,0,3,7,0,3,0,0,0,43,0,0,0,0,0,0,1,0
TR2_OBOX8,6_4,23,Nov,2014,OBOX,TR2,FALSE,Box,TR,0,1,38,0,4,1,0,0,0,0,0,66,0,0,0,0,0,0,0,0
TR2_OBOX8,6_4,23,Nov,2015,OBOX,TR2,FALSE,Box,TR,0,1,18,0,1,0,0,0,0,0,0,53,0,0,0,0,0,0,0,0
TR2_OBOX9,6_4,24,Aug,2013,OBOX,TR2,FALSE,Box,TR,0,0,4,0,0,0,0,0,3,0,0,3,0,0,0,0,0,0,0,1
TR2_OBOX9,6_4,24,Aug,2014,OBOX,TR2,FALSE,Box,TR,0,0,1,1,0,0,0,0,0,0,0,2,0,0,0,0,0,0,0,0
TR2_OBOX9,6_4,24,Aug,2015,OBOX,TR2,FALSE,Box,TR,0,0,0,0,0,0,0,0,0,0,0,0,0,0,0,0,0,0,1,0
TR2_OBOX9,6_4,24,Nov,2013,OBOX,TR2,FALSE,Box,TR,0,0,7,0,0,0,0,0,3,0,0,7,0,0,1,0,0,0,0,1
TR2_OBOX9,6_4,24,Nov,2014,OBOX,TR2,FALSE,Box,TR,0,2,0,0,0,0,0,0,0,0,0,2,0,0,0,0,0,0,0,0
TR2_OBOX9,6_4,24,Nov,2015,OBOX,TR2,FALSE,Box,TR,0,0,0,0,0,0,0,0,0,0,0,0,0,0,0,0,0,0,0,0
TR3_OBOX1,6_4,31,Aug,2013,OBOX,TR3,FALSE,Box,TR,0,0,0,2,0,0,0,0,0,0,0,0,0,0,0,0,0,0,2,0
TR3_OBOX1,6_4,31,Aug,2014,OBOX,TR3,FALSE,Box,TR,0,0,0,0,0,0,0,0,0,0,0,0,2,0,0,0,0,0,0,0
TR3_OBOX1,6_4,31,Aug,2015,OBOX,TR3,FALSE,Box,TR,2,3,0,0,0,0,0,0,0,0,0,0,0,0,0,0,0,0,1,1
TR3_OBOX1,6_4,31,Nov,2013,OBOX,TR3,FALSE,Box,TR,0,0,8,0,0,0,0,0,0,0,0,0,0,0,0,0,0,0,1,0
TR3_OBOX1,6_4,31,Nov,2014,OBOX,TR3,FALSE,Box,TR,0,4,0,0,1,0,0,0,0,0,0,0,0,0,0,0,0,0,0,0
TR3_OBOX1,6_4,31,Nov,2015,OBOX,TR3,FALSE,Box,TR,0,3,0,0,0,0,0,0,0,0,0,0,0,0,0,0,0,0,1,0
TR3_OBOX10,6_4,40,Aug,2013,OBOX,TR3,FALSE,Box,TR,0,0,61,1,4,0,0,0,0,0,0,52,0,0,1,0,0,0,2,0
TR3_OBOX10,6_4,40,Aug,2014,OBOX,TR3,FALSE,Box,TR,0,0,0,0,0,0,0,0,1,0,0,1,0,0,0,2,0,0,1,0
TR3_OBOX10,6_4,40,Aug,2015,OBOX,TR3,FALSE,Box,TR,0,0,0,0,0,0,0,0,1,0,0,0,0,0,0,0,0,0,0,0
TR3_OBOX10,6_4,40,Nov,2013,OBOX,TR3,FALSE,Box,TR,0,0,11,0,2,1,0,0,1,0,0,24,0,0,0,0,0,0,2,0
TR3_OBOX10,6_4,40,Nov,2014,OBOX,TR3,FALSE,Box,TR,0,0,1,0,0,0,0,0,1,0,0,2,0,0,0,0,0,0,0,0
TR3_OBOX10,6_4,40,Nov,2015,OBOX,TR3,FALSE,Box,TR,0,0,0,0,0,0,0,0,1,0,0,0,0,0,0,0,0,0,0,0
TR3_OBOX11,6_4,41,Aug,2013,OBOX,TR3,FALSE,Box,TR,0,0,14,3,4,0,0,0,0,0,0,35,0,0,0,0,0,0,0,0
TR3_OBOX11,6_4,41,Aug,2014,OBOX,TR3,FALSE,Box,TR,0,0,0,0,0,0,0,0,0,0,0,0,0,0,0,0,0,0,0,0
TR3_OBOX11,6_4,41,Aug,2015,OBOX,TR3,FALSE,Box,TR,0,0,0,0,0,0,0,0,0,0,0,0,0,0,0,0,0,0,0,0
TR3_OBOX11,6_4,41,Nov,2013,OBOX,TR3,FALSE,Box,TR,0,0,0,0,0,0,0,0,0,0,0,5,0,0,0,0,0,0,0,0
TR3_OBOX11,6_4,41,Nov,2014,OBOX,TR3,FALSE,Box,TR,0,0,0,0,0,0,0,0,0,0,0,0,0,0,0,0,0,0,0,0
TR3_OBOX11,6_4,41,Nov,2015,OBOX,TR3,FALSE,Box,TR,0,0,0,0,0,0,0,0,0,0,0,0,0,0,0,0,0,0,0,0
TR3_OBOX12,6_4,42,Aug,2013,OBOX,TR3,FALSE,Box,TR,0,0,29,1,0,0,0,0,2,0,0,18,0,0,1,0,0,0,3,0
TR3_OBOX12,6_4,42,Aug,2014,OBOX,TR3,FALSE,Box,TR,1,0,0,0,2,0,0,0,1,0,0,0,0,0,0,1,0,0,0,0
TR3_OBOX12,6_4,42,Aug,2015,OBOX,TR3,FALSE,Box,TR,1,0,0,0,0,0,0,0,0,0,0,0,0,0,0,0,0,0,0,0
TR3_OBOX12,6_4,42,Nov,2013,OBOX,TR3,FALSE,Box,TR,0,0,0,1,0,0,0,0,2,0,0,14,0,0,1,0,0,0,2,0
TR3_OBOX12,6_4,42,Nov,2014,OBOX,TR3,FALSE,Box,TR,0,0,0,0,4,0,0,0,0,0,0,0,0,0,0,0,0,0,0,0
TR3_OBOX12,6_4,42,Nov,2015,OBOX,TR3,FALSE,Box,TR,0,0,0,0,0,0,0,0,0,0,0,0,0,0,0,0,0,0,0,0
TR3_OBOX13,6_4,43,Aug,2013,OBOX,TR3,FALSE,Box,TR,0,0,26,0,1,0,0,0,2,0,0,28,0,0,3,0,0,0,2,2
TR3_OBOX13,6_4,43,Aug,2014,OBOX,TR3,FALSE,Box,TR,0,2,0,0,0,0,0,0,0,0,0,2,0,0,0,0,0,0,1,0
TR3_OBOX13,6_4,43,Aug,2015,OBOX,TR3,FALSE,Box,TR,0,3,0,0,0,0,0,0,0,0,0,0,0,0,0,0,0,0,1,0
TR3_OBOX13,6_4,43,Nov,2013,OBOX,TR3,FALSE,Box,TR,0,0,5,0,2,1,0,0,3,0,0,28,0,0,1,0,0,0,3,0
TR3_OBOX13,6_4,43,Nov,2014,OBOX,TR3,FALSE,Box,TR,0,2,1,0,1,0,0,0,0,0,0,3,0,0,0,0,0,0,1,1
TR3_OBOX13,6_4,43,Nov,2015,OBOX,TR3,FALSE,Box,TR,0,0,0,0,0,0,0,0,0,0,0,0,0,0,0,0,0,0,0,0
TR3_OBOX14,6_4,44,Aug,2013,OBOX,TR3,FALSE,Box,TR,0,0,9,0,1,0,0,0,0,0,0,10,0,0,0,0,0,0,2,1
TR3_OBOX14,6_4,44,Aug,2014,OBOX,TR3,FALSE,Box,TR,0,0,0,0,0,0,0,0,0,0,0,0,0,0,0,1,0,0,0,0
TR3_OBOX14,6_4,44,Aug,2015,OBOX,TR3,FALSE,Box,TR,0,0,0,0,0,0,0,0,0,0,0,0,0,0,0,0,0,0,0,0
TR3_OBOX14,6_4,44,Nov,2013,OBOX,TR3,FALSE,Box,TR,0,0,10,0,2,2,0,0,0,0,0,18,0,0,0,0,0,0,2,0
TR3_OBOX14,6_4,44,Nov,2014,OBOX,TR3,FALSE,Box,TR,0,0,0,0,0,0,0,0,0,0,0,0,0,0,0,0,0,0,0,0
TR3_OBOX14,6_4,44,Nov,2015,OBOX,TR3,FALSE,Box,TR,0,0,0,0,0,0,0,0,0,0,0,0,0,0,0,0,0,0,0,0
TR3_OBOX15,6_4,45,Aug,2013,OBOX,TR3,FALSE,Box,TR,0,0,10,0,3,0,0,0,3,0,0,19,0,0,4,0,0,0,3,0
TR3_OBOX15,6_4,45,Aug,2014,OBOX,TR3,FALSE,Box,TR,0,0,5,0,2,0,0,0,0,0,0,7,1,0,0,0,0,0,0,0
TR3_OBOX15,6_4,45,Aug,2015,OBOX,TR3,FALSE,Box,TR,0,0,0,0,1,0,0,0,0,0,0,0,0,0,0,0,0,0,0,0
TR3_OBOX15,6_4,45,Nov,2013,OBOX,TR3,FALSE,Box,TR,0,0,0,0,3,0,0,0,1,0,0,28,0,0,0,0,0,0,1,0
TR3_OBOX15,6_4,45,Nov,2014,OBOX,TR3,FALSE,Box,TR,0,0,2,0,2,0,0,0,0,0,0,1,0,0,0,0,0,0,0,0
TR3_OBOX15,6_4,45,Nov,2015,OBOX,TR3,FALSE,Box,TR,0,0,0,0,1,0,0,0,0,0,0,0,0,0,0,0,0,0,0,0
TR3_OBOX2,6_4,32,Aug,2013,OBOX,TR3,FALSE,Box,TR,0,0,13,1,0,0,0,0,0,0,0,8,0,0,2,0,0,0,0,1
TR3_OBOX2,6_4,32,Aug,2014,OBOX,TR3,FALSE,Box,TR,0,0,0,1,0,0,0,0,0,0,0,2,1,0,0,1,0,0,0,0
TR3_OBOX2,6_4,32,Aug,2015,OBOX,TR3,FALSE,Box,TR,0,0,0,0,0,0,0,0,0,0,0,0,0,0,0,0,0,0,0,0
TR3_OBOX2,6_4,32,Nov,2013,OBOX,TR3,FALSE,Box,TR,0,0,0,0,0,0,0,0,0,0,0,12,0,0,1,0,0,0,0,0
TR3_OBOX2,6_4,32,Nov,2014,OBOX,TR3,FALSE,Box,TR,0,0,0,0,0,0,0,0,0,0,0,1,0,0,0,0,0,0,0,0
TR3_OBOX2,6_4,32,Nov,2015,OBOX,TR3,FALSE,Box,TR,0,0,0,0,0,0,0,0,0,0,0,0,0,0,0,0,0,0,0,0
TR3_OBOX3,6_4,33,Aug,2013,OBOX,TR3,FALSE,Box,TR,0,0,1,0,0,0,0,0,0,0,0,1,1,0,0,0,0,0,0,0
TR3_OBOX3,6_4,33,Aug,2014,OBOX,TR3,FALSE,Box,TR,0,2,0,0,0,0,0,0,0,0,0,0,0,0,0,0,0,0,0,0
TR3_OBOX3,6_4,33,Aug,2015,OBOX,TR3,FALSE,Box,TR,0,2,0,0,0,0,0,0,0,0,0,0,0,0,0,0,0,0,0,0
TR3_OBOX3,6_4,33,Nov,2013,OBOX,TR3,FALSE,Box,TR,0,0,0,0,0,0,0,0,0,0,0,4,0,0,0,0,0,0,0,0
TR3_OBOX3,6_4,33,Nov,2014,OBOX,TR3,FALSE,Box,TR,0,2,0,0,0,0,0,0,0,0,0,0,0,0,0,0,0,0,0,0
TR3_OBOX3,6_4,33,Nov,2015,OBOX,TR3,FALSE,Box,TR,0,2,0,0,0,0,0,0,0,0,0,0,0,0,0,0,0,0,0,0
TR3_OBOX4,6_4,34,Aug,2013,OBOX,TR3,FALSE,Box,TR,0,0,0,0,0,0,0,1,1,0,0,0,1,0,2,0,0,0,1,1
TR3_OBOX4,6_4,34,Aug,2014,OBOX,TR3,FALSE,Box,TR,0,0,0,0,0,1,0,3,0,0,0,0,1,0,1,0,0,0,0,0
TR3_OBOX4,6_4,34,Aug,2015,OBOX,TR3,FALSE,Box,TR,1,0,0,0,0,1,0,2,0,0,0,0,0,0,0,0,0,0,2,0
TR3_OBOX4,6_4,34,Nov,2013,OBOX,TR3,FALSE,Box,TR,0,0,0,0,0,0,0,3,2,0,0,0,1,0,2,0,0,0,1,0
TR3_OBOX4,6_4,34,Nov,2014,OBOX,TR3,FALSE,Box,TR,0,0,0,0,0,0,0,2,0,0,0,0,0,0,0,0,0,0,0,0
TR3_OBOX4,6_4,34,Nov,2015,OBOX,TR3,FALSE,Box,TR,0,0,0,0,0,1,0,2,0,0,0,0,0,0,0,0,0,0,0,0
TR3_OBOX5,6_4,35,Aug,2013,OBOX,TR3,FALSE,Box,TR,0,0,23,0,0,0,0,0,1,0,0,67,0,0,0,0,0,0,0,0
TR3_OBOX5,6_4,35,Aug,2014,OBOX,TR3,FALSE,Box,TR,0,0,1,0,0,0,0,0,0,0,0,1,0,0,0,0,0,0,0,0
TR3_OBOX5,6_4,35,Aug,2015,OBOX,TR3,FALSE,Box,TR,0,0,0,0,0,0,0,0,0,0,0,0,0,0,0,0,0,0,1,0
TR3_OBOX5,6_4,35,Nov,2013,OBOX,TR3,FALSE,Box,TR,0,0,5,0,2,0,0,0,2,0,0,22,0,0,0,0,0,0,0,0
TR3_OBOX5,6_4,35,Nov,2014,OBOX,TR3,FALSE,Box,TR,0,0,0,0,0,0,0,0,0,0,0,1,0,0,0,0,0,0,0,0
TR3_OBOX5,6_4,35,Nov,2015,OBOX,TR3,FALSE,Box,TR,0,0,0,0,0,0,0,0,0,0,0,0,0,0,0,0,0,0,0,0
TR3_OBOX6,6_4,36,Aug,2013,OBOX,TR3,FALSE,Box,TR,0,0,0,0,0,0,0,0,0,0,0,0,0,0,3,0,0,0,6,0
TR3_OBOX6,6_4,36,Aug,2014,OBOX,TR3,FALSE,Box,TR,0,1,0,0,0,0,0,1,0,0,0,0,0,0,2,0,0,0,2,0
TR3_OBOX6,6_4,36,Aug,2015,OBOX,TR3,FALSE,Box,TR,2,1,0,0,0,0,0,0,0,0,0,0,0,0,1,0,0,0,4,0
TR3_OBOX6,6_4,36,Nov,2013,OBOX,TR3,FALSE,Box,TR,0,0,0,0,0,1,0,2,0,0,0,0,0,0,2,0,0,0,6,0
TR3_OBOX6,6_4,36,Nov,2014,OBOX,TR3,FALSE,Box,TR,0,1,0,0,0,0,0,2,0,0,0,0,0,0,2,0,0,0,2,0
TR3_OBOX6,6_4,36,Nov,2015,OBOX,TR3,FALSE,Box,TR,0,1,0,0,0,0,0,2,0,0,0,0,0,0,1,0,0,0,3,0
TR3_OBOX7,6_4,37,Aug,2013,OBOX,TR3,FALSE,Box,TR,0,0,19,1,0,0,0,0,0,0,0,32,0,0,2,0,0,0,0,0
TR3_OBOX7,6_4,37,Aug,2014,OBOX,TR3,FALSE,Box,TR,0,0,13,1,0,0,0,0,0,0,0,24,0,0,0,0,0,0,0,0
TR3_OBOX7,6_4,37,Aug,2015,OBOX,TR3,FALSE,Box,TR,0,0,12,1,0,0,0,0,0,0,0,15,0,0,0,0,0,0,0,0
TR3_OBOX7,6_4,37,Nov,2013,OBOX,TR3,FALSE,Box,TR,0,0,0,0,1,1,0,0,1,0,0,34,0,0,1,0,0,0,0,0
TR3_OBOX7,6_4,37,Nov,2014,OBOX,TR3,FALSE,Box,TR,0,0,17,0,0,0,0,0,0,0,0,22,0,0,0,0,0,0,0,0
TR3_OBOX7,6_4,37,Nov,2015,OBOX,TR3,FALSE,Box,TR,0,0,11,0,0,0,0,0,0,0,0,16,0,0,0,0,0,0,0,0
TR3_OBOX8,6_4,38,Aug,2013,OBOX,TR3,FALSE,Box,TR,0,0,5,0,0,0,0,0,1,0,0,2,0,0,0,0,0,0,3,0
TR3_OBOX8,6_4,38,Aug,2014,OBOX,TR3,FALSE,Box,TR,1,0,0,0,0,0,0,0,0,0,0,0,0,0,0,0,0,0,1,0
TR3_OBOX8,6_4,38,Aug,2015,OBOX,TR3,FALSE,Box,TR,1,2,0,0,0,0,0,0,0,0,0,0,0,0,0,0,0,0,1,0
TR3_OBOX8,6_4,38,Nov,2013,OBOX,TR3,FALSE,Box,TR,0,0,0,0,0,3,0,0,1,0,0,2,0,0,1,0,0,0,1,0
TR3_OBOX8,6_4,38,Nov,2014,OBOX,TR3,FALSE,Box,TR,0,2,0,0,0,0,0,0,0,0,0,0,0,0,0,0,0,0,1,0
TR3_OBOX8,6_4,38,Nov,2015,OBOX,TR3,FALSE,Box,TR,0,2,0,0,0,0,0,0,0,0,0,0,0,0,0,0,0,0,0,0
TR3_OBOX9,6_4,39,Aug,2013,OBOX,TR3,FALSE,Box,TR,0,0,15,0,3,0,0,0,0,0,0,64,0,0,3,0,0,0,3,0
TR3_OBOX9,6_4,39,Aug,2014,OBOX,TR3,FALSE,Box,TR,0,0,0,0,0,0,0,0,0,0,0,0,0,0,0,0,0,0,0,0
TR3_OBOX9,6_4,39,Aug,2015,OBOX,TR3,FALSE,Box,TR,0,0,0,0,0,0,0,0,0,0,0,0,0,0,0,0,0,0,1,0
TR3_OBOX9,6_4,39,Nov,2013,OBOX,TR3,FALSE,Box,TR,0,0,0,0,2,0,0,0,0,0,0,20,0,0,0,0,0,0,0,0
TR3_OBOX9,6_4,39,Nov,2014,OBOX,TR3,FALSE,Box,TR,0,0,0,0,0,0,0,0,0,0,0,0,0,0,0,0,0,0,0,0
TR3_OBOX9,6_4,39,Nov,2015,OBOX,TR3,FALSE,Box,TR,0,0,0,0,0,0,0,0,0,0,0,0,0,0,0,0,0,0,0,0
TR1_ON1,6_5,1,Aug,2013,ON,TR1,FALSE,Nutrients,TR,0,0,12,1,0,0,0,0,0,0,0,0,0,0,0,0,0,0,0,0
TR1_ON1,6_5,1,Aug,2014,ON,TR1,FALSE,Nutrients,TR,0,1,0,0,0,0,0,0,0,0,0,0,0,0,0,0,0,0,0,0
TR1_ON1,6_5,1,Aug,2015,ON,TR1,FALSE,Nutrients,TR,0,2,0,0,0,0,0,0,0,0,0,0,0,0,0,0,0,0,0,0
TR1_ON1,6_5,1,Nov,2013,ON,TR1,FALSE,Nutrients,TR,0,1,4,0,0,0,0,0,0,0,0,6,0,0,0,0,0,0,0,0
TR1_ON1,6_5,1,Nov,2014,ON,TR1,FALSE,Nutrients,TR,0,2,0,0,1,0,0,0,0,0,0,0,0,0,0,3,0,0,0,0
TR1_ON1,6_5,1,Nov,2015,ON,TR1,FALSE,Nutrients,TR,0,2,0,0,0,0,0,0,0,0,0,0,0,0,0,0,0,0,0,0
TR1_ON10,6_5,10,Aug,2013,ON,TR1,FALSE,Nutrients,TR,0,0,9,0,1,0,0,0,0,0,0,18,0,0,0,0,0,0,0,0
TR1_ON10,6_5,10,Aug,2014,ON,TR1,FALSE,Nutrients,TR,0,0,0,0,1,0,0,0,0,0,0,1,0,0,0,1,0,0,0,0
TR1_ON10,6_5,10,Aug,2015,ON,TR1,FALSE,Nutrients,TR,0,0,0,0,0,0,0,0,0,0,0,1,0,0,0,1,0,0,0,0
TR1_ON10,6_5,10,Nov,2013,ON,TR1,FALSE,Nutrients,TR,0,0,5,0,2,0,0,0,0,0,0,11,0,0,0,0,0,0,0,0
TR1_ON10,6_5,10,Nov,2014,ON,TR1,FALSE,Nutrients,TR,0,0,0,0,1,0,0,0,0,0,0,0,0,0,0,1,0,0,0,0
TR1_ON10,6_5,10,Nov,2015,ON,TR1,FALSE,Nutrients,TR,0,0,0,0,0,0,0,0,0,0,0,1,0,0,0,1,0,0,0,0
TR1_ON11,6_5,11,Aug,2013,ON,TR1,FALSE,Nutrients,TR,0,0,5,0,5,0,0,0,0,0,0,13,0,0,0,0,0,0,0,0
TR1_ON11,6_5,11,Aug,2014,ON,TR1,FALSE,Nutrients,TR,0,0,0,2,0,0,0,0,0,0,0,0,0,0,0,1,0,0,0,0
TR1_ON11,6_5,11,Aug,2015,ON,TR1,FALSE,Nutrients,TR,0,0,0,0,0,0,0,0,0,0,0,0,0,0,0,0,0,0,0,0
TR1_ON11,6_5,11,Nov,2013,ON,TR1,FALSE,Nutrients,TR,0,0,3,0,4,0,0,0,0,0,0,9,0,0,0,0,0,0,0,0
TR1_ON11,6_5,11,Nov,2014,ON,TR1,FALSE,Nutrients,TR,0,0,0,0,0,0,0,0,0,0,0,0,0,0,0,0,0,0,0,0
TR1_ON11,6_5,11,Nov,2015,ON,TR1,FALSE,Nutrients,TR,0,0,0,0,0,0,0,0,0,0,0,0,0,0,0,0,0,0,0,0
TR1_ON12,6_5,12,Aug,2013,ON,TR1,FALSE,Nutrients,TR,0,0,20,0,4,0,0,0,0,0,0,24,0,0,0,0,0,0,0,0
TR1_ON12,6_5,12,Aug,2014,ON,TR1,FALSE,Nutrients,TR,0,0,0,0,1,0,0,0,0,0,0,1,0,0,0,2,0,0,0,0
TR1_ON12,6_5,12,Aug,2015,ON,TR1,FALSE,Nutrients,TR,0,0,0,0,0,0,0,0,0,0,0,0,0,0,0,0,0,0,0,0
TR1_ON12,6_5,12,Nov,2013,ON,TR1,FALSE,Nutrients,TR,0,1,14,0,3,0,0,0,0,0,0,18,0,0,0,0,0,0,0,0
TR1_ON12,6_5,12,Nov,2014,ON,TR1,FALSE,Nutrients,TR,0,0,0,0,1,0,0,0,0,0,0,0,0,0,0,0,0,0,0,0
TR1_ON12,6_5,12,Nov,2015,ON,TR1,FALSE,Nutrients,TR,0,0,0,0,0,0,0,0,0,0,0,0,0,0,0,0,0,0,0,0
TR1_ON13,6_5,13,Aug,2013,ON,TR1,FALSE,Nutrients,TR,0,0,12,1,3,0,0,0,0,0,0,9,0,0,0,0,0,0,0,0
TR1_ON13,6_5,13,Aug,2014,ON,TR1,FALSE,Nutrients,TR,0,0,0,0,3,0,0,0,0,0,0,0,0,0,0,0,0,0,0,0
TR1_ON13,6_5,13,Aug,2015,ON,TR1,FALSE,Nutrients,TR,0,2,0,0,0,0,0,0,0,0,0,0,0,0,0,0,0,0,0,0
TR1_ON13,6_5,13,Nov,2013,ON,TR1,FALSE,Nutrients,TR,0,0,8,0,3,0,0,0,0,0,0,11,0,0,0,0,0,0,0,0
TR1_ON13,6_5,13,Nov,2014,ON,TR1,FALSE,Nutrients,TR,0,0,0,0,1,0,0,0,0,0,0,0,0,0,0,2,0,0,0,0
TR1_ON13,6_5,13,Nov,2015,ON,TR1,FALSE,Nutrients,TR,0,2,0,0,0,0,0,0,0,0,0,0,0,0,0,0,0,0,0,0
TR1_ON14,6_5,14,Aug,2013,ON,TR1,FALSE,Nutrients,TR,0,0,17,0,2,0,0,0,0,0,0,10,2,0,1,0,0,0,0,0
TR1_ON14,6_5,14,Aug,2014,ON,TR1,FALSE,Nutrients,TR,0,0,0,0,0,0,1,0,0,0,0,0,0,0,0,0,0,0,0,0
TR1_ON14,6_5,14,Aug,2015,ON,TR1,FALSE,Nutrients,TR,0,1,0,0,0,0,1,0,0,0,0,0,0,0,0,0,0,0,0,0
TR1_ON14,6_5,14,Nov,2013,ON,TR1,FALSE,Nutrients,TR,0,0,15,0,2,0,1,0,0,0,0,19,1,0,0,0,0,0,0,0
TR1_ON14,6_5,14,Nov,2014,ON,TR1,FALSE,Nutrients,TR,0,1,0,0,0,0,1,0,0,0,0,0,0,0,0,0,0,0,0,0
TR1_ON14,6_5,14,Nov,2015,ON,TR1,FALSE,Nutrients,TR,0,1,0,0,0,0,1,0,0,0,0,0,0,0,0,0,0,0,0,0
TR1_ON15,6_5,15,Aug,2013,ON,TR1,FALSE,Nutrients,TR,0,0,16,0,6,0,0,0,0,0,0,15,0,0,0,0,0,0,0,0
TR1_ON15,6_5,15,Aug,2014,ON,TR1,FALSE,Nutrients,TR,0,0,0,0,0,0,0,0,0,0,0,1,0,0,0,0,0,0,0,0
TR1_ON15,6_5,15,Aug,2015,ON,TR1,FALSE,Nutrients,TR,0,0,0,0,0,0,0,0,0,0,0,0,0,0,0,0,0,0,0,0
TR1_ON15,6_5,15,Nov,2013,ON,TR1,FALSE,Nutrients,TR,0,0,7,0,6,0,0,0,0,0,0,2,0,0,0,0,0,0,0,0
TR1_ON15,6_5,15,Nov,2014,ON,TR1,FALSE,Nutrients,TR,0,0,0,0,1,0,0,0,0,0,0,0,0,0,0,0,0,0,0,0
TR1_ON15,6_5,15,Nov,2015,ON,TR1,FALSE,Nutrients,TR,0,0,0,0,0,0,0,0,0,0,0,0,0,0,0,0,0,0,0,0
TR1_ON2,6_5,2,Aug,2013,ON,TR1,FALSE,Nutrients,TR,0,0,37,0,1,0,0,0,0,0,0,1,0,0,1,0,0,0,0,0
TR1_ON2,6_5,2,Aug,2014,ON,TR1,FALSE,Nutrients,TR,0,0,0,3,0,0,0,0,0,0,0,4,0,0,0,0,0,0,0,0
TR1_ON2,6_5,2,Aug,2015,ON,TR1,FALSE,Nutrients,TR,0,3,0,0,0,0,0,0,0,0,0,1,0,0,0,0,0,0,0,0
TR1_ON2,6_5,2,Nov,2013,ON,TR1,FALSE,Nutrients,TR,0,0,7,0,2,0,0,0,0,0,0,29,0,0,1,0,0,0,0,0
TR1_ON2,6_5,2,Nov,2014,ON,TR1,FALSE,Nutrients,TR,0,3,0,0,0,0,0,0,0,0,0,0,0,0,0,0,0,0,0,0
TR1_ON2,6_5,2,Nov,2015,ON,TR1,FALSE,Nutrients,TR,0,2,0,0,0,0,0,0,0,0,0,1,0,0,0,0,1,0,0,0
TR1_ON3,6_5,3,Aug,2013,ON,TR1,FALSE,Nutrients,TR,0,0,0,2,4,0,0,0,1,0,0,37,0,0,0,0,0,0,0,0
TR1_ON3,6_5,3,Aug,2014,ON,TR1,FALSE,Nutrients,TR,0,0,0,2,0,2,0,0,1,0,0,0,0,0,0,0,0,0,0,0
TR1_ON3,6_5,3,Aug,2015,ON,TR1,FALSE,Nutrients,TR,0,0,0,1,0,2,0,0,1,0,0,0,0,0,0,0,0,0,0,0
TR1_ON3,6_5,3,Nov,2013,ON,TR1,FALSE,Nutrients,TR,0,0,5,0,2,2,0,1,1,0,0,6,0,0,1,0,0,0,0,0
TR1_ON3,6_5,3,Nov,2014,ON,TR1,FALSE,Nutrients,TR,0,0,0,0,0,2,0,0,1,0,0,0,0,0,0,0,0,0,0,0
TR1_ON3,6_5,3,Nov,2015,ON,TR1,FALSE,Nutrients,TR,0,0,0,0,0,2,0,0,1,0,0,0,0,0,0,0,0,0,0,0
TR1_ON4,6_5,4,Aug,2013,ON,TR1,FALSE,Nutrients,TR,0,0,0,0,1,0,1,0,0,0,0,40,1,0,0,0,0,0,0,0
TR1_ON4,6_5,4,Aug,2014,ON,TR1,FALSE,Nutrients,TR,0,1,0,0,0,0,0,0,0,0,0,0,0,0,0,1,0,0,0,1
TR1_ON4,6_5,4,Aug,2015,ON,TR1,FALSE,Nutrients,TR,0,1,0,0,0,0,0,0,0,0,0,0,0,0,0,0,0,0,0,0
TR1_ON4,6_5,4,Nov,2013,ON,TR1,FALSE,Nutrients,TR,0,2,8,0,1,0,0,0,0,0,0,13,1,0,0,0,0,0,0,0
TR1_ON4,6_5,4,Nov,2014,ON,TR1,FALSE,Nutrients,TR,0,1,0,0,0,0,0,0,0,0,0,0,0,0,0,0,0,0,0,0
TR1_ON4,6_5,4,Nov,2015,ON,TR1,FALSE,Nutrients,TR,0,1,0,0,0,0,0,0,0,0,0,0,0,0,0,0,0,0,0,0
TR1_ON5,6_5,5,Aug,2013,ON,TR1,FALSE,Nutrients,TR,0,0,0,1,0,0,0,0,0,0,0,4,0,0,0,0,0,0,0,2
TR1_ON5,6_5,5,Aug,2014,ON,TR1,FALSE,Nutrients,TR,0,0,0,3,1,0,0,0,0,0,0,0,0,0,0,3,0,0,0,0
TR1_ON5,6_5,5,Aug,2015,ON,TR1,FALSE,Nutrients,TR,0,0,0,2,0,0,0,0,0,0,0,0,0,0,0,0,0,0,0,0
TR1_ON5,6_5,5,Nov,2013,ON,TR1,FALSE,Nutrients,TR,0,0,3,0,0,0,0,0,0,0,0,3,0,0,0,0,0,0,0,0
TR1_ON5,6_5,5,Nov,2014,ON,TR1,FALSE,Nutrients,TR,0,4,0,0,0,0,0,0,0,0,0,0,0,0,0,0,0,0,0,0
TR1_ON5,6_5,5,Nov,2015,ON,TR1,FALSE,Nutrients,TR,0,0,0,0,0,0,0,0,0,0,0,0,0,0,0,0,0,0,0,0
TR1_ON6,6_5,6,Aug,2013,ON,TR1,FALSE,Nutrients,TR,0,0,0,2,0,0,2,0,0,0,0,62,0,0,0,0,0,0,0,0
TR1_ON6,6_5,6,Aug,2014,ON,TR1,FALSE,Nutrients,TR,0,3,0,0,0,0,0,0,0,0,0,3,0,0,0,0,0,0,0,0
TR1_ON6,6_5,6,Aug,2015,ON,TR1,FALSE,Nutrients,TR,0,3,0,0,0,0,0,0,0,0,0,2,0,0,0,0,0,0,0,0
TR1_ON6,6_5,6,Nov,2013,ON,TR1,FALSE,Nutrients,TR,0,5,0,0,2,0,0,0,0,0,0,30,0,0,0,0,0,0,0,0
TR1_ON6,6_5,6,Nov,2014,ON,TR1,FALSE,Nutrients,TR,0,3,0,0,0,0,0,0,0,0,0,0,0,0,0,0,0,0,0,0
TR1_ON6,6_5,6,Nov,2015,ON,TR1,FALSE,Nutrients,TR,0,2,0,0,1,0,0,0,0,0,0,0,0,0,0,0,0,0,0,0
TR1_ON7,6_5,7,Aug,2013,ON,TR1,FALSE,Nutrients,TR,0,0,20,0,3,0,1,0,0,0,0,20,0,0,0,0,0,0,0,0
TR1_ON7,6_5,7,Aug,2014,ON,TR1,FALSE,Nutrients,TR,0,4,0,0,1,0,0,1,0,0,0,0,0,0,0,0,0,0,0,0
TR1_ON7,6_5,7,Aug,2015,ON,TR1,FALSE,Nutrients,TR,0,2,0,0,0,0,0,0,0,0,0,0,0,0,0,0,0,0,0,0
TR1_ON7,6_5,7,Nov,2013,ON,TR1,FALSE,Nutrients,TR,0,0,14,0,3,0,0,1,0,0,0,11,0,0,0,0,0,0,0,0
TR1_ON7,6_5,7,Nov,2014,ON,TR1,FALSE,Nutrients,TR,0,0,0,0,0,0,0,1,0,0,0,0,0,0,0,0,0,0,0,0
TR1_ON7,6_5,7,Nov,2015,ON,TR1,FALSE,Nutrients,TR,0,3,0,0,0,0,0,1,0,0,0,0,0,0,0,0,0,0,0,0
TR1_ON8,6_5,8,Aug,2013,ON,TR1,FALSE,Nutrients,TR,0,0,2,0,1,0,0,0,0,0,0,9,0,0,1,0,0,0,0,0
TR1_ON8,6_5,8,Aug,2014,ON,TR1,FALSE,Nutrients,TR,0,0,0,0,0,0,0,0,0,0,0,0,0,0,0,0,0,0,0,0
TR1_ON8,6_5,8,Aug,2015,ON,TR1,FALSE,Nutrients,TR,0,0,0,0,0,0,0,0,0,0,0,0,0,0,0,0,0,0,0,0
TR1_ON8,6_5,8,Nov,2013,ON,TR1,FALSE,Nutrients,TR,0,0,2,0,1,0,0,0,0,0,0,8,0,0,0,0,0,0,0,0
TR1_ON8,6_5,8,Nov,2014,ON,TR1,FALSE,Nutrients,TR,0,0,0,0,0,0,0,0,0,0,0,0,0,0,0,0,0,0,0,0
TR1_ON8,6_5,8,Nov,2015,ON,TR1,FALSE,Nutrients,TR,0,0,0,0,0,0,0,0,0,0,0,0,0,0,0,0,0,0,0,0
TR1_ON9,6_5,9,Aug,2013,ON,TR1,FALSE,Nutrients,TR,0,0,7,0,1,0,0,0,0,0,0,8,0,0,0,0,0,0,0,0
TR1_ON9,6_5,9,Aug,2014,ON,TR1,FALSE,Nutrients,TR,0,0,0,0,0,0,0,0,0,0,0,0,0,0,0,0,0,0,0,0
TR1_ON9,6_5,9,Aug,2015,ON,TR1,FALSE,Nutrients,TR,0,1,0,0,0,0,0,0,0,0,0,0,0,0,0,0,0,0,0,0
TR1_ON9,6_5,9,Nov,2013,ON,TR1,FALSE,Nutrients,TR,0,0,4,0,1,0,0,0,0,0,0,8,0,0,0,0,0,0,0,0
TR1_ON9,6_5,9,Nov,2014,ON,TR1,FALSE,Nutrients,TR,0,0,0,0,1,0,0,0,0,0,0,0,0,0,0,0,0,0,0,0
TR1_ON9,6_5,9,Nov,2015,ON,TR1,FALSE,Nutrients,TR,0,0,0,0,0,0,0,0,0,0,0,0,0,0,0,0,0,0,0,0
TR2_ON1,6_5,16,Aug,2013,ON,TR2,FALSE,Nutrients,TR,0,0,19,0,5,0,0,0,0,0,0,30,1,0,0,0,0,0,0,0
TR2_ON1,6_5,16,Aug,2014,ON,TR2,FALSE,Nutrients,TR,0,0,0,0,0,0,0,0,0,0,0,0,0,0,0,0,0,0,0,0
TR2_ON1,6_5,16,Aug,2015,ON,TR2,FALSE,Nutrients,TR,0,0,0,0,0,0,0,0,0,0,0,0,0,0,0,0,0,0,0,0
TR2_ON1,6_5,16,Nov,2013,ON,TR2,FALSE,Nutrients,TR,0,0,29,0,5,0,0,0,0,0,0,25,0,0,0,0,0,0,0,0
TR2_ON1,6_5,16,Nov,2014,ON,TR2,FALSE,Nutrients,TR,0,0,2,0,0,0,0,0,0,0,0,1,0,0,0,0,0,0,0,0
TR2_ON1,6_5,16,Nov,2015,ON,TR2,FALSE,Nutrients,TR,0,0,0,0,0,0,0,0,0,0,0,0,0,0,0,0,0,0,0,0
TR2_ON10,6_5,25,Aug,2013,ON,TR2,FALSE,Nutrients,TR,0,0,22,0,3,0,0,0,0,0,0,22,0,0,0,0,0,0,0,0
TR2_ON10,6_5,25,Aug,2014,ON,TR2,FALSE,Nutrients,TR,0,0,4,0,0,0,0,0,0,0,0,33,0,0,0,0,0,0,0,0
TR2_ON10,6_5,25,Aug,2015,ON,TR2,FALSE,Nutrients,TR,0,0,3,0,0,0,0,0,0,0,0,15,0,0,0,0,0,0,0,0
TR2_ON10,6_5,25,Nov,2013,ON,TR2,FALSE,Nutrients,TR,0,0,21,0,3,0,0,0,0,0,0,36,0,0,0,0,0,0,0,0
TR2_ON10,6_5,25,Nov,2014,ON,TR2,FALSE,Nutrients,TR,0,0,4,0,0,0,0,0,0,0,0,24,0,0,0,0,0,0,0,0
TR2_ON10,6_5,25,Nov,2015,ON,TR2,FALSE,Nutrients,TR,0,0,3,0,0,0,0,0,0,0,0,28,0,0,0,0,0,0,0,0
TR2_ON11,6_5,26,Aug,2013,ON,TR2,FALSE,Nutrients,TR,0,0,12,0,0,0,0,0,0,0,0,20,1,0,0,0,0,0,0,0
TR2_ON11,6_5,26,Aug,2014,ON,TR2,FALSE,Nutrients,TR,0,0,0,1,1,0,0,0,0,0,0,21,0,0,0,0,0,0,0,0
TR2_ON11,6_5,26,Aug,2015,ON,TR2,FALSE,Nutrients,TR,0,0,0,0,0,0,0,0,0,0,0,16,0,0,0,0,0,0,0,0
TR2_ON11,6_5,26,Nov,2013,ON,TR2,FALSE,Nutrients,TR,0,0,19,0,0,0,0,0,0,0,0,14,0,0,0,0,0,0,0,0
TR2_ON11,6_5,26,Nov,2014,ON,TR2,FALSE,Nutrients,TR,0,0,0,0,0,0,0,0,0,0,0,18,0,0,0,0,0,0,0,0
TR2_ON11,6_5,26,Nov,2015,ON,TR2,FALSE,Nutrients,TR,0,0,0,0,0,0,0,0,0,0,0,18,0,0,0,0,0,0,0,0
TR2_ON12,6_5,27,Aug,2013,ON,TR2,FALSE,Nutrients,TR,0,0,11,0,0,0,0,0,0,0,0,8,0,0,0,0,0,0,0,0
TR2_ON12,6_5,27,Aug,2014,ON,TR2,FALSE,Nutrients,TR,0,0,0,0,1,0,0,0,0,0,0,21,0,0,0,0,0,0,0,0
TR2_ON12,6_5,27,Aug,2015,ON,TR2,FALSE,Nutrients,TR,0,0,0,0,0,0,0,0,0,0,0,9,0,0,0,0,0,0,0,0
TR2_ON12,6_5,27,Nov,2013,ON,TR2,FALSE,Nutrients,TR,0,0,9,0,0,0,0,0,0,0,0,7,0,0,0,0,0,0,0,0
TR2_ON12,6_5,27,Nov,2014,ON,TR2,FALSE,Nutrients,TR,0,0,0,0,0,0,0,0,0,0,0,10,0,0,0,6,0,0,0,0
TR2_ON12,6_5,27,Nov,2015,ON,TR2,FALSE,Nutrients,TR,0,0,0,0,0,0,0,0,0,0,0,8,0,0,0,0,0,0,0,0
TR2_ON13,6_5,28,Aug,2013,ON,TR2,FALSE,Nutrients,TR,0,0,16,0,4,0,0,0,0,0,0,23,0,0,0,0,0,0,0,0
TR2_ON13,6_5,28,Aug,2014,ON,TR2,FALSE,Nutrients,TR,0,0,0,0,3,0,0,0,0,0,0,8,0,0,0,0,0,0,0,0
TR2_ON13,6_5,28,Aug,2015,ON,TR2,FALSE,Nutrients,TR,0,0,0,0,2,0,0,0,0,0,0,6,0,0,0,0,0,0,0,0
TR2_ON13,6_5,28,Nov,2013,ON,TR2,FALSE,Nutrients,TR,0,0,12,0,4,0,0,0,0,0,0,24,0,0,0,0,0,0,0,0
TR2_ON13,6_5,28,Nov,2014,ON,TR2,FALSE,Nutrients,TR,0,0,0,0,3,0,0,0,0,0,0,6,0,0,0,1,0,0,0,0
TR2_ON13,6_5,28,Nov,2015,ON,TR2,FALSE,Nutrients,TR,0,0,0,0,2,0,0,0,0,0,0,5,0,0,0,0,0,0,0,0
TR2_ON14,6_5,29,Aug,2013,ON,TR2,FALSE,Nutrients,TR,0,0,11,0,2,0,0,0,0,0,0,5,0,0,0,0,0,0,0,0
TR2_ON14,6_5,29,Aug,2014,ON,TR2,FALSE,Nutrients,TR,0,0,10,1,0,0,0,0,0,0,0,5,0,1,0,0,0,0,0,0
TR2_ON14,6_5,29,Aug,2015,ON,TR2,FALSE,Nutrients,TR,0,0,8,0,0,0,0,0,0,0,0,4,0,0,0,0,0,0,0,0
TR2_ON14,6_5,29,Nov,2013,ON,TR2,FALSE,Nutrients,TR,0,0,8,0,1,0,0,1,0,0,0,5,0,0,0,0,0,0,0,0
TR2_ON14,6_5,29,Nov,2014,ON,TR2,FALSE,Nutrients,TR,0,0,10,0,0,0,0,0,0,0,0,5,0,0,0,0,0,0,0,0
TR2_ON14,6_5,29,Nov,2015,ON,TR2,FALSE,Nutrients,TR,0,0,9,0,0,0,0,0,0,0,0,4,0,0,0,0,0,0,0,0
TR2_ON15,6_5,30,Aug,2013,ON,TR2,FALSE,Nutrients,TR,0,0,10,0,0,0,0,0,0,0,0,12,0,0,0,0,0,0,0,0
TR2_ON15,6_5,30,Aug,2014,ON,TR2,FALSE,Nutrients,TR,0,0,0,0,5,0,0,0,0,0,0,5,0,0,0,0,0,0,0,0
TR2_ON15,6_5,30,Aug,2015,ON,TR2,FALSE,Nutrients,TR,0,0,0,0,0,0,0,0,0,0,0,4,0,0,0,0,0,0,0,0
TR2_ON15,6_5,30,Nov,2013,ON,TR2,FALSE,Nutrients,TR,0,0,9,0,1,0,0,0,0,0,0,11,0,0,0,0,0,0,0,0
TR2_ON15,6_5,30,Nov,2014,ON,TR2,FALSE,Nutrients,TR,0,0,0,0,0,0,0,0,0,0,0,5,0,0,0,0,0,0,0,0
TR2_ON15,6_5,30,Nov,2015,ON,TR2,FALSE,Nutrients,TR,0,0,0,0,0,0,0,0,0,0,0,6,0,0,0,0,0,0,0,0
TR2_ON2,6_5,17,Aug,2013,ON,TR2,FALSE,Nutrients,TR,0,0,11,0,3,0,0,0,0,0,0,7,0,0,0,0,0,0,0,1
TR2_ON2,6_5,17,Aug,2014,ON,TR2,FALSE,Nutrients,TR,0,0,0,0,1,0,0,0,0,0,0,0,0,0,0,6,0,0,0,0
TR2_ON2,6_5,17,Aug,2015,ON,TR2,FALSE,Nutrients,TR,0,0,0,0,1,0,0,0,0,0,0,1,0,0,0,0,0,0,0,0
TR2_ON2,6_5,17,Nov,2013,ON,TR2,FALSE,Nutrients,TR,0,0,8,0,5,0,0,0,0,0,0,10,0,0,0,0,0,0,0,2
TR2_ON2,6_5,17,Nov,2014,ON,TR2,FALSE,Nutrients,TR,0,0,0,0,1,0,0,0,0,0,0,3,0,0,0,0,0,0,0,0
TR2_ON2,6_5,17,Nov,2015,ON,TR2,FALSE,Nutrients,TR,0,0,0,0,1,0,0,0,0,0,0,1,0,0,0,0,0,0,0,0
TR2_ON3,6_5,18,Aug,2013,ON,TR2,FALSE,Nutrients,TR,0,0,13,0,1,0,0,0,0,0,0,7,0,0,0,0,0,0,0,0
TR2_ON3,6_5,18,Aug,2014,ON,TR2,FALSE,Nutrients,TR,0,0,1,2,0,0,0,0,0,0,0,3,0,0,0,0,0,0,0,0
TR2_ON3,6_5,18,Aug,2015,ON,TR2,FALSE,Nutrients,TR,0,0,1,0,0,0,0,0,0,0,0,0,0,0,0,0,0,0,0,0
TR2_ON3,6_5,18,Nov,2013,ON,TR2,FALSE,Nutrients,TR,0,0,7,0,1,0,0,0,0,0,0,13,0,0,0,0,0,0,0,0
TR2_ON3,6_5,18,Nov,2014,ON,TR2,FALSE,Nutrients,TR,0,0,1,0,1,0,0,0,0,0,0,0,0,0,0,2,0,0,0,0
TR2_ON3,6_5,18,Nov,2015,ON,TR2,FALSE,Nutrients,TR,0,0,1,0,0,0,0,0,0,0,0,0,0,0,0,0,0,0,0,0
TR2_ON4,6_5,19,Aug,2013,ON,TR2,FALSE,Nutrients,TR,0,0,39,0,5,0,0,0,0,0,0,60,0,0,0,0,0,0,0,0
TR2_ON4,6_5,19,Aug,2014,ON,TR2,FALSE,Nutrients,TR,0,0,1,1,0,0,0,0,0,0,0,37,0,0,0,0,0,0,0,0
TR2_ON4,6_5,19,Aug,2015,ON,TR2,FALSE,Nutrients,TR,0,0,1,0,0,0,0,0,0,0,0,43,0,0,0,0,0,0,0,0
TR2_ON4,6_5,19,Nov,2013,ON,TR2,FALSE,Nutrients,TR,0,0,7,0,6,0,0,0,0,0,0,65,0,0,0,0,0,0,0,0
TR2_ON4,6_5,19,Nov,2014,ON,TR2,FALSE,Nutrients,TR,0,0,1,0,0,0,0,0,0,0,0,45,0,0,0,0,0,0,0,0
TR2_ON4,6_5,19,Nov,2015,ON,TR2,FALSE,Nutrients,TR,0,0,1,0,0,0,0,0,0,0,0,43,0,0,0,0,0,0,0,0
TR2_ON5,6_5,20,Aug,2013,ON,TR2,FALSE,Nutrients,TR,0,0,30,0,7,1,0,0,0,0,0,89,0,0,0,0,0,0,0,0
TR2_ON5,6_5,20,Aug,2014,ON,TR2,FALSE,Nutrients,TR,0,0,8,0,0,0,0,0,0,0,0,51,0,0,0,0,0,0,0,0
TR2_ON5,6_5,20,Aug,2015,ON,TR2,FALSE,Nutrients,TR,0,0,5,0,0,0,0,0,0,0,0,44,0,0,0,0,0,0,0,0
TR2_ON5,6_5,20,Nov,2013,ON,TR2,FALSE,Nutrients,TR,0,0,11,0,7,0,0,0,0,0,0,49,0,0,0,0,0,0,0,0
TR2_ON5,6_5,20,Nov,2014,ON,TR2,FALSE,Nutrients,TR,0,0,8,0,0,0,0,0,0,0,0,50,0,0,0,0,0,0,0,0
TR2_ON5,6_5,20,Nov,2015,ON,TR2,FALSE,Nutrients,TR,0,0,5,0,0,0,0,0,0,0,0,42,0,0,0,0,0,0,0,0
TR2_ON6,6_5,21,Aug,2013,ON,TR2,FALSE,Nutrients,TR,0,0,8,0,0,0,0,0,0,0,0,9,0,0,1,0,0,0,0,0
TR2_ON6,6_5,21,Aug,2014,ON,TR2,FALSE,Nutrients,TR,0,0,3,0,0,0,0,0,0,0,0,10,0,0,0,0,0,0,0,0
TR2_ON6,6_5,21,Aug,2015,ON,TR2,FALSE,Nutrients,TR,0,0,1,1,0,0,0,0,0,0,0,6,0,0,0,0,0,0,0,0
TR2_ON6,6_5,21,Nov,2013,ON,TR2,FALSE,Nutrients,TR,0,0,7,0,0,0,0,0,0,0,0,7,0,0,0,0,0,0,0,0
TR2_ON6,6_5,21,Nov,2014,ON,TR2,FALSE,Nutrients,TR,0,0,1,0,1,0,0,0,0,0,0,7,0,0,0,0,0,0,0,0
TR2_ON6,6_5,21,Nov,2015,ON,TR2,FALSE,Nutrients,TR,0,0,1,0,0,0,0,0,0,0,0,6,0,0,0,0,0,0,0,0
TR2_ON7,6_5,22,Aug,2013,ON,TR2,FALSE,Nutrients,TR,0,0,41,1,3,0,0,0,0,0,0,67,1,0,0,0,0,0,0,0
TR2_ON7,6_5,22,Aug,2014,ON,TR2,FALSE,Nutrients,TR,0,0,0,0,0,0,0,0,0,0,0,40,0,0,0,0,0,0,0,0
TR2_ON7,6_5,22,Aug,2015,ON,TR2,FALSE,Nutrients,TR,0,0,0,0,0,0,0,0,0,0,0,30,0,0,0,0,0,0,0,0
TR2_ON7,6_5,22,Nov,2013,ON,TR2,FALSE,Nutrients,TR,0,0,28,0,2,0,0,0,0,0,0,16,0,0,0,0,0,0,0,0
TR2_ON7,6_5,22,Nov,2014,ON,TR2,FALSE,Nutrients,TR,0,0,0,0,1,0,0,0,0,0,0,39,0,0,0,0,0,0,0,0
TR2_ON7,6_5,22,Nov,2015,ON,TR2,FALSE,Nutrients,TR,0,0,0,0,0,0,0,0,0,0,0,36,0,0,0,0,0,0,0,0
TR2_ON8,6_5,23,Aug,2013,ON,TR2,FALSE,Nutrients,TR,0,0,43,0,1,0,0,0,0,0,0,80,2,0,1,0,0,0,0,1
TR2_ON8,6_5,23,Aug,2014,ON,TR2,FALSE,Nutrients,TR,0,3,13,0,0,0,0,0,0,0,0,66,0,0,0,0,0,0,0,0
TR2_ON8,6_5,23,Aug,2015,ON,TR2,FALSE,Nutrients,TR,0,2,20,0,0,0,0,0,0,0,0,55,0,0,0,0,0,0,0,0
TR2_ON8,6_5,23,Nov,2013,ON,TR2,FALSE,Nutrients,TR,0,4,40,0,1,0,0,0,0,0,0,40,0,0,1,0,0,0,0,0
TR2_ON8,6_5,23,Nov,2014,ON,TR2,FALSE,Nutrients,TR,0,2,17,0,0,0,0,0,0,0,0,67,0,0,0,0,0,0,0,0
TR2_ON8,6_5,23,Nov,2015,ON,TR2,FALSE,Nutrients,TR,0,2,16,0,0,0,0,0,0,0,0,65,0,0,0,0,0,0,0,0
TR2_ON9,6_5,24,Aug,2013,ON,TR2,FALSE,Nutrients,TR,0,0,20,0,2,0,0,0,0,0,0,29,0,0,0,0,0,0,0,0
TR2_ON9,6_5,24,Aug,2014,ON,TR2,FALSE,Nutrients,TR,0,0,9,0,0,0,0,0,0,0,0,56,0,0,0,0,0,0,0,0
TR2_ON9,6_5,24,Aug,2015,ON,TR2,FALSE,Nutrients,TR,0,0,6,0,0,0,0,0,0,0,0,54,0,0,0,0,0,0,0,0
TR2_ON9,6_5,24,Nov,2013,ON,TR2,FALSE,Nutrients,TR,0,0,15,0,3,0,0,0,0,0,0,23,0,0,0,0,0,0,0,0
TR2_ON9,6_5,24,Nov,2014,ON,TR2,FALSE,Nutrients,TR,0,0,10,0,0,0,0,0,0,0,0,55,0,0,0,0,0,0,0,0
TR2_ON9,6_5,24,Nov,2015,ON,TR2,FALSE,Nutrients,TR,0,0,9,0,0,0,0,0,0,0,0,59,0,0,0,0,0,0,0,0
TR3_ON1,6_5,31,Aug,2013,ON,TR3,FALSE,Nutrients,TR,0,0,5,0,0,0,0,0,0,0,0,2,0,0,0,0,0,0,1,0
TR3_ON1,6_5,31,Aug,2014,ON,TR3,FALSE,Nutrients,TR,0,0,0,0,0,0,0,0,0,0,0,1,1,0,0,0,0,0,0,1
TR3_ON1,6_5,31,Aug,2015,ON,TR3,FALSE,Nutrients,TR,0,0,0,0,0,0,0,0,0,0,0,0,0,0,0,0,0,0,0,2
TR3_ON1,6_5,31,Nov,2013,ON,TR3,FALSE,Nutrients,TR,0,0,0,0,0,0,0,0,0,0,0,8,0,0,0,0,0,0,0,0
TR3_ON1,6_5,31,Nov,2014,ON,TR3,FALSE,Nutrients,TR,0,0,0,0,0,0,0,0,0,0,0,0,0,0,0,1,0,0,0,0
TR3_ON1,6_5,31,Nov,2015,ON,TR3,FALSE,Nutrients,TR,0,0,0,0,0,0,0,0,0,0,0,0,0,0,0,0,0,0,0,0
TR3_ON10,6_5,40,Aug,2013,ON,TR3,FALSE,Nutrients,TR,0,0,0,0,0,0,0,0,0,0,0,0,0,0,0,0,0,0,0,0
TR3_ON10,6_5,40,Aug,2014,ON,TR3,FALSE,Nutrients,TR,0,0,0,0,0,0,0,0,0,0,0,0,0,0,0,0,0,0,0,0
TR3_ON10,6_5,40,Aug,2015,ON,TR3,FALSE,Nutrients,TR,0,0,0,0,0,0,0,0,0,0,0,0,0,0,0,0,0,0,0,0
TR3_ON10,6_5,40,Nov,2013,ON,TR3,FALSE,Nutrients,TR,0,0,0,0,0,0,0,0,0,0,0,0,0,0,0,0,0,0,0,0
TR3_ON10,6_5,40,Nov,2014,ON,TR3,FALSE,Nutrients,TR,0,0,0,0,0,0,0,0,0,0,0,0,0,0,0,0,0,0,0,0
TR3_ON10,6_5,40,Nov,2015,ON,TR3,FALSE,Nutrients,TR,0,0,0,0,0,0,0,0,0,0,0,0,0,0,0,0,0,0,0,0
TR3_ON11,6_5,41,Aug,2013,ON,TR3,FALSE,Nutrients,TR,0,0,6,0,3,0,0,0,0,0,0,12,0,0,0,0,0,0,0,0
TR3_ON11,6_5,41,Aug,2014,ON,TR3,FALSE,Nutrients,TR,0,0,0,0,1,0,0,0,0,0,0,5,0,0,0,1,0,0,0,0
TR3_ON11,6_5,41,Aug,2015,ON,TR3,FALSE,Nutrients,TR,0,0,0,0,0,0,0,0,0,0,0,1,0,0,0,0,0,0,0,0
TR3_ON11,6_5,41,Nov,2013,ON,TR3,FALSE,Nutrients,TR,0,0,2,0,2,1,0,0,0,0,0,11,0,0,0,0,0,0,0,0
TR3_ON11,6_5,41,Nov,2014,ON,TR3,FALSE,Nutrients,TR,0,0,0,0,3,0,0,0,0,0,0,5,0,0,0,1,0,0,0,0
TR3_ON11,6_5,41,Nov,2015,ON,TR3,FALSE,Nutrients,TR,0,0,0,0,0,0,0,0,0,0,0,0,0,0,0,0,0,0,0,0
TR3_ON12,6_5,42,Aug,2013,ON,TR3,FALSE,Nutrients,TR,0,0,1,1,1,0,0,0,0,0,0,12,0,0,0,0,0,0,1,2
TR3_ON12,6_5,42,Aug,2014,ON,TR3,FALSE,Nutrients,TR,0,0,0,0,1,0,0,0,0,0,0,0,0,0,0,0,0,0,0,0
TR3_ON12,6_5,42,Aug,2015,ON,TR3,FALSE,Nutrients,TR,0,0,0,0,0,0,0,0,0,0,0,0,0,0,0,0,0,0,0,0
TR3_ON12,6_5,42,Nov,2013,ON,TR3,FALSE,Nutrients,TR,0,0,2,0,2,0,0,0,0,0,0,11,0,0,0,0,0,0,0,0
TR3_ON12,6_5,42,Nov,2014,ON,TR3,FALSE,Nutrients,TR,0,0,0,0,0,0,0,0,0,0,0,0,0,0,0,0,0,0,0,0
TR3_ON12,6_5,42,Nov,2015,ON,TR3,FALSE,Nutrients,TR,0,0,0,0,0,0,0,0,0,0,0,0,0,0,0,0,0,0,0,0
TR3_ON13,6_5,43,Aug,2013,ON,TR3,FALSE,Nutrients,TR,0,0,7,0,5,0,0,0,0,0,0,7,0,0,2,0,0,0,1,0
TR3_ON13,6_5,43,Aug,2014,ON,TR3,FALSE,Nutrients,TR,0,0,0,0,1,0,0,0,0,0,0,1,0,0,0,0,0,0,0,0
TR3_ON13,6_5,43,Aug,2015,ON,TR3,FALSE,Nutrients,TR,0,0,0,0,0,0,0,0,0,0,0,0,0,0,0,0,0,0,0,0
TR3_ON13,6_5,43,Nov,2013,ON,TR3,FALSE,Nutrients,TR,0,0,8,0,7,2,0,0,0,0,0,21,0,0,2,0,0,0,1,0
TR3_ON13,6_5,43,Nov,2014,ON,TR3,FALSE,Nutrients,TR,0,0,0,0,1,0,0,0,0,0,0,0,0,0,0,0,0,0,0,0
TR3_ON13,6_5,43,Nov,2015,ON,TR3,FALSE,Nutrients,TR,0,0,0,0,0,0,0,0,0,0,0,0,0,0,0,0,0,0,0,0
TR3_ON14,6_5,44,Aug,2013,ON,TR3,FALSE,Nutrients,TR,0,0,18,0,6,0,0,0,0,0,0,13,0,0,0,0,0,0,1,0
TR3_ON14,6_5,44,Aug,2014,ON,TR3,FALSE,Nutrients,TR,0,0,0,0,0,0,0,0,0,0,0,1,0,0,0,0,0,0,0,0
TR3_ON14,6_5,44,Aug,2015,ON,TR3,FALSE,Nutrients,TR,0,0,0,0,0,0,0,0,0,0,0,0,0,0,0,0,0,0,0,0
TR3_ON14,6_5,44,Nov,2013,ON,TR3,FALSE,Nutrients,TR,0,0,18,0,7,1,0,0,0,0,0,26,0,0,0,0,0,0,1,0
TR3_ON14,6_5,44,Nov,2014,ON,TR3,FALSE,Nutrients,TR,0,0,0,0,2,0,0,0,0,0,0,0,0,0,0,0,0,0,0,0
TR3_ON14,6_5,44,Nov,2015,ON,TR3,FALSE,Nutrients,TR,0,0,0,0,0,0,0,0,0,0,0,0,0,0,0,0,0,0,0,0
TR3_ON15,6_5,45,Aug,2013,ON,TR3,FALSE,Nutrients,TR,0,0,18,0,5,0,0,0,1,0,0,25,0,0,0,0,0,0,0,0
TR3_ON15,6_5,45,Aug,2014,ON,TR3,FALSE,Nutrients,TR,0,0,3,0,0,0,0,0,1,0,0,0,0,0,0,13,0,0,0,0
TR3_ON15,6_5,45,Aug,2015,ON,TR3,FALSE,Nutrients,TR,0,0,1,0,0,0,0,0,0,0,0,15,0,0,0,0,0,0,0,0
TR3_ON15,6_5,45,Nov,2013,ON,TR3,FALSE,Nutrients,TR,0,0,2,0,9,0,0,0,1,0,0,51,0,0,0,0,0,0,0,0
TR3_ON15,6_5,45,Nov,2014,ON,TR3,FALSE,Nutrients,TR,0,0,3,0,0,0,0,0,0,0,0,18,0,0,0,0,0,0,0,0
TR3_ON15,6_5,45,Nov,2015,ON,TR3,FALSE,Nutrients,TR,0,0,1,0,0,0,0,0,0,0,0,11,0,0,0,0,0,0,0,0
TR3_ON2,6_5,32,Aug,2013,ON,TR3,FALSE,Nutrients,TR,0,0,0,0,0,0,0,0,1,0,0,0,0,0,0,0,0,0,0,0
TR3_ON2,6_5,32,Aug,2014,ON,TR3,FALSE,Nutrients,TR,0,0,3,0,0,0,0,0,1,0,0,0,0,0,0,0,0,0,0,0
TR3_ON2,6_5,32,Aug,2015,ON,TR3,FALSE,Nutrients,TR,0,0,0,0,0,0,0,0,1,0,0,0,0,0,0,0,0,0,0,0
TR3_ON2,6_5,32,Nov,2013,ON,TR3,FALSE,Nutrients,TR,0,0,2,0,0,0,0,0,0,0,0,0,0,0,0,0,0,0,0,0
TR3_ON2,6_5,32,Nov,2014,ON,TR3,FALSE,Nutrients,TR,0,0,0,0,0,0,0,0,1,0,0,0,0,0,0,0,0,0,0,0
TR3_ON2,6_5,32,Nov,2015,ON,TR3,FALSE,Nutrients,TR,0,0,0,0,0,0,0,0,1,0,0,0,0,0,0,0,0,0,0,0
TR3_ON3,6_5,33,Aug,2013,ON,TR3,FALSE,Nutrients,TR,0,0,0,0,4,0,0,0,0,0,0,0,0,0,0,0,0,0,0,0
TR3_ON3,6_5,33,Aug,2014,ON,TR3,FALSE,Nutrients,TR,0,0,1,0,1,0,0,0,0,0,0,0,0,0,0,0,0,0,0,0
TR3_ON3,6_5,33,Aug,2015,ON,TR3,FALSE,Nutrients,TR,0,0,1,0,0,0,0,0,0,0,0,0,0,0,0,0,0,0,0,0
TR3_ON3,6_5,33,Nov,2013,ON,TR3,FALSE,Nutrients,TR,0,0,0,0,4,0,0,0,0,0,0,0,0,0,0,0,0,0,0,0
TR3_ON3,6_5,33,Nov,2014,ON,TR3,FALSE,Nutrients,TR,0,0,1,0,0,0,0,0,0,0,0,0,0,0,0,0,0,0,0,0
TR3_ON3,6_5,33,Nov,2015,ON,TR3,FALSE,Nutrients,TR,0,0,1,0,0,0,0,0,0,0,0,0,0,0,0,0,0,0,0,0
TR3_ON4,6_5,34,Aug,2013,ON,TR3,FALSE,Nutrients,TR,0,0,5,3,1,0,0,0,0,0,0,4,0,0,0,0,0,0,0,0
TR3_ON4,6_5,34,Aug,2014,ON,TR3,FALSE,Nutrients,TR,0,0,0,3,0,0,0,0,0,0,0,0,0,0,0,0,0,0,0,0
TR3_ON4,6_5,34,Aug,2015,ON,TR3,FALSE,Nutrients,TR,0,0,0,1,0,0,0,0,0,0,0,0,0,0,0,0,0,0,0,0
TR3_ON4,6_5,34,Nov,2013,ON,TR3,FALSE,Nutrients,TR,0,0,7,0,1,0,0,0,0,0,0,3,0,0,0,0,0,0,0,0
TR3_ON4,6_5,34,Nov,2014,ON,TR3,FALSE,Nutrients,TR,0,0,0,0,0,0,0,0,0,0,0,0,0,0,0,0,0,0,0,0
TR3_ON4,6_5,34,Nov,2015,ON,TR3,FALSE,Nutrients,TR,0,0,0,0,0,0,0,0,0,0,0,0,0,0,0,0,0,0,0,0
TR3_ON5,6_5,35,Aug,2013,ON,TR3,FALSE,Nutrients,TR,0,0,4,0,9,0,0,0,0,0,0,21,0,0,0,0,0,0,0,0
TR3_ON5,6_5,35,Aug,2014,ON,TR3,FALSE,Nutrients,TR,0,0,0,0,1,0,0,0,0,0,0,2,0,0,0,0,0,0,0,0
TR3_ON5,6_5,35,Aug,2015,ON,TR3,FALSE,Nutrients,TR,0,0,0,0,0,0,0,0,0,0,0,2,0,0,0,0,0,0,0,0
TR3_ON5,6_5,35,Nov,2013,ON,TR3,FALSE,Nutrients,TR,0,0,9,0,8,0,0,0,0,0,0,35,0,0,0,0,0,0,0,0
TR3_ON5,6_5,35,Nov,2014,ON,TR3,FALSE,Nutrients,TR,0,0,0,0,1,0,0,0,0,0,0,2,0,0,0,0,0,0,0,0
TR3_ON5,6_5,35,Nov,2015,ON,TR3,FALSE,Nutrients,TR,0,0,0,0,0,0,0,0,0,0,0,2,0,0,0,0,0,0,0,0
TR3_ON6,6_5,36,Aug,2013,ON,TR3,FALSE,Nutrients,TR,0,0,6,1,0,0,0,0,0,0,0,5,0,0,0,0,0,0,0,0
TR3_ON6,6_5,36,Aug,2014,ON,TR3,FALSE,Nutrients,TR,0,0,0,1,0,0,0,0,0,0,0,0,0,0,0,0,0,0,0,0
TR3_ON6,6_5,36,Aug,2015,ON,TR3,FALSE,Nutrients,TR,0,0,0,0,0,0,0,0,0,0,0,0,0,0,0,0,0,0,0,0
TR3_ON6,6_5,36,Nov,2013,ON,TR3,FALSE,Nutrients,TR,0,0,7,0,0,0,0,1,0,0,0,11,0,0,0,0,0,0,0,0
TR3_ON6,6_5,36,Nov,2014,ON,TR3,FALSE,Nutrients,TR,0,0,0,0,0,0,0,0,0,0,0,0,0,0,0,0,0,0,0,0
TR3_ON6,6_5,36,Nov,2015,ON,TR3,FALSE,Nutrients,TR,0,0,0,0,0,0,0,0,0,0,0,0,0,0,0,0,0,0,0,0
TR3_ON7,6_5,37,Aug,2013,ON,TR3,FALSE,Nutrients,TR,0,0,0,0,7,0,0,0,0,0,0,53,0,0,0,0,0,0,0,0
TR3_ON7,6_5,37,Aug,2014,ON,TR3,FALSE,Nutrients,TR,0,0,1,0,0,0,0,0,0,0,0,4,0,0,0,2,0,0,0,0
TR3_ON7,6_5,37,Aug,2015,ON,TR3,FALSE,Nutrients,TR,0,1,0,0,0,0,0,0,0,0,0,0,0,0,0,0,0,0,0,0
TR3_ON7,6_5,37,Nov,2013,ON,TR3,FALSE,Nutrients,TR,0,0,13,0,4,0,0,0,0,0,0,30,0,0,0,0,0,0,0,0
TR3_ON7,6_5,37,Nov,2014,ON,TR3,FALSE,Nutrients,TR,0,1,1,0,0,0,0,0,0,0,0,4,0,0,0,0,0,0,0,0
TR3_ON7,6_5,37,Nov,2015,ON,TR3,FALSE,Nutrients,TR,0,1,0,0,0,0,0,0,0,0,0,0,0,0,0,0,0,0,0,0
TR3_ON8,6_5,38,Aug,2013,ON,TR3,FALSE,Nutrients,TR,0,0,36,0,4,0,0,0,0,0,0,18,0,0,0,0,0,0,0,1
TR3_ON8,6_5,38,Aug,2014,ON,TR3,FALSE,Nutrients,TR,0,0,0,0,0,0,0,0,0,0,0,0,0,0,0,0,0,0,0,1
TR3_ON8,6_5,38,Aug,2015,ON,TR3,FALSE,Nutrients,TR,0,0,0,0,1,0,0,0,0,0,0,0,0,0,0,0,0,0,0,0
TR3_ON8,6_5,38,Nov,2013,ON,TR3,FALSE,Nutrients,TR,0,0,3,0,4,0,0,0,0,0,0,32,0,0,1,0,0,0,0,0
TR3_ON8,6_5,38,Nov,2014,ON,TR3,FALSE,Nutrients,TR,0,0,0,0,1,0,0,0,0,0,0,0,0,0,0,0,0,0,0,0
TR3_ON8,6_5,38,Nov,2015,ON,TR3,FALSE,Nutrients,TR,0,0,0,0,1,0,0,0,0,0,0,0,0,0,0,0,0,0,0,0
TR3_ON9,6_5,39,Aug,2013,ON,TR3,FALSE,Nutrients,TR,0,0,15,1,8,0,0,0,1,0,0,27,0,0,0,0,0,0,0,1
TR3_ON9,6_5,39,Aug,2014,ON,TR3,FALSE,Nutrients,TR,0,0,0,0,1,0,0,0,0,0,0,1,0,0,0,0,0,0,0,0
TR3_ON9,6_5,39,Aug,2015,ON,TR3,FALSE,Nutrients,TR,0,0,0,0,0,0,0,0,0,0,0,0,0,0,0,0,0,0,0,0
TR3_ON9,6_5,39,Nov,2013,ON,TR3,FALSE,Nutrients,TR,0,0,16,0,7,1,0,0,1,0,0,27,0,0,0,0,0,0,0,0
TR3_ON9,6_5,39,Nov,2014,ON,TR3,FALSE,Nutrients,TR,0,0,0,0,4,0,0,0,0,0,0,0,0,0,0,1,0,0,0,0
TR3_ON9,6_5,39,Nov,2015,ON,TR3,FALSE,Nutrients,TR,0,0,0,0,0,0,0,0,0,0,0,0,0,0,0,0,0,0,0,0
TR1_R1,6_6,1,Aug,2013,R,TR1,TRUE,Seed,TR,0,0,26,0,1,0,0,0,0,0,0,1,0,0,0,0,0,0,1,2
TR1_R1,6_6,1,Aug,2014,R,TR1,TRUE,Seed,TR,0,0,0,0,0,0,0,0,0,0,0,0,0,0,0,0,0,0,0,0
TR1_R1,6_6,1,Aug,2015,R,TR1,TRUE,Seed,TR,1,0,0,0,0,0,0,0,0,0,0,0,0,0,0,0,0,0,1,0
TR1_R1,6_6,1,Nov,2013,R,TR1,TRUE,Seed,TR,0,1,4,0,1,1,0,0,1,0,0,8,0,0,0,0,0,0,3,1
TR1_R1,6_6,1,Nov,2014,R,TR1,TRUE,Seed,TR,0,1,0,0,0,0,0,0,0,0,0,0,0,0,0,0,0,0,0,0
TR1_R1,6_6,1,Nov,2015,R,TR1,TRUE,Seed,TR,0,1,0,0,0,0,0,0,0,0,0,0,0,0,0,0,0,0,0,0
TR1_R10,6_6,10,Aug,2013,R,TR1,TRUE,Seed,TR,0,0,5,0,0,0,0,0,0,0,0,5,0,0,0,0,0,0,0,0
TR1_R10,6_6,10,Aug,2014,R,TR1,TRUE,Seed,TR,0,0,0,0,0,0,0,0,0,0,0,0,0,0,0,2,0,0,0,0
TR1_R10,6_6,10,Aug,2015,R,TR1,TRUE,Seed,TR,0,0,0,0,0,0,0,0,0,0,0,0,0,0,0,0,0,0,0,0
TR1_R10,6_6,10,Nov,2013,R,TR1,TRUE,Seed,TR,0,0,0,0,0,0,0,0,0,0,0,4,0,0,0,0,0,0,0,0
TR1_R10,6_6,10,Nov,2014,R,TR1,TRUE,Seed,TR,0,0,0,0,0,0,0,0,0,0,0,0,0,0,0,0,0,0,0,0
TR1_R10,6_6,10,Nov,2015,R,TR1,TRUE,Seed,TR,0,0,0,0,0,0,0,0,0,0,0,0,0,0,0,0,0,0,0,0
TR1_R11,6_6,11,Aug,2013,R,TR1,TRUE,Seed,TR,0,0,10,1,2,0,0,0,0,0,0,13,0,0,1,0,0,0,0,1
TR1_R11,6_6,11,Aug,2014,R,TR1,TRUE,Seed,TR,0,0,0,1,0,0,0,0,0,0,0,0,0,0,1,3,0,0,0,0
TR1_R11,6_6,11,Aug,2015,R,TR1,TRUE,Seed,TR,0,0,0,0,0,0,0,0,0,0,0,0,0,0,0,0,0,0,0,0
TR1_R11,6_6,11,Nov,2013,R,TR1,TRUE,Seed,TR,0,0,1,0,2,0,0,0,0,0,0,35,0,0,1,0,0,0,0,0
TR1_R11,6_6,11,Nov,2014,R,TR1,TRUE,Seed,TR,0,0,0,0,1,0,0,0,0,0,0,0,0,0,0,1,0,0,0,0
TR1_R11,6_6,11,Nov,2015,R,TR1,TRUE,Seed,TR,0,0,0,0,0,0,0,0,0,0,0,1,0,0,0,0,0,0,0,0
TR1_R12,6_6,12,Aug,2013,R,TR1,TRUE,Seed,TR,0,0,4,2,0,0,0,0,0,0,0,4,0,0,0,0,0,0,2,3
TR1_R12,6_6,12,Aug,2014,R,TR1,TRUE,Seed,TR,1,0,0,1,0,0,0,0,0,0,0,0,0,0,0,0,0,0,0,0
TR1_R12,6_6,12,Aug,2015,R,TR1,TRUE,Seed,TR,0,0,0,0,0,0,0,0,0,0,0,0,0,0,0,1,0,0,1,0
TR1_R12,6_6,12,Nov,2013,R,TR1,TRUE,Seed,TR,0,0,2,0,0,0,0,0,0,0,0,4,0,0,0,0,0,0,0,0
TR1_R12,6_6,12,Nov,2014,R,TR1,TRUE,Seed,TR,0,0,0,0,1,0,0,0,0,0,0,0,0,0,0,1,0,0,0,0
TR1_R12,6_6,12,Nov,2015,R,TR1,TRUE,Seed,TR,0,0,0,0,0,0,0,0,0,0,0,0,0,0,0,1,0,0,1,0
TR1_R13,6_6,13,Aug,2013,R,TR1,TRUE,Seed,TR,0,0,9,0,1,0,1,0,0,0,0,20,0,0,1,0,0,0,0,0
TR1_R13,6_6,13,Aug,2014,R,TR1,TRUE,Seed,TR,0,0,1,0,1,0,0,0,0,0,0,0,0,0,0,0,0,0,0,0
TR1_R13,6_6,13,Aug,2015,R,TR1,TRUE,Seed,TR,0,0,0,0,1,0,0,1,0,0,0,0,0,0,0,0,0,0,0,0
TR1_R13,6_6,13,Nov,2013,R,TR1,TRUE,Seed,TR,0,0,7,0,2,0,0,0,0,0,0,12,0,0,0,0,0,0,0,0
TR1_R13,6_6,13,Nov,2014,R,TR1,TRUE,Seed,TR,0,0,0,0,1,0,0,0,0,0,0,0,0,0,0,0,0,0,0,0
TR1_R13,6_6,13,Nov,2015,R,TR1,TRUE,Seed,TR,0,0,0,0,1,0,0,0,0,0,0,0,0,0,0,0,0,0,0,0
TR1_R14,6_6,14,Aug,2013,R,TR1,TRUE,Seed,TR,0,0,4,1,0,0,1,0,0,0,0,3,0,0,1,0,0,0,0,1
TR1_R14,6_6,14,Aug,2014,R,TR1,TRUE,Seed,TR,0,0,0,3,0,0,1,0,0,0,0,0,0,0,0,0,0,0,0,0
TR1_R14,6_6,14,Aug,2015,R,TR1,TRUE,Seed,TR,0,0,0,2,0,0,0,0,0,0,0,0,0,0,0,1,0,0,0,0
TR1_R14,6_6,14,Nov,2013,R,TR1,TRUE,Seed,TR,0,0,3,0,0,0,0,0,0,0,0,6,0,0,1,0,0,0,0,0
TR1_R14,6_6,14,Nov,2014,R,TR1,TRUE,Seed,TR,0,0,0,0,0,0,0,0,0,0,0,0,0,0,0,0,0,0,0,0
TR1_R14,6_6,14,Nov,2015,R,TR1,TRUE,Seed,TR,0,0,0,0,0,0,0,0,0,0,0,0,0,0,0,0,0,0,0,0
TR1_R15,6_6,15,Aug,2013,R,TR1,TRUE,Seed,TR,0,0,9,0,2,0,0,0,0,0,0,19,0,0,0,0,0,0,0,0
TR1_R15,6_6,15,Aug,2014,R,TR1,TRUE,Seed,TR,0,0,0,0,0,0,0,0,0,0,0,0,0,0,0,0,0,0,0,0
TR1_R15,6_6,15,Aug,2015,R,TR1,TRUE,Seed,TR,0,0,0,0,0,0,0,0,0,0,0,0,0,0,0,0,0,0,0,0
TR1_R15,6_6,15,Nov,2013,R,TR1,TRUE,Seed,TR,0,0,0,0,1,1,0,0,0,0,0,35,0,0,0,0,0,0,0,0
TR1_R15,6_6,15,Nov,2014,R,TR1,TRUE,Seed,TR,0,0,0,0,0,0,0,0,0,0,0,0,0,0,0,0,0,0,0,0
TR1_R15,6_6,15,Nov,2015,R,TR1,TRUE,Seed,TR,0,0,0,0,0,0,0,0,0,0,0,0,0,0,0,0,0,0,0,0
TR1_R2,6_6,2,Aug,2013,R,TR1,TRUE,Seed,TR,0,0,15,0,0,0,0,0,1,0,0,0,0,0,0,0,0,0,0,0
TR1_R2,6_6,2,Aug,2014,R,TR1,TRUE,Seed,TR,0,0,0,1,0,0,0,0,0,0,0,2,0,0,0,0,0,0,0,0
TR1_R2,6_6,2,Aug,2015,R,TR1,TRUE,Seed,TR,0,3,0,0,0,0,0,0,0,0,0,0,0,0,0,0,0,0,0,0
TR1_R2,6_6,2,Nov,2013,R,TR1,TRUE,Seed,TR,0,0,0,0,0,0,0,0,0,0,0,10,0,0,0,0,0,0,0,0
TR1_R2,6_6,2,Nov,2014,R,TR1,TRUE,Seed,TR,0,3,0,0,0,0,0,0,0,0,0,0,0,0,0,0,0,0,0,0
TR1_R2,6_6,2,Nov,2015,R,TR1,TRUE,Seed,TR,0,3,0,0,0,0,0,0,0,0,0,0,0,0,0,0,0,0,0,0
TR1_R3,6_6,3,Aug,2013,R,TR1,TRUE,Seed,TR,0,0,60,1,0,0,0,0,0,0,0,0,3,0,0,0,0,0,0,2
TR1_R3,6_6,3,Aug,2014,R,TR1,TRUE,Seed,TR,0,0,0,2,0,0,0,0,0,0,0,0,0,0,0,0,0,0,0,0
TR1_R3,6_6,3,Aug,2015,R,TR1,TRUE,Seed,TR,0,1,0,0,0,0,0,0,0,0,0,0,0,0,0,0,0,0,0,0
TR1_R3,6_6,3,Nov,2013,R,TR1,TRUE,Seed,TR,0,0,0,0,1,0,0,0,0,0,0,31,0,0,0,0,0,0,0,2
TR1_R3,6_6,3,Nov,2014,R,TR1,TRUE,Seed,TR,0,0,0,0,1,0,0,0,0,0,0,0,0,0,0,0,0,0,0,0
TR1_R3,6_6,3,Nov,2015,R,TR1,TRUE,Seed,TR,0,1,0,0,0,0,0,0,0,0,0,0,0,0,0,0,0,0,0,0
TR1_R4,6_6,4,Aug,2013,R,TR1,TRUE,Seed,TR,0,0,0,0,0,0,0,0,0,0,0,0,0,0,0,0,0,0,0,1
TR1_R4,6_6,4,Aug,2014,R,TR1,TRUE,Seed,TR,0,0,0,0,0,0,0,0,0,0,0,0,0,0,0,0,0,0,0,1
TR1_R4,6_6,4,Aug,2015,R,TR1,TRUE,Seed,TR,0,0,0,0,0,0,0,0,0,0,0,0,0,0,0,0,0,0,0,0
TR1_R4,6_6,4,Nov,2013,R,TR1,TRUE,Seed,TR,0,0,1,0,0,0,0,0,0,0,0,1,0,0,0,0,0,0,0,0
TR1_R4,6_6,4,Nov,2014,R,TR1,TRUE,Seed,TR,0,0,0,0,0,0,0,0,0,0,0,0,0,0,0,0,0,0,0,0
TR1_R4,6_6,4,Nov,2015,R,TR1,TRUE,Seed,TR,0,0,0,0,0,0,0,0,0,0,0,0,0,0,0,0,0,0,0,0
TR1_R5,6_6,5,Aug,2013,R,TR1,TRUE,Seed,TR,0,0,0,1,0,0,0,0,0,0,0,27,0,0,0,0,0,0,0,0
TR1_R5,6_6,5,Aug,2014,R,TR1,TRUE,Seed,TR,0,0,0,0,1,0,0,0,0,0,0,0,0,0,0,0,0,0,0,0
TR1_R5,6_6,5,Aug,2015,R,TR1,TRUE,Seed,TR,0,0,0,0,0,0,0,0,0,0,0,0,0,0,0,0,0,0,0,0
TR1_R5,6_6,5,Nov,2013,R,TR1,TRUE,Seed,TR,0,0,3,0,0,0,0,0,0,0,0,13,0,0,0,0,0,0,0,0
TR1_R5,6_6,5,Nov,2014,R,TR1,TRUE,Seed,TR,0,0,0,0,0,0,0,0,0,0,0,0,0,0,0,0,0,0,0,0
TR1_R5,6_6,5,Nov,2015,R,TR1,TRUE,Seed,TR,0,0,0,0,0,0,0,0,0,0,0,0,0,0,0,0,0,0,0,0
TR1_R6,6_6,6,Aug,2013,R,TR1,TRUE,Seed,TR,0,0,0,0,0,0,0,0,0,0,0,0,0,0,0,0,0,0,0,1
TR1_R6,6_6,6,Aug,2014,R,TR1,TRUE,Seed,TR,0,0,0,0,0,0,0,0,0,0,0,0,0,0,0,0,0,0,0,0
TR1_R6,6_6,6,Aug,2015,R,TR1,TRUE,Seed,TR,1,0,0,0,0,0,0,0,0,0,0,0,0,0,0,0,0,0,0,1
TR1_R6,6_6,6,Nov,2013,R,TR1,TRUE,Seed,TR,0,0,2,0,0,1,0,0,0,0,0,2,0,0,0,0,0,0,0,1
TR1_R6,6_6,6,Nov,2014,R,TR1,TRUE,Seed,TR,0,0,0,0,0,0,0,0,0,0,0,0,0,0,0,0,0,0,0,0
TR1_R6,6_6,6,Nov,2015,R,TR1,TRUE,Seed,TR,0,0,0,0,0,0,0,0,0,0,0,0,0,0,0,0,0,0,0,0
TR1_R7,6_6,7,Aug,2013,R,TR1,TRUE,Seed,TR,0,0,0,0,0,0,0,0,0,0,0,6,0,0,0,0,0,0,0,0
TR1_R7,6_6,7,Aug,2014,R,TR1,TRUE,Seed,TR,0,0,0,0,0,0,0,0,0,0,0,0,0,0,0,0,0,0,0,0
TR1_R7,6_6,7,Aug,2015,R,TR1,TRUE,Seed,TR,0,0,0,0,0,0,0,0,0,0,0,1,0,0,0,0,0,0,0,0
TR1_R7,6_6,7,Nov,2013,R,TR1,TRUE,Seed,TR,0,0,5,0,0,0,0,0,0,0,0,5,0,0,0,0,0,0,0,0
TR1_R7,6_6,7,Nov,2014,R,TR1,TRUE,Seed,TR,0,0,0,0,0,0,0,0,0,0,0,0,0,0,0,0,0,0,0,0
TR1_R7,6_6,7,Nov,2015,R,TR1,TRUE,Seed,TR,0,0,0,0,0,0,0,0,0,0,0,0,0,0,0,0,0,0,0,0
TR1_R8,6_6,8,Aug,2013,R,TR1,TRUE,Seed,TR,0,0,4,1,0,0,0,0,0,0,0,6,2,0,0,0,0,0,0,0
TR1_R8,6_6,8,Aug,2014,R,TR1,TRUE,Seed,TR,0,0,0,1,0,0,0,0,0,0,0,0,0,0,0,0,0,0,0,0
TR1_R8,6_6,8,Aug,2015,R,TR1,TRUE,Seed,TR,1,0,0,0,0,0,0,0,0,0,0,0,0,0,0,0,0,0,0,0
TR1_R8,6_6,8,Nov,2013,R,TR1,TRUE,Seed,TR,0,0,1,0,0,0,0,1,0,0,0,0,0,0,0,0,0,0,0,0
TR1_R8,6_6,8,Nov,2014,R,TR1,TRUE,Seed,TR,0,0,0,0,0,0,0,0,0,0,0,0,0,0,0,0,0,0,0,0
TR1_R8,6_6,8,Nov,2015,R,TR1,TRUE,Seed,TR,0,0,0,0,0,0,0,0,0,0,0,0,0,0,0,0,0,0,0,0
TR1_R9,6_6,9,Aug,2013,R,TR1,TRUE,Seed,TR,0,0,4,0,0,0,0,0,0,0,0,0,0,0,0,0,0,0,0,1
TR1_R9,6_6,9,Aug,2014,R,TR1,TRUE,Seed,TR,0,0,0,0,0,0,0,0,0,0,0,0,0,0,0,1,0,0,0,0
TR1_R9,6_6,9,Aug,2015,R,TR1,TRUE,Seed,TR,0,0,0,1,0,0,0,0,0,0,0,0,0,0,0,0,0,0,0,0
TR1_R9,6_6,9,Nov,2013,R,TR1,TRUE,Seed,TR,0,1,0,0,0,0,0,0,0,0,0,2,0,0,0,0,0,0,0,0
TR1_R9,6_6,9,Nov,2014,R,TR1,TRUE,Seed,TR,0,0,0,0,0,0,0,0,0,0,0,0,0,0,0,1,0,0,0,0
TR1_R9,6_6,9,Nov,2015,R,TR1,TRUE,Seed,TR,0,0,0,0,0,0,0,0,0,0,0,0,0,0,0,0,0,0,0,0
TR2_R1,6_6,16,Aug,2013,R,TR2,TRUE,Seed,TR,0,0,1,0,0,0,0,0,0,0,0,1,0,0,0,0,0,0,0,0
TR2_R1,6_6,16,Aug,2014,R,TR2,TRUE,Seed,TR,0,0,2,1,0,0,0,0,0,0,0,2,0,0,0,0,0,0,0,0
TR2_R1,6_6,16,Aug,2015,R,TR2,TRUE,Seed,TR,0,0,0,0,0,0,0,0,0,0,0,0,0,0,0,0,0,0,0,0
TR2_R1,6_6,16,Nov,2013,R,TR2,TRUE,Seed,TR,0,0,5,0,0,0,0,0,0,0,0,0,0,0,0,0,0,0,0,0
TR2_R1,6_6,16,Nov,2014,R,TR2,TRUE,Seed,TR,0,0,0,0,0,0,0,0,0,0,0,0,0,0,0,0,0,0,0,0
TR2_R1,6_6,16,Nov,2015,R,TR2,TRUE,Seed,TR,0,0,0,0,0,0,0,0,0,0,0,0,0,0,0,0,0,0,0,0
TR2_R10,6_6,25,Aug,2013,R,TR2,TRUE,Seed,TR,0,0,13,2,1,0,0,1,0,0,0,15,1,0,0,0,0,0,0,1
TR2_R10,6_6,25,Aug,2014,R,TR2,TRUE,Seed,TR,0,0,4,2,0,0,0,0,0,0,0,0,0,0,0,0,0,0,0,0
TR2_R10,6_6,25,Aug,2015,R,TR2,TRUE,Seed,TR,0,0,4,3,0,0,0,0,0,0,0,0,0,0,0,0,0,0,0,0
TR2_R10,6_6,25,Nov,2013,R,TR2,TRUE,Seed,TR,0,0,13,0,1,0,0,1,0,0,0,18,0,0,0,0,0,0,0,1
TR2_R10,6_6,25,Nov,2014,R,TR2,TRUE,Seed,TR,0,0,4,0,0,0,0,0,0,0,0,0,0,0,0,0,0,0,0,0
TR2_R10,6_6,25,Nov,2015,R,TR2,TRUE,Seed,TR,0,0,4,0,0,0,0,0,0,0,0,0,0,0,0,0,0,0,0,0
TR2_R11,6_6,26,Aug,2013,R,TR2,TRUE,Seed,TR,0,0,0,0,0,0,0,0,0,0,0,0,0,0,0,0,0,0,0,0
TR2_R11,6_6,26,Aug,2014,R,TR2,TRUE,Seed,TR,0,0,0,0,0,0,0,0,0,0,0,0,1,0,0,0,0,0,0,0
TR2_R11,6_6,26,Aug,2015,R,TR2,TRUE,Seed,TR,0,0,0,0,0,0,0,0,0,0,0,0,0,0,0,0,0,0,0,0
TR2_R11,6_6,26,Nov,2013,R,TR2,TRUE,Seed,TR,0,0,3,0,1,0,0,0,0,0,0,1,0,0,0,0,0,0,0,0
TR2_R11,6_6,26,Nov,2014,R,TR2,TRUE,Seed,TR,0,0,0,0,0,0,0,0,0,0,0,0,0,0,0,0,0,0,0,0
TR2_R11,6_6,26,Nov,2015,R,TR2,TRUE,Seed,TR,0,0,0,0,0,0,0,0,0,0,0,0,0,0,0,0,0,0,0,0
TR2_R12,6_6,27,Aug,2013,R,TR2,TRUE,Seed,TR,0,0,6,0,0,0,0,1,0,0,0,16,0,0,0,0,0,0,0,0
TR2_R12,6_6,27,Aug,2014,R,TR2,TRUE,Seed,TR,0,0,0,1,0,0,0,0,0,0,0,0,0,0,0,3,0,0,0,0
TR2_R12,6_6,27,Aug,2015,R,TR2,TRUE,Seed,TR,0,0,0,0,0,0,0,0,0,0,0,0,0,0,0,0,0,0,0,0
TR2_R12,6_6,27,Nov,2013,R,TR2,TRUE,Seed,TR,0,0,6,0,1,0,0,1,0,0,0,24,0,0,0,0,0,0,0,0
TR2_R12,6_6,27,Nov,2014,R,TR2,TRUE,Seed,TR,0,0,0,0,0,0,0,0,0,0,0,0,0,0,0,0,0,0,0,0
TR2_R12,6_6,27,Nov,2015,R,TR2,TRUE,Seed,TR,0,0,0,0,0,0,0,0,0,0,0,0,0,0,0,0,0,0,0,0
TR2_R13,6_6,28,Aug,2013,R,TR2,TRUE,Seed,TR,0,0,16,1,5,0,0,0,0,0,0,48,0,0,0,0,0,0,0,0
TR2_R13,6_6,28,Aug,2014,R,TR2,TRUE,Seed,TR,0,0,1,0,0,0,0,0,0,0,0,6,0,0,0,0,0,0,0,0
TR2_R13,6_6,28,Aug,2015,R,TR2,TRUE,Seed,TR,0,0,0,0,0,0,0,0,0,0,0,1,0,0,0,0,0,0,0,0
TR2_R13,6_6,28,Nov,2013,R,TR2,TRUE,Seed,TR,0,0,13,0,7,0,0,0,0,0,0,30,0,0,0,0,0,0,0,0
TR2_R13,6_6,28,Nov,2014,R,TR2,TRUE,Seed,TR,0,0,1,0,0,0,0,0,0,0,0,8,0,0,0,0,0,0,0,0
TR2_R13,6_6,28,Nov,2015,R,TR2,TRUE,Seed,TR,0,0,0,0,0,0,0,0,0,0,0,1,0,0,0,0,0,0,0,0
TR2_R14,6_6,29,Aug,2013,R,TR2,TRUE,Seed,TR,0,0,0,0,0,0,0,0,0,0,0,0,2,0,0,0,0,0,0,0
TR2_R14,6_6,29,Aug,2014,R,TR2,TRUE,Seed,TR,0,0,0,0,0,0,0,0,0,0,0,0,0,0,0,1,0,0,0,0
TR2_R14,6_6,29,Aug,2015,R,TR2,TRUE,Seed,TR,0,0,0,0,0,0,0,0,0,0,0,0,0,0,0,0,0,0,0,0
TR2_R14,6_6,29,Nov,2013,R,TR2,TRUE,Seed,TR,0,0,1,0,0,0,0,0,0,0,0,0,0,0,0,0,0,0,0,0
TR2_R14,6_6,29,Nov,2014,R,TR2,TRUE,Seed,TR,0,0,0,0,0,0,0,0,0,0,0,0,0,0,0,0,0,0,0,0
TR2_R14,6_6,29,Nov,2015,R,TR2,TRUE,Seed,TR,0,0,0,0,0,0,0,0,0,0,0,0,0,0,0,0,0,0,0,0
TR2_R15,6_6,30,Aug,2013,R,TR2,TRUE,Seed,TR,0,0,17,0,0,0,0,0,0,0,0,15,0,0,0,0,0,0,0,0
TR2_R15,6_6,30,Aug,2014,R,TR2,TRUE,Seed,TR,0,0,1,0,0,0,0,0,0,0,0,4,0,0,0,0,0,0,0,0
TR2_R15,6_6,30,Aug,2015,R,TR2,TRUE,Seed,TR,0,0,1,0,0,0,0,0,0,0,0,6,0,0,0,0,0,0,0,0
TR2_R15,6_6,30,Nov,2013,R,TR2,TRUE,Seed,TR,0,0,16,0,0,0,0,0,0,0,0,21,0,0,0,0,0,0,0,0
TR2_R15,6_6,30,Nov,2014,R,TR2,TRUE,Seed,TR,0,0,0,0,0,0,0,0,0,0,0,6,0,0,0,0,0,0,0,0
TR2_R15,6_6,30,Nov,2015,R,TR2,TRUE,Seed,TR,0,0,1,0,0,0,0,0,0,0,0,7,0,0,0,0,0,0,0,0
TR2_R2,6_6,17,Aug,2013,R,TR2,TRUE,Seed,TR,0,0,13,1,2,0,0,0,0,0,0,29,1,0,0,0,0,0,0,1
TR2_R2,6_6,17,Aug,2014,R,TR2,TRUE,Seed,TR,0,0,0,3,0,0,0,0,0,0,0,3,0,0,0,0,0,0,0,0
TR2_R2,6_6,17,Aug,2015,R,TR2,TRUE,Seed,TR,0,1,0,1,0,0,0,0,0,0,0,0,0,0,0,0,0,0,0,0
TR2_R2,6_6,17,Nov,2013,R,TR2,TRUE,Seed,TR,0,0,15,0,0,1,0,1,0,0,0,23,0,0,0,0,0,0,0,0
TR2_R2,6_6,17,Nov,2014,R,TR2,TRUE,Seed,TR,0,0,0,0,0,0,0,0,0,0,0,3,0,0,0,0,0,0,0,0
TR2_R2,6_6,17,Nov,2015,R,TR2,TRUE,Seed,TR,0,1,0,0,0,0,0,0,0,0,0,0,0,0,0,0,0,0,0,0
TR2_R3,6_6,18,Aug,2013,R,TR2,TRUE,Seed,TR,0,0,1,0,0,0,0,0,0,0,0,0,0,0,0,0,0,0,0,0
TR2_R3,6_6,18,Aug,2014,R,TR2,TRUE,Seed,TR,0,0,0,1,0,0,0,0,0,0,0,1,0,0,0,1,0,0,0,0
TR2_R3,6_6,18,Aug,2015,R,TR2,TRUE,Seed,TR,0,0,0,1,0,0,0,0,0,0,0,0,0,0,0,0,0,0,0,0
TR2_R3,6_6,18,Nov,2013,R,TR2,TRUE,Seed,TR,0,0,0,0,2,0,0,0,0,0,0,9,0,0,0,0,0,0,0,0
TR2_R3,6_6,18,Nov,2014,R,TR2,TRUE,Seed,TR,0,0,0,0,0,0,0,0,0,0,0,1,0,0,0,0,0,0,0,0
TR2_R3,6_6,18,Nov,2015,R,TR2,TRUE,Seed,TR,0,0,0,0,0,0,0,0,0,0,0,0,0,0,0,1,0,0,0,0
TR2_R4,6_6,19,Aug,2013,R,TR2,TRUE,Seed,TR,0,0,2,0,0,0,0,0,0,0,0,14,0,0,1,0,0,0,0,0
TR2_R4,6_6,19,Aug,2014,R,TR2,TRUE,Seed,TR,0,0,2,0,0,0,0,0,0,0,0,5,0,0,0,1,0,0,0,0
TR2_R4,6_6,19,Aug,2015,R,TR2,TRUE,Seed,TR,0,0,2,0,0,0,0,0,0,0,0,0,0,0,0,0,0,0,0,0
TR2_R4,6_6,19,Nov,2013,R,TR2,TRUE,Seed,TR,0,0,0,0,1,1,0,0,0,0,0,41,0,0,1,0,0,0,0,0
TR2_R4,6_6,19,Nov,2014,R,TR2,TRUE,Seed,TR,0,0,2,0,0,0,0,0,0,0,0,1,5,0,0,0,0,0,0,0
TR2_R4,6_6,19,Nov,2015,R,TR2,TRUE,Seed,TR,0,0,2,0,0,0,0,0,0,0,0,0,0,0,0,0,0,0,0,0
TR2_R5,6_6,20,Aug,2013,R,TR2,TRUE,Seed,TR,0,0,8,0,3,0,0,0,0,0,0,14,0,0,0,0,0,0,0,0
TR2_R5,6_6,20,Aug,2014,R,TR2,TRUE,Seed,TR,0,0,0,0,0,0,0,0,0,0,0,0,0,0,0,1,0,0,0,0
TR2_R5,6_6,20,Aug,2015,R,TR2,TRUE,Seed,TR,0,0,0,1,1,0,0,0,0,0,0,0,0,0,0,0,0,0,0,0
TR2_R5,6_6,20,Nov,2013,R,TR2,TRUE,Seed,TR,0,0,2,0,2,1,0,0,0,0,0,13,0,0,0,0,0,0,0,0
TR2_R5,6_6,20,Nov,2014,R,TR2,TRUE,Seed,TR,0,0,0,0,1,0,0,0,0,0,0,0,0,0,0,1,0,0,0,0
TR2_R5,6_6,20,Nov,2015,R,TR2,TRUE,Seed,TR,0,0,0,0,1,0,0,0,0,0,0,0,0,0,0,0,0,0,0,0
TR2_R6,6_6,21,Aug,2013,R,TR2,TRUE,Seed,TR,0,0,10,0,1,0,0,0,0,0,0,5,0,0,0,0,0,0,0,0
TR2_R6,6_6,21,Aug,2014,R,TR2,TRUE,Seed,TR,0,0,0,0,0,0,0,0,0,0,0,10,0,0,0,0,0,0,0,0
TR2_R6,6_6,21,Aug,2015,R,TR2,TRUE,Seed,TR,0,0,0,0,0,0,0,0,0,0,0,1,0,0,0,0,0,0,0,0
TR2_R6,6_6,21,Nov,2013,R,TR2,TRUE,Seed,TR,0,0,9,0,0,0,0,0,0,0,0,5,0,0,0,0,0,0,0,0
TR2_R6,6_6,21,Nov,2014,R,TR2,TRUE,Seed,TR,0,0,0,0,0,0,0,0,0,0,0,9,0,0,0,0,0,0,0,0
TR2_R6,6_6,21,Nov,2015,R,TR2,TRUE,Seed,TR,0,0,0,0,0,0,0,0,0,0,0,3,0,0,0,0,0,0,0,0
TR2_R7,6_6,22,Aug,2013,R,TR2,TRUE,Seed,TR,0,0,4,0,0,0,0,0,0,0,0,7,1,0,1,0,0,0,0,2
TR2_R7,6_6,22,Aug,2014,R,TR2,TRUE,Seed,TR,0,0,0,0,0,0,0,0,0,0,0,5,0,0,0,0,0,0,0,0
TR2_R7,6_6,22,Aug,2015,R,TR2,TRUE,Seed,TR,0,0,0,1,0,0,0,0,0,0,0,2,0,0,0,0,0,0,0,0
TR2_R7,6_6,22,Nov,2013,R,TR2,TRUE,Seed,TR,0,0,6,0,0,0,0,0,0,0,0,10,0,0,0,0,0,0,0,0
TR2_R7,6_6,22,Nov,2014,R,TR2,TRUE,Seed,TR,0,0,0,0,0,0,0,0,0,0,0,6,0,0,0,0,0,0,0,0
TR2_R7,6_6,22,Nov,2015,R,TR2,TRUE,Seed,TR,0,0,0,0,0,0,0,0,0,0,0,2,0,0,0,0,0,0,0,0
TR2_R8,6_6,23,Aug,2013,R,TR2,TRUE,Seed,TR,0,0,14,0,1,0,0,0,0,0,0,18,0,0,0,0,0,0,0,0
TR2_R8,6_6,23,Aug,2014,R,TR2,TRUE,Seed,TR,0,0,0,0,0,0,0,0,0,0,0,2,0,0,0,0,0,0,0,0
TR2_R8,6_6,23,Aug,2015,R,TR2,TRUE,Seed,TR,0,0,0,2,0,0,0,0,0,0,0,2,0,0,0,0,0,0,0,0
TR2_R8,6_6,23,Nov,2013,R,TR2,TRUE,Seed,TR,0,0,13,0,1,0,0,0,0,0,0,21,0,0,0,0,0,0,0,0
TR2_R8,6_6,23,Nov,2014,R,TR2,TRUE,Seed,TR,0,0,0,0,1,0,0,0,0,0,0,1,0,0,0,0,0,0,0,0
TR2_R8,6_6,23,Nov,2015,R,TR2,TRUE,Seed,TR,0,0,0,0,0,0,0,0,0,0,0,2,0,0,0,0,0,0,0,0
TR2_R9,6_6,24,Aug,2013,R,TR2,TRUE,Seed,TR,0,0,7,0,0,0,0,0,0,0,0,2,0,0,0,0,0,0,0,0
TR2_R9,6_6,24,Aug,2014,R,TR2,TRUE,Seed,TR,0,0,0,0,0,0,0,0,0,0,0,5,0,0,0,0,0,0,0,0
TR2_R9,6_6,24,Aug,2015,R,TR2,TRUE,Seed,TR,0,0,0,0,0,0,0,0,0,0,0,6,0,0,0,0,0,0,0,0
TR2_R9,6_6,24,Nov,2013,R,TR2,TRUE,Seed,TR,0,0,13,0,0,0,0,0,0,0,0,15,0,0,0,0,0,0,0,0
TR2_R9,6_6,24,Nov,2014,R,TR2,TRUE,Seed,TR,0,0,0,0,0,0,0,0,0,0,0,7,0,0,0,0,0,0,0,0
TR2_R9,6_6,24,Nov,2015,R,TR2,TRUE,Seed,TR,0,0,0,0,0,0,0,0,0,0,0,5,0,0,0,0,0,0,0,0
TR3_R1,6_6,31,Aug,2013,R,TR3,TRUE,Seed,TR,0,0,6,1,1,0,0,0,0,0,0,3,0,0,0,0,0,0,0,0
TR3_R1,6_6,31,Aug,2014,R,TR3,TRUE,Seed,TR,0,0,0,0,0,0,0,0,0,0,0,0,0,0,0,0,0,0,0,0
TR3_R1,6_6,31,Aug,2015,R,TR3,TRUE,Seed,TR,0,0,0,0,0,0,0,0,0,0,0,0,0,0,0,1,0,0,0,0
TR3_R1,6_6,31,Nov,2013,R,TR3,TRUE,Seed,TR,0,0,8,0,0,0,0,0,0,0,0,25,0,0,0,0,0,0,0,0
TR3_R1,6_6,31,Nov,2014,R,TR3,TRUE,Seed,TR,0,0,0,0,0,0,0,0,0,0,0,0,0,0,0,0,0,0,0,0
TR3_R1,6_6,31,Nov,2015,R,TR3,TRUE,Seed,TR,0,0,0,0,0,0,0,0,0,0,0,0,0,0,0,1,0,0,0,0
TR3_R10,6_6,40,Aug,2013,R,TR3,TRUE,Seed,TR,0,0,15,0,1,0,0,0,0,0,0,6,0,0,0,0,0,0,0,0
TR3_R10,6_6,40,Aug,2014,R,TR3,TRUE,Seed,TR,0,0,0,0,0,0,0,0,0,0,0,0,0,0,0,0,0,0,0,0
TR3_R10,6_6,40,Aug,2015,R,TR3,TRUE,Seed,TR,0,0,0,0,0,0,0,0,0,0,0,0,0,0,0,0,0,0,0,0
TR3_R10,6_6,40,Nov,2013,R,TR3,TRUE,Seed,TR,0,0,2,0,1,0,0,0,0,0,0,13,0,0,0,0,0,0,0,0
TR3_R10,6_6,40,Nov,2014,R,TR3,TRUE,Seed,TR,0,0,0,0,0,0,0,0,0,0,0,0,0,0,0,0,0,0,0,0
TR3_R10,6_6,40,Nov,2015,R,TR3,TRUE,Seed,TR,0,0,0,0,0,0,0,0,0,0,0,0,0,0,0,0,0,0,0,0
TR3_R11,6_6,41,Aug,2013,R,TR3,TRUE,Seed,TR,0,0,15,1,4,0,0,0,3,0,0,24,0,0,1,0,0,0,1,1
TR3_R11,6_6,41,Aug,2014,R,TR3,TRUE,Seed,TR,0,0,0,2,0,0,0,0,0,0,0,0,0,0,0,1,0,0,0,1
TR3_R11,6_6,41,Aug,2015,R,TR3,TRUE,Seed,TR,0,0,0,0,0,0,0,0,0,0,0,1,0,0,0,0,0,0,0,0
TR3_R11,6_6,41,Nov,2013,R,TR3,TRUE,Seed,TR,0,0,0,0,8,0,0,0,0,0,0,18,0,0,0,0,0,0,0,0
TR3_R11,6_6,41,Nov,2014,R,TR3,TRUE,Seed,TR,0,0,0,0,0,0,0,0,0,0,0,1,0,0,0,0,0,0,0,0
TR3_R11,6_6,41,Nov,2015,R,TR3,TRUE,Seed,TR,0,0,0,0,0,0,0,0,0,0,0,1,0,0,0,0,0,0,0,0
TR3_R12,6_6,42,Aug,2013,R,TR3,TRUE,Seed,TR,0,0,5,0,2,0,0,0,1,0,0,35,0,0,2,0,0,0,1,0
TR3_R12,6_6,42,Aug,2014,R,TR3,TRUE,Seed,TR,0,0,0,0,0,0,0,0,0,0,0,2,0,0,0,0,0,0,0,0
TR3_R12,6_6,42,Aug,2015,R,TR3,TRUE,Seed,TR,0,0,0,0,0,0,0,0,0,0,0,0,0,0,0,0,0,0,0,0
TR3_R12,6_6,42,Nov,2013,R,TR3,TRUE,Seed,TR,0,0,0,0,0,0,0,0,0,0,0,10,0,0,0,0,0,0,0,0
TR3_R12,6_6,42,Nov,2014,R,TR3,TRUE,Seed,TR,0,0,0,0,0,0,0,0,0,0,0,2,0,0,0,0,0,0,0,0
TR3_R12,6_6,42,Nov,2015,R,TR3,TRUE,Seed,TR,0,0,0,0,0,0,0,0,0,0,0,0,0,0,0,0,0,0,0,0
TR3_R13,6_6,43,Aug,2013,R,TR3,TRUE,Seed,TR,0,0,0,0,0,0,0,0,1,0,0,0,0,0,4,0,0,0,1,0
TR3_R13,6_6,43,Aug,2014,R,TR3,TRUE,Seed,TR,0,0,0,0,0,0,0,0,0,0,0,0,0,0,0,0,0,0,0,0
TR3_R13,6_6,43,Aug,2015,R,TR3,TRUE,Seed,TR,0,0,0,0,0,0,0,0,0,0,0,0,0,0,0,0,0,0,0,0
TR3_R13,6_6,43,Nov,2013,R,TR3,TRUE,Seed,TR,0,0,0,0,0,0,0,0,0,0,0,0,0,0,0,0,0,0,0,0
TR3_R13,6_6,43,Nov,2014,R,TR3,TRUE,Seed,TR,0,0,0,0,0,0,0,0,0,0,0,0,0,0,0,0,0,0,0,0
TR3_R13,6_6,43,Nov,2015,R,TR3,TRUE,Seed,TR,0,0,0,0,0,0,0,0,0,0,0,0,0,0,0,0,0,0,0,0
TR3_R14,6_6,44,Aug,2013,R,TR3,TRUE,Seed,TR,0,0,0,0,0,0,0,0,0,0,0,7,0,0,0,0,0,0,0,0
TR3_R14,6_6,44,Aug,2014,R,TR3,TRUE,Seed,TR,0,0,0,0,0,0,0,0,0,0,0,0,0,0,0,0,0,0,0,0
TR3_R14,6_6,44,Aug,2015,R,TR3,TRUE,Seed,TR,0,0,0,0,0,0,0,0,0,0,0,0,0,0,0,0,0,0,0,0
TR3_R14,6_6,44,Nov,2013,R,TR3,TRUE,Seed,TR,0,0,7,0,2,0,0,0,0,0,0,14,0,0,0,0,0,0,0,0
TR3_R14,6_6,44,Nov,2014,R,TR3,TRUE,Seed,TR,0,0,0,0,0,0,0,0,0,0,0,0,0,0,0,0,0,0,0,0
TR3_R14,6_6,44,Nov,2015,R,TR3,TRUE,Seed,TR,0,0,0,0,0,0,0,0,0,0,0,0,0,0,0,0,0,0,0,0
TR3_R15,6_6,45,Aug,2013,R,TR3,TRUE,Seed,TR,0,0,7,1,0,0,0,0,0,0,0,13,1,0,3,0,0,0,2,1
TR3_R15,6_6,45,Aug,2014,R,TR3,TRUE,Seed,TR,0,0,0,1,0,0,0,0,0,0,0,0,0,0,0,3,0,0,0,0
TR3_R15,6_6,45,Aug,2015,R,TR3,TRUE,Seed,TR,0,0,0,0,0,0,0,0,0,0,0,0,0,0,0,5,0,0,0,0
TR3_R15,6_6,45,Nov,2013,R,TR3,TRUE,Seed,TR,0,0,0,0,0,0,0,0,0,0,0,5,0,0,0,0,0,0,0,0
TR3_R15,6_6,45,Nov,2014,R,TR3,TRUE,Seed,TR,0,0,0,0,0,0,0,0,0,0,0,0,0,0,0,0,0,0,0,0
TR3_R15,6_6,45,Nov,2015,R,TR3,TRUE,Seed,TR,0,0,0,0,0,0,0,0,0,0,0,0,0,0,0,5,0,0,0,0
TR3_R2,6_6,32,Aug,2013,R,TR3,TRUE,Seed,TR,0,0,0,1,0,0,0,0,0,0,0,0,0,0,0,0,0,0,0,0
TR3_R2,6_6,32,Aug,2014,R,TR3,TRUE,Seed,TR,0,0,0,1,0,0,0,0,0,0,0,0,0,0,0,0,0,0,0,0
TR3_R2,6_6,32,Aug,2015,R,TR3,TRUE,Seed,TR,0,0,0,0,0,0,0,0,0,0,0,0,0,0,0,0,0,0,0,0
TR3_R2,6_6,32,Nov,2013,R,TR3,TRUE,Seed,TR,0,0,0,0,0,0,0,0,1,0,0,0,0,0,0,0,0,0,0,0
TR3_R2,6_6,32,Nov,2014,R,TR3,TRUE,Seed,TR,0,0,0,0,0,0,0,0,0,0,0,0,0,0,0,0,0,0,0,0
TR3_R2,6_6,32,Nov,2015,R,TR3,TRUE,Seed,TR,0,0,0,0,0,0,0,0,0,0,0,0,0,0,0,0,0,0,0,0
TR3_R3,6_6,33,Aug,2013,R,TR3,TRUE,Seed,TR,0,0,49,3,6,0,0,0,0,0,0,38,0,0,0,0,0,0,0,0
TR3_R3,6_6,33,Aug,2014,R,TR3,TRUE,Seed,TR,0,0,0,2,0,0,0,0,0,0,0,0,0,0,0,0,0,0,1,0
TR3_R3,6_6,33,Aug,2015,R,TR3,TRUE,Seed,TR,0,0,0,0,0,0,0,0,0,0,0,0,0,0,0,0,0,0,0,0
TR3_R3,6_6,33,Nov,2013,R,TR3,TRUE,Seed,TR,0,0,6,0,2,2,0,0,0,0,0,24,0,0,0,0,0,0,0,0
TR3_R3,6_6,33,Nov,2014,R,TR3,TRUE,Seed,TR,0,0,0,0,0,0,0,0,0,0,0,0,0,0,0,0,0,0,0,0
TR3_R3,6_6,33,Nov,2015,R,TR3,TRUE,Seed,TR,0,0,0,0,0,0,0,0,0,0,0,0,0,0,0,0,0,0,0,0
TR3_R4,6_6,34,Aug,2013,R,TR3,TRUE,Seed,TR,0,0,1,0,0,0,0,0,0,0,0,3,0,0,0,0,0,0,0,0
TR3_R4,6_6,34,Aug,2014,R,TR3,TRUE,Seed,TR,0,0,0,0,1,0,0,0,0,0,0,0,0,0,0,0,0,0,0,0
TR3_R4,6_6,34,Aug,2015,R,TR3,TRUE,Seed,TR,0,0,0,0,0,0,0,0,0,0,0,0,0,0,0,0,0,0,0,0
TR3_R4,6_6,34,Nov,2013,R,TR3,TRUE,Seed,TR,0,0,0,0,0,0,0,0,0,0,0,0,0,0,0,0,0,0,0,0
TR3_R4,6_6,34,Nov,2014,R,TR3,TRUE,Seed,TR,0,0,0,0,0,0,0,0,0,0,0,0,0,0,0,0,0,0,0,0
TR3_R4,6_6,34,Nov,2015,R,TR3,TRUE,Seed,TR,0,0,0,0,0,0,0,0,0,0,0,0,0,0,0,0,0,0,0,0
TR3_R5,6_6,35,Aug,2013,R,TR3,TRUE,Seed,TR,0,0,8,0,5,0,0,0,0,0,0,15,0,0,0,0,0,0,0,0
TR3_R5,6_6,35,Aug,2014,R,TR3,TRUE,Seed,TR,0,0,0,0,0,0,0,0,0,0,0,0,0,0,0,0,0,0,0,0
TR3_R5,6_6,35,Aug,2015,R,TR3,TRUE,Seed,TR,0,0,0,0,0,0,0,0,0,0,0,0,0,0,0,0,0,0,0,0
TR3_R5,6_6,35,Nov,2013,R,TR3,TRUE,Seed,TR,0,0,0,0,3,0,0,0,0,0,0,26,0,0,0,0,0,0,0,0
TR3_R5,6_6,35,Nov,2014,R,TR3,TRUE,Seed,TR,0,0,0,0,0,0,0,0,0,0,0,0,0,0,0,0,0,0,0,0
TR3_R5,6_6,35,Nov,2015,R,TR3,TRUE,Seed,TR,0,0,0,0,0,0,0,0,0,0,0,0,0,0,0,0,0,0,0,0
TR3_R6,6_6,36,Aug,2013,R,TR3,TRUE,Seed,TR,0,0,0,0,0,0,0,0,0,0,0,0,0,0,0,0,0,0,0,0
TR3_R6,6_6,36,Aug,2014,R,TR3,TRUE,Seed,TR,0,0,0,0,0,0,0,0,0,0,0,0,0,0,0,0,0,0,0,0
TR3_R6,6_6,36,Aug,2015,R,TR3,TRUE,Seed,TR,2,0,0,0,0,0,0,0,0,0,0,0,0,0,0,0,0,0,0,0
TR3_R6,6_6,36,Nov,2013,R,TR3,TRUE,Seed,TR,0,0,0,0,0,0,0,0,0,0,0,0,0,0,0,0,0,0,0,0
TR3_R6,6_6,36,Nov,2014,R,TR3,TRUE,Seed,TR,0,0,0,0,0,0,0,0,0,0,0,0,0,0,0,0,0,0,0,0
TR3_R6,6_6,36,Nov,2015,R,TR3,TRUE,Seed,TR,0,0,0,0,0,0,0,0,0,0,0,0,0,0,0,0,0,0,0,0
TR3_R7,6_6,37,Aug,2013,R,TR3,TRUE,Seed,TR,0,0,14,0,3,0,0,0,0,0,0,6,0,0,0,0,0,0,0,0
TR3_R7,6_6,37,Aug,2014,R,TR3,TRUE,Seed,TR,0,0,1,0,0,0,0,0,0,0,0,0,0,0,0,0,0,0,0,0
TR3_R7,6_6,37,Aug,2015,R,TR3,TRUE,Seed,TR,0,0,0,0,0,0,0,0,0,0,0,0,0,0,0,0,0,0,0,0
TR3_R7,6_6,37,Nov,2013,R,TR3,TRUE,Seed,TR,0,0,12,0,2,0,0,0,1,0,0,0,0,0,0,0,0,0,0,0
TR3_R7,6_6,37,Nov,2014,R,TR3,TRUE,Seed,TR,0,0,1,0,1,0,0,0,0,0,0,0,0,0,0,2,0,0,0,0
TR3_R7,6_6,37,Nov,2015,R,TR3,TRUE,Seed,TR,0,0,0,0,0,0,0,0,0,0,0,0,0,0,0,0,0,0,0,0
TR3_R8,6_6,38,Aug,2013,R,TR3,TRUE,Seed,TR,0,0,1,0,0,0,0,0,0,0,0,0,0,0,1,0,0,0,0,0
TR3_R8,6_6,38,Aug,2014,R,TR3,TRUE,Seed,TR,0,0,0,0,0,0,0,0,0,0,0,0,0,0,0,0,0,0,0,0
TR3_R8,6_6,38,Aug,2015,R,TR3,TRUE,Seed,TR,0,0,0,0,0,0,0,0,0,0,0,0,0,0,0,0,0,0,1,0
TR3_R8,6_6,38,Nov,2013,R,TR3,TRUE,Seed,TR,0,0,0,0,0,0,0,0,0,0,0,0,0,0,1,0,0,0,0,0
TR3_R8,6_6,38,Nov,2014,R,TR3,TRUE,Seed,TR,0,0,0,0,0,0,0,0,0,0,0,0,0,0,0,0,0,0,0,0
TR3_R8,6_6,38,Nov,2015,R,TR3,TRUE,Seed,TR,0,0,0,0,0,0,0,0,0,0,0,0,0,0,0,0,0,0,0,0
TR3_R9,6_6,39,Aug,2013,R,TR3,TRUE,Seed,TR,0,0,20,0,1,0,0,0,0,0,0,17,0,0,2,0,0,0,0,0
TR3_R9,6_6,39,Aug,2014,R,TR3,TRUE,Seed,TR,0,0,0,1,0,0,0,0,0,0,0,1,0,0,0,0,0,0,0,0
TR3_R9,6_6,39,Aug,2015,R,TR3,TRUE,Seed,TR,0,0,0,0,0,0,0,0,0,0,0,0,0,0,0,0,0,0,0,0
TR3_R9,6_6,39,Nov,2013,R,TR3,TRUE,Seed,TR,0,0,18,0,1,0,0,0,0,0,0,38,0,0,0,0,0,0,0,0
TR3_R9,6_6,39,Nov,2014,R,TR3,TRUE,Seed,TR,0,0,0,0,0,0,0,0,0,0,0,0,0,0,0,0,0,0,0,0
TR3_R9,6_6,39,Nov,2015,R,TR3,TRUE,Seed,TR,0,0,0,0,0,0,0,0,0,0,0,0,0,0,0,0,0,0,0,0
TR1_RB1,6_7,1,Aug,2013,RB,TR1,TRUE,Brush,TR,0,0,3,0,0,0,0,0,1,0,0,0,0,0,0,0,0,0,0,3
TR1_RB1,6_7,1,Aug,2014,RB,TR1,TRUE,Brush,TR,0,0,0,0,0,0,0,0,0,0,0,0,0,0,0,0,0,0,0,0
TR1_RB1,6_7,1,Aug,2015,RB,TR1,TRUE,Brush,TR,0,0,0,1,0,0,0,0,0,0,0,0,0,0,0,0,0,0,0,0
TR1_RB1,6_7,1,Nov,2013,RB,TR1,TRUE,Brush,TR,0,1,4,1,0,0,0,0,4,0,0,3,0,0,0,0,0,0,0,1
TR1_RB1,6_7,1,Nov,2014,RB,TR1,TRUE,Brush,TR,0,0,0,0,0,0,0,0,0,0,0,0,0,0,0,0,0,0,0,0
TR1_RB1,6_7,1,Nov,2015,RB,TR1,TRUE,Brush,TR,0,0,0,0,0,0,0,0,0,0,0,0,0,0,0,0,0,0,0,0
TR1_RB10,6_7,10,Aug,2013,RB,TR1,TRUE,Brush,TR,0,0,0,0,0,0,0,0,0,0,0,0,0,0,1,0,0,0,0,3
TR1_RB10,6_7,10,Aug,2014,RB,TR1,TRUE,Brush,TR,0,0,0,0,0,0,0,0,0,0,0,0,0,0,1,0,0,0,0,0
TR1_RB10,6_7,10,Aug,2015,RB,TR1,TRUE,Brush,TR,0,2,0,0,0,0,0,0,0,0,0,0,0,0,0,0,0,0,0,0
TR1_RB10,6_7,10,Nov,2013,RB,TR1,TRUE,Brush,TR,0,0,0,0,0,0,0,0,0,0,0,2,0,0,1,0,0,0,0,3
TR1_RB10,6_7,10,Nov,2014,RB,TR1,TRUE,Brush,TR,0,3,0,0,0,0,0,0,0,0,0,0,0,0,0,0,0,0,0,0
TR1_RB10,6_7,10,Nov,2015,RB,TR1,TRUE,Brush,TR,0,3,0,0,0,0,0,0,0,0,0,0,0,0,0,0,0,0,0,0
TR1_RB11,6_7,11,Aug,2013,RB,TR1,TRUE,Brush,TR,0,0,11,0,0,0,0,0,0,0,0,6,0,0,0,0,0,0,0,0
TR1_RB11,6_7,11,Aug,2014,RB,TR1,TRUE,Brush,TR,0,0,1,0,0,0,0,0,0,0,0,0,1,0,0,0,0,0,0,0
TR1_RB11,6_7,11,Aug,2015,RB,TR1,TRUE,Brush,TR,0,0,0,0,0,0,0,0,0,0,0,1,0,0,0,0,0,0,0,0
TR1_RB11,6_7,11,Nov,2013,RB,TR1,TRUE,Brush,TR,0,0,2,0,0,0,0,0,0,0,0,2,0,0,0,0,0,0,0,0
TR1_RB11,6_7,11,Nov,2014,RB,TR1,TRUE,Brush,TR,0,0,1,0,0,0,0,0,0,0,0,1,0,0,0,0,0,0,0,0
TR1_RB11,6_7,11,Nov,2015,RB,TR1,TRUE,Brush,TR,0,0,0,0,0,0,0,0,0,0,0,1,0,0,0,0,0,0,0,0
TR1_RB12,6_7,12,Aug,2013,RB,TR1,TRUE,Brush,TR,0,0,5,2,0,0,0,0,0,0,0,4,0,0,0,0,0,0,0,0
TR1_RB12,6_7,12,Aug,2014,RB,TR1,TRUE,Brush,TR,0,0,0,1,0,0,0,0,0,0,0,0,0,0,1,0,0,0,0,0
TR1_RB12,6_7,12,Aug,2015,RB,TR1,TRUE,Brush,TR,0,0,0,0,0,0,0,0,0,0,0,0,0,0,0,0,0,0,0,0
TR1_RB12,6_7,12,Nov,2013,RB,TR1,TRUE,Brush,TR,0,0,0,0,0,0,0,0,0,0,0,0,0,0,1,0,0,0,0,0
TR1_RB12,6_7,12,Nov,2014,RB,TR1,TRUE,Brush,TR,0,0,0,0,0,0,0,0,0,0,0,0,0,0,1,0,0,0,0,0
TR1_RB12,6_7,12,Nov,2015,RB,TR1,TRUE,Brush,TR,0,2,0,0,1,0,0,0,0,0,0,0,0,0,0,0,0,0,0,0
TR1_RB13,6_7,13,Aug,2013,RB,TR1,TRUE,Brush,TR,0,0,8,0,1,0,0,0,0,0,0,5,0,0,0,0,0,0,0,1
TR1_RB13,6_7,13,Aug,2014,RB,TR1,TRUE,Brush,TR,0,0,1,0,0,0,0,0,0,0,0,0,0,0,0,0,0,0,0,1
TR1_RB13,6_7,13,Aug,2015,RB,TR1,TRUE,Brush,TR,0,0,0,0,0,0,0,0,0,0,0,0,0,0,0,0,0,0,0,0
TR1_RB13,6_7,13,Nov,2013,RB,TR1,TRUE,Brush,TR,0,0,8,0,1,0,0,0,0,0,0,4,0,0,0,0,0,0,0,0
TR1_RB13,6_7,13,Nov,2014,RB,TR1,TRUE,Brush,TR,0,0,0,0,0,0,0,0,0,0,0,0,0,0,0,0,0,0,0,0
TR1_RB13,6_7,13,Nov,2015,RB,TR1,TRUE,Brush,TR,0,0,0,0,0,0,0,0,0,0,0,0,0,0,0,0,0,0,0,0
TR1_RB14,6_7,14,Aug,2013,RB,TR1,TRUE,Brush,TR,0,0,0,3,0,0,0,0,0,0,0,0,0,0,3,0,0,0,0,3
TR1_RB14,6_7,14,Aug,2014,RB,TR1,TRUE,Brush,TR,0,0,0,1,1,0,0,0,0,0,0,0,0,0,1,3,0,0,0,0
TR1_RB14,6_7,14,Aug,2015,RB,TR1,TRUE,Brush,TR,0,0,0,0,0,0,0,0,0,0,0,0,0,0,0,0,0,0,0,1
TR1_RB14,6_7,14,Nov,2013,RB,TR1,TRUE,Brush,TR,0,0,0,0,0,0,0,0,0,0,0,0,0,0,2,0,0,0,0,1
TR1_RB14,6_7,14,Nov,2014,RB,TR1,TRUE,Brush,TR,0,1,0,0,1,0,0,0,0,0,0,0,0,0,1,0,0,0,0,0
TR1_RB14,6_7,14,Nov,2015,RB,TR1,TRUE,Brush,TR,0,0,0,0,0,0,0,0,0,0,0,0,0,0,0,0,0,0,0,0
TR1_RB15,6_7,15,Aug,2013,RB,TR1,TRUE,Brush,TR,0,0,3,0,0,0,0,0,0,0,0,2,0,0,0,0,0,0,0,1
TR1_RB15,6_7,15,Aug,2014,RB,TR1,TRUE,Brush,TR,0,0,1,0,0,0,0,1,0,0,0,0,1,0,0,0,0,0,0,0
TR1_RB15,6_7,15,Aug,2015,RB,TR1,TRUE,Brush,TR,0,2,1,1,0,0,0,1,0,0,0,0,0,0,0,0,0,1,0,0
TR1_RB15,6_7,15,Nov,2013,RB,TR1,TRUE,Brush,TR,0,0,3,0,2,0,0,2,0,0,0,13,0,0,0,0,0,0,0,1
TR1_RB15,6_7,15,Nov,2014,RB,TR1,TRUE,Brush,TR,0,3,1,0,0,0,0,1,0,0,0,0,0,0,0,0,0,0,0,0
TR1_RB15,6_7,15,Nov,2015,RB,TR1,TRUE,Brush,TR,0,2,1,0,0,0,0,1,0,0,0,0,0,0,0,0,0,0,0,0
TR1_RB2,6_7,2,Aug,2013,RB,TR1,TRUE,Brush,TR,0,0,27,0,0,0,1,0,0,0,0,1,1,0,2,0,0,0,0,1
TR1_RB2,6_7,2,Aug,2014,RB,TR1,TRUE,Brush,TR,0,0,0,1,0,0,0,0,0,0,0,0,2,0,1,0,0,0,0,0
TR1_RB2,6_7,2,Aug,2015,RB,TR1,TRUE,Brush,TR,0,1,0,0,0,0,0,0,0,0,0,0,0,0,1,0,0,0,0,0
TR1_RB2,6_7,2,Nov,2013,RB,TR1,TRUE,Brush,TR,0,1,0,0,1,0,0,1,0,0,0,13,0,0,2,0,0,0,0,2
TR1_RB2,6_7,2,Nov,2014,RB,TR1,TRUE,Brush,TR,0,1,0,0,0,0,0,0,0,0,0,0,0,0,1,0,0,0,0,0
TR1_RB2,6_7,2,Nov,2015,RB,TR1,TRUE,Brush,TR,0,1,0,0,0,0,0,0,0,0,0,0,0,0,1,0,0,0,0,0
TR1_RB3,6_7,3,Aug,2013,RB,TR1,TRUE,Brush,TR,0,0,0,0,4,0,0,0,0,0,0,40,0,0,0,0,0,0,0,0
TR1_RB3,6_7,3,Aug,2014,RB,TR1,TRUE,Brush,TR,0,2,0,0,0,0,0,1,0,0,0,1,2,0,0,0,0,0,0,1
TR1_RB3,6_7,3,Aug,2015,RB,TR1,TRUE,Brush,TR,0,0,0,0,0,0,0,1,0,0,0,0,0,0,0,0,0,0,0,0
TR1_RB3,6_7,3,Nov,2013,RB,TR1,TRUE,Brush,TR,0,0,5,0,3,1,0,1,1,0,0,0,0,0,0,0,0,0,0,0
TR1_RB3,6_7,3,Nov,2014,RB,TR1,TRUE,Brush,TR,0,9,0,0,0,0,0,1,0,0,0,1,0,0,0,0,0,0,0,0
TR1_RB3,6_7,3,Nov,2015,RB,TR1,TRUE,Brush,TR,0,1,0,0,0,0,0,1,0,0,0,0,0,0,0,0,0,0,0,0
TR1_RB4,6_7,4,Aug,2013,RB,TR1,TRUE,Brush,TR,0,0,0,0,3,0,0,0,0,0,0,19,2,0,0,0,0,0,0,0
TR1_RB4,6_7,4,Aug,2014,RB,TR1,TRUE,Brush,TR,0,3,0,0,0,0,0,0,0,0,0,0,0,0,0,2,0,0,0,1
TR1_RB4,6_7,4,Aug,2015,RB,TR1,TRUE,Brush,TR,0,1,0,0,0,0,0,0,0,0,0,0,0,0,0,0,0,0,0,0
TR1_RB4,6_7,4,Nov,2013,RB,TR1,TRUE,Brush,TR,0,0,8,0,3,0,0,0,0,0,0,4,0,0,0,0,0,0,0,0
TR1_RB4,6_7,4,Nov,2014,RB,TR1,TRUE,Brush,TR,0,2,0,0,0,2,0,0,0,0,0,0,0,0,0,0,0,0,0,0
TR1_RB4,6_7,4,Nov,2015,RB,TR1,TRUE,Brush,TR,0,2,0,0,0,0,0,0,0,0,0,0,0,0,0,0,0,0,0,0
TR1_RB5,6_7,5,Aug,2013,RB,TR1,TRUE,Brush,TR,0,0,0,0,2,0,0,0,2,0,0,48,0,0,0,0,0,0,0,0
TR1_RB5,6_7,5,Aug,2014,RB,TR1,TRUE,Brush,TR,0,2,0,0,0,0,0,0,2,0,0,1,1,0,0,0,0,0,0,0
TR1_RB5,6_7,5,Aug,2015,RB,TR1,TRUE,Brush,TR,0,4,0,1,0,0,0,0,1,0,0,1,0,0,0,0,0,0,0,0
TR1_RB5,6_7,5,Nov,2013,RB,TR1,TRUE,Brush,TR,0,0,16,0,2,1,0,0,2,0,0,16,0,0,0,0,0,0,0,0
TR1_RB5,6_7,5,Nov,2014,RB,TR1,TRUE,Brush,TR,0,3,0,0,0,0,0,0,2,0,0,1,0,0,0,0,0,1,0,0
TR1_RB5,6_7,5,Nov,2015,RB,TR1,TRUE,Brush,TR,0,4,0,0,0,0,0,0,1,0,0,1,0,0,0,0,0,0,0,0
TR1_RB6,6_7,6,Aug,2013,RB,TR1,TRUE,Brush,TR,0,0,0,0,0,0,0,0,0,0,0,54,1,0,1,0,0,0,1,4
TR1_RB6,6_7,6,Aug,2014,RB,TR1,TRUE,Brush,TR,0,3,0,1,0,0,0,0,0,0,0,0,0,1,0,0,0,0,0,0
TR1_RB6,6_7,6,Aug,2015,RB,TR1,TRUE,Brush,TR,0,3,1,3,0,0,0,0,0,0,0,0,0,0,0,0,0,0,0,0
TR1_RB6,6_7,6,Nov,2013,RB,TR1,TRUE,Brush,TR,0,3,10,0,2,0,0,0,1,0,0,6,0,0,1,0,0,0,0,1
TR1_RB6,6_7,6,Nov,2014,RB,TR1,TRUE,Brush,TR,0,4,0,0,0,0,0,0,0,0,0,0,0,0,0,0,0,0,0,0
TR1_RB6,6_7,6,Nov,2015,RB,TR1,TRUE,Brush,TR,0,3,1,0,0,0,0,0,0,0,0,0,0,0,0,0,0,0,0,0
TR1_RB7,6_7,7,Aug,2013,RB,TR1,TRUE,Brush,TR,0,0,7,0,1,0,0,0,1,0,0,2,3,0,3,0,0,0,0,1
TR1_RB7,6_7,7,Aug,2014,RB,TR1,TRUE,Brush,TR,0,2,0,2,0,0,0,0,0,0,1,0,0,0,0,0,0,0,0,0
TR1_RB7,6_7,7,Aug,2015,RB,TR1,TRUE,Brush,TR,0,2,0,0,0,0,0,0,0,0,0,0,0,0,0,0,0,0,0,0
TR1_RB7,6_7,7,Nov,2013,RB,TR1,TRUE,Brush,TR,0,0,8,0,1,3,0,0,0,0,0,2,2,0,1,0,0,0,0,1
TR1_RB7,6_7,7,Nov,2014,RB,TR1,TRUE,Brush,TR,0,0,0,0,2,0,0,0,0,0,0,0,0,0,0,0,0,0,0,0
TR1_RB7,6_7,7,Nov,2015,RB,TR1,TRUE,Brush,TR,0,1,0,0,0,0,0,0,0,0,0,0,0,0,0,0,0,0,0,0
TR1_RB8,6_7,8,Aug,2013,RB,TR1,TRUE,Brush,TR,0,0,9,1,0,0,0,0,0,0,0,6,1,0,0,0,0,0,0,0
TR1_RB8,6_7,8,Aug,2014,RB,TR1,TRUE,Brush,TR,0,2,0,1,0,0,0,1,0,0,0,0,0,0,1,0,0,0,0,0
TR1_RB8,6_7,8,Aug,2015,RB,TR1,TRUE,Brush,TR,0,3,0,1,0,0,0,1,0,0,0,0,0,0,0,0,0,0,0,0
TR1_RB8,6_7,8,Nov,2013,RB,TR1,TRUE,Brush,TR,0,0,1,0,0,0,0,1,0,0,0,3,1,0,0,0,0,0,5,3
TR1_RB8,6_7,8,Nov,2014,RB,TR1,TRUE,Brush,TR,0,3,0,0,4,0,0,1,0,0,0,0,0,0,0,0,0,0,0,0
TR1_RB8,6_7,8,Nov,2015,RB,TR1,TRUE,Brush,TR,0,4,0,0,0,0,0,1,0,0,0,0,0,0,0,0,0,0,0,0
TR1_RB9,6_7,9,Aug,2013,RB,TR1,TRUE,Brush,TR,0,0,15,0,1,0,1,0,0,0,0,11,2,0,0,0,0,0,0,0
TR1_RB9,6_7,9,Aug,2014,RB,TR1,TRUE,Brush,TR,0,0,0,1,2,0,0,0,0,0,1,0,0,0,0,1,0,0,0,0
TR1_RB9,6_7,9,Aug,2015,RB,TR1,TRUE,Brush,TR,0,2,0,0,0,0,0,0,0,0,0,0,0,0,0,0,0,0,0,0
TR1_RB9,6_7,9,Nov,2013,RB,TR1,TRUE,Brush,TR,0,0,15,0,0,0,0,0,0,0,0,9,1,0,0,0,0,0,0,0
TR1_RB9,6_7,9,Nov,2014,RB,TR1,TRUE,Brush,TR,0,0,0,0,2,0,0,0,0,0,0,0,0,0,0,0,0,0,0,0
TR1_RB9,6_7,9,Nov,2015,RB,TR1,TRUE,Brush,TR,0,2,0,0,0,0,0,0,0,0,0,0,0,0,0,0,0,0,0,0
TR2_RB1,6_7,16,Aug,2013,RB,TR2,TRUE,Brush,TR,0,0,2,0,0,0,0,0,0,0,0,0,0,0,0,0,0,0,0,0
TR2_RB1,6_7,16,Aug,2014,RB,TR2,TRUE,Brush,TR,0,0,0,0,0,0,0,0,0,0,0,0,0,0,0,0,0,0,0,0
TR2_RB1,6_7,16,Aug,2015,RB,TR2,TRUE,Brush,TR,0,1,0,0,0,0,0,0,0,0,0,0,0,0,0,0,0,0,0,0
TR2_RB1,6_7,16,Nov,2013,RB,TR2,TRUE,Brush,TR,0,0,0,0,0,0,0,0,0,0,0,0,0,0,0,0,0,0,0,0
TR2_RB1,6_7,16,Nov,2014,RB,TR2,TRUE,Brush,TR,0,0,0,0,0,0,0,0,0,0,0,0,0,0,0,0,0,0,0,0
TR2_RB1,6_7,16,Nov,2015,RB,TR2,TRUE,Brush,TR,0,1,0,0,0,0,0,0,0,0,0,0,0,0,0,0,0,0,0,0
TR2_RB10,6_7,25,Aug,2013,RB,TR2,TRUE,Brush,TR,0,0,1,0,0,0,0,0,0,0,0,0,1,0,0,0,0,0,0,0
TR2_RB10,6_7,25,Aug,2014,RB,TR2,TRUE,Brush,TR,0,0,0,1,0,0,0,0,0,0,0,0,0,0,0,0,0,0,0,0
TR2_RB10,6_7,25,Aug,2015,RB,TR2,TRUE,Brush,TR,0,1,0,0,0,0,0,0,0,0,0,0,0,0,0,0,0,0,0,0
TR2_RB10,6_7,25,Nov,2013,RB,TR2,TRUE,Brush,TR,0,0,0,0,0,0,0,0,0,0,0,0,0,0,0,0,0,0,0,1
TR2_RB10,6_7,25,Nov,2014,RB,TR2,TRUE,Brush,TR,0,1,0,0,0,0,0,0,0,0,0,0,0,0,0,0,0,0,0,0
TR2_RB10,6_7,25,Nov,2015,RB,TR2,TRUE,Brush,TR,0,1,0,0,0,0,0,0,0,0,0,0,0,0,0,0,0,0,0,0
TR2_RB11,6_7,26,Aug,2013,RB,TR2,TRUE,Brush,TR,0,0,0,0,0,0,0,0,0,0,0,0,0,0,0,0,0,0,0,1
TR2_RB11,6_7,26,Aug,2014,RB,TR2,TRUE,Brush,TR,0,0,0,1,0,0,0,0,0,0,0,0,1,0,0,1,0,0,0,0
TR2_RB11,6_7,26,Aug,2015,RB,TR2,TRUE,Brush,TR,0,0,0,0,0,0,0,0,0,0,0,0,0,0,0,0,0,0,0,0
TR2_RB11,6_7,26,Nov,2013,RB,TR2,TRUE,Brush,TR,0,0,0,0,0,0,0,0,0,0,0,0,0,0,0,0,0,0,1,0
TR2_RB11,6_7,26,Nov,2014,RB,TR2,TRUE,Brush,TR,0,0,0,0,0,0,0,0,0,0,0,0,0,0,0,0,0,0,0,0
TR2_RB11,6_7,26,Nov,2015,RB,TR2,TRUE,Brush,TR,0,0,0,0,0,0,0,0,0,0,0,0,0,0,0,0,0,0,0,0
TR2_RB12,6_7,27,Aug,2013,RB,TR2,TRUE,Brush,TR,0,0,0,0,0,0,0,0,0,0,0,0,1,0,0,0,0,0,0,0
TR2_RB12,6_7,27,Aug,2014,RB,TR2,TRUE,Brush,TR,0,0,0,1,0,0,0,0,0,0,0,0,0,0,0,0,0,0,0,0
TR2_RB12,6_7,27,Aug,2015,RB,TR2,TRUE,Brush,TR,0,0,0,0,0,0,0,0,0,0,0,0,0,0,0,0,0,0,0,0
TR2_RB12,6_7,27,Nov,2013,RB,TR2,TRUE,Brush,TR,0,0,4,0,0,0,0,0,0,0,0,3,0,0,0,0,0,0,0,0
TR2_RB12,6_7,27,Nov,2014,RB,TR2,TRUE,Brush,TR,0,0,0,0,0,0,0,0,0,0,0,0,0,0,0,0,0,0,0,0
TR2_RB12,6_7,27,Nov,2015,RB,TR2,TRUE,Brush,TR,0,0,0,0,0,0,0,0,0,0,0,0,0,0,0,0,0,0,0,0
TR2_RB13,6_7,28,Aug,2013,RB,TR2,TRUE,Brush,TR,0,0,14,0,1,0,0,0,0,0,0,9,0,0,0,0,0,0,0,0
TR2_RB13,6_7,28,Aug,2014,RB,TR2,TRUE,Brush,TR,0,0,1,0,1,0,0,0,0,0,0,1,1,0,0,0,0,0,0,0
TR2_RB13,6_7,28,Aug,2015,RB,TR2,TRUE,Brush,TR,0,0,0,0,0,0,0,0,0,0,0,0,0,0,0,0,0,0,0,0
TR2_RB13,6_7,28,Nov,2013,RB,TR2,TRUE,Brush,TR,0,0,5,0,1,0,0,0,0,0,0,4,0,0,0,0,0,0,0,0
TR2_RB13,6_7,28,Nov,2014,RB,TR2,TRUE,Brush,TR,0,1,0,0,0,0,0,0,0,0,0,1,0,0,0,0,0,0,0,0
TR2_RB13,6_7,28,Nov,2015,RB,TR2,TRUE,Brush,TR,0,1,0,0,0,0,0,0,0,0,0,0,0,0,0,0,0,0,0,0
TR2_RB14,6_7,29,Aug,2013,RB,TR2,TRUE,Brush,TR,0,0,0,0,0,0,0,0,0,0,0,0,0,0,0,0,0,0,0,1
TR2_RB14,6_7,29,Aug,2014,RB,TR2,TRUE,Brush,TR,0,0,0,6,0,0,0,0,0,0,0,0,1,0,0,0,0,0,0,0
TR2_RB14,6_7,29,Aug,2015,RB,TR2,TRUE,Brush,TR,0,0,0,1,0,0,0,0,0,0,0,0,0,0,0,0,0,0,0,0
TR2_RB14,6_7,29,Nov,2013,RB,TR2,TRUE,Brush,TR,0,0,0,0,0,0,0,0,0,0,0,0,0,0,0,0,0,0,0,1
TR2_RB14,6_7,29,Nov,2014,RB,TR2,TRUE,Brush,TR,0,0,0,0,0,0,0,0,0,0,0,0,0,0,0,0,0,0,0,0
TR2_RB14,6_7,29,Nov,2015,RB,TR2,TRUE,Brush,TR,0,0,0,0,0,0,0,0,0,0,0,0,0,0,0,0,0,0,0,0
TR2_RB15,6_7,30,Aug,2013,RB,TR2,TRUE,Brush,TR,0,0,4,0,0,0,0,0,0,0,0,0,0,0,1,0,0,0,0,1
TR2_RB15,6_7,30,Aug,2014,RB,TR2,TRUE,Brush,TR,0,2,0,0,1,0,0,0,0,0,0,1,4,0,1,0,0,0,0,0
TR2_RB15,6_7,30,Aug,2015,RB,TR2,TRUE,Brush,TR,0,1,0,0,0,0,0,0,0,0,0,0,0,0,0,0,0,0,0,0
TR2_RB15,6_7,30,Nov,2013,RB,TR2,TRUE,Brush,TR,0,0,8,0,0,1,0,1,0,0,0,4,1,0,1,0,0,0,1,0
TR2_RB15,6_7,30,Nov,2014,RB,TR2,TRUE,Brush,TR,0,3,0,0,1,0,0,0,0,0,0,0,0,0,0,0,0,0,0,0
TR2_RB15,6_7,30,Nov,2015,RB,TR2,TRUE,Brush,TR,0,0,0,0,0,0,0,0,0,0,0,0,0,0,0,0,0,0,0,0
TR2_RB2,6_7,17,Aug,2013,RB,TR2,TRUE,Brush,TR,0,0,2,0,0,0,0,0,0,0,0,3,1,0,2,0,0,0,0,1
TR2_RB2,6_7,17,Aug,2014,RB,TR2,TRUE,Brush,TR,0,0,0,0,0,0,0,0,1,0,0,0,0,0,0,0,0,0,0,0
TR2_RB2,6_7,17,Aug,2015,RB,TR2,TRUE,Brush,TR,0,0,0,0,0,0,0,0,0,0,0,0,0,0,0,0,0,0,0,0
TR2_RB2,6_7,17,Nov,2013,RB,TR2,TRUE,Brush,TR,0,0,6,0,1,6,0,1,1,0,0,10,1,0,2,0,0,0,0,1
TR2_RB2,6_7,17,Nov,2014,RB,TR2,TRUE,Brush,TR,0,0,0,0,0,0,0,0,0,0,0,0,0,0,0,0,0,0,0,0
TR2_RB2,6_7,17,Nov,2015,RB,TR2,TRUE,Brush,TR,0,0,0,0,0,0,0,0,0,0,0,0,0,0,0,0,0,0,0,0
TR2_RB3,6_7,18,Aug,2013,RB,TR2,TRUE,Brush,TR,0,0,0,1,0,0,0,0,1,0,0,0,0,0,0,0,0,0,0,0
TR2_RB3,6_7,18,Aug,2014,RB,TR2,TRUE,Brush,TR,0,0,0,3,1,0,0,0,1,0,0,0,0,0,0,0,0,0,0,0
TR2_RB3,6_7,18,Aug,2015,RB,TR2,TRUE,Brush,TR,0,1,0,0,0,0,0,0,1,0,0,0,0,0,0,0,0,0,0,0
TR2_RB3,6_7,18,Nov,2013,RB,TR2,TRUE,Brush,TR,0,0,0,0,0,0,0,0,0,0,0,0,0,0,0,0,0,0,0,0
TR2_RB3,6_7,18,Nov,2014,RB,TR2,TRUE,Brush,TR,0,1,0,0,2,0,0,0,1,0,0,0,0,0,0,1,0,0,0,0
TR2_RB3,6_7,18,Nov,2015,RB,TR2,TRUE,Brush,TR,0,1,0,0,0,0,0,0,1,0,0,0,0,0,0,0,0,0,0,0
TR2_RB4,6_7,19,Aug,2013,RB,TR2,TRUE,Brush,TR,0,0,5,1,1,0,0,0,0,0,0,13,1,0,1,0,0,0,0,1
TR2_RB4,6_7,19,Aug,2014,RB,TR2,TRUE,Brush,TR,0,0,0,1,0,0,0,0,0,0,0,0,3,0,0,0,0,0,0,0
TR2_RB4,6_7,19,Aug,2015,RB,TR2,TRUE,Brush,TR,0,0,0,0,0,0,0,0,0,0,0,0,0,0,0,0,0,0,0,0
TR2_RB4,6_7,19,Nov,2013,RB,TR2,TRUE,Brush,TR,0,0,5,0,1,0,0,0,0,0,0,11,0,0,1,0,0,0,1,0
TR2_RB4,6_7,19,Nov,2014,RB,TR2,TRUE,Brush,TR,0,0,0,0,0,0,0,0,0,0,0,0,0,0,0,0,0,0,0,0
TR2_RB4,6_7,19,Nov,2015,RB,TR2,TRUE,Brush,TR,0,0,0,0,0,0,0,0,0,0,0,0,0,0,0,0,0,0,0,0
TR2_RB5,6_7,20,Aug,2013,RB,TR2,TRUE,Brush,TR,0,0,2,0,0,0,0,0,0,0,0,1,0,0,0,0,0,0,0,0
TR2_RB5,6_7,20,Aug,2014,RB,TR2,TRUE,Brush,TR,0,0,0,1,0,0,0,0,0,0,0,0,4,0,0,0,0,0,0,0
TR2_RB5,6_7,20,Aug,2015,RB,TR2,TRUE,Brush,TR,0,1,0,0,0,0,0,0,0,0,0,0,0,0,0,0,0,0,0,0
TR2_RB5,6_7,20,Nov,2013,RB,TR2,TRUE,Brush,TR,0,0,4,0,0,0,0,0,0,0,0,0,0,0,0,0,0,0,0,0
TR2_RB5,6_7,20,Nov,2014,RB,TR2,TRUE,Brush,TR,0,1,0,0,1,0,0,0,0,0,0,0,0,0,0,0,0,0,0,0
TR2_RB5,6_7,20,Nov,2015,RB,TR2,TRUE,Brush,TR,0,1,0,0,0,0,0,0,0,0,0,0,0,0,0,0,0,0,0,0
TR2_RB6,6_7,21,Aug,2013,RB,TR2,TRUE,Brush,TR,0,0,8,0,0,0,0,0,0,0,0,15,1,0,1,0,0,0,0,2
TR2_RB6,6_7,21,Aug,2014,RB,TR2,TRUE,Brush,TR,0,0,0,8,6,0,0,0,0,0,0,6,0,0,0,0,0,0,0,0
TR2_RB6,6_7,21,Aug,2015,RB,TR2,TRUE,Brush,TR,0,0,0,0,0,0,0,0,0,0,0,1,0,0,0,0,0,0,0,0
TR2_RB6,6_7,21,Nov,2013,RB,TR2,TRUE,Brush,TR,0,0,25,0,2,0,0,0,0,0,0,16,0,0,0,0,0,0,0,1
TR2_RB6,6_7,21,Nov,2014,RB,TR2,TRUE,Brush,TR,0,0,0,0,0,0,0,0,0,0,0,2,0,0,0,0,0,0,0,0
TR2_RB6,6_7,21,Nov,2015,RB,TR2,TRUE,Brush,TR,0,0,0,0,0,0,0,0,0,0,0,1,0,0,0,0,0,0,0,0
TR2_RB7,6_7,22,Aug,2013,RB,TR2,TRUE,Brush,TR,0,0,7,4,0,0,0,0,0,0,0,25,0,0,1,0,0,0,0,3
TR2_RB7,6_7,22,Aug,2014,RB,TR2,TRUE,Brush,TR,0,2,0,4,0,0,0,1,0,0,0,1,1,0,0,0,0,0,0,0
TR2_RB7,6_7,22,Aug,2015,RB,TR2,TRUE,Brush,TR,0,3,0,3,0,0,0,1,0,0,0,0,0,0,0,1,0,0,0,0
TR2_RB7,6_7,22,Nov,2013,RB,TR2,TRUE,Brush,TR,0,0,13,0,0,0,0,2,0,0,0,10,0,0,1,0,0,0,0,3
TR2_RB7,6_7,22,Nov,2014,RB,TR2,TRUE,Brush,TR,0,2,0,0,0,0,0,1,0,0,0,0,0,0,0,0,0,0,0,0
TR2_RB7,6_7,22,Nov,2015,RB,TR2,TRUE,Brush,TR,0,3,0,0,0,0,0,1,0,0,0,1,0,0,0,0,0,0,0,0
TR2_RB8,6_7,23,Aug,2013,RB,TR2,TRUE,Brush,TR,0,0,0,0,0,0,0,0,1,0,0,0,1,0,5,0,0,0,1,2
TR2_RB8,6_7,23,Aug,2014,RB,TR2,TRUE,Brush,TR,0,0,0,1,0,0,0,1,0,0,0,3,1,0,0,0,0,0,0,0
TR2_RB8,6_7,23,Aug,2015,RB,TR2,TRUE,Brush,TR,0,0,0,1,0,0,0,1,0,0,0,0,0,0,0,0,0,0,0,0
TR2_RB8,6_7,23,Nov,2013,RB,TR2,TRUE,Brush,TR,0,0,1,0,0,0,0,3,2,0,0,4,1,0,4,0,0,0,1,2
TR2_RB8,6_7,23,Nov,2014,RB,TR2,TRUE,Brush,TR,0,0,0,0,0,0,0,1,0,0,0,0,0,0,0,0,0,0,0,0
TR2_RB8,6_7,23,Nov,2015,RB,TR2,TRUE,Brush,TR,0,0,0,0,0,0,0,1,0,0,0,0,0,0,0,0,0,0,0,0
TR2_RB9,6_7,24,Aug,2013,RB,TR2,TRUE,Brush,TR,0,0,0,0,0,0,0,0,0,0,0,0,0,0,0,0,0,0,0,1
TR2_RB9,6_7,24,Aug,2014,RB,TR2,TRUE,Brush,TR,0,3,0,2,0,0,0,0,0,0,0,1,2,0,0,0,0,0,0,1
TR2_RB9,6_7,24,Aug,2015,RB,TR2,TRUE,Brush,TR,0,4,0,0,0,0,0,0,0,0,0,0,0,0,0,0,0,0,0,0
TR2_RB9,6_7,24,Nov,2013,RB,TR2,TRUE,Brush,TR,0,0,1,0,0,0,0,0,0,0,0,2,0,0,0,0,0,0,0,1
TR2_RB9,6_7,24,Nov,2014,RB,TR2,TRUE,Brush,TR,0,4,0,0,1,0,0,0,0,0,0,1,0,0,0,0,0,0,0,1
TR2_RB9,6_7,24,Nov,2015,RB,TR2,TRUE,Brush,TR,0,3,0,0,0,0,0,0,0,0,0,0,0,0,0,0,0,0,0,0
TR3_RB1,6_7,31,Aug,2013,RB,TR3,TRUE,Brush,TR,0,0,4,0,0,0,0,0,0,0,0,0,0,0,0,0,0,0,0,0
TR3_RB1,6_7,31,Aug,2014,RB,TR3,TRUE,Brush,TR,0,0,0,1,0,0,0,0,0,0,0,0,4,0,0,1,0,0,0,2
TR3_RB1,6_7,31,Aug,2015,RB,TR3,TRUE,Brush,TR,0,0,0,0,0,0,0,0,0,0,0,0,0,0,0,0,0,0,0,0
TR3_RB1,6_7,31,Nov,2013,RB,TR3,TRUE,Brush,TR,0,0,3,0,0,0,0,0,0,0,0,0,0,0,0,0,0,0,0,0
TR3_RB1,6_7,31,Nov,2014,RB,TR3,TRUE,Brush,TR,0,0,0,0,0,0,0,0,0,0,0,0,0,0,0,0,0,0,0,0
TR3_RB1,6_7,31,Nov,2015,RB,TR3,TRUE,Brush,TR,0,0,0,0,0,0,0,0,0,0,0,0,0,0,0,0,0,0,0,0
TR3_RB10,6_7,40,Aug,2013,RB,TR3,TRUE,Brush,TR,0,0,4,0,0,0,0,0,0,0,0,6,0,0,0,0,0,0,0,0
TR3_RB10,6_7,40,Aug,2014,RB,TR3,TRUE,Brush,TR,0,0,0,0,0,0,0,0,0,0,0,1,0,0,0,0,0,0,0,0
TR3_RB10,6_7,40,Aug,2015,RB,TR3,TRUE,Brush,TR,1,0,0,0,0,0,0,0,0,0,0,1,0,0,0,0,0,0,0,1
TR3_RB10,6_7,40,Nov,2013,RB,TR3,TRUE,Brush,TR,0,0,2,0,0,1,0,0,0,0,0,11,0,0,0,0,0,0,0,0
TR3_RB10,6_7,40,Nov,2014,RB,TR3,TRUE,Brush,TR,0,0,0,0,0,0,0,0,0,0,0,1,0,0,0,0,0,0,0,0
TR3_RB10,6_7,40,Nov,2015,RB,TR3,TRUE,Brush,TR,0,0,0,0,0,0,0,0,0,0,0,1,0,0,0,0,0,0,0,0
TR3_RB11,6_7,41,Aug,2013,RB,TR3,TRUE,Brush,TR,0,0,6,2,0,0,0,1,1,0,0,7,0,0,4,0,0,0,0,1
TR3_RB11,6_7,41,Aug,2014,RB,TR3,TRUE,Brush,TR,0,0,1,0,0,2,0,1,1,0,0,0,0,0,0,2,0,0,1,0
TR3_RB11,6_7,41,Aug,2015,RB,TR3,TRUE,Brush,TR,0,2,1,0,0,0,0,1,0,0,0,0,0,0,0,1,0,0,0,0
TR3_RB11,6_7,41,Nov,2013,RB,TR3,TRUE,Brush,TR,0,0,0,0,0,0,0,0,3,0,0,6,0,0,1,0,0,0,0,0
TR3_RB11,6_7,41,Nov,2014,RB,TR3,TRUE,Brush,TR,0,0,2,0,0,2,0,1,1,0,0,0,0,0,0,0,0,0,0,0
TR3_RB11,6_7,41,Nov,2015,RB,TR3,TRUE,Brush,TR,0,1,1,0,0,0,0,1,0,0,0,0,0,0,0,1,0,0,0,0
TR3_RB12,6_7,42,Aug,2013,RB,TR3,TRUE,Brush,TR,0,0,14,0,8,0,0,0,0,0,0,15,0,0,4,0,0,0,1,0
TR3_RB12,6_7,42,Aug,2014,RB,TR3,TRUE,Brush,TR,0,0,0,0,0,0,0,0,0,0,0,0,0,0,0,0,0,0,0,0
TR3_RB12,6_7,42,Aug,2015,RB,TR3,TRUE,Brush,TR,0,2,0,0,0,0,0,0,0,0,0,1,0,0,0,0,0,0,0,0
TR3_RB12,6_7,42,Nov,2013,RB,TR3,TRUE,Brush,TR,0,0,9,0,6,0,0,0,1,0,0,8,1,0,1,0,0,0,1,0
TR3_RB12,6_7,42,Nov,2014,RB,TR3,TRUE,Brush,TR,0,0,0,0,0,0,0,0,0,0,0,0,0,0,0,0,0,0,0,0
TR3_RB12,6_7,42,Nov,2015,RB,TR3,TRUE,Brush,TR,0,2,0,0,0,0,0,0,0,0,0,0,0,0,0,0,0,0,0,0
TR3_RB13,6_7,43,Aug,2013,RB,TR3,TRUE,Brush,TR,0,0,3,1,0,0,0,0,0,0,0,1,0,0,5,0,0,0,0,4
TR3_RB13,6_7,43,Aug,2014,RB,TR3,TRUE,Brush,TR,0,0,0,0,0,0,0,0,1,0,1,0,0,0,0,0,0,0,0,0
TR3_RB13,6_7,43,Aug,2015,RB,TR3,TRUE,Brush,TR,0,0,0,0,0,0,0,0,1,0,0,0,0,0,0,0,0,0,0,1
TR3_RB13,6_7,43,Nov,2013,RB,TR3,TRUE,Brush,TR,0,0,0,0,0,0,0,0,1,0,0,0,0,0,5,0,0,0,1,4
TR3_RB13,6_7,43,Nov,2014,RB,TR3,TRUE,Brush,TR,0,0,0,0,0,0,0,0,1,0,0,0,0,0,0,0,0,0,0,0
TR3_RB13,6_7,43,Nov,2015,RB,TR3,TRUE,Brush,TR,0,0,0,0,0,0,0,0,0,0,0,0,0,0,0,0,0,0,0,0
TR3_RB14,6_7,44,Aug,2013,RB,TR3,TRUE,Brush,TR,0,0,15,0,1,0,0,0,1,0,0,9,2,0,2,0,0,0,0,1
TR3_RB14,6_7,44,Aug,2014,RB,TR3,TRUE,Brush,TR,0,0,0,0,0,0,0,0,1,0,0,0,0,0,0,1,0,0,0,0
TR3_RB14,6_7,44,Aug,2015,RB,TR3,TRUE,Brush,TR,0,0,0,0,0,0,0,0,0,0,0,0,0,0,0,0,0,0,0,0
TR3_RB14,6_7,44,Nov,2013,RB,TR3,TRUE,Brush,TR,0,0,16,0,1,2,0,0,2,0,0,0,0,0,0,0,0,0,0,0
TR3_RB14,6_7,44,Nov,2014,RB,TR3,TRUE,Brush,TR,0,0,0,0,1,0,0,0,1,0,0,0,0,0,0,2,0,0,0,0
TR3_RB14,6_7,44,Nov,2015,RB,TR3,TRUE,Brush,TR,0,0,0,0,0,0,0,0,0,0,0,0,0,0,0,0,0,0,0,0
TR3_RB15,6_7,45,Aug,2013,RB,TR3,TRUE,Brush,TR,0,0,1,0,1,0,0,0,0,0,0,2,0,0,3,0,0,0,0,1
TR3_RB15,6_7,45,Aug,2014,RB,TR3,TRUE,Brush,TR,0,0,0,0,0,0,0,0,0,0,0,0,0,0,0,0,0,0,0,0
TR3_RB15,6_7,45,Aug,2015,RB,TR3,TRUE,Brush,TR,0,0,0,0,0,0,0,0,0,0,0,0,0,0,0,0,0,0,0,0
TR3_RB15,6_7,45,Nov,2013,RB,TR3,TRUE,Brush,TR,0,0,1,0,0,1,0,0,0,0,0,7,0,0,0,0,0,0,0,0
TR3_RB15,6_7,45,Nov,2014,RB,TR3,TRUE,Brush,TR,0,0,0,0,0,0,0,0,0,0,0,0,0,0,0,0,0,0,0,0
TR3_RB15,6_7,45,Nov,2015,RB,TR3,TRUE,Brush,TR,0,0,0,0,0,0,0,0,0,0,0,0,0,0,0,0,0,0,0,0
TR3_RB2,6_7,32,Aug,2013,RB,TR3,TRUE,Brush,TR,0,0,4,0,0,0,0,0,0,0,0,0,0,0,0,0,0,0,0,0
TR3_RB2,6_7,32,Aug,2014,RB,TR3,TRUE,Brush,TR,0,0,0,0,0,0,0,0,0,0,0,0,0,0,0,0,0,0,0,0
TR3_RB2,6_7,32,Aug,2015,RB,TR3,TRUE,Brush,TR,0,0,0,0,0,0,0,0,0,0,0,0,0,0,0,0,0,0,0,0
TR3_RB2,6_7,32,Nov,2013,RB,TR3,TRUE,Brush,TR,0,0,0,0,0,0,0,0,0,0,0,1,0,0,0,0,0,0,0,1
TR3_RB2,6_7,32,Nov,2014,RB,TR3,TRUE,Brush,TR,0,0,0,0,0,0,0,0,0,0,0,0,0,0,0,0,0,0,0,1
TR3_RB2,6_7,32,Nov,2015,RB,TR3,TRUE,Brush,TR,0,0,0,0,0,0,0,0,0,0,0,0,0,0,0,0,0,0,0,0
TR3_RB3,6_7,33,Aug,2013,RB,TR3,TRUE,Brush,TR,0,0,26,2,5,0,0,0,0,0,0,36,0,0,0,0,0,0,0,0
TR3_RB3,6_7,33,Aug,2014,RB,TR3,TRUE,Brush,TR,0,0,0,1,0,0,0,0,0,0,0,0,0,0,0,0,0,0,0,0
TR3_RB3,6_7,33,Aug,2015,RB,TR3,TRUE,Brush,TR,0,1,0,1,0,0,0,0,0,0,0,0,0,0,0,0,0,0,0,0
TR3_RB3,6_7,33,Nov,2013,RB,TR3,TRUE,Brush,TR,0,0,5,0,2,0,0,0,0,0,0,27,0,0,0,0,0,0,0,0
TR3_RB3,6_7,33,Nov,2014,RB,TR3,TRUE,Brush,TR,0,0,0,0,0,0,0,0,0,0,0,0,0,0,0,0,0,0,0,0
TR3_RB3,6_7,33,Nov,2015,RB,TR3,TRUE,Brush,TR,0,1,0,0,0,0,0,0,0,0,0,0,0,0,0,0,0,0,0,0
TR3_RB4,6_7,34,Aug,2013,RB,TR3,TRUE,Brush,TR,0,0,26,0,1,0,0,0,0,0,0,10,0,0,1,0,0,0,0,0
TR3_RB4,6_7,34,Aug,2014,RB,TR3,TRUE,Brush,TR,0,0,0,1,0,0,0,0,0,0,0,2,0,0,0,0,0,0,0,0
TR3_RB4,6_7,34,Aug,2015,RB,TR3,TRUE,Brush,TR,0,0,1,0,0,0,0,0,0,0,0,1,0,0,0,1,0,0,1,0
TR3_RB4,6_7,34,Nov,2013,RB,TR3,TRUE,Brush,TR,0,0,5,0,1,0,0,0,0,0,0,18,0,0,0,0,0,0,0,0
TR3_RB4,6_7,34,Nov,2014,RB,TR3,TRUE,Brush,TR,0,0,0,0,0,0,0,0,0,0,0,0,0,0,0,0,0,0,0,0
TR3_RB4,6_7,34,Nov,2015,RB,TR3,TRUE,Brush,TR,0,0,0,0,0,0,0,0,0,0,0,1,0,0,0,1,0,0,1,0
TR3_RB5,6_7,35,Aug,2013,RB,TR3,TRUE,Brush,TR,0,0,0,0,0,0,0,0,0,0,0,0,0,0,0,0,0,0,0,1
TR3_RB5,6_7,35,Aug,2014,RB,TR3,TRUE,Brush,TR,0,0,0,0,0,0,0,0,0,0,0,0,0,0,0,0,0,0,0,0
TR3_RB5,6_7,35,Aug,2015,RB,TR3,TRUE,Brush,TR,0,0,0,0,0,0,0,0,0,0,0,0,0,0,0,0,0,0,0,0
TR3_RB5,6_7,35,Nov,2013,RB,TR3,TRUE,Brush,TR,0,0,0,0,0,2,0,0,0,0,0,0,0,0,0,0,0,0,0,0
TR3_RB5,6_7,35,Nov,2014,RB,TR3,TRUE,Brush,TR,0,0,0,0,0,0,0,0,0,0,0,0,0,0,0,0,0,0,0,0
TR3_RB5,6_7,35,Nov,2015,RB,TR3,TRUE,Brush,TR,0,0,0,0,0,0,0,0,0,0,0,0,0,0,0,0,0,0,0,0
TR3_RB6,6_7,36,Aug,2013,RB,TR3,TRUE,Brush,TR,0,0,8,1,1,0,0,0,0,0,0,1,1,0,2,0,0,0,1,0
TR3_RB6,6_7,36,Aug,2014,RB,TR3,TRUE,Brush,TR,0,0,1,1,0,0,0,0,0,0,0,0,0,0,3,0,0,0,0,0
TR3_RB6,6_7,36,Aug,2015,RB,TR3,TRUE,Brush,TR,0,0,0,1,0,0,0,0,0,0,0,0,0,0,1,0,0,0,2,0
TR3_RB6,6_7,36,Nov,2013,RB,TR3,TRUE,Brush,TR,0,0,11,0,1,0,0,0,0,0,0,0,1,0,1,0,0,0,0,0
TR3_RB6,6_7,36,Nov,2014,RB,TR3,TRUE,Brush,TR,0,0,0,0,0,0,0,0,0,0,0,0,0,0,2,0,0,0,0,0
TR3_RB6,6_7,36,Nov,2015,RB,TR3,TRUE,Brush,TR,0,0,0,0,0,0,0,0,0,0,0,0,0,0,1,0,0,0,2,0
TR3_RB7,6_7,37,Aug,2013,RB,TR3,TRUE,Brush,TR,0,0,0,0,0,0,0,0,0,0,0,0,0,0,0,0,0,0,0,0
TR3_RB7,6_7,37,Aug,2014,RB,TR3,TRUE,Brush,TR,0,0,0,0,0,0,0,0,0,0,0,0,0,0,0,0,0,0,0,1
TR3_RB7,6_7,37,Aug,2015,RB,TR3,TRUE,Brush,TR,0,0,0,0,0,0,0,0,0,0,0,0,0,0,0,0,0,0,1,1
TR3_RB7,6_7,37,Nov,2013,RB,TR3,TRUE,Brush,TR,0,0,2,0,3,0,0,0,0,0,0,0,0,0,1,0,0,0,0,3
TR3_RB7,6_7,37,Nov,2014,RB,TR3,TRUE,Brush,TR,0,0,0,0,0,0,0,0,0,0,0,0,0,0,0,0,0,0,0,0
TR3_RB7,6_7,37,Nov,2015,RB,TR3,TRUE,Brush,TR,0,0,0,0,0,0,0,0,0,0,0,0,0,0,0,0,0,0,0,0
TR3_RB8,6_7,38,Aug,2013,RB,TR3,TRUE,Brush,TR,0,0,0,0,0,0,0,0,1,0,0,0,0,0,6,0,0,0,0,3
TR3_RB8,6_7,38,Aug,2014,RB,TR3,TRUE,Brush,TR,0,0,0,0,0,0,0,0,0,0,0,0,0,0,0,0,0,0,1,0
TR3_RB8,6_7,38,Aug,2015,RB,TR3,TRUE,Brush,TR,1,0,0,0,0,0,0,0,0,0,0,0,0,0,0,0,0,0,1,0
TR3_RB8,6_7,38,Nov,2013,RB,TR3,TRUE,Brush,TR,0,0,0,0,0,0,0,1,1,0,0,0,0,0,4,0,0,0,1,1
TR3_RB8,6_7,38,Nov,2014,RB,TR3,TRUE,Brush,TR,0,0,0,0,0,0,0,0,0,0,0,0,0,0,0,0,0,0,1,0
TR3_RB8,6_7,38,Nov,2015,RB,TR3,TRUE,Brush,TR,0,0,0,0,0,0,0,0,0,0,0,0,0,0,0,0,0,0,0,0
TR3_RB9,6_7,39,Aug,2013,RB,TR3,TRUE,Brush,TR,0,0,7,1,2,0,0,0,1,0,0,5,0,0,5,0,0,0,2,3
TR3_RB9,6_7,39,Aug,2014,RB,TR3,TRUE,Brush,TR,0,0,0,2,0,0,0,0,1,0,0,0,0,0,1,0,0,0,0,0
TR3_RB9,6_7,39,Aug,2015,RB,TR3,TRUE,Brush,TR,0,0,0,0,0,0,0,0,1,0,0,0,0,0,0,0,0,0,0,0
TR3_RB9,6_7,39,Nov,2013,RB,TR3,TRUE,Brush,TR,0,0,6,0,0,0,0,0,1,0,0,5,0,0,2,0,0,0,0,1
TR3_RB9,6_7,39,Nov,2014,RB,TR3,TRUE,Brush,TR,0,0,0,0,0,0,0,0,0,0,0,0,0,0,1,0,0,0,0,0
TR3_RB9,6_7,39,Nov,2015,RB,TR3,TRUE,Brush,TR,0,0,0,0,0,0,0,0,0,0,0,0,0,0,0,0,0,0,0,0
TR1_RBN1,6_8,1,Aug,2013,RBN,TR1,TRUE,NutBrush,TR,0,0,1,0,0,0,0,0,0,0,0,0,0,0,0,0,0,0,0,0
TR1_RBN1,6_8,1,Aug,2014,RBN,TR1,TRUE,NutBrush,TR,0,0,0,1,0,0,0,0,0,0,0,0,1,0,0,0,0,0,0,1
TR1_RBN1,6_8,1,Aug,2015,RBN,TR1,TRUE,NutBrush,TR,0,0,0,0,0,0,0,0,0,0,0,0,0,0,0,0,0,0,1,0
TR1_RBN1,6_8,1,Nov,2013,RBN,TR1,TRUE,NutBrush,TR,0,0,0,0,0,0,0,0,0,0,0,1,0,0,0,0,0,0,0,0
TR1_RBN1,6_8,1,Nov,2014,RBN,TR1,TRUE,NutBrush,TR,0,0,0,0,0,0,0,0,0,0,0,0,0,0,0,0,0,0,0,1
TR1_RBN1,6_8,1,Nov,2015,RBN,TR1,TRUE,NutBrush,TR,0,0,0,0,0,0,0,0,0,0,0,0,0,0,0,0,0,0,0,0
TR1_RBN10,6_8,10,Aug,2013,RBN,TR1,TRUE,NutBrush,TR,0,0,4,3,0,0,0,0,0,0,0,1,1,0,0,0,0,0,0,0
TR1_RBN10,6_8,10,Aug,2014,RBN,TR1,TRUE,NutBrush,TR,0,0,0,2,0,0,0,0,0,0,0,0,3,0,0,0,0,0,0,0
TR1_RBN10,6_8,10,Aug,2015,RBN,TR1,TRUE,NutBrush,TR,0,1,0,0,1,0,0,0,0,0,0,0,0,0,0,0,0,0,0,0
TR1_RBN10,6_8,10,Nov,2013,RBN,TR1,TRUE,NutBrush,TR,0,4,0,0,0,0,0,0,0,0,0,0,0,0,0,0,0,0,0,0
TR1_RBN10,6_8,10,Nov,2014,RBN,TR1,TRUE,NutBrush,TR,0,0,0,0,0,0,0,0,0,0,0,0,1,0,0,0,0,0,0,0
TR1_RBN10,6_8,10,Nov,2015,RBN,TR1,TRUE,NutBrush,TR,0,1,0,0,1,0,0,0,0,0,0,0,0,0,0,0,0,0,0,0
TR1_RBN11,6_8,11,Aug,2013,RBN,TR1,TRUE,NutBrush,TR,0,0,5,0,0,0,0,0,0,0,0,3,0,0,1,0,0,0,1,0
TR1_RBN11,6_8,11,Aug,2014,RBN,TR1,TRUE,NutBrush,TR,0,0,0,0,0,0,0,0,0,0,0,0,4,0,0,1,0,0,0,0
TR1_RBN11,6_8,11,Aug,2015,RBN,TR1,TRUE,NutBrush,TR,0,1,0,0,0,0,0,0,0,0,0,0,0,0,0,0,0,0,0,0
TR1_RBN11,6_8,11,Nov,2013,RBN,TR1,TRUE,NutBrush,TR,0,0,2,0,0,0,0,0,0,0,0,0,0,0,0,0,0,0,1,0
TR1_RBN11,6_8,11,Nov,2014,RBN,TR1,TRUE,NutBrush,TR,0,1,0,0,0,0,0,0,0,0,0,0,0,0,0,1,0,0,0,0
TR1_RBN11,6_8,11,Nov,2015,RBN,TR1,TRUE,NutBrush,TR,0,1,0,0,0,0,0,0,0,0,0,0,0,0,0,0,1,0,0,0
TR1_RBN12,6_8,12,Aug,2013,RBN,TR1,TRUE,NutBrush,TR,0,0,0,0,0,0,0,0,0,0,0,0,0,0,1,0,0,0,0,0
TR1_RBN12,6_8,12,Aug,2014,RBN,TR1,TRUE,NutBrush,TR,0,0,0,1,0,0,0,0,0,0,0,0,0,0,0,0,0,0,0,0
TR1_RBN12,6_8,12,Aug,2015,RBN,TR1,TRUE,NutBrush,TR,0,0,0,0,0,0,0,0,0,0,0,0,0,0,0,0,0,0,0,0
TR1_RBN12,6_8,12,Nov,2013,RBN,TR1,TRUE,NutBrush,TR,0,0,1,0,0,0,0,1,0,0,0,0,0,0,1,0,0,0,0,0
TR1_RBN12,6_8,12,Nov,2014,RBN,TR1,TRUE,NutBrush,TR,0,0,0,0,0,0,0,0,0,0,0,0,0,0,0,0,0,0,0,0
TR1_RBN12,6_8,12,Nov,2015,RBN,TR1,TRUE,NutBrush,TR,0,0,0,0,0,0,0,0,0,0,0,0,0,0,0,0,0,0,0,0
TR1_RBN13,6_8,13,Aug,2013,RBN,TR1,TRUE,NutBrush,TR,0,0,31,0,1,0,0,0,0,0,0,32,1,0,1,0,0,0,0,2
TR1_RBN13,6_8,13,Aug,2014,RBN,TR1,TRUE,NutBrush,TR,0,3,0,3,0,0,0,0,1,0,0,1,0,0,1,0,0,0,0,1
TR1_RBN13,6_8,13,Aug,2015,RBN,TR1,TRUE,NutBrush,TR,0,4,0,0,0,0,0,0,1,0,0,1,0,0,0,0,0,0,0,0
TR1_RBN13,6_8,13,Nov,2013,RBN,TR1,TRUE,NutBrush,TR,0,1,17,0,1,1,0,0,1,0,0,20,2,0,2,0,0,0,0,1
TR1_RBN13,6_8,13,Nov,2014,RBN,TR1,TRUE,NutBrush,TR,0,4,0,0,0,0,0,0,1,0,0,1,0,0,1,0,0,0,0,1
TR1_RBN13,6_8,13,Nov,2015,RBN,TR1,TRUE,NutBrush,TR,0,4,0,0,0,0,0,0,1,0,0,1,0,0,0,0,1,0,0,0
TR1_RBN14,6_8,14,Aug,2013,RBN,TR1,TRUE,NutBrush,TR,0,0,2,2,0,0,1,0,0,0,0,0,0,0,0,0,0,0,0,0
TR1_RBN14,6_8,14,Aug,2014,RBN,TR1,TRUE,NutBrush,TR,1,0,0,0,0,0,0,0,0,0,0,0,0,0,0,1,0,0,0,0
TR1_RBN14,6_8,14,Aug,2015,RBN,TR1,TRUE,NutBrush,TR,0,1,0,0,0,0,0,0,0,0,0,0,0,0,0,0,0,0,0,0
TR1_RBN14,6_8,14,Nov,2013,RBN,TR1,TRUE,NutBrush,TR,0,4,1,0,0,0,0,0,0,0,0,0,0,0,0,0,0,0,0,0
TR1_RBN14,6_8,14,Nov,2014,RBN,TR1,TRUE,NutBrush,TR,0,0,0,0,1,0,0,0,0,0,0,0,0,0,0,1,0,0,0,0
TR1_RBN14,6_8,14,Nov,2015,RBN,TR1,TRUE,NutBrush,TR,0,1,0,0,0,0,0,0,0,0,0,0,0,0,0,0,0,0,0,0
TR1_RBN15,6_8,15,Aug,2013,RBN,TR1,TRUE,NutBrush,TR,0,0,9,0,1,0,0,0,0,0,0,6,0,0,1,0,0,0,0,0
TR1_RBN15,6_8,15,Aug,2014,RBN,TR1,TRUE,NutBrush,TR,0,0,0,1,0,0,0,0,0,0,0,0,0,0,0,1,0,0,0,1
TR1_RBN15,6_8,15,Aug,2015,RBN,TR1,TRUE,NutBrush,TR,0,0,0,0,0,0,0,0,0,0,0,0,0,0,0,0,0,0,0,0
TR1_RBN15,6_8,15,Nov,2013,RBN,TR1,TRUE,NutBrush,TR,0,0,7,0,1,0,0,1,0,0,0,4,0,0,1,0,0,0,0,0
TR1_RBN15,6_8,15,Nov,2014,RBN,TR1,TRUE,NutBrush,TR,0,0,1,0,0,0,1,0,0,0,0,0,0,0,0,1,0,0,0,0
TR1_RBN15,6_8,15,Nov,2015,RBN,TR1,TRUE,NutBrush,TR,0,0,0,0,0,0,0,0,0,0,0,0,0,0,0,0,0,0,0,0
TR1_RBN2,6_8,2,Aug,2013,RBN,TR1,TRUE,NutBrush,TR,0,0,5,0,0,0,0,0,0,0,0,24,0,0,0,0,0,0,0,2
TR1_RBN2,6_8,2,Aug,2014,RBN,TR1,TRUE,NutBrush,TR,0,1,0,1,0,0,0,0,0,0,0,0,0,0,0,0,0,0,0,0
TR1_RBN2,6_8,2,Aug,2015,RBN,TR1,TRUE,NutBrush,TR,0,1,0,1,1,0,0,0,0,0,0,0,0,0,0,2,0,0,0,0
TR1_RBN2,6_8,2,Nov,2013,RBN,TR1,TRUE,NutBrush,TR,0,2,8,0,0,1,0,0,0,0,0,18,0,0,0,0,0,0,0,3
TR1_RBN2,6_8,2,Nov,2014,RBN,TR1,TRUE,NutBrush,TR,0,1,0,0,1,0,0,0,0,0,0,0,0,0,0,0,0,0,0,0
TR1_RBN2,6_8,2,Nov,2015,RBN,TR1,TRUE,NutBrush,TR,0,1,0,0,1,0,0,0,0,0,0,0,0,0,0,2,0,0,0,0
TR1_RBN3,6_8,3,Aug,2013,RBN,TR1,TRUE,NutBrush,TR,0,0,22,1,2,0,0,0,0,0,0,34,2,0,2,0,0,0,0,1
TR1_RBN3,6_8,3,Aug,2014,RBN,TR1,TRUE,NutBrush,TR,0,3,0,2,0,0,0,1,0,0,0,0,1,0,0,0,0,0,0,2
TR1_RBN3,6_8,3,Aug,2015,RBN,TR1,TRUE,NutBrush,TR,0,4,0,1,0,0,0,1,0,0,0,0,0,0,0,0,0,0,0,0
TR1_RBN3,6_8,3,Nov,2013,RBN,TR1,TRUE,NutBrush,TR,0,3,11,0,1,0,0,1,0,0,0,3,2,0,2,0,0,0,0,1
TR1_RBN3,6_8,3,Nov,2014,RBN,TR1,TRUE,NutBrush,TR,0,4,0,0,0,0,0,1,0,0,0,0,0,0,0,0,0,0,0,1
TR1_RBN3,6_8,3,Nov,2015,RBN,TR1,TRUE,NutBrush,TR,0,3,0,0,0,0,0,1,0,0,0,0,0,0,0,0,0,0,0,0
TR1_RBN4,6_8,4,Aug,2013,RBN,TR1,TRUE,NutBrush,TR,0,0,0,0,1,0,0,0,0,0,0,19,0,0,0,0,0,0,0,0
TR1_RBN4,6_8,4,Aug,2014,RBN,TR1,TRUE,NutBrush,TR,0,1,0,0,0,0,0,0,0,0,0,0,0,0,0,0,0,0,0,0
TR1_RBN4,6_8,4,Aug,2015,RBN,TR1,TRUE,NutBrush,TR,0,1,0,2,0,0,0,0,0,0,0,0,0,0,0,1,0,0,0,0
TR1_RBN4,6_8,4,Nov,2013,RBN,TR1,TRUE,NutBrush,TR,0,0,6,0,0,0,0,0,0,0,0,8,0,0,0,0,0,0,0,0
TR1_RBN4,6_8,4,Nov,2014,RBN,TR1,TRUE,NutBrush,TR,0,2,0,0,0,0,0,0,0,0,0,0,0,0,0,0,0,0,0,0
TR1_RBN4,6_8,4,Nov,2015,RBN,TR1,TRUE,NutBrush,TR,0,1,0,2,0,0,0,0,0,0,0,0,0,0,0,1,0,0,0,0
TR1_RBN5,6_8,5,Aug,2013,RBN,TR1,TRUE,NutBrush,TR,0,0,0,0,5,0,0,0,0,0,0,55,0,0,0,0,0,0,0,0
TR1_RBN5,6_8,5,Aug,2014,RBN,TR1,TRUE,NutBrush,TR,0,2,0,0,0,0,0,0,0,0,0,0,0,0,0,0,0,0,0,0
TR1_RBN5,6_8,5,Aug,2015,RBN,TR1,TRUE,NutBrush,TR,0,2,0,0,0,0,0,0,0,0,0,0,0,0,0,0,0,0,0,0
TR1_RBN5,6_8,5,Nov,2013,RBN,TR1,TRUE,NutBrush,TR,0,0,14,0,6,0,0,0,0,0,0,32,0,0,0,0,0,0,0,0
TR1_RBN5,6_8,5,Nov,2014,RBN,TR1,TRUE,NutBrush,TR,0,2,0,0,0,0,0,0,0,0,0,0,0,0,0,0,0,0,0,0
TR1_RBN5,6_8,5,Nov,2015,RBN,TR1,TRUE,NutBrush,TR,0,2,0,0,0,0,0,0,0,0,0,0,0,0,0,0,0,0,0,0
TR1_RBN6,6_8,6,Aug,2013,RBN,TR1,TRUE,NutBrush,TR,0,0,0,0,4,0,0,0,0,0,0,45,4,0,0,0,0,0,0,5
TR1_RBN6,6_8,6,Aug,2014,RBN,TR1,TRUE,NutBrush,TR,0,6,0,0,2,1,0,0,0,0,0,0,1,1,0,0,0,0,0,4
TR1_RBN6,6_8,6,Aug,2015,RBN,TR1,TRUE,NutBrush,TR,0,6,0,0,2,0,0,0,0,0,0,0,0,1,0,0,0,0,0,4
TR1_RBN6,6_8,6,Nov,2013,RBN,TR1,TRUE,NutBrush,TR,0,1,20,0,3,0,0,0,0,0,0,19,2,0,0,0,0,0,0,5
TR1_RBN6,6_8,6,Nov,2014,RBN,TR1,TRUE,NutBrush,TR,0,7,0,0,2,1,0,0,0,0,0,0,0,1,0,0,0,0,0,4
TR1_RBN6,6_8,6,Nov,2015,RBN,TR1,TRUE,NutBrush,TR,0,4,0,0,2,1,0,0,0,0,0,0,0,1,0,0,0,0,0,4
TR1_RBN7,6_8,7,Aug,2013,RBN,TR1,TRUE,NutBrush,TR,0,0,35,2,6,0,1,0,0,0,0,29,0,0,0,0,0,0,0,0
TR1_RBN7,6_8,7,Aug,2014,RBN,TR1,TRUE,NutBrush,TR,0,0,0,2,0,0,0,0,0,0,0,0,1,1,0,0,0,0,0,1
TR1_RBN7,6_8,7,Aug,2015,RBN,TR1,TRUE,NutBrush,TR,0,0,0,0,0,0,0,0,0,0,0,0,0,1,0,0,0,0,0,0
TR1_RBN7,6_8,7,Nov,2013,RBN,TR1,TRUE,NutBrush,TR,0,0,31,0,6,0,0,0,0,0,0,12,0,0,0,0,0,0,0,0
TR1_RBN7,6_8,7,Nov,2014,RBN,TR1,TRUE,NutBrush,TR,0,0,0,0,1,0,0,1,0,0,0,0,0,1,0,1,0,0,1,0
TR1_RBN7,6_8,7,Nov,2015,RBN,TR1,TRUE,NutBrush,TR,0,0,0,0,0,0,0,0,0,0,0,0,0,1,0,0,0,0,0,0
TR1_RBN8,6_8,8,Aug,2013,RBN,TR1,TRUE,NutBrush,TR,0,0,2,0,2,0,0,0,0,0,0,8,5,0,1,0,0,0,0,0
TR1_RBN8,6_8,8,Aug,2014,RBN,TR1,TRUE,NutBrush,TR,0,4,0,0,0,0,0,1,0,0,0,0,2,0,1,0,0,0,0,0
TR1_RBN8,6_8,8,Aug,2015,RBN,TR1,TRUE,NutBrush,TR,0,5,0,0,0,0,0,0,0,0,0,0,1,0,1,0,0,0,0,0
TR1_RBN8,6_8,8,Nov,2013,RBN,TR1,TRUE,NutBrush,TR,0,1,6,0,2,0,0,0,1,0,0,4,4,0,1,0,0,0,0,0
TR1_RBN8,6_8,8,Nov,2014,RBN,TR1,TRUE,NutBrush,TR,0,5,0,0,0,0,0,1,0,0,0,0,2,0,1,0,0,0,0,0
TR1_RBN8,6_8,8,Nov,2015,RBN,TR1,TRUE,NutBrush,TR,0,3,0,0,0,0,0,1,0,0,0,0,1,0,1,0,0,0,0,0
TR1_RBN9,6_8,9,Aug,2013,RBN,TR1,TRUE,NutBrush,TR,0,0,8,1,2,0,1,0,0,0,0,17,0,0,1,0,0,0,1,1
TR1_RBN9,6_8,9,Aug,2014,RBN,TR1,TRUE,NutBrush,TR,0,0,0,2,1,0,0,0,0,0,0,1,1,0,0,1,0,0,0,1
TR1_RBN9,6_8,9,Aug,2015,RBN,TR1,TRUE,NutBrush,TR,0,3,0,1,0,0,0,0,0,0,0,2,0,0,0,0,0,0,0,0
TR1_RBN9,6_8,9,Nov,2013,RBN,TR1,TRUE,NutBrush,TR,0,0,0,0,2,0,0,0,0,0,0,1,0,0,1,0,0,0,0,2
TR1_RBN9,6_8,9,Nov,2014,RBN,TR1,TRUE,NutBrush,TR,0,0,0,0,0,0,0,0,0,0,0,1,1,0,0,0,0,0,0,0
TR1_RBN9,6_8,9,Nov,2015,RBN,TR1,TRUE,NutBrush,TR,0,3,0,0,0,0,0,0,0,0,0,2,0,0,0,0,0,0,0,0
TR2_RBN1,6_8,16,Aug,2013,RBN,TR2,TRUE,NutBrush,TR,0,0,5,0,3,0,0,0,0,0,0,5,2,0,1,0,0,0,0,1
TR2_RBN1,6_8,16,Aug,2014,RBN,TR2,TRUE,NutBrush,TR,0,0,0,0,0,0,0,0,0,0,0,0,0,0,0,0,0,0,0,0
TR2_RBN1,6_8,16,Aug,2015,RBN,TR2,TRUE,NutBrush,TR,0,2,0,0,0,0,0,0,0,0,0,0,0,0,0,0,0,0,0,0
TR2_RBN1,6_8,16,Nov,2013,RBN,TR2,TRUE,NutBrush,TR,0,0,8,0,3,0,0,0,0,0,0,4,1,0,1,0,0,0,0,1
TR2_RBN1,6_8,16,Nov,2014,RBN,TR2,TRUE,NutBrush,TR,0,0,0,0,0,0,0,0,0,0,0,0,0,0,0,0,0,0,0,0
TR2_RBN1,6_8,16,Nov,2015,RBN,TR2,TRUE,NutBrush,TR,0,2,0,0,0,0,0,0,0,0,0,0,0,0,0,0,0,0,0,0
TR2_RBN10,6_8,25,Aug,2013,RBN,TR2,TRUE,NutBrush,TR,0,0,7,1,1,0,0,0,0,0,0,10,0,0,0,0,0,0,1,0
TR2_RBN10,6_8,25,Aug,2014,RBN,TR2,TRUE,NutBrush,TR,0,0,0,0,2,0,0,0,0,0,1,46,2,0,1,0,0,0,0,2
TR2_RBN10,6_8,25,Aug,2015,RBN,TR2,TRUE,NutBrush,TR,0,0,0,0,2,0,0,0,0,0,0,43,0,0,1,0,0,0,0,1
TR2_RBN10,6_8,25,Nov,2013,RBN,TR2,TRUE,NutBrush,TR,0,0,24,0,8,0,0,1,0,0,0,37,3,0,1,0,0,0,0,1
TR2_RBN10,6_8,25,Nov,2014,RBN,TR2,TRUE,NutBrush,TR,0,0,0,0,2,0,0,0,0,0,0,45,0,1,1,0,0,0,0,1
TR2_RBN10,6_8,25,Nov,2015,RBN,TR2,TRUE,NutBrush,TR,0,1,0,0,2,0,0,0,0,0,0,35,0,0,1,1,0,0,0,1
TR2_RBN11,6_8,26,Aug,2013,RBN,TR2,TRUE,NutBrush,TR,0,0,2,0,0,0,0,0,0,0,0,1,1,0,0,0,0,0,0,0
TR2_RBN11,6_8,26,Aug,2014,RBN,TR2,TRUE,NutBrush,TR,0,0,0,0,2,0,0,0,0,0,0,0,1,0,0,1,0,0,0,0
TR2_RBN11,6_8,26,Aug,2015,RBN,TR2,TRUE,NutBrush,TR,0,0,0,0,0,0,0,0,0,0,0,0,0,0,0,1,0,0,0,0
TR2_RBN11,6_8,26,Nov,2013,RBN,TR2,TRUE,NutBrush,TR,0,0,2,0,0,0,0,0,0,0,0,1,0,0,0,0,0,0,0,0
TR2_RBN11,6_8,26,Nov,2014,RBN,TR2,TRUE,NutBrush,TR,0,0,0,0,1,0,0,0,0,0,0,0,0,0,0,1,0,0,0,0
TR2_RBN11,6_8,26,Nov,2015,RBN,TR2,TRUE,NutBrush,TR,0,0,0,0,0,0,0,0,0,0,0,0,0,0,0,0,0,0,0,0
TR2_RBN12,6_8,27,Aug,2013,RBN,TR2,TRUE,NutBrush,TR,0,0,9,1,2,0,0,0,1,0,0,15,0,0,0,0,0,0,1,0
TR2_RBN12,6_8,27,Aug,2014,RBN,TR2,TRUE,NutBrush,TR,0,0,7,2,4,0,0,0,1,0,0,12,1,0,0,0,0,0,0,0
TR2_RBN12,6_8,27,Aug,2015,RBN,TR2,TRUE,NutBrush,TR,0,3,8,1,3,0,0,0,0,0,0,12,0,0,0,1,0,0,0,0
TR2_RBN12,6_8,27,Nov,2013,RBN,TR2,TRUE,NutBrush,TR,0,0,12,0,3,0,0,0,1,0,0,8,4,0,0,0,0,0,1,0
TR2_RBN12,6_8,27,Nov,2014,RBN,TR2,TRUE,NutBrush,TR,0,2,9,0,3,0,0,0,0,0,0,10,0,0,0,1,0,0,0,0
TR2_RBN12,6_8,27,Nov,2015,RBN,TR2,TRUE,NutBrush,TR,0,3,6,0,4,0,0,0,0,0,0,10,0,0,0,1,0,0,0,0
TR2_RBN13,6_8,28,Aug,2013,RBN,TR2,TRUE,NutBrush,TR,0,0,4,1,3,0,0,0,0,0,0,5,1,0,1,0,0,0,0,0
TR2_RBN13,6_8,28,Aug,2014,RBN,TR2,TRUE,NutBrush,TR,0,0,0,1,0,0,0,0,0,0,0,0,0,0,0,0,0,0,0,0
TR2_RBN13,6_8,28,Aug,2015,RBN,TR2,TRUE,NutBrush,TR,0,0,0,1,0,0,0,0,0,0,0,0,0,0,0,0,0,0,0,0
TR2_RBN13,6_8,28,Nov,2013,RBN,TR2,TRUE,NutBrush,TR,0,0,0,0,0,0,0,0,0,0,0,0,0,0,1,0,0,0,0,0
TR2_RBN13,6_8,28,Nov,2014,RBN,TR2,TRUE,NutBrush,TR,0,0,0,0,0,0,0,0,0,0,0,0,0,0,0,0,0,0,0,0
TR2_RBN13,6_8,28,Nov,2015,RBN,TR2,TRUE,NutBrush,TR,0,0,0,0,0,0,0,0,0,0,0,0,0,0,0,0,0,0,0,0
TR2_RBN14,6_8,29,Aug,2013,RBN,TR2,TRUE,NutBrush,TR,0,0,9,0,0,0,0,0,0,0,0,3,1,0,0,0,0,0,0,1
TR2_RBN14,6_8,29,Aug,2014,RBN,TR2,TRUE,NutBrush,TR,0,2,9,0,0,0,0,1,0,0,0,8,2,2,0,0,0,0,0,1
TR2_RBN14,6_8,29,Aug,2015,RBN,TR2,TRUE,NutBrush,TR,0,2,7,0,0,0,0,1,0,0,0,7,0,1,0,0,0,0,0,1
TR2_RBN14,6_8,29,Nov,2013,RBN,TR2,TRUE,NutBrush,TR,0,0,9,0,0,0,0,0,0,0,0,3,2,0,0,0,0,0,0,1
TR2_RBN14,6_8,29,Nov,2014,RBN,TR2,TRUE,NutBrush,TR,0,2,7,0,7,0,0,1,0,0,0,11,1,2,0,1,0,0,0,1
TR2_RBN14,6_8,29,Nov,2015,RBN,TR2,TRUE,NutBrush,TR,0,2,6,0,0,0,0,1,0,0,0,7,0,0,0,0,0,0,0,1
TR2_RBN15,6_8,30,Aug,2013,RBN,TR2,TRUE,NutBrush,TR,0,0,10,0,2,0,0,0,0,0,0,7,4,0,1,0,0,0,1,3
TR2_RBN15,6_8,30,Aug,2014,RBN,TR2,TRUE,NutBrush,TR,0,0,0,2,0,0,0,0,0,0,0,0,7,0,1,0,0,0,0,2
TR2_RBN15,6_8,30,Aug,2015,RBN,TR2,TRUE,NutBrush,TR,0,0,0,0,0,0,0,0,0,0,0,0,0,0,0,0,0,0,0,0
TR2_RBN15,6_8,30,Nov,2013,RBN,TR2,TRUE,NutBrush,TR,0,0,7,0,5,0,0,0,0,0,0,5,2,0,1,0,0,0,3,2
TR2_RBN15,6_8,30,Nov,2014,RBN,TR2,TRUE,NutBrush,TR,0,0,0,0,1,0,0,0,0,0,0,0,0,0,1,0,0,0,0,0
TR2_RBN15,6_8,30,Nov,2015,RBN,TR2,TRUE,NutBrush,TR,0,0,0,0,0,0,0,0,0,0,0,0,0,0,0,0,0,0,0,0
TR2_RBN2,6_8,17,Aug,2013,RBN,TR2,TRUE,NutBrush,TR,0,0,4,0,1,0,0,0,1,0,0,5,0,0,1,0,0,0,0,0
TR2_RBN2,6_8,17,Aug,2014,RBN,TR2,TRUE,NutBrush,TR,0,0,0,2,1,0,0,0,1,0,0,3,0,0,0,0,0,0,0,0
TR2_RBN2,6_8,17,Aug,2015,RBN,TR2,TRUE,NutBrush,TR,0,0,0,0,1,0,0,0,1,0,0,3,0,0,0,0,0,0,0,0
TR2_RBN2,6_8,17,Nov,2013,RBN,TR2,TRUE,NutBrush,TR,0,0,7,0,2,2,0,0,1,0,0,0,0,0,1,0,0,0,0,0
TR2_RBN2,6_8,17,Nov,2014,RBN,TR2,TRUE,NutBrush,TR,0,0,0,0,1,0,0,0,1,0,0,3,0,0,0,0,0,0,0,0
TR2_RBN2,6_8,17,Nov,2015,RBN,TR2,TRUE,NutBrush,TR,0,0,0,0,1,0,0,0,1,0,0,2,0,0,0,0,0,0,0,0
TR2_RBN3,6_8,18,Aug,2013,RBN,TR2,TRUE,NutBrush,TR,0,0,5,1,1,0,0,0,1,0,0,6,0,0,0,0,0,0,0,0
TR2_RBN3,6_8,18,Aug,2014,RBN,TR2,TRUE,NutBrush,TR,0,0,0,1,0,0,0,0,0,0,0,0,0,0,0,0,0,0,0,0
TR2_RBN3,6_8,18,Aug,2015,RBN,TR2,TRUE,NutBrush,TR,0,0,0,1,0,0,0,0,0,0,0,0,0,0,0,0,0,0,0,0
TR2_RBN3,6_8,18,Nov,2013,RBN,TR2,TRUE,NutBrush,TR,0,0,2,0,1,0,0,0,0,0,0,5,0,0,1,0,0,0,0,0
TR2_RBN3,6_8,18,Nov,2014,RBN,TR2,TRUE,NutBrush,TR,0,0,0,0,0,0,0,0,0,0,0,0,0,0,0,0,0,0,0,0
TR2_RBN3,6_8,18,Nov,2015,RBN,TR2,TRUE,NutBrush,TR,0,0,0,0,0,0,0,0,0,0,0,0,0,0,0,0,0,0,0,0
TR2_RBN4,6_8,19,Aug,2013,RBN,TR2,TRUE,NutBrush,TR,0,0,46,0,11,0,0,0,0,0,0,38,0,0,0,0,0,0,0,0
TR2_RBN4,6_8,19,Aug,2014,RBN,TR2,TRUE,NutBrush,TR,0,6,0,0,6,0,0,0,0,0,0,2,0,0,0,0,0,0,0,0
TR2_RBN4,6_8,19,Aug,2015,RBN,TR2,TRUE,NutBrush,TR,0,1,0,0,5,0,0,0,0,0,0,3,0,0,0,1,0,0,0,0
TR2_RBN4,6_8,19,Nov,2013,RBN,TR2,TRUE,NutBrush,TR,0,0,17,0,10,0,0,0,0,0,0,20,5,0,0,0,0,0,0,0
TR2_RBN4,6_8,19,Nov,2014,RBN,TR2,TRUE,NutBrush,TR,0,5,0,0,5,0,0,0,0,0,0,3,0,0,0,1,0,0,0,0
TR2_RBN4,6_8,19,Nov,2015,RBN,TR2,TRUE,NutBrush,TR,0,4,0,0,6,0,0,0,0,0,0,3,0,0,0,1,0,0,0,0
TR2_RBN5,6_8,20,Aug,2013,RBN,TR2,TRUE,NutBrush,TR,0,0,16,0,4,0,0,0,0,0,0,11,1,0,2,0,0,0,0,0
TR2_RBN5,6_8,20,Aug,2014,RBN,TR2,TRUE,NutBrush,TR,0,0,0,0,1,0,0,0,0,0,0,0,1,0,0,3,0,0,0,0
TR2_RBN5,6_8,20,Aug,2015,RBN,TR2,TRUE,NutBrush,TR,0,0,0,0,1,0,0,0,0,0,0,0,0,0,0,0,0,0,0,0
TR2_RBN5,6_8,20,Nov,2013,RBN,TR2,TRUE,NutBrush,TR,0,0,9,0,4,0,0,0,0,0,0,8,1,0,1,0,0,0,0,0
TR2_RBN5,6_8,20,Nov,2014,RBN,TR2,TRUE,NutBrush,TR,0,0,0,0,2,0,0,0,0,0,0,0,0,0,0,1,0,0,0,0
TR2_RBN5,6_8,20,Nov,2015,RBN,TR2,TRUE,NutBrush,TR,0,0,0,0,0,0,0,0,0,0,0,0,0,0,0,0,0,0,0,0
TR2_RBN6,6_8,21,Aug,2013,RBN,TR2,TRUE,NutBrush,TR,0,0,13,0,0,0,0,0,1,0,0,13,0,0,2,0,0,0,0,2
TR2_RBN6,6_8,21,Aug,2014,RBN,TR2,TRUE,NutBrush,TR,0,1,5,0,1,0,0,0,0,0,0,16,3,0,0,0,0,0,0,0
TR2_RBN6,6_8,21,Aug,2015,RBN,TR2,TRUE,NutBrush,TR,0,0,5,0,0,0,0,0,0,0,0,9,0,0,0,0,0,0,0,0
TR2_RBN6,6_8,21,Nov,2013,RBN,TR2,TRUE,NutBrush,TR,0,0,14,0,0,1,0,0,1,0,0,10,0,0,0,0,0,0,0,2
TR2_RBN6,6_8,21,Nov,2014,RBN,TR2,TRUE,NutBrush,TR,0,1,6,0,2,0,0,0,0,0,0,13,0,0,0,3,0,0,0,0
TR2_RBN6,6_8,21,Nov,2015,RBN,TR2,TRUE,NutBrush,TR,0,0,5,0,0,0,0,0,0,0,0,11,0,0,0,0,0,0,0,0
TR2_RBN7,6_8,22,Aug,2013,RBN,TR2,TRUE,NutBrush,TR,0,0,15,0,4,0,0,0,0,0,0,5,0,0,3,0,0,0,0,0
TR2_RBN7,6_8,22,Aug,2014,RBN,TR2,TRUE,NutBrush,TR,0,0,0,1,3,0,0,0,0,0,0,10,0,0,0,0,0,0,0,0
TR2_RBN7,6_8,22,Aug,2015,RBN,TR2,TRUE,NutBrush,TR,0,0,0,0,0,0,0,0,0,0,0,1,0,0,0,0,0,0,0,0
TR2_RBN7,6_8,22,Nov,2013,RBN,TR2,TRUE,NutBrush,TR,0,0,13,0,5,4,0,0,0,0,0,6,0,0,3,0,0,0,0,0
TR2_RBN7,6_8,22,Nov,2014,RBN,TR2,TRUE,NutBrush,TR,0,0,0,0,2,0,0,0,0,0,0,1,0,0,0,8,0,0,0,0
TR2_RBN7,6_8,22,Nov,2015,RBN,TR2,TRUE,NutBrush,TR,0,0,0,0,0,0,0,0,0,0,0,0,0,0,0,0,0,0,0,0
TR2_RBN8,6_8,23,Aug,2013,RBN,TR2,TRUE,NutBrush,TR,0,0,22,0,4,0,0,0,0,0,0,19,0,0,0,0,0,0,0,0
TR2_RBN8,6_8,23,Aug,2014,RBN,TR2,TRUE,NutBrush,TR,0,0,18,1,2,0,0,0,0,0,0,20,0,0,0,0,0,0,0,1
TR2_RBN8,6_8,23,Aug,2015,RBN,TR2,TRUE,NutBrush,TR,0,1,11,0,0,0,0,0,0,0,0,3,0,0,0,0,0,0,1,2
TR2_RBN8,6_8,23,Nov,2013,RBN,TR2,TRUE,NutBrush,TR,0,0,18,0,3,0,0,0,0,0,0,19,0,0,0,0,0,0,0,0
TR2_RBN8,6_8,23,Nov,2014,RBN,TR2,TRUE,NutBrush,TR,0,0,19,0,2,0,0,0,0,0,0,17,0,0,0,0,0,0,0,0
TR2_RBN8,6_8,23,Nov,2015,RBN,TR2,TRUE,NutBrush,TR,0,1,8,0,0,0,0,0,0,0,0,2,0,0,0,0,0,0,0,0
TR2_RBN9,6_8,24,Aug,2013,RBN,TR2,TRUE,NutBrush,TR,0,0,10,0,4,0,0,0,0,0,0,26,0,0,0,0,0,0,0,0
TR2_RBN9,6_8,24,Aug,2014,RBN,TR2,TRUE,NutBrush,TR,0,0,2,0,3,0,0,0,0,0,0,8,1,0,0,0,0,0,0,1
TR2_RBN9,6_8,24,Aug,2015,RBN,TR2,TRUE,NutBrush,TR,0,1,1,0,2,0,0,0,0,0,0,14,0,0,0,0,0,0,0,0
TR2_RBN9,6_8,24,Nov,2013,RBN,TR2,TRUE,NutBrush,TR,0,0,6,0,4,0,0,0,0,0,0,11,0,0,0,0,0,0,0,0
TR2_RBN9,6_8,24,Nov,2014,RBN,TR2,TRUE,NutBrush,TR,0,1,2,0,3,0,0,0,0,0,0,12,2,0,0,0,0,0,0,1
TR2_RBN9,6_8,24,Nov,2015,RBN,TR2,TRUE,NutBrush,TR,0,0,2,0,2,0,0,0,0,0,0,11,0,0,0,0,0,0,0,0
TR3_RBN1,6_8,31,Aug,2013,RBN,TR3,TRUE,NutBrush,TR,0,0,11,0,3,0,0,0,0,0,0,10,0,0,0,0,0,0,1,1
TR3_RBN1,6_8,31,Aug,2014,RBN,TR3,TRUE,NutBrush,TR,0,0,1,2,2,0,0,0,2,0,0,2,2,0,0,0,0,0,0,0
TR3_RBN1,6_8,31,Aug,2015,RBN,TR3,TRUE,NutBrush,TR,0,5,0,1,0,0,0,0,0,0,0,0,0,0,0,1,0,0,0,0
TR3_RBN1,6_8,31,Nov,2013,RBN,TR3,TRUE,NutBrush,TR,0,0,6,0,4,0,0,0,0,0,0,4,0,0,0,0,0,0,1,1
TR3_RBN1,6_8,31,Nov,2014,RBN,TR3,TRUE,NutBrush,TR,0,6,1,0,2,0,0,0,1,0,0,0,0,0,0,2,0,0,0,0
TR3_RBN1,6_8,31,Nov,2015,RBN,TR3,TRUE,NutBrush,TR,0,4,0,0,0,0,0,0,1,0,0,0,0,0,0,1,0,0,0,0
TR3_RBN10,6_8,40,Aug,2013,RBN,TR3,TRUE,NutBrush,TR,0,0,3,0,7,0,0,0,0,0,0,5,0,0,1,0,0,0,1,1
TR3_RBN10,6_8,40,Aug,2014,RBN,TR3,TRUE,NutBrush,TR,0,0,0,0,0,0,0,0,0,0,0,2,0,0,0,0,0,0,0,1
TR3_RBN10,6_8,40,Aug,2015,RBN,TR3,TRUE,NutBrush,TR,0,0,0,0,0,0,0,0,0,0,0,0,0,0,0,0,0,0,0,0
TR3_RBN10,6_8,40,Nov,2013,RBN,TR3,TRUE,NutBrush,TR,0,0,3,0,6,0,0,0,0,0,0,5,0,0,0,0,0,0,1,1
TR3_RBN10,6_8,40,Nov,2014,RBN,TR3,TRUE,NutBrush,TR,0,0,0,0,0,0,0,0,0,0,0,0,0,0,0,0,0,0,0,0
TR3_RBN10,6_8,40,Nov,2015,RBN,TR3,TRUE,NutBrush,TR,0,0,0,0,0,0,0,0,0,0,0,0,0,0,0,0,0,0,0,0
TR3_RBN11,6_8,41,Aug,2013,RBN,TR3,TRUE,NutBrush,TR,0,0,2,0,4,0,0,0,0,0,0,0,1,0,3,0,0,0,3,0
TR3_RBN11,6_8,41,Aug,2014,RBN,TR3,TRUE,NutBrush,TR,0,0,0,1,4,0,0,0,0,0,0,0,0,0,0,0,0,0,0,0
TR3_RBN11,6_8,41,Aug,2015,RBN,TR3,TRUE,NutBrush,TR,0,0,0,0,4,0,0,0,0,0,0,0,0,0,0,0,0,0,0,0
TR3_RBN11,6_8,41,Nov,2013,RBN,TR3,TRUE,NutBrush,TR,0,0,3,0,4,0,0,0,0,0,0,0,0,0,1,0,0,0,3,0
TR3_RBN11,6_8,41,Nov,2014,RBN,TR3,TRUE,NutBrush,TR,0,0,0,0,4,0,0,0,0,0,0,0,0,0,0,0,0,0,0,0
TR3_RBN11,6_8,41,Nov,2015,RBN,TR3,TRUE,NutBrush,TR,0,0,0,0,4,0,0,0,0,0,0,0,0,0,0,0,0,0,0,0
TR3_RBN12,6_8,42,Aug,2013,RBN,TR3,TRUE,NutBrush,TR,0,0,12,0,7,0,0,0,2,0,0,32,0,0,1,0,0,0,1,1
TR3_RBN12,6_8,42,Aug,2014,RBN,TR3,TRUE,NutBrush,TR,0,0,0,0,0,0,0,0,1,0,0,0,0,0,0,0,0,0,0,1
TR3_RBN12,6_8,42,Aug,2015,RBN,TR3,TRUE,NutBrush,TR,0,0,0,0,0,0,0,0,0,0,0,0,0,0,0,0,0,0,0,0
TR3_RBN12,6_8,42,Nov,2013,RBN,TR3,TRUE,NutBrush,TR,0,0,3,0,3,0,0,0,2,0,0,16,0,0,0,0,0,0,0,1
TR3_RBN12,6_8,42,Nov,2014,RBN,TR3,TRUE,NutBrush,TR,0,0,0,0,0,0,0,1,0,0,0,0,0,0,0,0,0,0,0,0
TR3_RBN12,6_8,42,Nov,2015,RBN,TR3,TRUE,NutBrush,TR,0,0,0,0,0,0,0,0,0,0,0,0,0,0,0,0,0,0,0,0
TR3_RBN13,6_8,43,Aug,2013,RBN,TR3,TRUE,NutBrush,TR,0,0,0,0,8,0,0,0,0,0,0,0,0,0,7,0,0,0,1,3
TR3_RBN13,6_8,43,Aug,2014,RBN,TR3,TRUE,NutBrush,TR,0,0,0,2,7,0,0,0,0,0,0,0,0,0,0,0,0,0,0,0
TR3_RBN13,6_8,43,Aug,2015,RBN,TR3,TRUE,NutBrush,TR,0,0,0,0,6,0,0,0,0,0,0,0,0,0,0,0,0,0,0,0
TR3_RBN13,6_8,43,Nov,2013,RBN,TR3,TRUE,NutBrush,TR,0,0,1,0,9,1,0,0,0,0,0,0,0,0,0,0,0,0,1,0
TR3_RBN13,6_8,43,Nov,2014,RBN,TR3,TRUE,NutBrush,TR,0,0,0,0,8,0,0,0,0,0,0,0,0,0,0,0,0,0,0,0
TR3_RBN13,6_8,43,Nov,2015,RBN,TR3,TRUE,NutBrush,TR,0,0,0,0,8,0,0,0,0,0,0,0,0,0,0,0,0,0,0,0
TR3_RBN14,6_8,44,Aug,2013,RBN,TR3,TRUE,NutBrush,TR,0,0,5,0,3,0,0,0,0,0,0,2,0,0,0,0,0,0,0,0
TR3_RBN14,6_8,44,Aug,2014,RBN,TR3,TRUE,NutBrush,TR,0,0,0,1,0,0,0,0,0,0,0,0,0,0,0,0,0,0,0,0
TR3_RBN14,6_8,44,Aug,2015,RBN,TR3,TRUE,NutBrush,TR,0,0,0,0,0,0,0,0,0,0,0,0,0,0,0,0,0,0,0,0
TR3_RBN14,6_8,44,Nov,2013,RBN,TR3,TRUE,NutBrush,TR,0,0,10,0,3,2,0,0,0,0,0,6,0,0,1,0,0,0,0,0
TR3_RBN14,6_8,44,Nov,2014,RBN,TR3,TRUE,NutBrush,TR,0,0,0,0,0,0,0,0,0,0,0,0,0,0,0,0,0,0,0,0
TR3_RBN14,6_8,44,Nov,2015,RBN,TR3,TRUE,NutBrush,TR,0,0,0,0,0,0,0,0,0,0,0,0,0,0,0,0,0,0,0,0
TR3_RBN15,6_8,45,Aug,2013,RBN,TR3,TRUE,NutBrush,TR,0,0,0,0,1,0,0,0,0,0,0,0,0,0,0,0,0,0,0,4
TR3_RBN15,6_8,45,Aug,2014,RBN,TR3,TRUE,NutBrush,TR,0,0,0,0,0,0,0,0,0,0,0,0,0,0,0,0,0,0,0,0
TR3_RBN15,6_8,45,Aug,2015,RBN,TR3,TRUE,NutBrush,TR,0,0,0,0,0,0,0,0,0,0,0,0,0,0,0,0,0,0,0,0
TR3_RBN15,6_8,45,Nov,2013,RBN,TR3,TRUE,NutBrush,TR,0,0,0,0,1,0,0,0,0,0,0,0,0,0,0,0,0,0,0,2
TR3_RBN15,6_8,45,Nov,2014,RBN,TR3,TRUE,NutBrush,TR,0,0,0,0,0,0,0,0,0,0,0,0,0,0,0,0,0,0,0,0
TR3_RBN15,6_8,45,Nov,2015,RBN,TR3,TRUE,NutBrush,TR,0,0,0,0,0,0,0,0,0,0,0,0,0,0,0,0,0,0,0,0
TR3_RBN2,6_8,32,Aug,2013,RBN,TR3,TRUE,NutBrush,TR,0,0,12,1,2,0,0,0,0,0,0,12,1,0,0,0,0,0,0,2
TR3_RBN2,6_8,32,Aug,2014,RBN,TR3,TRUE,NutBrush,TR,0,0,0,0,1,0,0,0,0,0,0,0,0,0,0,0,0,0,0,0
TR3_RBN2,6_8,32,Aug,2015,RBN,TR3,TRUE,NutBrush,TR,0,0,0,0,0,0,0,0,0,0,0,0,0,0,0,0,0,0,0,0
TR3_RBN2,6_8,32,Nov,2013,RBN,TR3,TRUE,NutBrush,TR,0,0,4,0,0,0,0,0,0,0,0,7,0,0,0,0,0,0,0,0
TR3_RBN2,6_8,32,Nov,2014,RBN,TR3,TRUE,NutBrush,TR,0,0,0,0,0,0,0,0,0,0,0,0,0,0,0,0,0,0,0,0
TR3_RBN2,6_8,32,Nov,2015,RBN,TR3,TRUE,NutBrush,TR,0,0,0,0,0,0,0,0,0,0,0,0,0,0,0,0,0,0,0,0
TR3_RBN3,6_8,33,Aug,2013,RBN,TR3,TRUE,NutBrush,TR,0,0,0,2,0,0,0,0,0,0,0,0,0,0,0,0,0,0,0,0
TR3_RBN3,6_8,33,Aug,2014,RBN,TR3,TRUE,NutBrush,TR,0,0,0,1,0,0,0,0,0,0,0,0,0,0,0,0,0,0,0,0
TR3_RBN3,6_8,33,Aug,2015,RBN,TR3,TRUE,NutBrush,TR,0,1,0,1,0,0,0,0,0,0,0,0,0,0,0,0,0,0,0,0
TR3_RBN3,6_8,33,Nov,2013,RBN,TR3,TRUE,NutBrush,TR,0,0,0,0,0,0,0,0,0,0,0,1,0,0,0,0,0,0,0,0
TR3_RBN3,6_8,33,Nov,2014,RBN,TR3,TRUE,NutBrush,TR,0,0,0,0,1,0,0,0,0,0,0,0,0,0,0,0,0,0,0,0
TR3_RBN3,6_8,33,Nov,2015,RBN,TR3,TRUE,NutBrush,TR,0,1,0,0,0,0,0,0,0,0,0,0,0,0,0,0,0,0,0,0
TR3_RBN4,6_8,34,Aug,2013,RBN,TR3,TRUE,NutBrush,TR,0,0,0,0,0,0,0,0,0,0,0,0,0,0,0,0,0,0,1,1
TR3_RBN4,6_8,34,Aug,2014,RBN,TR3,TRUE,NutBrush,TR,0,0,0,0,0,0,0,0,0,0,0,0,0,0,0,0,0,0,0,0
TR3_RBN4,6_8,34,Aug,2015,RBN,TR3,TRUE,NutBrush,TR,0,0,0,0,0,0,0,0,0,0,0,0,0,0,0,0,0,0,0,0
TR3_RBN4,6_8,34,Nov,2013,RBN,TR3,TRUE,NutBrush,TR,0,0,0,0,0,0,0,0,0,0,0,0,0,0,0,0,0,0,1,1
TR3_RBN4,6_8,34,Nov,2014,RBN,TR3,TRUE,NutBrush,TR,0,0,0,0,0,0,0,0,0,0,0,0,0,0,0,0,0,0,0,0
TR3_RBN4,6_8,34,Nov,2015,RBN,TR3,TRUE,NutBrush,TR,0,0,0,0,0,0,0,0,0,0,0,0,0,0,0,0,0,0,0,0
TR3_RBN5,6_8,35,Aug,2013,RBN,TR3,TRUE,NutBrush,TR,0,0,11,0,4,0,0,0,0,0,0,8,0,0,0,0,0,0,0,0
TR3_RBN5,6_8,35,Aug,2014,RBN,TR3,TRUE,NutBrush,TR,0,0,0,0,1,0,0,0,0,0,0,0,0,0,0,0,0,0,0,0
TR3_RBN5,6_8,35,Aug,2015,RBN,TR3,TRUE,NutBrush,TR,0,0,0,0,0,0,0,0,0,0,0,0,0,0,0,0,0,0,0,0
TR3_RBN5,6_8,35,Nov,2013,RBN,TR3,TRUE,NutBrush,TR,0,0,13,0,5,0,0,0,0,0,0,13,0,0,0,0,0,0,0,0
TR3_RBN5,6_8,35,Nov,2014,RBN,TR3,TRUE,NutBrush,TR,0,0,0,0,1,0,0,0,0,0,0,0,0,0,0,0,0,0,0,0
TR3_RBN5,6_8,35,Nov,2015,RBN,TR3,TRUE,NutBrush,TR,0,0,0,0,0,0,0,0,0,0,0,0,0,0,0,0,0,0,0,0
TR3_RBN6,6_8,36,Aug,2013,RBN,TR3,TRUE,NutBrush,TR,0,0,19,0,2,0,0,0,0,0,0,3,0,0,0,0,0,0,2,3
TR3_RBN6,6_8,36,Aug,2014,RBN,TR3,TRUE,NutBrush,TR,0,0,0,0,0,0,0,0,0,0,0,0,0,0,0,0,0,0,0,1
TR3_RBN6,6_8,36,Aug,2015,RBN,TR3,TRUE,NutBrush,TR,0,0,0,0,0,0,0,0,0,0,0,0,0,0,0,0,0,0,0,0
TR3_RBN6,6_8,36,Nov,2013,RBN,TR3,TRUE,NutBrush,TR,0,0,0,0,4,0,0,0,0,0,0,0,0,0,0,0,0,0,1,2
TR3_RBN6,6_8,36,Nov,2014,RBN,TR3,TRUE,NutBrush,TR,0,0,0,0,0,0,0,0,0,0,0,0,0,0,0,0,0,0,0,0
TR3_RBN6,6_8,36,Nov,2015,RBN,TR3,TRUE,NutBrush,TR,0,0,0,0,0,0,0,3,0,0,0,0,0,0,0,0,0,0,0,0
TR3_RBN7,6_8,37,Aug,2013,RBN,TR3,TRUE,NutBrush,TR,0,0,9,0,3,0,0,0,0,0,0,2,0,0,1,0,0,0,0,1
TR3_RBN7,6_8,37,Aug,2014,RBN,TR3,TRUE,NutBrush,TR,0,0,0,1,2,0,0,0,0,0,0,0,0,0,1,1,0,0,0,1
TR3_RBN7,6_8,37,Aug,2015,RBN,TR3,TRUE,NutBrush,TR,1,0,0,1,0,0,0,0,0,0,0,0,0,0,0,0,0,0,0,0
TR3_RBN7,6_8,37,Nov,2013,RBN,TR3,TRUE,NutBrush,TR,0,0,17,0,3,0,0,0,0,0,0,0,0,0,1,0,0,0,0,1
TR3_RBN7,6_8,37,Nov,2014,RBN,TR3,TRUE,NutBrush,TR,0,0,0,0,1,0,0,0,0,0,0,0,0,0,0,1,0,0,0,0
TR3_RBN7,6_8,37,Nov,2015,RBN,TR3,TRUE,NutBrush,TR,0,0,0,0,0,0,0,0,0,0,0,0,0,0,0,0,0,0,0,0
TR3_RBN8,6_8,38,Aug,2013,RBN,TR3,TRUE,NutBrush,TR,0,0,9,1,0,0,0,0,1,0,0,3,0,0,0,0,0,0,0,0
TR3_RBN8,6_8,38,Aug,2014,RBN,TR3,TRUE,NutBrush,TR,0,0,1,0,0,0,0,0,0,0,0,0,0,0,0,0,0,0,0,0
TR3_RBN8,6_8,38,Aug,2015,RBN,TR3,TRUE,NutBrush,TR,0,0,1,0,0,0,0,0,0,0,0,0,0,0,0,0,0,0,1,0
TR3_RBN8,6_8,38,Nov,2013,RBN,TR3,TRUE,NutBrush,TR,0,0,0,0,0,0,0,0,1,0,0,6,0,0,1,0,0,0,0,0
TR3_RBN8,6_8,38,Nov,2014,RBN,TR3,TRUE,NutBrush,TR,0,0,1,0,0,0,0,0,0,0,0,0,0,0,0,0,0,0,0,0
TR3_RBN8,6_8,38,Nov,2015,RBN,TR3,TRUE,NutBrush,TR,0,1,1,0,0,0,0,0,0,0,0,0,0,0,0,0,0,0,1,0
TR3_RBN9,6_8,39,Aug,2013,RBN,TR3,TRUE,NutBrush,TR,0,0,0,0,1,0,0,0,0,0,0,0,0,0,3,0,0,0,2,1
TR3_RBN9,6_8,39,Aug,2014,RBN,TR3,TRUE,NutBrush,TR,0,6,0,0,1,0,0,0,0,0,1,0,0,0,0,0,0,0,0,2
TR3_RBN9,6_8,39,Aug,2015,RBN,TR3,TRUE,NutBrush,TR,0,2,0,0,0,0,0,0,0,0,0,0,0,0,0,0,0,0,2,0
TR3_RBN9,6_8,39,Nov,2013,RBN,TR3,TRUE,NutBrush,TR,0,0,0,0,0,1,0,0,0,0,0,0,0,0,2,0,0,0,2,1
TR3_RBN9,6_8,39,Nov,2014,RBN,TR3,TRUE,NutBrush,TR,0,3,0,0,1,0,0,0,0,0,0,0,0,0,0,0,0,0,0,0
TR3_RBN9,6_8,39,Nov,2015,RBN,TR3,TRUE,NutBrush,TR,0,2,0,0,0,0,0,0,0,0,0,0,0,0,0,0,0,0,0,0
TR1_RBOX1,6_9,1,Aug,2013,RBOX,TR1,TRUE,Box,TR,0,0,0,0,0,0,0,0,1,0,0,1,0,0,0,0,0,0,8,2
TR1_RBOX1,6_9,1,Aug,2014,RBOX,TR1,TRUE,Box,TR,0,2,1,1,0,0,0,0,0,0,0,0,0,0,0,0,0,0,1,1
TR1_RBOX1,6_9,1,Aug,2015,RBOX,TR1,TRUE,Box,TR,0,1,0,1,0,0,0,0,0,0,0,0,0,0,0,0,0,0,1,0
TR1_RBOX1,6_9,1,Nov,2013,RBOX,TR1,TRUE,Box,TR,0,4,0,0,0,0,0,0,0,0,0,1,1,0,0,0,0,0,4,2
TR1_RBOX1,6_9,1,Nov,2014,RBOX,TR1,TRUE,Box,TR,0,1,0,0,0,0,0,0,0,0,0,0,0,0,0,0,0,0,1,1
TR1_RBOX1,6_9,1,Nov,2015,RBOX,TR1,TRUE,Box,TR,0,1,0,0,0,0,0,0,0,0,0,0,0,0,0,0,0,0,1,0
TR1_RBOX10,6_9,10,Aug,2013,RBOX,TR1,TRUE,Box,TR,0,0,3,4,0,0,0,0,1,0,0,2,0,0,2,0,0,0,1,4
TR1_RBOX10,6_9,10,Aug,2014,RBOX,TR1,TRUE,Box,TR,0,0,6,1,0,0,0,0,1,0,1,5,1,0,1,0,0,0,0,0
TR1_RBOX10,6_9,10,Aug,2015,RBOX,TR1,TRUE,Box,TR,0,0,0,2,0,0,0,0,1,0,0,0,0,0,1,0,0,0,1,0
TR1_RBOX10,6_9,10,Nov,2013,RBOX,TR1,TRUE,Box,TR,0,0,3,0,0,3,0,1,1,0,0,4,0,0,2,0,0,0,0,4
TR1_RBOX10,6_9,10,Nov,2014,RBOX,TR1,TRUE,Box,TR,0,0,2,0,0,0,0,0,1,0,0,2,0,0,1,0,0,0,0,0
TR1_RBOX10,6_9,10,Nov,2015,RBOX,TR1,TRUE,Box,TR,0,1,0,0,0,0,0,0,0,0,0,0,0,0,1,0,0,0,0,0
TR1_RBOX11,6_9,11,Aug,2013,RBOX,TR1,TRUE,Box,TR,0,0,0,0,0,0,0,0,0,0,0,2,0,0,3,0,0,0,3,1
TR1_RBOX11,6_9,11,Aug,2014,RBOX,TR1,TRUE,Box,TR,1,0,0,0,0,0,0,0,0,0,0,0,0,0,0,0,0,0,0,0
TR1_RBOX11,6_9,11,Aug,2015,RBOX,TR1,TRUE,Box,TR,0,0,0,0,0,0,0,0,0,0,0,0,0,0,0,6,0,0,1,0
TR1_RBOX11,6_9,11,Nov,2013,RBOX,TR1,TRUE,Box,TR,0,0,0,0,0,1,0,0,0,0,0,4,1,0,3,0,0,0,0,0
TR1_RBOX11,6_9,11,Nov,2014,RBOX,TR1,TRUE,Box,TR,0,3,4,0,1,0,0,0,0,0,0,0,0,0,0,2,0,0,0,0
TR1_RBOX11,6_9,11,Nov,2015,RBOX,TR1,TRUE,Box,TR,0,0,0,0,0,0,0,0,0,0,0,0,0,0,0,0,0,0,0,0
TR1_RBOX12,6_9,12,Aug,2013,RBOX,TR1,TRUE,Box,TR,0,0,2,1,0,0,0,0,0,0,0,0,3,0,1,0,0,0,0,1
TR1_RBOX12,6_9,12,Aug,2014,RBOX,TR1,TRUE,Box,TR,0,0,2,0,0,0,0,0,0,0,0,0,0,0,0,0,0,0,0,0
TR1_RBOX12,6_9,12,Aug,2015,RBOX,TR1,TRUE,Box,TR,0,1,0,0,0,0,0,0,0,0,0,1,0,0,0,0,0,0,0,0
TR1_RBOX12,6_9,12,Nov,2013,RBOX,TR1,TRUE,Box,TR,0,0,1,0,0,0,0,0,0,0,0,4,1,0,1,0,0,0,0,1
TR1_RBOX12,6_9,12,Nov,2014,RBOX,TR1,TRUE,Box,TR,0,1,2,0,0,0,0,0,0,0,0,2,0,0,0,0,0,0,0,0
TR1_RBOX12,6_9,12,Nov,2015,RBOX,TR1,TRUE,Box,TR,0,1,0,0,0,0,0,0,0,0,0,0,0,0,0,0,0,0,0,0
TR1_RBOX13,6_9,13,Aug,2013,RBOX,TR1,TRUE,Box,TR,0,0,6,0,0,0,0,0,0,0,0,0,4,0,1,0,0,0,1,2
TR1_RBOX13,6_9,13,Aug,2014,RBOX,TR1,TRUE,Box,TR,0,3,14,0,0,0,0,0,0,0,0,7,2,0,0,0,0,0,0,2
TR1_RBOX13,6_9,13,Aug,2015,RBOX,TR1,TRUE,Box,TR,0,3,0,2,0,0,0,0,0,0,0,0,0,0,0,0,0,0,0,1
TR1_RBOX13,6_9,13,Nov,2013,RBOX,TR1,TRUE,Box,TR,0,3,21,0,0,0,0,0,0,0,0,17,5,0,1,0,0,0,1,2
TR1_RBOX13,6_9,13,Nov,2014,RBOX,TR1,TRUE,Box,TR,0,3,14,0,0,0,0,0,0,0,0,7,2,0,0,0,0,0,0,2
TR1_RBOX13,6_9,13,Nov,2015,RBOX,TR1,TRUE,Box,TR,0,3,0,0,1,0,0,0,0,0,0,0,0,0,0,0,0,0,0,2
TR1_RBOX14,6_9,14,Aug,2013,RBOX,TR1,TRUE,Box,TR,0,0,0,1,0,0,0,0,2,0,0,0,1,0,2,0,0,0,1,1
TR1_RBOX14,6_9,14,Aug,2014,RBOX,TR1,TRUE,Box,TR,1,0,1,1,0,1,0,0,2,0,0,0,2,0,2,2,0,0,0,0
TR1_RBOX14,6_9,14,Aug,2015,RBOX,TR1,TRUE,Box,TR,1,1,0,1,0,0,0,0,2,0,0,0,0,0,1,0,0,0,1,0
TR1_RBOX14,6_9,14,Nov,2013,RBOX,TR1,TRUE,Box,TR,0,0,0,0,0,2,0,0,2,0,0,0,0,0,1,0,0,0,1,3
TR1_RBOX14,6_9,14,Nov,2014,RBOX,TR1,TRUE,Box,TR,0,1,0,0,0,1,0,0,2,0,0,0,0,0,2,0,0,0,0,0
TR1_RBOX14,6_9,14,Nov,2015,RBOX,TR1,TRUE,Box,TR,0,1,0,0,0,0,0,0,2,0,0,0,0,0,1,0,0,0,0,0
TR1_RBOX15,6_9,15,Aug,2013,RBOX,TR1,TRUE,Box,TR,0,0,4,1,0,0,0,0,2,0,0,1,1,0,1,0,0,0,0,6
TR1_RBOX15,6_9,15,Aug,2014,RBOX,TR1,TRUE,Box,TR,0,0,1,2,2,0,0,0,0,0,0,3,4,0,0,0,0,0,0,0
TR1_RBOX15,6_9,15,Aug,2015,RBOX,TR1,TRUE,Box,TR,1,0,0,2,0,0,0,0,0,0,0,0,0,0,0,0,0,0,1,0
TR1_RBOX15,6_9,15,Nov,2013,RBOX,TR1,TRUE,Box,TR,0,0,0,0,0,0,0,0,1,0,0,5,1,0,0,0,0,0,0,5
TR1_RBOX15,6_9,15,Nov,2014,RBOX,TR1,TRUE,Box,TR,0,0,0,0,4,0,0,0,0,0,0,3,0,0,0,0,0,0,0,0
TR1_RBOX15,6_9,15,Nov,2015,RBOX,TR1,TRUE,Box,TR,0,0,0,0,0,0,0,0,0,0,0,0,0,0,0,0,0,0,1,0
TR1_RBOX2,6_9,2,Aug,2013,RBOX,TR1,TRUE,Box,TR,0,0,25,0,0,0,0,0,2,0,0,0,0,0,0,0,0,0,1,0
TR1_RBOX2,6_9,2,Aug,2014,RBOX,TR1,TRUE,Box,TR,0,1,0,0,0,0,0,0,0,0,0,0,0,0,0,0,0,0,0,0
TR1_RBOX2,6_9,2,Aug,2015,RBOX,TR1,TRUE,Box,TR,1,1,0,2,0,0,0,0,0,0,0,0,0,0,0,0,0,0,0,0
TR1_RBOX2,6_9,2,Nov,2013,RBOX,TR1,TRUE,Box,TR,0,1,0,0,0,0,0,0,0,0,0,10,0,0,0,0,0,0,0,0
TR1_RBOX2,6_9,2,Nov,2014,RBOX,TR1,TRUE,Box,TR,0,1,2,0,0,0,0,0,0,0,0,0,0,0,0,0,0,0,0,0
TR1_RBOX2,6_9,2,Nov,2015,RBOX,TR1,TRUE,Box,TR,0,1,0,0,0,0,0,0,0,0,0,0,0,0,0,0,0,0,0,0
TR1_RBOX3,6_9,3,Aug,2013,RBOX,TR1,TRUE,Box,TR,0,0,0,0,0,0,0,0,0,0,0,8,0,0,0,0,0,0,0,2
TR1_RBOX3,6_9,3,Aug,2014,RBOX,TR1,TRUE,Box,TR,0,3,3,0,0,0,0,0,0,0,0,1,0,0,0,0,0,0,0,0
TR1_RBOX3,6_9,3,Aug,2015,RBOX,TR1,TRUE,Box,TR,0,2,0,0,0,0,0,0,0,0,0,0,0,0,0,0,0,0,2,0
TR1_RBOX3,6_9,3,Nov,2013,RBOX,TR1,TRUE,Box,TR,0,2,3,0,1,0,0,0,0,0,0,3,0,0,0,0,0,0,0,1
TR1_RBOX3,6_9,3,Nov,2014,RBOX,TR1,TRUE,Box,TR,0,2,2,0,0,0,0,0,0,0,0,4,0,0,0,0,0,0,0,0
TR1_RBOX3,6_9,3,Nov,2015,RBOX,TR1,TRUE,Box,TR,0,1,0,0,0,0,0,0,0,0,0,0,0,0,0,0,0,0,2,0
TR1_RBOX4,6_9,4,Aug,2013,RBOX,TR1,TRUE,Box,TR,0,0,0,0,0,0,0,0,1,0,0,0,0,0,0,0,0,0,1,1
TR1_RBOX4,6_9,4,Aug,2014,RBOX,TR1,TRUE,Box,TR,0,0,0,0,0,0,0,0,1,0,0,0,4,0,0,0,0,0,0,1
TR1_RBOX4,6_9,4,Aug,2015,RBOX,TR1,TRUE,Box,TR,0,0,0,1,0,0,0,0,1,0,0,0,0,0,0,0,0,0,4,0
TR1_RBOX4,6_9,4,Nov,2013,RBOX,TR1,TRUE,Box,TR,0,0,0,0,0,0,0,0,1,0,0,0,0,0,0,0,0,0,0,1
TR1_RBOX4,6_9,4,Nov,2014,RBOX,TR1,TRUE,Box,TR,0,0,0,0,0,0,0,0,1,0,0,0,0,0,0,0,0,0,0,0
TR1_RBOX4,6_9,4,Nov,2015,RBOX,TR1,TRUE,Box,TR,0,0,0,0,0,0,0,0,1,0,0,0,0,0,0,0,0,0,0,0
TR1_RBOX5,6_9,5,Aug,2013,RBOX,TR1,TRUE,Box,TR,0,0,0,2,0,0,0,0,0,0,0,22,2,0,0,0,0,0,0,5
TR1_RBOX5,6_9,5,Aug,2014,RBOX,TR1,TRUE,Box,TR,0,2,16,8,0,0,1,0,0,0,0,5,5,0,0,1,0,0,0,1
TR1_RBOX5,6_9,5,Aug,2015,RBOX,TR1,TRUE,Box,TR,0,2,5,3,0,0,0,0,0,0,0,0,0,0,0,0,0,0,0,0
TR1_RBOX5,6_9,5,Nov,2013,RBOX,TR1,TRUE,Box,TR,0,1,16,0,0,0,0,0,0,0,0,5,3,0,1,0,0,0,0,4
TR1_RBOX5,6_9,5,Nov,2014,RBOX,TR1,TRUE,Box,TR,0,2,10,0,0,0,1,0,0,0,0,5,0,0,0,0,0,0,0,1
TR1_RBOX5,6_9,5,Nov,2015,RBOX,TR1,TRUE,Box,TR,0,3,7,0,0,0,0,0,0,0,0,0,0,0,0,0,0,0,0,0
TR1_RBOX6,6_9,6,Aug,2013,RBOX,TR1,TRUE,Box,TR,0,0,0,2,0,0,0,0,1,0,0,14,1,0,2,0,0,0,1,0
TR1_RBOX6,6_9,6,Aug,2014,RBOX,TR1,TRUE,Box,TR,0,2,0,2,0,0,0,1,0,0,0,0,1,0,0,0,0,0,2,0
TR1_RBOX6,6_9,6,Aug,2015,RBOX,TR1,TRUE,Box,TR,0,0,0,1,0,0,0,1,0,0,0,0,0,0,0,0,0,0,1,0
TR1_RBOX6,6_9,6,Nov,2013,RBOX,TR1,TRUE,Box,TR,0,0,9,0,0,0,0,3,0,0,0,10,1,0,1,0,0,0,1,0
TR1_RBOX6,6_9,6,Nov,2014,RBOX,TR1,TRUE,Box,TR,0,3,0,0,0,0,0,1,0,0,0,0,0,0,0,0,0,0,1,0
TR1_RBOX6,6_9,6,Nov,2015,RBOX,TR1,TRUE,Box,TR,0,1,0,0,0,0,0,1,0,0,0,0,0,0,0,0,0,0,1,0
TR1_RBOX7,6_9,7,Aug,2013,RBOX,TR1,TRUE,Box,TR,0,0,0,0,0,0,0,0,0,0,0,1,0,0,3,0,0,0,2,1
TR1_RBOX7,6_9,7,Aug,2014,RBOX,TR1,TRUE,Box,TR,2,0,0,0,0,0,0,0,0,0,0,0,1,0,0,0,0,0,0,0
TR1_RBOX7,6_9,7,Aug,2015,RBOX,TR1,TRUE,Box,TR,0,0,0,1,0,0,0,0,0,0,0,0,0,0,0,0,0,0,0,0
TR1_RBOX7,6_9,7,Nov,2013,RBOX,TR1,TRUE,Box,TR,0,0,0,0,0,2,0,0,1,0,0,0,0,0,1,0,0,0,0,2
TR1_RBOX7,6_9,7,Nov,2014,RBOX,TR1,TRUE,Box,TR,0,1,0,0,0,0,0,0,0,0,0,0,1,0,0,0,0,0,0,0
TR1_RBOX7,6_9,7,Nov,2015,RBOX,TR1,TRUE,Box,TR,0,0,0,0,0,0,0,0,0,0,0,0,0,0,0,0,0,0,0,0
TR1_RBOX8,6_9,8,Aug,2013,RBOX,TR1,TRUE,Box,TR,0,0,7,0,0,0,0,0,0,0,0,0,0,0,0,0,0,0,0,0
TR1_RBOX8,6_9,8,Aug,2014,RBOX,TR1,TRUE,Box,TR,0,0,3,0,0,0,0,0,0,0,0,1,0,0,0,0,0,0,0,0
TR1_RBOX8,6_9,8,Aug,2015,RBOX,TR1,TRUE,Box,TR,1,0,0,0,0,0,0,0,0,0,0,0,0,0,0,0,0,0,1,0
TR1_RBOX8,6_9,8,Nov,2013,RBOX,TR1,TRUE,Box,TR,0,1,0,0,0,1,0,0,0,0,0,10,0,0,0,0,0,0,0,0
TR1_RBOX8,6_9,8,Nov,2014,RBOX,TR1,TRUE,Box,TR,0,0,1,0,0,0,0,0,0,0,0,0,0,0,0,0,0,0,0,0
TR1_RBOX8,6_9,8,Nov,2015,RBOX,TR1,TRUE,Box,TR,0,0,0,0,0,0,0,0,0,0,0,0,0,0,0,0,0,0,0,0
TR1_RBOX9,6_9,9,Aug,2013,RBOX,TR1,TRUE,Box,TR,0,0,0,0,0,0,9,0,2,0,0,8,0,0,2,0,0,0,1,1
TR1_RBOX9,6_9,9,Aug,2014,RBOX,TR1,TRUE,Box,TR,1,2,1,0,1,0,0,0,2,0,0,5,2,0,0,0,0,0,1,1
TR1_RBOX9,6_9,9,Aug,2015,RBOX,TR1,TRUE,Box,TR,0,1,0,0,0,0,0,0,2,0,0,0,0,0,0,0,0,0,2,0
TR1_RBOX9,6_9,9,Nov,2013,RBOX,TR1,TRUE,Box,TR,0,1,2,0,3,1,0,0,2,0,0,30,0,0,2,0,0,0,1,1
TR1_RBOX9,6_9,9,Nov,2014,RBOX,TR1,TRUE,Box,TR,0,2,0,0,0,0,0,0,2,0,0,3,0,0,0,1,0,0,1,0
TR1_RBOX9,6_9,9,Nov,2015,RBOX,TR1,TRUE,Box,TR,0,1,0,0,0,0,0,0,2,0,0,0,0,0,0,0,0,0,1,0
TR2_RBOX1,6_9,16,Aug,2013,RBOX,TR2,TRUE,Box,TR,0,0,0,0,0,0,0,0,0,0,0,0,2,0,0,0,0,0,1,1
TR2_RBOX1,6_9,16,Aug,2014,RBOX,TR2,TRUE,Box,TR,0,0,0,0,0,0,0,0,0,0,0,0,0,0,0,3,0,0,0,0
TR2_RBOX1,6_9,16,Aug,2015,RBOX,TR2,TRUE,Box,TR,0,0,0,0,0,0,0,0,0,0,0,0,0,0,0,1,0,0,0,0
TR2_RBOX1,6_9,16,Nov,2013,RBOX,TR2,TRUE,Box,TR,0,0,0,0,0,0,0,0,0,0,0,0,0,0,0,0,0,0,0,0
TR2_RBOX1,6_9,16,Nov,2014,RBOX,TR2,TRUE,Box,TR,0,0,0,0,0,0,0,0,0,0,0,0,0,0,0,1,0,0,0,0
TR2_RBOX1,6_9,16,Nov,2015,RBOX,TR2,TRUE,Box,TR,0,0,0,0,0,0,0,0,0,0,0,0,0,0,0,0,0,0,0,0
TR2_RBOX10,6_9,25,Aug,2013,RBOX,TR2,TRUE,Box,TR,0,0,11,0,0,0,0,0,0,0,0,32,1,0,2,0,0,0,2,0
TR2_RBOX10,6_9,25,Aug,2014,RBOX,TR2,TRUE,Box,TR,0,1,0,0,1,0,0,1,0,0,0,18,0,3,0,0,0,0,0,0
TR2_RBOX10,6_9,25,Aug,2015,RBOX,TR2,TRUE,Box,TR,0,0,1,0,1,0,0,0,0,0,0,14,0,0,0,0,0,0,0,0
TR2_RBOX10,6_9,25,Nov,2013,RBOX,TR2,TRUE,Box,TR,0,0,5,0,1,1,0,2,0,0,0,13,0,0,3,0,0,0,0,2
TR2_RBOX10,6_9,25,Nov,2014,RBOX,TR2,TRUE,Box,TR,0,1,3,0,1,0,0,1,0,0,0,18,0,1,0,1,0,0,0,0
TR2_RBOX10,6_9,25,Nov,2015,RBOX,TR2,TRUE,Box,TR,0,0,1,0,1,0,0,0,0,0,0,13,0,0,0,0,0,0,0,0
TR2_RBOX11,6_9,26,Aug,2013,RBOX,TR2,TRUE,Box,TR,0,0,0,0,0,0,0,0,0,0,0,0,0,0,0,0,0,0,0,0
TR2_RBOX11,6_9,26,Aug,2014,RBOX,TR2,TRUE,Box,TR,0,0,0,0,1,0,0,0,0,0,0,0,0,0,0,1,0,0,0,0
TR2_RBOX11,6_9,26,Aug,2015,RBOX,TR2,TRUE,Box,TR,0,0,0,0,0,0,0,0,0,0,0,1,0,0,0,0,0,0,0,0
TR2_RBOX11,6_9,26,Nov,2013,RBOX,TR2,TRUE,Box,TR,0,0,0,0,0,0,0,0,0,0,0,0,0,0,0,0,0,0,0,0
TR2_RBOX11,6_9,26,Nov,2014,RBOX,TR2,TRUE,Box,TR,0,0,0,0,1,0,0,0,0,0,0,0,0,0,0,0,0,0,0,0
TR2_RBOX11,6_9,26,Nov,2015,RBOX,TR2,TRUE,Box,TR,0,0,0,0,0,0,0,0,0,0,0,1,0,0,0,0,0,0,0,0
TR2_RBOX12,6_9,27,Aug,2013,RBOX,TR2,TRUE,Box,TR,0,0,12,1,0,0,0,0,0,0,0,19,4,0,4,0,0,0,0,1
TR2_RBOX12,6_9,27,Aug,2014,RBOX,TR2,TRUE,Box,TR,0,0,6,0,0,0,0,0,0,0,0,16,0,0,1,0,0,0,0,0
TR2_RBOX12,6_9,27,Aug,2015,RBOX,TR2,TRUE,Box,TR,0,0,2,1,0,0,0,0,0,0,0,11,0,0,0,0,0,0,0,0
TR2_RBOX12,6_9,27,Nov,2013,RBOX,TR2,TRUE,Box,TR,0,0,10,0,0,0,0,0,0,0,0,20,0,0,5,0,0,0,0,0
TR2_RBOX12,6_9,27,Nov,2014,RBOX,TR2,TRUE,Box,TR,0,0,6,0,0,0,0,0,0,0,0,11,0,0,1,0,0,0,0,0
TR2_RBOX12,6_9,27,Nov,2015,RBOX,TR2,TRUE,Box,TR,0,0,3,1,0,0,0,0,0,0,0,13,0,0,0,0,0,0,0,0
TR2_RBOX13,6_9,28,Aug,2013,RBOX,TR2,TRUE,Box,TR,0,0,0,0,0,0,0,0,0,0,0,0,1,0,0,0,0,0,0,0
TR2_RBOX13,6_9,28,Aug,2014,RBOX,TR2,TRUE,Box,TR,0,0,0,0,0,0,0,0,0,0,0,0,0,0,0,0,0,0,0,0
TR2_RBOX13,6_9,28,Aug,2015,RBOX,TR2,TRUE,Box,TR,0,0,0,0,0,0,0,0,0,0,0,0,0,0,0,0,0,0,0,0
TR2_RBOX13,6_9,28,Nov,2013,RBOX,TR2,TRUE,Box,TR,0,0,0,0,0,0,0,0,0,0,0,0,0,0,0,0,0,0,0,0
TR2_RBOX13,6_9,28,Nov,2014,RBOX,TR2,TRUE,Box,TR,0,0,0,0,0,0,0,0,0,0,0,0,0,0,0,0,0,0,0,0
TR2_RBOX13,6_9,28,Nov,2015,RBOX,TR2,TRUE,Box,TR,0,0,0,0,0,0,0,0,0,0,0,0,0,0,0,0,0,0,0,0
TR2_RBOX14,6_9,29,Aug,2013,RBOX,TR2,TRUE,Box,TR,0,0,4,0,0,0,0,0,0,0,0,0,0,0,0,0,0,0,0,0
TR2_RBOX14,6_9,29,Aug,2014,RBOX,TR2,TRUE,Box,TR,0,2,6,0,1,0,0,0,0,0,0,1,0,1,0,0,0,0,0,0
TR2_RBOX14,6_9,29,Aug,2015,RBOX,TR2,TRUE,Box,TR,0,1,1,0,0,0,0,0,0,0,0,0,0,0,0,0,0,0,0,0
TR2_RBOX14,6_9,29,Nov,2013,RBOX,TR2,TRUE,Box,TR,0,1,2,0,0,0,0,0,0,0,0,6,0,0,0,0,0,0,0,0
TR2_RBOX14,6_9,29,Nov,2014,RBOX,TR2,TRUE,Box,TR,0,1,3,0,1,0,0,0,0,0,0,1,0,0,0,0,0,0,0,0
TR2_RBOX14,6_9,29,Nov,2015,RBOX,TR2,TRUE,Box,TR,0,1,1,0,0,0,0,0,0,0,0,0,0,0,0,0,0,0,0,0
TR2_RBOX15,6_9,30,Aug,2013,RBOX,TR2,TRUE,Box,TR,0,0,0,0,0,0,0,0,0,0,0,0,0,0,0,0,0,0,0,1
TR2_RBOX15,6_9,30,Aug,2014,RBOX,TR2,TRUE,Box,TR,0,0,0,0,1,0,0,0,0,0,0,0,0,0,0,0,0,0,0,0
TR2_RBOX15,6_9,30,Aug,2015,RBOX,TR2,TRUE,Box,TR,0,0,0,0,0,0,0,0,0,0,0,0,0,0,0,0,0,0,0,0
TR2_RBOX15,6_9,30,Nov,2013,RBOX,TR2,TRUE,Box,TR,0,0,0,0,0,0,0,0,0,0,0,0,0,0,0,0,0,0,1,0
TR2_RBOX15,6_9,30,Nov,2014,RBOX,TR2,TRUE,Box,TR,0,0,0,0,5,0,0,0,0,0,0,0,0,0,0,0,0,0,0,0
TR2_RBOX15,6_9,30,Nov,2015,RBOX,TR2,TRUE,Box,TR,0,0,0,0,0,0,0,0,0,0,0,0,0,0,0,0,0,0,0,0
TR2_RBOX2,6_9,17,Aug,2013,RBOX,TR2,TRUE,Box,TR,0,0,0,0,0,0,0,0,2,0,0,0,0,0,1,0,0,0,0,1
TR2_RBOX2,6_9,17,Aug,2014,RBOX,TR2,TRUE,Box,TR,0,0,0,1,0,0,0,0,0,0,0,0,5,0,0,0,0,0,0,0
TR2_RBOX2,6_9,17,Aug,2015,RBOX,TR2,TRUE,Box,TR,0,0,0,0,0,0,0,0,0,0,0,0,0,0,0,0,0,0,0,0
TR2_RBOX2,6_9,17,Nov,2013,RBOX,TR2,TRUE,Box,TR,0,0,0,0,0,0,0,0,3,0,0,0,0,0,0,0,0,0,0,1
TR2_RBOX2,6_9,17,Nov,2014,RBOX,TR2,TRUE,Box,TR,0,0,0,0,0,0,0,0,0,0,0,0,0,0,0,0,0,0,0,0
TR2_RBOX2,6_9,17,Nov,2015,RBOX,TR2,TRUE,Box,TR,0,0,0,0,0,0,0,0,0,0,0,0,0,0,0,0,0,0,0,0
TR2_RBOX3,6_9,18,Aug,2013,RBOX,TR2,TRUE,Box,TR,0,0,0,0,0,0,0,0,0,0,0,0,0,0,2,0,0,0,0,0
TR2_RBOX3,6_9,18,Aug,2014,RBOX,TR2,TRUE,Box,TR,0,0,0,0,0,0,0,0,0,0,0,0,0,0,0,0,0,0,0,0
TR2_RBOX3,6_9,18,Aug,2015,RBOX,TR2,TRUE,Box,TR,0,0,0,0,0,0,0,0,0,0,0,0,0,0,0,0,0,0,2,0
TR2_RBOX3,6_9,18,Nov,2013,RBOX,TR2,TRUE,Box,TR,0,0,0,0,0,0,0,0,0,0,0,1,0,0,1,0,0,0,0,0
TR2_RBOX3,6_9,18,Nov,2014,RBOX,TR2,TRUE,Box,TR,0,0,0,0,0,0,0,0,0,0,0,0,0,0,0,0,0,0,0,0
TR2_RBOX3,6_9,18,Nov,2015,RBOX,TR2,TRUE,Box,TR,0,0,0,0,0,0,0,0,0,0,0,0,0,0,0,0,0,0,0,0
TR2_RBOX4,6_9,19,Aug,2013,RBOX,TR2,TRUE,Box,TR,0,0,10,0,0,0,0,0,0,0,0,23,0,0,1,0,0,0,0,0
TR2_RBOX4,6_9,19,Aug,2014,RBOX,TR2,TRUE,Box,TR,0,0,2,0,1,0,0,0,0,0,0,9,0,0,0,0,0,0,0,0
TR2_RBOX4,6_9,19,Aug,2015,RBOX,TR2,TRUE,Box,TR,0,0,2,0,0,0,0,0,0,0,0,6,1,0,0,1,0,0,1,0
TR2_RBOX4,6_9,19,Nov,2013,RBOX,TR2,TRUE,Box,TR,0,0,4,0,1,0,0,0,0,0,0,27,0,0,2,0,0,0,0,0
TR2_RBOX4,6_9,19,Nov,2014,RBOX,TR2,TRUE,Box,TR,0,0,2,0,1,0,0,0,0,0,0,9,0,0,0,1,0,0,0,0
TR2_RBOX4,6_9,19,Nov,2015,RBOX,TR2,TRUE,Box,TR,0,0,2,0,0,0,0,0,0,0,0,8,0,0,0,1,0,0,0,0
TR2_RBOX5,6_9,20,Aug,2013,RBOX,TR2,TRUE,Box,TR,0,0,6,0,0,0,0,0,0,0,0,1,0,0,3,0,0,0,2,0
TR2_RBOX5,6_9,20,Aug,2014,RBOX,TR2,TRUE,Box,TR,0,4,15,0,0,0,0,0,0,0,0,31,0,0,0,0,0,0,0,0
TR2_RBOX5,6_9,20,Aug,2015,RBOX,TR2,TRUE,Box,TR,0,1,9,0,0,0,0,0,0,0,0,3,0,0,0,0,0,0,0,0
TR2_RBOX5,6_9,20,Nov,2013,RBOX,TR2,TRUE,Box,TR,0,0,3,0,0,1,0,0,0,0,0,31,0,0,4,0,0,0,2,0
TR2_RBOX5,6_9,20,Nov,2014,RBOX,TR2,TRUE,Box,TR,0,4,12,0,2,0,0,0,0,0,0,10,0,0,0,0,0,0,0,0
TR2_RBOX5,6_9,20,Nov,2015,RBOX,TR2,TRUE,Box,TR,0,1,9,0,0,0,0,0,0,0,0,1,0,0,0,0,0,0,0,0
TR2_RBOX6,6_9,21,Aug,2013,RBOX,TR2,TRUE,Box,TR,0,0,4,1,0,0,0,0,1,0,0,9,0,0,3,0,0,0,1,5
TR2_RBOX6,6_9,21,Aug,2014,RBOX,TR2,TRUE,Box,TR,0,0,11,1,3,0,0,0,0,0,0,15,0,0,0,0,0,0,0,1
TR2_RBOX6,6_9,21,Aug,2015,RBOX,TR2,TRUE,Box,TR,0,0,5,1,1,0,0,0,0,0,0,15,0,0,0,0,0,0,0,1
TR2_RBOX6,6_9,21,Nov,2013,RBOX,TR2,TRUE,Box,TR,0,0,11,0,1,1,0,0,0,0,0,19,0,0,2,0,0,0,0,3
TR2_RBOX6,6_9,21,Nov,2014,RBOX,TR2,TRUE,Box,TR,0,0,11,0,3,0,0,0,0,0,0,22,0,0,0,2,0,0,0,0
TR2_RBOX6,6_9,21,Nov,2015,RBOX,TR2,TRUE,Box,TR,0,0,5,0,1,0,0,0,0,0,0,9,0,0,0,0,0,0,0,0
TR2_RBOX7,6_9,22,Aug,2013,RBOX,TR2,TRUE,Box,TR,0,0,0,1,0,0,0,0,0,0,0,0,0,0,0,0,0,0,1,0
TR2_RBOX7,6_9,22,Aug,2014,RBOX,TR2,TRUE,Box,TR,0,0,0,1,0,0,0,0,0,0,0,0,0,0,0,0,0,0,0,0
TR2_RBOX7,6_9,22,Aug,2015,RBOX,TR2,TRUE,Box,TR,0,0,0,0,0,0,0,0,0,0,0,0,0,0,0,0,0,0,3,0
TR2_RBOX7,6_9,22,Nov,2013,RBOX,TR2,TRUE,Box,TR,0,0,3,0,0,0,0,0,0,0,0,5,0,0,0,0,0,0,1,0
TR2_RBOX7,6_9,22,Nov,2014,RBOX,TR2,TRUE,Box,TR,0,0,0,0,0,0,0,0,0,0,0,1,0,0,0,0,0,0,0,0
TR2_RBOX7,6_9,22,Nov,2015,RBOX,TR2,TRUE,Box,TR,0,0,0,0,0,0,0,0,0,0,0,0,0,0,0,0,0,0,0,0
TR2_RBOX8,6_9,23,Aug,2013,RBOX,TR2,TRUE,Box,TR,0,0,15,0,0,0,0,0,0,0,0,20,0,0,0,0,0,0,0,0
TR2_RBOX8,6_9,23,Aug,2014,RBOX,TR2,TRUE,Box,TR,0,0,11,2,1,0,0,0,0,0,0,16,0,0,0,0,0,0,0,0
TR2_RBOX8,6_9,23,Aug,2015,RBOX,TR2,TRUE,Box,TR,0,0,7,2,0,0,0,0,0,0,0,21,0,0,0,0,0,0,0,0
TR2_RBOX8,6_9,23,Nov,2013,RBOX,TR2,TRUE,Box,TR,0,0,16,0,0,0,0,1,0,0,0,19,0,0,0,0,0,0,0,0
TR2_RBOX8,6_9,23,Nov,2014,RBOX,TR2,TRUE,Box,TR,0,1,10,0,0,0,0,0,0,0,0,20,0,0,0,0,0,0,0,0
TR2_RBOX8,6_9,23,Nov,2015,RBOX,TR2,TRUE,Box,TR,0,0,7,0,0,0,0,0,0,0,0,19,0,0,0,0,0,0,0,0
TR2_RBOX9,6_9,24,Aug,2013,RBOX,TR2,TRUE,Box,TR,0,0,26,0,0,0,0,2,2,0,0,76,0,0,1,0,0,0,3,6
TR2_RBOX9,6_9,24,Aug,2014,RBOX,TR2,TRUE,Box,TR,0,3,19,0,1,0,0,0,1,0,0,60,0,0,0,0,0,0,0,0
TR2_RBOX9,6_9,24,Aug,2015,RBOX,TR2,TRUE,Box,TR,0,2,17,0,0,0,0,0,1,0,0,48,0,0,0,0,0,0,0,0
TR2_RBOX9,6_9,24,Nov,2013,RBOX,TR2,TRUE,Box,TR,0,0,19,0,1,1,0,2,2,0,0,62,0,0,0,0,0,0,2,4
TR2_RBOX9,6_9,24,Nov,2014,RBOX,TR2,TRUE,Box,TR,0,2,26,0,1,0,0,0,1,0,0,60,0,0,0,0,0,0,0,0
TR2_RBOX9,6_9,24,Nov,2015,RBOX,TR2,TRUE,Box,TR,0,1,15,0,0,0,0,0,1,0,0,60,0,0,0,0,0,0,0,0
TR3_RBOX1,6_9,31,Aug,2013,RBOX,TR3,TRUE,Box,TR,0,0,7,0,0,0,0,0,1,0,0,1,0,0,1,0,0,0,1,0
TR3_RBOX1,6_9,31,Aug,2014,RBOX,TR3,TRUE,Box,TR,0,0,0,2,1,0,0,0,1,0,0,0,0,0,0,6,0,0,0,0
TR3_RBOX1,6_9,31,Aug,2015,RBOX,TR3,TRUE,Box,TR,0,0,1,0,1,0,0,0,1,0,0,1,0,0,0,2,0,0,0,0
TR3_RBOX1,6_9,31,Nov,2013,RBOX,TR3,TRUE,Box,TR,0,0,6,0,0,0,0,0,1,0,0,7,0,0,1,0,0,0,1,0
TR3_RBOX1,6_9,31,Nov,2014,RBOX,TR3,TRUE,Box,TR,0,0,0,0,1,0,0,0,1,0,0,1,0,0,0,5,0,0,0,0
TR3_RBOX1,6_9,31,Nov,2015,RBOX,TR3,TRUE,Box,TR,0,0,1,0,1,0,0,0,1,0,0,1,0,0,0,2,0,0,0,0
TR3_RBOX10,6_9,40,Aug,2013,RBOX,TR3,TRUE,Box,TR,0,0,8,0,2,0,0,0,0,0,0,20,2,0,3,0,0,0,1,1
TR3_RBOX10,6_9,40,Aug,2014,RBOX,TR3,TRUE,Box,TR,0,0,0,0,2,0,0,0,0,0,0,11,0,0,0,0,0,0,0,0
TR3_RBOX10,6_9,40,Aug,2015,RBOX,TR3,TRUE,Box,TR,0,1,0,0,0,0,0,0,0,0,0,0,0,0,0,0,0,0,0,0
TR3_RBOX10,6_9,40,Nov,2013,RBOX,TR3,TRUE,Box,TR,0,0,11,0,4,0,0,0,0,0,0,24,2,0,2,0,0,0,1,0
TR3_RBOX10,6_9,40,Nov,2014,RBOX,TR3,TRUE,Box,TR,0,1,1,0,2,0,0,0,0,0,0,12,0,0,0,1,0,0,0,0
TR3_RBOX10,6_9,40,Nov,2015,RBOX,TR3,TRUE,Box,TR,0,1,0,0,0,0,0,0,0,0,0,0,0,0,0,0,0,0,0,0
TR3_RBOX11,6_9,41,Aug,2013,RBOX,TR3,TRUE,Box,TR,0,0,7,0,1,0,0,0,0,0,0,20,0,0,4,0,0,0,0,0
TR3_RBOX11,6_9,41,Aug,2014,RBOX,TR3,TRUE,Box,TR,0,3,0,0,0,0,0,0,0,0,0,0,0,0,0,0,0,0,0,0
TR3_RBOX11,6_9,41,Aug,2015,RBOX,TR3,TRUE,Box,TR,0,0,0,0,0,0,0,0,0,0,0,0,0,0,0,0,0,0,0,0
TR3_RBOX11,6_9,41,Nov,2013,RBOX,TR3,TRUE,Box,TR,0,0,0,0,1,1,0,2,2,0,0,9,0,0,1,0,0,0,0,0
TR3_RBOX11,6_9,41,Nov,2014,RBOX,TR3,TRUE,Box,TR,0,0,0,0,1,0,0,1,0,0,0,0,0,0,0,0,0,0,0,0
TR3_RBOX11,6_9,41,Nov,2015,RBOX,TR3,TRUE,Box,TR,0,0,0,0,0,0,0,0,0,0,0,0,0,0,0,0,0,0,0,0
TR3_RBOX12,6_9,42,Aug,2013,RBOX,TR3,TRUE,Box,TR,0,0,10,0,5,0,0,0,2,0,0,35,0,0,0,0,0,0,3,2
TR3_RBOX12,6_9,42,Aug,2014,RBOX,TR3,TRUE,Box,TR,0,0,1,0,0,0,0,0,1,0,0,2,0,0,0,1,0,0,1,0
TR3_RBOX12,6_9,42,Aug,2015,RBOX,TR3,TRUE,Box,TR,0,2,0,0,0,0,0,0,0,0,0,0,0,0,0,1,0,0,0,0
TR3_RBOX12,6_9,42,Nov,2013,RBOX,TR3,TRUE,Box,TR,0,0,1,0,4,0,0,0,1,0,0,38,0,0,0,0,0,0,3,1
TR3_RBOX12,6_9,42,Nov,2014,RBOX,TR3,TRUE,Box,TR,0,0,0,0,0,0,0,0,2,0,0,2,0,0,0,0,0,0,0,0
TR3_RBOX12,6_9,42,Nov,2015,RBOX,TR3,TRUE,Box,TR,0,1,0,0,0,0,0,0,0,0,0,0,0,0,0,1,0,0,0,0
TR3_RBOX13,6_9,43,Aug,2013,RBOX,TR3,TRUE,Box,TR,0,0,47,0,4,0,0,0,0,0,0,35,0,0,1,0,0,0,3,0
TR3_RBOX13,6_9,43,Aug,2014,RBOX,TR3,TRUE,Box,TR,0,0,13,0,0,0,0,0,0,0,0,7,0,0,0,0,0,0,0,0
TR3_RBOX13,6_9,43,Aug,2015,RBOX,TR3,TRUE,Box,TR,0,2,0,0,0,0,0,0,0,0,0,0,0,0,0,0,0,0,0,0
TR3_RBOX13,6_9,43,Nov,2013,RBOX,TR3,TRUE,Box,TR,0,0,14,0,3,0,0,1,0,0,0,31,0,0,0,0,0,0,2,0
TR3_RBOX13,6_9,43,Nov,2014,RBOX,TR3,TRUE,Box,TR,0,2,12,0,0,0,0,0,0,0,0,3,0,0,0,0,0,0,0,0
TR3_RBOX13,6_9,43,Nov,2015,RBOX,TR3,TRUE,Box,TR,0,2,0,0,0,0,0,0,0,0,0,0,0,0,0,0,0,0,0,0
TR3_RBOX14,6_9,44,Aug,2013,RBOX,TR3,TRUE,Box,TR,0,0,47,1,4,0,0,0,1,0,0,37,0,0,5,0,0,0,1,4
TR3_RBOX14,6_9,44,Aug,2014,RBOX,TR3,TRUE,Box,TR,0,0,5,2,0,0,0,0,1,0,0,5,0,0,1,0,0,0,0,1
TR3_RBOX14,6_9,44,Aug,2015,RBOX,TR3,TRUE,Box,TR,0,0,0,1,0,0,0,0,1,0,0,0,0,0,0,0,0,0,0,1
TR3_RBOX14,6_9,44,Nov,2013,RBOX,TR3,TRUE,Box,TR,0,0,28,0,4,1,0,0,1,0,0,30,0,0,2,0,0,0,3,1
TR3_RBOX14,6_9,44,Nov,2014,RBOX,TR3,TRUE,Box,TR,0,0,10,0,2,0,0,0,1,0,0,7,0,0,1,0,0,0,0,0
TR3_RBOX14,6_9,44,Nov,2015,RBOX,TR3,TRUE,Box,TR,0,0,0,0,0,0,0,0,1,0,0,0,0,0,0,0,0,0,0,0
TR3_RBOX15,6_9,45,Aug,2013,RBOX,TR3,TRUE,Box,TR,0,0,29,1,14,0,0,0,1,0,0,50,0,0,2,0,0,0,1,0
TR3_RBOX15,6_9,45,Aug,2014,RBOX,TR3,TRUE,Box,TR,0,0,0,1,0,0,0,0,0,0,0,0,0,0,0,0,0,0,0,0
TR3_RBOX15,6_9,45,Aug,2015,RBOX,TR3,TRUE,Box,TR,0,1,0,1,0,0,0,0,0,0,0,0,0,0,0,0,0,0,0,0
TR3_RBOX15,6_9,45,Nov,2013,RBOX,TR3,TRUE,Box,TR,0,0,0,0,6,2,0,1,1,0,0,44,0,0,1,0,0,0,0,0
TR3_RBOX15,6_9,45,Nov,2014,RBOX,TR3,TRUE,Box,TR,0,0,0,0,0,0,0,0,0,0,0,0,0,0,0,0,0,0,0,0
TR3_RBOX15,6_9,45,Nov,2015,RBOX,TR3,TRUE,Box,TR,0,0,0,0,0,0,0,0,0,0,0,0,0,0,0,0,0,0,0,0
TR3_RBOX2,6_9,32,Aug,2013,RBOX,TR3,TRUE,Box,TR,0,0,0,0,0,0,0,0,0,0,0,0,0,0,0,0,0,0,0,1
TR3_RBOX2,6_9,32,Aug,2014,RBOX,TR3,TRUE,Box,TR,0,0,0,0,0,0,0,1,0,0,0,0,0,0,0,0,0,0,0,0
TR3_RBOX2,6_9,32,Aug,2015,RBOX,TR3,TRUE,Box,TR,5,0,0,0,0,0,1,0,0,0,0,0,0,0,0,0,0,0,0,0
TR3_RBOX2,6_9,32,Nov,2013,RBOX,TR3,TRUE,Box,TR,0,0,0,0,0,0,0,0,0,0,0,0,0,0,0,0,0,0,0,1
TR3_RBOX2,6_9,32,Nov,2014,RBOX,TR3,TRUE,Box,TR,0,1,0,0,0,1,0,2,0,0,0,0,0,0,0,0,0,0,0,0
TR3_RBOX2,6_9,32,Nov,2015,RBOX,TR3,TRUE,Box,TR,0,0,0,0,0,0,0,0,0,0,0,0,0,0,0,0,0,0,0,0
TR3_RBOX3,6_9,33,Aug,2013,RBOX,TR3,TRUE,Box,TR,0,0,7,0,0,0,0,0,1,0,0,12,0,0,1,0,0,0,1,2
TR3_RBOX3,6_9,33,Aug,2014,RBOX,TR3,TRUE,Box,TR,0,0,0,1,0,0,0,0,0,0,0,0,0,0,0,0,0,0,0,0
TR3_RBOX3,6_9,33,Aug,2015,RBOX,TR3,TRUE,Box,TR,0,0,0,0,0,0,0,0,0,0,0,0,0,0,0,0,0,0,0,0
TR3_RBOX3,6_9,33,Nov,2013,RBOX,TR3,TRUE,Box,TR,0,0,1,0,0,0,0,0,0,0,0,27,0,0,1,0,0,0,1,0
TR3_RBOX3,6_9,33,Nov,2014,RBOX,TR3,TRUE,Box,TR,0,0,0,0,0,0,0,0,0,0,0,0,0,0,0,0,0,0,0,0
TR3_RBOX3,6_9,33,Nov,2015,RBOX,TR3,TRUE,Box,TR,0,0,0,0,0,0,0,0,0,0,0,0,0,0,0,0,0,0,0,0
TR3_RBOX4,6_9,34,Aug,2013,RBOX,TR3,TRUE,Box,TR,0,0,0,0,0,0,0,0,0,0,0,0,0,0,0,0,0,0,0,0
TR3_RBOX4,6_9,34,Aug,2014,RBOX,TR3,TRUE,Box,TR,0,0,1,4,0,0,0,0,0,0,0,0,3,0,0,0,0,0,0,1
TR3_RBOX4,6_9,34,Aug,2015,RBOX,TR3,TRUE,Box,TR,0,0,0,1,0,0,0,0,0,0,0,0,0,0,0,0,0,0,3,0
TR3_RBOX4,6_9,34,Nov,2013,RBOX,TR3,TRUE,Box,TR,0,0,0,0,0,0,0,0,1,0,0,0,0,0,0,0,0,0,0,0
TR3_RBOX4,6_9,34,Nov,2014,RBOX,TR3,TRUE,Box,TR,0,0,1,0,0,0,0,0,0,0,0,0,0,0,0,0,0,0,0,0
TR3_RBOX4,6_9,34,Nov,2015,RBOX,TR3,TRUE,Box,TR,0,0,0,0,0,0,0,0,0,0,0,0,0,0,0,0,0,0,0,0
TR3_RBOX5,6_9,35,Aug,2013,RBOX,TR3,TRUE,Box,TR,0,0,4,0,0,0,0,0,1,0,0,2,0,0,1,0,0,0,1,1
TR3_RBOX5,6_9,35,Aug,2014,RBOX,TR3,TRUE,Box,TR,0,0,1,0,0,0,0,0,0,0,0,0,0,0,0,0,0,0,0,0
TR3_RBOX5,6_9,35,Aug,2015,RBOX,TR3,TRUE,Box,TR,0,0,1,0,0,0,0,0,0,0,0,0,0,0,0,0,0,0,0,0
TR3_RBOX5,6_9,35,Nov,2013,RBOX,TR3,TRUE,Box,TR,0,0,0,0,0,0,0,0,3,0,0,10,0,0,0,0,0,0,0,0
TR3_RBOX5,6_9,35,Nov,2014,RBOX,TR3,TRUE,Box,TR,0,0,1,0,0,0,0,0,0,0,0,0,0,0,0,0,0,0,0,0
TR3_RBOX5,6_9,35,Nov,2015,RBOX,TR3,TRUE,Box,TR,0,0,0,0,0,0,0,0,0,0,0,0,0,0,0,0,0,0,0,0
TR3_RBOX6,6_9,36,Aug,2013,RBOX,TR3,TRUE,Box,TR,0,0,0,0,0,0,0,0,0,0,0,0,0,0,1,0,0,0,1,2
TR3_RBOX6,6_9,36,Aug,2014,RBOX,TR3,TRUE,Box,TR,0,0,0,1,0,0,0,0,0,0,0,0,0,0,0,0,0,0,1,5
TR3_RBOX6,6_9,36,Aug,2015,RBOX,TR3,TRUE,Box,TR,3,0,0,0,0,0,0,0,0,0,0,0,0,0,0,0,0,0,1,0
TR3_RBOX6,6_9,36,Nov,2013,RBOX,TR3,TRUE,Box,TR,0,0,0,0,0,0,0,0,0,0,0,0,1,0,1,0,0,0,1,1
TR3_RBOX6,6_9,36,Nov,2014,RBOX,TR3,TRUE,Box,TR,0,0,0,0,0,0,0,0,1,0,0,0,0,0,0,0,0,0,1,0
TR3_RBOX6,6_9,36,Nov,2015,RBOX,TR3,TRUE,Box,TR,0,0,0,0,0,0,0,0,0,0,0,0,0,0,0,0,0,0,0,0
TR3_RBOX7,6_9,37,Aug,2013,RBOX,TR3,TRUE,Box,TR,0,0,24,0,7,0,0,0,1,0,0,54,0,0,2,0,0,0,0,0
TR3_RBOX7,6_9,37,Aug,2014,RBOX,TR3,TRUE,Box,TR,0,0,7,0,2,0,0,0,1,0,0,34,0,0,0,0,0,0,0,0
TR3_RBOX7,6_9,37,Aug,2015,RBOX,TR3,TRUE,Box,TR,0,0,2,0,0,0,0,0,1,0,0,9,0,0,0,0,0,0,0,0
TR3_RBOX7,6_9,37,Nov,2013,RBOX,TR3,TRUE,Box,TR,0,0,3,0,5,1,0,0,1,0,0,43,0,0,1,0,0,0,1,0
TR3_RBOX7,6_9,37,Nov,2014,RBOX,TR3,TRUE,Box,TR,0,0,9,0,2,0,0,0,1,0,0,21,0,0,0,0,0,0,0,0
TR3_RBOX7,6_9,37,Nov,2015,RBOX,TR3,TRUE,Box,TR,0,0,2,0,0,0,0,0,1,0,0,9,0,0,0,0,0,0,0,0
TR3_RBOX8,6_9,38,Aug,2013,RBOX,TR3,TRUE,Box,TR,0,0,35,0,2,0,0,0,1,0,0,24,0,0,4,0,0,0,3,1
TR3_RBOX8,6_9,38,Aug,2014,RBOX,TR3,TRUE,Box,TR,0,0,0,0,0,0,0,0,0,0,0,1,0,0,0,0,0,0,0,0
TR3_RBOX8,6_9,38,Aug,2015,RBOX,TR3,TRUE,Box,TR,1,0,0,0,0,0,0,0,0,0,0,0,0,0,0,0,0,0,0,0
TR3_RBOX8,6_9,38,Nov,2013,RBOX,TR3,TRUE,Box,TR,0,0,0,0,2,1,0,0,2,0,0,31,0,0,3,0,0,0,2,0
TR3_RBOX8,6_9,38,Nov,2014,RBOX,TR3,TRUE,Box,TR,0,0,1,0,1,0,0,0,0,0,0,0,0,0,0,0,0,0,0,0
TR3_RBOX8,6_9,38,Nov,2015,RBOX,TR3,TRUE,Box,TR,0,0,0,0,0,0,0,0,0,0,0,0,0,0,0,0,0,0,0,0
TR3_RBOX9,6_9,39,Aug,2013,RBOX,TR3,TRUE,Box,TR,0,0,16,0,1,0,0,0,1,0,0,40,0,0,1,0,0,0,3,0
TR3_RBOX9,6_9,39,Aug,2014,RBOX,TR3,TRUE,Box,TR,0,0,1,0,0,0,0,0,0,0,0,2,0,0,0,1,0,0,0,0
TR3_RBOX9,6_9,39,Aug,2015,RBOX,TR3,TRUE,Box,TR,0,0,0,0,0,0,0,0,0,0,0,0,0,0,0,0,0,0,1,0
TR3_RBOX9,6_9,39,Nov,2013,RBOX,TR3,TRUE,Box,TR,0,0,0,0,0,1,0,0,1,0,0,24,0,0,0,0,0,0,1,0
TR3_RBOX9,6_9,39,Nov,2014,RBOX,TR3,TRUE,Box,TR,0,0,1,0,0,0,0,0,0,0,0,1,0,0,0,0,0,0,0,0
TR3_RBOX9,6_9,39,Nov,2015,RBOX,TR3,TRUE,Box,TR,0,0,0,0,0,0,0,0,0,0,0,0,0,0,0,0,0,0,0,0
TR1_RN1,6_10,1,Aug,2013,RN,TR1,TRUE,Nutrients,TR,0,0,7,0,0,0,0,0,0,0,0,0,0,0,0,0,0,0,0,0
TR1_RN1,6_10,1,Aug,2014,RN,TR1,TRUE,Nutrients,TR,0,2,0,0,0,0,0,0,0,0,0,0,0,0,0,0,0,0,0,0
TR1_RN1,6_10,1,Aug,2015,RN,TR1,TRUE,Nutrients,TR,0,3,0,0,0,0,0,0,0,0,0,0,0,0,0,0,0,0,0,0
TR1_RN1,6_10,1,Nov,2013,RN,TR1,TRUE,Nutrients,TR,0,1,2,0,0,0,0,0,0,0,0,1,0,0,0,0,0,0,0,0
TR1_RN1,6_10,1,Nov,2014,RN,TR1,TRUE,Nutrients,TR,0,3,0,0,0,0,0,0,0,0,0,0,0,0,0,0,0,0,0,0
TR1_RN1,6_10,1,Nov,2015,RN,TR1,TRUE,Nutrients,TR,0,3,0,0,0,0,0,0,0,0,0,0,0,0,0,0,0,0,0,0
TR1_RN10,6_10,10,Aug,2013,RN,TR1,TRUE,Nutrients,TR,0,0,10,0,3,0,0,0,0,0,0,4,0,0,0,0,0,0,0,0
TR1_RN10,6_10,10,Aug,2014,RN,TR1,TRUE,Nutrients,TR,0,0,0,0,0,0,0,0,0,0,0,0,0,0,0,0,0,0,0,0
TR1_RN10,6_10,10,Aug,2015,RN,TR1,TRUE,Nutrients,TR,0,0,0,0,0,0,0,0,0,0,0,0,0,0,0,0,0,0,0,0
TR1_RN10,6_10,10,Nov,2013,RN,TR1,TRUE,Nutrients,TR,0,0,13,0,0,0,0,0,0,0,0,6,0,0,0,0,0,0,0,0
TR1_RN10,6_10,10,Nov,2014,RN,TR1,TRUE,Nutrients,TR,0,0,0,0,0,0,0,0,0,0,0,0,0,0,0,0,0,0,0,0
TR1_RN10,6_10,10,Nov,2015,RN,TR1,TRUE,Nutrients,TR,0,0,0,0,0,0,0,0,0,0,0,0,0,0,0,0,0,0,0,0
TR1_RN11,6_10,11,Aug,2013,RN,TR1,TRUE,Nutrients,TR,0,0,21,1,1,0,0,0,0,0,0,12,1,0,0,0,0,0,0,0
TR1_RN11,6_10,11,Aug,2014,RN,TR1,TRUE,Nutrients,TR,0,0,0,0,0,0,0,0,0,0,0,0,0,0,0,0,0,0,0,0
TR1_RN11,6_10,11,Aug,2015,RN,TR1,TRUE,Nutrients,TR,0,0,0,0,0,0,0,0,0,0,0,0,0,0,0,0,0,0,0,0
TR1_RN11,6_10,11,Nov,2013,RN,TR1,TRUE,Nutrients,TR,0,0,18,0,4,0,0,0,0,0,0,14,0,0,0,0,0,0,0,0
TR1_RN11,6_10,11,Nov,2014,RN,TR1,TRUE,Nutrients,TR,0,0,0,0,0,0,0,0,0,0,0,0,0,0,0,1,0,0,0,0
TR1_RN11,6_10,11,Nov,2015,RN,TR1,TRUE,Nutrients,TR,0,0,0,0,0,0,0,0,0,0,0,0,0,0,0,0,0,0,0,0
TR1_RN12,6_10,12,Aug,2013,RN,TR1,TRUE,Nutrients,TR,0,0,17,3,3,0,0,0,0,0,0,1,0,0,0,0,0,0,0,0
TR1_RN12,6_10,12,Aug,2014,RN,TR1,TRUE,Nutrients,TR,0,0,0,1,1,0,0,0,0,0,0,0,0,0,0,0,0,0,0,0
TR1_RN12,6_10,12,Aug,2015,RN,TR1,TRUE,Nutrients,TR,0,0,0,1,0,0,0,0,0,0,0,0,0,0,0,0,0,0,0,0
TR1_RN12,6_10,12,Nov,2013,RN,TR1,TRUE,Nutrients,TR,0,0,5,0,2,0,0,0,0,0,0,1,0,0,0,0,0,0,0,0
TR1_RN12,6_10,12,Nov,2014,RN,TR1,TRUE,Nutrients,TR,0,0,0,0,2,0,0,0,0,0,0,0,0,0,0,0,0,0,0,0
TR1_RN12,6_10,12,Nov,2015,RN,TR1,TRUE,Nutrients,TR,0,0,0,0,0,0,0,0,0,0,0,0,0,0,0,0,0,0,0,0
TR1_RN13,6_10,13,Aug,2013,RN,TR1,TRUE,Nutrients,TR,0,0,7,0,1,0,0,0,1,0,0,10,1,0,0,0,0,0,0,1
TR1_RN13,6_10,13,Aug,2014,RN,TR1,TRUE,Nutrients,TR,0,0,0,0,0,0,0,1,0,0,0,0,0,0,0,1,0,0,0,0
TR1_RN13,6_10,13,Aug,2015,RN,TR1,TRUE,Nutrients,TR,0,0,0,0,0,0,0,1,0,0,0,0,0,0,0,0,0,0,0,0
TR1_RN13,6_10,13,Nov,2013,RN,TR1,TRUE,Nutrients,TR,0,0,2,0,0,0,0,0,1,0,0,3,0,0,0,0,0,0,0,1
TR1_RN13,6_10,13,Nov,2014,RN,TR1,TRUE,Nutrients,TR,0,0,0,0,0,0,0,0,0,0,0,0,0,0,0,0,0,0,0,0
TR1_RN13,6_10,13,Nov,2015,RN,TR1,TRUE,Nutrients,TR,0,0,0,0,0,0,0,1,0,0,0,0,0,0,0,0,0,0,0,0
TR1_RN14,6_10,14,Aug,2013,RN,TR1,TRUE,Nutrients,TR,0,0,6,1,0,0,0,0,0,0,0,2,0,0,0,0,0,0,0,0
TR1_RN14,6_10,14,Aug,2014,RN,TR1,TRUE,Nutrients,TR,1,0,0,0,2,0,0,0,0,0,1,0,0,0,0,1,0,0,0,1
TR1_RN14,6_10,14,Aug,2015,RN,TR1,TRUE,Nutrients,TR,0,0,0,0,0,0,0,0,0,0,0,0,0,0,0,0,0,0,0,0
TR1_RN14,6_10,14,Nov,2013,RN,TR1,TRUE,Nutrients,TR,0,0,9,0,0,0,0,0,0,0,0,1,0,0,0,0,0,0,0,0
TR1_RN14,6_10,14,Nov,2014,RN,TR1,TRUE,Nutrients,TR,0,0,0,0,0,0,0,0,0,0,0,0,0,0,0,2,0,0,0,0
TR1_RN14,6_10,14,Nov,2015,RN,TR1,TRUE,Nutrients,TR,0,0,0,0,0,0,0,0,0,0,0,0,0,0,0,0,0,0,0,0
TR1_RN15,6_10,15,Aug,2013,RN,TR1,TRUE,Nutrients,TR,0,0,8,0,3,0,0,0,0,0,0,3,0,0,0,0,0,0,0,0
TR1_RN15,6_10,15,Aug,2014,RN,TR1,TRUE,Nutrients,TR,0,0,0,0,0,0,0,0,0,0,0,0,0,0,0,0,0,0,0,0
TR1_RN15,6_10,15,Aug,2015,RN,TR1,TRUE,Nutrients,TR,0,0,0,0,0,0,0,0,0,0,0,0,0,0,0,0,0,0,0,0
TR1_RN15,6_10,15,Nov,2013,RN,TR1,TRUE,Nutrients,TR,0,0,2,0,3,0,0,0,0,0,0,1,0,0,0,0,0,0,0,0
TR1_RN15,6_10,15,Nov,2014,RN,TR1,TRUE,Nutrients,TR,0,0,0,0,0,0,0,0,0,0,0,0,0,0,0,0,0,0,0,0
TR1_RN15,6_10,15,Nov,2015,RN,TR1,TRUE,Nutrients,TR,0,0,0,0,0,0,0,0,0,0,0,0,0,0,0,0,0,0,0,0
TR1_RN2,6_10,2,Aug,2013,RN,TR1,TRUE,Nutrients,TR,0,0,30,2,4,0,2,0,0,0,0,0,1,0,0,0,0,0,1,0
TR1_RN2,6_10,2,Aug,2014,RN,TR1,TRUE,Nutrients,TR,0,2,0,2,0,0,0,0,0,0,0,0,0,0,0,0,0,0,1,0
TR1_RN2,6_10,2,Aug,2015,RN,TR1,TRUE,Nutrients,TR,0,1,0,1,0,0,0,0,0,0,0,0,0,0,0,0,0,0,1,0
TR1_RN2,6_10,2,Nov,2013,RN,TR1,TRUE,Nutrients,TR,0,0,11,0,4,0,0,0,0,0,0,5,0,0,0,0,0,0,1,0
TR1_RN2,6_10,2,Nov,2014,RN,TR1,TRUE,Nutrients,TR,0,1,0,0,0,0,0,0,0,0,0,0,0,0,0,0,0,0,1,0
TR1_RN2,6_10,2,Nov,2015,RN,TR1,TRUE,Nutrients,TR,0,1,0,0,0,0,0,0,0,0,0,0,0,0,0,0,0,0,1,0
TR1_RN3,6_10,3,Aug,2013,RN,TR1,TRUE,Nutrients,TR,0,0,0,1,3,0,0,0,0,0,0,13,2,0,0,0,0,0,0,0
TR1_RN3,6_10,3,Aug,2014,RN,TR1,TRUE,Nutrients,TR,0,0,0,1,0,0,0,0,0,0,0,0,0,0,0,1,0,0,0,0
TR1_RN3,6_10,3,Aug,2015,RN,TR1,TRUE,Nutrients,TR,0,1,0,0,0,0,0,0,0,0,0,0,0,0,0,0,0,0,1,0
TR1_RN3,6_10,3,Nov,2013,RN,TR1,TRUE,Nutrients,TR,0,0,1,0,5,0,0,0,0,0,0,5,0,0,1,0,0,0,0,0
TR1_RN3,6_10,3,Nov,2014,RN,TR1,TRUE,Nutrients,TR,0,1,0,0,0,0,0,0,0,0,0,0,0,0,0,0,0,0,0,0
TR1_RN3,6_10,3,Nov,2015,RN,TR1,TRUE,Nutrients,TR,0,1,0,0,0,0,0,0,0,0,0,0,0,0,0,0,0,0,0,0
TR1_RN4,6_10,4,Aug,2013,RN,TR1,TRUE,Nutrients,TR,0,0,0,1,0,0,0,0,0,0,0,9,0,0,0,0,0,0,0,0
TR1_RN4,6_10,4,Aug,2014,RN,TR1,TRUE,Nutrients,TR,0,0,0,2,0,0,0,0,0,0,0,0,0,0,0,0,0,0,0,1
TR1_RN4,6_10,4,Aug,2015,RN,TR1,TRUE,Nutrients,TR,0,1,0,1,0,0,0,0,0,0,0,0,0,0,0,0,0,0,0,0
TR1_RN4,6_10,4,Nov,2013,RN,TR1,TRUE,Nutrients,TR,0,1,5,0,0,0,0,0,0,0,0,1,0,0,0,0,0,0,0,0
TR1_RN4,6_10,4,Nov,2014,RN,TR1,TRUE,Nutrients,TR,0,1,0,0,0,0,0,0,0,0,0,0,0,0,0,0,0,0,0,0
TR1_RN4,6_10,4,Nov,2015,RN,TR1,TRUE,Nutrients,TR,0,1,0,0,0,0,0,0,0,0,0,0,0,0,0,0,0,0,0,0
TR1_RN5,6_10,5,Aug,2013,RN,TR1,TRUE,Nutrients,TR,0,0,0,0,7,0,1,0,0,0,0,77,1,0,0,0,0,0,0,2
TR1_RN5,6_10,5,Aug,2014,RN,TR1,TRUE,Nutrients,TR,0,1,0,0,1,0,0,0,0,0,0,0,0,0,0,2,0,0,0,0
TR1_RN5,6_10,5,Aug,2015,RN,TR1,TRUE,Nutrients,TR,0,1,0,0,0,0,0,0,0,0,0,0,0,0,0,1,0,0,0,0
TR1_RN5,6_10,5,Nov,2013,RN,TR1,TRUE,Nutrients,TR,0,2,26,0,9,0,0,0,0,0,0,28,0,0,0,0,0,0,0,0
TR1_RN5,6_10,5,Nov,2014,RN,TR1,TRUE,Nutrients,TR,0,1,0,0,0,0,0,0,0,0,1,0,0,0,0,1,0,0,0,0
TR1_RN5,6_10,5,Nov,2015,RN,TR1,TRUE,Nutrients,TR,0,1,0,0,0,0,0,0,0,0,0,0,0,0,0,0,0,0,0,0
TR1_RN6,6_10,6,Aug,2013,RN,TR1,TRUE,Nutrients,TR,0,0,0,0,4,0,0,0,0,0,0,42,1,0,1,0,0,0,1,0
TR1_RN6,6_10,6,Aug,2014,RN,TR1,TRUE,Nutrients,TR,0,1,0,0,0,0,0,0,0,0,0,1,0,0,0,0,0,0,0,0
TR1_RN6,6_10,6,Aug,2015,RN,TR1,TRUE,Nutrients,TR,0,3,0,0,0,0,0,0,0,0,0,1,0,1,0,0,0,0,0,0
TR1_RN6,6_10,6,Nov,2013,RN,TR1,TRUE,Nutrients,TR,0,3,7,0,4,0,0,0,0,0,0,25,0,0,1,0,0,0,0,0
TR1_RN6,6_10,6,Nov,2014,RN,TR1,TRUE,Nutrients,TR,0,3,0,0,0,0,0,0,0,0,0,2,0,1,0,0,0,0,0,0
TR1_RN6,6_10,6,Nov,2015,RN,TR1,TRUE,Nutrients,TR,0,3,0,0,0,0,0,0,0,0,0,0,0,1,0,0,0,0,0,0
TR1_RN7,6_10,7,Aug,2013,RN,TR1,TRUE,Nutrients,TR,0,0,13,0,0,0,1,0,1,0,0,17,1,0,0,0,0,0,0,0
TR1_RN7,6_10,7,Aug,2014,RN,TR1,TRUE,Nutrients,TR,0,4,0,0,0,0,0,0,0,0,0,0,0,0,0,0,0,0,0,0
TR1_RN7,6_10,7,Aug,2015,RN,TR1,TRUE,Nutrients,TR,0,3,0,0,0,0,0,1,0,0,0,0,0,0,0,0,0,0,0,0
TR1_RN7,6_10,7,Nov,2013,RN,TR1,TRUE,Nutrients,TR,0,1,11,0,0,0,0,0,1,0,0,4,0,0,0,0,0,0,0,0
TR1_RN7,6_10,7,Nov,2014,RN,TR1,TRUE,Nutrients,TR,0,5,0,0,0,0,0,0,0,0,0,0,0,0,0,0,0,0,0,0
TR1_RN7,6_10,7,Nov,2015,RN,TR1,TRUE,Nutrients,TR,0,3,0,0,0,0,0,0,0,0,0,0,0,0,0,0,0,0,0,0
TR1_RN8,6_10,8,Aug,2013,RN,TR1,TRUE,Nutrients,TR,0,0,13,0,1,0,1,0,0,0,0,14,1,0,0,0,0,0,0,0
TR1_RN8,6_10,8,Aug,2014,RN,TR1,TRUE,Nutrients,TR,0,2,0,0,2,0,0,0,0,0,0,0,0,0,0,3,0,0,0,0
TR1_RN8,6_10,8,Aug,2015,RN,TR1,TRUE,Nutrients,TR,0,2,0,0,0,0,0,0,0,0,0,0,0,0,0,1,0,0,0,0
TR1_RN8,6_10,8,Nov,2013,RN,TR1,TRUE,Nutrients,TR,0,3,2,0,1,0,0,0,0,0,0,20,0,0,0,0,0,0,0,0
TR1_RN8,6_10,8,Nov,2014,RN,TR1,TRUE,Nutrients,TR,0,2,0,0,1,0,0,0,0,0,0,0,0,0,0,0,0,0,0,0
TR1_RN8,6_10,8,Nov,2015,RN,TR1,TRUE,Nutrients,TR,0,2,0,0,0,0,0,0,0,0,0,0,0,0,0,0,0,0,0,0
TR1_RN9,6_10,9,Aug,2013,RN,TR1,TRUE,Nutrients,TR,0,0,9,0,3,0,0,0,0,0,0,24,0,0,0,0,0,0,0,0
TR1_RN9,6_10,9,Aug,2014,RN,TR1,TRUE,Nutrients,TR,0,0,0,0,0,0,0,0,0,0,0,0,0,0,0,0,0,0,0,0
TR1_RN9,6_10,9,Aug,2015,RN,TR1,TRUE,Nutrients,TR,0,0,0,0,0,0,0,0,0,0,0,0,0,0,0,0,0,0,0,0
TR1_RN9,6_10,9,Nov,2013,RN,TR1,TRUE,Nutrients,TR,0,0,0,0,3,1,0,0,0,0,0,6,0,0,0,0,0,0,0,0
TR1_RN9,6_10,9,Nov,2014,RN,TR1,TRUE,Nutrients,TR,0,0,0,0,0,0,0,0,0,0,0,0,0,0,0,0,0,0,0,0
TR1_RN9,6_10,9,Nov,2015,RN,TR1,TRUE,Nutrients,TR,0,1,0,0,0,0,0,0,0,0,0,0,0,0,0,0,0,0,0,0
TR2_RN1,6_10,16,Aug,2013,RN,TR2,TRUE,Nutrients,TR,0,0,8,0,1,0,0,0,0,0,0,5,1,0,0,0,0,0,0,0
TR2_RN1,6_10,16,Aug,2014,RN,TR2,TRUE,Nutrients,TR,0,0,0,0,0,0,0,0,0,0,0,0,2,0,0,0,0,0,0,0
TR2_RN1,6_10,16,Aug,2015,RN,TR2,TRUE,Nutrients,TR,0,0,0,0,0,0,0,0,0,0,0,0,0,0,0,0,0,0,0,0
TR2_RN1,6_10,16,Nov,2013,RN,TR2,TRUE,Nutrients,TR,0,0,9,0,1,0,0,0,0,0,0,6,0,0,0,0,0,0,0,0
TR2_RN1,6_10,16,Nov,2014,RN,TR2,TRUE,Nutrients,TR,0,0,0,0,0,0,0,0,0,0,0,0,0,0,0,0,0,0,0,0
TR2_RN1,6_10,16,Nov,2015,RN,TR2,TRUE,Nutrients,TR,0,0,0,0,0,0,0,0,0,0,0,0,0,0,0,0,0,0,0,0
TR2_RN10,6_10,25,Aug,2013,RN,TR2,TRUE,Nutrients,TR,0,0,20,0,7,0,0,0,0,0,0,20,0,0,0,0,0,0,0,0
TR2_RN10,6_10,25,Aug,2014,RN,TR2,TRUE,Nutrients,TR,0,0,5,0,6,0,0,0,0,0,0,18,0,0,0,0,0,0,0,0
TR2_RN10,6_10,25,Aug,2015,RN,TR2,TRUE,Nutrients,TR,0,0,2,0,6,0,0,0,0,0,0,9,0,0,0,0,0,0,0,0
TR2_RN10,6_10,25,Nov,2013,RN,TR2,TRUE,Nutrients,TR,0,2,14,0,8,0,0,0,0,0,0,15,0,0,0,0,0,0,0,0
TR2_RN10,6_10,25,Nov,2014,RN,TR2,TRUE,Nutrients,TR,0,0,4,0,6,0,0,0,0,0,0,9,0,0,0,0,0,0,0,0
TR2_RN10,6_10,25,Nov,2015,RN,TR2,TRUE,Nutrients,TR,0,0,0,0,6,0,0,0,0,0,0,9,0,0,0,0,0,0,0,0
TR2_RN11,6_10,26,Aug,2013,RN,TR2,TRUE,Nutrients,TR,0,0,0,0,0,0,0,0,0,0,0,0,0,0,0,0,0,0,0,1
TR2_RN11,6_10,26,Aug,2014,RN,TR2,TRUE,Nutrients,TR,0,0,0,0,0,0,0,0,0,0,0,0,0,0,0,0,0,0,0,0
TR2_RN11,6_10,26,Aug,2015,RN,TR2,TRUE,Nutrients,TR,0,0,0,0,0,0,0,0,0,0,0,0,0,0,0,0,0,0,0,0
TR2_RN11,6_10,26,Nov,2013,RN,TR2,TRUE,Nutrients,TR,0,0,0,0,0,0,0,0,0,0,0,0,0,0,0,0,0,0,0,0
TR2_RN11,6_10,26,Nov,2014,RN,TR2,TRUE,Nutrients,TR,0,0,0,0,0,0,0,0,0,0,0,0,0,0,0,0,0,0,0,0
TR2_RN11,6_10,26,Nov,2015,RN,TR2,TRUE,Nutrients,TR,0,0,0,0,0,0,0,0,0,0,0,0,0,0,0,0,0,0,0,0
TR2_RN12,6_10,27,Aug,2013,RN,TR2,TRUE,Nutrients,TR,0,0,30,0,5,0,0,0,0,0,0,25,0,0,0,0,0,0,0,0
TR2_RN12,6_10,27,Aug,2014,RN,TR2,TRUE,Nutrients,TR,0,0,1,0,4,0,0,0,0,0,1,21,0,0,0,0,0,0,0,0
TR2_RN12,6_10,27,Aug,2015,RN,TR2,TRUE,Nutrients,TR,0,0,1,0,4,0,0,0,0,0,0,20,0,0,0,0,0,0,0,0
TR2_RN12,6_10,27,Nov,2013,RN,TR2,TRUE,Nutrients,TR,0,0,26,0,6,0,0,0,0,0,0,33,0,0,0,0,0,0,0,0
TR2_RN12,6_10,27,Nov,2014,RN,TR2,TRUE,Nutrients,TR,0,0,2,0,4,0,0,0,0,0,0,23,0,0,0,0,0,0,0,0
TR2_RN12,6_10,27,Nov,2015,RN,TR2,TRUE,Nutrients,TR,0,0,1,0,4,0,0,0,0,0,0,18,0,0,0,0,0,0,0,0
TR2_RN13,6_10,28,Aug,2013,RN,TR2,TRUE,Nutrients,TR,0,0,6,0,2,0,0,0,0,0,0,8,0,0,0,0,0,0,0,0
TR2_RN13,6_10,28,Aug,2014,RN,TR2,TRUE,Nutrients,TR,0,0,0,0,1,0,0,0,0,0,0,6,0,0,0,0,0,0,0,0
TR2_RN13,6_10,28,Aug,2015,RN,TR2,TRUE,Nutrients,TR,0,0,0,0,1,0,0,0,0,0,0,2,0,0,0,0,0,0,0,0
TR2_RN13,6_10,28,Nov,2013,RN,TR2,TRUE,Nutrients,TR,0,0,8,0,2,0,0,1,0,0,0,9,0,0,0,0,0,0,0,0
TR2_RN13,6_10,28,Nov,2014,RN,TR2,TRUE,Nutrients,TR,0,0,0,0,1,0,0,0,0,0,0,4,0,0,0,0,0,0,0,0
TR2_RN13,6_10,28,Nov,2015,RN,TR2,TRUE,Nutrients,TR,0,0,0,0,1,0,0,0,0,0,0,4,0,0,0,0,0,0,0,0
TR2_RN14,6_10,29,Aug,2013,RN,TR2,TRUE,Nutrients,TR,0,0,18,1,0,0,0,0,0,0,0,9,2,0,0,0,0,0,0,0
TR2_RN14,6_10,29,Aug,2014,RN,TR2,TRUE,Nutrients,TR,0,0,6,2,1,0,0,0,0,0,0,9,1,0,0,0,0,0,0,0
TR2_RN14,6_10,29,Aug,2015,RN,TR2,TRUE,Nutrients,TR,0,2,4,0,0,0,0,0,0,0,0,6,0,0,0,0,0,0,0,0
TR2_RN14,6_10,29,Nov,2013,RN,TR2,TRUE,Nutrients,TR,0,0,14,0,0,0,0,0,0,0,0,10,1,0,0,0,0,0,0,0
TR2_RN14,6_10,29,Nov,2014,RN,TR2,TRUE,Nutrients,TR,0,0,5,0,1,0,0,0,0,0,0,7,0,0,0,1,0,0,0,0
TR2_RN14,6_10,29,Nov,2015,RN,TR2,TRUE,Nutrients,TR,0,1,3,0,0,0,0,0,0,0,0,6,0,0,0,0,0,0,0,0
TR2_RN15,6_10,30,Aug,2013,RN,TR2,TRUE,Nutrients,TR,0,0,14,2,2,0,0,0,0,0,0,16,0,0,0,0,0,0,0,0
TR2_RN15,6_10,30,Aug,2014,RN,TR2,TRUE,Nutrients,TR,0,0,0,1,0,0,0,0,0,0,0,0,0,0,0,0,0,0,0,0
TR2_RN15,6_10,30,Aug,2015,RN,TR2,TRUE,Nutrients,TR,0,0,0,0,0,0,0,0,0,0,0,0,0,0,0,1,0,0,0,0
TR2_RN15,6_10,30,Nov,2013,RN,TR2,TRUE,Nutrients,TR,0,0,16,0,2,0,0,0,0,0,0,9,0,0,0,0,0,0,0,0
TR2_RN15,6_10,30,Nov,2014,RN,TR2,TRUE,Nutrients,TR,0,0,0,0,0,0,0,0,0,0,0,0,0,0,0,0,0,0,0,0
TR2_RN15,6_10,30,Nov,2015,RN,TR2,TRUE,Nutrients,TR,0,0,0,0,0,0,0,0,0,0,0,0,0,0,0,1,0,0,0,0
TR2_RN2,6_10,17,Aug,2013,RN,TR2,TRUE,Nutrients,TR,0,0,16,0,6,0,0,0,0,0,0,12,0,0,0,0,0,0,0,0
TR2_RN2,6_10,17,Aug,2014,RN,TR2,TRUE,Nutrients,TR,0,0,1,0,6,0,0,0,0,0,0,5,0,1,0,0,0,0,0,0
TR2_RN2,6_10,17,Aug,2015,RN,TR2,TRUE,Nutrients,TR,0,0,1,0,5,0,0,0,0,0,0,3,0,0,0,1,0,0,0,0
TR2_RN2,6_10,17,Nov,2013,RN,TR2,TRUE,Nutrients,TR,0,0,18,0,7,0,0,0,0,0,0,14,0,0,0,0,0,0,0,0
TR2_RN2,6_10,17,Nov,2014,RN,TR2,TRUE,Nutrients,TR,0,0,1,0,6,0,0,0,0,0,0,13,0,0,0,0,0,0,0,0
TR2_RN2,6_10,17,Nov,2015,RN,TR2,TRUE,Nutrients,TR,0,0,1,0,5,0,0,0,0,0,0,2,0,0,0,0,0,0,0,0
TR2_RN3,6_10,18,Aug,2013,RN,TR2,TRUE,Nutrients,TR,0,0,19,0,2,0,0,0,0,0,0,14,5,0,0,0,0,0,0,0
TR2_RN3,6_10,18,Aug,2014,RN,TR2,TRUE,Nutrients,TR,0,0,1,1,0,0,0,0,0,0,0,2,0,0,0,2,0,0,0,0
TR2_RN3,6_10,18,Aug,2015,RN,TR2,TRUE,Nutrients,TR,0,0,1,0,0,0,0,0,0,0,0,1,0,0,0,0,0,0,0,0
TR2_RN3,6_10,18,Nov,2013,RN,TR2,TRUE,Nutrients,TR,0,0,13,0,3,0,0,0,1,0,0,30,2,0,0,0,0,0,0,0
TR2_RN3,6_10,18,Nov,2014,RN,TR2,TRUE,Nutrients,TR,0,0,1,0,0,0,0,0,0,0,0,4,0,0,0,0,0,0,0,0
TR2_RN3,6_10,18,Nov,2015,RN,TR2,TRUE,Nutrients,TR,0,0,1,0,0,0,0,0,0,0,0,2,0,0,0,0,0,0,0,0
TR2_RN4,6_10,19,Aug,2013,RN,TR2,TRUE,Nutrients,TR,0,0,41,0,20,0,0,0,0,0,0,76,1,0,0,0,0,0,0,0
TR2_RN4,6_10,19,Aug,2014,RN,TR2,TRUE,Nutrients,TR,0,0,0,0,1,0,0,0,0,0,0,18,0,0,0,0,0,0,0,0
TR2_RN4,6_10,19,Aug,2015,RN,TR2,TRUE,Nutrients,TR,0,0,0,0,0,0,0,0,0,0,0,15,0,0,0,0,0,0,0,0
TR2_RN4,6_10,19,Nov,2013,RN,TR2,TRUE,Nutrients,TR,0,0,9,0,26,0,0,0,0,0,0,57,1,0,0,0,0,0,0,0
TR2_RN4,6_10,19,Nov,2014,RN,TR2,TRUE,Nutrients,TR,0,0,0,0,1,0,0,0,0,0,0,16,0,0,0,0,0,0,0,0
TR2_RN4,6_10,19,Nov,2015,RN,TR2,TRUE,Nutrients,TR,0,0,0,0,0,0,0,0,0,0,0,14,0,0,0,0,0,0,0,0
TR2_RN5,6_10,20,Aug,2013,RN,TR2,TRUE,Nutrients,TR,0,0,16,0,6,0,0,0,0,0,0,36,0,0,0,0,0,0,0,0
TR2_RN5,6_10,20,Aug,2014,RN,TR2,TRUE,Nutrients,TR,0,0,0,0,5,0,0,0,0,0,0,28,0,0,0,0,0,0,0,0
TR2_RN5,6_10,20,Aug,2015,RN,TR2,TRUE,Nutrients,TR,0,0,0,0,5,0,0,0,0,0,0,19,0,0,0,0,0,0,0,0
TR2_RN5,6_10,20,Nov,2013,RN,TR2,TRUE,Nutrients,TR,0,0,15,0,6,0,0,0,0,0,0,29,0,0,0,0,0,0,0,0
TR2_RN5,6_10,20,Nov,2014,RN,TR2,TRUE,Nutrients,TR,0,0,0,0,5,0,0,0,0,0,0,28,0,0,0,0,0,0,0,0
TR2_RN5,6_10,20,Nov,2015,RN,TR2,TRUE,Nutrients,TR,0,0,0,0,5,0,0,0,0,0,0,20,0,0,0,0,0,0,0,0
TR2_RN6,6_10,21,Aug,2013,RN,TR2,TRUE,Nutrients,TR,0,0,11,0,0,0,0,0,0,0,0,13,0,0,0,0,0,0,0,0
TR2_RN6,6_10,21,Aug,2014,RN,TR2,TRUE,Nutrients,TR,0,0,0,1,0,0,0,0,0,0,0,10,0,0,0,0,0,0,0,0
TR2_RN6,6_10,21,Aug,2015,RN,TR2,TRUE,Nutrients,TR,0,0,0,0,0,0,0,0,0,0,0,7,0,0,0,0,0,0,0,0
TR2_RN6,6_10,21,Nov,2013,RN,TR2,TRUE,Nutrients,TR,0,0,8,0,0,0,0,1,0,0,0,14,0,0,0,0,0,0,0,0
TR2_RN6,6_10,21,Nov,2014,RN,TR2,TRUE,Nutrients,TR,0,0,0,0,0,0,0,0,0,0,0,11,0,0,0,0,0,0,0,0
TR2_RN6,6_10,21,Nov,2015,RN,TR2,TRUE,Nutrients,TR,0,0,0,0,0,0,0,0,0,0,0,10,1,0,0,0,0,0,0,0
TR2_RN7,6_10,22,Aug,2013,RN,TR2,TRUE,Nutrients,TR,0,0,22,1,7,0,0,0,0,0,0,49,0,0,0,0,0,0,0,1
TR2_RN7,6_10,22,Aug,2014,RN,TR2,TRUE,Nutrients,TR,0,0,0,2,0,0,0,0,0,0,0,22,0,0,0,0,0,0,0,0
TR2_RN7,6_10,22,Aug,2015,RN,TR2,TRUE,Nutrients,TR,0,0,0,1,0,0,0,0,0,0,0,0,0,0,0,0,0,0,0,0
TR2_RN7,6_10,22,Nov,2013,RN,TR2,TRUE,Nutrients,TR,0,0,16,0,6,0,0,0,0,0,0,32,0,0,0,0,0,0,0,1
TR2_RN7,6_10,22,Nov,2014,RN,TR2,TRUE,Nutrients,TR,0,0,0,0,0,0,0,0,0,0,0,20,0,0,0,0,0,0,0,0
TR2_RN7,6_10,22,Nov,2015,RN,TR2,TRUE,Nutrients,TR,0,0,0,0,0,0,0,0,0,0,0,0,0,0,0,0,0,0,0,0
TR2_RN8,6_10,23,Aug,2013,RN,TR2,TRUE,Nutrients,TR,0,0,9,0,0,0,0,0,0,0,0,31,4,0,0,0,0,0,0,0
TR2_RN8,6_10,23,Aug,2014,RN,TR2,TRUE,Nutrients,TR,0,0,7,0,1,0,0,0,0,0,0,41,0,0,0,0,0,0,0,0
TR2_RN8,6_10,23,Aug,2015,RN,TR2,TRUE,Nutrients,TR,0,0,7,0,0,0,0,0,0,0,0,40,0,0,0,0,0,0,0,0
TR2_RN8,6_10,23,Nov,2013,RN,TR2,TRUE,Nutrients,TR,0,0,8,0,1,0,0,0,0,0,0,42,0,0,0,0,0,0,0,0
TR2_RN8,6_10,23,Nov,2014,RN,TR2,TRUE,Nutrients,TR,0,0,9,0,1,0,0,0,0,0,0,43,0,0,0,0,0,0,0,0
TR2_RN8,6_10,23,Nov,2015,RN,TR2,TRUE,Nutrients,TR,0,0,7,0,1,0,0,0,0,0,0,41,0,0,0,0,0,0,0,0
TR2_RN9,6_10,24,Aug,2013,RN,TR2,TRUE,Nutrients,TR,0,0,18,0,7,0,0,0,0,0,0,26,0,0,0,0,0,0,0,0
TR2_RN9,6_10,24,Aug,2014,RN,TR2,TRUE,Nutrients,TR,0,0,0,0,0,0,0,0,0,0,0,10,0,0,0,0,0,0,0,0
TR2_RN9,6_10,24,Aug,2015,RN,TR2,TRUE,Nutrients,TR,0,0,0,0,0,0,0,0,0,0,0,9,0,0,0,0,0,0,0,0
TR2_RN9,6_10,24,Nov,2013,RN,TR2,TRUE,Nutrients,TR,0,0,18,0,7,0,0,0,0,0,0,17,0,0,0,0,0,0,0,0
TR2_RN9,6_10,24,Nov,2014,RN,TR2,TRUE,Nutrients,TR,0,0,0,0,1,0,0,0,0,0,0,10,0,0,0,0,0,0,0,0
TR2_RN9,6_10,24,Nov,2015,RN,TR2,TRUE,Nutrients,TR,0,0,0,0,0,0,0,0,0,0,0,10,0,0,0,0,0,0,0,0
TR3_RN1,6_10,31,Aug,2013,RN,TR3,TRUE,Nutrients,TR,0,0,21,0,0,0,0,0,0,0,0,3,0,0,0,0,0,0,0,0
TR3_RN1,6_10,31,Aug,2014,RN,TR3,TRUE,Nutrients,TR,1,0,0,1,0,0,0,0,0,0,0,0,0,0,0,0,0,0,0,0
TR3_RN1,6_10,31,Aug,2015,RN,TR3,TRUE,Nutrients,TR,0,0,0,0,0,0,0,0,0,0,0,0,0,0,0,0,0,0,0,0
TR3_RN1,6_10,31,Nov,2013,RN,TR3,TRUE,Nutrients,TR,0,0,14,0,0,0,0,0,0,0,0,6,0,0,0,0,0,0,0,0
TR3_RN1,6_10,31,Nov,2014,RN,TR3,TRUE,Nutrients,TR,0,0,0,0,0,0,0,0,0,0,0,0,0,0,0,0,0,0,0,0
TR3_RN1,6_10,31,Nov,2015,RN,TR3,TRUE,Nutrients,TR,0,0,0,0,0,0,0,0,0,0,0,0,0,0,0,0,0,0,0,0
TR3_RN10,6_10,40,Aug,2013,RN,TR3,TRUE,Nutrients,TR,0,0,9,0,9,0,0,0,1,0,0,23,0,0,0,0,0,0,0,0
TR3_RN10,6_10,40,Aug,2014,RN,TR3,TRUE,Nutrients,TR,0,0,0,0,0,0,0,0,0,0,0,1,0,0,0,0,0,0,0,0
TR3_RN10,6_10,40,Aug,2015,RN,TR3,TRUE,Nutrients,TR,0,0,0,0,0,0,0,0,0,0,0,0,0,0,0,0,0,0,0,0
TR3_RN10,6_10,40,Nov,2013,RN,TR3,TRUE,Nutrients,TR,0,0,8,0,11,0,0,0,1,0,0,16,0,0,0,0,0,0,0,0
TR3_RN10,6_10,40,Nov,2014,RN,TR3,TRUE,Nutrients,TR,0,0,0,0,0,0,0,0,0,0,0,0,0,0,0,0,0,0,0,0
TR3_RN10,6_10,40,Nov,2015,RN,TR3,TRUE,Nutrients,TR,0,0,0,0,0,0,0,0,0,0,0,0,0,0,0,0,0,0,0,0
TR3_RN11,6_10,41,Aug,2013,RN,TR3,TRUE,Nutrients,TR,0,0,5,0,1,0,0,0,0,0,0,3,0,0,0,0,0,0,0,0
TR3_RN11,6_10,41,Aug,2014,RN,TR3,TRUE,Nutrients,TR,0,0,0,3,0,0,0,0,0,0,0,0,2,0,0,0,0,0,0,0
TR3_RN11,6_10,41,Aug,2015,RN,TR3,TRUE,Nutrients,TR,0,0,0,1,0,0,0,0,0,0,0,0,0,0,0,0,0,0,0,0
TR3_RN11,6_10,41,Nov,2013,RN,TR3,TRUE,Nutrients,TR,0,0,0,0,0,1,0,0,1,0,0,10,0,0,0,0,0,0,0,0
TR3_RN11,6_10,41,Nov,2014,RN,TR3,TRUE,Nutrients,TR,0,0,0,0,0,0,0,0,0,0,0,0,0,0,0,0,0,0,0,0
TR3_RN11,6_10,41,Nov,2015,RN,TR3,TRUE,Nutrients,TR,0,0,0,0,0,0,0,0,0,0,0,0,0,0,0,0,0,0,0,0
TR3_RN12,6_10,42,Aug,2013,RN,TR3,TRUE,Nutrients,TR,0,0,5,0,3,0,0,0,0,0,0,6,0,0,2,0,0,0,0,0
TR3_RN12,6_10,42,Aug,2014,RN,TR3,TRUE,Nutrients,TR,0,0,2,0,0,0,0,0,0,0,0,0,0,0,0,0,0,0,0,0
TR3_RN12,6_10,42,Aug,2015,RN,TR3,TRUE,Nutrients,TR,0,0,0,0,0,0,0,0,0,0,0,0,0,0,0,0,0,0,0,0
TR3_RN12,6_10,42,Nov,2013,RN,TR3,TRUE,Nutrients,TR,0,0,3,0,3,0,0,0,0,0,0,11,0,0,0,0,0,0,0,0
TR3_RN12,6_10,42,Nov,2014,RN,TR3,TRUE,Nutrients,TR,0,0,3,0,0,0,0,0,0,0,0,0,0,0,0,0,0,0,0,0
TR3_RN12,6_10,42,Nov,2015,RN,TR3,TRUE,Nutrients,TR,0,0,0,0,0,0,0,0,0,0,0,0,0,0,0,0,0,0,0,0
TR3_RN13,6_10,43,Aug,2013,RN,TR3,TRUE,Nutrients,TR,0,0,3,0,2,0,0,0,2,0,0,0,0,0,0,0,0,0,3,0
TR3_RN13,6_10,43,Aug,2014,RN,TR3,TRUE,Nutrients,TR,0,0,0,1,0,0,0,0,0,0,0,0,0,0,0,0,0,0,0,0
TR3_RN13,6_10,43,Aug,2015,RN,TR3,TRUE,Nutrients,TR,0,0,0,0,0,0,0,0,0,0,0,0,0,0,0,0,0,0,0,0
TR3_RN13,6_10,43,Nov,2013,RN,TR3,TRUE,Nutrients,TR,0,0,5,0,3,1,0,0,0,0,0,2,0,0,0,0,0,0,0,0
TR3_RN13,6_10,43,Nov,2014,RN,TR3,TRUE,Nutrients,TR,0,0,0,0,0,0,0,0,0,0,0,0,0,0,0,0,0,0,0,0
TR3_RN13,6_10,43,Nov,2015,RN,TR3,TRUE,Nutrients,TR,0,0,0,0,0,0,0,0,0,0,0,0,0,0,0,0,0,0,0,0
TR3_RN14,6_10,44,Aug,2013,RN,TR3,TRUE,Nutrients,TR,0,0,24,0,15,0,0,0,0,0,0,9,0,0,0,0,0,0,0,0
TR3_RN14,6_10,44,Aug,2014,RN,TR3,TRUE,Nutrients,TR,0,0,0,0,0,0,0,0,0,0,0,0,0,0,0,0,0,0,0,0
TR3_RN14,6_10,44,Aug,2015,RN,TR3,TRUE,Nutrients,TR,0,0,0,0,0,0,0,0,0,0,0,0,0,0,0,0,0,0,0,0
TR3_RN14,6_10,44,Nov,2013,RN,TR3,TRUE,Nutrients,TR,0,0,30,0,16,1,0,0,0,0,0,8,0,0,0,0,0,0,0,0
TR3_RN14,6_10,44,Nov,2014,RN,TR3,TRUE,Nutrients,TR,0,0,0,0,0,0,0,0,0,0,0,0,0,0,0,0,0,0,0,0
TR3_RN14,6_10,44,Nov,2015,RN,TR3,TRUE,Nutrients,TR,0,0,0,0,0,0,0,0,0,0,0,0,0,0,0,0,0,0,0,0
TR3_RN15,6_10,45,Aug,2013,RN,TR3,TRUE,Nutrients,TR,0,0,22,1,4,0,0,0,0,0,0,16,2,0,1,0,0,0,0,0
TR3_RN15,6_10,45,Aug,2014,RN,TR3,TRUE,Nutrients,TR,0,0,0,1,0,0,0,0,0,0,0,12,0,0,0,0,0,0,0,0
TR3_RN15,6_10,45,Aug,2015,RN,TR3,TRUE,Nutrients,TR,0,0,0,0,0,0,0,0,0,0,0,7,0,0,0,0,0,0,1,0
TR3_RN15,6_10,45,Nov,2013,RN,TR3,TRUE,Nutrients,TR,0,0,1,0,6,2,0,0,0,0,0,32,0,0,1,0,0,0,1,0
TR3_RN15,6_10,45,Nov,2014,RN,TR3,TRUE,Nutrients,TR,0,0,0,0,0,0,0,0,0,0,0,12,0,0,0,2,0,0,0,0
TR3_RN15,6_10,45,Nov,2015,RN,TR3,TRUE,Nutrients,TR,0,0,0,0,0,0,0,0,0,0,0,7,0,0,0,0,0,0,1,0
TR3_RN2,6_10,32,Aug,2013,RN,TR3,TRUE,Nutrients,TR,0,0,8,0,0,0,0,0,0,0,0,1,0,0,0,0,0,0,0,0
TR3_RN2,6_10,32,Aug,2014,RN,TR3,TRUE,Nutrients,TR,0,0,0,1,0,0,0,0,0,0,0,1,0,0,0,1,0,0,0,0
TR3_RN2,6_10,32,Aug,2015,RN,TR3,TRUE,Nutrients,TR,0,0,0,0,0,0,0,0,0,0,0,1,0,0,0,0,0,0,0,0
TR3_RN2,6_10,32,Nov,2013,RN,TR3,TRUE,Nutrients,TR,0,0,8,0,0,0,0,0,0,0,0,5,0,0,0,0,0,0,0,0
TR3_RN2,6_10,32,Nov,2014,RN,TR3,TRUE,Nutrients,TR,0,0,0,0,0,0,0,1,0,0,0,1,0,0,0,0,0,0,0,0
TR3_RN2,6_10,32,Nov,2015,RN,TR3,TRUE,Nutrients,TR,0,0,0,0,0,0,0,0,0,0,0,1,0,0,0,0,0,0,0,0
TR3_RN3,6_10,33,Aug,2013,RN,TR3,TRUE,Nutrients,TR,0,0,14,1,1,0,0,0,0,0,0,3,0,0,0,0,0,0,0,0
TR3_RN3,6_10,33,Aug,2014,RN,TR3,TRUE,Nutrients,TR,0,0,0,1,0,0,0,0,0,0,0,1,0,0,0,0,0,0,0,0
TR3_RN3,6_10,33,Aug,2015,RN,TR3,TRUE,Nutrients,TR,0,0,0,0,0,0,0,0,0,0,0,0,0,0,0,0,0,0,0,0
TR3_RN3,6_10,33,Nov,2013,RN,TR3,TRUE,Nutrients,TR,0,0,7,0,1,0,0,0,0,0,0,11,0,0,0,0,0,0,0,0
TR3_RN3,6_10,33,Nov,2014,RN,TR3,TRUE,Nutrients,TR,0,0,0,0,0,0,0,0,0,0,0,0,0,0,0,1,0,0,0,0
TR3_RN3,6_10,33,Nov,2015,RN,TR3,TRUE,Nutrients,TR,0,0,0,0,0,0,0,0,0,0,0,0,0,0,0,0,0,0,0,0
TR3_RN4,6_10,34,Aug,2013,RN,TR3,TRUE,Nutrients,TR,0,0,18,0,0,0,0,1,0,0,0,2,0,0,0,0,0,0,0,0
TR3_RN4,6_10,34,Aug,2014,RN,TR3,TRUE,Nutrients,TR,0,0,1,0,0,0,0,1,1,0,0,0,0,0,0,3,0,0,0,0
TR3_RN4,6_10,34,Aug,2015,RN,TR3,TRUE,Nutrients,TR,0,0,0,0,0,0,0,1,1,0,0,0,0,0,0,0,0,0,0,0
TR3_RN4,6_10,34,Nov,2013,RN,TR3,TRUE,Nutrients,TR,0,0,9,0,0,0,0,1,1,0,0,3,0,0,0,0,0,0,0,0
TR3_RN4,6_10,34,Nov,2014,RN,TR3,TRUE,Nutrients,TR,0,0,0,0,0,0,0,1,1,0,0,0,0,0,0,0,0,0,0,0
TR3_RN4,6_10,34,Nov,2015,RN,TR3,TRUE,Nutrients,TR,0,0,0,0,0,0,0,1,1,0,0,0,0,0,0,0,0,0,0,0
TR3_RN5,6_10,35,Aug,2013,RN,TR3,TRUE,Nutrients,TR,0,0,2,0,0,0,0,0,0,0,0,6,0,0,0,0,0,0,0,1
TR3_RN5,6_10,35,Aug,2014,RN,TR3,TRUE,Nutrients,TR,0,0,0,0,0,0,0,0,0,0,0,0,0,0,0,1,0,0,0,1
TR3_RN5,6_10,35,Aug,2015,RN,TR3,TRUE,Nutrients,TR,0,0,0,0,0,0,0,0,0,0,0,0,0,0,0,0,0,0,0,0
TR3_RN5,6_10,35,Nov,2013,RN,TR3,TRUE,Nutrients,TR,0,0,4,0,0,0,0,0,0,0,0,6,0,0,0,0,0,0,0,0
TR3_RN5,6_10,35,Nov,2014,RN,TR3,TRUE,Nutrients,TR,0,0,0,0,0,0,0,0,0,0,0,0,0,0,0,0,0,0,0,0
TR3_RN5,6_10,35,Nov,2015,RN,TR3,TRUE,Nutrients,TR,0,0,0,0,0,0,0,0,0,0,0,0,0,0,0,0,0,0,0,0
TR3_RN6,6_10,36,Aug,2013,RN,TR3,TRUE,Nutrients,TR,0,0,12,1,1,0,0,1,0,0,0,12,0,0,1,0,0,0,0,0
TR3_RN6,6_10,36,Aug,2014,RN,TR3,TRUE,Nutrients,TR,0,0,0,0,0,0,0,0,0,0,0,0,0,0,0,2,0,0,0,0
TR3_RN6,6_10,36,Aug,2015,RN,TR3,TRUE,Nutrients,TR,0,0,0,0,0,0,0,0,0,0,0,0,0,0,0,0,0,0,0,0
TR3_RN6,6_10,36,Nov,2013,RN,TR3,TRUE,Nutrients,TR,0,0,13,0,1,0,0,1,0,0,0,6,0,0,0,0,0,0,0,0
TR3_RN6,6_10,36,Nov,2014,RN,TR3,TRUE,Nutrients,TR,0,0,0,0,0,0,0,0,0,0,0,0,0,0,0,0,0,0,0,0
TR3_RN6,6_10,36,Nov,2015,RN,TR3,TRUE,Nutrients,TR,0,0,0,0,0,0,0,0,0,0,0,0,0,0,0,0,0,0,0,0
TR3_RN7,6_10,37,Aug,2013,RN,TR3,TRUE,Nutrients,TR,0,0,24,0,1,0,0,0,0,0,0,31,0,0,1,0,0,0,1,0
TR3_RN7,6_10,37,Aug,2014,RN,TR3,TRUE,Nutrients,TR,0,0,0,0,0,0,0,0,0,0,0,0,0,0,0,0,0,0,0,0
TR3_RN7,6_10,37,Aug,2015,RN,TR3,TRUE,Nutrients,TR,0,0,0,0,0,0,0,0,0,0,0,0,0,0,0,0,0,0,0,0
TR3_RN7,6_10,37,Nov,2013,RN,TR3,TRUE,Nutrients,TR,0,0,8,0,3,0,0,0,0,0,0,25,0,0,0,0,0,0,0,0
TR3_RN7,6_10,37,Nov,2014,RN,TR3,TRUE,Nutrients,TR,0,0,0,0,1,0,0,0,0,0,0,0,0,0,0,0,0,0,0,0
TR3_RN7,6_10,37,Nov,2015,RN,TR3,TRUE,Nutrients,TR,0,0,0,0,0,0,0,0,0,0,0,0,0,0,0,0,0,0,0,0
TR3_RN8,6_10,38,Aug,2013,RN,TR3,TRUE,Nutrients,TR,0,0,6,0,0,0,0,0,0,0,0,2,0,0,1,0,0,0,1,0
TR3_RN8,6_10,38,Aug,2014,RN,TR3,TRUE,Nutrients,TR,0,0,0,0,0,0,0,0,0,0,0,0,0,0,0,0,0,0,0,0
TR3_RN8,6_10,38,Aug,2015,RN,TR3,TRUE,Nutrients,TR,0,0,0,0,0,0,0,0,0,0,0,0,0,0,0,0,0,0,0,0
TR3_RN8,6_10,38,Nov,2013,RN,TR3,TRUE,Nutrients,TR,0,0,1,0,0,0,0,0,0,0,0,6,0,0,0,0,0,0,0,0
TR3_RN8,6_10,38,Nov,2014,RN,TR3,TRUE,Nutrients,TR,0,0,0,0,0,0,0,0,0,0,0,0,0,0,0,0,0,0,0,0
TR3_RN8,6_10,38,Nov,2015,RN,TR3,TRUE,Nutrients,TR,0,0,0,0,0,0,0,0,0,0,0,0,0,0,0,0,0,0,0,0
TR3_RN9,6_10,39,Aug,2013,RN,TR3,TRUE,Nutrients,TR,0,0,8,0,5,0,0,0,0,0,0,9,1,0,0,0,0,0,0,0
TR3_RN9,6_10,39,Aug,2014,RN,TR3,TRUE,Nutrients,TR,0,0,0,0,0,0,0,0,0,0,0,0,0,0,0,0,0,0,0,0
TR3_RN9,6_10,39,Aug,2015,RN,TR3,TRUE,Nutrients,TR,0,0,0,0,0,0,0,0,0,0,0,0,0,0,0,0,0,0,0,0
TR3_RN9,6_10,39,Nov,2013,RN,TR3,TRUE,Nutrients,TR,0,0,12,0,5,0,0,0,0,0,0,8,0,0,0,0,0,0,0,0
TR3_RN9,6_10,39,Nov,2014,RN,TR3,TRUE,Nutrients,TR,0,0,0,0,0,0,0,0,0,0,0,0,0,0,0,0,0,0,0,0
TR3_RN9,6_10,39,Nov,2015,RN,TR3,TRUE,Nutrients,TR,0,0,0,0,0,0,0,0,0,0,0,0,0,0,0,0,0,0,0,0
