STATION,STATION_NAME,ELEVATION,LATITUDE,LONGITUDE,DATE,CLDD,Missing,Consecutive Missing,DP01,Missing,Consecutive Missing,DP05,Missing,Consecutive Missing,DP10,Missing,Consecutive Missing,DT00,Missing,Consecutive Missing,DT32,Missing,Consecutive Missing,DT90,Missing,Consecutive Missing,DX32,Missing,Consecutive Missing,HTDD,Missing,Consecutive Missing,EMXP,Missing,Consecutive Missing,MXSD,Missing,Consecutive Missing,TPCP,Missing,Consecutive Missing,TSNW,Missing,Consecutive Missing,EMNT,Missing,Consecutive Missing,EMXT,Missing,Consecutive Missing,MMNT,Missing,Consecutive Missing,MMXT,Missing,Consecutive Missing,MNTM,Missing,Consecutive Missing
GHCND:US1WYSH0009,WYARNO 9 NNE WY US,1125,44.9293,-106.6784,20050301,9999,0,0,2,12,9,0,12,9,0,12,9,9999,0,0,9999,0,0,9999,0,0,9999,0,0,9999,0,0,41,12,9,76,12,9,111,12,9,127,12,9,9999,0,0,9999,0,0,9999,0,0,9999,0,0,9999,0,0
GHCND:US1WYSH0009,WYARNO 9 NNE WY US,1125,44.9293,-106.6784,20050401,9999,0,0,5,0,0,4,0,0,2,0,0,9999,0,0,9999,0,0,9999,0,0,9999,0,0,9999,0,0,302,0,0,203,12,12,943,0,0,274,0,0,9999,0,0,9999,0,0,9999,0,0,9999,0,0,9999,0,0
GHCND:US1WYSH0009,WYARNO 9 NNE WY US,1125,44.9293,-106.6784,20050501,9999,0,0,8,0,0,2,0,0,2,0,0,9999,0,0,9999,0,0,9999,0,0,9999,0,0,9999,0,0,640,0,0,13,11,11,1451,0,0,43,0,0,9999,0,0,9999,0,0,9999,0,0,9999,0,0,9999,0,0
GHCND:US1WYSH0009,WYARNO 9 NNE WY US,1125,44.9293,-106.6784,20050601,9999,0,0,8,0,0,2,0,0,0,0,0,9999,0,0,9999,0,0,9999,0,0,9999,0,0,9999,0,0,185,0,0,9999,0,0,694,0,0,0,0,0,9999,0,0,9999,0,0,9999,0,0,9999,0,0,9999,0,0
GHCND:US1WYSH0009,WYARNO 9 NNE WY US,1125,44.9293,-106.6784,20050701,9999,0,0,2,0,0,1,0,0,0,0,0,9999,0,0,9999,0,0,9999,0,0,9999,0,0,9999,0,0,185,0,0,9999,0,0,282,0,0,0,0,0,9999,0,0,9999,0,0,9999,0,0,9999,0,0,9999,0,0
GHCND:US1WYSH0009,WYARNO 9 NNE WY US,1125,44.9293,-106.6784,20050801,9999,0,0,2,0,0,0,0,0,0,0,0,9999,0,0,9999,0,0,9999,0,0,9999,0,0,9999,0,0,28,0,0,9999,0,0,115,0,0,0,18,8,9999,0,0,9999,0,0,9999,0,0,9999,0,0,9999,0,0
GHCND:US1WYSH0009,WYARNO 9 NNE WY US,1125,44.9293,-106.6784,20050901,9999,0,0,3,0,0,0,0,0,0,0,0,9999,0,0,9999,0,0,9999,0,0,9999,0,0,9999,0,0,102,0,0,9999,0,0,196,0,0,0,20,10,9999,0,0,9999,0,0,9999,0,0,9999,0,0,9999,0,0
GHCND:US1WYSH0009,WYARNO 9 NNE WY US,1125,44.9293,-106.6784,20051001,9999,0,0,4,0,0,1,0,0,1,0,0,9999,0,0,9999,0,0,9999,0,0,9999,0,0,9999,0,0,297,0,0,165,4,4,609,0,0,168,13,7,9999,0,0,9999,0,0,9999,0,0,9999,0,0,9999,0,0
GHCND:US1WYSH0009,WYARNO 9 NNE WY US,1125,44.9293,-106.6784,20051101,9999,0,0,3,0,0,0,0,0,0,0,0,9999,0,0,9999,0,0,9999,0,0,9999,0,0,9999,0,0,61,0,0,64,24,14,192,0,0,126,9,8,9999,0,0,9999,0,0,9999,0,0,9999,0,0,9999,0,0
GHCND:US1WYSH0009,WYARNO 9 NNE WY US,1125,44.9293,-106.6784,20051201,9999,0,0,2,0,0,0,0,0,0,0,0,9999,0,0,9999,0,0,9999,0,0,9999,0,0,9999,0,0,36,0,0,102,3,3,96,0,0,80,0,0,9999,0,0,9999,0,0,9999,0,0,9999,0,0,9999,0,0
GHCND:US1WYSH0009,WYARNO 9 NNE WY US,1125,44.9293,-106.6784,20060101,9999,0,0,1,0,0,0,0,0,0,0,0,9999,0,0,9999,0,0,9999,0,0,9999,0,0,9999,0,0,33,0,0,38,27,27,36,0,0,38,0,0,9999,0,0,9999,0,0,9999,0,0,9999,0,0,9999,0,0
GHCND:US1WYSH0009,WYARNO 9 NNE WY US,1125,44.9293,-106.6784,20060201,9999,0,0,1,0,0,0,0,0,0,0,0,9999,0,0,9999,0,0,9999,0,0,9999,0,0,9999,0,0,51,0,0,76,20,9,125,0,0,154,1,1,9999,0,0,9999,0,0,9999,0,0,9999,0,0,9999,0,0
GHCND:US1WYSH0009,WYARNO 9 NNE WY US,1125,44.9293,-106.6784,20060301,9999,0,0,3,0,0,0,0,0,0,0,0,9999,0,0,9999,0,0,9999,0,0,9999,0,0,9999,0,0,56,0,0,51,16,9,206,0,0,140,1,1,9999,0,0,9999,0,0,9999,0,0,9999,0,0,9999,0,0
GHCND:US1WYSH0009,WYARNO 9 NNE WY US,1125,44.9293,-106.6784,20060401,9999,0,0,5,0,0,0,0,0,0,0,0,9999,0,0,9999,0,0,9999,0,0,9999,0,0,9999,0,0,112,0,0,127,22,17,416,0,0,160,0,0,9999,0,0,9999,0,0,9999,0,0,9999,0,0,9999,0,0
GHCND:US1WYSH0009,WYARNO 9 NNE WY US,1125,44.9293,-106.6784,20060501,9999,0,0,7,0,0,1,0,0,0,0,0,9999,0,0,9999,0,0,9999,0,0,9999,0,0,9999,0,0,132,0,0,9999,0,0,505,0,0,0,1,1,9999,0,0,9999,0,0,9999,0,0,9999,0,0,9999,0,0
GHCND:US1WYSH0009,WYARNO 9 NNE WY US,1125,44.9293,-106.6784,20060601,9999,0,0,2,0,0,0,0,0,0,0,0,9999,0,0,9999,0,0,9999,0,0,9999,0,0,9999,0,0,99,0,0,9999,0,0,213,0,0,0,0,0,9999,0,0,9999,0,0,9999,0,0,9999,0,0,9999,0,0
GHCND:US1WYSH0009,WYARNO 9 NNE WY US,1125,44.9293,-106.6784,20060701,9999,0,0,0,0,0,0,0,0,0,0,0,9999,0,0,9999,0,0,9999,0,0,9999,0,0,9999,0,0,10,0,0,9999,0,0,10,0,0,0,0,0,9999,0,0,9999,0,0,9999,0,0,9999,0,0,9999,0,0
GHCND:US1WYSH0009,WYARNO 9 NNE WY US,1125,44.9293,-106.6784,20060801,9999,0,0,2,0,0,1,0,0,0,0,0,9999,0,0,9999,0,0,9999,0,0,9999,0,0,9999,0,0,130,0,0,9999,0,0,189,0,0,0,0,0,9999,0,0,9999,0,0,9999,0,0,9999,0,0,9999,0,0
GHCND:US1WYSH0009,WYARNO 9 NNE WY US,1125,44.9293,-106.6784,20060901,9999,0,0,5,0,0,2,0,0,0,0,0,9999,0,0,9999,0,0,9999,0,0,9999,0,0,9999,0,0,185,0,0,9999,0,0,559,0,0,0,0,0,9999,0,0,9999,0,0,9999,0,0,9999,0,0,9999,0,0
GHCND:US1WYSH0009,WYARNO 9 NNE WY US,1125,44.9293,-106.6784,20061001,9999,0,0,9,0,0,0,0,0,0,0,0,9999,0,0,9999,0,0,9999,0,0,9999,0,0,9999,0,0,104,0,0,51,26,10,522,0,0,106,0,0,9999,0,0,9999,0,0,9999,0,0,9999,0,0,9999,0,0
GHCND:US1WYSH0009,WYARNO 9 NNE WY US,1125,44.9293,-106.6784,20061101,9999,0,0,2,0,0,0,0,0,0,0,0,9999,0,0,9999,0,0,9999,0,0,9999,0,0,9999,0,0,56,0,0,51,25,12,94,0,0,77,0,0,9999,0,0,9999,0,0,9999,0,0,9999,0,0,9999,0,0
GHCND:US1WYSH0009,WYARNO 9 NNE WY US,1125,44.9293,-106.6784,20061201,9999,0,0,1,0,0,0,0,0,0,0,0,9999,0,0,9999,0,0,9999,0,0,9999,0,0,9999,0,0,64,0,0,114,2,1,90,0,0,139,0,0,9999,0,0,9999,0,0,9999,0,0,9999,0,0,9999,0,0
GHCND:US1WYSH0009,WYARNO 9 NNE WY US,1125,44.9293,-106.6784,20070101,9999,0,0,2,0,0,0,0,0,0,0,0,9999,0,0,9999,0,0,9999,0,0,9999,0,0,9999,0,0,48,0,0,165,0,0,94,0,0,170,0,0,9999,0,0,9999,0,0,9999,0,0,9999,0,0,9999,0,0
GHCND:US1WYSH0009,WYARNO 9 NNE WY US,1125,44.9293,-106.6784,20070201,9999,0,0,2,0,0,0,0,0,0,0,0,9999,0,0,9999,0,0,9999,0,0,9999,0,0,9999,0,0,43,0,0,216,0,0,145,0,0,336,0,0,9999,0,0,9999,0,0,9999,0,0,9999,0,0,9999,0,0
GHCND:US1WYSH0009,WYARNO 9 NNE WY US,1125,44.9293,-106.6784,20070301,9999,0,0,3,0,0,2,0,0,2,0,0,9999,0,0,9999,0,0,9999,0,0,9999,0,0,9999,0,0,762,0,0,914,1,1,1346,0,0,928,0,0,9999,0,0,9999,0,0,9999,0,0,9999,0,0,9999,0,0
GHCND:US1WYSH0009,WYARNO 9 NNE WY US,1125,44.9293,-106.6784,20070401,9999,0,0,2,0,0,1,0,0,0,0,0,9999,0,0,9999,0,0,9999,0,0,9999,0,0,9999,0,0,178,0,0,483,0,0,276,0,0,56,0,0,9999,0,0,9999,0,0,9999,0,0,9999,0,0,9999,0,0
GHCND:US1WYSH0009,WYARNO 9 NNE WY US,1125,44.9293,-106.6784,20070501,9999,0,0,8,0,0,3,0,0,2,0,0,9999,0,0,9999,0,0,9999,0,0,9999,0,0,9999,0,0,378,0,0,9999,0,0,1286,0,0,0,0,0,9999,0,0,9999,0,0,9999,0,0,9999,0,0,9999,0,0
GHCND:US1WYSH0009,WYARNO 9 NNE WY US,1125,44.9293,-106.6784,20070601,9999,0,0,1,0,0,1,0,0,0,0,0,9999,0,0,9999,0,0,9999,0,0,9999,0,0,9999,0,0,178,0,0,9999,0,0,178,0,0,0,0,0,9999,0,0,9999,0,0,9999,0,0,9999,0,0,9999,0,0
GHCND:US1WYSH0009,WYARNO 9 NNE WY US,1125,44.9293,-106.6784,20080401,9999,0,0,2,0,0,0,0,0,0,0,0,9999,0,0,9999,0,0,9999,0,0,9999,0,0,9999,0,0,84,0,0,9999,0,0,249,0,0,64,0,0,9999,0,0,9999,0,0,9999,0,0,9999,0,0,9999,0,0
GHCND:US1WYSH0009,WYARNO 9 NNE WY US,1125,44.9293,-106.6784,20080501,9999,0,0,12,0,0,2,0,0,2,0,0,9999,0,0,9999,0,0,9999,0,0,9999,0,0,9999,0,0,371,0,0,9999,0,0,1396,0,0,0,0,0,9999,0,0,9999,0,0,9999,0,0,9999,0,0,9999,0,0
GHCND:US1WYSH0009,WYARNO 9 NNE WY US,1125,44.9293,-106.6784,20080601,9999,0,0,5,0,0,1,0,0,0,0,0,9999,0,0,9999,0,0,9999,0,0,9999,0,0,9999,0,0,218,0,0,9999,0,0,468,0,0,0,0,0,9999,0,0,9999,0,0,9999,0,0,9999,0,0,9999,0,0
GHCND:US1WYSH0009,WYARNO 9 NNE WY US,1125,44.9293,-106.6784,20080701,9999,0,0,3,0,0,0,0,0,0,0,0,9999,0,0,9999,0,0,9999,0,0,9999,0,0,9999,0,0,74,0,0,9999,0,0,148,0,0,0,2,1,9999,0,0,9999,0,0,9999,0,0,9999,0,0,9999,0,0
GHCND:US1WYSH0009,WYARNO 9 NNE WY US,1125,44.9293,-106.6784,20080801,9999,0,0,0,0,0,0,0,0,0,0,0,9999,0,0,9999,0,0,9999,0,0,9999,0,0,9999,0,0,20,0,0,9999,0,0,20,0,0,0,0,0,9999,0,0,9999,0,0,9999,0,0,9999,0,0,9999,0,0
GHCND:US1WYSH0009,WYARNO 9 NNE WY US,1125,44.9293,-106.6784,20080901,9999,0,0,4,0,0,1,0,0,0,0,0,9999,0,0,9999,0,0,9999,0,0,9999,0,0,9999,0,0,165,0,0,9999,0,0,428,0,0,0,0,0,9999,0,0,9999,0,0,9999,0,0,9999,0,0,9999,0,0
GHCND:US1WYSH0009,WYARNO 9 NNE WY US,1125,44.9293,-106.6784,20081001,9999,0,0,5,0,0,1,0,0,0,0,0,9999,0,0,9999,0,0,9999,0,0,9999,0,0,9999,0,0,229,0,0,191,10,10,496,0,0,254,0,0,9999,0,0,9999,0,0,9999,0,0,9999,0,0,9999,0,0
GHCND:US1WYSH0009,WYARNO 9 NNE WY US,1125,44.9293,-106.6784,20081101,9999,0,0,1,0,0,0,0,0,0,0,0,9999,0,0,9999,0,0,9999,0,0,9999,0,0,9999,0,0,66,0,0,13,21,19,82,0,0,18,0,0,9999,0,0,9999,0,0,9999,0,0,9999,0,0,9999,0,0
GHCND:US1WYSH0009,WYARNO 9 NNE WY US,1125,44.9293,-106.6784,20081201,9999,0,0,2,0,0,0,0,0,0,0,0,9999,0,0,9999,0,0,9999,0,0,9999,0,0,9999,0,0,58,0,0,229,14,5,152,0,0,287,0,0,9999,0,0,9999,0,0,9999,0,0,9999,0,0,9999,0,0
GHCND:US1WYSH0009,WYARNO 9 NNE WY US,1125,44.9293,-106.6784,20090101,9999,0,0,2,0,0,0,0,0,0,0,0,9999,0,0,9999,0,0,9999,0,0,9999,0,0,9999,0,0,91,0,0,229,0,0,218,0,0,427,0,0,9999,0,0,9999,0,0,9999,0,0,9999,0,0,9999,0,0
GHCND:US1WYSH0009,WYARNO 9 NNE WY US,1125,44.9293,-106.6784,20090201,9999,0,0,0,0,0,0,0,0,0,0,0,9999,0,0,9999,0,0,9999,0,0,9999,0,0,9999,0,0,8,0,0,203,1,1,19,0,0,69,0,0,9999,0,0,9999,0,0,9999,0,0,9999,0,0,9999,0,0
GHCND:US1WYSH0009,WYARNO 9 NNE WY US,1125,44.9293,-106.6784,20090301,9999,0,0,4,0,0,2,0,0,0,0,0,9999,0,0,9999,0,0,9999,0,0,9999,0,0,9999,0,0,203,0,0,254,13,7,495,0,0,571,5,4,9999,0,0,9999,0,0,9999,0,0,9999,0,0,9999,0,0
GHCND:US1WYSH0009,WYARNO 9 NNE WY US,1125,44.9293,-106.6784,20090401,9999,0,0,4,0,0,0,0,0,0,0,0,9999,0,0,9999,0,0,9999,0,0,9999,0,0,9999,0,0,64,0,0,229,15,15,255,0,0,191,7,3,9999,0,0,9999,0,0,9999,0,0,9999,0,0,9999,0,0
GHCND:US1WYSH0009,WYARNO 9 NNE WY US,1125,44.9293,-106.6784,20090501,9999,0,0,3,0,0,0,0,0,0,0,0,9999,0,0,9999,0,0,9999,0,0,9999,0,0,9999,0,0,79,0,0,9999,0,0,163,0,0,0,8,2,9999,0,0,9999,0,0,9999,0,0,9999,0,0,9999,0,0
GHCND:US1WYSH0009,WYARNO 9 NNE WY US,1125,44.9293,-106.6784,20090601,9999,0,0,8,0,0,1,0,0,0,0,0,9999,0,0,9999,0,0,9999,0,0,9999,0,0,9999,0,0,145,0,0,9999,0,0,646,0,0,0,14,3,9999,0,0,9999,0,0,9999,0,0,9999,0,0,9999,0,0
GHCND:US1WYSH0009,WYARNO 9 NNE WY US,1125,44.9293,-106.6784,20090701,9999,0,0,3,0,0,1,0,0,0,0,0,9999,0,0,9999,0,0,9999,0,0,9999,0,0,9999,0,0,193,0,0,9999,0,0,325,0,0,0,12,4,9999,0,0,9999,0,0,9999,0,0,9999,0,0,9999,0,0
GHCND:US1WYSH0009,WYARNO 9 NNE WY US,1125,44.9293,-106.6784,20090801,9999,0,0,5,0,0,1,0,0,1,0,0,9999,0,0,9999,0,0,9999,0,0,9999,0,0,9999,0,0,272,0,0,9999,0,0,504,0,0,0,12,3,9999,0,0,9999,0,0,9999,0,0,9999,0,0,9999,0,0
GHCND:US1WYSH0009,WYARNO 9 NNE WY US,1125,44.9293,-106.6784,20090901,9999,0,0,0,0,0,0,0,0,0,0,0,9999,0,0,9999,0,0,9999,0,0,9999,0,0,9999,0,0,13,0,0,9999,0,0,26,0,0,0,3,1,9999,0,0,9999,0,0,9999,0,0,9999,0,0,9999,0,0
GHCND:US1WYSH0009,WYARNO 9 NNE WY US,1125,44.9293,-106.6784,20091001,9999,0,0,5,0,0,1,0,0,0,0,0,9999,0,0,9999,0,0,9999,0,0,9999,0,0,9999,0,0,145,0,0,51,17,12,494,0,0,234,5,2,9999,0,0,9999,0,0,9999,0,0,9999,0,0,9999,0,0
GHCND:US1WYSH0009,WYARNO 9 NNE WY US,1125,44.9293,-106.6784,20091101,9999,0,0,0,0,0,0,0,0,0,0,0,9999,0,0,9999,0,0,9999,0,0,9999,0,0,9999,0,0,8,0,0,13,25,12,11,0,0,26,2,1,9999,0,0,9999,0,0,9999,0,0,9999,0,0,9999,0,0
GHCND:US1WYSH0009,WYARNO 9 NNE WY US,1125,44.9293,-106.6784,20091201,9999,0,0,2,0,0,1,0,0,1,0,0,9999,0,0,9999,0,0,9999,0,0,9999,0,0,9999,0,0,762,0,0,178,4,2,840,0,0,239,1,1,9999,0,0,9999,0,0,9999,0,0,9999,0,0,9999,0,0
GHCND:US1WYSH0009,WYARNO 9 NNE WY US,1125,44.9293,-106.6784,20100101,9999,0,0,1,0,0,0,0,0,0,0,0,9999,0,0,9999,0,0,9999,0,0,9999,0,0,9999,0,0,30,0,0,152,1,1,40,0,0,94,0,0,9999,0,0,9999,0,0,9999,0,0,9999,0,0,9999,0,0
GHCND:US1WYSH0009,WYARNO 9 NNE WY US,1125,44.9293,-106.6784,20100201,9999,0,0,1,0,0,0,0,0,0,0,0,9999,0,0,9999,0,0,9999,0,0,9999,0,0,9999,0,0,30,0,0,178,0,0,54,0,0,90,0,0,9999,0,0,9999,0,0,9999,0,0,9999,0,0,9999,0,0
GHCND:US1WYSH0009,WYARNO 9 NNE WY US,1125,44.9293,-106.6784,20100301,9999,0,0,2,0,0,0,0,0,0,0,0,9999,0,0,9999,0,0,9999,0,0,9999,0,0,9999,0,0,66,0,0,51,15,11,127,0,0,45,3,1,9999,0,0,9999,0,0,9999,0,0,9999,0,0,9999,0,0
GHCND:US1WYSH0009,WYARNO 9 NNE WY US,1125,44.9293,-106.6784,20100401,9999,0,0,5,0,0,0,0,0,0,0,0,9999,0,0,9999,0,0,9999,0,0,9999,0,0,9999,0,0,124,0,0,89,25,22,374,0,0,102,10,3,9999,0,0,9999,0,0,9999,0,0,9999,0,0,9999,0,0
GHCND:US1WYSH0009,WYARNO 9 NNE WY US,1125,44.9293,-106.6784,20100501,9999,0,0,7,0,0,3,0,0,1,0,0,9999,0,0,9999,0,0,9999,0,0,9999,0,0,9999,0,0,330,0,0,102,4,3,1022,0,0,152,16,7,9999,0,0,9999,0,0,9999,0,0,9999,0,0,9999,0,0
GHCND:US1WYSH0009,WYARNO 9 NNE WY US,1125,44.9293,-106.6784,20100601,9999,0,0,7,0,0,1,0,0,0,0,0,9999,0,0,9999,0,0,9999,0,0,9999,0,0,9999,0,0,147,0,0,9999,0,0,589,0,0,0,13,3,9999,0,0,9999,0,0,9999,0,0,9999,0,0,9999,0,0
GHCND:US1WYSH0009,WYARNO 9 NNE WY US,1125,44.9293,-106.6784,20100701,9999,0,0,4,0,0,1,0,0,0,0,0,9999,0,0,9999,0,0,9999,0,0,9999,0,0,9999,0,0,234,0,0,9999,0,0,375,0,0,0,10,3,9999,0,0,9999,0,0,9999,0,0,9999,0,0,9999,0,0
GHCND:US1WYSH0009,WYARNO 9 NNE WY US,1125,44.9293,-106.6784,20100801,9999,0,0,4,0,0,1,0,0,0,0,0,9999,0,0,9999,0,0,9999,0,0,9999,0,0,9999,0,0,127,0,0,9999,0,0,329,0,0,0,8,4,9999,0,0,9999,0,0,9999,0,0,9999,0,0,9999,0,0
GHCND:US1WYSH0009,WYARNO 9 NNE WY US,1125,44.9293,-106.6784,20100901,9999,0,0,1,0,0,0,0,0,0,0,0,9999,0,0,9999,0,0,9999,0,0,9999,0,0,9999,0,0,41,0,0,9999,0,0,52,0,0,0,9,3,9999,0,0,9999,0,0,9999,0,0,9999,0,0,9999,0,0
GHCND:US1WYSH0009,WYARNO 9 NNE WY US,1125,44.9293,-106.6784,20101001,9999,0,0,1,0,0,0,0,0,0,0,0,9999,0,0,9999,0,0,9999,0,0,9999,0,0,9999,0,0,56,0,0,13,26,26,108,0,0,8,8,3,9999,0,0,9999,0,0,9999,0,0,9999,0,0,9999,0,0
GHCND:US1WYSH0009,WYARNO 9 NNE WY US,1125,44.9293,-106.6784,20101101,9999,0,0,3,0,0,0,0,0,0,0,0,9999,0,0,9999,0,0,9999,0,0,9999,0,0,9999,0,0,53,0,0,114,19,12,165,0,0,182,2,1,9999,0,0,9999,0,0,9999,0,0,9999,0,0,9999,0,0
GHCND:US1WYSH0009,WYARNO 9 NNE WY US,1125,44.9293,-106.6784,20101201,9999,0,0,2,0,0,0,0,0,0,0,0,9999,0,0,9999,0,0,9999,0,0,9999,0,0,9999,0,0,43,0,0,152,2,1,94,0,0,105,2,1,9999,0,0,9999,0,0,9999,0,0,9999,0,0,9999,0,0
GHCND:US1WYSH0009,WYARNO 9 NNE WY US,1125,44.9293,-106.6784,20110101,9999,0,0,5,0,0,0,0,0,0,0,0,9999,0,0,9999,0,0,9999,0,0,9999,0,0,9999,0,0,79,0,0,216,0,0,253,0,0,316,0,0,9999,0,0,9999,0,0,9999,0,0,9999,0,0,9999,0,0
GHCND:US1WYSH0009,WYARNO 9 NNE WY US,1125,44.9293,-106.6784,20110201,9999,0,0,1,0,0,0,0,0,0,0,0,9999,0,0,9999,0,0,9999,0,0,9999,0,0,9999,0,0,30,0,0,254,2,2,66,0,0,149,2,2,9999,0,0,9999,0,0,9999,0,0,9999,0,0,9999,0,0
GHCND:US1WYSH0009,WYARNO 9 NNE WY US,1125,44.9293,-106.6784,20110301,9999,0,0,5,0,0,1,0,0,0,0,0,9999,0,0,9999,0,0,9999,0,0,9999,0,0,9999,0,0,185,0,0,457,1,1,366,0,0,671,0,0,9999,0,0,9999,0,0,9999,0,0,9999,0,0,9999,0,0
GHCND:US1WYSH0009,WYARNO 9 NNE WY US,1125,44.9293,-106.6784,20110401,9999,0,0,4,0,0,1,0,0,0,0,0,9999,0,0,9999,0,0,9999,0,0,9999,0,0,9999,0,0,137,0,0,51,3,1,414,0,0,74,2,1,9999,0,0,9999,0,0,9999,0,0,9999,0,0,9999,0,0
GHCND:US1WYSH0009,WYARNO 9 NNE WY US,1125,44.9293,-106.6784,20110501,9999,0,0,14,0,0,7,0,0,4,0,0,9999,0,0,9999,0,0,9999,0,0,9999,0,0,9999,0,0,340,0,0,0,0,0,2309,0,0,0,17,10,9999,0,0,9999,0,0,9999,0,0,9999,0,0,9999,0,0
GHCND:US1WYSH0009,WYARNO 9 NNE WY US,1125,44.9293,-106.6784,20110601,9999,0,0,8,0,0,2,0,0,0,0,0,9999,0,0,9999,0,0,9999,0,0,9999,0,0,9999,0,0,183,0,0,9999,0,0,721,0,0,0,13,5,9999,0,0,9999,0,0,9999,0,0,9999,0,0,9999,0,0
GHCND:US1WYSH0009,WYARNO 9 NNE WY US,1125,44.9293,-106.6784,20110701,9999,0,0,2,0,0,2,0,0,0,0,0,9999,0,0,9999,0,0,9999,0,0,9999,0,0,9999,0,0,173,0,0,9999,0,0,336,0,0,0,6,3,9999,0,0,9999,0,0,9999,0,0,9999,0,0,9999,0,0
GHCND:US1WYSH0009,WYARNO 9 NNE WY US,1125,44.9293,-106.6784,20110801,9999,0,0,2,0,0,0,0,0,0,0,0,9999,0,0,9999,0,0,9999,0,0,9999,0,0,9999,0,0,114,0,0,9999,0,0,242,0,0,0,10,2,9999,0,0,9999,0,0,9999,0,0,9999,0,0,9999,0,0
GHCND:US1WYSH0009,WYARNO 9 NNE WY US,1125,44.9293,-106.6784,20110901,9999,0,0,1,0,0,0,0,0,0,0,0,9999,0,0,9999,0,0,9999,0,0,9999,0,0,9999,0,0,38,0,0,9999,0,0,56,0,0,0,4,1,9999,0,0,9999,0,0,9999,0,0,9999,0,0,9999,0,0
GHCND:US1WYSH0009,WYARNO 9 NNE WY US,1125,44.9293,-106.6784,20111001,9999,0,0,3,0,0,2,0,0,1,0,0,9999,0,0,9999,0,0,9999,0,0,9999,0,0,9999,0,0,282,0,0,9999,0,0,519,0,0,0,10,3,9999,0,0,9999,0,0,9999,0,0,9999,0,0,9999,0,0
GHCND:US1WYSH0009,WYARNO 9 NNE WY US,1125,44.9293,-106.6784,20111101,9999,0,0,3,0,0,0,0,0,0,0,0,9999,0,0,9999,0,0,9999,0,0,9999,0,0,9999,0,0,58,0,0,178,16,11,121,0,0,228,3,1,9999,0,0,9999,0,0,9999,0,0,9999,0,0,9999,0,0
GHCND:US1WYSH0009,WYARNO 9 NNE WY US,1125,44.9293,-106.6784,20111201,9999,0,0,2,0,0,0,0,0,0,0,0,9999,0,0,9999,0,0,9999,0,0,9999,0,0,9999,0,0,71,0,0,30,0,0,153,0,0,5,5,1,9999,0,0,9999,0,0,9999,0,0,9999,0,0,9999,0,0
GHCND:US1WYSH0009,WYARNO 9 NNE WY US,1125,44.9293,-106.6784,20120101,9999,0,0,0,0,0,0,0,0,0,0,0,9999,0,0,9999,0,0,9999,0,0,9999,0,0,9999,0,0,20,0,0,9999,0,0,26,0,0,0,3,2,9999,0,0,9999,0,0,9999,0,0,9999,0,0,9999,0,0
GHCND:US1WYSH0009,WYARNO 9 NNE WY US,1125,44.9293,-106.6784,20120201,9999,0,0,3,0,0,2,0,0,0,0,0,9999,0,0,9999,0,0,9999,0,0,9999,0,0,9999,0,0,132,0,0,9999,0,0,315,0,0,0,7,3,9999,0,0,9999,0,0,9999,0,0,9999,0,0,9999,0,0
GHCND:US1WYSH0009,WYARNO 9 NNE WY US,1125,44.9293,-106.6784,20120301,9999,0,0,0,0,0,0,0,0,0,0,0,9999,0,0,9999,0,0,9999,0,0,9999,0,0,9999,0,0,10,0,0,9999,0,0,24,0,0,0,5,2,9999,0,0,9999,0,0,9999,0,0,9999,0,0,9999,0,0
GHCND:US1WYSH0009,WYARNO 9 NNE WY US,1125,44.9293,-106.6784,20120401,9999,0,0,4,0,0,0,0,0,0,0,0,9999,0,0,9999,0,0,9999,0,0,9999,0,0,9999,0,0,69,0,0,9999,0,0,262,0,0,0,7,2,9999,0,0,9999,0,0,9999,0,0,9999,0,0,9999,0,0
GHCND:US1WYSH0009,WYARNO 9 NNE WY US,1125,44.9293,-106.6784,20120501,9999,0,0,5,0,0,1,0,0,0,0,0,9999,0,0,9999,0,0,9999,0,0,9999,0,0,9999,0,0,183,0,0,9999,0,0,531,0,0,0,10,6,9999,0,0,9999,0,0,9999,0,0,9999,0,0,9999,0,0
GHCND:US1WYSH0009,WYARNO 9 NNE WY US,1125,44.9293,-106.6784,20120601,9999,0,0,2,0,0,0,0,0,0,0,0,9999,0,0,9999,0,0,9999,0,0,9999,0,0,9999,0,0,38,0,0,9999,0,0,98,0,0,0,6,3,9999,0,0,9999,0,0,9999,0,0,9999,0,0,9999,0,0
GHCND:USC00488160,SHERIDAN FIELD STATION WY US,1158.8,44.85,-106.86667,19700101,0,0,0,2,0,0,0,0,0,0,0,0,14,0,0,31,0,0,0,0,0,15,0,0,8474,0,0,109,0,0,229,0,0,142,0,0,203,0,0,-322,0,0,78,0,0,-164,0,0,-16,0,0,-90,0,0
GHCND:USC00488160,SHERIDAN FIELD STATION WY US,1158.8,44.85,-106.86667,19700201,0,0,0,0,0,0,0,0,0,0,0,0,1,0,0,28,0,0,0,0,0,3,0,0,5678,0,0,23,0,0,254,0,0,96,0,0,173,0,0,-194,0,0,111,0,0,-94,0,0,54,0,0,-20,0,0
GHCND:USC00488160,SHERIDAN FIELD STATION WY US,1158.8,44.85,-106.86667,19700301,0,0,0,6,0,0,0,0,0,0,0,0,5,0,0,31,0,0,0,0,0,7,0,0,6443,0,0,97,0,0,432,0,0,404,0,0,648,0,0,-206,0,0,161,0,0,-90,0,0,40,0,0,-25,0,0
GHCND:USC00488160,SHERIDAN FIELD STATION WY US,1158.8,44.85,-106.86667,19700401,0,0,0,3,0,0,2,0,0,1,0,0,0,0,0,25,0,0,0,0,0,0,0,0,4386,0,0,269,0,0,51,0,0,538,0,0,152,0,0,-117,0,0,228,0,0,-29,0,0,103,0,0,37,0,0
GHCND:USC00488160,SHERIDAN FIELD STATION WY US,1158.8,44.85,-106.86667,19700501,12,0,0,9,0,0,4,0,0,2,0,0,0,0,0,7,0,0,0,0,0,0,0,0,1666,0,0,333,0,0,0,0,0,1260,0,0,25,0,0,-28,0,0,306,0,0,47,0,0,213,0,0,130,0,0
GHCND:USC00488160,SHERIDAN FIELD STATION WY US,1158.8,44.85,-106.86667,19700601,494,0,0,2,0,0,1,0,0,1,0,0,0,0,0,0,0,0,6,0,0,0,0,0,443,0,0,325,0,0,0,0,0,436,0,0,0,0,0,17,0,0,394,0,0,94,0,0,276,0,0,185,0,0
GHCND:USC00488160,SHERIDAN FIELD STATION WY US,1158.8,44.85,-106.86667,19700701,1126,0,0,2,0,0,1,0,0,0,0,0,0,0,0,0,0,0,20,0,0,0,0,0,24,0,0,196,0,0,0,0,0,285,0,0,0,0,0,56,0,0,361,0,0,118,0,0,319,0,0,219,0,0
GHCND:USC00488160,SHERIDAN FIELD STATION WY US,1158.8,44.85,-106.86667,19700801,1235,0,0,0,0,0,0,0,0,0,0,0,0,0,0,0,0,0,23,0,0,0,0,0,16,0,0,0,0,0,0,0,0,0,0,0,0,0,0,56,0,0,394,0,0,100,0,0,345,0,0,222,0,0
GHCND:USC00488160,SHERIDAN FIELD STATION WY US,1158.8,44.85,-106.86667,19700901,186,0,0,7,0,0,1,0,0,0,0,0,0,0,0,12,0,0,5,0,0,0,0,0,1968,0,0,160,0,0,0,0,0,531,0,0,64,0,0,-39,0,0,361,0,0,28,0,0,219,0,0,124,0,0
GHCND:USC00488160,SHERIDAN FIELD STATION WY US,1158.8,44.85,-106.86667,19701001,0,0,0,3,0,0,0,0,0,0,0,0,0,0,0,24,0,0,0,0,0,0,0,0,3893,0,0,117,0,0,0,0,0,263,0,0,0,0,0,-94,0,0,300,0,0,-33,0,0,147,0,0,57,0,0
GHCND:USC00488160,SHERIDAN FIELD STATION WY US,1158.8,44.85,-106.86667,19701101,0,0,0,6,0,0,0,0,0,0,0,0,1,0,0,28,0,0,0,0,0,4,0,0,5411,0,0,112,0,0,127,1,1,397,0,0,170,0,0,-244,0,0,167,0,0,-62,0,0,67,0,0,3,0,0
GHCND:USC00488160,SHERIDAN FIELD STATION WY US,1158.8,44.85,-106.86667,19701201,0,0,0,4,0,0,0,0,0,0,0,0,12,0,0,31,0,0,0,0,0,10,0,0,7727,0,0,48,0,0,152,0,0,145,0,0,140,0,0,-289,0,0,144,0,0,-147,0,0,15,0,0,-66,0,0
GHCND:USC00488160,SHERIDAN FIELD STATION WY US,1158.8,44.85,-106.86667,19710101,0,0,0,3,0,0,0,0,0,0,0,0,15,0,0,31,0,0,0,0,0,15,0,0,8207,0,0,89,0,0,203,12,9,220,0,0,9999,0,0,-300,0,0,128,0,0,-155,0,0,-8,0,0,-82,0,0
GHCND:USC00488160,SHERIDAN FIELD STATION WY US,1158.8,44.85,-106.86667,19710201,0,0,0,4,0,0,0,0,0,0,0,0,9,0,0,28,0,0,0,0,0,12,0,0,6682,0,0,53,0,0,229,0,0,214,0,0,127,0,0,-328,0,0,122,0,0,-131,0,0,19,0,0,-56,0,0
GHCND:USC00488160,SHERIDAN FIELD STATION WY US,1158.8,44.85,-106.86667,19710301,0,0,0,3,0,0,0,0,0,0,0,0,3,0,0,30,0,0,0,0,0,7,0,0,5845,0,0,79,0,0,9999,0,0,199,0,0,127,0,0,-200,0,0,228,0,0,-75,0,0,64,0,0,-6,0,0
GHCND:USC00488160,SHERIDAN FIELD STATION WY US,1158.8,44.85,-106.86667,19710401,0,0,0,5,0,0,2,0,0,1,0,0,0,0,0,20,0,0,0,0,0,0,0,0,3864,0,0,493,0,0,9999,0,0,928,0,0,9999,0,0,-156,0,0,250,0,0,-21,0,0,129,0,0,54,0,0
GHCND:USC00488160,SHERIDAN FIELD STATION WY US,1158.8,44.85,-106.86667,19710501,21,0,0,6,0,0,3,0,0,0,0,0,0,0,0,5,0,0,0,0,0,0,0,0,2043,0,0,196,0,0,0,0,0,646,0,0,0,0,0,-33,0,0,294,0,0,41,0,0,195,0,0,118,0,0
GHCND:USC00488160,SHERIDAN FIELD STATION WY US,1158.8,44.85,-106.86667,19710601,351,0,0,2,0,0,1,0,0,0,0,0,0,0,0,0,0,0,3,0,0,0,0,0,589,0,0,216,0,0,0,0,0,281,0,0,0,0,0,33,0,0,361,0,0,92,0,0,258,0,0,175,0,0
GHCND:USC00488160,SHERIDAN FIELD STATION WY US,1158.8,44.85,-106.86667,19710701,566,0,0,0,0,0,0,0,0,0,0,0,0,0,0,1,0,0,12,0,0,0,0,0,429,0,0,13,0,0,0,0,0,28,0,0,0,0,0,0,0,0,378,0,0,78,0,0,297,0,0,187,0,0
GHCND:USC00488160,SHERIDAN FIELD STATION WY US,1158.8,44.85,-106.86667,19710801,1539,0,0,1,0,0,1,0,0,0,0,0,0,0,0,0,0,0,24,0,0,0,0,0,46,0,0,168,0,0,0,0,0,199,0,0,0,0,0,50,0,0,394,0,0,119,0,0,343,0,0,231,0,0
GHCND:USC00488160,SHERIDAN FIELD STATION WY US,1158.8,44.85,-106.86667,19710901,200,0,0,1,0,0,0,0,0,0,0,0,0,0,0,8,0,0,6,0,0,0,0,0,1872,0,0,114,0,0,0,0,0,198,0,0,0,0,0,-78,0,0,361,0,0,34,0,0,220,0,0,127,0,0
GHCND:USC00488160,SHERIDAN FIELD STATION WY US,1158.8,44.85,-106.86667,19711001,0,0,0,9,0,0,2,0,0,0,0,0,0,0,0,21,0,0,0,0,0,3,0,0,4060,0,0,191,0,0,102,0,0,796,0,0,9999,0,0,-172,0,0,272,0,0,-26,0,0,130,0,0,52,0,0
GHCND:USC00488160,SHERIDAN FIELD STATION WY US,1158.8,44.85,-106.86667,19711101,0,0,0,2,0,0,0,0,0,0,0,0,2,0,0,30,0,0,0,0,0,3,0,0,5751,0,0,74,0,0,127,0,0,180,0,0,190,0,0,-217,0,0,194,0,0,-84,0,0,67,0,0,-9,0,0
GHCND:USC00488160,SHERIDAN FIELD STATION WY US,1158.8,44.85,-106.86667,19711201,0,0,0,0,0,0,0,0,0,0,0,0,17,0,0,31,0,0,0,0,0,19,0,0,8739,0,0,5,0,0,9999,0,0,16,0,0,9999,0,0,-311,0,0,117,0,0,-184,0,0,-14,0,0,-99,0,0
GHCND:USC00488160,SHERIDAN FIELD STATION WY US,1158.8,44.85,-106.86667,19720101,0,0,0,2,0,0,1,0,0,0,0,0,18,0,0,31,0,0,0,0,0,18,0,0,9159,0,0,147,0,0,9999,0,0,229,0,0,9999,0,0,-383,0,0,111,0,0,-196,0,0,-29,0,0,-112,0,0
GHCND:USC00488160,SHERIDAN FIELD STATION WY US,1158.8,44.85,-106.86667,19720201,0,0,0,0,0,0,0,0,0,0,0,0,7,0,0,28,0,0,0,0,0,11,0,0,6794,0,0,18,0,0,9999,0,0,100,0,0,127,0,0,-306,0,0,144,0,0,-127,0,0,24,0,0,-51,0,0
GHCND:USC00488160,SHERIDAN FIELD STATION WY US,1158.8,44.85,-106.86667,19720301,0,0,0,4,0,0,0,0,0,0,0,0,1,0,0,26,0,0,0,0,0,3,0,0,4934,0,0,69,0,0,9999,0,0,215,0,0,102,0,0,-178,0,0,228,0,0,-57,0,0,105,0,0,24,0,0
GHCND:USC00488160,SHERIDAN FIELD STATION WY US,1158.8,44.85,-106.86667,19720401,0,0,0,3,0,0,0,0,0,0,0,0,0,0,0,23,0,0,0,0,0,0,0,0,3688,0,0,69,0,0,0,0,0,201,0,0,25,0,0,-139,0,0,222,0,0,-23,0,0,143,0,0,60,0,0
GHCND:USC00488160,SHERIDAN FIELD STATION WY US,1158.8,44.85,-106.86667,19720501,34,0,0,5,0,0,2,0,0,1,0,0,0,0,0,7,0,0,0,0,0,0,0,0,2292,0,0,432,0,0,0,0,0,794,0,0,0,0,0,-61,0,0,311,0,0,34,0,0,186,0,0,110,0,0
GHCND:USC00488160,SHERIDAN FIELD STATION WY US,1158.8,44.85,-106.86667,19720601,280,0,0,6,0,0,1,0,0,0,0,0,0,0,0,0,0,0,2,0,0,0,0,0,365,0,0,244,0,0,0,0,0,678,0,0,0,0,0,39,0,0,322,0,0,95,0,0,265,0,0,180,0,0
GHCND:USC00488160,SHERIDAN FIELD STATION WY US,1158.8,44.85,-106.86667,19720701,421,0,0,3,0,0,0,0,0,0,0,0,0,0,0,0,0,0,8,0,0,0,0,0,668,0,0,107,0,0,0,0,0,330,0,0,0,0,0,11,0,0,350,0,0,81,0,0,269,0,0,175,0,0
GHCND:USC00488160,SHERIDAN FIELD STATION WY US,1158.8,44.85,-106.86667,19720801,636,0,0,2,0,0,0,0,0,0,0,0,0,0,0,0,0,0,9,0,0,0,0,0,278,0,0,122,0,0,0,0,0,250,0,0,0,0,0,28,0,0,372,0,0,93,0,0,296,0,0,195,0,0
GHCND:USC00488160,SHERIDAN FIELD STATION WY US,1158.8,44.85,-106.86667,19720901,40,0,0,5,0,0,0,0,0,0,0,0,0,0,0,11,0,0,2,0,0,0,0,0,1972,0,0,61,0,0,0,0,0,259,0,0,13,0,0,-83,0,0,322,0,0,14,0,0,223,0,0,119,0,0
GHCND:USC00488160,SHERIDAN FIELD STATION WY US,1158.8,44.85,-106.86667,19721001,0,0,0,5,0,0,0,0,0,0,0,0,0,0,0,25,0,0,0,0,0,1,0,0,3924,0,0,122,0,0,0,0,0,322,0,0,9999,0,0,-161,0,0,261,0,0,-39,0,0,152,0,0,56,0,0
GHCND:USC00488160,SHERIDAN FIELD STATION WY US,1158.8,44.85,-106.86667,19721101,0,0,0,1,0,0,0,0,0,0,0,0,0,0,0,29,0,0,0,0,0,3,0,0,5666,0,0,79,0,0,0,0,0,110,0,0,9999,0,0,-156,0,0,139,0,0,-84,0,0,72,0,0,-6,0,0
GHCND:USC00488160,SHERIDAN FIELD STATION WY US,1158.8,44.85,-106.86667,19721201,0,0,0,2,0,0,0,0,0,0,0,0,16,0,0,31,0,0,0,0,0,17,0,0,8873,0,0,79,0,0,229,20,20,171,0,0,304,0,0,-394,0,0,144,0,0,-183,0,0,-23,0,0,-103,0,0
GHCND:USC00488160,SHERIDAN FIELD STATION WY US,1158.8,44.85,-106.86667,19730101,0,1,1,1,0,0,0,0,0,0,0,0,14,0,0,31,0,0,0,1,1,13,1,1,8165,1,1,36,0,0,102,0,0,102,0,0,152,0,0,-383,0,0,122,1,1,-176,0,0,-6,1,1,-89,1,1
GHCND:USC00488160,SHERIDAN FIELD STATION WY US,1158.8,44.85,-106.86667,19730201,0,0,0,1,0,0,0,0,0,0,0,0,8,0,0,28,0,0,0,0,0,6,0,0,6204,0,0,25,0,0,9999,0,0,33,0,0,9999,0,0,-278,0,0,144,0,0,-131,0,0,54,0,0,-39,0,0
GHCND:USC00488160,SHERIDAN FIELD STATION WY US,1158.8,44.85,-106.86667,19730301,0,0,0,4,0,0,2,0,0,0,0,0,0,0,0,31,0,0,0,0,0,0,0,0,5223,0,0,211,0,0,9999,0,0,557,0,0,355,0,0,-122,0,0,156,0,0,-62,0,0,91,0,0,15,0,0
GHCND:USC00488160,SHERIDAN FIELD STATION WY US,1158.8,44.85,-106.86667,19730401,0,0,0,7,0,0,3,0,0,0,0,0,0,0,0,26,0,0,0,0,0,3,0,0,4565,0,0,206,0,0,9999,0,0,759,0,0,356,0,0,-172,0,0,233,0,0,-43,0,0,105,0,0,31,0,0
GHCND:USC00488160,SHERIDAN FIELD STATION WY US,1158.8,44.85,-106.86667,19730501,20,0,0,4,0,0,0,0,0,0,0,0,0,0,0,14,0,0,0,0,0,0,0,0,2580,0,0,99,0,0,0,0,0,250,0,0,0,0,0,-50,0,0,289,0,0,11,0,0,190,0,0,100,0,0
GHCND:USC00488160,SHERIDAN FIELD STATION WY US,1158.8,44.85,-106.86667,19730601,351,0,0,5,0,0,2,0,0,1,0,0,0,0,0,1,0,0,4,0,0,0,0,0,775,0,0,475,0,0,0,0,0,876,0,0,0,0,0,0,0,0,361,0,0,74,0,0,264,0,0,169,0,0
GHCND:USC00488160,SHERIDAN FIELD STATION WY US,1158.8,44.85,-106.86667,19730701,663,0,0,3,0,0,1,0,0,0,0,0,0,0,0,0,0,0,9,0,0,0,0,0,248,0,0,191,0,0,0,0,0,254,0,0,0,0,0,39,0,0,378,0,0,101,0,0,293,0,0,197,0,0
GHCND:USC00488160,SHERIDAN FIELD STATION WY US,1158.8,44.85,-106.86667,19730801,801,0,0,2,0,0,1,0,0,0,0,0,0,0,0,0,0,0,13,0,0,0,0,0,112,0,0,226,0,0,0,0,0,297,0,0,0,0,0,44,0,0,389,0,0,100,0,0,310,0,0,205,0,0
GHCND:USC00488160,SHERIDAN FIELD STATION WY US,1158.8,44.85,-106.86667,19730901,29,0,0,6,0,0,5,0,0,0,0,0,0,0,0,9,0,0,0,0,0,0,0,0,1936,0,0,231,0,0,0,0,0,874,0,0,0,0,0,-28,0,0,294,0,0,38,0,0,201,0,0,119,0,0
GHCND:USC00488160,SHERIDAN FIELD STATION WY US,1158.8,44.85,-106.86667,19731001,0,0,0,1,0,0,0,0,0,0,0,0,0,0,0,23,0,0,0,0,0,0,0,0,3012,0,0,107,0,0,0,0,0,176,0,0,0,0,0,-67,0,0,283,0,0,-12,0,0,184,0,0,86,0,0
GHCND:USC00488160,SHERIDAN FIELD STATION WY US,1158.8,44.85,-106.86667,19731101,0,0,0,3,0,0,0,0,0,0,0,0,3,0,0,30,0,0,0,0,0,9,0,0,6185,0,0,114,0,0,9999,0,0,198,0,0,178,0,0,-211,0,0,200,0,0,-98,0,0,51,0,0,-23,0,0
GHCND:USC00488160,SHERIDAN FIELD STATION WY US,1158.8,44.85,-106.86667,19731201,0,0,0,2,0,0,0,0,0,0,0,0,5,0,0,31,0,0,0,0,0,7,0,0,6817,0,0,109,0,0,9999,0,0,191,0,0,9999,0,0,-228,0,0,206,0,0,-116,0,0,43,0,0,-37,0,0
GHCND:USC00488160,SHERIDAN FIELD STATION WY US,1158.8,44.85,-106.86667,19740101,0,0,0,2,0,0,0,0,0,0,0,0,14,0,0,30,0,0,0,0,0,13,0,0,8476,0,0,61,0,0,9999,0,0,184,0,0,9999,0,0,-361,0,0,200,0,0,-176,0,0,-5,0,0,-90,0,0
GHCND:USC00488160,SHERIDAN FIELD STATION WY US,1158.8,44.85,-106.86667,19740201,0,0,0,1,0,0,0,0,0,0,0,0,3,0,0,28,0,0,0,0,0,4,0,0,5599,0,0,64,0,0,9999,0,0,95,0,0,9999,0,0,-183,0,0,128,0,0,-93,0,0,59,0,0,-17,0,0
GHCND:USC00488160,SHERIDAN FIELD STATION WY US,1158.8,44.85,-106.86667,19740301,0,0,0,3,0,0,0,0,0,0,0,0,3,0,0,30,0,0,0,0,0,5,0,0,5675,0,0,99,0,0,9999,0,0,237,0,0,9999,0,0,-194,0,0,194,0,0,-84,0,0,84,0,0,0,0,0
GHCND:USC00488160,SHERIDAN FIELD STATION WY US,1158.8,44.85,-106.86667,19740401,14,0,0,5,0,0,1,0,0,0,0,0,0,0,0,22,0,0,0,0,0,0,0,0,3546,0,0,198,0,0,9999,0,0,437,0,0,9999,0,0,-78,0,0,289,0,0,-16,0,0,146,0,0,65,0,0
GHCND:USC00488160,SHERIDAN FIELD STATION WY US,1158.8,44.85,-106.86667,19740501,0,0,0,6,0,0,0,0,0,0,0,0,0,0,0,13,0,0,0,0,0,0,0,0,2695,0,0,94,0,0,0,0,0,437,0,0,0,0,0,-67,0,0,272,0,0,9,0,0,177,0,0,93,0,0
GHCND:USC00488160,SHERIDAN FIELD STATION WY US,1158.8,44.85,-106.86667,19740601,483,0,0,3,0,0,0,0,0,0,0,0,0,0,0,2,0,0,10,0,0,0,0,0,859,0,0,117,0,0,0,0,0,282,0,0,0,0,0,-11,0,0,367,0,0,69,0,0,272,0,0,170,0,0
GHCND:USC00488160,SHERIDAN FIELD STATION WY US,1158.8,44.85,-106.86667,19740701,1132,0,0,0,0,0,0,0,0,0,0,0,0,0,0,0,0,0,26,0,0,0,0,0,69,0,0,18,0,0,0,0,0,89,0,0,0,0,0,33,0,0,378,0,0,106,0,0,329,0,0,217,0,0
GHCND:USC00488160,SHERIDAN FIELD STATION WY US,1158.8,44.85,-106.86667,19740801,52,1,1,1,0,0,0,0,0,0,0,0,0,0,0,0,0,0,5,1,1,0,1,1,721,1,1,97,0,0,0,0,0,153,0,0,0,0,0,17,0,0,361,1,1,54,0,0,268,1,1,161,1,1
GHCND:USC00488160,SHERIDAN FIELD STATION WY US,1158.8,44.85,-106.86667,19740901,15,0,0,6,0,0,0,0,0,0,0,0,0,0,0,15,0,0,0,0,0,0,0,0,2114,0,0,84,0,0,0,0,0,358,0,0,0,0,0,-56,0,0,317,0,0,5,0,0,222,0,0,113,0,0
GHCND:USC00488160,SHERIDAN FIELD STATION WY US,1158.8,44.85,-106.86667,19741001,0,0,0,4,0,0,2,0,0,1,0,0,0,0,0,27,0,0,0,0,0,0,0,0,3540,0,0,495,0,0,0,0,0,802,0,0,0,0,0,-117,0,0,267,0,0,-41,0,0,179,0,0,69,0,0
GHCND:USC00488160,SHERIDAN FIELD STATION WY US,1158.8,44.85,-106.86667,19741101,0,0,0,2,0,0,0,0,0,0,0,0,2,0,0,30,0,0,0,0,0,0,0,0,5410,0,0,71,0,0,76,0,0,154,0,0,76,0,0,-178,0,0,172,0,0,-83,0,0,88,0,0,3,0,0
GHCND:USC00488160,SHERIDAN FIELD STATION WY US,1158.8,44.85,-106.86667,19741201,0,0,0,0,0,0,0,0,0,0,0,0,2,0,0,31,0,0,0,0,0,3,0,0,6972,0,0,13,0,0,9999,0,0,46,0,0,102,0,0,-233,0,0,128,0,0,-131,0,0,47,0,0,-42,0,0
GHCND:USC00488160,SHERIDAN FIELD STATION WY US,1158.8,44.85,-106.86667,19750101,0,0,0,4,0,0,0,0,0,0,0,0,11,0,0,31,0,0,0,0,0,11,0,0,7654,0,0,41,0,0,102,0,0,191,0,0,210,0,0,-300,0,0,100,0,0,-145,0,0,17,0,0,-64,0,0
GHCND:USC00488160,SHERIDAN FIELD STATION WY US,1158.8,44.85,-106.86667,19750201,0,0,0,1,0,0,0,0,0,0,0,0,21,0,0,28,0,0,0,0,0,16,0,0,8237,0,0,46,0,0,203,7,7,69,0,0,9999,0,0,-356,0,0,111,0,0,-206,0,0,-17,0,0,-111,0,0
GHCND:USC00488160,SHERIDAN FIELD STATION WY US,1158.8,44.85,-106.86667,19750301,0,0,0,3,0,0,0,0,0,0,0,0,4,0,0,31,0,0,0,0,0,8,0,0,6554,0,0,51,0,0,0,4,2,193,0,0,128,0,0,-239,0,0,139,0,0,-103,0,0,46,0,0,-28,0,0
GHCND:USC00488160,SHERIDAN FIELD STATION WY US,1158.8,44.85,-106.86667,19750401,0,0,0,6,0,0,2,0,0,0,0,0,0,0,0,26,0,0,0,0,0,5,0,0,5057,0,0,180,0,0,203,6,6,556,0,0,254,0,0,-172,0,0,261,0,0,-57,0,0,86,0,0,14,0,0
GHCND:USC00488160,SHERIDAN FIELD STATION WY US,1158.8,44.85,-106.86667,19750501,23,0,0,8,0,0,4,0,0,1,0,0,0,0,0,8,0,0,0,0,0,0,0,0,2696,0,0,300,0,0,51,0,0,1056,0,0,51,0,0,-56,0,0,294,0,0,23,0,0,170,0,0,97,0,0
GHCND:USC00488160,SHERIDAN FIELD STATION WY US,1158.8,44.85,-106.86667,19750601,83,0,0,10,0,0,3,0,0,0,0,0,0,0,0,0,0,0,1,0,0,0,0,0,1054,0,0,241,0,0,0,0,0,1047,0,0,0,0,0,28,0,0,322,0,0,81,0,0,220,0,0,151,0,0
GHCND:USC00488160,SHERIDAN FIELD STATION WY US,1158.8,44.85,-106.86667,19750701,1257,0,0,3,0,0,0,0,0,0,0,0,0,0,0,0,0,0,9,0,0,0,0,0,6,0,0,94,0,0,0,0,0,232,0,0,0,0,0,83,0,0,383,0,0,143,0,0,304,0,0,223,0,0
GHCND:USC00488160,SHERIDAN FIELD STATION WY US,1158.8,44.85,-106.86667,19750801,417,0,0,1,0,0,0,0,0,0,0,0,0,0,0,0,0,0,10,0,0,0,0,0,321,0,0,25,0,0,0,0,0,51,0,0,0,0,0,28,0,0,361,0,0,87,0,0,286,0,0,186,0,0
GHCND:USC00488160,SHERIDAN FIELD STATION WY US,1158.8,44.85,-106.86667,19750901,43,0,0,0,0,0,0,0,0,0,0,0,0,0,0,9,0,0,1,0,0,0,0,0,1490,0,0,18,0,0,0,0,0,41,0,0,0,0,0,-44,0,0,322,0,0,28,0,0,241,0,0,135,0,0
GHCND:USC00488160,SHERIDAN FIELD STATION WY US,1158.8,44.85,-106.86667,19751001,0,0,0,3,0,0,1,0,0,0,0,0,0,0,0,19,0,0,0,0,0,0,0,0,3383,0,0,135,0,0,9999,0,0,309,0,0,9999,0,0,-117,0,0,306,0,0,-13,0,0,161,0,0,74,0,0
GHCND:USC00488160,SHERIDAN FIELD STATION WY US,1158.8,44.85,-106.86667,19751101,0,0,0,2,0,0,1,0,0,0,0,0,5,0,0,30,0,0,0,0,0,8,0,0,5684,0,0,152,0,0,229,1,1,282,0,0,228,1,1,-283,0,0,250,0,0,-90,0,0,77,0,0,-6,0,0
GHCND:USC00488160,SHERIDAN FIELD STATION WY US,1158.8,44.85,-106.86667,19751201,0,0,0,3,0,0,0,0,0,0,0,0,5,0,0,29,0,0,0,0,0,5,0,0,6356,0,0,71,0,0,178,13,8,241,0,0,355,0,0,-267,0,0,189,0,0,-93,0,0,49,0,0,-22,0,0
GHCND:USC00488160,SHERIDAN FIELD STATION WY US,1158.8,44.85,-106.86667,19760101,0,0,0,4,0,0,0,0,0,0,0,0,9,0,0,31,0,0,0,0,0,15,0,0,7442,0,0,66,0,0,229,11,5,188,0,0,178,0,0,-289,0,0,111,0,0,-126,0,0,12,0,0,-57,0,0
GHCND:USC00488160,SHERIDAN FIELD STATION WY US,1158.8,44.85,-106.86667,19760201,0,0,0,1,0,0,0,0,0,0,0,0,3,0,0,28,0,0,0,0,0,4,0,0,5395,0,0,36,0,0,25,0,0,85,0,0,76,0,0,-278,0,0,161,0,0,-74,0,0,68,0,0,-3,0,0
GHCND:USC00488160,SHERIDAN FIELD STATION WY US,1158.8,44.85,-106.86667,19760301,0,0,0,1,0,0,0,0,0,0,0,0,4,0,0,29,0,0,0,0,0,6,0,0,5909,0,0,104,0,0,0,3,2,140,0,0,179,0,0,-278,0,0,194,0,0,-82,0,0,67,0,0,-8,0,0
GHCND:USC00488160,SHERIDAN FIELD STATION WY US,1158.8,44.85,-106.86667,19760401,0,0,0,7,0,0,2,0,0,0,0,0,0,0,0,11,0,0,0,0,0,0,0,0,3007,0,0,193,0,0,9999,0,0,601,0,0,9999,0,0,-72,0,0,261,0,0,11,0,0,154,0,0,83,0,0
GHCND:USC00488160,SHERIDAN FIELD STATION WY US,1158.8,44.85,-106.86667,19760501,14,0,0,6,0,0,0,0,0,0,0,0,0,0,0,3,0,0,0,0,0,0,0,0,1667,0,0,64,0,0,0,0,0,331,0,0,0,0,0,-11,0,0,294,0,0,55,0,0,204,0,0,130,0,0
GHCND:USC00488160,SHERIDAN FIELD STATION WY US,1158.8,44.85,-106.86667,19760601,225,0,0,5,0,0,3,0,0,1,0,0,0,0,0,0,0,0,1,0,0,0,0,0,824,0,0,282,0,0,0,0,0,761,0,0,0,0,0,17,0,0,328,0,0,80,0,0,246,0,0,163,0,0
GHCND:USC00488160,SHERIDAN FIELD STATION WY US,1158.8,44.85,-106.86667,19760701,1233,0,0,3,0,0,0,0,0,0,0,0,0,0,0,0,0,0,18,0,0,0,0,0,19,0,0,66,0,0,0,0,0,182,0,0,0,0,0,78,0,0,389,0,0,126,0,0,321,0,0,223,0,0
GHCND:USC00488160,SHERIDAN FIELD STATION WY US,1158.8,44.85,-106.86667,19760801,812,0,0,3,0,0,1,0,0,0,0,0,0,0,0,0,0,0,14,0,0,0,0,0,115,0,0,130,0,0,0,0,0,240,0,0,0,0,0,33,0,0,372,0,0,103,0,0,308,0,0,206,0,0
GHCND:USC00488160,SHERIDAN FIELD STATION WY US,1158.8,44.85,-106.86667,19760901,145,0,0,4,0,0,0,0,0,0,0,0,0,0,0,3,0,0,3,0,0,0,0,0,1101,0,0,117,0,0,0,0,0,290,0,0,0,0,0,-22,0,0,367,0,0,49,0,0,253,0,0,151,0,0
GHCND:USC00488160,SHERIDAN FIELD STATION WY US,1158.8,44.85,-106.86667,19761001,9,0,0,5,0,0,1,0,0,0,0,0,0,0,0,23,0,0,0,0,0,1,0,0,3787,0,0,165,0,0,0,0,0,381,0,0,0,0,0,-128,0,0,294,0,0,-27,0,0,149,0,0,61,0,0
GHCND:USC00488160,SHERIDAN FIELD STATION WY US,1158.8,44.85,-106.86667,19761101,0,0,0,3,0,0,0,0,0,0,0,0,3,0,0,26,0,0,0,0,0,4,0,0,5200,0,0,91,0,0,203,0,0,167,0,0,203,0,0,-278,0,0,222,0,0,-80,0,0,99,0,0,10,0,0
GHCND:USC00488160,SHERIDAN FIELD STATION WY US,1158.8,44.85,-106.86667,19761201,0,0,0,0,0,0,0,0,0,0,0,0,3,0,0,31,0,0,0,0,0,5,0,0,6861,0,0,15,0,0,9999,0,0,39,0,0,9999,0,0,-200,0,0,122,0,0,-117,0,0,41,0,0,-38,0,0
GHCND:USC00488160,SHERIDAN FIELD STATION WY US,1158.8,44.85,-106.86667,19770101,0,0,0,5,0,0,0,0,0,0,0,0,15,0,0,31,0,0,0,0,0,15,0,0,8450,0,0,66,0,0,9999,0,0,271,0,0,546,0,0,-272,0,0,72,0,0,-164,0,0,-15,0,0,-90,0,0
GHCND:USC00488160,SHERIDAN FIELD STATION WY US,1158.8,44.85,-106.86667,19770201,0,0,0,0,0,0,0,0,0,0,0,0,0,0,0,28,0,0,0,0,0,0,0,0,5400,0,0,20,0,0,0,0,0,28,0,0,0,0,0,-139,0,0,133,0,0,-81,0,0,61,0,0,-10,0,0
GHCND:USC00488160,SHERIDAN FIELD STATION WY US,1158.8,44.85,-106.86667,19770301,0,0,0,4,0,0,0,0,0,0,0,0,0,0,0,31,0,0,0,0,0,3,0,0,5562,0,0,94,0,0,9999,0,0,292,0,0,9999,0,0,-128,0,0,217,0,0,-66,0,0,73,0,0,4,0,0
GHCND:USC00488160,SHERIDAN FIELD STATION WY US,1158.8,44.85,-106.86667,19770401,0,0,0,3,0,0,0,0,0,0,0,0,0,0,0,19,0,0,0,0,0,0,0,0,2987,0,0,114,0,0,127,0,0,185,0,0,0,1,1,-111,0,0,278,0,0,-7,0,0,173,0,0,83,0,0
GHCND:USC00488160,SHERIDAN FIELD STATION WY US,1158.8,44.85,-106.86667,19770501,40,1,1,7,0,0,3,0,0,1,0,0,0,1,1,4,1,1,0,1,1,0,1,1,1671,1,1,335,0,0,0,0,0,1135,0,0,0,0,0,-44,1,1,306,1,1,42,1,1,215,1,1,129,1,1
GHCND:USC00488160,SHERIDAN FIELD STATION WY US,1158.8,44.85,-106.86667,19770601,440,0,0,4,0,0,1,0,0,0,0,0,0,0,0,2,0,0,5,0,0,0,0,0,556,0,0,226,0,0,0,0,0,538,0,0,0,0,0,-11,0,0,339,0,0,84,0,0,274,0,0,179,0,0
GHCND:USC00488160,SHERIDAN FIELD STATION WY US,1158.8,44.85,-106.86667,19770701,1027,1,1,5,0,0,2,0,0,0,0,0,0,1,1,0,1,1,11,1,1,0,1,1,146,1,1,152,0,0,0,0,0,453,0,0,0,0,0,11,1,1,394,1,1,122,1,1,303,1,1,212,1,1
GHCND:USC00488160,SHERIDAN FIELD STATION WY US,1158.8,44.85,-106.86667,19770801,353,1,1,5,0,0,0,0,0,0,0,0,0,1,1,0,1,1,3,1,1,0,1,1,352,1,1,109,0,0,0,0,0,320,0,0,0,0,0,28,1,1,361,1,1,95,1,1,271,1,1,183,1,1
GHCND:USC00488160,SHERIDAN FIELD STATION WY US,1158.8,44.85,-106.86667,19770901,134,0,0,4,0,0,0,0,0,0,0,0,0,0,0,4,0,0,3,0,0,0,0,0,1351,0,0,48,0,0,0,0,0,231,0,0,0,0,0,-17,0,0,328,0,0,46,0,0,239,0,0,142,0,0
GHCND:USC00488160,SHERIDAN FIELD STATION WY US,1158.8,44.85,-106.86667,19771001,0,0,0,3,0,0,0,0,0,0,0,0,0,0,0,18,0,0,0,0,0,0,0,0,2963,0,0,99,0,0,9999,0,0,298,0,0,9999,0,0,-89,0,0,278,0,0,-2,0,0,177,0,0,87,0,0
GHCND:USC00488160,SHERIDAN FIELD STATION WY US,1158.8,44.85,-106.86667,19771101,0,1,1,2,0,0,0,0,0,0,0,0,1,1,1,29,1,1,0,0,0,6,0,0,5205,1,1,38,0,0,0,6,6,127,0,0,76,0,0,-289,1,1,189,0,0,-71,1,1,72,0,0,4,1,1
GHCND:USC00488160,SHERIDAN FIELD STATION WY US,1158.8,44.85,-106.86667,19771201,0,0,0,5,0,0,0,0,0,0,0,0,12,0,0,31,0,0,0,0,0,15,0,0,7761,0,0,76,0,0,178,24,9,291,0,0,495,0,0,-322,0,0,133,0,0,-141,0,0,6,0,0,-67,0,0
GHCND:USC00488160,SHERIDAN FIELD STATION WY US,1158.8,44.85,-106.86667,19780101,0,0,0,4,0,0,0,0,0,0,0,0,19,0,0,31,0,0,0,0,0,24,0,0,9351,0,0,71,0,0,254,15,14,261,0,0,534,0,0,-289,0,0,72,0,0,-190,0,0,-47,0,0,-119,0,0
GHCND:USC00488160,SHERIDAN FIELD STATION WY US,1158.8,44.85,-106.86667,19780201,0,0,0,2,0,0,0,0,0,0,0,0,9,0,0,28,0,0,0,0,0,14,0,0,7301,0,0,84,0,0,9999,0,0,219,0,0,381,0,0,-272,0,0,89,0,0,-145,0,0,-11,0,0,-78,0,0
GHCND:USC00488160,SHERIDAN FIELD STATION WY US,1158.8,44.85,-106.86667,19780301,0,1,1,0,0,0,0,0,0,0,0,0,4,1,1,28,1,1,0,1,1,5,1,1,5424,1,1,20,0,0,9999,0,0,30,0,0,9999,0,0,-311,1,1,267,1,1,-75,1,1,79,1,1,2,1,1
GHCND:USC00488160,SHERIDAN FIELD STATION WY US,1158.8,44.85,-106.86667,19780401,0,0,0,3,0,0,2,0,0,1,0,0,0,0,0,13,0,0,0,0,0,0,0,0,2825,0,0,511,0,0,0,0,0,791,0,0,0,0,0,-50,0,0,244,0,0,14,0,0,163,0,0,89,0,0
GHCND:USC00488160,SHERIDAN FIELD STATION WY US,1158.8,44.85,-106.86667,19780501,20,0,0,12,0,0,6,0,0,3,0,0,0,0,0,3,0,0,1,0,0,0,0,0,2229,0,0,554,0,0,0,0,0,2309,0,0,0,0,0,0,0,0,322,0,0,45,0,0,179,0,0,112,0,0
GHCND:USC00488160,SHERIDAN FIELD STATION WY US,1158.8,44.85,-106.86667,19780601,226,2,1,3,0,0,0,0,0,0,0,0,0,0,0,1,0,0,0,2,1,0,2,1,787,2,1,38,0,0,0,0,0,139,0,0,0,0,0,0,0,0,311,2,1,80,0,0,246,2,1,163,2,1
GHCND:USC00488160,SHERIDAN FIELD STATION WY US,1158.8,44.85,-106.86667,19780701,713,1,1,5,0,0,2,0,0,0,0,0,0,1,1,0,1,1,6,1,1,0,1,1,261,1,1,198,0,0,0,0,0,605,0,0,0,0,0,61,1,1,350,1,1,116,1,1,280,1,1,198,1,1
GHCND:USC00488160,SHERIDAN FIELD STATION WY US,1158.8,44.85,-106.86667,19780801,431,0,0,3,0,0,1,0,0,0,0,0,0,0,0,0,0,0,10,0,0,0,0,0,494,0,0,191,0,0,0,0,0,371,0,0,0,0,0,28,0,0,372,0,0,77,0,0,285,0,0,181,0,0
GHCND:USC00488160,SHERIDAN FIELD STATION WY US,1158.8,44.85,-106.86667,19780901,393,0,0,2,0,0,2,0,0,0,0,0,0,0,0,3,0,0,9,0,0,0,0,0,1297,0,0,163,0,0,0,0,0,356,0,0,0,0,0,-33,0,0,383,0,0,54,0,0,252,0,0,153,0,0
GHCND:USC00488160,SHERIDAN FIELD STATION WY US,1158.8,44.85,-106.86667,19781101,0,2,1,3,0,0,2,0,0,1,0,0,11,0,0,29,0,0,0,2,1,12,2,1,6404,2,1,312,0,0,76,6,6,634,0,0,0,0,0,-256,0,0,239,2,1,-129,0,0,37,2,1,-46,2,1
GHCND:USC00488160,SHERIDAN FIELD STATION WY US,1158.8,44.85,-106.86667,19781201,0,0,0,4,0,0,0,0,0,0,0,0,19,0,0,31,0,0,0,0,0,20,0,0,9177,0,0,97,0,0,9999,0,0,258,0,0,407,0,0,-378,0,0,61,0,0,-189,0,0,-37,0,0,-113,0,0
GHCND:USC00488160,SHERIDAN FIELD STATION WY US,1158.8,44.85,-106.86667,19790101,0,0,0,1,0,0,0,0,0,0,0,0,27,0,0,31,0,0,0,0,0,28,0,0,10525,0,0,66,0,0,9999,0,0,112,0,0,203,0,0,-333,0,0,39,0,0,-238,0,0,-75,0,0,-157,0,0
GHCND:USC00488160,SHERIDAN FIELD STATION WY US,1158.8,44.85,-106.86667,19790201,0,0,0,2,0,0,0,0,0,0,0,0,12,0,0,28,0,0,0,0,0,12,0,0,7613,0,0,48,0,0,9999,0,0,96,0,0,254,0,0,-311,0,0,72,0,0,-173,0,0,-5,0,0,-89,0,0
GHCND:USC00488160,SHERIDAN FIELD STATION WY US,1143.9,44.83333,-106.83333,19790301,0,0,0,1,0,0,0,0,0,0,0,0,2,0,0,31,0,0,0,0,0,4,0,0,5488,0,0,41,0,0,9999,0,0,72,0,0,9999,0,0,-200,0,0,183,0,0,-66,0,0,78,0,0,6,0,0
GHCND:USC00488160,SHERIDAN FIELD STATION WY US,1143.9,44.83333,-106.83333,19790401,0,1,1,3,0,0,0,0,0,0,0,0,0,1,1,20,1,1,0,1,1,0,1,1,3716,1,1,117,0,0,9999,0,0,366,0,0,75,0,0,-106,1,1,278,1,1,-22,1,1,132,1,1,55,1,1
GHCND:USC00488160,SHERIDAN FIELD STATION WY US,1143.9,44.83333,-106.83333,19790501,41,2,1,5,0,0,1,0,0,0,0,0,0,2,1,10,2,1,0,2,1,0,2,1,2260,2,1,224,0,0,0,0,0,523,0,0,0,0,0,-28,2,1,306,2,1,26,2,1,187,2,1,106,2,1
GHCND:USC00488160,SHERIDAN FIELD STATION WY US,1143.9,44.83333,-106.83333,19790601,287,0,0,6,0,0,1,0,0,0,0,0,0,0,0,4,0,0,3,0,0,0,0,0,884,0,0,142,0,0,0,0,0,369,0,0,0,0,0,-6,0,0,361,0,0,73,0,0,253,0,0,163,0,0
GHCND:USC00488160,SHERIDAN FIELD STATION WY US,1143.9,44.83333,-106.83333,19790701,643,1,1,2,0,0,1,0,0,0,0,0,0,1,1,0,1,1,13,1,1,0,1,1,79,1,1,246,0,0,0,0,0,374,0,0,0,0,0,39,1,1,378,1,1,103,1,1,303,1,1,202,1,1
GHCND:USC00488160,SHERIDAN FIELD STATION WY US,1143.9,44.83333,-106.83333,19790801,675,0,0,3,0,0,1,0,0,0,0,0,0,0,0,0,0,0,8,0,0,0,0,0,144,0,0,196,0,0,0,0,0,293,0,0,0,0,0,78,0,0,400,0,0,110,0,0,291,0,0,200,0,0
GHCND:USC00488160,SHERIDAN FIELD STATION WY US,1143.9,44.83333,-106.83333,19790901,303,0,0,1,0,0,0,0,0,0,0,0,0,0,0,4,0,0,9,0,0,0,0,0,812,0,0,109,0,0,0,0,0,140,0,0,0,0,0,-50,0,0,383,0,0,49,0,0,283,0,0,166,0,0
GHCND:USC00488160,SHERIDAN FIELD STATION WY US,1143.9,44.83333,-106.83333,19791001,0,0,0,4,0,0,2,0,0,1,0,0,0,0,0,15,0,0,0,0,0,0,0,0,2686,0,0,274,0,0,25,1,1,529,0,0,51,0,0,-89,0,0,283,0,0,7,0,0,186,0,0,96,0,0
GHCND:USC00488160,SHERIDAN FIELD STATION WY US,1143.9,44.83333,-106.83333,19791101,0,0,0,3,0,0,0,0,0,0,0,0,4,0,0,30,0,0,0,0,0,4,0,0,5964,0,0,38,0,0,102,25,19,127,0,0,330,0,0,-183,0,0,183,0,0,-87,0,0,55,0,0,-16,0,0
GHCND:USC00488160,SHERIDAN FIELD STATION WY US,1143.9,44.83333,-106.83333,19791201,0,0,0,9999,0,0,9999,0,0,9999,0,0,4,0,0,29,0,0,0,0,0,3,0,0,6031,0,0,9999,0,0,25,0,0,9999,0,0,9999,0,0,-311,0,0,183,0,0,-95,0,0,72,0,0,-12,0,0
GHCND:USC00488160,SHERIDAN FIELD STATION WY US,1143.9,44.83333,-106.83333,19800101,0,0,0,2,0,0,0,0,0,0,0,0,15,0,0,30,0,0,0,0,0,14,0,0,8504,0,0,28,0,0,127,0,0,120,0,0,178,4,2,-317,0,0,156,0,0,-171,0,0,-11,0,0,-91,0,0
GHCND:USC00488160,SHERIDAN FIELD STATION WY US,1143.9,44.83333,-106.83333,19800201,0,0,0,2,0,0,0,0,0,0,0,0,7,0,0,29,0,0,0,0,0,10,0,0,6466,0,0,38,0,0,102,14,4,124,0,0,9999,0,0,-272,0,0,133,0,0,-111,0,0,31,0,0,-40,0,0
GHCND:USC00488160,SHERIDAN FIELD STATION WY US,1143.9,44.83333,-106.83333,19800301,0,0,0,4,0,0,0,0,0,0,0,0,2,0,0,30,0,0,0,0,0,6,0,0,5840,0,0,76,0,0,127,3,1,315,0,0,228,3,1,-200,0,0,133,0,0,-69,0,0,58,0,0,-5,0,0
GHCND:USC00488160,SHERIDAN FIELD STATION WY US,1143.9,44.83333,-106.83333,19800401,18,0,0,1,0,0,0,0,0,0,0,0,0,0,0,19,0,0,0,0,0,0,0,0,3072,0,0,46,0,0,0,0,0,131,0,0,0,0,0,-150,0,0,306,0,0,-8,0,0,170,0,0,81,0,0
GHCND:USC00488160,SHERIDAN FIELD STATION WY US,1143.9,44.83333,-106.83333,19800501,118,0,0,7,0,0,3,0,0,1,0,0,0,0,0,1,0,0,2,0,0,0,0,0,1527,0,0,335,0,0,0,0,0,896,0,0,0,0,0,-6,0,0,356,0,0,55,0,0,220,0,0,138,0,0
GHCND:USC00488160,SHERIDAN FIELD STATION WY US,1143.9,44.83333,-106.83333,19800601,374,0,0,5,0,0,3,0,0,0,0,0,0,0,0,0,0,0,6,0,0,0,0,0,543,0,0,155,0,0,0,0,0,520,0,0,0,0,0,50,0,0,372,0,0,89,0,0,266,0,0,177,0,0
GHCND:USC00488160,SHERIDAN FIELD STATION WY US,1143.9,44.83333,-106.83333,19800701,1238,0,0,1,0,0,0,0,0,0,0,0,0,0,0,0,0,0,18,0,0,0,0,0,14,0,0,36,0,0,0,0,0,111,0,0,0,0,0,72,0,0,383,0,0,116,0,0,329,0,0,223,0,0
GHCND:USC00488160,SHERIDAN FIELD STATION WY US,1143.9,44.83333,-106.83333,19800801,417,0,0,3,0,0,1,0,0,0,0,0,0,0,0,2,0,0,8,0,0,0,0,0,324,0,0,137,0,0,0,0,0,279,0,0,0,0,0,0,0,0,356,0,0,88,0,0,284,0,0,186,0,0
GHCND:USC00488160,SHERIDAN FIELD STATION WY US,1143.9,44.83333,-106.83333,19800901,121,0,0,4,0,0,0,0,0,0,0,0,0,0,0,4,0,0,4,0,0,0,0,0,1268,0,0,124,0,0,0,0,0,336,0,0,0,0,0,-28,0,0,356,0,0,48,0,0,242,0,0,145,0,0
GHCND:USC00488160,SHERIDAN FIELD STATION WY US,1143.9,44.83333,-106.83333,19801001,0,0,0,3,0,0,0,0,0,0,0,0,0,0,0,22,0,0,1,0,0,1,0,0,3222,0,0,81,0,0,51,0,0,229,0,0,13,1,1,-100,0,0,322,0,0,-17,0,0,175,0,0,79,0,0
GHCND:USC00488160,SHERIDAN FIELD STATION WY US,1143.9,44.83333,-106.83333,19801101,0,0,0,2,0,0,0,0,0,0,0,0,0,0,0,23,0,0,0,0,0,0,0,0,4521,0,0,46,0,0,51,1,1,79,0,0,56,1,1,-161,0,0,239,0,0,-50,0,0,104,0,0,27,0,0
GHCND:USC00488160,SHERIDAN FIELD STATION WY US,1143.9,44.83333,-106.83333,19801201,0,0,0,2,0,0,1,0,0,0,0,0,5,0,0,26,0,0,0,0,0,9,0,0,6381,0,0,155,0,0,305,0,0,241,0,0,9999,0,0,-239,0,0,178,0,0,-94,0,0,48,0,0,-23,0,0
GHCND:USC00488160,SHERIDAN FIELD STATION WY US,1143.9,44.83333,-106.83333,19810101,0,0,0,1,0,0,0,0,0,0,0,0,1,0,0,31,0,0,0,0,0,1,0,0,5826,0,0,46,0,0,51,0,0,71,0,0,0,1,1,-211,0,0,161,0,0,-91,0,0,81,0,0,-5,0,0
GHCND:USC00488160,SHERIDAN FIELD STATION WY US,1143.9,44.83333,-106.83333,19810201,0,0,0,2,0,0,0,0,0,0,0,0,3,0,0,27,0,0,0,0,0,8,0,0,5852,0,0,41,0,0,76,0,0,135,0,0,13,6,4,-339,0,0,128,0,0,-96,0,0,44,0,0,-26,0,0
GHCND:USC00488160,SHERIDAN FIELD STATION WY US,1143.9,44.83333,-106.83333,19810301,0,1,1,4,0,0,0,0,0,0,0,0,0,1,1,28,1,1,0,0,0,1,0,0,4755,1,1,97,0,0,0,0,0,265,0,0,25,0,0,-94,1,1,167,0,0,-53,1,1,104,0,0,25,1,1
GHCND:USC00488160,SHERIDAN FIELD STATION WY US,1143.9,44.83333,-106.83333,19810401,0,0,0,1,0,0,0,0,0,0,0,0,0,0,0,14,0,0,0,0,0,0,0,0,2909,0,0,28,0,0,0,0,0,48,0,0,0,0,0,-89,0,0,289,0,0,8,0,0,164,0,0,86,0,0
GHCND:USC00488160,SHERIDAN FIELD STATION WY US,1143.9,44.83333,-106.83333,19810501,9,0,0,11,0,0,1,0,0,0,0,0,0,0,0,3,0,0,0,0,0,0,0,0,2107,0,0,165,0,0,0,0,0,976,0,0,0,0,0,-11,0,0,306,0,0,53,0,0,178,0,0,115,0,0
GHCND:USC00488160,SHERIDAN FIELD STATION WY US,1143.9,44.83333,-106.83333,19810601,196,0,0,8,0,0,2,0,0,0,0,0,0,0,0,0,0,0,1,0,0,0,0,0,694,0,0,229,0,0,0,0,0,691,0,0,0,0,0,44,0,0,356,0,0,106,0,0,227,0,0,166,0,0
GHCND:USC00488160,SHERIDAN FIELD STATION WY US,1143.9,44.83333,-106.83333,19810701,848,1,1,5,0,0,2,0,0,0,0,0,0,1,1,0,1,1,12,0,0,0,0,0,112,1,1,213,0,0,0,0,0,708,0,0,0,0,0,39,1,1,383,0,0,117,1,1,301,0,0,208,1,1
GHCND:USC00488160,SHERIDAN FIELD STATION WY US,1143.9,44.83333,-106.83333,19810801,599,1,1,4,0,0,0,0,0,0,0,0,0,1,1,0,1,1,11,1,1,0,1,1,44,1,1,84,0,0,0,0,0,208,0,0,0,0,0,56,1,1,350,1,1,97,1,1,306,1,1,202,1,1
GHCND:USC00488160,SHERIDAN FIELD STATION WY US,1143.9,44.83333,-106.83333,19810901,148,0,0,3,0,0,0,0,0,0,0,0,0,0,0,3,0,0,6,0,0,0,0,0,874,0,0,124,0,0,0,0,0,224,0,0,0,0,0,-11,0,0,344,0,0,51,0,0,267,0,0,159,0,0
GHCND:USC00488160,SHERIDAN FIELD STATION WY US,1143.9,44.83333,-106.83333,19811001,0,0,0,4,0,0,0,0,0,0,0,0,0,0,0,25,0,0,0,0,0,0,0,0,3975,0,0,91,0,0,0,1,1,248,0,0,64,0,0,-111,0,0,289,0,0,-33,0,0,142,0,0,55,0,0
GHCND:USC00488160,SHERIDAN FIELD STATION WY US,1143.9,44.83333,-106.83333,19811101,0,1,1,0,0,0,0,0,0,0,0,0,0,1,1,24,1,1,0,0,0,1,0,0,4181,1,1,10,0,0,9999,0,0,25,0,0,9999,0,0,-156,1,1,217,0,0,-49,1,1,126,0,0,39,1,1
GHCND:USC00488160,SHERIDAN FIELD STATION WY US,1143.9,44.83333,-106.83333,19811201,0,0,0,1,0,0,0,0,0,0,0,0,7,0,0,31,0,0,0,0,0,9,0,0,7023,0,0,71,0,0,76,1,1,127,0,0,9999,0,0,-233,0,0,200,0,0,-122,0,0,35,0,0,-44,0,0
GHCND:USC00488160,SHERIDAN FIELD STATION WY US,1143.3,44.83333,-106.83333,19820101,0,0,0,3,0,0,0,0,0,0,0,0,22,0,0,31,0,0,0,0,0,17,0,0,9128,0,0,28,0,0,203,1,1,175,0,0,9999,0,0,-311,0,0,161,0,0,-193,0,0,-30,0,0,-111,0,0
GHCND:USC00488160,SHERIDAN FIELD STATION WY US,1143.3,44.83333,-106.83333,19820201,0,0,0,3,0,0,0,0,0,0,0,0,9,0,0,24,0,0,0,0,0,11,0,0,6685,0,0,36,0,0,203,4,2,99,0,0,9999,0,0,-339,0,0,217,0,0,-120,0,0,9,0,0,-56,0,0
GHCND:USC00488160,SHERIDAN FIELD STATION WY US,1143.3,44.83333,-106.83333,19820301,0,0,0,4,0,0,0,0,0,0,0,0,1,0,0,29,0,0,0,0,0,5,0,0,5511,0,0,58,0,0,152,12,6,216,0,0,9999,0,0,-178,0,0,194,0,0,-59,0,0,69,0,0,5,0,0
GHCND:USC00488160,SHERIDAN FIELD STATION WY US,1143.3,44.83333,-106.83333,19820401,0,0,0,4,0,0,0,0,0,0,0,0,0,0,0,26,0,0,0,0,0,2,0,0,4086,0,0,51,0,0,102,3,1,185,0,0,9999,0,0,-100,0,0,244,0,0,-29,0,0,123,0,0,47,0,0
GHCND:USC00488160,SHERIDAN FIELD STATION WY US,1143.3,44.83333,-106.83333,19820501,0,0,0,5,0,0,1,0,0,0,0,0,0,0,0,8,0,0,0,0,0,0,0,0,2716,0,0,127,0,0,0,0,0,445,0,0,0,0,0,-72,0,0,283,0,0,23,0,0,168,0,0,95,0,0
GHCND:USC00488160,SHERIDAN FIELD STATION WY US,1143.3,44.83333,-106.83333,19820601,125,0,0,7,0,0,2,0,0,1,0,0,0,0,0,0,0,0,0,0,0,0,0,0,1301,0,0,366,0,0,0,0,0,998,0,0,0,0,0,6,0,0,300,0,0,75,0,0,212,0,0,144,0,0
GHCND:USC00488160,SHERIDAN FIELD STATION WY US,1143.3,44.83333,-106.83333,19820701,723,1,1,2,0,0,1,0,0,0,0,0,0,1,1,0,1,1,6,0,0,0,0,0,192,1,1,140,0,0,0,0,0,191,0,0,0,0,0,28,1,1,372,0,0,105,1,1,296,0,0,201,1,1
GHCND:USC00488160,SHERIDAN FIELD STATION WY US,1143.3,44.83333,-106.83333,19820801,1106,0,0,4,0,0,0,0,0,0,0,0,0,0,0,0,0,0,19,0,0,0,0,0,65,0,0,84,0,0,0,0,0,302,0,0,0,0,0,56,0,0,372,0,0,112,0,0,321,0,0,217,0,0
GHCND:USC00488160,SHERIDAN FIELD STATION WY US,1143.3,44.83333,-106.83333,19820901,127,0,0,3,0,0,1,0,0,1,0,0,0,0,0,7,0,0,4,0,0,0,0,0,1807,0,0,584,0,0,102,13,13,766,0,0,89,0,0,-17,0,0,339,0,0,39,0,0,215,0,0,127,0,0
GHCND:USC00488160,SHERIDAN FIELD STATION WY US,1143.3,44.83333,-106.83333,19821001,0,0,0,3,0,0,0,0,0,0,0,0,0,0,0,20,0,0,0,0,0,0,0,0,3774,0,0,56,0,0,0,0,0,160,0,0,0,0,0,-83,0,0,233,0,0,-24,0,0,146,0,0,61,0,0
GHCND:USC00488160,SHERIDAN FIELD STATION WY US,1143.3,44.83333,-106.83333,19821101,0,0,0,1,0,0,0,0,0,0,0,0,0,0,0,30,0,0,0,0,0,4,0,0,5907,0,0,25,0,0,0,8,6,46,0,0,0,2,1,-172,0,0,183,0,0,-87,0,0,59,0,0,-14,0,0
GHCND:USC00488160,SHERIDAN FIELD STATION WY US,1143.3,44.83333,-106.83333,19821201,0,0,0,4,0,0,0,0,0,0,0,0,9,0,0,31,0,0,0,0,0,13,0,0,7641,0,0,81,0,0,254,12,10,254,0,0,9999,0,0,-256,0,0,133,0,0,-133,0,0,7,0,0,-63,0,0
GHCND:USC00488160,SHERIDAN FIELD STATION WY US,1143.3,44.83333,-106.83333,19830101,0,0,0,0,0,0,0,0,0,0,0,0,3,0,0,31,0,0,0,0,0,3,0,0,6141,0,0,0,0,0,9999,0,0,0,0,0,0,0,0,-194,0,0,167,0,0,-86,0,0,56,0,0,-15,0,0
GHCND:USC00488160,SHERIDAN FIELD STATION WY US,1143.3,44.83333,-106.83333,19830201,0,0,0,1,0,0,0,0,0,0,0,0,1,0,0,28,0,0,0,0,0,2,0,0,5042,0,0,91,0,0,0,0,0,109,0,0,0,0,0,-183,0,0,178,0,0,-68,0,0,73,0,0,3,0,0
GHCND:USC00488160,SHERIDAN FIELD STATION WY US,1143.3,44.83333,-106.83333,19830301,0,0,0,3,0,0,0,0,0,0,0,0,0,0,0,28,0,0,0,0,0,0,0,0,4732,0,0,61,0,0,51,5,5,160,0,0,9999,0,0,-117,0,0,194,0,0,-37,0,0,98,0,0,30,0,0
GHCND:USC00488160,SHERIDAN FIELD STATION WY US,1143.3,44.83333,-106.83333,19830401,0,0,0,3,0,0,0,0,0,0,0,0,0,0,0,25,0,0,0,0,0,1,0,0,4215,0,0,74,0,0,25,3,3,197,0,0,0,1,1,-150,0,0,256,0,0,-34,0,0,119,0,0,43,0,0
GHCND:USC00488160,SHERIDAN FIELD STATION WY US,1143.3,44.83333,-106.83333,19830501,6,0,0,7,0,0,2,0,0,0,0,0,0,0,0,11,0,0,0,0,0,0,0,0,2822,0,0,165,0,0,0,2,2,628,0,0,0,1,1,-56,0,0,289,0,0,14,0,0,170,0,0,92,0,0
GHCND:USC00488160,SHERIDAN FIELD STATION WY US,1143.3,44.83333,-106.83333,19830601,211,0,0,5,0,0,0,0,0,0,0,0,0,0,0,1,0,0,2,0,0,0,0,0,784,0,0,114,0,0,0,0,0,276,0,0,0,0,0,0,0,0,356,0,0,79,0,0,249,0,0,164,0,0
GHCND:USC00488160,SHERIDAN FIELD STATION WY US,1143.3,44.83333,-106.83333,19830701,1301,0,0,0,0,0,0,0,0,0,0,0,0,0,0,0,0,0,23,0,0,0,0,0,76,0,0,23,0,0,0,0,0,26,0,0,0,0,0,39,0,0,400,0,0,113,0,0,332,0,0,223,0,0
GHCND:USC00488160,SHERIDAN FIELD STATION WY US,1143.3,44.83333,-106.83333,19830801,1681,0,0,2,0,0,0,0,0,0,0,0,0,0,0,0,0,0,24,0,0,0,0,0,0,0,0,122,0,0,0,0,0,240,0,0,0,0,0,72,0,0,394,0,0,131,0,0,343,0,0,237,0,0
GHCND:USC00488160,SHERIDAN FIELD STATION WY US,1143.3,44.83333,-106.83333,19830901,223,0,0,5,0,0,0,0,0,0,0,0,0,0,0,7,0,0,3,0,0,0,0,0,1617,0,0,107,0,0,0,0,0,396,0,0,0,0,0,-61,0,0,389,0,0,37,0,0,236,0,0,137,0,0
GHCND:USC00488160,SHERIDAN FIELD STATION WY US,1143.3,44.83333,-106.83333,19831001,0,1,1,3,0,0,1,0,0,0,0,0,0,1,1,16,1,1,0,1,1,0,1,1,2822,1,1,140,0,0,0,0,0,332,0,0,0,0,0,-22,1,1,272,1,1,9,1,1,169,1,1,89,1,1
GHCND:USC00488160,SHERIDAN FIELD STATION WY US,1143.3,44.83333,-106.83333,19831101,0,1,1,3,0,0,0,0,0,0,0,0,7,1,1,26,1,1,0,1,1,6,1,1,5479,1,1,99,0,0,9999,0,0,272,0,0,9999,0,0,-289,1,1,206,1,1,-78,1,1,67,1,1,-6,1,1
GHCND:USC00488160,SHERIDAN FIELD STATION WY US,1143.3,44.83333,-106.83333,19831201,0,0,0,4,0,0,0,0,0,0,0,0,21,0,0,31,0,0,0,0,0,26,0,0,10792,0,0,51,0,0,406,4,4,196,0,0,483,2,1,-411,0,0,56,0,0,-230,0,0,-101,0,0,-165,0,0
GHCND:USC00488160,SHERIDAN FIELD STATION WY US,1143.3,44.83333,-106.83333,19840101,0,0,0,2,0,0,0,0,0,0,0,0,8,0,0,31,0,0,0,0,0,11,0,0,7102,0,0,46,0,0,330,15,15,100,0,0,9999,0,0,-300,0,0,144,0,0,-116,0,0,24,0,0,-46,0,0
GHCND:USC00488160,SHERIDAN FIELD STATION WY US,1143.3,44.83333,-106.83333,19840201,0,1,1,2,0,0,0,0,0,0,0,0,0,1,1,28,1,1,0,0,0,1,0,0,5604,1,1,36,0,0,9999,0,0,110,0,0,9999,0,0,-172,1,1,89,0,0,-84,1,1,50,0,0,-17,1,1
GHCND:USC00488160,SHERIDAN FIELD STATION WY US,1143.3,44.83333,-106.83333,19840301,0,0,0,5,0,0,0,0,0,0,0,0,0,0,0,31,0,0,0,0,0,1,0,0,5034,0,0,107,0,0,9999,0,0,425,0,0,9999,0,0,-139,0,0,178,0,0,-44,0,0,85,0,0,21,0,0
GHCND:USC00488160,SHERIDAN FIELD STATION WY US,1143.3,44.83333,-106.83333,19840401,0,0,0,5,0,0,1,0,0,1,0,0,0,0,0,25,0,0,0,0,0,1,0,0,3974,0,0,396,0,0,610,26,26,664,0,0,9999,0,0,-144,0,0,256,0,0,-26,0,0,127,0,0,51,0,0
GHCND:USC00488160,SHERIDAN FIELD STATION WY US,1143.3,44.83333,-106.83333,19840501,110,0,0,2,0,0,1,0,0,0,0,0,0,0,0,7,0,0,1,0,0,0,0,0,2341,0,0,173,0,0,0,0,0,273,0,0,0,0,0,-44,0,0,328,0,0,36,0,0,186,0,0,111,0,0
GHCND:USC00488160,SHERIDAN FIELD STATION WY US,1143.3,44.83333,-106.83333,19840601,217,0,0,10,0,0,0,0,0,0,0,0,0,0,0,1,0,0,0,0,0,0,0,0,839,0,0,104,0,0,0,0,0,651,0,0,0,0,0,0,0,0,317,0,0,82,0,0,243,0,0,162,0,0
GHCND:USC00488160,SHERIDAN FIELD STATION WY US,1143.3,44.83333,-106.83333,19840701,1017,0,0,1,0,0,0,0,0,0,0,0,0,0,0,0,0,0,15,0,0,0,0,0,63,0,0,107,0,0,0,0,0,140,0,0,0,0,0,78,0,0,361,0,0,115,0,0,313,0,0,214,0,0
GHCND:USC00488160,SHERIDAN FIELD STATION WY US,1143.3,44.83333,-106.83333,19840801,1086,0,0,2,0,0,0,0,0,0,0,0,0,0,0,0,0,0,17,0,0,0,0,0,44,0,0,74,0,0,0,0,0,150,0,0,0,0,0,44,0,0,356,0,0,115,0,0,319,0,0,217,0,0
GHCND:USC00488160,SHERIDAN FIELD STATION WY US,1143.3,44.83333,-106.83333,19840901,163,0,0,5,0,0,2,0,0,0,0,0,0,0,0,11,0,0,4,0,0,0,0,0,2129,0,0,152,0,0,0,5,5,457,0,0,0,2,1,-156,0,0,344,0,0,19,0,0,216,0,0,117,0,0
GHCND:USC00488160,SHERIDAN FIELD STATION WY US,1143.3,44.83333,-106.83333,19841001,0,0,0,1,0,0,0,0,0,0,0,0,0,0,0,24,0,0,0,0,0,1,0,0,4076,0,0,41,0,0,0,0,0,75,0,0,0,1,1,-106,0,0,272,0,0,-32,0,0,135,0,0,52,0,0
GHCND:USC00488160,SHERIDAN FIELD STATION WY US,1143.3,44.83333,-106.83333,19841101,0,0,0,1,0,0,1,0,0,0,0,0,0,0,0,30,0,0,0,0,0,2,0,0,5552,0,0,137,0,0,9999,0,0,143,0,0,9999,0,0,-144,0,0,200,0,0,-84,0,0,80,0,0,-2,0,0
GHCND:USC00488160,SHERIDAN FIELD STATION WY US,1143.3,44.83333,-106.83333,19841201,0,0,0,3,0,0,0,0,0,0,0,0,19,0,0,31,0,0,0,0,0,22,0,0,9181,0,0,61,0,0,152,22,21,163,0,0,9999,0,0,-289,0,0,100,0,0,-194,0,0,-32,0,0,-113,0,0
GHCND:USC00488160,SHERIDAN FIELD STATION WY US,1143.3,44.83333,-106.83333,19850101,0,0,0,3,0,0,0,0,0,0,0,0,11,0,0,31,0,0,0,0,0,16,0,0,8658,0,0,48,0,0,229,14,8,144,0,0,9999,0,0,-344,0,0,83,0,0,-166,0,0,-26,0,0,-96,0,0
GHCND:USC00488160,SHERIDAN FIELD STATION WY US,1143.3,44.83333,-106.83333,19850201,0,0,0,1,0,0,0,0,0,0,0,0,9,0,0,28,0,0,0,0,0,12,0,0,7688,0,0,25,0,0,254,0,0,51,0,0,114,1,1,-350,0,0,89,0,0,-169,0,0,-14,0,0,-92,0,0
GHCND:USC00488160,SHERIDAN FIELD STATION WY US,1143.3,44.83333,-106.83333,19850301,0,0,0,3,0,0,0,0,0,0,0,0,2,0,0,31,0,0,0,0,0,4,0,0,5574,0,0,66,0,0,203,8,3,198,0,0,9999,0,0,-200,0,0,200,0,0,-69,0,0,76,0,0,3,0,0
GHCND:USC00488160,SHERIDAN FIELD STATION WY US,1143.3,44.83333,-106.83333,19850401,0,0,0,4,0,0,0,0,0,0,0,0,0,0,0,18,0,0,0,0,0,0,0,0,2956,0,0,91,0,0,0,0,0,268,0,0,0,0,0,-83,0,0,267,0,0,-3,0,0,172,0,0,84,0,0
GHCND:USC00488160,SHERIDAN FIELD STATION WY US,1143.3,44.83333,-106.83333,19850501,35,0,0,4,0,0,0,0,0,0,0,0,0,0,0,7,0,0,0,0,0,0,0,0,1504,0,0,114,0,0,0,0,0,307,0,0,0,0,0,-39,0,0,311,0,0,43,0,0,228,0,0,136,0,0
GHCND:USC00488160,SHERIDAN FIELD STATION WY US,1143.3,44.83333,-106.83333,19850601,228,0,0,3,0,0,2,0,0,0,0,0,0,0,0,0,0,0,2,0,0,0,0,0,885,0,0,178,0,0,0,0,0,491,0,0,0,0,0,11,0,0,361,0,0,73,0,0,249,0,0,161,0,0
GHCND:USC00488160,SHERIDAN FIELD STATION WY US,1143.3,44.83333,-106.83333,19850701,1273,0,0,2,0,0,1,0,0,0,0,0,0,0,0,0,0,0,20,0,0,0,0,0,54,0,0,221,0,0,0,0,0,310,0,0,0,0,0,89,0,0,372,0,0,127,0,0,317,0,0,222,0,0
GHCND:USC00488160,SHERIDAN FIELD STATION WY US,1143.3,44.83333,-106.83333,19850801,574,0,0,3,0,0,1,0,0,0,0,0,0,0,0,0,0,0,8,0,0,0,0,0,546,0,0,196,0,0,0,0,0,378,0,0,0,0,0,11,0,0,361,0,0,90,0,0,278,0,0,184,0,0
GHCND:USC00488160,SHERIDAN FIELD STATION WY US,1143.3,44.83333,-106.83333,19850901,24,0,0,7,0,0,1,0,0,0,0,0,0,0,0,9,0,0,1,0,0,0,0,0,2095,0,0,145,0,0,0,28,28,515,0,0,0,1,1,-89,0,0,322,0,0,29,0,0,199,0,0,114,0,0
GHCND:USC00488160,SHERIDAN FIELD STATION WY US,1143.3,44.83333,-106.83333,19851001,0,0,0,2,0,0,0,0,0,0,0,0,0,0,0,24,0,0,0,0,0,1,0,0,3783,0,0,48,0,0,51,0,0,120,0,0,50,0,0,-89,0,0,244,0,0,-32,0,0,154,0,0,61,0,0
GHCND:USC00488160,SHERIDAN FIELD STATION WY US,1143.3,44.83333,-106.83333,19851101,0,0,0,2,0,0,0,0,0,0,0,0,13,0,0,28,0,0,0,0,0,18,0,0,8419,0,0,51,0,0,203,3,3,128,0,0,355,4,2,-322,0,0,222,0,0,-160,0,0,-35,0,0,-98,0,0
GHCND:USC00488160,SHERIDAN FIELD STATION WY US,1143.3,44.83333,-106.83333,19851201,0,0,0,2,0,0,0,0,0,0,0,0,7,0,0,31,0,0,0,0,0,9,0,0,7533,0,0,25,0,0,229,0,0,118,0,0,103,0,0,-339,0,0,106,0,0,-128,0,0,8,0,0,-60,0,0
GHCND:USC00488160,SHERIDAN FIELD STATION WY US,1143.3,44.83333,-106.83333,19860101,0,1,1,1,0,0,0,0,0,0,0,0,3,1,1,30,1,1,0,1,1,4,1,1,6100,1,1,94,0,0,127,1,1,112,0,0,137,1,1,-200,1,1,139,1,1,-93,1,1,53,1,1,-20,1,1
GHCND:USC00488160,SHERIDAN FIELD STATION WY US,1143.3,44.83333,-106.83333,19860201,0,0,0,4,0,0,0,0,0,0,0,0,9,0,0,27,0,0,0,0,0,13,0,0,7030,0,0,86,0,0,330,0,0,247,0,0,311,2,1,-333,0,0,144,0,0,-141,0,0,5,0,0,-68,0,0
GHCND:USC00488160,SHERIDAN FIELD STATION WY US,1143.3,44.83333,-106.83333,19860301,0,0,0,4,0,0,0,0,0,0,0,0,0,0,0,24,0,0,0,0,0,0,0,0,3766,0,0,114,0,0,152,1,1,220,0,0,84,1,1,-56,0,0,250,0,0,-14,0,0,137,0,0,62,0,0
GHCND:USC00488160,SHERIDAN FIELD STATION WY US,1143.3,44.83333,-106.83333,19860401,0,0,0,1,0,0,0,0,0,0,0,0,0,0,0,16,0,0,0,0,0,0,0,0,3386,0,0,46,0,0,9999,0,0,123,0,0,9999,0,0,-139,0,0,283,0,0,-3,0,0,143,0,0,70,0,0
GHCND:USC00488160,SHERIDAN FIELD STATION WY US,1143.3,44.83333,-106.83333,19860501,43,0,0,6,0,0,1,0,0,0,0,0,0,0,0,12,0,0,0,0,0,0,0,0,2228,0,0,127,0,0,51,0,0,517,0,0,0,1,1,-39,0,0,317,0,0,28,0,0,197,0,0,113,0,0
GHCND:USC00488160,SHERIDAN FIELD STATION WY US,1143.3,44.83333,-106.83333,19860601,509,1,1,3,0,0,1,0,0,1,0,0,0,0,0,0,0,0,7,1,1,0,1,1,252,1,1,1092,0,0,0,0,0,1290,0,0,0,0,0,28,0,0,350,1,1,101,0,0,280,1,1,192,1,1
GHCND:USC00488160,SHERIDAN FIELD STATION WY US,1143.3,44.83333,-106.83333,19860701,449,0,0,0,0,0,0,0,0,0,0,0,0,0,0,0,0,0,8,0,0,0,0,0,166,0,0,0,0,0,0,0,0,0,0,0,0,0,0,17,0,0,367,0,0,92,0,0,292,0,0,192,0,0
GHCND:USC00488160,SHERIDAN FIELD STATION WY US,1143.3,44.83333,-106.83333,19860801,494,0,0,0,0,0,0,0,0,0,0,0,0,0,0,0,0,0,9,0,0,0,0,0,202,0,0,23,0,0,0,0,0,31,0,0,0,0,0,44,0,0,372,0,0,88,0,0,296,0,0,192,0,0
GHCND:USC00488160,SHERIDAN FIELD STATION WY US,1143.3,44.83333,-106.83333,19860901,0,3,3,7,0,0,1,0,0,1,0,0,0,3,3,4,3,3,0,0,0,0,0,0,1884,3,3,287,0,0,0,0,0,803,0,0,0,0,0,-17,3,3,272,0,0,43,3,3,182,0,0,113,3,3
GHCND:USC00488160,SHERIDAN FIELD STATION WY US,1143.3,44.83333,-106.83333,19861001,0,0,0,3,0,0,0,0,0,0,0,0,0,0,0,17,0,0,0,0,0,0,0,0,3146,0,0,124,0,0,0,0,0,277,0,0,0,0,0,-83,0,0,239,0,0,0,0,0,163,0,0,82,0,0
GHCND:USC00488160,SHERIDAN FIELD STATION WY US,1143.3,44.83333,-106.83333,19861101,0,0,0,6,0,0,0,0,0,0,0,0,3,0,0,30,0,0,0,0,0,9,0,0,6136,0,0,76,0,0,0,0,0,250,0,0,228,1,1,-278,0,0,167,0,0,-83,0,0,40,0,0,-22,0,0
GHCND:USC00488160,SHERIDAN FIELD STATION WY US,1143.3,44.83333,-106.83333,19861201,0,0,0,0,0,0,0,0,0,0,0,0,1,0,0,31,0,0,0,0,0,4,0,0,6736,0,0,13,0,0,9999,0,0,13,0,0,0,1,1,-200,0,0,106,0,0,-108,0,0,40,0,0,-34,0,0
GHCND:USC00488160,SHERIDAN FIELD STATION WY US,1143.3,44.83333,-106.83333,19870101,0,0,0,1,0,0,0,0,0,0,0,0,5,0,0,31,0,0,0,0,0,9,0,0,6892,0,0,71,0,0,9999,0,0,71,0,0,9999,0,0,-233,0,0,122,0,0,-109,0,0,30,0,0,-39,0,0
GHCND:USC00488160,SHERIDAN FIELD STATION WY US,1143.3,44.83333,-106.83333,19870201,0,0,0,3,0,0,0,0,0,0,0,0,0,0,0,28,0,0,0,0,0,5,0,0,5005,0,0,69,0,0,9999,0,0,140,0,0,9999,0,0,-161,0,0,167,0,0,-63,0,0,71,0,0,4,0,0
GHCND:USC00488160,SHERIDAN FIELD STATION WY US,1143.3,44.83333,-106.83333,19870301,0,0,0,4,0,0,0,0,0,0,0,0,2,0,0,30,0,0,0,0,0,3,0,0,5199,0,0,66,0,0,9999,0,0,262,0,0,9999,0,0,-222,0,0,222,0,0,-51,0,0,82,0,0,15,0,0
GHCND:USC00488160,SHERIDAN FIELD STATION WY US,1143.3,44.83333,-106.83333,19870401,14,0,0,0,0,0,0,0,0,0,0,0,0,0,0,17,0,0,0,0,0,0,0,0,2441,0,0,8,0,0,0,0,0,8,0,0,0,0,0,-106,0,0,300,0,0,1,0,0,203,0,0,102,0,0
GHCND:USC00488160,SHERIDAN FIELD STATION WY US,1143.3,44.83333,-106.83333,19870501,130,0,0,6,0,0,2,0,0,1,0,0,0,0,0,3,0,0,3,0,0,0,0,0,1592,0,0,257,0,0,0,0,0,783,0,0,0,0,0,-11,0,0,350,0,0,55,0,0,216,0,0,136,0,0
GHCND:USC00488160,SHERIDAN FIELD STATION WY US,1143.3,44.83333,-106.83333,19870601,474,0,0,3,0,0,0,0,0,0,0,0,0,0,0,0,0,0,8,0,0,0,0,0,510,0,0,97,0,0,0,0,0,198,0,0,0,0,0,11,0,0,356,0,0,89,0,0,275,0,0,182,0,0
GHCND:USC00488160,SHERIDAN FIELD STATION WY US,1143.3,44.83333,-106.83333,19870701,906,0,0,7,0,0,3,0,0,1,0,0,0,0,0,0,0,0,6,0,0,0,0,0,223,0,0,368,0,0,0,0,0,900,0,0,0,0,0,33,0,0,361,0,0,120,0,0,291,0,0,205,0,0
GHCND:USC00488160,SHERIDAN FIELD STATION WY US,1143.3,44.83333,-106.83333,19870801,418,0,0,3,0,0,0,0,0,0,0,0,0,0,0,0,0,0,6,0,0,0,0,0,454,0,0,89,0,0,0,0,0,264,0,0,0,0,0,11,0,0,356,0,0,91,0,0,273,0,0,182,0,0
GHCND:USC00488160,SHERIDAN FIELD STATION WY US,1143.3,44.83333,-106.83333,19870901,119,1,1,3,0,0,2,0,0,0,0,0,0,0,0,8,0,0,3,1,1,0,1,1,1334,1,1,208,0,0,0,0,0,414,0,0,0,0,0,-22,0,0,356,1,1,40,0,0,241,1,1,141,1,1
GHCND:USC00488160,SHERIDAN FIELD STATION WY US,1143.3,44.83333,-106.83333,19871001,0,0,0,2,0,0,0,0,0,0,0,0,0,0,0,25,0,0,0,0,0,0,0,0,3480,0,0,25,0,0,0,1,1,73,0,0,0,1,1,-117,0,0,294,0,0,-32,0,0,174,0,0,71,0,0
GHCND:USC00488160,SHERIDAN FIELD STATION WY US,1143.3,44.83333,-106.83333,19871101,0,0,0,3,0,0,1,0,0,0,0,0,0,0,0,27,0,0,0,0,0,1,0,0,4805,0,0,173,0,0,9999,0,0,253,0,0,9999,0,0,-144,0,0,217,0,0,-59,0,0,105,0,0,23,0,0
GHCND:USC00488160,SHERIDAN FIELD STATION WY US,1143,44.83333,-106.83333,19871201,0,0,0,0,0,0,0,0,0,0,0,0,8,0,0,30,0,0,0,0,0,13,0,0,6971,0,0,13,0,0,0,0,0,26,0,0,0,0,0,-206,0,0,167,0,0,-120,0,0,37,0,0,-42,0,0
GHCND:USC00488160,SHERIDAN FIELD STATION WY US,1143,44.83333,-106.83333,19880101,0,0,0,0,0,0,0,0,0,0,0,0,12,0,0,31,0,0,0,0,0,15,0,0,8002,0,0,5,0,0,9999,0,0,11,0,0,9999,0,0,-278,0,0,150,0,0,-153,0,0,3,0,0,-75,0,0
GHCND:USC00488160,SHERIDAN FIELD STATION WY US,1143,44.83333,-106.83333,19880201,0,0,0,4,0,0,0,0,0,0,0,0,9,0,0,29,0,0,0,0,0,10,0,0,6794,0,0,56,0,0,76,8,5,204,0,0,0,6,2,-294,0,0,183,0,0,-127,0,0,25,0,0,-51,0,0
GHCND:USC00488160,SHERIDAN FIELD STATION WY US,1143,44.83333,-106.83333,19880301,0,0,0,1,0,0,0,0,0,0,0,0,0,0,0,29,0,0,0,0,0,5,0,0,5063,0,0,36,0,0,76,0,0,59,0,0,51,0,0,-133,0,0,211,0,0,-49,0,0,88,0,0,20,0,0
GHCND:USC00488160,SHERIDAN FIELD STATION WY US,1143,44.83333,-106.83333,19880401,0,0,0,5,0,0,0,0,0,0,0,0,0,0,0,18,0,0,0,0,0,0,0,0,3199,0,0,76,0,0,127,16,16,307,0,0,229,0,0,-89,0,0,272,0,0,-13,0,0,166,0,0,76,0,0
GHCND:USC00488160,SHERIDAN FIELD STATION WY US,1143,44.83333,-106.83333,19880501,97,0,0,6,0,0,1,0,0,1,0,0,0,0,0,5,0,0,1,0,0,0,0,0,1661,0,0,348,0,0,0,0,0,617,0,0,0,0,0,-56,0,0,339,0,0,41,0,0,220,0,0,131,0,0
GHCND:USC00488160,SHERIDAN FIELD STATION WY US,1143,44.83333,-106.83333,19880601,1580,0,0,3,0,0,0,0,0,0,0,0,0,0,0,0,0,0,18,0,0,0,0,0,155,0,0,74,0,0,0,0,0,140,0,0,0,0,0,50,0,0,400,0,0,133,0,0,328,0,0,231,0,0
GHCND:USC00488160,SHERIDAN FIELD STATION WY US,1143,44.83333,-106.83333,19880701,1237,0,0,0,0,0,0,0,0,0,0,0,0,0,0,0,0,0,21,0,0,0,0,0,82,0,0,13,0,0,0,0,0,21,0,0,0,0,0,44,0,0,406,0,0,107,0,0,334,0,0,220,0,0
GHCND:USC00488160,SHERIDAN FIELD STATION WY US,1143,44.83333,-106.83333,19880801,754,0,0,3,0,0,0,0,0,0,0,0,0,0,0,0,0,0,17,0,0,0,0,0,258,0,0,43,0,0,0,0,0,132,0,0,0,0,0,11,0,0,378,0,0,83,0,0,315,0,0,199,0,0
GHCND:USC00488160,SHERIDAN FIELD STATION WY US,1143,44.83333,-106.83333,19880901,37,0,0,4,0,0,0,0,0,0,0,0,0,0,0,4,0,0,1,0,0,0,0,0,1577,0,0,86,0,0,0,0,0,288,0,0,0,0,0,-22,0,0,333,0,0,29,0,0,235,0,0,132,0,0
GHCND:USC00488160,SHERIDAN FIELD STATION WY US,1143,44.83333,-106.83333,19881001,0,0,0,2,0,0,1,0,0,1,0,0,0,0,0,20,0,0,0,0,0,0,0,0,2923,0,0,318,0,0,0,0,0,389,0,0,0,0,0,-128,0,0,278,0,0,-14,0,0,192,0,0,89,0,0
GHCND:USC00488160,SHERIDAN FIELD STATION WY US,1143,44.83333,-106.83333,19881101,0,0,0,2,0,0,0,0,0,0,0,0,2,0,0,28,0,0,0,0,0,4,0,0,5358,0,0,61,0,0,0,1,1,135,0,0,153,0,0,-200,0,0,211,0,0,-68,0,0,77,0,0,4,0,0
GHCND:USC00488160,SHERIDAN FIELD STATION WY US,1143,44.83333,-106.83333,19881201,0,0,0,2,0,0,0,0,0,0,0,0,4,0,0,30,0,0,0,0,0,8,0,0,6550,0,0,33,0,0,76,2,2,66,0,0,115,0,0,-222,0,0,150,0,0,-104,0,0,47,0,0,-28,0,0
GHCND:USC00488160,SHERIDAN FIELD STATION WY US,1143,44.83333,-106.83333,19890101,0,0,0,1,0,0,0,0,0,0,0,0,11,0,0,31,0,0,0,0,0,11,0,0,7390,0,0,30,0,0,0,7,4,63,0,0,102,0,0,-278,0,0,150,0,0,-132,0,0,22,0,0,-55,0,0
GHCND:USC00488160,SHERIDAN FIELD STATION WY US,1143,44.83333,-106.83333,19890201,0,0,0,1,0,0,0,0,0,0,0,0,11,0,0,28,0,0,0,0,0,16,0,0,7917,0,0,28,0,0,9999,0,0,56,0,0,43,0,0,-383,0,0,128,0,0,-164,0,0,-35,0,0,-100,0,0
GHCND:USC00488160,SHERIDAN FIELD STATION WY US,1143,44.83333,-106.83333,19890301,0,0,0,5,0,0,1,0,0,0,0,0,8,0,0,26,0,0,0,0,0,9,0,0,6466,0,0,135,0,0,254,7,5,353,0,0,304,0,0,-294,0,0,167,0,0,-97,0,0,46,0,0,-26,0,0
GHCND:USC00488160,SHERIDAN FIELD STATION WY US,1143,44.83333,-106.83333,19890401,31,0,0,8,0,0,0,0,0,0,0,0,0,0,0,16,0,0,0,0,0,0,0,0,3500,0,0,102,0,0,0,1,1,470,0,0,102,0,0,-117,0,0,311,0,0,-3,0,0,138,0,0,67,0,0
GHCND:USC00488160,SHERIDAN FIELD STATION WY US,1143,44.83333,-106.83333,19890501,1,1,1,5,0,0,0,0,0,0,0,0,0,1,1,7,1,1,0,1,1,0,1,1,1955,1,1,102,0,0,0,0,0,370,0,0,0,0,0,-50,1,1,300,1,1,32,1,1,204,1,1,118,1,1
GHCND:USC00488160,SHERIDAN FIELD STATION WY US,1143,44.83333,-106.83333,19890601,286,0,0,4,0,0,2,0,0,0,0,0,0,0,0,1,0,0,3,0,0,0,0,0,821,0,0,236,0,0,0,0,0,589,0,0,0,0,0,-6,0,0,378,0,0,78,0,0,252,0,0,165,0,0
GHCND:USC00488160,SHERIDAN FIELD STATION WY US,1143,44.83333,-106.83333,19890701,1552,0,0,2,0,0,0,0,0,0,0,0,0,0,0,0,0,0,17,0,0,0,0,0,8,0,0,91,0,0,0,0,0,230,0,0,0,0,0,83,0,0,400,0,0,137,0,0,329,0,0,233,0,0
GHCND:USC00488160,SHERIDAN FIELD STATION WY US,1143,44.83333,-106.83333,19890801,746,0,0,1,0,0,0,0,0,0,0,0,0,0,0,0,0,0,12,0,0,0,0,0,164,0,0,66,0,0,0,0,0,71,0,0,0,0,0,33,0,0,383,0,0,99,0,0,304,0,0,202,0,0
GHCND:USC00488160,SHERIDAN FIELD STATION WY US,1143,44.83333,-106.83333,19890901,95,1,1,3,0,0,0,0,0,0,0,0,0,1,1,2,1,1,5,1,1,0,1,1,1343,1,1,117,0,0,0,0,0,221,0,0,0,0,0,-44,1,1,356,1,1,37,1,1,243,1,1,140,1,1
GHCND:USC00488160,SHERIDAN FIELD STATION WY US,1143,44.83333,-106.83333,19891001,0,0,0,4,0,0,1,0,0,1,0,0,0,0,0,18,0,0,0,0,0,0,0,0,3431,0,0,323,0,0,254,0,0,524,0,0,0,1,1,-133,0,0,289,0,0,-10,0,0,155,0,0,72,0,0
GHCND:USC00488160,SHERIDAN FIELD STATION WY US,1143,44.83333,-106.83333,19891101,0,1,1,2,0,0,0,0,0,0,0,0,0,0,0,28,0,0,0,1,1,4,1,1,5001,1,1,89,0,0,178,0,0,130,0,0,178,0,0,-156,0,0,228,1,1,-64,0,0,85,1,1,11,1,1
GHCND:USC00488160,SHERIDAN FIELD STATION WY US,1143,44.83333,-106.83333,19891201,0,0,0,6,0,0,0,0,0,0,0,0,8,0,0,31,0,0,0,0,0,13,0,0,7917,0,0,71,0,0,330,6,6,399,0,0,392,1,1,-422,0,0,106,0,0,-141,0,0,-4,0,0,-72,0,0
GHCND:USC00488160,SHERIDAN FIELD STATION WY US,1143,44.83333,-106.83333,19900101,0,0,0,0,0,0,0,0,0,0,0,0,1,0,0,31,0,0,0,0,0,7,0,0,6665,0,0,18,0,0,254,0,0,39,0,0,0,1,1,-239,0,0,122,0,0,-98,0,0,34,0,0,-32,0,0
GHCND:USC00488160,SHERIDAN FIELD STATION WY US,1143,44.83333,-106.83333,19900201,0,0,0,3,0,0,0,0,0,0,0,0,7,0,0,28,0,0,0,0,0,8,0,0,6425,0,0,91,0,0,178,0,0,162,0,0,152,0,0,-283,0,0,117,0,0,-116,0,0,23,0,0,-46,0,0
GHCND:USC00488160,SHERIDAN FIELD STATION WY US,1143,44.83333,-106.83333,19900301,0,0,0,2,0,0,0,0,0,0,0,0,1,0,0,30,0,0,0,0,0,3,0,0,5211,0,0,69,0,0,102,1,1,158,0,0,102,1,1,-239,0,0,194,0,0,-53,0,0,83,0,0,15,0,0
GHCND:USC00488160,SHERIDAN FIELD STATION WY US,1143,44.83333,-106.83333,19900401,0,0,0,10,0,0,1,0,0,0,0,0,0,0,0,17,0,0,0,0,0,1,0,0,3611,0,0,132,0,0,0,2,1,683,0,0,152,0,0,-89,0,0,267,0,0,-10,0,0,136,0,0,63,0,0
GHCND:USC00488160,SHERIDAN FIELD STATION WY US,1143,44.83333,-106.83333,19900501,0,0,0,8,0,0,1,0,0,0,0,0,0,0,0,10,0,0,0,0,0,0,0,0,2706,0,0,173,0,0,0,0,0,561,0,0,0,0,0,-50,0,0,289,0,0,18,0,0,173,0,0,96,0,0
GHCND:USC00488160,SHERIDAN FIELD STATION WY US,1143,44.83333,-106.83333,19900601,290,0,0,7,0,0,1,0,0,0,0,0,0,0,0,0,0,0,4,0,0,0,0,0,1081,0,0,206,0,0,0,0,0,505,0,0,0,0,0,11,0,0,367,0,0,73,0,0,240,0,0,157,0,0
GHCND:USC00488160,SHERIDAN FIELD STATION WY US,1143,44.83333,-106.83333,19900701,756,0,0,4,0,0,1,0,0,0,0,0,0,0,0,0,0,0,10,0,0,0,0,0,217,0,0,135,0,0,0,0,0,326,0,0,0,0,0,50,0,0,400,0,0,106,0,0,295,0,0,200,0,0
GHCND:USC00488160,SHERIDAN FIELD STATION WY US,1143,44.83333,-106.83333,19900801,759,0,0,1,0,0,0,0,0,0,0,0,0,0,0,0,0,0,13,0,0,0,0,0,29,0,0,71,0,0,0,0,0,120,0,0,0,0,0,50,0,0,372,0,0,101,0,0,312,0,0,207,0,0
GHCND:USC00488160,SHERIDAN FIELD STATION WY US,1143,44.83333,-106.83333,19900901,367,0,0,1,0,0,0,0,0,0,0,0,0,0,0,5,0,0,9,0,0,0,0,0,821,0,0,124,0,0,0,0,0,137,0,0,0,0,0,-17,0,0,378,0,0,51,0,0,284,0,0,168,0,0
GHCND:USC00488160,SHERIDAN FIELD STATION WY US,1143,44.83333,-106.83333,19901001,0,0,0,5,0,0,0,0,0,0,0,0,0,0,0,27,0,0,0,0,0,0,0,0,3554,0,0,71,0,0,25,0,0,279,0,0,25,0,0,-72,0,0,311,0,0,-26,0,0,163,0,0,68,0,0
GHCND:USC00488160,SHERIDAN FIELD STATION WY US,1143,44.83333,-106.83333,19901101,0,0,0,2,0,0,1,0,0,0,0,0,0,0,0,28,0,0,0,0,0,2,0,0,4619,0,0,132,0,0,0,0,0,216,0,0,0,1,1,-172,0,0,294,0,0,-64,0,0,122,0,0,29,0,0
GHCND:USC00488160,SHERIDAN FIELD STATION WY US,1143,44.83333,-106.83333,19901201,0,0,0,1,0,0,0,0,0,0,0,0,15,0,0,31,0,0,0,0,0,15,0,0,9093,0,0,81,0,0,152,0,0,104,0,0,177,0,0,-394,0,0,178,0,0,-193,0,0,-28,0,0,-110,0,0
GHCND:USC00488160,SHERIDAN FIELD STATION WY US,1143,44.83333,-106.83333,19910101,0,0,0,3,0,0,0,0,0,0,0,0,14,0,0,31,0,0,0,0,0,18,0,0,8675,0,0,102,0,0,203,0,0,229,0,0,181,0,0,-328,0,0,89,0,0,-169,0,0,-25,0,0,-97,0,0
GHCND:USC00488160,SHERIDAN FIELD STATION WY US,1143,44.83333,-106.83333,19910201,0,0,0,2,0,0,0,0,0,0,0,0,1,0,0,28,0,0,0,0,0,1,0,0,4979,0,0,109,0,0,152,0,0,147,0,0,126,0,0,-228,0,0,144,0,0,-70,0,0,81,0,0,5,0,0
GHCND:USC00488160,SHERIDAN FIELD STATION WY US,1143,44.83333,-106.83333,19910301,0,0,0,3,0,0,0,0,0,0,0,0,0,0,0,31,0,0,0,0,0,2,0,0,5298,0,0,94,0,0,127,0,0,207,0,0,127,0,0,-150,0,0,194,0,0,-70,0,0,94,0,0,12,0,0
GHCND:USC00488160,SHERIDAN FIELD STATION WY US,1143,44.83333,-106.83333,19910401,0,0,0,8,0,0,1,0,0,0,0,0,0,0,0,23,0,0,0,0,0,1,0,0,3907,0,0,135,0,0,305,0,0,529,0,0,356,0,0,-83,0,0,272,0,0,-19,0,0,124,0,0,53,0,0
GHCND:USC00488160,SHERIDAN FIELD STATION WY US,1143,44.83333,-106.83333,19910501,1,0,0,8,0,0,0,0,0,0,0,0,0,0,0,6,0,0,0,0,0,0,0,0,2180,0,0,99,0,0,0,0,0,586,0,0,0,0,0,-72,0,0,283,0,0,42,0,0,184,0,0,113,0,0
GHCND:USC00488160,SHERIDAN FIELD STATION WY US,1143,44.83333,-106.83333,19910601,111,0,0,8,0,0,1,0,0,0,0,0,0,0,0,1,0,0,1,0,0,0,0,0,625,0,0,165,0,0,0,0,0,627,0,0,0,0,0,0,0,0,344,0,0,80,0,0,251,0,0,166,0,0
GHCND:USC00488160,SHERIDAN FIELD STATION WY US,1143,44.83333,-106.83333,19910701,824,3,2,0,0,0,0,0,0,0,0,0,0,3,2,0,3,2,12,3,2,0,3,2,134,3,2,23,0,0,0,0,0,46,0,0,0,0,0,56,3,2,389,3,2,106,3,2,310,3,2,208,3,2
GHCND:USC00488160,SHERIDAN FIELD STATION WY US,1143,44.83333,-106.83333,19910801,1175,0,0,1,0,0,0,0,0,0,0,0,0,0,0,0,0,0,21,0,0,0,0,0,60,0,0,33,0,0,0,0,0,72,0,0,0,0,0,67,0,0,400,0,0,108,0,0,330,0,0,219,0,0
GHCND:USC00488160,SHERIDAN FIELD STATION WY US,1143,44.83333,-106.83333,19910901,286,0,0,4,0,0,0,0,0,0,0,0,0,0,0,7,0,0,3,0,0,0,0,0,1401,0,0,81,0,0,0,0,0,229,0,0,0,0,0,-67,0,0,367,0,0,46,0,0,246,0,0,146,0,0
GHCND:USC00488160,SHERIDAN FIELD STATION WY US,1143,44.83333,-106.83333,19911001,12,0,0,3,0,0,0,0,0,0,0,0,1,0,0,21,0,0,0,0,0,5,0,0,3824,0,0,81,0,0,127,0,0,194,0,0,177,0,0,-278,0,0,317,0,0,-38,0,0,158,0,0,60,0,0
GHCND:USC00488160,SHERIDAN FIELD STATION WY US,1143,44.83333,-106.83333,19911101,0,1,1,4,0,0,1,0,0,0,0,0,3,1,1,29,1,1,0,1,1,10,1,1,6081,1,1,221,0,0,127,6,2,437,0,0,343,2,1,-228,1,1,167,1,1,-93,1,1,39,1,1,-27,1,1
GHCND:USC00488160,SHERIDAN FIELD STATION WY US,1143,44.83333,-106.83333,19911201,0,1,1,0,0,0,0,0,0,0,0,0,1,1,1,30,1,1,0,1,1,3,1,1,6376,1,1,0,0,0,76,0,0,0,0,0,0,0,0,-194,1,1,89,1,1,-105,1,1,46,1,1,-30,1,1
GHCND:USC00488160,SHERIDAN FIELD STATION WY US,1143,44.83333,-106.83333,19920101,0,0,0,0,0,0,0,0,0,0,0,0,3,0,0,31,0,0,0,0,0,3,0,0,6108,0,0,0,0,0,0,0,0,0,0,0,0,0,0,-244,0,0,144,0,0,-102,0,0,74,0,0,-14,0,0
GHCND:USC00488160,SHERIDAN FIELD STATION WY US,1143,44.83333,-106.83333,19920201,0,0,0,0,0,0,0,0,0,0,0,0,0,0,0,28,0,0,0,0,0,1,0,0,4919,0,0,0,0,0,0,0,0,0,0,0,0,0,0,-139,0,0,222,0,0,-87,0,0,114,0,0,13,0,0
GHCND:USC00488160,SHERIDAN FIELD STATION WY US,1143,44.83333,-106.83333,19920301,0,0,0,4,0,0,0,0,0,0,0,0,0,0,0,29,0,0,0,0,0,1,0,0,4054,0,0,109,0,0,25,0,0,379,0,0,0,5,2,-89,0,0,228,0,0,-35,0,0,139,0,0,52,0,0
GHCND:USC00488160,SHERIDAN FIELD STATION WY US,1143,44.83333,-106.83333,19920401,0,2,1,4,0,0,0,0,0,0,0,0,0,2,1,13,2,1,0,2,1,1,2,1,2783,2,1,99,0,0,0,1,1,254,0,0,0,1,1,-78,2,1,300,2,1,5,2,1,163,2,1,84,2,1
GHCND:USC00488160,SHERIDAN FIELD STATION WY US,1143,44.83333,-106.83333,19920501,102,0,0,7,0,0,1,0,0,0,0,0,0,0,0,3,0,0,2,0,0,0,0,0,1517,0,0,130,0,0,0,0,0,481,0,0,0,0,0,-33,0,0,344,0,0,48,0,0,226,0,0,137,0,0
GHCND:USC00488160,SHERIDAN FIELD STATION WY US,1143,44.83333,-106.83333,19920601,263,0,0,6,0,0,2,0,0,1,0,0,0,0,0,1,0,0,2,0,0,0,0,0,642,0,0,340,0,0,0,0,0,878,0,0,0,0,0,-11,0,0,333,0,0,89,0,0,252,0,0,170,0,0
GHCND:USC00488160,SHERIDAN FIELD STATION WY US,1143,44.83333,-106.83333,19920701,238,0,0,7,0,0,0,0,0,0,0,0,0,0,0,0,0,0,0,0,0,0,0,0,529,0,0,107,0,0,0,0,0,593,0,0,0,0,0,61,0,0,317,0,0,97,0,0,250,0,0,174,0,0
GHCND:USC00488160,SHERIDAN FIELD STATION WY US,1143,44.83333,-106.83333,19920801,492,1,1,3,0,0,0,0,0,0,0,0,0,1,1,1,1,1,9,1,1,0,1,1,707,1,1,89,0,0,0,0,0,209,0,0,0,0,0,-11,1,1,367,1,1,75,1,1,277,1,1,176,1,1
GHCND:USC00488160,SHERIDAN FIELD STATION WY US,1143,44.83333,-106.83333,19920901,50,2,2,3,0,0,0,0,0,0,0,0,0,2,2,6,2,2,2,2,2,0,2,2,1280,2,2,66,0,0,0,0,0,147,0,0,0,0,0,-44,2,2,356,2,2,28,2,2,250,2,2,139,2,2
GHCND:USC00488160,SHERIDAN FIELD STATION WY US,1143,44.83333,-106.83333,19921001,76,0,0,2,0,0,0,0,0,0,0,0,0,0,0,20,0,0,4,0,0,2,0,0,2984,0,0,64,0,0,76,4,4,125,0,0,0,3,3,-128,0,0,333,0,0,-5,0,0,184,0,0,89,0,0
GHCND:USC00488160,SHERIDAN FIELD STATION WY US,1143,44.83333,-106.83333,19921101,0,0,0,2,0,0,0,0,0,0,0,0,2,0,0,29,0,0,0,0,0,3,0,0,5483,0,0,53,0,0,127,0,0,114,0,0,127,0,0,-189,0,0,200,0,0,-67,0,0,68,0,0,0,0,0
GHCND:USC00488160,SHERIDAN FIELD STATION WY US,1143,44.83333,-106.83333,19921201,0,0,0,2,0,0,0,0,0,0,0,0,15,0,0,31,0,0,0,0,0,21,0,0,8896,0,0,56,0,0,229,0,0,153,0,0,283,0,0,-294,0,0,94,0,0,-180,0,0,-28,0,0,-104,0,0
GHCND:USC00488160,SHERIDAN FIELD STATION WY US,1143,44.83333,-106.83333,19930101,0,0,0,1,0,0,0,0,0,0,0,0,18,0,0,31,0,0,0,0,0,23,0,0,9260,0,0,28,0,0,254,0,0,74,0,0,152,0,0,-311,0,0,100,0,0,-183,0,0,-48,0,0,-116,0,0
GHCND:USC00488160,SHERIDAN FIELD STATION WY US,1143,44.83333,-106.83333,19930201,0,0,0,0,0,0,0,0,0,0,0,0,12,0,0,28,0,0,0,0,0,14,0,0,7826,0,0,20,0,0,279,0,0,43,0,0,71,1,1,-322,0,0,100,0,0,-179,0,0,-14,0,0,-96,0,0
GHCND:USC00488160,SHERIDAN FIELD STATION WY US,1143,44.83333,-106.83333,19930301,0,1,1,0,0,0,0,0,0,0,0,0,1,1,1,26,1,1,0,1,1,2,1,1,4743,1,1,23,0,0,279,1,1,78,0,0,152,0,0,-178,1,1,256,1,1,-57,1,1,107,1,1,25,1,1
GHCND:USC00488160,SHERIDAN FIELD STATION WY US,1143,44.83333,-106.83333,19930401,0,0,0,10,0,0,1,0,0,0,0,0,0,0,0,17,0,0,0,0,0,0,0,0,3473,0,0,150,0,0,25,0,0,643,0,0,50,0,0,-67,0,0,211,0,0,-9,0,0,143,0,0,67,0,0
GHCND:USC00488160,SHERIDAN FIELD STATION WY US,1143,44.83333,-106.83333,19930501,1,0,0,7,0,0,2,0,0,0,0,0,0,0,0,1,0,0,0,0,0,0,0,0,1614,0,0,157,0,0,0,0,0,517,0,0,0,0,0,-11,0,0,289,0,0,51,0,0,208,0,0,129,0,0
GHCND:USC00488160,SHERIDAN FIELD STATION WY US,1143,44.83333,-106.83333,19930601,186,0,0,8,0,0,2,0,0,1,0,0,0,0,0,0,0,0,0,0,0,0,0,0,1177,0,0,533,0,0,0,0,0,1071,0,0,0,0,0,17,0,0,311,0,0,81,0,0,219,0,0,150,0,0
GHCND:USC00488160,SHERIDAN FIELD STATION WY US,1143,44.83333,-106.83333,19930701,233,0,0,8,0,0,1,0,0,1,0,0,0,0,0,0,0,0,2,0,0,0,0,0,746,0,0,320,0,0,0,0,0,846,0,0,0,0,0,50,0,0,383,0,0,92,0,0,241,0,0,166,0,0
GHCND:USC00488160,SHERIDAN FIELD STATION WY US,1143,44.83333,-106.83333,19930801,295,1,1,1,0,0,0,0,0,0,0,0,0,1,1,1,1,1,5,1,1,0,1,1,515,1,1,56,0,0,0,0,0,95,0,0,0,0,0,-6,1,1,339,1,1,80,1,1,271,1,1,176,1,1
GHCND:USC00488160,SHERIDAN FIELD STATION WY US,1143,44.83333,-106.83333,19930901,23,0,0,2,0,0,0,0,0,0,0,0,0,0,0,7,0,0,1,0,0,0,0,0,1806,0,0,79,0,0,0,0,0,135,0,0,0,0,0,-50,0,0,328,0,0,29,0,0,219,0,0,124,0,0
GHCND:USC00488160,SHERIDAN FIELD STATION WY US,1143,44.83333,-106.83333,19931001,0,0,0,3,0,0,1,0,0,0,0,0,0,0,0,16,0,0,0,0,0,2,0,0,3577,0,0,175,0,0,178,0,0,279,0,0,203,0,0,-122,0,0,311,0,0,-20,0,0,155,0,0,68,0,0
GHCND:USC00488160,SHERIDAN FIELD STATION WY US,1143,44.83333,-106.83333,19931101,0,0,0,1,0,0,0,0,0,0,0,0,4,0,0,29,0,0,0,0,0,8,0,0,6453,0,0,36,0,0,25,4,4,36,0,0,13,0,0,-306,0,0,194,0,0,-107,0,0,43,0,0,-32,0,0
GHCND:USC00488160,SHERIDAN FIELD STATION WY US,1143,44.83333,-106.83333,19931201,0,2,1,0,0,0,0,0,0,0,0,0,0,2,1,29,2,1,0,2,1,5,2,1,5830,2,1,0,0,0,0,0,0,0,0,0,0,0,0,-156,2,1,139,2,1,-94,2,1,58,2,1,-18,2,1
GHCND:USC00488160,SHERIDAN FIELD STATION WY US,1143,44.83333,-106.83333,19940101,0,0,0,4,0,0,0,0,0,0,0,0,6,0,0,31,0,0,0,0,0,11,0,0,7278,0,0,33,0,0,279,0,0,119,0,0,267,8,8,-233,0,0,111,0,0,-123,0,0,19,0,0,-52,0,0
GHCND:USC00488160,SHERIDAN FIELD STATION WY US,1143,44.83333,-106.83333,19940201,0,0,0,1,0,0,0,0,0,0,0,0,12,0,0,28,0,0,0,0,0,16,0,0,7731,0,0,58,0,0,203,0,0,83,0,0,217,2,1,-339,0,0,83,0,0,-168,0,0,-18,0,0,-93,0,0
GHCND:USC00488160,SHERIDAN FIELD STATION WY US,1143,44.83333,-106.83333,19940301,0,0,0,1,0,0,0,0,0,0,0,0,0,0,0,29,0,0,0,0,0,1,0,0,4642,0,0,97,0,0,178,0,0,97,0,0,114,0,0,-106,0,0,250,0,0,-44,0,0,110,0,0,33,0,0
GHCND:USC00488160,SHERIDAN FIELD STATION WY US,1143,44.83333,-106.83333,19940401,3,1,1,5,0,0,0,0,0,0,0,0,0,0,0,22,0,0,0,1,1,1,1,1,3364,1,1,74,0,0,152,0,0,268,0,0,229,0,0,-106,0,0,294,1,1,-21,0,0,155,1,1,67,1,1
GHCND:USC00488160,SHERIDAN FIELD STATION WY US,1143,44.83333,-106.83333,19940501,49,1,1,3,0,0,1,0,0,0,0,0,0,1,1,2,1,1,0,1,1,0,1,1,1079,1,1,203,0,0,0,0,0,353,0,0,0,0,0,-11,1,1,306,1,1,60,1,1,237,1,1,149,1,1
GHCND:USC00488160,SHERIDAN FIELD STATION WY US,1143,44.83333,-106.83333,19940601,573,0,0,3,0,0,2,0,0,0,0,0,0,0,0,0,0,0,5,0,0,0,0,0,556,0,0,229,0,0,0,0,0,476,0,0,0,0,0,6,0,0,372,0,0,100,0,0,268,0,0,184,0,0
GHCND:USC00488160,SHERIDAN FIELD STATION WY US,1143,44.83333,-106.83333,19940701,1028,0,0,5,0,0,1,0,0,0,0,0,0,0,0,0,0,0,15,0,0,0,0,0,107,0,0,191,0,0,0,0,0,466,0,0,0,0,0,67,0,0,378,0,0,117,0,0,309,0,0,213,0,0
GHCND:USC00488160,SHERIDAN FIELD STATION WY US,1143,44.83333,-106.83333,19940801,1232,0,0,0,0,0,0,0,0,0,0,0,0,0,0,0,0,0,21,0,0,0,0,0,52,0,0,20,0,0,0,0,0,28,0,0,0,0,0,56,0,0,383,0,0,112,0,0,330,0,0,221,0,0
GHCND:USC00488160,SHERIDAN FIELD STATION WY US,1143,44.83333,-106.83333,19940901,125,0,0,3,0,0,1,0,0,0,0,0,0,0,0,1,0,0,4,0,0,0,0,0,732,0,0,206,0,0,0,0,0,348,0,0,0,0,0,-11,0,0,361,0,0,56,0,0,269,0,0,163,0,0
GHCND:USC00488160,SHERIDAN FIELD STATION WY US,1143,44.83333,-106.83333,19941001,0,0,0,8,0,0,2,0,0,0,0,0,0,0,0,14,0,0,0,0,0,0,0,0,3309,0,0,168,0,0,0,0,0,705,0,0,0,0,0,-67,0,0,267,0,0,4,0,0,148,0,0,76,0,0
GHCND:USC00488160,SHERIDAN FIELD STATION WY US,1143,44.83333,-106.83333,19941101,0,0,0,4,0,0,0,0,0,0,0,0,2,0,0,30,0,0,0,0,0,6,0,0,6124,0,0,84,0,0,51,16,16,197,0,0,9999,0,0,-261,0,0,183,0,0,-91,0,0,48,0,0,-21,0,0
GHCND:USC00488160,SHERIDAN FIELD STATION WY US,1143,44.83333,-106.83333,19941201,0,1,1,0,0,0,0,0,0,0,0,0,0,1,1,30,1,1,0,1,1,4,1,1,6126,1,1,5,0,0,0,0,0,5,0,0,0,0,0,-156,1,1,122,1,1,-90,1,1,48,1,1,-21,1,1
GHCND:USC00488160,SHERIDAN FIELD STATION WY US,1143,44.83333,-106.83333,19950101,0,0,0,2,0,0,0,0,0,0,0,0,7,0,0,31,0,0,0,0,0,7,0,0,6829,0,0,51,0,0,127,0,0,92,0,0,168,0,0,-239,0,0,144,0,0,-115,0,0,40,0,0,-37,0,0
GHCND:USC00488160,SHERIDAN FIELD STATION WY US,1143,44.83333,-106.83333,19950201,0,0,0,2,0,0,0,0,0,0,0,0,6,0,0,24,0,0,0,0,0,7,0,0,5212,0,0,58,0,0,102,0,0,86,0,0,99,0,0,-222,0,0,233,0,0,-73,0,0,67,0,0,-3,0,0
GHCND:USC00488160,SHERIDAN FIELD STATION WY US,1143,44.83333,-106.83333,19950301,0,0,0,4,0,0,0,0,0,0,0,0,7,0,0,25,0,0,0,0,0,8,0,0,5751,0,0,114,0,0,102,0,0,304,0,0,0,1,1,-250,0,0,233,0,0,-75,0,0,70,0,0,-3,0,0
GHCND:USC00488160,SHERIDAN FIELD STATION WY US,1143,44.83333,-106.83333,19950401,0,0,0,6,0,0,1,0,0,0,0,0,0,0,0,20,0,0,0,0,0,1,0,0,3902,0,0,142,0,0,25,0,0,443,0,0,0,1,1,-94,0,0,250,0,0,-15,0,0,121,0,0,53,0,0
GHCND:USC00488160,SHERIDAN FIELD STATION WY US,1143,44.83333,-106.83333,19950501,0,0,0,9,0,0,2,0,0,1,0,0,0,0,0,6,0,0,0,0,0,0,0,0,2710,0,0,404,0,0,51,4,2,1065,0,0,77,0,0,-11,0,0,244,0,0,31,0,0,160,0,0,96,0,0
GHCND:USC00488160,SHERIDAN FIELD STATION WY US,1143,44.83333,-106.83333,19950601,234,0,0,7,0,0,3,0,0,1,0,0,0,0,0,0,0,0,2,0,0,0,0,0,912,0,0,279,0,0,0,0,0,862,0,0,0,0,0,11,0,0,333,0,0,78,0,0,242,0,0,160,0,0
GHCND:USC00488160,SHERIDAN FIELD STATION WY US,1143,44.83333,-106.83333,19950701,827,0,0,5,0,0,0,0,0,0,0,0,0,0,0,0,0,0,10,0,0,0,0,0,178,0,0,79,0,0,0,0,0,299,0,0,0,0,0,44,0,0,411,0,0,111,0,0,297,0,0,204,0,0
GHCND:USC00488160,SHERIDAN FIELD STATION WY US,1143,44.83333,-106.83333,19950801,1199,0,0,1,0,0,0,0,0,0,0,0,0,0,0,0,0,0,19,0,0,0,0,0,150,0,0,25,0,0,0,0,0,25,0,0,0,0,0,44,0,0,406,0,0,107,0,0,327,0,0,217,0,0
GHCND:USC00488160,SHERIDAN FIELD STATION WY US,1143,44.83333,-106.83333,19950901,263,0,0,6,0,0,1,0,0,0,0,0,0,0,0,6,0,0,5,0,0,0,0,0,1357,0,0,183,0,0,0,0,0,542,0,0,0,0,0,-33,0,0,361,0,0,55,0,0,238,0,0,147,0,0
GHCND:USC00488160,SHERIDAN FIELD STATION WY US,1143,44.83333,-106.83333,19951001,0,0,0,6,0,0,0,0,0,0,0,0,0,0,0,18,0,0,0,0,0,0,0,0,3366,0,0,107,0,0,102,0,0,330,0,0,127,0,0,-83,0,0,283,0,0,-6,0,0,155,0,0,74,0,0
GHCND:USC00488160,SHERIDAN FIELD STATION WY US,1143,44.83333,-106.83333,19951101,0,0,0,3,0,0,0,0,0,0,0,0,3,0,0,25,0,0,0,0,0,6,0,0,5223,0,0,38,0,0,127,0,0,116,0,0,132,2,2,-222,0,0,233,0,0,-67,0,0,85,0,0,9,0,0
GHCND:USC00488160,SHERIDAN FIELD STATION WY US,1143,44.83333,-106.83333,19951201,0,0,0,1,0,0,0,0,0,0,0,0,5,0,0,29,0,0,0,0,0,8,0,0,6846,0,0,28,0,0,51,0,0,49,0,0,79,1,1,-261,0,0,211,0,0,-114,0,0,39,0,0,-38,0,0
GHCND:USC00488160,SHERIDAN FIELD STATION WY US,1143,44.83333,-106.83333,19960101,0,0,0,3,0,0,0,0,0,0,0,0,16,0,0,30,0,0,0,0,0,17,0,0,8562,0,0,51,0,0,178,0,0,176,0,0,317,0,0,-311,0,0,139,0,0,-166,0,0,-21,0,0,-93,0,0
GHCND:USC00488160,SHERIDAN FIELD STATION WY US,1143,44.83333,-106.83333,19960201,0,0,0,2,0,0,0,0,0,0,0,0,8,0,0,27,0,0,0,0,0,11,0,0,6422,0,0,36,0,0,152,0,0,66,0,0,176,1,1,-383,0,0,183,0,0,-120,0,0,43,0,0,-38,0,0
GHCND:USC00488160,SHERIDAN FIELD STATION WY US,1143,44.83333,-106.83333,19960301,0,0,0,4,0,0,1,0,0,1,0,0,6,0,0,31,0,0,0,0,0,12,0,0,6606,0,0,257,0,0,229,0,0,465,0,0,165,5,2,-233,0,0,206,0,0,-91,0,0,31,0,0,-30,0,0
GHCND:USC00488160,SHERIDAN FIELD STATION WY US,1143,44.83333,-106.83333,19960401,0,0,0,1,0,0,0,0,0,0,0,0,0,0,0,18,0,0,0,0,0,0,0,0,3254,0,0,41,0,0,0,0,0,74,0,0,0,0,0,-50,0,0,278,0,0,-2,0,0,151,0,0,75,0,0
GHCND:USC00488160,SHERIDAN FIELD STATION WY US,1143,44.83333,-106.83333,19960601,381,0,0,4,0,0,2,0,0,0,0,0,0,0,0,1,0,0,5,0,0,0,0,0,515,0,0,185,0,0,0,1,1,536,0,0,0,0,0,-144,0,0,344,0,0,89,0,0,268,0,0,179,0,0
GHCND:USC00488160,SHERIDAN FIELD STATION WY US,1143,44.83333,-106.83333,19960701,1015,0,0,2,0,0,0,0,0,0,0,0,0,0,0,0,0,0,13,0,0,0,0,0,57,0,0,36,0,0,0,0,0,72,0,0,0,0,0,50,0,0,378,0,0,113,0,0,315,0,0,214,0,0
GHCND:USC00488160,SHERIDAN FIELD STATION WY US,1143,44.83333,-106.83333,19960801,998,0,0,2,0,0,0,0,0,0,0,0,0,0,0,1,0,0,20,0,0,0,0,0,200,0,0,48,0,0,0,0,0,78,0,0,0,0,0,-11,0,0,383,0,0,93,0,0,324,0,0,209,0,0
GHCND:USC00488160,SHERIDAN FIELD STATION WY US,1143,44.83333,-106.83333,19960901,194,0,0,3,0,0,0,0,0,0,0,0,0,0,0,4,0,0,2,0,0,0,0,0,1424,0,0,86,0,0,0,0,0,239,0,0,0,0,0,-44,0,0,372,0,0,46,0,0,238,0,0,142,0,0
GHCND:USC00488160,SHERIDAN FIELD STATION WY US,1143,44.83333,-106.83333,19961001,12,0,0,4,0,0,0,0,0,0,0,0,1,0,0,21,0,0,0,0,0,3,0,0,3515,0,0,114,0,0,356,0,0,273,0,0,0,2,2,-194,0,0,311,0,0,-22,0,0,162,0,0,70,0,0
GHCND:USC00488160,SHERIDAN FIELD STATION WY US,1143,44.84056,-106.83833,19961101,0,0,0,1,0,0,0,0,0,0,0,0,4,0,0,30,0,0,0,0,0,13,0,0,7040,0,0,25,0,0,229,0,0,84,0,0,127,4,2,-256,0,0,94,0,0,-108,0,0,5,0,0,-52,0,0
GHCND:USC00488160,SHERIDAN FIELD STATION WY US,1143,44.84056,-106.83833,19961201,0,0,0,3,0,0,0,0,0,0,0,0,12,0,0,31,0,0,0,0,0,16,0,0,8302,0,0,64,0,0,279,0,0,155,0,0,229,1,1,-344,0,0,94,0,0,-149,0,0,-20,0,0,-85,0,0
GHCND:USC00488160,SHERIDAN FIELD STATION WY US,1143,44.84056,-106.83833,19970101,0,0,0,3,0,0,0,0,0,0,0,0,14,0,0,31,0,0,0,0,0,15,0,0,8691,0,0,56,0,0,305,0,0,133,0,0,255,2,2,-400,0,0,150,0,0,-170,0,0,-25,0,0,-97,0,0
GHCND:USC00488160,SHERIDAN FIELD STATION WY US,1143,44.84056,-106.83833,19970201,0,0,0,1,0,0,0,0,0,0,0,0,2,0,0,28,0,0,0,0,0,7,0,0,6026,0,0,33,0,0,127,0,0,49,0,0,51,0,0,-217,0,0,89,0,0,-93,0,0,29,0,0,-32,0,0
GHCND:USC00488160,SHERIDAN FIELD STATION WY US,1143,44.84056,-106.83833,19970301,0,0,0,1,0,0,0,0,0,0,0,0,1,0,0,29,0,0,0,0,0,4,0,0,5255,0,0,41,0,0,102,0,0,51,0,0,153,1,1,-217,0,0,244,0,0,-58,0,0,85,0,0,13,0,0
GHCND:USC00488160,SHERIDAN FIELD STATION WY US,1143,44.84056,-106.83833,19970401,0,0,0,5,0,0,0,0,0,0,0,0,2,0,0,20,0,0,0,0,0,5,0,0,4399,0,0,109,0,0,178,0,0,311,0,0,381,0,0,-183,0,0,256,0,0,-40,0,0,112,0,0,36,0,0
GHCND:USC00488160,SHERIDAN FIELD STATION WY US,1143,44.84056,-106.83833,19970501,0,0,0,7,0,0,3,0,0,0,0,0,0,0,0,7,0,0,0,0,0,0,0,0,1840,0,0,147,0,0,0,0,0,755,0,0,0,0,0,-33,0,0,289,0,0,34,0,0,214,0,0,124,0,0
GHCND:USC00488160,SHERIDAN FIELD STATION WY US,1143,44.84056,-106.83833,19970601,357,1,1,4,0,0,2,0,0,2,0,0,0,1,1,0,1,1,1,1,1,0,1,1,276,1,1,470,0,0,0,0,0,932,0,0,0,0,0,39,1,1,322,1,1,108,1,1,264,1,1,186,1,1
GHCND:USC00488160,SHERIDAN FIELD STATION WY US,1143,44.84056,-106.83833,19970701,652,3,2,6,0,0,4,0,0,1,0,0,0,2,2,0,2,2,7,3,2,0,3,2,209,3,2,457,0,0,0,0,0,1118,0,0,0,0,0,33,2,2,367,3,2,115,2,2,283,3,2,199,3,2
GHCND:USC00488160,SHERIDAN FIELD STATION WY US,1143,44.84056,-106.83833,19970801,639,0,0,3,0,0,0,0,0,0,0,0,0,0,0,0,0,0,12,0,0,0,0,0,277,0,0,46,0,0,0,1,1,129,0,0,0,0,0,50,0,0,361,0,0,104,0,0,285,0,0,195,0,0
GHCND:USC00488160,SHERIDAN FIELD STATION WY US,1143,44.84056,-106.83833,19970901,279,0,0,3,0,0,0,0,0,0,0,0,0,0,0,3,0,0,5,0,0,0,0,0,1019,0,0,76,0,0,0,0,0,198,0,0,0,0,0,-11,0,0,344,0,0,56,0,0,261,0,0,158,0,0
GHCND:USC00488160,SHERIDAN FIELD STATION WY US,1143,44.84056,-106.83833,19971001,20,1,1,3,0,0,1,0,0,0,0,0,0,0,0,21,0,0,0,1,1,2,1,1,3184,1,1,152,0,0,127,0,0,392,0,0,0,2,2,-128,0,0,317,1,1,-8,0,0,164,1,1,78,1,1
GHCND:USC00488160,SHERIDAN FIELD STATION WY US,1143,44.84056,-106.83833,19971101,0,0,0,1,0,0,0,0,0,0,0,0,1,0,0,28,0,0,0,0,0,6,0,0,5598,0,0,36,0,0,51,0,0,51,0,0,0,3,1,-200,0,0,211,0,0,-83,0,0,75,0,0,-4,0,0
GHCND:USC00488160,SHERIDAN FIELD STATION WY US,1143,44.84056,-106.83833,19971201,0,0,0,2,0,0,0,0,0,0,0,0,10,0,0,31,0,0,0,0,0,14,0,0,7471,0,0,74,0,0,127,9,3,175,0,0,165,1,1,-211,0,0,94,0,0,-131,0,0,15,0,0,-58,0,0
GHCND:USC00488160,SHERIDAN FIELD STATION WY US,1143,44.84056,-106.83833,19980101,0,0,0,2,0,0,0,0,0,0,0,0,6,0,0,31,0,0,0,0,0,11,0,0,7993,0,0,86,0,0,254,0,0,150,0,0,330,2,2,-317,0,0,117,0,0,-150,0,0,0,0,0,-75,0,0
GHCND:USC00488160,SHERIDAN FIELD STATION WY US,1143,44.84056,-106.83833,19980201,0,0,0,0,0,0,0,0,0,0,0,0,0,0,0,28,0,0,0,0,0,2,0,0,5432,0,0,0,0,0,76,0,0,0,0,0,0,0,0,-139,0,0,111,0,0,-81,0,0,59,0,0,-11,0,0
GHCND:USC00488160,SHERIDAN FIELD STATION WY US,1143,44.84056,-106.83833,19980301,0,0,0,4,0,0,0,0,0,0,0,0,5,0,0,29,0,0,0,0,0,7,0,0,5940,0,0,58,0,0,152,0,0,216,0,0,228,0,0,-239,0,0,211,0,0,-89,0,0,72,0,0,-9,0,0
GHCND:USC00488160,SHERIDAN FIELD STATION WY US,1143,44.84056,-106.83833,19980401,0,0,0,3,0,0,1,0,0,0,0,0,0,0,0,22,0,0,0,0,0,0,0,0,3424,0,0,170,0,0,76,0,0,271,0,0,76,0,0,-72,0,0,272,0,0,-14,0,0,152,0,0,69,0,0
GHCND:USC00488160,SHERIDAN FIELD STATION WY US,1143,44.84056,-106.83833,19980501,62,0,0,0,0,0,0,0,0,0,0,0,0,0,0,13,0,0,1,0,0,0,0,0,1706,0,0,13,0,0,0,0,0,21,0,0,0,0,0,-56,0,0,322,0,0,21,0,0,239,0,0,130,0,0
GHCND:USC00488160,SHERIDAN FIELD STATION WY US,1143,44.84056,-106.83833,19980601,18,0,0,12,0,0,2,0,0,1,0,0,0,0,0,3,0,0,0,0,0,0,0,0,1571,0,0,272,0,0,0,0,0,1010,0,0,0,0,0,-22,0,0,300,0,0,51,0,0,211,0,0,131,0,0
GHCND:USC00488160,SHERIDAN FIELD STATION WY US,1143,44.84056,-106.83833,19980701,1405,1,1,3,0,0,0,0,0,0,0,0,0,1,1,0,1,1,19,1,1,1,1,1,188,1,1,102,0,0,0,0,0,241,0,0,0,0,0,89,1,1,400,1,1,131,1,1,317,1,1,224,1,1
GHCND:USC00488160,SHERIDAN FIELD STATION WY US,1143,44.84056,-106.83833,19980801,891,2,1,7,0,0,5,0,0,0,0,0,0,2,1,0,2,1,10,2,1,0,2,1,15,2,1,241,0,0,0,0,0,1045,0,0,0,0,0,83,2,1,344,2,1,123,2,1,304,2,1,213,2,1
GHCND:USC00488160,SHERIDAN FIELD STATION WY US,1143,44.84056,-106.83833,19980901,653,0,0,5,0,0,1,0,0,1,0,0,0,0,0,0,0,0,11,0,0,0,0,0,722,0,0,406,0,0,0,0,0,601,0,0,0,0,0,6,0,0,367,0,0,86,0,0,275,0,0,181,0,0
GHCND:USC00488160,SHERIDAN FIELD STATION WY US,1143,44.84056,-106.83833,19981001,0,0,0,7,0,0,3,0,0,0,0,0,0,0,0,18,0,0,0,0,0,0,0,0,3236,0,0,251,0,0,9999,0,0,750,0,0,0,0,0,-50,0,0,250,0,0,-3,0,0,160,0,0,79,0,0
GHCND:USC00488160,SHERIDAN FIELD STATION WY US,1143,44.84056,-106.83833,19981101,0,0,0,3,0,0,0,0,0,0,0,0,0,0,0,29,0,0,0,0,0,2,0,0,4797,0,0,102,0,0,102,0,0,218,0,0,135,0,0,-117,0,0,200,0,0,-46,0,0,92,0,0,23,0,0
GHCND:USC00488160,SHERIDAN FIELD STATION WY US,1143,44.84056,-106.83833,19981201,0,1,1,1,0,0,0,0,0,0,0,0,4,1,1,27,1,1,0,1,1,6,1,1,6009,1,1,38,0,0,51,0,0,74,0,0,101,0,0,-278,1,1,189,1,1,-78,1,1,43,1,1,-17,1,1
GHCND:USC00488160,SHERIDAN FIELD STATION WY US,1143,44.84056,-106.83833,19990101,0,0,0,1,0,0,0,0,0,0,0,0,4,0,0,31,0,0,0,0,0,9,0,0,6653,0,0,28,0,0,102,0,0,74,0,0,227,0,0,-239,0,0,150,0,0,-91,0,0,27,0,0,-32,0,0
GHCND:USC00488160,SHERIDAN FIELD STATION WY US,1143,44.84056,-106.83833,19990201,0,0,0,0,0,0,0,0,0,0,0,0,0,0,0,28,0,0,0,0,0,1,0,0,4812,0,0,3,0,0,25,0,0,3,0,0,0,0,0,-111,0,0,189,0,0,-58,0,0,80,0,0,11,0,0
GHCND:USC00488160,SHERIDAN FIELD STATION WY US,1143,44.84056,-106.83833,19990301,0,0,0,2,0,0,0,0,0,0,0,0,3,0,0,24,0,0,0,0,0,2,0,0,4247,0,0,30,0,0,127,0,0,78,0,0,152,0,0,-183,0,0,239,0,0,-35,0,0,127,0,0,46,0,0
GHCND:USC00488160,SHERIDAN FIELD STATION WY US,1143,44.84056,-106.83833,19990401,0,0,0,9,0,0,2,0,0,0,0,0,0,0,0,17,0,0,0,0,0,1,0,0,3827,0,0,229,0,0,229,0,0,877,0,0,318,0,0,-78,0,0,228,0,0,-4,0,0,115,0,0,55,0,0
GHCND:USC00488160,SHERIDAN FIELD STATION WY US,1143,44.84056,-106.83833,19990501,9,4,2,9,0,0,2,0,0,0,0,0,0,4,2,6,4,2,0,4,2,0,4,2,2180,4,2,137,0,0,0,0,0,672,0,0,0,0,0,-139,4,2,289,4,2,25,4,2,180,4,2,103,4,2
GHCND:USC00488160,SHERIDAN FIELD STATION WY US,1143,44.84056,-106.83833,19990601,99,0,0,6,0,0,1,0,0,1,0,0,0,0,0,0,0,0,1,0,0,0,0,0,872,0,0,340,0,0,0,0,0,729,0,0,0,0,0,17,0,0,333,0,0,79,0,0,235,0,0,157,0,0
GHCND:USC00488160,SHERIDAN FIELD STATION WY US,1143,44.84056,-106.83833,19990701,1127,0,0,0,0,0,0,0,0,0,0,0,0,0,0,0,0,0,17,0,0,0,0,0,112,0,0,20,0,0,0,0,0,33,0,0,0,0,0,50,0,0,400,0,0,113,0,0,318,0,0,216,0,0
GHCND:USC00488160,SHERIDAN FIELD STATION WY US,1143,44.84056,-106.83833,19990801,1052,1,1,2,0,0,1,0,0,0,0,0,0,1,1,0,1,1,15,1,1,0,1,1,48,1,1,239,0,0,0,0,0,340,0,0,0,0,0,56,1,1,372,1,1,119,1,1,313,1,1,216,1,1
GHCND:USC00488160,SHERIDAN FIELD STATION WY US,1143,44.84056,-106.83833,19990901,43,0,0,2,0,0,1,0,0,1,0,0,0,0,0,10,0,0,0,0,0,0,0,0,1800,0,0,351,0,0,0,0,0,458,0,0,0,0,0,-44,0,0,317,0,0,30,0,0,219,0,0,124,0,0
GHCND:USC00488160,SHERIDAN FIELD STATION WY US,1143,44.84056,-106.83833,19991001,0,2,1,2,0,0,0,0,0,0,0,0,0,1,1,20,1,1,0,2,1,0,2,1,2747,2,1,86,0,0,51,0,0,195,0,0,0,2,1,-44,1,1,267,2,1,-8,1,1,184,2,1,88,2,1
GHCND:USC00488160,SHERIDAN FIELD STATION WY US,1143,44.84056,-106.83833,19991101,0,2,1,2,0,0,0,0,0,0,0,0,0,1,1,24,1,1,0,2,1,0,2,1,3671,2,1,76,0,0,0,0,0,122,0,0,0,0,0,-161,1,1,267,2,1,-44,1,1,151,2,1,52,2,1
GHCND:USC00488160,SHERIDAN FIELD STATION WY US,1143,44.84056,-106.83833,19991201,0,0,0,2,0,0,0,0,0,0,0,0,0,0,0,31,0,0,0,0,0,5,0,0,5935,0,0,64,0,0,102,0,0,130,0,0,152,0,0,-167,0,0,178,0,0,-80,0,0,63,0,0,-8,0,0
GHCND:USC00488160,SHERIDAN FIELD STATION WY US,1143,44.84056,-106.83833,20000101,0,0,0,3,0,0,1,0,0,0,0,0,7,0,0,31,0,0,0,0,0,15,0,0,7369,0,0,130,0,0,279,0,0,254,0,0,431,2,1,-239,0,0,100,0,0,-125,0,0,15,0,0,-55,0,0
GHCND:USC00488160,SHERIDAN FIELD STATION WY US,1143,44.84056,-106.83833,20000201,0,1,1,1,0,0,0,0,0,0,0,0,2,0,0,29,0,0,0,1,1,8,1,1,5922,1,1,43,0,0,254,0,0,58,0,0,76,2,2,-233,0,0,111,1,1,-98,0,0,39,1,1,-29,1,1
GHCND:USC00488160,SHERIDAN FIELD STATION WY US,1143,44.84056,-106.83833,20000301,0,1,1,1,0,0,0,0,0,0,0,0,0,1,1,29,1,1,0,1,1,2,1,1,4646,1,1,97,0,0,102,0,0,120,0,0,126,0,0,-89,1,1,200,1,1,-48,1,1,104,1,1,28,1,1
GHCND:USC00488160,SHERIDAN FIELD STATION WY US,1143,44.84056,-106.83833,20000401,0,0,0,3,0,0,1,0,0,0,0,0,0,0,0,24,0,0,0,0,0,0,0,0,3580,0,0,155,0,0,0,0,0,312,0,0,0,0,0,-100,0,0,250,0,0,-26,0,0,154,0,0,64,0,0
GHCND:USC00488160,SHERIDAN FIELD STATION WY US,1143,44.84056,-106.83833,20000501,0,1,1,7,0,0,3,0,0,1,0,0,0,1,1,4,1,1,0,1,1,0,1,1,1815,1,1,366,0,0,0,0,0,896,0,0,0,0,0,-28,1,1,278,1,1,46,1,1,199,1,1,123,1,1
GHCND:USC00488160,SHERIDAN FIELD STATION WY US,1143,44.84056,-106.83833,20000601,200,0,0,7,0,0,0,0,0,0,0,0,0,0,0,2,0,0,2,0,0,0,0,0,1019,0,0,97,0,0,0,0,0,560,0,0,0,0,0,-11,0,0,350,0,0,67,0,0,245,0,0,156,0,0
GHCND:USC00488160,SHERIDAN FIELD STATION WY US,1143,44.84056,-106.83833,20000701,1331,0,0,2,0,0,0,0,0,0,0,0,0,0,0,0,0,0,20,0,0,0,0,0,5,0,0,61,0,0,0,0,0,134,0,0,0,0,0,56,0,0,400,0,0,115,0,0,336,0,0,226,0,0
GHCND:USC00488160,SHERIDAN FIELD STATION WY US,1143,44.84056,-106.83833,20000901,142,1,1,5,0,0,0,0,0,0,0,0,0,1,1,8,1,1,3,1,1,0,1,1,1443,1,1,102,0,0,0,1,1,343,0,0,0,0,0,-56,1,1,356,1,1,35,1,1,241,1,1,138,1,1
GHCND:USC00488160,SHERIDAN FIELD STATION WY US,1143,44.84056,-106.83833,20001001,0,0,0,3,0,0,0,0,0,0,0,0,0,0,0,20,0,0,0,0,0,0,0,0,3358,0,0,91,0,0,25,0,0,208,0,0,0,1,1,-100,0,0,256,0,0,-12,0,0,161,0,0,75,0,0
GHCND:USC00488160,SHERIDAN FIELD STATION WY US,1143,44.84056,-106.83833,20001101,0,1,1,0,0,0,0,0,0,0,0,0,9,1,1,28,1,1,0,1,1,9,1,1,6853,1,1,20,0,0,102,0,0,50,0,0,101,1,1,-250,1,1,167,1,1,-127,1,1,20,1,1,-53,1,1
GHCND:USC00488160,SHERIDAN FIELD STATION WY US,1143,44.84056,-106.83833,20001201,0,0,0,1,0,0,0,0,0,0,0,0,14,0,0,31,0,0,0,0,0,17,0,0,8494,0,0,25,0,0,127,0,0,64,0,0,228,2,1,-289,0,0,106,0,0,-168,0,0,-14,0,0,-91,0,0
GHCND:USC00488160,SHERIDAN FIELD STATION WY US,1143,44.84056,-106.83833,20010101,0,0,0,1,0,0,0,0,0,0,0,0,2,0,0,31,0,0,0,0,0,7,0,0,7086,0,0,25,0,0,76,0,0,25,0,0,38,0,0,-189,0,0,94,0,0,-123,0,0,32,0,0,-46,0,0
GHCND:USC00488160,SHERIDAN FIELD STATION WY US,1143,44.84056,-106.83833,20010201,0,0,0,0,0,0,0,0,0,0,0,0,13,0,0,28,0,0,0,0,0,17,0,0,7786,0,0,18,0,0,203,1,1,59,0,0,253,1,1,-294,0,0,61,0,0,-169,0,0,-21,0,0,-95,0,0
GHCND:USC00488160,SHERIDAN FIELD STATION WY US,1143,44.84056,-106.83833,20010301,0,0,0,2,0,0,0,0,0,0,0,0,1,0,0,30,0,0,0,0,0,2,0,0,5574,0,0,41,0,0,152,0,0,79,0,0,25,0,0,-206,0,0,172,0,0,-70,0,0,76,0,0,3,0,0
GHCND:USC00488160,SHERIDAN FIELD STATION WY US,1143,44.84056,-106.83833,20010401,0,0,0,3,0,0,0,0,0,0,0,0,0,0,0,20,0,0,0,0,0,0,0,0,3459,0,0,124,0,0,25,1,1,322,0,0,25,0,0,-83,0,0,283,0,0,-12,0,0,147,0,0,68,0,0
GHCND:USC00488160,SHERIDAN FIELD STATION WY US,1143,44.84056,-106.83833,20010501,71,0,0,3,0,0,0,0,0,0,0,0,0,0,0,9,0,0,2,0,0,0,0,0,1745,0,0,74,0,0,0,0,0,214,0,0,0,0,0,-39,0,0,339,0,0,31,0,0,227,0,0,129,0,0
GHCND:USC00488160,SHERIDAN FIELD STATION WY US,1143,44.84056,-106.83833,20010601,552,0,0,4,0,0,1,0,0,0,0,0,0,0,0,1,0,0,7,0,0,0,0,0,849,0,0,193,0,0,0,0,0,442,0,0,0,0,0,-6,0,0,361,0,0,83,0,0,263,0,0,173,0,0
GHCND:USC00488160,SHERIDAN FIELD STATION WY US,1143,44.84056,-106.83833,20010701,1703,0,0,2,0,0,0,0,0,0,0,0,0,0,0,0,0,0,22,0,0,0,0,0,0,0,0,89,0,0,0,0,0,124,0,0,0,0,0,100,0,0,400,0,0,142,0,0,334,0,0,238,0,0
GHCND:USC00488160,SHERIDAN FIELD STATION WY US,1143,44.84056,-106.83833,20010801,1350,2,1,0,0,0,0,0,0,0,0,0,0,2,1,0,2,1,24,2,1,0,2,1,11,2,1,23,0,0,0,0,0,23,0,0,0,0,0,72,2,1,406,2,1,114,2,1,344,2,1,229,2,1
GHCND:USC00488160,SHERIDAN FIELD STATION WY US,1143,44.84056,-106.83833,20010901,236,1,1,3,0,0,1,0,0,0,0,0,0,1,1,0,1,1,11,0,0,0,0,0,909,1,1,191,0,0,0,0,0,347,0,0,0,0,0,11,1,1,367,0,0,53,1,1,269,0,0,160,1,1
GHCND:USC00488160,SHERIDAN FIELD STATION WY US,1143,44.84056,-106.83833,20011001,0,0,0,7,0,0,0,0,0,0,0,0,0,0,0,22,0,0,0,0,0,0,0,0,3664,0,0,94,0,0,0,0,0,409,0,0,0,0,0,-139,0,0,317,0,0,-19,0,0,149,0,0,65,0,0
GHCND:USC00488160,SHERIDAN FIELD STATION WY US,1143,44.84056,-106.83833,20011101,0,0,0,3,0,0,0,0,0,0,0,0,1,0,0,29,0,0,0,0,0,5,0,0,4872,0,0,41,0,0,76,0,0,127,0,0,25,3,1,-211,0,0,228,0,0,-74,0,0,116,0,0,21,0,0
GHCND:USC00488160,SHERIDAN FIELD STATION WY US,1143,44.84056,-106.83833,20011201,0,2,2,0,0,0,0,0,0,0,0,0,2,2,2,29,2,2,0,2,2,5,2,2,6507,2,2,5,0,0,51,2,2,5,0,0,51,0,0,-233,2,2,100,2,2,-116,2,2,34,2,2,-41,2,2
GHCND:USC00488160,SHERIDAN FIELD STATION WY US,1143,44.84056,-106.83833,20020101,0,0,0,0,0,0,0,0,0,0,0,0,7,0,0,31,0,0,0,0,0,13,0,0,7291,0,0,13,0,0,76,0,0,31,0,0,76,1,1,-256,0,0,150,0,0,-130,0,0,25,0,0,-52,0,0
GHCND:USC00488160,SHERIDAN FIELD STATION WY US,1143,44.84056,-106.83833,20020201,0,1,1,0,0,0,0,0,0,0,0,0,4,1,1,27,1,1,0,1,1,7,1,1,5689,1,1,23,0,0,127,1,1,38,0,0,127,0,0,-250,1,1,189,1,1,-106,1,1,51,1,1,-28,1,1
GHCND:USC00488160,SHERIDAN FIELD STATION WY US,1143,44.84056,-106.83833,20020301,0,0,0,3,0,0,0,0,0,0,0,0,8,0,0,31,0,0,0,0,0,11,0,0,7473,0,0,66,0,0,127,0,0,225,0,0,280,1,1,-272,0,0,167,0,0,-133,0,0,17,0,0,-58,0,0
GHCND:USC00488160,SHERIDAN FIELD STATION WY US,1143,44.84056,-106.83833,20020401,0,0,0,2,0,0,0,0,0,0,0,0,2,0,0,25,0,0,0,0,0,1,0,0,4052,0,0,64,0,0,102,0,0,162,0,0,102,0,0,-189,0,0,294,0,0,-39,0,0,135,0,0,48,0,0
GHCND:USC00488160,SHERIDAN FIELD STATION WY US,1143,44.84056,-106.83833,20020501,70,0,0,4,0,0,1,0,0,0,0,0,0,0,0,14,0,0,1,0,0,0,0,0,2690,0,0,236,0,0,0,0,0,445,0,0,0,0,0,-83,0,0,394,0,0,7,0,0,190,0,0,99,0,0
GHCND:USC00488160,SHERIDAN FIELD STATION WY US,1143,44.84056,-106.83833,20020601,496,0,0,3,0,0,1,0,0,0,0,0,0,0,0,2,0,0,9,0,0,0,0,0,632,0,0,165,0,0,0,0,0,251,0,0,0,0,0,-6,0,0,406,0,0,73,0,0,284,0,0,178,0,0
GHCND:USC00488160,SHERIDAN FIELD STATION WY US,1143,44.84056,-106.83833,20020701,1775,1,1,5,0,0,0,0,0,0,0,0,0,1,1,0,1,1,23,0,0,0,0,0,22,1,1,79,0,0,0,0,0,294,0,0,0,0,0,89,1,1,428,0,0,135,1,1,347,0,0,241,1,1
GHCND:USC00488160,SHERIDAN FIELD STATION WY US,1143,44.84056,-106.83833,20020801,416,0,0,1,0,0,1,0,0,1,0,0,0,0,0,1,0,0,7,0,0,0,0,0,532,0,0,508,0,0,0,0,0,564,0,0,0,0,0,-6,0,0,383,0,0,84,0,0,275,0,0,179,0,0
GHCND:USC00488160,SHERIDAN FIELD STATION WY US,1143,44.84056,-106.83833,20020901,230,0,0,4,0,0,1,0,0,0,0,0,0,0,0,3,0,0,6,0,0,0,0,0,1213,0,0,221,0,0,0,0,0,485,0,0,0,0,0,-11,0,0,361,0,0,58,0,0,243,0,0,150,0,0
GHCND:USC00488160,SHERIDAN FIELD STATION WY US,1143,44.84056,-106.83833,20021001,0,0,0,7,0,0,0,0,0,0,0,0,0,0,0,27,0,0,0,0,0,5,0,0,4665,0,0,69,0,0,102,0,0,333,0,0,51,1,1,-128,0,0,244,0,0,-46,0,0,111,0,0,33,0,0
GHCND:USC00488160,SHERIDAN FIELD STATION WY US,1143,44.84056,-106.83833,20021101,0,0,0,1,0,0,0,0,0,0,0,0,1,0,0,30,0,0,0,0,0,3,0,0,5072,0,0,33,0,0,51,0,0,33,0,0,51,0,0,-183,0,0,194,0,0,-73,0,0,101,0,0,14,0,0
GHCND:USC00488160,SHERIDAN FIELD STATION WY US,1143,44.84056,-106.83833,20021201,0,0,0,1,0,0,0,0,0,0,0,0,3,0,0,31,0,0,0,0,0,5,0,0,6680,0,0,38,0,0,102,0,0,56,0,0,101,0,0,-178,0,0,144,0,0,-111,0,0,46,0,0,-32,0,0
GHCND:USC00488160,SHERIDAN FIELD STATION WY US,1143,44.84056,-106.83833,20030101,0,0,0,2,0,0,0,0,0,0,0,0,3,0,0,31,0,0,0,0,0,7,0,0,6405,0,0,76,0,0,203,0,0,127,0,0,203,1,1,-194,0,0,172,0,0,-99,0,0,52,0,0,-24,0,0
GHCND:USC00488160,SHERIDAN FIELD STATION WY US,1143,44.84056,-106.83833,20030201,0,0,0,2,0,0,0,0,0,0,0,0,7,0,0,27,0,0,0,0,0,7,0,0,6703,0,0,38,0,0,152,1,1,165,0,0,229,2,1,-311,0,0,139,0,0,-130,0,0,17,0,0,-56,0,0
GHCND:USC00488160,SHERIDAN FIELD STATION WY US,1143,44.84056,-106.83833,20030301,0,0,0,4,0,0,1,0,0,0,0,0,6,0,0,29,0,0,0,0,0,5,0,0,5885,0,0,208,0,0,178,0,0,408,0,0,306,1,1,-233,0,0,183,0,0,-79,0,0,65,0,0,-7,0,0
GHCND:USC00488160,SHERIDAN FIELD STATION WY US,1143,44.84056,-106.83833,20030401,0,1,1,2,0,0,0,0,0,0,0,0,0,1,1,15,1,1,0,1,1,0,1,1,2672,1,1,36,0,0,25,1,1,128,0,0,0,2,2,-78,1,1,272,1,1,-1,1,1,182,1,1,91,1,1
GHCND:USC00488160,SHERIDAN FIELD STATION WY US,1143,44.84056,-106.83833,20030501,69,1,1,5,0,0,1,0,0,1,0,0,0,1,1,14,1,1,1,1,1,0,1,1,2555,1,1,318,0,0,0,0,0,716,0,0,0,0,0,-67,1,1,328,1,1,22,1,1,179,1,1,100,1,1
GHCND:USC00488160,SHERIDAN FIELD STATION WY US,1143,44.84056,-106.83833,20030601,201,0,0,7,0,0,1,0,0,0,0,0,0,0,0,0,0,0,2,0,0,0,0,0,933,0,0,191,0,0,0,0,0,635,0,0,0,0,0,11,0,0,328,0,0,75,0,0,242,0,0,159,0,0
GHCND:USC00488160,SHERIDAN FIELD STATION WY US,1143,44.84056,-106.83833,20030701,1607,0,0,0,0,0,0,0,0,0,0,0,0,0,0,0,0,0,27,0,0,0,0,0,11,0,0,13,0,0,0,0,0,18,0,0,0,0,0,67,0,0,406,0,0,120,0,0,349,0,0,235,0,0
GHCND:USC00488160,SHERIDAN FIELD STATION WY US,1143,44.84056,-106.83833,20030801,1492,0,0,1,0,0,0,0,0,0,0,0,0,0,0,0,0,0,21,0,0,0,0,0,119,0,0,69,0,0,0,0,0,87,0,0,0,0,0,72,0,0,400,0,0,120,0,0,335,0,0,227,0,0
GHCND:USC00488160,SHERIDAN FIELD STATION WY US,1143,44.84056,-106.83833,20030901,113,2,1,5,0,0,1,0,0,0,0,0,0,2,1,7,2,1,5,1,1,1,1,1,1618,2,1,165,0,0,0,0,0,391,0,0,0,0,0,-28,2,1,350,1,1,30,2,1,225,1,1,129,2,1
GHCND:USC00488160,SHERIDAN FIELD STATION WY US,1143,44.84056,-106.83833,20031001,0,2,1,2,0,0,0,0,0,0,0,0,0,2,1,17,2,1,0,2,1,1,2,1,2407,2,1,38,0,0,76,2,2,66,0,0,0,1,1,-117,2,1,317,2,1,-16,2,1,216,2,1,100,2,1
GHCND:USC00488160,SHERIDAN FIELD STATION WY US,1143,44.84056,-106.83833,20031101,0,0,0,1,0,0,0,0,0,0,0,0,6,0,0,30,0,0,0,0,0,9,0,0,6574,0,0,58,0,0,152,0,0,86,0,0,0,5,3,-261,0,0,194,0,0,-118,0,0,45,0,0,-36,0,0
GHCND:USC00488160,SHERIDAN FIELD STATION WY US,1143,44.84056,-106.83833,20031201,0,0,0,1,0,0,0,0,0,0,0,0,2,0,0,31,0,0,0,0,0,8,0,0,6892,0,0,69,0,0,102,0,0,82,0,0,126,1,1,-189,0,0,89,0,0,-115,0,0,36,0,0,-39,0,0
GHCND:USC00488160,SHERIDAN FIELD STATION WY US,1143,44.84056,-106.83833,20040101,0,0,0,0,0,0,0,0,0,0,0,0,10,0,0,31,0,0,0,0,0,12,0,0,8065,0,0,10,0,0,25,0,0,18,0,0,38,3,3,-328,0,0,94,0,0,-157,0,0,3,0,0,-77,0,0
GHCND:USC00488160,SHERIDAN FIELD STATION WY US,1143,44.84056,-106.83833,20040201,0,0,0,3,0,0,1,0,0,0,0,0,3,0,0,29,0,0,0,0,0,3,0,0,6029,0,0,155,0,0,152,0,0,229,0,0,305,1,1,-239,0,0,139,0,0,-108,0,0,58,0,0,-25,0,0
GHCND:USC00488160,SHERIDAN FIELD STATION WY US,1143,44.84056,-106.83833,20040301,0,0,0,2,0,0,0,0,0,0,0,0,0,0,0,29,0,0,0,0,0,3,0,0,4528,0,0,28,0,0,178,0,0,76,0,0,51,0,0,-128,0,0,261,0,0,-50,0,0,124,0,0,37,0,0
GHCND:USC00488160,SHERIDAN FIELD STATION WY US,1143,44.84056,-106.83833,20040401,0,0,0,1,0,0,0,0,0,0,0,0,0,0,0,22,0,0,0,0,0,0,0,0,3222,0,0,94,0,0,0,0,0,125,0,0,0,0,0,-133,0,0,283,0,0,-22,0,0,173,0,0,76,0,0
GHCND:USC00488160,SHERIDAN FIELD STATION WY US,1143,44.84056,-106.83833,20040501,1,0,0,4,0,0,1,0,0,0,0,0,0,0,0,7,0,0,0,0,0,0,0,0,2250,0,0,196,0,0,0,0,0,304,0,0,0,0,0,-67,0,0,306,0,0,23,0,0,197,0,0,110,0,0
GHCND:USC00488160,SHERIDAN FIELD STATION WY US,1143,44.84056,-106.83833,20040601,88,0,0,5,0,0,0,0,0,0,0,0,0,0,0,1,0,0,3,0,0,0,0,0,1046,0,0,109,0,0,0,0,0,351,0,0,0,0,0,0,0,0,350,0,0,59,0,0,243,0,0,151,0,0
GHCND:USC00488160,SHERIDAN FIELD STATION WY US,1143,44.84056,-106.83833,20040701,843,0,0,5,0,0,2,0,0,1,0,0,0,0,0,0,0,0,17,0,0,0,0,0,214,0,0,325,0,0,0,0,0,656,0,0,0,0,0,28,0,0,400,0,0,102,0,0,304,0,0,203,0,0
GHCND:USC00488160,SHERIDAN FIELD STATION WY US,1143,44.84056,-106.83833,20040801,370,0,0,2,0,0,0,0,0,0,0,0,0,0,0,0,0,0,8,0,0,0,0,0,396,0,0,51,0,0,0,0,0,79,0,0,0,0,0,6,0,0,378,0,0,72,0,0,292,0,0,182,0,0
GHCND:USC00488160,SHERIDAN FIELD STATION WY US,1143,44.84056,-106.83833,20040901,102,0,0,6,0,0,0,0,0,0,0,0,0,0,0,6,0,0,4,0,0,0,0,0,1405,0,0,124,0,0,0,0,0,458,0,0,0,0,0,-22,0,0,378,0,0,35,0,0,244,0,0,140,0,0
GHCND:USC00488160,SHERIDAN FIELD STATION WY US,1143,44.84056,-106.83833,20041001,0,0,0,4,0,0,1,0,0,0,0,0,0,0,0,22,0,0,0,0,0,0,0,0,3307,0,0,130,0,0,0,0,0,402,0,0,0,0,0,-61,0,0,289,0,0,-11,0,0,164,0,0,76,0,0
GHCND:USC00488160,SHERIDAN FIELD STATION WY US,1143,44.84056,-106.83833,20041101,0,0,0,1,0,0,0,0,0,0,0,0,1,0,0,30,0,0,0,0,0,3,0,0,5059,0,0,61,0,0,25,0,0,95,0,0,0,4,2,-189,0,0,228,0,0,-77,0,0,106,0,0,14,0,0
GHCND:USC00488160,SHERIDAN FIELD STATION WY US,1143,44.84056,-106.83833,20041201,0,0,0,0,0,0,0,0,0,0,0,0,3,0,0,31,0,0,0,0,0,5,0,0,6364,0,0,20,0,0,51,0,0,20,0,0,0,4,4,-317,0,0,189,0,0,-106,0,0,61,0,0,-22,0,0
GHCND:USC00488160,SHERIDAN FIELD STATION WY US,1143,44.84056,-106.83833,20050101,0,0,0,1,0,0,0,0,0,0,0,0,16,0,0,30,0,0,0,0,0,15,0,0,7914,0,0,28,0,0,152,0,0,36,0,0,127,0,0,-322,0,0,211,0,0,-146,0,0,1,0,0,-72,0,0
GHCND:USC00488160,SHERIDAN FIELD STATION WY US,1143,44.84056,-106.83833,20050201,0,1,1,1,0,0,0,0,0,0,0,0,3,0,0,28,0,0,0,1,1,4,1,1,5491,1,1,46,0,0,152,0,0,100,0,0,241,0,0,-261,0,0,211,1,1,-111,0,0,71,1,1,-20,1,1
GHCND:USC00488160,SHERIDAN FIELD STATION WY US,1143,44.84056,-106.83833,20050301,0,0,0,1,0,0,0,0,0,0,0,0,0,0,0,31,0,0,0,0,0,3,0,0,5090,0,0,30,0,0,51,0,0,82,0,0,75,1,1,-128,0,0,222,0,0,-74,0,0,112,0,0,19,0,0
GHCND:USC00488160,SHERIDAN FIELD STATION WY US,1143,44.84056,-106.83833,20050501,4,0,0,8,0,0,3,0,0,2,0,0,0,0,0,13,0,0,0,0,0,0,0,0,2764,0,0,546,0,0,76,0,0,1535,0,0,76,0,0,-106,0,0,294,0,0,12,0,0,176,0,0,94,0,0
GHCND:USC00488160,SHERIDAN FIELD STATION WY US,1143,44.84056,-106.83833,20050601,376,0,0,6,0,0,3,0,0,1,0,0,0,0,0,0,0,0,5,0,0,0,0,0,981,0,0,267,0,0,0,0,0,831,0,0,0,0,0,11,0,0,361,0,0,71,0,0,255,0,0,163,0,0
GHCND:USC00488160,SHERIDAN FIELD STATION WY US,1143,44.84056,-106.83833,20050701,1402,0,0,1,0,0,1,0,0,0,0,0,0,0,0,0,0,0,18,0,0,0,0,0,137,0,0,193,0,0,0,0,0,203,0,0,0,0,0,44,0,0,422,0,0,118,0,0,329,0,0,224,0,0
GHCND:USC00488160,SHERIDAN FIELD STATION WY US,1143,44.84056,-106.83833,20050801,659,0,0,3,0,0,0,0,0,0,0,0,0,0,0,1,0,0,14,0,0,0,0,0,415,0,0,51,0,0,0,0,0,160,0,0,0,0,0,-11,0,0,406,0,0,75,0,0,306,0,0,191,0,0
GHCND:USC00488160,SHERIDAN FIELD STATION WY US,1143,44.84056,-106.83833,20050901,186,0,0,3,0,0,0,0,0,0,0,0,0,0,0,10,0,0,4,0,0,0,0,0,1382,0,0,76,0,0,0,0,0,170,0,0,0,0,0,-17,0,0,361,0,0,31,0,0,256,0,0,143,0,0
GHCND:USC00488160,SHERIDAN FIELD STATION WY US,1143,44.84056,-106.83833,20051001,0,0,0,4,0,0,1,0,0,0,0,0,0,0,0,23,0,0,0,0,0,0,0,0,3312,0,0,198,0,0,203,0,0,468,0,0,203,0,0,-111,0,0,306,0,0,-21,0,0,174,0,0,76,0,0
GHCND:USC00488160,SHERIDAN FIELD STATION WY US,1143,44.84056,-106.83833,20051101,0,0,0,2,0,0,0,0,0,0,0,0,0,0,0,30,0,0,0,0,0,3,0,0,4976,0,0,51,0,0,51,0,0,132,0,0,76,0,0,-150,0,0,228,0,0,-72,0,0,107,0,0,17,0,0
GHCND:USC00488160,SHERIDAN FIELD STATION WY US,1143,44.84056,-106.83833,20051201,0,0,0,1,0,0,0,0,0,0,0,0,12,0,0,31,0,0,0,0,0,15,0,0,7921,0,0,38,0,0,152,0,0,61,0,0,101,0,0,-333,0,0,106,0,0,-150,0,0,5,0,0,-73,0,0
GHCND:USC00488160,SHERIDAN FIELD STATION WY US,1143,44.84056,-106.83833,20060101,0,0,0,0,0,0,0,0,0,0,0,0,0,0,0,31,0,0,0,0,0,0,0,0,5753,0,0,15,0,0,25,0,0,15,0,0,13,0,0,-150,0,0,194,0,0,-80,0,0,75,0,0,-3,0,0
GHCND:USC00488160,SHERIDAN FIELD STATION WY US,1143,44.8405,-106.8383,20060201,0,0,0,0,0,0,0,0,0,0,0,0,4,0,0,28,0,0,0,0,0,6,0,0,5971,0,0,23,0,0,127,0,0,70,0,0,177,0,0,-289,0,0,200,0,0,-103,0,0,43,0,0,-30,0,0
GHCND:USC00488160,SHERIDAN FIELD STATION WY US,1143,44.8405,-106.8383,20060301,0,0,0,0,0,0,0,0,0,0,0,0,0,0,0,28,0,0,0,0,0,1,0,0,4986,0,0,15,0,0,25,1,1,66,0,0,25,1,1,-139,0,0,211,0,0,-59,0,0,93,0,0,17,0,0
GHCND:USC00488160,SHERIDAN FIELD STATION WY US,1143,44.8405,-106.8383,20060401,0,0,0,4,0,0,1,0,0,0,0,0,0,0,0,28,0,0,0,0,0,0,0,0,3445,0,0,157,0,0,178,0,0,365,0,0,165,0,0,-144,0,0,267,0,0,-36,0,0,172,0,0,68,0,0
GHCND:USC00488160,SHERIDAN FIELD STATION WY US,1143,44.8405,-106.8383,20060501,77,0,0,6,0,0,0,0,0,0,0,0,0,0,0,14,0,0,1,0,0,0,0,0,2039,0,0,117,0,0,0,0,0,327,0,0,0,0,0,-83,0,0,339,0,0,19,0,0,220,0,0,120,0,0
GHCND:USC00488160,SHERIDAN FIELD STATION WY US,1143,44.8405,-106.8383,20060601,337,0,0,3,0,0,0,0,0,0,0,0,0,0,0,0,0,0,8,0,0,0,0,0,381,0,0,107,0,0,0,0,0,194,0,0,0,0,0,17,0,0,378,0,0,71,0,0,292,0,0,182,0,0
GHCND:USC00488160,SHERIDAN FIELD STATION WY US,1143,44.8405,-106.8383,20060701,1669,0,0,0,0,0,0,0,0,0,0,0,0,0,0,0,0,0,26,0,0,0,0,0,0,0,0,13,0,0,0,0,0,13,0,0,0,0,0,83,0,0,411,0,0,121,0,0,353,0,0,237,0,0
GHCND:USC00488160,SHERIDAN FIELD STATION WY US,1143,44.8405,-106.8383,20060801,809,0,0,1,0,0,0,0,0,0,0,0,0,0,0,0,0,0,16,0,0,0,0,0,180,0,0,33,0,0,0,0,0,33,0,0,0,0,0,17,0,0,383,0,0,90,0,0,317,0,0,203,0,0
GHCND:USC00488160,SHERIDAN FIELD STATION WY US,1143,44.8405,-106.8383,20060901,20,0,0,5,0,0,3,0,0,2,0,0,0,0,0,6,0,0,2,0,0,0,0,0,1656,0,0,384,0,0,0,0,0,995,0,0,0,0,0,-22,0,0,344,0,0,34,0,0,223,0,0,128,0,0
GHCND:USC00488160,SHERIDAN FIELD STATION WY US,1143,44.8405,-106.8383,20061001,0,0,0,9,0,0,0,0,0,0,0,0,1,0,0,22,0,0,0,0,0,1,0,0,4051,0,0,97,0,0,51,0,0,505,0,0,51,0,0,-183,0,0,294,0,0,-26,0,0,131,0,0,52,0,0
GHCND:USC00488160,SHERIDAN FIELD STATION WY US,1143,44.8405,-106.8383,20061101,0,0,0,2,0,0,0,0,0,0,0,0,5,0,0,29,0,0,0,0,0,3,0,0,5312,0,0,48,0,0,25,0,0,94,0,0,0,1,1,-244,0,0,239,0,0,-82,0,0,94,0,0,6,0,0
GHCND:USC00488160,SHERIDAN FIELD STATION WY US,1143,44.8405,-106.8383,20061201,0,0,0,2,0,0,0,0,0,0,0,0,7,0,0,31,0,0,0,0,0,6,0,0,6750,0,0,64,0,0,76,0,0,94,0,0,76,1,1,-211,0,0,178,0,0,-124,0,0,54,0,0,-35,0,0
GHCND:USC00488160,SHERIDAN FIELD STATION WY US,1143,44.8405,-106.8383,20070101,0,0,0,1,0,0,0,0,0,0,0,0,9,0,0,31,0,0,0,0,0,13,0,0,7888,0,0,28,0,0,102,0,0,62,0,0,135,1,1,-300,0,0,139,0,0,-155,0,0,12,0,0,-71,0,0
GHCND:USC00488160,SHERIDAN FIELD STATION WY US,1143,44.8405,-106.8383,20070201,0,0,0,1,0,0,0,0,0,0,0,0,7,0,0,28,0,0,0,0,0,10,0,0,6833,0,0,30,0,0,229,0,0,71,0,0,152,1,1,-300,0,0,100,0,0,-137,0,0,15,0,0,-61,0,0
GHCND:USC00488160,SHERIDAN FIELD STATION WY US,1143,44.8405,-106.8383,20070301,0,1,1,3,0,0,2,0,0,0,0,0,1,1,1,28,1,1,0,0,0,3,0,0,4277,1,1,206,0,0,610,0,0,407,0,0,609,27,27,-183,1,1,228,0,0,-44,1,1,126,0,0,40,1,1
GHCND:USC00488160,SHERIDAN FIELD STATION WY US,1143,44.8405,-106.8383,20070401,0,0,0,0,0,0,0,0,0,0,0,0,0,0,0,24,0,0,0,0,0,1,0,0,4118,0,0,15,0,0,559,0,0,61,0,0,76,0,0,-117,0,0,289,0,0,-36,0,0,127,0,0,46,0,0
GHCND:USC00488160,SHERIDAN FIELD STATION WY US,1143,44.8405,-106.8383,20070501,20,0,0,7,0,0,3,0,0,2,0,0,0,0,0,9,0,0,1,0,0,0,0,0,1918,0,0,338,0,0,0,0,0,1017,0,0,0,0,0,-22,0,0,322,0,0,30,0,0,214,0,0,122,0,0
GHCND:USC00488160,SHERIDAN FIELD STATION WY US,1143,44.8405,-106.8383,20070601,208,1,1,3,0,0,2,0,0,1,0,0,0,1,1,0,1,1,6,1,1,0,1,1,752,1,1,419,0,0,0,0,0,643,0,0,0,0,0,11,1,1,383,1,1,67,1,1,262,1,1,164,1,1
GHCND:USC00488160,SHERIDAN FIELD STATION WY US,1143,44.8405,-106.8383,20070701,1643,2,2,2,0,0,0,0,0,0,0,0,0,2,2,0,2,2,25,0,0,0,0,0,25,2,2,81,0,0,0,0,0,165,0,0,0,0,0,56,2,2,417,0,0,128,2,2,352,0,0,239,2,2
GHCND:USC00488160,SHERIDAN FIELD STATION WY US,1143,44.8405,-106.8383,20070801,950,0,0,2,0,0,0,0,0,0,0,0,0,0,0,0,0,0,19,0,0,0,0,0,174,0,0,81,0,0,0,0,0,149,0,0,0,0,0,39,0,0,389,0,0,93,0,0,323,0,0,208,0,0
GHCND:USC00488160,SHERIDAN FIELD STATION WY US,1143,44.8405,-106.8383,20070901,285,0,0,3,0,0,0,0,0,0,0,0,0,0,0,9,0,0,7,0,0,0,0,0,1556,0,0,84,0,0,0,0,0,245,0,0,0,0,0,-50,0,0,389,0,0,30,0,0,251,0,0,141,0,0
GHCND:USC00488160,SHERIDAN FIELD STATION WY US,1143,44.8405,-106.8383,20071001,0,0,0,8,0,0,2,0,0,0,0,0,0,0,0,13,0,0,0,0,0,0,0,0,2882,0,0,157,0,0,0,0,0,696,0,0,0,0,0,-56,0,0,272,0,0,7,0,0,173,0,0,90,0,0
GHCND:USC00488160,SHERIDAN FIELD STATION WY US,1143,44.8405,-106.8383,20071101,0,1,1,1,0,0,0,0,0,0,0,0,2,0,0,28,0,0,0,1,1,3,1,1,4795,1,1,36,0,0,51,0,0,36,0,0,51,0,0,-194,0,0,233,1,1,-62,0,0,99,1,1,18,1,1
GHCND:USC00488160,SHERIDAN FIELD STATION WY US,1143,44.8405,-106.8383,20071201,0,0,0,2,0,0,0,0,0,0,0,0,9,0,0,31,0,0,0,0,0,16,0,0,7436,0,0,61,0,0,76,0,0,106,0,0,102,2,1,-222,0,0,144,0,0,-126,0,0,12,0,0,-57,0,0
GHCND:USC00488160,SHERIDAN FIELD STATION WY US,1143,44.8405,-106.8383,20080101,0,1,1,1,0,0,0,0,0,0,0,0,10,1,1,30,1,1,0,1,1,15,1,1,7738,1,1,48,0,0,254,1,1,83,0,0,228,3,1,-283,1,1,106,1,1,-150,1,1,0,1,1,-75,1,1
GHCND:USC00488160,SHERIDAN FIELD STATION WY US,1143,44.8405,-106.8383,20080201,0,0,0,0,0,0,0,0,0,0,0,0,3,0,0,29,0,0,0,0,0,4,0,0,6310,0,0,13,0,0,229,0,0,26,0,0,84,1,1,-200,0,0,128,0,0,-109,0,0,40,0,0,-35,0,0
GHCND:USC00488160,SHERIDAN FIELD STATION WY US,1143,44.8405,-106.8383,20080301,0,0,0,2,0,0,0,0,0,0,0,0,0,0,0,31,0,0,0,0,0,1,0,0,5476,0,0,46,0,0,51,0,0,135,0,0,101,1,1,-150,0,0,194,0,0,-75,0,0,88,0,0,6,0,0
GHCND:USC00488160,SHERIDAN FIELD STATION WY US,1143,44.8405,-106.8383,20080401,0,0,0,3,0,0,0,0,0,0,0,0,0,0,0,28,0,0,0,0,0,1,0,0,4401,0,0,84,0,0,25,0,0,176,0,0,50,1,1,-150,0,0,278,0,0,-56,0,0,129,0,0,36,0,0
GHCND:USC00488160,SHERIDAN FIELD STATION WY US,1143,44.8405,-106.8383,20080501,17,0,0,12,0,0,2,0,0,1,0,0,0,0,0,5,0,0,0,0,0,0,0,0,2592,0,0,470,0,0,25,2,2,1338,0,0,25,0,0,-39,0,0,289,0,0,29,0,0,171,0,0,100,0,0
GHCND:USC00488160,SHERIDAN FIELD STATION WY US,1143,44.8405,-106.8383,20080601,98,0,0,9,0,0,2,0,0,0,0,0,0,0,0,1,0,0,0,0,0,0,0,0,1058,0,0,178,0,0,0,0,0,793,0,0,0,0,0,0,0,0,300,0,0,72,0,0,230,0,0,151,0,0
GHCND:USC00488160,SHERIDAN FIELD STATION WY US,1143,44.8405,-106.8383,20080701,973,1,1,4,0,0,1,0,0,0,0,0,0,1,1,0,1,1,13,1,1,0,1,1,91,1,1,229,0,0,0,0,0,479,0,0,0,0,0,28,1,1,367,1,1,114,1,1,311,1,1,212,1,1
GHCND:USC00488160,SHERIDAN FIELD STATION WY US,1143,44.8405,-106.8383,20080801,1069,1,1,0,0,0,0,0,0,0,0,0,0,1,1,0,1,1,19,0,0,0,0,0,54,1,1,0,0,0,0,0,0,0,0,0,8,0,0,44,1,1,406,0,0,101,1,1,333,0,0,217,1,1
GHCND:USC00488160,SHERIDAN FIELD STATION WY US,1143,44.8405,-106.8383,20080901,43,0,0,5,0,0,1,0,0,0,0,0,0,0,0,7,0,0,1,0,0,0,0,0,1586,0,0,160,0,0,0,0,0,506,0,0,0,0,0,-17,0,0,322,0,0,36,0,0,227,0,0,132,0,0
GHCND:USC00488160,SHERIDAN FIELD STATION WY US,1143,44.8405,-106.8383,20081001,0,0,0,5,0,0,2,0,0,0,0,0,0,0,0,23,0,0,0,0,0,0,0,0,3312,0,0,152,0,0,102,0,0,501,0,0,0,2,2,-106,0,0,294,0,0,-13,0,0,166,0,0,76,0,0
GHCND:USC00488160,SHERIDAN FIELD STATION WY US,1143,44.8405,-106.8383,20081101,0,0,0,1,0,0,0,0,0,0,0,0,0,0,0,24,0,0,0,0,0,1,0,0,4314,0,0,76,0,0,0,0,0,96,0,0,0,2,1,-106,0,0,233,0,0,-25,0,0,104,0,0,39,0,0
GHCND:USC00488160,SHERIDAN FIELD STATION WY US,1143,44.8405,-106.8383,20081201,0,0,0,2,0,0,0,0,0,0,0,0,14,0,0,31,0,0,0,0,0,19,0,0,8435,0,0,102,0,0,305,0,0,178,0,0,304,4,2,-300,0,0,150,0,0,-157,0,0,-21,0,0,-89,0,0
GHCND:USC00488160,SHERIDAN FIELD STATION WY US,1143,44.8405,-106.8383,20090101,0,0,0,4,0,0,0,0,0,0,0,0,8,0,0,31,0,0,0,0,0,11,0,0,7158,0,0,76,0,0,356,0,0,223,0,0,432,3,3,-289,0,0,117,0,0,-113,0,0,17,0,0,-48,0,0
GHCND:USC00488160,SHERIDAN FIELD STATION WY US,1143,44.8405,-106.8383,20090201,0,0,0,0,0,0,0,0,0,0,0,0,0,0,0,27,0,0,0,0,0,6,0,0,5459,0,0,8,0,0,279,0,0,8,0,0,0,0,0,-156,0,0,128,0,0,-83,0,0,44,0,0,-19,0,0
GHCND:USC00488160,SHERIDAN FIELD STATION WY US,1143,44.8405,-106.8383,20090301,0,1,1,3,0,0,0,0,0,0,0,0,3,1,1,30,1,1,0,1,1,6,1,1,5657,1,1,89,0,0,279,1,1,256,0,0,508,2,1,-261,1,1,244,1,1,-90,1,1,79,1,1,-6,1,1
GHCND:USC00488160,SHERIDAN FIELD STATION WY US,1143,44.8405,-106.8383,20090401,0,1,1,4,0,0,0,0,0,0,0,0,0,1,1,20,1,1,0,1,1,0,1,1,3625,1,1,64,0,0,279,1,1,185,0,0,229,0,0,-106,1,1,278,1,1,-17,1,1,133,1,1,58,1,1
GHCND:USC00488160,SHERIDAN FIELD STATION WY US,1143,44.8405,-106.8383,20090501,34,0,0,1,0,0,0,0,0,0,0,0,0,0,0,11,0,0,0,0,0,0,0,0,2168,0,0,28,0,0,0,0,0,80,0,0,0,0,0,-28,0,0,311,0,0,24,0,0,204,0,0,114,0,0
GHCND:USC00488160,SHERIDAN FIELD STATION WY US,1143,44.8405,-106.8383,20090601,157,1,1,9,0,0,2,0,0,0,0,0,0,0,0,1,0,0,2,1,1,0,1,1,1302,1,1,130,0,0,0,0,0,704,0,0,0,1,1,-22,0,0,361,1,1,60,0,0,228,1,1,144,1,1
GHCND:USC00488160,SHERIDAN FIELD STATION WY US,1143,44.8405,-106.8383,20090701,674,2,1,4,0,0,0,0,0,0,0,0,0,0,0,1,0,0,12,2,1,0,2,1,235,2,1,76,0,0,0,0,0,225,0,0,0,1,1,-11,0,0,378,2,1,97,0,0,301,2,1,198,2,1
GHCND:USC00488160,SHERIDAN FIELD STATION WY US,1143,44.8405,-106.8383,20090801,518,0,0,4,0,0,1,0,0,0,0,0,0,0,0,0,0,0,13,0,0,0,0,0,325,0,0,135,0,0,0,0,0,296,0,0,0,0,0,22,0,0,356,0,0,83,0,0,295,0,0,189,0,0
GHCND:USC00488160,SHERIDAN FIELD STATION WY US,1143,44.8405,-106.8383,20090901,304,0,0,0,0,0,0,0,0,0,0,0,0,0,0,4,0,0,10,0,0,0,0,0,853,0,0,23,0,0,0,0,0,23,0,0,0,0,0,-28,0,0,361,0,0,52,0,0,278,0,0,165,0,0
GHCND:USC00488160,SHERIDAN FIELD STATION WY US,1143,44.8405,-106.8383,20091001,0,0,0,3,0,0,0,0,0,0,0,0,0,0,0,26,0,0,0,0,0,3,0,0,4690,0,0,91,0,0,76,0,0,271,0,0,76,3,1,-144,0,0,239,0,0,-33,0,0,96,0,0,32,0,0
GHCND:USC00488160,SHERIDAN FIELD STATION WY US,1143,44.8405,-106.8383,20091101,0,0,0,0,0,0,0,0,0,0,0,0,0,0,0,28,0,0,0,0,0,0,0,0,4646,0,0,23,0,0,25,0,0,33,0,0,25,0,0,-117,0,0,239,0,0,-62,0,0,118,0,0,28,0,0
GHCND:USC00488160,SHERIDAN FIELD STATION WY US,1143,44.8405,-106.8383,20091201,0,0,0,1,0,0,0,0,0,0,0,0,17,0,0,31,0,0,0,0,0,22,0,0,8936,0,0,25,0,0,102,0,0,45,0,0,127,0,0,-311,0,0,144,0,0,-174,0,0,-36,0,0,-105,0,0
GHCND:USC00488160,SHERIDAN FIELD STATION WY US,1143,44.8405,-106.8383,20100101,0,0,0,0,0,0,0,0,0,0,0,0,7,0,0,31,0,0,0,0,0,12,0,0,7642,0,0,8,0,0,76,0,0,8,0,0,76,0,0,-294,0,0,111,0,0,-130,0,0,3,0,0,-64,0,0
GHCND:USC00488160,SHERIDAN FIELD STATION WY US,1143,44.8405,-106.8383,20100201,0,0,0,0,0,0,0,0,0,0,0,0,6,0,0,28,0,0,0,0,0,7,0,0,6615,0,0,23,0,0,102,0,0,38,0,0,75,0,0,-239,0,0,83,0,0,-119,0,0,13,0,0,-53,0,0
GHCND:USC00488160,SHERIDAN FIELD STATION WY US,1143,44.8405,-106.8383,20100301,0,0,0,0,0,0,0,0,0,0,0,0,0,0,0,29,0,0,0,0,0,0,0,0,4353,0,0,18,0,0,25,0,0,39,0,0,28,0,0,-100,0,0,217,0,0,-42,0,0,127,0,0,43,0,0
GHCND:USC00488160,SHERIDAN FIELD STATION WY US,1143,44.8405,-106.8383,20100401,0,1,1,6,0,0,1,0,0,0,0,0,0,0,0,24,0,0,0,1,1,0,1,1,3449,1,1,203,0,0,51,0,0,472,0,0,0,1,1,-61,0,0,228,1,1,-12,0,0,140,1,1,64,1,1
GHCND:USC00488160,SHERIDAN FIELD STATION WY US,1143,44.8405,-106.8383,20100501,17,0,0,13,0,0,3,0,0,0,0,0,0,0,0,8,0,0,0,0,0,0,0,0,2862,0,0,241,0,0,102,0,0,1302,0,0,203,0,0,-56,0,0,294,0,0,27,0,0,156,0,0,91,0,0
GHCND:USC00488160,SHERIDAN FIELD STATION WY US,1143,44.8405,-106.8383,20100601,182,0,0,6,0,0,1,0,0,1,0,0,0,0,0,0,0,0,1,0,0,0,0,0,886,0,0,272,0,0,0,0,0,582,0,0,0,0,0,22,0,0,372,0,0,86,0,0,233,0,0,160,0,0
GHCND:USC00488160,SHERIDAN FIELD STATION WY US,1143,44.8405,-106.8383,20100701,841,0,0,4,0,0,1,0,0,0,0,0,0,0,0,0,0,0,9,0,0,0,0,0,161,0,0,130,0,0,0,0,0,334,0,0,0,0,0,44,0,0,383,0,0,112,0,0,298,0,0,205,0,0
GHCND:USC00488160,SHERIDAN FIELD STATION WY US,1143,44.8405,-106.8383,20100801,930,0,0,5,0,0,0,0,0,0,0,0,0,0,0,0,0,0,17,0,0,0,0,0,224,0,0,41,0,0,0,0,0,199,0,0,0,0,0,33,0,0,389,0,0,101,0,0,311,0,0,206,0,0
GHCND:USC00488160,SHERIDAN FIELD STATION WY US,1143,44.8405,-106.8383,20100901,107,0,0,0,0,0,0,0,0,0,0,0,0,0,0,1,0,0,3,0,0,0,0,0,1173,0,0,23,0,0,0,0,0,46,0,0,0,0,0,0,0,0,344,0,0,42,0,0,253,0,0,147,0,0
GHCND:USC00488160,SHERIDAN FIELD STATION WY US,1143,44.8405,-106.8383,20101001,6,0,0,2,0,0,0,0,0,0,0,0,0,0,0,17,0,0,0,0,0,0,0,0,2258,0,0,71,0,0,0,0,0,153,0,0,0,0,0,-56,0,0,317,0,0,8,0,0,213,0,0,110,0,0
GHCND:USC00488160,SHERIDAN FIELD STATION WY US,1143,44.8405,-106.8383,20101101,0,0,0,3,0,0,0,0,0,0,0,0,5,0,0,29,0,0,0,0,0,8,0,0,5938,0,0,76,0,0,203,0,0,224,0,0,21,2,2,-272,0,0,256,0,0,-91,0,0,61,0,0,-15,0,0
GHCND:USC00488160,SHERIDAN FIELD STATION WY US,1143,44.8405,-106.8383,20101201,0,0,0,0,0,0,0,0,0,0,0,0,5,0,0,31,0,0,0,0,0,12,0,0,7593,0,0,18,0,0,203,0,0,33,0,0,102,2,1,-211,0,0,83,0,0,-132,0,0,8,0,0,-62,0,0
GHCND:USC00488160,SHERIDAN FIELD STATION WY US,1143,44.8405,-106.8383,20110101,0,0,0,2,0,0,0,0,0,0,0,0,9,0,0,31,0,0,0,0,0,9,0,0,7338,0,0,56,0,0,254,0,0,107,0,0,213,23,7,-289,0,0,144,0,0,-131,0,0,24,0,0,-54,0,0
GHCND:USC00488160,SHERIDAN FIELD STATION WY US,1143,44.8405,-106.8383,20110201,0,0,0,2,0,0,0,0,0,0,0,0,12,0,0,27,0,0,0,0,0,13,0,0,7111,0,0,38,0,0,229,0,0,86,0,0,164,19,11,-322,0,0,161,0,0,-145,0,0,3,0,0,-71,0,0
GHCND:USC00488160,SHERIDAN FIELD STATION WY US,1143,44.8405,-106.8383,20110301,0,0,0,6,0,0,1,0,0,1,0,0,1,0,0,30,0,0,0,0,0,4,0,0,5178,0,0,432,0,0,432,0,0,660,0,0,572,23,18,-211,0,0,189,0,0,-54,0,0,86,0,0,16,0,0
GHCND:USC00488160,SHERIDAN FIELD STATION WY US,1143,44.8405,-106.8383,20110401,0,1,1,6,0,0,1,0,0,0,0,0,0,0,0,21,0,0,0,1,1,0,1,1,3768,1,1,165,0,0,51,27,18,488,0,0,51,27,18,-83,0,0,233,1,1,-18,0,0,122,1,1,53,1,1
GHCND:USC00488160,SHERIDAN FIELD STATION WY US,1143,44.8405,-106.8383,20110501,0,1,1,14,0,0,4,0,0,1,0,0,0,1,1,6,1,1,0,0,0,0,0,0,2705,1,1,297,0,0,9999,0,0,1558,0,0,9999,0,0,-44,1,1,217,0,0,40,1,1,146,0,0,93,1,1
GHCND:USC00488160,SHERIDAN FIELD STATION WY US,1143,44.8405,-106.8383,20110601,242,0,0,4,0,0,1,0,0,0,0,0,0,0,0,0,0,0,3,0,0,0,0,0,884,0,0,127,0,0,9999,0,0,399,0,0,9999,0,0,22,0,0,361,0,0,82,0,0,241,0,0,162,0,0
GHCND:USC00488160,SHERIDAN FIELD STATION WY US,1143,44.8405,-106.8383,20110701,1228,0,0,3,0,0,1,0,0,1,0,0,0,0,0,0,0,0,12,0,0,0,0,0,8,0,0,335,0,0,9999,0,0,464,0,0,9999,0,0,78,0,0,372,0,0,128,0,0,317,0,0,222,0,0
GHCND:USC00488160,SHERIDAN FIELD STATION WY US,1143,44.8405,-106.8383,20110801,1069,0,0,2,0,0,0,0,0,0,0,0,0,0,0,0,0,0,15,0,0,0,0,0,66,0,0,30,0,0,9999,0,0,84,0,0,9999,0,0,61,0,0,367,0,0,108,0,0,323,0,0,215,0,0
GHCND:USC00488160,SHERIDAN FIELD STATION WY US,1143,44.8405,-106.8383,20110901,166,0,0,1,0,0,0,0,0,0,0,0,0,0,0,2,0,0,6,0,0,0,0,0,920,0,0,53,0,0,9999,0,0,74,0,0,9999,0,0,-33,0,0,367,0,0,48,0,0,268,0,0,158,0,0
GHCND:USC00488160,SHERIDAN FIELD STATION WY US,1143,44.8405,-106.8383,20111001,99,0,0,4,0,0,2,0,0,1,0,0,0,0,0,13,0,0,2,0,0,0,0,0,2715,0,0,442,0,0,9999,0,0,789,0,0,9999,0,0,-67,0,0,350,0,0,12,0,0,185,0,0,99,0,0
GHCND:USC00488160,SHERIDAN FIELD STATION WY US,1143,44.8405,-106.8383,20111101,0,0,0,2,0,0,0,0,0,0,0,0,3,0,0,29,0,0,0,0,0,4,0,0,5690,0,0,89,0,0,0,1,1,191,0,0,351,16,14,-250,0,0,200,0,0,-80,0,0,66,0,0,-7,0,0
GHCND:USC00488160,SHERIDAN FIELD STATION WY US,1143,44.8405,-106.8383,20111201,0,0,0,2,0,0,0,0,0,0,0,0,1,0,0,30,0,0,0,0,0,7,0,0,6673,0,0,53,0,0,51,11,10,127,0,0,133,0,0,-183,0,0,128,0,0,-100,0,0,36,0,0,-32,0,0
GHCND:USC00488160,SHERIDAN FIELD STATION WY US,1143,44.8405,-106.8383,20120101,0,0,0,0,0,0,0,0,0,0,0,0,3,0,0,31,0,0,0,0,0,6,0,0,6531,0,0,13,0,0,25,18,13,19,0,0,13,22,15,-222,0,0,167,0,0,-101,0,0,45,0,0,-28,0,0
GHCND:USC00488160,SHERIDAN FIELD STATION WY US,1143,44.8405,-106.8383,20120201,0,0,0,3,0,0,0,0,0,0,0,0,1,0,0,29,0,0,0,0,0,7,0,0,6071,0,0,99,0,0,127,2,2,234,0,0,153,26,18,-206,0,0,122,0,0,-93,0,0,41,0,0,-26,0,0
GHCND:USC00488160,SHERIDAN FIELD STATION WY US,1143,44.8405,-106.8383,20120301,0,0,0,1,0,0,0,0,0,0,0,0,0,0,0,23,0,0,0,0,0,0,0,0,3577,0,0,36,0,0,178,2,2,77,0,0,51,2,2,-144,0,0,267,0,0,-23,0,0,158,0,0,68,0,0
GHCND:USC00488160,SHERIDAN FIELD STATION WY US,1143,44.8405,-106.8383,20120401,54,0,0,4,0,0,0,0,0,0,0,0,0,0,0,15,0,0,0,0,0,0,0,0,2741,0,0,84,0,0,9999,0,0,258,0,0,0,0,0,-72,0,0,311,0,0,11,0,0,176,0,0,93,0,0
GHCND:USC00488160,SHERIDAN FIELD STATION WY US,1143,44.8405,-106.8383,20120501,40,0,0,5,0,0,2,0,0,0,0,0,0,0,0,11,0,0,0,0,0,0,0,0,2239,0,0,165,0,0,0,0,0,549,0,0,0,0,0,-33,0,0,306,0,0,22,0,0,202,0,0,112,0,0
GHCND:USC00488160,SHERIDAN FIELD STATION WY US,1143,44.8405,-106.8383,20120601,712,0,0,1,0,0,0,0,0,0,0,0,0,0,0,0,0,0,11,0,0,0,0,0,396,0,0,30,0,0,0,0,0,79,0,0,0,0,0,39,0,0,394,0,0,94,0,0,293,0,0,194,0,0
GHCND:USC00242266,DECKER MT US,1076.9,45.03333,-106.85,19700101,9999,0,0,3,0,0,1,0,0,0,0,0,9999,0,0,9999,0,0,9999,0,0,9999,0,0,9999,0,0,135,0,0,9999,0,0,193,0,0,241,0,0,9999,0,0,9999,0,0,9999,0,0,9999,0,0,9999,0,0
GHCND:USC00242266,DECKER MT US,1076.9,45.03333,-106.85,19700201,9999,0,0,1,0,0,0,0,0,0,0,0,9999,0,0,9999,0,0,9999,0,0,9999,0,0,9999,0,0,25,0,0,9999,0,0,66,0,0,255,0,0,9999,0,0,9999,0,0,9999,0,0,9999,0,0,9999,0,0
GHCND:USC00242266,DECKER MT US,1076.9,45.03333,-106.85,19700301,9999,0,0,4,0,0,0,0,0,0,0,0,9999,0,0,9999,0,0,9999,0,0,9999,0,0,9999,0,0,76,0,0,9999,0,0,267,0,0,293,0,0,9999,0,0,9999,0,0,9999,0,0,9999,0,0,9999,0,0
GHCND:USC00242266,DECKER MT US,1076.9,45.03333,-106.85,19700401,9999,0,0,4,0,0,2,0,0,0,0,0,9999,0,0,9999,0,0,9999,0,0,9999,0,0,9999,0,0,152,0,0,9999,0,0,449,0,0,64,0,0,9999,0,0,9999,0,0,9999,0,0,9999,0,0,9999,0,0
GHCND:USC00242266,DECKER MT US,1076.9,45.03333,-106.85,19700501,9999,0,0,8,0,0,4,0,0,1,0,0,9999,0,0,9999,0,0,9999,0,0,9999,0,0,9999,0,0,290,0,0,9999,0,0,1067,0,0,0,0,0,9999,0,0,9999,0,0,9999,0,0,9999,0,0,9999,0,0
GHCND:USC00242266,DECKER MT US,1076.9,45.03333,-106.85,19700601,9999,0,0,4,0,0,1,0,0,0,0,0,9999,0,0,9999,0,0,9999,0,0,9999,0,0,9999,0,0,175,0,0,9999,0,0,276,0,0,0,0,0,9999,0,0,9999,0,0,9999,0,0,9999,0,0,9999,0,0
GHCND:USC00242266,DECKER MT US,1076.9,45.03333,-106.85,19700701,9999,0,0,3,0,0,0,0,0,0,0,0,9999,0,0,9999,0,0,9999,0,0,9999,0,0,9999,0,0,36,0,0,9999,0,0,109,0,0,0,0,0,9999,0,0,9999,0,0,9999,0,0,9999,0,0,9999,0,0
GHCND:USC00242266,DECKER MT US,1076.9,45.03333,-106.85,19700801,9999,0,0,0,0,0,0,0,0,0,0,0,9999,0,0,9999,0,0,9999,0,0,9999,0,0,9999,0,0,0,0,0,9999,0,0,0,0,0,0,0,0,9999,0,0,9999,0,0,9999,0,0,9999,0,0,9999,0,0
GHCND:USC00242266,DECKER MT US,1076.9,45.03333,-106.85,19700901,9999,0,0,3,0,0,1,0,0,0,0,0,9999,0,0,9999,0,0,9999,0,0,9999,0,0,9999,0,0,193,0,0,9999,0,0,401,0,0,38,0,0,9999,0,0,9999,0,0,9999,0,0,9999,0,0,9999,0,0
GHCND:USC00242266,DECKER MT US,1076.9,45.03333,-106.85,19701001,9999,0,0,3,0,0,0,0,0,0,0,0,9999,0,0,9999,0,0,9999,0,0,9999,0,0,9999,0,0,107,0,0,0,0,0,200,0,0,0,0,0,9999,0,0,9999,0,0,9999,0,0,9999,0,0,9999,0,0
GHCND:USC00242266,DECKER MT US,1076.9,45.03333,-106.85,19701101,9999,0,0,3,0,0,0,0,0,0,0,0,9999,0,0,9999,0,0,9999,0,0,9999,0,0,9999,0,0,94,0,0,9999,0,0,226,0,0,114,0,0,9999,0,0,9999,0,0,9999,0,0,9999,0,0,9999,0,0
GHCND:USC00242266,DECKER MT US,1076.9,45.03333,-106.85,19701201,9999,0,0,1,0,0,0,0,0,0,0,0,9999,0,0,9999,0,0,9999,0,0,9999,0,0,9999,0,0,28,0,0,9999,0,0,66,0,0,102,0,0,9999,0,0,9999,0,0,9999,0,0,9999,0,0,9999,0,0
GHCND:USC00242266,DECKER MT US,1076.9,45.03333,-106.85,19710101,9999,0,0,3,0,0,0,0,0,0,0,0,9999,0,0,9999,0,0,9999,0,0,9999,0,0,9999,0,0,102,0,0,9999,0,0,266,0,0,255,0,0,9999,0,0,9999,0,0,9999,0,0,9999,0,0,9999,0,0
GHCND:USC00242266,DECKER MT US,1076.9,45.03333,-106.85,19710201,9999,0,0,3,0,0,0,0,0,0,0,0,9999,0,0,9999,0,0,9999,0,0,9999,0,0,9999,0,0,51,0,0,9999,0,0,148,0,0,267,0,0,9999,0,0,9999,0,0,9999,0,0,9999,0,0,9999,0,0
GHCND:USC00242266,DECKER MT US,1076.9,45.03333,-106.85,19710301,9999,0,0,2,0,0,0,0,0,0,0,0,9999,0,0,9999,0,0,9999,0,0,9999,0,0,9999,0,0,43,0,0,9999,0,0,133,0,0,152,0,0,9999,0,0,9999,0,0,9999,0,0,9999,0,0,9999,0,0
GHCND:USC00242266,DECKER MT US,1076.9,45.03333,-106.85,19710401,9999,0,0,6,0,0,1,0,0,1,0,0,9999,0,0,9999,0,0,9999,0,0,9999,0,0,9999,0,0,381,0,0,9999,0,0,795,0,0,25,0,0,9999,0,0,9999,0,0,9999,0,0,9999,0,0,9999,0,0
GHCND:USC00242266,DECKER MT US,1076.9,45.03333,-106.85,19710501,9999,0,0,4,0,0,2,0,0,1,0,0,9999,0,0,9999,0,0,9999,0,0,9999,0,0,9999,0,0,366,0,0,0,0,0,649,0,0,9999,0,0,9999,0,0,9999,0,0,9999,0,0,9999,0,0,9999,0,0
GHCND:USC00242266,DECKER MT US,1076.9,45.03333,-106.85,19710601,9999,0,0,3,0,0,0,0,0,0,0,0,9999,0,0,9999,0,0,9999,0,0,9999,0,0,9999,0,0,71,0,0,9999,0,0,178,0,0,0,0,0,9999,0,0,9999,0,0,9999,0,0,9999,0,0,9999,0,0
GHCND:USC00242266,DECKER MT US,1076.9,45.03333,-106.85,19710701,9999,0,0,2,0,0,0,0,0,0,0,0,9999,0,0,9999,0,0,9999,0,0,9999,0,0,9999,0,0,28,0,0,9999,0,0,68,0,0,0,0,0,9999,0,0,9999,0,0,9999,0,0,9999,0,0,9999,0,0
GHCND:USC00242266,DECKER MT US,1076.9,45.03333,-106.85,19710801,9999,0,0,2,0,0,0,0,0,0,0,0,9999,0,0,9999,0,0,9999,0,0,9999,0,0,9999,0,0,89,0,0,9999,0,0,142,0,0,0,0,0,9999,0,0,9999,0,0,9999,0,0,9999,0,0,9999,0,0
GHCND:USC00242266,DECKER MT US,1076.9,45.03333,-106.85,19710901,9999,0,0,2,0,0,0,0,0,0,0,0,9999,0,0,9999,0,0,9999,0,0,9999,0,0,9999,0,0,91,0,0,9999,0,0,151,0,0,0,0,0,9999,0,0,9999,0,0,9999,0,0,9999,0,0,9999,0,0
GHCND:USC00242266,DECKER MT US,1076.9,45.03333,-106.85,19711001,9999,0,0,6,0,0,2,0,0,0,0,0,9999,0,0,9999,0,0,9999,0,0,9999,0,0,9999,0,0,241,0,0,9999,0,0,728,0,0,229,0,0,9999,0,0,9999,0,0,9999,0,0,9999,0,0,9999,0,0
GHCND:USC00242266,DECKER MT US,1076.9,45.03333,-106.85,19711101,9999,0,0,0,0,0,0,0,0,0,0,0,9999,0,0,9999,0,0,9999,0,0,9999,0,0,9999,0,0,13,0,0,9999,0,0,23,0,0,77,0,0,9999,0,0,9999,0,0,9999,0,0,9999,0,0,9999,0,0
GHCND:USC00242266,DECKER MT US,1076.9,45.03333,-106.85,19711201,9999,0,0,2,0,0,0,0,0,0,0,0,9999,0,0,9999,0,0,9999,0,0,9999,0,0,9999,0,0,99,0,0,9999,0,0,147,0,0,242,0,0,9999,0,0,9999,0,0,9999,0,0,9999,0,0,9999,0,0
GHCND:USC00242266,DECKER MT US,1076.9,45.03333,-106.85,19720101,9999,0,0,4,0,0,1,0,0,0,0,0,9999,0,0,9999,0,0,9999,0,0,9999,0,0,9999,0,0,152,0,0,9999,0,0,267,0,0,432,0,0,9999,0,0,9999,0,0,9999,0,0,9999,0,0,9999,0,0
GHCND:USC00242266,DECKER MT US,1076.9,45.03333,-106.85,19720201,9999,0,0,1,0,0,0,0,0,0,0,0,9999,0,0,9999,0,0,9999,0,0,9999,0,0,9999,0,0,28,0,0,9999,0,0,86,0,0,178,0,0,9999,0,0,9999,0,0,9999,0,0,9999,0,0,9999,0,0
GHCND:USC00242266,DECKER MT US,1076.9,45.03333,-106.85,19720301,9999,0,0,4,0,0,0,0,0,0,0,0,9999,0,0,9999,0,0,9999,0,0,9999,0,0,9999,0,0,76,0,0,9999,0,0,219,0,0,64,0,0,9999,0,0,9999,0,0,9999,0,0,9999,0,0,9999,0,0
GHCND:USC00242266,DECKER MT US,1076.9,45.03333,-106.85,19720401,9999,0,0,5,0,0,0,0,0,0,0,0,9999,0,0,9999,0,0,9999,0,0,9999,0,0,9999,0,0,41,0,0,9999,0,0,165,0,0,13,0,0,9999,0,0,9999,0,0,9999,0,0,9999,0,0,9999,0,0
GHCND:USC00242266,DECKER MT US,1076.9,45.03333,-106.85,19720501,9999,0,0,5,0,0,2,0,0,0,0,0,9999,0,0,9999,0,0,9999,0,0,9999,0,0,9999,0,0,135,0,0,9999,0,0,535,0,0,0,0,0,9999,0,0,9999,0,0,9999,0,0,9999,0,0,9999,0,0
GHCND:USC00242266,DECKER MT US,1076.9,45.03333,-106.85,19720601,9999,0,0,5,0,0,2,0,0,0,0,0,9999,0,0,9999,0,0,9999,0,0,9999,0,0,9999,0,0,178,0,0,9999,0,0,529,0,0,0,0,0,9999,0,0,9999,0,0,9999,0,0,9999,0,0,9999,0,0
GHCND:USC00242266,DECKER MT US,1076.9,45.03333,-106.85,19720701,9999,0,0,6,0,0,2,0,0,0,0,0,9999,0,0,9999,0,0,9999,0,0,9999,0,0,9999,0,0,196,0,0,9999,0,0,600,0,0,0,0,0,9999,0,0,9999,0,0,9999,0,0,9999,0,0,9999,0,0
GHCND:USC00242266,DECKER MT US,1076.9,45.03333,-106.85,19720801,9999,0,0,3,0,0,1,0,0,0,0,0,9999,0,0,9999,0,0,9999,0,0,9999,0,0,9999,0,0,147,0,0,9999,0,0,293,0,0,0,0,0,9999,0,0,9999,0,0,9999,0,0,9999,0,0,9999,0,0
GHCND:USC00242266,DECKER MT US,1076.9,45.03333,-106.85,19720901,9999,0,0,4,0,0,0,0,0,0,0,0,9999,0,0,9999,0,0,9999,0,0,9999,0,0,9999,0,0,112,0,0,9999,0,0,343,0,0,114,0,0,9999,0,0,9999,0,0,9999,0,0,9999,0,0,9999,0,0
GHCND:USC00242266,DECKER MT US,1076.9,45.03333,-106.85,19721001,9999,0,0,3,0,0,1,0,0,0,0,0,9999,0,0,9999,0,0,9999,0,0,9999,0,0,9999,0,0,132,0,0,9999,0,0,234,0,0,13,3,1,9999,0,0,9999,0,0,9999,0,0,9999,0,0,9999,0,0
GHCND:USC00242266,DECKER MT US,1076.9,45.03333,-106.85,19721101,9999,0,0,1,0,0,0,0,0,0,0,0,9999,0,0,9999,0,0,9999,0,0,9999,0,0,9999,0,0,33,0,0,9999,0,0,48,0,0,9999,0,0,9999,0,0,9999,0,0,9999,0,0,9999,0,0,9999,0,0
GHCND:USC00242266,DECKER MT US,1076.9,45.03333,-106.85,19721201,9999,0,0,2,0,0,0,0,0,0,0,0,9999,0,0,9999,0,0,9999,0,0,9999,0,0,9999,0,0,28,0,0,9999,0,0,73,0,0,202,0,0,9999,0,0,9999,0,0,9999,0,0,9999,0,0,9999,0,0
GHCND:USC00242266,DECKER MT US,1076.9,45.03333,-106.85,19730101,9999,0,0,0,0,0,0,0,0,0,0,0,9999,0,0,9999,0,0,9999,0,0,9999,0,0,9999,0,0,23,0,0,9999,0,0,46,0,0,147,0,0,9999,0,0,9999,0,0,9999,0,0,9999,0,0,9999,0,0
GHCND:USC00242266,DECKER MT US,1076.9,45.03333,-106.85,19730201,9999,0,0,0,0,0,0,0,0,0,0,0,9999,0,0,9999,0,0,9999,0,0,9999,0,0,9999,0,0,10,0,0,9999,0,0,18,0,0,50,0,0,9999,0,0,9999,0,0,9999,0,0,9999,0,0,9999,0,0
GHCND:USC00242266,DECKER MT US,1076.9,45.03333,-106.85,19730301,9999,0,0,3,0,0,0,0,0,0,0,0,9999,0,0,9999,0,0,9999,0,0,9999,0,0,9999,0,0,94,0,0,9999,0,0,206,0,0,102,0,0,9999,0,0,9999,0,0,9999,0,0,9999,0,0,9999,0,0
GHCND:USC00242266,DECKER MT US,1076.9,45.03333,-106.85,19730401,9999,0,0,5,0,0,2,0,0,0,0,0,9999,0,0,9999,0,0,9999,0,0,9999,0,0,9999,0,0,206,0,0,9999,0,0,618,0,0,89,0,0,9999,0,0,9999,0,0,9999,0,0,9999,0,0,9999,0,0
GHCND:USC00242266,DECKER MT US,1076.9,45.03333,-106.85,19730501,9999,0,0,2,0,0,0,0,0,0,0,0,9999,0,0,9999,0,0,9999,0,0,9999,0,0,9999,0,0,117,0,0,9999,0,0,176,0,0,0,0,0,9999,0,0,9999,0,0,9999,0,0,9999,0,0,9999,0,0
GHCND:USC00242266,DECKER MT US,1076.9,45.03333,-106.85,19730601,9999,0,0,4,0,0,1,0,0,0,0,0,9999,0,0,9999,0,0,9999,0,0,9999,0,0,9999,0,0,137,0,0,9999,0,0,391,0,0,0,0,0,9999,0,0,9999,0,0,9999,0,0,9999,0,0,9999,0,0
GHCND:USC00242266,DECKER MT US,1076.9,45.03333,-106.85,19730701,9999,0,0,1,0,0,0,0,0,0,0,0,9999,0,0,9999,0,0,9999,0,0,9999,0,0,9999,0,0,81,0,0,9999,0,0,104,0,0,0,0,0,9999,0,0,9999,0,0,9999,0,0,9999,0,0,9999,0,0
GHCND:USC00242266,DECKER MT US,1076.9,45.03333,-106.85,19730801,9999,0,0,1,0,0,0,0,0,0,0,0,9999,0,0,9999,0,0,9999,0,0,9999,0,0,9999,0,0,41,0,0,9999,0,0,92,0,0,0,0,0,9999,0,0,9999,0,0,9999,0,0,9999,0,0,9999,0,0
GHCND:USC00242266,DECKER MT US,1076.9,45.03333,-106.85,19730901,9999,0,0,7,0,0,3,0,0,0,0,0,9999,0,0,9999,0,0,9999,0,0,9999,0,0,9999,0,0,193,0,0,9999,0,0,836,0,0,25,0,0,9999,0,0,9999,0,0,9999,0,0,9999,0,0,9999,0,0
GHCND:USC00242266,DECKER MT US,1076.9,45.03333,-106.85,19731001,9999,0,0,1,0,0,0,0,0,0,0,0,9999,0,0,9999,0,0,9999,0,0,9999,0,0,9999,0,0,71,0,0,9999,0,0,84,0,0,0,0,0,9999,0,0,9999,0,0,9999,0,0,9999,0,0,9999,0,0
GHCND:USC00242266,DECKER MT US,1076.9,45.03333,-106.85,19731101,9999,0,0,1,0,0,0,0,0,0,0,0,9999,0,0,9999,0,0,9999,0,0,9999,0,0,9999,0,0,124,0,0,9999,0,0,132,0,0,241,0,0,9999,0,0,9999,0,0,9999,0,0,9999,0,0,9999,0,0
GHCND:USC00242266,DECKER MT US,1076.9,45.03333,-106.85,19731201,9999,0,0,2,0,0,0,0,0,0,0,0,9999,0,0,9999,0,0,9999,0,0,9999,0,0,9999,0,0,102,0,0,9999,0,0,182,0,0,171,1,1,9999,0,0,9999,0,0,9999,0,0,9999,0,0,9999,0,0
GHCND:USC00242266,DECKER MT US,1076.9,45.03333,-106.85,19740101,9999,0,0,3,0,0,0,0,0,0,0,0,9999,0,0,9999,0,0,9999,0,0,9999,0,0,9999,0,0,71,0,0,9999,0,0,158,0,0,211,0,0,9999,0,0,9999,0,0,9999,0,0,9999,0,0,9999,0,0
GHCND:USC00242266,DECKER MT US,1076.9,45.03333,-106.85,19740201,9999,0,0,2,0,0,0,0,0,0,0,0,9999,0,0,9999,0,0,9999,0,0,9999,0,0,9999,0,0,46,0,0,9999,0,0,79,0,0,76,0,0,9999,0,0,9999,0,0,9999,0,0,9999,0,0,9999,0,0
GHCND:USC00242266,DECKER MT US,1076.9,45.03333,-106.85,19740301,9999,0,0,2,0,0,0,0,0,0,0,0,9999,0,0,9999,0,0,9999,0,0,9999,0,0,9999,0,0,53,0,0,9999,0,0,98,0,0,76,1,1,9999,0,0,9999,0,0,9999,0,0,9999,0,0,9999,0,0
GHCND:USC00242266,DECKER MT US,1076.9,45.03333,-106.85,19740401,9999,0,0,4,0,0,2,0,0,0,0,0,9999,0,0,9999,0,0,9999,0,0,9999,0,0,9999,0,0,180,0,0,9999,0,0,452,0,0,0,1,1,9999,0,0,9999,0,0,9999,0,0,9999,0,0,9999,0,0
GHCND:USC00242266,DECKER MT US,1076.9,45.03333,-106.85,19740501,9999,0,0,9,0,0,1,0,0,0,0,0,9999,0,0,9999,0,0,9999,0,0,9999,0,0,9999,0,0,130,0,0,9999,0,0,603,0,0,0,0,0,9999,0,0,9999,0,0,9999,0,0,9999,0,0,9999,0,0
GHCND:USC00242266,DECKER MT US,1076.9,45.03333,-106.85,19740601,9999,0,0,2,0,0,0,0,0,0,0,0,9999,0,0,9999,0,0,9999,0,0,9999,0,0,9999,0,0,122,0,0,9999,0,0,222,0,0,0,0,0,9999,0,0,9999,0,0,9999,0,0,9999,0,0,9999,0,0
GHCND:USC00242266,DECKER MT US,1076.9,45.03333,-106.85,19740701,9999,0,0,1,0,0,1,0,0,0,0,0,9999,0,0,9999,0,0,9999,0,0,9999,0,0,9999,0,0,188,0,0,9999,0,0,203,0,0,0,0,0,9999,0,0,9999,0,0,9999,0,0,9999,0,0,9999,0,0
GHCND:USC00242266,DECKER MT US,1076.9,45.03333,-106.85,19740801,9999,0,0,2,0,0,1,0,0,0,0,0,9999,0,0,9999,0,0,9999,0,0,9999,0,0,9999,0,0,160,0,0,9999,0,0,193,0,0,0,0,0,9999,0,0,9999,0,0,9999,0,0,9999,0,0,9999,0,0
GHCND:USC00242266,DECKER MT US,1076.9,45.03333,-106.85,19740901,9999,0,0,3,0,0,2,0,0,0,0,0,9999,0,0,9999,0,0,9999,0,0,9999,0,0,9999,0,0,180,0,0,9999,0,0,432,0,0,0,0,0,9999,0,0,9999,0,0,9999,0,0,9999,0,0,9999,0,0
GHCND:USC00242266,DECKER MT US,1076.9,45.03333,-106.85,19741001,9999,0,0,4,0,0,2,0,0,1,0,0,9999,0,0,9999,0,0,9999,0,0,9999,0,0,9999,0,0,465,0,0,0,1,1,762,0,0,0,1,1,9999,0,0,9999,0,0,9999,0,0,9999,0,0,9999,0,0
GHCND:USC00242266,DECKER MT US,1076.9,45.03333,-106.85,19741101,9999,0,0,3,0,0,0,0,0,0,0,0,9999,0,0,9999,0,0,9999,0,0,9999,0,0,9999,0,0,114,0,0,9999,0,0,242,0,0,9999,0,0,9999,0,0,9999,0,0,9999,0,0,9999,0,0,9999,0,0
GHCND:USC00242266,DECKER MT US,1076.9,45.03333,-106.85,19741201,9999,0,0,0,0,0,0,0,0,0,0,0,9999,0,0,9999,0,0,9999,0,0,9999,0,0,9999,0,0,0,0,0,9999,0,0,0,0,0,9999,0,0,9999,0,0,9999,0,0,9999,0,0,9999,0,0,9999,0,0
GHCND:USC00242266,DECKER MT US,1076.9,45.03333,-106.85,19750101,9999,0,0,3,0,0,2,0,0,0,0,0,9999,0,0,9999,0,0,9999,0,0,9999,0,0,9999,0,0,152,0,0,9999,0,0,346,0,0,9999,0,0,9999,0,0,9999,0,0,9999,0,0,9999,0,0,9999,0,0
GHCND:USC00242266,DECKER MT US,1076.9,45.03333,-106.85,19750201,9999,0,0,3,0,0,0,0,0,0,0,0,9999,0,0,9999,0,0,9999,0,0,9999,0,0,9999,0,0,61,0,0,9999,0,0,124,0,0,9999,0,0,9999,0,0,9999,0,0,9999,0,0,9999,0,0,9999,0,0
GHCND:USC00242266,DECKER MT US,1076.9,45.03333,-106.85,19750301,9999,0,0,0,0,0,0,0,0,0,0,0,9999,0,0,9999,0,0,9999,0,0,9999,0,0,9999,0,0,0,0,0,9999,0,0,0,0,0,9999,0,0,9999,0,0,9999,0,0,9999,0,0,9999,0,0,9999,0,0
GHCND:USC00242266,DECKER MT US,1076.9,45.03333,-106.85,19750401,9999,0,0,6,0,0,3,0,0,0,0,0,9999,0,0,9999,0,0,9999,0,0,9999,0,0,9999,0,0,191,0,0,9999,0,0,655,0,0,9999,0,0,9999,0,0,9999,0,0,9999,0,0,9999,0,0,9999,0,0
GHCND:USC00242266,DECKER MT US,1076.9,45.03333,-106.85,19750501,9999,0,0,9,0,0,5,0,0,0,0,0,9999,0,0,9999,0,0,9999,0,0,9999,0,0,9999,0,0,201,0,0,0,0,0,1007,0,0,0,0,0,9999,0,0,9999,0,0,9999,0,0,9999,0,0,9999,0,0
GHCND:USC00242266,DECKER MT US,1076.9,45.03333,-106.85,19750601,9999,0,0,12,0,0,5,0,0,1,0,0,9999,0,0,9999,0,0,9999,0,0,9999,0,0,9999,0,0,361,0,0,0,0,0,1446,0,0,0,0,0,9999,0,0,9999,0,0,9999,0,0,9999,0,0,9999,0,0
GHCND:USC00242266,DECKER MT US,1076.9,45.03333,-106.85,19750701,9999,0,0,2,0,0,0,0,0,0,0,0,9999,0,0,9999,0,0,9999,0,0,9999,0,0,9999,0,0,71,0,0,0,0,0,96,0,0,0,0,0,9999,0,0,9999,0,0,9999,0,0,9999,0,0,9999,0,0
GHCND:USC00242266,DECKER MT US,1076.9,45.03333,-106.85,19750801,9999,0,0,1,0,0,0,0,0,0,0,0,9999,0,0,9999,0,0,9999,0,0,9999,0,0,9999,0,0,25,0,0,0,0,0,25,0,0,0,0,0,9999,0,0,9999,0,0,9999,0,0,9999,0,0,9999,0,0
GHCND:USC00242266,DECKER MT US,1076.9,45.03333,-106.85,19750901,9999,0,0,0,0,0,0,0,0,0,0,0,9999,0,0,9999,0,0,9999,0,0,9999,0,0,9999,0,0,0,0,0,0,0,0,0,0,0,0,0,0,9999,0,0,9999,0,0,9999,0,0,9999,0,0,9999,0,0
GHCND:USC00242266,DECKER MT US,1076.9,45.03333,-106.85,19751001,9999,0,0,3,0,0,1,0,0,0,0,0,9999,0,0,9999,0,0,9999,0,0,9999,0,0,9999,0,0,221,0,0,0,0,0,297,0,0,0,1,1,9999,0,0,9999,0,0,9999,0,0,9999,0,0,9999,0,0
GHCND:USC00242266,DECKER MT US,1076.9,45.03333,-106.85,19751101,9999,0,0,5,0,0,3,0,0,0,0,0,9999,0,0,9999,0,0,9999,0,0,9999,0,0,9999,0,0,221,0,0,9999,0,0,711,0,0,9999,0,0,9999,0,0,9999,0,0,9999,0,0,9999,0,0,9999,0,0
GHCND:USC00242266,DECKER MT US,1076.9,45.03333,-106.85,19751201,9999,0,0,9,0,0,0,0,0,0,0,0,9999,0,0,9999,0,0,9999,0,0,9999,0,0,9999,0,0,102,0,0,9999,0,0,654,0,0,9999,0,0,9999,0,0,9999,0,0,9999,0,0,9999,0,0,9999,0,0
GHCND:USC00242266,DECKER MT US,1076.9,45.03333,-106.85,19760101,9999,0,0,2,0,0,0,0,0,0,0,0,9999,0,0,9999,0,0,9999,0,0,9999,0,0,9999,0,0,51,0,0,9999,0,0,76,0,0,9999,0,0,9999,0,0,9999,0,0,9999,0,0,9999,0,0,9999,0,0
GHCND:USC00242266,DECKER MT US,1076.9,45.03333,-106.85,19760201,9999,0,0,0,0,0,0,0,0,0,0,0,9999,0,0,9999,0,0,9999,0,0,9999,0,0,9999,0,0,8,0,0,9999,0,0,13,0,0,9999,0,0,9999,0,0,9999,0,0,9999,0,0,9999,0,0,9999,0,0
GHCND:USC00242266,DECKER MT US,1076.9,45.03333,-106.85,19760301,9999,0,0,2,0,0,0,0,0,0,0,0,9999,0,0,9999,0,0,9999,0,0,9999,0,0,9999,0,0,51,0,0,9999,0,0,89,0,0,9999,0,0,9999,0,0,9999,0,0,9999,0,0,9999,0,0,9999,0,0
GHCND:USC00242266,DECKER MT US,1076.9,45.03333,-106.85,19760401,9999,0,0,8,0,0,2,0,0,0,0,0,9999,0,0,9999,0,0,9999,0,0,9999,0,0,9999,0,0,180,0,0,9999,0,0,806,0,0,9999,0,0,9999,0,0,9999,0,0,9999,0,0,9999,0,0,9999,0,0
GHCND:USC00242266,DECKER MT US,1076.9,45.03333,-106.85,19760501,9999,0,0,4,0,0,1,0,0,0,0,0,9999,0,0,9999,0,0,9999,0,0,9999,0,0,9999,0,0,180,0,0,0,0,0,345,0,0,0,0,0,9999,0,0,9999,0,0,9999,0,0,9999,0,0,9999,0,0
GHCND:USC00242266,DECKER MT US,1076.9,45.03333,-106.85,19760601,9999,0,0,5,0,0,2,0,0,0,0,0,9999,0,0,9999,0,0,9999,0,0,9999,0,0,9999,0,0,216,0,0,0,0,0,558,0,0,0,0,0,9999,0,0,9999,0,0,9999,0,0,9999,0,0,9999,0,0
GHCND:USC00242266,DECKER MT US,1076.9,45.03333,-106.85,19760701,9999,0,0,2,0,0,1,0,0,0,0,0,9999,0,0,9999,0,0,9999,0,0,9999,0,0,9999,0,0,130,0,0,0,0,0,211,0,0,0,0,0,9999,0,0,9999,0,0,9999,0,0,9999,0,0,9999,0,0
GHCND:USC00242266,DECKER MT US,1076.9,45.03333,-106.85,19760801,9999,0,0,0,0,0,0,0,0,0,0,0,9999,0,0,9999,0,0,9999,0,0,9999,0,0,9999,0,0,0,0,0,0,0,0,0,0,0,0,0,0,9999,0,0,9999,0,0,9999,0,0,9999,0,0,9999,0,0
GHCND:USC00242266,DECKER MT US,1076.9,45.03333,-106.85,19760901,9999,0,0,2,0,0,2,0,0,0,0,0,9999,0,0,9999,0,0,9999,0,0,9999,0,0,9999,0,0,165,0,0,0,0,0,305,0,0,0,0,0,9999,0,0,9999,0,0,9999,0,0,9999,0,0,9999,0,0
GHCND:USC00242266,DECKER MT US,1076.9,45.03333,-106.85,19761001,9999,0,0,3,0,0,0,0,0,0,0,0,9999,0,0,9999,0,0,9999,0,0,9999,0,0,9999,0,0,53,0,0,0,0,0,127,0,0,0,1,1,9999,0,0,9999,0,0,9999,0,0,9999,0,0,9999,0,0
GHCND:USC00242266,DECKER MT US,1076.9,45.03333,-106.85,19761101,9999,0,0,3,0,0,1,0,0,0,0,0,9999,0,0,9999,0,0,9999,0,0,9999,0,0,9999,0,0,127,0,0,9999,0,0,252,0,0,9999,0,0,9999,0,0,9999,0,0,9999,0,0,9999,0,0,9999,0,0
GHCND:USC00242266,DECKER MT US,1076.9,45.03333,-106.85,19761201,9999,0,0,0,0,0,0,0,0,0,0,0,9999,0,0,9999,0,0,9999,0,0,9999,0,0,9999,0,0,20,0,0,9999,0,0,20,0,0,9999,0,0,9999,0,0,9999,0,0,9999,0,0,9999,0,0,9999,0,0
GHCND:USC00242266,DECKER MT US,1076.9,45.03333,-106.85,19770101,9999,0,0,7,0,0,0,0,0,0,0,0,9999,0,0,9999,0,0,9999,0,0,9999,0,0,9999,0,0,71,0,0,9999,0,0,376,0,0,178,8,3,9999,0,0,9999,0,0,9999,0,0,9999,0,0,9999,0,0
GHCND:USC00242266,DECKER MT US,1076.9,45.03333,-106.85,19770301,9999,0,0,4,0,0,0,0,0,0,0,0,9999,0,0,9999,0,0,9999,0,0,9999,0,0,9999,0,0,81,0,0,9999,0,0,256,0,0,9999,0,0,9999,0,0,9999,0,0,9999,0,0,9999,0,0,9999,0,0
GHCND:USC00242266,DECKER MT US,1076.9,45.03333,-106.85,19770401,9999,0,0,2,0,0,0,0,0,0,0,0,9999,0,0,9999,0,0,9999,0,0,9999,0,0,9999,0,0,71,0,0,0,0,0,117,0,0,0,0,0,9999,0,0,9999,0,0,9999,0,0,9999,0,0,9999,0,0
GHCND:USC00242266,DECKER MT US,1076.9,45.03333,-106.85,19770501,9999,0,0,4,0,0,2,0,0,1,0,0,9999,0,0,9999,0,0,9999,0,0,9999,0,0,9999,0,0,338,0,0,0,0,0,671,0,0,0,0,0,9999,0,0,9999,0,0,9999,0,0,9999,0,0,9999,0,0
GHCND:USC00242266,DECKER MT US,1076.9,45.03333,-106.85,19770601,9999,0,0,7,0,0,4,0,0,2,0,0,9999,0,0,9999,0,0,9999,0,0,9999,0,0,9999,0,0,318,0,0,0,0,0,1077,0,0,0,0,0,9999,0,0,9999,0,0,9999,0,0,9999,0,0,9999,0,0
GHCND:USC00242266,DECKER MT US,1076.9,45.03333,-106.85,19770701,9999,0,0,5,0,0,1,0,0,1,0,0,9999,0,0,9999,0,0,9999,0,0,9999,0,0,9999,0,0,254,0,0,0,0,0,543,0,0,0,0,0,9999,0,0,9999,0,0,9999,0,0,9999,0,0,9999,0,0
GHCND:USC00242266,DECKER MT US,1076.9,45.03333,-106.85,19770801,9999,0,0,6,0,0,0,0,0,0,0,0,9999,0,0,9999,0,0,9999,0,0,9999,0,0,9999,0,0,89,0,0,0,0,0,320,0,0,0,0,0,9999,0,0,9999,0,0,9999,0,0,9999,0,0,9999,0,0
GHCND:USC00242266,DECKER MT US,1076.9,45.03333,-106.85,19770901,9999,0,0,5,0,0,1,0,0,0,0,0,9999,0,0,9999,0,0,9999,0,0,9999,0,0,9999,0,0,140,0,0,0,0,0,460,0,0,0,0,0,9999,0,0,9999,0,0,9999,0,0,9999,0,0,9999,0,0
GHCND:USC00242266,DECKER MT US,1076.9,45.03333,-106.85,19771001,9999,0,0,2,0,0,0,0,0,0,0,0,9999,0,0,9999,0,0,9999,0,0,9999,0,0,9999,0,0,109,0,0,0,1,1,194,0,0,0,1,1,9999,0,0,9999,0,0,9999,0,0,9999,0,0,9999,0,0
GHCND:USC00242266,DECKER MT US,1076.9,45.03333,-106.85,19771101,9999,0,0,1,0,0,0,0,0,0,0,0,9999,0,0,9999,0,0,9999,0,0,9999,0,0,9999,0,0,112,0,0,9999,0,0,146,0,0,9999,0,0,9999,0,0,9999,0,0,9999,0,0,9999,0,0,9999,0,0
GHCND:USC00242266,DECKER MT US,1076.9,45.03333,-106.85,19780201,0,1,1,2,0,0,0,0,0,0,0,0,9,1,1,27,1,1,0,1,1,18,1,1,7650,1,1,41,0,0,9999,0,0,87,0,0,9999,0,0,-289,1,1,50,1,1,-167,1,1,-34,1,1,-100,1,1
GHCND:USC00242266,DECKER MT US,1068,45.06667,-106.78333,19780301,0,2,1,1,0,0,0,0,0,0,0,0,3,2,1,24,2,1,0,2,1,4,2,1,5061,2,1,56,0,0,9999,0,0,90,0,0,9999,0,0,-300,2,1,283,2,1,-65,2,1,82,2,1,9,2,1
GHCND:USC00242266,DECKER MT US,1068,45.06667,-106.78333,19780401,9999,0,0,5,0,0,2,0,0,0,0,0,9999,0,0,9999,0,0,9999,0,0,9999,0,0,9999,0,0,178,0,0,0,0,0,529,0,0,0,0,0,9999,0,0,9999,0,0,9999,0,0,9999,0,0,9999,0,0
GHCND:USC00242266,DECKER MT US,1068,45.06667,-106.78333,19780501,9999,0,0,10,0,0,4,0,0,2,0,0,9999,0,0,9999,0,0,9999,0,0,9999,0,0,9999,0,0,521,0,0,0,0,0,1809,0,0,0,0,0,9999,0,0,9999,0,0,9999,0,0,9999,0,0,9999,0,0
GHCND:USC00242266,DECKER MT US,1068,45.06667,-106.78333,19780601,9999,0,0,2,0,0,0,0,0,0,0,0,9999,0,0,9999,0,0,9999,0,0,9999,0,0,9999,0,0,30,0,0,0,0,0,86,0,0,0,0,0,9999,0,0,9999,0,0,9999,0,0,9999,0,0,9999,0,0
GHCND:USC00242266,DECKER MT US,1068,45.06667,-106.78333,19780701,9999,0,0,3,0,0,0,0,0,0,0,0,9999,0,0,9999,0,0,9999,0,0,9999,0,0,9999,0,0,81,0,0,0,0,0,205,0,0,0,0,0,9999,0,0,9999,0,0,9999,0,0,9999,0,0,9999,0,0
GHCND:USC00242266,DECKER MT US,1068,45.06667,-106.78333,19780801,9999,0,0,2,0,0,1,0,0,0,0,0,9999,0,0,9999,0,0,9999,0,0,9999,0,0,9999,0,0,175,0,0,0,0,0,223,0,0,0,0,0,9999,0,0,9999,0,0,9999,0,0,9999,0,0,9999,0,0
GHCND:USC00242266,DECKER MT US,1068,45.06667,-106.78333,19780901,9999,0,0,4,0,0,0,0,0,0,0,0,9999,0,0,9999,0,0,9999,0,0,9999,0,0,9999,0,0,122,0,0,0,0,0,353,0,0,0,0,0,9999,0,0,9999,0,0,9999,0,0,9999,0,0,9999,0,0
GHCND:USC00242266,DECKER MT US,1068,45.06667,-106.78333,19781001,0,0,0,1,0,0,0,0,0,0,0,0,0,0,0,23,0,0,0,0,0,0,0,0,3053,0,0,58,0,0,0,0,0,63,0,0,0,0,0,-94,0,0,289,0,0,-18,0,0,187,0,0,85,0,0
GHCND:USC00242266,DECKER MT US,1068,45.06667,-106.78333,19781101,9999,0,0,3,0,0,1,0,0,1,0,0,9999,0,0,9999,0,0,9999,0,0,9999,0,0,9999,0,0,279,0,0,9999,0,0,387,0,0,9999,0,0,9999,0,0,9999,0,0,9999,0,0,9999,0,0,9999,0,0
GHCND:USC00242266,DECKER MT US,1068,45.06667,-106.78333,19781201,9999,0,0,2,0,0,0,0,0,0,0,0,9999,0,0,9999,0,0,9999,0,0,9999,0,0,9999,0,0,33,0,0,9999,0,0,102,0,0,9999,0,0,9999,0,0,9999,0,0,9999,0,0,9999,0,0,9999,0,0
GHCND:USC00242266,DECKER MT US,1068,45.06667,-106.78333,19790101,9999,0,0,2,0,0,0,0,0,0,0,0,9999,0,0,9999,0,0,9999,0,0,9999,0,0,9999,0,0,51,0,0,9999,0,0,133,0,0,9999,0,0,9999,0,0,9999,0,0,9999,0,0,9999,0,0,9999,0,0
GHCND:USC00242266,DECKER MT US,1068,45.06667,-106.78333,19790201,9999,0,0,1,0,0,0,0,0,0,0,0,9999,0,0,9999,0,0,9999,0,0,9999,0,0,9999,0,0,36,0,0,9999,0,0,63,0,0,79,3,2,9999,0,0,9999,0,0,9999,0,0,9999,0,0,9999,0,0
GHCND:USC00242266,DECKER MT US,1068,45.06667,-106.78333,19790301,9999,0,0,1,0,0,0,0,0,0,0,0,9999,0,0,9999,0,0,9999,0,0,9999,0,0,9999,0,0,25,0,0,9999,0,0,57,0,0,9999,0,0,9999,0,0,9999,0,0,9999,0,0,9999,0,0,9999,0,0
GHCND:USC00242266,DECKER MT US,1068,45.06667,-106.78333,19790401,9999,0,0,4,0,0,0,0,0,0,0,0,9999,0,0,9999,0,0,9999,0,0,9999,0,0,9999,0,0,122,0,0,9999,0,0,326,0,0,9999,0,0,9999,0,0,9999,0,0,9999,0,0,9999,0,0,9999,0,0
GHCND:USC00242266,DECKER MT US,1068,45.06667,-106.78333,19790501,9999,0,0,4,0,0,1,0,0,0,0,0,9999,0,0,9999,0,0,9999,0,0,9999,0,0,9999,0,0,145,0,0,0,0,0,396,0,0,0,1,1,9999,0,0,9999,0,0,9999,0,0,9999,0,0,9999,0,0
GHCND:USC00242266,DECKER MT US,1068,45.06667,-106.78333,19790601,9999,0,0,2,0,0,0,0,0,0,0,0,9999,0,0,9999,0,0,9999,0,0,9999,0,0,9999,0,0,89,0,0,0,0,0,206,0,0,0,0,0,9999,0,0,9999,0,0,9999,0,0,9999,0,0,9999,0,0
GHCND:USC00242266,DECKER MT US,1068,45.06667,-106.78333,19790701,9999,0,0,4,0,0,1,0,0,0,0,0,9999,0,0,9999,0,0,9999,0,0,9999,0,0,9999,0,0,127,0,0,0,0,0,335,0,0,0,0,0,9999,0,0,9999,0,0,9999,0,0,9999,0,0,9999,0,0
GHCND:USC00242266,DECKER MT US,1068,45.06667,-106.78333,19790801,9999,0,0,2,0,0,0,0,0,0,0,0,9999,0,0,9999,0,0,9999,0,0,9999,0,0,9999,0,0,107,0,0,0,0,0,206,0,0,0,0,0,9999,0,0,9999,0,0,9999,0,0,9999,0,0,9999,0,0
GHCND:USC00242266,DECKER MT US,1068,45.06667,-106.78333,19790901,9999,0,0,2,0,0,0,0,0,0,0,0,9999,0,0,9999,0,0,9999,0,0,9999,0,0,9999,0,0,79,0,0,0,0,0,128,0,0,0,0,0,9999,0,0,9999,0,0,9999,0,0,9999,0,0,9999,0,0
GHCND:USC00242266,DECKER MT US,1068,45.06667,-106.78333,19791001,9999,0,0,2,0,0,1,0,0,0,0,0,9999,0,0,9999,0,0,9999,0,0,9999,0,0,9999,0,0,191,0,0,0,0,0,285,0,0,0,0,0,9999,0,0,9999,0,0,9999,0,0,9999,0,0,9999,0,0
GHCND:USC00242266,DECKER MT US,1068,45.06667,-106.78333,19791101,9999,0,0,3,0,0,1,0,0,0,0,0,9999,0,0,9999,0,0,9999,0,0,9999,0,0,9999,0,0,229,0,0,9999,0,0,320,0,0,9999,0,0,9999,0,0,9999,0,0,9999,0,0,9999,0,0,9999,0,0
GHCND:USC00242266,DECKER MT US,1068,45.06667,-106.78333,19791201,9999,0,0,0,0,0,0,0,0,0,0,0,9999,0,0,9999,0,0,9999,0,0,9999,0,0,9999,0,0,23,0,0,9999,0,0,23,0,0,61,0,0,9999,0,0,9999,0,0,9999,0,0,9999,0,0,9999,0,0
GHCND:USC00242266,DECKER MT US,1068,45.06667,-106.78333,19800101,9999,0,0,0,0,0,0,0,0,0,0,0,9999,0,0,9999,0,0,9999,0,0,9999,0,0,9999,0,0,23,0,0,9999,0,0,54,0,0,171,0,0,9999,0,0,9999,0,0,9999,0,0,9999,0,0,9999,0,0
GHCND:USC00242266,DECKER MT US,1068,45.06667,-106.78333,19800201,9999,0,0,2,0,0,0,0,0,0,0,0,9999,0,0,9999,0,0,9999,0,0,9999,0,0,9999,0,0,51,0,0,9999,0,0,118,0,0,333,0,0,9999,0,0,9999,0,0,9999,0,0,9999,0,0,9999,0,0
GHCND:USC00242266,DECKER MT US,1068,45.06667,-106.78333,19800301,9999,0,0,7,0,0,0,0,0,0,0,0,9999,0,0,9999,0,0,9999,0,0,9999,0,0,9999,0,0,61,0,0,9999,0,0,301,0,0,388,0,0,9999,0,0,9999,0,0,9999,0,0,9999,0,0,9999,0,0
GHCND:USC00242266,DECKER MT US,1068,45.06667,-106.78333,19800401,9999,0,0,1,0,0,0,0,0,0,0,0,9999,0,0,9999,0,0,9999,0,0,9999,0,0,9999,0,0,25,0,0,9999,0,0,76,0,0,9999,0,0,9999,0,0,9999,0,0,9999,0,0,9999,0,0,9999,0,0
GHCND:USC00242266,DECKER MT US,1068,45.06667,-106.78333,19800501,9999,0,0,6,0,0,4,0,0,3,0,0,9999,0,0,9999,0,0,9999,0,0,9999,0,0,9999,0,0,363,0,0,0,0,0,1284,0,0,0,0,0,9999,0,0,9999,0,0,9999,0,0,9999,0,0,9999,0,0
GHCND:USC00242266,DECKER MT US,1068,45.06667,-106.78333,19800601,9999,0,0,3,0,0,1,0,0,0,0,0,9999,0,0,9999,0,0,9999,0,0,9999,0,0,9999,0,0,218,0,0,0,0,0,386,0,0,0,0,0,9999,0,0,9999,0,0,9999,0,0,9999,0,0,9999,0,0
GHCND:USC00242266,DECKER MT US,1068,45.06667,-106.78333,19800701,9999,0,0,3,0,0,0,0,0,0,0,0,9999,0,0,9999,0,0,9999,0,0,9999,0,0,9999,0,0,43,0,0,0,0,0,132,0,0,0,0,0,9999,0,0,9999,0,0,9999,0,0,9999,0,0,9999,0,0
GHCND:USC00242266,DECKER MT US,1068,45.06667,-106.78333,19800801,9999,0,0,1,0,0,0,0,0,0,0,0,9999,0,0,9999,0,0,9999,0,0,9999,0,0,9999,0,0,56,0,0,0,0,0,136,0,0,0,0,0,9999,0,0,9999,0,0,9999,0,0,9999,0,0,9999,0,0
GHCND:USC00242266,DECKER MT US,1068,45.06667,-106.78333,19800901,9999,0,0,2,0,0,0,0,0,0,0,0,9999,0,0,9999,0,0,9999,0,0,9999,0,0,9999,0,0,66,0,0,0,0,0,157,0,0,0,0,0,9999,0,0,9999,0,0,9999,0,0,9999,0,0,9999,0,0
GHCND:USC00242266,DECKER MT US,1067.1,45.06667,-106.78333,19801001,9999,0,0,2,0,0,0,0,0,0,0,0,9999,0,0,9999,0,0,9999,0,0,9999,0,0,9999,0,0,81,0,0,0,0,0,106,0,0,0,1,1,9999,0,0,9999,0,0,9999,0,0,9999,0,0,9999,0,0
GHCND:USC00242266,DECKER MT US,1067.1,45.06667,-106.78333,19801101,9999,0,0,2,0,0,0,0,0,0,0,0,9999,0,0,9999,0,0,9999,0,0,9999,0,0,9999,0,0,89,0,0,9999,0,0,117,0,0,317,0,0,9999,0,0,9999,0,0,9999,0,0,9999,0,0,9999,0,0
GHCND:USC00242266,DECKER MT US,1067.1,45.06667,-106.78333,19801201,9999,0,0,0,0,0,0,0,0,0,0,0,9999,0,0,9999,0,0,9999,0,0,9999,0,0,9999,0,0,20,0,0,279,16,16,40,0,0,0,2,1,9999,0,0,9999,0,0,9999,0,0,9999,0,0,9999,0,0
GHCND:USC00242266,DECKER MT US,1067.1,45.06667,-106.78333,19810101,9999,0,0,0,0,0,0,0,0,0,0,0,9999,0,0,9999,0,0,9999,0,0,9999,0,0,9999,0,0,5,0,0,51,2,2,10,0,0,0,1,1,9999,0,0,9999,0,0,9999,0,0,9999,0,0,9999,0,0
GHCND:USC00242266,DECKER MT US,1067.1,45.06667,-106.78333,19810201,9999,0,0,1,0,0,0,0,0,0,0,0,9999,0,0,9999,0,0,9999,0,0,9999,0,0,9999,0,0,25,0,0,76,9,5,68,0,0,139,0,0,9999,0,0,9999,0,0,9999,0,0,9999,0,0,9999,0,0
GHCND:USC00242266,DECKER MT US,1067.1,45.06667,-106.78333,19810301,9999,0,0,0,0,0,0,0,0,0,0,0,9999,0,0,9999,0,0,9999,0,0,9999,0,0,9999,0,0,15,0,0,0,0,0,36,0,0,3,0,0,9999,0,0,9999,0,0,9999,0,0,9999,0,0,9999,0,0
GHCND:USC00242266,DECKER MT US,1067.1,45.06667,-106.78333,19810401,9999,0,0,0,0,0,0,0,0,0,0,0,9999,0,0,9999,0,0,9999,0,0,9999,0,0,9999,0,0,13,0,0,0,0,0,39,0,0,0,0,0,9999,0,0,9999,0,0,9999,0,0,9999,0,0,9999,0,0
GHCND:USC00242266,DECKER MT US,1067.1,45.06667,-106.78333,19810501,9999,0,0,10,0,0,4,0,0,1,0,0,9999,0,0,9999,0,0,9999,0,0,9999,0,0,9999,0,0,546,0,0,0,0,0,1440,0,0,0,0,0,9999,0,0,9999,0,0,9999,0,0,9999,0,0,9999,0,0
GHCND:USC00242266,DECKER MT US,1067.1,45.06667,-106.78333,19810601,9999,0,0,6,0,0,1,0,0,0,0,0,9999,0,0,9999,0,0,9999,0,0,9999,0,0,9999,0,0,180,0,0,0,0,0,526,0,0,0,0,0,9999,0,0,9999,0,0,9999,0,0,9999,0,0,9999,0,0
GHCND:USC00242266,DECKER MT US,1067.1,45.06667,-106.78333,19810701,9999,0,0,4,0,0,1,0,0,0,0,0,9999,0,0,9999,0,0,9999,0,0,9999,0,0,9999,0,0,249,0,0,0,0,0,464,0,0,0,0,0,9999,0,0,9999,0,0,9999,0,0,9999,0,0,9999,0,0
GHCND:USC00242266,DECKER MT US,1067.1,45.06667,-106.78333,19810801,9999,0,0,1,0,0,0,0,0,0,0,0,9999,0,0,9999,0,0,9999,0,0,9999,0,0,9999,0,0,30,0,0,0,0,0,50,0,0,0,0,0,9999,0,0,9999,0,0,9999,0,0,9999,0,0,9999,0,0
GHCND:USC00242266,DECKER MT US,1067.1,45.06667,-106.78333,19810901,9999,0,0,2,0,0,0,0,0,0,0,0,9999,0,0,9999,0,0,9999,0,0,9999,0,0,9999,0,0,89,0,0,0,0,0,157,0,0,0,0,0,9999,0,0,9999,0,0,9999,0,0,9999,0,0,9999,0,0
GHCND:USC00242266,DECKER MT US,1067.1,45.06667,-106.78333,19811001,9999,0,0,3,0,0,0,0,0,0,0,0,9999,0,0,9999,0,0,9999,0,0,9999,0,0,9999,0,0,66,0,0,76,0,0,178,0,0,64,0,0,9999,0,0,9999,0,0,9999,0,0,9999,0,0,9999,0,0
GHCND:USC00242266,DECKER MT US,1067.1,45.06667,-106.78333,19811101,9999,0,0,0,0,0,0,0,0,0,0,0,9999,0,0,9999,0,0,9999,0,0,9999,0,0,9999,0,0,0,0,0,0,0,0,0,0,0,9999,0,0,9999,0,0,9999,0,0,9999,0,0,9999,0,0,9999,0,0
GHCND:USC00242266,DECKER MT US,1067.1,45.06667,-106.78333,19811201,9999,0,0,1,0,0,0,0,0,0,0,0,9999,0,0,9999,0,0,9999,0,0,9999,0,0,9999,0,0,41,0,0,127,14,14,59,0,0,132,0,0,9999,0,0,9999,0,0,9999,0,0,9999,0,0,9999,0,0
GHCND:USC00242266,DECKER MT US,1067.1,45.06667,-106.78333,19820101,9999,0,0,1,0,0,0,0,0,0,0,0,9999,0,0,9999,0,0,9999,0,0,9999,0,0,9999,0,0,25,0,0,1016,22,6,79,0,0,136,0,0,9999,0,0,9999,0,0,9999,0,0,9999,0,0,9999,0,0
GHCND:USC00242266,DECKER MT US,1067.1,45.06667,-106.78333,19820201,9999,0,0,0,0,0,0,0,0,0,0,0,9999,0,0,9999,0,0,9999,0,0,9999,0,0,9999,0,0,18,0,0,102,4,4,58,0,0,51,0,0,9999,0,0,9999,0,0,9999,0,0,9999,0,0,9999,0,0
GHCND:USC00242266,DECKER MT US,1067.1,45.06667,-106.78333,19820301,9999,0,0,1,0,0,0,0,0,0,0,0,9999,0,0,9999,0,0,9999,0,0,9999,0,0,9999,0,0,41,0,0,127,24,16,142,0,0,207,0,0,9999,0,0,9999,0,0,9999,0,0,9999,0,0,9999,0,0
GHCND:USC00242266,DECKER MT US,1067.1,45.06667,-106.78333,19820401,9999,0,0,2,0,0,0,0,0,0,0,0,9999,0,0,9999,0,0,9999,0,0,9999,0,0,9999,0,0,30,0,0,25,0,0,126,0,0,33,0,0,9999,0,0,9999,0,0,9999,0,0,9999,0,0,9999,0,0
GHCND:USC00242266,DECKER MT US,1067.1,45.06667,-106.78333,19820501,9999,0,0,5,0,0,0,0,0,0,0,0,9999,0,0,9999,0,0,9999,0,0,9999,0,0,9999,0,0,114,0,0,0,0,0,330,0,0,9999,0,0,9999,0,0,9999,0,0,9999,0,0,9999,0,0,9999,0,0
GHCND:USC00242266,DECKER MT US,1067.1,45.06667,-106.78333,19820601,9999,0,0,8,0,0,1,0,0,0,0,0,9999,0,0,9999,0,0,9999,0,0,9999,0,0,9999,0,0,155,0,0,0,0,0,591,0,0,0,0,0,9999,0,0,9999,0,0,9999,0,0,9999,0,0,9999,0,0
GHCND:USC00242266,DECKER MT US,1067.1,45.06667,-106.78333,19820701,9999,0,0,3,0,0,1,0,0,1,0,0,9999,0,0,9999,0,0,9999,0,0,9999,0,0,9999,0,0,254,0,0,0,0,0,361,0,0,0,0,0,9999,0,0,9999,0,0,9999,0,0,9999,0,0,9999,0,0
GHCND:USC00242266,DECKER MT US,1067.1,45.06667,-106.78333,19820801,9999,0,0,3,0,0,0,0,0,0,0,0,9999,0,0,9999,0,0,9999,0,0,9999,0,0,9999,0,0,48,0,0,0,0,0,134,0,0,0,0,0,9999,0,0,9999,0,0,9999,0,0,9999,0,0,9999,0,0
GHCND:USC00242266,DECKER MT US,1067.1,45.06667,-106.78333,19820901,9999,0,0,4,0,0,3,0,0,0,0,0,9999,0,0,9999,0,0,9999,0,0,9999,0,0,9999,0,0,188,0,0,51,0,0,546,0,0,51,0,0,9999,0,0,9999,0,0,9999,0,0,9999,0,0,9999,0,0
GHCND:USC00242266,DECKER MT US,1067.1,45.06667,-106.78333,19821001,9999,0,0,1,0,0,0,0,0,0,0,0,9999,0,0,9999,0,0,9999,0,0,9999,0,0,9999,0,0,30,0,0,0,0,0,71,0,0,25,0,0,9999,0,0,9999,0,0,9999,0,0,9999,0,0,9999,0,0
GHCND:USC00242266,DECKER MT US,1067.1,45.06667,-106.78333,19821101,9999,0,0,0,0,0,0,0,0,0,0,0,9999,0,0,9999,0,0,9999,0,0,9999,0,0,9999,0,0,13,0,0,0,0,0,31,0,0,25,0,0,9999,0,0,9999,0,0,9999,0,0,9999,0,0,9999,0,0
GHCND:USC00242266,DECKER MT US,1067.1,45.06667,-106.78333,19821201,9999,0,0,3,0,0,0,0,0,0,0,0,9999,0,0,9999,0,0,9999,0,0,9999,0,0,9999,0,0,38,0,0,152,10,5,145,0,0,382,0,0,9999,0,0,9999,0,0,9999,0,0,9999,0,0,9999,0,0
GHCND:USC00242266,DECKER MT US,1067.1,45.06667,-106.78333,19830101,9999,0,0,0,0,0,0,0,0,0,0,0,9999,0,0,9999,0,0,9999,0,0,9999,0,0,9999,0,0,5,0,0,25,5,5,10,0,0,23,0,0,9999,0,0,9999,0,0,9999,0,0,9999,0,0,9999,0,0
GHCND:USC00242266,DECKER MT US,1067.1,45.06667,-106.78333,19830201,9999,0,0,0,0,0,0,0,0,0,0,0,9999,0,0,9999,0,0,9999,0,0,9999,0,0,9999,0,0,3,0,0,0,3,3,3,0,0,8,1,1,9999,0,0,9999,0,0,9999,0,0,9999,0,0,9999,0,0
GHCND:USC00242266,DECKER MT US,1067.1,45.06667,-106.78333,19830301,9999,0,0,1,0,0,0,0,0,0,0,0,9999,0,0,9999,0,0,9999,0,0,9999,0,0,9999,0,0,25,0,0,0,0,0,35,0,0,0,0,0,9999,0,0,9999,0,0,9999,0,0,9999,0,0,9999,0,0
GHCND:USC00242266,DECKER MT US,1067.1,45.06667,-106.78333,19830401,9999,0,0,2,0,0,0,0,0,0,0,0,9999,0,0,9999,0,0,9999,0,0,9999,0,0,9999,0,0,81,0,0,0,29,29,160,0,0,9999,0,0,9999,0,0,9999,0,0,9999,0,0,9999,0,0,9999,0,0
GHCND:USC00242266,DECKER MT US,1067.1,45.06667,-106.78333,19830501,9999,0,0,4,0,0,0,0,0,0,0,0,9999,0,0,9999,0,0,9999,0,0,9999,0,0,9999,0,0,109,0,0,0,3,3,280,0,0,0,2,2,9999,0,0,9999,0,0,9999,0,0,9999,0,0,9999,0,0
GHCND:USC00242266,DECKER MT US,1067.1,45.06667,-106.78333,19830601,9999,0,0,4,0,0,0,0,0,0,0,0,9999,0,0,9999,0,0,9999,0,0,9999,0,0,9999,0,0,102,0,0,0,0,0,281,0,0,0,0,0,9999,0,0,9999,0,0,9999,0,0,9999,0,0,9999,0,0
GHCND:USC00242266,DECKER MT US,1067.1,45.06667,-106.78333,19830701,9999,0,0,1,0,0,0,0,0,0,0,0,9999,0,0,9999,0,0,9999,0,0,9999,0,0,9999,0,0,25,0,0,0,0,0,50,0,0,0,0,0,9999,0,0,9999,0,0,9999,0,0,9999,0,0,9999,0,0
GHCND:USC00242266,DECKER MT US,1067.1,45.06667,-106.78333,19830801,9999,0,0,5,0,0,1,0,0,0,0,0,9999,0,0,9999,0,0,9999,0,0,9999,0,0,9999,0,0,183,0,0,0,0,0,383,0,0,0,0,0,9999,0,0,9999,0,0,9999,0,0,9999,0,0,9999,0,0
GHCND:USC00242266,DECKER MT US,1067.1,45.06667,-106.78333,19830901,9999,0,0,4,0,0,0,0,0,0,0,0,9999,0,0,9999,0,0,9999,0,0,9999,0,0,9999,0,0,114,0,0,0,1,1,253,0,0,0,2,2,9999,0,0,9999,0,0,9999,0,0,9999,0,0,9999,0,0
GHCND:USC00242266,DECKER MT US,1067.1,45.06667,-106.78333,19831001,9999,0,0,4,0,0,0,0,0,0,0,0,9999,0,0,9999,0,0,9999,0,0,9999,0,0,9999,0,0,109,0,0,0,0,0,369,0,0,0,0,0,9999,0,0,9999,0,0,9999,0,0,9999,0,0,9999,0,0
GHCND:USC00242266,DECKER MT US,1067.1,45.06667,-106.78333,19831101,9999,0,0,5,0,0,0,0,0,0,0,0,9999,0,0,9999,0,0,9999,0,0,9999,0,0,9999,0,0,51,0,0,102,4,2,182,0,0,0,3,1,9999,0,0,9999,0,0,9999,0,0,9999,0,0,9999,0,0
GHCND:USC00242266,DECKER MT US,1067.1,45.06667,-106.78333,19831201,9999,0,0,2,0,0,0,0,0,0,0,0,9999,0,0,9999,0,0,9999,0,0,9999,0,0,9999,0,0,46,0,0,9999,0,0,104,0,0,381,0,0,9999,0,0,9999,0,0,9999,0,0,9999,0,0,9999,0,0
GHCND:USC00242266,DECKER MT US,1067.1,45.06667,-106.78333,19840101,9999,0,0,2,0,0,0,0,0,0,0,0,9999,0,0,9999,0,0,9999,0,0,9999,0,0,9999,0,0,25,0,0,9999,0,0,50,0,0,102,0,0,9999,0,0,9999,0,0,9999,0,0,9999,0,0,9999,0,0
GHCND:USC00242266,DECKER MT US,1067.1,45.06667,-106.78333,19840201,9999,0,0,0,0,0,0,0,0,0,0,0,9999,0,0,9999,0,0,9999,0,0,9999,0,0,9999,0,0,0,0,0,0,19,19,0,0,0,51,0,0,9999,0,0,9999,0,0,9999,0,0,9999,0,0,9999,0,0
GHCND:USC00242266,DECKER MT US,1067.1,45.06667,-106.78333,19840301,9999,0,0,4,0,0,0,0,0,0,0,0,9999,0,0,9999,0,0,9999,0,0,9999,0,0,9999,0,0,76,0,0,76,6,5,254,0,0,64,0,0,9999,0,0,9999,0,0,9999,0,0,9999,0,0,9999,0,0
GHCND:USC00242266,DECKER MT US,1067.1,45.06667,-106.78333,19840401,9999,0,0,5,0,0,1,0,0,0,0,0,9999,0,0,9999,0,0,9999,0,0,9999,0,0,9999,0,0,165,0,0,9999,0,0,407,0,0,9999,0,0,9999,0,0,9999,0,0,9999,0,0,9999,0,0,9999,0,0
GHCND:USC00242266,DECKER MT US,1067.1,45.06667,-106.78333,19840501,9999,0,0,3,0,0,1,0,0,0,0,0,9999,0,0,9999,0,0,9999,0,0,9999,0,0,9999,0,0,211,0,0,0,2,2,356,0,0,0,1,1,9999,0,0,9999,0,0,9999,0,0,9999,0,0,9999,0,0
GHCND:USC00242266,DECKER MT US,1067.1,45.06667,-106.78333,19840601,9999,0,0,8,0,0,2,0,0,0,0,0,9999,0,0,9999,0,0,9999,0,0,9999,0,0,9999,0,0,216,0,0,0,0,0,653,0,0,0,0,0,9999,0,0,9999,0,0,9999,0,0,9999,0,0,9999,0,0
GHCND:USC00242266,DECKER MT US,1067.1,45.06667,-106.78333,19840701,9999,0,0,3,0,0,0,0,0,0,0,0,9999,0,0,9999,0,0,9999,0,0,9999,0,0,9999,0,0,38,0,0,0,0,0,114,0,0,0,0,0,9999,0,0,9999,0,0,9999,0,0,9999,0,0,9999,0,0
GHCND:USC00242266,DECKER MT US,1067.1,45.06667,-106.78333,19840801,9999,0,0,2,0,0,0,0,0,0,0,0,9999,0,0,9999,0,0,9999,0,0,9999,0,0,9999,0,0,51,0,0,0,0,0,107,0,0,0,0,0,9999,0,0,9999,0,0,9999,0,0,9999,0,0,9999,0,0
GHCND:USC00242266,DECKER MT US,1067.1,45.06667,-106.78333,19840901,9999,0,0,3,0,0,1,0,0,1,0,0,9999,0,0,9999,0,0,9999,0,0,9999,0,0,9999,0,0,305,0,0,0,6,6,508,0,0,254,1,1,9999,0,0,9999,0,0,9999,0,0,9999,0,0,9999,0,0
GHCND:USC00242266,DECKER MT US,1067.1,45.06667,-106.78333,19841001,9999,0,0,0,0,0,0,0,0,0,0,0,9999,0,0,9999,0,0,9999,0,0,9999,0,0,9999,0,0,8,0,0,9999,0,0,8,0,0,9999,0,0,9999,0,0,9999,0,0,9999,0,0,9999,0,0,9999,0,0
GHCND:USC00242266,DECKER MT US,1067.1,45.06667,-106.78333,19841101,9999,0,0,1,0,0,1,0,0,0,0,0,9999,0,0,9999,0,0,9999,0,0,9999,0,0,9999,0,0,147,0,0,51,4,3,160,0,0,0,2,1,9999,0,0,9999,0,0,9999,0,0,9999,0,0,9999,0,0
GHCND:USC00242266,DECKER MT US,1067.1,45.06667,-106.78333,19841201,9999,0,0,1,0,0,1,0,0,0,0,0,9999,0,0,9999,0,0,9999,0,0,9999,0,0,9999,0,0,140,0,0,9999,0,0,173,0,0,267,0,0,9999,0,0,9999,0,0,9999,0,0,9999,0,0,9999,0,0
GHCND:USC00242266,DECKER MT US,1067.1,45.06667,-106.78333,19850101,9999,0,0,2,0,0,0,0,0,0,0,0,9999,0,0,9999,0,0,9999,0,0,9999,0,0,9999,0,0,25,0,0,9999,0,0,76,0,0,228,0,0,9999,0,0,9999,0,0,9999,0,0,9999,0,0,9999,0,0
GHCND:USC00242266,DECKER MT US,1067.1,45.06667,-106.78333,19850201,9999,0,0,1,0,0,0,0,0,0,0,0,9999,0,0,9999,0,0,9999,0,0,9999,0,0,9999,0,0,25,0,0,9999,0,0,54,0,0,51,0,0,9999,0,0,9999,0,0,9999,0,0,9999,0,0,9999,0,0
GHCND:USC00242266,DECKER MT US,1067.1,45.06667,-106.78333,19850301,9999,0,0,4,0,0,0,0,0,0,0,0,9999,0,0,9999,0,0,9999,0,0,9999,0,0,9999,0,0,89,0,0,9999,0,0,221,0,0,203,0,0,9999,0,0,9999,0,0,9999,0,0,9999,0,0,9999,0,0
GHCND:USC00242266,DECKER MT US,1067.1,45.06667,-106.78333,19850401,9999,0,0,6,0,0,0,0,0,0,0,0,9999,0,0,9999,0,0,9999,0,0,9999,0,0,9999,0,0,64,0,0,9999,0,0,275,0,0,9999,0,0,9999,0,0,9999,0,0,9999,0,0,9999,0,0,9999,0,0
GHCND:USC00242266,DECKER MT US,1067.1,45.06667,-106.78333,19850501,9999,0,0,4,0,0,0,0,0,0,0,0,9999,0,0,9999,0,0,9999,0,0,9999,0,0,9999,0,0,109,0,0,0,0,0,298,0,0,0,0,0,9999,0,0,9999,0,0,9999,0,0,9999,0,0,9999,0,0
GHCND:USC00242266,DECKER MT US,1067.1,45.06667,-106.78333,19850601,9999,0,0,6,0,0,0,0,0,0,0,0,9999,0,0,9999,0,0,9999,0,0,9999,0,0,9999,0,0,76,0,0,0,0,0,330,0,0,0,0,0,9999,0,0,9999,0,0,9999,0,0,9999,0,0,9999,0,0
GHCND:USC00242266,DECKER MT US,1067.1,45.06667,-106.78333,19850701,9999,0,0,5,0,0,1,0,0,0,0,0,9999,0,0,9999,0,0,9999,0,0,9999,0,0,9999,0,0,191,0,0,0,0,0,366,0,0,0,0,0,9999,0,0,9999,0,0,9999,0,0,9999,0,0,9999,0,0
GHCND:USC00242266,DECKER MT US,1067.1,45.06667,-106.78333,19850801,9999,0,0,3,0,0,1,0,0,0,0,0,9999,0,0,9999,0,0,9999,0,0,9999,0,0,9999,0,0,140,0,0,0,0,0,229,0,0,0,0,0,9999,0,0,9999,0,0,9999,0,0,9999,0,0,9999,0,0
GHCND:USC00242266,DECKER MT US,1067.1,45.06667,-106.78333,19850901,9999,0,0,4,0,0,1,0,0,0,0,0,9999,0,0,9999,0,0,9999,0,0,9999,0,0,9999,0,0,173,0,0,0,6,6,327,0,0,0,3,2,9999,0,0,9999,0,0,9999,0,0,9999,0,0,9999,0,0
GHCND:USC00242266,DECKER MT US,1067.1,45.06667,-106.78333,19851001,9999,0,0,3,0,0,0,0,0,0,0,0,9999,0,0,9999,0,0,9999,0,0,9999,0,0,9999,0,0,51,0,0,9999,0,0,127,0,0,9999,0,0,9999,0,0,9999,0,0,9999,0,0,9999,0,0,9999,0,0
GHCND:USC00242266,DECKER MT US,1067.1,45.06667,-106.78333,19851101,9999,0,0,4,0,0,0,0,0,0,0,0,9999,0,0,9999,0,0,9999,0,0,9999,0,0,9999,0,0,89,0,0,9999,0,0,256,0,0,190,27,15,9999,0,0,9999,0,0,9999,0,0,9999,0,0,9999,0,0
GHCND:USC00242266,DECKER MT US,1067.1,45.06667,-106.78333,19851201,9999,0,0,1,0,0,0,0,0,0,0,0,9999,0,0,9999,0,0,9999,0,0,9999,0,0,9999,0,0,25,0,0,9999,0,0,51,0,0,9999,0,0,9999,0,0,9999,0,0,9999,0,0,9999,0,0,9999,0,0
GHCND:USC00242266,DECKER MT US,1067.1,45.06667,-106.78333,19860101,9999,0,0,1,0,0,0,0,0,0,0,0,9999,0,0,9999,0,0,9999,0,0,9999,0,0,9999,0,0,64,0,0,102,19,19,77,0,0,9999,0,0,9999,0,0,9999,0,0,9999,0,0,9999,0,0,9999,0,0
GHCND:USC00242266,DECKER MT US,1067.1,45.06667,-106.78333,19860201,9999,0,0,4,0,0,0,0,0,0,0,0,9999,0,0,9999,0,0,9999,0,0,9999,0,0,9999,0,0,114,0,0,127,3,3,290,0,0,9999,0,0,9999,0,0,9999,0,0,9999,0,0,9999,0,0,9999,0,0
GHCND:USC00242266,DECKER MT US,1066.8,45.06667,-106.78333,19860301,9999,0,0,5,0,0,0,0,0,0,0,0,9999,0,0,9999,0,0,9999,0,0,9999,0,0,9999,0,0,76,0,0,9999,0,0,339,0,0,9999,0,0,9999,0,0,9999,0,0,9999,0,0,9999,0,0,9999,0,0
GHCND:USC00242266,DECKER MT US,1066.8,45.06667,-106.78333,19860401,9999,0,0,0,0,0,0,0,0,0,0,0,9999,0,0,9999,0,0,9999,0,0,9999,0,0,9999,0,0,13,0,0,25,12,12,57,0,0,9999,0,0,9999,0,0,9999,0,0,9999,0,0,9999,0,0,9999,0,0
GHCND:USC00242266,DECKER MT US,1066.8,45.06667,-106.78333,19860501,9999,0,0,4,0,0,1,0,0,0,0,0,9999,0,0,9999,0,0,9999,0,0,9999,0,0,9999,0,0,137,0,0,0,0,0,387,0,0,0,0,0,9999,0,0,9999,0,0,9999,0,0,9999,0,0,9999,0,0
GHCND:USC00242266,DECKER MT US,1066.8,45.06667,-106.78333,19860601,9999,0,0,5,0,0,1,0,0,1,0,0,9999,0,0,9999,0,0,9999,0,0,9999,0,0,9999,0,0,673,0,0,0,0,0,925,0,0,0,0,0,9999,0,0,9999,0,0,9999,0,0,9999,0,0,9999,0,0
GHCND:USC00242266,DECKER MT US,1066.8,45.06667,-106.78333,19860701,9999,0,0,0,0,0,0,0,0,0,0,0,9999,0,0,9999,0,0,9999,0,0,9999,0,0,9999,0,0,18,0,0,0,0,0,52,0,0,0,0,0,9999,0,0,9999,0,0,9999,0,0,9999,0,0,9999,0,0
GHCND:USC00242266,DECKER MT US,1066.8,45.06667,-106.78333,19860801,9999,0,0,2,0,0,0,0,0,0,0,0,9999,0,0,9999,0,0,9999,0,0,9999,0,0,9999,0,0,64,0,0,0,0,0,100,0,0,0,0,0,9999,0,0,9999,0,0,9999,0,0,9999,0,0,9999,0,0
GHCND:USC00242266,DECKER MT US,1066.8,45.06667,-106.78333,19860901,9999,0,0,6,0,0,1,0,0,0,0,0,9999,0,0,9999,0,0,9999,0,0,9999,0,0,9999,0,0,127,0,0,0,0,0,440,0,0,0,0,0,9999,0,0,9999,0,0,9999,0,0,9999,0,0,9999,0,0
GHCND:USC00242266,DECKER MT US,1066.8,45.06667,-106.78333,19861001,9999,0,0,1,0,0,0,0,0,0,0,0,9999,0,0,9999,0,0,9999,0,0,9999,0,0,9999,0,0,102,0,0,9999,0,0,166,0,0,9999,0,0,9999,0,0,9999,0,0,9999,0,0,9999,0,0,9999,0,0
GHCND:USC00242266,DECKER MT US,1066.8,45.06667,-106.78333,19861101,9999,0,0,4,0,0,0,0,0,0,0,0,9999,0,0,9999,0,0,9999,0,0,9999,0,0,9999,0,0,109,0,0,9999,0,0,261,0,0,9999,0,0,9999,0,0,9999,0,0,9999,0,0,9999,0,0,9999,0,0
GHCND:USC00242266,DECKER MT US,1066.8,45.06667,-106.78333,19861201,9999,0,0,0,0,0,0,0,0,0,0,0,9999,0,0,9999,0,0,9999,0,0,9999,0,0,9999,0,0,0,0,0,0,0,0,0,0,0,0,0,0,9999,0,0,9999,0,0,9999,0,0,9999,0,0,9999,0,0
GHCND:USC00242266,DECKER MT US,1066.8,45.06667,-106.78333,19870101,9999,0,0,1,0,0,0,0,0,0,0,0,9999,0,0,9999,0,0,9999,0,0,9999,0,0,9999,0,0,38,0,0,9999,0,0,51,0,0,9999,0,0,9999,0,0,9999,0,0,9999,0,0,9999,0,0,9999,0,0
GHCND:USC00242266,DECKER MT US,1066.8,45.06667,-106.78333,19870201,9999,0,0,1,0,0,0,0,0,0,0,0,9999,0,0,9999,0,0,9999,0,0,9999,0,0,9999,0,0,64,0,0,9999,0,0,103,0,0,9999,0,0,9999,0,0,9999,0,0,9999,0,0,9999,0,0,9999,0,0
GHCND:USC00242266,DECKER MT US,1066.8,45.06667,-106.78333,19870301,9999,0,0,1,0,0,0,0,0,0,0,0,9999,0,0,9999,0,0,9999,0,0,9999,0,0,9999,0,0,46,0,0,9999,0,0,154,0,0,9999,0,0,9999,0,0,9999,0,0,9999,0,0,9999,0,0,9999,0,0
GHCND:USC00242266,DECKER MT US,1066.8,45.06667,-106.78333,19870401,9999,0,0,1,0,0,0,0,0,0,0,0,9999,0,0,9999,0,0,9999,0,0,9999,0,0,9999,0,0,25,0,0,0,0,0,25,0,0,0,0,0,9999,0,0,9999,0,0,9999,0,0,9999,0,0,9999,0,0
GHCND:USC00242266,DECKER MT US,1066.8,45.06667,-106.78333,19870501,9999,0,0,6,0,0,2,0,0,0,0,0,9999,0,0,9999,0,0,9999,0,0,9999,0,0,9999,0,0,152,0,0,0,0,0,443,0,0,0,0,0,9999,0,0,9999,0,0,9999,0,0,9999,0,0,9999,0,0
GHCND:USC00242266,DECKER MT US,1066.8,45.06667,-106.78333,19870601,9999,0,0,2,0,0,0,0,0,0,0,0,9999,0,0,9999,0,0,9999,0,0,9999,0,0,9999,0,0,51,0,0,0,0,0,94,0,0,0,1,1,9999,0,0,9999,0,0,9999,0,0,9999,0,0,9999,0,0
GHCND:USC00242266,DECKER MT US,1066.8,45.06667,-106.78333,19870701,9999,0,0,4,0,0,3,0,0,0,0,0,9999,0,0,9999,0,0,9999,0,0,9999,0,0,9999,0,0,216,0,0,0,0,0,636,0,0,0,0,0,9999,0,0,9999,0,0,9999,0,0,9999,0,0,9999,0,0
GHCND:USC00242266,DECKER MT US,1066.8,45.06667,-106.78333,19870801,9999,0,0,3,0,0,0,0,0,0,0,0,9999,0,0,9999,0,0,9999,0,0,9999,0,0,9999,0,0,51,0,0,0,0,0,114,0,0,0,0,0,9999,0,0,9999,0,0,9999,0,0,9999,0,0,9999,0,0
GHCND:USC00242266,DECKER MT US,1066.8,45.06667,-106.78333,19870901,9999,0,0,3,0,0,1,0,0,0,0,0,9999,0,0,9999,0,0,9999,0,0,9999,0,0,9999,0,0,127,0,0,0,0,0,269,0,0,0,0,0,9999,0,0,9999,0,0,9999,0,0,9999,0,0,9999,0,0
GHCND:USC00242266,DECKER MT US,1066.8,45.06667,-106.78333,19871001,9999,0,0,1,0,0,0,0,0,0,0,0,9999,0,0,9999,0,0,9999,0,0,9999,0,0,9999,0,0,102,0,0,0,0,0,102,0,0,0,0,0,9999,0,0,9999,0,0,9999,0,0,9999,0,0,9999,0,0
GHCND:USC00242266,DECKER MT US,1066.8,45.06667,-106.78333,19871101,9999,0,0,2,0,0,0,0,0,0,0,0,9999,0,0,9999,0,0,9999,0,0,9999,0,0,9999,0,0,114,0,0,0,3,3,173,0,0,0,1,1,9999,0,0,9999,0,0,9999,0,0,9999,0,0,9999,0,0
GHCND:USC00242266,DECKER MT US,1066.8,45.06667,-106.78333,19871201,9999,0,0,1,0,0,0,0,0,0,0,0,9999,0,0,9999,0,0,9999,0,0,9999,0,0,9999,0,0,56,0,0,9999,0,0,56,0,0,9999,0,0,9999,0,0,9999,0,0,9999,0,0,9999,0,0,9999,0,0
GHCND:USC00242266,DECKER MT US,1066.8,45.06667,-106.78333,19880101,9999,0,0,1,0,0,0,0,0,0,0,0,9999,0,0,9999,0,0,9999,0,0,9999,0,0,9999,0,0,30,0,0,9999,0,0,56,0,0,9999,0,0,9999,0,0,9999,0,0,9999,0,0,9999,0,0,9999,0,0
GHCND:USC00242266,DECKER MT US,1066.8,45.06667,-106.78333,19880201,9999,0,0,3,0,0,0,0,0,0,0,0,9999,0,0,9999,0,0,9999,0,0,9999,0,0,9999,0,0,38,0,0,9999,0,0,114,0,0,9999,0,0,9999,0,0,9999,0,0,9999,0,0,9999,0,0,9999,0,0
GHCND:USC00242266,DECKER MT US,1066.8,45.06667,-106.78333,19880301,9999,0,0,1,0,0,0,0,0,0,0,0,9999,0,0,9999,0,0,9999,0,0,9999,0,0,9999,0,0,38,0,0,9999,0,0,96,0,0,9999,0,0,9999,0,0,9999,0,0,9999,0,0,9999,0,0,9999,0,0
GHCND:USC00242266,DECKER MT US,1066.8,45.06667,-106.78333,19880401,9999,0,0,4,0,0,0,0,0,0,0,0,9999,0,0,9999,0,0,9999,0,0,9999,0,0,9999,0,0,76,0,0,0,29,29,242,0,0,9999,0,0,9999,0,0,9999,0,0,9999,0,0,9999,0,0,9999,0,0
GHCND:USC00242266,DECKER MT US,1066.8,45.06667,-106.78333,19880501,9999,0,0,6,0,0,1,0,0,0,0,0,9999,0,0,9999,0,0,9999,0,0,9999,0,0,9999,0,0,203,0,0,0,0,0,447,0,0,0,0,0,9999,0,0,9999,0,0,9999,0,0,9999,0,0,9999,0,0
GHCND:USC00242266,DECKER MT US,1066.8,45.06667,-106.78333,19880601,9999,0,0,3,0,0,0,0,0,0,0,0,9999,0,0,9999,0,0,9999,0,0,9999,0,0,9999,0,0,89,0,0,0,0,0,191,0,0,0,0,0,9999,0,0,9999,0,0,9999,0,0,9999,0,0,9999,0,0
GHCND:USC00242266,DECKER MT US,1066.8,45.06667,-106.78333,19880701,9999,0,0,2,0,0,1,0,0,0,0,0,9999,0,0,9999,0,0,9999,0,0,9999,0,0,9999,0,0,216,0,0,0,0,0,241,0,0,0,0,0,9999,0,0,9999,0,0,9999,0,0,9999,0,0,9999,0,0
GHCND:USC00242266,DECKER MT US,1066.8,45.06667,-106.78333,19880801,9999,0,0,2,0,0,0,0,0,0,0,0,9999,0,0,9999,0,0,9999,0,0,9999,0,0,9999,0,0,76,0,0,0,0,0,114,0,0,0,0,0,9999,0,0,9999,0,0,9999,0,0,9999,0,0,9999,0,0
GHCND:USC00242266,DECKER MT US,1066.8,45.06667,-106.78333,19880901,9999,0,0,4,0,0,0,0,0,0,0,0,9999,0,0,9999,0,0,9999,0,0,9999,0,0,9999,0,0,64,0,0,0,0,0,250,0,0,0,0,0,9999,0,0,9999,0,0,9999,0,0,9999,0,0,9999,0,0
GHCND:USC00242266,DECKER MT US,1066.8,45.06667,-106.78333,19881001,9999,0,0,3,0,0,1,0,0,0,0,0,9999,0,0,9999,0,0,9999,0,0,9999,0,0,9999,0,0,178,0,0,0,0,0,305,0,0,0,0,0,9999,0,0,9999,0,0,9999,0,0,9999,0,0,9999,0,0
GHCND:USC00242266,DECKER MT US,1066.8,45.06667,-106.78333,19881101,9999,0,0,2,0,0,0,0,0,0,0,0,9999,0,0,9999,0,0,9999,0,0,9999,0,0,9999,0,0,64,0,0,9999,0,0,128,0,0,9999,0,0,9999,0,0,9999,0,0,9999,0,0,9999,0,0,9999,0,0
GHCND:USC00242266,DECKER MT US,1066.8,45.06667,-106.78333,19881201,9999,0,0,2,0,0,0,0,0,0,0,0,9999,0,0,9999,0,0,9999,0,0,9999,0,0,9999,0,0,51,0,0,9999,0,0,89,0,0,9999,0,0,9999,0,0,9999,0,0,9999,0,0,9999,0,0,9999,0,0
GHCND:USC00242266,DECKER MT US,1066.8,45.06667,-106.78333,19890101,9999,0,0,1,0,0,0,0,0,0,0,0,9999,0,0,9999,0,0,9999,0,0,9999,0,0,9999,0,0,38,0,0,9999,0,0,66,0,0,0,3,2,9999,0,0,9999,0,0,9999,0,0,9999,0,0,9999,0,0
GHCND:USC00242266,DECKER MT US,1066.8,45.06667,-106.78333,19890201,9999,0,0,2,0,0,0,0,0,0,0,0,9999,0,0,9999,0,0,9999,0,0,9999,0,0,9999,0,0,38,0,0,9999,0,0,89,0,0,0,1,1,9999,0,0,9999,0,0,9999,0,0,9999,0,0,9999,0,0
GHCND:USC00242266,DECKER MT US,1066.8,45.06667,-106.78333,19890301,9999,0,0,4,0,0,0,0,0,0,0,0,9999,0,0,9999,0,0,9999,0,0,9999,0,0,9999,0,0,91,0,0,9999,0,0,231,0,0,9999,0,0,9999,0,0,9999,0,0,9999,0,0,9999,0,0,9999,0,0
GHCND:USC00242266,DECKER MT US,1066.8,45.06667,-106.78333,19890401,9999,0,0,6,0,0,0,0,0,0,0,0,9999,0,0,9999,0,0,9999,0,0,9999,0,0,9999,0,0,114,0,0,0,0,0,374,0,0,0,0,0,9999,0,0,9999,0,0,9999,0,0,9999,0,0,9999,0,0
GHCND:USC00242266,DECKER MT US,1066.8,45.06667,-106.78333,19890501,9999,0,0,4,0,0,1,0,0,0,0,0,9999,0,0,9999,0,0,9999,0,0,9999,0,0,9999,0,0,127,0,0,0,0,0,328,0,0,0,0,0,9999,0,0,9999,0,0,9999,0,0,9999,0,0,9999,0,0
GHCND:USC00242266,DECKER MT US,1066.8,45.06667,-106.78333,19890601,9999,0,0,4,0,0,1,0,0,0,0,0,9999,0,0,9999,0,0,9999,0,0,9999,0,0,9999,0,0,127,0,0,0,0,0,312,0,0,0,0,0,9999,0,0,9999,0,0,9999,0,0,9999,0,0,9999,0,0
GHCND:USC00242266,DECKER MT US,1066.8,45.06667,-106.78333,19890701,9999,0,0,4,0,0,0,0,0,0,0,0,9999,0,0,9999,0,0,9999,0,0,9999,0,0,9999,0,0,76,0,0,0,0,0,205,0,0,0,0,0,9999,0,0,9999,0,0,9999,0,0,9999,0,0,9999,0,0
GHCND:USC00242266,DECKER MT US,1066.8,45.06667,-106.78333,19890801,9999,0,0,3,0,0,0,0,0,0,0,0,9999,0,0,9999,0,0,9999,0,0,9999,0,0,9999,0,0,38,0,0,0,0,0,101,0,0,0,0,0,9999,0,0,9999,0,0,9999,0,0,9999,0,0,9999,0,0
GHCND:USC00242266,DECKER MT US,1066.8,45.06667,-106.78333,19890901,9999,0,0,2,0,0,0,0,0,0,0,0,9999,0,0,9999,0,0,9999,0,0,9999,0,0,9999,0,0,89,0,0,0,0,0,127,0,0,0,0,0,9999,0,0,9999,0,0,9999,0,0,9999,0,0,9999,0,0
GHCND:USC00242266,DECKER MT US,1066.8,45.06667,-106.78333,19891001,9999,0,0,5,0,0,0,0,0,0,0,0,9999,0,0,9999,0,0,9999,0,0,9999,0,0,9999,0,0,114,0,0,0,2,2,356,0,0,0,2,2,9999,0,0,9999,0,0,9999,0,0,9999,0,0,9999,0,0
GHCND:USC00242266,DECKER MT US,1066.8,45.06667,-106.78333,19891101,9999,0,0,2,0,0,0,0,0,0,0,0,9999,0,0,9999,0,0,9999,0,0,9999,0,0,9999,0,0,94,0,0,9999,0,0,145,0,0,9999,0,0,9999,0,0,9999,0,0,9999,0,0,9999,0,0,9999,0,0
GHCND:USC00242266,DECKER MT US,1066.8,45.06667,-106.78333,19891201,9999,0,0,6,0,0,1,0,0,0,0,0,9999,0,0,9999,0,0,9999,0,0,9999,0,0,9999,0,0,216,0,0,9999,0,0,650,0,0,9999,0,0,9999,0,0,9999,0,0,9999,0,0,9999,0,0,9999,0,0
GHCND:USC00242266,DECKER MT US,1066.8,45.06667,-106.78333,19900101,9999,0,0,0,0,0,0,0,0,0,0,0,9999,0,0,9999,0,0,9999,0,0,9999,0,0,9999,0,0,13,0,0,0,0,0,13,0,0,0,1,1,9999,0,0,9999,0,0,9999,0,0,9999,0,0,9999,0,0
GHCND:USC00242266,DECKER MT US,1066.8,45.06667,-106.78333,19900201,9999,0,0,2,0,0,0,0,0,0,0,0,9999,0,0,9999,0,0,9999,0,0,9999,0,0,9999,0,0,76,0,0,9999,0,0,140,0,0,0,3,1,9999,0,0,9999,0,0,9999,0,0,9999,0,0,9999,0,0
GHCND:USC00242266,DECKER MT US,1066.8,45.06667,-106.78333,19900301,9999,0,0,4,0,0,0,0,0,0,0,0,9999,0,0,9999,0,0,9999,0,0,9999,0,0,9999,0,0,76,0,0,0,7,4,216,0,0,0,3,2,9999,0,0,9999,0,0,9999,0,0,9999,0,0,9999,0,0
GHCND:USC00242266,DECKER MT US,1066.8,45.06667,-106.78333,19900401,9999,0,0,8,0,0,1,0,0,0,0,0,9999,0,0,9999,0,0,9999,0,0,9999,0,0,9999,0,0,191,0,0,0,0,0,700,0,0,0,0,0,9999,0,0,9999,0,0,9999,0,0,9999,0,0,9999,0,0
GHCND:USC00242266,DECKER MT US,1066.8,45.06667,-106.78333,19900501,9999,0,0,5,0,0,0,0,0,0,0,0,9999,0,0,9999,0,0,9999,0,0,9999,0,0,9999,0,0,89,0,0,0,0,0,346,0,0,0,0,0,9999,0,0,9999,0,0,9999,0,0,9999,0,0,9999,0,0
GHCND:USC00242266,DECKER MT US,1066.8,45.06667,-106.78333,19900601,9999,0,0,4,0,0,1,0,0,1,0,0,9999,0,0,9999,0,0,9999,0,0,9999,0,0,9999,0,0,279,0,0,0,0,0,584,0,0,0,0,0,9999,0,0,9999,0,0,9999,0,0,9999,0,0,9999,0,0
GHCND:USC00242266,DECKER MT US,1066.8,45.06667,-106.78333,19900701,9999,0,0,4,0,0,0,0,0,0,0,0,9999,0,0,9999,0,0,9999,0,0,9999,0,0,9999,0,0,38,0,0,0,0,0,167,0,0,0,0,0,9999,0,0,9999,0,0,9999,0,0,9999,0,0,9999,0,0
GHCND:USC00242266,DECKER MT US,1066.8,45.06667,-106.78333,19900801,9999,0,0,3,0,0,1,0,0,0,0,0,9999,0,0,9999,0,0,9999,0,0,9999,0,0,9999,0,0,216,0,0,0,0,0,413,0,0,0,0,0,9999,0,0,9999,0,0,9999,0,0,9999,0,0,9999,0,0
GHCND:USC00242266,DECKER MT US,1066.8,45.06667,-106.78333,19900901,9999,0,0,1,0,0,1,0,0,0,0,0,9999,0,0,9999,0,0,9999,0,0,9999,0,0,9999,0,0,165,0,0,0,0,0,191,0,0,0,0,0,9999,0,0,9999,0,0,9999,0,0,9999,0,0,9999,0,0
GHCND:USC00242266,DECKER MT US,1066.8,45.06667,-106.78333,19901001,9999,0,0,5,0,0,1,0,0,0,0,0,9999,0,0,9999,0,0,9999,0,0,9999,0,0,9999,0,0,140,0,0,0,0,0,300,0,0,0,0,0,9999,0,0,9999,0,0,9999,0,0,9999,0,0,9999,0,0
GHCND:USC00242266,DECKER MT US,1066.8,45.06667,-106.78333,19901101,9999,0,0,3,0,0,0,0,0,0,0,0,9999,0,0,9999,0,0,9999,0,0,9999,0,0,9999,0,0,51,0,0,0,0,0,106,0,0,0,0,0,9999,0,0,9999,0,0,9999,0,0,9999,0,0,9999,0,0
GHCND:USC00242266,DECKER MT US,1066.8,45.06667,-106.78333,19901201,9999,0,0,4,0,0,0,0,0,0,0,0,9999,0,0,9999,0,0,9999,0,0,9999,0,0,9999,0,0,38,0,0,0,0,0,160,0,0,0,5,2,9999,0,0,9999,0,0,9999,0,0,9999,0,0,9999,0,0
GHCND:USC00242266,DECKER MT US,1066.8,45.06667,-106.78333,19910101,9999,0,0,1,0,0,0,0,0,0,0,0,9999,0,0,9999,0,0,9999,0,0,9999,0,0,9999,0,0,25,0,0,9999,0,0,51,0,0,0,3,1,9999,0,0,9999,0,0,9999,0,0,9999,0,0,9999,0,0
GHCND:USC00242266,DECKER MT US,1066.8,45.06667,-106.78333,19910201,9999,0,0,1,0,0,0,0,0,0,0,0,9999,0,0,9999,0,0,9999,0,0,9999,0,0,9999,0,0,102,0,0,0,1,1,128,0,0,0,1,1,9999,0,0,9999,0,0,9999,0,0,9999,0,0,9999,0,0
GHCND:USC00242266,DECKER MT US,1066.8,45.06667,-106.78333,19910301,9999,0,0,3,0,0,0,0,0,0,0,0,9999,0,0,9999,0,0,9999,0,0,9999,0,0,9999,0,0,89,0,0,0,0,0,206,0,0,0,0,0,9999,0,0,9999,0,0,9999,0,0,9999,0,0,9999,0,0
GHCND:USC00242266,DECKER MT US,1066.8,45.06667,-106.78333,19910401,9999,0,0,10,0,0,1,0,0,0,0,0,9999,0,0,9999,0,0,9999,0,0,9999,0,0,9999,0,0,191,0,0,0,3,3,712,0,0,0,1,1,9999,0,0,9999,0,0,9999,0,0,9999,0,0,9999,0,0
GHCND:USC00242266,DECKER MT US,1066.8,45.06667,-106.78333,19910501,9999,0,0,7,0,0,0,0,0,0,0,0,9999,0,0,9999,0,0,9999,0,0,9999,0,0,9999,0,0,114,0,0,0,0,0,509,0,0,0,0,0,9999,0,0,9999,0,0,9999,0,0,9999,0,0,9999,0,0
GHCND:USC00242266,DECKER MT US,1066.8,45.06667,-106.78333,19910601,9999,0,0,7,0,0,0,0,0,0,0,0,9999,0,0,9999,0,0,9999,0,0,9999,0,0,9999,0,0,64,0,0,0,0,0,321,0,0,0,0,0,9999,0,0,9999,0,0,9999,0,0,9999,0,0,9999,0,0
GHCND:USC00242266,DECKER MT US,1066.8,45.06667,-106.78333,19910701,9999,0,0,2,0,0,1,0,0,0,0,0,9999,0,0,9999,0,0,9999,0,0,9999,0,0,9999,0,0,229,0,0,0,0,0,293,0,0,0,0,0,9999,0,0,9999,0,0,9999,0,0,9999,0,0,9999,0,0
GHCND:USC00242266,DECKER MT US,1066.8,45.06667,-106.78333,19910801,9999,0,0,2,0,0,0,0,0,0,0,0,9999,0,0,9999,0,0,9999,0,0,9999,0,0,9999,0,0,114,0,0,0,0,0,139,0,0,0,0,0,9999,0,0,9999,0,0,9999,0,0,9999,0,0,9999,0,0
GHCND:USC00242266,DECKER MT US,1066.8,45.06667,-106.78333,19910901,9999,0,0,2,0,0,0,0,0,0,0,0,9999,0,0,9999,0,0,9999,0,0,9999,0,0,9999,0,0,64,0,0,0,0,0,187,0,0,0,0,0,9999,0,0,9999,0,0,9999,0,0,9999,0,0,9999,0,0
GHCND:USC00242266,DECKER MT US,1066.8,45.06667,-106.78333,19911001,9999,0,0,3,0,0,0,0,0,0,0,0,9999,0,0,9999,0,0,9999,0,0,9999,0,0,9999,0,0,76,0,0,0,0,0,198,0,0,0,3,2,9999,0,0,9999,0,0,9999,0,0,9999,0,0,9999,0,0
GHCND:USC00242266,DECKER MT US,1066.8,45.06667,-106.78333,19911101,9999,0,0,5,0,0,1,0,0,0,0,0,9999,0,0,9999,0,0,9999,0,0,9999,0,0,9999,0,0,191,0,0,0,7,7,355,0,0,0,4,2,9999,0,0,9999,0,0,9999,0,0,9999,0,0,9999,0,0
GHCND:USC00242266,DECKER MT US,1066.8,45.06667,-106.78333,19911201,9999,0,0,0,0,0,0,0,0,0,0,0,9999,0,0,9999,0,0,9999,0,0,9999,0,0,9999,0,0,13,0,0,9999,0,0,26,0,0,0,2,1,9999,0,0,9999,0,0,9999,0,0,9999,0,0,9999,0,0
GHCND:USC00242266,DECKER MT US,1066.8,45.06667,-106.78333,19920101,9999,0,0,0,0,0,0,0,0,0,0,0,9999,0,0,9999,0,0,9999,0,0,9999,0,0,9999,0,0,13,0,0,0,3,2,26,0,0,0,1,1,9999,0,0,9999,0,0,9999,0,0,9999,0,0,9999,0,0
GHCND:USC00242266,DECKER MT US,1066.8,45.06667,-106.78333,19920201,9999,0,0,0,0,0,0,0,0,0,0,0,9999,0,0,9999,0,0,9999,0,0,9999,0,0,9999,0,0,0,0,0,0,0,0,0,0,0,0,0,0,9999,0,0,9999,0,0,9999,0,0,9999,0,0,9999,0,0
GHCND:USC00242266,DECKER MT US,1066.8,45.06667,-106.78333,19920301,9999,0,0,4,0,0,1,0,0,0,0,0,9999,0,0,9999,0,0,9999,0,0,9999,0,0,9999,0,0,140,0,0,0,2,2,372,0,0,0,1,1,9999,0,0,9999,0,0,9999,0,0,9999,0,0,9999,0,0
GHCND:USC00242266,DECKER MT US,1066.8,45.06667,-106.78333,19920401,9999,0,0,4,0,0,0,0,0,0,0,0,9999,0,0,9999,0,0,9999,0,0,9999,0,0,9999,0,0,64,0,0,0,0,0,222,0,0,0,0,0,9999,0,0,9999,0,0,9999,0,0,9999,0,0,9999,0,0
GHCND:USC00242266,DECKER MT US,1066.8,45.06667,-106.78333,19920501,9999,0,0,6,0,0,1,0,0,0,0,0,9999,0,0,9999,0,0,9999,0,0,9999,0,0,9999,0,0,178,0,0,0,0,0,432,0,0,0,0,0,9999,0,0,9999,0,0,9999,0,0,9999,0,0,9999,0,0
GHCND:USC00242266,DECKER MT US,1066.8,45.06667,-106.78333,19920601,9999,0,0,6,0,0,3,0,0,2,0,0,9999,0,0,9999,0,0,9999,0,0,9999,0,0,9999,0,0,518,0,0,0,0,0,1217,0,0,0,0,0,9999,0,0,9999,0,0,9999,0,0,9999,0,0,9999,0,0
GHCND:USC00242266,DECKER MT US,1066.8,45.06667,-106.78333,19920701,9999,0,0,9,0,0,2,0,0,1,0,0,9999,0,0,9999,0,0,9999,0,0,9999,0,0,9999,0,0,394,0,0,0,0,0,1013,0,0,0,0,0,9999,0,0,9999,0,0,9999,0,0,9999,0,0,9999,0,0
GHCND:USC00242266,DECKER MT US,1066.8,45.06667,-106.78333,19920801,9999,0,0,5,0,0,0,0,0,0,0,0,9999,0,0,9999,0,0,9999,0,0,9999,0,0,9999,0,0,64,0,0,0,0,0,216,0,0,0,0,0,9999,0,0,9999,0,0,9999,0,0,9999,0,0,9999,0,0
GHCND:USC00242266,DECKER MT US,1066.8,45.06667,-106.78333,19920901,9999,0,0,3,0,0,0,0,0,0,0,0,9999,0,0,9999,0,0,9999,0,0,9999,0,0,9999,0,0,71,0,0,0,0,0,147,0,0,0,0,0,9999,0,0,9999,0,0,9999,0,0,9999,0,0,9999,0,0
GHCND:USC00242266,DECKER MT US,1066.8,45.06667,-106.78333,19921001,9999,0,0,1,0,0,0,0,0,0,0,0,9999,0,0,9999,0,0,9999,0,0,9999,0,0,9999,0,0,89,0,0,0,0,0,120,0,0,0,0,0,9999,0,0,9999,0,0,9999,0,0,9999,0,0,9999,0,0
GHCND:USC00242266,DECKER MT US,1066.8,45.06667,-106.78333,19921101,9999,0,0,1,0,0,0,0,0,0,0,0,9999,0,0,9999,0,0,9999,0,0,9999,0,0,9999,0,0,89,0,0,0,2,2,102,0,0,0,1,1,9999,0,0,9999,0,0,9999,0,0,9999,0,0,9999,0,0
GHCND:USC00242266,DECKER MT US,1066.8,45.06667,-106.78333,19921201,9999,0,0,4,0,0,0,0,0,0,0,0,9999,0,0,9999,0,0,9999,0,0,9999,0,0,9999,0,0,46,0,0,0,0,0,154,0,0,0,5,2,9999,0,0,9999,0,0,9999,0,0,9999,0,0,9999,0,0
GHCND:USC00242266,DECKER MT US,1066.8,45.06667,-106.78333,19930101,9999,0,0,1,0,0,0,0,0,0,0,0,9999,0,0,9999,0,0,9999,0,0,9999,0,0,9999,0,0,30,0,0,9999,0,0,71,0,0,0,4,2,9999,0,0,9999,0,0,9999,0,0,9999,0,0,9999,0,0
GHCND:USC00242266,DECKER MT US,1066.8,45.06667,-106.78333,19930201,9999,0,0,1,0,0,0,0,0,0,0,0,9999,0,0,9999,0,0,9999,0,0,9999,0,0,9999,0,0,25,0,0,9999,0,0,41,0,0,0,3,1,9999,0,0,9999,0,0,9999,0,0,9999,0,0,9999,0,0
GHCND:USC00242266,DECKER MT US,1066.8,45.06667,-106.78333,19930301,9999,0,0,0,0,0,0,0,0,0,0,0,9999,0,0,9999,0,0,9999,0,0,9999,0,0,9999,0,0,15,0,0,9999,0,0,66,0,0,0,1,1,9999,0,0,9999,0,0,9999,0,0,9999,0,0,9999,0,0
GHCND:USC00242266,DECKER MT US,1066.8,45.06667,-106.78333,19930401,9999,0,0,5,0,0,0,0,0,0,0,0,9999,0,0,9999,0,0,9999,0,0,9999,0,0,9999,0,0,46,0,0,0,0,0,203,0,0,0,0,0,9999,0,0,9999,0,0,9999,0,0,9999,0,0,9999,0,0
GHCND:USC00242266,DECKER MT US,1066.8,45.06667,-106.78333,19930501,9999,0,0,3,0,0,0,0,0,0,0,0,9999,0,0,9999,0,0,9999,0,0,9999,0,0,9999,0,0,94,0,0,0,0,0,259,0,0,0,0,0,9999,0,0,9999,0,0,9999,0,0,9999,0,0,9999,0,0
GHCND:USC00242266,DECKER MT US,1066.8,45.06667,-106.78333,19930601,9999,0,0,3,0,0,1,0,0,1,0,0,9999,0,0,9999,0,0,9999,0,0,9999,0,0,9999,0,0,290,0,0,0,0,0,463,0,0,0,0,0,9999,0,0,9999,0,0,9999,0,0,9999,0,0,9999,0,0
GHCND:USC00242266,DECKER MT US,1066.8,45.06667,-106.78333,19930701,9999,0,0,7,0,0,2,0,0,0,0,0,9999,0,0,9999,0,0,9999,0,0,9999,0,0,9999,0,0,152,0,0,0,0,0,634,0,0,0,0,0,9999,0,0,9999,0,0,9999,0,0,9999,0,0,9999,0,0
GHCND:USC00242266,DECKER MT US,1066.8,45.06667,-106.78333,19930801,9999,0,0,1,0,0,0,0,0,0,0,0,9999,0,0,9999,0,0,9999,0,0,9999,0,0,9999,0,0,38,0,0,0,0,0,59,0,0,0,0,0,9999,0,0,9999,0,0,9999,0,0,9999,0,0,9999,0,0
GHCND:USC00242266,DECKER MT US,1066.8,45.06667,-106.78333,19930901,9999,0,0,2,0,0,0,0,0,0,0,0,9999,0,0,9999,0,0,9999,0,0,9999,0,0,9999,0,0,41,0,0,0,0,0,118,0,0,0,0,0,9999,0,0,9999,0,0,9999,0,0,9999,0,0,9999,0,0
GHCND:USC00242266,DECKER MT US,1066.8,45.06667,-106.78333,19931001,9999,0,0,2,0,0,1,0,0,0,0,0,9999,0,0,9999,0,0,9999,0,0,9999,0,0,9999,0,0,165,0,0,0,3,2,315,0,0,0,3,2,9999,0,0,9999,0,0,9999,0,0,9999,0,0,9999,0,0
GHCND:USC00242266,DECKER MT US,1066.8,45.06667,-106.78333,19931101,9999,0,0,0,0,0,0,0,0,0,0,0,9999,0,0,9999,0,0,9999,0,0,9999,0,0,9999,0,0,10,0,0,9999,0,0,33,0,0,9999,0,0,9999,0,0,9999,0,0,9999,0,0,9999,0,0,9999,0,0
GHCND:USC00242266,DECKER MT US,1066.8,45.06667,-106.78333,19940101,9999,0,0,2,0,0,0,0,0,0,0,0,9999,0,0,9999,0,0,9999,0,0,9999,0,0,9999,0,0,76,0,0,9999,0,0,213,0,0,9999,0,0,9999,0,0,9999,0,0,9999,0,0,9999,0,0,9999,0,0
GHCND:USC00242266,DECKER MT US,1066.8,45.06667,-106.78333,19940201,9999,0,0,6,0,0,0,0,0,0,0,0,9999,0,0,9999,0,0,9999,0,0,9999,0,0,9999,0,0,64,0,0,9999,0,0,272,0,0,9999,0,0,9999,0,0,9999,0,0,9999,0,0,9999,0,0,9999,0,0
GHCND:USC00242266,DECKER MT US,1066.8,45.06667,-106.78333,19940301,9999,0,0,1,0,0,1,0,0,0,0,0,9999,0,0,9999,0,0,9999,0,0,9999,0,0,9999,0,0,147,0,0,0,0,0,198,0,0,0,0,0,9999,0,0,9999,0,0,9999,0,0,9999,0,0,9999,0,0
GHCND:USC00242266,DECKER MT US,1066.8,45.06667,-106.78333,19940401,9999,0,0,4,0,0,2,0,0,0,0,0,9999,0,0,9999,0,0,9999,0,0,9999,0,0,9999,0,0,142,0,0,0,0,0,387,0,0,0,0,0,9999,0,0,9999,0,0,9999,0,0,9999,0,0,9999,0,0
GHCND:USC00242266,DECKER MT US,1066.8,45.06667,-106.78333,19940501,9999,0,0,1,0,0,0,0,0,0,0,0,9999,0,0,9999,0,0,9999,0,0,9999,0,0,9999,0,0,36,0,0,0,0,0,69,0,0,0,0,0,9999,0,0,9999,0,0,9999,0,0,9999,0,0,9999,0,0
GHCND:USC00242266,DECKER MT US,1066.8,45.06667,-106.78333,19940601,9999,0,0,2,0,0,1,0,0,0,0,0,9999,0,0,9999,0,0,9999,0,0,9999,0,0,9999,0,0,221,0,0,0,0,0,295,0,0,0,0,0,9999,0,0,9999,0,0,9999,0,0,9999,0,0,9999,0,0
GHCND:USC00242266,DECKER MT US,1066.8,45.06667,-106.78333,19940701,9999,0,0,4,0,0,1,0,0,0,0,0,9999,0,0,9999,0,0,9999,0,0,9999,0,0,9999,0,0,152,0,0,0,0,0,359,0,0,0,0,0,9999,0,0,9999,0,0,9999,0,0,9999,0,0,9999,0,0
GHCND:USC00242266,DECKER MT US,1066.8,45.06667,-106.78333,19940901,9999,0,0,4,0,0,1,0,0,0,0,0,9999,0,0,9999,0,0,9999,0,0,9999,0,0,9999,0,0,236,0,0,0,0,0,406,0,0,0,0,0,9999,0,0,9999,0,0,9999,0,0,9999,0,0,9999,0,0
GHCND:USC00242266,DECKER MT US,1066.8,45.06667,-106.78333,19941001,9999,0,0,4,0,0,1,0,0,1,0,0,9999,0,0,9999,0,0,9999,0,0,9999,0,0,9999,0,0,257,0,0,0,0,0,412,0,0,0,0,0,9999,0,0,9999,0,0,9999,0,0,9999,0,0,9999,0,0
GHCND:USC00242266,DECKER MT US,1066.8,45.06667,-106.78333,19941101,9999,0,0,1,0,0,0,0,0,0,0,0,9999,0,0,9999,0,0,9999,0,0,9999,0,0,9999,0,0,28,0,0,0,2,2,67,0,0,0,1,1,9999,0,0,9999,0,0,9999,0,0,9999,0,0,9999,0,0
GHCND:USC00242266,DECKER MT US,1066.8,45.06667,-106.78333,19941201,9999,0,0,0,0,0,0,0,0,0,0,0,9999,0,0,9999,0,0,9999,0,0,9999,0,0,9999,0,0,5,0,0,9999,0,0,8,0,0,9999,0,0,9999,0,0,9999,0,0,9999,0,0,9999,0,0,9999,0,0
GHCND:USC00242266,DECKER MT US,1066.8,45.06667,-106.78333,19950101,9999,0,0,3,0,0,0,0,0,0,0,0,9999,0,0,9999,0,0,9999,0,0,9999,0,0,9999,0,0,97,0,0,9999,0,0,234,0,0,9999,0,0,9999,0,0,9999,0,0,9999,0,0,9999,0,0,9999,0,0
GHCND:USC00242266,DECKER MT US,1066.8,45.06667,-106.78333,19950201,9999,0,0,1,0,0,0,0,0,0,0,0,9999,0,0,9999,0,0,9999,0,0,9999,0,0,9999,0,0,33,0,0,9999,0,0,61,0,0,9999,0,0,9999,0,0,9999,0,0,9999,0,0,9999,0,0,9999,0,0
GHCND:USC00242266,DECKER MT US,1066.8,45.06667,-106.78333,19950301,9999,0,0,4,0,0,0,0,0,0,0,0,9999,0,0,9999,0,0,9999,0,0,9999,0,0,9999,0,0,94,0,0,9999,0,0,198,0,0,9999,0,0,9999,0,0,9999,0,0,9999,0,0,9999,0,0,9999,0,0
GHCND:USC00242266,DECKER MT US,1066.8,45.06667,-106.78333,19950401,9999,0,0,3,0,0,0,0,0,0,0,0,9999,0,0,9999,0,0,9999,0,0,9999,0,0,9999,0,0,117,0,0,0,0,0,372,0,0,0,0,0,9999,0,0,9999,0,0,9999,0,0,9999,0,0,9999,0,0
GHCND:USC00242266,DECKER MT US,1066.8,45.06667,-106.78333,19950501,9999,0,0,7,0,0,1,0,0,0,0,0,9999,0,0,9999,0,0,9999,0,0,9999,0,0,9999,0,0,127,0,0,0,0,0,652,0,0,0,0,0,9999,0,0,9999,0,0,9999,0,0,9999,0,0,9999,0,0
GHCND:USC00242266,DECKER MT US,1066.8,45.06667,-106.78333,19950601,9999,0,0,3,0,0,1,0,0,0,0,0,9999,0,0,9999,0,0,9999,0,0,9999,0,0,9999,0,0,193,0,0,0,0,0,382,0,0,0,0,0,9999,0,0,9999,0,0,9999,0,0,9999,0,0,9999,0,0
GHCND:USC00242266,DECKER MT US,1066.8,45.06667,-106.78333,19950701,9999,0,0,2,0,0,0,0,0,0,0,0,9999,0,0,9999,0,0,9999,0,0,9999,0,0,9999,0,0,46,0,0,0,0,0,117,0,0,0,0,0,9999,0,0,9999,0,0,9999,0,0,9999,0,0,9999,0,0
GHCND:USC00242266,DECKER MT US,1066.8,45.06667,-106.78333,19950801,9999,0,0,1,0,0,0,0,0,0,0,0,9999,0,0,9999,0,0,9999,0,0,9999,0,0,9999,0,0,56,0,0,0,0,0,61,0,0,0,0,0,9999,0,0,9999,0,0,9999,0,0,9999,0,0,9999,0,0
GHCND:USC00242266,DECKER MT US,1066.8,45.06667,-106.78333,19950901,9999,0,0,2,0,0,0,0,0,0,0,0,9999,0,0,9999,0,0,9999,0,0,9999,0,0,9999,0,0,91,0,0,0,0,0,214,0,0,0,0,0,9999,0,0,9999,0,0,9999,0,0,9999,0,0,9999,0,0
GHCND:USC00242266,DECKER MT US,1066.8,45.06667,-106.78333,19951001,9999,0,0,4,0,0,0,0,0,0,0,0,9999,0,0,9999,0,0,9999,0,0,9999,0,0,9999,0,0,58,0,0,0,0,0,204,0,0,0,0,0,9999,0,0,9999,0,0,9999,0,0,9999,0,0,9999,0,0
GHCND:USC00242266,DECKER MT US,1066.8,45.06667,-106.78333,19951101,9999,0,0,9999,0,0,9999,0,0,9999,0,0,9999,0,0,9999,0,0,9999,0,0,9999,0,0,9999,0,0,9999,0,0,0,0,0,9999,0,0,9999,0,0,9999,0,0,9999,0,0,9999,0,0,9999,0,0,9999,0,0
GHCND:USC00242266,DECKER MT US,1066.8,45.06667,-106.78333,19960101,9999,0,0,1,0,0,0,0,0,0,0,0,9999,0,0,9999,0,0,9999,0,0,9999,0,0,9999,0,0,36,0,0,0,1,1,154,0,0,0,0,0,9999,0,0,9999,0,0,9999,0,0,9999,0,0,9999,0,0
GHCND:USC00242266,DECKER MT US,1066.8,45.06667,-106.78333,19960201,9999,0,0,1,0,0,0,0,0,0,0,0,9999,0,0,9999,0,0,9999,0,0,9999,0,0,9999,0,0,25,0,0,0,0,0,81,0,0,0,0,0,9999,0,0,9999,0,0,9999,0,0,9999,0,0,9999,0,0
GHCND:USC00242266,DECKER MT US,1066.8,45.06667,-106.78333,19960301,9999,0,0,1,0,0,0,0,0,0,0,0,9999,0,0,9999,0,0,9999,0,0,9999,0,0,9999,0,0,76,0,0,0,0,0,191,0,0,0,0,0,9999,0,0,9999,0,0,9999,0,0,9999,0,0,9999,0,0
GHCND:USC00242266,DECKER MT US,1066.8,45.06667,-106.78333,19960401,9999,0,0,4,0,0,0,0,0,0,0,0,9999,0,0,9999,0,0,9999,0,0,9999,0,0,9999,0,0,84,0,0,0,0,0,239,0,0,0,0,0,9999,0,0,9999,0,0,9999,0,0,9999,0,0,9999,0,0
GHCND:USC00242266,DECKER MT US,1066.8,45.06667,-106.78333,19960501,9999,0,0,7,0,0,3,0,0,0,0,0,9999,0,0,9999,0,0,9999,0,0,9999,0,0,9999,0,0,191,0,0,0,0,0,699,0,0,0,0,0,9999,0,0,9999,0,0,9999,0,0,9999,0,0,9999,0,0
GHCND:USC00242266,DECKER MT US,1066.8,45.06667,-106.78333,19960601,9999,0,0,2,0,0,0,0,0,0,0,0,9999,0,0,9999,0,0,9999,0,0,9999,0,0,9999,0,0,114,0,0,0,0,0,175,0,0,0,0,0,9999,0,0,9999,0,0,9999,0,0,9999,0,0,9999,0,0
GHCND:USC00242266,DECKER MT US,1066.8,45.06667,-106.78333,19960701,9999,0,0,0,0,0,0,0,0,0,0,0,9999,0,0,9999,0,0,9999,0,0,9999,0,0,9999,0,0,0,0,0,0,0,0,0,0,0,0,0,0,9999,0,0,9999,0,0,9999,0,0,9999,0,0,9999,0,0
GHCND:USC00242266,DECKER MT US,1066.8,45.06667,-106.78333,19960801,9999,0,0,0,0,0,0,0,0,0,0,0,9999,0,0,9999,0,0,9999,0,0,9999,0,0,9999,0,0,8,0,0,0,0,0,8,0,0,0,0,0,9999,0,0,9999,0,0,9999,0,0,9999,0,0,9999,0,0
GHCND:USC00242266,DECKER MT US,1066.8,45.06667,-106.78333,19960901,9999,0,0,3,0,0,0,0,0,0,0,0,9999,0,0,9999,0,0,9999,0,0,9999,0,0,9999,0,0,71,0,0,0,0,0,181,0,0,0,0,0,9999,0,0,9999,0,0,9999,0,0,9999,0,0,9999,0,0
GHCND:USC00242266,DECKER MT US,1066.8,45.06667,-106.78333,19961001,9999,0,0,2,0,0,1,0,0,0,0,0,9999,0,0,9999,0,0,9999,0,0,9999,0,0,9999,0,0,203,0,0,0,0,0,262,0,0,0,0,0,9999,0,0,9999,0,0,9999,0,0,9999,0,0,9999,0,0
GHCND:USC00242266,DECKER MT US,1066.8,45.06667,-106.78333,19961101,9999,0,0,2,0,0,0,0,0,0,0,0,9999,0,0,9999,0,0,9999,0,0,9999,0,0,9999,0,0,43,0,0,0,0,0,132,0,0,0,0,0,9999,0,0,9999,0,0,9999,0,0,9999,0,0,9999,0,0
GHCND:USC00242266,DECKER MT US,1066.8,45.06667,-106.78333,19961201,9999,0,0,3,0,0,0,0,0,0,0,0,9999,0,0,9999,0,0,9999,0,0,9999,0,0,9999,0,0,76,0,0,9999,0,0,187,0,0,9999,0,0,9999,0,0,9999,0,0,9999,0,0,9999,0,0,9999,0,0
GHCND:USC00242266,DECKER MT US,1066.8,45.06667,-106.78333,19970101,9999,0,0,2,0,0,0,0,0,0,0,0,9999,0,0,9999,0,0,9999,0,0,9999,0,0,9999,0,0,64,0,0,0,4,4,122,0,0,0,0,0,9999,0,0,9999,0,0,9999,0,0,9999,0,0,9999,0,0
GHCND:USC00242266,DECKER MT US,1066.8,45.06667,-106.78333,19970201,9999,0,0,1,0,0,0,0,0,0,0,0,9999,0,0,9999,0,0,9999,0,0,9999,0,0,9999,0,0,36,0,0,0,0,0,69,0,0,0,0,0,9999,0,0,9999,0,0,9999,0,0,9999,0,0,9999,0,0
GHCND:USC00242266,DECKER MT US,1066.8,45.06667,-106.78333,19970301,9999,0,0,0,0,0,0,0,0,0,0,0,9999,0,0,9999,0,0,9999,0,0,9999,0,0,9999,0,0,13,0,0,0,0,0,54,0,0,0,0,0,9999,0,0,9999,0,0,9999,0,0,9999,0,0,9999,0,0
GHCND:USC00242266,DECKER MT US,1066.8,45.06667,-106.78333,19970401,9999,0,0,2,0,0,0,0,0,0,0,0,9999,0,0,9999,0,0,9999,0,0,9999,0,0,9999,0,0,74,0,0,0,0,0,171,0,0,0,0,0,9999,0,0,9999,0,0,9999,0,0,9999,0,0,9999,0,0
GHCND:USC00242266,DECKER MT US,1066.8,45.06667,-106.78333,19970501,9999,0,0,2,0,0,1,0,0,0,0,0,9999,0,0,9999,0,0,9999,0,0,9999,0,0,9999,0,0,140,0,0,0,0,0,178,0,0,0,0,0,9999,0,0,9999,0,0,9999,0,0,9999,0,0,9999,0,0
GHCND:USC00242266,DECKER MT US,1066.8,45.06667,-106.78333,19970601,9999,0,0,5,0,0,1,0,0,1,0,0,9999,0,0,9999,0,0,9999,0,0,9999,0,0,9999,0,0,297,0,0,0,0,0,591,0,0,0,0,0,9999,0,0,9999,0,0,9999,0,0,9999,0,0,9999,0,0
GHCND:USC00242266,DECKER MT US,1066.8,45.06667,-106.78333,19970701,9999,0,0,7,0,0,3,0,0,1,0,0,9999,0,0,9999,0,0,9999,0,0,9999,0,0,9999,0,0,318,0,0,0,0,0,877,0,0,0,0,0,9999,0,0,9999,0,0,9999,0,0,9999,0,0,9999,0,0
GHCND:USC00242266,DECKER MT US,1066.8,45.06667,-106.78333,19970801,9999,0,0,5,0,0,0,0,0,0,0,0,9999,0,0,9999,0,0,9999,0,0,9999,0,0,9999,0,0,114,0,0,0,1,1,430,0,0,0,0,0,9999,0,0,9999,0,0,9999,0,0,9999,0,0,9999,0,0
GHCND:USC00242266,DECKER MT US,1066.8,45.06306,-106.78889,19970901,9999,0,0,1,0,0,0,0,0,0,0,0,9999,0,0,9999,0,0,9999,0,0,9999,0,0,9999,0,0,25,0,0,0,0,0,58,0,0,0,0,0,9999,0,0,9999,0,0,9999,0,0,9999,0,0,9999,0,0
GHCND:USC00242266,DECKER MT US,1066.8,45.06306,-106.78889,19971001,9999,0,0,3,0,0,0,0,0,0,0,0,9999,0,0,9999,0,0,9999,0,0,9999,0,0,9999,0,0,109,0,0,0,0,0,210,0,0,0,0,0,9999,0,0,9999,0,0,9999,0,0,9999,0,0,9999,0,0
GHCND:USC00242266,DECKER MT US,1066.8,45.06306,-106.78889,19971101,9999,0,0,1,0,0,0,0,0,0,0,0,9999,0,0,9999,0,0,9999,0,0,9999,0,0,9999,0,0,46,0,0,0,0,0,59,0,0,0,0,0,9999,0,0,9999,0,0,9999,0,0,9999,0,0,9999,0,0
GHCND:USC00242266,DECKER MT US,1066.8,45.06306,-106.78889,19971201,9999,0,0,2,0,0,0,0,0,0,0,0,9999,0,0,9999,0,0,9999,0,0,9999,0,0,9999,0,0,71,0,0,0,0,0,173,0,0,0,0,0,9999,0,0,9999,0,0,9999,0,0,9999,0,0,9999,0,0
GHCND:USC00242266,DECKER MT US,1066.8,45.06306,-106.78889,19980101,9999,0,0,1,0,0,1,0,0,0,0,0,9999,0,0,9999,0,0,9999,0,0,9999,0,0,9999,0,0,140,0,0,0,0,0,230,0,0,0,0,0,9999,0,0,9999,0,0,9999,0,0,9999,0,0,9999,0,0
GHCND:USC00242266,DECKER MT US,1066.8,45.06306,-106.78889,19980201,9999,0,0,0,0,0,0,0,0,0,0,0,9999,0,0,9999,0,0,9999,0,0,9999,0,0,9999,0,0,13,0,0,0,0,0,36,0,0,0,0,0,9999,0,0,9999,0,0,9999,0,0,9999,0,0,9999,0,0
GHCND:USC00242266,DECKER MT US,1066.8,45.06306,-106.78889,19980301,9999,0,0,0,0,0,0,0,0,0,0,0,9999,0,0,9999,0,0,9999,0,0,9999,0,0,9999,0,0,13,0,0,0,0,0,36,0,0,0,0,0,9999,0,0,9999,0,0,9999,0,0,9999,0,0,9999,0,0
GHCND:USC00242266,DECKER MT US,1066.8,45.06306,-106.78889,19980401,9999,0,0,2,0,0,0,0,0,0,0,0,9999,0,0,9999,0,0,9999,0,0,9999,0,0,9999,0,0,53,0,0,0,0,0,130,0,0,0,0,0,9999,0,0,9999,0,0,9999,0,0,9999,0,0,9999,0,0
GHCND:USC00242266,DECKER MT US,1066.8,45.06306,-106.78889,19980501,9999,0,0,1,0,0,0,0,0,0,0,0,9999,0,0,9999,0,0,9999,0,0,9999,0,0,9999,0,0,25,0,0,0,0,0,56,0,0,0,0,0,9999,0,0,9999,0,0,9999,0,0,9999,0,0,9999,0,0
GHCND:USC00242266,DECKER MT US,1066.8,45.06306,-106.78889,19980601,9999,0,0,5,0,0,0,0,0,0,0,0,9999,0,0,9999,0,0,9999,0,0,9999,0,0,9999,0,0,122,0,0,0,0,0,506,0,0,0,0,0,9999,0,0,9999,0,0,9999,0,0,9999,0,0,9999,0,0
GHCND:USC00242266,DECKER MT US,1066.8,45.06306,-106.78889,19980701,9999,0,0,3,0,0,2,0,0,0,0,0,9999,0,0,9999,0,0,9999,0,0,9999,0,0,9999,0,0,165,0,0,0,1,1,394,0,0,0,0,0,9999,0,0,9999,0,0,9999,0,0,9999,0,0,9999,0,0
GHCND:USC00242266,DECKER MT US,1066.8,45.06306,-106.78889,19980801,9999,0,0,5,0,0,0,0,0,0,0,0,9999,0,0,9999,0,0,9999,0,0,9999,0,0,9999,0,0,64,0,0,0,0,0,242,0,0,0,0,0,9999,0,0,9999,0,0,9999,0,0,9999,0,0,9999,0,0
GHCND:USC00242266,DECKER MT US,1066.8,45.06306,-106.78889,19980901,9999,0,0,2,0,0,0,0,0,0,0,0,9999,0,0,9999,0,0,9999,0,0,9999,0,0,9999,0,0,36,0,0,0,0,0,106,0,0,0,0,0,9999,0,0,9999,0,0,9999,0,0,9999,0,0,9999,0,0
GHCND:USC00242266,DECKER MT US,1066.8,45.06306,-106.78889,19981001,9999,0,0,2,0,0,1,0,0,0,0,0,9999,0,0,9999,0,0,9999,0,0,9999,0,0,9999,0,0,188,0,0,9999,0,0,285,0,0,0,0,0,9999,0,0,9999,0,0,9999,0,0,9999,0,0,9999,0,0
GHCND:USC00242266,DECKER MT US,1066.8,45.06306,-106.78889,19981101,9999,0,0,4,0,0,0,0,0,0,0,0,9999,0,0,9999,0,0,9999,0,0,9999,0,0,9999,0,0,74,0,0,0,0,0,231,0,0,0,0,0,9999,0,0,9999,0,0,9999,0,0,9999,0,0,9999,0,0
GHCND:USC00242266,DECKER MT US,1066.8,45.06306,-106.78889,19981201,9999,0,0,0,0,0,0,0,0,0,0,0,9999,0,0,9999,0,0,9999,0,0,9999,0,0,9999,0,0,23,0,0,0,0,0,79,0,0,0,0,0,9999,0,0,9999,0,0,9999,0,0,9999,0,0,9999,0,0
GHCND:USC00242266,DECKER MT US,1066.8,45.06306,-106.78889,19990101,9999,0,0,1,0,0,0,0,0,0,0,0,9999,0,0,9999,0,0,9999,0,0,9999,0,0,9999,0,0,64,0,0,0,0,0,135,0,0,0,0,0,9999,0,0,9999,0,0,9999,0,0,9999,0,0,9999,0,0
GHCND:USC00242266,DECKER MT US,1066.8,45.06306,-106.78889,19990201,9999,0,0,0,0,0,0,0,0,0,0,0,9999,0,0,9999,0,0,9999,0,0,9999,0,0,9999,0,0,10,0,0,0,0,0,36,0,0,0,0,0,9999,0,0,9999,0,0,9999,0,0,9999,0,0,9999,0,0
GHCND:USC00242266,DECKER MT US,1066.8,45.06306,-106.78889,19990301,9999,0,0,3,0,0,0,0,0,0,0,0,9999,0,0,9999,0,0,9999,0,0,9999,0,0,9999,0,0,76,0,0,0,0,0,208,0,0,0,0,0,9999,0,0,9999,0,0,9999,0,0,9999,0,0,9999,0,0
GHCND:USC00242266,DECKER MT US,1066.8,45.06306,-106.78889,19990401,9999,0,0,8,0,0,1,0,0,0,0,0,9999,0,0,9999,0,0,9999,0,0,9999,0,0,9999,0,0,221,0,0,0,0,0,586,0,0,0,0,0,9999,0,0,9999,0,0,9999,0,0,9999,0,0,9999,0,0
GHCND:USC00242266,DECKER MT US,1066.8,45.06306,-106.78889,19990501,9999,0,0,5,0,0,0,0,0,0,0,0,9999,0,0,9999,0,0,9999,0,0,9999,0,0,9999,0,0,69,0,0,0,0,0,275,0,0,0,0,0,9999,0,0,9999,0,0,9999,0,0,9999,0,0,9999,0,0
GHCND:USC00242266,DECKER MT US,1066.8,45.06306,-106.78889,19990601,9999,0,0,5,0,0,1,0,0,1,0,0,9999,0,0,9999,0,0,9999,0,0,9999,0,0,9999,0,0,478,0,0,0,0,0,814,0,0,0,0,0,9999,0,0,9999,0,0,9999,0,0,9999,0,0,9999,0,0
GHCND:USC00242266,DECKER MT US,1066.8,45.06306,-106.78889,19990701,9999,0,0,3,0,0,0,0,0,0,0,0,9999,0,0,9999,0,0,9999,0,0,9999,0,0,9999,0,0,64,0,0,0,0,0,130,0,0,0,0,0,9999,0,0,9999,0,0,9999,0,0,9999,0,0,9999,0,0
GHCND:USC00242266,DECKER MT US,1066.8,45.06306,-106.78889,19990801,9999,0,0,2,0,0,0,0,0,0,0,0,9999,0,0,9999,0,0,9999,0,0,9999,0,0,9999,0,0,38,0,0,0,0,0,97,0,0,0,0,0,9999,0,0,9999,0,0,9999,0,0,9999,0,0,9999,0,0
GHCND:USC00242266,DECKER MT US,1066.8,45.06306,-106.78889,19990901,9999,0,0,3,0,0,1,0,0,0,0,0,9999,0,0,9999,0,0,9999,0,0,9999,0,0,9999,0,0,165,0,0,0,0,0,313,0,0,0,0,0,9999,0,0,9999,0,0,9999,0,0,9999,0,0,9999,0,0
GHCND:USC00242266,DECKER MT US,1066.8,45.06306,-106.78889,19991001,9999,0,0,1,0,0,0,0,0,0,0,0,9999,0,0,9999,0,0,9999,0,0,9999,0,0,9999,0,0,51,0,0,0,0,0,56,0,0,0,0,0,9999,0,0,9999,0,0,9999,0,0,9999,0,0,9999,0,0
GHCND:USC00242266,DECKER MT US,1066.8,45.06306,-106.78889,19991101,9999,0,0,1,0,0,0,0,0,0,0,0,9999,0,0,9999,0,0,9999,0,0,9999,0,0,9999,0,0,66,0,0,0,0,0,102,0,0,0,0,0,9999,0,0,9999,0,0,9999,0,0,9999,0,0,9999,0,0
GHCND:USC00242266,DECKER MT US,1066.8,45.06306,-106.78889,19991201,9999,0,0,1,0,0,0,0,0,0,0,0,9999,0,0,9999,0,0,9999,0,0,9999,0,0,9999,0,0,25,0,0,0,0,0,65,0,0,0,0,0,9999,0,0,9999,0,0,9999,0,0,9999,0,0,9999,0,0
GHCND:USC00242266,DECKER MT US,1066.8,45.06306,-106.78889,20000101,9999,0,0,3,0,0,1,0,0,0,0,0,9999,0,0,9999,0,0,9999,0,0,9999,0,0,9999,0,0,152,0,0,0,0,0,274,0,0,0,0,0,9999,0,0,9999,0,0,9999,0,0,9999,0,0,9999,0,0
GHCND:USC00242266,DECKER MT US,1066.8,45.06306,-106.78889,20000201,9999,0,0,2,0,0,0,0,0,0,0,0,9999,0,0,9999,0,0,9999,0,0,9999,0,0,9999,0,0,36,0,0,0,0,0,89,0,0,0,0,0,9999,0,0,9999,0,0,9999,0,0,9999,0,0,9999,0,0
GHCND:USC00242266,DECKER MT US,1066.8,45.06306,-106.78889,20000301,9999,0,0,1,0,0,0,0,0,0,0,0,9999,0,0,9999,0,0,9999,0,0,9999,0,0,9999,0,0,74,0,0,0,0,0,108,0,0,0,0,0,9999,0,0,9999,0,0,9999,0,0,9999,0,0,9999,0,0
GHCND:USC00242266,DECKER MT US,1066.8,45.06306,-106.78889,20000401,9999,0,0,2,0,0,0,0,0,0,0,0,9999,0,0,9999,0,0,9999,0,0,9999,0,0,9999,0,0,114,0,0,0,0,0,207,0,0,0,0,0,9999,0,0,9999,0,0,9999,0,0,9999,0,0,9999,0,0
GHCND:USC00242266,DECKER MT US,1066.8,45.06306,-106.78889,20000501,9999,0,0,4,0,0,1,0,0,0,0,0,9999,0,0,9999,0,0,9999,0,0,9999,0,0,9999,0,0,145,0,0,0,0,0,348,0,0,0,0,0,9999,0,0,9999,0,0,9999,0,0,9999,0,0,9999,0,0
GHCND:USC00242266,DECKER MT US,1066.8,45.06306,-106.78889,20000601,9999,0,0,4,0,0,0,0,0,0,0,0,9999,0,0,9999,0,0,9999,0,0,9999,0,0,9999,0,0,117,0,0,0,0,0,406,0,0,0,0,0,9999,0,0,9999,0,0,9999,0,0,9999,0,0,9999,0,0
GHCND:USC00242266,DECKER MT US,1066.8,45.06306,-106.78889,20000701,9999,0,0,2,0,0,1,0,0,0,0,0,9999,0,0,9999,0,0,9999,0,0,9999,0,0,9999,0,0,137,0,0,0,0,0,236,0,0,0,0,0,9999,0,0,9999,0,0,9999,0,0,9999,0,0,9999,0,0
GHCND:USC00242266,DECKER MT US,1066.8,45.06306,-106.78889,20000801,9999,0,0,0,0,0,0,0,0,0,0,0,9999,0,0,9999,0,0,9999,0,0,9999,0,0,9999,0,0,23,0,0,0,0,0,44,0,0,0,0,0,9999,0,0,9999,0,0,9999,0,0,9999,0,0,9999,0,0
GHCND:USC00242266,DECKER MT US,1066.8,45.06306,-106.78889,20000901,9999,0,0,3,0,0,0,0,0,0,0,0,9999,0,0,9999,0,0,9999,0,0,9999,0,0,9999,0,0,71,0,0,0,0,0,212,0,0,0,0,0,9999,0,0,9999,0,0,9999,0,0,9999,0,0,9999,0,0
GHCND:USC00242266,DECKER MT US,1066.8,45.06306,-106.78889,20001001,9999,0,0,1,0,0,0,0,0,0,0,0,9999,0,0,9999,0,0,9999,0,0,9999,0,0,9999,0,0,28,0,0,0,0,0,112,0,0,0,0,0,9999,0,0,9999,0,0,9999,0,0,9999,0,0,9999,0,0
GHCND:USC00242266,DECKER MT US,1066.8,45.06306,-106.78889,20001101,9999,0,0,1,0,0,0,0,0,0,0,0,9999,0,0,9999,0,0,9999,0,0,9999,0,0,9999,0,0,33,0,0,0,0,0,51,0,0,0,0,0,9999,0,0,9999,0,0,9999,0,0,9999,0,0,9999,0,0
GHCND:USC00242266,DECKER MT US,1066.8,45.06306,-106.78889,20001201,9999,0,0,1,0,0,0,0,0,0,0,0,9999,0,0,9999,0,0,9999,0,0,9999,0,0,9999,0,0,38,0,0,0,0,0,104,0,0,0,0,0,9999,0,0,9999,0,0,9999,0,0,9999,0,0,9999,0,0
GHCND:USC00242266,DECKER MT US,1066.8,45.06306,-106.78889,20010101,9999,0,0,0,0,0,0,0,0,0,0,0,9999,0,0,9999,0,0,9999,0,0,9999,0,0,9999,0,0,8,0,0,0,0,0,41,0,0,0,0,0,9999,0,0,9999,0,0,9999,0,0,9999,0,0,9999,0,0
GHCND:USC00242266,DECKER MT US,1066.8,45.06306,-106.78889,20010201,9999,0,0,3,0,0,0,0,0,0,0,0,9999,0,0,9999,0,0,9999,0,0,9999,0,0,9999,0,0,33,0,0,0,0,0,101,0,0,0,0,0,9999,0,0,9999,0,0,9999,0,0,9999,0,0,9999,0,0
GHCND:USC00242266,DECKER MT US,1066.8,45.06306,-106.78889,20010301,9999,0,0,1,0,0,0,0,0,0,0,0,9999,0,0,9999,0,0,9999,0,0,9999,0,0,9999,0,0,71,0,0,0,0,0,91,0,0,0,0,0,9999,0,0,9999,0,0,9999,0,0,9999,0,0,9999,0,0
GHCND:USC00242266,DECKER MT US,1066.8,45.06306,-106.78889,20010401,9999,0,0,4,0,0,0,0,0,0,0,0,9999,0,0,9999,0,0,9999,0,0,9999,0,0,9999,0,0,104,0,0,0,0,0,315,0,0,0,0,0,9999,0,0,9999,0,0,9999,0,0,9999,0,0,9999,0,0
GHCND:USC00242266,DECKER MT US,1066.8,45.06306,-106.78889,20010501,9999,0,0,1,0,0,1,0,0,0,0,0,9999,0,0,9999,0,0,9999,0,0,9999,0,0,9999,0,0,132,0,0,0,0,0,145,0,0,0,0,0,9999,0,0,9999,0,0,9999,0,0,9999,0,0,9999,0,0
GHCND:USC00242266,DECKER MT US,1066.8,45.06306,-106.78889,20010601,9999,0,0,5,0,0,2,0,0,1,0,0,9999,0,0,9999,0,0,9999,0,0,9999,0,0,9999,0,0,287,0,0,0,0,0,679,0,0,0,0,0,9999,0,0,9999,0,0,9999,0,0,9999,0,0,9999,0,0
GHCND:USC00242266,DECKER MT US,1066.8,45.06306,-106.78889,20010701,9999,0,0,3,0,0,2,0,0,2,0,0,9999,0,0,9999,0,0,9999,0,0,9999,0,0,9999,0,0,297,0,0,0,0,0,602,0,0,0,0,0,9999,0,0,9999,0,0,9999,0,0,9999,0,0,9999,0,0
GHCND:USC00242266,DECKER MT US,1066.8,45.06306,-106.78889,20010801,9999,0,0,0,0,0,0,0,0,0,0,0,9999,0,0,9999,0,0,9999,0,0,9999,0,0,9999,0,0,13,0,0,0,0,0,18,0,0,0,0,0,9999,0,0,9999,0,0,9999,0,0,9999,0,0,9999,0,0
GHCND:USC00242266,DECKER MT US,1066.8,45.06306,-106.78889,20010901,9999,0,0,2,0,0,0,0,0,0,0,0,9999,0,0,9999,0,0,9999,0,0,9999,0,0,9999,0,0,38,0,0,0,0,0,94,0,0,0,0,0,9999,0,0,9999,0,0,9999,0,0,9999,0,0,9999,0,0
GHCND:USC00242266,DECKER MT US,1045.5,45.06389,-106.79,20011001,9999,0,0,2,0,0,0,0,0,0,0,0,9999,0,0,9999,0,0,9999,0,0,9999,0,0,9999,0,0,38,0,0,0,0,0,88,0,0,0,0,0,9999,0,0,9999,0,0,9999,0,0,9999,0,0,9999,0,0
GHCND:USC00242266,DECKER MT US,1045.5,45.06389,-106.79,20011101,9999,0,0,2,0,0,0,0,0,0,0,0,9999,0,0,9999,0,0,9999,0,0,9999,0,0,9999,0,0,53,0,0,0,0,0,96,0,0,0,0,0,9999,0,0,9999,0,0,9999,0,0,9999,0,0,9999,0,0
GHCND:USC00242266,DECKER MT US,1045.5,45.06389,-106.79,20011201,9999,0,0,0,0,0,0,0,0,0,0,0,9999,0,0,9999,0,0,9999,0,0,9999,0,0,9999,0,0,15,0,0,25,0,0,25,0,0,25,0,0,9999,0,0,9999,0,0,9999,0,0,9999,0,0,9999,0,0
GHCND:USC00242266,DECKER MT US,1045.5,45.06389,-106.79,20020101,9999,0,0,1,0,0,0,0,0,0,0,0,9999,0,0,9999,0,0,9999,0,0,9999,0,0,9999,0,0,38,0,0,0,0,0,87,0,0,0,0,0,9999,0,0,9999,0,0,9999,0,0,9999,0,0,9999,0,0
GHCND:USC00242266,DECKER MT US,1045.5,45.06389,-106.79,20020201,9999,0,0,1,0,0,0,0,0,0,0,0,9999,0,0,9999,0,0,9999,0,0,9999,0,0,9999,0,0,58,0,0,0,5,5,73,0,0,0,5,5,9999,0,0,9999,0,0,9999,0,0,9999,0,0,9999,0,0
GHCND:USC00242266,DECKER MT US,1045.5,45.06389,-106.79,20020301,9999,0,0,2,0,0,0,0,0,0,0,0,9999,0,0,9999,0,0,9999,0,0,9999,0,0,9999,0,0,51,0,0,0,0,0,240,0,0,0,0,0,9999,0,0,9999,0,0,9999,0,0,9999,0,0,9999,0,0
GHCND:USC00242266,DECKER MT US,1045.5,45.06389,-106.79,20020401,9999,0,0,2,0,0,1,0,0,0,0,0,9999,0,0,9999,0,0,9999,0,0,9999,0,0,9999,0,0,152,0,0,0,0,0,234,0,0,0,0,0,9999,0,0,9999,0,0,9999,0,0,9999,0,0,9999,0,0
GHCND:USC00242266,DECKER MT US,1045.5,45.06389,-106.79,20020501,9999,0,0,2,0,0,0,0,0,0,0,0,9999,0,0,9999,0,0,9999,0,0,9999,0,0,9999,0,0,33,0,0,0,0,0,140,0,0,0,0,0,9999,0,0,9999,0,0,9999,0,0,9999,0,0,9999,0,0
GHCND:USC00242266,DECKER MT US,1045.5,45.06389,-106.79,20020601,9999,0,0,2,0,0,0,0,0,0,0,0,9999,0,0,9999,0,0,9999,0,0,9999,0,0,9999,0,0,107,0,0,0,0,0,184,0,0,0,0,0,9999,0,0,9999,0,0,9999,0,0,9999,0,0,9999,0,0
GHCND:USC00242266,DECKER MT US,1045.5,45.06389,-106.79,20020701,9999,0,0,4,0,0,0,0,0,0,0,0,9999,0,0,9999,0,0,9999,0,0,9999,0,0,9999,0,0,102,0,0,0,0,0,298,0,0,0,0,0,9999,0,0,9999,0,0,9999,0,0,9999,0,0,9999,0,0
GHCND:USC00242266,DECKER MT US,1045.5,45.06389,-106.79,20020801,9999,0,0,4,0,0,0,0,0,0,0,0,9999,0,0,9999,0,0,9999,0,0,9999,0,0,9999,0,0,58,0,0,0,0,0,212,0,0,0,0,0,9999,0,0,9999,0,0,9999,0,0,9999,0,0,9999,0,0
GHCND:USC00242266,DECKER MT US,1045.5,45.06389,-106.79,20020901,9999,0,0,5,0,0,0,0,0,0,0,0,9999,0,0,9999,0,0,9999,0,0,9999,0,0,9999,0,0,99,0,0,0,0,0,263,0,0,0,0,0,9999,0,0,9999,0,0,9999,0,0,9999,0,0,9999,0,0
GHCND:USC00242266,DECKER MT US,1045.5,45.06389,-106.79,20021001,9999,0,0,3,0,0,0,0,0,0,0,0,9999,0,0,9999,0,0,9999,0,0,9999,0,0,9999,0,0,97,0,0,0,0,0,224,0,0,0,0,0,9999,0,0,9999,0,0,9999,0,0,9999,0,0,9999,0,0
GHCND:USC00242266,DECKER MT US,1045.5,45.06389,-106.79,20021101,9999,0,0,0,0,0,0,0,0,0,0,0,9999,0,0,9999,0,0,9999,0,0,9999,0,0,9999,0,0,13,0,0,0,0,0,13,0,0,0,0,0,9999,0,0,9999,0,0,9999,0,0,9999,0,0,9999,0,0
GHCND:USC00242266,DECKER MT US,1045.5,45.06389,-106.79,20021201,9999,0,0,1,0,0,0,0,0,0,0,0,9999,0,0,9999,0,0,9999,0,0,9999,0,0,9999,0,0,30,0,0,0,0,0,63,0,0,0,0,0,9999,0,0,9999,0,0,9999,0,0,9999,0,0,9999,0,0
GHCND:USC00242266,DECKER MT US,1045.5,45.06389,-106.79,20030101,9999,0,0,2,0,0,0,0,0,0,0,0,9999,0,0,9999,0,0,9999,0,0,9999,0,0,9999,0,0,36,0,0,0,0,0,176,0,0,0,0,0,9999,0,0,9999,0,0,9999,0,0,9999,0,0,9999,0,0
GHCND:USC00242266,DECKER MT US,1045.5,45.06389,-106.79,20030201,9999,0,0,2,0,0,0,0,0,0,0,0,9999,0,0,9999,0,0,9999,0,0,9999,0,0,9999,0,0,38,0,0,0,0,0,133,0,0,0,0,0,9999,0,0,9999,0,0,9999,0,0,9999,0,0,9999,0,0
GHCND:USC00242266,DECKER MT US,1045.5,45.06389,-106.79,20030301,9999,0,0,5,0,0,0,0,0,0,0,0,9999,0,0,9999,0,0,9999,0,0,9999,0,0,9999,0,0,114,0,0,0,0,0,385,0,0,0,0,0,9999,0,0,9999,0,0,9999,0,0,9999,0,0,9999,0,0
GHCND:USC00242266,DECKER MT US,1045.5,45.06389,-106.79,20030401,9999,0,0,6,0,0,0,0,0,0,0,0,9999,0,0,9999,0,0,9999,0,0,9999,0,0,9999,0,0,81,0,0,0,0,0,416,0,0,0,0,0,9999,0,0,9999,0,0,9999,0,0,9999,0,0,9999,0,0
GHCND:USC00242266,DECKER MT US,1045.5,45.06389,-106.79,20030501,9999,0,0,6,0,0,0,0,0,0,0,0,9999,0,0,9999,0,0,9999,0,0,9999,0,0,9999,0,0,81,0,0,0,0,0,416,0,0,0,0,0,9999,0,0,9999,0,0,9999,0,0,9999,0,0,9999,0,0
GHCND:USC00242266,DECKER MT US,1045.5,45.06389,-106.79,20030601,9999,0,0,4,0,0,1,0,0,0,0,0,9999,0,0,9999,0,0,9999,0,0,9999,0,0,9999,0,0,241,0,0,0,0,0,492,0,0,0,0,0,9999,0,0,9999,0,0,9999,0,0,9999,0,0,9999,0,0
GHCND:USC00242266,DECKER MT US,1045.5,45.06389,-106.79,20030701,9999,0,0,0,0,0,0,0,0,0,0,0,9999,0,0,9999,0,0,9999,0,0,9999,0,0,9999,0,0,20,0,0,0,0,0,75,0,0,0,0,0,9999,0,0,9999,0,0,9999,0,0,9999,0,0,9999,0,0
GHCND:USC00242266,DECKER MT US,1045.5,45.06389,-106.79,20030901,9999,0,0,3,0,0,1,0,0,0,0,0,9999,0,0,9999,0,0,9999,0,0,9999,0,0,9999,0,0,130,0,0,0,1,1,288,0,0,0,0,0,9999,0,0,9999,0,0,9999,0,0,9999,0,0,9999,0,0
GHCND:USC00242266,DECKER MT US,1045.5,45.06389,-106.79,20031101,9999,0,0,2,0,0,0,0,0,0,0,0,9999,0,0,9999,0,0,9999,0,0,9999,0,0,9999,0,0,56,0,0,0,1,1,119,0,0,0,0,0,9999,0,0,9999,0,0,9999,0,0,9999,0,0,9999,0,0
GHCND:USC00242266,DECKER MT US,1045.5,45.06389,-106.79,20031201,9999,0,0,2,0,0,0,0,0,0,0,0,9999,0,0,9999,0,0,9999,0,0,9999,0,0,9999,0,0,51,0,0,0,0,0,140,0,0,0,0,0,9999,0,0,9999,0,0,9999,0,0,9999,0,0,9999,0,0
GHCND:USC00242266,DECKER MT US,1072.9,45.01167,-106.86361,20040501,9999,0,0,5,0,0,1,0,0,0,0,0,9999,0,0,9999,0,0,9999,0,0,9999,0,0,9999,0,0,132,0,0,0,1,1,346,0,0,0,0,0,9999,0,0,9999,0,0,9999,0,0,9999,0,0,9999,0,0
GHCND:USC00242266,DECKER MT US,1072.9,45.01167,-106.86361,20040601,9999,0,0,1,0,0,0,0,0,0,0,0,9999,0,0,9999,0,0,9999,0,0,9999,0,0,9999,0,0,64,0,0,0,0,0,131,0,0,0,0,0,9999,0,0,9999,0,0,9999,0,0,9999,0,0,9999,0,0
GHCND:USC00242266,DECKER MT US,1072.9,45.01167,-106.86361,20040701,9999,0,0,7,0,0,2,0,0,1,0,0,9999,0,0,9999,0,0,9999,0,0,9999,0,0,9999,0,0,315,0,0,0,0,0,672,0,0,0,0,0,9999,0,0,9999,0,0,9999,0,0,9999,0,0,9999,0,0
GHCND:USC00242266,DECKER MT US,1072.9,45.01167,-106.86361,20040801,9999,0,0,2,0,0,0,0,0,0,0,0,9999,0,0,9999,0,0,9999,0,0,9999,0,0,9999,0,0,122,0,0,0,0,0,147,0,0,0,0,0,9999,0,0,9999,0,0,9999,0,0,9999,0,0,9999,0,0
GHCND:USC00242266,DECKER MT US,1072.9,45.01167,-106.86361,20040901,9999,0,0,8,0,0,0,0,0,0,0,0,9999,0,0,9999,0,0,9999,0,0,9999,0,0,9999,0,0,114,0,0,0,0,0,434,0,0,0,0,0,9999,0,0,9999,0,0,9999,0,0,9999,0,0,9999,0,0
GHCND:USC00242266,DECKER MT US,1072.9,45.01167,-106.86361,20041001,9999,0,0,5,0,0,2,0,0,0,0,0,9999,0,0,9999,0,0,9999,0,0,9999,0,0,9999,0,0,127,0,0,0,0,0,472,0,0,0,0,0,9999,0,0,9999,0,0,9999,0,0,9999,0,0,9999,0,0
GHCND:USC00242266,DECKER MT US,1072.9,45.01167,-106.86361,20041101,9999,0,0,1,0,0,0,0,0,0,0,0,9999,0,0,9999,0,0,9999,0,0,9999,0,0,9999,0,0,51,0,0,0,0,0,51,0,0,0,0,0,9999,0,0,9999,0,0,9999,0,0,9999,0,0,9999,0,0
GHCND:USC00242266,DECKER MT US,1072.9,45.01167,-106.86361,20041201,9999,0,0,0,0,0,0,0,0,0,0,0,9999,0,0,9999,0,0,9999,0,0,9999,0,0,9999,0,0,0,0,0,9999,0,0,0,0,0,9999,0,0,9999,0,0,9999,0,0,9999,0,0,9999,0,0,9999,0,0
GHCND:US1WYSH0001,SHERIDAN 1.0 N WY US,1136.9,44.8126,-106.958,20040501,9999,0,0,2,0,0,0,0,0,0,0,0,9999,0,0,9999,0,0,9999,0,0,9999,0,0,9999,0,0,53,0,0,0,13,11,127,0,0,0,13,11,9999,0,0,9999,0,0,9999,0,0,9999,0,0,9999,0,0
GHCND:US1WYSH0001,SHERIDAN 1.0 N WY US,1136.9,44.8126,-106.958,20040601,9999,0,0,2,0,0,1,0,0,0,0,0,9999,0,0,9999,0,0,9999,0,0,9999,0,0,9999,0,0,140,0,0,0,1,1,248,0,0,0,1,1,9999,0,0,9999,0,0,9999,0,0,9999,0,0,9999,0,0
GHCND:US1WYSH0001,SHERIDAN 1.0 N WY US,1136.9,44.8126,-106.958,20040701,9999,0,0,5,0,0,2,0,0,0,0,0,9999,0,0,9999,0,0,9999,0,0,9999,0,0,9999,0,0,203,0,0,0,0,0,530,0,0,0,0,0,9999,0,0,9999,0,0,9999,0,0,9999,0,0,9999,0,0
GHCND:US1WYSH0001,SHERIDAN 1.0 N WY US,1136.9,44.8126,-106.958,20040801,9999,0,0,1,0,0,0,0,0,0,0,0,9999,0,0,9999,0,0,9999,0,0,9999,0,0,9999,0,0,53,0,0,0,4,3,88,0,0,0,4,3,9999,0,0,9999,0,0,9999,0,0,9999,0,0,9999,0,0
GHCND:US1WYSH0001,SHERIDAN 1.0 N WY US,1136.9,44.8126,-106.958,20040901,9999,0,0,7,0,0,0,0,0,0,0,0,9999,0,0,9999,0,0,9999,0,0,9999,0,0,9999,0,0,97,0,0,0,2,2,419,0,0,0,2,2,9999,0,0,9999,0,0,9999,0,0,9999,0,0,9999,0,0
GHCND:US1WYSH0001,SHERIDAN 1.0 N WY US,1136.9,44.8126,-106.958,20041001,9999,0,0,3,0,0,0,0,0,0,0,0,9999,0,0,9999,0,0,9999,0,0,9999,0,0,9999,0,0,117,0,0,0,7,5,302,0,0,0,7,5,9999,0,0,9999,0,0,9999,0,0,9999,0,0,9999,0,0
GHCND:US1WYSH0001,SHERIDAN 1.0 N WY US,1136.9,44.8126,-106.958,20041101,9999,0,0,1,0,0,0,0,0,0,0,0,9999,0,0,9999,0,0,9999,0,0,9999,0,0,9999,0,0,82,0,0,51,5,5,123,0,0,89,5,5,9999,0,0,9999,0,0,9999,0,0,9999,0,0,9999,0,0
GHCND:US1WYSH0001,SHERIDAN 1.0 N WY US,1136.9,44.8126,-106.958,20041201,9999,0,0,2,0,0,0,0,0,0,0,0,9999,0,0,9999,0,0,9999,0,0,9999,0,0,9999,0,0,112,0,0,89,6,6,181,0,0,91,6,6,9999,0,0,9999,0,0,9999,0,0,9999,0,0,9999,0,0
GHCND:US1WYSH0001,SHERIDAN 1.0 N WY US,1136.9,44.8126,-106.958,20050101,9999,0,0,3,0,0,0,0,0,0,0,0,9999,0,0,9999,0,0,9999,0,0,9999,0,0,9999,0,0,116,0,0,109,4,3,279,0,0,293,4,3,9999,0,0,9999,0,0,9999,0,0,9999,0,0,9999,0,0
GHCND:US1WYSH0001,SHERIDAN 1.0 N WY US,1136.9,44.8126,-106.958,20050201,9999,0,0,3,2,2,0,2,2,0,2,2,9999,0,0,9999,0,0,9999,0,0,9999,0,0,9999,0,0,33,2,2,76,16,14,88,2,2,88,16,14,9999,0,0,9999,0,0,9999,0,0,9999,0,0,9999,0,0
GHCND:US1WYSH0001,SHERIDAN 1.0 N WY US,1136.9,44.8126,-106.958,20050301,9999,0,0,5,1,1,0,1,1,0,1,1,9999,0,0,9999,0,0,9999,0,0,9999,0,0,9999,0,0,86,1,1,51,1,1,333,1,1,134,2,1,9999,0,0,9999,0,0,9999,0,0,9999,0,0,9999,0,0
GHCND:US1WYSH0001,SHERIDAN 1.0 N WY US,1136.9,44.8126,-106.958,20050401,9999,0,0,5,1,1,3,1,1,0,1,1,9999,0,0,9999,0,0,9999,0,0,9999,0,0,9999,0,0,183,1,1,0,1,1,689,1,1,13,3,1,9999,0,0,9999,0,0,9999,0,0,9999,0,0,9999,0,0
GHCND:US1WYSH0001,SHERIDAN 1.0 N WY US,1136.9,44.8126,-106.958,20050501,9999,0,0,2,0,0,0,0,0,0,0,0,9999,0,0,9999,0,0,9999,0,0,9999,0,0,9999,0,0,38,0,0,9999,0,0,88,0,0,0,10,10,9999,0,0,9999,0,0,9999,0,0,9999,0,0,9999,0,0
GHCND:US1WYSH0001,SHERIDAN 1.0 N WY US,1136.9,44.8126,-106.958,20050601,9999,0,0,2,0,0,2,0,0,0,0,0,9999,0,0,9999,0,0,9999,0,0,9999,0,0,9999,0,0,193,0,0,9999,0,0,388,0,0,0,10,8,9999,0,0,9999,0,0,9999,0,0,9999,0,0,9999,0,0
GHCND:US1WYSH0001,SHERIDAN 1.0 N WY US,1136.9,44.8126,-106.958,20050701,9999,0,0,1,0,0,1,0,0,0,0,0,9999,0,0,9999,0,0,9999,0,0,9999,0,0,9999,0,0,198,0,0,9999,0,0,219,0,0,0,5,5,9999,0,0,9999,0,0,9999,0,0,9999,0,0,9999,0,0
GHCND:US1WYSH0001,SHERIDAN 1.0 N WY US,1136.9,44.8126,-106.958,20050801,9999,0,0,4,0,0,0,0,0,0,0,0,9999,0,0,9999,0,0,9999,0,0,9999,0,0,9999,0,0,86,0,0,9999,0,0,333,0,0,0,2,2,9999,0,0,9999,0,0,9999,0,0,9999,0,0,9999,0,0
GHCND:US1WYSH0001,SHERIDAN 1.0 N WY US,1136.9,44.8126,-106.958,20050901,9999,0,0,2,0,0,0,0,0,0,0,0,9999,0,0,9999,0,0,9999,0,0,9999,0,0,9999,0,0,43,0,0,9999,0,0,86,0,0,0,7,6,9999,0,0,9999,0,0,9999,0,0,9999,0,0,9999,0,0
GHCND:US1WYSH0001,SHERIDAN 1.0 N WY US,1136.9,44.8126,-106.958,20051001,9999,0,0,4,0,0,2,0,0,2,0,0,9999,0,0,9999,0,0,9999,0,0,9999,0,0,9999,0,0,462,0,0,9999,0,0,915,0,0,140,7,6,9999,0,0,9999,0,0,9999,0,0,9999,0,0,9999,0,0
GHCND:US1WYSH0001,SHERIDAN 1.0 N WY US,1136.9,44.8126,-106.958,20051101,9999,0,0,3,0,0,0,0,0,0,0,0,9999,0,0,9999,0,0,9999,0,0,9999,0,0,9999,0,0,66,0,0,64,29,29,211,0,0,77,5,4,9999,0,0,9999,0,0,9999,0,0,9999,0,0,9999,0,0
GHCND:US1WYSH0001,SHERIDAN 1.0 N WY US,1136.9,44.8126,-106.958,20051201,9999,0,0,4,0,0,0,0,0,0,0,0,9999,0,0,9999,0,0,9999,0,0,9999,0,0,9999,0,0,48,0,0,127,0,0,245,0,0,211,0,0,9999,0,0,9999,0,0,9999,0,0,9999,0,0,9999,0,0
GHCND:US1WYSH0001,SHERIDAN 1.0 N WY US,1136.9,44.8126,-106.958,20060101,9999,0,0,1,0,0,0,0,0,0,0,0,9999,0,0,9999,0,0,9999,0,0,9999,0,0,9999,0,0,50,0,0,38,27,27,74,0,0,38,5,5,9999,0,0,9999,0,0,9999,0,0,9999,0,0,9999,0,0
GHCND:US1WYSH0001,SHERIDAN 1.0 N WY US,1136.9,44.8126,-106.958,20060201,9999,0,0,5,0,0,1,0,0,0,0,0,9999,0,0,9999,0,0,9999,0,0,9999,0,0,9999,0,0,152,0,0,89,16,13,383,0,0,260,0,0,9999,0,0,9999,0,0,9999,0,0,9999,0,0,9999,0,0
GHCND:US1WYSH0001,SHERIDAN 1.0 N WY US,1136.9,44.8126,-106.958,20060301,9999,0,0,6,0,0,0,0,0,0,0,0,9999,0,0,9999,0,0,9999,0,0,9999,0,0,9999,0,0,112,0,0,38,17,9,428,0,0,106,1,1,9999,0,0,9999,0,0,9999,0,0,9999,0,0,9999,0,0
GHCND:US1WYSH0001,SHERIDAN 1.0 N WY US,1136.9,44.8126,-106.958,20060401,9999,0,0,4,0,0,0,0,0,0,0,0,9999,0,0,9999,0,0,9999,0,0,9999,0,0,9999,0,0,114,0,0,25,24,24,395,0,0,165,5,5,9999,0,0,9999,0,0,9999,0,0,9999,0,0,9999,0,0
GHCND:US1WYSH0001,SHERIDAN 1.0 N WY US,1136.9,44.8126,-106.958,20060501,9999,0,0,3,0,0,0,0,0,0,0,0,9999,0,0,9999,0,0,9999,0,0,9999,0,0,9999,0,0,81,0,0,9999,0,0,225,0,0,0,4,4,9999,0,0,9999,0,0,9999,0,0,9999,0,0,9999,0,0
GHCND:US1WYSH0001,SHERIDAN 1.0 N WY US,1136.9,44.8126,-106.958,20060601,9999,0,0,2,0,0,1,0,0,0,0,0,9999,0,0,9999,0,0,9999,0,0,9999,0,0,9999,0,0,198,0,0,9999,0,0,293,0,0,0,4,4,9999,0,0,9999,0,0,9999,0,0,9999,0,0,9999,0,0
GHCND:US1WYSH0001,SHERIDAN 1.0 N WY US,1136.9,44.8126,-106.958,20060701,9999,0,0,0,0,0,0,0,0,0,0,0,9999,0,0,9999,0,0,9999,0,0,9999,0,0,9999,0,0,10,0,0,9999,0,0,31,0,0,0,4,3,9999,0,0,9999,0,0,9999,0,0,9999,0,0,9999,0,0
GHCND:US1WYSH0001,SHERIDAN 1.0 N WY US,1136.9,44.8126,-106.958,20060801,9999,0,0,1,0,0,0,0,0,0,0,0,9999,0,0,9999,0,0,9999,0,0,9999,0,0,9999,0,0,38,0,0,9999,0,0,78,0,0,0,0,0,9999,0,0,9999,0,0,9999,0,0,9999,0,0,9999,0,0
GHCND:US1WYSH0001,SHERIDAN 1.0 N WY US,1136.9,44.8126,-106.958,20060901,9999,0,0,2,0,0,2,0,0,1,0,0,9999,0,0,9999,0,0,9999,0,0,9999,0,0,9999,0,0,290,0,0,9999,0,0,513,0,0,0,6,5,9999,0,0,9999,0,0,9999,0,0,9999,0,0,9999,0,0
GHCND:US1WYSH0001,SHERIDAN 1.0 N WY US,1136.9,44.8126,-106.958,20061001,9999,0,0,7,0,0,0,0,0,0,0,0,9999,0,0,9999,0,0,9999,0,0,9999,0,0,9999,0,0,97,0,0,64,29,29,494,0,0,93,4,4,9999,0,0,9999,0,0,9999,0,0,9999,0,0,9999,0,0
GHCND:US1WYSH0001,SHERIDAN 1.0 N WY US,1136.9,44.8126,-106.958,20061101,9999,0,0,2,0,0,1,0,0,0,0,0,9999,0,0,9999,0,0,9999,0,0,9999,0,0,9999,0,0,238,0,0,64,22,16,340,0,0,107,5,5,9999,0,0,9999,0,0,9999,0,0,9999,0,0,9999,0,0
GHCND:US1WYSH0001,SHERIDAN 1.0 N WY US,1136.9,44.8126,-106.958,20061201,9999,0,0,3,0,0,0,0,0,0,0,0,9999,0,0,9999,0,0,9999,0,0,9999,0,0,9999,0,0,76,0,0,51,1,1,136,0,0,70,0,0,9999,0,0,9999,0,0,9999,0,0,9999,0,0,9999,0,0
GHCND:US1WYSH0001,SHERIDAN 1.0 N WY US,1136.9,44.8126,-106.958,20070101,9999,0,0,3,3,3,2,3,3,0,3,3,9999,0,0,9999,0,0,9999,0,0,9999,0,0,9999,0,0,178,3,3,152,3,3,441,3,3,330,3,3,9999,0,0,9999,0,0,9999,0,0,9999,0,0,9999,0,0
GHCND:US1WYSH0001,SHERIDAN 1.0 N WY US,1136.9,44.8126,-106.958,20070201,9999,0,0,9,0,0,0,0,0,0,0,0,9999,0,0,9999,0,0,9999,0,0,9999,0,0,9999,0,0,112,0,0,178,6,6,536,0,0,534,6,6,9999,0,0,9999,0,0,9999,0,0,9999,0,0,9999,0,0
GHCND:US1WYSH0001,SHERIDAN 1.0 N WY US,1136.9,44.8126,-106.958,20070301,9999,0,0,4,0,0,2,0,0,2,0,0,9999,0,0,9999,0,0,9999,0,0,9999,0,0,9999,0,0,1316,0,0,533,14,13,2237,0,0,962,5,4,9999,0,0,9999,0,0,9999,0,0,9999,0,0,9999,0,0
GHCND:US1WYSH0001,SHERIDAN 1.0 N WY US,1136.9,44.8126,-106.958,20070401,9999,0,0,4,0,0,1,0,0,0,0,0,9999,0,0,9999,0,0,9999,0,0,9999,0,0,9999,0,0,168,0,0,305,0,0,408,0,0,152,0,0,9999,0,0,9999,0,0,9999,0,0,9999,0,0,9999,0,0
GHCND:US1WYSH0001,SHERIDAN 1.0 N WY US,1136.9,44.8126,-106.958,20070501,9999,0,0,5,0,0,3,0,0,1,0,0,9999,0,0,9999,0,0,9999,0,0,9999,0,0,9999,0,0,371,0,0,9999,0,0,861,0,0,0,4,2,9999,0,0,9999,0,0,9999,0,0,9999,0,0,9999,0,0
GHCND:US1WYSH0001,SHERIDAN 1.0 N WY US,1136.9,44.8126,-106.958,20070601,9999,0,0,3,0,0,1,0,0,1,0,0,9999,0,0,9999,0,0,9999,0,0,9999,0,0,9999,0,0,467,0,0,9999,0,0,623,0,0,0,6,6,9999,0,0,9999,0,0,9999,0,0,9999,0,0,9999,0,0
GHCND:US1WYSH0001,SHERIDAN 1.0 N WY US,1136.9,44.8126,-106.958,20070701,9999,0,0,2,0,0,1,0,0,1,0,0,9999,0,0,9999,0,0,9999,0,0,9999,0,0,9999,0,0,323,0,0,9999,0,0,376,0,0,0,1,1,9999,0,0,9999,0,0,9999,0,0,9999,0,0,9999,0,0
GHCND:US1WYSH0001,SHERIDAN 1.0 N WY US,1136.9,44.8126,-106.958,20070801,9999,0,0,3,0,0,0,0,0,0,0,0,9999,0,0,9999,0,0,9999,0,0,9999,0,0,9999,0,0,74,0,0,9999,0,0,245,0,0,0,0,0,9999,0,0,9999,0,0,9999,0,0,9999,0,0,9999,0,0
GHCND:US1WYSH0001,SHERIDAN 1.0 N WY US,1136.9,44.8126,-106.958,20070901,9999,0,0,4,0,0,0,0,0,0,0,0,9999,0,0,9999,0,0,9999,0,0,9999,0,0,9999,0,0,112,0,0,9999,0,0,324,0,0,0,0,0,9999,0,0,9999,0,0,9999,0,0,9999,0,0,9999,0,0
GHCND:US1WYSH0001,SHERIDAN 1.0 N WY US,1136.9,44.8126,-106.958,20071001,9999,0,0,7,0,0,2,0,0,0,0,0,9999,0,0,9999,0,0,9999,0,0,9999,0,0,9999,0,0,175,0,0,9999,0,0,649,0,0,0,5,3,9999,0,0,9999,0,0,9999,0,0,9999,0,0,9999,0,0
GHCND:US1WYSH0001,SHERIDAN 1.0 N WY US,1136.9,44.8126,-106.958,20071101,9999,0,0,2,0,0,1,0,0,0,0,0,9999,0,0,9999,0,0,9999,0,0,9999,0,0,9999,0,0,132,0,0,114,24,19,207,0,0,139,7,5,9999,0,0,9999,0,0,9999,0,0,9999,0,0,9999,0,0
GHCND:US1WYSH0001,SHERIDAN 1.0 N WY US,1136.9,44.8126,-106.958,20071201,9999,0,0,6,0,0,0,0,0,0,0,0,9999,0,0,9999,0,0,9999,0,0,9999,0,0,9999,0,0,122,0,0,51,5,5,300,0,0,160,3,3,9999,0,0,9999,0,0,9999,0,0,9999,0,0,9999,0,0
GHCND:US1WYSH0001,SHERIDAN 1.0 N WY US,1136.9,44.8126,-106.958,20080101,9999,0,0,7,2,1,1,2,1,0,2,1,9999,0,0,9999,0,0,9999,0,0,9999,0,0,9999,0,0,238,2,1,254,2,1,650,2,1,501,2,1,9999,0,0,9999,0,0,9999,0,0,9999,0,0,9999,0,0
GHCND:US1WYSH0001,SHERIDAN 1.0 N WY US,1136.9,44.8126,-106.958,20080201,9999,0,0,6,0,0,0,0,0,0,0,0,9999,0,0,9999,0,0,9999,0,0,9999,0,0,9999,0,0,82,0,0,152,0,0,353,0,0,229,0,0,9999,0,0,9999,0,0,9999,0,0,9999,0,0,9999,0,0
GHCND:US1WYSH0001,SHERIDAN 1.0 N WY US,1136.9,44.8126,-106.958,20080301,9999,0,0,4,3,3,1,3,3,0,3,3,9999,0,0,9999,0,0,9999,0,0,9999,0,0,9999,0,0,132,3,3,51,19,7,298,3,3,110,7,3,9999,0,0,9999,0,0,9999,0,0,9999,0,0,9999,0,0
GHCND:US1WYSH0001,SHERIDAN 1.0 N WY US,1136.9,44.8126,-106.958,20080401,9999,0,0,3,1,1,1,1,1,0,1,1,9999,0,0,9999,0,0,9999,0,0,9999,0,0,9999,0,0,158,1,1,25,17,11,270,1,1,101,5,4,9999,0,0,9999,0,0,9999,0,0,9999,0,0,9999,0,0
GHCND:US1WYSH0001,SHERIDAN 1.0 N WY US,1136.9,44.8126,-106.958,20080501,9999,0,0,7,0,0,2,0,0,0,0,0,9999,0,0,9999,0,0,9999,0,0,9999,0,0,9999,0,0,216,0,0,51,1,1,740,0,0,51,6,3,9999,0,0,9999,0,0,9999,0,0,9999,0,0,9999,0,0
GHCND:US1WYSH0001,SHERIDAN 1.0 N WY US,1136.9,44.8126,-106.958,20080601,9999,0,0,6,0,0,1,0,0,0,0,0,9999,0,0,9999,0,0,9999,0,0,9999,0,0,9999,0,0,127,0,0,9999,0,0,582,0,0,0,0,0,9999,0,0,9999,0,0,9999,0,0,9999,0,0,9999,0,0
GHCND:US1WYSH0001,SHERIDAN 1.0 N WY US,1136.9,44.8126,-106.958,20080701,9999,0,0,3,0,0,0,0,0,0,0,0,9999,0,0,9999,0,0,9999,0,0,9999,0,0,9999,0,0,97,0,0,9999,0,0,320,0,0,0,0,0,9999,0,0,9999,0,0,9999,0,0,9999,0,0,9999,0,0
GHCND:US1WYSH0001,SHERIDAN 1.0 N WY US,1136.9,44.8126,-106.958,20080801,9999,0,0,2,0,0,0,0,0,0,0,0,9999,0,0,9999,0,0,9999,0,0,9999,0,0,9999,0,0,51,0,0,9999,0,0,92,0,0,0,1,1,9999,0,0,9999,0,0,9999,0,0,9999,0,0,9999,0,0
GHCND:US1WYSH0001,SHERIDAN 1.0 N WY US,1136.9,44.8126,-106.958,20080901,9999,0,0,4,0,0,2,0,0,0,0,0,9999,0,0,9999,0,0,9999,0,0,9999,0,0,9999,0,0,165,0,0,9999,0,0,476,0,0,0,2,1,9999,0,0,9999,0,0,9999,0,0,9999,0,0,9999,0,0
GHCND:US1WYSH0001,SHERIDAN 1.0 N WY US,1136.9,44.8126,-106.958,20081001,9999,0,0,1,0,0,0,0,0,0,0,0,9999,0,0,9999,0,0,9999,0,0,9999,0,0,9999,0,0,64,0,0,9999,0,0,67,0,0,0,8,8,9999,0,0,9999,0,0,9999,0,0,9999,0,0,9999,0,0
GHCND:US1WYSH0001,SHERIDAN 1.0 N WY US,1136.9,44.8126,-106.958,20081101,9999,0,0,2,0,0,1,0,0,0,0,0,9999,0,0,9999,0,0,9999,0,0,9999,0,0,9999,0,0,137,0,0,25,18,13,182,0,0,38,2,2,9999,0,0,9999,0,0,9999,0,0,9999,0,0,9999,0,0
GHCND:US1WYSH0001,SHERIDAN 1.0 N WY US,1136.9,44.8126,-106.958,20081201,9999,0,0,6,1,1,1,1,1,0,1,1,9999,0,0,9999,0,0,9999,0,0,9999,0,0,9999,0,0,152,1,1,152,9,3,500,1,1,295,5,3,9999,0,0,9999,0,0,9999,0,0,9999,0,0,9999,0,0
GHCND:US1WYSH0001,SHERIDAN 1.0 N WY US,1136.9,44.8126,-106.958,20090101,9999,0,0,9,0,0,2,0,0,1,0,0,9999,0,0,9999,0,0,9999,0,0,9999,0,0,9999,0,0,2822,0,0,229,4,4,3490,0,0,547,4,4,9999,0,0,9999,0,0,9999,0,0,9999,0,0,9999,0,0
GHCND:US1WYSH0001,SHERIDAN 1.0 N WY US,1136.9,44.8126,-106.958,20090201,9999,0,0,0,0,0,0,0,0,0,0,0,9999,0,0,9999,0,0,9999,0,0,9999,0,0,9999,0,0,20,0,0,51,1,1,68,0,0,69,1,1,9999,0,0,9999,0,0,9999,0,0,9999,0,0,9999,0,0
GHCND:US1WYSH0001,SHERIDAN 1.0 N WY US,1136.9,44.8126,-106.958,20090301,9999,0,0,7,0,0,5,0,0,2,0,0,9999,0,0,9999,0,0,9999,0,0,9999,0,0,9999,0,0,768,0,0,330,11,5,1834,0,0,724,2,1,9999,0,0,9999,0,0,9999,0,0,9999,0,0,9999,0,0
GHCND:US1WYSH0001,SHERIDAN 1.0 N WY US,1136.9,44.8126,-106.958,20090401,9999,0,0,3,0,0,3,0,0,1,0,0,9999,0,0,9999,0,0,9999,0,0,9999,0,0,9999,0,0,294,0,0,254,15,15,635,0,0,279,6,2,9999,0,0,9999,0,0,9999,0,0,9999,0,0,9999,0,0
GHCND:US1WYSH0001,SHERIDAN 1.0 N WY US,1136.9,44.8126,-106.958,20090501,9999,0,0,2,0,0,0,0,0,0,0,0,9999,0,0,9999,0,0,9999,0,0,9999,0,0,9999,0,0,28,0,0,9999,0,0,120,0,0,0,13,5,9999,0,0,9999,0,0,9999,0,0,9999,0,0,9999,0,0
GHCND:US1WYSH0001,SHERIDAN 1.0 N WY US,1136.9,44.8126,-106.958,20090601,9999,0,0,10,0,0,0,0,0,0,0,0,9999,0,0,9999,0,0,9999,0,0,9999,0,0,9999,0,0,122,0,0,9999,0,0,779,0,0,0,18,9,9999,0,0,9999,0,0,9999,0,0,9999,0,0,9999,0,0
GHCND:US1WYSH0001,SHERIDAN 1.0 N WY US,1136.9,44.8126,-106.958,20090701,9999,0,0,3,0,0,0,0,0,0,0,0,9999,0,0,9999,0,0,9999,0,0,9999,0,0,9999,0,0,86,0,0,9999,0,0,198,0,0,0,17,11,9999,0,0,9999,0,0,9999,0,0,9999,0,0,9999,0,0
GHCND:US1WYSH0001,SHERIDAN 1.0 N WY US,1136.9,44.8126,-106.958,20090801,9999,0,0,3,0,0,1,0,0,0,0,0,9999,0,0,9999,0,0,9999,0,0,9999,0,0,9999,0,0,165,0,0,9999,0,0,355,0,0,0,13,5,9999,0,0,9999,0,0,9999,0,0,9999,0,0,9999,0,0
GHCND:US1WYSH0001,SHERIDAN 1.0 N WY US,1136.9,44.8126,-106.958,20090901,9999,0,0,1,0,0,0,0,0,0,0,0,9999,0,0,9999,0,0,9999,0,0,9999,0,0,9999,0,0,36,0,0,9999,0,0,49,0,0,0,10,6,9999,0,0,9999,0,0,9999,0,0,9999,0,0,9999,0,0
GHCND:US1WYSH0001,SHERIDAN 1.0 N WY US,1136.9,44.8126,-106.958,20091001,9999,0,0,8,0,0,5,0,0,2,0,0,9999,0,0,9999,0,0,9999,0,0,9999,0,0,9999,0,0,4618,0,0,140,18,13,5626,0,0,365,6,3,9999,0,0,9999,0,0,9999,0,0,9999,0,0,9999,0,0
GHCND:US1WYSH0001,SHERIDAN 1.0 N WY US,1136.9,44.8126,-106.958,20091101,9999,0,0,2,0,0,0,0,0,0,0,0,9999,0,0,9999,0,0,9999,0,0,9999,0,0,9999,0,0,116,0,0,51,21,12,162,0,0,64,1,1,9999,0,0,9999,0,0,9999,0,0,9999,0,0,9999,0,0
GHCND:US1WYSH0001,SHERIDAN 1.0 N WY US,1136.9,44.8126,-106.958,20091201,9999,0,0,2,10,5,0,10,5,0,10,5,9999,0,0,9999,0,0,9999,0,0,9999,0,0,9999,0,0,60,10,5,89,11,6,126,10,5,110,10,5,9999,0,0,9999,0,0,9999,0,0,9999,0,0,9999,0,0
GHCND:US1WYSH0001,SHERIDAN 1.0 N WY US,1136.9,44.8126,-106.958,20100101,9999,0,0,3,0,0,0,0,0,0,0,0,9999,0,0,9999,0,0,9999,0,0,9999,0,0,9999,0,0,50,0,0,76,0,0,132,0,0,139,0,0,9999,0,0,9999,0,0,9999,0,0,9999,0,0,9999,0,0
GHCND:US1WYSH0001,SHERIDAN 1.0 N WY US,1136.9,44.8126,-106.958,20100201,9999,0,0,4,0,0,0,0,0,0,0,0,9999,0,0,9999,0,0,9999,0,0,9999,0,0,9999,0,0,96,0,0,76,0,0,306,0,0,247,0,0,9999,0,0,9999,0,0,9999,0,0,9999,0,0,9999,0,0
GHCND:US1WYSH0001,SHERIDAN 1.0 N WY US,1136.9,44.8126,-106.958,20100301,9999,0,0,4,0,0,0,0,0,0,0,0,9999,0,0,9999,0,0,9999,0,0,9999,0,0,9999,0,0,40,0,0,38,16,10,173,0,0,38,5,3,9999,0,0,9999,0,0,9999,0,0,9999,0,0,9999,0,0
GHCND:US1WYSH0001,SHERIDAN 1.0 N WY US,1136.9,44.8126,-106.958,20100401,9999,0,0,7,0,0,2,0,0,1,0,0,9999,0,0,9999,0,0,9999,0,0,9999,0,0,9999,0,0,330,0,0,9999,0,0,690,0,0,50,10,4,9999,0,0,9999,0,0,9999,0,0,9999,0,0,9999,0,0
GHCND:US1WYSH0001,SHERIDAN 1.0 N WY US,1136.9,44.8126,-106.958,20100501,9999,0,0,12,0,0,6,0,0,1,0,0,9999,0,0,9999,0,0,9999,0,0,9999,0,0,9999,0,0,294,0,0,127,5,5,1632,0,0,178,17,7,9999,0,0,9999,0,0,9999,0,0,9999,0,0,9999,0,0
GHCND:US1WYSH0001,SHERIDAN 1.0 N WY US,1136.9,44.8126,-106.958,20100601,9999,0,0,3,0,0,1,0,0,0,0,0,9999,0,0,9999,0,0,9999,0,0,9999,0,0,9999,0,0,211,0,0,9999,0,0,326,0,0,0,12,4,9999,0,0,9999,0,0,9999,0,0,9999,0,0,9999,0,0
GHCND:US1WYSH0001,SHERIDAN 1.0 N WY US,1136.9,44.8126,-106.958,20100701,9999,0,0,3,0,0,0,0,0,0,0,0,9999,0,0,9999,0,0,9999,0,0,9999,0,0,9999,0,0,89,0,0,9999,0,0,291,0,0,0,8,3,9999,0,0,9999,0,0,9999,0,0,9999,0,0,9999,0,0
GHCND:US1WYSH0001,SHERIDAN 1.0 N WY US,1136.9,44.8126,-106.958,20100801,9999,0,0,1,0,0,0,0,0,0,0,0,9999,0,0,9999,0,0,9999,0,0,9999,0,0,9999,0,0,38,0,0,9999,0,0,102,0,0,0,11,4,9999,0,0,9999,0,0,9999,0,0,9999,0,0,9999,0,0
GHCND:US1WYSH0001,SHERIDAN 1.0 N WY US,1136.9,44.8126,-106.958,20100901,9999,0,0,2,0,0,0,0,0,0,0,0,9999,0,0,9999,0,0,9999,0,0,9999,0,0,9999,0,0,41,0,0,9999,0,0,92,0,0,0,14,8,9999,0,0,9999,0,0,9999,0,0,9999,0,0,9999,0,0
GHCND:US1WYSH0001,SHERIDAN 1.0 N WY US,1136.9,44.8126,-106.958,20101001,9999,0,0,3,0,0,1,0,0,0,0,0,9999,0,0,9999,0,0,9999,0,0,9999,0,0,9999,0,0,168,0,0,25,26,26,338,0,0,25,13,7,9999,0,0,9999,0,0,9999,0,0,9999,0,0,9999,0,0
GHCND:US1WYSH0001,SHERIDAN 1.0 N WY US,1136.9,44.8126,-106.958,20101101,9999,0,0,4,0,0,1,0,0,1,0,0,9999,0,0,9999,0,0,9999,0,0,9999,0,0,9999,0,0,260,0,0,152,17,9,455,0,0,303,6,4,9999,0,0,9999,0,0,9999,0,0,9999,0,0,9999,0,0
GHCND:US1WYSH0001,SHERIDAN 1.0 N WY US,1136.9,44.8126,-106.958,20101201,9999,0,0,2,1,1,1,1,1,0,1,1,9999,0,0,9999,0,0,9999,0,0,9999,0,0,9999,0,0,142,1,1,140,1,1,280,1,1,158,1,1,9999,0,0,9999,0,0,9999,0,0,9999,0,0,9999,0,0
GHCND:US1WYSH0001,SHERIDAN 1.0 N WY US,1136.9,44.8126,-106.958,20110101,9999,0,0,7,0,0,3,0,0,0,0,0,9999,0,0,9999,0,0,9999,0,0,9999,0,0,9999,0,0,172,0,0,127,0,0,701,0,0,406,0,0,9999,0,0,9999,0,0,9999,0,0,9999,0,0,9999,0,0
GHCND:US1WYSH0001,SHERIDAN 1.0 N WY US,1136.9,44.8126,-106.958,20110201,9999,0,0,6,0,0,0,0,0,0,0,0,9999,0,0,9999,0,0,9999,0,0,9999,0,0,9999,0,0,92,0,0,102,0,0,374,0,0,306,0,0,9999,0,0,9999,0,0,9999,0,0,9999,0,0,9999,0,0
GHCND:US1WYSH0001,SHERIDAN 1.0 N WY US,1136.9,44.8126,-106.958,20110301,9999,0,0,9,0,0,1,0,0,1,0,0,9999,0,0,9999,0,0,9999,0,0,9999,0,0,9999,0,0,534,0,0,114,12,5,1087,0,0,322,1,1,9999,0,0,9999,0,0,9999,0,0,9999,0,0,9999,0,0
GHCND:US1WYSH0001,SHERIDAN 1.0 N WY US,1136.9,44.8126,-106.958,20110401,9999,0,0,8,0,0,1,0,0,0,0,0,9999,0,0,9999,0,0,9999,0,0,9999,0,0,9999,0,0,165,0,0,25,27,24,585,0,0,38,17,5,9999,0,0,9999,0,0,9999,0,0,9999,0,0,9999,0,0
GHCND:US1WYSH0001,SHERIDAN 1.0 N WY US,1136.9,44.8126,-106.958,20110501,9999,0,0,11,0,0,4,0,0,2,0,0,9999,0,0,9999,0,0,9999,0,0,9999,0,0,9999,0,0,279,0,0,9999,0,0,1391,0,0,0,20,11,9999,0,0,9999,0,0,9999,0,0,9999,0,0,9999,0,0
GHCND:US1WYSH0001,SHERIDAN 1.0 N WY US,1136.9,44.8126,-106.958,20110601,9999,0,0,5,0,0,0,0,0,0,0,0,9999,0,0,9999,0,0,9999,0,0,9999,0,0,9999,0,0,97,0,0,9999,0,0,344,0,0,0,15,5,9999,0,0,9999,0,0,9999,0,0,9999,0,0,9999,0,0
GHCND:US1WYSH0001,SHERIDAN 1.0 N WY US,1136.9,44.8126,-106.958,20110701,9999,0,0,4,0,0,0,0,0,0,0,0,9999,0,0,9999,0,0,9999,0,0,9999,0,0,9999,0,0,112,0,0,9999,0,0,288,0,0,0,7,3,9999,0,0,9999,0,0,9999,0,0,9999,0,0,9999,0,0
GHCND:US1WYSH0001,SHERIDAN 1.0 N WY US,1136.9,44.8126,-106.958,20110801,9999,0,0,1,0,0,0,0,0,0,0,0,9999,0,0,9999,0,0,9999,0,0,9999,0,0,9999,0,0,58,0,0,9999,0,0,122,0,0,0,11,3,9999,0,0,9999,0,0,9999,0,0,9999,0,0,9999,0,0
GHCND:US1WYSH0001,SHERIDAN 1.0 N WY US,1136.9,44.8126,-106.958,20110901,9999,0,0,2,0,0,0,0,0,0,0,0,9999,0,0,9999,0,0,9999,0,0,9999,0,0,9999,0,0,46,0,0,9999,0,0,84,0,0,0,4,2,9999,0,0,9999,0,0,9999,0,0,9999,0,0,9999,0,0
GHCND:US1WYSH0001,SHERIDAN 1.0 N WY US,1136.9,44.8126,-106.958,20111001,9999,0,0,3,0,0,2,0,0,1,0,0,9999,0,0,9999,0,0,9999,0,0,9999,0,0,9999,0,0,462,0,0,9999,0,0,726,0,0,0,13,4,9999,0,0,9999,0,0,9999,0,0,9999,0,0,9999,0,0
GHCND:US1WYSH0001,SHERIDAN 1.0 N WY US,1136.9,44.8126,-106.958,20111101,9999,0,0,4,0,0,1,0,0,0,0,0,9999,0,0,9999,0,0,9999,0,0,9999,0,0,9999,0,0,162,0,0,178,14,14,429,0,0,221,13,9,9999,0,0,9999,0,0,9999,0,0,9999,0,0,9999,0,0
GHCND:US1WYSH0001,SHERIDAN 1.0 N WY US,1136.9,44.8126,-106.958,20111201,9999,0,0,4,3,1,0,3,1,0,3,1,9999,0,0,9999,0,0,9999,0,0,9999,0,0,9999,0,0,102,3,1,76,3,1,359,3,1,201,3,1,9999,0,0,9999,0,0,9999,0,0,9999,0,0,9999,0,0
GHCND:US1WYSH0001,SHERIDAN 1.0 N WY US,1136.9,44.8126,-106.958,20120101,9999,0,0,3,3,2,0,3,2,0,3,2,9999,0,0,9999,0,0,9999,0,0,9999,0,0,9999,0,0,50,3,2,38,17,10,168,3,2,85,3,2,9999,0,0,9999,0,0,9999,0,0,9999,0,0,9999,0,0
GHCND:US1WYSH0001,SHERIDAN 1.0 N WY US,1136.9,44.8126,-106.958,20120201,9999,0,0,6,2,1,3,2,1,0,2,1,9999,0,0,9999,0,0,9999,0,0,9999,0,0,9999,0,0,178,2,1,102,19,7,649,2,1,210,2,1,9999,0,0,9999,0,0,9999,0,0,9999,0,0,9999,0,0
GHCND:US1WYSH0001,SHERIDAN 1.0 N WY US,1136.9,44.8126,-106.958,20120301,9999,0,0,5,0,0,1,0,0,0,0,0,9999,0,0,9999,0,0,9999,0,0,9999,0,0,9999,0,0,198,0,0,102,8,8,475,0,0,177,1,1,9999,0,0,9999,0,0,9999,0,0,9999,0,0,9999,0,0
GHCND:US1WYSH0001,SHERIDAN 1.0 N WY US,1136.9,44.8126,-106.958,20120401,9999,0,0,5,0,0,1,0,0,0,0,0,9999,0,0,9999,0,0,9999,0,0,9999,0,0,9999,0,0,137,0,0,9999,0,0,325,0,0,0,16,7,9999,0,0,9999,0,0,9999,0,0,9999,0,0,9999,0,0
GHCND:US1WYSH0001,SHERIDAN 1.0 N WY US,1136.9,44.8126,-106.958,20120501,9999,0,0,7,0,0,2,0,0,0,0,0,9999,0,0,9999,0,0,9999,0,0,9999,0,0,9999,0,0,175,0,0,9999,0,0,664,0,0,0,5,2,9999,0,0,9999,0,0,9999,0,0,9999,0,0,9999,0,0
GHCND:US1WYSH0001,SHERIDAN 1.0 N WY US,1136.9,44.8126,-106.958,20120601,9999,0,0,1,0,0,0,0,0,0,0,0,9999,0,0,9999,0,0,9999,0,0,9999,0,0,9999,0,0,28,0,0,9999,0,0,53,0,0,0,10,4,9999,0,0,9999,0,0,9999,0,0,9999,0,0,9999,0,0
GHCND:US1WYSH0021,SHERIDAN 8.1 NNE WY US,1145.7,44.8897,-106.8666,20091101,9999,0,0,0,0,0,0,0,0,0,0,0,9999,0,0,9999,0,0,9999,0,0,9999,0,0,9999,0,0,8,0,0,9999,0,0,8,0,0,9999,0,0,9999,0,0,9999,0,0,9999,0,0,9999,0,0,9999,0,0
GHCND:US1WYSH0021,SHERIDAN 8.1 NNE WY US,1145.7,44.8897,-106.8666,20091201,9999,0,0,1,0,0,0,0,0,0,0,0,9999,0,0,9999,0,0,9999,0,0,9999,0,0,9999,0,0,25,0,0,102,11,6,51,0,0,115,11,6,9999,0,0,9999,0,0,9999,0,0,9999,0,0,9999,0,0
GHCND:US1WYSH0021,SHERIDAN 8.1 NNE WY US,1145.7,44.8897,-106.8666,20100101,9999,0,0,1,0,0,0,0,0,0,0,0,9999,0,0,9999,0,0,9999,0,0,9999,0,0,9999,0,0,25,0,0,9999,0,0,43,0,0,101,27,23,9999,0,0,9999,0,0,9999,0,0,9999,0,0,9999,0,0
GHCND:US1WYSH0021,SHERIDAN 8.1 NNE WY US,1145.7,44.8897,-106.8666,20100201,9999,0,0,1,0,0,0,0,0,0,0,0,9999,0,0,9999,0,0,9999,0,0,9999,0,0,9999,0,0,30,0,0,9999,0,0,65,0,0,45,3,3,9999,0,0,9999,0,0,9999,0,0,9999,0,0,9999,0,0
GHCND:US1WYSH0021,SHERIDAN 8.1 NNE WY US,1145.7,44.8897,-106.8666,20100301,9999,0,0,2,0,0,0,0,0,0,0,0,9999,0,0,9999,0,0,9999,0,0,9999,0,0,9999,0,0,66,0,0,9999,0,0,117,0,0,9999,0,0,9999,0,0,9999,0,0,9999,0,0,9999,0,0,9999,0,0
GHCND:US1WYSH0021,SHERIDAN 8.1 NNE WY US,1145.7,44.8897,-106.8666,20100401,9999,0,0,4,0,0,1,0,0,0,0,0,9999,0,0,9999,0,0,9999,0,0,9999,0,0,9999,0,0,208,0,0,9999,0,0,424,0,0,9999,0,0,9999,0,0,9999,0,0,9999,0,0,9999,0,0,9999,0,0
GHCND:US1WYSH0021,SHERIDAN 8.1 NNE WY US,1145.7,44.8897,-106.8666,20100501,9999,0,0,8,0,0,2,0,0,0,0,0,9999,0,0,9999,0,0,9999,0,0,9999,0,0,9999,0,0,229,0,0,9999,0,0,1002,0,0,9999,0,0,9999,0,0,9999,0,0,9999,0,0,9999,0,0,9999,0,0
GHCND:US1WYSH0021,SHERIDAN 8.1 NNE WY US,1145.7,44.8897,-106.8666,20100601,9999,0,0,6,0,0,3,0,0,1,0,0,9999,0,0,9999,0,0,9999,0,0,9999,0,0,9999,0,0,610,0,0,9999,0,0,1027,0,0,9999,0,0,9999,0,0,9999,0,0,9999,0,0,9999,0,0,9999,0,0
GHCND:US1WYSH0021,SHERIDAN 8.1 NNE WY US,1145.7,44.8897,-106.8666,20100701,9999,0,0,3,0,0,0,0,0,0,0,0,9999,0,0,9999,0,0,9999,0,0,9999,0,0,9999,0,0,46,0,0,9999,0,0,115,0,0,0,2,1,9999,0,0,9999,0,0,9999,0,0,9999,0,0,9999,0,0
GHCND:US1WYSH0021,SHERIDAN 8.1 NNE WY US,1145.7,44.8897,-106.8666,20100801,9999,0,0,3,0,0,0,0,0,0,0,0,9999,0,0,9999,0,0,9999,0,0,9999,0,0,9999,0,0,33,0,0,9999,0,0,117,0,0,0,4,2,9999,0,0,9999,0,0,9999,0,0,9999,0,0,9999,0,0
GHCND:US1WYSH0021,SHERIDAN 8.1 NNE WY US,1145.7,44.8897,-106.8666,20100901,9999,0,0,1,0,0,0,0,0,0,0,0,9999,0,0,9999,0,0,9999,0,0,9999,0,0,9999,0,0,30,0,0,9999,0,0,53,0,0,0,4,2,9999,0,0,9999,0,0,9999,0,0,9999,0,0,9999,0,0
GHCND:US1WYSH0021,SHERIDAN 8.1 NNE WY US,1145.7,44.8897,-106.8666,20101001,9999,0,0,1,0,0,0,0,0,0,0,0,9999,0,0,9999,0,0,9999,0,0,9999,0,0,9999,0,0,64,0,0,9999,0,0,82,0,0,9999,0,0,9999,0,0,9999,0,0,9999,0,0,9999,0,0,9999,0,0
GHCND:US1WYSH0021,SHERIDAN 8.1 NNE WY US,1145.7,44.8897,-106.8666,20110101,9999,0,0,1,0,0,0,0,0,0,0,0,9999,0,0,9999,0,0,9999,0,0,9999,0,0,9999,0,0,51,0,0,9999,0,0,51,0,0,64,30,30,9999,0,0,9999,0,0,9999,0,0,9999,0,0,9999,0,0
GHCND:US1WYSH0021,SHERIDAN 8.1 NNE WY US,1145.7,44.8897,-106.8666,20110201,9999,0,0,3,0,0,0,0,0,0,0,0,9999,0,0,9999,0,0,9999,0,0,9999,0,0,9999,0,0,53,0,0,9999,0,0,119,0,0,228,17,11,9999,0,0,9999,0,0,9999,0,0,9999,0,0,9999,0,0
GHCND:US1WYSH0021,SHERIDAN 8.1 NNE WY US,1145.7,44.8897,-106.8666,20110301,9999,0,0,6,1,1,2,1,1,1,1,1,9999,0,0,9999,0,0,9999,0,0,9999,0,0,9999,0,0,648,1,1,9999,0,0,965,1,1,526,5,2,9999,0,0,9999,0,0,9999,0,0,9999,0,0,9999,0,0
GHCND:US1WYSH0021,SHERIDAN 8.1 NNE WY US,1145.7,44.8897,-106.8666,20110401,9999,0,0,6,0,0,0,0,0,0,0,0,9999,0,0,9999,0,0,9999,0,0,9999,0,0,9999,0,0,117,0,0,9999,0,0,421,0,0,9999,0,0,9999,0,0,9999,0,0,9999,0,0,9999,0,0,9999,0,0
GHCND:US1WYSH0021,SHERIDAN 8.1 NNE WY US,1145.7,44.8897,-106.8666,20110501,9999,0,0,11,0,0,6,0,0,1,0,0,9999,0,0,9999,0,0,9999,0,0,9999,0,0,9999,0,0,290,0,0,9999,0,0,1658,0,0,0,10,4,9999,0,0,9999,0,0,9999,0,0,9999,0,0,9999,0,0
GHCND:US1WYSH0021,SHERIDAN 8.1 NNE WY US,1145.7,44.8897,-106.8666,20110601,9999,0,0,4,0,0,0,0,0,0,0,0,9999,0,0,9999,0,0,9999,0,0,9999,0,0,9999,0,0,117,0,0,9999,0,0,358,0,0,0,5,4,9999,0,0,9999,0,0,9999,0,0,9999,0,0,9999,0,0
GHCND:US1WYSH0021,SHERIDAN 8.1 NNE WY US,1145.7,44.8897,-106.8666,20110701,9999,0,0,2,0,0,1,0,0,0,0,0,9999,0,0,9999,0,0,9999,0,0,9999,0,0,9999,0,0,193,0,0,9999,0,0,274,0,0,9999,0,0,9999,0,0,9999,0,0,9999,0,0,9999,0,0,9999,0,0
GHCND:US1WYSH0021,SHERIDAN 8.1 NNE WY US,1145.7,44.8897,-106.8666,20110801,9999,0,0,2,0,0,1,0,0,0,0,0,9999,0,0,9999,0,0,9999,0,0,9999,0,0,9999,0,0,152,0,0,9999,0,0,221,0,0,9999,0,0,9999,0,0,9999,0,0,9999,0,0,9999,0,0,9999,0,0
GHCND:US1WYSH0021,SHERIDAN 8.1 NNE WY US,1145.7,44.8897,-106.8666,20111001,9999,0,0,4,0,0,1,0,0,1,0,0,9999,0,0,9999,0,0,9999,0,0,9999,0,0,9999,0,0,406,0,0,9999,0,0,709,0,0,9999,0,0,9999,0,0,9999,0,0,9999,0,0,9999,0,0,9999,0,0
GHCND:US1WYSH0021,SHERIDAN 8.1 NNE WY US,1145.7,44.8897,-106.8666,20111101,9999,0,0,1,0,0,0,0,0,0,0,0,9999,0,0,9999,0,0,9999,0,0,9999,0,0,9999,0,0,56,0,0,9999,0,0,56,0,0,9999,0,0,9999,0,0,9999,0,0,9999,0,0,9999,0,0,9999,0,0
GHCND:US1WYSH0021,SHERIDAN 8.1 NNE WY US,1145.7,44.8897,-106.8666,20120101,9999,0,0,0,0,0,0,0,0,0,0,0,9999,0,0,9999,0,0,9999,0,0,9999,0,0,9999,0,0,20,0,0,9999,0,0,38,0,0,0,2,1,9999,0,0,9999,0,0,9999,0,0,9999,0,0,9999,0,0
GHCND:US1WYSH0021,SHERIDAN 8.1 NNE WY US,1145.7,44.8897,-106.8666,20120201,9999,0,0,2,0,0,1,0,0,0,0,0,9999,0,0,9999,0,0,9999,0,0,9999,0,0,9999,0,0,165,0,0,9999,0,0,257,0,0,127,2,1,9999,0,0,9999,0,0,9999,0,0,9999,0,0,9999,0,0
GHCND:US1WYSH0021,SHERIDAN 8.1 NNE WY US,1145.7,44.8897,-106.8666,20120301,9999,0,0,1,0,0,0,0,0,0,0,0,9999,0,0,9999,0,0,9999,0,0,9999,0,0,9999,0,0,56,0,0,9999,0,0,56,0,0,0,1,1,9999,0,0,9999,0,0,9999,0,0,9999,0,0,9999,0,0
GHCND:US1WYSH0021,SHERIDAN 8.1 NNE WY US,1145.7,44.8897,-106.8666,20120401,9999,0,0,4,0,0,0,0,0,0,0,0,9999,0,0,9999,0,0,9999,0,0,9999,0,0,9999,0,0,69,0,0,9999,0,0,234,0,0,0,5,2,9999,0,0,9999,0,0,9999,0,0,9999,0,0,9999,0,0
GHCND:US1WYSH0021,SHERIDAN 8.1 NNE WY US,1145.7,44.8897,-106.8666,20120501,9999,0,0,6,0,0,2,0,0,0,0,0,9999,0,0,9999,0,0,9999,0,0,9999,0,0,9999,0,0,157,0,0,9999,0,0,614,0,0,0,6,3,9999,0,0,9999,0,0,9999,0,0,9999,0,0,9999,0,0
GHCND:US1WYSH0021,SHERIDAN 8.1 NNE WY US,1145.7,44.8897,-106.8666,20120601,9999,0,0,1,0,0,0,0,0,0,0,0,9999,0,0,9999,0,0,9999,0,0,9999,0,0,9999,0,0,30,0,0,9999,0,0,53,0,0,9999,0,0,9999,0,0,9999,0,0,9999,0,0,9999,0,0,9999,0,0
GHCND:US1WYSH0018,SHERIDAN 13.8 NNE WY US,1081.1,44.9769,-106.8475,20071001,9999,0,0,2,0,0,0,0,0,0,0,0,9999,0,0,9999,0,0,9999,0,0,9999,0,0,9999,0,0,114,0,0,9999,0,0,213,0,0,0,12,11,9999,0,0,9999,0,0,9999,0,0,9999,0,0,9999,0,0
GHCND:US1WYSH0018,SHERIDAN 13.8 NNE WY US,1081.1,44.9769,-106.8475,20071101,9999,0,0,1,0,0,0,0,0,0,0,0,9999,0,0,9999,0,0,9999,0,0,9999,0,0,9999,0,0,66,0,0,76,21,20,66,0,0,81,2,2,9999,0,0,9999,0,0,9999,0,0,9999,0,0,9999,0,0
GHCND:US1WYSH0018,SHERIDAN 13.8 NNE WY US,1081.1,44.9769,-106.8475,20071201,9999,0,0,2,0,0,0,0,0,0,0,0,9999,0,0,9999,0,0,9999,0,0,9999,0,0,9999,0,0,82,0,0,38,3,1,160,0,0,76,1,1,9999,0,0,9999,0,0,9999,0,0,9999,0,0,9999,0,0
GHCND:US1WYSH0018,SHERIDAN 13.8 NNE WY US,1081.1,44.9769,-106.8475,20080101,9999,0,0,4,0,0,0,0,0,0,0,0,9999,0,0,9999,0,0,9999,0,0,9999,0,0,9999,0,0,116,0,0,175,1,1,265,0,0,204,1,1,9999,0,0,9999,0,0,9999,0,0,9999,0,0,9999,0,0
GHCND:US1WYSH0018,SHERIDAN 13.8 NNE WY US,1081.1,44.9769,-106.8475,20080201,9999,0,0,1,1,1,0,1,1,0,1,1,9999,0,0,9999,0,0,9999,0,0,9999,0,0,9999,0,0,72,1,1,114,3,1,116,1,1,21,4,1,9999,0,0,9999,0,0,9999,0,0,9999,0,0,9999,0,0
GHCND:US1WYSH0018,SHERIDAN 13.8 NNE WY US,1081.1,44.9769,-106.8475,20080301,9999,0,0,3,0,0,0,0,0,0,0,0,9999,0,0,9999,0,0,9999,0,0,9999,0,0,9999,0,0,46,0,0,64,21,21,176,0,0,128,2,1,9999,0,0,9999,0,0,9999,0,0,9999,0,0,9999,0,0
GHCND:US1WYSH0018,SHERIDAN 13.8 NNE WY US,1081.1,44.9769,-106.8475,20080401,9999,0,0,2,1,1,1,1,1,0,1,1,9999,0,0,9999,0,0,9999,0,0,9999,0,0,9999,0,0,148,1,1,38,23,23,269,1,1,43,5,1,9999,0,0,9999,0,0,9999,0,0,9999,0,0,9999,0,0
GHCND:US1WYSH0018,SHERIDAN 13.8 NNE WY US,1081.1,44.9769,-106.8475,20080501,9999,0,0,11,0,0,2,0,0,1,0,0,9999,0,0,9999,0,0,9999,0,0,9999,0,0,9999,0,0,378,0,0,0,1,1,1220,0,0,0,3,2,9999,0,0,9999,0,0,9999,0,0,9999,0,0,9999,0,0
GHCND:US1WYSH0018,SHERIDAN 13.8 NNE WY US,1081.1,44.9769,-106.8475,20080601,9999,0,0,8,0,0,1,0,0,0,0,0,9999,0,0,9999,0,0,9999,0,0,9999,0,0,9999,0,0,152,0,0,9999,0,0,634,0,0,0,9,2,9999,0,0,9999,0,0,9999,0,0,9999,0,0,9999,0,0
GHCND:US1WYSH0018,SHERIDAN 13.8 NNE WY US,1081.1,44.9769,-106.8475,20080701,9999,0,0,3,0,0,0,0,0,0,0,0,9999,0,0,9999,0,0,9999,0,0,9999,0,0,9999,0,0,66,0,0,9999,0,0,199,0,0,0,3,1,9999,0,0,9999,0,0,9999,0,0,9999,0,0,9999,0,0
GHCND:US1WYSH0018,SHERIDAN 13.8 NNE WY US,1081.1,44.9769,-106.8475,20080801,9999,0,0,0,0,0,0,0,0,0,0,0,9999,0,0,9999,0,0,9999,0,0,9999,0,0,9999,0,0,15,0,0,9999,0,0,26,0,0,0,7,4,9999,0,0,9999,0,0,9999,0,0,9999,0,0,9999,0,0
GHCND:US1WYSH0018,SHERIDAN 13.8 NNE WY US,1081.1,44.9769,-106.8475,20080901,9999,0,0,4,0,0,1,0,0,0,0,0,9999,0,0,9999,0,0,9999,0,0,9999,0,0,9999,0,0,191,0,0,9999,0,0,482,0,0,0,4,2,9999,0,0,9999,0,0,9999,0,0,9999,0,0,9999,0,0
GHCND:US1WYSH0018,SHERIDAN 13.8 NNE WY US,1081.1,44.9769,-106.8475,20081001,9999,0,0,6,0,0,3,0,0,1,0,0,9999,0,0,9999,0,0,9999,0,0,9999,0,0,9999,0,0,416,0,0,140,10,10,1073,0,0,216,3,2,9999,0,0,9999,0,0,9999,0,0,9999,0,0,9999,0,0
GHCND:US1WYSH0018,SHERIDAN 13.8 NNE WY US,1081.1,44.9769,-106.8475,20081101,9999,0,0,1,0,0,0,0,0,0,0,0,9999,0,0,9999,0,0,9999,0,0,9999,0,0,9999,0,0,71,0,0,25,19,19,116,0,0,25,3,1,9999,0,0,9999,0,0,9999,0,0,9999,0,0,9999,0,0
GHCND:US1WYSH0018,SHERIDAN 13.8 NNE WY US,1081.1,44.9769,-106.8475,20081201,9999,0,0,4,0,0,0,0,0,0,0,0,9999,0,0,9999,0,0,9999,0,0,9999,0,0,9999,0,0,56,0,0,635,19,14,245,0,0,216,3,1,9999,0,0,9999,0,0,9999,0,0,9999,0,0,9999,0,0
GHCND:US1WYSH0018,SHERIDAN 13.8 NNE WY US,1081.1,44.9769,-106.8475,20090101,9999,0,0,6,3,2,1,3,2,0,3,2,9999,0,0,9999,0,0,9999,0,0,9999,0,0,9999,0,0,172,3,2,191,3,2,480,3,2,317,6,2,9999,0,0,9999,0,0,9999,0,0,9999,0,0,9999,0,0
GHCND:US1WYSH0018,SHERIDAN 13.8 NNE WY US,1081.1,44.9769,-106.8475,20090201,9999,0,0,1,1,1,0,1,1,0,1,1,9999,0,0,9999,0,0,9999,0,0,9999,0,0,9999,0,0,26,1,1,114,12,11,59,1,1,39,4,3,9999,0,0,9999,0,0,9999,0,0,9999,0,0,9999,0,0
GHCND:US1WYSH0018,SHERIDAN 13.8 NNE WY US,1081.1,44.9769,-106.8475,20090301,9999,0,0,7,3,1,3,3,1,2,3,1,9999,0,0,9999,0,0,9999,0,0,9999,0,0,9999,0,0,584,3,1,203,4,1,1379,3,1,453,3,1,9999,0,0,9999,0,0,9999,0,0,9999,0,0,9999,0,0
GHCND:US1WYSH0018,SHERIDAN 13.8 NNE WY US,1081.1,44.9769,-106.8475,20090401,9999,0,0,5,1,1,1,1,1,0,1,1,9999,0,0,9999,0,0,9999,0,0,9999,0,0,9999,0,0,228,1,1,76,1,1,535,1,1,152,1,1,9999,0,0,9999,0,0,9999,0,0,9999,0,0,9999,0,0
GHCND:US1WYSH0018,SHERIDAN 13.8 NNE WY US,1081.1,44.9769,-106.8475,20090501,9999,0,0,2,1,1,0,1,1,0,1,1,9999,0,0,9999,0,0,9999,0,0,9999,0,0,9999,0,0,25,1,1,0,3,1,112,1,1,0,10,3,9999,0,0,9999,0,0,9999,0,0,9999,0,0,9999,0,0
GHCND:US1WYSH0018,SHERIDAN 13.8 NNE WY US,1081.1,44.9769,-106.8475,20090601,9999,0,0,9,0,0,0,0,0,0,0,0,9999,0,0,9999,0,0,9999,0,0,9999,0,0,9999,0,0,117,0,0,9999,0,0,740,0,0,0,20,8,9999,0,0,9999,0,0,9999,0,0,9999,0,0,9999,0,0
GHCND:US1WYSH0018,SHERIDAN 13.8 NNE WY US,1081.1,44.9769,-106.8475,20090701,9999,0,0,2,0,0,1,0,0,0,0,0,9999,0,0,9999,0,0,9999,0,0,9999,0,0,9999,0,0,140,0,0,9999,0,0,319,0,0,0,14,3,9999,0,0,9999,0,0,9999,0,0,9999,0,0,9999,0,0
GHCND:US1WYSH0018,SHERIDAN 13.8 NNE WY US,1081.1,44.9769,-106.8475,20090801,9999,0,0,4,0,0,2,0,0,1,0,0,9999,0,0,9999,0,0,9999,0,0,9999,0,0,9999,0,0,262,0,0,9999,0,0,635,0,0,0,13,3,9999,0,0,9999,0,0,9999,0,0,9999,0,0,9999,0,0
GHCND:US1WYSH0018,SHERIDAN 13.8 NNE WY US,1081.1,44.9769,-106.8475,20090901,9999,0,0,2,0,0,0,0,0,0,0,0,9999,0,0,9999,0,0,9999,0,0,9999,0,0,9999,0,0,28,0,0,9999,0,0,79,0,0,0,8,2,9999,0,0,9999,0,0,9999,0,0,9999,0,0,9999,0,0
GHCND:US1WYSH0018,SHERIDAN 13.8 NNE WY US,1081.1,44.9769,-106.8475,20091001,9999,0,0,4,1,1,2,1,1,0,1,1,9999,0,0,9999,0,0,9999,0,0,9999,0,0,9999,0,0,198,1,1,64,23,15,608,1,1,147,10,3,9999,0,0,9999,0,0,9999,0,0,9999,0,0,9999,0,0
GHCND:US1WYSH0018,SHERIDAN 13.8 NNE WY US,1081.1,44.9769,-106.8475,20091101,9999,0,0,1,0,0,0,0,0,0,0,0,9999,0,0,9999,0,0,9999,0,0,9999,0,0,9999,0,0,96,0,0,51,12,12,102,0,0,56,3,1,9999,0,0,9999,0,0,9999,0,0,9999,0,0,9999,0,0
GHCND:US1WYSH0018,SHERIDAN 13.8 NNE WY US,1081.1,44.9769,-106.8475,20091201,9999,0,0,1,0,0,0,0,0,0,0,0,9999,0,0,9999,0,0,9999,0,0,9999,0,0,9999,0,0,50,0,0,89,5,5,82,0,0,110,2,1,9999,0,0,9999,0,0,9999,0,0,9999,0,0,9999,0,0
GHCND:US1WYSH0018,SHERIDAN 13.8 NNE WY US,1081.1,44.9769,-106.8475,20100101,9999,0,0,1,0,0,0,0,0,0,0,0,9999,0,0,9999,0,0,9999,0,0,9999,0,0,9999,0,0,50,0,0,64,5,5,89,0,0,114,2,1,9999,0,0,9999,0,0,9999,0,0,9999,0,0,9999,0,0
GHCND:US1WYSH0018,SHERIDAN 13.8 NNE WY US,1081.1,44.9769,-106.8475,20100201,9999,0,0,0,2,1,0,2,1,0,2,1,9999,0,0,9999,0,0,9999,0,0,9999,0,0,9999,0,0,20,2,1,64,2,1,69,2,1,72,2,1,9999,0,0,9999,0,0,9999,0,0,9999,0,0,9999,0,0
GHCND:US1WYSH0018,SHERIDAN 13.8 NNE WY US,1081.1,44.9769,-106.8475,20100301,9999,0,0,2,2,1,0,2,1,0,2,1,9999,0,0,9999,0,0,9999,0,0,9999,0,0,9999,0,0,64,2,1,13,2,1,124,2,1,16,2,1,9999,0,0,9999,0,0,9999,0,0,9999,0,0,9999,0,0
GHCND:US1WYSH0018,SHERIDAN 13.8 NNE WY US,1081.1,44.9769,-106.8475,20100401,9999,0,0,6,0,0,1,0,0,0,0,0,9999,0,0,9999,0,0,9999,0,0,9999,0,0,9999,0,0,203,0,0,0,1,1,510,0,0,0,0,0,9999,0,0,9999,0,0,9999,0,0,9999,0,0,9999,0,0
GHCND:US1WYSH0018,SHERIDAN 13.8 NNE WY US,1081.1,44.9769,-106.8475,20100501,9999,0,0,12,2,1,5,2,1,2,2,1,9999,0,0,9999,0,0,9999,0,0,9999,0,0,9999,0,0,290,2,1,89,2,1,1618,2,1,198,2,1,9999,0,0,9999,0,0,9999,0,0,9999,0,0,9999,0,0
GHCND:US1WYSH0018,SHERIDAN 13.8 NNE WY US,1081.1,44.9769,-106.8475,20100601,9999,0,0,8,1,1,3,1,1,1,1,1,9999,0,0,9999,0,0,9999,0,0,9999,0,0,9999,0,0,267,1,1,0,4,3,1037,1,1,0,3,1,9999,0,0,9999,0,0,9999,0,0,9999,0,0,9999,0,0
GHCND:US1WYSH0018,SHERIDAN 13.8 NNE WY US,1081.1,44.9769,-106.8475,20100701,9999,0,0,1,13,10,1,13,10,0,13,10,9999,0,0,9999,0,0,9999,0,0,9999,0,0,9999,0,0,157,13,10,0,13,10,221,13,10,0,13,10,9999,0,0,9999,0,0,9999,0,0,9999,0,0,9999,0,0
GHCND:US1WYSH0018,SHERIDAN 13.8 NNE WY US,1081.1,44.9769,-106.8475,20100801,9999,0,0,3,3,1,1,3,1,0,3,1,9999,0,0,9999,0,0,9999,0,0,9999,0,0,9999,0,0,135,3,1,0,3,1,301,3,1,0,3,1,9999,0,0,9999,0,0,9999,0,0,9999,0,0,9999,0,0
GHCND:US1WYSH0018,SHERIDAN 13.8 NNE WY US,1081.1,44.9769,-106.8475,20100901,9999,0,0,2,0,0,0,0,0,0,0,0,9999,0,0,9999,0,0,9999,0,0,9999,0,0,9999,0,0,41,0,0,0,2,1,105,0,0,0,0,0,9999,0,0,9999,0,0,9999,0,0,9999,0,0,9999,0,0
GHCND:US1WYSH0018,SHERIDAN 13.8 NNE WY US,1081.1,44.9769,-106.8475,20101001,9999,0,0,2,3,2,0,3,2,0,3,2,9999,0,0,9999,0,0,9999,0,0,9999,0,0,9999,0,0,46,3,2,13,3,2,109,3,2,13,3,2,9999,0,0,9999,0,0,9999,0,0,9999,0,0,9999,0,0
GHCND:US1WYSH0018,SHERIDAN 13.8 NNE WY US,1081.1,44.9769,-106.8475,20101101,9999,0,0,2,1,1,1,1,1,1,1,1,9999,0,0,9999,0,0,9999,0,0,9999,0,0,9999,0,0,434,1,1,165,2,1,613,1,1,258,1,1,9999,0,0,9999,0,0,9999,0,0,9999,0,0,9999,0,0
GHCND:US1WYSH0018,SHERIDAN 13.8 NNE WY US,1081.1,44.9769,-106.8475,20101201,9999,0,0,2,1,1,0,1,1,0,1,1,9999,0,0,9999,0,0,9999,0,0,9999,0,0,9999,0,0,60,1,1,381,1,1,136,1,1,122,1,1,9999,0,0,9999,0,0,9999,0,0,9999,0,0,9999,0,0
GHCND:US1WYSH0018,SHERIDAN 13.8 NNE WY US,1081.1,44.9769,-106.8475,20110101,9999,0,0,5,1,1,1,1,1,0,1,1,9999,0,0,9999,0,0,9999,0,0,9999,0,0,9999,0,0,158,1,1,178,2,1,394,1,1,231,5,2,9999,0,0,9999,0,0,9999,0,0,9999,0,0,9999,0,0
GHCND:US1WYSH0018,SHERIDAN 13.8 NNE WY US,1081.1,44.9769,-106.8475,20110201,9999,0,0,2,15,15,0,15,15,0,15,15,9999,0,0,9999,0,0,9999,0,0,9999,0,0,9999,0,0,82,15,15,140,15,15,155,15,15,77,15,15,9999,0,0,9999,0,0,9999,0,0,9999,0,0,9999,0,0
GHCND:US1WYSH0018,SHERIDAN 13.8 NNE WY US,1081.1,44.9769,-106.8475,20110301,9999,0,0,5,1,1,2,1,1,2,1,1,9999,0,0,9999,0,0,9999,0,0,9999,0,0,9999,0,0,624,1,1,254,1,1,1209,1,1,348,1,1,9999,0,0,9999,0,0,9999,0,0,9999,0,0,9999,0,0
GHCND:US1WYSH0018,SHERIDAN 13.8 NNE WY US,1081.1,44.9769,-106.8475,20110401,9999,0,0,5,4,3,0,4,3,0,4,3,9999,0,0,9999,0,0,9999,0,0,9999,0,0,9999,0,0,124,4,3,13,4,3,440,4,3,23,4,3,9999,0,0,9999,0,0,9999,0,0,9999,0,0,9999,0,0
GHCND:US1WYSH0018,SHERIDAN 13.8 NNE WY US,1081.1,44.9769,-106.8475,20110501,9999,0,0,14,0,0,5,0,0,2,0,0,9999,0,0,9999,0,0,9999,0,0,9999,0,0,9999,0,0,351,0,0,0,1,1,1930,0,0,0,1,1,9999,0,0,9999,0,0,9999,0,0,9999,0,0,9999,0,0
GHCND:US1WYSH0018,SHERIDAN 13.8 NNE WY US,1081.1,44.9769,-106.8475,20110601,9999,0,0,8,0,0,3,0,0,0,0,0,9999,0,0,9999,0,0,9999,0,0,9999,0,0,9999,0,0,218,0,0,0,1,1,861,0,0,0,1,1,9999,0,0,9999,0,0,9999,0,0,9999,0,0,9999,0,0
GHCND:US1WYSH0018,SHERIDAN 13.8 NNE WY US,1081.1,44.9769,-106.8475,20110701,9999,0,0,2,3,3,0,3,3,0,3,3,9999,0,0,9999,0,0,9999,0,0,9999,0,0,9999,0,0,79,3,3,0,3,3,189,3,3,0,3,3,9999,0,0,9999,0,0,9999,0,0,9999,0,0,9999,0,0
GHCND:US1WYSH0018,SHERIDAN 13.8 NNE WY US,1081.1,44.9769,-106.8475,20110801,9999,0,0,5,2,1,0,2,1,0,2,1,9999,0,0,9999,0,0,9999,0,0,9999,0,0,9999,0,0,79,2,1,0,2,1,324,2,1,0,2,1,9999,0,0,9999,0,0,9999,0,0,9999,0,0,9999,0,0
GHCND:US1WYSH0018,SHERIDAN 13.8 NNE WY US,1081.1,44.9769,-106.8475,20110901,9999,0,0,1,3,1,0,3,1,0,3,1,9999,0,0,9999,0,0,9999,0,0,9999,0,0,9999,0,0,43,3,1,0,3,1,93,3,1,0,3,1,9999,0,0,9999,0,0,9999,0,0,9999,0,0,9999,0,0
GHCND:US1WYSH0018,SHERIDAN 13.8 NNE WY US,1081.1,44.9769,-106.8475,20111001,9999,0,0,4,1,1,1,1,1,1,1,1,9999,0,0,9999,0,0,9999,0,0,9999,0,0,9999,0,0,396,1,1,0,5,3,632,1,1,0,3,1,9999,0,0,9999,0,0,9999,0,0,9999,0,0,9999,0,0
GHCND:US1WYSH0018,SHERIDAN 13.8 NNE WY US,1081.1,44.9769,-106.8475,20111101,9999,0,0,3,4,3,1,4,3,0,4,3,9999,0,0,9999,0,0,9999,0,0,9999,0,0,9999,0,0,182,4,3,140,5,3,309,4,3,161,5,3,9999,0,0,9999,0,0,9999,0,0,9999,0,0,9999,0,0
GHCND:US1WYSH0018,SHERIDAN 13.8 NNE WY US,1081.1,44.9769,-106.8475,20111201,9999,0,0,2,5,5,0,5,5,0,5,5,9999,0,0,9999,0,0,9999,0,0,9999,0,0,9999,0,0,36,5,5,64,5,5,87,5,5,59,5,5,9999,0,0,9999,0,0,9999,0,0,9999,0,0,9999,0,0
GHCND:US1WYSH0018,SHERIDAN 13.8 NNE WY US,1081.1,44.9769,-106.8475,20120101,9999,0,0,2,1,1,0,1,1,0,1,1,9999,0,0,9999,0,0,9999,0,0,9999,0,0,9999,0,0,36,1,1,102,1,1,117,1,1,154,1,1,9999,0,0,9999,0,0,9999,0,0,9999,0,0,9999,0,0
GHCND:US1WYSH0018,SHERIDAN 13.8 NNE WY US,1081.1,44.9769,-106.8475,20120201,9999,0,0,3,0,0,1,0,0,0,0,0,9999,0,0,9999,0,0,9999,0,0,9999,0,0,9999,0,0,128,0,0,76,0,0,386,0,0,128,0,0,9999,0,0,9999,0,0,9999,0,0,9999,0,0,9999,0,0
GHCND:US1WYSH0018,SHERIDAN 13.8 NNE WY US,1081.1,44.9769,-106.8475,20120301,9999,0,0,3,0,0,0,0,0,0,0,0,9999,0,0,9999,0,0,9999,0,0,9999,0,0,9999,0,0,84,0,0,51,0,0,180,0,0,28,0,0,9999,0,0,9999,0,0,9999,0,0,9999,0,0,9999,0,0
GHCND:US1WYSH0018,SHERIDAN 13.8 NNE WY US,1081.1,44.9769,-106.8475,20120401,9999,0,0,3,0,0,0,0,0,0,0,0,9999,0,0,9999,0,0,9999,0,0,9999,0,0,9999,0,0,99,0,0,0,0,0,308,0,0,0,0,0,9999,0,0,9999,0,0,9999,0,0,9999,0,0,9999,0,0
GHCND:US1WYSH0018,SHERIDAN 13.8 NNE WY US,1081.1,44.9769,-106.8475,20120501,9999,0,0,6,0,0,2,0,0,0,0,0,9999,0,0,9999,0,0,9999,0,0,9999,0,0,9999,0,0,160,0,0,0,0,0,610,0,0,0,0,0,9999,0,0,9999,0,0,9999,0,0,9999,0,0,9999,0,0
GHCND:US1WYSH0018,SHERIDAN 13.8 NNE WY US,1081.1,44.9769,-106.8475,20120601,9999,0,0,2,0,0,0,0,0,0,0,0,9999,0,0,9999,0,0,9999,0,0,9999,0,0,9999,0,0,41,0,0,0,2,2,117,0,0,0,0,0,9999,0,0,9999,0,0,9999,0,0,9999,0,0,9999,0,0
