id,DB,treatmentid,year,tsr,block,replicate,speciesid,speciesorigin,response,responselevel,responsemetric,measurementscale,measurementmetric,exclusion_reason
GAZP_8,GAZP,8_1,2014,177,1,1,UN_ID_BG,unknown_sp,3,species,cover,0.25,m2,Bare ground; non-taxonomic observation.
GAZP_8,GAZP,8_1,2014,177,3,113,UN_ID_BG,unknown_sp,62.5,species,cover,0.25,m2,Bare ground; non-taxonomic observation.
GAZP_8,GAZP,8_1,2014,177,1,17,UN_ID_BG,unknown_sp,15,species,cover,0.25,m2,Bare ground; non-taxonomic observation.
GAZP_8,GAZP,8_1,2014,177,2,33,UN_ID_BG,unknown_sp,37.5,species,cover,0.25,m2,Bare ground; non-taxonomic observation.
GAZP_8,GAZP,8_1,2014,177,2,49,UN_ID_BG,unknown_sp,37.5,species,cover,0.25,m2,Bare ground; non-taxonomic observation.
GAZP_8,GAZP,8_1,2014,177,2,65,UN_ID_BG,unknown_sp,37.5,species,cover,0.25,m2,Bare ground; non-taxonomic observation.
GAZP_8,GAZP,8_1,2014,177,3,81,UN_ID_BG,unknown_sp,85,species,cover,0.25,m2,Bare ground; non-taxonomic observation.
GAZP_8,GAZP,8_1,2014,177,3,82,UN_ID_BG,unknown_sp,85,species,cover,0.25,m2,Bare ground; non-taxonomic observation.
GAZP_8,GAZP,8_1,2014,177,3,83,UN_ID_BG,unknown_sp,97.5,species,cover,0.25,m2,Bare ground; non-taxonomic observation.
GAZP_8,GAZP,8_1,2014,177,3,84,UN_ID_BG,unknown_sp,15,species,cover,0.25,m2,Bare ground; non-taxonomic observation.
GAZP_8,GAZP,8_1,2014,177,3,85,UN_ID_BG,unknown_sp,97.5,species,cover,0.25,m2,Bare ground; non-taxonomic observation.
GAZP_8,GAZP,8_1,2014,177,3,86,UN_ID_BG,unknown_sp,15,species,cover,0.25,m2,Bare ground; non-taxonomic observation.
GAZP_8,GAZP,8_1,2014,177,3,87,UN_ID_BG,unknown_sp,85,species,cover,0.25,m2,Bare ground; non-taxonomic observation.
GAZP_8,GAZP,8_1,2014,177,3,88,UN_ID_BG,unknown_sp,85,species,cover,0.25,m2,Bare ground; non-taxonomic observation.
GAZP_8,GAZP,8_1,2014,177,3,89,UN_ID_BG,unknown_sp,62.5,species,cover,0.25,m2,Bare ground; non-taxonomic observation.
GAZP_8,GAZP,8_1,2014,177,3,90,UN_ID_BG,unknown_sp,15,species,cover,0.25,m2,Bare ground; non-taxonomic observation.
GAZP_8,GAZP,8_1,2014,177,3,91,UN_ID_BG,unknown_sp,85,species,cover,0.25,m2,Bare ground; non-taxonomic observation.
GAZP_8,GAZP,8_1,2014,177,3,92,UN_ID_BG,unknown_sp,62.5,species,cover,0.25,m2,Bare ground; non-taxonomic observation.
GAZP_8,GAZP,8_1,2014,177,3,93,UN_ID_BG,unknown_sp,62.5,species,cover,0.25,m2,Bare ground; non-taxonomic observation.
GAZP_8,GAZP,8_1,2014,177,3,94,UN_ID_BG,unknown_sp,85,species,cover,0.25,m2,Bare ground; non-taxonomic observation.
GAZP_8,GAZP,8_1,2014,177,3,95,UN_ID_BG,unknown_sp,62.5,species,cover,0.25,m2,Bare ground; non-taxonomic observation.
GAZP_8,GAZP,8_1,2014,177,3,96,UN_ID_BG,unknown_sp,37.5,species,cover,0.25,m2,Bare ground; non-taxonomic observation.
GAZP_8,GAZP,8_1,2014,177,3,97,UN_ID_BG,unknown_sp,62.5,species,cover,0.25,m2,Bare ground; non-taxonomic observation.
GAZP_8,GAZP,8_1,2012,18,1,1,UN_ID_BG,unknown_sp,97.5,species,cover,0.25,m2,Bare ground; non-taxonomic observation.
GAZP_8,GAZP,8_1,2012,18,1,1,UN_ID_FD,unknown_sp,0.1,species,cover,0.25,m2,Fine debris; non-taxonomic observation.
GAZP_8,GAZP,8_1,2012,18,1,1,UN_ID_TC,unknown_sp,0.1,species,cover,0.25,m2,Total cover; non-taxonomic observation.
GAZP_8,GAZP,8_1,2012,18,1,10,UN_ID_BG,unknown_sp,97.5,species,cover,0.25,m2,Bare ground; non-taxonomic observation.
GAZP_8,GAZP,8_1,2012,18,1,10,UN_ID_FD,unknown_sp,0.1,species,cover,0.25,m2,Fine debris; non-taxonomic observation.
GAZP_8,GAZP,8_1,2012,18,1,10,UN_ID_TC,unknown_sp,0.1,species,cover,0.25,m2,Total cover; non-taxonomic observation.
GAZP_8,GAZP,8_1,2012,18,3,100,UN_ID_BG,unknown_sp,97.5,species,cover,0.25,m2,Bare ground; non-taxonomic observation.
GAZP_8,GAZP,8_1,2012,18,3,100,UN_ID_FD,unknown_sp,0.1,species,cover,0.25,m2,Fine debris; non-taxonomic observation.
GAZP_8,GAZP,8_1,2012,18,3,101,UN_ID_BG,unknown_sp,97.5,species,cover,0.25,m2,Bare ground; non-taxonomic observation.
GAZP_8,GAZP,8_1,2012,18,3,101,UN_ID_FD,unknown_sp,0.1,species,cover,0.25,m2,Fine debris; non-taxonomic observation.
GAZP_8,GAZP,8_1,2012,18,3,102,UN_ID_BG,unknown_sp,97.5,species,cover,0.25,m2,Bare ground; non-taxonomic observation.
GAZP_8,GAZP,8_1,2012,18,3,102,UN_ID_FD,unknown_sp,0.1,species,cover,0.25,m2,Fine debris; non-taxonomic observation.
GAZP_8,GAZP,8_1,2012,18,3,103,UN_ID_BG,unknown_sp,97.5,species,cover,0.25,m2,Bare ground; non-taxonomic observation.
GAZP_8,GAZP,8_1,2012,18,3,103,UN_ID_CD,unknown_sp,0.1,species,cover,0.25,m2,Meaning could not be determined from the source data.
GAZP_8,GAZP,8_1,2012,18,3,103,UN_ID_FD,unknown_sp,0.1,species,cover,0.25,m2,Fine debris; non-taxonomic observation.
GAZP_8,GAZP,8_1,2012,18,3,104,UN_ID_BG,unknown_sp,97.5,species,cover,0.25,m2,Bare ground; non-taxonomic observation.
GAZP_8,GAZP,8_1,2012,18,3,104,UN_ID_FD,unknown_sp,0.1,species,cover,0.25,m2,Fine debris; non-taxonomic observation.
GAZP_8,GAZP,8_1,2012,18,3,105,UN_ID_BG,unknown_sp,97.5,species,cover,0.25,m2,Bare ground; non-taxonomic observation.
GAZP_8,GAZP,8_1,2012,18,3,105,UN_ID_FD,unknown_sp,0.1,species,cover,0.25,m2,Fine debris; non-taxonomic observation.
GAZP_8,GAZP,8_1,2012,18,3,106,UN_ID_BG,unknown_sp,97.5,species,cover,0.25,m2,Bare ground; non-taxonomic observation.
GAZP_8,GAZP,8_1,2012,18,3,106,UN_ID_FD,unknown_sp,0.1,species,cover,0.25,m2,Fine debris; non-taxonomic observation.
GAZP_8,GAZP,8_1,2012,18,3,107,UN_ID_BG,unknown_sp,97.5,species,cover,0.25,m2,Bare ground; non-taxonomic observation.
GAZP_8,GAZP,8_1,2012,18,3,107,UN_ID_FD,unknown_sp,0.1,species,cover,0.25,m2,Fine debris; non-taxonomic observation.
GAZP_8,GAZP,8_1,2012,18,3,108,UN_ID_BG,unknown_sp,97.5,species,cover,0.25,m2,Bare ground; non-taxonomic observation.
GAZP_8,GAZP,8_1,2012,18,3,108,UN_ID_FD,unknown_sp,0.1,species,cover,0.25,m2,Fine debris; non-taxonomic observation.
GAZP_8,GAZP,8_1,2012,18,3,109,UN_ID_BG,unknown_sp,97.5,species,cover,0.25,m2,Bare ground; non-taxonomic observation.
GAZP_8,GAZP,8_1,2012,18,3,109,UN_ID_FD,unknown_sp,0.1,species,cover,0.25,m2,Fine debris; non-taxonomic observation.
GAZP_8,GAZP,8_1,2012,18,1,11,UN_ID_BG,unknown_sp,97.5,species,cover,0.25,m2,Bare ground; non-taxonomic observation.
GAZP_8,GAZP,8_1,2012,18,1,11,UN_ID_FD,unknown_sp,0.1,species,cover,0.25,m2,Fine debris; non-taxonomic observation.
GAZP_8,GAZP,8_1,2012,18,1,11,UN_ID_TC,unknown_sp,0.1,species,cover,0.25,m2,Total cover; non-taxonomic observation.
GAZP_8,GAZP,8_1,2012,18,3,110,UN_ID_BG,unknown_sp,97.5,species,cover,0.25,m2,Bare ground; non-taxonomic observation.
GAZP_8,GAZP,8_1,2012,18,3,110,UN_ID_FD,unknown_sp,0.1,species,cover,0.25,m2,Fine debris; non-taxonomic observation.
GAZP_8,GAZP,8_1,2012,18,3,111,UN_ID_BG,unknown_sp,97.5,species,cover,0.25,m2,Bare ground; non-taxonomic observation.
GAZP_8,GAZP,8_1,2012,18,3,111,UN_ID_CD,unknown_sp,0.1,species,cover,0.25,m2,Meaning could not be determined from the source data.
GAZP_8,GAZP,8_1,2012,18,3,111,UN_ID_FD,unknown_sp,0.1,species,cover,0.25,m2,Fine debris; non-taxonomic observation.
GAZP_8,GAZP,8_1,2012,18,3,112,UN_ID_BG,unknown_sp,97.5,species,cover,0.25,m2,Bare ground; non-taxonomic observation.
GAZP_8,GAZP,8_1,2012,18,3,112,UN_ID_CD,unknown_sp,0.1,species,cover,0.25,m2,Meaning could not be determined from the source data.
GAZP_8,GAZP,8_1,2012,18,3,112,UN_ID_FD,unknown_sp,0.1,species,cover,0.25,m2,Fine debris; non-taxonomic observation.
GAZP_8,GAZP,8_1,2012,18,3,113,UN_ID_BG,unknown_sp,97.5,species,cover,0.25,m2,Bare ground; non-taxonomic observation.
GAZP_8,GAZP,8_1,2012,18,3,113,UN_ID_FD,unknown_sp,0.1,species,cover,0.25,m2,Fine debris; non-taxonomic observation.
GAZP_8,GAZP,8_1,2012,18,3,114,UN_ID_BG,unknown_sp,97.5,species,cover,0.25,m2,Bare ground; non-taxonomic observation.
GAZP_8,GAZP,8_1,2012,18,3,114,UN_ID_FD,unknown_sp,0.1,species,cover,0.25,m2,Fine debris; non-taxonomic observation.
GAZP_8,GAZP,8_1,2012,18,3,115,UN_ID_BG,unknown_sp,97.5,species,cover,0.25,m2,Bare ground; non-taxonomic observation.
GAZP_8,GAZP,8_1,2012,18,3,115,UN_ID_FD,unknown_sp,0.1,species,cover,0.25,m2,Fine debris; non-taxonomic observation.
GAZP_8,GAZP,8_1,2012,18,3,116,UN_ID_BG,unknown_sp,97.5,species,cover,0.25,m2,Bare ground; non-taxonomic observation.
GAZP_8,GAZP,8_1,2012,18,3,116,UN_ID_FD,unknown_sp,0.1,species,cover,0.25,m2,Fine debris; non-taxonomic observation.
GAZP_8,GAZP,8_1,2012,18,3,117,UN_ID_BG,unknown_sp,97.5,species,cover,0.25,m2,Bare ground; non-taxonomic observation.
GAZP_8,GAZP,8_1,2012,18,3,117,UN_ID_FD,unknown_sp,0.1,species,cover,0.25,m2,Fine debris; non-taxonomic observation.
GAZP_8,GAZP,8_1,2012,18,3,118,UN_ID_BG,unknown_sp,97.5,species,cover,0.25,m2,Bare ground; non-taxonomic observation.
GAZP_8,GAZP,8_1,2012,18,3,118,UN_ID_FD,unknown_sp,0.1,species,cover,0.25,m2,Fine debris; non-taxonomic observation.
GAZP_8,GAZP,8_1,2012,18,3,119,UN_ID_BG,unknown_sp,97.5,species,cover,0.25,m2,Bare ground; non-taxonomic observation.
GAZP_8,GAZP,8_1,2012,18,3,119,UN_ID_FD,unknown_sp,0.1,species,cover,0.25,m2,Fine debris; non-taxonomic observation.
GAZP_8,GAZP,8_1,2012,18,1,12,UN_ID_BG,unknown_sp,97.5,species,cover,0.25,m2,Bare ground; non-taxonomic observation.
GAZP_8,GAZP,8_1,2012,18,1,12,UN_ID_FD,unknown_sp,0.1,species,cover,0.25,m2,Fine debris; non-taxonomic observation.
GAZP_8,GAZP,8_1,2012,18,1,12,UN_ID_TC,unknown_sp,0.1,species,cover,0.25,m2,Total cover; non-taxonomic observation.
GAZP_8,GAZP,8_1,2012,18,3,120,UN_ID_BG,unknown_sp,97.5,species,cover,0.25,m2,Bare ground; non-taxonomic observation.
GAZP_8,GAZP,8_1,2012,18,3,120,UN_ID_FD,unknown_sp,0.1,species,cover,0.25,m2,Fine debris; non-taxonomic observation.
GAZP_8,GAZP,8_1,2012,18,3,121,UN_ID_BG,unknown_sp,97.5,species,cover,0.25,m2,Bare ground; non-taxonomic observation.
GAZP_8,GAZP,8_1,2012,18,3,121,UN_ID_FD,unknown_sp,0.1,species,cover,0.25,m2,Fine debris; non-taxonomic observation.
GAZP_8,GAZP,8_1,2012,18,3,122,UN_ID_BG,unknown_sp,97.5,species,cover,0.25,m2,Bare ground; non-taxonomic observation.
GAZP_8,GAZP,8_1,2012,18,3,122,UN_ID_FD,unknown_sp,0.1,species,cover,0.25,m2,Fine debris; non-taxonomic observation.
GAZP_8,GAZP,8_1,2012,18,3,123,UN_ID_BG,unknown_sp,97.5,species,cover,0.25,m2,Bare ground; non-taxonomic observation.
GAZP_8,GAZP,8_1,2012,18,3,123,UN_ID_FD,unknown_sp,0.1,species,cover,0.25,m2,Fine debris; non-taxonomic observation.
GAZP_8,GAZP,8_1,2012,18,3,124,UN_ID_BG,unknown_sp,97.5,species,cover,0.25,m2,Bare ground; non-taxonomic observation.
GAZP_8,GAZP,8_1,2012,18,3,124,UN_ID_FD,unknown_sp,0.1,species,cover,0.25,m2,Fine debris; non-taxonomic observation.
GAZP_8,GAZP,8_1,2012,18,3,125,UN_ID_BG,unknown_sp,97.5,species,cover,0.25,m2,Bare ground; non-taxonomic observation.
GAZP_8,GAZP,8_1,2012,18,3,125,UN_ID_FD,unknown_sp,0.1,species,cover,0.25,m2,Fine debris; non-taxonomic observation.
GAZP_8,GAZP,8_1,2012,18,3,126,UN_ID_BG,unknown_sp,97.5,species,cover,0.25,m2,Bare ground; non-taxonomic observation.
GAZP_8,GAZP,8_1,2012,18,3,126,UN_ID_FD,unknown_sp,0.1,species,cover,0.25,m2,Fine debris; non-taxonomic observation.
GAZP_8,GAZP,8_1,2012,18,3,127,UN_ID_BG,unknown_sp,97.5,species,cover,0.25,m2,Bare ground; non-taxonomic observation.
GAZP_8,GAZP,8_1,2012,18,3,127,UN_ID_FD,unknown_sp,0.1,species,cover,0.25,m2,Fine debris; non-taxonomic observation.
GAZP_8,GAZP,8_1,2012,18,3,128,UN_ID_BG,unknown_sp,97.5,species,cover,0.25,m2,Bare ground; non-taxonomic observation.
GAZP_8,GAZP,8_1,2012,18,3,128,UN_ID_FD,unknown_sp,0.1,species,cover,0.25,m2,Fine debris; non-taxonomic observation.
GAZP_8,GAZP,8_1,2012,18,1,13,UN_ID_BG,unknown_sp,97.5,species,cover,0.25,m2,Bare ground; non-taxonomic observation.
GAZP_8,GAZP,8_1,2012,18,1,13,UN_ID_FD,unknown_sp,0.1,species,cover,0.25,m2,Fine debris; non-taxonomic observation.
GAZP_8,GAZP,8_1,2012,18,1,13,UN_ID_TC,unknown_sp,0.1,species,cover,0.25,m2,Total cover; non-taxonomic observation.
GAZP_8,GAZP,8_1,2012,18,1,14,UN_ID_BG,unknown_sp,97.5,species,cover,0.25,m2,Bare ground; non-taxonomic observation.
GAZP_8,GAZP,8_1,2012,18,1,14,UN_ID_FD,unknown_sp,0.1,species,cover,0.25,m2,Fine debris; non-taxonomic observation.
GAZP_8,GAZP,8_1,2012,18,1,14,UN_ID_TC,unknown_sp,0.1,species,cover,0.25,m2,Total cover; non-taxonomic observation.
GAZP_8,GAZP,8_1,2012,18,1,15,UN_ID_BG,unknown_sp,97.5,species,cover,0.25,m2,Bare ground; non-taxonomic observation.
GAZP_8,GAZP,8_1,2012,18,1,15,UN_ID_FD,unknown_sp,0.1,species,cover,0.25,m2,Fine debris; non-taxonomic observation.
GAZP_8,GAZP,8_1,2012,18,1,15,UN_ID_TC,unknown_sp,0.1,species,cover,0.25,m2,Total cover; non-taxonomic observation.
GAZP_8,GAZP,8_1,2012,18,1,16,UN_ID_BG,unknown_sp,97.5,species,cover,0.25,m2,Bare ground; non-taxonomic observation.
GAZP_8,GAZP,8_1,2012,18,1,16,UN_ID_FD,unknown_sp,0.1,species,cover,0.25,m2,Fine debris; non-taxonomic observation.
GAZP_8,GAZP,8_1,2012,18,1,16,UN_ID_TC,unknown_sp,0.1,species,cover,0.25,m2,Total cover; non-taxonomic observation.
GAZP_8,GAZP,8_1,2012,18,1,17,UN_ID_BG,unknown_sp,97.5,species,cover,0.25,m2,Bare ground; non-taxonomic observation.
GAZP_8,GAZP,8_1,2012,18,1,17,UN_ID_FD,unknown_sp,0.1,species,cover,0.25,m2,Fine debris; non-taxonomic observation.
GAZP_8,GAZP,8_1,2012,18,1,17,UN_ID_TC,unknown_sp,0.1,species,cover,0.25,m2,Total cover; non-taxonomic observation.
GAZP_8,GAZP,8_1,2012,18,1,18,UN_ID_BG,unknown_sp,97.5,species,cover,0.25,m2,Bare ground; non-taxonomic observation.
GAZP_8,GAZP,8_1,2012,18,1,18,UN_ID_FD,unknown_sp,0.1,species,cover,0.25,m2,Fine debris; non-taxonomic observation.
GAZP_8,GAZP,8_1,2012,18,1,18,UN_ID_TC,unknown_sp,0.1,species,cover,0.25,m2,Total cover; non-taxonomic observation.
GAZP_8,GAZP,8_1,2012,18,1,19,UN_ID_BG,unknown_sp,97.5,species,cover,0.25,m2,Bare ground; non-taxonomic observation.
GAZP_8,GAZP,8_1,2012,18,1,19,UN_ID_FD,unknown_sp,0.1,species,cover,0.25,m2,Fine debris; non-taxonomic observation.
GAZP_8,GAZP,8_1,2012,18,1,19,UN_ID_TC,unknown_sp,0.1,species,cover,0.25,m2,Total cover; non-taxonomic observation.
GAZP_8,GAZP,8_1,2012,18,1,2,UN_ID_BG,unknown_sp,97.5,species,cover,0.25,m2,Bare ground; non-taxonomic observation.
GAZP_8,GAZP,8_1,2012,18,1,2,UN_ID_FD,unknown_sp,0.1,species,cover,0.25,m2,Fine debris; non-taxonomic observation.
GAZP_8,GAZP,8_1,2012,18,1,2,UN_ID_TC,unknown_sp,0.1,species,cover,0.25,m2,Total cover; non-taxonomic observation.
GAZP_8,GAZP,8_1,2012,18,1,20,UN_ID_BG,unknown_sp,97.5,species,cover,0.25,m2,Bare ground; non-taxonomic observation.
GAZP_8,GAZP,8_1,2012,18,1,20,UN_ID_FD,unknown_sp,0.1,species,cover,0.25,m2,Fine debris; non-taxonomic observation.
GAZP_8,GAZP,8_1,2012,18,1,20,UN_ID_TC,unknown_sp,0.1,species,cover,0.25,m2,Total cover; non-taxonomic observation.
GAZP_8,GAZP,8_1,2012,18,1,21,UN_ID_BG,unknown_sp,97.5,species,cover,0.25,m2,Bare ground; non-taxonomic observation.
GAZP_8,GAZP,8_1,2012,18,1,21,UN_ID_FD,unknown_sp,0.1,species,cover,0.25,m2,Fine debris; non-taxonomic observation.
GAZP_8,GAZP,8_1,2012,18,1,21,UN_ID_TC,unknown_sp,0.1,species,cover,0.25,m2,Total cover; non-taxonomic observation.
GAZP_8,GAZP,8_1,2012,18,1,22,UN_ID_BG,unknown_sp,97.5,species,cover,0.25,m2,Bare ground; non-taxonomic observation.
GAZP_8,GAZP,8_1,2012,18,1,22,UN_ID_FD,unknown_sp,0.1,species,cover,0.25,m2,Fine debris; non-taxonomic observation.
GAZP_8,GAZP,8_1,2012,18,1,22,UN_ID_TC,unknown_sp,0.1,species,cover,0.25,m2,Total cover; non-taxonomic observation.
GAZP_8,GAZP,8_1,2012,18,1,23,UN_ID_BG,unknown_sp,97.5,species,cover,0.25,m2,Bare ground; non-taxonomic observation.
GAZP_8,GAZP,8_1,2012,18,1,23,UN_ID_FD,unknown_sp,0.1,species,cover,0.25,m2,Fine debris; non-taxonomic observation.
GAZP_8,GAZP,8_1,2012,18,1,23,UN_ID_TC,unknown_sp,0.1,species,cover,0.25,m2,Total cover; non-taxonomic observation.
GAZP_8,GAZP,8_1,2012,18,1,24,UN_ID_BG,unknown_sp,97.5,species,cover,0.25,m2,Bare ground; non-taxonomic observation.
GAZP_8,GAZP,8_1,2012,18,1,24,UN_ID_FD,unknown_sp,0.1,species,cover,0.25,m2,Fine debris; non-taxonomic observation.
GAZP_8,GAZP,8_1,2012,18,1,24,UN_ID_TC,unknown_sp,0.1,species,cover,0.25,m2,Total cover; non-taxonomic observation.
GAZP_8,GAZP,8_1,2012,18,1,25,UN_ID_BG,unknown_sp,97.5,species,cover,0.25,m2,Bare ground; non-taxonomic observation.
GAZP_8,GAZP,8_1,2012,18,1,25,UN_ID_FD,unknown_sp,0.1,species,cover,0.25,m2,Fine debris; non-taxonomic observation.
GAZP_8,GAZP,8_1,2012,18,1,25,UN_ID_TC,unknown_sp,0.1,species,cover,0.25,m2,Total cover; non-taxonomic observation.
GAZP_8,GAZP,8_1,2012,18,1,26,UN_ID_BG,unknown_sp,97.5,species,cover,0.25,m2,Bare ground; non-taxonomic observation.
GAZP_8,GAZP,8_1,2012,18,1,26,UN_ID_FD,unknown_sp,0.1,species,cover,0.25,m2,Fine debris; non-taxonomic observation.
GAZP_8,GAZP,8_1,2012,18,1,26,UN_ID_TC,unknown_sp,0.1,species,cover,0.25,m2,Total cover; non-taxonomic observation.
GAZP_8,GAZP,8_1,2012,18,1,27,UN_ID_BG,unknown_sp,97.5,species,cover,0.25,m2,Bare ground; non-taxonomic observation.
GAZP_8,GAZP,8_1,2012,18,1,27,UN_ID_FD,unknown_sp,0.1,species,cover,0.25,m2,Fine debris; non-taxonomic observation.
GAZP_8,GAZP,8_1,2012,18,1,27,UN_ID_TC,unknown_sp,0.1,species,cover,0.25,m2,Total cover; non-taxonomic observation.
GAZP_8,GAZP,8_1,2012,18,1,28,UN_ID_BG,unknown_sp,97.5,species,cover,0.25,m2,Bare ground; non-taxonomic observation.
GAZP_8,GAZP,8_1,2012,18,1,28,UN_ID_FD,unknown_sp,0.1,species,cover,0.25,m2,Fine debris; non-taxonomic observation.
GAZP_8,GAZP,8_1,2012,18,1,28,UN_ID_TC,unknown_sp,0.1,species,cover,0.25,m2,Total cover; non-taxonomic observation.
GAZP_8,GAZP,8_1,2012,18,1,29,UN_ID_BG,unknown_sp,97.5,species,cover,0.25,m2,Bare ground; non-taxonomic observation.
GAZP_8,GAZP,8_1,2012,18,1,29,UN_ID_FD,unknown_sp,0.1,species,cover,0.25,m2,Fine debris; non-taxonomic observation.
GAZP_8,GAZP,8_1,2012,18,1,29,UN_ID_TC,unknown_sp,0.1,species,cover,0.25,m2,Total cover; non-taxonomic observation.
GAZP_8,GAZP,8_1,2012,18,1,3,UN_ID_BG,unknown_sp,97.5,species,cover,0.25,m2,Bare ground; non-taxonomic observation.
GAZP_8,GAZP,8_1,2012,18,1,3,UN_ID_FD,unknown_sp,0.1,species,cover,0.25,m2,Fine debris; non-taxonomic observation.
GAZP_8,GAZP,8_1,2012,18,1,3,UN_ID_TC,unknown_sp,0.1,species,cover,0.25,m2,Total cover; non-taxonomic observation.
GAZP_8,GAZP,8_1,2012,18,1,30,UN_ID_BG,unknown_sp,97.5,species,cover,0.25,m2,Bare ground; non-taxonomic observation.
GAZP_8,GAZP,8_1,2012,18,1,30,UN_ID_FD,unknown_sp,0.1,species,cover,0.25,m2,Fine debris; non-taxonomic observation.
GAZP_8,GAZP,8_1,2012,18,1,30,UN_ID_TC,unknown_sp,0.1,species,cover,0.25,m2,Total cover; non-taxonomic observation.
GAZP_8,GAZP,8_1,2012,18,1,31,UN_ID_BG,unknown_sp,97.5,species,cover,0.25,m2,Bare ground; non-taxonomic observation.
GAZP_8,GAZP,8_1,2012,18,1,31,UN_ID_FD,unknown_sp,0.1,species,cover,0.25,m2,Fine debris; non-taxonomic observation.
GAZP_8,GAZP,8_1,2012,18,1,31,UN_ID_TC,unknown_sp,0.1,species,cover,0.25,m2,Total cover; non-taxonomic observation.
GAZP_8,GAZP,8_1,2012,18,1,32,UN_ID_BG,unknown_sp,97.5,species,cover,0.25,m2,Bare ground; non-taxonomic observation.
GAZP_8,GAZP,8_1,2012,18,1,32,UN_ID_FD,unknown_sp,0.1,species,cover,0.25,m2,Fine debris; non-taxonomic observation.
GAZP_8,GAZP,8_1,2012,18,1,32,UN_ID_TC,unknown_sp,0.1,species,cover,0.25,m2,Total cover; non-taxonomic observation.
GAZP_8,GAZP,8_1,2012,18,2,33,UN_ID_BG,unknown_sp,97.5,species,cover,0.25,m2,Bare ground; non-taxonomic observation.
GAZP_8,GAZP,8_1,2012,18,2,33,UN_ID_FD,unknown_sp,0.1,species,cover,0.25,m2,Fine debris; non-taxonomic observation.
GAZP_8,GAZP,8_1,2012,18,2,33,UN_ID_TC,unknown_sp,0.1,species,cover,0.25,m2,Total cover; non-taxonomic observation.
GAZP_8,GAZP,8_1,2012,18,2,34,UN_ID_BG,unknown_sp,97.5,species,cover,0.25,m2,Bare ground; non-taxonomic observation.
GAZP_8,GAZP,8_1,2012,18,2,34,UN_ID_FD,unknown_sp,0.1,species,cover,0.25,m2,Fine debris; non-taxonomic observation.
GAZP_8,GAZP,8_1,2012,18,2,34,UN_ID_TC,unknown_sp,0.1,species,cover,0.25,m2,Total cover; non-taxonomic observation.
GAZP_8,GAZP,8_1,2012,18,2,35,UN_ID_BG,unknown_sp,97.5,species,cover,0.25,m2,Bare ground; non-taxonomic observation.
GAZP_8,GAZP,8_1,2012,18,2,35,UN_ID_FD,unknown_sp,0.1,species,cover,0.25,m2,Fine debris; non-taxonomic observation.
GAZP_8,GAZP,8_1,2012,18,2,35,UN_ID_TC,unknown_sp,0.1,species,cover,0.25,m2,Total cover; non-taxonomic observation.
GAZP_8,GAZP,8_1,2012,18,2,36,UN_ID_BG,unknown_sp,97.5,species,cover,0.25,m2,Bare ground; non-taxonomic observation.
GAZP_8,GAZP,8_1,2012,18,2,36,UN_ID_FD,unknown_sp,0.1,species,cover,0.25,m2,Fine debris; non-taxonomic observation.
GAZP_8,GAZP,8_1,2012,18,2,36,UN_ID_TC,unknown_sp,0.1,species,cover,0.25,m2,Total cover; non-taxonomic observation.
GAZP_8,GAZP,8_1,2012,18,2,37,UN_ID_BG,unknown_sp,97.5,species,cover,0.25,m2,Bare ground; non-taxonomic observation.
GAZP_8,GAZP,8_1,2012,18,2,37,UN_ID_FD,unknown_sp,0.1,species,cover,0.25,m2,Fine debris; non-taxonomic observation.
GAZP_8,GAZP,8_1,2012,18,2,37,UN_ID_TC,unknown_sp,0.1,species,cover,0.25,m2,Total cover; non-taxonomic observation.
GAZP_8,GAZP,8_1,2012,18,2,38,UN_ID_BG,unknown_sp,97.5,species,cover,0.25,m2,Bare ground; non-taxonomic observation.
GAZP_8,GAZP,8_1,2012,18,2,38,UN_ID_FD,unknown_sp,0.1,species,cover,0.25,m2,Fine debris; non-taxonomic observation.
GAZP_8,GAZP,8_1,2012,18,2,38,UN_ID_TC,unknown_sp,0.1,species,cover,0.25,m2,Total cover; non-taxonomic observation.
GAZP_8,GAZP,8_1,2012,18,2,39,UN_ID_BG,unknown_sp,97.5,species,cover,0.25,m2,Bare ground; non-taxonomic observation.
GAZP_8,GAZP,8_1,2012,18,2,39,UN_ID_FD,unknown_sp,0.1,species,cover,0.25,m2,Fine debris; non-taxonomic observation.
GAZP_8,GAZP,8_1,2012,18,2,39,UN_ID_TC,unknown_sp,0.1,species,cover,0.25,m2,Total cover; non-taxonomic observation.
GAZP_8,GAZP,8_1,2012,18,1,4,UN_ID_BG,unknown_sp,97.5,species,cover,0.25,m2,Bare ground; non-taxonomic observation.
GAZP_8,GAZP,8_1,2012,18,1,4,UN_ID_FD,unknown_sp,0.1,species,cover,0.25,m2,Fine debris; non-taxonomic observation.
GAZP_8,GAZP,8_1,2012,18,1,4,UN_ID_TC,unknown_sp,0.1,species,cover,0.25,m2,Total cover; non-taxonomic observation.
GAZP_8,GAZP,8_1,2012,18,2,40,UN_ID_BG,unknown_sp,97.5,species,cover,0.25,m2,Bare ground; non-taxonomic observation.
GAZP_8,GAZP,8_1,2012,18,2,40,UN_ID_FD,unknown_sp,0.1,species,cover,0.25,m2,Fine debris; non-taxonomic observation.
GAZP_8,GAZP,8_1,2012,18,2,40,UN_ID_TC,unknown_sp,0.1,species,cover,0.25,m2,Total cover; non-taxonomic observation.
GAZP_8,GAZP,8_1,2012,18,2,41,UN_ID_BG,unknown_sp,97.5,species,cover,0.25,m2,Bare ground; non-taxonomic observation.
GAZP_8,GAZP,8_1,2012,18,2,41,UN_ID_FD,unknown_sp,0.1,species,cover,0.25,m2,Fine debris; non-taxonomic observation.
GAZP_8,GAZP,8_1,2012,18,2,41,UN_ID_TC,unknown_sp,0.1,species,cover,0.25,m2,Total cover; non-taxonomic observation.
GAZP_8,GAZP,8_1,2012,18,2,42,UN_ID_BG,unknown_sp,97.5,species,cover,0.25,m2,Bare ground; non-taxonomic observation.
GAZP_8,GAZP,8_1,2012,18,2,42,UN_ID_FD,unknown_sp,0.1,species,cover,0.25,m2,Fine debris; non-taxonomic observation.
GAZP_8,GAZP,8_1,2012,18,2,42,UN_ID_TC,unknown_sp,0.1,species,cover,0.25,m2,Total cover; non-taxonomic observation.
GAZP_8,GAZP,8_1,2012,18,2,43,UN_ID_BG,unknown_sp,97.5,species,cover,0.25,m2,Bare ground; non-taxonomic observation.
GAZP_8,GAZP,8_1,2012,18,2,43,UN_ID_FD,unknown_sp,0.1,species,cover,0.25,m2,Fine debris; non-taxonomic observation.
GAZP_8,GAZP,8_1,2012,18,2,43,UN_ID_TC,unknown_sp,0.1,species,cover,0.25,m2,Total cover; non-taxonomic observation.
GAZP_8,GAZP,8_1,2012,18,2,44,UN_ID_BG,unknown_sp,97.5,species,cover,0.25,m2,Bare ground; non-taxonomic observation.
GAZP_8,GAZP,8_1,2012,18,2,44,UN_ID_FD,unknown_sp,0.1,species,cover,0.25,m2,Fine debris; non-taxonomic observation.
GAZP_8,GAZP,8_1,2012,18,2,44,UN_ID_TC,unknown_sp,0.1,species,cover,0.25,m2,Total cover; non-taxonomic observation.
GAZP_8,GAZP,8_1,2012,18,2,45,UN_ID_BG,unknown_sp,97.5,species,cover,0.25,m2,Bare ground; non-taxonomic observation.
GAZP_8,GAZP,8_1,2012,18,2,45,UN_ID_FD,unknown_sp,0.1,species,cover,0.25,m2,Fine debris; non-taxonomic observation.
GAZP_8,GAZP,8_1,2012,18,2,45,UN_ID_TC,unknown_sp,0.1,species,cover,0.25,m2,Total cover; non-taxonomic observation.
GAZP_8,GAZP,8_1,2012,18,2,46,UN_ID_BG,unknown_sp,97.5,species,cover,0.25,m2,Bare ground; non-taxonomic observation.
GAZP_8,GAZP,8_1,2012,18,2,46,UN_ID_FD,unknown_sp,0.1,species,cover,0.25,m2,Fine debris; non-taxonomic observation.
GAZP_8,GAZP,8_1,2012,18,2,46,UN_ID_TC,unknown_sp,0.1,species,cover,0.25,m2,Total cover; non-taxonomic observation.
GAZP_8,GAZP,8_1,2012,18,2,47,UN_ID_BG,unknown_sp,97.5,species,cover,0.25,m2,Bare ground; non-taxonomic observation.
GAZP_8,GAZP,8_1,2012,18,2,47,UN_ID_FD,unknown_sp,0.1,species,cover,0.25,m2,Fine debris; non-taxonomic observation.
GAZP_8,GAZP,8_1,2012,18,2,47,UN_ID_TC,unknown_sp,0.1,species,cover,0.25,m2,Total cover; non-taxonomic observation.
GAZP_8,GAZP,8_1,2012,18,2,48,UN_ID_BG,unknown_sp,97.5,species,cover,0.25,m2,Bare ground; non-taxonomic observation.
GAZP_8,GAZP,8_1,2012,18,2,48,UN_ID_FD,unknown_sp,0.1,species,cover,0.25,m2,Fine debris; non-taxonomic observation.
GAZP_8,GAZP,8_1,2012,18,2,48,UN_ID_TC,unknown_sp,0.1,species,cover,0.25,m2,Total cover; non-taxonomic observation.
GAZP_8,GAZP,8_1,2012,18,2,49,UN_ID_BG,unknown_sp,97.5,species,cover,0.25,m2,Bare ground; non-taxonomic observation.
GAZP_8,GAZP,8_1,2012,18,2,49,UN_ID_FD,unknown_sp,0.1,species,cover,0.25,m2,Fine debris; non-taxonomic observation.
GAZP_8,GAZP,8_1,2012,18,2,49,UN_ID_TC,unknown_sp,0.1,species,cover,0.25,m2,Total cover; non-taxonomic observation.
GAZP_8,GAZP,8_1,2012,18,1,5,UN_ID_BG,unknown_sp,97.5,species,cover,0.25,m2,Bare ground; non-taxonomic observation.
GAZP_8,GAZP,8_1,2012,18,1,5,UN_ID_FD,unknown_sp,0.1,species,cover,0.25,m2,Fine debris; non-taxonomic observation.
GAZP_8,GAZP,8_1,2012,18,1,5,UN_ID_TC,unknown_sp,0.1,species,cover,0.25,m2,Total cover; non-taxonomic observation.
GAZP_8,GAZP,8_1,2012,18,2,50,UN_ID_BG,unknown_sp,97.5,species,cover,0.25,m2,Bare ground; non-taxonomic observation.
GAZP_8,GAZP,8_1,2012,18,2,50,UN_ID_FD,unknown_sp,0.1,species,cover,0.25,m2,Fine debris; non-taxonomic observation.
GAZP_8,GAZP,8_1,2012,18,2,50,UN_ID_TC,unknown_sp,0.1,species,cover,0.25,m2,Total cover; non-taxonomic observation.
GAZP_8,GAZP,8_1,2012,18,2,51,UN_ID_BG,unknown_sp,97.5,species,cover,0.25,m2,Bare ground; non-taxonomic observation.
GAZP_8,GAZP,8_1,2012,18,2,51,UN_ID_FD,unknown_sp,0.1,species,cover,0.25,m2,Fine debris; non-taxonomic observation.
GAZP_8,GAZP,8_1,2012,18,2,51,UN_ID_TC,unknown_sp,0.1,species,cover,0.25,m2,Total cover; non-taxonomic observation.
GAZP_8,GAZP,8_1,2012,18,2,52,UN_ID_BG,unknown_sp,97.5,species,cover,0.25,m2,Bare ground; non-taxonomic observation.
GAZP_8,GAZP,8_1,2012,18,2,52,UN_ID_FD,unknown_sp,0.1,species,cover,0.25,m2,Fine debris; non-taxonomic observation.
GAZP_8,GAZP,8_1,2012,18,2,52,UN_ID_TC,unknown_sp,0.1,species,cover,0.25,m2,Total cover; non-taxonomic observation.
GAZP_8,GAZP,8_1,2012,18,2,53,UN_ID_BG,unknown_sp,97.5,species,cover,0.25,m2,Bare ground; non-taxonomic observation.
GAZP_8,GAZP,8_1,2012,18,2,53,UN_ID_FD,unknown_sp,0.1,species,cover,0.25,m2,Fine debris; non-taxonomic observation.
GAZP_8,GAZP,8_1,2012,18,2,53,UN_ID_TC,unknown_sp,0.1,species,cover,0.25,m2,Total cover; non-taxonomic observation.
GAZP_8,GAZP,8_1,2012,18,2,54,UN_ID_BG,unknown_sp,97.5,species,cover,0.25,m2,Bare ground; non-taxonomic observation.
GAZP_8,GAZP,8_1,2012,18,2,54,UN_ID_FD,unknown_sp,0.1,species,cover,0.25,m2,Fine debris; non-taxonomic observation.
GAZP_8,GAZP,8_1,2012,18,2,54,UN_ID_TC,unknown_sp,0.1,species,cover,0.25,m2,Total cover; non-taxonomic observation.
GAZP_8,GAZP,8_1,2012,18,2,55,UN_ID_BG,unknown_sp,97.5,species,cover,0.25,m2,Bare ground; non-taxonomic observation.
GAZP_8,GAZP,8_1,2012,18,2,55,UN_ID_FD,unknown_sp,0.1,species,cover,0.25,m2,Fine debris; non-taxonomic observation.
GAZP_8,GAZP,8_1,2012,18,2,55,UN_ID_TC,unknown_sp,0.1,species,cover,0.25,m2,Total cover; non-taxonomic observation.
GAZP_8,GAZP,8_1,2012,18,2,56,UN_ID_BG,unknown_sp,97.5,species,cover,0.25,m2,Bare ground; non-taxonomic observation.
GAZP_8,GAZP,8_1,2012,18,2,56,UN_ID_FD,unknown_sp,0.1,species,cover,0.25,m2,Fine debris; non-taxonomic observation.
GAZP_8,GAZP,8_1,2012,18,2,56,UN_ID_TC,unknown_sp,0.1,species,cover,0.25,m2,Total cover; non-taxonomic observation.
GAZP_8,GAZP,8_1,2012,18,2,57,UN_ID_BG,unknown_sp,97.5,species,cover,0.25,m2,Bare ground; non-taxonomic observation.
GAZP_8,GAZP,8_1,2012,18,2,57,UN_ID_FD,unknown_sp,0.1,species,cover,0.25,m2,Fine debris; non-taxonomic observation.
GAZP_8,GAZP,8_1,2012,18,2,57,UN_ID_TC,unknown_sp,0.1,species,cover,0.25,m2,Total cover; non-taxonomic observation.
GAZP_8,GAZP,8_1,2012,18,2,58,UN_ID_BG,unknown_sp,97.5,species,cover,0.25,m2,Bare ground; non-taxonomic observation.
GAZP_8,GAZP,8_1,2012,18,2,58,UN_ID_FD,unknown_sp,0.1,species,cover,0.25,m2,Fine debris; non-taxonomic observation.
GAZP_8,GAZP,8_1,2012,18,2,58,UN_ID_TC,unknown_sp,0.1,species,cover,0.25,m2,Total cover; non-taxonomic observation.
GAZP_8,GAZP,8_1,2012,18,2,59,UN_ID_BG,unknown_sp,97.5,species,cover,0.25,m2,Bare ground; non-taxonomic observation.
GAZP_8,GAZP,8_1,2012,18,2,59,UN_ID_FD,unknown_sp,0.1,species,cover,0.25,m2,Fine debris; non-taxonomic observation.
GAZP_8,GAZP,8_1,2012,18,2,59,UN_ID_TC,unknown_sp,0.1,species,cover,0.25,m2,Total cover; non-taxonomic observation.
GAZP_8,GAZP,8_1,2012,18,1,6,UN_ID_BG,unknown_sp,97.5,species,cover,0.25,m2,Bare ground; non-taxonomic observation.
GAZP_8,GAZP,8_1,2012,18,1,6,UN_ID_FD,unknown_sp,0.1,species,cover,0.25,m2,Fine debris; non-taxonomic observation.
GAZP_8,GAZP,8_1,2012,18,1,6,UN_ID_TC,unknown_sp,0.1,species,cover,0.25,m2,Total cover; non-taxonomic observation.
GAZP_8,GAZP,8_1,2012,18,2,60,UN_ID_BG,unknown_sp,97.5,species,cover,0.25,m2,Bare ground; non-taxonomic observation.
GAZP_8,GAZP,8_1,2012,18,2,60,UN_ID_FD,unknown_sp,0.1,species,cover,0.25,m2,Fine debris; non-taxonomic observation.
GAZP_8,GAZP,8_1,2012,18,2,60,UN_ID_TC,unknown_sp,0.1,species,cover,0.25,m2,Total cover; non-taxonomic observation.
GAZP_8,GAZP,8_1,2012,18,2,61,UN_ID_BG,unknown_sp,97.5,species,cover,0.25,m2,Bare ground; non-taxonomic observation.
GAZP_8,GAZP,8_1,2012,18,2,61,UN_ID_FD,unknown_sp,0.1,species,cover,0.25,m2,Fine debris; non-taxonomic observation.
GAZP_8,GAZP,8_1,2012,18,2,61,UN_ID_TC,unknown_sp,0.1,species,cover,0.25,m2,Total cover; non-taxonomic observation.
GAZP_8,GAZP,8_1,2012,18,2,62,UN_ID_BG,unknown_sp,97.5,species,cover,0.25,m2,Bare ground; non-taxonomic observation.
GAZP_8,GAZP,8_1,2012,18,2,62,UN_ID_FD,unknown_sp,0.1,species,cover,0.25,m2,Fine debris; non-taxonomic observation.
GAZP_8,GAZP,8_1,2012,18,2,62,UN_ID_TC,unknown_sp,0.1,species,cover,0.25,m2,Total cover; non-taxonomic observation.
GAZP_8,GAZP,8_1,2012,18,2,63,UN_ID_BG,unknown_sp,97.5,species,cover,0.25,m2,Bare ground; non-taxonomic observation.
GAZP_8,GAZP,8_1,2012,18,2,63,UN_ID_FD,unknown_sp,0.1,species,cover,0.25,m2,Fine debris; non-taxonomic observation.
GAZP_8,GAZP,8_1,2012,18,2,63,UN_ID_TC,unknown_sp,0.1,species,cover,0.25,m2,Total cover; non-taxonomic observation.
GAZP_8,GAZP,8_1,2012,18,2,64,UN_ID_BG,unknown_sp,97.5,species,cover,0.25,m2,Bare ground; non-taxonomic observation.
GAZP_8,GAZP,8_1,2012,18,2,64,UN_ID_FD,unknown_sp,0.1,species,cover,0.25,m2,Fine debris; non-taxonomic observation.
GAZP_8,GAZP,8_1,2012,18,2,64,UN_ID_TC,unknown_sp,0.1,species,cover,0.25,m2,Total cover; non-taxonomic observation.
GAZP_8,GAZP,8_1,2012,18,2,65,UN_ID_BG,unknown_sp,97.5,species,cover,0.25,m2,Bare ground; non-taxonomic observation.
GAZP_8,GAZP,8_1,2012,18,2,65,UN_ID_FD,unknown_sp,0.1,species,cover,0.25,m2,Fine debris; non-taxonomic observation.
GAZP_8,GAZP,8_1,2012,18,2,65,UN_ID_TC,unknown_sp,0.1,species,cover,0.25,m2,Total cover; non-taxonomic observation.
GAZP_8,GAZP,8_1,2012,18,2,66,UN_ID_BG,unknown_sp,97.5,species,cover,0.25,m2,Bare ground; non-taxonomic observation.
GAZP_8,GAZP,8_1,2012,18,2,66,UN_ID_FD,unknown_sp,0.1,species,cover,0.25,m2,Fine debris; non-taxonomic observation.
GAZP_8,GAZP,8_1,2012,18,2,66,UN_ID_TC,unknown_sp,0.1,species,cover,0.25,m2,Total cover; non-taxonomic observation.
GAZP_8,GAZP,8_1,2012,18,2,67,UN_ID_BG,unknown_sp,97.5,species,cover,0.25,m2,Bare ground; non-taxonomic observation.
GAZP_8,GAZP,8_1,2012,18,2,67,UN_ID_FD,unknown_sp,0.1,species,cover,0.25,m2,Fine debris; non-taxonomic observation.
GAZP_8,GAZP,8_1,2012,18,2,67,UN_ID_TC,unknown_sp,0.1,species,cover,0.25,m2,Total cover; non-taxonomic observation.
GAZP_8,GAZP,8_1,2012,18,2,68,UN_ID_BG,unknown_sp,97.5,species,cover,0.25,m2,Bare ground; non-taxonomic observation.
GAZP_8,GAZP,8_1,2012,18,2,68,UN_ID_FD,unknown_sp,0.1,species,cover,0.25,m2,Fine debris; non-taxonomic observation.
GAZP_8,GAZP,8_1,2012,18,2,68,UN_ID_TC,unknown_sp,0.1,species,cover,0.25,m2,Total cover; non-taxonomic observation.
GAZP_8,GAZP,8_1,2012,18,2,69,UN_ID_BG,unknown_sp,97.5,species,cover,0.25,m2,Bare ground; non-taxonomic observation.
GAZP_8,GAZP,8_1,2012,18,2,69,UN_ID_FD,unknown_sp,0.1,species,cover,0.25,m2,Fine debris; non-taxonomic observation.
GAZP_8,GAZP,8_1,2012,18,2,69,UN_ID_TC,unknown_sp,0.1,species,cover,0.25,m2,Total cover; non-taxonomic observation.
GAZP_8,GAZP,8_1,2012,18,1,7,UN_ID_BG,unknown_sp,97.5,species,cover,0.25,m2,Bare ground; non-taxonomic observation.
GAZP_8,GAZP,8_1,2012,18,1,7,UN_ID_FD,unknown_sp,0.1,species,cover,0.25,m2,Fine debris; non-taxonomic observation.
GAZP_8,GAZP,8_1,2012,18,1,7,UN_ID_TC,unknown_sp,0.1,species,cover,0.25,m2,Total cover; non-taxonomic observation.
GAZP_8,GAZP,8_1,2012,18,2,70,UN_ID_BG,unknown_sp,97.5,species,cover,0.25,m2,Bare ground; non-taxonomic observation.
GAZP_8,GAZP,8_1,2012,18,2,70,UN_ID_FD,unknown_sp,0.1,species,cover,0.25,m2,Fine debris; non-taxonomic observation.
GAZP_8,GAZP,8_1,2012,18,2,70,UN_ID_TC,unknown_sp,0.1,species,cover,0.25,m2,Total cover; non-taxonomic observation.
GAZP_8,GAZP,8_1,2012,18,2,71,UN_ID_BG,unknown_sp,85,species,cover,0.25,m2,Bare ground; non-taxonomic observation.
GAZP_8,GAZP,8_1,2012,18,2,71,UN_ID_CD,unknown_sp,0.5,species,cover,0.25,m2,Meaning could not be determined from the source data.
GAZP_8,GAZP,8_1,2012,18,2,71,UN_ID_FD,unknown_sp,0.1,species,cover,0.25,m2,Fine debris; non-taxonomic observation.
GAZP_8,GAZP,8_1,2012,18,2,71,UN_ID_TC,unknown_sp,0.5,species,cover,0.25,m2,Total cover; non-taxonomic observation.
GAZP_8,GAZP,8_1,2012,18,2,72,UN_ID_BG,unknown_sp,97.5,species,cover,0.25,m2,Bare ground; non-taxonomic observation.
GAZP_8,GAZP,8_1,2012,18,2,72,UN_ID_FD,unknown_sp,0.1,species,cover,0.25,m2,Fine debris; non-taxonomic observation.
GAZP_8,GAZP,8_1,2012,18,2,72,UN_ID_TC,unknown_sp,0.1,species,cover,0.25,m2,Total cover; non-taxonomic observation.
GAZP_8,GAZP,8_1,2012,18,2,73,UN_ID_BG,unknown_sp,97.5,species,cover,0.25,m2,Bare ground; non-taxonomic observation.
GAZP_8,GAZP,8_1,2012,18,2,73,UN_ID_FD,unknown_sp,0.1,species,cover,0.25,m2,Fine debris; non-taxonomic observation.
GAZP_8,GAZP,8_1,2012,18,2,73,UN_ID_TC,unknown_sp,0.1,species,cover,0.25,m2,Total cover; non-taxonomic observation.
GAZP_8,GAZP,8_1,2012,18,2,74,UN_ID_BG,unknown_sp,97.5,species,cover,0.25,m2,Bare ground; non-taxonomic observation.
GAZP_8,GAZP,8_1,2012,18,2,74,UN_ID_FD,unknown_sp,0.1,species,cover,0.25,m2,Fine debris; non-taxonomic observation.
GAZP_8,GAZP,8_1,2012,18,2,74,UN_ID_TC,unknown_sp,0.1,species,cover,0.25,m2,Total cover; non-taxonomic observation.
GAZP_8,GAZP,8_1,2012,18,2,75,UN_ID_BG,unknown_sp,97.5,species,cover,0.25,m2,Bare ground; non-taxonomic observation.
GAZP_8,GAZP,8_1,2012,18,2,75,UN_ID_FD,unknown_sp,0.1,species,cover,0.25,m2,Fine debris; non-taxonomic observation.
GAZP_8,GAZP,8_1,2012,18,2,75,UN_ID_TC,unknown_sp,0.1,species,cover,0.25,m2,Total cover; non-taxonomic observation.
GAZP_8,GAZP,8_1,2012,18,2,76,UN_ID_BG,unknown_sp,97.5,species,cover,0.25,m2,Bare ground; non-taxonomic observation.
GAZP_8,GAZP,8_1,2012,18,2,76,UN_ID_FD,unknown_sp,0.1,species,cover,0.25,m2,Fine debris; non-taxonomic observation.
GAZP_8,GAZP,8_1,2012,18,2,76,UN_ID_TC,unknown_sp,0.1,species,cover,0.25,m2,Total cover; non-taxonomic observation.
GAZP_8,GAZP,8_1,2012,18,2,77,UN_ID_BG,unknown_sp,97.5,species,cover,0.25,m2,Bare ground; non-taxonomic observation.
GAZP_8,GAZP,8_1,2012,18,2,77,UN_ID_FD,unknown_sp,0.1,species,cover,0.25,m2,Fine debris; non-taxonomic observation.
GAZP_8,GAZP,8_1,2012,18,2,77,UN_ID_TC,unknown_sp,0.1,species,cover,0.25,m2,Total cover; non-taxonomic observation.
GAZP_8,GAZP,8_1,2012,18,2,78,UN_ID_BG,unknown_sp,97.5,species,cover,0.25,m2,Bare ground; non-taxonomic observation.
GAZP_8,GAZP,8_1,2012,18,2,78,UN_ID_FD,unknown_sp,0.1,species,cover,0.25,m2,Fine debris; non-taxonomic observation.
GAZP_8,GAZP,8_1,2012,18,2,78,UN_ID_TC,unknown_sp,0.1,species,cover,0.25,m2,Total cover; non-taxonomic observation.
GAZP_8,GAZP,8_1,2012,18,2,79,UN_ID_BG,unknown_sp,97.5,species,cover,0.25,m2,Bare ground; non-taxonomic observation.
GAZP_8,GAZP,8_1,2012,18,2,79,UN_ID_FD,unknown_sp,0.1,species,cover,0.25,m2,Fine debris; non-taxonomic observation.
GAZP_8,GAZP,8_1,2012,18,2,79,UN_ID_TC,unknown_sp,0.1,species,cover,0.25,m2,Total cover; non-taxonomic observation.
GAZP_8,GAZP,8_1,2012,18,1,8,UN_ID_BG,unknown_sp,97.5,species,cover,0.25,m2,Bare ground; non-taxonomic observation.
GAZP_8,GAZP,8_1,2012,18,1,8,UN_ID_FD,unknown_sp,0.1,species,cover,0.25,m2,Fine debris; non-taxonomic observation.
GAZP_8,GAZP,8_1,2012,18,1,8,UN_ID_TC,unknown_sp,0.1,species,cover,0.25,m2,Total cover; non-taxonomic observation.
GAZP_8,GAZP,8_1,2012,18,2,80,UN_ID_BG,unknown_sp,97.5,species,cover,0.25,m2,Bare ground; non-taxonomic observation.
GAZP_8,GAZP,8_1,2012,18,2,80,UN_ID_FD,unknown_sp,0.1,species,cover,0.25,m2,Fine debris; non-taxonomic observation.
GAZP_8,GAZP,8_1,2012,18,2,80,UN_ID_TC,unknown_sp,0.1,species,cover,0.25,m2,Total cover; non-taxonomic observation.
GAZP_8,GAZP,8_1,2012,18,3,81,UN_ID_BG,unknown_sp,97.5,species,cover,0.25,m2,Bare ground; non-taxonomic observation.
GAZP_8,GAZP,8_1,2012,18,3,81,UN_ID_FD,unknown_sp,0.1,species,cover,0.25,m2,Fine debris; non-taxonomic observation.
GAZP_8,GAZP,8_1,2012,18,3,82,UN_ID_BG,unknown_sp,97.5,species,cover,0.25,m2,Bare ground; non-taxonomic observation.
GAZP_8,GAZP,8_1,2012,18,3,82,UN_ID_FD,unknown_sp,0.1,species,cover,0.25,m2,Fine debris; non-taxonomic observation.
GAZP_8,GAZP,8_1,2012,18,3,83,UN_ID_BG,unknown_sp,97.5,species,cover,0.25,m2,Bare ground; non-taxonomic observation.
GAZP_8,GAZP,8_1,2012,18,3,83,UN_ID_CD,unknown_sp,0.1,species,cover,0.25,m2,Meaning could not be determined from the source data.
GAZP_8,GAZP,8_1,2012,18,3,83,UN_ID_FD,unknown_sp,0.1,species,cover,0.25,m2,Fine debris; non-taxonomic observation.
GAZP_8,GAZP,8_1,2012,18,3,84,UN_ID_BG,unknown_sp,97.5,species,cover,0.25,m2,Bare ground; non-taxonomic observation.
GAZP_8,GAZP,8_1,2012,18,3,84,UN_ID_CD,unknown_sp,0.1,species,cover,0.25,m2,Meaning could not be determined from the source data.
GAZP_8,GAZP,8_1,2012,18,3,84,UN_ID_FD,unknown_sp,0.1,species,cover,0.25,m2,Fine debris; non-taxonomic observation.
GAZP_8,GAZP,8_1,2012,18,3,85,UN_ID_BG,unknown_sp,97.5,species,cover,0.25,m2,Bare ground; non-taxonomic observation.
GAZP_8,GAZP,8_1,2012,18,3,85,UN_ID_FD,unknown_sp,0.1,species,cover,0.25,m2,Fine debris; non-taxonomic observation.
GAZP_8,GAZP,8_1,2012,18,3,86,UN_ID_BG,unknown_sp,97.5,species,cover,0.25,m2,Bare ground; non-taxonomic observation.
GAZP_8,GAZP,8_1,2012,18,3,86,UN_ID_FD,unknown_sp,0.1,species,cover,0.25,m2,Fine debris; non-taxonomic observation.
GAZP_8,GAZP,8_1,2012,18,3,87,UN_ID_BG,unknown_sp,97.5,species,cover,0.25,m2,Bare ground; non-taxonomic observation.
GAZP_8,GAZP,8_1,2012,18,3,87,UN_ID_FD,unknown_sp,0.1,species,cover,0.25,m2,Fine debris; non-taxonomic observation.
GAZP_8,GAZP,8_1,2012,18,3,88,UN_ID_BG,unknown_sp,97.5,species,cover,0.25,m2,Bare ground; non-taxonomic observation.
GAZP_8,GAZP,8_1,2012,18,3,88,UN_ID_FD,unknown_sp,0.1,species,cover,0.25,m2,Fine debris; non-taxonomic observation.
GAZP_8,GAZP,8_1,2012,18,3,89,UN_ID_BG,unknown_sp,97.5,species,cover,0.25,m2,Bare ground; non-taxonomic observation.
GAZP_8,GAZP,8_1,2012,18,3,89,UN_ID_FD,unknown_sp,0.1,species,cover,0.25,m2,Fine debris; non-taxonomic observation.
GAZP_8,GAZP,8_1,2012,18,1,9,UN_ID_BG,unknown_sp,97.5,species,cover,0.25,m2,Bare ground; non-taxonomic observation.
GAZP_8,GAZP,8_1,2012,18,1,9,UN_ID_FD,unknown_sp,0.1,species,cover,0.25,m2,Fine debris; non-taxonomic observation.
GAZP_8,GAZP,8_1,2012,18,1,9,UN_ID_TC,unknown_sp,0.1,species,cover,0.25,m2,Total cover; non-taxonomic observation.
GAZP_8,GAZP,8_1,2012,18,3,90,UN_ID_BG,unknown_sp,97.5,species,cover,0.25,m2,Bare ground; non-taxonomic observation.
GAZP_8,GAZP,8_1,2012,18,3,90,UN_ID_CD,unknown_sp,0.1,species,cover,0.25,m2,Meaning could not be determined from the source data.
GAZP_8,GAZP,8_1,2012,18,3,90,UN_ID_FD,unknown_sp,0.1,species,cover,0.25,m2,Fine debris; non-taxonomic observation.
GAZP_8,GAZP,8_1,2012,18,3,91,UN_ID_BG,unknown_sp,97.5,species,cover,0.25,m2,Bare ground; non-taxonomic observation.
GAZP_8,GAZP,8_1,2012,18,3,91,UN_ID_CD,unknown_sp,0.1,species,cover,0.25,m2,Meaning could not be determined from the source data.
GAZP_8,GAZP,8_1,2012,18,3,91,UN_ID_FD,unknown_sp,0.1,species,cover,0.25,m2,Fine debris; non-taxonomic observation.
GAZP_8,GAZP,8_1,2012,18,3,92,UN_ID_BG,unknown_sp,97.5,species,cover,0.25,m2,Bare ground; non-taxonomic observation.
GAZP_8,GAZP,8_1,2012,18,3,92,UN_ID_FD,unknown_sp,0.1,species,cover,0.25,m2,Fine debris; non-taxonomic observation.
GAZP_8,GAZP,8_1,2012,18,3,93,UN_ID_BG,unknown_sp,97.5,species,cover,0.25,m2,Bare ground; non-taxonomic observation.
GAZP_8,GAZP,8_1,2012,18,3,93,UN_ID_FD,unknown_sp,0.1,species,cover,0.25,m2,Fine debris; non-taxonomic observation.
GAZP_8,GAZP,8_1,2012,18,3,94,UN_ID_BG,unknown_sp,97.5,species,cover,0.25,m2,Bare ground; non-taxonomic observation.
GAZP_8,GAZP,8_1,2012,18,3,94,UN_ID_FD,unknown_sp,0.1,species,cover,0.25,m2,Fine debris; non-taxonomic observation.
GAZP_8,GAZP,8_1,2012,18,3,95,UN_ID_BG,unknown_sp,97.5,species,cover,0.25,m2,Bare ground; non-taxonomic observation.
GAZP_8,GAZP,8_1,2012,18,3,95,UN_ID_FD,unknown_sp,0.1,species,cover,0.25,m2,Fine debris; non-taxonomic observation.
GAZP_8,GAZP,8_1,2012,18,3,96,UN_ID_BG,unknown_sp,97.5,species,cover,0.25,m2,Bare ground; non-taxonomic observation.
GAZP_8,GAZP,8_1,2012,18,3,96,UN_ID_CD,unknown_sp,0.1,species,cover,0.25,m2,Meaning could not be determined from the source data.
GAZP_8,GAZP,8_1,2012,18,3,96,UN_ID_FD,unknown_sp,0.1,species,cover,0.25,m2,Fine debris; non-taxonomic observation.
GAZP_8,GAZP,8_1,2012,18,3,97,UN_ID_BG,unknown_sp,97.5,species,cover,0.25,m2,Bare ground; non-taxonomic observation.
GAZP_8,GAZP,8_1,2012,18,3,97,UN_ID_CD,unknown_sp,0.1,species,cover,0.25,m2,Meaning could not be determined from the source data.
GAZP_8,GAZP,8_1,2012,18,3,97,UN_ID_FD,unknown_sp,0.1,species,cover,0.25,m2,Fine debris; non-taxonomic observation.
GAZP_8,GAZP,8_1,2012,18,3,98,UN_ID_BG,unknown_sp,97.5,species,cover,0.25,m2,Bare ground; non-taxonomic observation.
GAZP_8,GAZP,8_1,2012,18,3,98,UN_ID_CD,unknown_sp,0.1,species,cover,0.25,m2,Meaning could not be determined from the source data.
GAZP_8,GAZP,8_1,2012,18,3,98,UN_ID_FD,unknown_sp,0.1,species,cover,0.25,m2,Fine debris; non-taxonomic observation.
GAZP_8,GAZP,8_1,2012,18,3,99,UN_ID_BG,unknown_sp,97.5,species,cover,0.25,m2,Bare ground; non-taxonomic observation.
GAZP_8,GAZP,8_1,2012,18,3,99,UN_ID_FD,unknown_sp,0.1,species,cover,0.25,m2,Fine debris; non-taxonomic observation.
GAZP_8,GAZP,8_1,2013,77,1,1,UN_ID_BG,unknown_sp,62.5,species,cover,0.25,m2,Bare ground; non-taxonomic observation.
GAZP_8,GAZP,8_1,2013,77,1,1,UN_ID_FD,unknown_sp,0.5,species,cover,0.25,m2,Fine debris; non-taxonomic observation.
GAZP_8,GAZP,8_1,2013,77,1,10,UN_ID_BG,unknown_sp,3,species,cover,0.25,m2,Bare ground; non-taxonomic observation.
GAZP_8,GAZP,8_1,2013,77,1,10,UN_ID_FD,unknown_sp,0.5,species,cover,0.25,m2,Fine debris; non-taxonomic observation.
GAZP_8,GAZP,8_1,2013,77,3,100,UN_ID_BG,unknown_sp,97.5,species,cover,0.25,m2,Bare ground; non-taxonomic observation.
GAZP_8,GAZP,8_1,2013,77,3,100,UN_ID_CD,unknown_sp,0.1,species,cover,0.25,m2,Meaning could not be determined from the source data.
GAZP_8,GAZP,8_1,2013,77,3,100,UN_ID_FD,unknown_sp,0.1,species,cover,0.25,m2,Fine debris; non-taxonomic observation.
GAZP_8,GAZP,8_1,2013,77,3,101,UN_ID_BG,unknown_sp,85,species,cover,0.25,m2,Bare ground; non-taxonomic observation.
GAZP_8,GAZP,8_1,2013,77,3,101,UN_ID_CD,unknown_sp,0.5,species,cover,0.25,m2,Meaning could not be determined from the source data.
GAZP_8,GAZP,8_1,2013,77,3,101,UN_ID_FD,unknown_sp,0.1,species,cover,0.25,m2,Fine debris; non-taxonomic observation.
GAZP_8,GAZP,8_1,2013,77,3,102,UN_ID_BG,unknown_sp,97.5,species,cover,0.25,m2,Bare ground; non-taxonomic observation.
GAZP_8,GAZP,8_1,2013,77,3,102,UN_ID_CD,unknown_sp,0.1,species,cover,0.25,m2,Meaning could not be determined from the source data.
GAZP_8,GAZP,8_1,2013,77,3,102,UN_ID_FD,unknown_sp,0.1,species,cover,0.25,m2,Fine debris; non-taxonomic observation.
GAZP_8,GAZP,8_1,2013,77,3,103,UN_ID_BG,unknown_sp,85,species,cover,0.25,m2,Bare ground; non-taxonomic observation.
GAZP_8,GAZP,8_1,2013,77,3,103,UN_ID_CD,unknown_sp,0.5,species,cover,0.25,m2,Meaning could not be determined from the source data.
GAZP_8,GAZP,8_1,2013,77,3,103,UN_ID_FD,unknown_sp,0.1,species,cover,0.25,m2,Fine debris; non-taxonomic observation.
GAZP_8,GAZP,8_1,2013,77,3,104,UN_ID_BG,unknown_sp,85,species,cover,0.25,m2,Bare ground; non-taxonomic observation.
GAZP_8,GAZP,8_1,2013,77,3,104,UN_ID_FD,unknown_sp,0.1,species,cover,0.25,m2,Fine debris; non-taxonomic observation.
GAZP_8,GAZP,8_1,2013,77,3,105,UN_ID_BG,unknown_sp,85,species,cover,0.25,m2,Bare ground; non-taxonomic observation.
GAZP_8,GAZP,8_1,2013,77,3,105,UN_ID_CD,unknown_sp,0.1,species,cover,0.25,m2,Meaning could not be determined from the source data.
GAZP_8,GAZP,8_1,2013,77,3,105,UN_ID_FD,unknown_sp,0.1,species,cover,0.25,m2,Fine debris; non-taxonomic observation.
GAZP_8,GAZP,8_1,2013,77,3,106,UN_ID_BG,unknown_sp,97.5,species,cover,0.25,m2,Bare ground; non-taxonomic observation.
GAZP_8,GAZP,8_1,2013,77,3,106,UN_ID_FD,unknown_sp,0.1,species,cover,0.25,m2,Fine debris; non-taxonomic observation.
GAZP_8,GAZP,8_1,2013,77,3,107,UN_ID_BG,unknown_sp,97.5,species,cover,0.25,m2,Bare ground; non-taxonomic observation.
GAZP_8,GAZP,8_1,2013,77,3,107,UN_ID_CD,unknown_sp,0.1,species,cover,0.25,m2,Meaning could not be determined from the source data.
GAZP_8,GAZP,8_1,2013,77,3,107,UN_ID_FD,unknown_sp,0.1,species,cover,0.25,m2,Fine debris; non-taxonomic observation.
GAZP_8,GAZP,8_1,2013,77,3,108,UN_ID_BG,unknown_sp,85,species,cover,0.25,m2,Bare ground; non-taxonomic observation.
GAZP_8,GAZP,8_1,2013,77,3,108,UN_ID_CD,unknown_sp,0.5,species,cover,0.25,m2,Meaning could not be determined from the source data.
GAZP_8,GAZP,8_1,2013,77,3,108,UN_ID_FD,unknown_sp,0.1,species,cover,0.25,m2,Fine debris; non-taxonomic observation.
GAZP_8,GAZP,8_1,2013,77,3,109,UN_ID_BG,unknown_sp,97.5,species,cover,0.25,m2,Bare ground; non-taxonomic observation.
GAZP_8,GAZP,8_1,2013,77,3,109,UN_ID_FD,unknown_sp,0.1,species,cover,0.25,m2,Fine debris; non-taxonomic observation.
GAZP_8,GAZP,8_1,2013,77,1,11,UN_ID_BG,unknown_sp,37.5,species,cover,0.25,m2,Bare ground; non-taxonomic observation.
GAZP_8,GAZP,8_1,2013,77,1,11,UN_ID_FD,unknown_sp,0.5,species,cover,0.25,m2,Fine debris; non-taxonomic observation.
GAZP_8,GAZP,8_1,2013,77,3,110,UN_ID_BG,unknown_sp,97.5,species,cover,0.25,m2,Bare ground; non-taxonomic observation.
GAZP_8,GAZP,8_1,2013,77,3,110,UN_ID_FD,unknown_sp,0.1,species,cover,0.25,m2,Fine debris; non-taxonomic observation.
GAZP_8,GAZP,8_1,2013,77,3,111,UN_ID_BG,unknown_sp,85,species,cover,0.25,m2,Bare ground; non-taxonomic observation.
GAZP_8,GAZP,8_1,2013,77,3,111,UN_ID_CD,unknown_sp,0.5,species,cover,0.25,m2,Meaning could not be determined from the source data.
GAZP_8,GAZP,8_1,2013,77,3,111,UN_ID_FD,unknown_sp,0.1,species,cover,0.25,m2,Fine debris; non-taxonomic observation.
GAZP_8,GAZP,8_1,2013,77,3,112,UN_ID_BG,unknown_sp,85,species,cover,0.25,m2,Bare ground; non-taxonomic observation.
GAZP_8,GAZP,8_1,2013,77,3,112,UN_ID_CD,unknown_sp,0.5,species,cover,0.25,m2,Meaning could not be determined from the source data.
GAZP_8,GAZP,8_1,2013,77,3,112,UN_ID_FD,unknown_sp,0.1,species,cover,0.25,m2,Fine debris; non-taxonomic observation.
GAZP_8,GAZP,8_1,2013,77,3,113,UN_ID_BG,unknown_sp,85,species,cover,0.25,m2,Bare ground; non-taxonomic observation.
GAZP_8,GAZP,8_1,2013,77,3,113,UN_ID_FD,unknown_sp,0.1,species,cover,0.25,m2,Fine debris; non-taxonomic observation.
GAZP_8,GAZP,8_1,2013,77,3,114,UN_ID_BG,unknown_sp,97.5,species,cover,0.25,m2,Bare ground; non-taxonomic observation.
GAZP_8,GAZP,8_1,2013,77,3,114,UN_ID_FD,unknown_sp,0.1,species,cover,0.25,m2,Fine debris; non-taxonomic observation.
GAZP_8,GAZP,8_1,2013,77,3,115,UN_ID_BG,unknown_sp,97.5,species,cover,0.25,m2,Bare ground; non-taxonomic observation.
GAZP_8,GAZP,8_1,2013,77,3,115,UN_ID_FD,unknown_sp,0.1,species,cover,0.25,m2,Fine debris; non-taxonomic observation.
GAZP_8,GAZP,8_1,2013,77,3,116,UN_ID_BG,unknown_sp,97.5,species,cover,0.25,m2,Bare ground; non-taxonomic observation.
GAZP_8,GAZP,8_1,2013,77,3,116,UN_ID_FD,unknown_sp,0.1,species,cover,0.25,m2,Fine debris; non-taxonomic observation.
GAZP_8,GAZP,8_1,2013,77,3,117,UN_ID_BG,unknown_sp,97.5,species,cover,0.25,m2,Bare ground; non-taxonomic observation.
GAZP_8,GAZP,8_1,2013,77,3,117,UN_ID_FD,unknown_sp,0.1,species,cover,0.25,m2,Fine debris; non-taxonomic observation.
GAZP_8,GAZP,8_1,2013,77,3,118,UN_ID_BG,unknown_sp,97.5,species,cover,0.25,m2,Bare ground; non-taxonomic observation.
GAZP_8,GAZP,8_1,2013,77,3,118,UN_ID_FD,unknown_sp,0.1,species,cover,0.25,m2,Fine debris; non-taxonomic observation.
GAZP_8,GAZP,8_1,2013,77,3,119,UN_ID_BG,unknown_sp,97.5,species,cover,0.25,m2,Bare ground; non-taxonomic observation.
GAZP_8,GAZP,8_1,2013,77,3,119,UN_ID_FD,unknown_sp,0.1,species,cover,0.25,m2,Fine debris; non-taxonomic observation.
GAZP_8,GAZP,8_1,2013,77,1,12,UN_ID_BG,unknown_sp,62.5,species,cover,0.25,m2,Bare ground; non-taxonomic observation.
GAZP_8,GAZP,8_1,2013,77,1,12,UN_ID_FD,unknown_sp,0.5,species,cover,0.25,m2,Fine debris; non-taxonomic observation.
GAZP_8,GAZP,8_1,2013,77,3,120,UN_ID_BG,unknown_sp,97.5,species,cover,0.25,m2,Bare ground; non-taxonomic observation.
GAZP_8,GAZP,8_1,2013,77,3,120,UN_ID_FD,unknown_sp,0.1,species,cover,0.25,m2,Fine debris; non-taxonomic observation.
GAZP_8,GAZP,8_1,2013,77,3,121,UN_ID_BG,unknown_sp,85,species,cover,0.25,m2,Bare ground; non-taxonomic observation.
GAZP_8,GAZP,8_1,2013,77,3,121,UN_ID_CD,unknown_sp,0.1,species,cover,0.25,m2,Meaning could not be determined from the source data.
GAZP_8,GAZP,8_1,2013,77,3,121,UN_ID_FD,unknown_sp,0.1,species,cover,0.25,m2,Fine debris; non-taxonomic observation.
GAZP_8,GAZP,8_1,2013,77,3,122,UN_ID_BG,unknown_sp,85,species,cover,0.25,m2,Bare ground; non-taxonomic observation.
GAZP_8,GAZP,8_1,2013,77,3,122,UN_ID_CD,unknown_sp,0.1,species,cover,0.25,m2,Meaning could not be determined from the source data.
GAZP_8,GAZP,8_1,2013,77,3,122,UN_ID_FD,unknown_sp,0.1,species,cover,0.25,m2,Fine debris; non-taxonomic observation.
GAZP_8,GAZP,8_1,2013,77,3,123,UN_ID_BG,unknown_sp,85,species,cover,0.25,m2,Bare ground; non-taxonomic observation.
GAZP_8,GAZP,8_1,2013,77,3,123,UN_ID_CD,unknown_sp,0.5,species,cover,0.25,m2,Meaning could not be determined from the source data.
GAZP_8,GAZP,8_1,2013,77,3,123,UN_ID_FD,unknown_sp,0.1,species,cover,0.25,m2,Fine debris; non-taxonomic observation.
GAZP_8,GAZP,8_1,2013,77,3,124,UN_ID_BG,unknown_sp,97.5,species,cover,0.25,m2,Bare ground; non-taxonomic observation.
GAZP_8,GAZP,8_1,2013,77,3,124,UN_ID_FD,unknown_sp,0.1,species,cover,0.25,m2,Fine debris; non-taxonomic observation.
GAZP_8,GAZP,8_1,2013,77,3,125,UN_ID_BG,unknown_sp,97.5,species,cover,0.25,m2,Bare ground; non-taxonomic observation.
GAZP_8,GAZP,8_1,2013,77,3,125,UN_ID_FD,unknown_sp,0.1,species,cover,0.25,m2,Fine debris; non-taxonomic observation.
GAZP_8,GAZP,8_1,2013,77,3,126,UN_ID_BG,unknown_sp,97.5,species,cover,0.25,m2,Bare ground; non-taxonomic observation.
GAZP_8,GAZP,8_1,2013,77,3,126,UN_ID_FD,unknown_sp,0.1,species,cover,0.25,m2,Fine debris; non-taxonomic observation.
GAZP_8,GAZP,8_1,2013,77,3,127,UN_ID_BG,unknown_sp,85,species,cover,0.25,m2,Bare ground; non-taxonomic observation.
GAZP_8,GAZP,8_1,2013,77,3,127,UN_ID_FD,unknown_sp,0.1,species,cover,0.25,m2,Fine debris; non-taxonomic observation.
GAZP_8,GAZP,8_1,2013,77,3,128,UN_ID_BG,unknown_sp,97.5,species,cover,0.25,m2,Bare ground; non-taxonomic observation.
GAZP_8,GAZP,8_1,2013,77,3,128,UN_ID_FD,unknown_sp,0.1,species,cover,0.25,m2,Fine debris; non-taxonomic observation.
GAZP_8,GAZP,8_1,2013,77,1,13,UN_ID_BG,unknown_sp,15,species,cover,0.25,m2,Bare ground; non-taxonomic observation.
GAZP_8,GAZP,8_1,2013,77,1,13,UN_ID_FD,unknown_sp,0.5,species,cover,0.25,m2,Fine debris; non-taxonomic observation.
GAZP_8,GAZP,8_1,2013,77,1,14,UN_ID_BG,unknown_sp,37.5,species,cover,0.25,m2,Bare ground; non-taxonomic observation.
GAZP_8,GAZP,8_1,2013,77,1,14,UN_ID_FD,unknown_sp,0.5,species,cover,0.25,m2,Fine debris; non-taxonomic observation.
GAZP_8,GAZP,8_1,2013,77,1,15,UN_ID_BG,unknown_sp,15,species,cover,0.25,m2,Bare ground; non-taxonomic observation.
GAZP_8,GAZP,8_1,2013,77,1,15,UN_ID_FD,unknown_sp,0.5,species,cover,0.25,m2,Fine debris; non-taxonomic observation.
GAZP_8,GAZP,8_1,2013,77,1,16,UN_ID_BG,unknown_sp,37.5,species,cover,0.25,m2,Bare ground; non-taxonomic observation.
GAZP_8,GAZP,8_1,2013,77,1,16,UN_ID_FD,unknown_sp,0.5,species,cover,0.25,m2,Fine debris; non-taxonomic observation.
GAZP_8,GAZP,8_1,2013,77,1,17,UN_ID_BG,unknown_sp,37.5,species,cover,0.25,m2,Bare ground; non-taxonomic observation.
GAZP_8,GAZP,8_1,2013,77,1,17,UN_ID_FD,unknown_sp,3,species,cover,0.25,m2,Fine debris; non-taxonomic observation.
GAZP_8,GAZP,8_1,2013,77,1,18,UN_ID_BG,unknown_sp,62.5,species,cover,0.25,m2,Bare ground; non-taxonomic observation.
GAZP_8,GAZP,8_1,2013,77,1,18,UN_ID_FD,unknown_sp,0.5,species,cover,0.25,m2,Fine debris; non-taxonomic observation.
GAZP_8,GAZP,8_1,2013,77,1,19,UN_ID_BG,unknown_sp,15,species,cover,0.25,m2,Bare ground; non-taxonomic observation.
GAZP_8,GAZP,8_1,2013,77,1,19,UN_ID_FD,unknown_sp,0.5,species,cover,0.25,m2,Fine debris; non-taxonomic observation.
GAZP_8,GAZP,8_1,2013,77,1,2,UN_ID_BG,unknown_sp,62.5,species,cover,0.25,m2,Bare ground; non-taxonomic observation.
GAZP_8,GAZP,8_1,2013,77,1,2,UN_ID_FD,unknown_sp,0.5,species,cover,0.25,m2,Fine debris; non-taxonomic observation.
GAZP_8,GAZP,8_1,2013,77,1,20,UN_ID_BG,unknown_sp,37.5,species,cover,0.25,m2,Bare ground; non-taxonomic observation.
GAZP_8,GAZP,8_1,2013,77,1,20,UN_ID_FD,unknown_sp,0.5,species,cover,0.25,m2,Fine debris; non-taxonomic observation.
GAZP_8,GAZP,8_1,2013,77,1,21,UN_ID_BG,unknown_sp,37.5,species,cover,0.25,m2,Bare ground; non-taxonomic observation.
GAZP_8,GAZP,8_1,2013,77,1,21,UN_ID_FD,unknown_sp,0.5,species,cover,0.25,m2,Fine debris; non-taxonomic observation.
GAZP_8,GAZP,8_1,2013,77,1,22,UN_ID_BG,unknown_sp,37.5,species,cover,0.25,m2,Bare ground; non-taxonomic observation.
GAZP_8,GAZP,8_1,2013,77,1,22,UN_ID_FD,unknown_sp,0.5,species,cover,0.25,m2,Fine debris; non-taxonomic observation.
GAZP_8,GAZP,8_1,2013,77,1,23,UN_ID_BG,unknown_sp,15,species,cover,0.25,m2,Bare ground; non-taxonomic observation.
GAZP_8,GAZP,8_1,2013,77,1,23,UN_ID_FD,unknown_sp,0.5,species,cover,0.25,m2,Fine debris; non-taxonomic observation.
GAZP_8,GAZP,8_1,2013,77,1,24,UN_ID_BG,unknown_sp,15,species,cover,0.25,m2,Bare ground; non-taxonomic observation.
GAZP_8,GAZP,8_1,2013,77,1,24,UN_ID_FD,unknown_sp,0.5,species,cover,0.25,m2,Fine debris; non-taxonomic observation.
GAZP_8,GAZP,8_1,2013,77,1,25,UN_ID_BG,unknown_sp,15,species,cover,0.25,m2,Bare ground; non-taxonomic observation.
GAZP_8,GAZP,8_1,2013,77,1,25,UN_ID_FD,unknown_sp,0.5,species,cover,0.25,m2,Fine debris; non-taxonomic observation.
GAZP_8,GAZP,8_1,2013,77,1,26,UN_ID_BG,unknown_sp,15,species,cover,0.25,m2,Bare ground; non-taxonomic observation.
GAZP_8,GAZP,8_1,2013,77,1,26,UN_ID_FD,unknown_sp,0.5,species,cover,0.25,m2,Fine debris; non-taxonomic observation.
GAZP_8,GAZP,8_1,2013,77,1,27,UN_ID_BG,unknown_sp,15,species,cover,0.25,m2,Bare ground; non-taxonomic observation.
GAZP_8,GAZP,8_1,2013,77,1,27,UN_ID_FD,unknown_sp,0.5,species,cover,0.25,m2,Fine debris; non-taxonomic observation.
GAZP_8,GAZP,8_1,2013,77,1,28,UN_ID_BG,unknown_sp,15,species,cover,0.25,m2,Bare ground; non-taxonomic observation.
GAZP_8,GAZP,8_1,2013,77,1,28,UN_ID_FD,unknown_sp,0.5,species,cover,0.25,m2,Fine debris; non-taxonomic observation.
GAZP_8,GAZP,8_1,2013,77,1,29,UN_ID_BG,unknown_sp,15,species,cover,0.25,m2,Bare ground; non-taxonomic observation.
GAZP_8,GAZP,8_1,2013,77,1,29,UN_ID_FD,unknown_sp,0.5,species,cover,0.25,m2,Fine debris; non-taxonomic observation.
GAZP_8,GAZP,8_1,2013,77,1,3,UN_ID_BG,unknown_sp,62.5,species,cover,0.25,m2,Bare ground; non-taxonomic observation.
GAZP_8,GAZP,8_1,2013,77,1,3,UN_ID_FD,unknown_sp,0.5,species,cover,0.25,m2,Fine debris; non-taxonomic observation.
GAZP_8,GAZP,8_1,2013,77,1,30,UN_ID_BG,unknown_sp,15,species,cover,0.25,m2,Bare ground; non-taxonomic observation.
GAZP_8,GAZP,8_1,2013,77,1,30,UN_ID_FD,unknown_sp,0.5,species,cover,0.25,m2,Fine debris; non-taxonomic observation.
GAZP_8,GAZP,8_1,2013,77,1,31,UN_ID_BG,unknown_sp,15,species,cover,0.25,m2,Bare ground; non-taxonomic observation.
GAZP_8,GAZP,8_1,2013,77,1,31,UN_ID_FD,unknown_sp,0.5,species,cover,0.25,m2,Fine debris; non-taxonomic observation.
GAZP_8,GAZP,8_1,2013,77,1,32,UN_ID_BG,unknown_sp,15,species,cover,0.25,m2,Bare ground; non-taxonomic observation.
GAZP_8,GAZP,8_1,2013,77,1,32,UN_ID_FD,unknown_sp,0.5,species,cover,0.25,m2,Fine debris; non-taxonomic observation.
GAZP_8,GAZP,8_1,2013,77,1,4,UN_ID_BG,unknown_sp,62.5,species,cover,0.25,m2,Bare ground; non-taxonomic observation.
GAZP_8,GAZP,8_1,2013,77,1,4,UN_ID_FD,unknown_sp,0.5,species,cover,0.25,m2,Fine debris; non-taxonomic observation.
GAZP_8,GAZP,8_1,2013,77,1,5,UN_ID_BG,unknown_sp,37.5,species,cover,0.25,m2,Bare ground; non-taxonomic observation.
GAZP_8,GAZP,8_1,2013,77,1,5,UN_ID_FD,unknown_sp,0.5,species,cover,0.25,m2,Fine debris; non-taxonomic observation.
GAZP_8,GAZP,8_1,2013,77,1,6,UN_ID_BG,unknown_sp,37.5,species,cover,0.25,m2,Bare ground; non-taxonomic observation.
GAZP_8,GAZP,8_1,2013,77,1,6,UN_ID_FD,unknown_sp,3,species,cover,0.25,m2,Fine debris; non-taxonomic observation.
GAZP_8,GAZP,8_1,2013,77,1,7,UN_ID_BG,unknown_sp,37.5,species,cover,0.25,m2,Bare ground; non-taxonomic observation.
GAZP_8,GAZP,8_1,2013,77,1,7,UN_ID_FD,unknown_sp,0.5,species,cover,0.25,m2,Fine debris; non-taxonomic observation.
GAZP_8,GAZP,8_1,2013,77,1,8,UN_ID_BG,unknown_sp,37.5,species,cover,0.25,m2,Bare ground; non-taxonomic observation.
GAZP_8,GAZP,8_1,2013,77,1,8,UN_ID_FD,unknown_sp,0.5,species,cover,0.25,m2,Fine debris; non-taxonomic observation.
GAZP_8,GAZP,8_1,2013,77,3,81,UN_ID_BG,unknown_sp,97.5,species,cover,0.25,m2,Bare ground; non-taxonomic observation.
GAZP_8,GAZP,8_1,2013,77,3,81,UN_ID_FD,unknown_sp,0.1,species,cover,0.25,m2,Fine debris; non-taxonomic observation.
GAZP_8,GAZP,8_1,2013,77,3,82,UN_ID_BG,unknown_sp,97.5,species,cover,0.25,m2,Bare ground; non-taxonomic observation.
GAZP_8,GAZP,8_1,2013,77,3,82,UN_ID_CD,unknown_sp,0.1,species,cover,0.25,m2,Meaning could not be determined from the source data.
GAZP_8,GAZP,8_1,2013,77,3,82,UN_ID_FD,unknown_sp,0.1,species,cover,0.25,m2,Fine debris; non-taxonomic observation.
GAZP_8,GAZP,8_1,2013,77,3,83,UN_ID_BG,unknown_sp,85,species,cover,0.25,m2,Bare ground; non-taxonomic observation.
GAZP_8,GAZP,8_1,2013,77,3,83,UN_ID_CD,unknown_sp,0.1,species,cover,0.25,m2,Meaning could not be determined from the source data.
GAZP_8,GAZP,8_1,2013,77,3,83,UN_ID_FD,unknown_sp,0.1,species,cover,0.25,m2,Fine debris; non-taxonomic observation.
GAZP_8,GAZP,8_1,2013,77,3,84,UN_ID_BG,unknown_sp,85,species,cover,0.25,m2,Bare ground; non-taxonomic observation.
GAZP_8,GAZP,8_1,2013,77,3,84,UN_ID_CD,unknown_sp,0.1,species,cover,0.25,m2,Meaning could not be determined from the source data.
GAZP_8,GAZP,8_1,2013,77,3,84,UN_ID_FD,unknown_sp,0.1,species,cover,0.25,m2,Fine debris; non-taxonomic observation.
GAZP_8,GAZP,8_1,2013,77,3,85,UN_ID_BG,unknown_sp,97.5,species,cover,0.25,m2,Bare ground; non-taxonomic observation.
GAZP_8,GAZP,8_1,2013,77,3,85,UN_ID_FD,unknown_sp,0.1,species,cover,0.25,m2,Fine debris; non-taxonomic observation.
GAZP_8,GAZP,8_1,2013,77,3,86,UN_ID_BG,unknown_sp,85,species,cover,0.25,m2,Bare ground; non-taxonomic observation.
GAZP_8,GAZP,8_1,2013,77,3,86,UN_ID_CD,unknown_sp,0.1,species,cover,0.25,m2,Meaning could not be determined from the source data.
GAZP_8,GAZP,8_1,2013,77,3,86,UN_ID_FD,unknown_sp,0.1,species,cover,0.25,m2,Fine debris; non-taxonomic observation.
GAZP_8,GAZP,8_1,2013,77,3,87,UN_ID_BG,unknown_sp,97.5,species,cover,0.25,m2,Bare ground; non-taxonomic observation.
GAZP_8,GAZP,8_1,2013,77,3,87,UN_ID_FD,unknown_sp,0.1,species,cover,0.25,m2,Fine debris; non-taxonomic observation.
GAZP_8,GAZP,8_1,2013,77,3,88,UN_ID_BG,unknown_sp,97.5,species,cover,0.25,m2,Bare ground; non-taxonomic observation.
GAZP_8,GAZP,8_1,2013,77,3,88,UN_ID_FD,unknown_sp,0.1,species,cover,0.25,m2,Fine debris; non-taxonomic observation.
GAZP_8,GAZP,8_1,2013,77,3,89,UN_ID_BG,unknown_sp,85,species,cover,0.25,m2,Bare ground; non-taxonomic observation.
GAZP_8,GAZP,8_1,2013,77,3,89,UN_ID_CD,unknown_sp,0.5,species,cover,0.25,m2,Meaning could not be determined from the source data.
GAZP_8,GAZP,8_1,2013,77,3,89,UN_ID_FD,unknown_sp,0.1,species,cover,0.25,m2,Fine debris; non-taxonomic observation.
GAZP_8,GAZP,8_1,2013,77,1,9,UN_ID_BG,unknown_sp,37.5,species,cover,0.25,m2,Bare ground; non-taxonomic observation.
GAZP_8,GAZP,8_1,2013,77,1,9,UN_ID_FD,unknown_sp,0.5,species,cover,0.25,m2,Fine debris; non-taxonomic observation.
GAZP_8,GAZP,8_1,2013,77,3,90,UN_ID_BG,unknown_sp,85,species,cover,0.25,m2,Bare ground; non-taxonomic observation.
GAZP_8,GAZP,8_1,2013,77,3,90,UN_ID_CD,unknown_sp,0.5,species,cover,0.25,m2,Meaning could not be determined from the source data.
GAZP_8,GAZP,8_1,2013,77,3,90,UN_ID_FD,unknown_sp,0.1,species,cover,0.25,m2,Fine debris; non-taxonomic observation.
GAZP_8,GAZP,8_1,2013,77,3,91,UN_ID_BG,unknown_sp,85,species,cover,0.25,m2,Bare ground; non-taxonomic observation.
GAZP_8,GAZP,8_1,2013,77,3,91,UN_ID_CD,unknown_sp,0.1,species,cover,0.25,m2,Meaning could not be determined from the source data.
GAZP_8,GAZP,8_1,2013,77,3,91,UN_ID_FD,unknown_sp,0.1,species,cover,0.25,m2,Fine debris; non-taxonomic observation.
GAZP_8,GAZP,8_1,2013,77,3,92,UN_ID_BG,unknown_sp,85,species,cover,0.25,m2,Bare ground; non-taxonomic observation.
GAZP_8,GAZP,8_1,2013,77,3,92,UN_ID_CD,unknown_sp,0.1,species,cover,0.25,m2,Meaning could not be determined from the source data.
GAZP_8,GAZP,8_1,2013,77,3,92,UN_ID_FD,unknown_sp,0.1,species,cover,0.25,m2,Fine debris; non-taxonomic observation.
GAZP_8,GAZP,8_1,2013,77,3,93,UN_ID_BG,unknown_sp,97.5,species,cover,0.25,m2,Bare ground; non-taxonomic observation.
GAZP_8,GAZP,8_1,2013,77,3,93,UN_ID_FD,unknown_sp,0.1,species,cover,0.25,m2,Fine debris; non-taxonomic observation.
GAZP_8,GAZP,8_1,2013,77,3,94,UN_ID_BG,unknown_sp,62.5,species,cover,0.25,m2,Bare ground; non-taxonomic observation.
GAZP_8,GAZP,8_1,2013,77,3,94,UN_ID_CD,unknown_sp,3,species,cover,0.25,m2,Meaning could not be determined from the source data.
GAZP_8,GAZP,8_1,2013,77,3,94,UN_ID_FD,unknown_sp,0.1,species,cover,0.25,m2,Fine debris; non-taxonomic observation.
GAZP_8,GAZP,8_1,2013,77,3,95,UN_ID_BG,unknown_sp,97.5,species,cover,0.25,m2,Bare ground; non-taxonomic observation.
GAZP_8,GAZP,8_1,2013,77,3,95,UN_ID_FD,unknown_sp,0.1,species,cover,0.25,m2,Fine debris; non-taxonomic observation.
GAZP_8,GAZP,8_1,2013,77,3,96,UN_ID_BG,unknown_sp,85,species,cover,0.25,m2,Bare ground; non-taxonomic observation.
GAZP_8,GAZP,8_1,2013,77,3,96,UN_ID_CD,unknown_sp,0.5,species,cover,0.25,m2,Meaning could not be determined from the source data.
GAZP_8,GAZP,8_1,2013,77,3,96,UN_ID_FD,unknown_sp,0.1,species,cover,0.25,m2,Fine debris; non-taxonomic observation.
GAZP_8,GAZP,8_1,2013,77,3,97,UN_ID_BG,unknown_sp,85,species,cover,0.25,m2,Bare ground; non-taxonomic observation.
GAZP_8,GAZP,8_1,2013,77,3,97,UN_ID_CD,unknown_sp,0.5,species,cover,0.25,m2,Meaning could not be determined from the source data.
GAZP_8,GAZP,8_1,2013,77,3,97,UN_ID_FD,unknown_sp,0.1,species,cover,0.25,m2,Fine debris; non-taxonomic observation.
GAZP_8,GAZP,8_1,2013,77,3,98,UN_ID_BG,unknown_sp,85,species,cover,0.25,m2,Bare ground; non-taxonomic observation.
GAZP_8,GAZP,8_1,2013,77,3,98,UN_ID_CD,unknown_sp,0.5,species,cover,0.25,m2,Meaning could not be determined from the source data.
GAZP_8,GAZP,8_1,2013,77,3,98,UN_ID_FD,unknown_sp,0.1,species,cover,0.25,m2,Fine debris; non-taxonomic observation.
GAZP_8,GAZP,8_1,2013,77,3,99,UN_ID_BG,unknown_sp,85,species,cover,0.25,m2,Bare ground; non-taxonomic observation.
GAZP_8,GAZP,8_1,2013,77,3,99,UN_ID_CD,unknown_sp,0.5,species,cover,0.25,m2,Meaning could not be determined from the source data.
GAZP_8,GAZP,8_1,2013,77,3,99,UN_ID_FD,unknown_sp,0.1,species,cover,0.25,m2,Fine debris; non-taxonomic observation.
GAZP_8,GAZP,8_10,2014,177,1,129,UN_ID_BG,unknown_sp,15,species,cover,0.25,m2,Bare ground; non-taxonomic observation.
GAZP_8,GAZP,8_10,2014,177,1,130,UN_ID_BG,unknown_sp,62.5,species,cover,0.25,m2,Bare ground; non-taxonomic observation.
GAZP_8,GAZP,8_10,2014,177,1,131,UN_ID_BG,unknown_sp,3,species,cover,0.25,m2,Bare ground; non-taxonomic observation.
GAZP_8,GAZP,8_10,2014,177,2,132,UN_ID_BG,unknown_sp,15,species,cover,0.25,m2,Bare ground; non-taxonomic observation.
GAZP_8,GAZP,8_10,2014,177,2,133,UN_ID_BG,unknown_sp,62.5,species,cover,0.25,m2,Bare ground; non-taxonomic observation.
GAZP_8,GAZP,8_10,2014,177,2,134,UN_ID_BG,unknown_sp,62.5,species,cover,0.25,m2,Bare ground; non-taxonomic observation.
GAZP_8,GAZP,8_10,2014,177,3,135,UN_ID_BG,unknown_sp,85,species,cover,0.25,m2,Bare ground; non-taxonomic observation.
GAZP_8,GAZP,8_10,2014,177,3,136,UN_ID_BG,unknown_sp,85,species,cover,0.25,m2,Bare ground; non-taxonomic observation.
GAZP_8,GAZP,8_10,2014,177,3,137,UN_ID_BG,unknown_sp,62.5,species,cover,0.25,m2,Bare ground; non-taxonomic observation.
GAZP_8,GAZP,8_10,2012,18,1,129,UN_ID_BG,unknown_sp,97.5,species,cover,0.25,m2,Bare ground; non-taxonomic observation.
GAZP_8,GAZP,8_10,2012,18,1,129,UN_ID_FD,unknown_sp,0.1,species,cover,0.25,m2,Fine debris; non-taxonomic observation.
GAZP_8,GAZP,8_10,2012,18,1,129,UN_ID_TC,unknown_sp,0.1,species,cover,0.25,m2,Total cover; non-taxonomic observation.
GAZP_8,GAZP,8_10,2012,18,1,129,UN_ID_TS,unknown_sp,0.1,species,cover,0.25,m2,Triticale seeds; non-taxonomic observation.
GAZP_8,GAZP,8_10,2012,18,1,130,UN_ID_BG,unknown_sp,97.5,species,cover,0.25,m2,Bare ground; non-taxonomic observation.
GAZP_8,GAZP,8_10,2012,18,1,130,UN_ID_FD,unknown_sp,0.1,species,cover,0.25,m2,Fine debris; non-taxonomic observation.
GAZP_8,GAZP,8_10,2012,18,1,130,UN_ID_TC,unknown_sp,0.1,species,cover,0.25,m2,Total cover; non-taxonomic observation.
GAZP_8,GAZP,8_10,2012,18,1,131,UN_ID_BG,unknown_sp,97.5,species,cover,0.25,m2,Bare ground; non-taxonomic observation.
GAZP_8,GAZP,8_10,2012,18,1,131,UN_ID_FD,unknown_sp,0.1,species,cover,0.25,m2,Fine debris; non-taxonomic observation.
GAZP_8,GAZP,8_10,2012,18,1,131,UN_ID_TC,unknown_sp,0.1,species,cover,0.25,m2,Total cover; non-taxonomic observation.
GAZP_8,GAZP,8_10,2012,18,2,132,UN_ID_BG,unknown_sp,97.5,species,cover,0.25,m2,Bare ground; non-taxonomic observation.
GAZP_8,GAZP,8_10,2012,18,2,132,UN_ID_FD,unknown_sp,0.1,species,cover,0.25,m2,Fine debris; non-taxonomic observation.
GAZP_8,GAZP,8_10,2012,18,2,132,UN_ID_TC,unknown_sp,0.1,species,cover,0.25,m2,Total cover; non-taxonomic observation.
GAZP_8,GAZP,8_10,2012,18,2,132,UN_ID_TS,unknown_sp,0.1,species,cover,0.25,m2,Triticale seeds; non-taxonomic observation.
GAZP_8,GAZP,8_10,2012,18,2,133,UN_ID_BG,unknown_sp,97.5,species,cover,0.25,m2,Bare ground; non-taxonomic observation.
GAZP_8,GAZP,8_10,2012,18,2,133,UN_ID_FD,unknown_sp,0.1,species,cover,0.25,m2,Fine debris; non-taxonomic observation.
GAZP_8,GAZP,8_10,2012,18,2,134,UN_ID_BG,unknown_sp,97.5,species,cover,0.25,m2,Bare ground; non-taxonomic observation.
GAZP_8,GAZP,8_10,2012,18,2,134,UN_ID_FD,unknown_sp,0.1,species,cover,0.25,m2,Fine debris; non-taxonomic observation.
GAZP_8,GAZP,8_10,2012,18,2,134,UN_ID_TC,unknown_sp,0.1,species,cover,0.25,m2,Total cover; non-taxonomic observation.
GAZP_8,GAZP,8_10,2012,18,3,135,UN_ID_BG,unknown_sp,97.5,species,cover,0.25,m2,Bare ground; non-taxonomic observation.
GAZP_8,GAZP,8_10,2012,18,3,135,UN_ID_FD,unknown_sp,0.1,species,cover,0.25,m2,Fine debris; non-taxonomic observation.
GAZP_8,GAZP,8_10,2012,18,3,136,UN_ID_BG,unknown_sp,97.5,species,cover,0.25,m2,Bare ground; non-taxonomic observation.
GAZP_8,GAZP,8_10,2012,18,3,136,UN_ID_CD,unknown_sp,0.1,species,cover,0.25,m2,Meaning could not be determined from the source data.
GAZP_8,GAZP,8_10,2012,18,3,136,UN_ID_FD,unknown_sp,0.1,species,cover,0.25,m2,Fine debris; non-taxonomic observation.
GAZP_8,GAZP,8_10,2012,18,3,137,UN_ID_BG,unknown_sp,97.5,species,cover,0.25,m2,Bare ground; non-taxonomic observation.
GAZP_8,GAZP,8_10,2012,18,3,137,UN_ID_CD,unknown_sp,0.1,species,cover,0.25,m2,Meaning could not be determined from the source data.
GAZP_8,GAZP,8_10,2012,18,3,137,UN_ID_FD,unknown_sp,0.1,species,cover,0.25,m2,Fine debris; non-taxonomic observation.
GAZP_8,GAZP,8_10,2013,77,1,129,UN_ID_BG,unknown_sp,62.5,species,cover,0.25,m2,Bare ground; non-taxonomic observation.
GAZP_8,GAZP,8_10,2013,77,1,129,UN_ID_FD,unknown_sp,0.5,species,cover,0.25,m2,Fine debris; non-taxonomic observation.
GAZP_8,GAZP,8_10,2013,77,1,130,UN_ID_BG,unknown_sp,62.5,species,cover,0.25,m2,Bare ground; non-taxonomic observation.
GAZP_8,GAZP,8_10,2013,77,1,130,UN_ID_FD,unknown_sp,0.5,species,cover,0.25,m2,Fine debris; non-taxonomic observation.
GAZP_8,GAZP,8_10,2013,77,2,133,UN_ID_BG,unknown_sp,62.5,species,cover,0.25,m2,Bare ground; non-taxonomic observation.
GAZP_8,GAZP,8_10,2013,77,2,133,UN_ID_FD,unknown_sp,3,species,cover,0.25,m2,Fine debris; non-taxonomic observation.
GAZP_8,GAZP,8_10,2013,77,3,135,UN_ID_BG,unknown_sp,85,species,cover,0.25,m2,Bare ground; non-taxonomic observation.
GAZP_8,GAZP,8_10,2013,77,3,135,UN_ID_FD,unknown_sp,0.1,species,cover,0.25,m2,Fine debris; non-taxonomic observation.
GAZP_8,GAZP,8_10,2013,77,3,136,UN_ID_BG,unknown_sp,97.5,species,cover,0.25,m2,Bare ground; non-taxonomic observation.
GAZP_8,GAZP,8_10,2013,77,3,136,UN_ID_CD,unknown_sp,0.1,species,cover,0.25,m2,Meaning could not be determined from the source data.
GAZP_8,GAZP,8_10,2013,77,3,136,UN_ID_FD,unknown_sp,0.1,species,cover,0.25,m2,Fine debris; non-taxonomic observation.
GAZP_8,GAZP,8_10,2013,77,3,137,UN_ID_BG,unknown_sp,97.5,species,cover,0.25,m2,Bare ground; non-taxonomic observation.
GAZP_8,GAZP,8_10,2013,77,3,137,UN_ID_FD,unknown_sp,0.1,species,cover,0.25,m2,Fine debris; non-taxonomic observation.
GAZP_8,GAZP,8_11,2014,177,1,138,UN_ID_BG,unknown_sp,15,species,cover,0.25,m2,Bare ground; non-taxonomic observation.
GAZP_8,GAZP,8_11,2014,177,1,139,UN_ID_BG,unknown_sp,15,species,cover,0.25,m2,Bare ground; non-taxonomic observation.
GAZP_8,GAZP,8_11,2014,177,1,140,UN_ID_BG,unknown_sp,15,species,cover,0.25,m2,Bare ground; non-taxonomic observation.
GAZP_8,GAZP,8_11,2014,177,2,141,UN_ID_BG,unknown_sp,15,species,cover,0.25,m2,Bare ground; non-taxonomic observation.
GAZP_8,GAZP,8_11,2014,177,2,142,UN_ID_BG,unknown_sp,62.5,species,cover,0.25,m2,Bare ground; non-taxonomic observation.
GAZP_8,GAZP,8_11,2014,177,2,143,UN_ID_BG,unknown_sp,37.5,species,cover,0.25,m2,Bare ground; non-taxonomic observation.
GAZP_8,GAZP,8_11,2014,177,3,144,UN_ID_BG,unknown_sp,85,species,cover,0.25,m2,Bare ground; non-taxonomic observation.
GAZP_8,GAZP,8_11,2014,177,3,145,UN_ID_BG,unknown_sp,62.5,species,cover,0.25,m2,Bare ground; non-taxonomic observation.
GAZP_8,GAZP,8_11,2014,177,3,146,UN_ID_BG,unknown_sp,97.5,species,cover,0.25,m2,Bare ground; non-taxonomic observation.
GAZP_8,GAZP,8_11,2012,18,1,138,UN_ID_BG,unknown_sp,97.5,species,cover,0.25,m2,Bare ground; non-taxonomic observation.
GAZP_8,GAZP,8_11,2012,18,1,138,UN_ID_FD,unknown_sp,0.1,species,cover,0.25,m2,Fine debris; non-taxonomic observation.
GAZP_8,GAZP,8_11,2012,18,1,138,UN_ID_TC,unknown_sp,0.1,species,cover,0.25,m2,Total cover; non-taxonomic observation.
GAZP_8,GAZP,8_11,2012,18,1,138,UN_ID_TS,unknown_sp,0.1,species,cover,0.25,m2,Triticale seeds; non-taxonomic observation.
GAZP_8,GAZP,8_11,2012,18,1,139,UN_ID_BG,unknown_sp,97.5,species,cover,0.25,m2,Bare ground; non-taxonomic observation.
GAZP_8,GAZP,8_11,2012,18,1,139,UN_ID_FD,unknown_sp,0.1,species,cover,0.25,m2,Fine debris; non-taxonomic observation.
GAZP_8,GAZP,8_11,2012,18,1,139,UN_ID_TC,unknown_sp,0.1,species,cover,0.25,m2,Total cover; non-taxonomic observation.
GAZP_8,GAZP,8_11,2012,18,1,140,UN_ID_BG,unknown_sp,97.5,species,cover,0.25,m2,Bare ground; non-taxonomic observation.
GAZP_8,GAZP,8_11,2012,18,1,140,UN_ID_FD,unknown_sp,0.1,species,cover,0.25,m2,Fine debris; non-taxonomic observation.
GAZP_8,GAZP,8_11,2012,18,1,140,UN_ID_TC,unknown_sp,0.1,species,cover,0.25,m2,Total cover; non-taxonomic observation.
GAZP_8,GAZP,8_11,2012,18,2,141,UN_ID_BG,unknown_sp,97.5,species,cover,0.25,m2,Bare ground; non-taxonomic observation.
GAZP_8,GAZP,8_11,2012,18,2,141,UN_ID_FD,unknown_sp,0.1,species,cover,0.25,m2,Fine debris; non-taxonomic observation.
GAZP_8,GAZP,8_11,2012,18,2,141,UN_ID_TC,unknown_sp,0.1,species,cover,0.25,m2,Total cover; non-taxonomic observation.
GAZP_8,GAZP,8_11,2012,18,2,142,UN_ID_BG,unknown_sp,97.5,species,cover,0.25,m2,Bare ground; non-taxonomic observation.
GAZP_8,GAZP,8_11,2012,18,2,142,UN_ID_FD,unknown_sp,0.1,species,cover,0.25,m2,Fine debris; non-taxonomic observation.
GAZP_8,GAZP,8_11,2012,18,2,143,UN_ID_BG,unknown_sp,97.5,species,cover,0.25,m2,Bare ground; non-taxonomic observation.
GAZP_8,GAZP,8_11,2012,18,2,143,UN_ID_FD,unknown_sp,0.1,species,cover,0.25,m2,Fine debris; non-taxonomic observation.
GAZP_8,GAZP,8_11,2012,18,2,143,UN_ID_TC,unknown_sp,0.1,species,cover,0.25,m2,Total cover; non-taxonomic observation.
GAZP_8,GAZP,8_11,2012,18,3,144,UN_ID_BG,unknown_sp,97.5,species,cover,0.25,m2,Bare ground; non-taxonomic observation.
GAZP_8,GAZP,8_11,2012,18,3,144,UN_ID_CD,unknown_sp,0.1,species,cover,0.25,m2,Meaning could not be determined from the source data.
GAZP_8,GAZP,8_11,2012,18,3,144,UN_ID_FD,unknown_sp,0.1,species,cover,0.25,m2,Fine debris; non-taxonomic observation.
GAZP_8,GAZP,8_11,2012,18,3,145,UN_ID_BG,unknown_sp,97.5,species,cover,0.25,m2,Bare ground; non-taxonomic observation.
GAZP_8,GAZP,8_11,2012,18,3,145,UN_ID_FD,unknown_sp,0.1,species,cover,0.25,m2,Fine debris; non-taxonomic observation.
GAZP_8,GAZP,8_11,2012,18,3,146,UN_ID_BG,unknown_sp,97.5,species,cover,0.25,m2,Bare ground; non-taxonomic observation.
GAZP_8,GAZP,8_11,2012,18,3,146,UN_ID_CD,unknown_sp,0.1,species,cover,0.25,m2,Meaning could not be determined from the source data.
GAZP_8,GAZP,8_11,2012,18,3,146,UN_ID_FD,unknown_sp,0.1,species,cover,0.25,m2,Fine debris; non-taxonomic observation.
GAZP_8,GAZP,8_11,2013,77,1,138,UN_ID_BG,unknown_sp,85,species,cover,0.25,m2,Bare ground; non-taxonomic observation.
GAZP_8,GAZP,8_11,2013,77,1,138,UN_ID_FD,unknown_sp,0.5,species,cover,0.25,m2,Fine debris; non-taxonomic observation.
GAZP_8,GAZP,8_11,2013,77,1,139,UN_ID_BG,unknown_sp,37.5,species,cover,0.25,m2,Bare ground; non-taxonomic observation.
GAZP_8,GAZP,8_11,2013,77,1,139,UN_ID_FD,unknown_sp,0.5,species,cover,0.25,m2,Fine debris; non-taxonomic observation.
GAZP_8,GAZP,8_11,2013,77,2,142,UN_ID_BG,unknown_sp,62.5,species,cover,0.25,m2,Bare ground; non-taxonomic observation.
GAZP_8,GAZP,8_11,2013,77,2,142,UN_ID_FD,unknown_sp,0.5,species,cover,0.25,m2,Fine debris; non-taxonomic observation.
GAZP_8,GAZP,8_11,2013,77,3,144,UN_ID_BG,unknown_sp,85,species,cover,0.25,m2,Bare ground; non-taxonomic observation.
GAZP_8,GAZP,8_11,2013,77,3,144,UN_ID_CD,unknown_sp,0.5,species,cover,0.25,m2,Meaning could not be determined from the source data.
GAZP_8,GAZP,8_11,2013,77,3,144,UN_ID_FD,unknown_sp,0.1,species,cover,0.25,m2,Fine debris; non-taxonomic observation.
GAZP_8,GAZP,8_11,2013,77,3,145,UN_ID_BG,unknown_sp,85,species,cover,0.25,m2,Bare ground; non-taxonomic observation.
GAZP_8,GAZP,8_11,2013,77,3,145,UN_ID_CD,unknown_sp,0.1,species,cover,0.25,m2,Meaning could not be determined from the source data.
GAZP_8,GAZP,8_11,2013,77,3,145,UN_ID_FD,unknown_sp,0.1,species,cover,0.25,m2,Fine debris; non-taxonomic observation.
GAZP_8,GAZP,8_11,2013,77,3,146,UN_ID_BG,unknown_sp,97.5,species,cover,0.25,m2,Bare ground; non-taxonomic observation.
GAZP_8,GAZP,8_11,2013,77,3,146,UN_ID_CD,unknown_sp,0.1,species,cover,0.25,m2,Meaning could not be determined from the source data.
GAZP_8,GAZP,8_11,2013,77,3,146,UN_ID_FD,unknown_sp,0.1,species,cover,0.25,m2,Fine debris; non-taxonomic observation.
GAZP_8,GAZP,8_12,2014,177,1,147,UN_ID_BG,unknown_sp,15,species,cover,0.25,m2,Bare ground; non-taxonomic observation.
GAZP_8,GAZP,8_12,2014,177,1,148,UN_ID_BG,unknown_sp,62.5,species,cover,0.25,m2,Bare ground; non-taxonomic observation.
GAZP_8,GAZP,8_12,2014,177,1,149,UN_ID_BG,unknown_sp,3,species,cover,0.25,m2,Bare ground; non-taxonomic observation.
GAZP_8,GAZP,8_12,2014,177,2,150,UN_ID_BG,unknown_sp,37.5,species,cover,0.25,m2,Bare ground; non-taxonomic observation.
GAZP_8,GAZP,8_12,2014,177,2,151,UN_ID_BG,unknown_sp,85,species,cover,0.25,m2,Bare ground; non-taxonomic observation.
GAZP_8,GAZP,8_12,2014,177,2,152,UN_ID_BG,unknown_sp,37.5,species,cover,0.25,m2,Bare ground; non-taxonomic observation.
GAZP_8,GAZP,8_12,2014,177,3,153,UN_ID_BG,unknown_sp,97.5,species,cover,0.25,m2,Bare ground; non-taxonomic observation.
GAZP_8,GAZP,8_12,2014,177,3,154,UN_ID_BG,unknown_sp,97.5,species,cover,0.25,m2,Bare ground; non-taxonomic observation.
GAZP_8,GAZP,8_12,2014,177,3,155,UN_ID_BG,unknown_sp,97.5,species,cover,0.25,m2,Bare ground; non-taxonomic observation.
GAZP_8,GAZP,8_12,2012,18,1,147,UN_ID_BG,unknown_sp,97.5,species,cover,0.25,m2,Bare ground; non-taxonomic observation.
GAZP_8,GAZP,8_12,2012,18,1,147,UN_ID_FD,unknown_sp,0.1,species,cover,0.25,m2,Fine debris; non-taxonomic observation.
GAZP_8,GAZP,8_12,2012,18,1,147,UN_ID_TC,unknown_sp,0.1,species,cover,0.25,m2,Total cover; non-taxonomic observation.
GAZP_8,GAZP,8_12,2012,18,1,147,UN_ID_TS,unknown_sp,0.1,species,cover,0.25,m2,Triticale seeds; non-taxonomic observation.
GAZP_8,GAZP,8_12,2012,18,1,148,UN_ID_BG,unknown_sp,97.5,species,cover,0.25,m2,Bare ground; non-taxonomic observation.
GAZP_8,GAZP,8_12,2012,18,1,148,UN_ID_FD,unknown_sp,0.1,species,cover,0.25,m2,Fine debris; non-taxonomic observation.
GAZP_8,GAZP,8_12,2012,18,1,148,UN_ID_TC,unknown_sp,0.1,species,cover,0.25,m2,Total cover; non-taxonomic observation.
GAZP_8,GAZP,8_12,2012,18,1,149,UN_ID_BG,unknown_sp,97.5,species,cover,0.25,m2,Bare ground; non-taxonomic observation.
GAZP_8,GAZP,8_12,2012,18,1,149,UN_ID_FD,unknown_sp,0.1,species,cover,0.25,m2,Fine debris; non-taxonomic observation.
GAZP_8,GAZP,8_12,2012,18,1,149,UN_ID_TC,unknown_sp,0.1,species,cover,0.25,m2,Total cover; non-taxonomic observation.
GAZP_8,GAZP,8_12,2012,18,2,150,UN_ID_BG,unknown_sp,97.5,species,cover,0.25,m2,Bare ground; non-taxonomic observation.
GAZP_8,GAZP,8_12,2012,18,2,150,UN_ID_FD,unknown_sp,0.1,species,cover,0.25,m2,Fine debris; non-taxonomic observation.
GAZP_8,GAZP,8_12,2012,18,2,150,UN_ID_TC,unknown_sp,0.1,species,cover,0.25,m2,Total cover; non-taxonomic observation.
GAZP_8,GAZP,8_12,2012,18,2,150,UN_ID_TS,unknown_sp,0.1,species,cover,0.25,m2,Triticale seeds; non-taxonomic observation.
GAZP_8,GAZP,8_12,2012,18,2,151,UN_ID_BG,unknown_sp,97.5,species,cover,0.25,m2,Bare ground; non-taxonomic observation.
GAZP_8,GAZP,8_12,2012,18,2,151,UN_ID_FD,unknown_sp,0.1,species,cover,0.25,m2,Fine debris; non-taxonomic observation.
GAZP_8,GAZP,8_12,2012,18,2,152,UN_ID_BG,unknown_sp,97.5,species,cover,0.25,m2,Bare ground; non-taxonomic observation.
GAZP_8,GAZP,8_12,2012,18,2,152,UN_ID_FD,unknown_sp,0.1,species,cover,0.25,m2,Fine debris; non-taxonomic observation.
GAZP_8,GAZP,8_12,2012,18,2,152,UN_ID_TC,unknown_sp,0.1,species,cover,0.25,m2,Total cover; non-taxonomic observation.
GAZP_8,GAZP,8_12,2012,18,3,153,UN_ID_BG,unknown_sp,97.5,species,cover,0.25,m2,Bare ground; non-taxonomic observation.
GAZP_8,GAZP,8_12,2012,18,3,153,UN_ID_FD,unknown_sp,0.1,species,cover,0.25,m2,Fine debris; non-taxonomic observation.
GAZP_8,GAZP,8_12,2012,18,3,154,UN_ID_BG,unknown_sp,97.5,species,cover,0.25,m2,Bare ground; non-taxonomic observation.
GAZP_8,GAZP,8_12,2012,18,3,154,UN_ID_FD,unknown_sp,0.1,species,cover,0.25,m2,Fine debris; non-taxonomic observation.
GAZP_8,GAZP,8_12,2012,18,3,155,UN_ID_BG,unknown_sp,97.5,species,cover,0.25,m2,Bare ground; non-taxonomic observation.
GAZP_8,GAZP,8_12,2012,18,3,155,UN_ID_FD,unknown_sp,0.1,species,cover,0.25,m2,Fine debris; non-taxonomic observation.
GAZP_8,GAZP,8_12,2013,77,1,147,UN_ID_BG,unknown_sp,62.5,species,cover,0.25,m2,Bare ground; non-taxonomic observation.
GAZP_8,GAZP,8_12,2013,77,1,147,UN_ID_FD,unknown_sp,0.5,species,cover,0.25,m2,Fine debris; non-taxonomic observation.
GAZP_8,GAZP,8_12,2013,77,1,148,UN_ID_BG,unknown_sp,62.5,species,cover,0.25,m2,Bare ground; non-taxonomic observation.
GAZP_8,GAZP,8_12,2013,77,1,148,UN_ID_FD,unknown_sp,0.5,species,cover,0.25,m2,Fine debris; non-taxonomic observation.
GAZP_8,GAZP,8_12,2013,77,3,153,UN_ID_BG,unknown_sp,97.5,species,cover,0.25,m2,Bare ground; non-taxonomic observation.
GAZP_8,GAZP,8_12,2013,77,3,153,UN_ID_FD,unknown_sp,0.1,species,cover,0.25,m2,Fine debris; non-taxonomic observation.
GAZP_8,GAZP,8_12,2013,77,3,154,UN_ID_BG,unknown_sp,97.5,species,cover,0.25,m2,Bare ground; non-taxonomic observation.
GAZP_8,GAZP,8_12,2013,77,3,154,UN_ID_FD,unknown_sp,0.1,species,cover,0.25,m2,Fine debris; non-taxonomic observation.
GAZP_8,GAZP,8_12,2013,77,3,155,UN_ID_BG,unknown_sp,97.5,species,cover,0.25,m2,Bare ground; non-taxonomic observation.
GAZP_8,GAZP,8_12,2013,77,3,155,UN_ID_FD,unknown_sp,0.1,species,cover,0.25,m2,Fine debris; non-taxonomic observation.
GAZP_8,GAZP,8_13,2014,177,1,156,UN_ID_BG,unknown_sp,15,species,cover,0.25,m2,Bare ground; non-taxonomic observation.
GAZP_8,GAZP,8_13,2014,177,1,157,UN_ID_BG,unknown_sp,37.5,species,cover,0.25,m2,Bare ground; non-taxonomic observation.
GAZP_8,GAZP,8_13,2014,177,1,158,UN_ID_BG,unknown_sp,3,species,cover,0.25,m2,Bare ground; non-taxonomic observation.
GAZP_8,GAZP,8_13,2014,177,2,159,UN_ID_BG,unknown_sp,37.5,species,cover,0.25,m2,Bare ground; non-taxonomic observation.
GAZP_8,GAZP,8_13,2014,177,2,160,UN_ID_BG,unknown_sp,62.5,species,cover,0.25,m2,Bare ground; non-taxonomic observation.
GAZP_8,GAZP,8_13,2014,177,2,161,UN_ID_BG,unknown_sp,37.5,species,cover,0.25,m2,Bare ground; non-taxonomic observation.
GAZP_8,GAZP,8_13,2014,177,3,162,UN_ID_BG,unknown_sp,97.5,species,cover,0.25,m2,Bare ground; non-taxonomic observation.
GAZP_8,GAZP,8_13,2014,177,3,163,UN_ID_BG,unknown_sp,62.5,species,cover,0.25,m2,Bare ground; non-taxonomic observation.
GAZP_8,GAZP,8_13,2014,177,3,164,UN_ID_BG,unknown_sp,62.5,species,cover,0.25,m2,Bare ground; non-taxonomic observation.
GAZP_8,GAZP,8_13,2012,18,1,156,UN_ID_BG,unknown_sp,97.5,species,cover,0.25,m2,Bare ground; non-taxonomic observation.
GAZP_8,GAZP,8_13,2012,18,1,156,UN_ID_FD,unknown_sp,0.1,species,cover,0.25,m2,Fine debris; non-taxonomic observation.
GAZP_8,GAZP,8_13,2012,18,1,156,UN_ID_TC,unknown_sp,0.1,species,cover,0.25,m2,Total cover; non-taxonomic observation.
GAZP_8,GAZP,8_13,2012,18,1,156,UN_ID_TS,unknown_sp,0.1,species,cover,0.25,m2,Triticale seeds; non-taxonomic observation.
GAZP_8,GAZP,8_13,2012,18,1,157,UN_ID_BG,unknown_sp,97.5,species,cover,0.25,m2,Bare ground; non-taxonomic observation.
GAZP_8,GAZP,8_13,2012,18,1,157,UN_ID_FD,unknown_sp,0.1,species,cover,0.25,m2,Fine debris; non-taxonomic observation.
GAZP_8,GAZP,8_13,2012,18,1,157,UN_ID_TC,unknown_sp,0.1,species,cover,0.25,m2,Total cover; non-taxonomic observation.
GAZP_8,GAZP,8_13,2012,18,1,158,UN_ID_BG,unknown_sp,97.5,species,cover,0.25,m2,Bare ground; non-taxonomic observation.
GAZP_8,GAZP,8_13,2012,18,1,158,UN_ID_FD,unknown_sp,0.1,species,cover,0.25,m2,Fine debris; non-taxonomic observation.
GAZP_8,GAZP,8_13,2012,18,1,158,UN_ID_TC,unknown_sp,0.1,species,cover,0.25,m2,Total cover; non-taxonomic observation.
GAZP_8,GAZP,8_13,2012,18,2,159,UN_ID_BG,unknown_sp,97.5,species,cover,0.25,m2,Bare ground; non-taxonomic observation.
GAZP_8,GAZP,8_13,2012,18,2,159,UN_ID_FD,unknown_sp,0.1,species,cover,0.25,m2,Fine debris; non-taxonomic observation.
GAZP_8,GAZP,8_13,2012,18,2,159,UN_ID_TC,unknown_sp,0.1,species,cover,0.25,m2,Total cover; non-taxonomic observation.
GAZP_8,GAZP,8_13,2012,18,2,160,UN_ID_BG,unknown_sp,97.5,species,cover,0.25,m2,Bare ground; non-taxonomic observation.
GAZP_8,GAZP,8_13,2012,18,2,160,UN_ID_FD,unknown_sp,0.1,species,cover,0.25,m2,Fine debris; non-taxonomic observation.
GAZP_8,GAZP,8_13,2012,18,2,161,UN_ID_BG,unknown_sp,97.5,species,cover,0.25,m2,Bare ground; non-taxonomic observation.
GAZP_8,GAZP,8_13,2012,18,2,161,UN_ID_FD,unknown_sp,0.1,species,cover,0.25,m2,Fine debris; non-taxonomic observation.
GAZP_8,GAZP,8_13,2012,18,2,161,UN_ID_TC,unknown_sp,0.1,species,cover,0.25,m2,Total cover; non-taxonomic observation.
GAZP_8,GAZP,8_13,2012,18,3,162,UN_ID_BG,unknown_sp,97.5,species,cover,0.25,m2,Bare ground; non-taxonomic observation.
GAZP_8,GAZP,8_13,2012,18,3,162,UN_ID_FD,unknown_sp,0.1,species,cover,0.25,m2,Fine debris; non-taxonomic observation.
GAZP_8,GAZP,8_13,2012,18,3,163,UN_ID_BG,unknown_sp,97.5,species,cover,0.25,m2,Bare ground; non-taxonomic observation.
GAZP_8,GAZP,8_13,2012,18,3,163,UN_ID_FD,unknown_sp,0.1,species,cover,0.25,m2,Fine debris; non-taxonomic observation.
GAZP_8,GAZP,8_13,2012,18,3,164,UN_ID_BG,unknown_sp,97.5,species,cover,0.25,m2,Bare ground; non-taxonomic observation.
GAZP_8,GAZP,8_13,2012,18,3,164,UN_ID_FD,unknown_sp,0.1,species,cover,0.25,m2,Fine debris; non-taxonomic observation.
GAZP_8,GAZP,8_13,2013,77,1,156,UN_ID_BG,unknown_sp,37.5,species,cover,0.25,m2,Bare ground; non-taxonomic observation.
GAZP_8,GAZP,8_13,2013,77,1,156,UN_ID_FD,unknown_sp,0.5,species,cover,0.25,m2,Fine debris; non-taxonomic observation.
GAZP_8,GAZP,8_13,2013,77,1,157,UN_ID_BG,unknown_sp,37.5,species,cover,0.25,m2,Bare ground; non-taxonomic observation.
GAZP_8,GAZP,8_13,2013,77,1,157,UN_ID_FD,unknown_sp,3,species,cover,0.25,m2,Fine debris; non-taxonomic observation.
GAZP_8,GAZP,8_13,2013,77,3,162,UN_ID_BG,unknown_sp,97.5,species,cover,0.25,m2,Bare ground; non-taxonomic observation.
GAZP_8,GAZP,8_13,2013,77,3,162,UN_ID_FD,unknown_sp,0.1,species,cover,0.25,m2,Fine debris; non-taxonomic observation.
GAZP_8,GAZP,8_13,2013,77,3,163,UN_ID_BG,unknown_sp,85,species,cover,0.25,m2,Bare ground; non-taxonomic observation.
GAZP_8,GAZP,8_13,2013,77,3,163,UN_ID_CD,unknown_sp,0.1,species,cover,0.25,m2,Meaning could not be determined from the source data.
GAZP_8,GAZP,8_13,2013,77,3,163,UN_ID_FD,unknown_sp,0.1,species,cover,0.25,m2,Fine debris; non-taxonomic observation.
GAZP_8,GAZP,8_13,2013,77,3,164,UN_ID_BG,unknown_sp,97.5,species,cover,0.25,m2,Bare ground; non-taxonomic observation.
GAZP_8,GAZP,8_13,2013,77,3,164,UN_ID_FD,unknown_sp,0.1,species,cover,0.25,m2,Fine debris; non-taxonomic observation.
GAZP_8,GAZP,8_14,2014,177,1,165,UN_ID_BG,unknown_sp,15,species,cover,0.25,m2,Bare ground; non-taxonomic observation.
GAZP_8,GAZP,8_14,2014,177,1,166,UN_ID_BG,unknown_sp,15,species,cover,0.25,m2,Bare ground; non-taxonomic observation.
GAZP_8,GAZP,8_14,2014,177,1,167,UN_ID_BG,unknown_sp,3,species,cover,0.25,m2,Bare ground; non-taxonomic observation.
GAZP_8,GAZP,8_14,2014,177,2,168,UN_ID_BG,unknown_sp,15,species,cover,0.25,m2,Bare ground; non-taxonomic observation.
GAZP_8,GAZP,8_14,2014,177,2,169,UN_ID_BG,unknown_sp,62.5,species,cover,0.25,m2,Bare ground; non-taxonomic observation.
GAZP_8,GAZP,8_14,2014,177,2,170,UN_ID_BG,unknown_sp,62.5,species,cover,0.25,m2,Bare ground; non-taxonomic observation.
GAZP_8,GAZP,8_14,2014,177,3,171,UN_ID_BG,unknown_sp,85,species,cover,0.25,m2,Bare ground; non-taxonomic observation.
GAZP_8,GAZP,8_14,2014,177,3,172,UN_ID_BG,unknown_sp,15,species,cover,0.25,m2,Bare ground; non-taxonomic observation.
GAZP_8,GAZP,8_14,2014,177,3,173,UN_ID_BG,unknown_sp,62.5,species,cover,0.25,m2,Bare ground; non-taxonomic observation.
GAZP_8,GAZP,8_14,2012,18,1,165,UN_ID_BG,unknown_sp,97.5,species,cover,0.25,m2,Bare ground; non-taxonomic observation.
GAZP_8,GAZP,8_14,2012,18,1,165,UN_ID_FD,unknown_sp,0.1,species,cover,0.25,m2,Fine debris; non-taxonomic observation.
GAZP_8,GAZP,8_14,2012,18,1,165,UN_ID_TC,unknown_sp,0.1,species,cover,0.25,m2,Total cover; non-taxonomic observation.
GAZP_8,GAZP,8_14,2012,18,1,165,UN_ID_TS,unknown_sp,0.1,species,cover,0.25,m2,Triticale seeds; non-taxonomic observation.
GAZP_8,GAZP,8_14,2012,18,1,166,UN_ID_BG,unknown_sp,97.5,species,cover,0.25,m2,Bare ground; non-taxonomic observation.
GAZP_8,GAZP,8_14,2012,18,1,166,UN_ID_FD,unknown_sp,0.1,species,cover,0.25,m2,Fine debris; non-taxonomic observation.
GAZP_8,GAZP,8_14,2012,18,1,166,UN_ID_TC,unknown_sp,0.1,species,cover,0.25,m2,Total cover; non-taxonomic observation.
GAZP_8,GAZP,8_14,2012,18,1,167,UN_ID_BG,unknown_sp,97.5,species,cover,0.25,m2,Bare ground; non-taxonomic observation.
GAZP_8,GAZP,8_14,2012,18,1,167,UN_ID_FD,unknown_sp,0.1,species,cover,0.25,m2,Fine debris; non-taxonomic observation.
GAZP_8,GAZP,8_14,2012,18,1,167,UN_ID_TC,unknown_sp,0.1,species,cover,0.25,m2,Total cover; non-taxonomic observation.
GAZP_8,GAZP,8_14,2012,18,2,168,UN_ID_BG,unknown_sp,97.5,species,cover,0.25,m2,Bare ground; non-taxonomic observation.
GAZP_8,GAZP,8_14,2012,18,2,168,UN_ID_FD,unknown_sp,0.1,species,cover,0.25,m2,Fine debris; non-taxonomic observation.
GAZP_8,GAZP,8_14,2012,18,2,168,UN_ID_TC,unknown_sp,0.1,species,cover,0.25,m2,Total cover; non-taxonomic observation.
GAZP_8,GAZP,8_14,2012,18,2,169,UN_ID_BG,unknown_sp,97.5,species,cover,0.25,m2,Bare ground; non-taxonomic observation.
GAZP_8,GAZP,8_14,2012,18,2,169,UN_ID_FD,unknown_sp,0.1,species,cover,0.25,m2,Fine debris; non-taxonomic observation.
GAZP_8,GAZP,8_14,2012,18,2,170,UN_ID_BG,unknown_sp,97.5,species,cover,0.25,m2,Bare ground; non-taxonomic observation.
GAZP_8,GAZP,8_14,2012,18,2,170,UN_ID_FD,unknown_sp,0.1,species,cover,0.25,m2,Fine debris; non-taxonomic observation.
GAZP_8,GAZP,8_14,2012,18,2,170,UN_ID_TC,unknown_sp,0.1,species,cover,0.25,m2,Total cover; non-taxonomic observation.
GAZP_8,GAZP,8_14,2012,18,3,171,UN_ID_BG,unknown_sp,97.5,species,cover,0.25,m2,Bare ground; non-taxonomic observation.
GAZP_8,GAZP,8_14,2012,18,3,171,UN_ID_FD,unknown_sp,0.1,species,cover,0.25,m2,Fine debris; non-taxonomic observation.
GAZP_8,GAZP,8_14,2012,18,3,172,UN_ID_BG,unknown_sp,97.5,species,cover,0.25,m2,Bare ground; non-taxonomic observation.
GAZP_8,GAZP,8_14,2012,18,3,172,UN_ID_FD,unknown_sp,0.1,species,cover,0.25,m2,Fine debris; non-taxonomic observation.
GAZP_8,GAZP,8_14,2012,18,3,173,UN_ID_BG,unknown_sp,97.5,species,cover,0.25,m2,Bare ground; non-taxonomic observation.
GAZP_8,GAZP,8_14,2012,18,3,173,UN_ID_FD,unknown_sp,0.1,species,cover,0.25,m2,Fine debris; non-taxonomic observation.
GAZP_8,GAZP,8_14,2013,77,1,165,UN_ID_BG,unknown_sp,62.5,species,cover,0.25,m2,Bare ground; non-taxonomic observation.
GAZP_8,GAZP,8_14,2013,77,1,165,UN_ID_FD,unknown_sp,0.5,species,cover,0.25,m2,Fine debris; non-taxonomic observation.
GAZP_8,GAZP,8_14,2013,77,1,166,UN_ID_BG,unknown_sp,62.5,species,cover,0.25,m2,Bare ground; non-taxonomic observation.
GAZP_8,GAZP,8_14,2013,77,1,166,UN_ID_FD,unknown_sp,0.5,species,cover,0.25,m2,Fine debris; non-taxonomic observation.
GAZP_8,GAZP,8_14,2013,77,2,169,UN_ID_BG,unknown_sp,62.5,species,cover,0.25,m2,Bare ground; non-taxonomic observation.
GAZP_8,GAZP,8_14,2013,77,2,169,UN_ID_FD,unknown_sp,3,species,cover,0.25,m2,Fine debris; non-taxonomic observation.
GAZP_8,GAZP,8_14,2013,77,3,171,UN_ID_BG,unknown_sp,97.5,species,cover,0.25,m2,Bare ground; non-taxonomic observation.
GAZP_8,GAZP,8_14,2013,77,3,171,UN_ID_FD,unknown_sp,0.1,species,cover,0.25,m2,Fine debris; non-taxonomic observation.
GAZP_8,GAZP,8_14,2013,77,3,172,UN_ID_BG,unknown_sp,97.5,species,cover,0.25,m2,Bare ground; non-taxonomic observation.
GAZP_8,GAZP,8_14,2013,77,3,172,UN_ID_FD,unknown_sp,0.1,species,cover,0.25,m2,Fine debris; non-taxonomic observation.
GAZP_8,GAZP,8_14,2013,77,3,173,UN_ID_BG,unknown_sp,97.5,species,cover,0.25,m2,Bare ground; non-taxonomic observation.
GAZP_8,GAZP,8_14,2013,77,3,173,UN_ID_CD,unknown_sp,0.1,species,cover,0.25,m2,Meaning could not be determined from the source data.
GAZP_8,GAZP,8_14,2013,77,3,173,UN_ID_FD,unknown_sp,0.1,species,cover,0.25,m2,Fine debris; non-taxonomic observation.
GAZP_8,GAZP,8_15,2014,177,1,174,UN_ID_BG,unknown_sp,15,species,cover,0.25,m2,Bare ground; non-taxonomic observation.
GAZP_8,GAZP,8_15,2014,177,1,175,UN_ID_BG,unknown_sp,37.5,species,cover,0.25,m2,Bare ground; non-taxonomic observation.
GAZP_8,GAZP,8_15,2014,177,1,176,UN_ID_BG,unknown_sp,3,species,cover,0.25,m2,Bare ground; non-taxonomic observation.
GAZP_8,GAZP,8_15,2014,177,2,177,UN_ID_BG,unknown_sp,37.5,species,cover,0.25,m2,Bare ground; non-taxonomic observation.
GAZP_8,GAZP,8_15,2014,177,2,178,UN_ID_BG,unknown_sp,37.5,species,cover,0.25,m2,Bare ground; non-taxonomic observation.
GAZP_8,GAZP,8_15,2014,177,2,179,UN_ID_BG,unknown_sp,37.5,species,cover,0.25,m2,Bare ground; non-taxonomic observation.
GAZP_8,GAZP,8_15,2014,177,3,180,UN_ID_BG,unknown_sp,85,species,cover,0.25,m2,Bare ground; non-taxonomic observation.
GAZP_8,GAZP,8_15,2014,177,3,181,UN_ID_BG,unknown_sp,37.5,species,cover,0.25,m2,Bare ground; non-taxonomic observation.
GAZP_8,GAZP,8_15,2014,177,3,182,UN_ID_BG,unknown_sp,85,species,cover,0.25,m2,Bare ground; non-taxonomic observation.
GAZP_8,GAZP,8_15,2012,18,1,174,UN_ID_BG,unknown_sp,97.5,species,cover,0.25,m2,Bare ground; non-taxonomic observation.
GAZP_8,GAZP,8_15,2012,18,1,174,UN_ID_FD,unknown_sp,0.1,species,cover,0.25,m2,Fine debris; non-taxonomic observation.
GAZP_8,GAZP,8_15,2012,18,1,174,UN_ID_TC,unknown_sp,0.1,species,cover,0.25,m2,Total cover; non-taxonomic observation.
GAZP_8,GAZP,8_15,2012,18,1,174,UN_ID_TS,unknown_sp,0.1,species,cover,0.25,m2,Triticale seeds; non-taxonomic observation.
GAZP_8,GAZP,8_15,2012,18,1,175,UN_ID_BG,unknown_sp,97.5,species,cover,0.25,m2,Bare ground; non-taxonomic observation.
GAZP_8,GAZP,8_15,2012,18,1,175,UN_ID_FD,unknown_sp,0.1,species,cover,0.25,m2,Fine debris; non-taxonomic observation.
GAZP_8,GAZP,8_15,2012,18,1,175,UN_ID_TC,unknown_sp,0.1,species,cover,0.25,m2,Total cover; non-taxonomic observation.
GAZP_8,GAZP,8_15,2012,18,1,176,UN_ID_BG,unknown_sp,97.5,species,cover,0.25,m2,Bare ground; non-taxonomic observation.
GAZP_8,GAZP,8_15,2012,18,1,176,UN_ID_FD,unknown_sp,0.1,species,cover,0.25,m2,Fine debris; non-taxonomic observation.
GAZP_8,GAZP,8_15,2012,18,1,176,UN_ID_TC,unknown_sp,0.1,species,cover,0.25,m2,Total cover; non-taxonomic observation.
GAZP_8,GAZP,8_15,2012,18,2,177,UN_ID_BG,unknown_sp,97.5,species,cover,0.25,m2,Bare ground; non-taxonomic observation.
GAZP_8,GAZP,8_15,2012,18,2,177,UN_ID_FD,unknown_sp,0.1,species,cover,0.25,m2,Fine debris; non-taxonomic observation.
GAZP_8,GAZP,8_15,2012,18,2,177,UN_ID_TC,unknown_sp,0.1,species,cover,0.25,m2,Total cover; non-taxonomic observation.
GAZP_8,GAZP,8_15,2012,18,2,178,UN_ID_BG,unknown_sp,97.5,species,cover,0.25,m2,Bare ground; non-taxonomic observation.
GAZP_8,GAZP,8_15,2012,18,2,178,UN_ID_FD,unknown_sp,0.1,species,cover,0.25,m2,Fine debris; non-taxonomic observation.
GAZP_8,GAZP,8_15,2012,18,2,179,UN_ID_BG,unknown_sp,97.5,species,cover,0.25,m2,Bare ground; non-taxonomic observation.
GAZP_8,GAZP,8_15,2012,18,2,179,UN_ID_FD,unknown_sp,0.1,species,cover,0.25,m2,Fine debris; non-taxonomic observation.
GAZP_8,GAZP,8_15,2012,18,2,179,UN_ID_TC,unknown_sp,0.1,species,cover,0.25,m2,Total cover; non-taxonomic observation.
GAZP_8,GAZP,8_15,2012,18,3,180,UN_ID_BG,unknown_sp,97.5,species,cover,0.25,m2,Bare ground; non-taxonomic observation.
GAZP_8,GAZP,8_15,2012,18,3,180,UN_ID_FD,unknown_sp,0.1,species,cover,0.25,m2,Fine debris; non-taxonomic observation.
GAZP_8,GAZP,8_15,2012,18,3,181,UN_ID_BG,unknown_sp,97.5,species,cover,0.25,m2,Bare ground; non-taxonomic observation.
GAZP_8,GAZP,8_15,2012,18,3,181,UN_ID_FD,unknown_sp,0.1,species,cover,0.25,m2,Fine debris; non-taxonomic observation.
GAZP_8,GAZP,8_15,2012,18,3,182,UN_ID_BG,unknown_sp,97.5,species,cover,0.25,m2,Bare ground; non-taxonomic observation.
GAZP_8,GAZP,8_15,2012,18,3,182,UN_ID_FD,unknown_sp,0.1,species,cover,0.25,m2,Fine debris; non-taxonomic observation.
GAZP_8,GAZP,8_15,2013,77,1,174,UN_ID_BG,unknown_sp,37.5,species,cover,0.25,m2,Bare ground; non-taxonomic observation.
GAZP_8,GAZP,8_15,2013,77,1,174,UN_ID_FD,unknown_sp,0.5,species,cover,0.25,m2,Fine debris; non-taxonomic observation.
GAZP_8,GAZP,8_15,2013,77,1,175,UN_ID_BG,unknown_sp,85,species,cover,0.25,m2,Bare ground; non-taxonomic observation.
GAZP_8,GAZP,8_15,2013,77,1,175,UN_ID_FD,unknown_sp,0.5,species,cover,0.25,m2,Fine debris; non-taxonomic observation.
GAZP_8,GAZP,8_15,2013,77,3,180,UN_ID_BG,unknown_sp,97.5,species,cover,0.25,m2,Bare ground; non-taxonomic observation.
GAZP_8,GAZP,8_15,2013,77,3,180,UN_ID_FD,unknown_sp,0.1,species,cover,0.25,m2,Fine debris; non-taxonomic observation.
GAZP_8,GAZP,8_15,2013,77,3,181,UN_ID_BG,unknown_sp,97.5,species,cover,0.25,m2,Bare ground; non-taxonomic observation.
GAZP_8,GAZP,8_15,2013,77,3,181,UN_ID_FD,unknown_sp,0.1,species,cover,0.25,m2,Fine debris; non-taxonomic observation.
GAZP_8,GAZP,8_15,2013,77,3,182,UN_ID_BG,unknown_sp,97.5,species,cover,0.25,m2,Bare ground; non-taxonomic observation.
GAZP_8,GAZP,8_15,2013,77,3,182,UN_ID_FD,unknown_sp,0.1,species,cover,0.25,m2,Fine debris; non-taxonomic observation.
GAZP_8,GAZP,8_16,2014,177,1,183,UN_ID_BG,unknown_sp,15,species,cover,0.25,m2,Bare ground; non-taxonomic observation.
GAZP_8,GAZP,8_16,2014,177,1,184,UN_ID_BG,unknown_sp,3,species,cover,0.25,m2,Bare ground; non-taxonomic observation.
GAZP_8,GAZP,8_16,2014,177,1,185,UN_ID_BG,unknown_sp,15,species,cover,0.25,m2,Bare ground; non-taxonomic observation.
GAZP_8,GAZP,8_16,2014,177,2,186,UN_ID_BG,unknown_sp,85,species,cover,0.25,m2,Bare ground; non-taxonomic observation.
GAZP_8,GAZP,8_16,2014,177,2,187,UN_ID_BG,unknown_sp,62.5,species,cover,0.25,m2,Bare ground; non-taxonomic observation.
GAZP_8,GAZP,8_16,2014,177,2,188,UN_ID_BG,unknown_sp,37.5,species,cover,0.25,m2,Bare ground; non-taxonomic observation.
GAZP_8,GAZP,8_16,2014,177,3,189,UN_ID_BG,unknown_sp,85,species,cover,0.25,m2,Bare ground; non-taxonomic observation.
GAZP_8,GAZP,8_16,2014,177,3,190,UN_ID_BG,unknown_sp,85,species,cover,0.25,m2,Bare ground; non-taxonomic observation.
GAZP_8,GAZP,8_16,2014,177,3,191,UN_ID_BG,unknown_sp,97.5,species,cover,0.25,m2,Bare ground; non-taxonomic observation.
GAZP_8,GAZP,8_16,2012,18,1,183,UN_ID_BG,unknown_sp,97.5,species,cover,0.25,m2,Bare ground; non-taxonomic observation.
GAZP_8,GAZP,8_16,2012,18,1,183,UN_ID_FD,unknown_sp,0.1,species,cover,0.25,m2,Fine debris; non-taxonomic observation.
GAZP_8,GAZP,8_16,2012,18,1,183,UN_ID_TC,unknown_sp,0.1,species,cover,0.25,m2,Total cover; non-taxonomic observation.
GAZP_8,GAZP,8_16,2012,18,1,184,UN_ID_BG,unknown_sp,97.5,species,cover,0.25,m2,Bare ground; non-taxonomic observation.
GAZP_8,GAZP,8_16,2012,18,1,184,UN_ID_FD,unknown_sp,0.1,species,cover,0.25,m2,Fine debris; non-taxonomic observation.
GAZP_8,GAZP,8_16,2012,18,1,184,UN_ID_TC,unknown_sp,0.1,species,cover,0.25,m2,Total cover; non-taxonomic observation.
GAZP_8,GAZP,8_16,2012,18,1,184,UN_ID_TS,unknown_sp,0.1,species,cover,0.25,m2,Triticale seeds; non-taxonomic observation.
GAZP_8,GAZP,8_16,2012,18,1,185,UN_ID_BG,unknown_sp,97.5,species,cover,0.25,m2,Bare ground; non-taxonomic observation.
GAZP_8,GAZP,8_16,2012,18,1,185,UN_ID_FD,unknown_sp,0.1,species,cover,0.25,m2,Fine debris; non-taxonomic observation.
GAZP_8,GAZP,8_16,2012,18,1,185,UN_ID_TC,unknown_sp,0.1,species,cover,0.25,m2,Total cover; non-taxonomic observation.
GAZP_8,GAZP,8_16,2012,18,2,186,UN_ID_BG,unknown_sp,97.5,species,cover,0.25,m2,Bare ground; non-taxonomic observation.
GAZP_8,GAZP,8_16,2012,18,2,186,UN_ID_FD,unknown_sp,0.1,species,cover,0.25,m2,Fine debris; non-taxonomic observation.
GAZP_8,GAZP,8_16,2012,18,2,186,UN_ID_TC,unknown_sp,0.1,species,cover,0.25,m2,Total cover; non-taxonomic observation.
GAZP_8,GAZP,8_16,2012,18,2,187,UN_ID_BG,unknown_sp,97.5,species,cover,0.25,m2,Bare ground; non-taxonomic observation.
GAZP_8,GAZP,8_16,2012,18,2,187,UN_ID_FD,unknown_sp,0.1,species,cover,0.25,m2,Fine debris; non-taxonomic observation.
GAZP_8,GAZP,8_16,2012,18,2,188,UN_ID_BG,unknown_sp,97.5,species,cover,0.25,m2,Bare ground; non-taxonomic observation.
GAZP_8,GAZP,8_16,2012,18,2,188,UN_ID_FD,unknown_sp,0.1,species,cover,0.25,m2,Fine debris; non-taxonomic observation.
GAZP_8,GAZP,8_16,2012,18,2,188,UN_ID_TC,unknown_sp,0.1,species,cover,0.25,m2,Total cover; non-taxonomic observation.
GAZP_8,GAZP,8_16,2012,18,3,189,UN_ID_BG,unknown_sp,97.5,species,cover,0.25,m2,Bare ground; non-taxonomic observation.
GAZP_8,GAZP,8_16,2012,18,3,189,UN_ID_FD,unknown_sp,0.1,species,cover,0.25,m2,Fine debris; non-taxonomic observation.
GAZP_8,GAZP,8_16,2012,18,3,190,UN_ID_BG,unknown_sp,97.5,species,cover,0.25,m2,Bare ground; non-taxonomic observation.
GAZP_8,GAZP,8_16,2012,18,3,190,UN_ID_FD,unknown_sp,0.1,species,cover,0.25,m2,Fine debris; non-taxonomic observation.
GAZP_8,GAZP,8_16,2012,18,3,191,UN_ID_BG,unknown_sp,97.5,species,cover,0.25,m2,Bare ground; non-taxonomic observation.
GAZP_8,GAZP,8_16,2012,18,3,191,UN_ID_CD,unknown_sp,0.1,species,cover,0.25,m2,Meaning could not be determined from the source data.
GAZP_8,GAZP,8_16,2012,18,3,191,UN_ID_FD,unknown_sp,0.1,species,cover,0.25,m2,Fine debris; non-taxonomic observation.
GAZP_8,GAZP,8_16,2013,77,1,183,UN_ID_BG,unknown_sp,37.5,species,cover,0.25,m2,Bare ground; non-taxonomic observation.
GAZP_8,GAZP,8_16,2013,77,1,183,UN_ID_FD,unknown_sp,0.5,species,cover,0.25,m2,Fine debris; non-taxonomic observation.
GAZP_8,GAZP,8_16,2013,77,1,184,UN_ID_BG,unknown_sp,3,species,cover,0.25,m2,Bare ground; non-taxonomic observation.
GAZP_8,GAZP,8_16,2013,77,1,184,UN_ID_FD,unknown_sp,0.5,species,cover,0.25,m2,Fine debris; non-taxonomic observation.
GAZP_8,GAZP,8_16,2013,77,1,185,UN_ID_BG,unknown_sp,62.5,species,cover,0.25,m2,Bare ground; non-taxonomic observation.
GAZP_8,GAZP,8_16,2013,77,1,185,UN_ID_FD,unknown_sp,0.5,species,cover,0.25,m2,Fine debris; non-taxonomic observation.
GAZP_8,GAZP,8_16,2013,77,3,189,UN_ID_BG,unknown_sp,85,species,cover,0.25,m2,Bare ground; non-taxonomic observation.
GAZP_8,GAZP,8_16,2013,77,3,189,UN_ID_CD,unknown_sp,0.5,species,cover,0.25,m2,Meaning could not be determined from the source data.
GAZP_8,GAZP,8_16,2013,77,3,189,UN_ID_FD,unknown_sp,0.1,species,cover,0.25,m2,Fine debris; non-taxonomic observation.
GAZP_8,GAZP,8_16,2013,77,3,190,UN_ID_BG,unknown_sp,97.5,species,cover,0.25,m2,Bare ground; non-taxonomic observation.
GAZP_8,GAZP,8_16,2013,77,3,190,UN_ID_FD,unknown_sp,0.1,species,cover,0.25,m2,Fine debris; non-taxonomic observation.
GAZP_8,GAZP,8_16,2013,77,3,191,UN_ID_BG,unknown_sp,97.5,species,cover,0.25,m2,Bare ground; non-taxonomic observation.
GAZP_8,GAZP,8_16,2013,77,3,191,UN_ID_FD,unknown_sp,0.1,species,cover,0.25,m2,Fine debris; non-taxonomic observation.
GAZP_8,GAZP,8_17,2014,177,1,192,UN_ID_BG,unknown_sp,15,species,cover,0.25,m2,Bare ground; non-taxonomic observation.
GAZP_8,GAZP,8_17,2014,177,1,193,UN_ID_BG,unknown_sp,3,species,cover,0.25,m2,Bare ground; non-taxonomic observation.
GAZP_8,GAZP,8_17,2014,177,1,194,UN_ID_BG,unknown_sp,37.5,species,cover,0.25,m2,Bare ground; non-taxonomic observation.
GAZP_8,GAZP,8_17,2014,177,2,195,UN_ID_BG,unknown_sp,62.5,species,cover,0.25,m2,Bare ground; non-taxonomic observation.
GAZP_8,GAZP,8_17,2014,177,2,196,UN_ID_BG,unknown_sp,62.5,species,cover,0.25,m2,Bare ground; non-taxonomic observation.
GAZP_8,GAZP,8_17,2014,177,2,197,UN_ID_BG,unknown_sp,37.5,species,cover,0.25,m2,Bare ground; non-taxonomic observation.
GAZP_8,GAZP,8_17,2014,177,3,198,UN_ID_BG,unknown_sp,97.5,species,cover,0.25,m2,Bare ground; non-taxonomic observation.
GAZP_8,GAZP,8_17,2014,177,3,199,UN_ID_BG,unknown_sp,62.5,species,cover,0.25,m2,Bare ground; non-taxonomic observation.
GAZP_8,GAZP,8_17,2014,177,3,200,UN_ID_BG,unknown_sp,37.5,species,cover,0.25,m2,Bare ground; non-taxonomic observation.
GAZP_8,GAZP,8_17,2012,18,1,192,UN_ID_BG,unknown_sp,97.5,species,cover,0.25,m2,Bare ground; non-taxonomic observation.
GAZP_8,GAZP,8_17,2012,18,1,192,UN_ID_FD,unknown_sp,0.1,species,cover,0.25,m2,Fine debris; non-taxonomic observation.
GAZP_8,GAZP,8_17,2012,18,1,192,UN_ID_TC,unknown_sp,0.1,species,cover,0.25,m2,Total cover; non-taxonomic observation.
GAZP_8,GAZP,8_17,2012,18,1,193,UN_ID_BG,unknown_sp,97.5,species,cover,0.25,m2,Bare ground; non-taxonomic observation.
GAZP_8,GAZP,8_17,2012,18,1,193,UN_ID_FD,unknown_sp,0.1,species,cover,0.25,m2,Fine debris; non-taxonomic observation.
GAZP_8,GAZP,8_17,2012,18,1,193,UN_ID_TC,unknown_sp,0.1,species,cover,0.25,m2,Total cover; non-taxonomic observation.
GAZP_8,GAZP,8_17,2012,18,1,193,UN_ID_TS,unknown_sp,0.1,species,cover,0.25,m2,Triticale seeds; non-taxonomic observation.
GAZP_8,GAZP,8_17,2012,18,1,194,UN_ID_BG,unknown_sp,97.5,species,cover,0.25,m2,Bare ground; non-taxonomic observation.
GAZP_8,GAZP,8_17,2012,18,1,194,UN_ID_FD,unknown_sp,0.1,species,cover,0.25,m2,Fine debris; non-taxonomic observation.
GAZP_8,GAZP,8_17,2012,18,1,194,UN_ID_TC,unknown_sp,0.1,species,cover,0.25,m2,Total cover; non-taxonomic observation.
GAZP_8,GAZP,8_17,2012,18,2,195,UN_ID_BG,unknown_sp,97.5,species,cover,0.25,m2,Bare ground; non-taxonomic observation.
GAZP_8,GAZP,8_17,2012,18,2,195,UN_ID_FD,unknown_sp,0.1,species,cover,0.25,m2,Fine debris; non-taxonomic observation.
GAZP_8,GAZP,8_17,2012,18,2,195,UN_ID_TC,unknown_sp,0.1,species,cover,0.25,m2,Total cover; non-taxonomic observation.
GAZP_8,GAZP,8_17,2012,18,2,196,UN_ID_BG,unknown_sp,97.5,species,cover,0.25,m2,Bare ground; non-taxonomic observation.
GAZP_8,GAZP,8_17,2012,18,2,196,UN_ID_FD,unknown_sp,0.1,species,cover,0.25,m2,Fine debris; non-taxonomic observation.
GAZP_8,GAZP,8_17,2012,18,2,197,UN_ID_BG,unknown_sp,97.5,species,cover,0.25,m2,Bare ground; non-taxonomic observation.
GAZP_8,GAZP,8_17,2012,18,2,197,UN_ID_FD,unknown_sp,0.1,species,cover,0.25,m2,Fine debris; non-taxonomic observation.
GAZP_8,GAZP,8_17,2012,18,2,197,UN_ID_TC,unknown_sp,0.1,species,cover,0.25,m2,Total cover; non-taxonomic observation.
GAZP_8,GAZP,8_17,2012,18,3,198,UN_ID_BG,unknown_sp,97.5,species,cover,0.25,m2,Bare ground; non-taxonomic observation.
GAZP_8,GAZP,8_17,2012,18,3,198,UN_ID_FD,unknown_sp,0.1,species,cover,0.25,m2,Fine debris; non-taxonomic observation.
GAZP_8,GAZP,8_17,2012,18,3,199,UN_ID_BG,unknown_sp,97.5,species,cover,0.25,m2,Bare ground; non-taxonomic observation.
GAZP_8,GAZP,8_17,2012,18,3,199,UN_ID_CD,unknown_sp,0.1,species,cover,0.25,m2,Meaning could not be determined from the source data.
GAZP_8,GAZP,8_17,2012,18,3,199,UN_ID_FD,unknown_sp,0.1,species,cover,0.25,m2,Fine debris; non-taxonomic observation.
GAZP_8,GAZP,8_17,2012,18,3,200,UN_ID_BG,unknown_sp,97.5,species,cover,0.25,m2,Bare ground; non-taxonomic observation.
GAZP_8,GAZP,8_17,2012,18,3,200,UN_ID_FD,unknown_sp,0.1,species,cover,0.25,m2,Fine debris; non-taxonomic observation.
GAZP_8,GAZP,8_17,2013,77,1,192,UN_ID_BG,unknown_sp,37.5,species,cover,0.25,m2,Bare ground; non-taxonomic observation.
GAZP_8,GAZP,8_17,2013,77,1,192,UN_ID_FD,unknown_sp,0.5,species,cover,0.25,m2,Fine debris; non-taxonomic observation.
GAZP_8,GAZP,8_17,2013,77,1,193,UN_ID_BG,unknown_sp,3,species,cover,0.25,m2,Bare ground; non-taxonomic observation.
GAZP_8,GAZP,8_17,2013,77,1,193,UN_ID_FD,unknown_sp,0.5,species,cover,0.25,m2,Fine debris; non-taxonomic observation.
GAZP_8,GAZP,8_17,2013,77,1,194,UN_ID_BG,unknown_sp,62.5,species,cover,0.25,m2,Bare ground; non-taxonomic observation.
GAZP_8,GAZP,8_17,2013,77,1,194,UN_ID_FD,unknown_sp,0.5,species,cover,0.25,m2,Fine debris; non-taxonomic observation.
GAZP_8,GAZP,8_17,2013,77,3,198,UN_ID_BG,unknown_sp,85,species,cover,0.25,m2,Bare ground; non-taxonomic observation.
GAZP_8,GAZP,8_17,2013,77,3,198,UN_ID_FD,unknown_sp,0.1,species,cover,0.25,m2,Fine debris; non-taxonomic observation.
GAZP_8,GAZP,8_17,2013,77,3,199,UN_ID_BG,unknown_sp,85,species,cover,0.25,m2,Bare ground; non-taxonomic observation.
GAZP_8,GAZP,8_17,2013,77,3,199,UN_ID_CD,unknown_sp,0.5,species,cover,0.25,m2,Meaning could not be determined from the source data.
GAZP_8,GAZP,8_17,2013,77,3,199,UN_ID_FD,unknown_sp,0.1,species,cover,0.25,m2,Fine debris; non-taxonomic observation.
GAZP_8,GAZP,8_17,2013,77,3,200,UN_ID_BG,unknown_sp,97.5,species,cover,0.25,m2,Bare ground; non-taxonomic observation.
GAZP_8,GAZP,8_17,2013,77,3,200,UN_ID_FD,unknown_sp,0.1,species,cover,0.25,m2,Fine debris; non-taxonomic observation.
GAZP_8,GAZP,8_18,2014,177,1,201,UN_ID_BG,unknown_sp,15,species,cover,0.25,m2,Bare ground; non-taxonomic observation.
GAZP_8,GAZP,8_18,2014,177,1,202,UN_ID_BG,unknown_sp,3,species,cover,0.25,m2,Bare ground; non-taxonomic observation.
GAZP_8,GAZP,8_18,2014,177,1,203,UN_ID_BG,unknown_sp,37.5,species,cover,0.25,m2,Bare ground; non-taxonomic observation.
GAZP_8,GAZP,8_18,2014,177,2,204,UN_ID_BG,unknown_sp,62.5,species,cover,0.25,m2,Bare ground; non-taxonomic observation.
GAZP_8,GAZP,8_18,2014,177,2,205,UN_ID_BG,unknown_sp,62.5,species,cover,0.25,m2,Bare ground; non-taxonomic observation.
GAZP_8,GAZP,8_18,2014,177,2,206,UN_ID_BG,unknown_sp,3,species,cover,0.25,m2,Bare ground; non-taxonomic observation.
GAZP_8,GAZP,8_18,2014,177,3,207,UN_ID_BG,unknown_sp,97.5,species,cover,0.25,m2,Bare ground; non-taxonomic observation.
GAZP_8,GAZP,8_18,2014,177,3,208,UN_ID_BG,unknown_sp,85,species,cover,0.25,m2,Bare ground; non-taxonomic observation.
GAZP_8,GAZP,8_18,2014,177,3,209,UN_ID_BG,unknown_sp,62.5,species,cover,0.25,m2,Bare ground; non-taxonomic observation.
GAZP_8,GAZP,8_18,2012,18,1,201,UN_ID_BG,unknown_sp,97.5,species,cover,0.25,m2,Bare ground; non-taxonomic observation.
GAZP_8,GAZP,8_18,2012,18,1,201,UN_ID_FD,unknown_sp,0.1,species,cover,0.25,m2,Fine debris; non-taxonomic observation.
GAZP_8,GAZP,8_18,2012,18,1,201,UN_ID_TC,unknown_sp,0.1,species,cover,0.25,m2,Total cover; non-taxonomic observation.
GAZP_8,GAZP,8_18,2012,18,1,202,UN_ID_BG,unknown_sp,97.5,species,cover,0.25,m2,Bare ground; non-taxonomic observation.
GAZP_8,GAZP,8_18,2012,18,1,202,UN_ID_FD,unknown_sp,0.1,species,cover,0.25,m2,Fine debris; non-taxonomic observation.
GAZP_8,GAZP,8_18,2012,18,1,202,UN_ID_TC,unknown_sp,0.1,species,cover,0.25,m2,Total cover; non-taxonomic observation.
GAZP_8,GAZP,8_18,2012,18,1,202,UN_ID_TS,unknown_sp,0.1,species,cover,0.25,m2,Triticale seeds; non-taxonomic observation.
GAZP_8,GAZP,8_18,2012,18,1,203,UN_ID_BG,unknown_sp,97.5,species,cover,0.25,m2,Bare ground; non-taxonomic observation.
GAZP_8,GAZP,8_18,2012,18,1,203,UN_ID_FD,unknown_sp,0.1,species,cover,0.25,m2,Fine debris; non-taxonomic observation.
GAZP_8,GAZP,8_18,2012,18,1,203,UN_ID_TC,unknown_sp,0.1,species,cover,0.25,m2,Total cover; non-taxonomic observation.
GAZP_8,GAZP,8_18,2012,18,2,204,UN_ID_BG,unknown_sp,97.5,species,cover,0.25,m2,Bare ground; non-taxonomic observation.
GAZP_8,GAZP,8_18,2012,18,2,204,UN_ID_FD,unknown_sp,0.1,species,cover,0.25,m2,Fine debris; non-taxonomic observation.
GAZP_8,GAZP,8_18,2012,18,2,204,UN_ID_TC,unknown_sp,0.1,species,cover,0.25,m2,Total cover; non-taxonomic observation.
GAZP_8,GAZP,8_18,2012,18,2,205,UN_ID_BG,unknown_sp,97.5,species,cover,0.25,m2,Bare ground; non-taxonomic observation.
GAZP_8,GAZP,8_18,2012,18,2,205,UN_ID_FD,unknown_sp,0.1,species,cover,0.25,m2,Fine debris; non-taxonomic observation.
GAZP_8,GAZP,8_18,2012,18,2,206,UN_ID_BG,unknown_sp,97.5,species,cover,0.25,m2,Bare ground; non-taxonomic observation.
GAZP_8,GAZP,8_18,2012,18,2,206,UN_ID_FD,unknown_sp,0.1,species,cover,0.25,m2,Fine debris; non-taxonomic observation.
GAZP_8,GAZP,8_18,2012,18,2,206,UN_ID_TC,unknown_sp,0.1,species,cover,0.25,m2,Total cover; non-taxonomic observation.
GAZP_8,GAZP,8_18,2012,18,3,207,UN_ID_BG,unknown_sp,97.5,species,cover,0.25,m2,Bare ground; non-taxonomic observation.
GAZP_8,GAZP,8_18,2012,18,3,207,UN_ID_FD,unknown_sp,0.1,species,cover,0.25,m2,Fine debris; non-taxonomic observation.
GAZP_8,GAZP,8_18,2012,18,3,208,UN_ID_BG,unknown_sp,97.5,species,cover,0.25,m2,Bare ground; non-taxonomic observation.
GAZP_8,GAZP,8_18,2012,18,3,208,UN_ID_FD,unknown_sp,0.1,species,cover,0.25,m2,Fine debris; non-taxonomic observation.
GAZP_8,GAZP,8_18,2012,18,3,209,UN_ID_BG,unknown_sp,97.5,species,cover,0.25,m2,Bare ground; non-taxonomic observation.
GAZP_8,GAZP,8_18,2012,18,3,209,UN_ID_FD,unknown_sp,0.1,species,cover,0.25,m2,Fine debris; non-taxonomic observation.
GAZP_8,GAZP,8_18,2013,77,1,201,UN_ID_BG,unknown_sp,15,species,cover,0.25,m2,Bare ground; non-taxonomic observation.
GAZP_8,GAZP,8_18,2013,77,1,201,UN_ID_FD,unknown_sp,0.5,species,cover,0.25,m2,Fine debris; non-taxonomic observation.
GAZP_8,GAZP,8_18,2013,77,1,202,UN_ID_BG,unknown_sp,3,species,cover,0.25,m2,Bare ground; non-taxonomic observation.
GAZP_8,GAZP,8_18,2013,77,1,202,UN_ID_FD,unknown_sp,0.5,species,cover,0.25,m2,Fine debris; non-taxonomic observation.
GAZP_8,GAZP,8_18,2013,77,1,203,UN_ID_BG,unknown_sp,37.5,species,cover,0.25,m2,Bare ground; non-taxonomic observation.
GAZP_8,GAZP,8_18,2013,77,1,203,UN_ID_FD,unknown_sp,0.5,species,cover,0.25,m2,Fine debris; non-taxonomic observation.
GAZP_8,GAZP,8_18,2013,77,3,207,UN_ID_BG,unknown_sp,85,species,cover,0.25,m2,Bare ground; non-taxonomic observation.
GAZP_8,GAZP,8_18,2013,77,3,207,UN_ID_CD,unknown_sp,0.5,species,cover,0.25,m2,Meaning could not be determined from the source data.
GAZP_8,GAZP,8_18,2013,77,3,207,UN_ID_FD,unknown_sp,0.1,species,cover,0.25,m2,Fine debris; non-taxonomic observation.
GAZP_8,GAZP,8_18,2013,77,3,208,UN_ID_BG,unknown_sp,97.5,species,cover,0.25,m2,Bare ground; non-taxonomic observation.
GAZP_8,GAZP,8_18,2013,77,3,208,UN_ID_FD,unknown_sp,0.1,species,cover,0.25,m2,Fine debris; non-taxonomic observation.
GAZP_8,GAZP,8_18,2013,77,3,209,UN_ID_BG,unknown_sp,85,species,cover,0.25,m2,Bare ground; non-taxonomic observation.
GAZP_8,GAZP,8_18,2013,77,3,209,UN_ID_CD,unknown_sp,0.5,species,cover,0.25,m2,Meaning could not be determined from the source data.
GAZP_8,GAZP,8_18,2013,77,3,209,UN_ID_FD,unknown_sp,0.1,species,cover,0.25,m2,Fine debris; non-taxonomic observation.
GAZP_8,GAZP,8_19,2014,177,1,210,UN_ID_BG,unknown_sp,37.5,species,cover,0.25,m2,Bare ground; non-taxonomic observation.
GAZP_8,GAZP,8_19,2014,177,1,211,UN_ID_BG,unknown_sp,3,species,cover,0.25,m2,Bare ground; non-taxonomic observation.
GAZP_8,GAZP,8_19,2014,177,1,211,UN_ID_biocrust,unknown_sp,0.5,non-vascular species,cover,0.25,m2,Biocrust; non-taxonomic observation.
GAZP_8,GAZP,8_19,2014,177,1,212,UN_ID_BG,unknown_sp,37.5,species,cover,0.25,m2,Bare ground; non-taxonomic observation.
GAZP_8,GAZP,8_19,2014,177,2,213,UN_ID_BG,unknown_sp,37.5,species,cover,0.25,m2,Bare ground; non-taxonomic observation.
GAZP_8,GAZP,8_19,2014,177,2,214,UN_ID_BG,unknown_sp,37.5,species,cover,0.25,m2,Bare ground; non-taxonomic observation.
GAZP_8,GAZP,8_19,2014,177,2,215,UN_ID_BG,unknown_sp,37.5,species,cover,0.25,m2,Bare ground; non-taxonomic observation.
GAZP_8,GAZP,8_19,2014,177,3,216,UN_ID_BG,unknown_sp,37.5,species,cover,0.25,m2,Bare ground; non-taxonomic observation.
GAZP_8,GAZP,8_19,2014,177,3,217,UN_ID_BG,unknown_sp,62.5,species,cover,0.25,m2,Bare ground; non-taxonomic observation.
GAZP_8,GAZP,8_19,2014,177,3,218,UN_ID_BG,unknown_sp,62.5,species,cover,0.25,m2,Bare ground; non-taxonomic observation.
GAZP_8,GAZP,8_19,2012,18,1,210,UN_ID_BG,unknown_sp,97.5,species,cover,0.25,m2,Bare ground; non-taxonomic observation.
GAZP_8,GAZP,8_19,2012,18,1,210,UN_ID_FD,unknown_sp,0.1,species,cover,0.25,m2,Fine debris; non-taxonomic observation.
GAZP_8,GAZP,8_19,2012,18,1,210,UN_ID_TC,unknown_sp,0.1,species,cover,0.25,m2,Total cover; non-taxonomic observation.
GAZP_8,GAZP,8_19,2012,18,1,211,UN_ID_BG,unknown_sp,97.5,species,cover,0.25,m2,Bare ground; non-taxonomic observation.
GAZP_8,GAZP,8_19,2012,18,1,211,UN_ID_FD,unknown_sp,0.1,species,cover,0.25,m2,Fine debris; non-taxonomic observation.
GAZP_8,GAZP,8_19,2012,18,1,211,UN_ID_TC,unknown_sp,0.1,species,cover,0.25,m2,Total cover; non-taxonomic observation.
GAZP_8,GAZP,8_19,2012,18,1,211,UN_ID_TS,unknown_sp,0.1,species,cover,0.25,m2,Triticale seeds; non-taxonomic observation.
GAZP_8,GAZP,8_19,2012,18,1,212,UN_ID_BG,unknown_sp,97.5,species,cover,0.25,m2,Bare ground; non-taxonomic observation.
GAZP_8,GAZP,8_19,2012,18,1,212,UN_ID_FD,unknown_sp,0.1,species,cover,0.25,m2,Fine debris; non-taxonomic observation.
GAZP_8,GAZP,8_19,2012,18,1,212,UN_ID_TC,unknown_sp,0.1,species,cover,0.25,m2,Total cover; non-taxonomic observation.
GAZP_8,GAZP,8_19,2012,18,2,213,UN_ID_BG,unknown_sp,97.5,species,cover,0.25,m2,Bare ground; non-taxonomic observation.
GAZP_8,GAZP,8_19,2012,18,2,213,UN_ID_FD,unknown_sp,0.1,species,cover,0.25,m2,Fine debris; non-taxonomic observation.
GAZP_8,GAZP,8_19,2012,18,2,213,UN_ID_TC,unknown_sp,0.1,species,cover,0.25,m2,Total cover; non-taxonomic observation.
GAZP_8,GAZP,8_19,2012,18,2,214,UN_ID_BG,unknown_sp,97.5,species,cover,0.25,m2,Bare ground; non-taxonomic observation.
GAZP_8,GAZP,8_19,2012,18,2,214,UN_ID_FD,unknown_sp,0.1,species,cover,0.25,m2,Fine debris; non-taxonomic observation.
GAZP_8,GAZP,8_19,2012,18,2,215,UN_ID_BG,unknown_sp,97.5,species,cover,0.25,m2,Bare ground; non-taxonomic observation.
GAZP_8,GAZP,8_19,2012,18,2,215,UN_ID_FD,unknown_sp,0.1,species,cover,0.25,m2,Fine debris; non-taxonomic observation.
GAZP_8,GAZP,8_19,2012,18,2,215,UN_ID_FS,unknown_sp,0.1,species,cover,0.25,m2,Meaning could not be determined from the source data.
GAZP_8,GAZP,8_19,2012,18,2,215,UN_ID_TC,unknown_sp,0.1,species,cover,0.25,m2,Total cover; non-taxonomic observation.
GAZP_8,GAZP,8_19,2012,18,3,216,UN_ID_BG,unknown_sp,97.5,species,cover,0.25,m2,Bare ground; non-taxonomic observation.
GAZP_8,GAZP,8_19,2012,18,3,216,UN_ID_FD,unknown_sp,0.1,species,cover,0.25,m2,Fine debris; non-taxonomic observation.
GAZP_8,GAZP,8_19,2012,18,3,217,UN_ID_BG,unknown_sp,97.5,species,cover,0.25,m2,Bare ground; non-taxonomic observation.
GAZP_8,GAZP,8_19,2012,18,3,217,UN_ID_CD,unknown_sp,0.1,species,cover,0.25,m2,Meaning could not be determined from the source data.
GAZP_8,GAZP,8_19,2012,18,3,217,UN_ID_FD,unknown_sp,0.1,species,cover,0.25,m2,Fine debris; non-taxonomic observation.
GAZP_8,GAZP,8_19,2012,18,3,218,UN_ID_BG,unknown_sp,97.5,species,cover,0.25,m2,Bare ground; non-taxonomic observation.
GAZP_8,GAZP,8_19,2012,18,3,218,UN_ID_FD,unknown_sp,0.1,species,cover,0.25,m2,Fine debris; non-taxonomic observation.
GAZP_8,GAZP,8_19,2013,77,1,210,UN_ID_BG,unknown_sp,37.5,species,cover,0.25,m2,Bare ground; non-taxonomic observation.
GAZP_8,GAZP,8_19,2013,77,1,210,UN_ID_FD,unknown_sp,0.5,species,cover,0.25,m2,Fine debris; non-taxonomic observation.
GAZP_8,GAZP,8_19,2013,77,1,211,UN_ID_BG,unknown_sp,3,species,cover,0.25,m2,Bare ground; non-taxonomic observation.
GAZP_8,GAZP,8_19,2013,77,1,211,UN_ID_FD,unknown_sp,0.5,species,cover,0.25,m2,Fine debris; non-taxonomic observation.
GAZP_8,GAZP,8_19,2013,77,1,212,UN_ID_BG,unknown_sp,62.5,species,cover,0.25,m2,Bare ground; non-taxonomic observation.
GAZP_8,GAZP,8_19,2013,77,1,212,UN_ID_FD,unknown_sp,0.5,species,cover,0.25,m2,Fine debris; non-taxonomic observation.
GAZP_8,GAZP,8_19,2013,77,3,216,UN_ID_BG,unknown_sp,85,species,cover,0.25,m2,Bare ground; non-taxonomic observation.
GAZP_8,GAZP,8_19,2013,77,3,216,UN_ID_FD,unknown_sp,0.1,species,cover,0.25,m2,Fine debris; non-taxonomic observation.
GAZP_8,GAZP,8_19,2013,77,3,217,UN_ID_BG,unknown_sp,85,species,cover,0.25,m2,Bare ground; non-taxonomic observation.
GAZP_8,GAZP,8_19,2013,77,3,217,UN_ID_CD,unknown_sp,0.1,species,cover,0.25,m2,Meaning could not be determined from the source data.
GAZP_8,GAZP,8_19,2013,77,3,217,UN_ID_FD,unknown_sp,0.1,species,cover,0.25,m2,Fine debris; non-taxonomic observation.
GAZP_8,GAZP,8_19,2013,77,3,218,UN_ID_BG,unknown_sp,97.5,species,cover,0.25,m2,Bare ground; non-taxonomic observation.
GAZP_8,GAZP,8_19,2013,77,3,218,UN_ID_FD,unknown_sp,0.1,species,cover,0.25,m2,Fine debris; non-taxonomic observation.
GAZP_8,GAZP,8_2,2014,177,1,219,UN_ID_BG,unknown_sp,15,species,cover,0.25,m2,Bare ground; non-taxonomic observation.
GAZP_8,GAZP,8_2,2014,177,1,235,UN_ID_BG,unknown_sp,37.5,species,cover,0.25,m2,Bare ground; non-taxonomic observation.
GAZP_8,GAZP,8_2,2014,177,1,251,UN_ID_BG,unknown_sp,37.5,species,cover,0.25,m2,Bare ground; non-taxonomic observation.
GAZP_8,GAZP,8_2,2014,177,2,283,UN_ID_BG,unknown_sp,37.5,species,cover,0.25,m2,Bare ground; non-taxonomic observation.
GAZP_8,GAZP,8_2,2014,177,2,299,UN_ID_BG,unknown_sp,37.5,species,cover,0.25,m2,Bare ground; non-taxonomic observation.
GAZP_8,GAZP,8_2,2014,177,3,315,UN_ID_BG,unknown_sp,62.5,species,cover,0.25,m2,Bare ground; non-taxonomic observation.
GAZP_8,GAZP,8_2,2014,177,3,331,UN_ID_BG,unknown_sp,37.5,species,cover,0.25,m2,Bare ground; non-taxonomic observation.
GAZP_8,GAZP,8_2,2014,177,3,347,UN_ID_BG,unknown_sp,62.5,species,cover,0.25,m2,Bare ground; non-taxonomic observation.
GAZP_8,GAZP,8_2,2012,18,1,219,UN_ID_BG,unknown_sp,97.5,species,cover,0.25,m2,Bare ground; non-taxonomic observation.
GAZP_8,GAZP,8_2,2012,18,1,219,UN_ID_FD,unknown_sp,0.1,species,cover,0.25,m2,Fine debris; non-taxonomic observation.
GAZP_8,GAZP,8_2,2012,18,1,219,UN_ID_TC,unknown_sp,0.1,species,cover,0.25,m2,Total cover; non-taxonomic observation.
GAZP_8,GAZP,8_2,2012,18,1,220,UN_ID_BG,unknown_sp,97.5,species,cover,0.25,m2,Bare ground; non-taxonomic observation.
GAZP_8,GAZP,8_2,2012,18,1,220,UN_ID_FD,unknown_sp,0.1,species,cover,0.25,m2,Fine debris; non-taxonomic observation.
GAZP_8,GAZP,8_2,2012,18,1,220,UN_ID_TC,unknown_sp,0.1,species,cover,0.25,m2,Total cover; non-taxonomic observation.
GAZP_8,GAZP,8_2,2012,18,1,221,UN_ID_BG,unknown_sp,97.5,species,cover,0.25,m2,Bare ground; non-taxonomic observation.
GAZP_8,GAZP,8_2,2012,18,1,221,UN_ID_FD,unknown_sp,0.1,species,cover,0.25,m2,Fine debris; non-taxonomic observation.
GAZP_8,GAZP,8_2,2012,18,1,221,UN_ID_TC,unknown_sp,0.1,species,cover,0.25,m2,Total cover; non-taxonomic observation.
GAZP_8,GAZP,8_2,2012,18,1,222,UN_ID_BG,unknown_sp,97.5,species,cover,0.25,m2,Bare ground; non-taxonomic observation.
GAZP_8,GAZP,8_2,2012,18,1,222,UN_ID_FD,unknown_sp,0.1,species,cover,0.25,m2,Fine debris; non-taxonomic observation.
GAZP_8,GAZP,8_2,2012,18,1,222,UN_ID_TC,unknown_sp,0.1,species,cover,0.25,m2,Total cover; non-taxonomic observation.
GAZP_8,GAZP,8_2,2012,18,1,223,UN_ID_BG,unknown_sp,97.5,species,cover,0.25,m2,Bare ground; non-taxonomic observation.
GAZP_8,GAZP,8_2,2012,18,1,223,UN_ID_FD,unknown_sp,0.1,species,cover,0.25,m2,Fine debris; non-taxonomic observation.
GAZP_8,GAZP,8_2,2012,18,1,223,UN_ID_TC,unknown_sp,0.1,species,cover,0.25,m2,Total cover; non-taxonomic observation.
GAZP_8,GAZP,8_2,2012,18,1,224,UN_ID_BG,unknown_sp,97.5,species,cover,0.25,m2,Bare ground; non-taxonomic observation.
GAZP_8,GAZP,8_2,2012,18,1,224,UN_ID_FD,unknown_sp,0.1,species,cover,0.25,m2,Fine debris; non-taxonomic observation.
GAZP_8,GAZP,8_2,2012,18,1,224,UN_ID_TC,unknown_sp,0.1,species,cover,0.25,m2,Total cover; non-taxonomic observation.
GAZP_8,GAZP,8_2,2012,18,1,225,UN_ID_BG,unknown_sp,97.5,species,cover,0.25,m2,Bare ground; non-taxonomic observation.
GAZP_8,GAZP,8_2,2012,18,1,225,UN_ID_FD,unknown_sp,0.1,species,cover,0.25,m2,Fine debris; non-taxonomic observation.
GAZP_8,GAZP,8_2,2012,18,1,225,UN_ID_TC,unknown_sp,0.1,species,cover,0.25,m2,Total cover; non-taxonomic observation.
GAZP_8,GAZP,8_2,2012,18,1,226,UN_ID_BG,unknown_sp,97.5,species,cover,0.25,m2,Bare ground; non-taxonomic observation.
GAZP_8,GAZP,8_2,2012,18,1,226,UN_ID_FD,unknown_sp,0.1,species,cover,0.25,m2,Fine debris; non-taxonomic observation.
GAZP_8,GAZP,8_2,2012,18,1,226,UN_ID_TC,unknown_sp,0.1,species,cover,0.25,m2,Total cover; non-taxonomic observation.
GAZP_8,GAZP,8_2,2012,18,1,227,UN_ID_BG,unknown_sp,97.5,species,cover,0.25,m2,Bare ground; non-taxonomic observation.
GAZP_8,GAZP,8_2,2012,18,1,227,UN_ID_FD,unknown_sp,0.1,species,cover,0.25,m2,Fine debris; non-taxonomic observation.
GAZP_8,GAZP,8_2,2012,18,1,227,UN_ID_TC,unknown_sp,0.1,species,cover,0.25,m2,Total cover; non-taxonomic observation.
GAZP_8,GAZP,8_2,2012,18,1,228,UN_ID_BG,unknown_sp,97.5,species,cover,0.25,m2,Bare ground; non-taxonomic observation.
GAZP_8,GAZP,8_2,2012,18,1,228,UN_ID_FD,unknown_sp,0.1,species,cover,0.25,m2,Fine debris; non-taxonomic observation.
GAZP_8,GAZP,8_2,2012,18,1,228,UN_ID_TC,unknown_sp,0.1,species,cover,0.25,m2,Total cover; non-taxonomic observation.
GAZP_8,GAZP,8_2,2012,18,1,229,UN_ID_BG,unknown_sp,97.5,species,cover,0.25,m2,Bare ground; non-taxonomic observation.
GAZP_8,GAZP,8_2,2012,18,1,229,UN_ID_FD,unknown_sp,0.1,species,cover,0.25,m2,Fine debris; non-taxonomic observation.
GAZP_8,GAZP,8_2,2012,18,1,229,UN_ID_TC,unknown_sp,0.1,species,cover,0.25,m2,Total cover; non-taxonomic observation.
GAZP_8,GAZP,8_2,2012,18,1,230,UN_ID_BG,unknown_sp,97.5,species,cover,0.25,m2,Bare ground; non-taxonomic observation.
GAZP_8,GAZP,8_2,2012,18,1,230,UN_ID_FD,unknown_sp,0.1,species,cover,0.25,m2,Fine debris; non-taxonomic observation.
GAZP_8,GAZP,8_2,2012,18,1,230,UN_ID_TC,unknown_sp,0.1,species,cover,0.25,m2,Total cover; non-taxonomic observation.
GAZP_8,GAZP,8_2,2012,18,1,231,UN_ID_BG,unknown_sp,97.5,species,cover,0.25,m2,Bare ground; non-taxonomic observation.
GAZP_8,GAZP,8_2,2012,18,1,231,UN_ID_FD,unknown_sp,0.1,species,cover,0.25,m2,Fine debris; non-taxonomic observation.
GAZP_8,GAZP,8_2,2012,18,1,231,UN_ID_TC,unknown_sp,0.1,species,cover,0.25,m2,Total cover; non-taxonomic observation.
GAZP_8,GAZP,8_2,2012,18,1,232,UN_ID_BG,unknown_sp,97.5,species,cover,0.25,m2,Bare ground; non-taxonomic observation.
GAZP_8,GAZP,8_2,2012,18,1,232,UN_ID_FD,unknown_sp,0.1,species,cover,0.25,m2,Fine debris; non-taxonomic observation.
GAZP_8,GAZP,8_2,2012,18,1,232,UN_ID_TC,unknown_sp,0.1,species,cover,0.25,m2,Total cover; non-taxonomic observation.
GAZP_8,GAZP,8_2,2012,18,1,233,UN_ID_BG,unknown_sp,97.5,species,cover,0.25,m2,Bare ground; non-taxonomic observation.
GAZP_8,GAZP,8_2,2012,18,1,233,UN_ID_FD,unknown_sp,0.1,species,cover,0.25,m2,Fine debris; non-taxonomic observation.
GAZP_8,GAZP,8_2,2012,18,1,233,UN_ID_TC,unknown_sp,0.1,species,cover,0.25,m2,Total cover; non-taxonomic observation.
GAZP_8,GAZP,8_2,2012,18,1,234,UN_ID_BG,unknown_sp,97.5,species,cover,0.25,m2,Bare ground; non-taxonomic observation.
GAZP_8,GAZP,8_2,2012,18,1,234,UN_ID_FD,unknown_sp,0.1,species,cover,0.25,m2,Fine debris; non-taxonomic observation.
GAZP_8,GAZP,8_2,2012,18,1,234,UN_ID_TC,unknown_sp,0.1,species,cover,0.25,m2,Total cover; non-taxonomic observation.
GAZP_8,GAZP,8_2,2012,18,1,235,UN_ID_BG,unknown_sp,97.5,species,cover,0.25,m2,Bare ground; non-taxonomic observation.
GAZP_8,GAZP,8_2,2012,18,1,235,UN_ID_FD,unknown_sp,0.1,species,cover,0.25,m2,Fine debris; non-taxonomic observation.
GAZP_8,GAZP,8_2,2012,18,1,235,UN_ID_TC,unknown_sp,0.1,species,cover,0.25,m2,Total cover; non-taxonomic observation.
GAZP_8,GAZP,8_2,2012,18,1,236,UN_ID_BG,unknown_sp,97.5,species,cover,0.25,m2,Bare ground; non-taxonomic observation.
GAZP_8,GAZP,8_2,2012,18,1,236,UN_ID_FD,unknown_sp,0.1,species,cover,0.25,m2,Fine debris; non-taxonomic observation.
GAZP_8,GAZP,8_2,2012,18,1,236,UN_ID_TC,unknown_sp,0.1,species,cover,0.25,m2,Total cover; non-taxonomic observation.
GAZP_8,GAZP,8_2,2012,18,1,237,UN_ID_BG,unknown_sp,97.5,species,cover,0.25,m2,Bare ground; non-taxonomic observation.
GAZP_8,GAZP,8_2,2012,18,1,237,UN_ID_FD,unknown_sp,0.1,species,cover,0.25,m2,Fine debris; non-taxonomic observation.
GAZP_8,GAZP,8_2,2012,18,1,237,UN_ID_TC,unknown_sp,0.1,species,cover,0.25,m2,Total cover; non-taxonomic observation.
GAZP_8,GAZP,8_2,2012,18,1,238,UN_ID_BG,unknown_sp,97.5,species,cover,0.25,m2,Bare ground; non-taxonomic observation.
GAZP_8,GAZP,8_2,2012,18,1,238,UN_ID_FD,unknown_sp,0.1,species,cover,0.25,m2,Fine debris; non-taxonomic observation.
GAZP_8,GAZP,8_2,2012,18,1,238,UN_ID_TC,unknown_sp,0.1,species,cover,0.25,m2,Total cover; non-taxonomic observation.
GAZP_8,GAZP,8_2,2012,18,1,239,UN_ID_BG,unknown_sp,97.5,species,cover,0.25,m2,Bare ground; non-taxonomic observation.
GAZP_8,GAZP,8_2,2012,18,1,239,UN_ID_FD,unknown_sp,0.1,species,cover,0.25,m2,Fine debris; non-taxonomic observation.
GAZP_8,GAZP,8_2,2012,18,1,239,UN_ID_TC,unknown_sp,0.1,species,cover,0.25,m2,Total cover; non-taxonomic observation.
GAZP_8,GAZP,8_2,2012,18,1,240,UN_ID_BG,unknown_sp,97.5,species,cover,0.25,m2,Bare ground; non-taxonomic observation.
GAZP_8,GAZP,8_2,2012,18,1,240,UN_ID_FD,unknown_sp,0.1,species,cover,0.25,m2,Fine debris; non-taxonomic observation.
GAZP_8,GAZP,8_2,2012,18,1,240,UN_ID_TC,unknown_sp,0.1,species,cover,0.25,m2,Total cover; non-taxonomic observation.
GAZP_8,GAZP,8_2,2012,18,1,241,UN_ID_BG,unknown_sp,97.5,species,cover,0.25,m2,Bare ground; non-taxonomic observation.
GAZP_8,GAZP,8_2,2012,18,1,241,UN_ID_FD,unknown_sp,0.1,species,cover,0.25,m2,Fine debris; non-taxonomic observation.
GAZP_8,GAZP,8_2,2012,18,1,241,UN_ID_TC,unknown_sp,0.1,species,cover,0.25,m2,Total cover; non-taxonomic observation.
GAZP_8,GAZP,8_2,2012,18,1,242,UN_ID_BG,unknown_sp,97.5,species,cover,0.25,m2,Bare ground; non-taxonomic observation.
GAZP_8,GAZP,8_2,2012,18,1,242,UN_ID_FD,unknown_sp,0.1,species,cover,0.25,m2,Fine debris; non-taxonomic observation.
GAZP_8,GAZP,8_2,2012,18,1,242,UN_ID_TC,unknown_sp,0.1,species,cover,0.25,m2,Total cover; non-taxonomic observation.
GAZP_8,GAZP,8_2,2012,18,1,243,UN_ID_BG,unknown_sp,97.5,species,cover,0.25,m2,Bare ground; non-taxonomic observation.
GAZP_8,GAZP,8_2,2012,18,1,243,UN_ID_FD,unknown_sp,0.1,species,cover,0.25,m2,Fine debris; non-taxonomic observation.
GAZP_8,GAZP,8_2,2012,18,1,243,UN_ID_TC,unknown_sp,0.1,species,cover,0.25,m2,Total cover; non-taxonomic observation.
GAZP_8,GAZP,8_2,2012,18,1,244,UN_ID_BG,unknown_sp,97.5,species,cover,0.25,m2,Bare ground; non-taxonomic observation.
GAZP_8,GAZP,8_2,2012,18,1,244,UN_ID_FD,unknown_sp,0.1,species,cover,0.25,m2,Fine debris; non-taxonomic observation.
GAZP_8,GAZP,8_2,2012,18,1,244,UN_ID_TC,unknown_sp,0.1,species,cover,0.25,m2,Total cover; non-taxonomic observation.
GAZP_8,GAZP,8_2,2012,18,1,245,UN_ID_BG,unknown_sp,85,species,cover,0.25,m2,Bare ground; non-taxonomic observation.
GAZP_8,GAZP,8_2,2012,18,1,245,UN_ID_FD,unknown_sp,0.1,species,cover,0.25,m2,Fine debris; non-taxonomic observation.
GAZP_8,GAZP,8_2,2012,18,1,245,UN_ID_TC,unknown_sp,0.5,species,cover,0.25,m2,Total cover; non-taxonomic observation.
GAZP_8,GAZP,8_2,2012,18,1,246,UN_ID_BG,unknown_sp,97.5,species,cover,0.25,m2,Bare ground; non-taxonomic observation.
GAZP_8,GAZP,8_2,2012,18,1,246,UN_ID_FD,unknown_sp,0.1,species,cover,0.25,m2,Fine debris; non-taxonomic observation.
GAZP_8,GAZP,8_2,2012,18,1,246,UN_ID_TC,unknown_sp,0.1,species,cover,0.25,m2,Total cover; non-taxonomic observation.
GAZP_8,GAZP,8_2,2012,18,1,247,UN_ID_BG,unknown_sp,97.5,species,cover,0.25,m2,Bare ground; non-taxonomic observation.
GAZP_8,GAZP,8_2,2012,18,1,247,UN_ID_FD,unknown_sp,0.1,species,cover,0.25,m2,Fine debris; non-taxonomic observation.
GAZP_8,GAZP,8_2,2012,18,1,247,UN_ID_TC,unknown_sp,0.1,species,cover,0.25,m2,Total cover; non-taxonomic observation.
GAZP_8,GAZP,8_2,2012,18,1,248,UN_ID_BG,unknown_sp,97.5,species,cover,0.25,m2,Bare ground; non-taxonomic observation.
GAZP_8,GAZP,8_2,2012,18,1,248,UN_ID_FD,unknown_sp,0.1,species,cover,0.25,m2,Fine debris; non-taxonomic observation.
GAZP_8,GAZP,8_2,2012,18,1,248,UN_ID_TC,unknown_sp,0.1,species,cover,0.25,m2,Total cover; non-taxonomic observation.
GAZP_8,GAZP,8_2,2012,18,1,249,UN_ID_BG,unknown_sp,97.5,species,cover,0.25,m2,Bare ground; non-taxonomic observation.
GAZP_8,GAZP,8_2,2012,18,1,249,UN_ID_FD,unknown_sp,0.1,species,cover,0.25,m2,Fine debris; non-taxonomic observation.
GAZP_8,GAZP,8_2,2012,18,1,249,UN_ID_TC,unknown_sp,0.1,species,cover,0.25,m2,Total cover; non-taxonomic observation.
GAZP_8,GAZP,8_2,2012,18,1,250,UN_ID_BG,unknown_sp,97.5,species,cover,0.25,m2,Bare ground; non-taxonomic observation.
GAZP_8,GAZP,8_2,2012,18,1,250,UN_ID_FD,unknown_sp,0.1,species,cover,0.25,m2,Fine debris; non-taxonomic observation.
GAZP_8,GAZP,8_2,2012,18,1,250,UN_ID_TC,unknown_sp,0.1,species,cover,0.25,m2,Total cover; non-taxonomic observation.
GAZP_8,GAZP,8_2,2012,18,1,251,UN_ID_BG,unknown_sp,97.5,species,cover,0.25,m2,Bare ground; non-taxonomic observation.
GAZP_8,GAZP,8_2,2012,18,1,251,UN_ID_FD,unknown_sp,0.1,species,cover,0.25,m2,Fine debris; non-taxonomic observation.
GAZP_8,GAZP,8_2,2012,18,1,251,UN_ID_TC,unknown_sp,0.1,species,cover,0.25,m2,Total cover; non-taxonomic observation.
GAZP_8,GAZP,8_2,2012,18,1,252,UN_ID_BG,unknown_sp,97.5,species,cover,0.25,m2,Bare ground; non-taxonomic observation.
GAZP_8,GAZP,8_2,2012,18,1,252,UN_ID_FD,unknown_sp,0.1,species,cover,0.25,m2,Fine debris; non-taxonomic observation.
GAZP_8,GAZP,8_2,2012,18,1,252,UN_ID_TC,unknown_sp,0.1,species,cover,0.25,m2,Total cover; non-taxonomic observation.
GAZP_8,GAZP,8_2,2012,18,1,253,UN_ID_BG,unknown_sp,97.5,species,cover,0.25,m2,Bare ground; non-taxonomic observation.
GAZP_8,GAZP,8_2,2012,18,1,253,UN_ID_FD,unknown_sp,0.1,species,cover,0.25,m2,Fine debris; non-taxonomic observation.
GAZP_8,GAZP,8_2,2012,18,1,253,UN_ID_TC,unknown_sp,0.1,species,cover,0.25,m2,Total cover; non-taxonomic observation.
GAZP_8,GAZP,8_2,2012,18,1,254,UN_ID_BG,unknown_sp,97.5,species,cover,0.25,m2,Bare ground; non-taxonomic observation.
GAZP_8,GAZP,8_2,2012,18,1,254,UN_ID_FD,unknown_sp,0.1,species,cover,0.25,m2,Fine debris; non-taxonomic observation.
GAZP_8,GAZP,8_2,2012,18,1,254,UN_ID_TC,unknown_sp,0.1,species,cover,0.25,m2,Total cover; non-taxonomic observation.
GAZP_8,GAZP,8_2,2012,18,1,255,UN_ID_BG,unknown_sp,97.5,species,cover,0.25,m2,Bare ground; non-taxonomic observation.
GAZP_8,GAZP,8_2,2012,18,1,255,UN_ID_FD,unknown_sp,0.1,species,cover,0.25,m2,Fine debris; non-taxonomic observation.
GAZP_8,GAZP,8_2,2012,18,1,255,UN_ID_TC,unknown_sp,0.1,species,cover,0.25,m2,Total cover; non-taxonomic observation.
GAZP_8,GAZP,8_2,2012,18,1,256,UN_ID_BG,unknown_sp,97.5,species,cover,0.25,m2,Bare ground; non-taxonomic observation.
GAZP_8,GAZP,8_2,2012,18,1,256,UN_ID_FD,unknown_sp,0.1,species,cover,0.25,m2,Fine debris; non-taxonomic observation.
GAZP_8,GAZP,8_2,2012,18,1,256,UN_ID_TC,unknown_sp,0.1,species,cover,0.25,m2,Total cover; non-taxonomic observation.
GAZP_8,GAZP,8_2,2012,18,1,257,UN_ID_BG,unknown_sp,97.5,species,cover,0.25,m2,Bare ground; non-taxonomic observation.
GAZP_8,GAZP,8_2,2012,18,1,257,UN_ID_FD,unknown_sp,0.1,species,cover,0.25,m2,Fine debris; non-taxonomic observation.
GAZP_8,GAZP,8_2,2012,18,1,257,UN_ID_TC,unknown_sp,0.1,species,cover,0.25,m2,Total cover; non-taxonomic observation.
GAZP_8,GAZP,8_2,2012,18,1,258,UN_ID_BG,unknown_sp,97.5,species,cover,0.25,m2,Bare ground; non-taxonomic observation.
GAZP_8,GAZP,8_2,2012,18,1,258,UN_ID_FD,unknown_sp,0.1,species,cover,0.25,m2,Fine debris; non-taxonomic observation.
GAZP_8,GAZP,8_2,2012,18,1,258,UN_ID_TC,unknown_sp,0.1,species,cover,0.25,m2,Total cover; non-taxonomic observation.
GAZP_8,GAZP,8_2,2012,18,1,259,UN_ID_BG,unknown_sp,97.5,species,cover,0.25,m2,Bare ground; non-taxonomic observation.
GAZP_8,GAZP,8_2,2012,18,1,259,UN_ID_FD,unknown_sp,0.1,species,cover,0.25,m2,Fine debris; non-taxonomic observation.
GAZP_8,GAZP,8_2,2012,18,1,259,UN_ID_TC,unknown_sp,0.1,species,cover,0.25,m2,Total cover; non-taxonomic observation.
GAZP_8,GAZP,8_2,2012,18,1,260,UN_ID_BG,unknown_sp,97.5,species,cover,0.25,m2,Bare ground; non-taxonomic observation.
GAZP_8,GAZP,8_2,2012,18,1,260,UN_ID_FD,unknown_sp,0.1,species,cover,0.25,m2,Fine debris; non-taxonomic observation.
GAZP_8,GAZP,8_2,2012,18,1,260,UN_ID_TC,unknown_sp,0.1,species,cover,0.25,m2,Total cover; non-taxonomic observation.
GAZP_8,GAZP,8_2,2012,18,1,261,UN_ID_BG,unknown_sp,97.5,species,cover,0.25,m2,Bare ground; non-taxonomic observation.
GAZP_8,GAZP,8_2,2012,18,1,261,UN_ID_FD,unknown_sp,0.1,species,cover,0.25,m2,Fine debris; non-taxonomic observation.
GAZP_8,GAZP,8_2,2012,18,1,261,UN_ID_TC,unknown_sp,0.1,species,cover,0.25,m2,Total cover; non-taxonomic observation.
GAZP_8,GAZP,8_2,2012,18,1,262,UN_ID_BG,unknown_sp,97.5,species,cover,0.25,m2,Bare ground; non-taxonomic observation.
GAZP_8,GAZP,8_2,2012,18,1,262,UN_ID_FD,unknown_sp,0.1,species,cover,0.25,m2,Fine debris; non-taxonomic observation.
GAZP_8,GAZP,8_2,2012,18,1,262,UN_ID_TC,unknown_sp,0.1,species,cover,0.25,m2,Total cover; non-taxonomic observation.
GAZP_8,GAZP,8_2,2012,18,1,263,UN_ID_BG,unknown_sp,97.5,species,cover,0.25,m2,Bare ground; non-taxonomic observation.
GAZP_8,GAZP,8_2,2012,18,1,263,UN_ID_FD,unknown_sp,0.1,species,cover,0.25,m2,Fine debris; non-taxonomic observation.
GAZP_8,GAZP,8_2,2012,18,1,263,UN_ID_TC,unknown_sp,0.1,species,cover,0.25,m2,Total cover; non-taxonomic observation.
GAZP_8,GAZP,8_2,2012,18,1,264,UN_ID_BG,unknown_sp,97.5,species,cover,0.25,m2,Bare ground; non-taxonomic observation.
GAZP_8,GAZP,8_2,2012,18,1,264,UN_ID_FD,unknown_sp,0.1,species,cover,0.25,m2,Fine debris; non-taxonomic observation.
GAZP_8,GAZP,8_2,2012,18,1,264,UN_ID_TC,unknown_sp,0.1,species,cover,0.25,m2,Total cover; non-taxonomic observation.
GAZP_8,GAZP,8_2,2012,18,1,265,UN_ID_BG,unknown_sp,97.5,species,cover,0.25,m2,Bare ground; non-taxonomic observation.
GAZP_8,GAZP,8_2,2012,18,1,265,UN_ID_FD,unknown_sp,0.1,species,cover,0.25,m2,Fine debris; non-taxonomic observation.
GAZP_8,GAZP,8_2,2012,18,1,265,UN_ID_TC,unknown_sp,0.1,species,cover,0.25,m2,Total cover; non-taxonomic observation.
GAZP_8,GAZP,8_2,2012,18,1,266,UN_ID_BG,unknown_sp,97.5,species,cover,0.25,m2,Bare ground; non-taxonomic observation.
GAZP_8,GAZP,8_2,2012,18,1,266,UN_ID_FD,unknown_sp,0.1,species,cover,0.25,m2,Fine debris; non-taxonomic observation.
GAZP_8,GAZP,8_2,2012,18,1,266,UN_ID_TC,unknown_sp,0.1,species,cover,0.25,m2,Total cover; non-taxonomic observation.
GAZP_8,GAZP,8_2,2012,18,2,267,UN_ID_BG,unknown_sp,97.5,species,cover,0.25,m2,Bare ground; non-taxonomic observation.
GAZP_8,GAZP,8_2,2012,18,2,267,UN_ID_FD,unknown_sp,0.1,species,cover,0.25,m2,Fine debris; non-taxonomic observation.
GAZP_8,GAZP,8_2,2012,18,2,268,UN_ID_BG,unknown_sp,97.5,species,cover,0.25,m2,Bare ground; non-taxonomic observation.
GAZP_8,GAZP,8_2,2012,18,2,268,UN_ID_FD,unknown_sp,0.1,species,cover,0.25,m2,Fine debris; non-taxonomic observation.
GAZP_8,GAZP,8_2,2012,18,2,268,UN_ID_TC,unknown_sp,0.1,species,cover,0.25,m2,Total cover; non-taxonomic observation.
GAZP_8,GAZP,8_2,2012,18,2,269,UN_ID_BG,unknown_sp,97.5,species,cover,0.25,m2,Bare ground; non-taxonomic observation.
GAZP_8,GAZP,8_2,2012,18,2,269,UN_ID_FD,unknown_sp,0.1,species,cover,0.25,m2,Fine debris; non-taxonomic observation.
GAZP_8,GAZP,8_2,2012,18,2,269,UN_ID_TC,unknown_sp,0.1,species,cover,0.25,m2,Total cover; non-taxonomic observation.
GAZP_8,GAZP,8_2,2012,18,2,270,UN_ID_BG,unknown_sp,97.5,species,cover,0.25,m2,Bare ground; non-taxonomic observation.
GAZP_8,GAZP,8_2,2012,18,2,270,UN_ID_FD,unknown_sp,0.1,species,cover,0.25,m2,Fine debris; non-taxonomic observation.
GAZP_8,GAZP,8_2,2012,18,2,271,UN_ID_BG,unknown_sp,97.5,species,cover,0.25,m2,Bare ground; non-taxonomic observation.
GAZP_8,GAZP,8_2,2012,18,2,271,UN_ID_FD,unknown_sp,0.1,species,cover,0.25,m2,Fine debris; non-taxonomic observation.
GAZP_8,GAZP,8_2,2012,18,2,272,UN_ID_BG,unknown_sp,97.5,species,cover,0.25,m2,Bare ground; non-taxonomic observation.
GAZP_8,GAZP,8_2,2012,18,2,272,UN_ID_FD,unknown_sp,0.1,species,cover,0.25,m2,Fine debris; non-taxonomic observation.
GAZP_8,GAZP,8_2,2012,18,2,273,UN_ID_BG,unknown_sp,97.5,species,cover,0.25,m2,Bare ground; non-taxonomic observation.
GAZP_8,GAZP,8_2,2012,18,2,273,UN_ID_FD,unknown_sp,0.1,species,cover,0.25,m2,Fine debris; non-taxonomic observation.
GAZP_8,GAZP,8_2,2012,18,2,273,UN_ID_TC,unknown_sp,0.1,species,cover,0.25,m2,Total cover; non-taxonomic observation.
GAZP_8,GAZP,8_2,2012,18,2,274,UN_ID_BG,unknown_sp,97.5,species,cover,0.25,m2,Bare ground; non-taxonomic observation.
GAZP_8,GAZP,8_2,2012,18,2,274,UN_ID_FD,unknown_sp,0.1,species,cover,0.25,m2,Fine debris; non-taxonomic observation.
GAZP_8,GAZP,8_2,2012,18,2,275,UN_ID_BG,unknown_sp,97.5,species,cover,0.25,m2,Bare ground; non-taxonomic observation.
GAZP_8,GAZP,8_2,2012,18,2,275,UN_ID_FD,unknown_sp,0.1,species,cover,0.25,m2,Fine debris; non-taxonomic observation.
GAZP_8,GAZP,8_2,2012,18,2,275,UN_ID_TC,unknown_sp,0.1,species,cover,0.25,m2,Total cover; non-taxonomic observation.
GAZP_8,GAZP,8_2,2012,18,2,276,UN_ID_BG,unknown_sp,97.5,species,cover,0.25,m2,Bare ground; non-taxonomic observation.
GAZP_8,GAZP,8_2,2012,18,2,276,UN_ID_FD,unknown_sp,0.1,species,cover,0.25,m2,Fine debris; non-taxonomic observation.
GAZP_8,GAZP,8_2,2012,18,2,277,UN_ID_BG,unknown_sp,97.5,species,cover,0.25,m2,Bare ground; non-taxonomic observation.
GAZP_8,GAZP,8_2,2012,18,2,277,UN_ID_FD,unknown_sp,0.1,species,cover,0.25,m2,Fine debris; non-taxonomic observation.
GAZP_8,GAZP,8_2,2012,18,2,277,UN_ID_TC,unknown_sp,0.1,species,cover,0.25,m2,Total cover; non-taxonomic observation.
GAZP_8,GAZP,8_2,2012,18,2,278,UN_ID_BG,unknown_sp,97.5,species,cover,0.25,m2,Bare ground; non-taxonomic observation.
GAZP_8,GAZP,8_2,2012,18,2,278,UN_ID_FD,unknown_sp,0.1,species,cover,0.25,m2,Fine debris; non-taxonomic observation.
GAZP_8,GAZP,8_2,2012,18,2,279,UN_ID_BG,unknown_sp,97.5,species,cover,0.25,m2,Bare ground; non-taxonomic observation.
GAZP_8,GAZP,8_2,2012,18,2,279,UN_ID_FD,unknown_sp,0.1,species,cover,0.25,m2,Fine debris; non-taxonomic observation.
GAZP_8,GAZP,8_2,2012,18,2,279,UN_ID_TC,unknown_sp,0.1,species,cover,0.25,m2,Total cover; non-taxonomic observation.
GAZP_8,GAZP,8_2,2012,18,2,280,UN_ID_BG,unknown_sp,97.5,species,cover,0.25,m2,Bare ground; non-taxonomic observation.
GAZP_8,GAZP,8_2,2012,18,2,280,UN_ID_FD,unknown_sp,0.1,species,cover,0.25,m2,Fine debris; non-taxonomic observation.
GAZP_8,GAZP,8_2,2012,18,2,281,UN_ID_BG,unknown_sp,97.5,species,cover,0.25,m2,Bare ground; non-taxonomic observation.
GAZP_8,GAZP,8_2,2012,18,2,281,UN_ID_FD,unknown_sp,0.1,species,cover,0.25,m2,Fine debris; non-taxonomic observation.
GAZP_8,GAZP,8_2,2012,18,2,281,UN_ID_TC,unknown_sp,0.1,species,cover,0.25,m2,Total cover; non-taxonomic observation.
GAZP_8,GAZP,8_2,2012,18,2,282,UN_ID_BG,unknown_sp,97.5,species,cover,0.25,m2,Bare ground; non-taxonomic observation.
GAZP_8,GAZP,8_2,2012,18,2,282,UN_ID_FD,unknown_sp,0.1,species,cover,0.25,m2,Fine debris; non-taxonomic observation.
GAZP_8,GAZP,8_2,2012,18,2,282,UN_ID_TC,unknown_sp,0.1,species,cover,0.25,m2,Total cover; non-taxonomic observation.
GAZP_8,GAZP,8_2,2012,18,2,283,UN_ID_BG,unknown_sp,97.5,species,cover,0.25,m2,Bare ground; non-taxonomic observation.
GAZP_8,GAZP,8_2,2012,18,2,283,UN_ID_FD,unknown_sp,0.1,species,cover,0.25,m2,Fine debris; non-taxonomic observation.
GAZP_8,GAZP,8_2,2012,18,2,283,UN_ID_TC,unknown_sp,0.1,species,cover,0.25,m2,Total cover; non-taxonomic observation.
GAZP_8,GAZP,8_2,2012,18,2,284,UN_ID_BG,unknown_sp,97.5,species,cover,0.25,m2,Bare ground; non-taxonomic observation.
GAZP_8,GAZP,8_2,2012,18,2,284,UN_ID_FD,unknown_sp,0.1,species,cover,0.25,m2,Fine debris; non-taxonomic observation.
GAZP_8,GAZP,8_2,2012,18,2,284,UN_ID_TC,unknown_sp,0.1,species,cover,0.25,m2,Total cover; non-taxonomic observation.
GAZP_8,GAZP,8_2,2012,18,2,285,UN_ID_BG,unknown_sp,97.5,species,cover,0.25,m2,Bare ground; non-taxonomic observation.
GAZP_8,GAZP,8_2,2012,18,2,285,UN_ID_FD,unknown_sp,0.1,species,cover,0.25,m2,Fine debris; non-taxonomic observation.
GAZP_8,GAZP,8_2,2012,18,2,285,UN_ID_TC,unknown_sp,0.1,species,cover,0.25,m2,Total cover; non-taxonomic observation.
GAZP_8,GAZP,8_2,2012,18,2,286,UN_ID_BG,unknown_sp,97.5,species,cover,0.25,m2,Bare ground; non-taxonomic observation.
GAZP_8,GAZP,8_2,2012,18,2,286,UN_ID_FD,unknown_sp,0.1,species,cover,0.25,m2,Fine debris; non-taxonomic observation.
GAZP_8,GAZP,8_2,2012,18,2,286,UN_ID_TC,unknown_sp,0.1,species,cover,0.25,m2,Total cover; non-taxonomic observation.
GAZP_8,GAZP,8_2,2012,18,2,287,UN_ID_BG,unknown_sp,97.5,species,cover,0.25,m2,Bare ground; non-taxonomic observation.
GAZP_8,GAZP,8_2,2012,18,2,287,UN_ID_FD,unknown_sp,0.1,species,cover,0.25,m2,Fine debris; non-taxonomic observation.
GAZP_8,GAZP,8_2,2012,18,2,287,UN_ID_TC,unknown_sp,0.1,species,cover,0.25,m2,Total cover; non-taxonomic observation.
GAZP_8,GAZP,8_2,2012,18,2,288,UN_ID_BG,unknown_sp,97.5,species,cover,0.25,m2,Bare ground; non-taxonomic observation.
GAZP_8,GAZP,8_2,2012,18,2,288,UN_ID_FD,unknown_sp,0.1,species,cover,0.25,m2,Fine debris; non-taxonomic observation.
GAZP_8,GAZP,8_2,2012,18,2,288,UN_ID_TC,unknown_sp,0.1,species,cover,0.25,m2,Total cover; non-taxonomic observation.
GAZP_8,GAZP,8_2,2012,18,2,289,UN_ID_BG,unknown_sp,97.5,species,cover,0.25,m2,Bare ground; non-taxonomic observation.
GAZP_8,GAZP,8_2,2012,18,2,289,UN_ID_FD,unknown_sp,0.1,species,cover,0.25,m2,Fine debris; non-taxonomic observation.
GAZP_8,GAZP,8_2,2012,18,2,289,UN_ID_TC,unknown_sp,0.1,species,cover,0.25,m2,Total cover; non-taxonomic observation.
GAZP_8,GAZP,8_2,2012,18,2,290,UN_ID_BG,unknown_sp,97.5,species,cover,0.25,m2,Bare ground; non-taxonomic observation.
GAZP_8,GAZP,8_2,2012,18,2,290,UN_ID_FD,unknown_sp,0.1,species,cover,0.25,m2,Fine debris; non-taxonomic observation.
GAZP_8,GAZP,8_2,2012,18,2,290,UN_ID_TC,unknown_sp,0.1,species,cover,0.25,m2,Total cover; non-taxonomic observation.
GAZP_8,GAZP,8_2,2012,18,2,291,UN_ID_BG,unknown_sp,97.5,species,cover,0.25,m2,Bare ground; non-taxonomic observation.
GAZP_8,GAZP,8_2,2012,18,2,291,UN_ID_FD,unknown_sp,0.1,species,cover,0.25,m2,Fine debris; non-taxonomic observation.
GAZP_8,GAZP,8_2,2012,18,2,291,UN_ID_TC,unknown_sp,0.1,species,cover,0.25,m2,Total cover; non-taxonomic observation.
GAZP_8,GAZP,8_2,2012,18,2,292,UN_ID_BG,unknown_sp,97.5,species,cover,0.25,m2,Bare ground; non-taxonomic observation.
GAZP_8,GAZP,8_2,2012,18,2,292,UN_ID_FD,unknown_sp,0.1,species,cover,0.25,m2,Fine debris; non-taxonomic observation.
GAZP_8,GAZP,8_2,2012,18,2,292,UN_ID_TC,unknown_sp,0.1,species,cover,0.25,m2,Total cover; non-taxonomic observation.
GAZP_8,GAZP,8_2,2012,18,2,293,UN_ID_BG,unknown_sp,97.5,species,cover,0.25,m2,Bare ground; non-taxonomic observation.
GAZP_8,GAZP,8_2,2012,18,2,293,UN_ID_FD,unknown_sp,0.1,species,cover,0.25,m2,Fine debris; non-taxonomic observation.
GAZP_8,GAZP,8_2,2012,18,2,293,UN_ID_TC,unknown_sp,0.1,species,cover,0.25,m2,Total cover; non-taxonomic observation.
GAZP_8,GAZP,8_2,2012,18,2,294,UN_ID_BG,unknown_sp,97.5,species,cover,0.25,m2,Bare ground; non-taxonomic observation.
GAZP_8,GAZP,8_2,2012,18,2,294,UN_ID_FD,unknown_sp,0.1,species,cover,0.25,m2,Fine debris; non-taxonomic observation.
GAZP_8,GAZP,8_2,2012,18,2,294,UN_ID_TC,unknown_sp,0.1,species,cover,0.25,m2,Total cover; non-taxonomic observation.
GAZP_8,GAZP,8_2,2012,18,2,295,UN_ID_BG,unknown_sp,97.5,species,cover,0.25,m2,Bare ground; non-taxonomic observation.
GAZP_8,GAZP,8_2,2012,18,2,295,UN_ID_FD,unknown_sp,0.1,species,cover,0.25,m2,Fine debris; non-taxonomic observation.
GAZP_8,GAZP,8_2,2012,18,2,295,UN_ID_TC,unknown_sp,0.1,species,cover,0.25,m2,Total cover; non-taxonomic observation.
GAZP_8,GAZP,8_2,2012,18,2,296,UN_ID_BG,unknown_sp,97.5,species,cover,0.25,m2,Bare ground; non-taxonomic observation.
GAZP_8,GAZP,8_2,2012,18,2,296,UN_ID_FD,unknown_sp,0.1,species,cover,0.25,m2,Fine debris; non-taxonomic observation.
GAZP_8,GAZP,8_2,2012,18,2,296,UN_ID_TC,unknown_sp,0.1,species,cover,0.25,m2,Total cover; non-taxonomic observation.
GAZP_8,GAZP,8_2,2012,18,2,297,UN_ID_BG,unknown_sp,97.5,species,cover,0.25,m2,Bare ground; non-taxonomic observation.
GAZP_8,GAZP,8_2,2012,18,2,297,UN_ID_FD,unknown_sp,0.1,species,cover,0.25,m2,Fine debris; non-taxonomic observation.
GAZP_8,GAZP,8_2,2012,18,2,297,UN_ID_TC,unknown_sp,0.1,species,cover,0.25,m2,Total cover; non-taxonomic observation.
GAZP_8,GAZP,8_2,2012,18,2,298,UN_ID_BG,unknown_sp,97.5,species,cover,0.25,m2,Bare ground; non-taxonomic observation.
GAZP_8,GAZP,8_2,2012,18,2,298,UN_ID_FD,unknown_sp,0.1,species,cover,0.25,m2,Fine debris; non-taxonomic observation.
GAZP_8,GAZP,8_2,2012,18,2,298,UN_ID_TC,unknown_sp,0.1,species,cover,0.25,m2,Total cover; non-taxonomic observation.
GAZP_8,GAZP,8_2,2012,18,2,299,UN_ID_BG,unknown_sp,97.5,species,cover,0.25,m2,Bare ground; non-taxonomic observation.
GAZP_8,GAZP,8_2,2012,18,2,299,UN_ID_FD,unknown_sp,0.1,species,cover,0.25,m2,Fine debris; non-taxonomic observation.
GAZP_8,GAZP,8_2,2012,18,2,299,UN_ID_TC,unknown_sp,0.1,species,cover,0.25,m2,Total cover; non-taxonomic observation.
GAZP_8,GAZP,8_2,2012,18,2,300,UN_ID_BG,unknown_sp,97.5,species,cover,0.25,m2,Bare ground; non-taxonomic observation.
GAZP_8,GAZP,8_2,2012,18,2,300,UN_ID_FD,unknown_sp,0.1,species,cover,0.25,m2,Fine debris; non-taxonomic observation.
GAZP_8,GAZP,8_2,2012,18,2,300,UN_ID_TC,unknown_sp,0.1,species,cover,0.25,m2,Total cover; non-taxonomic observation.
GAZP_8,GAZP,8_2,2012,18,2,301,UN_ID_BG,unknown_sp,97.5,species,cover,0.25,m2,Bare ground; non-taxonomic observation.
GAZP_8,GAZP,8_2,2012,18,2,301,UN_ID_FD,unknown_sp,0.1,species,cover,0.25,m2,Fine debris; non-taxonomic observation.
GAZP_8,GAZP,8_2,2012,18,2,301,UN_ID_TC,unknown_sp,0.1,species,cover,0.25,m2,Total cover; non-taxonomic observation.
GAZP_8,GAZP,8_2,2012,18,2,302,UN_ID_BG,unknown_sp,97.5,species,cover,0.25,m2,Bare ground; non-taxonomic observation.
GAZP_8,GAZP,8_2,2012,18,2,302,UN_ID_FD,unknown_sp,0.1,species,cover,0.25,m2,Fine debris; non-taxonomic observation.
GAZP_8,GAZP,8_2,2012,18,2,302,UN_ID_TC,unknown_sp,0.1,species,cover,0.25,m2,Total cover; non-taxonomic observation.
GAZP_8,GAZP,8_2,2012,18,2,303,UN_ID_BG,unknown_sp,97.5,species,cover,0.25,m2,Bare ground; non-taxonomic observation.
GAZP_8,GAZP,8_2,2012,18,2,303,UN_ID_FD,unknown_sp,0.1,species,cover,0.25,m2,Fine debris; non-taxonomic observation.
GAZP_8,GAZP,8_2,2012,18,2,303,UN_ID_TC,unknown_sp,0.1,species,cover,0.25,m2,Total cover; non-taxonomic observation.
GAZP_8,GAZP,8_2,2012,18,2,304,UN_ID_BG,unknown_sp,97.5,species,cover,0.25,m2,Bare ground; non-taxonomic observation.
GAZP_8,GAZP,8_2,2012,18,2,304,UN_ID_FD,unknown_sp,0.1,species,cover,0.25,m2,Fine debris; non-taxonomic observation.
GAZP_8,GAZP,8_2,2012,18,2,304,UN_ID_TC,unknown_sp,0.1,species,cover,0.25,m2,Total cover; non-taxonomic observation.
GAZP_8,GAZP,8_2,2012,18,2,305,UN_ID_BG,unknown_sp,97.5,species,cover,0.25,m2,Bare ground; non-taxonomic observation.
GAZP_8,GAZP,8_2,2012,18,2,305,UN_ID_FD,unknown_sp,0.1,species,cover,0.25,m2,Fine debris; non-taxonomic observation.
GAZP_8,GAZP,8_2,2012,18,2,305,UN_ID_TC,unknown_sp,0.1,species,cover,0.25,m2,Total cover; non-taxonomic observation.
GAZP_8,GAZP,8_2,2012,18,2,306,UN_ID_BG,unknown_sp,97.5,species,cover,0.25,m2,Bare ground; non-taxonomic observation.
GAZP_8,GAZP,8_2,2012,18,2,306,UN_ID_FD,unknown_sp,0.1,species,cover,0.25,m2,Fine debris; non-taxonomic observation.
GAZP_8,GAZP,8_2,2012,18,2,306,UN_ID_TC,unknown_sp,0.1,species,cover,0.25,m2,Total cover; non-taxonomic observation.
GAZP_8,GAZP,8_2,2012,18,2,307,UN_ID_BG,unknown_sp,97.5,species,cover,0.25,m2,Bare ground; non-taxonomic observation.
GAZP_8,GAZP,8_2,2012,18,2,307,UN_ID_FD,unknown_sp,0.1,species,cover,0.25,m2,Fine debris; non-taxonomic observation.
GAZP_8,GAZP,8_2,2012,18,2,307,UN_ID_TC,unknown_sp,0.1,species,cover,0.25,m2,Total cover; non-taxonomic observation.
GAZP_8,GAZP,8_2,2012,18,2,308,UN_ID_BG,unknown_sp,97.5,species,cover,0.25,m2,Bare ground; non-taxonomic observation.
GAZP_8,GAZP,8_2,2012,18,2,308,UN_ID_FD,unknown_sp,0.1,species,cover,0.25,m2,Fine debris; non-taxonomic observation.
GAZP_8,GAZP,8_2,2012,18,2,308,UN_ID_TC,unknown_sp,0.1,species,cover,0.25,m2,Total cover; non-taxonomic observation.
GAZP_8,GAZP,8_2,2012,18,2,309,UN_ID_BG,unknown_sp,97.5,species,cover,0.25,m2,Bare ground; non-taxonomic observation.
GAZP_8,GAZP,8_2,2012,18,2,309,UN_ID_FD,unknown_sp,0.1,species,cover,0.25,m2,Fine debris; non-taxonomic observation.
GAZP_8,GAZP,8_2,2012,18,2,309,UN_ID_TC,unknown_sp,0.1,species,cover,0.25,m2,Total cover; non-taxonomic observation.
GAZP_8,GAZP,8_2,2012,18,2,310,UN_ID_BG,unknown_sp,97.5,species,cover,0.25,m2,Bare ground; non-taxonomic observation.
GAZP_8,GAZP,8_2,2012,18,2,310,UN_ID_FD,unknown_sp,0.1,species,cover,0.25,m2,Fine debris; non-taxonomic observation.
GAZP_8,GAZP,8_2,2012,18,2,310,UN_ID_TC,unknown_sp,0.1,species,cover,0.25,m2,Total cover; non-taxonomic observation.
GAZP_8,GAZP,8_2,2012,18,2,311,UN_ID_BG,unknown_sp,97.5,species,cover,0.25,m2,Bare ground; non-taxonomic observation.
GAZP_8,GAZP,8_2,2012,18,2,311,UN_ID_FD,unknown_sp,0.1,species,cover,0.25,m2,Fine debris; non-taxonomic observation.
GAZP_8,GAZP,8_2,2012,18,2,311,UN_ID_TC,unknown_sp,0.1,species,cover,0.25,m2,Total cover; non-taxonomic observation.
GAZP_8,GAZP,8_2,2012,18,2,312,UN_ID_BG,unknown_sp,97.5,species,cover,0.25,m2,Bare ground; non-taxonomic observation.
GAZP_8,GAZP,8_2,2012,18,2,312,UN_ID_FD,unknown_sp,0.1,species,cover,0.25,m2,Fine debris; non-taxonomic observation.
GAZP_8,GAZP,8_2,2012,18,2,312,UN_ID_TC,unknown_sp,0.1,species,cover,0.25,m2,Total cover; non-taxonomic observation.
GAZP_8,GAZP,8_2,2012,18,2,313,UN_ID_BG,unknown_sp,97.5,species,cover,0.25,m2,Bare ground; non-taxonomic observation.
GAZP_8,GAZP,8_2,2012,18,2,313,UN_ID_FD,unknown_sp,0.1,species,cover,0.25,m2,Fine debris; non-taxonomic observation.
GAZP_8,GAZP,8_2,2012,18,2,313,UN_ID_TC,unknown_sp,0.1,species,cover,0.25,m2,Total cover; non-taxonomic observation.
GAZP_8,GAZP,8_2,2012,18,2,314,UN_ID_BG,unknown_sp,97.5,species,cover,0.25,m2,Bare ground; non-taxonomic observation.
GAZP_8,GAZP,8_2,2012,18,2,314,UN_ID_FD,unknown_sp,0.1,species,cover,0.25,m2,Fine debris; non-taxonomic observation.
GAZP_8,GAZP,8_2,2012,18,2,314,UN_ID_TC,unknown_sp,0.1,species,cover,0.25,m2,Total cover; non-taxonomic observation.
GAZP_8,GAZP,8_2,2012,18,3,315,UN_ID_BG,unknown_sp,97.5,species,cover,0.25,m2,Bare ground; non-taxonomic observation.
GAZP_8,GAZP,8_2,2012,18,3,315,UN_ID_FD,unknown_sp,0.1,species,cover,0.25,m2,Fine debris; non-taxonomic observation.
GAZP_8,GAZP,8_2,2012,18,3,316,UN_ID_BG,unknown_sp,97.5,species,cover,0.25,m2,Bare ground; non-taxonomic observation.
GAZP_8,GAZP,8_2,2012,18,3,316,UN_ID_FD,unknown_sp,0.1,species,cover,0.25,m2,Fine debris; non-taxonomic observation.
GAZP_8,GAZP,8_2,2012,18,3,317,UN_ID_BG,unknown_sp,97.5,species,cover,0.25,m2,Bare ground; non-taxonomic observation.
GAZP_8,GAZP,8_2,2012,18,3,317,UN_ID_FD,unknown_sp,0.1,species,cover,0.25,m2,Fine debris; non-taxonomic observation.
GAZP_8,GAZP,8_2,2012,18,3,317,UN_ID_TC,unknown_sp,0.1,species,cover,0.25,m2,Total cover; non-taxonomic observation.
GAZP_8,GAZP,8_2,2012,18,3,318,UN_ID_BG,unknown_sp,97.5,species,cover,0.25,m2,Bare ground; non-taxonomic observation.
GAZP_8,GAZP,8_2,2012,18,3,318,UN_ID_FD,unknown_sp,0.1,species,cover,0.25,m2,Fine debris; non-taxonomic observation.
GAZP_8,GAZP,8_2,2012,18,3,319,UN_ID_BG,unknown_sp,97.5,species,cover,0.25,m2,Bare ground; non-taxonomic observation.
GAZP_8,GAZP,8_2,2012,18,3,319,UN_ID_FD,unknown_sp,0.1,species,cover,0.25,m2,Fine debris; non-taxonomic observation.
GAZP_8,GAZP,8_2,2012,18,3,320,UN_ID_BG,unknown_sp,97.5,species,cover,0.25,m2,Bare ground; non-taxonomic observation.
GAZP_8,GAZP,8_2,2012,18,3,320,UN_ID_FD,unknown_sp,0.1,species,cover,0.25,m2,Fine debris; non-taxonomic observation.
GAZP_8,GAZP,8_2,2012,18,3,321,UN_ID_BG,unknown_sp,97.5,species,cover,0.25,m2,Bare ground; non-taxonomic observation.
GAZP_8,GAZP,8_2,2012,18,3,321,UN_ID_FD,unknown_sp,0.1,species,cover,0.25,m2,Fine debris; non-taxonomic observation.
GAZP_8,GAZP,8_2,2012,18,3,322,UN_ID_BG,unknown_sp,97.5,species,cover,0.25,m2,Bare ground; non-taxonomic observation.
GAZP_8,GAZP,8_2,2012,18,3,322,UN_ID_FD,unknown_sp,0.1,species,cover,0.25,m2,Fine debris; non-taxonomic observation.
GAZP_8,GAZP,8_2,2012,18,3,323,UN_ID_BG,unknown_sp,97.5,species,cover,0.25,m2,Bare ground; non-taxonomic observation.
GAZP_8,GAZP,8_2,2012,18,3,323,UN_ID_FD,unknown_sp,0.1,species,cover,0.25,m2,Fine debris; non-taxonomic observation.
GAZP_8,GAZP,8_2,2012,18,3,324,UN_ID_BG,unknown_sp,97.5,species,cover,0.25,m2,Bare ground; non-taxonomic observation.
GAZP_8,GAZP,8_2,2012,18,3,324,UN_ID_FD,unknown_sp,0.1,species,cover,0.25,m2,Fine debris; non-taxonomic observation.
GAZP_8,GAZP,8_2,2012,18,3,325,UN_ID_BG,unknown_sp,97.5,species,cover,0.25,m2,Bare ground; non-taxonomic observation.
GAZP_8,GAZP,8_2,2012,18,3,325,UN_ID_FD,unknown_sp,0.1,species,cover,0.25,m2,Fine debris; non-taxonomic observation.
GAZP_8,GAZP,8_2,2012,18,3,326,UN_ID_BG,unknown_sp,97.5,species,cover,0.25,m2,Bare ground; non-taxonomic observation.
GAZP_8,GAZP,8_2,2012,18,3,326,UN_ID_FD,unknown_sp,0.1,species,cover,0.25,m2,Fine debris; non-taxonomic observation.
GAZP_8,GAZP,8_2,2012,18,3,327,UN_ID_BG,unknown_sp,97.5,species,cover,0.25,m2,Bare ground; non-taxonomic observation.
GAZP_8,GAZP,8_2,2012,18,3,327,UN_ID_FD,unknown_sp,0.1,species,cover,0.25,m2,Fine debris; non-taxonomic observation.
GAZP_8,GAZP,8_2,2012,18,3,328,UN_ID_BG,unknown_sp,97.5,species,cover,0.25,m2,Bare ground; non-taxonomic observation.
GAZP_8,GAZP,8_2,2012,18,3,328,UN_ID_FD,unknown_sp,0.1,species,cover,0.25,m2,Fine debris; non-taxonomic observation.
GAZP_8,GAZP,8_2,2012,18,3,329,UN_ID_BG,unknown_sp,97.5,species,cover,0.25,m2,Bare ground; non-taxonomic observation.
GAZP_8,GAZP,8_2,2012,18,3,329,UN_ID_FD,unknown_sp,0.1,species,cover,0.25,m2,Fine debris; non-taxonomic observation.
GAZP_8,GAZP,8_2,2012,18,3,330,UN_ID_BG,unknown_sp,97.5,species,cover,0.25,m2,Bare ground; non-taxonomic observation.
GAZP_8,GAZP,8_2,2012,18,3,330,UN_ID_FD,unknown_sp,0.1,species,cover,0.25,m2,Fine debris; non-taxonomic observation.
GAZP_8,GAZP,8_2,2012,18,3,331,UN_ID_BG,unknown_sp,97.5,species,cover,0.25,m2,Bare ground; non-taxonomic observation.
GAZP_8,GAZP,8_2,2012,18,3,331,UN_ID_FD,unknown_sp,0.1,species,cover,0.25,m2,Fine debris; non-taxonomic observation.
GAZP_8,GAZP,8_2,2012,18,3,332,UN_ID_BG,unknown_sp,97.5,species,cover,0.25,m2,Bare ground; non-taxonomic observation.
GAZP_8,GAZP,8_2,2012,18,3,332,UN_ID_FD,unknown_sp,0.1,species,cover,0.25,m2,Fine debris; non-taxonomic observation.
GAZP_8,GAZP,8_2,2012,18,3,333,UN_ID_BG,unknown_sp,97.5,species,cover,0.25,m2,Bare ground; non-taxonomic observation.
GAZP_8,GAZP,8_2,2012,18,3,333,UN_ID_FD,unknown_sp,0.1,species,cover,0.25,m2,Fine debris; non-taxonomic observation.
GAZP_8,GAZP,8_2,2012,18,3,334,UN_ID_BG,unknown_sp,97.5,species,cover,0.25,m2,Bare ground; non-taxonomic observation.
GAZP_8,GAZP,8_2,2012,18,3,334,UN_ID_FD,unknown_sp,0.1,species,cover,0.25,m2,Fine debris; non-taxonomic observation.
GAZP_8,GAZP,8_2,2012,18,3,335,UN_ID_BG,unknown_sp,97.5,species,cover,0.25,m2,Bare ground; non-taxonomic observation.
GAZP_8,GAZP,8_2,2012,18,3,335,UN_ID_FD,unknown_sp,0.1,species,cover,0.25,m2,Fine debris; non-taxonomic observation.
GAZP_8,GAZP,8_2,2012,18,3,336,UN_ID_BG,unknown_sp,97.5,species,cover,0.25,m2,Bare ground; non-taxonomic observation.
GAZP_8,GAZP,8_2,2012,18,3,336,UN_ID_FD,unknown_sp,0.1,species,cover,0.25,m2,Fine debris; non-taxonomic observation.
GAZP_8,GAZP,8_2,2012,18,3,337,UN_ID_BG,unknown_sp,97.5,species,cover,0.25,m2,Bare ground; non-taxonomic observation.
GAZP_8,GAZP,8_2,2012,18,3,337,UN_ID_FD,unknown_sp,0.1,species,cover,0.25,m2,Fine debris; non-taxonomic observation.
GAZP_8,GAZP,8_2,2012,18,3,338,UN_ID_BG,unknown_sp,97.5,species,cover,0.25,m2,Bare ground; non-taxonomic observation.
GAZP_8,GAZP,8_2,2012,18,3,338,UN_ID_CD,unknown_sp,0.1,species,cover,0.25,m2,Meaning could not be determined from the source data.
GAZP_8,GAZP,8_2,2012,18,3,338,UN_ID_FD,unknown_sp,0.1,species,cover,0.25,m2,Fine debris; non-taxonomic observation.
GAZP_8,GAZP,8_2,2012,18,3,339,UN_ID_BG,unknown_sp,97.5,species,cover,0.25,m2,Bare ground; non-taxonomic observation.
GAZP_8,GAZP,8_2,2012,18,3,339,UN_ID_FD,unknown_sp,0.1,species,cover,0.25,m2,Fine debris; non-taxonomic observation.
GAZP_8,GAZP,8_2,2012,18,3,340,UN_ID_BG,unknown_sp,97.5,species,cover,0.25,m2,Bare ground; non-taxonomic observation.
GAZP_8,GAZP,8_2,2012,18,3,340,UN_ID_FD,unknown_sp,0.1,species,cover,0.25,m2,Fine debris; non-taxonomic observation.
GAZP_8,GAZP,8_2,2012,18,3,341,UN_ID_BG,unknown_sp,97.5,species,cover,0.25,m2,Bare ground; non-taxonomic observation.
GAZP_8,GAZP,8_2,2012,18,3,341,UN_ID_FD,unknown_sp,0.1,species,cover,0.25,m2,Fine debris; non-taxonomic observation.
GAZP_8,GAZP,8_2,2012,18,3,342,UN_ID_BG,unknown_sp,97.5,species,cover,0.25,m2,Bare ground; non-taxonomic observation.
GAZP_8,GAZP,8_2,2012,18,3,342,UN_ID_FD,unknown_sp,0.1,species,cover,0.25,m2,Fine debris; non-taxonomic observation.
GAZP_8,GAZP,8_2,2012,18,3,343,UN_ID_BG,unknown_sp,97.5,species,cover,0.25,m2,Bare ground; non-taxonomic observation.
GAZP_8,GAZP,8_2,2012,18,3,343,UN_ID_FD,unknown_sp,0.1,species,cover,0.25,m2,Fine debris; non-taxonomic observation.
GAZP_8,GAZP,8_2,2012,18,3,344,UN_ID_BG,unknown_sp,97.5,species,cover,0.25,m2,Bare ground; non-taxonomic observation.
GAZP_8,GAZP,8_2,2012,18,3,344,UN_ID_CD,unknown_sp,0.1,species,cover,0.25,m2,Meaning could not be determined from the source data.
GAZP_8,GAZP,8_2,2012,18,3,344,UN_ID_FD,unknown_sp,0.1,species,cover,0.25,m2,Fine debris; non-taxonomic observation.
GAZP_8,GAZP,8_2,2012,18,3,345,UN_ID_BG,unknown_sp,97.5,species,cover,0.25,m2,Bare ground; non-taxonomic observation.
GAZP_8,GAZP,8_2,2012,18,3,345,UN_ID_FD,unknown_sp,0.1,species,cover,0.25,m2,Fine debris; non-taxonomic observation.
GAZP_8,GAZP,8_2,2012,18,3,346,UN_ID_BG,unknown_sp,97.5,species,cover,0.25,m2,Bare ground; non-taxonomic observation.
GAZP_8,GAZP,8_2,2012,18,3,346,UN_ID_FD,unknown_sp,0.1,species,cover,0.25,m2,Fine debris; non-taxonomic observation.
GAZP_8,GAZP,8_2,2012,18,3,347,UN_ID_BG,unknown_sp,97.5,species,cover,0.25,m2,Bare ground; non-taxonomic observation.
GAZP_8,GAZP,8_2,2012,18,3,347,UN_ID_FD,unknown_sp,0.1,species,cover,0.25,m2,Fine debris; non-taxonomic observation.
GAZP_8,GAZP,8_2,2012,18,3,348,UN_ID_BG,unknown_sp,97.5,species,cover,0.25,m2,Bare ground; non-taxonomic observation.
GAZP_8,GAZP,8_2,2012,18,3,348,UN_ID_FD,unknown_sp,0.1,species,cover,0.25,m2,Fine debris; non-taxonomic observation.
GAZP_8,GAZP,8_2,2012,18,3,349,UN_ID_BG,unknown_sp,97.5,species,cover,0.25,m2,Bare ground; non-taxonomic observation.
GAZP_8,GAZP,8_2,2012,18,3,349,UN_ID_FD,unknown_sp,0.1,species,cover,0.25,m2,Fine debris; non-taxonomic observation.
GAZP_8,GAZP,8_2,2012,18,3,350,UN_ID_BG,unknown_sp,97.5,species,cover,0.25,m2,Bare ground; non-taxonomic observation.
GAZP_8,GAZP,8_2,2012,18,3,350,UN_ID_FD,unknown_sp,0.1,species,cover,0.25,m2,Fine debris; non-taxonomic observation.
GAZP_8,GAZP,8_2,2012,18,3,351,UN_ID_BG,unknown_sp,97.5,species,cover,0.25,m2,Bare ground; non-taxonomic observation.
GAZP_8,GAZP,8_2,2012,18,3,351,UN_ID_FD,unknown_sp,0.1,species,cover,0.25,m2,Fine debris; non-taxonomic observation.
GAZP_8,GAZP,8_2,2012,18,3,352,UN_ID_BG,unknown_sp,97.5,species,cover,0.25,m2,Bare ground; non-taxonomic observation.
GAZP_8,GAZP,8_2,2012,18,3,352,UN_ID_FD,unknown_sp,0.1,species,cover,0.25,m2,Fine debris; non-taxonomic observation.
GAZP_8,GAZP,8_2,2012,18,3,353,UN_ID_BG,unknown_sp,97.5,species,cover,0.25,m2,Bare ground; non-taxonomic observation.
GAZP_8,GAZP,8_2,2012,18,3,353,UN_ID_FD,unknown_sp,0.1,species,cover,0.25,m2,Fine debris; non-taxonomic observation.
GAZP_8,GAZP,8_2,2012,18,3,354,UN_ID_BG,unknown_sp,97.5,species,cover,0.25,m2,Bare ground; non-taxonomic observation.
GAZP_8,GAZP,8_2,2012,18,3,354,UN_ID_FD,unknown_sp,0.1,species,cover,0.25,m2,Fine debris; non-taxonomic observation.
GAZP_8,GAZP,8_2,2012,18,3,355,UN_ID_BG,unknown_sp,97.5,species,cover,0.25,m2,Bare ground; non-taxonomic observation.
GAZP_8,GAZP,8_2,2012,18,3,355,UN_ID_FD,unknown_sp,0.1,species,cover,0.25,m2,Fine debris; non-taxonomic observation.
GAZP_8,GAZP,8_2,2012,18,3,356,UN_ID_BG,unknown_sp,97.5,species,cover,0.25,m2,Bare ground; non-taxonomic observation.
GAZP_8,GAZP,8_2,2012,18,3,356,UN_ID_FD,unknown_sp,0.1,species,cover,0.25,m2,Fine debris; non-taxonomic observation.
GAZP_8,GAZP,8_2,2012,18,3,357,UN_ID_BG,unknown_sp,97.5,species,cover,0.25,m2,Bare ground; non-taxonomic observation.
GAZP_8,GAZP,8_2,2012,18,3,357,UN_ID_FD,unknown_sp,0.1,species,cover,0.25,m2,Fine debris; non-taxonomic observation.
GAZP_8,GAZP,8_2,2012,18,3,358,UN_ID_BG,unknown_sp,97.5,species,cover,0.25,m2,Bare ground; non-taxonomic observation.
GAZP_8,GAZP,8_2,2012,18,3,358,UN_ID_FD,unknown_sp,0.1,species,cover,0.25,m2,Fine debris; non-taxonomic observation.
GAZP_8,GAZP,8_2,2012,18,3,359,UN_ID_BG,unknown_sp,97.5,species,cover,0.25,m2,Bare ground; non-taxonomic observation.
GAZP_8,GAZP,8_2,2012,18,3,359,UN_ID_FD,unknown_sp,0.1,species,cover,0.25,m2,Fine debris; non-taxonomic observation.
GAZP_8,GAZP,8_2,2012,18,3,360,UN_ID_BG,unknown_sp,97.5,species,cover,0.25,m2,Bare ground; non-taxonomic observation.
GAZP_8,GAZP,8_2,2012,18,3,360,UN_ID_FD,unknown_sp,0.1,species,cover,0.25,m2,Fine debris; non-taxonomic observation.
GAZP_8,GAZP,8_2,2012,18,3,361,UN_ID_BG,unknown_sp,97.5,species,cover,0.25,m2,Bare ground; non-taxonomic observation.
GAZP_8,GAZP,8_2,2012,18,3,361,UN_ID_FD,unknown_sp,0.1,species,cover,0.25,m2,Fine debris; non-taxonomic observation.
GAZP_8,GAZP,8_2,2012,18,3,362,UN_ID_BG,unknown_sp,97.5,species,cover,0.25,m2,Bare ground; non-taxonomic observation.
GAZP_8,GAZP,8_2,2012,18,3,362,UN_ID_FD,unknown_sp,0.1,species,cover,0.25,m2,Fine debris; non-taxonomic observation.
GAZP_8,GAZP,8_2,2013,77,1,219,UN_ID_BG,unknown_sp,37.5,species,cover,0.25,m2,Bare ground; non-taxonomic observation.
GAZP_8,GAZP,8_2,2013,77,1,219,UN_ID_FD,unknown_sp,0.5,species,cover,0.25,m2,Fine debris; non-taxonomic observation.
GAZP_8,GAZP,8_2,2013,77,1,220,UN_ID_BG,unknown_sp,37.5,species,cover,0.25,m2,Bare ground; non-taxonomic observation.
GAZP_8,GAZP,8_2,2013,77,1,220,UN_ID_FD,unknown_sp,0.5,species,cover,0.25,m2,Fine debris; non-taxonomic observation.
GAZP_8,GAZP,8_2,2013,77,1,221,UN_ID_BG,unknown_sp,37.5,species,cover,0.25,m2,Bare ground; non-taxonomic observation.
GAZP_8,GAZP,8_2,2013,77,1,221,UN_ID_FD,unknown_sp,0.5,species,cover,0.25,m2,Fine debris; non-taxonomic observation.
GAZP_8,GAZP,8_2,2013,77,1,222,UN_ID_BG,unknown_sp,37.5,species,cover,0.25,m2,Bare ground; non-taxonomic observation.
GAZP_8,GAZP,8_2,2013,77,1,222,UN_ID_FD,unknown_sp,0.5,species,cover,0.25,m2,Fine debris; non-taxonomic observation.
GAZP_8,GAZP,8_2,2013,77,1,223,UN_ID_BG,unknown_sp,37.5,species,cover,0.25,m2,Bare ground; non-taxonomic observation.
GAZP_8,GAZP,8_2,2013,77,1,223,UN_ID_FD,unknown_sp,0.5,species,cover,0.25,m2,Fine debris; non-taxonomic observation.
GAZP_8,GAZP,8_2,2013,77,1,224,UN_ID_BG,unknown_sp,37.5,species,cover,0.25,m2,Bare ground; non-taxonomic observation.
GAZP_8,GAZP,8_2,2013,77,1,224,UN_ID_FD,unknown_sp,3,species,cover,0.25,m2,Fine debris; non-taxonomic observation.
GAZP_8,GAZP,8_2,2013,77,1,225,UN_ID_BG,unknown_sp,37.5,species,cover,0.25,m2,Bare ground; non-taxonomic observation.
GAZP_8,GAZP,8_2,2013,77,1,225,UN_ID_FD,unknown_sp,0.5,species,cover,0.25,m2,Fine debris; non-taxonomic observation.
GAZP_8,GAZP,8_2,2013,77,1,226,UN_ID_BG,unknown_sp,15,species,cover,0.25,m2,Bare ground; non-taxonomic observation.
GAZP_8,GAZP,8_2,2013,77,1,226,UN_ID_FD,unknown_sp,0.5,species,cover,0.25,m2,Fine debris; non-taxonomic observation.
GAZP_8,GAZP,8_2,2013,77,1,227,UN_ID_BG,unknown_sp,62.5,species,cover,0.25,m2,Bare ground; non-taxonomic observation.
GAZP_8,GAZP,8_2,2013,77,1,227,UN_ID_FD,unknown_sp,0.5,species,cover,0.25,m2,Fine debris; non-taxonomic observation.
GAZP_8,GAZP,8_2,2013,77,1,228,UN_ID_BG,unknown_sp,62.5,species,cover,0.25,m2,Bare ground; non-taxonomic observation.
GAZP_8,GAZP,8_2,2013,77,1,228,UN_ID_FD,unknown_sp,3,species,cover,0.25,m2,Fine debris; non-taxonomic observation.
GAZP_8,GAZP,8_2,2013,77,1,229,UN_ID_BG,unknown_sp,3,species,cover,0.25,m2,Bare ground; non-taxonomic observation.
GAZP_8,GAZP,8_2,2013,77,1,229,UN_ID_FD,unknown_sp,0.5,species,cover,0.25,m2,Fine debris; non-taxonomic observation.
GAZP_8,GAZP,8_2,2013,77,1,230,UN_ID_BG,unknown_sp,15,species,cover,0.25,m2,Bare ground; non-taxonomic observation.
GAZP_8,GAZP,8_2,2013,77,1,230,UN_ID_FD,unknown_sp,0.5,species,cover,0.25,m2,Fine debris; non-taxonomic observation.
GAZP_8,GAZP,8_2,2013,77,1,231,UN_ID_BG,unknown_sp,37.5,species,cover,0.25,m2,Bare ground; non-taxonomic observation.
GAZP_8,GAZP,8_2,2013,77,1,231,UN_ID_FD,unknown_sp,0.5,species,cover,0.25,m2,Fine debris; non-taxonomic observation.
GAZP_8,GAZP,8_2,2013,77,1,232,UN_ID_BG,unknown_sp,37.5,species,cover,0.25,m2,Bare ground; non-taxonomic observation.
GAZP_8,GAZP,8_2,2013,77,1,232,UN_ID_FD,unknown_sp,3,species,cover,0.25,m2,Fine debris; non-taxonomic observation.
GAZP_8,GAZP,8_2,2013,77,1,233,UN_ID_BG,unknown_sp,37.5,species,cover,0.25,m2,Bare ground; non-taxonomic observation.
GAZP_8,GAZP,8_2,2013,77,1,233,UN_ID_FD,unknown_sp,0.5,species,cover,0.25,m2,Fine debris; non-taxonomic observation.
GAZP_8,GAZP,8_2,2013,77,1,234,UN_ID_BG,unknown_sp,3,species,cover,0.25,m2,Bare ground; non-taxonomic observation.
GAZP_8,GAZP,8_2,2013,77,1,234,UN_ID_FD,unknown_sp,0.5,species,cover,0.25,m2,Fine debris; non-taxonomic observation.
GAZP_8,GAZP,8_2,2013,77,1,235,UN_ID_BG,unknown_sp,62.5,species,cover,0.25,m2,Bare ground; non-taxonomic observation.
GAZP_8,GAZP,8_2,2013,77,1,235,UN_ID_FD,unknown_sp,0.5,species,cover,0.25,m2,Fine debris; non-taxonomic observation.
GAZP_8,GAZP,8_2,2013,77,1,236,UN_ID_BG,unknown_sp,85,species,cover,0.25,m2,Bare ground; non-taxonomic observation.
GAZP_8,GAZP,8_2,2013,77,1,236,UN_ID_FD,unknown_sp,0.5,species,cover,0.25,m2,Fine debris; non-taxonomic observation.
GAZP_8,GAZP,8_2,2013,77,1,237,UN_ID_BG,unknown_sp,62.5,species,cover,0.25,m2,Bare ground; non-taxonomic observation.
GAZP_8,GAZP,8_2,2013,77,1,237,UN_ID_FD,unknown_sp,0.5,species,cover,0.25,m2,Fine debris; non-taxonomic observation.
GAZP_8,GAZP,8_2,2013,77,1,238,UN_ID_BG,unknown_sp,62.5,species,cover,0.25,m2,Bare ground; non-taxonomic observation.
GAZP_8,GAZP,8_2,2013,77,1,238,UN_ID_FD,unknown_sp,0.5,species,cover,0.25,m2,Fine debris; non-taxonomic observation.
GAZP_8,GAZP,8_2,2013,77,1,239,UN_ID_BG,unknown_sp,62.5,species,cover,0.25,m2,Bare ground; non-taxonomic observation.
GAZP_8,GAZP,8_2,2013,77,1,239,UN_ID_FD,unknown_sp,3,species,cover,0.25,m2,Fine debris; non-taxonomic observation.
GAZP_8,GAZP,8_2,2013,77,1,240,UN_ID_BG,unknown_sp,62.5,species,cover,0.25,m2,Bare ground; non-taxonomic observation.
GAZP_8,GAZP,8_2,2013,77,1,240,UN_ID_FD,unknown_sp,0.5,species,cover,0.25,m2,Fine debris; non-taxonomic observation.
GAZP_8,GAZP,8_2,2013,77,1,241,UN_ID_BG,unknown_sp,62.5,species,cover,0.25,m2,Bare ground; non-taxonomic observation.
GAZP_8,GAZP,8_2,2013,77,1,241,UN_ID_FD,unknown_sp,0.5,species,cover,0.25,m2,Fine debris; non-taxonomic observation.
GAZP_8,GAZP,8_2,2013,77,1,242,UN_ID_BG,unknown_sp,62.5,species,cover,0.25,m2,Bare ground; non-taxonomic observation.
GAZP_8,GAZP,8_2,2013,77,1,242,UN_ID_FD,unknown_sp,0.5,species,cover,0.25,m2,Fine debris; non-taxonomic observation.
GAZP_8,GAZP,8_2,2013,77,1,243,UN_ID_BG,unknown_sp,37.5,species,cover,0.25,m2,Bare ground; non-taxonomic observation.
GAZP_8,GAZP,8_2,2013,77,1,243,UN_ID_FD,unknown_sp,3,species,cover,0.25,m2,Fine debris; non-taxonomic observation.
GAZP_8,GAZP,8_2,2013,77,1,244,UN_ID_BG,unknown_sp,62.5,species,cover,0.25,m2,Bare ground; non-taxonomic observation.
GAZP_8,GAZP,8_2,2013,77,1,244,UN_ID_FD,unknown_sp,0.5,species,cover,0.25,m2,Fine debris; non-taxonomic observation.
GAZP_8,GAZP,8_2,2013,77,1,245,UN_ID_BG,unknown_sp,62.5,species,cover,0.25,m2,Bare ground; non-taxonomic observation.
GAZP_8,GAZP,8_2,2013,77,1,245,UN_ID_FD,unknown_sp,0.5,species,cover,0.25,m2,Fine debris; non-taxonomic observation.
GAZP_8,GAZP,8_2,2013,77,1,246,UN_ID_BG,unknown_sp,37.5,species,cover,0.25,m2,Bare ground; non-taxonomic observation.
GAZP_8,GAZP,8_2,2013,77,1,246,UN_ID_FD,unknown_sp,0.5,species,cover,0.25,m2,Fine debris; non-taxonomic observation.
GAZP_8,GAZP,8_2,2013,77,1,247,UN_ID_BG,unknown_sp,62.5,species,cover,0.25,m2,Bare ground; non-taxonomic observation.
GAZP_8,GAZP,8_2,2013,77,1,247,UN_ID_FD,unknown_sp,0.5,species,cover,0.25,m2,Fine debris; non-taxonomic observation.
GAZP_8,GAZP,8_2,2013,77,1,248,UN_ID_BG,unknown_sp,62.5,species,cover,0.25,m2,Bare ground; non-taxonomic observation.
GAZP_8,GAZP,8_2,2013,77,1,248,UN_ID_FD,unknown_sp,0.5,species,cover,0.25,m2,Fine debris; non-taxonomic observation.
GAZP_8,GAZP,8_2,2013,77,1,249,UN_ID_BG,unknown_sp,37.5,species,cover,0.25,m2,Bare ground; non-taxonomic observation.
GAZP_8,GAZP,8_2,2013,77,1,249,UN_ID_FD,unknown_sp,0.5,species,cover,0.25,m2,Fine debris; non-taxonomic observation.
GAZP_8,GAZP,8_2,2013,77,1,250,UN_ID_BG,unknown_sp,37.5,species,cover,0.25,m2,Bare ground; non-taxonomic observation.
GAZP_8,GAZP,8_2,2013,77,1,250,UN_ID_FD,unknown_sp,3,species,cover,0.25,m2,Fine debris; non-taxonomic observation.
GAZP_8,GAZP,8_2,2013,77,1,251,UN_ID_BG,unknown_sp,37.5,species,cover,0.25,m2,Bare ground; non-taxonomic observation.
GAZP_8,GAZP,8_2,2013,77,1,251,UN_ID_FD,unknown_sp,0.5,species,cover,0.25,m2,Fine debris; non-taxonomic observation.
GAZP_8,GAZP,8_2,2013,77,1,252,UN_ID_BG,unknown_sp,37.5,species,cover,0.25,m2,Bare ground; non-taxonomic observation.
GAZP_8,GAZP,8_2,2013,77,1,252,UN_ID_FD,unknown_sp,0.5,species,cover,0.25,m2,Fine debris; non-taxonomic observation.
GAZP_8,GAZP,8_2,2013,77,1,253,UN_ID_BG,unknown_sp,62.5,species,cover,0.25,m2,Bare ground; non-taxonomic observation.
GAZP_8,GAZP,8_2,2013,77,1,253,UN_ID_FD,unknown_sp,0.5,species,cover,0.25,m2,Fine debris; non-taxonomic observation.
GAZP_8,GAZP,8_2,2013,77,1,254,UN_ID_BG,unknown_sp,62.5,species,cover,0.25,m2,Bare ground; non-taxonomic observation.
GAZP_8,GAZP,8_2,2013,77,1,254,UN_ID_FD,unknown_sp,0.5,species,cover,0.25,m2,Fine debris; non-taxonomic observation.
GAZP_8,GAZP,8_2,2013,77,1,255,UN_ID_BG,unknown_sp,62.5,species,cover,0.25,m2,Bare ground; non-taxonomic observation.
GAZP_8,GAZP,8_2,2013,77,1,255,UN_ID_FD,unknown_sp,0.5,species,cover,0.25,m2,Fine debris; non-taxonomic observation.
GAZP_8,GAZP,8_2,2013,77,1,256,UN_ID_BG,unknown_sp,37.5,species,cover,0.25,m2,Bare ground; non-taxonomic observation.
GAZP_8,GAZP,8_2,2013,77,1,256,UN_ID_FD,unknown_sp,0.5,species,cover,0.25,m2,Fine debris; non-taxonomic observation.
GAZP_8,GAZP,8_2,2013,77,1,257,UN_ID_BG,unknown_sp,37.5,species,cover,0.25,m2,Bare ground; non-taxonomic observation.
GAZP_8,GAZP,8_2,2013,77,1,257,UN_ID_FD,unknown_sp,0.5,species,cover,0.25,m2,Fine debris; non-taxonomic observation.
GAZP_8,GAZP,8_2,2013,77,1,258,UN_ID_BG,unknown_sp,62.5,species,cover,0.25,m2,Bare ground; non-taxonomic observation.
GAZP_8,GAZP,8_2,2013,77,1,258,UN_ID_FD,unknown_sp,0.5,species,cover,0.25,m2,Fine debris; non-taxonomic observation.
GAZP_8,GAZP,8_2,2013,77,1,259,UN_ID_BG,unknown_sp,62.5,species,cover,0.25,m2,Bare ground; non-taxonomic observation.
GAZP_8,GAZP,8_2,2013,77,1,259,UN_ID_FD,unknown_sp,0.5,species,cover,0.25,m2,Fine debris; non-taxonomic observation.
GAZP_8,GAZP,8_2,2013,77,1,260,UN_ID_BG,unknown_sp,85,species,cover,0.25,m2,Bare ground; non-taxonomic observation.
GAZP_8,GAZP,8_2,2013,77,1,260,UN_ID_FD,unknown_sp,0.5,species,cover,0.25,m2,Fine debris; non-taxonomic observation.
GAZP_8,GAZP,8_2,2013,77,1,261,UN_ID_BG,unknown_sp,62.5,species,cover,0.25,m2,Bare ground; non-taxonomic observation.
GAZP_8,GAZP,8_2,2013,77,1,261,UN_ID_FD,unknown_sp,0.5,species,cover,0.25,m2,Fine debris; non-taxonomic observation.
GAZP_8,GAZP,8_2,2013,77,1,262,UN_ID_BG,unknown_sp,62.5,species,cover,0.25,m2,Bare ground; non-taxonomic observation.
GAZP_8,GAZP,8_2,2013,77,1,262,UN_ID_FD,unknown_sp,0.5,species,cover,0.25,m2,Fine debris; non-taxonomic observation.
GAZP_8,GAZP,8_2,2013,77,1,263,UN_ID_BG,unknown_sp,62.5,species,cover,0.25,m2,Bare ground; non-taxonomic observation.
GAZP_8,GAZP,8_2,2013,77,1,263,UN_ID_FD,unknown_sp,0.5,species,cover,0.25,m2,Fine debris; non-taxonomic observation.
GAZP_8,GAZP,8_2,2013,77,1,264,UN_ID_BG,unknown_sp,62.5,species,cover,0.25,m2,Bare ground; non-taxonomic observation.
GAZP_8,GAZP,8_2,2013,77,1,264,UN_ID_FD,unknown_sp,0.5,species,cover,0.25,m2,Fine debris; non-taxonomic observation.
GAZP_8,GAZP,8_2,2013,77,1,265,UN_ID_BG,unknown_sp,85,species,cover,0.25,m2,Bare ground; non-taxonomic observation.
GAZP_8,GAZP,8_2,2013,77,1,265,UN_ID_FD,unknown_sp,0.5,species,cover,0.25,m2,Fine debris; non-taxonomic observation.
GAZP_8,GAZP,8_2,2013,77,1,266,UN_ID_BG,unknown_sp,85,species,cover,0.25,m2,Bare ground; non-taxonomic observation.
GAZP_8,GAZP,8_2,2013,77,1,266,UN_ID_FD,unknown_sp,0.5,species,cover,0.25,m2,Fine debris; non-taxonomic observation.
GAZP_8,GAZP,8_2,2013,77,3,315,UN_ID_BG,unknown_sp,85,species,cover,0.25,m2,Bare ground; non-taxonomic observation.
GAZP_8,GAZP,8_2,2013,77,3,315,UN_ID_FD,unknown_sp,0.1,species,cover,0.25,m2,Fine debris; non-taxonomic observation.
GAZP_8,GAZP,8_2,2013,77,3,316,UN_ID_BG,unknown_sp,97.5,species,cover,0.25,m2,Bare ground; non-taxonomic observation.
GAZP_8,GAZP,8_2,2013,77,3,316,UN_ID_FD,unknown_sp,0.1,species,cover,0.25,m2,Fine debris; non-taxonomic observation.
GAZP_8,GAZP,8_2,2013,77,3,317,UN_ID_BG,unknown_sp,97.5,species,cover,0.25,m2,Bare ground; non-taxonomic observation.
GAZP_8,GAZP,8_2,2013,77,3,317,UN_ID_FD,unknown_sp,0.1,species,cover,0.25,m2,Fine debris; non-taxonomic observation.
GAZP_8,GAZP,8_2,2013,77,3,318,UN_ID_BG,unknown_sp,97.5,species,cover,0.25,m2,Bare ground; non-taxonomic observation.
GAZP_8,GAZP,8_2,2013,77,3,318,UN_ID_FD,unknown_sp,0.1,species,cover,0.25,m2,Fine debris; non-taxonomic observation.
GAZP_8,GAZP,8_2,2013,77,3,319,UN_ID_BG,unknown_sp,85,species,cover,0.25,m2,Bare ground; non-taxonomic observation.
GAZP_8,GAZP,8_2,2013,77,3,319,UN_ID_CD,unknown_sp,0.5,species,cover,0.25,m2,Meaning could not be determined from the source data.
GAZP_8,GAZP,8_2,2013,77,3,319,UN_ID_FD,unknown_sp,0.1,species,cover,0.25,m2,Fine debris; non-taxonomic observation.
GAZP_8,GAZP,8_2,2013,77,3,320,UN_ID_BG,unknown_sp,97.5,species,cover,0.25,m2,Bare ground; non-taxonomic observation.
GAZP_8,GAZP,8_2,2013,77,3,320,UN_ID_FD,unknown_sp,0.1,species,cover,0.25,m2,Fine debris; non-taxonomic observation.
GAZP_8,GAZP,8_2,2013,77,3,321,UN_ID_BG,unknown_sp,85,species,cover,0.25,m2,Bare ground; non-taxonomic observation.
GAZP_8,GAZP,8_2,2013,77,3,321,UN_ID_FD,unknown_sp,0.1,species,cover,0.25,m2,Fine debris; non-taxonomic observation.
GAZP_8,GAZP,8_2,2013,77,3,322,UN_ID_BG,unknown_sp,97.5,species,cover,0.25,m2,Bare ground; non-taxonomic observation.
GAZP_8,GAZP,8_2,2013,77,3,322,UN_ID_FD,unknown_sp,0.1,species,cover,0.25,m2,Fine debris; non-taxonomic observation.
GAZP_8,GAZP,8_2,2013,77,3,323,UN_ID_BG,unknown_sp,85,species,cover,0.25,m2,Bare ground; non-taxonomic observation.
GAZP_8,GAZP,8_2,2013,77,3,323,UN_ID_CD,unknown_sp,0.1,species,cover,0.25,m2,Meaning could not be determined from the source data.
GAZP_8,GAZP,8_2,2013,77,3,323,UN_ID_FD,unknown_sp,0.1,species,cover,0.25,m2,Fine debris; non-taxonomic observation.
GAZP_8,GAZP,8_2,2013,77,3,324,UN_ID_BG,unknown_sp,97.5,species,cover,0.25,m2,Bare ground; non-taxonomic observation.
GAZP_8,GAZP,8_2,2013,77,3,324,UN_ID_FD,unknown_sp,0.1,species,cover,0.25,m2,Fine debris; non-taxonomic observation.
GAZP_8,GAZP,8_2,2013,77,3,325,UN_ID_BG,unknown_sp,85,species,cover,0.25,m2,Bare ground; non-taxonomic observation.
GAZP_8,GAZP,8_2,2013,77,3,325,UN_ID_FD,unknown_sp,0.1,species,cover,0.25,m2,Fine debris; non-taxonomic observation.
GAZP_8,GAZP,8_2,2013,77,3,326,UN_ID_BG,unknown_sp,85,species,cover,0.25,m2,Bare ground; non-taxonomic observation.
GAZP_8,GAZP,8_2,2013,77,3,326,UN_ID_FD,unknown_sp,0.1,species,cover,0.25,m2,Fine debris; non-taxonomic observation.
GAZP_8,GAZP,8_2,2013,77,3,327,UN_ID_BG,unknown_sp,85,species,cover,0.25,m2,Bare ground; non-taxonomic observation.
GAZP_8,GAZP,8_2,2013,77,3,327,UN_ID_FD,unknown_sp,0.1,species,cover,0.25,m2,Fine debris; non-taxonomic observation.
GAZP_8,GAZP,8_2,2013,77,3,328,UN_ID_BG,unknown_sp,97.5,species,cover,0.25,m2,Bare ground; non-taxonomic observation.
GAZP_8,GAZP,8_2,2013,77,3,328,UN_ID_FD,unknown_sp,0.1,species,cover,0.25,m2,Fine debris; non-taxonomic observation.
GAZP_8,GAZP,8_2,2013,77,3,329,UN_ID_BG,unknown_sp,85,species,cover,0.25,m2,Bare ground; non-taxonomic observation.
GAZP_8,GAZP,8_2,2013,77,3,329,UN_ID_FD,unknown_sp,0.1,species,cover,0.25,m2,Fine debris; non-taxonomic observation.
GAZP_8,GAZP,8_2,2013,77,3,330,UN_ID_BG,unknown_sp,97.5,species,cover,0.25,m2,Bare ground; non-taxonomic observation.
GAZP_8,GAZP,8_2,2013,77,3,330,UN_ID_FD,unknown_sp,0.1,species,cover,0.25,m2,Fine debris; non-taxonomic observation.
GAZP_8,GAZP,8_2,2013,77,3,331,UN_ID_BG,unknown_sp,97.5,species,cover,0.25,m2,Bare ground; non-taxonomic observation.
GAZP_8,GAZP,8_2,2013,77,3,331,UN_ID_FD,unknown_sp,0.1,species,cover,0.25,m2,Fine debris; non-taxonomic observation.
GAZP_8,GAZP,8_2,2013,77,3,332,UN_ID_BG,unknown_sp,62.5,species,cover,0.25,m2,Bare ground; non-taxonomic observation.
GAZP_8,GAZP,8_2,2013,77,3,332,UN_ID_CD,unknown_sp,3,species,cover,0.25,m2,Meaning could not be determined from the source data.
GAZP_8,GAZP,8_2,2013,77,3,332,UN_ID_FD,unknown_sp,0.1,species,cover,0.25,m2,Fine debris; non-taxonomic observation.
GAZP_8,GAZP,8_2,2013,77,3,333,UN_ID_BG,unknown_sp,85,species,cover,0.25,m2,Bare ground; non-taxonomic observation.
GAZP_8,GAZP,8_2,2013,77,3,333,UN_ID_CD,unknown_sp,0.5,species,cover,0.25,m2,Meaning could not be determined from the source data.
GAZP_8,GAZP,8_2,2013,77,3,333,UN_ID_FD,unknown_sp,0.1,species,cover,0.25,m2,Fine debris; non-taxonomic observation.
GAZP_8,GAZP,8_2,2013,77,3,334,UN_ID_BG,unknown_sp,97.5,species,cover,0.25,m2,Bare ground; non-taxonomic observation.
GAZP_8,GAZP,8_2,2013,77,3,334,UN_ID_FD,unknown_sp,0.1,species,cover,0.25,m2,Fine debris; non-taxonomic observation.
GAZP_8,GAZP,8_2,2013,77,3,335,UN_ID_BG,unknown_sp,97.5,species,cover,0.25,m2,Bare ground; non-taxonomic observation.
GAZP_8,GAZP,8_2,2013,77,3,335,UN_ID_FD,unknown_sp,0.1,species,cover,0.25,m2,Fine debris; non-taxonomic observation.
GAZP_8,GAZP,8_2,2013,77,3,336,UN_ID_BG,unknown_sp,97.5,species,cover,0.25,m2,Bare ground; non-taxonomic observation.
GAZP_8,GAZP,8_2,2013,77,3,336,UN_ID_FD,unknown_sp,0.1,species,cover,0.25,m2,Fine debris; non-taxonomic observation.
GAZP_8,GAZP,8_2,2013,77,3,337,UN_ID_BG,unknown_sp,62.5,species,cover,0.25,m2,Bare ground; non-taxonomic observation.
GAZP_8,GAZP,8_2,2013,77,3,337,UN_ID_CD,unknown_sp,3,species,cover,0.25,m2,Meaning could not be determined from the source data.
GAZP_8,GAZP,8_2,2013,77,3,337,UN_ID_FD,unknown_sp,0.1,species,cover,0.25,m2,Fine debris; non-taxonomic observation.
GAZP_8,GAZP,8_2,2013,77,3,338,UN_ID_BG,unknown_sp,97.5,species,cover,0.25,m2,Bare ground; non-taxonomic observation.
GAZP_8,GAZP,8_2,2013,77,3,338,UN_ID_FD,unknown_sp,0.1,species,cover,0.25,m2,Fine debris; non-taxonomic observation.
GAZP_8,GAZP,8_2,2013,77,3,339,UN_ID_BG,unknown_sp,85,species,cover,0.25,m2,Bare ground; non-taxonomic observation.
GAZP_8,GAZP,8_2,2013,77,3,339,UN_ID_CD,unknown_sp,0.1,species,cover,0.25,m2,Meaning could not be determined from the source data.
GAZP_8,GAZP,8_2,2013,77,3,339,UN_ID_FD,unknown_sp,0.1,species,cover,0.25,m2,Fine debris; non-taxonomic observation.
GAZP_8,GAZP,8_2,2013,77,3,340,UN_ID_BG,unknown_sp,97.5,species,cover,0.25,m2,Bare ground; non-taxonomic observation.
GAZP_8,GAZP,8_2,2013,77,3,340,UN_ID_CD,unknown_sp,0.1,species,cover,0.25,m2,Meaning could not be determined from the source data.
GAZP_8,GAZP,8_2,2013,77,3,340,UN_ID_FD,unknown_sp,0.1,species,cover,0.25,m2,Fine debris; non-taxonomic observation.
GAZP_8,GAZP,8_2,2013,77,3,341,UN_ID_BG,unknown_sp,97.5,species,cover,0.25,m2,Bare ground; non-taxonomic observation.
GAZP_8,GAZP,8_2,2013,77,3,341,UN_ID_FD,unknown_sp,0.1,species,cover,0.25,m2,Fine debris; non-taxonomic observation.
GAZP_8,GAZP,8_2,2013,77,3,342,UN_ID_BG,unknown_sp,97.5,species,cover,0.25,m2,Bare ground; non-taxonomic observation.
GAZP_8,GAZP,8_2,2013,77,3,342,UN_ID_FD,unknown_sp,0.1,species,cover,0.25,m2,Fine debris; non-taxonomic observation.
GAZP_8,GAZP,8_2,2013,77,3,343,UN_ID_BG,unknown_sp,62.5,species,cover,0.25,m2,Bare ground; non-taxonomic observation.
GAZP_8,GAZP,8_2,2013,77,3,343,UN_ID_CD,unknown_sp,0.5,species,cover,0.25,m2,Meaning could not be determined from the source data.
GAZP_8,GAZP,8_2,2013,77,3,343,UN_ID_FD,unknown_sp,0.1,species,cover,0.25,m2,Fine debris; non-taxonomic observation.
GAZP_8,GAZP,8_2,2013,77,3,344,UN_ID_BG,unknown_sp,97.5,species,cover,0.25,m2,Bare ground; non-taxonomic observation.
GAZP_8,GAZP,8_2,2013,77,3,344,UN_ID_FD,unknown_sp,0.1,species,cover,0.25,m2,Fine debris; non-taxonomic observation.
GAZP_8,GAZP,8_2,2013,77,3,345,UN_ID_BG,unknown_sp,85,species,cover,0.25,m2,Bare ground; non-taxonomic observation.
GAZP_8,GAZP,8_2,2013,77,3,345,UN_ID_FD,unknown_sp,0.1,species,cover,0.25,m2,Fine debris; non-taxonomic observation.
GAZP_8,GAZP,8_2,2013,77,3,346,UN_ID_BG,unknown_sp,97.5,species,cover,0.25,m2,Bare ground; non-taxonomic observation.
GAZP_8,GAZP,8_2,2013,77,3,346,UN_ID_FD,unknown_sp,0.1,species,cover,0.25,m2,Fine debris; non-taxonomic observation.
GAZP_8,GAZP,8_2,2013,77,3,347,UN_ID_BG,unknown_sp,97.5,species,cover,0.25,m2,Bare ground; non-taxonomic observation.
GAZP_8,GAZP,8_2,2013,77,3,347,UN_ID_FD,unknown_sp,0.1,species,cover,0.25,m2,Fine debris; non-taxonomic observation.
GAZP_8,GAZP,8_2,2013,77,3,348,UN_ID_BG,unknown_sp,97.5,species,cover,0.25,m2,Bare ground; non-taxonomic observation.
GAZP_8,GAZP,8_2,2013,77,3,348,UN_ID_FD,unknown_sp,0.1,species,cover,0.25,m2,Fine debris; non-taxonomic observation.
GAZP_8,GAZP,8_2,2013,77,3,349,UN_ID_BG,unknown_sp,97.5,species,cover,0.25,m2,Bare ground; non-taxonomic observation.
GAZP_8,GAZP,8_2,2013,77,3,349,UN_ID_FD,unknown_sp,0.1,species,cover,0.25,m2,Fine debris; non-taxonomic observation.
GAZP_8,GAZP,8_2,2013,77,3,350,UN_ID_BG,unknown_sp,97.5,species,cover,0.25,m2,Bare ground; non-taxonomic observation.
GAZP_8,GAZP,8_2,2013,77,3,350,UN_ID_FD,unknown_sp,0.1,species,cover,0.25,m2,Fine debris; non-taxonomic observation.
GAZP_8,GAZP,8_2,2013,77,3,351,UN_ID_BG,unknown_sp,97.5,species,cover,0.25,m2,Bare ground; non-taxonomic observation.
GAZP_8,GAZP,8_2,2013,77,3,351,UN_ID_FD,unknown_sp,0.1,species,cover,0.25,m2,Fine debris; non-taxonomic observation.
GAZP_8,GAZP,8_2,2013,77,3,352,UN_ID_BG,unknown_sp,97.5,species,cover,0.25,m2,Bare ground; non-taxonomic observation.
GAZP_8,GAZP,8_2,2013,77,3,352,UN_ID_FD,unknown_sp,0.1,species,cover,0.25,m2,Fine debris; non-taxonomic observation.
GAZP_8,GAZP,8_2,2013,77,3,353,UN_ID_BG,unknown_sp,97.5,species,cover,0.25,m2,Bare ground; non-taxonomic observation.
GAZP_8,GAZP,8_2,2013,77,3,353,UN_ID_FD,unknown_sp,0.1,species,cover,0.25,m2,Fine debris; non-taxonomic observation.
GAZP_8,GAZP,8_2,2013,77,3,354,UN_ID_BG,unknown_sp,97.5,species,cover,0.25,m2,Bare ground; non-taxonomic observation.
GAZP_8,GAZP,8_2,2013,77,3,354,UN_ID_FD,unknown_sp,0.1,species,cover,0.25,m2,Fine debris; non-taxonomic observation.
GAZP_8,GAZP,8_2,2013,77,3,355,UN_ID_BG,unknown_sp,97.5,species,cover,0.25,m2,Bare ground; non-taxonomic observation.
GAZP_8,GAZP,8_2,2013,77,3,355,UN_ID_FD,unknown_sp,0.1,species,cover,0.25,m2,Fine debris; non-taxonomic observation.
GAZP_8,GAZP,8_2,2013,77,3,356,UN_ID_BG,unknown_sp,97.5,species,cover,0.25,m2,Bare ground; non-taxonomic observation.
GAZP_8,GAZP,8_2,2013,77,3,356,UN_ID_FD,unknown_sp,0.1,species,cover,0.25,m2,Fine debris; non-taxonomic observation.
GAZP_8,GAZP,8_2,2013,77,3,357,UN_ID_BG,unknown_sp,97.5,species,cover,0.25,m2,Bare ground; non-taxonomic observation.
GAZP_8,GAZP,8_2,2013,77,3,357,UN_ID_CD,unknown_sp,0.1,species,cover,0.25,m2,Meaning could not be determined from the source data.
GAZP_8,GAZP,8_2,2013,77,3,357,UN_ID_FD,unknown_sp,0.1,species,cover,0.25,m2,Fine debris; non-taxonomic observation.
GAZP_8,GAZP,8_2,2013,77,3,358,UN_ID_BG,unknown_sp,97.5,species,cover,0.25,m2,Bare ground; non-taxonomic observation.
GAZP_8,GAZP,8_2,2013,77,3,358,UN_ID_FD,unknown_sp,0.1,species,cover,0.25,m2,Fine debris; non-taxonomic observation.
GAZP_8,GAZP,8_2,2013,77,3,359,UN_ID_BG,unknown_sp,97.5,species,cover,0.25,m2,Bare ground; non-taxonomic observation.
GAZP_8,GAZP,8_2,2013,77,3,359,UN_ID_FD,unknown_sp,0.1,species,cover,0.25,m2,Fine debris; non-taxonomic observation.
GAZP_8,GAZP,8_2,2013,77,3,360,UN_ID_BG,unknown_sp,97.5,species,cover,0.25,m2,Bare ground; non-taxonomic observation.
GAZP_8,GAZP,8_2,2013,77,3,360,UN_ID_FD,unknown_sp,0.1,species,cover,0.25,m2,Fine debris; non-taxonomic observation.
GAZP_8,GAZP,8_2,2013,77,3,361,UN_ID_BG,unknown_sp,97.5,species,cover,0.25,m2,Bare ground; non-taxonomic observation.
GAZP_8,GAZP,8_2,2013,77,3,361,UN_ID_FD,unknown_sp,0.1,species,cover,0.25,m2,Fine debris; non-taxonomic observation.
GAZP_8,GAZP,8_2,2013,77,3,362,UN_ID_BG,unknown_sp,97.5,species,cover,0.25,m2,Bare ground; non-taxonomic observation.
GAZP_8,GAZP,8_2,2013,77,3,362,UN_ID_CD,unknown_sp,0.1,species,cover,0.25,m2,Meaning could not be determined from the source data.
GAZP_8,GAZP,8_2,2013,77,3,362,UN_ID_FD,unknown_sp,0.1,species,cover,0.25,m2,Fine debris; non-taxonomic observation.
GAZP_8,GAZP,8_20,2014,177,1,363,UN_ID_BG,unknown_sp,15,species,cover,0.25,m2,Bare ground; non-taxonomic observation.
GAZP_8,GAZP,8_20,2014,177,1,364,UN_ID_BG,unknown_sp,3,species,cover,0.25,m2,Bare ground; non-taxonomic observation.
GAZP_8,GAZP,8_20,2014,177,1,365,UN_ID_BG,unknown_sp,15,species,cover,0.25,m2,Bare ground; non-taxonomic observation.
GAZP_8,GAZP,8_20,2014,177,2,366,UN_ID_BG,unknown_sp,85,species,cover,0.25,m2,Bare ground; non-taxonomic observation.
GAZP_8,GAZP,8_20,2014,177,2,367,UN_ID_BG,unknown_sp,62.5,species,cover,0.25,m2,Bare ground; non-taxonomic observation.
GAZP_8,GAZP,8_20,2014,177,2,368,UN_ID_BG,unknown_sp,37.5,species,cover,0.25,m2,Bare ground; non-taxonomic observation.
GAZP_8,GAZP,8_20,2014,177,3,369,UN_ID_BG,unknown_sp,15,species,cover,0.25,m2,Bare ground; non-taxonomic observation.
GAZP_8,GAZP,8_20,2014,177,3,370,UN_ID_BG,unknown_sp,97.5,species,cover,0.25,m2,Bare ground; non-taxonomic observation.
GAZP_8,GAZP,8_20,2014,177,3,371,UN_ID_BG,unknown_sp,62.5,species,cover,0.25,m2,Bare ground; non-taxonomic observation.
GAZP_8,GAZP,8_20,2012,18,1,363,UN_ID_BG,unknown_sp,97.5,species,cover,0.25,m2,Bare ground; non-taxonomic observation.
GAZP_8,GAZP,8_20,2012,18,1,363,UN_ID_FD,unknown_sp,0.1,species,cover,0.25,m2,Fine debris; non-taxonomic observation.
GAZP_8,GAZP,8_20,2012,18,1,363,UN_ID_TC,unknown_sp,0.1,species,cover,0.25,m2,Total cover; non-taxonomic observation.
GAZP_8,GAZP,8_20,2012,18,1,364,UN_ID_BG,unknown_sp,97.5,species,cover,0.25,m2,Bare ground; non-taxonomic observation.
GAZP_8,GAZP,8_20,2012,18,1,364,UN_ID_FD,unknown_sp,0.1,species,cover,0.25,m2,Fine debris; non-taxonomic observation.
GAZP_8,GAZP,8_20,2012,18,1,364,UN_ID_TC,unknown_sp,0.1,species,cover,0.25,m2,Total cover; non-taxonomic observation.
GAZP_8,GAZP,8_20,2012,18,1,365,UN_ID_BG,unknown_sp,97.5,species,cover,0.25,m2,Bare ground; non-taxonomic observation.
GAZP_8,GAZP,8_20,2012,18,1,365,UN_ID_FD,unknown_sp,0.1,species,cover,0.25,m2,Fine debris; non-taxonomic observation.
GAZP_8,GAZP,8_20,2012,18,1,365,UN_ID_TC,unknown_sp,0.1,species,cover,0.25,m2,Total cover; non-taxonomic observation.
GAZP_8,GAZP,8_20,2012,18,2,366,UN_ID_BG,unknown_sp,97.5,species,cover,0.25,m2,Bare ground; non-taxonomic observation.
GAZP_8,GAZP,8_20,2012,18,2,366,UN_ID_FD,unknown_sp,0.1,species,cover,0.25,m2,Fine debris; non-taxonomic observation.
GAZP_8,GAZP,8_20,2012,18,2,366,UN_ID_TC,unknown_sp,0.1,species,cover,0.25,m2,Total cover; non-taxonomic observation.
GAZP_8,GAZP,8_20,2012,18,2,367,UN_ID_BG,unknown_sp,97.5,species,cover,0.25,m2,Bare ground; non-taxonomic observation.
GAZP_8,GAZP,8_20,2012,18,2,367,UN_ID_FD,unknown_sp,0.1,species,cover,0.25,m2,Fine debris; non-taxonomic observation.
GAZP_8,GAZP,8_20,2012,18,2,367,UN_ID_TC,unknown_sp,0.1,species,cover,0.25,m2,Total cover; non-taxonomic observation.
GAZP_8,GAZP,8_20,2012,18,2,368,UN_ID_BG,unknown_sp,97.5,species,cover,0.25,m2,Bare ground; non-taxonomic observation.
GAZP_8,GAZP,8_20,2012,18,2,368,UN_ID_FD,unknown_sp,0.1,species,cover,0.25,m2,Fine debris; non-taxonomic observation.
GAZP_8,GAZP,8_20,2012,18,2,368,UN_ID_TC,unknown_sp,0.1,species,cover,0.25,m2,Total cover; non-taxonomic observation.
GAZP_8,GAZP,8_20,2012,18,3,369,UN_ID_BG,unknown_sp,97.5,species,cover,0.25,m2,Bare ground; non-taxonomic observation.
GAZP_8,GAZP,8_20,2012,18,3,369,UN_ID_FD,unknown_sp,0.1,species,cover,0.25,m2,Fine debris; non-taxonomic observation.
GAZP_8,GAZP,8_20,2012,18,3,370,UN_ID_BG,unknown_sp,97.5,species,cover,0.25,m2,Bare ground; non-taxonomic observation.
GAZP_8,GAZP,8_20,2012,18,3,370,UN_ID_FD,unknown_sp,0.1,species,cover,0.25,m2,Fine debris; non-taxonomic observation.
GAZP_8,GAZP,8_20,2012,18,3,371,UN_ID_BG,unknown_sp,97.5,species,cover,0.25,m2,Bare ground; non-taxonomic observation.
GAZP_8,GAZP,8_20,2012,18,3,371,UN_ID_FD,unknown_sp,0.1,species,cover,0.25,m2,Fine debris; non-taxonomic observation.
GAZP_8,GAZP,8_20,2013,77,1,363,UN_ID_BG,unknown_sp,3,species,cover,0.25,m2,Bare ground; non-taxonomic observation.
GAZP_8,GAZP,8_20,2013,77,1,363,UN_ID_FD,unknown_sp,0.5,species,cover,0.25,m2,Fine debris; non-taxonomic observation.
GAZP_8,GAZP,8_20,2013,77,1,364,UN_ID_BG,unknown_sp,3,species,cover,0.25,m2,Bare ground; non-taxonomic observation.
GAZP_8,GAZP,8_20,2013,77,1,364,UN_ID_FD,unknown_sp,0.1,species,cover,0.25,m2,Fine debris; non-taxonomic observation.
GAZP_8,GAZP,8_20,2013,77,1,365,UN_ID_BG,unknown_sp,62.5,species,cover,0.25,m2,Bare ground; non-taxonomic observation.
GAZP_8,GAZP,8_20,2013,77,1,365,UN_ID_FD,unknown_sp,0.5,species,cover,0.25,m2,Fine debris; non-taxonomic observation.
GAZP_8,GAZP,8_20,2013,77,3,369,UN_ID_BG,unknown_sp,97.5,species,cover,0.25,m2,Bare ground; non-taxonomic observation.
GAZP_8,GAZP,8_20,2013,77,3,369,UN_ID_CD,unknown_sp,0.1,species,cover,0.25,m2,Meaning could not be determined from the source data.
GAZP_8,GAZP,8_20,2013,77,3,369,UN_ID_FD,unknown_sp,0.1,species,cover,0.25,m2,Fine debris; non-taxonomic observation.
GAZP_8,GAZP,8_20,2013,77,3,370,UN_ID_BG,unknown_sp,97.5,species,cover,0.25,m2,Bare ground; non-taxonomic observation.
GAZP_8,GAZP,8_20,2013,77,3,370,UN_ID_FD,unknown_sp,0.1,species,cover,0.25,m2,Fine debris; non-taxonomic observation.
GAZP_8,GAZP,8_20,2013,77,3,371,UN_ID_BG,unknown_sp,97.5,species,cover,0.25,m2,Bare ground; non-taxonomic observation.
GAZP_8,GAZP,8_20,2013,77,3,371,UN_ID_FD,unknown_sp,0.1,species,cover,0.25,m2,Fine debris; non-taxonomic observation.
GAZP_8,GAZP,8_21,2014,177,1,372,UN_ID_BG,unknown_sp,3,species,cover,0.25,m2,Bare ground; non-taxonomic observation.
GAZP_8,GAZP,8_21,2014,177,1,373,UN_ID_BG,unknown_sp,3,species,cover,0.25,m2,Bare ground; non-taxonomic observation.
GAZP_8,GAZP,8_21,2014,177,1,374,UN_ID_BG,unknown_sp,15,species,cover,0.25,m2,Bare ground; non-taxonomic observation.
GAZP_8,GAZP,8_21,2014,177,2,375,UN_ID_BG,unknown_sp,62.5,species,cover,0.25,m2,Bare ground; non-taxonomic observation.
GAZP_8,GAZP,8_21,2014,177,2,376,UN_ID_BG,unknown_sp,37.5,species,cover,0.25,m2,Bare ground; non-taxonomic observation.
GAZP_8,GAZP,8_21,2014,177,2,377,UN_ID_BG,unknown_sp,37.5,species,cover,0.25,m2,Bare ground; non-taxonomic observation.
GAZP_8,GAZP,8_21,2014,177,3,378,UN_ID_BG,unknown_sp,97.5,species,cover,0.25,m2,Bare ground; non-taxonomic observation.
GAZP_8,GAZP,8_21,2014,177,3,379,UN_ID_BG,unknown_sp,85,species,cover,0.25,m2,Bare ground; non-taxonomic observation.
GAZP_8,GAZP,8_21,2012,18,1,372,UN_ID_BG,unknown_sp,97.5,species,cover,0.25,m2,Bare ground; non-taxonomic observation.
GAZP_8,GAZP,8_21,2012,18,1,372,UN_ID_FD,unknown_sp,0.1,species,cover,0.25,m2,Fine debris; non-taxonomic observation.
GAZP_8,GAZP,8_21,2012,18,1,372,UN_ID_TC,unknown_sp,0.1,species,cover,0.25,m2,Total cover; non-taxonomic observation.
GAZP_8,GAZP,8_21,2012,18,1,373,UN_ID_BG,unknown_sp,97.5,species,cover,0.25,m2,Bare ground; non-taxonomic observation.
GAZP_8,GAZP,8_21,2012,18,1,373,UN_ID_FD,unknown_sp,0.1,species,cover,0.25,m2,Fine debris; non-taxonomic observation.
GAZP_8,GAZP,8_21,2012,18,1,373,UN_ID_TC,unknown_sp,0.1,species,cover,0.25,m2,Total cover; non-taxonomic observation.
GAZP_8,GAZP,8_21,2012,18,1,373,UN_ID_TS,unknown_sp,0.1,species,cover,0.25,m2,Triticale seeds; non-taxonomic observation.
GAZP_8,GAZP,8_21,2012,18,1,374,UN_ID_BG,unknown_sp,97.5,species,cover,0.25,m2,Bare ground; non-taxonomic observation.
GAZP_8,GAZP,8_21,2012,18,1,374,UN_ID_FD,unknown_sp,0.1,species,cover,0.25,m2,Fine debris; non-taxonomic observation.
GAZP_8,GAZP,8_21,2012,18,1,374,UN_ID_TC,unknown_sp,0.1,species,cover,0.25,m2,Total cover; non-taxonomic observation.
GAZP_8,GAZP,8_21,2012,18,2,375,UN_ID_BG,unknown_sp,97.5,species,cover,0.25,m2,Bare ground; non-taxonomic observation.
GAZP_8,GAZP,8_21,2012,18,2,375,UN_ID_FD,unknown_sp,0.1,species,cover,0.25,m2,Fine debris; non-taxonomic observation.
GAZP_8,GAZP,8_21,2012,18,2,375,UN_ID_TC,unknown_sp,0.1,species,cover,0.25,m2,Total cover; non-taxonomic observation.
GAZP_8,GAZP,8_21,2012,18,2,376,UN_ID_BG,unknown_sp,97.5,species,cover,0.25,m2,Bare ground; non-taxonomic observation.
GAZP_8,GAZP,8_21,2012,18,2,376,UN_ID_FD,unknown_sp,0.1,species,cover,0.25,m2,Fine debris; non-taxonomic observation.
GAZP_8,GAZP,8_21,2012,18,2,376,UN_ID_TC,unknown_sp,0.1,species,cover,0.25,m2,Total cover; non-taxonomic observation.
GAZP_8,GAZP,8_21,2012,18,2,377,UN_ID_BG,unknown_sp,97.5,species,cover,0.25,m2,Bare ground; non-taxonomic observation.
GAZP_8,GAZP,8_21,2012,18,2,377,UN_ID_FD,unknown_sp,0.1,species,cover,0.25,m2,Fine debris; non-taxonomic observation.
GAZP_8,GAZP,8_21,2012,18,2,377,UN_ID_TC,unknown_sp,0.1,species,cover,0.25,m2,Total cover; non-taxonomic observation.
GAZP_8,GAZP,8_21,2012,18,3,378,UN_ID_BG,unknown_sp,97.5,species,cover,0.25,m2,Bare ground; non-taxonomic observation.
GAZP_8,GAZP,8_21,2012,18,3,378,UN_ID_FD,unknown_sp,0.1,species,cover,0.25,m2,Fine debris; non-taxonomic observation.
GAZP_8,GAZP,8_21,2012,18,3,379,UN_ID_BG,unknown_sp,97.5,species,cover,0.25,m2,Bare ground; non-taxonomic observation.
GAZP_8,GAZP,8_21,2012,18,3,379,UN_ID_FD,unknown_sp,0.1,species,cover,0.25,m2,Fine debris; non-taxonomic observation.
GAZP_8,GAZP,8_21,2012,18,3,380,UN_ID_BG,unknown_sp,97.5,species,cover,0.25,m2,Bare ground; non-taxonomic observation.
GAZP_8,GAZP,8_21,2012,18,3,380,UN_ID_FD,unknown_sp,0.1,species,cover,0.25,m2,Fine debris; non-taxonomic observation.
GAZP_8,GAZP,8_21,2013,77,1,372,UN_ID_BG,unknown_sp,15,species,cover,0.25,m2,Bare ground; non-taxonomic observation.
GAZP_8,GAZP,8_21,2013,77,1,372,UN_ID_FD,unknown_sp,0.5,species,cover,0.25,m2,Fine debris; non-taxonomic observation.
GAZP_8,GAZP,8_21,2013,77,1,373,UN_ID_BG,unknown_sp,3,species,cover,0.25,m2,Bare ground; non-taxonomic observation.
GAZP_8,GAZP,8_21,2013,77,1,373,UN_ID_FD,unknown_sp,3,species,cover,0.25,m2,Fine debris; non-taxonomic observation.
GAZP_8,GAZP,8_21,2013,77,1,374,UN_ID_BG,unknown_sp,85,species,cover,0.25,m2,Bare ground; non-taxonomic observation.
GAZP_8,GAZP,8_21,2013,77,1,374,UN_ID_FD,unknown_sp,0.5,species,cover,0.25,m2,Fine debris; non-taxonomic observation.
GAZP_8,GAZP,8_21,2013,77,3,378,UN_ID_BG,unknown_sp,97.5,species,cover,0.25,m2,Bare ground; non-taxonomic observation.
GAZP_8,GAZP,8_21,2013,77,3,378,UN_ID_CD,unknown_sp,0.1,species,cover,0.25,m2,Meaning could not be determined from the source data.
GAZP_8,GAZP,8_21,2013,77,3,378,UN_ID_FD,unknown_sp,0.1,species,cover,0.25,m2,Fine debris; non-taxonomic observation.
GAZP_8,GAZP,8_21,2013,77,3,379,UN_ID_BG,unknown_sp,85,species,cover,0.25,m2,Bare ground; non-taxonomic observation.
GAZP_8,GAZP,8_21,2013,77,3,379,UN_ID_CD,unknown_sp,0.1,species,cover,0.25,m2,Meaning could not be determined from the source data.
GAZP_8,GAZP,8_21,2013,77,3,379,UN_ID_FD,unknown_sp,0.1,species,cover,0.25,m2,Fine debris; non-taxonomic observation.
GAZP_8,GAZP,8_21,2013,77,3,380,UN_ID_BG,unknown_sp,97.5,species,cover,0.25,m2,Bare ground; non-taxonomic observation.
GAZP_8,GAZP,8_21,2013,77,3,380,UN_ID_FD,unknown_sp,0.1,species,cover,0.25,m2,Fine debris; non-taxonomic observation.
GAZP_8,GAZP,8_22,2014,177,1,381,UN_ID_BG,unknown_sp,15,species,cover,0.25,m2,Bare ground; non-taxonomic observation.
GAZP_8,GAZP,8_22,2014,177,1,382,UN_ID_BG,unknown_sp,37.5,species,cover,0.25,m2,Bare ground; non-taxonomic observation.
GAZP_8,GAZP,8_22,2014,177,1,383,UN_ID_BG,unknown_sp,3,species,cover,0.25,m2,Bare ground; non-taxonomic observation.
GAZP_8,GAZP,8_22,2014,177,2,384,UN_ID_BG,unknown_sp,37.5,species,cover,0.25,m2,Bare ground; non-taxonomic observation.
GAZP_8,GAZP,8_22,2014,177,2,385,UN_ID_BG,unknown_sp,85,species,cover,0.25,m2,Bare ground; non-taxonomic observation.
GAZP_8,GAZP,8_22,2014,177,2,386,UN_ID_BG,unknown_sp,37.5,species,cover,0.25,m2,Bare ground; non-taxonomic observation.
GAZP_8,GAZP,8_22,2014,177,3,387,UN_ID_BG,unknown_sp,85,species,cover,0.25,m2,Bare ground; non-taxonomic observation.
GAZP_8,GAZP,8_22,2014,177,3,388,UN_ID_BG,unknown_sp,62.5,species,cover,0.25,m2,Bare ground; non-taxonomic observation.
GAZP_8,GAZP,8_22,2014,177,3,389,UN_ID_BG,unknown_sp,97.5,species,cover,0.25,m2,Bare ground; non-taxonomic observation.
GAZP_8,GAZP,8_22,2012,18,1,381,UN_ID_BG,unknown_sp,97.5,species,cover,0.25,m2,Bare ground; non-taxonomic observation.
GAZP_8,GAZP,8_22,2012,18,1,381,UN_ID_FD,unknown_sp,0.1,species,cover,0.25,m2,Fine debris; non-taxonomic observation.
GAZP_8,GAZP,8_22,2012,18,1,381,UN_ID_TC,unknown_sp,0.1,species,cover,0.25,m2,Total cover; non-taxonomic observation.
GAZP_8,GAZP,8_22,2012,18,1,381,UN_ID_TS,unknown_sp,0.1,species,cover,0.25,m2,Triticale seeds; non-taxonomic observation.
GAZP_8,GAZP,8_22,2012,18,1,382,UN_ID_BG,unknown_sp,97.5,species,cover,0.25,m2,Bare ground; non-taxonomic observation.
GAZP_8,GAZP,8_22,2012,18,1,382,UN_ID_FD,unknown_sp,0.1,species,cover,0.25,m2,Fine debris; non-taxonomic observation.
GAZP_8,GAZP,8_22,2012,18,1,382,UN_ID_TC,unknown_sp,0.1,species,cover,0.25,m2,Total cover; non-taxonomic observation.
GAZP_8,GAZP,8_22,2012,18,1,383,UN_ID_BG,unknown_sp,97.5,species,cover,0.25,m2,Bare ground; non-taxonomic observation.
GAZP_8,GAZP,8_22,2012,18,1,383,UN_ID_FD,unknown_sp,0.1,species,cover,0.25,m2,Fine debris; non-taxonomic observation.
GAZP_8,GAZP,8_22,2012,18,1,383,UN_ID_TC,unknown_sp,0.1,species,cover,0.25,m2,Total cover; non-taxonomic observation.
GAZP_8,GAZP,8_22,2012,18,2,384,UN_ID_BG,unknown_sp,97.5,species,cover,0.25,m2,Bare ground; non-taxonomic observation.
GAZP_8,GAZP,8_22,2012,18,2,384,UN_ID_FD,unknown_sp,0.1,species,cover,0.25,m2,Fine debris; non-taxonomic observation.
GAZP_8,GAZP,8_22,2012,18,2,384,UN_ID_TC,unknown_sp,0.1,species,cover,0.25,m2,Total cover; non-taxonomic observation.
GAZP_8,GAZP,8_22,2012,18,2,385,UN_ID_BG,unknown_sp,97.5,species,cover,0.25,m2,Bare ground; non-taxonomic observation.
GAZP_8,GAZP,8_22,2012,18,2,385,UN_ID_FD,unknown_sp,0.1,species,cover,0.25,m2,Fine debris; non-taxonomic observation.
GAZP_8,GAZP,8_22,2012,18,2,386,UN_ID_BG,unknown_sp,97.5,species,cover,0.25,m2,Bare ground; non-taxonomic observation.
GAZP_8,GAZP,8_22,2012,18,2,386,UN_ID_FD,unknown_sp,0.1,species,cover,0.25,m2,Fine debris; non-taxonomic observation.
GAZP_8,GAZP,8_22,2012,18,2,386,UN_ID_TC,unknown_sp,0.1,species,cover,0.25,m2,Total cover; non-taxonomic observation.
GAZP_8,GAZP,8_22,2012,18,3,387,UN_ID_BG,unknown_sp,97.5,species,cover,0.25,m2,Bare ground; non-taxonomic observation.
GAZP_8,GAZP,8_22,2012,18,3,387,UN_ID_FD,unknown_sp,0.1,species,cover,0.25,m2,Fine debris; non-taxonomic observation.
GAZP_8,GAZP,8_22,2012,18,3,388,UN_ID_BG,unknown_sp,97.5,species,cover,0.25,m2,Bare ground; non-taxonomic observation.
GAZP_8,GAZP,8_22,2012,18,3,388,UN_ID_FD,unknown_sp,0.1,species,cover,0.25,m2,Fine debris; non-taxonomic observation.
GAZP_8,GAZP,8_22,2012,18,3,389,UN_ID_BG,unknown_sp,97.5,species,cover,0.25,m2,Bare ground; non-taxonomic observation.
GAZP_8,GAZP,8_22,2012,18,3,389,UN_ID_FD,unknown_sp,0.1,species,cover,0.25,m2,Fine debris; non-taxonomic observation.
GAZP_8,GAZP,8_22,2013,77,1,381,UN_ID_BG,unknown_sp,62.5,species,cover,0.25,m2,Bare ground; non-taxonomic observation.
GAZP_8,GAZP,8_22,2013,77,1,381,UN_ID_FD,unknown_sp,0.5,species,cover,0.25,m2,Fine debris; non-taxonomic observation.
GAZP_8,GAZP,8_22,2013,77,1,382,UN_ID_BG,unknown_sp,62.5,species,cover,0.25,m2,Bare ground; non-taxonomic observation.
GAZP_8,GAZP,8_22,2013,77,1,382,UN_ID_FD,unknown_sp,0.5,species,cover,0.25,m2,Fine debris; non-taxonomic observation.
GAZP_8,GAZP,8_22,2013,77,3,387,UN_ID_BG,unknown_sp,97.5,species,cover,0.25,m2,Bare ground; non-taxonomic observation.
GAZP_8,GAZP,8_22,2013,77,3,387,UN_ID_FD,unknown_sp,0.1,species,cover,0.25,m2,Fine debris; non-taxonomic observation.
GAZP_8,GAZP,8_22,2013,77,3,388,UN_ID_BG,unknown_sp,97.5,species,cover,0.25,m2,Bare ground; non-taxonomic observation.
GAZP_8,GAZP,8_22,2013,77,3,388,UN_ID_CD,unknown_sp,0.5,species,cover,0.25,m2,Meaning could not be determined from the source data.
GAZP_8,GAZP,8_22,2013,77,3,388,UN_ID_FD,unknown_sp,0.1,species,cover,0.25,m2,Fine debris; non-taxonomic observation.
GAZP_8,GAZP,8_22,2013,77,3,389,UN_ID_BG,unknown_sp,97.5,species,cover,0.25,m2,Bare ground; non-taxonomic observation.
GAZP_8,GAZP,8_22,2013,77,3,389,UN_ID_CD,unknown_sp,0.5,species,cover,0.25,m2,Meaning could not be determined from the source data.
GAZP_8,GAZP,8_22,2013,77,3,389,UN_ID_FD,unknown_sp,0.1,species,cover,0.25,m2,Fine debris; non-taxonomic observation.
GAZP_8,GAZP,8_23,2014,177,1,390,UN_ID_BG,unknown_sp,37.5,species,cover,0.25,m2,Bare ground; non-taxonomic observation.
GAZP_8,GAZP,8_23,2014,177,1,391,UN_ID_BG,unknown_sp,37.5,species,cover,0.25,m2,Bare ground; non-taxonomic observation.
GAZP_8,GAZP,8_23,2014,177,1,392,UN_ID_BG,unknown_sp,3,species,cover,0.25,m2,Bare ground; non-taxonomic observation.
GAZP_8,GAZP,8_23,2014,177,1,392,UN_ID_biocrust,unknown_sp,3,non-vascular species,cover,0.25,m2,Biocrust; non-taxonomic observation.
GAZP_8,GAZP,8_23,2014,177,2,393,UN_ID_BG,unknown_sp,15,species,cover,0.25,m2,Bare ground; non-taxonomic observation.
GAZP_8,GAZP,8_23,2014,177,2,394,UN_ID_BG,unknown_sp,85,species,cover,0.25,m2,Bare ground; non-taxonomic observation.
GAZP_8,GAZP,8_23,2014,177,2,395,UN_ID_BG,unknown_sp,37.5,species,cover,0.25,m2,Bare ground; non-taxonomic observation.
GAZP_8,GAZP,8_23,2014,177,3,396,UN_ID_BG,unknown_sp,85,species,cover,0.25,m2,Bare ground; non-taxonomic observation.
GAZP_8,GAZP,8_23,2014,177,3,397,UN_ID_BG,unknown_sp,85,species,cover,0.25,m2,Bare ground; non-taxonomic observation.
GAZP_8,GAZP,8_23,2014,177,3,398,UN_ID_BG,unknown_sp,62.5,species,cover,0.25,m2,Bare ground; non-taxonomic observation.
GAZP_8,GAZP,8_23,2012,18,1,390,UN_ID_BG,unknown_sp,97.5,species,cover,0.25,m2,Bare ground; non-taxonomic observation.
GAZP_8,GAZP,8_23,2012,18,1,390,UN_ID_FD,unknown_sp,0.1,species,cover,0.25,m2,Fine debris; non-taxonomic observation.
GAZP_8,GAZP,8_23,2012,18,1,390,UN_ID_TC,unknown_sp,0.1,species,cover,0.25,m2,Total cover; non-taxonomic observation.
GAZP_8,GAZP,8_23,2012,18,1,390,UN_ID_TS,unknown_sp,0.1,species,cover,0.25,m2,Triticale seeds; non-taxonomic observation.
GAZP_8,GAZP,8_23,2012,18,1,391,UN_ID_BG,unknown_sp,85,species,cover,0.25,m2,Bare ground; non-taxonomic observation.
GAZP_8,GAZP,8_23,2012,18,1,391,UN_ID_FD,unknown_sp,0.1,species,cover,0.25,m2,Fine debris; non-taxonomic observation.
GAZP_8,GAZP,8_23,2012,18,1,391,UN_ID_TC,unknown_sp,0.5,species,cover,0.25,m2,Total cover; non-taxonomic observation.
GAZP_8,GAZP,8_23,2012,18,1,392,UN_ID_BG,unknown_sp,97.5,species,cover,0.25,m2,Bare ground; non-taxonomic observation.
GAZP_8,GAZP,8_23,2012,18,1,392,UN_ID_FD,unknown_sp,0.1,species,cover,0.25,m2,Fine debris; non-taxonomic observation.
GAZP_8,GAZP,8_23,2012,18,1,392,UN_ID_TC,unknown_sp,0.1,species,cover,0.25,m2,Total cover; non-taxonomic observation.
GAZP_8,GAZP,8_23,2012,18,2,393,UN_ID_BG,unknown_sp,97.5,species,cover,0.25,m2,Bare ground; non-taxonomic observation.
GAZP_8,GAZP,8_23,2012,18,2,393,UN_ID_FD,unknown_sp,0.1,species,cover,0.25,m2,Fine debris; non-taxonomic observation.
GAZP_8,GAZP,8_23,2012,18,2,393,UN_ID_TC,unknown_sp,0.1,species,cover,0.25,m2,Total cover; non-taxonomic observation.
GAZP_8,GAZP,8_23,2012,18,2,394,UN_ID_BG,unknown_sp,97.5,species,cover,0.25,m2,Bare ground; non-taxonomic observation.
GAZP_8,GAZP,8_23,2012,18,2,394,UN_ID_FD,unknown_sp,0.1,species,cover,0.25,m2,Fine debris; non-taxonomic observation.
GAZP_8,GAZP,8_23,2012,18,2,395,UN_ID_BG,unknown_sp,97.5,species,cover,0.25,m2,Bare ground; non-taxonomic observation.
GAZP_8,GAZP,8_23,2012,18,2,395,UN_ID_FD,unknown_sp,0.1,species,cover,0.25,m2,Fine debris; non-taxonomic observation.
GAZP_8,GAZP,8_23,2012,18,2,395,UN_ID_TC,unknown_sp,0.1,species,cover,0.25,m2,Total cover; non-taxonomic observation.
GAZP_8,GAZP,8_23,2012,18,3,396,UN_ID_BG,unknown_sp,97.5,species,cover,0.25,m2,Bare ground; non-taxonomic observation.
GAZP_8,GAZP,8_23,2012,18,3,396,UN_ID_FD,unknown_sp,0.1,species,cover,0.25,m2,Fine debris; non-taxonomic observation.
GAZP_8,GAZP,8_23,2012,18,3,397,UN_ID_BG,unknown_sp,97.5,species,cover,0.25,m2,Bare ground; non-taxonomic observation.
GAZP_8,GAZP,8_23,2012,18,3,397,UN_ID_FD,unknown_sp,0.1,species,cover,0.25,m2,Fine debris; non-taxonomic observation.
GAZP_8,GAZP,8_23,2012,18,3,398,UN_ID_BG,unknown_sp,97.5,species,cover,0.25,m2,Bare ground; non-taxonomic observation.
GAZP_8,GAZP,8_23,2012,18,3,398,UN_ID_FD,unknown_sp,0.1,species,cover,0.25,m2,Fine debris; non-taxonomic observation.
GAZP_8,GAZP,8_23,2013,77,1,390,UN_ID_BG,unknown_sp,85,species,cover,0.25,m2,Bare ground; non-taxonomic observation.
GAZP_8,GAZP,8_23,2013,77,1,390,UN_ID_FD,unknown_sp,0.1,species,cover,0.25,m2,Fine debris; non-taxonomic observation.
GAZP_8,GAZP,8_23,2013,77,1,391,UN_ID_BG,unknown_sp,62.5,species,cover,0.25,m2,Bare ground; non-taxonomic observation.
GAZP_8,GAZP,8_23,2013,77,1,391,UN_ID_FD,unknown_sp,0.5,species,cover,0.25,m2,Fine debris; non-taxonomic observation.
GAZP_8,GAZP,8_23,2013,77,3,396,UN_ID_BG,unknown_sp,97.5,species,cover,0.25,m2,Bare ground; non-taxonomic observation.
GAZP_8,GAZP,8_23,2013,77,3,396,UN_ID_FD,unknown_sp,0.1,species,cover,0.25,m2,Fine debris; non-taxonomic observation.
GAZP_8,GAZP,8_23,2013,77,3,397,UN_ID_BG,unknown_sp,97.5,species,cover,0.25,m2,Bare ground; non-taxonomic observation.
GAZP_8,GAZP,8_23,2013,77,3,397,UN_ID_FD,unknown_sp,0.1,species,cover,0.25,m2,Fine debris; non-taxonomic observation.
GAZP_8,GAZP,8_23,2013,77,3,398,UN_ID_BG,unknown_sp,97.5,species,cover,0.25,m2,Bare ground; non-taxonomic observation.
GAZP_8,GAZP,8_23,2013,77,3,398,UN_ID_CD,unknown_sp,0.1,species,cover,0.25,m2,Meaning could not be determined from the source data.
GAZP_8,GAZP,8_23,2013,77,3,398,UN_ID_FD,unknown_sp,0.1,species,cover,0.25,m2,Fine debris; non-taxonomic observation.
GAZP_8,GAZP,8_24,2014,177,1,399,UN_ID_BG,unknown_sp,15,species,cover,0.25,m2,Bare ground; non-taxonomic observation.
GAZP_8,GAZP,8_24,2014,177,1,400,UN_ID_BG,unknown_sp,37.5,species,cover,0.25,m2,Bare ground; non-taxonomic observation.
GAZP_8,GAZP,8_24,2014,177,1,401,UN_ID_BG,unknown_sp,15,species,cover,0.25,m2,Bare ground; non-taxonomic observation.
GAZP_8,GAZP,8_24,2014,177,2,402,UN_ID_BG,unknown_sp,15,species,cover,0.25,m2,Bare ground; non-taxonomic observation.
GAZP_8,GAZP,8_24,2014,177,2,403,UN_ID_BG,unknown_sp,37.5,species,cover,0.25,m2,Bare ground; non-taxonomic observation.
GAZP_8,GAZP,8_24,2014,177,2,404,UN_ID_BG,unknown_sp,15,species,cover,0.25,m2,Bare ground; non-taxonomic observation.
GAZP_8,GAZP,8_24,2014,177,3,405,UN_ID_BG,unknown_sp,97.5,species,cover,0.25,m2,Bare ground; non-taxonomic observation.
GAZP_8,GAZP,8_24,2014,177,3,406,UN_ID_BG,unknown_sp,62.5,species,cover,0.25,m2,Bare ground; non-taxonomic observation.
GAZP_8,GAZP,8_24,2014,177,3,407,UN_ID_BG,unknown_sp,97.5,species,cover,0.25,m2,Bare ground; non-taxonomic observation.
GAZP_8,GAZP,8_24,2012,18,1,399,UN_ID_BG,unknown_sp,97.5,species,cover,0.25,m2,Bare ground; non-taxonomic observation.
GAZP_8,GAZP,8_24,2012,18,1,399,UN_ID_FD,unknown_sp,0.1,species,cover,0.25,m2,Fine debris; non-taxonomic observation.
GAZP_8,GAZP,8_24,2012,18,1,399,UN_ID_TC,unknown_sp,0.1,species,cover,0.25,m2,Total cover; non-taxonomic observation.
GAZP_8,GAZP,8_24,2012,18,1,399,UN_ID_TS,unknown_sp,0.1,species,cover,0.25,m2,Triticale seeds; non-taxonomic observation.
GAZP_8,GAZP,8_24,2012,18,1,400,UN_ID_BG,unknown_sp,97.5,species,cover,0.25,m2,Bare ground; non-taxonomic observation.
GAZP_8,GAZP,8_24,2012,18,1,400,UN_ID_FD,unknown_sp,0.1,species,cover,0.25,m2,Fine debris; non-taxonomic observation.
GAZP_8,GAZP,8_24,2012,18,1,400,UN_ID_TC,unknown_sp,0.1,species,cover,0.25,m2,Total cover; non-taxonomic observation.
GAZP_8,GAZP,8_24,2012,18,1,401,UN_ID_BG,unknown_sp,97.5,species,cover,0.25,m2,Bare ground; non-taxonomic observation.
GAZP_8,GAZP,8_24,2012,18,1,401,UN_ID_FD,unknown_sp,0.1,species,cover,0.25,m2,Fine debris; non-taxonomic observation.
GAZP_8,GAZP,8_24,2012,18,1,401,UN_ID_TC,unknown_sp,0.1,species,cover,0.25,m2,Total cover; non-taxonomic observation.
GAZP_8,GAZP,8_24,2012,18,2,402,UN_ID_BG,unknown_sp,97.5,species,cover,0.25,m2,Bare ground; non-taxonomic observation.
GAZP_8,GAZP,8_24,2012,18,2,402,UN_ID_FD,unknown_sp,0.1,species,cover,0.25,m2,Fine debris; non-taxonomic observation.
GAZP_8,GAZP,8_24,2012,18,2,402,UN_ID_TC,unknown_sp,0.1,species,cover,0.25,m2,Total cover; non-taxonomic observation.
GAZP_8,GAZP,8_24,2012,18,2,403,UN_ID_BG,unknown_sp,97.5,species,cover,0.25,m2,Bare ground; non-taxonomic observation.
GAZP_8,GAZP,8_24,2012,18,2,403,UN_ID_FD,unknown_sp,0.1,species,cover,0.25,m2,Fine debris; non-taxonomic observation.
GAZP_8,GAZP,8_24,2012,18,2,404,UN_ID_BG,unknown_sp,97.5,species,cover,0.25,m2,Bare ground; non-taxonomic observation.
GAZP_8,GAZP,8_24,2012,18,2,404,UN_ID_FD,unknown_sp,0.1,species,cover,0.25,m2,Fine debris; non-taxonomic observation.
GAZP_8,GAZP,8_24,2012,18,2,404,UN_ID_TC,unknown_sp,0.1,species,cover,0.25,m2,Total cover; non-taxonomic observation.
GAZP_8,GAZP,8_24,2012,18,3,405,UN_ID_BG,unknown_sp,97.5,species,cover,0.25,m2,Bare ground; non-taxonomic observation.
GAZP_8,GAZP,8_24,2012,18,3,405,UN_ID_CD,unknown_sp,0.1,species,cover,0.25,m2,Meaning could not be determined from the source data.
GAZP_8,GAZP,8_24,2012,18,3,405,UN_ID_FD,unknown_sp,0.1,species,cover,0.25,m2,Fine debris; non-taxonomic observation.
GAZP_8,GAZP,8_24,2012,18,3,406,UN_ID_BG,unknown_sp,97.5,species,cover,0.25,m2,Bare ground; non-taxonomic observation.
GAZP_8,GAZP,8_24,2012,18,3,406,UN_ID_FD,unknown_sp,0.1,species,cover,0.25,m2,Fine debris; non-taxonomic observation.
GAZP_8,GAZP,8_24,2012,18,3,407,UN_ID_BG,unknown_sp,97.5,species,cover,0.25,m2,Bare ground; non-taxonomic observation.
GAZP_8,GAZP,8_24,2012,18,3,407,UN_ID_CD,unknown_sp,0.1,species,cover,0.25,m2,Meaning could not be determined from the source data.
GAZP_8,GAZP,8_24,2012,18,3,407,UN_ID_FD,unknown_sp,0.1,species,cover,0.25,m2,Fine debris; non-taxonomic observation.
GAZP_8,GAZP,8_24,2013,77,1,399,UN_ID_BG,unknown_sp,85,species,cover,0.25,m2,Bare ground; non-taxonomic observation.
GAZP_8,GAZP,8_24,2013,77,1,399,UN_ID_FD,unknown_sp,0.5,species,cover,0.25,m2,Fine debris; non-taxonomic observation.
GAZP_8,GAZP,8_24,2013,77,1,400,UN_ID_BG,unknown_sp,62.5,species,cover,0.25,m2,Bare ground; non-taxonomic observation.
GAZP_8,GAZP,8_24,2013,77,1,400,UN_ID_FD,unknown_sp,0.5,species,cover,0.25,m2,Fine debris; non-taxonomic observation.
GAZP_8,GAZP,8_24,2013,77,3,405,UN_ID_BG,unknown_sp,97.5,species,cover,0.25,m2,Bare ground; non-taxonomic observation.
GAZP_8,GAZP,8_24,2013,77,3,405,UN_ID_FD,unknown_sp,0.1,species,cover,0.25,m2,Fine debris; non-taxonomic observation.
GAZP_8,GAZP,8_24,2013,77,3,406,UN_ID_BG,unknown_sp,97.5,species,cover,0.25,m2,Bare ground; non-taxonomic observation.
GAZP_8,GAZP,8_24,2013,77,3,406,UN_ID_FD,unknown_sp,0.1,species,cover,0.25,m2,Fine debris; non-taxonomic observation.
GAZP_8,GAZP,8_24,2013,77,3,407,UN_ID_BG,unknown_sp,97.5,species,cover,0.25,m2,Bare ground; non-taxonomic observation.
GAZP_8,GAZP,8_24,2013,77,3,407,UN_ID_CD,unknown_sp,3,species,cover,0.25,m2,Meaning could not be determined from the source data.
GAZP_8,GAZP,8_24,2013,77,3,407,UN_ID_FD,unknown_sp,0.1,species,cover,0.25,m2,Fine debris; non-taxonomic observation.
GAZP_8,GAZP,8_25,2014,177,1,408,UN_ID_BG,unknown_sp,3,species,cover,0.25,m2,Bare ground; non-taxonomic observation.
GAZP_8,GAZP,8_25,2014,177,1,409,UN_ID_BG,unknown_sp,15,species,cover,0.25,m2,Bare ground; non-taxonomic observation.
GAZP_8,GAZP,8_25,2014,177,1,410,UN_ID_BG,unknown_sp,3,species,cover,0.25,m2,Bare ground; non-taxonomic observation.
GAZP_8,GAZP,8_25,2014,177,2,411,UN_ID_BG,unknown_sp,15,species,cover,0.25,m2,Bare ground; non-taxonomic observation.
GAZP_8,GAZP,8_25,2014,177,2,412,UN_ID_BG,unknown_sp,62.5,species,cover,0.25,m2,Bare ground; non-taxonomic observation.
GAZP_8,GAZP,8_25,2014,177,2,413,UN_ID_BG,unknown_sp,37.5,species,cover,0.25,m2,Bare ground; non-taxonomic observation.
GAZP_8,GAZP,8_25,2014,177,3,414,UN_ID_BG,unknown_sp,37.5,species,cover,0.25,m2,Bare ground; non-taxonomic observation.
GAZP_8,GAZP,8_25,2014,177,3,415,UN_ID_BG,unknown_sp,37.5,species,cover,0.25,m2,Bare ground; non-taxonomic observation.
GAZP_8,GAZP,8_25,2014,177,3,416,UN_ID_BG,unknown_sp,97.5,species,cover,0.25,m2,Bare ground; non-taxonomic observation.
GAZP_8,GAZP,8_25,2012,18,1,408,UN_ID_BG,unknown_sp,97.5,species,cover,0.25,m2,Bare ground; non-taxonomic observation.
GAZP_8,GAZP,8_25,2012,18,1,408,UN_ID_FD,unknown_sp,0.1,species,cover,0.25,m2,Fine debris; non-taxonomic observation.
GAZP_8,GAZP,8_25,2012,18,1,408,UN_ID_TC,unknown_sp,0.1,species,cover,0.25,m2,Total cover; non-taxonomic observation.
GAZP_8,GAZP,8_25,2012,18,1,408,UN_ID_TS,unknown_sp,0.1,species,cover,0.25,m2,Triticale seeds; non-taxonomic observation.
GAZP_8,GAZP,8_25,2012,18,1,409,UN_ID_BG,unknown_sp,97.5,species,cover,0.25,m2,Bare ground; non-taxonomic observation.
GAZP_8,GAZP,8_25,2012,18,1,409,UN_ID_FD,unknown_sp,0.1,species,cover,0.25,m2,Fine debris; non-taxonomic observation.
GAZP_8,GAZP,8_25,2012,18,1,409,UN_ID_TC,unknown_sp,0.1,species,cover,0.25,m2,Total cover; non-taxonomic observation.
GAZP_8,GAZP,8_25,2012,18,1,410,UN_ID_BG,unknown_sp,97.5,species,cover,0.25,m2,Bare ground; non-taxonomic observation.
GAZP_8,GAZP,8_25,2012,18,1,410,UN_ID_FD,unknown_sp,0.1,species,cover,0.25,m2,Fine debris; non-taxonomic observation.
GAZP_8,GAZP,8_25,2012,18,1,410,UN_ID_TC,unknown_sp,0.1,species,cover,0.25,m2,Total cover; non-taxonomic observation.
GAZP_8,GAZP,8_25,2012,18,2,411,UN_ID_BG,unknown_sp,97.5,species,cover,0.25,m2,Bare ground; non-taxonomic observation.
GAZP_8,GAZP,8_25,2012,18,2,411,UN_ID_FD,unknown_sp,0.1,species,cover,0.25,m2,Fine debris; non-taxonomic observation.
GAZP_8,GAZP,8_25,2012,18,2,411,UN_ID_TC,unknown_sp,0.1,species,cover,0.25,m2,Total cover; non-taxonomic observation.
GAZP_8,GAZP,8_25,2012,18,2,412,UN_ID_BG,unknown_sp,97.5,species,cover,0.25,m2,Bare ground; non-taxonomic observation.
GAZP_8,GAZP,8_25,2012,18,2,412,UN_ID_FD,unknown_sp,0.1,species,cover,0.25,m2,Fine debris; non-taxonomic observation.
GAZP_8,GAZP,8_25,2012,18,2,413,UN_ID_BG,unknown_sp,97.5,species,cover,0.25,m2,Bare ground; non-taxonomic observation.
GAZP_8,GAZP,8_25,2012,18,2,413,UN_ID_FD,unknown_sp,0.1,species,cover,0.25,m2,Fine debris; non-taxonomic observation.
GAZP_8,GAZP,8_25,2012,18,2,413,UN_ID_TC,unknown_sp,0.1,species,cover,0.25,m2,Total cover; non-taxonomic observation.
GAZP_8,GAZP,8_25,2012,18,3,414,UN_ID_BG,unknown_sp,97.5,species,cover,0.25,m2,Bare ground; non-taxonomic observation.
GAZP_8,GAZP,8_25,2012,18,3,414,UN_ID_FD,unknown_sp,0.1,species,cover,0.25,m2,Fine debris; non-taxonomic observation.
GAZP_8,GAZP,8_25,2012,18,3,415,UN_ID_BG,unknown_sp,97.5,species,cover,0.25,m2,Bare ground; non-taxonomic observation.
GAZP_8,GAZP,8_25,2012,18,3,415,UN_ID_FD,unknown_sp,0.1,species,cover,0.25,m2,Fine debris; non-taxonomic observation.
GAZP_8,GAZP,8_25,2012,18,3,416,UN_ID_BG,unknown_sp,97.5,species,cover,0.25,m2,Bare ground; non-taxonomic observation.
GAZP_8,GAZP,8_25,2012,18,3,416,UN_ID_FD,unknown_sp,0.1,species,cover,0.25,m2,Fine debris; non-taxonomic observation.
GAZP_8,GAZP,8_25,2013,77,1,408,UN_ID_BG,unknown_sp,62.5,species,cover,0.25,m2,Bare ground; non-taxonomic observation.
GAZP_8,GAZP,8_25,2013,77,1,408,UN_ID_FD,unknown_sp,0.5,species,cover,0.25,m2,Fine debris; non-taxonomic observation.
GAZP_8,GAZP,8_25,2013,77,1,409,UN_ID_BG,unknown_sp,62.5,species,cover,0.25,m2,Bare ground; non-taxonomic observation.
GAZP_8,GAZP,8_25,2013,77,1,409,UN_ID_FD,unknown_sp,3,species,cover,0.25,m2,Fine debris; non-taxonomic observation.
GAZP_8,GAZP,8_25,2013,77,3,414,UN_ID_BG,unknown_sp,97.5,species,cover,0.25,m2,Bare ground; non-taxonomic observation.
GAZP_8,GAZP,8_25,2013,77,3,414,UN_ID_FD,unknown_sp,0.1,species,cover,0.25,m2,Fine debris; non-taxonomic observation.
GAZP_8,GAZP,8_25,2013,77,3,415,UN_ID_BG,unknown_sp,85,species,cover,0.25,m2,Bare ground; non-taxonomic observation.
GAZP_8,GAZP,8_25,2013,77,3,415,UN_ID_CD,unknown_sp,0.5,species,cover,0.25,m2,Meaning could not be determined from the source data.
GAZP_8,GAZP,8_25,2013,77,3,415,UN_ID_FD,unknown_sp,0.1,species,cover,0.25,m2,Fine debris; non-taxonomic observation.
GAZP_8,GAZP,8_25,2013,77,3,416,UN_ID_BG,unknown_sp,85,species,cover,0.25,m2,Bare ground; non-taxonomic observation.
GAZP_8,GAZP,8_25,2013,77,3,416,UN_ID_FD,unknown_sp,0.1,species,cover,0.25,m2,Fine debris; non-taxonomic observation.
GAZP_8,GAZP,8_26,2014,177,1,417,UN_ID_BG,unknown_sp,3,species,cover,0.25,m2,Bare ground; non-taxonomic observation.
GAZP_8,GAZP,8_26,2014,177,1,418,UN_ID_BG,unknown_sp,3,species,cover,0.25,m2,Bare ground; non-taxonomic observation.
GAZP_8,GAZP,8_26,2014,177,1,419,UN_ID_BG,unknown_sp,15,species,cover,0.25,m2,Bare ground; non-taxonomic observation.
GAZP_8,GAZP,8_26,2014,177,1,419,UN_ID_biocrust,unknown_sp,3,non-vascular species,cover,0.25,m2,Biocrust; non-taxonomic observation.
GAZP_8,GAZP,8_26,2014,177,2,420,UN_ID_BG,unknown_sp,37.5,species,cover,0.25,m2,Bare ground; non-taxonomic observation.
GAZP_8,GAZP,8_26,2014,177,2,421,UN_ID_BG,unknown_sp,37.5,species,cover,0.25,m2,Bare ground; non-taxonomic observation.
GAZP_8,GAZP,8_26,2014,177,2,422,UN_ID_BG,unknown_sp,62.5,species,cover,0.25,m2,Bare ground; non-taxonomic observation.
GAZP_8,GAZP,8_26,2014,177,3,423,UN_ID_BG,unknown_sp,62.5,species,cover,0.25,m2,Bare ground; non-taxonomic observation.
GAZP_8,GAZP,8_26,2014,177,3,424,UN_ID_BG,unknown_sp,62.5,species,cover,0.25,m2,Bare ground; non-taxonomic observation.
GAZP_8,GAZP,8_26,2014,177,3,425,UN_ID_BG,unknown_sp,37.5,species,cover,0.25,m2,Bare ground; non-taxonomic observation.
GAZP_8,GAZP,8_26,2012,18,1,417,UN_ID_BG,unknown_sp,97.5,species,cover,0.25,m2,Bare ground; non-taxonomic observation.
GAZP_8,GAZP,8_26,2012,18,1,417,UN_ID_FD,unknown_sp,0.1,species,cover,0.25,m2,Fine debris; non-taxonomic observation.
GAZP_8,GAZP,8_26,2012,18,1,417,UN_ID_TC,unknown_sp,0.1,species,cover,0.25,m2,Total cover; non-taxonomic observation.
GAZP_8,GAZP,8_26,2012,18,1,418,UN_ID_BG,unknown_sp,97.5,species,cover,0.25,m2,Bare ground; non-taxonomic observation.
GAZP_8,GAZP,8_26,2012,18,1,418,UN_ID_FD,unknown_sp,0.1,species,cover,0.25,m2,Fine debris; non-taxonomic observation.
GAZP_8,GAZP,8_26,2012,18,1,418,UN_ID_TC,unknown_sp,0.1,species,cover,0.25,m2,Total cover; non-taxonomic observation.
GAZP_8,GAZP,8_26,2012,18,1,418,UN_ID_TS,unknown_sp,0.1,species,cover,0.25,m2,Triticale seeds; non-taxonomic observation.
GAZP_8,GAZP,8_26,2012,18,1,419,UN_ID_BG,unknown_sp,97.5,species,cover,0.25,m2,Bare ground; non-taxonomic observation.
GAZP_8,GAZP,8_26,2012,18,1,419,UN_ID_FD,unknown_sp,0.1,species,cover,0.25,m2,Fine debris; non-taxonomic observation.
GAZP_8,GAZP,8_26,2012,18,1,419,UN_ID_TC,unknown_sp,0.1,species,cover,0.25,m2,Total cover; non-taxonomic observation.
GAZP_8,GAZP,8_26,2012,18,2,420,UN_ID_BG,unknown_sp,97.5,species,cover,0.25,m2,Bare ground; non-taxonomic observation.
GAZP_8,GAZP,8_26,2012,18,2,420,UN_ID_FD,unknown_sp,0.1,species,cover,0.25,m2,Fine debris; non-taxonomic observation.
GAZP_8,GAZP,8_26,2012,18,2,420,UN_ID_TC,unknown_sp,0.1,species,cover,0.25,m2,Total cover; non-taxonomic observation.
GAZP_8,GAZP,8_26,2012,18,2,421,UN_ID_BG,unknown_sp,97.5,species,cover,0.25,m2,Bare ground; non-taxonomic observation.
GAZP_8,GAZP,8_26,2012,18,2,421,UN_ID_FD,unknown_sp,0.1,species,cover,0.25,m2,Fine debris; non-taxonomic observation.
GAZP_8,GAZP,8_26,2012,18,2,422,UN_ID_BG,unknown_sp,97.5,species,cover,0.25,m2,Bare ground; non-taxonomic observation.
GAZP_8,GAZP,8_26,2012,18,2,422,UN_ID_FD,unknown_sp,0.1,species,cover,0.25,m2,Fine debris; non-taxonomic observation.
GAZP_8,GAZP,8_26,2012,18,2,422,UN_ID_TC,unknown_sp,0.1,species,cover,0.25,m2,Total cover; non-taxonomic observation.
GAZP_8,GAZP,8_26,2012,18,3,423,UN_ID_BG,unknown_sp,97.5,species,cover,0.25,m2,Bare ground; non-taxonomic observation.
GAZP_8,GAZP,8_26,2012,18,3,423,UN_ID_FD,unknown_sp,0.1,species,cover,0.25,m2,Fine debris; non-taxonomic observation.
GAZP_8,GAZP,8_26,2012,18,3,424,UN_ID_BG,unknown_sp,97.5,species,cover,0.25,m2,Bare ground; non-taxonomic observation.
GAZP_8,GAZP,8_26,2012,18,3,424,UN_ID_FD,unknown_sp,0.1,species,cover,0.25,m2,Fine debris; non-taxonomic observation.
GAZP_8,GAZP,8_26,2012,18,3,425,UN_ID_BG,unknown_sp,97.5,species,cover,0.25,m2,Bare ground; non-taxonomic observation.
GAZP_8,GAZP,8_26,2012,18,3,425,UN_ID_CD,unknown_sp,0.5,species,cover,0.25,m2,Meaning could not be determined from the source data.
GAZP_8,GAZP,8_26,2012,18,3,425,UN_ID_FD,unknown_sp,0.1,species,cover,0.25,m2,Fine debris; non-taxonomic observation.
GAZP_8,GAZP,8_26,2013,77,1,417,UN_ID_BG,unknown_sp,15,species,cover,0.25,m2,Bare ground; non-taxonomic observation.
GAZP_8,GAZP,8_26,2013,77,1,417,UN_ID_FD,unknown_sp,0.5,species,cover,0.25,m2,Fine debris; non-taxonomic observation.
GAZP_8,GAZP,8_26,2013,77,1,418,UN_ID_BG,unknown_sp,3,species,cover,0.25,m2,Bare ground; non-taxonomic observation.
GAZP_8,GAZP,8_26,2013,77,1,418,UN_ID_FD,unknown_sp,0.5,species,cover,0.25,m2,Fine debris; non-taxonomic observation.
GAZP_8,GAZP,8_26,2013,77,1,419,UN_ID_BG,unknown_sp,85,species,cover,0.25,m2,Bare ground; non-taxonomic observation.
GAZP_8,GAZP,8_26,2013,77,1,419,UN_ID_FD,unknown_sp,0.5,species,cover,0.25,m2,Fine debris; non-taxonomic observation.
GAZP_8,GAZP,8_26,2013,77,3,423,UN_ID_BG,unknown_sp,85,species,cover,0.25,m2,Bare ground; non-taxonomic observation.
GAZP_8,GAZP,8_26,2013,77,3,423,UN_ID_FD,unknown_sp,0.1,species,cover,0.25,m2,Fine debris; non-taxonomic observation.
GAZP_8,GAZP,8_26,2013,77,3,424,UN_ID_BG,unknown_sp,97.5,species,cover,0.25,m2,Bare ground; non-taxonomic observation.
GAZP_8,GAZP,8_26,2013,77,3,424,UN_ID_CD,unknown_sp,0.1,species,cover,0.25,m2,Meaning could not be determined from the source data.
GAZP_8,GAZP,8_26,2013,77,3,424,UN_ID_FD,unknown_sp,0.1,species,cover,0.25,m2,Fine debris; non-taxonomic observation.
GAZP_8,GAZP,8_26,2013,77,3,425,UN_ID_BG,unknown_sp,62.5,species,cover,0.25,m2,Bare ground; non-taxonomic observation.
GAZP_8,GAZP,8_26,2013,77,3,425,UN_ID_CD,unknown_sp,3,species,cover,0.25,m2,Meaning could not be determined from the source data.
GAZP_8,GAZP,8_26,2013,77,3,425,UN_ID_FD,unknown_sp,0.1,species,cover,0.25,m2,Fine debris; non-taxonomic observation.
GAZP_8,GAZP,8_27,2014,177,1,426,UN_ID_BG,unknown_sp,15,species,cover,0.25,m2,Bare ground; non-taxonomic observation.
GAZP_8,GAZP,8_27,2014,177,1,427,UN_ID_BG,unknown_sp,3,species,cover,0.25,m2,Bare ground; non-taxonomic observation.
GAZP_8,GAZP,8_27,2014,177,1,428,UN_ID_BG,unknown_sp,15,species,cover,0.25,m2,Bare ground; non-taxonomic observation.
GAZP_8,GAZP,8_27,2014,177,2,429,UN_ID_BG,unknown_sp,62.5,species,cover,0.25,m2,Bare ground; non-taxonomic observation.
GAZP_8,GAZP,8_27,2014,177,2,430,UN_ID_BG,unknown_sp,37.5,species,cover,0.25,m2,Bare ground; non-taxonomic observation.
GAZP_8,GAZP,8_27,2014,177,2,431,UN_ID_BG,unknown_sp,37.5,species,cover,0.25,m2,Bare ground; non-taxonomic observation.
GAZP_8,GAZP,8_27,2014,177,3,432,UN_ID_BG,unknown_sp,97.5,species,cover,0.25,m2,Bare ground; non-taxonomic observation.
GAZP_8,GAZP,8_27,2014,177,3,433,UN_ID_BG,unknown_sp,62.5,species,cover,0.25,m2,Bare ground; non-taxonomic observation.
GAZP_8,GAZP,8_27,2014,177,3,434,UN_ID_BG,unknown_sp,62.5,species,cover,0.25,m2,Bare ground; non-taxonomic observation.
GAZP_8,GAZP,8_27,2012,18,1,426,UN_ID_BG,unknown_sp,97.5,species,cover,0.25,m2,Bare ground; non-taxonomic observation.
GAZP_8,GAZP,8_27,2012,18,1,426,UN_ID_FD,unknown_sp,0.1,species,cover,0.25,m2,Fine debris; non-taxonomic observation.
GAZP_8,GAZP,8_27,2012,18,1,426,UN_ID_TC,unknown_sp,0.1,species,cover,0.25,m2,Total cover; non-taxonomic observation.
GAZP_8,GAZP,8_27,2012,18,1,427,UN_ID_BG,unknown_sp,97.5,species,cover,0.25,m2,Bare ground; non-taxonomic observation.
GAZP_8,GAZP,8_27,2012,18,1,427,UN_ID_FD,unknown_sp,0.1,species,cover,0.25,m2,Fine debris; non-taxonomic observation.
GAZP_8,GAZP,8_27,2012,18,1,427,UN_ID_TC,unknown_sp,0.1,species,cover,0.25,m2,Total cover; non-taxonomic observation.
GAZP_8,GAZP,8_27,2012,18,1,427,UN_ID_TS,unknown_sp,0.1,species,cover,0.25,m2,Triticale seeds; non-taxonomic observation.
GAZP_8,GAZP,8_27,2012,18,1,428,UN_ID_BG,unknown_sp,97.5,species,cover,0.25,m2,Bare ground; non-taxonomic observation.
GAZP_8,GAZP,8_27,2012,18,1,428,UN_ID_FD,unknown_sp,0.1,species,cover,0.25,m2,Fine debris; non-taxonomic observation.
GAZP_8,GAZP,8_27,2012,18,1,428,UN_ID_TC,unknown_sp,0.1,species,cover,0.25,m2,Total cover; non-taxonomic observation.
GAZP_8,GAZP,8_27,2012,18,2,429,UN_ID_BG,unknown_sp,97.5,species,cover,0.25,m2,Bare ground; non-taxonomic observation.
GAZP_8,GAZP,8_27,2012,18,2,429,UN_ID_FD,unknown_sp,0.1,species,cover,0.25,m2,Fine debris; non-taxonomic observation.
GAZP_8,GAZP,8_27,2012,18,2,429,UN_ID_TC,unknown_sp,0.1,species,cover,0.25,m2,Total cover; non-taxonomic observation.
GAZP_8,GAZP,8_27,2012,18,2,430,UN_ID_BG,unknown_sp,97.5,species,cover,0.25,m2,Bare ground; non-taxonomic observation.
GAZP_8,GAZP,8_27,2012,18,2,430,UN_ID_FD,unknown_sp,0.1,species,cover,0.25,m2,Fine debris; non-taxonomic observation.
GAZP_8,GAZP,8_27,2012,18,2,430,UN_ID_TC,unknown_sp,0.1,species,cover,0.25,m2,Total cover; non-taxonomic observation.
GAZP_8,GAZP,8_27,2012,18,2,431,UN_ID_BG,unknown_sp,97.5,species,cover,0.25,m2,Bare ground; non-taxonomic observation.
GAZP_8,GAZP,8_27,2012,18,2,431,UN_ID_FD,unknown_sp,0.1,species,cover,0.25,m2,Fine debris; non-taxonomic observation.
GAZP_8,GAZP,8_27,2012,18,2,431,UN_ID_TC,unknown_sp,0.1,species,cover,0.25,m2,Total cover; non-taxonomic observation.
GAZP_8,GAZP,8_27,2012,18,3,432,UN_ID_BG,unknown_sp,97.5,species,cover,0.25,m2,Bare ground; non-taxonomic observation.
GAZP_8,GAZP,8_27,2012,18,3,432,UN_ID_FD,unknown_sp,0.1,species,cover,0.25,m2,Fine debris; non-taxonomic observation.
GAZP_8,GAZP,8_27,2012,18,3,433,UN_ID_BG,unknown_sp,97.5,species,cover,0.25,m2,Bare ground; non-taxonomic observation.
GAZP_8,GAZP,8_27,2012,18,3,433,UN_ID_CD,unknown_sp,0.1,species,cover,0.25,m2,Meaning could not be determined from the source data.
GAZP_8,GAZP,8_27,2012,18,3,433,UN_ID_FD,unknown_sp,0.1,species,cover,0.25,m2,Fine debris; non-taxonomic observation.
GAZP_8,GAZP,8_27,2012,18,3,434,UN_ID_BG,unknown_sp,97.5,species,cover,0.25,m2,Bare ground; non-taxonomic observation.
GAZP_8,GAZP,8_27,2012,18,3,434,UN_ID_FD,unknown_sp,0.1,species,cover,0.25,m2,Fine debris; non-taxonomic observation.
GAZP_8,GAZP,8_27,2013,77,1,426,UN_ID_BG,unknown_sp,15,species,cover,0.25,m2,Bare ground; non-taxonomic observation.
GAZP_8,GAZP,8_27,2013,77,1,426,UN_ID_FD,unknown_sp,0.5,species,cover,0.25,m2,Fine debris; non-taxonomic observation.
GAZP_8,GAZP,8_27,2013,77,1,427,UN_ID_BG,unknown_sp,3,species,cover,0.25,m2,Bare ground; non-taxonomic observation.
GAZP_8,GAZP,8_27,2013,77,1,427,UN_ID_FD,unknown_sp,0.5,species,cover,0.25,m2,Fine debris; non-taxonomic observation.
GAZP_8,GAZP,8_27,2013,77,1,428,UN_ID_BG,unknown_sp,62.5,species,cover,0.25,m2,Bare ground; non-taxonomic observation.
GAZP_8,GAZP,8_27,2013,77,1,428,UN_ID_FD,unknown_sp,0.5,species,cover,0.25,m2,Fine debris; non-taxonomic observation.
GAZP_8,GAZP,8_27,2013,77,3,432,UN_ID_BG,unknown_sp,97.5,species,cover,0.25,m2,Bare ground; non-taxonomic observation.
GAZP_8,GAZP,8_27,2013,77,3,432,UN_ID_FD,unknown_sp,0.1,species,cover,0.25,m2,Fine debris; non-taxonomic observation.
GAZP_8,GAZP,8_27,2013,77,3,433,UN_ID_BG,unknown_sp,85,species,cover,0.25,m2,Bare ground; non-taxonomic observation.
GAZP_8,GAZP,8_27,2013,77,3,433,UN_ID_CD,unknown_sp,0.1,species,cover,0.25,m2,Meaning could not be determined from the source data.
GAZP_8,GAZP,8_27,2013,77,3,433,UN_ID_FD,unknown_sp,0.1,species,cover,0.25,m2,Fine debris; non-taxonomic observation.
GAZP_8,GAZP,8_27,2013,77,3,434,UN_ID_BG,unknown_sp,85,species,cover,0.25,m2,Bare ground; non-taxonomic observation.
GAZP_8,GAZP,8_27,2013,77,3,434,UN_ID_FD,unknown_sp,0.1,species,cover,0.25,m2,Fine debris; non-taxonomic observation.
GAZP_8,GAZP,8_28,2014,177,1,435,UN_ID_BG,unknown_sp,3,species,cover,0.25,m2,Bare ground; non-taxonomic observation.
GAZP_8,GAZP,8_28,2014,177,1,436,UN_ID_BG,unknown_sp,3,species,cover,0.25,m2,Bare ground; non-taxonomic observation.
GAZP_8,GAZP,8_28,2014,177,1,437,UN_ID_BG,unknown_sp,37.5,species,cover,0.25,m2,Bare ground; non-taxonomic observation.
GAZP_8,GAZP,8_28,2014,177,2,438,UN_ID_BG,unknown_sp,62.5,species,cover,0.25,m2,Bare ground; non-taxonomic observation.
GAZP_8,GAZP,8_28,2014,177,2,439,UN_ID_BG,unknown_sp,85,species,cover,0.25,m2,Bare ground; non-taxonomic observation.
GAZP_8,GAZP,8_28,2014,177,2,440,UN_ID_BG,unknown_sp,37.5,species,cover,0.25,m2,Bare ground; non-taxonomic observation.
GAZP_8,GAZP,8_28,2014,177,3,441,UN_ID_BG,unknown_sp,37.5,species,cover,0.25,m2,Bare ground; non-taxonomic observation.
GAZP_8,GAZP,8_28,2014,177,3,442,UN_ID_BG,unknown_sp,97.5,species,cover,0.25,m2,Bare ground; non-taxonomic observation.
GAZP_8,GAZP,8_28,2014,177,3,443,UN_ID_BG,unknown_sp,15,species,cover,0.25,m2,Bare ground; non-taxonomic observation.
GAZP_8,GAZP,8_28,2012,18,1,435,UN_ID_BG,unknown_sp,97.5,species,cover,0.25,m2,Bare ground; non-taxonomic observation.
GAZP_8,GAZP,8_28,2012,18,1,435,UN_ID_FD,unknown_sp,0.1,species,cover,0.25,m2,Fine debris; non-taxonomic observation.
GAZP_8,GAZP,8_28,2012,18,1,435,UN_ID_TC,unknown_sp,0.1,species,cover,0.25,m2,Total cover; non-taxonomic observation.
GAZP_8,GAZP,8_28,2012,18,1,436,UN_ID_BG,unknown_sp,97.5,species,cover,0.25,m2,Bare ground; non-taxonomic observation.
GAZP_8,GAZP,8_28,2012,18,1,436,UN_ID_FD,unknown_sp,0.1,species,cover,0.25,m2,Fine debris; non-taxonomic observation.
GAZP_8,GAZP,8_28,2012,18,1,436,UN_ID_TC,unknown_sp,0.1,species,cover,0.25,m2,Total cover; non-taxonomic observation.
GAZP_8,GAZP,8_28,2012,18,1,436,UN_ID_TS,unknown_sp,0.1,species,cover,0.25,m2,Triticale seeds; non-taxonomic observation.
GAZP_8,GAZP,8_28,2012,18,1,437,UN_ID_BG,unknown_sp,97.5,species,cover,0.25,m2,Bare ground; non-taxonomic observation.
GAZP_8,GAZP,8_28,2012,18,1,437,UN_ID_FD,unknown_sp,0.1,species,cover,0.25,m2,Fine debris; non-taxonomic observation.
GAZP_8,GAZP,8_28,2012,18,1,437,UN_ID_TC,unknown_sp,0.1,species,cover,0.25,m2,Total cover; non-taxonomic observation.
GAZP_8,GAZP,8_28,2012,18,2,438,UN_ID_BG,unknown_sp,97.5,species,cover,0.25,m2,Bare ground; non-taxonomic observation.
GAZP_8,GAZP,8_28,2012,18,2,438,UN_ID_FD,unknown_sp,0.1,species,cover,0.25,m2,Fine debris; non-taxonomic observation.
GAZP_8,GAZP,8_28,2012,18,2,438,UN_ID_TC,unknown_sp,0.1,species,cover,0.25,m2,Total cover; non-taxonomic observation.
GAZP_8,GAZP,8_28,2012,18,2,439,UN_ID_BG,unknown_sp,97.5,species,cover,0.25,m2,Bare ground; non-taxonomic observation.
GAZP_8,GAZP,8_28,2012,18,2,439,UN_ID_FD,unknown_sp,0.1,species,cover,0.25,m2,Fine debris; non-taxonomic observation.
GAZP_8,GAZP,8_28,2012,18,2,440,UN_ID_BG,unknown_sp,97.5,species,cover,0.25,m2,Bare ground; non-taxonomic observation.
GAZP_8,GAZP,8_28,2012,18,2,440,UN_ID_FD,unknown_sp,0.1,species,cover,0.25,m2,Fine debris; non-taxonomic observation.
GAZP_8,GAZP,8_28,2012,18,2,440,UN_ID_TC,unknown_sp,0.1,species,cover,0.25,m2,Total cover; non-taxonomic observation.
GAZP_8,GAZP,8_28,2012,18,3,441,UN_ID_BG,unknown_sp,97.5,species,cover,0.25,m2,Bare ground; non-taxonomic observation.
GAZP_8,GAZP,8_28,2012,18,3,441,UN_ID_FD,unknown_sp,0.1,species,cover,0.25,m2,Fine debris; non-taxonomic observation.
GAZP_8,GAZP,8_28,2012,18,3,442,UN_ID_BG,unknown_sp,97.5,species,cover,0.25,m2,Bare ground; non-taxonomic observation.
GAZP_8,GAZP,8_28,2012,18,3,442,UN_ID_FD,unknown_sp,0.1,species,cover,0.25,m2,Fine debris; non-taxonomic observation.
GAZP_8,GAZP,8_28,2012,18,3,443,UN_ID_BG,unknown_sp,97.5,species,cover,0.25,m2,Bare ground; non-taxonomic observation.
GAZP_8,GAZP,8_28,2012,18,3,443,UN_ID_FD,unknown_sp,0.1,species,cover,0.25,m2,Fine debris; non-taxonomic observation.
GAZP_8,GAZP,8_28,2013,77,1,435,UN_ID_BG,unknown_sp,15,species,cover,0.25,m2,Bare ground; non-taxonomic observation.
GAZP_8,GAZP,8_28,2013,77,1,435,UN_ID_FD,unknown_sp,0.5,species,cover,0.25,m2,Fine debris; non-taxonomic observation.
GAZP_8,GAZP,8_28,2013,77,1,436,UN_ID_BG,unknown_sp,3,species,cover,0.25,m2,Bare ground; non-taxonomic observation.
GAZP_8,GAZP,8_28,2013,77,1,436,UN_ID_FD,unknown_sp,0.5,species,cover,0.25,m2,Fine debris; non-taxonomic observation.
GAZP_8,GAZP,8_28,2013,77,1,437,UN_ID_BG,unknown_sp,62.5,species,cover,0.25,m2,Bare ground; non-taxonomic observation.
GAZP_8,GAZP,8_28,2013,77,1,437,UN_ID_FD,unknown_sp,0.5,species,cover,0.25,m2,Fine debris; non-taxonomic observation.
GAZP_8,GAZP,8_28,2013,77,3,441,UN_ID_BG,unknown_sp,85,species,cover,0.25,m2,Bare ground; non-taxonomic observation.
GAZP_8,GAZP,8_28,2013,77,3,441,UN_ID_FD,unknown_sp,0.1,species,cover,0.25,m2,Fine debris; non-taxonomic observation.
GAZP_8,GAZP,8_28,2013,77,3,442,UN_ID_BG,unknown_sp,85,species,cover,0.25,m2,Bare ground; non-taxonomic observation.
GAZP_8,GAZP,8_28,2013,77,3,442,UN_ID_FD,unknown_sp,0.1,species,cover,0.25,m2,Fine debris; non-taxonomic observation.
GAZP_8,GAZP,8_28,2013,77,3,443,UN_ID_BG,unknown_sp,97.5,species,cover,0.25,m2,Bare ground; non-taxonomic observation.
GAZP_8,GAZP,8_28,2013,77,3,443,UN_ID_FD,unknown_sp,0.1,species,cover,0.25,m2,Fine debris; non-taxonomic observation.
GAZP_8,GAZP,8_29,2014,177,1,444,UN_ID_BG,unknown_sp,15,species,cover,0.25,m2,Bare ground; non-taxonomic observation.
GAZP_8,GAZP,8_29,2014,177,1,445,UN_ID_BG,unknown_sp,0.5,species,cover,0.25,m2,Bare ground; non-taxonomic observation.
GAZP_8,GAZP,8_29,2014,177,1,446,UN_ID_BG,unknown_sp,3,species,cover,0.25,m2,Bare ground; non-taxonomic observation.
GAZP_8,GAZP,8_29,2014,177,2,447,UN_ID_BG,unknown_sp,37.5,species,cover,0.25,m2,Bare ground; non-taxonomic observation.
GAZP_8,GAZP,8_29,2014,177,2,448,UN_ID_BG,unknown_sp,62.5,species,cover,0.25,m2,Bare ground; non-taxonomic observation.
GAZP_8,GAZP,8_29,2014,177,2,449,UN_ID_BG,unknown_sp,15,species,cover,0.25,m2,Bare ground; non-taxonomic observation.
GAZP_8,GAZP,8_29,2014,177,3,450,UN_ID_BG,unknown_sp,62.5,species,cover,0.25,m2,Bare ground; non-taxonomic observation.
GAZP_8,GAZP,8_29,2014,177,3,451,UN_ID_BG,unknown_sp,97.5,species,cover,0.25,m2,Bare ground; non-taxonomic observation.
GAZP_8,GAZP,8_29,2014,177,3,452,UN_ID_BG,unknown_sp,62.5,species,cover,0.25,m2,Bare ground; non-taxonomic observation.
GAZP_8,GAZP,8_29,2012,18,1,444,UN_ID_BG,unknown_sp,97.5,species,cover,0.25,m2,Bare ground; non-taxonomic observation.
GAZP_8,GAZP,8_29,2012,18,1,444,UN_ID_FD,unknown_sp,0.1,species,cover,0.25,m2,Fine debris; non-taxonomic observation.
GAZP_8,GAZP,8_29,2012,18,1,444,UN_ID_TC,unknown_sp,0.1,species,cover,0.25,m2,Total cover; non-taxonomic observation.
GAZP_8,GAZP,8_29,2012,18,1,445,UN_ID_BG,unknown_sp,97.5,species,cover,0.25,m2,Bare ground; non-taxonomic observation.
GAZP_8,GAZP,8_29,2012,18,1,445,UN_ID_FD,unknown_sp,0.1,species,cover,0.25,m2,Fine debris; non-taxonomic observation.
GAZP_8,GAZP,8_29,2012,18,1,445,UN_ID_TC,unknown_sp,0.1,species,cover,0.25,m2,Total cover; non-taxonomic observation.
GAZP_8,GAZP,8_29,2012,18,1,446,UN_ID_BG,unknown_sp,97.5,species,cover,0.25,m2,Bare ground; non-taxonomic observation.
GAZP_8,GAZP,8_29,2012,18,1,446,UN_ID_FD,unknown_sp,0.1,species,cover,0.25,m2,Fine debris; non-taxonomic observation.
GAZP_8,GAZP,8_29,2012,18,1,446,UN_ID_TC,unknown_sp,0.1,species,cover,0.25,m2,Total cover; non-taxonomic observation.
GAZP_8,GAZP,8_29,2012,18,2,447,UN_ID_BG,unknown_sp,97.5,species,cover,0.25,m2,Bare ground; non-taxonomic observation.
GAZP_8,GAZP,8_29,2012,18,2,447,UN_ID_FD,unknown_sp,0.1,species,cover,0.25,m2,Fine debris; non-taxonomic observation.
GAZP_8,GAZP,8_29,2012,18,2,447,UN_ID_TC,unknown_sp,0.1,species,cover,0.25,m2,Total cover; non-taxonomic observation.
GAZP_8,GAZP,8_29,2012,18,2,448,UN_ID_BG,unknown_sp,97.5,species,cover,0.25,m2,Bare ground; non-taxonomic observation.
GAZP_8,GAZP,8_29,2012,18,2,448,UN_ID_FD,unknown_sp,0.1,species,cover,0.25,m2,Fine debris; non-taxonomic observation.
GAZP_8,GAZP,8_29,2012,18,2,449,UN_ID_BG,unknown_sp,97.5,species,cover,0.25,m2,Bare ground; non-taxonomic observation.
GAZP_8,GAZP,8_29,2012,18,2,449,UN_ID_FD,unknown_sp,0.1,species,cover,0.25,m2,Fine debris; non-taxonomic observation.
GAZP_8,GAZP,8_29,2012,18,2,449,UN_ID_TC,unknown_sp,0.1,species,cover,0.25,m2,Total cover; non-taxonomic observation.
GAZP_8,GAZP,8_29,2012,18,3,450,UN_ID_BG,unknown_sp,97.5,species,cover,0.25,m2,Bare ground; non-taxonomic observation.
GAZP_8,GAZP,8_29,2012,18,3,450,UN_ID_FD,unknown_sp,0.1,species,cover,0.25,m2,Fine debris; non-taxonomic observation.
GAZP_8,GAZP,8_29,2012,18,3,451,UN_ID_BG,unknown_sp,97.5,species,cover,0.25,m2,Bare ground; non-taxonomic observation.
GAZP_8,GAZP,8_29,2012,18,3,451,UN_ID_FD,unknown_sp,0.1,species,cover,0.25,m2,Fine debris; non-taxonomic observation.
GAZP_8,GAZP,8_29,2012,18,3,452,UN_ID_BG,unknown_sp,97.5,species,cover,0.25,m2,Bare ground; non-taxonomic observation.
GAZP_8,GAZP,8_29,2012,18,3,452,UN_ID_FD,unknown_sp,0.1,species,cover,0.25,m2,Fine debris; non-taxonomic observation.
GAZP_8,GAZP,8_29,2013,77,1,444,UN_ID_BG,unknown_sp,15,species,cover,0.25,m2,Bare ground; non-taxonomic observation.
GAZP_8,GAZP,8_29,2013,77,1,444,UN_ID_FD,unknown_sp,0.1,species,cover,0.25,m2,Fine debris; non-taxonomic observation.
GAZP_8,GAZP,8_29,2013,77,1,445,UN_ID_BG,unknown_sp,3,species,cover,0.25,m2,Bare ground; non-taxonomic observation.
GAZP_8,GAZP,8_29,2013,77,1,445,UN_ID_FD,unknown_sp,0.5,species,cover,0.25,m2,Fine debris; non-taxonomic observation.
GAZP_8,GAZP,8_29,2013,77,1,446,UN_ID_BG,unknown_sp,15,species,cover,0.25,m2,Bare ground; non-taxonomic observation.
GAZP_8,GAZP,8_29,2013,77,1,446,UN_ID_FD,unknown_sp,0.5,species,cover,0.25,m2,Fine debris; non-taxonomic observation.
GAZP_8,GAZP,8_29,2013,77,3,450,UN_ID_BG,unknown_sp,97.5,species,cover,0.25,m2,Bare ground; non-taxonomic observation.
GAZP_8,GAZP,8_29,2013,77,3,450,UN_ID_FD,unknown_sp,0.1,species,cover,0.25,m2,Fine debris; non-taxonomic observation.
GAZP_8,GAZP,8_29,2013,77,3,451,UN_ID_BG,unknown_sp,97.5,species,cover,0.25,m2,Bare ground; non-taxonomic observation.
GAZP_8,GAZP,8_29,2013,77,3,451,UN_ID_CD,unknown_sp,0.1,species,cover,0.25,m2,Meaning could not be determined from the source data.
GAZP_8,GAZP,8_29,2013,77,3,451,UN_ID_FD,unknown_sp,0.1,species,cover,0.25,m2,Fine debris; non-taxonomic observation.
GAZP_8,GAZP,8_29,2013,77,3,452,UN_ID_BG,unknown_sp,97.5,species,cover,0.25,m2,Bare ground; non-taxonomic observation.
GAZP_8,GAZP,8_29,2013,77,3,452,UN_ID_FD,unknown_sp,0.1,species,cover,0.25,m2,Fine debris; non-taxonomic observation.
GAZP_8,GAZP,8_3,2014,177,1,453,UN_ID_BG,unknown_sp,15,species,cover,0.25,m2,Bare ground; non-taxonomic observation.
GAZP_8,GAZP,8_3,2014,177,1,469,UN_ID_BG,unknown_sp,15,species,cover,0.25,m2,Bare ground; non-taxonomic observation.
GAZP_8,GAZP,8_3,2014,177,1,485,UN_ID_BG,unknown_sp,15,species,cover,0.25,m2,Bare ground; non-taxonomic observation.
GAZP_8,GAZP,8_3,2014,177,2,501,UN_ID_BG,unknown_sp,62.5,species,cover,0.25,m2,Bare ground; non-taxonomic observation.
GAZP_8,GAZP,8_3,2014,177,2,517,UN_ID_BG,unknown_sp,37.5,species,cover,0.25,m2,Bare ground; non-taxonomic observation.
GAZP_8,GAZP,8_3,2014,177,2,533,UN_ID_BG,unknown_sp,37.5,species,cover,0.25,m2,Bare ground; non-taxonomic observation.
GAZP_8,GAZP,8_3,2014,177,3,549,UN_ID_BG,unknown_sp,62.5,species,cover,0.25,m2,Bare ground; non-taxonomic observation.
GAZP_8,GAZP,8_3,2014,177,3,565,UN_ID_BG,unknown_sp,37.5,species,cover,0.25,m2,Bare ground; non-taxonomic observation.
GAZP_8,GAZP,8_3,2014,177,3,581,UN_ID_BG,unknown_sp,37.5,species,cover,0.25,m2,Bare ground; non-taxonomic observation.
GAZP_8,GAZP,8_3,2012,18,1,453,UN_ID_BG,unknown_sp,97.5,species,cover,0.25,m2,Bare ground; non-taxonomic observation.
GAZP_8,GAZP,8_3,2012,18,1,453,UN_ID_FD,unknown_sp,0.1,species,cover,0.25,m2,Fine debris; non-taxonomic observation.
GAZP_8,GAZP,8_3,2012,18,1,453,UN_ID_TC,unknown_sp,0.1,species,cover,0.25,m2,Total cover; non-taxonomic observation.
GAZP_8,GAZP,8_3,2012,18,1,454,UN_ID_BG,unknown_sp,97.5,species,cover,0.25,m2,Bare ground; non-taxonomic observation.
GAZP_8,GAZP,8_3,2012,18,1,454,UN_ID_FD,unknown_sp,0.1,species,cover,0.25,m2,Fine debris; non-taxonomic observation.
GAZP_8,GAZP,8_3,2012,18,1,454,UN_ID_GW,unknown_sp,0.1,species,cover,0.25,m2,Meaning could not be determined from the source data.
GAZP_8,GAZP,8_3,2012,18,1,454,UN_ID_TC,unknown_sp,0.1,species,cover,0.25,m2,Total cover; non-taxonomic observation.
GAZP_8,GAZP,8_3,2012,18,1,455,UN_ID_BG,unknown_sp,97.5,species,cover,0.25,m2,Bare ground; non-taxonomic observation.
GAZP_8,GAZP,8_3,2012,18,1,455,UN_ID_FD,unknown_sp,0.1,species,cover,0.25,m2,Fine debris; non-taxonomic observation.
GAZP_8,GAZP,8_3,2012,18,1,455,UN_ID_TC,unknown_sp,0.1,species,cover,0.25,m2,Total cover; non-taxonomic observation.
GAZP_8,GAZP,8_3,2012,18,1,456,UN_ID_BG,unknown_sp,97.5,species,cover,0.25,m2,Bare ground; non-taxonomic observation.
GAZP_8,GAZP,8_3,2012,18,1,456,UN_ID_FD,unknown_sp,0.1,species,cover,0.25,m2,Fine debris; non-taxonomic observation.
GAZP_8,GAZP,8_3,2012,18,1,456,UN_ID_TC,unknown_sp,0.1,species,cover,0.25,m2,Total cover; non-taxonomic observation.
GAZP_8,GAZP,8_3,2012,18,1,457,UN_ID_BG,unknown_sp,97.5,species,cover,0.25,m2,Bare ground; non-taxonomic observation.
GAZP_8,GAZP,8_3,2012,18,1,457,UN_ID_FD,unknown_sp,0.1,species,cover,0.25,m2,Fine debris; non-taxonomic observation.
GAZP_8,GAZP,8_3,2012,18,1,458,UN_ID_BG,unknown_sp,97.5,species,cover,0.25,m2,Bare ground; non-taxonomic observation.
GAZP_8,GAZP,8_3,2012,18,1,458,UN_ID_FD,unknown_sp,0.1,species,cover,0.25,m2,Fine debris; non-taxonomic observation.
GAZP_8,GAZP,8_3,2012,18,1,458,UN_ID_TC,unknown_sp,0.1,species,cover,0.25,m2,Total cover; non-taxonomic observation.
GAZP_8,GAZP,8_3,2012,18,1,459,UN_ID_BG,unknown_sp,97.5,species,cover,0.25,m2,Bare ground; non-taxonomic observation.
GAZP_8,GAZP,8_3,2012,18,1,459,UN_ID_FD,unknown_sp,0.1,species,cover,0.25,m2,Fine debris; non-taxonomic observation.
GAZP_8,GAZP,8_3,2012,18,1,459,UN_ID_TC,unknown_sp,0.1,species,cover,0.25,m2,Total cover; non-taxonomic observation.
GAZP_8,GAZP,8_3,2012,18,1,460,UN_ID_BG,unknown_sp,97.5,species,cover,0.25,m2,Bare ground; non-taxonomic observation.
GAZP_8,GAZP,8_3,2012,18,1,460,UN_ID_FD,unknown_sp,0.1,species,cover,0.25,m2,Fine debris; non-taxonomic observation.
GAZP_8,GAZP,8_3,2012,18,1,460,UN_ID_TC,unknown_sp,0.1,species,cover,0.25,m2,Total cover; non-taxonomic observation.
GAZP_8,GAZP,8_3,2012,18,1,461,UN_ID_BG,unknown_sp,97.5,species,cover,0.25,m2,Bare ground; non-taxonomic observation.
GAZP_8,GAZP,8_3,2012,18,1,461,UN_ID_FD,unknown_sp,0.1,species,cover,0.25,m2,Fine debris; non-taxonomic observation.
GAZP_8,GAZP,8_3,2012,18,1,463,UN_ID_BG,unknown_sp,85,species,cover,0.25,m2,Bare ground; non-taxonomic observation.
GAZP_8,GAZP,8_3,2012,18,1,463,UN_ID_FD,unknown_sp,0.5,species,cover,0.25,m2,Fine debris; non-taxonomic observation.
GAZP_8,GAZP,8_3,2012,18,1,463,UN_ID_GW,unknown_sp,0.1,species,cover,0.25,m2,Meaning could not be determined from the source data.
GAZP_8,GAZP,8_3,2012,18,1,463,UN_ID_TC,unknown_sp,0.1,species,cover,0.25,m2,Total cover; non-taxonomic observation.
GAZP_8,GAZP,8_3,2012,18,1,464,UN_ID_BG,unknown_sp,85,species,cover,0.25,m2,Bare ground; non-taxonomic observation.
GAZP_8,GAZP,8_3,2012,18,1,464,UN_ID_CD,unknown_sp,0.5,species,cover,0.25,m2,Meaning could not be determined from the source data.
GAZP_8,GAZP,8_3,2012,18,1,464,UN_ID_FD,unknown_sp,0.1,species,cover,0.25,m2,Fine debris; non-taxonomic observation.
GAZP_8,GAZP,8_3,2012,18,1,464,UN_ID_TC,unknown_sp,0.1,species,cover,0.25,m2,Total cover; non-taxonomic observation.
GAZP_8,GAZP,8_3,2012,18,1,465,UN_ID_BG,unknown_sp,85,species,cover,0.25,m2,Bare ground; non-taxonomic observation.
GAZP_8,GAZP,8_3,2012,18,1,465,UN_ID_FD,unknown_sp,0.5,species,cover,0.25,m2,Fine debris; non-taxonomic observation.
GAZP_8,GAZP,8_3,2012,18,1,466,UN_ID_BG,unknown_sp,85,species,cover,0.25,m2,Bare ground; non-taxonomic observation.
GAZP_8,GAZP,8_3,2012,18,1,466,UN_ID_FD,unknown_sp,0.5,species,cover,0.25,m2,Fine debris; non-taxonomic observation.
GAZP_8,GAZP,8_3,2012,18,1,467,UN_ID_BG,unknown_sp,97.5,species,cover,0.25,m2,Bare ground; non-taxonomic observation.
GAZP_8,GAZP,8_3,2012,18,1,467,UN_ID_FD,unknown_sp,0.1,species,cover,0.25,m2,Fine debris; non-taxonomic observation.
GAZP_8,GAZP,8_3,2012,18,1,467,UN_ID_GW,unknown_sp,0.1,species,cover,0.25,m2,Meaning could not be determined from the source data.
GAZP_8,GAZP,8_3,2012,18,1,467,UN_ID_TC,unknown_sp,0.1,species,cover,0.25,m2,Total cover; non-taxonomic observation.
GAZP_8,GAZP,8_3,2012,18,1,468,UN_ID_BG,unknown_sp,97.5,species,cover,0.25,m2,Bare ground; non-taxonomic observation.
GAZP_8,GAZP,8_3,2012,18,1,468,UN_ID_FD,unknown_sp,0.1,species,cover,0.25,m2,Fine debris; non-taxonomic observation.
GAZP_8,GAZP,8_3,2012,18,1,468,UN_ID_TC,unknown_sp,0.1,species,cover,0.25,m2,Total cover; non-taxonomic observation.
GAZP_8,GAZP,8_3,2012,18,1,469,UN_ID_BG,unknown_sp,97.5,species,cover,0.25,m2,Bare ground; non-taxonomic observation.
GAZP_8,GAZP,8_3,2012,18,1,469,UN_ID_FD,unknown_sp,0.1,species,cover,0.25,m2,Fine debris; non-taxonomic observation.
GAZP_8,GAZP,8_3,2012,18,1,469,UN_ID_TC,unknown_sp,97.5,species,cover,0.25,m2,Total cover; non-taxonomic observation.
GAZP_8,GAZP,8_3,2012,18,1,469,UN_ID_TS,unknown_sp,0.1,species,cover,0.25,m2,Triticale seeds; non-taxonomic observation.
GAZP_8,GAZP,8_3,2012,18,1,470,UN_ID_BG,unknown_sp,97.5,species,cover,0.25,m2,Bare ground; non-taxonomic observation.
GAZP_8,GAZP,8_3,2012,18,1,470,UN_ID_FD,unknown_sp,0.1,species,cover,0.25,m2,Fine debris; non-taxonomic observation.
GAZP_8,GAZP,8_3,2012,18,1,470,UN_ID_TC,unknown_sp,97.5,species,cover,0.25,m2,Total cover; non-taxonomic observation.
GAZP_8,GAZP,8_3,2012,18,1,470,UN_ID_TS,unknown_sp,0.1,species,cover,0.25,m2,Triticale seeds; non-taxonomic observation.
GAZP_8,GAZP,8_3,2012,18,1,471,UN_ID_BG,unknown_sp,97.5,species,cover,0.25,m2,Bare ground; non-taxonomic observation.
GAZP_8,GAZP,8_3,2012,18,1,471,UN_ID_FD,unknown_sp,0.1,species,cover,0.25,m2,Fine debris; non-taxonomic observation.
GAZP_8,GAZP,8_3,2012,18,1,471,UN_ID_TC,unknown_sp,97.5,species,cover,0.25,m2,Total cover; non-taxonomic observation.
GAZP_8,GAZP,8_3,2012,18,1,471,UN_ID_TS,unknown_sp,0.1,species,cover,0.25,m2,Triticale seeds; non-taxonomic observation.
GAZP_8,GAZP,8_3,2012,18,1,472,UN_ID_BG,unknown_sp,97.5,species,cover,0.25,m2,Bare ground; non-taxonomic observation.
GAZP_8,GAZP,8_3,2012,18,1,472,UN_ID_FD,unknown_sp,0.1,species,cover,0.25,m2,Fine debris; non-taxonomic observation.
GAZP_8,GAZP,8_3,2012,18,1,472,UN_ID_TC,unknown_sp,97.5,species,cover,0.25,m2,Total cover; non-taxonomic observation.
GAZP_8,GAZP,8_3,2012,18,1,472,UN_ID_TS,unknown_sp,0.1,species,cover,0.25,m2,Triticale seeds; non-taxonomic observation.
GAZP_8,GAZP,8_3,2012,18,1,473,UN_ID_BG,unknown_sp,97.5,species,cover,0.25,m2,Bare ground; non-taxonomic observation.
GAZP_8,GAZP,8_3,2012,18,1,473,UN_ID_FD,unknown_sp,0.1,species,cover,0.25,m2,Fine debris; non-taxonomic observation.
GAZP_8,GAZP,8_3,2012,18,1,473,UN_ID_TC,unknown_sp,97.5,species,cover,0.25,m2,Total cover; non-taxonomic observation.
GAZP_8,GAZP,8_3,2012,18,1,473,UN_ID_TS,unknown_sp,0.1,species,cover,0.25,m2,Triticale seeds; non-taxonomic observation.
GAZP_8,GAZP,8_3,2012,18,1,474,UN_ID_BG,unknown_sp,97.5,species,cover,0.25,m2,Bare ground; non-taxonomic observation.
GAZP_8,GAZP,8_3,2012,18,1,474,UN_ID_FD,unknown_sp,0.1,species,cover,0.25,m2,Fine debris; non-taxonomic observation.
GAZP_8,GAZP,8_3,2012,18,1,474,UN_ID_TC,unknown_sp,97.5,species,cover,0.25,m2,Total cover; non-taxonomic observation.
GAZP_8,GAZP,8_3,2012,18,1,474,UN_ID_TS,unknown_sp,0.1,species,cover,0.25,m2,Triticale seeds; non-taxonomic observation.
GAZP_8,GAZP,8_3,2012,18,1,475,UN_ID_BG,unknown_sp,97.5,species,cover,0.25,m2,Bare ground; non-taxonomic observation.
GAZP_8,GAZP,8_3,2012,18,1,475,UN_ID_FD,unknown_sp,0.1,species,cover,0.25,m2,Fine debris; non-taxonomic observation.
GAZP_8,GAZP,8_3,2012,18,1,475,UN_ID_TC,unknown_sp,97.5,species,cover,0.25,m2,Total cover; non-taxonomic observation.
GAZP_8,GAZP,8_3,2012,18,1,475,UN_ID_TS,unknown_sp,0.1,species,cover,0.25,m2,Triticale seeds; non-taxonomic observation.
GAZP_8,GAZP,8_3,2012,18,1,476,UN_ID_BG,unknown_sp,97.5,species,cover,0.25,m2,Bare ground; non-taxonomic observation.
GAZP_8,GAZP,8_3,2012,18,1,476,UN_ID_FD,unknown_sp,0.1,species,cover,0.25,m2,Fine debris; non-taxonomic observation.
GAZP_8,GAZP,8_3,2012,18,1,476,UN_ID_TC,unknown_sp,97.5,species,cover,0.25,m2,Total cover; non-taxonomic observation.
GAZP_8,GAZP,8_3,2012,18,1,476,UN_ID_TS,unknown_sp,0.1,species,cover,0.25,m2,Triticale seeds; non-taxonomic observation.
GAZP_8,GAZP,8_3,2012,18,1,477,UN_ID_BG,unknown_sp,97.5,species,cover,0.25,m2,Bare ground; non-taxonomic observation.
GAZP_8,GAZP,8_3,2012,18,1,477,UN_ID_FD,unknown_sp,0.1,species,cover,0.25,m2,Fine debris; non-taxonomic observation.
GAZP_8,GAZP,8_3,2012,18,1,477,UN_ID_TC,unknown_sp,97.5,species,cover,0.25,m2,Total cover; non-taxonomic observation.
GAZP_8,GAZP,8_3,2012,18,1,477,UN_ID_TS,unknown_sp,0.1,species,cover,0.25,m2,Triticale seeds; non-taxonomic observation.
GAZP_8,GAZP,8_3,2012,18,1,478,UN_ID_BG,unknown_sp,97.5,species,cover,0.25,m2,Bare ground; non-taxonomic observation.
GAZP_8,GAZP,8_3,2012,18,1,478,UN_ID_FD,unknown_sp,0.1,species,cover,0.25,m2,Fine debris; non-taxonomic observation.
GAZP_8,GAZP,8_3,2012,18,1,478,UN_ID_TC,unknown_sp,97.5,species,cover,0.25,m2,Total cover; non-taxonomic observation.
GAZP_8,GAZP,8_3,2012,18,1,478,UN_ID_TS,unknown_sp,0.1,species,cover,0.25,m2,Triticale seeds; non-taxonomic observation.
GAZP_8,GAZP,8_3,2012,18,1,479,UN_ID_BG,unknown_sp,85,species,cover,0.25,m2,Bare ground; non-taxonomic observation.
GAZP_8,GAZP,8_3,2012,18,1,479,UN_ID_FD,unknown_sp,0.1,species,cover,0.25,m2,Fine debris; non-taxonomic observation.
GAZP_8,GAZP,8_3,2012,18,1,479,UN_ID_TC,unknown_sp,85,species,cover,0.25,m2,Total cover; non-taxonomic observation.
GAZP_8,GAZP,8_3,2012,18,1,479,UN_ID_TS,unknown_sp,0.1,species,cover,0.25,m2,Triticale seeds; non-taxonomic observation.
GAZP_8,GAZP,8_3,2012,18,1,480,UN_ID_BG,unknown_sp,97.5,species,cover,0.25,m2,Bare ground; non-taxonomic observation.
GAZP_8,GAZP,8_3,2012,18,1,480,UN_ID_FD,unknown_sp,0.1,species,cover,0.25,m2,Fine debris; non-taxonomic observation.
GAZP_8,GAZP,8_3,2012,18,1,480,UN_ID_TC,unknown_sp,97.5,species,cover,0.25,m2,Total cover; non-taxonomic observation.
GAZP_8,GAZP,8_3,2012,18,1,480,UN_ID_TS,unknown_sp,0.1,species,cover,0.25,m2,Triticale seeds; non-taxonomic observation.
GAZP_8,GAZP,8_3,2012,18,1,481,UN_ID_BG,unknown_sp,97.5,species,cover,0.25,m2,Bare ground; non-taxonomic observation.
GAZP_8,GAZP,8_3,2012,18,1,481,UN_ID_FD,unknown_sp,0.1,species,cover,0.25,m2,Fine debris; non-taxonomic observation.
GAZP_8,GAZP,8_3,2012,18,1,481,UN_ID_TC,unknown_sp,97.5,species,cover,0.25,m2,Total cover; non-taxonomic observation.
GAZP_8,GAZP,8_3,2012,18,1,481,UN_ID_TS,unknown_sp,0.1,species,cover,0.25,m2,Triticale seeds; non-taxonomic observation.
GAZP_8,GAZP,8_3,2012,18,1,482,UN_ID_BG,unknown_sp,97.5,species,cover,0.25,m2,Bare ground; non-taxonomic observation.
GAZP_8,GAZP,8_3,2012,18,1,482,UN_ID_FD,unknown_sp,0.1,species,cover,0.25,m2,Fine debris; non-taxonomic observation.
GAZP_8,GAZP,8_3,2012,18,1,482,UN_ID_TC,unknown_sp,97.5,species,cover,0.25,m2,Total cover; non-taxonomic observation.
GAZP_8,GAZP,8_3,2012,18,1,482,UN_ID_TS,unknown_sp,0.1,species,cover,0.25,m2,Triticale seeds; non-taxonomic observation.
GAZP_8,GAZP,8_3,2012,18,1,483,UN_ID_BG,unknown_sp,97.5,species,cover,0.25,m2,Bare ground; non-taxonomic observation.
GAZP_8,GAZP,8_3,2012,18,1,483,UN_ID_FD,unknown_sp,0.1,species,cover,0.25,m2,Fine debris; non-taxonomic observation.
GAZP_8,GAZP,8_3,2012,18,1,483,UN_ID_TC,unknown_sp,97.5,species,cover,0.25,m2,Total cover; non-taxonomic observation.
GAZP_8,GAZP,8_3,2012,18,1,483,UN_ID_TS,unknown_sp,0.1,species,cover,0.25,m2,Triticale seeds; non-taxonomic observation.
GAZP_8,GAZP,8_3,2012,18,1,484,UN_ID_BG,unknown_sp,97.5,species,cover,0.25,m2,Bare ground; non-taxonomic observation.
GAZP_8,GAZP,8_3,2012,18,1,484,UN_ID_FD,unknown_sp,0.1,species,cover,0.25,m2,Fine debris; non-taxonomic observation.
GAZP_8,GAZP,8_3,2012,18,1,484,UN_ID_TC,unknown_sp,97.5,species,cover,0.25,m2,Total cover; non-taxonomic observation.
GAZP_8,GAZP,8_3,2012,18,1,484,UN_ID_TS,unknown_sp,0.1,species,cover,0.25,m2,Triticale seeds; non-taxonomic observation.
GAZP_8,GAZP,8_3,2012,18,1,485,UN_ID_BG,unknown_sp,97.5,species,cover,0.25,m2,Bare ground; non-taxonomic observation.
GAZP_8,GAZP,8_3,2012,18,1,485,UN_ID_FD,unknown_sp,0.1,species,cover,0.25,m2,Fine debris; non-taxonomic observation.
GAZP_8,GAZP,8_3,2012,18,1,486,UN_ID_BG,unknown_sp,97.5,species,cover,0.25,m2,Bare ground; non-taxonomic observation.
GAZP_8,GAZP,8_3,2012,18,1,486,UN_ID_FD,unknown_sp,0.1,species,cover,0.25,m2,Fine debris; non-taxonomic observation.
GAZP_8,GAZP,8_3,2012,18,1,487,UN_ID_BG,unknown_sp,97.5,species,cover,0.25,m2,Bare ground; non-taxonomic observation.
GAZP_8,GAZP,8_3,2012,18,1,487,UN_ID_FD,unknown_sp,0.1,species,cover,0.25,m2,Fine debris; non-taxonomic observation.
GAZP_8,GAZP,8_3,2012,18,1,488,UN_ID_BG,unknown_sp,97.5,species,cover,0.25,m2,Bare ground; non-taxonomic observation.
GAZP_8,GAZP,8_3,2012,18,1,488,UN_ID_FD,unknown_sp,0.1,species,cover,0.25,m2,Fine debris; non-taxonomic observation.
GAZP_8,GAZP,8_3,2012,18,1,489,UN_ID_BG,unknown_sp,97.5,species,cover,0.25,m2,Bare ground; non-taxonomic observation.
GAZP_8,GAZP,8_3,2012,18,1,489,UN_ID_FD,unknown_sp,0.1,species,cover,0.25,m2,Fine debris; non-taxonomic observation.
GAZP_8,GAZP,8_3,2012,18,1,490,UN_ID_BG,unknown_sp,97.5,species,cover,0.25,m2,Bare ground; non-taxonomic observation.
GAZP_8,GAZP,8_3,2012,18,1,490,UN_ID_FD,unknown_sp,0.1,species,cover,0.25,m2,Fine debris; non-taxonomic observation.
GAZP_8,GAZP,8_3,2012,18,1,491,UN_ID_BG,unknown_sp,97.5,species,cover,0.25,m2,Bare ground; non-taxonomic observation.
GAZP_8,GAZP,8_3,2012,18,1,491,UN_ID_FD,unknown_sp,0.1,species,cover,0.25,m2,Fine debris; non-taxonomic observation.
GAZP_8,GAZP,8_3,2012,18,1,492,UN_ID_BG,unknown_sp,97.5,species,cover,0.25,m2,Bare ground; non-taxonomic observation.
GAZP_8,GAZP,8_3,2012,18,1,492,UN_ID_FD,unknown_sp,0.1,species,cover,0.25,m2,Fine debris; non-taxonomic observation.
GAZP_8,GAZP,8_3,2012,18,1,493,UN_ID_BG,unknown_sp,97.5,species,cover,0.25,m2,Bare ground; non-taxonomic observation.
GAZP_8,GAZP,8_3,2012,18,1,493,UN_ID_FD,unknown_sp,0.1,species,cover,0.25,m2,Fine debris; non-taxonomic observation.
GAZP_8,GAZP,8_3,2012,18,1,494,UN_ID_BG,unknown_sp,97.5,species,cover,0.25,m2,Bare ground; non-taxonomic observation.
GAZP_8,GAZP,8_3,2012,18,1,494,UN_ID_FD,unknown_sp,0.1,species,cover,0.25,m2,Fine debris; non-taxonomic observation.
GAZP_8,GAZP,8_3,2012,18,1,495,UN_ID_BG,unknown_sp,97.5,species,cover,0.25,m2,Bare ground; non-taxonomic observation.
GAZP_8,GAZP,8_3,2012,18,1,495,UN_ID_FD,unknown_sp,0.1,species,cover,0.25,m2,Fine debris; non-taxonomic observation.
GAZP_8,GAZP,8_3,2012,18,1,496,UN_ID_BG,unknown_sp,97.5,species,cover,0.25,m2,Bare ground; non-taxonomic observation.
GAZP_8,GAZP,8_3,2012,18,1,496,UN_ID_FD,unknown_sp,0.1,species,cover,0.25,m2,Fine debris; non-taxonomic observation.
GAZP_8,GAZP,8_3,2012,18,1,497,UN_ID_BG,unknown_sp,97.5,species,cover,0.25,m2,Bare ground; non-taxonomic observation.
GAZP_8,GAZP,8_3,2012,18,1,497,UN_ID_FD,unknown_sp,0.1,species,cover,0.25,m2,Fine debris; non-taxonomic observation.
GAZP_8,GAZP,8_3,2012,18,1,498,UN_ID_BG,unknown_sp,97.5,species,cover,0.25,m2,Bare ground; non-taxonomic observation.
GAZP_8,GAZP,8_3,2012,18,1,498,UN_ID_FD,unknown_sp,0.1,species,cover,0.25,m2,Fine debris; non-taxonomic observation.
GAZP_8,GAZP,8_3,2012,18,1,499,UN_ID_BG,unknown_sp,97.5,species,cover,0.25,m2,Bare ground; non-taxonomic observation.
GAZP_8,GAZP,8_3,2012,18,1,499,UN_ID_FD,unknown_sp,0.1,species,cover,0.25,m2,Fine debris; non-taxonomic observation.
GAZP_8,GAZP,8_3,2012,18,1,500,UN_ID_BG,unknown_sp,97.5,species,cover,0.25,m2,Bare ground; non-taxonomic observation.
GAZP_8,GAZP,8_3,2012,18,1,500,UN_ID_FD,unknown_sp,0.1,species,cover,0.25,m2,Fine debris; non-taxonomic observation.
GAZP_8,GAZP,8_3,2012,18,2,501,UN_ID_BG,unknown_sp,97.5,species,cover,0.25,m2,Bare ground; non-taxonomic observation.
GAZP_8,GAZP,8_3,2012,18,2,501,UN_ID_FD,unknown_sp,0.1,species,cover,0.25,m2,Fine debris; non-taxonomic observation.
GAZP_8,GAZP,8_3,2012,18,2,501,UN_ID_TC,unknown_sp,0.1,species,cover,0.25,m2,Total cover; non-taxonomic observation.
GAZP_8,GAZP,8_3,2012,18,2,502,UN_ID_BG,unknown_sp,97.5,species,cover,0.25,m2,Bare ground; non-taxonomic observation.
GAZP_8,GAZP,8_3,2012,18,2,502,UN_ID_FD,unknown_sp,0.1,species,cover,0.25,m2,Fine debris; non-taxonomic observation.
GAZP_8,GAZP,8_3,2012,18,2,503,UN_ID_BG,unknown_sp,97.5,species,cover,0.25,m2,Bare ground; non-taxonomic observation.
GAZP_8,GAZP,8_3,2012,18,2,503,UN_ID_FD,unknown_sp,0.1,species,cover,0.25,m2,Fine debris; non-taxonomic observation.
GAZP_8,GAZP,8_3,2012,18,2,504,UN_ID_BG,unknown_sp,97.5,species,cover,0.25,m2,Bare ground; non-taxonomic observation.
GAZP_8,GAZP,8_3,2012,18,2,504,UN_ID_FD,unknown_sp,0.1,species,cover,0.25,m2,Fine debris; non-taxonomic observation.
GAZP_8,GAZP,8_3,2012,18,2,505,UN_ID_BG,unknown_sp,97.5,species,cover,0.25,m2,Bare ground; non-taxonomic observation.
GAZP_8,GAZP,8_3,2012,18,2,505,UN_ID_FD,unknown_sp,0.1,species,cover,0.25,m2,Fine debris; non-taxonomic observation.
GAZP_8,GAZP,8_3,2012,18,2,505,UN_ID_TC,unknown_sp,0.1,species,cover,0.25,m2,Total cover; non-taxonomic observation.
GAZP_8,GAZP,8_3,2012,18,2,506,UN_ID_BG,unknown_sp,97.5,species,cover,0.25,m2,Bare ground; non-taxonomic observation.
GAZP_8,GAZP,8_3,2012,18,2,506,UN_ID_FD,unknown_sp,0.1,species,cover,0.25,m2,Fine debris; non-taxonomic observation.
GAZP_8,GAZP,8_3,2012,18,2,507,UN_ID_BG,unknown_sp,97.5,species,cover,0.25,m2,Bare ground; non-taxonomic observation.
GAZP_8,GAZP,8_3,2012,18,2,507,UN_ID_FD,unknown_sp,0.1,species,cover,0.25,m2,Fine debris; non-taxonomic observation.
GAZP_8,GAZP,8_3,2012,18,2,508,UN_ID_BG,unknown_sp,97.5,species,cover,0.25,m2,Bare ground; non-taxonomic observation.
GAZP_8,GAZP,8_3,2012,18,2,508,UN_ID_FD,unknown_sp,0.1,species,cover,0.25,m2,Fine debris; non-taxonomic observation.
GAZP_8,GAZP,8_3,2012,18,2,508,UN_ID_TC,unknown_sp,0.1,species,cover,0.25,m2,Total cover; non-taxonomic observation.
GAZP_8,GAZP,8_3,2012,18,2,509,UN_ID_BG,unknown_sp,97.5,species,cover,0.25,m2,Bare ground; non-taxonomic observation.
GAZP_8,GAZP,8_3,2012,18,2,509,UN_ID_FD,unknown_sp,0.1,species,cover,0.25,m2,Fine debris; non-taxonomic observation.
GAZP_8,GAZP,8_3,2012,18,2,510,UN_ID_BG,unknown_sp,97.5,species,cover,0.25,m2,Bare ground; non-taxonomic observation.
GAZP_8,GAZP,8_3,2012,18,2,510,UN_ID_FD,unknown_sp,0.1,species,cover,0.25,m2,Fine debris; non-taxonomic observation.
GAZP_8,GAZP,8_3,2012,18,2,511,UN_ID_BG,unknown_sp,97.5,species,cover,0.25,m2,Bare ground; non-taxonomic observation.
GAZP_8,GAZP,8_3,2012,18,2,511,UN_ID_FD,unknown_sp,0.1,species,cover,0.25,m2,Fine debris; non-taxonomic observation.
GAZP_8,GAZP,8_3,2012,18,2,511,UN_ID_TC,unknown_sp,0.1,species,cover,0.25,m2,Total cover; non-taxonomic observation.
GAZP_8,GAZP,8_3,2012,18,2,512,UN_ID_BG,unknown_sp,97.5,species,cover,0.25,m2,Bare ground; non-taxonomic observation.
GAZP_8,GAZP,8_3,2012,18,2,512,UN_ID_FD,unknown_sp,0.1,species,cover,0.25,m2,Fine debris; non-taxonomic observation.
GAZP_8,GAZP,8_3,2012,18,2,512,UN_ID_TC,unknown_sp,0.1,species,cover,0.25,m2,Total cover; non-taxonomic observation.
GAZP_8,GAZP,8_3,2012,18,2,513,UN_ID_BG,unknown_sp,97.5,species,cover,0.25,m2,Bare ground; non-taxonomic observation.
GAZP_8,GAZP,8_3,2012,18,2,513,UN_ID_FD,unknown_sp,0.1,species,cover,0.25,m2,Fine debris; non-taxonomic observation.
GAZP_8,GAZP,8_3,2012,18,2,513,UN_ID_TC,unknown_sp,0.1,species,cover,0.25,m2,Total cover; non-taxonomic observation.
GAZP_8,GAZP,8_3,2012,18,2,514,UN_ID_BG,unknown_sp,97.5,species,cover,0.25,m2,Bare ground; non-taxonomic observation.
GAZP_8,GAZP,8_3,2012,18,2,514,UN_ID_FD,unknown_sp,0.1,species,cover,0.25,m2,Fine debris; non-taxonomic observation.
GAZP_8,GAZP,8_3,2012,18,2,514,UN_ID_TC,unknown_sp,0.1,species,cover,0.25,m2,Total cover; non-taxonomic observation.
GAZP_8,GAZP,8_3,2012,18,2,515,UN_ID_BG,unknown_sp,97.5,species,cover,0.25,m2,Bare ground; non-taxonomic observation.
GAZP_8,GAZP,8_3,2012,18,2,515,UN_ID_FD,unknown_sp,0.1,species,cover,0.25,m2,Fine debris; non-taxonomic observation.
GAZP_8,GAZP,8_3,2012,18,2,516,UN_ID_BG,unknown_sp,97.5,species,cover,0.25,m2,Bare ground; non-taxonomic observation.
GAZP_8,GAZP,8_3,2012,18,2,516,UN_ID_FD,unknown_sp,0.1,species,cover,0.25,m2,Fine debris; non-taxonomic observation.
GAZP_8,GAZP,8_3,2012,18,2,517,UN_ID_BG,unknown_sp,97.5,species,cover,0.25,m2,Bare ground; non-taxonomic observation.
GAZP_8,GAZP,8_3,2012,18,2,517,UN_ID_FD,unknown_sp,0.1,species,cover,0.25,m2,Fine debris; non-taxonomic observation.
GAZP_8,GAZP,8_3,2012,18,2,517,UN_ID_TC,unknown_sp,0.1,species,cover,0.25,m2,Total cover; non-taxonomic observation.
GAZP_8,GAZP,8_3,2012,18,2,518,UN_ID_BG,unknown_sp,97.5,species,cover,0.25,m2,Bare ground; non-taxonomic observation.
GAZP_8,GAZP,8_3,2012,18,2,518,UN_ID_FD,unknown_sp,0.1,species,cover,0.25,m2,Fine debris; non-taxonomic observation.
GAZP_8,GAZP,8_3,2012,18,2,518,UN_ID_TC,unknown_sp,0.1,species,cover,0.25,m2,Total cover; non-taxonomic observation.
GAZP_8,GAZP,8_3,2012,18,2,519,UN_ID_BG,unknown_sp,97.5,species,cover,0.25,m2,Bare ground; non-taxonomic observation.
GAZP_8,GAZP,8_3,2012,18,2,519,UN_ID_FD,unknown_sp,0.1,species,cover,0.25,m2,Fine debris; non-taxonomic observation.
GAZP_8,GAZP,8_3,2012,18,2,519,UN_ID_TC,unknown_sp,0.1,species,cover,0.25,m2,Total cover; non-taxonomic observation.
GAZP_8,GAZP,8_3,2012,18,2,520,UN_ID_BG,unknown_sp,97.5,species,cover,0.25,m2,Bare ground; non-taxonomic observation.
GAZP_8,GAZP,8_3,2012,18,2,520,UN_ID_FD,unknown_sp,0.1,species,cover,0.25,m2,Fine debris; non-taxonomic observation.
GAZP_8,GAZP,8_3,2012,18,2,520,UN_ID_TC,unknown_sp,0.1,species,cover,0.25,m2,Total cover; non-taxonomic observation.
GAZP_8,GAZP,8_3,2012,18,2,521,UN_ID_BG,unknown_sp,97.5,species,cover,0.25,m2,Bare ground; non-taxonomic observation.
GAZP_8,GAZP,8_3,2012,18,2,521,UN_ID_FD,unknown_sp,0.1,species,cover,0.25,m2,Fine debris; non-taxonomic observation.
GAZP_8,GAZP,8_3,2012,18,2,521,UN_ID_TC,unknown_sp,0.1,species,cover,0.25,m2,Total cover; non-taxonomic observation.
GAZP_8,GAZP,8_3,2012,18,2,522,UN_ID_BG,unknown_sp,97.5,species,cover,0.25,m2,Bare ground; non-taxonomic observation.
GAZP_8,GAZP,8_3,2012,18,2,522,UN_ID_FD,unknown_sp,0.1,species,cover,0.25,m2,Fine debris; non-taxonomic observation.
GAZP_8,GAZP,8_3,2012,18,2,522,UN_ID_TC,unknown_sp,0.1,species,cover,0.25,m2,Total cover; non-taxonomic observation.
GAZP_8,GAZP,8_3,2012,18,2,523,UN_ID_BG,unknown_sp,97.5,species,cover,0.25,m2,Bare ground; non-taxonomic observation.
GAZP_8,GAZP,8_3,2012,18,2,523,UN_ID_FD,unknown_sp,0.1,species,cover,0.25,m2,Fine debris; non-taxonomic observation.
GAZP_8,GAZP,8_3,2012,18,2,523,UN_ID_TC,unknown_sp,0.1,species,cover,0.25,m2,Total cover; non-taxonomic observation.
GAZP_8,GAZP,8_3,2012,18,2,524,UN_ID_BG,unknown_sp,97.5,species,cover,0.25,m2,Bare ground; non-taxonomic observation.
GAZP_8,GAZP,8_3,2012,18,2,524,UN_ID_FD,unknown_sp,0.1,species,cover,0.25,m2,Fine debris; non-taxonomic observation.
GAZP_8,GAZP,8_3,2012,18,2,524,UN_ID_TC,unknown_sp,0.1,species,cover,0.25,m2,Total cover; non-taxonomic observation.
GAZP_8,GAZP,8_3,2012,18,2,525,UN_ID_BG,unknown_sp,97.5,species,cover,0.25,m2,Bare ground; non-taxonomic observation.
GAZP_8,GAZP,8_3,2012,18,2,525,UN_ID_FD,unknown_sp,0.1,species,cover,0.25,m2,Fine debris; non-taxonomic observation.
GAZP_8,GAZP,8_3,2012,18,2,525,UN_ID_TC,unknown_sp,0.1,species,cover,0.25,m2,Total cover; non-taxonomic observation.
GAZP_8,GAZP,8_3,2012,18,2,526,UN_ID_BG,unknown_sp,97.5,species,cover,0.25,m2,Bare ground; non-taxonomic observation.
GAZP_8,GAZP,8_3,2012,18,2,526,UN_ID_FD,unknown_sp,0.1,species,cover,0.25,m2,Fine debris; non-taxonomic observation.
GAZP_8,GAZP,8_3,2012,18,2,526,UN_ID_TC,unknown_sp,0.1,species,cover,0.25,m2,Total cover; non-taxonomic observation.
GAZP_8,GAZP,8_3,2012,18,2,527,UN_ID_BG,unknown_sp,97.5,species,cover,0.25,m2,Bare ground; non-taxonomic observation.
GAZP_8,GAZP,8_3,2012,18,2,527,UN_ID_FD,unknown_sp,0.1,species,cover,0.25,m2,Fine debris; non-taxonomic observation.
GAZP_8,GAZP,8_3,2012,18,2,527,UN_ID_TC,unknown_sp,0.1,species,cover,0.25,m2,Total cover; non-taxonomic observation.
GAZP_8,GAZP,8_3,2012,18,2,528,UN_ID_BG,unknown_sp,97.5,species,cover,0.25,m2,Bare ground; non-taxonomic observation.
GAZP_8,GAZP,8_3,2012,18,2,528,UN_ID_FD,unknown_sp,0.1,species,cover,0.25,m2,Fine debris; non-taxonomic observation.
GAZP_8,GAZP,8_3,2012,18,2,528,UN_ID_TC,unknown_sp,0.1,species,cover,0.25,m2,Total cover; non-taxonomic observation.
GAZP_8,GAZP,8_3,2012,18,2,529,UN_ID_BG,unknown_sp,97.5,species,cover,0.25,m2,Bare ground; non-taxonomic observation.
GAZP_8,GAZP,8_3,2012,18,2,529,UN_ID_FD,unknown_sp,0.1,species,cover,0.25,m2,Fine debris; non-taxonomic observation.
GAZP_8,GAZP,8_3,2012,18,2,529,UN_ID_TC,unknown_sp,0.1,species,cover,0.25,m2,Total cover; non-taxonomic observation.
GAZP_8,GAZP,8_3,2012,18,2,530,UN_ID_BG,unknown_sp,97.5,species,cover,0.25,m2,Bare ground; non-taxonomic observation.
GAZP_8,GAZP,8_3,2012,18,2,530,UN_ID_FD,unknown_sp,0.1,species,cover,0.25,m2,Fine debris; non-taxonomic observation.
GAZP_8,GAZP,8_3,2012,18,2,530,UN_ID_TC,unknown_sp,0.1,species,cover,0.25,m2,Total cover; non-taxonomic observation.
GAZP_8,GAZP,8_3,2012,18,2,531,UN_ID_BG,unknown_sp,97.5,species,cover,0.25,m2,Bare ground; non-taxonomic observation.
GAZP_8,GAZP,8_3,2012,18,2,531,UN_ID_FD,unknown_sp,0.1,species,cover,0.25,m2,Fine debris; non-taxonomic observation.
GAZP_8,GAZP,8_3,2012,18,2,531,UN_ID_TC,unknown_sp,0.1,species,cover,0.25,m2,Total cover; non-taxonomic observation.
GAZP_8,GAZP,8_3,2012,18,2,532,UN_ID_BG,unknown_sp,97.5,species,cover,0.25,m2,Bare ground; non-taxonomic observation.
GAZP_8,GAZP,8_3,2012,18,2,532,UN_ID_FD,unknown_sp,0.1,species,cover,0.25,m2,Fine debris; non-taxonomic observation.
GAZP_8,GAZP,8_3,2012,18,2,532,UN_ID_TC,unknown_sp,0.1,species,cover,0.25,m2,Total cover; non-taxonomic observation.
GAZP_8,GAZP,8_3,2012,18,2,533,UN_ID_BG,unknown_sp,97.5,species,cover,0.25,m2,Bare ground; non-taxonomic observation.
GAZP_8,GAZP,8_3,2012,18,2,533,UN_ID_FD,unknown_sp,0.1,species,cover,0.25,m2,Fine debris; non-taxonomic observation.
GAZP_8,GAZP,8_3,2012,18,2,533,UN_ID_TC,unknown_sp,0.1,species,cover,0.25,m2,Total cover; non-taxonomic observation.
GAZP_8,GAZP,8_3,2012,18,2,534,UN_ID_BG,unknown_sp,97.5,species,cover,0.25,m2,Bare ground; non-taxonomic observation.
GAZP_8,GAZP,8_3,2012,18,2,534,UN_ID_FD,unknown_sp,0.1,species,cover,0.25,m2,Fine debris; non-taxonomic observation.
GAZP_8,GAZP,8_3,2012,18,2,534,UN_ID_TC,unknown_sp,0.1,species,cover,0.25,m2,Total cover; non-taxonomic observation.
GAZP_8,GAZP,8_3,2012,18,2,535,UN_ID_BG,unknown_sp,97.5,species,cover,0.25,m2,Bare ground; non-taxonomic observation.
GAZP_8,GAZP,8_3,2012,18,2,535,UN_ID_FD,unknown_sp,0.1,species,cover,0.25,m2,Fine debris; non-taxonomic observation.
GAZP_8,GAZP,8_3,2012,18,2,535,UN_ID_TC,unknown_sp,0.1,species,cover,0.25,m2,Total cover; non-taxonomic observation.
GAZP_8,GAZP,8_3,2012,18,2,536,UN_ID_BG,unknown_sp,97.5,species,cover,0.25,m2,Bare ground; non-taxonomic observation.
GAZP_8,GAZP,8_3,2012,18,2,536,UN_ID_FD,unknown_sp,0.1,species,cover,0.25,m2,Fine debris; non-taxonomic observation.
GAZP_8,GAZP,8_3,2012,18,2,536,UN_ID_TC,unknown_sp,0.1,species,cover,0.25,m2,Total cover; non-taxonomic observation.
GAZP_8,GAZP,8_3,2012,18,2,537,UN_ID_BG,unknown_sp,97.5,species,cover,0.25,m2,Bare ground; non-taxonomic observation.
GAZP_8,GAZP,8_3,2012,18,2,537,UN_ID_FD,unknown_sp,0.1,species,cover,0.25,m2,Fine debris; non-taxonomic observation.
GAZP_8,GAZP,8_3,2012,18,2,537,UN_ID_TC,unknown_sp,0.1,species,cover,0.25,m2,Total cover; non-taxonomic observation.
GAZP_8,GAZP,8_3,2012,18,2,538,UN_ID_BG,unknown_sp,97.5,species,cover,0.25,m2,Bare ground; non-taxonomic observation.
GAZP_8,GAZP,8_3,2012,18,2,538,UN_ID_FD,unknown_sp,0.1,species,cover,0.25,m2,Fine debris; non-taxonomic observation.
GAZP_8,GAZP,8_3,2012,18,2,538,UN_ID_TC,unknown_sp,0.1,species,cover,0.25,m2,Total cover; non-taxonomic observation.
GAZP_8,GAZP,8_3,2012,18,2,539,UN_ID_BG,unknown_sp,97.5,species,cover,0.25,m2,Bare ground; non-taxonomic observation.
GAZP_8,GAZP,8_3,2012,18,2,539,UN_ID_FD,unknown_sp,0.1,species,cover,0.25,m2,Fine debris; non-taxonomic observation.
GAZP_8,GAZP,8_3,2012,18,2,539,UN_ID_TC,unknown_sp,0.1,species,cover,0.25,m2,Total cover; non-taxonomic observation.
GAZP_8,GAZP,8_3,2012,18,2,540,UN_ID_BG,unknown_sp,97.5,species,cover,0.25,m2,Bare ground; non-taxonomic observation.
GAZP_8,GAZP,8_3,2012,18,2,540,UN_ID_FD,unknown_sp,0.1,species,cover,0.25,m2,Fine debris; non-taxonomic observation.
GAZP_8,GAZP,8_3,2012,18,2,540,UN_ID_TC,unknown_sp,0.1,species,cover,0.25,m2,Total cover; non-taxonomic observation.
GAZP_8,GAZP,8_3,2012,18,2,541,UN_ID_BG,unknown_sp,97.5,species,cover,0.25,m2,Bare ground; non-taxonomic observation.
GAZP_8,GAZP,8_3,2012,18,2,541,UN_ID_FD,unknown_sp,0.1,species,cover,0.25,m2,Fine debris; non-taxonomic observation.
GAZP_8,GAZP,8_3,2012,18,2,541,UN_ID_TC,unknown_sp,0.1,species,cover,0.25,m2,Total cover; non-taxonomic observation.
GAZP_8,GAZP,8_3,2012,18,2,542,UN_ID_BG,unknown_sp,97.5,species,cover,0.25,m2,Bare ground; non-taxonomic observation.
GAZP_8,GAZP,8_3,2012,18,2,542,UN_ID_FD,unknown_sp,0.1,species,cover,0.25,m2,Fine debris; non-taxonomic observation.
GAZP_8,GAZP,8_3,2012,18,2,542,UN_ID_TC,unknown_sp,0.1,species,cover,0.25,m2,Total cover; non-taxonomic observation.
GAZP_8,GAZP,8_3,2012,18,2,543,UN_ID_BG,unknown_sp,97.5,species,cover,0.25,m2,Bare ground; non-taxonomic observation.
GAZP_8,GAZP,8_3,2012,18,2,543,UN_ID_FD,unknown_sp,0.1,species,cover,0.25,m2,Fine debris; non-taxonomic observation.
GAZP_8,GAZP,8_3,2012,18,2,543,UN_ID_TC,unknown_sp,0.1,species,cover,0.25,m2,Total cover; non-taxonomic observation.
GAZP_8,GAZP,8_3,2012,18,2,544,UN_ID_BG,unknown_sp,97.5,species,cover,0.25,m2,Bare ground; non-taxonomic observation.
GAZP_8,GAZP,8_3,2012,18,2,544,UN_ID_FD,unknown_sp,0.1,species,cover,0.25,m2,Fine debris; non-taxonomic observation.
GAZP_8,GAZP,8_3,2012,18,2,544,UN_ID_TC,unknown_sp,0.1,species,cover,0.25,m2,Total cover; non-taxonomic observation.
GAZP_8,GAZP,8_3,2012,18,2,545,UN_ID_BG,unknown_sp,97.5,species,cover,0.25,m2,Bare ground; non-taxonomic observation.
GAZP_8,GAZP,8_3,2012,18,2,545,UN_ID_FD,unknown_sp,0.1,species,cover,0.25,m2,Fine debris; non-taxonomic observation.
GAZP_8,GAZP,8_3,2012,18,2,545,UN_ID_TC,unknown_sp,0.1,species,cover,0.25,m2,Total cover; non-taxonomic observation.
GAZP_8,GAZP,8_3,2012,18,2,546,UN_ID_BG,unknown_sp,97.5,species,cover,0.25,m2,Bare ground; non-taxonomic observation.
GAZP_8,GAZP,8_3,2012,18,2,546,UN_ID_FD,unknown_sp,0.1,species,cover,0.25,m2,Fine debris; non-taxonomic observation.
GAZP_8,GAZP,8_3,2012,18,2,546,UN_ID_TC,unknown_sp,0.1,species,cover,0.25,m2,Total cover; non-taxonomic observation.
GAZP_8,GAZP,8_3,2012,18,2,547,UN_ID_BG,unknown_sp,97.5,species,cover,0.25,m2,Bare ground; non-taxonomic observation.
GAZP_8,GAZP,8_3,2012,18,2,547,UN_ID_FD,unknown_sp,0.1,species,cover,0.25,m2,Fine debris; non-taxonomic observation.
GAZP_8,GAZP,8_3,2012,18,2,547,UN_ID_TC,unknown_sp,0.1,species,cover,0.25,m2,Total cover; non-taxonomic observation.
GAZP_8,GAZP,8_3,2012,18,2,548,UN_ID_BG,unknown_sp,97.5,species,cover,0.25,m2,Bare ground; non-taxonomic observation.
GAZP_8,GAZP,8_3,2012,18,2,548,UN_ID_FD,unknown_sp,0.1,species,cover,0.25,m2,Fine debris; non-taxonomic observation.
GAZP_8,GAZP,8_3,2012,18,2,548,UN_ID_TC,unknown_sp,0.1,species,cover,0.25,m2,Total cover; non-taxonomic observation.
GAZP_8,GAZP,8_3,2012,18,3,549,UN_ID_BG,unknown_sp,97.5,species,cover,0.25,m2,Bare ground; non-taxonomic observation.
GAZP_8,GAZP,8_3,2012,18,3,549,UN_ID_FD,unknown_sp,0.1,species,cover,0.25,m2,Fine debris; non-taxonomic observation.
GAZP_8,GAZP,8_3,2012,18,3,550,UN_ID_BG,unknown_sp,97.5,species,cover,0.25,m2,Bare ground; non-taxonomic observation.
GAZP_8,GAZP,8_3,2012,18,3,550,UN_ID_FD,unknown_sp,0.1,species,cover,0.25,m2,Fine debris; non-taxonomic observation.
GAZP_8,GAZP,8_3,2012,18,3,551,UN_ID_BG,unknown_sp,97.5,species,cover,0.25,m2,Bare ground; non-taxonomic observation.
GAZP_8,GAZP,8_3,2012,18,3,551,UN_ID_FD,unknown_sp,0.1,species,cover,0.25,m2,Fine debris; non-taxonomic observation.
GAZP_8,GAZP,8_3,2012,18,3,552,UN_ID_BG,unknown_sp,97.5,species,cover,0.25,m2,Bare ground; non-taxonomic observation.
GAZP_8,GAZP,8_3,2012,18,3,552,UN_ID_FD,unknown_sp,0.1,species,cover,0.25,m2,Fine debris; non-taxonomic observation.
GAZP_8,GAZP,8_3,2012,18,3,553,UN_ID_BG,unknown_sp,97.5,species,cover,0.25,m2,Bare ground; non-taxonomic observation.
GAZP_8,GAZP,8_3,2012,18,3,553,UN_ID_FD,unknown_sp,0.1,species,cover,0.25,m2,Fine debris; non-taxonomic observation.
GAZP_8,GAZP,8_3,2012,18,3,554,UN_ID_BG,unknown_sp,97.5,species,cover,0.25,m2,Bare ground; non-taxonomic observation.
GAZP_8,GAZP,8_3,2012,18,3,554,UN_ID_FD,unknown_sp,0.1,species,cover,0.25,m2,Fine debris; non-taxonomic observation.
GAZP_8,GAZP,8_3,2012,18,3,555,UN_ID_BG,unknown_sp,97.5,species,cover,0.25,m2,Bare ground; non-taxonomic observation.
GAZP_8,GAZP,8_3,2012,18,3,555,UN_ID_FD,unknown_sp,0.1,species,cover,0.25,m2,Fine debris; non-taxonomic observation.
GAZP_8,GAZP,8_3,2012,18,3,556,UN_ID_BG,unknown_sp,97.5,species,cover,0.25,m2,Bare ground; non-taxonomic observation.
GAZP_8,GAZP,8_3,2012,18,3,556,UN_ID_CD,unknown_sp,0.1,species,cover,0.25,m2,Meaning could not be determined from the source data.
GAZP_8,GAZP,8_3,2012,18,3,556,UN_ID_FD,unknown_sp,0.1,species,cover,0.25,m2,Fine debris; non-taxonomic observation.
GAZP_8,GAZP,8_3,2012,18,3,557,UN_ID_BG,unknown_sp,97.5,species,cover,0.25,m2,Bare ground; non-taxonomic observation.
GAZP_8,GAZP,8_3,2012,18,3,557,UN_ID_CD,unknown_sp,0.1,species,cover,0.25,m2,Meaning could not be determined from the source data.
GAZP_8,GAZP,8_3,2012,18,3,557,UN_ID_FD,unknown_sp,0.1,species,cover,0.25,m2,Fine debris; non-taxonomic observation.
GAZP_8,GAZP,8_3,2012,18,3,558,UN_ID_BG,unknown_sp,97.5,species,cover,0.25,m2,Bare ground; non-taxonomic observation.
GAZP_8,GAZP,8_3,2012,18,3,558,UN_ID_CD,unknown_sp,0.1,species,cover,0.25,m2,Meaning could not be determined from the source data.
GAZP_8,GAZP,8_3,2012,18,3,558,UN_ID_FD,unknown_sp,0.1,species,cover,0.25,m2,Fine debris; non-taxonomic observation.
GAZP_8,GAZP,8_3,2012,18,3,559,UN_ID_BG,unknown_sp,97.5,species,cover,0.25,m2,Bare ground; non-taxonomic observation.
GAZP_8,GAZP,8_3,2012,18,3,559,UN_ID_FD,unknown_sp,0.1,species,cover,0.25,m2,Fine debris; non-taxonomic observation.
GAZP_8,GAZP,8_3,2012,18,3,560,UN_ID_BG,unknown_sp,97.5,species,cover,0.25,m2,Bare ground; non-taxonomic observation.
GAZP_8,GAZP,8_3,2012,18,3,560,UN_ID_FD,unknown_sp,0.1,species,cover,0.25,m2,Fine debris; non-taxonomic observation.
GAZP_8,GAZP,8_3,2012,18,3,561,UN_ID_BG,unknown_sp,97.5,species,cover,0.25,m2,Bare ground; non-taxonomic observation.
GAZP_8,GAZP,8_3,2012,18,3,561,UN_ID_FD,unknown_sp,0.1,species,cover,0.25,m2,Fine debris; non-taxonomic observation.
GAZP_8,GAZP,8_3,2012,18,3,562,UN_ID_BG,unknown_sp,97.5,species,cover,0.25,m2,Bare ground; non-taxonomic observation.
GAZP_8,GAZP,8_3,2012,18,3,562,UN_ID_FD,unknown_sp,0.1,species,cover,0.25,m2,Fine debris; non-taxonomic observation.
GAZP_8,GAZP,8_3,2012,18,3,563,UN_ID_BG,unknown_sp,97.5,species,cover,0.25,m2,Bare ground; non-taxonomic observation.
GAZP_8,GAZP,8_3,2012,18,3,563,UN_ID_FD,unknown_sp,0.1,species,cover,0.25,m2,Fine debris; non-taxonomic observation.
GAZP_8,GAZP,8_3,2012,18,3,564,UN_ID_BG,unknown_sp,97.5,species,cover,0.25,m2,Bare ground; non-taxonomic observation.
GAZP_8,GAZP,8_3,2012,18,3,564,UN_ID_FD,unknown_sp,0.1,species,cover,0.25,m2,Fine debris; non-taxonomic observation.
GAZP_8,GAZP,8_3,2012,18,3,565,UN_ID_BG,unknown_sp,97.5,species,cover,0.25,m2,Bare ground; non-taxonomic observation.
GAZP_8,GAZP,8_3,2012,18,3,565,UN_ID_FD,unknown_sp,0.1,species,cover,0.25,m2,Fine debris; non-taxonomic observation.
GAZP_8,GAZP,8_3,2012,18,3,566,UN_ID_BG,unknown_sp,97.5,species,cover,0.25,m2,Bare ground; non-taxonomic observation.
GAZP_8,GAZP,8_3,2012,18,3,566,UN_ID_FD,unknown_sp,0.1,species,cover,0.25,m2,Fine debris; non-taxonomic observation.
GAZP_8,GAZP,8_3,2012,18,3,567,UN_ID_BG,unknown_sp,97.5,species,cover,0.25,m2,Bare ground; non-taxonomic observation.
GAZP_8,GAZP,8_3,2012,18,3,567,UN_ID_FD,unknown_sp,0.1,species,cover,0.25,m2,Fine debris; non-taxonomic observation.
GAZP_8,GAZP,8_3,2012,18,3,568,UN_ID_BG,unknown_sp,97.5,species,cover,0.25,m2,Bare ground; non-taxonomic observation.
GAZP_8,GAZP,8_3,2012,18,3,568,UN_ID_CD,unknown_sp,0.1,species,cover,0.25,m2,Meaning could not be determined from the source data.
GAZP_8,GAZP,8_3,2012,18,3,568,UN_ID_FD,unknown_sp,0.1,species,cover,0.25,m2,Fine debris; non-taxonomic observation.
GAZP_8,GAZP,8_3,2012,18,3,569,UN_ID_BG,unknown_sp,97.5,species,cover,0.25,m2,Bare ground; non-taxonomic observation.
GAZP_8,GAZP,8_3,2012,18,3,569,UN_ID_FD,unknown_sp,0.1,species,cover,0.25,m2,Fine debris; non-taxonomic observation.
GAZP_8,GAZP,8_3,2012,18,3,570,UN_ID_BG,unknown_sp,97.5,species,cover,0.25,m2,Bare ground; non-taxonomic observation.
GAZP_8,GAZP,8_3,2012,18,3,570,UN_ID_CD,unknown_sp,0.1,species,cover,0.25,m2,Meaning could not be determined from the source data.
GAZP_8,GAZP,8_3,2012,18,3,570,UN_ID_FD,unknown_sp,0.1,species,cover,0.25,m2,Fine debris; non-taxonomic observation.
GAZP_8,GAZP,8_3,2012,18,3,571,UN_ID_BG,unknown_sp,97.5,species,cover,0.25,m2,Bare ground; non-taxonomic observation.
GAZP_8,GAZP,8_3,2012,18,3,571,UN_ID_FD,unknown_sp,0.1,species,cover,0.25,m2,Fine debris; non-taxonomic observation.
GAZP_8,GAZP,8_3,2012,18,3,572,UN_ID_BG,unknown_sp,97.5,species,cover,0.25,m2,Bare ground; non-taxonomic observation.
GAZP_8,GAZP,8_3,2012,18,3,572,UN_ID_FD,unknown_sp,0.1,species,cover,0.25,m2,Fine debris; non-taxonomic observation.
GAZP_8,GAZP,8_3,2012,18,3,573,UN_ID_BG,unknown_sp,97.5,species,cover,0.25,m2,Bare ground; non-taxonomic observation.
GAZP_8,GAZP,8_3,2012,18,3,573,UN_ID_FD,unknown_sp,0.1,species,cover,0.25,m2,Fine debris; non-taxonomic observation.
GAZP_8,GAZP,8_3,2012,18,3,574,UN_ID_BG,unknown_sp,97.5,species,cover,0.25,m2,Bare ground; non-taxonomic observation.
GAZP_8,GAZP,8_3,2012,18,3,574,UN_ID_CD,unknown_sp,0.1,species,cover,0.25,m2,Meaning could not be determined from the source data.
GAZP_8,GAZP,8_3,2012,18,3,574,UN_ID_FD,unknown_sp,0.1,species,cover,0.25,m2,Fine debris; non-taxonomic observation.
GAZP_8,GAZP,8_3,2012,18,3,575,UN_ID_BG,unknown_sp,97.5,species,cover,0.25,m2,Bare ground; non-taxonomic observation.
GAZP_8,GAZP,8_3,2012,18,3,575,UN_ID_CD,unknown_sp,0.1,species,cover,0.25,m2,Meaning could not be determined from the source data.
GAZP_8,GAZP,8_3,2012,18,3,575,UN_ID_FD,unknown_sp,0.1,species,cover,0.25,m2,Fine debris; non-taxonomic observation.
GAZP_8,GAZP,8_3,2012,18,3,576,UN_ID_BG,unknown_sp,97.5,species,cover,0.25,m2,Bare ground; non-taxonomic observation.
GAZP_8,GAZP,8_3,2012,18,3,576,UN_ID_FD,unknown_sp,0.1,species,cover,0.25,m2,Fine debris; non-taxonomic observation.
GAZP_8,GAZP,8_3,2012,18,3,577,UN_ID_BG,unknown_sp,97.5,species,cover,0.25,m2,Bare ground; non-taxonomic observation.
GAZP_8,GAZP,8_3,2012,18,3,577,UN_ID_FD,unknown_sp,0.1,species,cover,0.25,m2,Fine debris; non-taxonomic observation.
GAZP_8,GAZP,8_3,2012,18,3,578,UN_ID_BG,unknown_sp,97.5,species,cover,0.25,m2,Bare ground; non-taxonomic observation.
GAZP_8,GAZP,8_3,2012,18,3,578,UN_ID_CD,unknown_sp,0.1,species,cover,0.25,m2,Meaning could not be determined from the source data.
GAZP_8,GAZP,8_3,2012,18,3,578,UN_ID_FD,unknown_sp,0.1,species,cover,0.25,m2,Fine debris; non-taxonomic observation.
GAZP_8,GAZP,8_3,2012,18,3,579,UN_ID_BG,unknown_sp,97.5,species,cover,0.25,m2,Bare ground; non-taxonomic observation.
GAZP_8,GAZP,8_3,2012,18,3,579,UN_ID_FD,unknown_sp,0.1,species,cover,0.25,m2,Fine debris; non-taxonomic observation.
GAZP_8,GAZP,8_3,2012,18,3,580,UN_ID_BG,unknown_sp,97.5,species,cover,0.25,m2,Bare ground; non-taxonomic observation.
GAZP_8,GAZP,8_3,2012,18,3,580,UN_ID_CD,unknown_sp,0.1,species,cover,0.25,m2,Meaning could not be determined from the source data.
GAZP_8,GAZP,8_3,2012,18,3,580,UN_ID_FD,unknown_sp,0.1,species,cover,0.25,m2,Fine debris; non-taxonomic observation.
GAZP_8,GAZP,8_3,2012,18,3,581,UN_ID_BG,unknown_sp,97.5,species,cover,0.25,m2,Bare ground; non-taxonomic observation.
GAZP_8,GAZP,8_3,2012,18,3,581,UN_ID_FD,unknown_sp,0.1,species,cover,0.25,m2,Fine debris; non-taxonomic observation.
GAZP_8,GAZP,8_3,2012,18,3,582,UN_ID_BG,unknown_sp,97.5,species,cover,0.25,m2,Bare ground; non-taxonomic observation.
GAZP_8,GAZP,8_3,2012,18,3,582,UN_ID_FD,unknown_sp,0.1,species,cover,0.25,m2,Fine debris; non-taxonomic observation.
GAZP_8,GAZP,8_3,2012,18,3,583,UN_ID_BG,unknown_sp,97.5,species,cover,0.25,m2,Bare ground; non-taxonomic observation.
GAZP_8,GAZP,8_3,2012,18,3,583,UN_ID_FD,unknown_sp,0.1,species,cover,0.25,m2,Fine debris; non-taxonomic observation.
GAZP_8,GAZP,8_3,2012,18,3,584,UN_ID_BG,unknown_sp,97.5,species,cover,0.25,m2,Bare ground; non-taxonomic observation.
GAZP_8,GAZP,8_3,2012,18,3,584,UN_ID_CD,unknown_sp,0.1,species,cover,0.25,m2,Meaning could not be determined from the source data.
GAZP_8,GAZP,8_3,2012,18,3,584,UN_ID_FD,unknown_sp,0.1,species,cover,0.25,m2,Fine debris; non-taxonomic observation.
GAZP_8,GAZP,8_3,2012,18,3,585,UN_ID_BG,unknown_sp,97.5,species,cover,0.25,m2,Bare ground; non-taxonomic observation.
GAZP_8,GAZP,8_3,2012,18,3,585,UN_ID_CD,unknown_sp,0.5,species,cover,0.25,m2,Meaning could not be determined from the source data.
GAZP_8,GAZP,8_3,2012,18,3,585,UN_ID_FD,unknown_sp,0.1,species,cover,0.25,m2,Fine debris; non-taxonomic observation.
GAZP_8,GAZP,8_3,2012,18,3,586,UN_ID_BG,unknown_sp,97.5,species,cover,0.25,m2,Bare ground; non-taxonomic observation.
GAZP_8,GAZP,8_3,2012,18,3,586,UN_ID_CD,unknown_sp,0.1,species,cover,0.25,m2,Meaning could not be determined from the source data.
GAZP_8,GAZP,8_3,2012,18,3,586,UN_ID_FD,unknown_sp,0.1,species,cover,0.25,m2,Fine debris; non-taxonomic observation.
GAZP_8,GAZP,8_3,2012,18,3,587,UN_ID_BG,unknown_sp,97.5,species,cover,0.25,m2,Bare ground; non-taxonomic observation.
GAZP_8,GAZP,8_3,2012,18,3,587,UN_ID_CD,unknown_sp,0.1,species,cover,0.25,m2,Meaning could not be determined from the source data.
GAZP_8,GAZP,8_3,2012,18,3,587,UN_ID_FD,unknown_sp,0.1,species,cover,0.25,m2,Fine debris; non-taxonomic observation.
GAZP_8,GAZP,8_3,2012,18,3,588,UN_ID_BG,unknown_sp,97.5,species,cover,0.25,m2,Bare ground; non-taxonomic observation.
GAZP_8,GAZP,8_3,2012,18,3,588,UN_ID_CD,unknown_sp,0.1,species,cover,0.25,m2,Meaning could not be determined from the source data.
GAZP_8,GAZP,8_3,2012,18,3,588,UN_ID_FD,unknown_sp,0.1,species,cover,0.25,m2,Fine debris; non-taxonomic observation.
GAZP_8,GAZP,8_3,2012,18,3,589,UN_ID_BG,unknown_sp,97.5,species,cover,0.25,m2,Bare ground; non-taxonomic observation.
GAZP_8,GAZP,8_3,2012,18,3,589,UN_ID_FD,unknown_sp,0.1,species,cover,0.25,m2,Fine debris; non-taxonomic observation.
GAZP_8,GAZP,8_3,2012,18,3,590,UN_ID_BG,unknown_sp,97.5,species,cover,0.25,m2,Bare ground; non-taxonomic observation.
GAZP_8,GAZP,8_3,2012,18,3,590,UN_ID_CD,unknown_sp,0.1,species,cover,0.25,m2,Meaning could not be determined from the source data.
GAZP_8,GAZP,8_3,2012,18,3,590,UN_ID_FD,unknown_sp,0.1,species,cover,0.25,m2,Fine debris; non-taxonomic observation.
GAZP_8,GAZP,8_3,2012,18,3,591,UN_ID_BG,unknown_sp,97.5,species,cover,0.25,m2,Bare ground; non-taxonomic observation.
GAZP_8,GAZP,8_3,2012,18,3,591,UN_ID_CD,unknown_sp,0.1,species,cover,0.25,m2,Meaning could not be determined from the source data.
GAZP_8,GAZP,8_3,2012,18,3,591,UN_ID_FD,unknown_sp,0.1,species,cover,0.25,m2,Fine debris; non-taxonomic observation.
GAZP_8,GAZP,8_3,2012,18,3,592,UN_ID_BG,unknown_sp,97.5,species,cover,0.25,m2,Bare ground; non-taxonomic observation.
GAZP_8,GAZP,8_3,2012,18,3,592,UN_ID_CD,unknown_sp,0.1,species,cover,0.25,m2,Meaning could not be determined from the source data.
GAZP_8,GAZP,8_3,2012,18,3,592,UN_ID_FD,unknown_sp,0.1,species,cover,0.25,m2,Fine debris; non-taxonomic observation.
GAZP_8,GAZP,8_3,2012,18,3,593,UN_ID_BG,unknown_sp,97.5,species,cover,0.25,m2,Bare ground; non-taxonomic observation.
GAZP_8,GAZP,8_3,2012,18,3,593,UN_ID_CD,unknown_sp,0.1,species,cover,0.25,m2,Meaning could not be determined from the source data.
GAZP_8,GAZP,8_3,2012,18,3,593,UN_ID_FD,unknown_sp,0.1,species,cover,0.25,m2,Fine debris; non-taxonomic observation.
GAZP_8,GAZP,8_3,2012,18,3,594,UN_ID_BG,unknown_sp,97.5,species,cover,0.25,m2,Bare ground; non-taxonomic observation.
GAZP_8,GAZP,8_3,2012,18,3,594,UN_ID_CD,unknown_sp,0.1,species,cover,0.25,m2,Meaning could not be determined from the source data.
GAZP_8,GAZP,8_3,2012,18,3,594,UN_ID_FD,unknown_sp,0.1,species,cover,0.25,m2,Fine debris; non-taxonomic observation.
GAZP_8,GAZP,8_3,2012,18,3,595,UN_ID_BG,unknown_sp,97.5,species,cover,0.25,m2,Bare ground; non-taxonomic observation.
GAZP_8,GAZP,8_3,2012,18,3,595,UN_ID_CD,unknown_sp,0.1,species,cover,0.25,m2,Meaning could not be determined from the source data.
GAZP_8,GAZP,8_3,2012,18,3,595,UN_ID_FD,unknown_sp,0.1,species,cover,0.25,m2,Fine debris; non-taxonomic observation.
GAZP_8,GAZP,8_3,2012,18,3,596,UN_ID_BG,unknown_sp,97.5,species,cover,0.25,m2,Bare ground; non-taxonomic observation.
GAZP_8,GAZP,8_3,2012,18,3,596,UN_ID_CD,unknown_sp,0.1,species,cover,0.25,m2,Meaning could not be determined from the source data.
GAZP_8,GAZP,8_3,2012,18,3,596,UN_ID_FD,unknown_sp,0.1,species,cover,0.25,m2,Fine debris; non-taxonomic observation.
GAZP_8,GAZP,8_3,2013,77,1,453,UN_ID_BG,unknown_sp,37.5,species,cover,0.25,m2,Bare ground; non-taxonomic observation.
GAZP_8,GAZP,8_3,2013,77,1,453,UN_ID_FD,unknown_sp,3,species,cover,0.25,m2,Fine debris; non-taxonomic observation.
GAZP_8,GAZP,8_3,2013,77,1,454,UN_ID_BG,unknown_sp,3,species,cover,0.25,m2,Bare ground; non-taxonomic observation.
GAZP_8,GAZP,8_3,2013,77,1,454,UN_ID_FD,unknown_sp,0.1,species,cover,0.25,m2,Fine debris; non-taxonomic observation.
GAZP_8,GAZP,8_3,2013,77,1,455,UN_ID_BG,unknown_sp,37.5,species,cover,0.25,m2,Bare ground; non-taxonomic observation.
GAZP_8,GAZP,8_3,2013,77,1,455,UN_ID_FD,unknown_sp,0.5,species,cover,0.25,m2,Fine debris; non-taxonomic observation.
GAZP_8,GAZP,8_3,2013,77,1,456,UN_ID_BG,unknown_sp,15,species,cover,0.25,m2,Bare ground; non-taxonomic observation.
GAZP_8,GAZP,8_3,2013,77,1,456,UN_ID_FD,unknown_sp,0.5,species,cover,0.25,m2,Fine debris; non-taxonomic observation.
GAZP_8,GAZP,8_3,2013,77,1,457,UN_ID_BG,unknown_sp,85,species,cover,0.25,m2,Bare ground; non-taxonomic observation.
GAZP_8,GAZP,8_3,2013,77,1,457,UN_ID_CD,unknown_sp,3,species,cover,0.25,m2,Meaning could not be determined from the source data.
GAZP_8,GAZP,8_3,2013,77,1,457,UN_ID_FD,unknown_sp,0.1,species,cover,0.25,m2,Fine debris; non-taxonomic observation.
GAZP_8,GAZP,8_3,2013,77,1,458,UN_ID_BG,unknown_sp,15,species,cover,0.25,m2,Bare ground; non-taxonomic observation.
GAZP_8,GAZP,8_3,2013,77,1,458,UN_ID_FD,unknown_sp,0.5,species,cover,0.25,m2,Fine debris; non-taxonomic observation.
GAZP_8,GAZP,8_3,2013,77,1,459,UN_ID_BG,unknown_sp,3,species,cover,0.25,m2,Bare ground; non-taxonomic observation.
GAZP_8,GAZP,8_3,2013,77,1,459,UN_ID_FD,unknown_sp,0.5,species,cover,0.25,m2,Fine debris; non-taxonomic observation.
GAZP_8,GAZP,8_3,2013,77,1,460,UN_ID_BG,unknown_sp,37.5,species,cover,0.25,m2,Bare ground; non-taxonomic observation.
GAZP_8,GAZP,8_3,2013,77,1,460,UN_ID_FD,unknown_sp,0.5,species,cover,0.25,m2,Fine debris; non-taxonomic observation.
GAZP_8,GAZP,8_3,2013,77,1,461,UN_ID_BG,unknown_sp,85,species,cover,0.25,m2,Bare ground; non-taxonomic observation.
GAZP_8,GAZP,8_3,2013,77,1,461,UN_ID_FD,unknown_sp,0.1,species,cover,0.25,m2,Fine debris; non-taxonomic observation.
GAZP_8,GAZP,8_3,2013,77,1,462,UN_ID_BG,unknown_sp,85,species,cover,0.25,m2,Bare ground; non-taxonomic observation.
GAZP_8,GAZP,8_3,2013,77,1,462,UN_ID_FD,unknown_sp,3,species,cover,0.25,m2,Fine debris; non-taxonomic observation.
GAZP_8,GAZP,8_3,2013,77,1,463,UN_ID_BG,unknown_sp,15,species,cover,0.25,m2,Bare ground; non-taxonomic observation.
GAZP_8,GAZP,8_3,2013,77,1,463,UN_ID_FD,unknown_sp,0.5,species,cover,0.25,m2,Fine debris; non-taxonomic observation.
GAZP_8,GAZP,8_3,2013,77,1,464,UN_ID_BG,unknown_sp,37.5,species,cover,0.25,m2,Bare ground; non-taxonomic observation.
GAZP_8,GAZP,8_3,2013,77,1,464,UN_ID_FD,unknown_sp,3,species,cover,0.25,m2,Fine debris; non-taxonomic observation.
GAZP_8,GAZP,8_3,2013,77,1,465,UN_ID_BG,unknown_sp,85,species,cover,0.25,m2,Bare ground; non-taxonomic observation.
GAZP_8,GAZP,8_3,2013,77,1,465,UN_ID_CD,unknown_sp,3,species,cover,0.25,m2,Meaning could not be determined from the source data.
GAZP_8,GAZP,8_3,2013,77,1,465,UN_ID_FD,unknown_sp,0.5,species,cover,0.25,m2,Fine debris; non-taxonomic observation.
GAZP_8,GAZP,8_3,2013,77,1,466,UN_ID_BG,unknown_sp,62.5,species,cover,0.25,m2,Bare ground; non-taxonomic observation.
GAZP_8,GAZP,8_3,2013,77,1,466,UN_ID_FD,unknown_sp,3,species,cover,0.25,m2,Fine debris; non-taxonomic observation.
GAZP_8,GAZP,8_3,2013,77,1,467,UN_ID_BG,unknown_sp,62.5,species,cover,0.25,m2,Bare ground; non-taxonomic observation.
GAZP_8,GAZP,8_3,2013,77,1,467,UN_ID_FD,unknown_sp,3,species,cover,0.25,m2,Fine debris; non-taxonomic observation.
GAZP_8,GAZP,8_3,2013,77,1,468,UN_ID_BG,unknown_sp,62.5,species,cover,0.25,m2,Bare ground; non-taxonomic observation.
GAZP_8,GAZP,8_3,2013,77,1,468,UN_ID_FD,unknown_sp,3,species,cover,0.25,m2,Fine debris; non-taxonomic observation.
GAZP_8,GAZP,8_3,2013,77,1,469,UN_ID_BG,unknown_sp,15,species,cover,0.25,m2,Bare ground; non-taxonomic observation.
GAZP_8,GAZP,8_3,2013,77,1,469,UN_ID_FD,unknown_sp,0.5,species,cover,0.25,m2,Fine debris; non-taxonomic observation.
GAZP_8,GAZP,8_3,2013,77,1,470,UN_ID_BG,unknown_sp,3,species,cover,0.25,m2,Bare ground; non-taxonomic observation.
GAZP_8,GAZP,8_3,2013,77,1,470,UN_ID_FD,unknown_sp,0.1,species,cover,0.25,m2,Fine debris; non-taxonomic observation.
GAZP_8,GAZP,8_3,2013,77,1,471,UN_ID_BG,unknown_sp,3,species,cover,0.25,m2,Bare ground; non-taxonomic observation.
GAZP_8,GAZP,8_3,2013,77,1,471,UN_ID_FD,unknown_sp,0.1,species,cover,0.25,m2,Fine debris; non-taxonomic observation.
GAZP_8,GAZP,8_3,2013,77,1,472,UN_ID_BG,unknown_sp,0.5,species,cover,0.25,m2,Bare ground; non-taxonomic observation.
GAZP_8,GAZP,8_3,2013,77,1,472,UN_ID_FD,unknown_sp,0.1,species,cover,0.25,m2,Fine debris; non-taxonomic observation.
GAZP_8,GAZP,8_3,2013,77,1,473,UN_ID_BG,unknown_sp,15,species,cover,0.25,m2,Bare ground; non-taxonomic observation.
GAZP_8,GAZP,8_3,2013,77,1,473,UN_ID_FD,unknown_sp,0.5,species,cover,0.25,m2,Fine debris; non-taxonomic observation.
GAZP_8,GAZP,8_3,2013,77,1,474,UN_ID_BG,unknown_sp,3,species,cover,0.25,m2,Bare ground; non-taxonomic observation.
GAZP_8,GAZP,8_3,2013,77,1,474,UN_ID_FD,unknown_sp,0.5,species,cover,0.25,m2,Fine debris; non-taxonomic observation.
GAZP_8,GAZP,8_3,2013,77,1,475,UN_ID_BG,unknown_sp,3,species,cover,0.25,m2,Bare ground; non-taxonomic observation.
GAZP_8,GAZP,8_3,2013,77,1,475,UN_ID_FD,unknown_sp,0.5,species,cover,0.25,m2,Fine debris; non-taxonomic observation.
GAZP_8,GAZP,8_3,2013,77,1,476,UN_ID_BG,unknown_sp,3,species,cover,0.25,m2,Bare ground; non-taxonomic observation.
GAZP_8,GAZP,8_3,2013,77,1,476,UN_ID_FD,unknown_sp,0.5,species,cover,0.25,m2,Fine debris; non-taxonomic observation.
GAZP_8,GAZP,8_3,2013,77,1,477,UN_ID_BG,unknown_sp,37.5,species,cover,0.25,m2,Bare ground; non-taxonomic observation.
GAZP_8,GAZP,8_3,2013,77,1,477,UN_ID_FD,unknown_sp,0.5,species,cover,0.25,m2,Fine debris; non-taxonomic observation.
GAZP_8,GAZP,8_3,2013,77,1,478,UN_ID_BG,unknown_sp,15,species,cover,0.25,m2,Bare ground; non-taxonomic observation.
GAZP_8,GAZP,8_3,2013,77,1,478,UN_ID_FD,unknown_sp,0.5,species,cover,0.25,m2,Fine debris; non-taxonomic observation.
GAZP_8,GAZP,8_3,2013,77,1,479,UN_ID_BG,unknown_sp,15,species,cover,0.25,m2,Bare ground; non-taxonomic observation.
GAZP_8,GAZP,8_3,2013,77,1,479,UN_ID_FD,unknown_sp,0.5,species,cover,0.25,m2,Fine debris; non-taxonomic observation.
GAZP_8,GAZP,8_3,2013,77,1,480,UN_ID_BG,unknown_sp,3,species,cover,0.25,m2,Bare ground; non-taxonomic observation.
GAZP_8,GAZP,8_3,2013,77,1,480,UN_ID_FD,unknown_sp,3,species,cover,0.25,m2,Fine debris; non-taxonomic observation.
GAZP_8,GAZP,8_3,2013,77,1,481,UN_ID_BG,unknown_sp,85,species,cover,0.25,m2,Bare ground; non-taxonomic observation.
GAZP_8,GAZP,8_3,2013,77,1,481,UN_ID_FD,unknown_sp,0.5,species,cover,0.25,m2,Fine debris; non-taxonomic observation.
GAZP_8,GAZP,8_3,2013,77,1,482,UN_ID_BG,unknown_sp,3,species,cover,0.25,m2,Bare ground; non-taxonomic observation.
GAZP_8,GAZP,8_3,2013,77,1,482,UN_ID_FD,unknown_sp,0.5,species,cover,0.25,m2,Fine debris; non-taxonomic observation.
GAZP_8,GAZP,8_3,2013,77,1,483,UN_ID_BG,unknown_sp,3,species,cover,0.25,m2,Bare ground; non-taxonomic observation.
GAZP_8,GAZP,8_3,2013,77,1,483,UN_ID_FD,unknown_sp,0.5,species,cover,0.25,m2,Fine debris; non-taxonomic observation.
GAZP_8,GAZP,8_3,2013,77,1,484,UN_ID_BG,unknown_sp,3,species,cover,0.25,m2,Bare ground; non-taxonomic observation.
GAZP_8,GAZP,8_3,2013,77,1,484,UN_ID_FD,unknown_sp,0.5,species,cover,0.25,m2,Fine debris; non-taxonomic observation.
GAZP_8,GAZP,8_3,2013,77,1,485,UN_ID_BG,unknown_sp,62.5,species,cover,0.25,m2,Bare ground; non-taxonomic observation.
GAZP_8,GAZP,8_3,2013,77,1,485,UN_ID_FD,unknown_sp,0.5,species,cover,0.25,m2,Fine debris; non-taxonomic observation.
GAZP_8,GAZP,8_3,2013,77,1,486,UN_ID_BG,unknown_sp,62.5,species,cover,0.25,m2,Bare ground; non-taxonomic observation.
GAZP_8,GAZP,8_3,2013,77,1,486,UN_ID_FD,unknown_sp,0.5,species,cover,0.25,m2,Fine debris; non-taxonomic observation.
GAZP_8,GAZP,8_3,2013,77,1,487,UN_ID_BG,unknown_sp,85,species,cover,0.25,m2,Bare ground; non-taxonomic observation.
GAZP_8,GAZP,8_3,2013,77,1,487,UN_ID_FD,unknown_sp,0.5,species,cover,0.25,m2,Fine debris; non-taxonomic observation.
GAZP_8,GAZP,8_3,2013,77,1,488,UN_ID_BG,unknown_sp,62.5,species,cover,0.25,m2,Bare ground; non-taxonomic observation.
GAZP_8,GAZP,8_3,2013,77,1,488,UN_ID_FD,unknown_sp,0.5,species,cover,0.25,m2,Fine debris; non-taxonomic observation.
GAZP_8,GAZP,8_3,2013,77,1,489,UN_ID_BG,unknown_sp,62.5,species,cover,0.25,m2,Bare ground; non-taxonomic observation.
GAZP_8,GAZP,8_3,2013,77,1,489,UN_ID_FD,unknown_sp,0.5,species,cover,0.25,m2,Fine debris; non-taxonomic observation.
GAZP_8,GAZP,8_3,2013,77,1,490,UN_ID_BG,unknown_sp,62.5,species,cover,0.25,m2,Bare ground; non-taxonomic observation.
GAZP_8,GAZP,8_3,2013,77,1,490,UN_ID_FD,unknown_sp,0.5,species,cover,0.25,m2,Fine debris; non-taxonomic observation.
GAZP_8,GAZP,8_3,2013,77,1,491,UN_ID_BG,unknown_sp,85,species,cover,0.25,m2,Bare ground; non-taxonomic observation.
GAZP_8,GAZP,8_3,2013,77,1,491,UN_ID_FD,unknown_sp,0.5,species,cover,0.25,m2,Fine debris; non-taxonomic observation.
GAZP_8,GAZP,8_3,2013,77,1,492,UN_ID_BG,unknown_sp,85,species,cover,0.25,m2,Bare ground; non-taxonomic observation.
GAZP_8,GAZP,8_3,2013,77,1,492,UN_ID_FD,unknown_sp,0.5,species,cover,0.25,m2,Fine debris; non-taxonomic observation.
GAZP_8,GAZP,8_3,2013,77,1,493,UN_ID_BG,unknown_sp,37.5,species,cover,0.25,m2,Bare ground; non-taxonomic observation.
GAZP_8,GAZP,8_3,2013,77,1,493,UN_ID_FD,unknown_sp,0.5,species,cover,0.25,m2,Fine debris; non-taxonomic observation.
GAZP_8,GAZP,8_3,2013,77,1,494,UN_ID_BG,unknown_sp,62.5,species,cover,0.25,m2,Bare ground; non-taxonomic observation.
GAZP_8,GAZP,8_3,2013,77,1,494,UN_ID_FD,unknown_sp,3,species,cover,0.25,m2,Fine debris; non-taxonomic observation.
GAZP_8,GAZP,8_3,2013,77,1,495,UN_ID_BG,unknown_sp,62.5,species,cover,0.25,m2,Bare ground; non-taxonomic observation.
GAZP_8,GAZP,8_3,2013,77,1,495,UN_ID_FD,unknown_sp,0.5,species,cover,0.25,m2,Fine debris; non-taxonomic observation.
GAZP_8,GAZP,8_3,2013,77,1,496,UN_ID_BG,unknown_sp,37.5,species,cover,0.25,m2,Bare ground; non-taxonomic observation.
GAZP_8,GAZP,8_3,2013,77,1,496,UN_ID_FD,unknown_sp,0.5,species,cover,0.25,m2,Fine debris; non-taxonomic observation.
GAZP_8,GAZP,8_3,2013,77,1,497,UN_ID_BG,unknown_sp,62.5,species,cover,0.25,m2,Bare ground; non-taxonomic observation.
GAZP_8,GAZP,8_3,2013,77,1,497,UN_ID_FD,unknown_sp,0.5,species,cover,0.25,m2,Fine debris; non-taxonomic observation.
GAZP_8,GAZP,8_3,2013,77,1,498,UN_ID_BG,unknown_sp,37.5,species,cover,0.25,m2,Bare ground; non-taxonomic observation.
GAZP_8,GAZP,8_3,2013,77,1,498,UN_ID_FD,unknown_sp,0.5,species,cover,0.25,m2,Fine debris; non-taxonomic observation.
GAZP_8,GAZP,8_3,2013,77,1,499,UN_ID_BG,unknown_sp,15,species,cover,0.25,m2,Bare ground; non-taxonomic observation.
GAZP_8,GAZP,8_3,2013,77,1,500,UN_ID_BG,unknown_sp,15,species,cover,0.25,m2,Bare ground; non-taxonomic observation.
GAZP_8,GAZP,8_3,2013,77,1,500,UN_ID_FD,unknown_sp,0.5,species,cover,0.25,m2,Fine debris; non-taxonomic observation.
GAZP_8,GAZP,8_3,2013,77,3,549,UN_ID_BG,unknown_sp,97.5,species,cover,0.25,m2,Bare ground; non-taxonomic observation.
GAZP_8,GAZP,8_3,2013,77,3,549,UN_ID_FD,unknown_sp,0.1,species,cover,0.25,m2,Fine debris; non-taxonomic observation.
GAZP_8,GAZP,8_3,2013,77,3,550,UN_ID_BG,unknown_sp,85,species,cover,0.25,m2,Bare ground; non-taxonomic observation.
GAZP_8,GAZP,8_3,2013,77,3,550,UN_ID_CD,unknown_sp,0.5,species,cover,0.25,m2,Meaning could not be determined from the source data.
GAZP_8,GAZP,8_3,2013,77,3,550,UN_ID_FD,unknown_sp,0.1,species,cover,0.25,m2,Fine debris; non-taxonomic observation.
GAZP_8,GAZP,8_3,2013,77,3,551,UN_ID_BG,unknown_sp,97.5,species,cover,0.25,m2,Bare ground; non-taxonomic observation.
GAZP_8,GAZP,8_3,2013,77,3,551,UN_ID_FD,unknown_sp,0.1,species,cover,0.25,m2,Fine debris; non-taxonomic observation.
GAZP_8,GAZP,8_3,2013,77,3,552,UN_ID_BG,unknown_sp,97.5,species,cover,0.25,m2,Bare ground; non-taxonomic observation.
GAZP_8,GAZP,8_3,2013,77,3,552,UN_ID_FD,unknown_sp,0.1,species,cover,0.25,m2,Fine debris; non-taxonomic observation.
GAZP_8,GAZP,8_3,2013,77,3,553,UN_ID_BG,unknown_sp,85,species,cover,0.25,m2,Bare ground; non-taxonomic observation.
GAZP_8,GAZP,8_3,2013,77,3,553,UN_ID_CD,unknown_sp,3,species,cover,0.25,m2,Meaning could not be determined from the source data.
GAZP_8,GAZP,8_3,2013,77,3,553,UN_ID_FD,unknown_sp,0.1,species,cover,0.25,m2,Fine debris; non-taxonomic observation.
GAZP_8,GAZP,8_3,2013,77,3,554,UN_ID_BG,unknown_sp,85,species,cover,0.25,m2,Bare ground; non-taxonomic observation.
GAZP_8,GAZP,8_3,2013,77,3,554,UN_ID_CD,unknown_sp,0.5,species,cover,0.25,m2,Meaning could not be determined from the source data.
GAZP_8,GAZP,8_3,2013,77,3,554,UN_ID_FD,unknown_sp,0.1,species,cover,0.25,m2,Fine debris; non-taxonomic observation.
GAZP_8,GAZP,8_3,2013,77,3,555,UN_ID_BG,unknown_sp,97.5,species,cover,0.25,m2,Bare ground; non-taxonomic observation.
GAZP_8,GAZP,8_3,2013,77,3,555,UN_ID_FD,unknown_sp,0.1,species,cover,0.25,m2,Fine debris; non-taxonomic observation.
GAZP_8,GAZP,8_3,2013,77,3,556,UN_ID_BG,unknown_sp,97.5,species,cover,0.25,m2,Bare ground; non-taxonomic observation.
GAZP_8,GAZP,8_3,2013,77,3,556,UN_ID_FD,unknown_sp,0.1,species,cover,0.25,m2,Fine debris; non-taxonomic observation.
GAZP_8,GAZP,8_3,2013,77,3,557,UN_ID_BG,unknown_sp,85,species,cover,0.25,m2,Bare ground; non-taxonomic observation.
GAZP_8,GAZP,8_3,2013,77,3,557,UN_ID_CD,unknown_sp,3,species,cover,0.25,m2,Meaning could not be determined from the source data.
GAZP_8,GAZP,8_3,2013,77,3,557,UN_ID_FD,unknown_sp,0.1,species,cover,0.25,m2,Fine debris; non-taxonomic observation.
GAZP_8,GAZP,8_3,2013,77,3,558,UN_ID_BG,unknown_sp,85,species,cover,0.25,m2,Bare ground; non-taxonomic observation.
GAZP_8,GAZP,8_3,2013,77,3,558,UN_ID_CD,unknown_sp,0.5,species,cover,0.25,m2,Meaning could not be determined from the source data.
GAZP_8,GAZP,8_3,2013,77,3,558,UN_ID_FD,unknown_sp,0.1,species,cover,0.25,m2,Fine debris; non-taxonomic observation.
GAZP_8,GAZP,8_3,2013,77,3,559,UN_ID_BG,unknown_sp,85,species,cover,0.25,m2,Bare ground; non-taxonomic observation.
GAZP_8,GAZP,8_3,2013,77,3,559,UN_ID_FD,unknown_sp,0.1,species,cover,0.25,m2,Fine debris; non-taxonomic observation.
GAZP_8,GAZP,8_3,2013,77,3,560,UN_ID_BG,unknown_sp,97.5,species,cover,0.25,m2,Bare ground; non-taxonomic observation.
GAZP_8,GAZP,8_3,2013,77,3,560,UN_ID_FD,unknown_sp,0.1,species,cover,0.25,m2,Fine debris; non-taxonomic observation.
GAZP_8,GAZP,8_3,2013,77,3,561,UN_ID_BG,unknown_sp,85,species,cover,0.25,m2,Bare ground; non-taxonomic observation.
GAZP_8,GAZP,8_3,2013,77,3,561,UN_ID_CD,unknown_sp,0.1,species,cover,0.25,m2,Meaning could not be determined from the source data.
GAZP_8,GAZP,8_3,2013,77,3,561,UN_ID_FD,unknown_sp,0.1,species,cover,0.25,m2,Fine debris; non-taxonomic observation.
GAZP_8,GAZP,8_3,2013,77,3,562,UN_ID_BG,unknown_sp,85,species,cover,0.25,m2,Bare ground; non-taxonomic observation.
GAZP_8,GAZP,8_3,2013,77,3,562,UN_ID_FD,unknown_sp,0.1,species,cover,0.25,m2,Fine debris; non-taxonomic observation.
GAZP_8,GAZP,8_3,2013,77,3,563,UN_ID_BG,unknown_sp,85,species,cover,0.25,m2,Bare ground; non-taxonomic observation.
GAZP_8,GAZP,8_3,2013,77,3,563,UN_ID_FD,unknown_sp,0.1,species,cover,0.25,m2,Fine debris; non-taxonomic observation.
GAZP_8,GAZP,8_3,2013,77,3,564,UN_ID_BG,unknown_sp,97.5,species,cover,0.25,m2,Bare ground; non-taxonomic observation.
GAZP_8,GAZP,8_3,2013,77,3,564,UN_ID_FD,unknown_sp,0.1,species,cover,0.25,m2,Fine debris; non-taxonomic observation.
GAZP_8,GAZP,8_3,2013,77,3,565,UN_ID_BG,unknown_sp,97.5,species,cover,0.25,m2,Bare ground; non-taxonomic observation.
GAZP_8,GAZP,8_3,2013,77,3,565,UN_ID_FD,unknown_sp,0.1,species,cover,0.25,m2,Fine debris; non-taxonomic observation.
GAZP_8,GAZP,8_3,2013,77,3,566,UN_ID_BG,unknown_sp,62.5,species,cover,0.25,m2,Bare ground; non-taxonomic observation.
GAZP_8,GAZP,8_3,2013,77,3,566,UN_ID_CD,unknown_sp,3,species,cover,0.25,m2,Meaning could not be determined from the source data.
GAZP_8,GAZP,8_3,2013,77,3,566,UN_ID_FD,unknown_sp,0.1,species,cover,0.25,m2,Fine debris; non-taxonomic observation.
GAZP_8,GAZP,8_3,2013,77,3,567,UN_ID_BG,unknown_sp,85,species,cover,0.25,m2,Bare ground; non-taxonomic observation.
GAZP_8,GAZP,8_3,2013,77,3,567,UN_ID_CD,unknown_sp,0.5,species,cover,0.25,m2,Meaning could not be determined from the source data.
GAZP_8,GAZP,8_3,2013,77,3,567,UN_ID_FD,unknown_sp,0.1,species,cover,0.25,m2,Fine debris; non-taxonomic observation.
GAZP_8,GAZP,8_3,2013,77,3,568,UN_ID_BG,unknown_sp,62.5,species,cover,0.25,m2,Bare ground; non-taxonomic observation.
GAZP_8,GAZP,8_3,2013,77,3,568,UN_ID_CD,unknown_sp,3,species,cover,0.25,m2,Meaning could not be determined from the source data.
GAZP_8,GAZP,8_3,2013,77,3,568,UN_ID_FD,unknown_sp,0.1,species,cover,0.25,m2,Fine debris; non-taxonomic observation.
GAZP_8,GAZP,8_3,2013,77,3,569,UN_ID_BG,unknown_sp,85,species,cover,0.25,m2,Bare ground; non-taxonomic observation.
GAZP_8,GAZP,8_3,2013,77,3,569,UN_ID_CD,unknown_sp,0.5,species,cover,0.25,m2,Meaning could not be determined from the source data.
GAZP_8,GAZP,8_3,2013,77,3,569,UN_ID_FD,unknown_sp,0.1,species,cover,0.25,m2,Fine debris; non-taxonomic observation.
GAZP_8,GAZP,8_3,2013,77,3,570,UN_ID_BG,unknown_sp,97.5,species,cover,0.25,m2,Bare ground; non-taxonomic observation.
GAZP_8,GAZP,8_3,2013,77,3,570,UN_ID_FD,unknown_sp,0.1,species,cover,0.25,m2,Fine debris; non-taxonomic observation.
GAZP_8,GAZP,8_3,2013,77,3,571,UN_ID_BG,unknown_sp,85,species,cover,0.25,m2,Bare ground; non-taxonomic observation.
GAZP_8,GAZP,8_3,2013,77,3,571,UN_ID_FD,unknown_sp,0.1,species,cover,0.25,m2,Fine debris; non-taxonomic observation.
GAZP_8,GAZP,8_3,2013,77,3,572,UN_ID_BG,unknown_sp,97.5,species,cover,0.25,m2,Bare ground; non-taxonomic observation.
GAZP_8,GAZP,8_3,2013,77,3,572,UN_ID_FD,unknown_sp,0.1,species,cover,0.25,m2,Fine debris; non-taxonomic observation.
GAZP_8,GAZP,8_3,2013,77,3,573,UN_ID_BG,unknown_sp,97.5,species,cover,0.25,m2,Bare ground; non-taxonomic observation.
GAZP_8,GAZP,8_3,2013,77,3,573,UN_ID_FD,unknown_sp,0.1,species,cover,0.25,m2,Fine debris; non-taxonomic observation.
GAZP_8,GAZP,8_3,2013,77,3,574,UN_ID_BG,unknown_sp,62.5,species,cover,0.25,m2,Bare ground; non-taxonomic observation.
GAZP_8,GAZP,8_3,2013,77,3,574,UN_ID_CD,unknown_sp,3,species,cover,0.25,m2,Meaning could not be determined from the source data.
GAZP_8,GAZP,8_3,2013,77,3,574,UN_ID_FD,unknown_sp,0.1,species,cover,0.25,m2,Fine debris; non-taxonomic observation.
GAZP_8,GAZP,8_3,2013,77,3,575,UN_ID_BG,unknown_sp,85,species,cover,0.25,m2,Bare ground; non-taxonomic observation.
GAZP_8,GAZP,8_3,2013,77,3,575,UN_ID_CD,unknown_sp,0.5,species,cover,0.25,m2,Meaning could not be determined from the source data.
GAZP_8,GAZP,8_3,2013,77,3,575,UN_ID_FD,unknown_sp,0.1,species,cover,0.25,m2,Fine debris; non-taxonomic observation.
GAZP_8,GAZP,8_3,2013,77,3,576,UN_ID_BG,unknown_sp,85,species,cover,0.25,m2,Bare ground; non-taxonomic observation.
GAZP_8,GAZP,8_3,2013,77,3,576,UN_ID_CD,unknown_sp,0.5,species,cover,0.25,m2,Meaning could not be determined from the source data.
GAZP_8,GAZP,8_3,2013,77,3,576,UN_ID_FD,unknown_sp,0.1,species,cover,0.25,m2,Fine debris; non-taxonomic observation.
GAZP_8,GAZP,8_3,2013,77,3,577,UN_ID_BG,unknown_sp,97.5,species,cover,0.25,m2,Bare ground; non-taxonomic observation.
GAZP_8,GAZP,8_3,2013,77,3,577,UN_ID_FD,unknown_sp,0.1,species,cover,0.25,m2,Fine debris; non-taxonomic observation.
GAZP_8,GAZP,8_3,2013,77,3,578,UN_ID_BG,unknown_sp,85,species,cover,0.25,m2,Bare ground; non-taxonomic observation.
GAZP_8,GAZP,8_3,2013,77,3,578,UN_ID_CD,unknown_sp,0.5,species,cover,0.25,m2,Meaning could not be determined from the source data.
GAZP_8,GAZP,8_3,2013,77,3,578,UN_ID_FD,unknown_sp,0.1,species,cover,0.25,m2,Fine debris; non-taxonomic observation.
GAZP_8,GAZP,8_3,2013,77,3,579,UN_ID_BG,unknown_sp,97.5,species,cover,0.25,m2,Bare ground; non-taxonomic observation.
GAZP_8,GAZP,8_3,2013,77,3,579,UN_ID_FD,unknown_sp,0.1,species,cover,0.25,m2,Fine debris; non-taxonomic observation.
GAZP_8,GAZP,8_3,2013,77,3,580,UN_ID_BG,unknown_sp,62.5,species,cover,0.25,m2,Bare ground; non-taxonomic observation.
GAZP_8,GAZP,8_3,2013,77,3,580,UN_ID_CD,unknown_sp,3,species,cover,0.25,m2,Meaning could not be determined from the source data.
GAZP_8,GAZP,8_3,2013,77,3,580,UN_ID_FD,unknown_sp,0.1,species,cover,0.25,m2,Fine debris; non-taxonomic observation.
GAZP_8,GAZP,8_3,2013,77,3,581,UN_ID_BG,unknown_sp,85,species,cover,0.25,m2,Bare ground; non-taxonomic observation.
GAZP_8,GAZP,8_3,2013,77,3,581,UN_ID_FD,unknown_sp,0.1,species,cover,0.25,m2,Fine debris; non-taxonomic observation.
GAZP_8,GAZP,8_3,2013,77,3,582,UN_ID_BG,unknown_sp,85,species,cover,0.25,m2,Bare ground; non-taxonomic observation.
GAZP_8,GAZP,8_3,2013,77,3,582,UN_ID_FD,unknown_sp,0.1,species,cover,0.25,m2,Fine debris; non-taxonomic observation.
GAZP_8,GAZP,8_3,2013,77,3,583,UN_ID_BG,unknown_sp,85,species,cover,0.25,m2,Bare ground; non-taxonomic observation.
GAZP_8,GAZP,8_3,2013,77,3,583,UN_ID_FD,unknown_sp,0.1,species,cover,0.25,m2,Fine debris; non-taxonomic observation.
GAZP_8,GAZP,8_3,2013,77,3,584,UN_ID_BG,unknown_sp,97.5,species,cover,0.25,m2,Bare ground; non-taxonomic observation.
GAZP_8,GAZP,8_3,2013,77,3,584,UN_ID_CD,unknown_sp,0.1,species,cover,0.25,m2,Meaning could not be determined from the source data.
GAZP_8,GAZP,8_3,2013,77,3,584,UN_ID_FD,unknown_sp,0.1,species,cover,0.25,m2,Fine debris; non-taxonomic observation.
GAZP_8,GAZP,8_3,2013,77,3,585,UN_ID_BG,unknown_sp,85,species,cover,0.25,m2,Bare ground; non-taxonomic observation.
GAZP_8,GAZP,8_3,2013,77,3,585,UN_ID_CD,unknown_sp,3,species,cover,0.25,m2,Meaning could not be determined from the source data.
GAZP_8,GAZP,8_3,2013,77,3,585,UN_ID_FD,unknown_sp,0.1,species,cover,0.25,m2,Fine debris; non-taxonomic observation.
GAZP_8,GAZP,8_3,2013,77,3,586,UN_ID_BG,unknown_sp,97.5,species,cover,0.25,m2,Bare ground; non-taxonomic observation.
GAZP_8,GAZP,8_3,2013,77,3,586,UN_ID_CD,unknown_sp,0.5,species,cover,0.25,m2,Meaning could not be determined from the source data.
GAZP_8,GAZP,8_3,2013,77,3,586,UN_ID_FD,unknown_sp,0.1,species,cover,0.25,m2,Fine debris; non-taxonomic observation.
GAZP_8,GAZP,8_3,2013,77,3,587,UN_ID_BG,unknown_sp,85,species,cover,0.25,m2,Bare ground; non-taxonomic observation.
GAZP_8,GAZP,8_3,2013,77,3,587,UN_ID_CD,unknown_sp,0.5,species,cover,0.25,m2,Meaning could not be determined from the source data.
GAZP_8,GAZP,8_3,2013,77,3,587,UN_ID_FD,unknown_sp,0.1,species,cover,0.25,m2,Fine debris; non-taxonomic observation.
GAZP_8,GAZP,8_3,2013,77,3,588,UN_ID_BG,unknown_sp,85,species,cover,0.25,m2,Bare ground; non-taxonomic observation.
GAZP_8,GAZP,8_3,2013,77,3,588,UN_ID_CD,unknown_sp,0.5,species,cover,0.25,m2,Meaning could not be determined from the source data.
GAZP_8,GAZP,8_3,2013,77,3,588,UN_ID_FD,unknown_sp,0.1,species,cover,0.25,m2,Fine debris; non-taxonomic observation.
GAZP_8,GAZP,8_3,2013,77,3,589,UN_ID_BG,unknown_sp,85,species,cover,0.25,m2,Bare ground; non-taxonomic observation.
GAZP_8,GAZP,8_3,2013,77,3,589,UN_ID_FD,unknown_sp,0.1,species,cover,0.25,m2,Fine debris; non-taxonomic observation.
GAZP_8,GAZP,8_3,2013,77,3,590,UN_ID_BG,unknown_sp,97.5,species,cover,0.25,m2,Bare ground; non-taxonomic observation.
GAZP_8,GAZP,8_3,2013,77,3,590,UN_ID_CD,unknown_sp,0.5,species,cover,0.25,m2,Meaning could not be determined from the source data.
GAZP_8,GAZP,8_3,2013,77,3,590,UN_ID_FD,unknown_sp,0.1,species,cover,0.25,m2,Fine debris; non-taxonomic observation.
GAZP_8,GAZP,8_3,2013,77,3,591,UN_ID_BG,unknown_sp,97.5,species,cover,0.25,m2,Bare ground; non-taxonomic observation.
GAZP_8,GAZP,8_3,2013,77,3,591,UN_ID_CD,unknown_sp,0.5,species,cover,0.25,m2,Meaning could not be determined from the source data.
GAZP_8,GAZP,8_3,2013,77,3,591,UN_ID_FD,unknown_sp,0.1,species,cover,0.25,m2,Fine debris; non-taxonomic observation.
GAZP_8,GAZP,8_3,2013,77,3,592,UN_ID_BG,unknown_sp,85,species,cover,0.25,m2,Bare ground; non-taxonomic observation.
GAZP_8,GAZP,8_3,2013,77,3,592,UN_ID_CD,unknown_sp,0.5,species,cover,0.25,m2,Meaning could not be determined from the source data.
GAZP_8,GAZP,8_3,2013,77,3,592,UN_ID_FD,unknown_sp,0.1,species,cover,0.25,m2,Fine debris; non-taxonomic observation.
GAZP_8,GAZP,8_3,2013,77,3,593,UN_ID_BG,unknown_sp,97.5,species,cover,0.25,m2,Bare ground; non-taxonomic observation.
GAZP_8,GAZP,8_3,2013,77,3,593,UN_ID_CD,unknown_sp,0.5,species,cover,0.25,m2,Meaning could not be determined from the source data.
GAZP_8,GAZP,8_3,2013,77,3,593,UN_ID_FD,unknown_sp,0.1,species,cover,0.25,m2,Fine debris; non-taxonomic observation.
GAZP_8,GAZP,8_3,2013,77,3,594,UN_ID_BG,unknown_sp,97.5,species,cover,0.25,m2,Bare ground; non-taxonomic observation.
GAZP_8,GAZP,8_3,2013,77,3,594,UN_ID_CD,unknown_sp,0.5,species,cover,0.25,m2,Meaning could not be determined from the source data.
GAZP_8,GAZP,8_3,2013,77,3,594,UN_ID_FD,unknown_sp,0.1,species,cover,0.25,m2,Fine debris; non-taxonomic observation.
GAZP_8,GAZP,8_3,2013,77,3,595,UN_ID_BG,unknown_sp,85,species,cover,0.25,m2,Bare ground; non-taxonomic observation.
GAZP_8,GAZP,8_3,2013,77,3,595,UN_ID_CD,unknown_sp,0.5,species,cover,0.25,m2,Meaning could not be determined from the source data.
GAZP_8,GAZP,8_3,2013,77,3,595,UN_ID_FD,unknown_sp,0.1,species,cover,0.25,m2,Fine debris; non-taxonomic observation.
GAZP_8,GAZP,8_3,2013,77,3,596,UN_ID_BG,unknown_sp,85,species,cover,0.25,m2,Bare ground; non-taxonomic observation.
GAZP_8,GAZP,8_3,2013,77,3,596,UN_ID_FD,unknown_sp,0.1,species,cover,0.25,m2,Fine debris; non-taxonomic observation.
GAZP_8,GAZP,8_30,2014,177,1,597,UN_ID_BG,unknown_sp,15,species,cover,0.25,m2,Bare ground; non-taxonomic observation.
GAZP_8,GAZP,8_30,2014,177,1,598,UN_ID_BG,unknown_sp,15,species,cover,0.25,m2,Bare ground; non-taxonomic observation.
GAZP_8,GAZP,8_30,2014,177,1,599,UN_ID_BG,unknown_sp,37.5,species,cover,0.25,m2,Bare ground; non-taxonomic observation.
GAZP_8,GAZP,8_30,2014,177,2,600,UN_ID_BG,unknown_sp,37.5,species,cover,0.25,m2,Bare ground; non-taxonomic observation.
GAZP_8,GAZP,8_30,2014,177,2,601,UN_ID_BG,unknown_sp,62.5,species,cover,0.25,m2,Bare ground; non-taxonomic observation.
GAZP_8,GAZP,8_30,2014,177,2,602,UN_ID_BG,unknown_sp,3,species,cover,0.25,m2,Bare ground; non-taxonomic observation.
GAZP_8,GAZP,8_30,2014,177,3,603,UN_ID_BG,unknown_sp,62.5,species,cover,0.25,m2,Bare ground; non-taxonomic observation.
GAZP_8,GAZP,8_30,2014,177,3,604,UN_ID_BG,unknown_sp,85,species,cover,0.25,m2,Bare ground; non-taxonomic observation.
GAZP_8,GAZP,8_30,2014,177,3,605,UN_ID_BG,unknown_sp,97.5,species,cover,0.25,m2,Bare ground; non-taxonomic observation.
GAZP_8,GAZP,8_30,2012,18,1,597,UN_ID_BG,unknown_sp,97.5,species,cover,0.25,m2,Bare ground; non-taxonomic observation.
GAZP_8,GAZP,8_30,2012,18,1,597,UN_ID_FD,unknown_sp,0.1,species,cover,0.25,m2,Fine debris; non-taxonomic observation.
GAZP_8,GAZP,8_30,2012,18,1,597,UN_ID_TC,unknown_sp,0.1,species,cover,0.25,m2,Total cover; non-taxonomic observation.
GAZP_8,GAZP,8_30,2012,18,1,598,UN_ID_BG,unknown_sp,97.5,species,cover,0.25,m2,Bare ground; non-taxonomic observation.
GAZP_8,GAZP,8_30,2012,18,1,598,UN_ID_FD,unknown_sp,0.1,species,cover,0.25,m2,Fine debris; non-taxonomic observation.
GAZP_8,GAZP,8_30,2012,18,1,598,UN_ID_TC,unknown_sp,0.1,species,cover,0.25,m2,Total cover; non-taxonomic observation.
GAZP_8,GAZP,8_30,2012,18,1,599,UN_ID_BG,unknown_sp,97.5,species,cover,0.25,m2,Bare ground; non-taxonomic observation.
GAZP_8,GAZP,8_30,2012,18,1,599,UN_ID_FD,unknown_sp,0.1,species,cover,0.25,m2,Fine debris; non-taxonomic observation.
GAZP_8,GAZP,8_30,2012,18,1,599,UN_ID_TC,unknown_sp,0.1,species,cover,0.25,m2,Total cover; non-taxonomic observation.
GAZP_8,GAZP,8_30,2012,18,2,600,UN_ID_BG,unknown_sp,97.5,species,cover,0.25,m2,Bare ground; non-taxonomic observation.
GAZP_8,GAZP,8_30,2012,18,2,600,UN_ID_FD,unknown_sp,0.1,species,cover,0.25,m2,Fine debris; non-taxonomic observation.
GAZP_8,GAZP,8_30,2012,18,2,600,UN_ID_TC,unknown_sp,0.1,species,cover,0.25,m2,Total cover; non-taxonomic observation.
GAZP_8,GAZP,8_30,2012,18,2,601,UN_ID_BG,unknown_sp,97.5,species,cover,0.25,m2,Bare ground; non-taxonomic observation.
GAZP_8,GAZP,8_30,2012,18,2,601,UN_ID_FD,unknown_sp,0.1,species,cover,0.25,m2,Fine debris; non-taxonomic observation.
GAZP_8,GAZP,8_30,2012,18,2,601,UN_ID_TC,unknown_sp,0.1,species,cover,0.25,m2,Total cover; non-taxonomic observation.
GAZP_8,GAZP,8_30,2012,18,2,602,UN_ID_BG,unknown_sp,97.5,species,cover,0.25,m2,Bare ground; non-taxonomic observation.
GAZP_8,GAZP,8_30,2012,18,2,602,UN_ID_FD,unknown_sp,0.1,species,cover,0.25,m2,Fine debris; non-taxonomic observation.
GAZP_8,GAZP,8_30,2012,18,2,602,UN_ID_TC,unknown_sp,0.1,species,cover,0.25,m2,Total cover; non-taxonomic observation.
GAZP_8,GAZP,8_30,2012,18,3,603,UN_ID_BG,unknown_sp,97.5,species,cover,0.25,m2,Bare ground; non-taxonomic observation.
GAZP_8,GAZP,8_30,2012,18,3,603,UN_ID_CD,unknown_sp,0.1,species,cover,0.25,m2,Meaning could not be determined from the source data.
GAZP_8,GAZP,8_30,2012,18,3,603,UN_ID_FD,unknown_sp,0.1,species,cover,0.25,m2,Fine debris; non-taxonomic observation.
GAZP_8,GAZP,8_30,2012,18,3,604,UN_ID_BG,unknown_sp,97.5,species,cover,0.25,m2,Bare ground; non-taxonomic observation.
GAZP_8,GAZP,8_30,2012,18,3,604,UN_ID_CD,unknown_sp,0.1,species,cover,0.25,m2,Meaning could not be determined from the source data.
GAZP_8,GAZP,8_30,2012,18,3,604,UN_ID_FD,unknown_sp,0.1,species,cover,0.25,m2,Fine debris; non-taxonomic observation.
GAZP_8,GAZP,8_30,2012,18,3,605,UN_ID_BG,unknown_sp,97.5,species,cover,0.25,m2,Bare ground; non-taxonomic observation.
GAZP_8,GAZP,8_30,2012,18,3,605,UN_ID_FD,unknown_sp,0.1,species,cover,0.25,m2,Fine debris; non-taxonomic observation.
GAZP_8,GAZP,8_30,2013,77,1,597,UN_ID_BG,unknown_sp,37.5,species,cover,0.25,m2,Bare ground; non-taxonomic observation.
GAZP_8,GAZP,8_30,2013,77,1,597,UN_ID_FD,unknown_sp,0.5,species,cover,0.25,m2,Fine debris; non-taxonomic observation.
GAZP_8,GAZP,8_30,2013,77,1,598,UN_ID_BG,unknown_sp,3,species,cover,0.25,m2,Bare ground; non-taxonomic observation.
GAZP_8,GAZP,8_30,2013,77,1,598,UN_ID_FD,unknown_sp,0.5,species,cover,0.25,m2,Fine debris; non-taxonomic observation.
GAZP_8,GAZP,8_30,2013,77,1,599,UN_ID_BG,unknown_sp,62.5,species,cover,0.25,m2,Bare ground; non-taxonomic observation.
GAZP_8,GAZP,8_30,2013,77,1,599,UN_ID_FD,unknown_sp,0.5,species,cover,0.25,m2,Fine debris; non-taxonomic observation.
GAZP_8,GAZP,8_30,2013,77,3,603,UN_ID_BG,unknown_sp,85,species,cover,0.25,m2,Bare ground; non-taxonomic observation.
GAZP_8,GAZP,8_30,2013,77,3,603,UN_ID_CD,unknown_sp,0.1,species,cover,0.25,m2,Meaning could not be determined from the source data.
GAZP_8,GAZP,8_30,2013,77,3,603,UN_ID_FD,unknown_sp,0.1,species,cover,0.25,m2,Fine debris; non-taxonomic observation.
GAZP_8,GAZP,8_30,2013,77,3,604,UN_ID_BG,unknown_sp,85,species,cover,0.25,m2,Bare ground; non-taxonomic observation.
GAZP_8,GAZP,8_30,2013,77,3,604,UN_ID_CD,unknown_sp,3,species,cover,0.25,m2,Meaning could not be determined from the source data.
GAZP_8,GAZP,8_30,2013,77,3,604,UN_ID_FD,unknown_sp,0.1,species,cover,0.25,m2,Fine debris; non-taxonomic observation.
GAZP_8,GAZP,8_30,2013,77,3,605,UN_ID_BG,unknown_sp,97.5,species,cover,0.25,m2,Bare ground; non-taxonomic observation.
GAZP_8,GAZP,8_30,2013,77,3,605,UN_ID_FD,unknown_sp,0.1,species,cover,0.25,m2,Fine debris; non-taxonomic observation.
GAZP_8,GAZP,8_31,2014,177,1,606,UN_ID_BG,unknown_sp,3,species,cover,0.25,m2,Bare ground; non-taxonomic observation.
GAZP_8,GAZP,8_31,2014,177,1,607,UN_ID_BG,unknown_sp,15,species,cover,0.25,m2,Bare ground; non-taxonomic observation.
GAZP_8,GAZP,8_31,2014,177,1,608,UN_ID_BG,unknown_sp,37.5,species,cover,0.25,m2,Bare ground; non-taxonomic observation.
GAZP_8,GAZP,8_31,2014,177,2,609,UN_ID_BG,unknown_sp,37.5,species,cover,0.25,m2,Bare ground; non-taxonomic observation.
GAZP_8,GAZP,8_31,2014,177,2,610,UN_ID_BG,unknown_sp,85,species,cover,0.25,m2,Bare ground; non-taxonomic observation.
GAZP_8,GAZP,8_31,2014,177,2,611,UN_ID_BG,unknown_sp,62.5,species,cover,0.25,m2,Bare ground; non-taxonomic observation.
GAZP_8,GAZP,8_31,2014,177,3,612,UN_ID_BG,unknown_sp,97.5,species,cover,0.25,m2,Bare ground; non-taxonomic observation.
GAZP_8,GAZP,8_31,2014,177,3,613,UN_ID_BG,unknown_sp,62.5,species,cover,0.25,m2,Bare ground; non-taxonomic observation.
GAZP_8,GAZP,8_31,2014,177,3,614,UN_ID_BG,unknown_sp,85,species,cover,0.25,m2,Bare ground; non-taxonomic observation.
GAZP_8,GAZP,8_31,2012,18,1,606,UN_ID_BG,unknown_sp,97.5,species,cover,0.25,m2,Bare ground; non-taxonomic observation.
GAZP_8,GAZP,8_31,2012,18,1,606,UN_ID_FD,unknown_sp,0.1,species,cover,0.25,m2,Fine debris; non-taxonomic observation.
GAZP_8,GAZP,8_31,2012,18,1,606,UN_ID_TC,unknown_sp,0.1,species,cover,0.25,m2,Total cover; non-taxonomic observation.
GAZP_8,GAZP,8_31,2012,18,1,607,UN_ID_BG,unknown_sp,97.5,species,cover,0.25,m2,Bare ground; non-taxonomic observation.
GAZP_8,GAZP,8_31,2012,18,1,607,UN_ID_FD,unknown_sp,0.1,species,cover,0.25,m2,Fine debris; non-taxonomic observation.
GAZP_8,GAZP,8_31,2012,18,1,607,UN_ID_TC,unknown_sp,0.1,species,cover,0.25,m2,Total cover; non-taxonomic observation.
GAZP_8,GAZP,8_31,2012,18,1,607,UN_ID_TS,unknown_sp,0.1,species,cover,0.25,m2,Triticale seeds; non-taxonomic observation.
GAZP_8,GAZP,8_31,2012,18,1,608,UN_ID_BG,unknown_sp,97.5,species,cover,0.25,m2,Bare ground; non-taxonomic observation.
GAZP_8,GAZP,8_31,2012,18,1,608,UN_ID_FD,unknown_sp,0.1,species,cover,0.25,m2,Fine debris; non-taxonomic observation.
GAZP_8,GAZP,8_31,2012,18,1,608,UN_ID_TC,unknown_sp,0.1,species,cover,0.25,m2,Total cover; non-taxonomic observation.
GAZP_8,GAZP,8_31,2012,18,2,609,UN_ID_BG,unknown_sp,97.5,species,cover,0.25,m2,Bare ground; non-taxonomic observation.
GAZP_8,GAZP,8_31,2012,18,2,609,UN_ID_FD,unknown_sp,0.1,species,cover,0.25,m2,Fine debris; non-taxonomic observation.
GAZP_8,GAZP,8_31,2012,18,2,609,UN_ID_TC,unknown_sp,0.1,species,cover,0.25,m2,Total cover; non-taxonomic observation.
GAZP_8,GAZP,8_31,2012,18,2,610,UN_ID_BG,unknown_sp,97.5,species,cover,0.25,m2,Bare ground; non-taxonomic observation.
GAZP_8,GAZP,8_31,2012,18,2,610,UN_ID_FD,unknown_sp,0.1,species,cover,0.25,m2,Fine debris; non-taxonomic observation.
GAZP_8,GAZP,8_31,2012,18,2,611,UN_ID_BG,unknown_sp,97.5,species,cover,0.25,m2,Bare ground; non-taxonomic observation.
GAZP_8,GAZP,8_31,2012,18,2,611,UN_ID_FD,unknown_sp,0.1,species,cover,0.25,m2,Fine debris; non-taxonomic observation.
GAZP_8,GAZP,8_31,2012,18,2,611,UN_ID_TC,unknown_sp,0.1,species,cover,0.25,m2,Total cover; non-taxonomic observation.
GAZP_8,GAZP,8_31,2012,18,3,612,UN_ID_BG,unknown_sp,97.5,species,cover,0.25,m2,Bare ground; non-taxonomic observation.
GAZP_8,GAZP,8_31,2012,18,3,612,UN_ID_FD,unknown_sp,0.1,species,cover,0.25,m2,Fine debris; non-taxonomic observation.
GAZP_8,GAZP,8_31,2012,18,3,613,UN_ID_BG,unknown_sp,97.5,species,cover,0.25,m2,Bare ground; non-taxonomic observation.
GAZP_8,GAZP,8_31,2012,18,3,613,UN_ID_FD,unknown_sp,0.1,species,cover,0.25,m2,Fine debris; non-taxonomic observation.
GAZP_8,GAZP,8_31,2012,18,3,614,UN_ID_BG,unknown_sp,97.5,species,cover,0.25,m2,Bare ground; non-taxonomic observation.
GAZP_8,GAZP,8_31,2012,18,3,614,UN_ID_CD,unknown_sp,0.1,species,cover,0.25,m2,Meaning could not be determined from the source data.
GAZP_8,GAZP,8_31,2012,18,3,614,UN_ID_FD,unknown_sp,0.1,species,cover,0.25,m2,Fine debris; non-taxonomic observation.
GAZP_8,GAZP,8_31,2013,77,1,606,UN_ID_BG,unknown_sp,15,species,cover,0.25,m2,Bare ground; non-taxonomic observation.
GAZP_8,GAZP,8_31,2013,77,1,606,UN_ID_FD,unknown_sp,0.5,species,cover,0.25,m2,Fine debris; non-taxonomic observation.
GAZP_8,GAZP,8_31,2013,77,1,607,UN_ID_BG,unknown_sp,15,species,cover,0.25,m2,Bare ground; non-taxonomic observation.
GAZP_8,GAZP,8_31,2013,77,1,607,UN_ID_FD,unknown_sp,0.5,species,cover,0.25,m2,Fine debris; non-taxonomic observation.
GAZP_8,GAZP,8_31,2013,77,1,608,UN_ID_BG,unknown_sp,62.5,species,cover,0.25,m2,Bare ground; non-taxonomic observation.
GAZP_8,GAZP,8_31,2013,77,1,608,UN_ID_FD,unknown_sp,0.5,species,cover,0.25,m2,Fine debris; non-taxonomic observation.
GAZP_8,GAZP,8_31,2013,77,3,612,UN_ID_BG,unknown_sp,85,species,cover,0.25,m2,Bare ground; non-taxonomic observation.
GAZP_8,GAZP,8_31,2013,77,3,612,UN_ID_FD,unknown_sp,0.1,species,cover,0.25,m2,Fine debris; non-taxonomic observation.
GAZP_8,GAZP,8_31,2013,77,3,613,UN_ID_BG,unknown_sp,85,species,cover,0.25,m2,Bare ground; non-taxonomic observation.
GAZP_8,GAZP,8_31,2013,77,3,613,UN_ID_FD,unknown_sp,0.1,species,cover,0.25,m2,Fine debris; non-taxonomic observation.
GAZP_8,GAZP,8_31,2013,77,3,614,UN_ID_BG,unknown_sp,97.5,species,cover,0.25,m2,Bare ground; non-taxonomic observation.
GAZP_8,GAZP,8_31,2013,77,3,614,UN_ID_CD,unknown_sp,0.1,species,cover,0.25,m2,Meaning could not be determined from the source data.
GAZP_8,GAZP,8_31,2013,77,3,614,UN_ID_FD,unknown_sp,0.1,species,cover,0.25,m2,Fine debris; non-taxonomic observation.
GAZP_8,GAZP,8_32,2014,177,1,615,UN_ID_BG,unknown_sp,0.5,species,cover,0.25,m2,Bare ground; non-taxonomic observation.
GAZP_8,GAZP,8_32,2014,177,1,616,UN_ID_BG,unknown_sp,3,species,cover,0.25,m2,Bare ground; non-taxonomic observation.
GAZP_8,GAZP,8_32,2014,177,1,617,UN_ID_BG,unknown_sp,15,species,cover,0.25,m2,Bare ground; non-taxonomic observation.
GAZP_8,GAZP,8_32,2014,177,2,618,UN_ID_BG,unknown_sp,37.5,species,cover,0.25,m2,Bare ground; non-taxonomic observation.
GAZP_8,GAZP,8_32,2014,177,2,619,UN_ID_BG,unknown_sp,62.5,species,cover,0.25,m2,Bare ground; non-taxonomic observation.
GAZP_8,GAZP,8_32,2014,177,2,620,UN_ID_BG,unknown_sp,37.5,species,cover,0.25,m2,Bare ground; non-taxonomic observation.
GAZP_8,GAZP,8_32,2014,177,3,621,UN_ID_BG,unknown_sp,97.5,species,cover,0.25,m2,Bare ground; non-taxonomic observation.
GAZP_8,GAZP,8_32,2014,177,3,622,UN_ID_BG,unknown_sp,37.5,species,cover,0.25,m2,Bare ground; non-taxonomic observation.
GAZP_8,GAZP,8_32,2014,177,3,623,UN_ID_BG,unknown_sp,62.5,species,cover,0.25,m2,Bare ground; non-taxonomic observation.
GAZP_8,GAZP,8_32,2012,18,1,615,UN_ID_BG,unknown_sp,97.5,species,cover,0.25,m2,Bare ground; non-taxonomic observation.
GAZP_8,GAZP,8_32,2012,18,1,615,UN_ID_FD,unknown_sp,0.1,species,cover,0.25,m2,Fine debris; non-taxonomic observation.
GAZP_8,GAZP,8_32,2012,18,1,615,UN_ID_TC,unknown_sp,0.1,species,cover,0.25,m2,Total cover; non-taxonomic observation.
GAZP_8,GAZP,8_32,2012,18,1,616,UN_ID_BG,unknown_sp,97.5,species,cover,0.25,m2,Bare ground; non-taxonomic observation.
GAZP_8,GAZP,8_32,2012,18,1,616,UN_ID_FD,unknown_sp,0.1,species,cover,0.25,m2,Fine debris; non-taxonomic observation.
GAZP_8,GAZP,8_32,2012,18,1,616,UN_ID_TC,unknown_sp,0.1,species,cover,0.25,m2,Total cover; non-taxonomic observation.
GAZP_8,GAZP,8_32,2012,18,1,616,UN_ID_TS,unknown_sp,0.1,species,cover,0.25,m2,Triticale seeds; non-taxonomic observation.
GAZP_8,GAZP,8_32,2012,18,1,617,UN_ID_BG,unknown_sp,97.5,species,cover,0.25,m2,Bare ground; non-taxonomic observation.
GAZP_8,GAZP,8_32,2012,18,1,617,UN_ID_FD,unknown_sp,0.1,species,cover,0.25,m2,Fine debris; non-taxonomic observation.
GAZP_8,GAZP,8_32,2012,18,1,617,UN_ID_TC,unknown_sp,0.1,species,cover,0.25,m2,Total cover; non-taxonomic observation.
GAZP_8,GAZP,8_32,2012,18,2,618,UN_ID_BG,unknown_sp,97.5,species,cover,0.25,m2,Bare ground; non-taxonomic observation.
GAZP_8,GAZP,8_32,2012,18,2,618,UN_ID_FD,unknown_sp,0.1,species,cover,0.25,m2,Fine debris; non-taxonomic observation.
GAZP_8,GAZP,8_32,2012,18,2,618,UN_ID_TC,unknown_sp,0.1,species,cover,0.25,m2,Total cover; non-taxonomic observation.
GAZP_8,GAZP,8_32,2012,18,2,618,UN_ID_TP,unknown_sp,0.1,species,cover,0.25,m2,Meaning could not be determined from the source data.
GAZP_8,GAZP,8_32,2012,18,2,619,UN_ID_BG,unknown_sp,97.5,species,cover,0.25,m2,Bare ground; non-taxonomic observation.
GAZP_8,GAZP,8_32,2012,18,2,619,UN_ID_FD,unknown_sp,0.1,species,cover,0.25,m2,Fine debris; non-taxonomic observation.
GAZP_8,GAZP,8_32,2012,18,2,620,UN_ID_BG,unknown_sp,97.5,species,cover,0.25,m2,Bare ground; non-taxonomic observation.
GAZP_8,GAZP,8_32,2012,18,2,620,UN_ID_FD,unknown_sp,0.1,species,cover,0.25,m2,Fine debris; non-taxonomic observation.
GAZP_8,GAZP,8_32,2012,18,2,620,UN_ID_TC,unknown_sp,0.1,species,cover,0.25,m2,Total cover; non-taxonomic observation.
GAZP_8,GAZP,8_32,2012,18,3,621,UN_ID_BG,unknown_sp,97.5,species,cover,0.25,m2,Bare ground; non-taxonomic observation.
GAZP_8,GAZP,8_32,2012,18,3,621,UN_ID_FD,unknown_sp,0.1,species,cover,0.25,m2,Fine debris; non-taxonomic observation.
GAZP_8,GAZP,8_32,2012,18,3,622,UN_ID_BG,unknown_sp,97.5,species,cover,0.25,m2,Bare ground; non-taxonomic observation.
GAZP_8,GAZP,8_32,2012,18,3,622,UN_ID_CD,unknown_sp,0.1,species,cover,0.25,m2,Meaning could not be determined from the source data.
GAZP_8,GAZP,8_32,2012,18,3,622,UN_ID_FD,unknown_sp,0.1,species,cover,0.25,m2,Fine debris; non-taxonomic observation.
GAZP_8,GAZP,8_32,2012,18,3,623,UN_ID_BG,unknown_sp,97.5,species,cover,0.25,m2,Bare ground; non-taxonomic observation.
GAZP_8,GAZP,8_32,2012,18,3,623,UN_ID_CD,unknown_sp,0.1,species,cover,0.25,m2,Meaning could not be determined from the source data.
GAZP_8,GAZP,8_32,2012,18,3,623,UN_ID_FD,unknown_sp,0.1,species,cover,0.25,m2,Fine debris; non-taxonomic observation.
GAZP_8,GAZP,8_32,2013,77,1,615,UN_ID_BG,unknown_sp,15,species,cover,0.25,m2,Bare ground; non-taxonomic observation.
GAZP_8,GAZP,8_32,2013,77,1,615,UN_ID_FD,unknown_sp,0.5,species,cover,0.25,m2,Fine debris; non-taxonomic observation.
GAZP_8,GAZP,8_32,2013,77,1,616,UN_ID_BG,unknown_sp,3,species,cover,0.25,m2,Bare ground; non-taxonomic observation.
GAZP_8,GAZP,8_32,2013,77,1,616,UN_ID_FD,unknown_sp,0.1,species,cover,0.25,m2,Fine debris; non-taxonomic observation.
GAZP_8,GAZP,8_32,2013,77,1,617,UN_ID_BG,unknown_sp,15,species,cover,0.25,m2,Bare ground; non-taxonomic observation.
GAZP_8,GAZP,8_32,2013,77,1,617,UN_ID_FD,unknown_sp,0.5,species,cover,0.25,m2,Fine debris; non-taxonomic observation.
GAZP_8,GAZP,8_32,2013,77,3,621,UN_ID_BG,unknown_sp,62.5,species,cover,0.25,m2,Bare ground; non-taxonomic observation.
GAZP_8,GAZP,8_32,2013,77,3,621,UN_ID_CD,unknown_sp,3,species,cover,0.25,m2,Meaning could not be determined from the source data.
GAZP_8,GAZP,8_32,2013,77,3,621,UN_ID_FD,unknown_sp,0.1,species,cover,0.25,m2,Fine debris; non-taxonomic observation.
GAZP_8,GAZP,8_32,2013,77,3,622,UN_ID_BG,unknown_sp,85,species,cover,0.25,m2,Bare ground; non-taxonomic observation.
GAZP_8,GAZP,8_32,2013,77,3,622,UN_ID_CD,unknown_sp,0.1,species,cover,0.25,m2,Meaning could not be determined from the source data.
GAZP_8,GAZP,8_32,2013,77,3,622,UN_ID_FD,unknown_sp,0.1,species,cover,0.25,m2,Fine debris; non-taxonomic observation.
GAZP_8,GAZP,8_32,2013,77,3,623,UN_ID_BG,unknown_sp,85,species,cover,0.25,m2,Bare ground; non-taxonomic observation.
GAZP_8,GAZP,8_32,2013,77,3,623,UN_ID_CD,unknown_sp,0.5,species,cover,0.25,m2,Meaning could not be determined from the source data.
GAZP_8,GAZP,8_32,2013,77,3,623,UN_ID_FD,unknown_sp,0.1,species,cover,0.25,m2,Fine debris; non-taxonomic observation.
GAZP_8,GAZP,8_33,2014,177,1,624,UN_ID_BG,unknown_sp,3,species,cover,0.25,m2,Bare ground; non-taxonomic observation.
GAZP_8,GAZP,8_33,2014,177,1,625,UN_ID_BG,unknown_sp,0.5,species,cover,0.25,m2,Bare ground; non-taxonomic observation.
GAZP_8,GAZP,8_33,2014,177,1,626,UN_ID_BG,unknown_sp,15,species,cover,0.25,m2,Bare ground; non-taxonomic observation.
GAZP_8,GAZP,8_33,2014,177,2,627,UN_ID_BG,unknown_sp,62.5,species,cover,0.25,m2,Bare ground; non-taxonomic observation.
GAZP_8,GAZP,8_33,2014,177,2,628,UN_ID_BG,unknown_sp,62.5,species,cover,0.25,m2,Bare ground; non-taxonomic observation.
GAZP_8,GAZP,8_33,2014,177,2,629,UN_ID_BG,unknown_sp,37.5,species,cover,0.25,m2,Bare ground; non-taxonomic observation.
GAZP_8,GAZP,8_33,2014,177,3,630,UN_ID_BG,unknown_sp,97.5,species,cover,0.25,m2,Bare ground; non-taxonomic observation.
GAZP_8,GAZP,8_33,2014,177,3,631,UN_ID_BG,unknown_sp,62.5,species,cover,0.25,m2,Bare ground; non-taxonomic observation.
GAZP_8,GAZP,8_33,2014,177,3,632,UN_ID_BG,unknown_sp,37.5,species,cover,0.25,m2,Bare ground; non-taxonomic observation.
GAZP_8,GAZP,8_33,2012,18,1,624,UN_ID_BG,unknown_sp,97.5,species,cover,0.25,m2,Bare ground; non-taxonomic observation.
GAZP_8,GAZP,8_33,2012,18,1,624,UN_ID_FD,unknown_sp,0.1,species,cover,0.25,m2,Fine debris; non-taxonomic observation.
GAZP_8,GAZP,8_33,2012,18,1,624,UN_ID_TC,unknown_sp,0.1,species,cover,0.25,m2,Total cover; non-taxonomic observation.
GAZP_8,GAZP,8_33,2012,18,1,625,UN_ID_BG,unknown_sp,85,species,cover,0.25,m2,Bare ground; non-taxonomic observation.
GAZP_8,GAZP,8_33,2012,18,1,625,UN_ID_FD,unknown_sp,0.1,species,cover,0.25,m2,Fine debris; non-taxonomic observation.
GAZP_8,GAZP,8_33,2012,18,1,625,UN_ID_TC,unknown_sp,0.1,species,cover,0.25,m2,Total cover; non-taxonomic observation.
GAZP_8,GAZP,8_33,2012,18,1,625,UN_ID_TS,unknown_sp,0.1,species,cover,0.25,m2,Triticale seeds; non-taxonomic observation.
GAZP_8,GAZP,8_33,2012,18,1,626,UN_ID_BG,unknown_sp,97.5,species,cover,0.25,m2,Bare ground; non-taxonomic observation.
GAZP_8,GAZP,8_33,2012,18,1,626,UN_ID_FD,unknown_sp,0.1,species,cover,0.25,m2,Fine debris; non-taxonomic observation.
GAZP_8,GAZP,8_33,2012,18,1,626,UN_ID_TC,unknown_sp,0.1,species,cover,0.25,m2,Total cover; non-taxonomic observation.
GAZP_8,GAZP,8_33,2012,18,2,627,UN_ID_BG,unknown_sp,97.5,species,cover,0.25,m2,Bare ground; non-taxonomic observation.
GAZP_8,GAZP,8_33,2012,18,2,627,UN_ID_FD,unknown_sp,0.1,species,cover,0.25,m2,Fine debris; non-taxonomic observation.
GAZP_8,GAZP,8_33,2012,18,2,627,UN_ID_TC,unknown_sp,0.1,species,cover,0.25,m2,Total cover; non-taxonomic observation.
GAZP_8,GAZP,8_33,2012,18,2,628,UN_ID_BG,unknown_sp,97.5,species,cover,0.25,m2,Bare ground; non-taxonomic observation.
GAZP_8,GAZP,8_33,2012,18,2,628,UN_ID_FD,unknown_sp,0.1,species,cover,0.25,m2,Fine debris; non-taxonomic observation.
GAZP_8,GAZP,8_33,2012,18,2,629,UN_ID_BG,unknown_sp,97.5,species,cover,0.25,m2,Bare ground; non-taxonomic observation.
GAZP_8,GAZP,8_33,2012,18,2,629,UN_ID_FD,unknown_sp,0.1,species,cover,0.25,m2,Fine debris; non-taxonomic observation.
GAZP_8,GAZP,8_33,2012,18,2,629,UN_ID_TC,unknown_sp,0.1,species,cover,0.25,m2,Total cover; non-taxonomic observation.
GAZP_8,GAZP,8_33,2012,18,3,630,UN_ID_BG,unknown_sp,97.5,species,cover,0.25,m2,Bare ground; non-taxonomic observation.
GAZP_8,GAZP,8_33,2012,18,3,630,UN_ID_FD,unknown_sp,0.1,species,cover,0.25,m2,Fine debris; non-taxonomic observation.
GAZP_8,GAZP,8_33,2012,18,3,631,UN_ID_BG,unknown_sp,97.5,species,cover,0.25,m2,Bare ground; non-taxonomic observation.
GAZP_8,GAZP,8_33,2012,18,3,631,UN_ID_FD,unknown_sp,0.1,species,cover,0.25,m2,Fine debris; non-taxonomic observation.
GAZP_8,GAZP,8_33,2012,18,3,632,UN_ID_BG,unknown_sp,97.5,species,cover,0.25,m2,Bare ground; non-taxonomic observation.
GAZP_8,GAZP,8_33,2012,18,3,632,UN_ID_CD,unknown_sp,0.1,species,cover,0.25,m2,Meaning could not be determined from the source data.
GAZP_8,GAZP,8_33,2012,18,3,632,UN_ID_FD,unknown_sp,0.1,species,cover,0.25,m2,Fine debris; non-taxonomic observation.
GAZP_8,GAZP,8_33,2013,77,1,624,UN_ID_BG,unknown_sp,15,species,cover,0.25,m2,Bare ground; non-taxonomic observation.
GAZP_8,GAZP,8_33,2013,77,1,624,UN_ID_FD,unknown_sp,0.5,species,cover,0.25,m2,Fine debris; non-taxonomic observation.
GAZP_8,GAZP,8_33,2013,77,1,625,UN_ID_BG,unknown_sp,3,species,cover,0.25,m2,Bare ground; non-taxonomic observation.
GAZP_8,GAZP,8_33,2013,77,1,625,UN_ID_FD,unknown_sp,0.1,species,cover,0.25,m2,Fine debris; non-taxonomic observation.
GAZP_8,GAZP,8_33,2013,77,1,626,UN_ID_BG,unknown_sp,62.5,species,cover,0.25,m2,Bare ground; non-taxonomic observation.
GAZP_8,GAZP,8_33,2013,77,1,626,UN_ID_FD,unknown_sp,0.5,species,cover,0.25,m2,Fine debris; non-taxonomic observation.
GAZP_8,GAZP,8_33,2013,77,3,630,UN_ID_BG,unknown_sp,97.5,species,cover,0.25,m2,Bare ground; non-taxonomic observation.
GAZP_8,GAZP,8_33,2013,77,3,630,UN_ID_FD,unknown_sp,0.1,species,cover,0.25,m2,Fine debris; non-taxonomic observation.
GAZP_8,GAZP,8_33,2013,77,3,631,UN_ID_BG,unknown_sp,85,species,cover,0.25,m2,Bare ground; non-taxonomic observation.
GAZP_8,GAZP,8_33,2013,77,3,631,UN_ID_CD,unknown_sp,0.1,species,cover,0.25,m2,Meaning could not be determined from the source data.
GAZP_8,GAZP,8_33,2013,77,3,631,UN_ID_FD,unknown_sp,0.1,species,cover,0.25,m2,Fine debris; non-taxonomic observation.
GAZP_8,GAZP,8_33,2013,77,3,632,UN_ID_BG,unknown_sp,97.5,species,cover,0.25,m2,Bare ground; non-taxonomic observation.
GAZP_8,GAZP,8_33,2013,77,3,632,UN_ID_FD,unknown_sp,0.1,species,cover,0.25,m2,Fine debris; non-taxonomic observation.
GAZP_8,GAZP,8_34,2014,177,1,633,UN_ID_BG,unknown_sp,15,species,cover,0.25,m2,Bare ground; non-taxonomic observation.
GAZP_8,GAZP,8_34,2014,177,1,634,UN_ID_BG,unknown_sp,3,species,cover,0.25,m2,Bare ground; non-taxonomic observation.
GAZP_8,GAZP,8_34,2014,177,1,634,UN_ID_biocrust,unknown_sp,3,non-vascular species,cover,0.25,m2,Biocrust; non-taxonomic observation.
GAZP_8,GAZP,8_34,2014,177,1,635,UN_ID_BG,unknown_sp,15,species,cover,0.25,m2,Bare ground; non-taxonomic observation.
GAZP_8,GAZP,8_34,2014,177,2,636,UN_ID_BG,unknown_sp,62.5,species,cover,0.25,m2,Bare ground; non-taxonomic observation.
GAZP_8,GAZP,8_34,2014,177,2,637,UN_ID_BG,unknown_sp,62.5,species,cover,0.25,m2,Bare ground; non-taxonomic observation.
GAZP_8,GAZP,8_34,2014,177,2,638,UN_ID_BG,unknown_sp,62.5,species,cover,0.25,m2,Bare ground; non-taxonomic observation.
GAZP_8,GAZP,8_34,2014,177,3,639,UN_ID_BG,unknown_sp,37.5,species,cover,0.25,m2,Bare ground; non-taxonomic observation.
GAZP_8,GAZP,8_34,2014,177,3,640,UN_ID_BG,unknown_sp,97.5,species,cover,0.25,m2,Bare ground; non-taxonomic observation.
GAZP_8,GAZP,8_34,2014,177,3,641,UN_ID_BG,unknown_sp,37.5,species,cover,0.25,m2,Bare ground; non-taxonomic observation.
GAZP_8,GAZP,8_34,2012,18,1,633,UN_ID_BG,unknown_sp,97.5,species,cover,0.25,m2,Bare ground; non-taxonomic observation.
GAZP_8,GAZP,8_34,2012,18,1,633,UN_ID_FD,unknown_sp,0.1,species,cover,0.25,m2,Fine debris; non-taxonomic observation.
GAZP_8,GAZP,8_34,2012,18,1,633,UN_ID_TC,unknown_sp,0.1,species,cover,0.25,m2,Total cover; non-taxonomic observation.
GAZP_8,GAZP,8_34,2012,18,1,634,UN_ID_BG,unknown_sp,97.5,species,cover,0.25,m2,Bare ground; non-taxonomic observation.
GAZP_8,GAZP,8_34,2012,18,1,634,UN_ID_FD,unknown_sp,0.1,species,cover,0.25,m2,Fine debris; non-taxonomic observation.
GAZP_8,GAZP,8_34,2012,18,1,634,UN_ID_TC,unknown_sp,0.1,species,cover,0.25,m2,Total cover; non-taxonomic observation.
GAZP_8,GAZP,8_34,2012,18,1,634,UN_ID_TS,unknown_sp,0.1,species,cover,0.25,m2,Triticale seeds; non-taxonomic observation.
GAZP_8,GAZP,8_34,2012,18,1,635,UN_ID_BG,unknown_sp,97.5,species,cover,0.25,m2,Bare ground; non-taxonomic observation.
GAZP_8,GAZP,8_34,2012,18,1,635,UN_ID_FD,unknown_sp,0.1,species,cover,0.25,m2,Fine debris; non-taxonomic observation.
GAZP_8,GAZP,8_34,2012,18,1,635,UN_ID_TC,unknown_sp,0.1,species,cover,0.25,m2,Total cover; non-taxonomic observation.
GAZP_8,GAZP,8_34,2012,18,2,636,UN_ID_BG,unknown_sp,97.5,species,cover,0.25,m2,Bare ground; non-taxonomic observation.
GAZP_8,GAZP,8_34,2012,18,2,636,UN_ID_FD,unknown_sp,0.1,species,cover,0.25,m2,Fine debris; non-taxonomic observation.
GAZP_8,GAZP,8_34,2012,18,2,636,UN_ID_TC,unknown_sp,0.1,species,cover,0.25,m2,Total cover; non-taxonomic observation.
GAZP_8,GAZP,8_34,2012,18,2,637,UN_ID_BG,unknown_sp,97.5,species,cover,0.25,m2,Bare ground; non-taxonomic observation.
GAZP_8,GAZP,8_34,2012,18,2,637,UN_ID_FD,unknown_sp,0.1,species,cover,0.25,m2,Fine debris; non-taxonomic observation.
GAZP_8,GAZP,8_34,2012,18,2,638,UN_ID_BG,unknown_sp,97.5,species,cover,0.25,m2,Bare ground; non-taxonomic observation.
GAZP_8,GAZP,8_34,2012,18,2,638,UN_ID_FD,unknown_sp,0.1,species,cover,0.25,m2,Fine debris; non-taxonomic observation.
GAZP_8,GAZP,8_34,2012,18,2,638,UN_ID_TC,unknown_sp,0.1,species,cover,0.25,m2,Total cover; non-taxonomic observation.
GAZP_8,GAZP,8_34,2012,18,3,639,UN_ID_BG,unknown_sp,97.5,species,cover,0.25,m2,Bare ground; non-taxonomic observation.
GAZP_8,GAZP,8_34,2012,18,3,639,UN_ID_FD,unknown_sp,0.1,species,cover,0.25,m2,Fine debris; non-taxonomic observation.
GAZP_8,GAZP,8_34,2012,18,3,640,UN_ID_BG,unknown_sp,97.5,species,cover,0.25,m2,Bare ground; non-taxonomic observation.
GAZP_8,GAZP,8_34,2012,18,3,640,UN_ID_FD,unknown_sp,0.1,species,cover,0.25,m2,Fine debris; non-taxonomic observation.
GAZP_8,GAZP,8_34,2012,18,3,641,UN_ID_BG,unknown_sp,97.5,species,cover,0.25,m2,Bare ground; non-taxonomic observation.
GAZP_8,GAZP,8_34,2012,18,3,641,UN_ID_FD,unknown_sp,0.1,species,cover,0.25,m2,Fine debris; non-taxonomic observation.
GAZP_8,GAZP,8_34,2013,77,1,633,UN_ID_BG,unknown_sp,15,species,cover,0.25,m2,Bare ground; non-taxonomic observation.
GAZP_8,GAZP,8_34,2013,77,1,633,UN_ID_FD,unknown_sp,0.5,species,cover,0.25,m2,Fine debris; non-taxonomic observation.
GAZP_8,GAZP,8_34,2013,77,1,634,UN_ID_BG,unknown_sp,3,species,cover,0.25,m2,Bare ground; non-taxonomic observation.
GAZP_8,GAZP,8_34,2013,77,1,634,UN_ID_FD,unknown_sp,0.5,species,cover,0.25,m2,Fine debris; non-taxonomic observation.
GAZP_8,GAZP,8_34,2013,77,1,635,UN_ID_BG,unknown_sp,62.5,species,cover,0.25,m2,Bare ground; non-taxonomic observation.
GAZP_8,GAZP,8_34,2013,77,1,635,UN_ID_FD,unknown_sp,0.5,species,cover,0.25,m2,Fine debris; non-taxonomic observation.
GAZP_8,GAZP,8_34,2013,77,3,639,UN_ID_BG,unknown_sp,97.5,species,cover,0.25,m2,Bare ground; non-taxonomic observation.
GAZP_8,GAZP,8_34,2013,77,3,639,UN_ID_FD,unknown_sp,0.1,species,cover,0.25,m2,Fine debris; non-taxonomic observation.
GAZP_8,GAZP,8_34,2013,77,3,640,UN_ID_BG,unknown_sp,97.5,species,cover,0.25,m2,Bare ground; non-taxonomic observation.
GAZP_8,GAZP,8_34,2013,77,3,640,UN_ID_FD,unknown_sp,0.1,species,cover,0.25,m2,Fine debris; non-taxonomic observation.
GAZP_8,GAZP,8_34,2013,77,3,641,UN_ID_BG,unknown_sp,85,species,cover,0.25,m2,Bare ground; non-taxonomic observation.
GAZP_8,GAZP,8_34,2013,77,3,641,UN_ID_CD,unknown_sp,0.1,species,cover,0.25,m2,Meaning could not be determined from the source data.
GAZP_8,GAZP,8_34,2013,77,3,641,UN_ID_FD,unknown_sp,0.1,species,cover,0.25,m2,Fine debris; non-taxonomic observation.
GAZP_8,GAZP,8_35,2014,177,1,642,UN_ID_BG,unknown_sp,15,species,cover,0.25,m2,Bare ground; non-taxonomic observation.
GAZP_8,GAZP,8_35,2014,177,1,643,UN_ID_BG,unknown_sp,0.5,species,cover,0.25,m2,Bare ground; non-taxonomic observation.
GAZP_8,GAZP,8_35,2014,177,1,644,UN_ID_BG,unknown_sp,15,species,cover,0.25,m2,Bare ground; non-taxonomic observation.
GAZP_8,GAZP,8_35,2014,177,2,645,UN_ID_BG,unknown_sp,37.5,species,cover,0.25,m2,Bare ground; non-taxonomic observation.
GAZP_8,GAZP,8_35,2014,177,2,646,UN_ID_BG,unknown_sp,85,species,cover,0.25,m2,Bare ground; non-taxonomic observation.
GAZP_8,GAZP,8_35,2014,177,2,647,UN_ID_BG,unknown_sp,62.5,species,cover,0.25,m2,Bare ground; non-taxonomic observation.
GAZP_8,GAZP,8_35,2014,177,3,648,UN_ID_BG,unknown_sp,37.5,species,cover,0.25,m2,Bare ground; non-taxonomic observation.
GAZP_8,GAZP,8_35,2014,177,3,649,UN_ID_BG,unknown_sp,97.5,species,cover,0.25,m2,Bare ground; non-taxonomic observation.
GAZP_8,GAZP,8_35,2014,177,3,650,UN_ID_BG,unknown_sp,62.5,species,cover,0.25,m2,Bare ground; non-taxonomic observation.
GAZP_8,GAZP,8_35,2012,18,1,642,UN_ID_BG,unknown_sp,85,species,cover,0.25,m2,Bare ground; non-taxonomic observation.
GAZP_8,GAZP,8_35,2012,18,1,642,UN_ID_FD,unknown_sp,0.1,species,cover,0.25,m2,Fine debris; non-taxonomic observation.
GAZP_8,GAZP,8_35,2012,18,1,642,UN_ID_TC,unknown_sp,0.5,species,cover,0.25,m2,Total cover; non-taxonomic observation.
GAZP_8,GAZP,8_35,2012,18,1,643,UN_ID_BG,unknown_sp,97.5,species,cover,0.25,m2,Bare ground; non-taxonomic observation.
GAZP_8,GAZP,8_35,2012,18,1,643,UN_ID_FD,unknown_sp,0.1,species,cover,0.25,m2,Fine debris; non-taxonomic observation.
GAZP_8,GAZP,8_35,2012,18,1,643,UN_ID_TC,unknown_sp,0.1,species,cover,0.25,m2,Total cover; non-taxonomic observation.
GAZP_8,GAZP,8_35,2012,18,1,643,UN_ID_TS,unknown_sp,0.1,species,cover,0.25,m2,Triticale seeds; non-taxonomic observation.
GAZP_8,GAZP,8_35,2012,18,1,644,UN_ID_BG,unknown_sp,97.5,species,cover,0.25,m2,Bare ground; non-taxonomic observation.
GAZP_8,GAZP,8_35,2012,18,1,644,UN_ID_FD,unknown_sp,0.1,species,cover,0.25,m2,Fine debris; non-taxonomic observation.
GAZP_8,GAZP,8_35,2012,18,1,644,UN_ID_TC,unknown_sp,0.1,species,cover,0.25,m2,Total cover; non-taxonomic observation.
GAZP_8,GAZP,8_35,2012,18,2,645,UN_ID_BG,unknown_sp,97.5,species,cover,0.25,m2,Bare ground; non-taxonomic observation.
GAZP_8,GAZP,8_35,2012,18,2,645,UN_ID_FD,unknown_sp,0.1,species,cover,0.25,m2,Fine debris; non-taxonomic observation.
GAZP_8,GAZP,8_35,2012,18,2,645,UN_ID_TC,unknown_sp,0.1,species,cover,0.25,m2,Total cover; non-taxonomic observation.
GAZP_8,GAZP,8_35,2012,18,2,646,UN_ID_BG,unknown_sp,97.5,species,cover,0.25,m2,Bare ground; non-taxonomic observation.
GAZP_8,GAZP,8_35,2012,18,2,646,UN_ID_FD,unknown_sp,0.1,species,cover,0.25,m2,Fine debris; non-taxonomic observation.
GAZP_8,GAZP,8_35,2012,18,2,647,UN_ID_BG,unknown_sp,97.5,species,cover,0.25,m2,Bare ground; non-taxonomic observation.
GAZP_8,GAZP,8_35,2012,18,2,647,UN_ID_FD,unknown_sp,0.1,species,cover,0.25,m2,Fine debris; non-taxonomic observation.
GAZP_8,GAZP,8_35,2012,18,2,647,UN_ID_TC,unknown_sp,0.1,species,cover,0.25,m2,Total cover; non-taxonomic observation.
GAZP_8,GAZP,8_35,2012,18,3,648,UN_ID_BG,unknown_sp,97.5,species,cover,0.25,m2,Bare ground; non-taxonomic observation.
GAZP_8,GAZP,8_35,2012,18,3,648,UN_ID_FD,unknown_sp,0.1,species,cover,0.25,m2,Fine debris; non-taxonomic observation.
GAZP_8,GAZP,8_35,2012,18,3,649,UN_ID_BG,unknown_sp,97.5,species,cover,0.25,m2,Bare ground; non-taxonomic observation.
GAZP_8,GAZP,8_35,2012,18,3,649,UN_ID_FD,unknown_sp,0.1,species,cover,0.25,m2,Fine debris; non-taxonomic observation.
GAZP_8,GAZP,8_35,2012,18,3,650,UN_ID_BG,unknown_sp,97.5,species,cover,0.25,m2,Bare ground; non-taxonomic observation.
GAZP_8,GAZP,8_35,2012,18,3,650,UN_ID_FD,unknown_sp,0.1,species,cover,0.25,m2,Fine debris; non-taxonomic observation.
GAZP_8,GAZP,8_35,2013,77,1,642,UN_ID_BG,unknown_sp,37.5,species,cover,0.25,m2,Bare ground; non-taxonomic observation.
GAZP_8,GAZP,8_35,2013,77,1,642,UN_ID_FD,unknown_sp,0.5,species,cover,0.25,m2,Fine debris; non-taxonomic observation.
GAZP_8,GAZP,8_35,2013,77,1,643,UN_ID_BG,unknown_sp,3,species,cover,0.25,m2,Bare ground; non-taxonomic observation.
GAZP_8,GAZP,8_35,2013,77,1,643,UN_ID_FD,unknown_sp,0.5,species,cover,0.25,m2,Fine debris; non-taxonomic observation.
GAZP_8,GAZP,8_35,2013,77,1,644,UN_ID_BG,unknown_sp,15,species,cover,0.25,m2,Bare ground; non-taxonomic observation.
GAZP_8,GAZP,8_35,2013,77,1,644,UN_ID_FD,unknown_sp,0.5,species,cover,0.25,m2,Fine debris; non-taxonomic observation.
GAZP_8,GAZP,8_35,2013,77,3,648,UN_ID_BG,unknown_sp,97.5,species,cover,0.25,m2,Bare ground; non-taxonomic observation.
GAZP_8,GAZP,8_35,2013,77,3,648,UN_ID_FD,unknown_sp,0.1,species,cover,0.25,m2,Fine debris; non-taxonomic observation.
GAZP_8,GAZP,8_35,2013,77,3,649,UN_ID_BG,unknown_sp,85,species,cover,0.25,m2,Bare ground; non-taxonomic observation.
GAZP_8,GAZP,8_35,2013,77,3,649,UN_ID_CD,unknown_sp,0.5,species,cover,0.25,m2,Meaning could not be determined from the source data.
GAZP_8,GAZP,8_35,2013,77,3,649,UN_ID_FD,unknown_sp,0.1,species,cover,0.25,m2,Fine debris; non-taxonomic observation.
GAZP_8,GAZP,8_35,2013,77,3,650,UN_ID_BG,unknown_sp,85,species,cover,0.25,m2,Bare ground; non-taxonomic observation.
GAZP_8,GAZP,8_35,2013,77,3,650,UN_ID_CD,unknown_sp,0.5,species,cover,0.25,m2,Meaning could not be determined from the source data.
GAZP_8,GAZP,8_35,2013,77,3,650,UN_ID_FD,unknown_sp,0.1,species,cover,0.25,m2,Fine debris; non-taxonomic observation.
GAZP_8,GAZP,8_36,2014,177,1,651,UN_ID_BG,unknown_sp,37.5,species,cover,0.25,m2,Bare ground; non-taxonomic observation.
GAZP_8,GAZP,8_36,2014,177,1,667,UN_ID_BG,unknown_sp,15,species,cover,0.25,m2,Bare ground; non-taxonomic observation.
GAZP_8,GAZP,8_36,2014,177,1,683,UN_ID_BG,unknown_sp,3,species,cover,0.25,m2,Bare ground; non-taxonomic observation.
GAZP_8,GAZP,8_36,2014,177,2,699,UN_ID_BG,unknown_sp,37.5,species,cover,0.25,m2,Bare ground; non-taxonomic observation.
GAZP_8,GAZP,8_36,2014,177,2,699,UN_ID_WOC,unknown_sp,0.5,species,cover,0.25,m2,Meaning could not be determined from the source data.
GAZP_8,GAZP,8_36,2014,177,2,715,UN_ID_BG,unknown_sp,62.5,species,cover,0.25,m2,Bare ground; non-taxonomic observation.
GAZP_8,GAZP,8_36,2014,177,2,731,UN_ID_BG,unknown_sp,37.5,species,cover,0.25,m2,Bare ground; non-taxonomic observation.
GAZP_8,GAZP,8_36,2014,177,3,747,UN_ID_BG,unknown_sp,85,species,cover,0.25,m2,Bare ground; non-taxonomic observation.
GAZP_8,GAZP,8_36,2014,177,3,763,UN_ID_BG,unknown_sp,62.5,species,cover,0.25,m2,Bare ground; non-taxonomic observation.
GAZP_8,GAZP,8_36,2014,177,3,764,UN_ID_BG,unknown_sp,37.5,species,cover,0.25,m2,Bare ground; non-taxonomic observation.
GAZP_8,GAZP,8_36,2014,177,3,765,UN_ID_BG,unknown_sp,37.5,species,cover,0.25,m2,Bare ground; non-taxonomic observation.
GAZP_8,GAZP,8_36,2014,177,3,766,UN_ID_BG,unknown_sp,15,species,cover,0.25,m2,Bare ground; non-taxonomic observation.
GAZP_8,GAZP,8_36,2014,177,3,767,UN_ID_BG,unknown_sp,62.5,species,cover,0.25,m2,Bare ground; non-taxonomic observation.
GAZP_8,GAZP,8_36,2014,177,3,768,UN_ID_BG,unknown_sp,85,species,cover,0.25,m2,Bare ground; non-taxonomic observation.
GAZP_8,GAZP,8_36,2014,177,3,769,UN_ID_BG,unknown_sp,15,species,cover,0.25,m2,Bare ground; non-taxonomic observation.
GAZP_8,GAZP,8_36,2014,177,3,770,UN_ID_BG,unknown_sp,97.5,species,cover,0.25,m2,Bare ground; non-taxonomic observation.
GAZP_8,GAZP,8_36,2014,177,3,771,UN_ID_BG,unknown_sp,85,species,cover,0.25,m2,Bare ground; non-taxonomic observation.
GAZP_8,GAZP,8_36,2014,177,3,772,UN_ID_BG,unknown_sp,62.5,species,cover,0.25,m2,Bare ground; non-taxonomic observation.
GAZP_8,GAZP,8_36,2014,177,3,773,UN_ID_BG,unknown_sp,97.5,species,cover,0.25,m2,Bare ground; non-taxonomic observation.
GAZP_8,GAZP,8_36,2014,177,3,774,UN_ID_BG,unknown_sp,85,species,cover,0.25,m2,Bare ground; non-taxonomic observation.
GAZP_8,GAZP,8_36,2014,177,3,775,UN_ID_BG,unknown_sp,37.5,species,cover,0.25,m2,Bare ground; non-taxonomic observation.
GAZP_8,GAZP,8_36,2014,177,3,776,UN_ID_BG,unknown_sp,97.5,species,cover,0.25,m2,Bare ground; non-taxonomic observation.
GAZP_8,GAZP,8_36,2014,177,3,777,UN_ID_BG,unknown_sp,97.5,species,cover,0.25,m2,Bare ground; non-taxonomic observation.
GAZP_8,GAZP,8_36,2014,177,3,778,UN_ID_BG,unknown_sp,62.5,species,cover,0.25,m2,Bare ground; non-taxonomic observation.
GAZP_8,GAZP,8_36,2014,177,3,779,UN_ID_BG,unknown_sp,62.5,species,cover,0.25,m2,Bare ground; non-taxonomic observation.
GAZP_8,GAZP,8_36,2012,18,1,651,UN_ID_BG,unknown_sp,97.5,species,cover,0.25,m2,Bare ground; non-taxonomic observation.
GAZP_8,GAZP,8_36,2012,18,1,651,UN_ID_FD,unknown_sp,0.1,species,cover,0.25,m2,Fine debris; non-taxonomic observation.
GAZP_8,GAZP,8_36,2012,18,1,651,UN_ID_TC,unknown_sp,0.1,species,cover,0.25,m2,Total cover; non-taxonomic observation.
GAZP_8,GAZP,8_36,2012,18,1,652,UN_ID_BG,unknown_sp,97.5,species,cover,0.25,m2,Bare ground; non-taxonomic observation.
GAZP_8,GAZP,8_36,2012,18,1,652,UN_ID_FD,unknown_sp,0.1,species,cover,0.25,m2,Fine debris; non-taxonomic observation.
GAZP_8,GAZP,8_36,2012,18,1,652,UN_ID_TC,unknown_sp,0.1,species,cover,0.25,m2,Total cover; non-taxonomic observation.
GAZP_8,GAZP,8_36,2012,18,1,653,UN_ID_BG,unknown_sp,97.5,species,cover,0.25,m2,Bare ground; non-taxonomic observation.
GAZP_8,GAZP,8_36,2012,18,1,653,UN_ID_FD,unknown_sp,0.1,species,cover,0.25,m2,Fine debris; non-taxonomic observation.
GAZP_8,GAZP,8_36,2012,18,1,653,UN_ID_TC,unknown_sp,0.1,species,cover,0.25,m2,Total cover; non-taxonomic observation.
GAZP_8,GAZP,8_36,2012,18,1,654,UN_ID_BG,unknown_sp,97.5,species,cover,0.25,m2,Bare ground; non-taxonomic observation.
GAZP_8,GAZP,8_36,2012,18,1,654,UN_ID_FD,unknown_sp,0.1,species,cover,0.25,m2,Fine debris; non-taxonomic observation.
GAZP_8,GAZP,8_36,2012,18,1,654,UN_ID_TC,unknown_sp,0.1,species,cover,0.25,m2,Total cover; non-taxonomic observation.
GAZP_8,GAZP,8_36,2012,18,1,655,UN_ID_BG,unknown_sp,97.5,species,cover,0.25,m2,Bare ground; non-taxonomic observation.
GAZP_8,GAZP,8_36,2012,18,1,655,UN_ID_FD,unknown_sp,0.1,species,cover,0.25,m2,Fine debris; non-taxonomic observation.
GAZP_8,GAZP,8_36,2012,18,1,655,UN_ID_TC,unknown_sp,0.1,species,cover,0.25,m2,Total cover; non-taxonomic observation.
GAZP_8,GAZP,8_36,2012,18,1,656,UN_ID_BG,unknown_sp,97.5,species,cover,0.25,m2,Bare ground; non-taxonomic observation.
GAZP_8,GAZP,8_36,2012,18,1,656,UN_ID_FD,unknown_sp,0.1,species,cover,0.25,m2,Fine debris; non-taxonomic observation.
GAZP_8,GAZP,8_36,2012,18,1,656,UN_ID_TC,unknown_sp,0.1,species,cover,0.25,m2,Total cover; non-taxonomic observation.
GAZP_8,GAZP,8_36,2012,18,1,657,UN_ID_BG,unknown_sp,97.5,species,cover,0.25,m2,Bare ground; non-taxonomic observation.
GAZP_8,GAZP,8_36,2012,18,1,657,UN_ID_FD,unknown_sp,0.1,species,cover,0.25,m2,Fine debris; non-taxonomic observation.
GAZP_8,GAZP,8_36,2012,18,1,657,UN_ID_GW,unknown_sp,0.1,species,cover,0.25,m2,Meaning could not be determined from the source data.
GAZP_8,GAZP,8_36,2012,18,1,657,UN_ID_TC,unknown_sp,0.1,species,cover,0.25,m2,Total cover; non-taxonomic observation.
GAZP_8,GAZP,8_36,2012,18,1,658,UN_ID_BG,unknown_sp,97.5,species,cover,0.25,m2,Bare ground; non-taxonomic observation.
GAZP_8,GAZP,8_36,2012,18,1,658,UN_ID_FD,unknown_sp,0.1,species,cover,0.25,m2,Fine debris; non-taxonomic observation.
GAZP_8,GAZP,8_36,2012,18,1,658,UN_ID_GW,unknown_sp,0.1,species,cover,0.25,m2,Meaning could not be determined from the source data.
GAZP_8,GAZP,8_36,2012,18,1,658,UN_ID_TC,unknown_sp,0.1,species,cover,0.25,m2,Total cover; non-taxonomic observation.
GAZP_8,GAZP,8_36,2012,18,1,659,UN_ID_BG,unknown_sp,97.5,species,cover,0.25,m2,Bare ground; non-taxonomic observation.
GAZP_8,GAZP,8_36,2012,18,1,659,UN_ID_FD,unknown_sp,0.1,species,cover,0.25,m2,Fine debris; non-taxonomic observation.
GAZP_8,GAZP,8_36,2012,18,1,659,UN_ID_TC,unknown_sp,0.1,species,cover,0.25,m2,Total cover; non-taxonomic observation.
GAZP_8,GAZP,8_36,2012,18,1,660,UN_ID_BG,unknown_sp,97.5,species,cover,0.25,m2,Bare ground; non-taxonomic observation.
GAZP_8,GAZP,8_36,2012,18,1,660,UN_ID_FD,unknown_sp,0.1,species,cover,0.25,m2,Fine debris; non-taxonomic observation.
GAZP_8,GAZP,8_36,2012,18,1,660,UN_ID_TC,unknown_sp,0.1,species,cover,0.25,m2,Total cover; non-taxonomic observation.
GAZP_8,GAZP,8_36,2012,18,1,661,UN_ID_BG,unknown_sp,97.5,species,cover,0.25,m2,Bare ground; non-taxonomic observation.
GAZP_8,GAZP,8_36,2012,18,1,661,UN_ID_FD,unknown_sp,0.1,species,cover,0.25,m2,Fine debris; non-taxonomic observation.
GAZP_8,GAZP,8_36,2012,18,1,661,UN_ID_TC,unknown_sp,0.1,species,cover,0.25,m2,Total cover; non-taxonomic observation.
GAZP_8,GAZP,8_36,2012,18,1,662,UN_ID_BG,unknown_sp,97.5,species,cover,0.25,m2,Bare ground; non-taxonomic observation.
GAZP_8,GAZP,8_36,2012,18,1,662,UN_ID_FD,unknown_sp,0.1,species,cover,0.25,m2,Fine debris; non-taxonomic observation.
GAZP_8,GAZP,8_36,2012,18,1,662,UN_ID_TC,unknown_sp,0.1,species,cover,0.25,m2,Total cover; non-taxonomic observation.
GAZP_8,GAZP,8_36,2012,18,1,663,UN_ID_BG,unknown_sp,97.5,species,cover,0.25,m2,Bare ground; non-taxonomic observation.
GAZP_8,GAZP,8_36,2012,18,1,663,UN_ID_FD,unknown_sp,0.1,species,cover,0.25,m2,Fine debris; non-taxonomic observation.
GAZP_8,GAZP,8_36,2012,18,1,663,UN_ID_TC,unknown_sp,0.1,species,cover,0.25,m2,Total cover; non-taxonomic observation.
GAZP_8,GAZP,8_36,2012,18,1,664,UN_ID_BG,unknown_sp,97.5,species,cover,0.25,m2,Bare ground; non-taxonomic observation.
GAZP_8,GAZP,8_36,2012,18,1,664,UN_ID_FD,unknown_sp,0.1,species,cover,0.25,m2,Fine debris; non-taxonomic observation.
GAZP_8,GAZP,8_36,2012,18,1,664,UN_ID_TC,unknown_sp,0.1,species,cover,0.25,m2,Total cover; non-taxonomic observation.
GAZP_8,GAZP,8_36,2012,18,1,665,UN_ID_BG,unknown_sp,97.5,species,cover,0.25,m2,Bare ground; non-taxonomic observation.
GAZP_8,GAZP,8_36,2012,18,1,665,UN_ID_FD,unknown_sp,0.1,species,cover,0.25,m2,Fine debris; non-taxonomic observation.
GAZP_8,GAZP,8_36,2012,18,1,665,UN_ID_TC,unknown_sp,0.1,species,cover,0.25,m2,Total cover; non-taxonomic observation.
GAZP_8,GAZP,8_36,2012,18,1,666,UN_ID_BG,unknown_sp,97.5,species,cover,0.25,m2,Bare ground; non-taxonomic observation.
GAZP_8,GAZP,8_36,2012,18,1,666,UN_ID_FD,unknown_sp,0.1,species,cover,0.25,m2,Fine debris; non-taxonomic observation.
GAZP_8,GAZP,8_36,2012,18,1,666,UN_ID_TC,unknown_sp,0.1,species,cover,0.25,m2,Total cover; non-taxonomic observation.
GAZP_8,GAZP,8_36,2012,18,1,667,UN_ID_BG,unknown_sp,97.5,species,cover,0.25,m2,Bare ground; non-taxonomic observation.
GAZP_8,GAZP,8_36,2012,18,1,667,UN_ID_FD,unknown_sp,0.1,species,cover,0.25,m2,Fine debris; non-taxonomic observation.
GAZP_8,GAZP,8_36,2012,18,1,667,UN_ID_TC,unknown_sp,0.1,species,cover,0.25,m2,Total cover; non-taxonomic observation.
GAZP_8,GAZP,8_36,2012,18,1,668,UN_ID_BG,unknown_sp,97.5,species,cover,0.25,m2,Bare ground; non-taxonomic observation.
GAZP_8,GAZP,8_36,2012,18,1,668,UN_ID_FD,unknown_sp,0.1,species,cover,0.25,m2,Fine debris; non-taxonomic observation.
GAZP_8,GAZP,8_36,2012,18,1,668,UN_ID_TC,unknown_sp,0.1,species,cover,0.25,m2,Total cover; non-taxonomic observation.
GAZP_8,GAZP,8_36,2012,18,1,669,UN_ID_BG,unknown_sp,97.5,species,cover,0.25,m2,Bare ground; non-taxonomic observation.
GAZP_8,GAZP,8_36,2012,18,1,669,UN_ID_FD,unknown_sp,0.1,species,cover,0.25,m2,Fine debris; non-taxonomic observation.
GAZP_8,GAZP,8_36,2012,18,1,669,UN_ID_TC,unknown_sp,0.1,species,cover,0.25,m2,Total cover; non-taxonomic observation.
GAZP_8,GAZP,8_36,2012,18,1,670,UN_ID_BG,unknown_sp,97.5,species,cover,0.25,m2,Bare ground; non-taxonomic observation.
GAZP_8,GAZP,8_36,2012,18,1,670,UN_ID_FD,unknown_sp,0.1,species,cover,0.25,m2,Fine debris; non-taxonomic observation.
GAZP_8,GAZP,8_36,2012,18,1,670,UN_ID_TC,unknown_sp,0.1,species,cover,0.25,m2,Total cover; non-taxonomic observation.
GAZP_8,GAZP,8_36,2012,18,1,671,UN_ID_BG,unknown_sp,97.5,species,cover,0.25,m2,Bare ground; non-taxonomic observation.
GAZP_8,GAZP,8_36,2012,18,1,671,UN_ID_FD,unknown_sp,0.1,species,cover,0.25,m2,Fine debris; non-taxonomic observation.
GAZP_8,GAZP,8_36,2012,18,1,671,UN_ID_TC,unknown_sp,0.1,species,cover,0.25,m2,Total cover; non-taxonomic observation.
GAZP_8,GAZP,8_36,2012,18,1,672,UN_ID_BG,unknown_sp,97.5,species,cover,0.25,m2,Bare ground; non-taxonomic observation.
GAZP_8,GAZP,8_36,2012,18,1,672,UN_ID_FD,unknown_sp,0.1,species,cover,0.25,m2,Fine debris; non-taxonomic observation.
GAZP_8,GAZP,8_36,2012,18,1,672,UN_ID_TC,unknown_sp,0.1,species,cover,0.25,m2,Total cover; non-taxonomic observation.
GAZP_8,GAZP,8_36,2012,18,1,673,UN_ID_BG,unknown_sp,97.5,species,cover,0.25,m2,Bare ground; non-taxonomic observation.
GAZP_8,GAZP,8_36,2012,18,1,673,UN_ID_FD,unknown_sp,0.1,species,cover,0.25,m2,Fine debris; non-taxonomic observation.
GAZP_8,GAZP,8_36,2012,18,1,673,UN_ID_TC,unknown_sp,0.1,species,cover,0.25,m2,Total cover; non-taxonomic observation.
GAZP_8,GAZP,8_36,2012,18,1,674,UN_ID_BG,unknown_sp,97.5,species,cover,0.25,m2,Bare ground; non-taxonomic observation.
GAZP_8,GAZP,8_36,2012,18,1,674,UN_ID_FD,unknown_sp,0.1,species,cover,0.25,m2,Fine debris; non-taxonomic observation.
GAZP_8,GAZP,8_36,2012,18,1,674,UN_ID_TC,unknown_sp,0.1,species,cover,0.25,m2,Total cover; non-taxonomic observation.
GAZP_8,GAZP,8_36,2012,18,1,675,UN_ID_BG,unknown_sp,97.5,species,cover,0.25,m2,Bare ground; non-taxonomic observation.
GAZP_8,GAZP,8_36,2012,18,1,675,UN_ID_FD,unknown_sp,0.1,species,cover,0.25,m2,Fine debris; non-taxonomic observation.
GAZP_8,GAZP,8_36,2012,18,1,675,UN_ID_TC,unknown_sp,0.1,species,cover,0.25,m2,Total cover; non-taxonomic observation.
GAZP_8,GAZP,8_36,2012,18,1,676,UN_ID_BG,unknown_sp,97.5,species,cover,0.25,m2,Bare ground; non-taxonomic observation.
GAZP_8,GAZP,8_36,2012,18,1,676,UN_ID_FD,unknown_sp,0.1,species,cover,0.25,m2,Fine debris; non-taxonomic observation.
GAZP_8,GAZP,8_36,2012,18,1,676,UN_ID_TC,unknown_sp,0.1,species,cover,0.25,m2,Total cover; non-taxonomic observation.
GAZP_8,GAZP,8_36,2012,18,1,677,UN_ID_BG,unknown_sp,97.5,species,cover,0.25,m2,Bare ground; non-taxonomic observation.
GAZP_8,GAZP,8_36,2012,18,1,677,UN_ID_FD,unknown_sp,0.1,species,cover,0.25,m2,Fine debris; non-taxonomic observation.
GAZP_8,GAZP,8_36,2012,18,1,677,UN_ID_TC,unknown_sp,0.1,species,cover,0.25,m2,Total cover; non-taxonomic observation.
GAZP_8,GAZP,8_36,2012,18,1,678,UN_ID_BG,unknown_sp,97.5,species,cover,0.25,m2,Bare ground; non-taxonomic observation.
GAZP_8,GAZP,8_36,2012,18,1,678,UN_ID_FD,unknown_sp,0.1,species,cover,0.25,m2,Fine debris; non-taxonomic observation.
GAZP_8,GAZP,8_36,2012,18,1,678,UN_ID_TC,unknown_sp,0.1,species,cover,0.25,m2,Total cover; non-taxonomic observation.
GAZP_8,GAZP,8_36,2012,18,1,679,UN_ID_BG,unknown_sp,97.5,species,cover,0.25,m2,Bare ground; non-taxonomic observation.
GAZP_8,GAZP,8_36,2012,18,1,679,UN_ID_FD,unknown_sp,0.1,species,cover,0.25,m2,Fine debris; non-taxonomic observation.
GAZP_8,GAZP,8_36,2012,18,1,679,UN_ID_TC,unknown_sp,0.1,species,cover,0.25,m2,Total cover; non-taxonomic observation.
GAZP_8,GAZP,8_36,2012,18,1,680,UN_ID_BG,unknown_sp,97.5,species,cover,0.25,m2,Bare ground; non-taxonomic observation.
GAZP_8,GAZP,8_36,2012,18,1,680,UN_ID_FD,unknown_sp,0.1,species,cover,0.25,m2,Fine debris; non-taxonomic observation.
GAZP_8,GAZP,8_36,2012,18,1,680,UN_ID_TC,unknown_sp,0.1,species,cover,0.25,m2,Total cover; non-taxonomic observation.
GAZP_8,GAZP,8_36,2012,18,1,681,UN_ID_BG,unknown_sp,97.5,species,cover,0.25,m2,Bare ground; non-taxonomic observation.
GAZP_8,GAZP,8_36,2012,18,1,681,UN_ID_FD,unknown_sp,0.1,species,cover,0.25,m2,Fine debris; non-taxonomic observation.
GAZP_8,GAZP,8_36,2012,18,1,681,UN_ID_TC,unknown_sp,0.1,species,cover,0.25,m2,Total cover; non-taxonomic observation.
GAZP_8,GAZP,8_36,2012,18,1,682,UN_ID_BG,unknown_sp,97.5,species,cover,0.25,m2,Bare ground; non-taxonomic observation.
GAZP_8,GAZP,8_36,2012,18,1,682,UN_ID_FD,unknown_sp,0.1,species,cover,0.25,m2,Fine debris; non-taxonomic observation.
GAZP_8,GAZP,8_36,2012,18,1,682,UN_ID_TC,unknown_sp,0.1,species,cover,0.25,m2,Total cover; non-taxonomic observation.
GAZP_8,GAZP,8_36,2012,18,1,683,UN_ID_BG,unknown_sp,97.5,species,cover,0.25,m2,Bare ground; non-taxonomic observation.
GAZP_8,GAZP,8_36,2012,18,1,683,UN_ID_FD,unknown_sp,0.1,species,cover,0.25,m2,Fine debris; non-taxonomic observation.
GAZP_8,GAZP,8_36,2012,18,1,683,UN_ID_TC,unknown_sp,0.1,species,cover,0.25,m2,Total cover; non-taxonomic observation.
GAZP_8,GAZP,8_36,2012,18,1,684,UN_ID_BG,unknown_sp,97.5,species,cover,0.25,m2,Bare ground; non-taxonomic observation.
GAZP_8,GAZP,8_36,2012,18,1,684,UN_ID_FD,unknown_sp,0.1,species,cover,0.25,m2,Fine debris; non-taxonomic observation.
GAZP_8,GAZP,8_36,2012,18,1,684,UN_ID_TC,unknown_sp,0.1,species,cover,0.25,m2,Total cover; non-taxonomic observation.
GAZP_8,GAZP,8_36,2012,18,1,685,UN_ID_BG,unknown_sp,97.5,species,cover,0.25,m2,Bare ground; non-taxonomic observation.
GAZP_8,GAZP,8_36,2012,18,1,685,UN_ID_FD,unknown_sp,0.1,species,cover,0.25,m2,Fine debris; non-taxonomic observation.
GAZP_8,GAZP,8_36,2012,18,1,685,UN_ID_TC,unknown_sp,0.1,species,cover,0.25,m2,Total cover; non-taxonomic observation.
GAZP_8,GAZP,8_36,2012,18,1,686,UN_ID_BG,unknown_sp,97.5,species,cover,0.25,m2,Bare ground; non-taxonomic observation.
GAZP_8,GAZP,8_36,2012,18,1,686,UN_ID_FD,unknown_sp,0.1,species,cover,0.25,m2,Fine debris; non-taxonomic observation.
GAZP_8,GAZP,8_36,2012,18,1,686,UN_ID_TC,unknown_sp,0.1,species,cover,0.25,m2,Total cover; non-taxonomic observation.
GAZP_8,GAZP,8_36,2012,18,1,687,UN_ID_BG,unknown_sp,97.5,species,cover,0.25,m2,Bare ground; non-taxonomic observation.
GAZP_8,GAZP,8_36,2012,18,1,687,UN_ID_FD,unknown_sp,0.1,species,cover,0.25,m2,Fine debris; non-taxonomic observation.
GAZP_8,GAZP,8_36,2012,18,1,687,UN_ID_TC,unknown_sp,0.1,species,cover,0.25,m2,Total cover; non-taxonomic observation.
GAZP_8,GAZP,8_36,2012,18,1,688,UN_ID_BG,unknown_sp,97.5,species,cover,0.25,m2,Bare ground; non-taxonomic observation.
GAZP_8,GAZP,8_36,2012,18,1,688,UN_ID_FD,unknown_sp,0.1,species,cover,0.25,m2,Fine debris; non-taxonomic observation.
GAZP_8,GAZP,8_36,2012,18,1,688,UN_ID_TC,unknown_sp,0.1,species,cover,0.25,m2,Total cover; non-taxonomic observation.
GAZP_8,GAZP,8_36,2012,18,1,689,UN_ID_BG,unknown_sp,97.5,species,cover,0.25,m2,Bare ground; non-taxonomic observation.
GAZP_8,GAZP,8_36,2012,18,1,689,UN_ID_FD,unknown_sp,0.1,species,cover,0.25,m2,Fine debris; non-taxonomic observation.
GAZP_8,GAZP,8_36,2012,18,1,689,UN_ID_TC,unknown_sp,0.1,species,cover,0.25,m2,Total cover; non-taxonomic observation.
GAZP_8,GAZP,8_36,2012,18,1,690,UN_ID_BG,unknown_sp,97.5,species,cover,0.25,m2,Bare ground; non-taxonomic observation.
GAZP_8,GAZP,8_36,2012,18,1,690,UN_ID_FD,unknown_sp,0.1,species,cover,0.25,m2,Fine debris; non-taxonomic observation.
GAZP_8,GAZP,8_36,2012,18,1,690,UN_ID_TC,unknown_sp,0.1,species,cover,0.25,m2,Total cover; non-taxonomic observation.
GAZP_8,GAZP,8_36,2012,18,1,691,UN_ID_BG,unknown_sp,97.5,species,cover,0.25,m2,Bare ground; non-taxonomic observation.
GAZP_8,GAZP,8_36,2012,18,1,691,UN_ID_FD,unknown_sp,0.1,species,cover,0.25,m2,Fine debris; non-taxonomic observation.
GAZP_8,GAZP,8_36,2012,18,1,691,UN_ID_TC,unknown_sp,0.1,species,cover,0.25,m2,Total cover; non-taxonomic observation.
GAZP_8,GAZP,8_36,2012,18,1,692,UN_ID_BG,unknown_sp,97.5,species,cover,0.25,m2,Bare ground; non-taxonomic observation.
GAZP_8,GAZP,8_36,2012,18,1,692,UN_ID_FD,unknown_sp,0.1,species,cover,0.25,m2,Fine debris; non-taxonomic observation.
GAZP_8,GAZP,8_36,2012,18,1,692,UN_ID_TC,unknown_sp,0.1,species,cover,0.25,m2,Total cover; non-taxonomic observation.
GAZP_8,GAZP,8_36,2012,18,1,693,UN_ID_BG,unknown_sp,97.5,species,cover,0.25,m2,Bare ground; non-taxonomic observation.
GAZP_8,GAZP,8_36,2012,18,1,693,UN_ID_FD,unknown_sp,0.1,species,cover,0.25,m2,Fine debris; non-taxonomic observation.
GAZP_8,GAZP,8_36,2012,18,1,693,UN_ID_TC,unknown_sp,0.1,species,cover,0.25,m2,Total cover; non-taxonomic observation.
GAZP_8,GAZP,8_36,2012,18,1,694,UN_ID_BG,unknown_sp,97.5,species,cover,0.25,m2,Bare ground; non-taxonomic observation.
GAZP_8,GAZP,8_36,2012,18,1,694,UN_ID_FD,unknown_sp,0.1,species,cover,0.25,m2,Fine debris; non-taxonomic observation.
GAZP_8,GAZP,8_36,2012,18,1,694,UN_ID_TC,unknown_sp,0.1,species,cover,0.25,m2,Total cover; non-taxonomic observation.
GAZP_8,GAZP,8_36,2012,18,1,695,UN_ID_BG,unknown_sp,97.5,species,cover,0.25,m2,Bare ground; non-taxonomic observation.
GAZP_8,GAZP,8_36,2012,18,1,695,UN_ID_FD,unknown_sp,0.1,species,cover,0.25,m2,Fine debris; non-taxonomic observation.
GAZP_8,GAZP,8_36,2012,18,1,695,UN_ID_TC,unknown_sp,0.1,species,cover,0.25,m2,Total cover; non-taxonomic observation.
GAZP_8,GAZP,8_36,2012,18,1,696,UN_ID_BG,unknown_sp,97.5,species,cover,0.25,m2,Bare ground; non-taxonomic observation.
GAZP_8,GAZP,8_36,2012,18,1,696,UN_ID_FD,unknown_sp,0.1,species,cover,0.25,m2,Fine debris; non-taxonomic observation.
GAZP_8,GAZP,8_36,2012,18,1,696,UN_ID_TC,unknown_sp,0.1,species,cover,0.25,m2,Total cover; non-taxonomic observation.
GAZP_8,GAZP,8_36,2012,18,1,697,UN_ID_BG,unknown_sp,97.5,species,cover,0.25,m2,Bare ground; non-taxonomic observation.
GAZP_8,GAZP,8_36,2012,18,1,697,UN_ID_FD,unknown_sp,0.1,species,cover,0.25,m2,Fine debris; non-taxonomic observation.
GAZP_8,GAZP,8_36,2012,18,1,697,UN_ID_TC,unknown_sp,0.1,species,cover,0.25,m2,Total cover; non-taxonomic observation.
GAZP_8,GAZP,8_36,2012,18,1,698,UN_ID_BG,unknown_sp,97.5,species,cover,0.25,m2,Bare ground; non-taxonomic observation.
GAZP_8,GAZP,8_36,2012,18,1,698,UN_ID_FD,unknown_sp,0.1,species,cover,0.25,m2,Fine debris; non-taxonomic observation.
GAZP_8,GAZP,8_36,2012,18,1,698,UN_ID_TC,unknown_sp,0.1,species,cover,0.25,m2,Total cover; non-taxonomic observation.
GAZP_8,GAZP,8_36,2012,18,2,699,UN_ID_BG,unknown_sp,97.5,species,cover,0.25,m2,Bare ground; non-taxonomic observation.
GAZP_8,GAZP,8_36,2012,18,2,699,UN_ID_FD,unknown_sp,0.1,species,cover,0.25,m2,Fine debris; non-taxonomic observation.
GAZP_8,GAZP,8_36,2012,18,2,699,UN_ID_TC,unknown_sp,0.1,species,cover,0.25,m2,Total cover; non-taxonomic observation.
GAZP_8,GAZP,8_36,2012,18,2,700,UN_ID_BG,unknown_sp,97.5,species,cover,0.25,m2,Bare ground; non-taxonomic observation.
GAZP_8,GAZP,8_36,2012,18,2,700,UN_ID_FD,unknown_sp,0.1,species,cover,0.25,m2,Fine debris; non-taxonomic observation.
GAZP_8,GAZP,8_36,2012,18,2,700,UN_ID_TC,unknown_sp,0.1,species,cover,0.25,m2,Total cover; non-taxonomic observation.
GAZP_8,GAZP,8_36,2012,18,2,701,UN_ID_BG,unknown_sp,97.5,species,cover,0.25,m2,Bare ground; non-taxonomic observation.
GAZP_8,GAZP,8_36,2012,18,2,701,UN_ID_FD,unknown_sp,0.1,species,cover,0.25,m2,Fine debris; non-taxonomic observation.
GAZP_8,GAZP,8_36,2012,18,2,701,UN_ID_TC,unknown_sp,0.1,species,cover,0.25,m2,Total cover; non-taxonomic observation.
GAZP_8,GAZP,8_36,2012,18,2,702,UN_ID_BG,unknown_sp,97.5,species,cover,0.25,m2,Bare ground; non-taxonomic observation.
GAZP_8,GAZP,8_36,2012,18,2,702,UN_ID_FD,unknown_sp,0.1,species,cover,0.25,m2,Fine debris; non-taxonomic observation.
GAZP_8,GAZP,8_36,2012,18,2,702,UN_ID_TC,unknown_sp,0.1,species,cover,0.25,m2,Total cover; non-taxonomic observation.
GAZP_8,GAZP,8_36,2012,18,2,703,UN_ID_BG,unknown_sp,85,species,cover,0.25,m2,Bare ground; non-taxonomic observation.
GAZP_8,GAZP,8_36,2012,18,2,703,UN_ID_CD,unknown_sp,0.5,species,cover,0.25,m2,Meaning could not be determined from the source data.
GAZP_8,GAZP,8_36,2012,18,2,703,UN_ID_FD,unknown_sp,0.1,species,cover,0.25,m2,Fine debris; non-taxonomic observation.
GAZP_8,GAZP,8_36,2012,18,2,703,UN_ID_TC,unknown_sp,0.5,species,cover,0.25,m2,Total cover; non-taxonomic observation.
GAZP_8,GAZP,8_36,2012,18,2,704,UN_ID_BG,unknown_sp,97.5,species,cover,0.25,m2,Bare ground; non-taxonomic observation.
GAZP_8,GAZP,8_36,2012,18,2,704,UN_ID_FD,unknown_sp,0.1,species,cover,0.25,m2,Fine debris; non-taxonomic observation.
GAZP_8,GAZP,8_36,2012,18,2,704,UN_ID_TC,unknown_sp,0.1,species,cover,0.25,m2,Total cover; non-taxonomic observation.
GAZP_8,GAZP,8_36,2012,18,2,705,UN_ID_BG,unknown_sp,97.5,species,cover,0.25,m2,Bare ground; non-taxonomic observation.
GAZP_8,GAZP,8_36,2012,18,2,705,UN_ID_FD,unknown_sp,0.1,species,cover,0.25,m2,Fine debris; non-taxonomic observation.
GAZP_8,GAZP,8_36,2012,18,2,705,UN_ID_TC,unknown_sp,0.1,species,cover,0.25,m2,Total cover; non-taxonomic observation.
GAZP_8,GAZP,8_36,2012,18,2,706,UN_ID_BG,unknown_sp,97.5,species,cover,0.25,m2,Bare ground; non-taxonomic observation.
GAZP_8,GAZP,8_36,2012,18,2,706,UN_ID_FD,unknown_sp,0.1,species,cover,0.25,m2,Fine debris; non-taxonomic observation.
GAZP_8,GAZP,8_36,2012,18,2,706,UN_ID_TC,unknown_sp,0.1,species,cover,0.25,m2,Total cover; non-taxonomic observation.
GAZP_8,GAZP,8_36,2012,18,2,707,UN_ID_BG,unknown_sp,97.5,species,cover,0.25,m2,Bare ground; non-taxonomic observation.
GAZP_8,GAZP,8_36,2012,18,2,707,UN_ID_FD,unknown_sp,0.1,species,cover,0.25,m2,Fine debris; non-taxonomic observation.
GAZP_8,GAZP,8_36,2012,18,2,707,UN_ID_TC,unknown_sp,0.1,species,cover,0.25,m2,Total cover; non-taxonomic observation.
GAZP_8,GAZP,8_36,2012,18,2,708,UN_ID_BG,unknown_sp,97.5,species,cover,0.25,m2,Bare ground; non-taxonomic observation.
GAZP_8,GAZP,8_36,2012,18,2,708,UN_ID_FD,unknown_sp,0.1,species,cover,0.25,m2,Fine debris; non-taxonomic observation.
GAZP_8,GAZP,8_36,2012,18,2,708,UN_ID_TC,unknown_sp,0.1,species,cover,0.25,m2,Total cover; non-taxonomic observation.
GAZP_8,GAZP,8_36,2012,18,2,709,UN_ID_BG,unknown_sp,97.5,species,cover,0.25,m2,Bare ground; non-taxonomic observation.
GAZP_8,GAZP,8_36,2012,18,2,709,UN_ID_FD,unknown_sp,0.1,species,cover,0.25,m2,Fine debris; non-taxonomic observation.
GAZP_8,GAZP,8_36,2012,18,2,709,UN_ID_TC,unknown_sp,0.1,species,cover,0.25,m2,Total cover; non-taxonomic observation.
GAZP_8,GAZP,8_36,2012,18,2,710,UN_ID_BG,unknown_sp,97.5,species,cover,0.25,m2,Bare ground; non-taxonomic observation.
GAZP_8,GAZP,8_36,2012,18,2,710,UN_ID_FD,unknown_sp,0.1,species,cover,0.25,m2,Fine debris; non-taxonomic observation.
GAZP_8,GAZP,8_36,2012,18,2,710,UN_ID_TC,unknown_sp,0.1,species,cover,0.25,m2,Total cover; non-taxonomic observation.
GAZP_8,GAZP,8_36,2012,18,2,711,UN_ID_BG,unknown_sp,97.5,species,cover,0.25,m2,Bare ground; non-taxonomic observation.
GAZP_8,GAZP,8_36,2012,18,2,711,UN_ID_FD,unknown_sp,0.1,species,cover,0.25,m2,Fine debris; non-taxonomic observation.
GAZP_8,GAZP,8_36,2012,18,2,711,UN_ID_TC,unknown_sp,0.1,species,cover,0.25,m2,Total cover; non-taxonomic observation.
GAZP_8,GAZP,8_36,2012,18,2,711,UN_ID_TP,unknown_sp,0.1,species,cover,0.25,m2,Meaning could not be determined from the source data.
GAZP_8,GAZP,8_36,2012,18,2,712,UN_ID_BG,unknown_sp,97.5,species,cover,0.25,m2,Bare ground; non-taxonomic observation.
GAZP_8,GAZP,8_36,2012,18,2,712,UN_ID_FD,unknown_sp,0.1,species,cover,0.25,m2,Fine debris; non-taxonomic observation.
GAZP_8,GAZP,8_36,2012,18,2,712,UN_ID_TC,unknown_sp,0.1,species,cover,0.25,m2,Total cover; non-taxonomic observation.
GAZP_8,GAZP,8_36,2012,18,2,713,UN_ID_BG,unknown_sp,97.5,species,cover,0.25,m2,Bare ground; non-taxonomic observation.
GAZP_8,GAZP,8_36,2012,18,2,713,UN_ID_FD,unknown_sp,0.1,species,cover,0.25,m2,Fine debris; non-taxonomic observation.
GAZP_8,GAZP,8_36,2012,18,2,713,UN_ID_TC,unknown_sp,0.1,species,cover,0.25,m2,Total cover; non-taxonomic observation.
GAZP_8,GAZP,8_36,2012,18,2,714,UN_ID_BG,unknown_sp,97.5,species,cover,0.25,m2,Bare ground; non-taxonomic observation.
GAZP_8,GAZP,8_36,2012,18,2,714,UN_ID_FD,unknown_sp,0.1,species,cover,0.25,m2,Fine debris; non-taxonomic observation.
GAZP_8,GAZP,8_36,2012,18,2,714,UN_ID_TC,unknown_sp,0.1,species,cover,0.25,m2,Total cover; non-taxonomic observation.
GAZP_8,GAZP,8_36,2012,18,2,714,UN_ID_TP,unknown_sp,0.1,species,cover,0.25,m2,Meaning could not be determined from the source data.
GAZP_8,GAZP,8_36,2012,18,2,715,UN_ID_BG,unknown_sp,97.5,species,cover,0.25,m2,Bare ground; non-taxonomic observation.
GAZP_8,GAZP,8_36,2012,18,2,715,UN_ID_FD,unknown_sp,0.1,species,cover,0.25,m2,Fine debris; non-taxonomic observation.
GAZP_8,GAZP,8_36,2012,18,2,716,UN_ID_BG,unknown_sp,97.5,species,cover,0.25,m2,Bare ground; non-taxonomic observation.
GAZP_8,GAZP,8_36,2012,18,2,716,UN_ID_FD,unknown_sp,0.1,species,cover,0.25,m2,Fine debris; non-taxonomic observation.
GAZP_8,GAZP,8_36,2012,18,2,716,UN_ID_TC,unknown_sp,0.1,species,cover,0.25,m2,Total cover; non-taxonomic observation.
GAZP_8,GAZP,8_36,2012,18,2,717,UN_ID_BG,unknown_sp,97.5,species,cover,0.25,m2,Bare ground; non-taxonomic observation.
GAZP_8,GAZP,8_36,2012,18,2,717,UN_ID_FD,unknown_sp,0.1,species,cover,0.25,m2,Fine debris; non-taxonomic observation.
GAZP_8,GAZP,8_36,2012,18,2,717,UN_ID_TC,unknown_sp,0.1,species,cover,0.25,m2,Total cover; non-taxonomic observation.
GAZP_8,GAZP,8_36,2012,18,2,718,UN_ID_BG,unknown_sp,97.5,species,cover,0.25,m2,Bare ground; non-taxonomic observation.
GAZP_8,GAZP,8_36,2012,18,2,718,UN_ID_FD,unknown_sp,0.1,species,cover,0.25,m2,Fine debris; non-taxonomic observation.
GAZP_8,GAZP,8_36,2012,18,2,718,UN_ID_TC,unknown_sp,0.1,species,cover,0.25,m2,Total cover; non-taxonomic observation.
GAZP_8,GAZP,8_36,2012,18,2,719,UN_ID_BG,unknown_sp,97.5,species,cover,0.25,m2,Bare ground; non-taxonomic observation.
GAZP_8,GAZP,8_36,2012,18,2,719,UN_ID_FD,unknown_sp,0.1,species,cover,0.25,m2,Fine debris; non-taxonomic observation.
GAZP_8,GAZP,8_36,2012,18,2,720,UN_ID_BG,unknown_sp,97.5,species,cover,0.25,m2,Bare ground; non-taxonomic observation.
GAZP_8,GAZP,8_36,2012,18,2,720,UN_ID_FD,unknown_sp,0.1,species,cover,0.25,m2,Fine debris; non-taxonomic observation.
GAZP_8,GAZP,8_36,2012,18,2,720,UN_ID_TC,unknown_sp,0.1,species,cover,0.25,m2,Total cover; non-taxonomic observation.
GAZP_8,GAZP,8_36,2012,18,2,721,UN_ID_BG,unknown_sp,97.5,species,cover,0.25,m2,Bare ground; non-taxonomic observation.
GAZP_8,GAZP,8_36,2012,18,2,721,UN_ID_FD,unknown_sp,0.1,species,cover,0.25,m2,Fine debris; non-taxonomic observation.
GAZP_8,GAZP,8_36,2012,18,2,722,UN_ID_BG,unknown_sp,97.5,species,cover,0.25,m2,Bare ground; non-taxonomic observation.
GAZP_8,GAZP,8_36,2012,18,2,722,UN_ID_FD,unknown_sp,0.1,species,cover,0.25,m2,Fine debris; non-taxonomic observation.
GAZP_8,GAZP,8_36,2012,18,2,722,UN_ID_TC,unknown_sp,0.1,species,cover,0.25,m2,Total cover; non-taxonomic observation.
GAZP_8,GAZP,8_36,2012,18,2,723,UN_ID_BG,unknown_sp,97.5,species,cover,0.25,m2,Bare ground; non-taxonomic observation.
GAZP_8,GAZP,8_36,2012,18,2,723,UN_ID_FD,unknown_sp,0.1,species,cover,0.25,m2,Fine debris; non-taxonomic observation.
GAZP_8,GAZP,8_36,2012,18,2,723,UN_ID_TC,unknown_sp,0.1,species,cover,0.25,m2,Total cover; non-taxonomic observation.
GAZP_8,GAZP,8_36,2012,18,2,724,UN_ID_BG,unknown_sp,97.5,species,cover,0.25,m2,Bare ground; non-taxonomic observation.
GAZP_8,GAZP,8_36,2012,18,2,724,UN_ID_FD,unknown_sp,0.1,species,cover,0.25,m2,Fine debris; non-taxonomic observation.
GAZP_8,GAZP,8_36,2012,18,2,725,UN_ID_BG,unknown_sp,97.5,species,cover,0.25,m2,Bare ground; non-taxonomic observation.
GAZP_8,GAZP,8_36,2012,18,2,725,UN_ID_FD,unknown_sp,0.1,species,cover,0.25,m2,Fine debris; non-taxonomic observation.
GAZP_8,GAZP,8_36,2012,18,2,726,UN_ID_BG,unknown_sp,97.5,species,cover,0.25,m2,Bare ground; non-taxonomic observation.
GAZP_8,GAZP,8_36,2012,18,2,726,UN_ID_FD,unknown_sp,0.1,species,cover,0.25,m2,Fine debris; non-taxonomic observation.
GAZP_8,GAZP,8_36,2012,18,2,727,UN_ID_BG,unknown_sp,97.5,species,cover,0.25,m2,Bare ground; non-taxonomic observation.
GAZP_8,GAZP,8_36,2012,18,2,727,UN_ID_FD,unknown_sp,0.1,species,cover,0.25,m2,Fine debris; non-taxonomic observation.
GAZP_8,GAZP,8_36,2012,18,2,728,UN_ID_BG,unknown_sp,97.5,species,cover,0.25,m2,Bare ground; non-taxonomic observation.
GAZP_8,GAZP,8_36,2012,18,2,728,UN_ID_FD,unknown_sp,0.1,species,cover,0.25,m2,Fine debris; non-taxonomic observation.
GAZP_8,GAZP,8_36,2012,18,2,729,UN_ID_BG,unknown_sp,97.5,species,cover,0.25,m2,Bare ground; non-taxonomic observation.
GAZP_8,GAZP,8_36,2012,18,2,729,UN_ID_FD,unknown_sp,0.1,species,cover,0.25,m2,Fine debris; non-taxonomic observation.
GAZP_8,GAZP,8_36,2012,18,2,729,UN_ID_TC,unknown_sp,0.1,species,cover,0.25,m2,Total cover; non-taxonomic observation.
GAZP_8,GAZP,8_36,2012,18,2,730,UN_ID_BG,unknown_sp,97.5,species,cover,0.25,m2,Bare ground; non-taxonomic observation.
GAZP_8,GAZP,8_36,2012,18,2,730,UN_ID_FD,unknown_sp,0.1,species,cover,0.25,m2,Fine debris; non-taxonomic observation.
GAZP_8,GAZP,8_36,2012,18,2,731,UN_ID_BG,unknown_sp,97.5,species,cover,0.25,m2,Bare ground; non-taxonomic observation.
GAZP_8,GAZP,8_36,2012,18,2,731,UN_ID_FD,unknown_sp,0.1,species,cover,0.25,m2,Fine debris; non-taxonomic observation.
GAZP_8,GAZP,8_36,2012,18,2,731,UN_ID_TC,unknown_sp,0.1,species,cover,0.25,m2,Total cover; non-taxonomic observation.
GAZP_8,GAZP,8_36,2012,18,2,732,UN_ID_BG,unknown_sp,97.5,species,cover,0.25,m2,Bare ground; non-taxonomic observation.
GAZP_8,GAZP,8_36,2012,18,2,732,UN_ID_FD,unknown_sp,0.1,species,cover,0.25,m2,Fine debris; non-taxonomic observation.
GAZP_8,GAZP,8_36,2012,18,2,732,UN_ID_TC,unknown_sp,0.1,species,cover,0.25,m2,Total cover; non-taxonomic observation.
GAZP_8,GAZP,8_36,2012,18,2,733,UN_ID_BG,unknown_sp,97.5,species,cover,0.25,m2,Bare ground; non-taxonomic observation.
GAZP_8,GAZP,8_36,2012,18,2,733,UN_ID_FD,unknown_sp,0.1,species,cover,0.25,m2,Fine debris; non-taxonomic observation.
GAZP_8,GAZP,8_36,2012,18,2,733,UN_ID_TC,unknown_sp,0.1,species,cover,0.25,m2,Total cover; non-taxonomic observation.
GAZP_8,GAZP,8_36,2012,18,2,734,UN_ID_BG,unknown_sp,97.5,species,cover,0.25,m2,Bare ground; non-taxonomic observation.
GAZP_8,GAZP,8_36,2012,18,2,734,UN_ID_FD,unknown_sp,0.1,species,cover,0.25,m2,Fine debris; non-taxonomic observation.
GAZP_8,GAZP,8_36,2012,18,2,734,UN_ID_TC,unknown_sp,0.1,species,cover,0.25,m2,Total cover; non-taxonomic observation.
GAZP_8,GAZP,8_36,2012,18,2,735,UN_ID_BG,unknown_sp,97.5,species,cover,0.25,m2,Bare ground; non-taxonomic observation.
GAZP_8,GAZP,8_36,2012,18,2,735,UN_ID_FD,unknown_sp,0.1,species,cover,0.25,m2,Fine debris; non-taxonomic observation.
GAZP_8,GAZP,8_36,2012,18,2,735,UN_ID_TC,unknown_sp,0.1,species,cover,0.25,m2,Total cover; non-taxonomic observation.
GAZP_8,GAZP,8_36,2012,18,2,736,UN_ID_BG,unknown_sp,97.5,species,cover,0.25,m2,Bare ground; non-taxonomic observation.
GAZP_8,GAZP,8_36,2012,18,2,736,UN_ID_FD,unknown_sp,0.1,species,cover,0.25,m2,Fine debris; non-taxonomic observation.
GAZP_8,GAZP,8_36,2012,18,2,736,UN_ID_TC,unknown_sp,0.1,species,cover,0.25,m2,Total cover; non-taxonomic observation.
GAZP_8,GAZP,8_36,2012,18,2,737,UN_ID_BG,unknown_sp,97.5,species,cover,0.25,m2,Bare ground; non-taxonomic observation.
GAZP_8,GAZP,8_36,2012,18,2,737,UN_ID_FD,unknown_sp,0.1,species,cover,0.25,m2,Fine debris; non-taxonomic observation.
GAZP_8,GAZP,8_36,2012,18,2,737,UN_ID_TC,unknown_sp,0.1,species,cover,0.25,m2,Total cover; non-taxonomic observation.
GAZP_8,GAZP,8_36,2012,18,2,738,UN_ID_BG,unknown_sp,97.5,species,cover,0.25,m2,Bare ground; non-taxonomic observation.
GAZP_8,GAZP,8_36,2012,18,2,738,UN_ID_FD,unknown_sp,0.1,species,cover,0.25,m2,Fine debris; non-taxonomic observation.
GAZP_8,GAZP,8_36,2012,18,2,738,UN_ID_TC,unknown_sp,0.1,species,cover,0.25,m2,Total cover; non-taxonomic observation.
GAZP_8,GAZP,8_36,2012,18,2,739,UN_ID_BG,unknown_sp,97.5,species,cover,0.25,m2,Bare ground; non-taxonomic observation.
GAZP_8,GAZP,8_36,2012,18,2,739,UN_ID_FD,unknown_sp,0.1,species,cover,0.25,m2,Fine debris; non-taxonomic observation.
GAZP_8,GAZP,8_36,2012,18,2,739,UN_ID_TC,unknown_sp,0.1,species,cover,0.25,m2,Total cover; non-taxonomic observation.
GAZP_8,GAZP,8_36,2012,18,2,740,UN_ID_BG,unknown_sp,97.5,species,cover,0.25,m2,Bare ground; non-taxonomic observation.
GAZP_8,GAZP,8_36,2012,18,2,740,UN_ID_FD,unknown_sp,0.1,species,cover,0.25,m2,Fine debris; non-taxonomic observation.
GAZP_8,GAZP,8_36,2012,18,2,740,UN_ID_TC,unknown_sp,0.1,species,cover,0.25,m2,Total cover; non-taxonomic observation.
GAZP_8,GAZP,8_36,2012,18,2,741,UN_ID_BG,unknown_sp,97.5,species,cover,0.25,m2,Bare ground; non-taxonomic observation.
GAZP_8,GAZP,8_36,2012,18,2,741,UN_ID_FD,unknown_sp,0.1,species,cover,0.25,m2,Fine debris; non-taxonomic observation.
GAZP_8,GAZP,8_36,2012,18,2,741,UN_ID_TC,unknown_sp,0.1,species,cover,0.25,m2,Total cover; non-taxonomic observation.
GAZP_8,GAZP,8_36,2012,18,2,742,UN_ID_BG,unknown_sp,97.5,species,cover,0.25,m2,Bare ground; non-taxonomic observation.
GAZP_8,GAZP,8_36,2012,18,2,742,UN_ID_FD,unknown_sp,0.1,species,cover,0.25,m2,Fine debris; non-taxonomic observation.
GAZP_8,GAZP,8_36,2012,18,2,742,UN_ID_TC,unknown_sp,0.1,species,cover,0.25,m2,Total cover; non-taxonomic observation.
GAZP_8,GAZP,8_36,2012,18,2,743,UN_ID_BG,unknown_sp,97.5,species,cover,0.25,m2,Bare ground; non-taxonomic observation.
GAZP_8,GAZP,8_36,2012,18,2,743,UN_ID_FD,unknown_sp,0.1,species,cover,0.25,m2,Fine debris; non-taxonomic observation.
GAZP_8,GAZP,8_36,2012,18,2,743,UN_ID_TC,unknown_sp,0.1,species,cover,0.25,m2,Total cover; non-taxonomic observation.
GAZP_8,GAZP,8_36,2012,18,2,744,UN_ID_BG,unknown_sp,97.5,species,cover,0.25,m2,Bare ground; non-taxonomic observation.
GAZP_8,GAZP,8_36,2012,18,2,744,UN_ID_FD,unknown_sp,0.1,species,cover,0.25,m2,Fine debris; non-taxonomic observation.
GAZP_8,GAZP,8_36,2012,18,2,744,UN_ID_TC,unknown_sp,0.1,species,cover,0.25,m2,Total cover; non-taxonomic observation.
GAZP_8,GAZP,8_36,2012,18,2,745,UN_ID_BG,unknown_sp,97.5,species,cover,0.25,m2,Bare ground; non-taxonomic observation.
GAZP_8,GAZP,8_36,2012,18,2,745,UN_ID_FD,unknown_sp,0.1,species,cover,0.25,m2,Fine debris; non-taxonomic observation.
GAZP_8,GAZP,8_36,2012,18,2,745,UN_ID_TC,unknown_sp,0.1,species,cover,0.25,m2,Total cover; non-taxonomic observation.
GAZP_8,GAZP,8_36,2012,18,2,746,UN_ID_BG,unknown_sp,97.5,species,cover,0.25,m2,Bare ground; non-taxonomic observation.
GAZP_8,GAZP,8_36,2012,18,2,746,UN_ID_FD,unknown_sp,0.1,species,cover,0.25,m2,Fine debris; non-taxonomic observation.
GAZP_8,GAZP,8_36,2012,18,2,746,UN_ID_TC,unknown_sp,0.1,species,cover,0.25,m2,Total cover; non-taxonomic observation.
GAZP_8,GAZP,8_36,2012,18,3,747,UN_ID_BG,unknown_sp,97.5,species,cover,0.25,m2,Bare ground; non-taxonomic observation.
GAZP_8,GAZP,8_36,2012,18,3,747,UN_ID_FD,unknown_sp,0.1,species,cover,0.25,m2,Fine debris; non-taxonomic observation.
GAZP_8,GAZP,8_36,2012,18,3,748,UN_ID_BG,unknown_sp,97.5,species,cover,0.25,m2,Bare ground; non-taxonomic observation.
GAZP_8,GAZP,8_36,2012,18,3,748,UN_ID_FD,unknown_sp,0.1,species,cover,0.25,m2,Fine debris; non-taxonomic observation.
GAZP_8,GAZP,8_36,2012,18,3,749,UN_ID_BG,unknown_sp,97.5,species,cover,0.25,m2,Bare ground; non-taxonomic observation.
GAZP_8,GAZP,8_36,2012,18,3,749,UN_ID_FD,unknown_sp,0.1,species,cover,0.25,m2,Fine debris; non-taxonomic observation.
GAZP_8,GAZP,8_36,2012,18,3,750,UN_ID_BG,unknown_sp,97.5,species,cover,0.25,m2,Bare ground; non-taxonomic observation.
GAZP_8,GAZP,8_36,2012,18,3,750,UN_ID_FD,unknown_sp,0.1,species,cover,0.25,m2,Fine debris; non-taxonomic observation.
GAZP_8,GAZP,8_36,2012,18,3,751,UN_ID_BG,unknown_sp,97.5,species,cover,0.25,m2,Bare ground; non-taxonomic observation.
GAZP_8,GAZP,8_36,2012,18,3,751,UN_ID_CD,unknown_sp,0.1,species,cover,0.25,m2,Meaning could not be determined from the source data.
GAZP_8,GAZP,8_36,2012,18,3,751,UN_ID_FD,unknown_sp,0.1,species,cover,0.25,m2,Fine debris; non-taxonomic observation.
GAZP_8,GAZP,8_36,2012,18,3,752,UN_ID_BG,unknown_sp,97.5,species,cover,0.25,m2,Bare ground; non-taxonomic observation.
GAZP_8,GAZP,8_36,2012,18,3,752,UN_ID_CD,unknown_sp,0.1,species,cover,0.25,m2,Meaning could not be determined from the source data.
GAZP_8,GAZP,8_36,2012,18,3,752,UN_ID_FD,unknown_sp,0.1,species,cover,0.25,m2,Fine debris; non-taxonomic observation.
GAZP_8,GAZP,8_36,2012,18,3,753,UN_ID_BG,unknown_sp,97.5,species,cover,0.25,m2,Bare ground; non-taxonomic observation.
GAZP_8,GAZP,8_36,2012,18,3,753,UN_ID_FD,unknown_sp,0.1,species,cover,0.25,m2,Fine debris; non-taxonomic observation.
GAZP_8,GAZP,8_36,2012,18,3,754,UN_ID_BG,unknown_sp,97.5,species,cover,0.25,m2,Bare ground; non-taxonomic observation.
GAZP_8,GAZP,8_36,2012,18,3,754,UN_ID_FD,unknown_sp,0.1,species,cover,0.25,m2,Fine debris; non-taxonomic observation.
GAZP_8,GAZP,8_36,2012,18,3,755,UN_ID_BG,unknown_sp,97.5,species,cover,0.25,m2,Bare ground; non-taxonomic observation.
GAZP_8,GAZP,8_36,2012,18,3,755,UN_ID_CD,unknown_sp,0.5,species,cover,0.25,m2,Meaning could not be determined from the source data.
GAZP_8,GAZP,8_36,2012,18,3,755,UN_ID_FD,unknown_sp,0.1,species,cover,0.25,m2,Fine debris; non-taxonomic observation.
GAZP_8,GAZP,8_36,2012,18,3,756,UN_ID_BG,unknown_sp,97.5,species,cover,0.25,m2,Bare ground; non-taxonomic observation.
GAZP_8,GAZP,8_36,2012,18,3,756,UN_ID_CD,unknown_sp,0.5,species,cover,0.25,m2,Meaning could not be determined from the source data.
GAZP_8,GAZP,8_36,2012,18,3,756,UN_ID_FD,unknown_sp,0.1,species,cover,0.25,m2,Fine debris; non-taxonomic observation.
GAZP_8,GAZP,8_36,2012,18,3,757,UN_ID_BG,unknown_sp,97.5,species,cover,0.25,m2,Bare ground; non-taxonomic observation.
GAZP_8,GAZP,8_36,2012,18,3,757,UN_ID_FD,unknown_sp,0.1,species,cover,0.25,m2,Fine debris; non-taxonomic observation.
GAZP_8,GAZP,8_36,2012,18,3,758,UN_ID_BG,unknown_sp,97.5,species,cover,0.25,m2,Bare ground; non-taxonomic observation.
GAZP_8,GAZP,8_36,2012,18,3,758,UN_ID_FD,unknown_sp,0.1,species,cover,0.25,m2,Fine debris; non-taxonomic observation.
GAZP_8,GAZP,8_36,2012,18,3,759,UN_ID_BG,unknown_sp,97.5,species,cover,0.25,m2,Bare ground; non-taxonomic observation.
GAZP_8,GAZP,8_36,2012,18,3,759,UN_ID_FD,unknown_sp,0.1,species,cover,0.25,m2,Fine debris; non-taxonomic observation.
GAZP_8,GAZP,8_36,2012,18,3,760,UN_ID_BG,unknown_sp,97.5,species,cover,0.25,m2,Bare ground; non-taxonomic observation.
GAZP_8,GAZP,8_36,2012,18,3,760,UN_ID_FD,unknown_sp,0.1,species,cover,0.25,m2,Fine debris; non-taxonomic observation.
GAZP_8,GAZP,8_36,2012,18,3,761,UN_ID_BG,unknown_sp,97.5,species,cover,0.25,m2,Bare ground; non-taxonomic observation.
GAZP_8,GAZP,8_36,2012,18,3,761,UN_ID_FD,unknown_sp,0.1,species,cover,0.25,m2,Fine debris; non-taxonomic observation.
GAZP_8,GAZP,8_36,2012,18,3,762,UN_ID_BG,unknown_sp,97.5,species,cover,0.25,m2,Bare ground; non-taxonomic observation.
GAZP_8,GAZP,8_36,2012,18,3,762,UN_ID_FD,unknown_sp,0.1,species,cover,0.25,m2,Fine debris; non-taxonomic observation.
GAZP_8,GAZP,8_36,2012,18,3,763,UN_ID_BG,unknown_sp,97.5,species,cover,0.25,m2,Bare ground; non-taxonomic observation.
GAZP_8,GAZP,8_36,2012,18,3,763,UN_ID_CD,unknown_sp,0.1,species,cover,0.25,m2,Meaning could not be determined from the source data.
GAZP_8,GAZP,8_36,2012,18,3,763,UN_ID_FD,unknown_sp,0.1,species,cover,0.25,m2,Fine debris; non-taxonomic observation.
GAZP_8,GAZP,8_36,2012,18,3,764,UN_ID_BG,unknown_sp,97.5,species,cover,0.25,m2,Bare ground; non-taxonomic observation.
GAZP_8,GAZP,8_36,2012,18,3,764,UN_ID_FD,unknown_sp,0.5,species,cover,0.25,m2,Fine debris; non-taxonomic observation.
GAZP_8,GAZP,8_36,2012,18,3,765,UN_ID_BG,unknown_sp,97.5,species,cover,0.25,m2,Bare ground; non-taxonomic observation.
GAZP_8,GAZP,8_36,2012,18,3,765,UN_ID_FD,unknown_sp,0.1,species,cover,0.25,m2,Fine debris; non-taxonomic observation.
GAZP_8,GAZP,8_36,2012,18,3,766,UN_ID_BG,unknown_sp,97.5,species,cover,0.25,m2,Bare ground; non-taxonomic observation.
GAZP_8,GAZP,8_36,2012,18,3,766,UN_ID_FD,unknown_sp,0.1,species,cover,0.25,m2,Fine debris; non-taxonomic observation.
GAZP_8,GAZP,8_36,2012,18,3,767,UN_ID_BG,unknown_sp,97.5,species,cover,0.25,m2,Bare ground; non-taxonomic observation.
GAZP_8,GAZP,8_36,2012,18,3,767,UN_ID_FD,unknown_sp,0.1,species,cover,0.25,m2,Fine debris; non-taxonomic observation.
GAZP_8,GAZP,8_36,2012,18,3,768,UN_ID_BG,unknown_sp,97.5,species,cover,0.25,m2,Bare ground; non-taxonomic observation.
GAZP_8,GAZP,8_36,2012,18,3,768,UN_ID_FD,unknown_sp,0.1,species,cover,0.25,m2,Fine debris; non-taxonomic observation.
GAZP_8,GAZP,8_36,2012,18,3,769,UN_ID_BG,unknown_sp,97.5,species,cover,0.25,m2,Bare ground; non-taxonomic observation.
GAZP_8,GAZP,8_36,2012,18,3,769,UN_ID_CD,unknown_sp,0.1,species,cover,0.25,m2,Meaning could not be determined from the source data.
GAZP_8,GAZP,8_36,2012,18,3,769,UN_ID_FD,unknown_sp,0.1,species,cover,0.25,m2,Fine debris; non-taxonomic observation.
GAZP_8,GAZP,8_36,2012,18,3,770,UN_ID_BG,unknown_sp,97.5,species,cover,0.25,m2,Bare ground; non-taxonomic observation.
GAZP_8,GAZP,8_36,2012,18,3,770,UN_ID_FD,unknown_sp,0.1,species,cover,0.25,m2,Fine debris; non-taxonomic observation.
GAZP_8,GAZP,8_36,2012,18,3,771,UN_ID_BG,unknown_sp,97.5,species,cover,0.25,m2,Bare ground; non-taxonomic observation.
GAZP_8,GAZP,8_36,2012,18,3,771,UN_ID_CD,unknown_sp,0.1,species,cover,0.25,m2,Meaning could not be determined from the source data.
GAZP_8,GAZP,8_36,2012,18,3,771,UN_ID_FD,unknown_sp,0.1,species,cover,0.25,m2,Fine debris; non-taxonomic observation.
GAZP_8,GAZP,8_36,2012,18,3,772,UN_ID_BG,unknown_sp,97.5,species,cover,0.25,m2,Bare ground; non-taxonomic observation.
GAZP_8,GAZP,8_36,2012,18,3,772,UN_ID_CD,unknown_sp,0.5,species,cover,0.25,m2,Meaning could not be determined from the source data.
GAZP_8,GAZP,8_36,2012,18,3,772,UN_ID_FD,unknown_sp,0.1,species,cover,0.25,m2,Fine debris; non-taxonomic observation.
GAZP_8,GAZP,8_36,2012,18,3,773,UN_ID_BG,unknown_sp,97.5,species,cover,0.25,m2,Bare ground; non-taxonomic observation.
GAZP_8,GAZP,8_36,2012,18,3,773,UN_ID_FD,unknown_sp,0.1,species,cover,0.25,m2,Fine debris; non-taxonomic observation.
GAZP_8,GAZP,8_36,2012,18,3,774,UN_ID_BG,unknown_sp,97.5,species,cover,0.25,m2,Bare ground; non-taxonomic observation.
GAZP_8,GAZP,8_36,2012,18,3,774,UN_ID_CD,unknown_sp,0.1,species,cover,0.25,m2,Meaning could not be determined from the source data.
GAZP_8,GAZP,8_36,2012,18,3,774,UN_ID_FD,unknown_sp,0.1,species,cover,0.25,m2,Fine debris; non-taxonomic observation.
GAZP_8,GAZP,8_36,2012,18,3,775,UN_ID_BG,unknown_sp,97.5,species,cover,0.25,m2,Bare ground; non-taxonomic observation.
GAZP_8,GAZP,8_36,2012,18,3,775,UN_ID_CD,unknown_sp,0.1,species,cover,0.25,m2,Meaning could not be determined from the source data.
GAZP_8,GAZP,8_36,2012,18,3,775,UN_ID_FD,unknown_sp,0.1,species,cover,0.25,m2,Fine debris; non-taxonomic observation.
GAZP_8,GAZP,8_36,2012,18,3,776,UN_ID_BG,unknown_sp,97.5,species,cover,0.25,m2,Bare ground; non-taxonomic observation.
GAZP_8,GAZP,8_36,2012,18,3,776,UN_ID_CD,unknown_sp,0.1,species,cover,0.25,m2,Meaning could not be determined from the source data.
GAZP_8,GAZP,8_36,2012,18,3,776,UN_ID_FD,unknown_sp,0.1,species,cover,0.25,m2,Fine debris; non-taxonomic observation.
GAZP_8,GAZP,8_36,2012,18,3,777,UN_ID_BG,unknown_sp,97.5,species,cover,0.25,m2,Bare ground; non-taxonomic observation.
GAZP_8,GAZP,8_36,2012,18,3,777,UN_ID_FD,unknown_sp,0.1,species,cover,0.25,m2,Fine debris; non-taxonomic observation.
GAZP_8,GAZP,8_36,2012,18,3,778,UN_ID_BG,unknown_sp,97.5,species,cover,0.25,m2,Bare ground; non-taxonomic observation.
GAZP_8,GAZP,8_36,2012,18,3,778,UN_ID_FD,unknown_sp,0.1,species,cover,0.25,m2,Fine debris; non-taxonomic observation.
GAZP_8,GAZP,8_36,2012,18,3,779,UN_ID_BG,unknown_sp,97.5,species,cover,0.25,m2,Bare ground; non-taxonomic observation.
GAZP_8,GAZP,8_36,2012,18,3,779,UN_ID_FD,unknown_sp,0.1,species,cover,0.25,m2,Fine debris; non-taxonomic observation.
GAZP_8,GAZP,8_36,2012,18,3,780,UN_ID_BG,unknown_sp,97.5,species,cover,0.25,m2,Bare ground; non-taxonomic observation.
GAZP_8,GAZP,8_36,2012,18,3,780,UN_ID_FD,unknown_sp,0.1,species,cover,0.25,m2,Fine debris; non-taxonomic observation.
GAZP_8,GAZP,8_36,2012,18,3,781,UN_ID_BG,unknown_sp,97.5,species,cover,0.25,m2,Bare ground; non-taxonomic observation.
GAZP_8,GAZP,8_36,2012,18,3,781,UN_ID_FD,unknown_sp,0.1,species,cover,0.25,m2,Fine debris; non-taxonomic observation.
GAZP_8,GAZP,8_36,2012,18,3,782,UN_ID_BG,unknown_sp,97.5,species,cover,0.25,m2,Bare ground; non-taxonomic observation.
GAZP_8,GAZP,8_36,2012,18,3,782,UN_ID_FD,unknown_sp,0.1,species,cover,0.25,m2,Fine debris; non-taxonomic observation.
GAZP_8,GAZP,8_36,2012,18,3,783,UN_ID_BG,unknown_sp,97.5,species,cover,0.25,m2,Bare ground; non-taxonomic observation.
GAZP_8,GAZP,8_36,2012,18,3,783,UN_ID_FD,unknown_sp,0.1,species,cover,0.25,m2,Fine debris; non-taxonomic observation.
GAZP_8,GAZP,8_36,2012,18,3,784,UN_ID_BG,unknown_sp,97.5,species,cover,0.25,m2,Bare ground; non-taxonomic observation.
GAZP_8,GAZP,8_36,2012,18,3,784,UN_ID_FD,unknown_sp,0.1,species,cover,0.25,m2,Fine debris; non-taxonomic observation.
GAZP_8,GAZP,8_36,2012,18,3,785,UN_ID_BG,unknown_sp,97.5,species,cover,0.25,m2,Bare ground; non-taxonomic observation.
GAZP_8,GAZP,8_36,2012,18,3,785,UN_ID_FD,unknown_sp,0.1,species,cover,0.25,m2,Fine debris; non-taxonomic observation.
GAZP_8,GAZP,8_36,2012,18,3,786,UN_ID_BG,unknown_sp,97.5,species,cover,0.25,m2,Bare ground; non-taxonomic observation.
GAZP_8,GAZP,8_36,2012,18,3,786,UN_ID_FD,unknown_sp,0.1,species,cover,0.25,m2,Fine debris; non-taxonomic observation.
GAZP_8,GAZP,8_36,2012,18,3,787,UN_ID_BG,unknown_sp,97.5,species,cover,0.25,m2,Bare ground; non-taxonomic observation.
GAZP_8,GAZP,8_36,2012,18,3,787,UN_ID_FD,unknown_sp,0.1,species,cover,0.25,m2,Fine debris; non-taxonomic observation.
GAZP_8,GAZP,8_36,2012,18,3,788,UN_ID_BG,unknown_sp,97.5,species,cover,0.25,m2,Bare ground; non-taxonomic observation.
GAZP_8,GAZP,8_36,2012,18,3,788,UN_ID_FD,unknown_sp,0.1,species,cover,0.25,m2,Fine debris; non-taxonomic observation.
GAZP_8,GAZP,8_36,2012,18,3,789,UN_ID_BG,unknown_sp,97.5,species,cover,0.25,m2,Bare ground; non-taxonomic observation.
GAZP_8,GAZP,8_36,2012,18,3,789,UN_ID_FD,unknown_sp,0.1,species,cover,0.25,m2,Fine debris; non-taxonomic observation.
GAZP_8,GAZP,8_36,2012,18,3,790,UN_ID_BG,unknown_sp,97.5,species,cover,0.25,m2,Bare ground; non-taxonomic observation.
GAZP_8,GAZP,8_36,2012,18,3,790,UN_ID_FD,unknown_sp,0.1,species,cover,0.25,m2,Fine debris; non-taxonomic observation.
GAZP_8,GAZP,8_36,2012,18,3,791,UN_ID_BG,unknown_sp,97.5,species,cover,0.25,m2,Bare ground; non-taxonomic observation.
GAZP_8,GAZP,8_36,2012,18,3,791,UN_ID_CD,unknown_sp,0.5,species,cover,0.25,m2,Meaning could not be determined from the source data.
GAZP_8,GAZP,8_36,2012,18,3,791,UN_ID_FD,unknown_sp,0.1,species,cover,0.25,m2,Fine debris; non-taxonomic observation.
GAZP_8,GAZP,8_36,2012,18,3,792,UN_ID_BG,unknown_sp,97.5,species,cover,0.25,m2,Bare ground; non-taxonomic observation.
GAZP_8,GAZP,8_36,2012,18,3,792,UN_ID_FD,unknown_sp,0.1,species,cover,0.25,m2,Fine debris; non-taxonomic observation.
GAZP_8,GAZP,8_36,2012,18,3,793,UN_ID_BG,unknown_sp,97.5,species,cover,0.25,m2,Bare ground; non-taxonomic observation.
GAZP_8,GAZP,8_36,2012,18,3,793,UN_ID_FD,unknown_sp,0.1,species,cover,0.25,m2,Fine debris; non-taxonomic observation.
GAZP_8,GAZP,8_36,2012,18,3,794,UN_ID_BG,unknown_sp,97.5,species,cover,0.25,m2,Bare ground; non-taxonomic observation.
GAZP_8,GAZP,8_36,2012,18,3,794,UN_ID_FD,unknown_sp,0.1,species,cover,0.25,m2,Fine debris; non-taxonomic observation.
GAZP_8,GAZP,8_36,2013,77,1,651,UN_ID_BG,unknown_sp,15,species,cover,0.25,m2,Bare ground; non-taxonomic observation.
GAZP_8,GAZP,8_36,2013,77,1,651,UN_ID_FD,unknown_sp,0.5,species,cover,0.25,m2,Fine debris; non-taxonomic observation.
GAZP_8,GAZP,8_36,2013,77,1,652,UN_ID_BG,unknown_sp,62.5,species,cover,0.25,m2,Bare ground; non-taxonomic observation.
GAZP_8,GAZP,8_36,2013,77,1,652,UN_ID_FD,unknown_sp,0.5,species,cover,0.25,m2,Fine debris; non-taxonomic observation.
GAZP_8,GAZP,8_36,2013,77,1,653,UN_ID_BG,unknown_sp,37.5,species,cover,0.25,m2,Bare ground; non-taxonomic observation.
GAZP_8,GAZP,8_36,2013,77,1,653,UN_ID_FD,unknown_sp,0.5,species,cover,0.25,m2,Fine debris; non-taxonomic observation.
GAZP_8,GAZP,8_36,2013,77,1,654,UN_ID_BG,unknown_sp,37.5,species,cover,0.25,m2,Bare ground; non-taxonomic observation.
GAZP_8,GAZP,8_36,2013,77,1,654,UN_ID_CD,unknown_sp,0.5,species,cover,0.25,m2,Meaning could not be determined from the source data.
GAZP_8,GAZP,8_36,2013,77,1,654,UN_ID_FD,unknown_sp,0.5,species,cover,0.25,m2,Fine debris; non-taxonomic observation.
GAZP_8,GAZP,8_36,2013,77,1,655,UN_ID_BG,unknown_sp,37.5,species,cover,0.25,m2,Bare ground; non-taxonomic observation.
GAZP_8,GAZP,8_36,2013,77,1,655,UN_ID_FD,unknown_sp,0.5,species,cover,0.25,m2,Fine debris; non-taxonomic observation.
GAZP_8,GAZP,8_36,2013,77,1,656,UN_ID_BG,unknown_sp,62.5,species,cover,0.25,m2,Bare ground; non-taxonomic observation.
GAZP_8,GAZP,8_36,2013,77,1,656,UN_ID_FD,unknown_sp,0.5,species,cover,0.25,m2,Fine debris; non-taxonomic observation.
GAZP_8,GAZP,8_36,2013,77,1,657,UN_ID_BG,unknown_sp,37.5,species,cover,0.25,m2,Bare ground; non-taxonomic observation.
GAZP_8,GAZP,8_36,2013,77,1,657,UN_ID_FD,unknown_sp,0.5,species,cover,0.25,m2,Fine debris; non-taxonomic observation.
GAZP_8,GAZP,8_36,2013,77,1,658,UN_ID_BG,unknown_sp,15,species,cover,0.25,m2,Bare ground; non-taxonomic observation.
GAZP_8,GAZP,8_36,2013,77,1,658,UN_ID_FD,unknown_sp,0.5,species,cover,0.25,m2,Fine debris; non-taxonomic observation.
GAZP_8,GAZP,8_36,2013,77,1,659,UN_ID_BG,unknown_sp,85,species,cover,0.25,m2,Bare ground; non-taxonomic observation.
GAZP_8,GAZP,8_36,2013,77,1,659,UN_ID_FD,unknown_sp,0.5,species,cover,0.25,m2,Fine debris; non-taxonomic observation.
GAZP_8,GAZP,8_36,2013,77,1,660,UN_ID_BG,unknown_sp,62.5,species,cover,0.25,m2,Bare ground; non-taxonomic observation.
GAZP_8,GAZP,8_36,2013,77,1,660,UN_ID_FD,unknown_sp,0.5,species,cover,0.25,m2,Fine debris; non-taxonomic observation.
GAZP_8,GAZP,8_36,2013,77,1,661,UN_ID_BG,unknown_sp,62.5,species,cover,0.25,m2,Bare ground; non-taxonomic observation.
GAZP_8,GAZP,8_36,2013,77,1,661,UN_ID_FD,unknown_sp,0.5,species,cover,0.25,m2,Fine debris; non-taxonomic observation.
GAZP_8,GAZP,8_36,2013,77,1,662,UN_ID_BG,unknown_sp,62.5,species,cover,0.25,m2,Bare ground; non-taxonomic observation.
GAZP_8,GAZP,8_36,2013,77,1,662,UN_ID_FD,unknown_sp,0.5,species,cover,0.25,m2,Fine debris; non-taxonomic observation.
GAZP_8,GAZP,8_36,2013,77,1,663,UN_ID_BG,unknown_sp,62.5,species,cover,0.25,m2,Bare ground; non-taxonomic observation.
GAZP_8,GAZP,8_36,2013,77,1,663,UN_ID_FD,unknown_sp,0.5,species,cover,0.25,m2,Fine debris; non-taxonomic observation.
GAZP_8,GAZP,8_36,2013,77,1,664,UN_ID_BG,unknown_sp,62.5,species,cover,0.25,m2,Bare ground; non-taxonomic observation.
GAZP_8,GAZP,8_36,2013,77,1,664,UN_ID_FD,unknown_sp,0.5,species,cover,0.25,m2,Fine debris; non-taxonomic observation.
GAZP_8,GAZP,8_36,2013,77,1,665,UN_ID_BG,unknown_sp,62.5,species,cover,0.25,m2,Bare ground; non-taxonomic observation.
GAZP_8,GAZP,8_36,2013,77,1,665,UN_ID_FD,unknown_sp,0.5,species,cover,0.25,m2,Fine debris; non-taxonomic observation.
GAZP_8,GAZP,8_36,2013,77,1,666,UN_ID_BG,unknown_sp,62.5,species,cover,0.25,m2,Bare ground; non-taxonomic observation.
GAZP_8,GAZP,8_36,2013,77,1,666,UN_ID_FD,unknown_sp,0.5,species,cover,0.25,m2,Fine debris; non-taxonomic observation.
GAZP_8,GAZP,8_36,2013,77,1,667,UN_ID_BG,unknown_sp,85,species,cover,0.25,m2,Bare ground; non-taxonomic observation.
GAZP_8,GAZP,8_36,2013,77,1,667,UN_ID_FD,unknown_sp,0.5,species,cover,0.25,m2,Fine debris; non-taxonomic observation.
GAZP_8,GAZP,8_36,2013,77,1,668,UN_ID_BG,unknown_sp,37.5,species,cover,0.25,m2,Bare ground; non-taxonomic observation.
GAZP_8,GAZP,8_36,2013,77,1,668,UN_ID_FD,unknown_sp,3,species,cover,0.25,m2,Fine debris; non-taxonomic observation.
GAZP_8,GAZP,8_36,2013,77,1,669,UN_ID_BG,unknown_sp,62.5,species,cover,0.25,m2,Bare ground; non-taxonomic observation.
GAZP_8,GAZP,8_36,2013,77,1,669,UN_ID_FD,unknown_sp,3,species,cover,0.25,m2,Fine debris; non-taxonomic observation.
GAZP_8,GAZP,8_36,2013,77,1,670,UN_ID_BG,unknown_sp,62.5,species,cover,0.25,m2,Bare ground; non-taxonomic observation.
GAZP_8,GAZP,8_36,2013,77,1,670,UN_ID_FD,unknown_sp,3,species,cover,0.25,m2,Fine debris; non-taxonomic observation.
GAZP_8,GAZP,8_36,2013,77,1,671,UN_ID_BG,unknown_sp,62.5,species,cover,0.25,m2,Bare ground; non-taxonomic observation.
GAZP_8,GAZP,8_36,2013,77,1,671,UN_ID_FD,unknown_sp,0.5,species,cover,0.25,m2,Fine debris; non-taxonomic observation.
GAZP_8,GAZP,8_36,2013,77,1,672,UN_ID_BG,unknown_sp,62.5,species,cover,0.25,m2,Bare ground; non-taxonomic observation.
GAZP_8,GAZP,8_36,2013,77,1,672,UN_ID_FD,unknown_sp,3,species,cover,0.25,m2,Fine debris; non-taxonomic observation.
GAZP_8,GAZP,8_36,2013,77,1,673,UN_ID_BG,unknown_sp,85,species,cover,0.25,m2,Bare ground; non-taxonomic observation.
GAZP_8,GAZP,8_36,2013,77,1,673,UN_ID_FD,unknown_sp,0.1,species,cover,0.25,m2,Fine debris; non-taxonomic observation.
GAZP_8,GAZP,8_36,2013,77,1,674,UN_ID_BG,unknown_sp,62.5,species,cover,0.25,m2,Bare ground; non-taxonomic observation.
GAZP_8,GAZP,8_36,2013,77,1,674,UN_ID_FD,unknown_sp,0.5,species,cover,0.25,m2,Fine debris; non-taxonomic observation.
GAZP_8,GAZP,8_36,2013,77,1,675,UN_ID_BG,unknown_sp,62.5,species,cover,0.25,m2,Bare ground; non-taxonomic observation.
GAZP_8,GAZP,8_36,2013,77,1,675,UN_ID_FD,unknown_sp,3,species,cover,0.25,m2,Fine debris; non-taxonomic observation.
GAZP_8,GAZP,8_36,2013,77,1,683,UN_ID_BG,unknown_sp,3,species,cover,0.25,m2,Bare ground; non-taxonomic observation.
GAZP_8,GAZP,8_36,2013,77,1,683,UN_ID_FD,unknown_sp,0.5,species,cover,0.25,m2,Fine debris; non-taxonomic observation.
GAZP_8,GAZP,8_36,2013,77,1,684,UN_ID_BG,unknown_sp,3,species,cover,0.25,m2,Bare ground; non-taxonomic observation.
GAZP_8,GAZP,8_36,2013,77,1,684,UN_ID_FD,unknown_sp,0.5,species,cover,0.25,m2,Fine debris; non-taxonomic observation.
GAZP_8,GAZP,8_36,2013,77,1,685,UN_ID_BG,unknown_sp,3,species,cover,0.25,m2,Bare ground; non-taxonomic observation.
GAZP_8,GAZP,8_36,2013,77,1,685,UN_ID_FD,unknown_sp,0.5,species,cover,0.25,m2,Fine debris; non-taxonomic observation.
GAZP_8,GAZP,8_36,2013,77,1,686,UN_ID_BG,unknown_sp,15,species,cover,0.25,m2,Bare ground; non-taxonomic observation.
GAZP_8,GAZP,8_36,2013,77,1,686,UN_ID_FD,unknown_sp,0.5,species,cover,0.25,m2,Fine debris; non-taxonomic observation.
GAZP_8,GAZP,8_36,2013,77,1,687,UN_ID_BG,unknown_sp,15,species,cover,0.25,m2,Bare ground; non-taxonomic observation.
GAZP_8,GAZP,8_36,2013,77,1,687,UN_ID_FD,unknown_sp,0.5,species,cover,0.25,m2,Fine debris; non-taxonomic observation.
GAZP_8,GAZP,8_36,2013,77,1,688,UN_ID_BG,unknown_sp,3,species,cover,0.25,m2,Bare ground; non-taxonomic observation.
GAZP_8,GAZP,8_36,2013,77,1,688,UN_ID_FD,unknown_sp,0.5,species,cover,0.25,m2,Fine debris; non-taxonomic observation.
GAZP_8,GAZP,8_36,2013,77,1,689,UN_ID_BG,unknown_sp,15,species,cover,0.25,m2,Bare ground; non-taxonomic observation.
GAZP_8,GAZP,8_36,2013,77,1,689,UN_ID_FD,unknown_sp,0.5,species,cover,0.25,m2,Fine debris; non-taxonomic observation.
GAZP_8,GAZP,8_36,2013,77,1,690,UN_ID_BG,unknown_sp,3,species,cover,0.25,m2,Bare ground; non-taxonomic observation.
GAZP_8,GAZP,8_36,2013,77,1,690,UN_ID_FD,unknown_sp,0.5,species,cover,0.25,m2,Fine debris; non-taxonomic observation.
GAZP_8,GAZP,8_36,2013,77,1,691,UN_ID_BG,unknown_sp,3,species,cover,0.25,m2,Bare ground; non-taxonomic observation.
GAZP_8,GAZP,8_36,2013,77,1,691,UN_ID_FD,unknown_sp,0.5,species,cover,0.25,m2,Fine debris; non-taxonomic observation.
GAZP_8,GAZP,8_36,2013,77,1,692,UN_ID_BG,unknown_sp,3,species,cover,0.25,m2,Bare ground; non-taxonomic observation.
GAZP_8,GAZP,8_36,2013,77,1,692,UN_ID_FD,unknown_sp,0.5,species,cover,0.25,m2,Fine debris; non-taxonomic observation.
GAZP_8,GAZP,8_36,2013,77,1,693,UN_ID_BG,unknown_sp,15,species,cover,0.25,m2,Bare ground; non-taxonomic observation.
GAZP_8,GAZP,8_36,2013,77,1,693,UN_ID_FD,unknown_sp,0.5,species,cover,0.25,m2,Fine debris; non-taxonomic observation.
GAZP_8,GAZP,8_36,2013,77,1,694,UN_ID_BG,unknown_sp,3,species,cover,0.25,m2,Bare ground; non-taxonomic observation.
GAZP_8,GAZP,8_36,2013,77,1,694,UN_ID_FD,unknown_sp,0.5,species,cover,0.25,m2,Fine debris; non-taxonomic observation.
GAZP_8,GAZP,8_36,2013,77,1,695,UN_ID_BG,unknown_sp,15,species,cover,0.25,m2,Bare ground; non-taxonomic observation.
GAZP_8,GAZP,8_36,2013,77,1,695,UN_ID_FD,unknown_sp,0.5,species,cover,0.25,m2,Fine debris; non-taxonomic observation.
GAZP_8,GAZP,8_36,2013,77,1,696,UN_ID_BG,unknown_sp,3,species,cover,0.25,m2,Bare ground; non-taxonomic observation.
GAZP_8,GAZP,8_36,2013,77,1,696,UN_ID_FD,unknown_sp,0.5,species,cover,0.25,m2,Fine debris; non-taxonomic observation.
GAZP_8,GAZP,8_36,2013,77,1,697,UN_ID_BG,unknown_sp,3,species,cover,0.25,m2,Bare ground; non-taxonomic observation.
GAZP_8,GAZP,8_36,2013,77,1,697,UN_ID_FD,unknown_sp,0.5,species,cover,0.25,m2,Fine debris; non-taxonomic observation.
GAZP_8,GAZP,8_36,2013,77,1,698,UN_ID_BG,unknown_sp,3,species,cover,0.25,m2,Bare ground; non-taxonomic observation.
GAZP_8,GAZP,8_36,2013,77,1,698,UN_ID_FD,unknown_sp,0.5,species,cover,0.25,m2,Fine debris; non-taxonomic observation.
GAZP_8,GAZP,8_36,2013,77,2,715,UN_ID_BG,unknown_sp,85,species,cover,0.25,m2,Bare ground; non-taxonomic observation.
GAZP_8,GAZP,8_36,2013,77,2,715,UN_ID_FD,unknown_sp,0.1,species,cover,0.25,m2,Fine debris; non-taxonomic observation.
GAZP_8,GAZP,8_36,2013,77,2,716,UN_ID_BG,unknown_sp,62.5,species,cover,0.25,m2,Bare ground; non-taxonomic observation.
GAZP_8,GAZP,8_36,2013,77,2,716,UN_ID_FD,unknown_sp,0.1,species,cover,0.25,m2,Fine debris; non-taxonomic observation.
GAZP_8,GAZP,8_36,2013,77,2,717,UN_ID_BG,unknown_sp,37.5,species,cover,0.25,m2,Bare ground; non-taxonomic observation.
GAZP_8,GAZP,8_36,2013,77,2,717,UN_ID_FD,unknown_sp,0.1,species,cover,0.25,m2,Fine debris; non-taxonomic observation.
GAZP_8,GAZP,8_36,2013,77,2,718,UN_ID_BG,unknown_sp,62.5,species,cover,0.25,m2,Bare ground; non-taxonomic observation.
GAZP_8,GAZP,8_36,2013,77,2,718,UN_ID_FD,unknown_sp,0.1,species,cover,0.25,m2,Fine debris; non-taxonomic observation.
GAZP_8,GAZP,8_36,2013,77,2,719,UN_ID_BG,unknown_sp,62.5,species,cover,0.25,m2,Bare ground; non-taxonomic observation.
GAZP_8,GAZP,8_36,2013,77,2,719,UN_ID_FD,unknown_sp,0.1,species,cover,0.25,m2,Fine debris; non-taxonomic observation.
GAZP_8,GAZP,8_36,2013,77,2,720,UN_ID_BG,unknown_sp,85,species,cover,0.25,m2,Bare ground; non-taxonomic observation.
GAZP_8,GAZP,8_36,2013,77,2,720,UN_ID_FD,unknown_sp,0.1,species,cover,0.25,m2,Fine debris; non-taxonomic observation.
GAZP_8,GAZP,8_36,2013,77,2,721,UN_ID_BG,unknown_sp,62.5,species,cover,0.25,m2,Bare ground; non-taxonomic observation.
GAZP_8,GAZP,8_36,2013,77,2,721,UN_ID_FD,unknown_sp,0.1,species,cover,0.25,m2,Fine debris; non-taxonomic observation.
GAZP_8,GAZP,8_36,2013,77,2,722,UN_ID_BG,unknown_sp,37.5,species,cover,0.25,m2,Bare ground; non-taxonomic observation.
GAZP_8,GAZP,8_36,2013,77,2,722,UN_ID_FD,unknown_sp,0.1,species,cover,0.25,m2,Fine debris; non-taxonomic observation.
GAZP_8,GAZP,8_36,2013,77,2,723,UN_ID_BG,unknown_sp,85,species,cover,0.25,m2,Bare ground; non-taxonomic observation.
GAZP_8,GAZP,8_36,2013,77,2,723,UN_ID_FD,unknown_sp,0.1,species,cover,0.25,m2,Fine debris; non-taxonomic observation.
GAZP_8,GAZP,8_36,2013,77,2,724,UN_ID_BG,unknown_sp,62.5,species,cover,0.25,m2,Bare ground; non-taxonomic observation.
GAZP_8,GAZP,8_36,2013,77,2,724,UN_ID_FD,unknown_sp,0.1,species,cover,0.25,m2,Fine debris; non-taxonomic observation.
GAZP_8,GAZP,8_36,2013,77,2,725,UN_ID_BG,unknown_sp,62.5,species,cover,0.25,m2,Bare ground; non-taxonomic observation.
GAZP_8,GAZP,8_36,2013,77,2,725,UN_ID_FD,unknown_sp,0.1,species,cover,0.25,m2,Fine debris; non-taxonomic observation.
GAZP_8,GAZP,8_36,2013,77,2,726,UN_ID_BG,unknown_sp,97.5,species,cover,0.25,m2,Bare ground; non-taxonomic observation.
GAZP_8,GAZP,8_36,2013,77,2,726,UN_ID_FD,unknown_sp,0.1,species,cover,0.25,m2,Fine debris; non-taxonomic observation.
GAZP_8,GAZP,8_36,2013,77,2,727,UN_ID_BG,unknown_sp,97.5,species,cover,0.25,m2,Bare ground; non-taxonomic observation.
GAZP_8,GAZP,8_36,2013,77,2,727,UN_ID_FD,unknown_sp,0.1,species,cover,0.25,m2,Fine debris; non-taxonomic observation.
GAZP_8,GAZP,8_36,2013,77,2,728,UN_ID_BG,unknown_sp,97.5,species,cover,0.25,m2,Bare ground; non-taxonomic observation.
GAZP_8,GAZP,8_36,2013,77,2,728,UN_ID_FD,unknown_sp,0.1,species,cover,0.25,m2,Fine debris; non-taxonomic observation.
GAZP_8,GAZP,8_36,2013,77,2,729,UN_ID_BG,unknown_sp,62.5,species,cover,0.25,m2,Bare ground; non-taxonomic observation.
GAZP_8,GAZP,8_36,2013,77,2,729,UN_ID_FD,unknown_sp,0.1,species,cover,0.25,m2,Fine debris; non-taxonomic observation.
GAZP_8,GAZP,8_36,2013,77,2,730,UN_ID_BG,unknown_sp,62.5,species,cover,0.25,m2,Bare ground; non-taxonomic observation.
GAZP_8,GAZP,8_36,2013,77,2,730,UN_ID_FD,unknown_sp,0.1,species,cover,0.25,m2,Fine debris; non-taxonomic observation.
GAZP_8,GAZP,8_36,2013,77,3,747,UN_ID_BG,unknown_sp,97.5,species,cover,0.25,m2,Bare ground; non-taxonomic observation.
GAZP_8,GAZP,8_36,2013,77,3,747,UN_ID_FD,unknown_sp,0.1,species,cover,0.25,m2,Fine debris; non-taxonomic observation.
GAZP_8,GAZP,8_36,2013,77,3,748,UN_ID_BG,unknown_sp,97.5,species,cover,0.25,m2,Bare ground; non-taxonomic observation.
GAZP_8,GAZP,8_36,2013,77,3,748,UN_ID_FD,unknown_sp,0.1,species,cover,0.25,m2,Fine debris; non-taxonomic observation.
GAZP_8,GAZP,8_36,2013,77,3,749,UN_ID_BG,unknown_sp,62.5,species,cover,0.25,m2,Bare ground; non-taxonomic observation.
GAZP_8,GAZP,8_36,2013,77,3,749,UN_ID_CD,unknown_sp,3,species,cover,0.25,m2,Meaning could not be determined from the source data.
GAZP_8,GAZP,8_36,2013,77,3,749,UN_ID_FD,unknown_sp,0.1,species,cover,0.25,m2,Fine debris; non-taxonomic observation.
GAZP_8,GAZP,8_36,2013,77,3,750,UN_ID_BG,unknown_sp,85,species,cover,0.25,m2,Bare ground; non-taxonomic observation.
GAZP_8,GAZP,8_36,2013,77,3,750,UN_ID_FD,unknown_sp,0.1,species,cover,0.25,m2,Fine debris; non-taxonomic observation.
GAZP_8,GAZP,8_36,2013,77,3,751,UN_ID_BG,unknown_sp,85,species,cover,0.25,m2,Bare ground; non-taxonomic observation.
GAZP_8,GAZP,8_36,2013,77,3,751,UN_ID_CD,unknown_sp,0.5,species,cover,0.25,m2,Meaning could not be determined from the source data.
GAZP_8,GAZP,8_36,2013,77,3,751,UN_ID_FD,unknown_sp,0.1,species,cover,0.25,m2,Fine debris; non-taxonomic observation.
GAZP_8,GAZP,8_36,2013,77,3,752,UN_ID_BG,unknown_sp,85,species,cover,0.25,m2,Bare ground; non-taxonomic observation.
GAZP_8,GAZP,8_36,2013,77,3,752,UN_ID_CD,unknown_sp,0.5,species,cover,0.25,m2,Meaning could not be determined from the source data.
GAZP_8,GAZP,8_36,2013,77,3,752,UN_ID_FD,unknown_sp,0.1,species,cover,0.25,m2,Fine debris; non-taxonomic observation.
GAZP_8,GAZP,8_36,2013,77,3,753,UN_ID_BG,unknown_sp,97.5,species,cover,0.25,m2,Bare ground; non-taxonomic observation.
GAZP_8,GAZP,8_36,2013,77,3,753,UN_ID_FD,unknown_sp,0.1,species,cover,0.25,m2,Fine debris; non-taxonomic observation.
GAZP_8,GAZP,8_36,2013,77,3,754,UN_ID_BG,unknown_sp,62.5,species,cover,0.25,m2,Bare ground; non-taxonomic observation.
GAZP_8,GAZP,8_36,2013,77,3,754,UN_ID_FD,unknown_sp,0.1,species,cover,0.25,m2,Fine debris; non-taxonomic observation.
GAZP_8,GAZP,8_36,2013,77,3,755,UN_ID_BG,unknown_sp,85,species,cover,0.25,m2,Bare ground; non-taxonomic observation.
GAZP_8,GAZP,8_36,2013,77,3,755,UN_ID_CD,unknown_sp,3,species,cover,0.25,m2,Meaning could not be determined from the source data.
GAZP_8,GAZP,8_36,2013,77,3,755,UN_ID_FD,unknown_sp,0.1,species,cover,0.25,m2,Fine debris; non-taxonomic observation.
GAZP_8,GAZP,8_36,2013,77,3,756,UN_ID_BG,unknown_sp,85,species,cover,0.25,m2,Bare ground; non-taxonomic observation.
GAZP_8,GAZP,8_36,2013,77,3,756,UN_ID_CD,unknown_sp,3,species,cover,0.25,m2,Meaning could not be determined from the source data.
GAZP_8,GAZP,8_36,2013,77,3,756,UN_ID_FD,unknown_sp,0.1,species,cover,0.25,m2,Fine debris; non-taxonomic observation.
GAZP_8,GAZP,8_36,2013,77,3,757,UN_ID_BG,unknown_sp,97.5,species,cover,0.25,m2,Bare ground; non-taxonomic observation.
GAZP_8,GAZP,8_36,2013,77,3,757,UN_ID_FD,unknown_sp,0.1,species,cover,0.25,m2,Fine debris; non-taxonomic observation.
GAZP_8,GAZP,8_36,2013,77,3,758,UN_ID_BG,unknown_sp,85,species,cover,0.25,m2,Bare ground; non-taxonomic observation.
GAZP_8,GAZP,8_36,2013,77,3,758,UN_ID_FD,unknown_sp,0.1,species,cover,0.25,m2,Fine debris; non-taxonomic observation.
GAZP_8,GAZP,8_36,2013,77,3,759,UN_ID_BG,unknown_sp,85,species,cover,0.25,m2,Bare ground; non-taxonomic observation.
GAZP_8,GAZP,8_36,2013,77,3,759,UN_ID_CD,unknown_sp,0.5,species,cover,0.25,m2,Meaning could not be determined from the source data.
GAZP_8,GAZP,8_36,2013,77,3,759,UN_ID_FD,unknown_sp,0.1,species,cover,0.25,m2,Fine debris; non-taxonomic observation.
GAZP_8,GAZP,8_36,2013,77,3,760,UN_ID_BG,unknown_sp,85,species,cover,0.25,m2,Bare ground; non-taxonomic observation.
GAZP_8,GAZP,8_36,2013,77,3,760,UN_ID_CD,unknown_sp,0.5,species,cover,0.25,m2,Meaning could not be determined from the source data.
GAZP_8,GAZP,8_36,2013,77,3,760,UN_ID_FD,unknown_sp,0.1,species,cover,0.25,m2,Fine debris; non-taxonomic observation.
GAZP_8,GAZP,8_36,2013,77,3,761,UN_ID_BG,unknown_sp,97.5,species,cover,0.25,m2,Bare ground; non-taxonomic observation.
GAZP_8,GAZP,8_36,2013,77,3,761,UN_ID_FD,unknown_sp,0.1,species,cover,0.25,m2,Fine debris; non-taxonomic observation.
GAZP_8,GAZP,8_36,2013,77,3,762,UN_ID_BG,unknown_sp,97.5,species,cover,0.25,m2,Bare ground; non-taxonomic observation.
GAZP_8,GAZP,8_36,2013,77,3,762,UN_ID_FD,unknown_sp,0.1,species,cover,0.25,m2,Fine debris; non-taxonomic observation.
GAZP_8,GAZP,8_36,2013,77,3,763,UN_ID_BG,unknown_sp,62.5,species,cover,0.25,m2,Bare ground; non-taxonomic observation.
GAZP_8,GAZP,8_36,2013,77,3,763,UN_ID_CD,unknown_sp,3,species,cover,0.25,m2,Meaning could not be determined from the source data.
GAZP_8,GAZP,8_36,2013,77,3,763,UN_ID_FD,unknown_sp,0.1,species,cover,0.25,m2,Fine debris; non-taxonomic observation.
GAZP_8,GAZP,8_36,2013,77,3,764,UN_ID_BG,unknown_sp,62.5,species,cover,0.25,m2,Bare ground; non-taxonomic observation.
GAZP_8,GAZP,8_36,2013,77,3,764,UN_ID_CD,unknown_sp,3,species,cover,0.25,m2,Meaning could not be determined from the source data.
GAZP_8,GAZP,8_36,2013,77,3,764,UN_ID_FD,unknown_sp,0.1,species,cover,0.25,m2,Fine debris; non-taxonomic observation.
GAZP_8,GAZP,8_36,2013,77,3,765,UN_ID_BG,unknown_sp,85,species,cover,0.25,m2,Bare ground; non-taxonomic observation.
GAZP_8,GAZP,8_36,2013,77,3,765,UN_ID_CD,unknown_sp,0.5,species,cover,0.25,m2,Meaning could not be determined from the source data.
GAZP_8,GAZP,8_36,2013,77,3,765,UN_ID_FD,unknown_sp,0.1,species,cover,0.25,m2,Fine debris; non-taxonomic observation.
GAZP_8,GAZP,8_36,2013,77,3,766,UN_ID_BG,unknown_sp,85,species,cover,0.25,m2,Bare ground; non-taxonomic observation.
GAZP_8,GAZP,8_36,2013,77,3,766,UN_ID_CD,unknown_sp,0.1,species,cover,0.25,m2,Meaning could not be determined from the source data.
GAZP_8,GAZP,8_36,2013,77,3,766,UN_ID_FD,unknown_sp,0.1,species,cover,0.25,m2,Fine debris; non-taxonomic observation.
GAZP_8,GAZP,8_36,2013,77,3,767,UN_ID_BG,unknown_sp,85,species,cover,0.25,m2,Bare ground; non-taxonomic observation.
GAZP_8,GAZP,8_36,2013,77,3,767,UN_ID_FD,unknown_sp,0.1,species,cover,0.25,m2,Fine debris; non-taxonomic observation.
GAZP_8,GAZP,8_36,2013,77,3,768,UN_ID_BG,unknown_sp,85,species,cover,0.25,m2,Bare ground; non-taxonomic observation.
GAZP_8,GAZP,8_36,2013,77,3,768,UN_ID_CD,unknown_sp,0.5,species,cover,0.25,m2,Meaning could not be determined from the source data.
GAZP_8,GAZP,8_36,2013,77,3,768,UN_ID_FD,unknown_sp,0.1,species,cover,0.25,m2,Fine debris; non-taxonomic observation.
GAZP_8,GAZP,8_36,2013,77,3,769,UN_ID_BG,unknown_sp,85,species,cover,0.25,m2,Bare ground; non-taxonomic observation.
GAZP_8,GAZP,8_36,2013,77,3,769,UN_ID_FD,unknown_sp,0.1,species,cover,0.25,m2,Fine debris; non-taxonomic observation.
GAZP_8,GAZP,8_36,2013,77,3,770,UN_ID_BG,unknown_sp,85,species,cover,0.25,m2,Bare ground; non-taxonomic observation.
GAZP_8,GAZP,8_36,2013,77,3,770,UN_ID_CD,unknown_sp,0.5,species,cover,0.25,m2,Meaning could not be determined from the source data.
GAZP_8,GAZP,8_36,2013,77,3,770,UN_ID_FD,unknown_sp,0.1,species,cover,0.25,m2,Fine debris; non-taxonomic observation.
GAZP_8,GAZP,8_36,2013,77,3,771,UN_ID_BG,unknown_sp,97.5,species,cover,0.25,m2,Bare ground; non-taxonomic observation.
GAZP_8,GAZP,8_36,2013,77,3,771,UN_ID_CD,unknown_sp,0.1,species,cover,0.25,m2,Meaning could not be determined from the source data.
GAZP_8,GAZP,8_36,2013,77,3,771,UN_ID_FD,unknown_sp,0.1,species,cover,0.25,m2,Fine debris; non-taxonomic observation.
GAZP_8,GAZP,8_36,2013,77,3,772,UN_ID_BG,unknown_sp,37.5,species,cover,0.25,m2,Bare ground; non-taxonomic observation.
GAZP_8,GAZP,8_36,2013,77,3,772,UN_ID_CD,unknown_sp,3,species,cover,0.25,m2,Meaning could not be determined from the source data.
GAZP_8,GAZP,8_36,2013,77,3,772,UN_ID_FD,unknown_sp,0.1,species,cover,0.25,m2,Fine debris; non-taxonomic observation.
GAZP_8,GAZP,8_36,2013,77,3,773,UN_ID_BG,unknown_sp,85,species,cover,0.25,m2,Bare ground; non-taxonomic observation.
GAZP_8,GAZP,8_36,2013,77,3,773,UN_ID_FD,unknown_sp,0.1,species,cover,0.25,m2,Fine debris; non-taxonomic observation.
GAZP_8,GAZP,8_36,2013,77,3,774,UN_ID_BG,unknown_sp,85,species,cover,0.25,m2,Bare ground; non-taxonomic observation.
GAZP_8,GAZP,8_36,2013,77,3,774,UN_ID_CD,unknown_sp,0.1,species,cover,0.25,m2,Meaning could not be determined from the source data.
GAZP_8,GAZP,8_36,2013,77,3,774,UN_ID_FD,unknown_sp,0.1,species,cover,0.25,m2,Fine debris; non-taxonomic observation.
GAZP_8,GAZP,8_36,2013,77,3,775,UN_ID_BG,unknown_sp,62.5,species,cover,0.25,m2,Bare ground; non-taxonomic observation.
GAZP_8,GAZP,8_36,2013,77,3,775,UN_ID_CD,unknown_sp,3,species,cover,0.25,m2,Meaning could not be determined from the source data.
GAZP_8,GAZP,8_36,2013,77,3,775,UN_ID_FD,unknown_sp,0.1,species,cover,0.25,m2,Fine debris; non-taxonomic observation.
GAZP_8,GAZP,8_36,2013,77,3,776,UN_ID_BG,unknown_sp,62.5,species,cover,0.25,m2,Bare ground; non-taxonomic observation.
GAZP_8,GAZP,8_36,2013,77,3,776,UN_ID_CD,unknown_sp,0.1,species,cover,0.25,m2,Meaning could not be determined from the source data.
GAZP_8,GAZP,8_36,2013,77,3,776,UN_ID_FD,unknown_sp,0.1,species,cover,0.25,m2,Fine debris; non-taxonomic observation.
GAZP_8,GAZP,8_36,2013,77,3,777,UN_ID_BG,unknown_sp,85,species,cover,0.25,m2,Bare ground; non-taxonomic observation.
GAZP_8,GAZP,8_36,2013,77,3,777,UN_ID_FD,unknown_sp,0.1,species,cover,0.25,m2,Fine debris; non-taxonomic observation.
GAZP_8,GAZP,8_36,2013,77,3,778,UN_ID_BG,unknown_sp,85,species,cover,0.25,m2,Bare ground; non-taxonomic observation.
GAZP_8,GAZP,8_36,2013,77,3,778,UN_ID_CD,unknown_sp,0.1,species,cover,0.25,m2,Meaning could not be determined from the source data.
GAZP_8,GAZP,8_36,2013,77,3,778,UN_ID_FD,unknown_sp,0.1,species,cover,0.25,m2,Fine debris; non-taxonomic observation.
GAZP_8,GAZP,8_36,2013,77,3,779,UN_ID_BG,unknown_sp,97.5,species,cover,0.25,m2,Bare ground; non-taxonomic observation.
GAZP_8,GAZP,8_36,2013,77,3,779,UN_ID_FD,unknown_sp,0.1,species,cover,0.25,m2,Fine debris; non-taxonomic observation.
GAZP_8,GAZP,8_36,2013,77,3,780,UN_ID_BG,unknown_sp,85,species,cover,0.25,m2,Bare ground; non-taxonomic observation.
GAZP_8,GAZP,8_36,2013,77,3,780,UN_ID_FD,unknown_sp,0.1,species,cover,0.25,m2,Fine debris; non-taxonomic observation.
GAZP_8,GAZP,8_36,2013,77,3,781,UN_ID_BG,unknown_sp,85,species,cover,0.25,m2,Bare ground; non-taxonomic observation.
GAZP_8,GAZP,8_36,2013,77,3,781,UN_ID_CD,unknown_sp,0.5,species,cover,0.25,m2,Meaning could not be determined from the source data.
GAZP_8,GAZP,8_36,2013,77,3,781,UN_ID_FD,unknown_sp,0.1,species,cover,0.25,m2,Fine debris; non-taxonomic observation.
GAZP_8,GAZP,8_36,2013,77,3,782,UN_ID_BG,unknown_sp,97.5,species,cover,0.25,m2,Bare ground; non-taxonomic observation.
GAZP_8,GAZP,8_36,2013,77,3,782,UN_ID_CD,unknown_sp,0.1,species,cover,0.25,m2,Meaning could not be determined from the source data.
GAZP_8,GAZP,8_36,2013,77,3,782,UN_ID_FD,unknown_sp,0.1,species,cover,0.25,m2,Fine debris; non-taxonomic observation.
GAZP_8,GAZP,8_36,2013,77,3,783,UN_ID_BG,unknown_sp,97.5,species,cover,0.25,m2,Bare ground; non-taxonomic observation.
GAZP_8,GAZP,8_36,2013,77,3,783,UN_ID_FD,unknown_sp,0.1,species,cover,0.25,m2,Fine debris; non-taxonomic observation.
GAZP_8,GAZP,8_36,2013,77,3,784,UN_ID_BG,unknown_sp,97.5,species,cover,0.25,m2,Bare ground; non-taxonomic observation.
GAZP_8,GAZP,8_36,2013,77,3,784,UN_ID_FD,unknown_sp,0.1,species,cover,0.25,m2,Fine debris; non-taxonomic observation.
GAZP_8,GAZP,8_36,2013,77,3,785,UN_ID_BG,unknown_sp,97.5,species,cover,0.25,m2,Bare ground; non-taxonomic observation.
GAZP_8,GAZP,8_36,2013,77,3,785,UN_ID_FD,unknown_sp,0.1,species,cover,0.25,m2,Fine debris; non-taxonomic observation.
GAZP_8,GAZP,8_36,2013,77,3,786,UN_ID_BG,unknown_sp,85,species,cover,0.25,m2,Bare ground; non-taxonomic observation.
GAZP_8,GAZP,8_36,2013,77,3,786,UN_ID_CD,unknown_sp,0.1,species,cover,0.25,m2,Meaning could not be determined from the source data.
GAZP_8,GAZP,8_36,2013,77,3,786,UN_ID_FD,unknown_sp,0.1,species,cover,0.25,m2,Fine debris; non-taxonomic observation.
GAZP_8,GAZP,8_36,2013,77,3,787,UN_ID_BG,unknown_sp,97.5,species,cover,0.25,m2,Bare ground; non-taxonomic observation.
GAZP_8,GAZP,8_36,2013,77,3,787,UN_ID_FD,unknown_sp,0.1,species,cover,0.25,m2,Fine debris; non-taxonomic observation.
GAZP_8,GAZP,8_36,2013,77,3,788,UN_ID_BG,unknown_sp,97.5,species,cover,0.25,m2,Bare ground; non-taxonomic observation.
GAZP_8,GAZP,8_36,2013,77,3,788,UN_ID_FD,unknown_sp,0.1,species,cover,0.25,m2,Fine debris; non-taxonomic observation.
GAZP_8,GAZP,8_36,2013,77,3,789,UN_ID_BG,unknown_sp,97.5,species,cover,0.25,m2,Bare ground; non-taxonomic observation.
GAZP_8,GAZP,8_36,2013,77,3,789,UN_ID_FD,unknown_sp,0.1,species,cover,0.25,m2,Fine debris; non-taxonomic observation.
GAZP_8,GAZP,8_36,2013,77,3,790,UN_ID_BG,unknown_sp,97.5,species,cover,0.25,m2,Bare ground; non-taxonomic observation.
GAZP_8,GAZP,8_36,2013,77,3,790,UN_ID_FD,unknown_sp,0.1,species,cover,0.25,m2,Fine debris; non-taxonomic observation.
GAZP_8,GAZP,8_36,2013,77,3,791,UN_ID_BG,unknown_sp,85,species,cover,0.25,m2,Bare ground; non-taxonomic observation.
GAZP_8,GAZP,8_36,2013,77,3,791,UN_ID_CD,unknown_sp,0.5,species,cover,0.25,m2,Meaning could not be determined from the source data.
GAZP_8,GAZP,8_36,2013,77,3,791,UN_ID_FD,unknown_sp,0.1,species,cover,0.25,m2,Fine debris; non-taxonomic observation.
GAZP_8,GAZP,8_36,2013,77,3,792,UN_ID_BG,unknown_sp,85,species,cover,0.25,m2,Bare ground; non-taxonomic observation.
GAZP_8,GAZP,8_36,2013,77,3,792,UN_ID_FD,unknown_sp,0.1,species,cover,0.25,m2,Fine debris; non-taxonomic observation.
GAZP_8,GAZP,8_36,2013,77,3,793,UN_ID_BG,unknown_sp,97.5,species,cover,0.25,m2,Bare ground; non-taxonomic observation.
GAZP_8,GAZP,8_36,2013,77,3,793,UN_ID_FD,unknown_sp,0.1,species,cover,0.25,m2,Fine debris; non-taxonomic observation.
GAZP_8,GAZP,8_36,2013,77,3,794,UN_ID_BG,unknown_sp,97.5,species,cover,0.25,m2,Bare ground; non-taxonomic observation.
GAZP_8,GAZP,8_36,2013,77,3,794,UN_ID_CD,unknown_sp,0.1,species,cover,0.25,m2,Meaning could not be determined from the source data.
GAZP_8,GAZP,8_36,2013,77,3,794,UN_ID_FD,unknown_sp,0.1,species,cover,0.25,m2,Fine debris; non-taxonomic observation.
GAZP_8,GAZP,8_4,2014,177,1,795,UN_ID_BG,unknown_sp,3,species,cover,0.25,m2,Bare ground; non-taxonomic observation.
GAZP_8,GAZP,8_4,2014,177,1,796,UN_ID_BG,unknown_sp,15,species,cover,0.25,m2,Bare ground; non-taxonomic observation.
GAZP_8,GAZP,8_4,2014,177,1,797,UN_ID_BG,unknown_sp,15,species,cover,0.25,m2,Bare ground; non-taxonomic observation.
GAZP_8,GAZP,8_4,2014,177,2,798,UN_ID_BG,unknown_sp,15,species,cover,0.25,m2,Bare ground; non-taxonomic observation.
GAZP_8,GAZP,8_4,2014,177,2,799,UN_ID_BG,unknown_sp,85,species,cover,0.25,m2,Bare ground; non-taxonomic observation.
GAZP_8,GAZP,8_4,2014,177,2,800,UN_ID_BG,unknown_sp,15,species,cover,0.25,m2,Bare ground; non-taxonomic observation.
GAZP_8,GAZP,8_4,2014,177,3,801,UN_ID_BG,unknown_sp,85,species,cover,0.25,m2,Bare ground; non-taxonomic observation.
GAZP_8,GAZP,8_4,2014,177,3,802,UN_ID_BG,unknown_sp,85,species,cover,0.25,m2,Bare ground; non-taxonomic observation.
GAZP_8,GAZP,8_4,2014,177,3,803,UN_ID_BG,unknown_sp,97.5,species,cover,0.25,m2,Bare ground; non-taxonomic observation.
GAZP_8,GAZP,8_4,2012,18,1,795,UN_ID_BG,unknown_sp,97.5,species,cover,0.25,m2,Bare ground; non-taxonomic observation.
GAZP_8,GAZP,8_4,2012,18,1,795,UN_ID_FD,unknown_sp,0.1,species,cover,0.25,m2,Fine debris; non-taxonomic observation.
GAZP_8,GAZP,8_4,2012,18,1,795,UN_ID_TC,unknown_sp,0.1,species,cover,0.25,m2,Total cover; non-taxonomic observation.
GAZP_8,GAZP,8_4,2012,18,1,795,UN_ID_TS,unknown_sp,0.1,species,cover,0.25,m2,Triticale seeds; non-taxonomic observation.
GAZP_8,GAZP,8_4,2012,18,1,796,UN_ID_BG,unknown_sp,97.5,species,cover,0.25,m2,Bare ground; non-taxonomic observation.
GAZP_8,GAZP,8_4,2012,18,1,796,UN_ID_FD,unknown_sp,0.1,species,cover,0.25,m2,Fine debris; non-taxonomic observation.
GAZP_8,GAZP,8_4,2012,18,1,796,UN_ID_TC,unknown_sp,0.1,species,cover,0.25,m2,Total cover; non-taxonomic observation.
GAZP_8,GAZP,8_4,2012,18,1,797,UN_ID_BG,unknown_sp,97.5,species,cover,0.25,m2,Bare ground; non-taxonomic observation.
GAZP_8,GAZP,8_4,2012,18,1,797,UN_ID_FD,unknown_sp,0.1,species,cover,0.25,m2,Fine debris; non-taxonomic observation.
GAZP_8,GAZP,8_4,2012,18,1,797,UN_ID_TC,unknown_sp,0.1,species,cover,0.25,m2,Total cover; non-taxonomic observation.
GAZP_8,GAZP,8_4,2012,18,2,798,UN_ID_BG,unknown_sp,97.5,species,cover,0.25,m2,Bare ground; non-taxonomic observation.
GAZP_8,GAZP,8_4,2012,18,2,798,UN_ID_FD,unknown_sp,0.1,species,cover,0.25,m2,Fine debris; non-taxonomic observation.
GAZP_8,GAZP,8_4,2012,18,2,798,UN_ID_TC,unknown_sp,0.1,species,cover,0.25,m2,Total cover; non-taxonomic observation.
GAZP_8,GAZP,8_4,2012,18,2,799,UN_ID_BG,unknown_sp,97.5,species,cover,0.25,m2,Bare ground; non-taxonomic observation.
GAZP_8,GAZP,8_4,2012,18,2,799,UN_ID_FD,unknown_sp,0.1,species,cover,0.25,m2,Fine debris; non-taxonomic observation.
GAZP_8,GAZP,8_4,2012,18,2,800,UN_ID_BG,unknown_sp,97.5,species,cover,0.25,m2,Bare ground; non-taxonomic observation.
GAZP_8,GAZP,8_4,2012,18,2,800,UN_ID_FD,unknown_sp,0.1,species,cover,0.25,m2,Fine debris; non-taxonomic observation.
GAZP_8,GAZP,8_4,2012,18,2,800,UN_ID_TC,unknown_sp,0.1,species,cover,0.25,m2,Total cover; non-taxonomic observation.
GAZP_8,GAZP,8_4,2012,18,3,801,UN_ID_BG,unknown_sp,97.5,species,cover,0.25,m2,Bare ground; non-taxonomic observation.
GAZP_8,GAZP,8_4,2012,18,3,801,UN_ID_FD,unknown_sp,0.1,species,cover,0.25,m2,Fine debris; non-taxonomic observation.
GAZP_8,GAZP,8_4,2012,18,3,802,UN_ID_BG,unknown_sp,97.5,species,cover,0.25,m2,Bare ground; non-taxonomic observation.
GAZP_8,GAZP,8_4,2012,18,3,802,UN_ID_CD,unknown_sp,0.5,species,cover,0.25,m2,Meaning could not be determined from the source data.
GAZP_8,GAZP,8_4,2012,18,3,802,UN_ID_FD,unknown_sp,0.1,species,cover,0.25,m2,Fine debris; non-taxonomic observation.
GAZP_8,GAZP,8_4,2012,18,3,803,UN_ID_BG,unknown_sp,97.5,species,cover,0.25,m2,Bare ground; non-taxonomic observation.
GAZP_8,GAZP,8_4,2012,18,3,803,UN_ID_FD,unknown_sp,0.1,species,cover,0.25,m2,Fine debris; non-taxonomic observation.
GAZP_8,GAZP,8_4,2013,77,1,795,UN_ID_BG,unknown_sp,37.5,species,cover,0.25,m2,Bare ground; non-taxonomic observation.
GAZP_8,GAZP,8_4,2013,77,1,795,UN_ID_FD,unknown_sp,0.5,species,cover,0.25,m2,Fine debris; non-taxonomic observation.
GAZP_8,GAZP,8_4,2013,77,1,796,UN_ID_BG,unknown_sp,62.5,species,cover,0.25,m2,Bare ground; non-taxonomic observation.
GAZP_8,GAZP,8_4,2013,77,1,796,UN_ID_FD,unknown_sp,0.5,species,cover,0.25,m2,Fine debris; non-taxonomic observation.
GAZP_8,GAZP,8_4,2013,77,2,799,UN_ID_BG,unknown_sp,62.5,species,cover,0.25,m2,Bare ground; non-taxonomic observation.
GAZP_8,GAZP,8_4,2013,77,2,799,UN_ID_FD,unknown_sp,3,species,cover,0.25,m2,Fine debris; non-taxonomic observation.
GAZP_8,GAZP,8_4,2013,77,3,801,UN_ID_BG,unknown_sp,85,species,cover,0.25,m2,Bare ground; non-taxonomic observation.
GAZP_8,GAZP,8_4,2013,77,3,801,UN_ID_FD,unknown_sp,0.1,species,cover,0.25,m2,Fine debris; non-taxonomic observation.
GAZP_8,GAZP,8_4,2013,77,3,802,UN_ID_BG,unknown_sp,85,species,cover,0.25,m2,Bare ground; non-taxonomic observation.
GAZP_8,GAZP,8_4,2013,77,3,802,UN_ID_CD,unknown_sp,0.5,species,cover,0.25,m2,Meaning could not be determined from the source data.
GAZP_8,GAZP,8_4,2013,77,3,802,UN_ID_FD,unknown_sp,0.1,species,cover,0.25,m2,Fine debris; non-taxonomic observation.
GAZP_8,GAZP,8_4,2013,77,3,803,UN_ID_BG,unknown_sp,97.5,species,cover,0.25,m2,Bare ground; non-taxonomic observation.
GAZP_8,GAZP,8_4,2013,77,3,803,UN_ID_CD,unknown_sp,0.1,species,cover,0.25,m2,Meaning could not be determined from the source data.
GAZP_8,GAZP,8_4,2013,77,3,803,UN_ID_FD,unknown_sp,0.1,species,cover,0.25,m2,Fine debris; non-taxonomic observation.
GAZP_8,GAZP,8_5,2014,177,1,804,UN_ID_BG,unknown_sp,3,species,cover,0.25,m2,Bare ground; non-taxonomic observation.
GAZP_8,GAZP,8_5,2014,177,1,805,UN_ID_BG,unknown_sp,15,species,cover,0.25,m2,Bare ground; non-taxonomic observation.
GAZP_8,GAZP,8_5,2014,177,1,806,UN_ID_BG,unknown_sp,3,species,cover,0.25,m2,Bare ground; non-taxonomic observation.
GAZP_8,GAZP,8_5,2014,177,2,807,UN_ID_BG,unknown_sp,15,species,cover,0.25,m2,Bare ground; non-taxonomic observation.
GAZP_8,GAZP,8_5,2014,177,2,808,UN_ID_BG,unknown_sp,62.5,species,cover,0.25,m2,Bare ground; non-taxonomic observation.
GAZP_8,GAZP,8_5,2014,177,2,809,UN_ID_BG,unknown_sp,37.5,species,cover,0.25,m2,Bare ground; non-taxonomic observation.
GAZP_8,GAZP,8_5,2014,177,3,810,UN_ID_BG,unknown_sp,85,species,cover,0.25,m2,Bare ground; non-taxonomic observation.
GAZP_8,GAZP,8_5,2014,177,3,811,UN_ID_BG,unknown_sp,85,species,cover,0.25,m2,Bare ground; non-taxonomic observation.
GAZP_8,GAZP,8_5,2014,177,3,812,UN_ID_BG,unknown_sp,15,species,cover,0.25,m2,Bare ground; non-taxonomic observation.
GAZP_8,GAZP,8_5,2012,18,1,804,UN_ID_BG,unknown_sp,97.5,species,cover,0.25,m2,Bare ground; non-taxonomic observation.
GAZP_8,GAZP,8_5,2012,18,1,804,UN_ID_FD,unknown_sp,0.1,species,cover,0.25,m2,Fine debris; non-taxonomic observation.
GAZP_8,GAZP,8_5,2012,18,1,804,UN_ID_TC,unknown_sp,0.1,species,cover,0.25,m2,Total cover; non-taxonomic observation.
GAZP_8,GAZP,8_5,2012,18,1,804,UN_ID_TS,unknown_sp,0.1,species,cover,0.25,m2,Triticale seeds; non-taxonomic observation.
GAZP_8,GAZP,8_5,2012,18,1,805,UN_ID_BG,unknown_sp,97.5,species,cover,0.25,m2,Bare ground; non-taxonomic observation.
GAZP_8,GAZP,8_5,2012,18,1,805,UN_ID_FD,unknown_sp,0.1,species,cover,0.25,m2,Fine debris; non-taxonomic observation.
GAZP_8,GAZP,8_5,2012,18,1,805,UN_ID_TC,unknown_sp,0.1,species,cover,0.25,m2,Total cover; non-taxonomic observation.
GAZP_8,GAZP,8_5,2012,18,1,806,UN_ID_BG,unknown_sp,97.5,species,cover,0.25,m2,Bare ground; non-taxonomic observation.
GAZP_8,GAZP,8_5,2012,18,1,806,UN_ID_FD,unknown_sp,0.1,species,cover,0.25,m2,Fine debris; non-taxonomic observation.
GAZP_8,GAZP,8_5,2012,18,1,806,UN_ID_TC,unknown_sp,0.1,species,cover,0.25,m2,Total cover; non-taxonomic observation.
GAZP_8,GAZP,8_5,2012,18,2,807,UN_ID_BG,unknown_sp,97.5,species,cover,0.25,m2,Bare ground; non-taxonomic observation.
GAZP_8,GAZP,8_5,2012,18,2,807,UN_ID_FD,unknown_sp,0.1,species,cover,0.25,m2,Fine debris; non-taxonomic observation.
GAZP_8,GAZP,8_5,2012,18,2,807,UN_ID_TC,unknown_sp,0.1,species,cover,0.25,m2,Total cover; non-taxonomic observation.
GAZP_8,GAZP,8_5,2012,18,2,807,UN_ID_TS,unknown_sp,0.1,species,cover,0.25,m2,Triticale seeds; non-taxonomic observation.
GAZP_8,GAZP,8_5,2012,18,2,808,UN_ID_BG,unknown_sp,97.5,species,cover,0.25,m2,Bare ground; non-taxonomic observation.
GAZP_8,GAZP,8_5,2012,18,2,808,UN_ID_FD,unknown_sp,0.1,species,cover,0.25,m2,Fine debris; non-taxonomic observation.
GAZP_8,GAZP,8_5,2012,18,2,809,UN_ID_BG,unknown_sp,97.5,species,cover,0.25,m2,Bare ground; non-taxonomic observation.
GAZP_8,GAZP,8_5,2012,18,2,809,UN_ID_FD,unknown_sp,0.1,species,cover,0.25,m2,Fine debris; non-taxonomic observation.
GAZP_8,GAZP,8_5,2012,18,2,809,UN_ID_TC,unknown_sp,0.1,species,cover,0.25,m2,Total cover; non-taxonomic observation.
GAZP_8,GAZP,8_5,2012,18,3,810,UN_ID_BG,unknown_sp,97.5,species,cover,0.25,m2,Bare ground; non-taxonomic observation.
GAZP_8,GAZP,8_5,2012,18,3,810,UN_ID_FD,unknown_sp,0.1,species,cover,0.25,m2,Fine debris; non-taxonomic observation.
GAZP_8,GAZP,8_5,2012,18,3,811,UN_ID_BG,unknown_sp,97.5,species,cover,0.25,m2,Bare ground; non-taxonomic observation.
GAZP_8,GAZP,8_5,2012,18,3,811,UN_ID_FD,unknown_sp,0.1,species,cover,0.25,m2,Fine debris; non-taxonomic observation.
GAZP_8,GAZP,8_5,2012,18,3,812,UN_ID_BG,unknown_sp,97.5,species,cover,0.25,m2,Bare ground; non-taxonomic observation.
GAZP_8,GAZP,8_5,2012,18,3,812,UN_ID_FD,unknown_sp,0.1,species,cover,0.25,m2,Fine debris; non-taxonomic observation.
GAZP_8,GAZP,8_5,2013,77,1,804,UN_ID_BG,unknown_sp,15,species,cover,0.25,m2,Bare ground; non-taxonomic observation.
GAZP_8,GAZP,8_5,2013,77,1,804,UN_ID_FD,unknown_sp,0.5,species,cover,0.25,m2,Fine debris; non-taxonomic observation.
GAZP_8,GAZP,8_5,2013,77,1,805,UN_ID_BG,unknown_sp,62.5,species,cover,0.25,m2,Bare ground; non-taxonomic observation.
GAZP_8,GAZP,8_5,2013,77,1,805,UN_ID_FD,unknown_sp,3,species,cover,0.25,m2,Fine debris; non-taxonomic observation.
GAZP_8,GAZP,8_5,2013,77,2,808,UN_ID_BG,unknown_sp,62.5,species,cover,0.25,m2,Bare ground; non-taxonomic observation.
GAZP_8,GAZP,8_5,2013,77,2,808,UN_ID_FD,unknown_sp,3,species,cover,0.25,m2,Fine debris; non-taxonomic observation.
GAZP_8,GAZP,8_5,2013,77,3,810,UN_ID_BG,unknown_sp,97.5,species,cover,0.25,m2,Bare ground; non-taxonomic observation.
GAZP_8,GAZP,8_5,2013,77,3,810,UN_ID_FD,unknown_sp,0.1,species,cover,0.25,m2,Fine debris; non-taxonomic observation.
GAZP_8,GAZP,8_5,2013,77,3,811,UN_ID_BG,unknown_sp,97.5,species,cover,0.25,m2,Bare ground; non-taxonomic observation.
GAZP_8,GAZP,8_5,2013,77,3,811,UN_ID_FD,unknown_sp,0.1,species,cover,0.25,m2,Fine debris; non-taxonomic observation.
GAZP_8,GAZP,8_5,2013,77,3,812,UN_ID_BG,unknown_sp,97.5,species,cover,0.25,m2,Bare ground; non-taxonomic observation.
GAZP_8,GAZP,8_5,2013,77,3,812,UN_ID_FD,unknown_sp,0.1,species,cover,0.25,m2,Fine debris; non-taxonomic observation.
GAZP_8,GAZP,8_6,2014,177,1,813,UN_ID_BG,unknown_sp,15,species,cover,0.25,m2,Bare ground; non-taxonomic observation.
GAZP_8,GAZP,8_6,2014,177,1,814,UN_ID_BG,unknown_sp,62.5,species,cover,0.25,m2,Bare ground; non-taxonomic observation.
GAZP_8,GAZP,8_6,2014,177,1,815,UN_ID_BG,unknown_sp,15,species,cover,0.25,m2,Bare ground; non-taxonomic observation.
GAZP_8,GAZP,8_6,2014,177,2,816,UN_ID_BG,unknown_sp,37.5,species,cover,0.25,m2,Bare ground; non-taxonomic observation.
GAZP_8,GAZP,8_6,2014,177,2,817,UN_ID_BG,unknown_sp,62.5,species,cover,0.25,m2,Bare ground; non-taxonomic observation.
GAZP_8,GAZP,8_6,2014,177,2,818,UN_ID_BG,unknown_sp,0.1,species,cover,0.25,m2,Bare ground; non-taxonomic observation.
GAZP_8,GAZP,8_6,2014,177,3,819,UN_ID_BG,unknown_sp,97.5,species,cover,0.25,m2,Bare ground; non-taxonomic observation.
GAZP_8,GAZP,8_6,2014,177,3,820,UN_ID_BG,unknown_sp,85,species,cover,0.25,m2,Bare ground; non-taxonomic observation.
GAZP_8,GAZP,8_6,2014,177,3,821,UN_ID_BG,unknown_sp,85,species,cover,0.25,m2,Bare ground; non-taxonomic observation.
GAZP_8,GAZP,8_6,2012,18,1,813,UN_ID_BG,unknown_sp,97.5,species,cover,0.25,m2,Bare ground; non-taxonomic observation.
GAZP_8,GAZP,8_6,2012,18,1,813,UN_ID_FD,unknown_sp,0.1,species,cover,0.25,m2,Fine debris; non-taxonomic observation.
GAZP_8,GAZP,8_6,2012,18,1,813,UN_ID_TC,unknown_sp,0.1,species,cover,0.25,m2,Total cover; non-taxonomic observation.
GAZP_8,GAZP,8_6,2012,18,1,813,UN_ID_TS,unknown_sp,0.1,species,cover,0.25,m2,Triticale seeds; non-taxonomic observation.
GAZP_8,GAZP,8_6,2012,18,1,814,UN_ID_BG,unknown_sp,97.5,species,cover,0.25,m2,Bare ground; non-taxonomic observation.
GAZP_8,GAZP,8_6,2012,18,1,814,UN_ID_FD,unknown_sp,0.1,species,cover,0.25,m2,Fine debris; non-taxonomic observation.
GAZP_8,GAZP,8_6,2012,18,1,814,UN_ID_TC,unknown_sp,0.1,species,cover,0.25,m2,Total cover; non-taxonomic observation.
GAZP_8,GAZP,8_6,2012,18,1,815,UN_ID_BG,unknown_sp,97.5,species,cover,0.25,m2,Bare ground; non-taxonomic observation.
GAZP_8,GAZP,8_6,2012,18,1,815,UN_ID_FD,unknown_sp,0.1,species,cover,0.25,m2,Fine debris; non-taxonomic observation.
GAZP_8,GAZP,8_6,2012,18,1,815,UN_ID_TC,unknown_sp,0.1,species,cover,0.25,m2,Total cover; non-taxonomic observation.
GAZP_8,GAZP,8_6,2012,18,2,816,UN_ID_BG,unknown_sp,97.5,species,cover,0.25,m2,Bare ground; non-taxonomic observation.
GAZP_8,GAZP,8_6,2012,18,2,816,UN_ID_FD,unknown_sp,0.1,species,cover,0.25,m2,Fine debris; non-taxonomic observation.
GAZP_8,GAZP,8_6,2012,18,2,816,UN_ID_TC,unknown_sp,0.1,species,cover,0.25,m2,Total cover; non-taxonomic observation.
GAZP_8,GAZP,8_6,2012,18,2,817,UN_ID_BG,unknown_sp,97.5,species,cover,0.25,m2,Bare ground; non-taxonomic observation.
GAZP_8,GAZP,8_6,2012,18,2,817,UN_ID_FD,unknown_sp,0.1,species,cover,0.25,m2,Fine debris; non-taxonomic observation.
GAZP_8,GAZP,8_6,2012,18,2,818,UN_ID_BG,unknown_sp,97.5,species,cover,0.25,m2,Bare ground; non-taxonomic observation.
GAZP_8,GAZP,8_6,2012,18,2,818,UN_ID_FD,unknown_sp,0.1,species,cover,0.25,m2,Fine debris; non-taxonomic observation.
GAZP_8,GAZP,8_6,2012,18,2,818,UN_ID_TC,unknown_sp,0.1,species,cover,0.25,m2,Total cover; non-taxonomic observation.
GAZP_8,GAZP,8_6,2012,18,3,819,UN_ID_BG,unknown_sp,97.5,species,cover,0.25,m2,Bare ground; non-taxonomic observation.
GAZP_8,GAZP,8_6,2012,18,3,819,UN_ID_FD,unknown_sp,0.1,species,cover,0.25,m2,Fine debris; non-taxonomic observation.
GAZP_8,GAZP,8_6,2012,18,3,820,UN_ID_BG,unknown_sp,97.5,species,cover,0.25,m2,Bare ground; non-taxonomic observation.
GAZP_8,GAZP,8_6,2012,18,3,820,UN_ID_FD,unknown_sp,0.1,species,cover,0.25,m2,Fine debris; non-taxonomic observation.
GAZP_8,GAZP,8_6,2012,18,3,821,UN_ID_BG,unknown_sp,97.5,species,cover,0.25,m2,Bare ground; non-taxonomic observation.
GAZP_8,GAZP,8_6,2012,18,3,821,UN_ID_FD,unknown_sp,0.1,species,cover,0.25,m2,Fine debris; non-taxonomic observation.
GAZP_8,GAZP,8_6,2013,77,1,813,UN_ID_BG,unknown_sp,62.5,species,cover,0.25,m2,Bare ground; non-taxonomic observation.
GAZP_8,GAZP,8_6,2013,77,1,813,UN_ID_FD,unknown_sp,0.5,species,cover,0.25,m2,Fine debris; non-taxonomic observation.
GAZP_8,GAZP,8_6,2013,77,1,814,UN_ID_BG,unknown_sp,37.5,species,cover,0.25,m2,Bare ground; non-taxonomic observation.
GAZP_8,GAZP,8_6,2013,77,1,814,UN_ID_FD,unknown_sp,0.5,species,cover,0.25,m2,Fine debris; non-taxonomic observation.
GAZP_8,GAZP,8_6,2013,77,3,819,UN_ID_BG,unknown_sp,97.5,species,cover,0.25,m2,Bare ground; non-taxonomic observation.
GAZP_8,GAZP,8_6,2013,77,3,819,UN_ID_FD,unknown_sp,0.5,species,cover,0.25,m2,Fine debris; non-taxonomic observation.
GAZP_8,GAZP,8_6,2013,77,3,820,UN_ID_BG,unknown_sp,97.5,species,cover,0.25,m2,Bare ground; non-taxonomic observation.
GAZP_8,GAZP,8_6,2013,77,3,820,UN_ID_FD,unknown_sp,0.1,species,cover,0.25,m2,Fine debris; non-taxonomic observation.
GAZP_8,GAZP,8_6,2013,77,3,821,UN_ID_BG,unknown_sp,97.5,species,cover,0.25,m2,Bare ground; non-taxonomic observation.
GAZP_8,GAZP,8_6,2013,77,3,821,UN_ID_CD,unknown_sp,0.1,species,cover,0.25,m2,Meaning could not be determined from the source data.
GAZP_8,GAZP,8_6,2013,77,3,821,UN_ID_FD,unknown_sp,0.1,species,cover,0.25,m2,Fine debris; non-taxonomic observation.
GAZP_8,GAZP,8_7,2014,177,1,822,UN_ID_BG,unknown_sp,15,species,cover,0.25,m2,Bare ground; non-taxonomic observation.
GAZP_8,GAZP,8_7,2014,177,1,823,UN_ID_BG,unknown_sp,15,species,cover,0.25,m2,Bare ground; non-taxonomic observation.
GAZP_8,GAZP,8_7,2014,177,1,824,UN_ID_BG,unknown_sp,3,species,cover,0.25,m2,Bare ground; non-taxonomic observation.
GAZP_8,GAZP,8_7,2014,177,2,825,UN_ID_BG,unknown_sp,15,species,cover,0.25,m2,Bare ground; non-taxonomic observation.
GAZP_8,GAZP,8_7,2014,177,2,826,UN_ID_BG,unknown_sp,37.5,species,cover,0.25,m2,Bare ground; non-taxonomic observation.
GAZP_8,GAZP,8_7,2014,177,2,827,UN_ID_BG,unknown_sp,62.5,species,cover,0.25,m2,Bare ground; non-taxonomic observation.
GAZP_8,GAZP,8_7,2014,177,3,828,UN_ID_BG,unknown_sp,85,species,cover,0.25,m2,Bare ground; non-taxonomic observation.
GAZP_8,GAZP,8_7,2014,177,3,829,UN_ID_BG,unknown_sp,85,species,cover,0.25,m2,Bare ground; non-taxonomic observation.
GAZP_8,GAZP,8_7,2014,177,3,830,UN_ID_BG,unknown_sp,97.5,species,cover,0.25,m2,Bare ground; non-taxonomic observation.
GAZP_8,GAZP,8_7,2012,18,1,822,UN_ID_BG,unknown_sp,97.5,species,cover,0.25,m2,Bare ground; non-taxonomic observation.
GAZP_8,GAZP,8_7,2012,18,1,822,UN_ID_FD,unknown_sp,0.1,species,cover,0.25,m2,Fine debris; non-taxonomic observation.
GAZP_8,GAZP,8_7,2012,18,1,822,UN_ID_TC,unknown_sp,0.1,species,cover,0.25,m2,Total cover; non-taxonomic observation.
GAZP_8,GAZP,8_7,2012,18,1,822,UN_ID_TS,unknown_sp,0.1,species,cover,0.25,m2,Triticale seeds; non-taxonomic observation.
GAZP_8,GAZP,8_7,2012,18,1,823,UN_ID_BG,unknown_sp,97.5,species,cover,0.25,m2,Bare ground; non-taxonomic observation.
GAZP_8,GAZP,8_7,2012,18,1,823,UN_ID_FD,unknown_sp,0.1,species,cover,0.25,m2,Fine debris; non-taxonomic observation.
GAZP_8,GAZP,8_7,2012,18,1,823,UN_ID_TC,unknown_sp,0.1,species,cover,0.25,m2,Total cover; non-taxonomic observation.
GAZP_8,GAZP,8_7,2012,18,1,824,UN_ID_BG,unknown_sp,97.5,species,cover,0.25,m2,Bare ground; non-taxonomic observation.
GAZP_8,GAZP,8_7,2012,18,1,824,UN_ID_FD,unknown_sp,0.1,species,cover,0.25,m2,Fine debris; non-taxonomic observation.
GAZP_8,GAZP,8_7,2012,18,1,824,UN_ID_TC,unknown_sp,0.1,species,cover,0.25,m2,Total cover; non-taxonomic observation.
GAZP_8,GAZP,8_7,2012,18,2,825,UN_ID_BG,unknown_sp,97.5,species,cover,0.25,m2,Bare ground; non-taxonomic observation.
GAZP_8,GAZP,8_7,2012,18,2,825,UN_ID_FD,unknown_sp,0.1,species,cover,0.25,m2,Fine debris; non-taxonomic observation.
GAZP_8,GAZP,8_7,2012,18,2,825,UN_ID_TC,unknown_sp,0.1,species,cover,0.25,m2,Total cover; non-taxonomic observation.
GAZP_8,GAZP,8_7,2012,18,2,825,UN_ID_TP,unknown_sp,0.1,species,cover,0.25,m2,Meaning could not be determined from the source data.
GAZP_8,GAZP,8_7,2012,18,2,826,UN_ID_BG,unknown_sp,97.5,species,cover,0.25,m2,Bare ground; non-taxonomic observation.
GAZP_8,GAZP,8_7,2012,18,2,826,UN_ID_FD,unknown_sp,0.1,species,cover,0.25,m2,Fine debris; non-taxonomic observation.
GAZP_8,GAZP,8_7,2012,18,2,827,UN_ID_BG,unknown_sp,97.5,species,cover,0.25,m2,Bare ground; non-taxonomic observation.
GAZP_8,GAZP,8_7,2012,18,2,827,UN_ID_FD,unknown_sp,0.1,species,cover,0.25,m2,Fine debris; non-taxonomic observation.
GAZP_8,GAZP,8_7,2012,18,2,827,UN_ID_TC,unknown_sp,0.1,species,cover,0.25,m2,Total cover; non-taxonomic observation.
GAZP_8,GAZP,8_7,2012,18,3,828,UN_ID_BG,unknown_sp,97.5,species,cover,0.25,m2,Bare ground; non-taxonomic observation.
GAZP_8,GAZP,8_7,2012,18,3,828,UN_ID_FD,unknown_sp,0.1,species,cover,0.25,m2,Fine debris; non-taxonomic observation.
GAZP_8,GAZP,8_7,2012,18,3,829,UN_ID_BG,unknown_sp,97.5,species,cover,0.25,m2,Bare ground; non-taxonomic observation.
GAZP_8,GAZP,8_7,2012,18,3,829,UN_ID_FD,unknown_sp,0.1,species,cover,0.25,m2,Fine debris; non-taxonomic observation.
GAZP_8,GAZP,8_7,2012,18,3,830,UN_ID_BG,unknown_sp,97.5,species,cover,0.25,m2,Bare ground; non-taxonomic observation.
GAZP_8,GAZP,8_7,2012,18,3,830,UN_ID_FD,unknown_sp,0.1,species,cover,0.25,m2,Fine debris; non-taxonomic observation.
GAZP_8,GAZP,8_7,2013,77,1,822,UN_ID_BG,unknown_sp,85,species,cover,0.25,m2,Bare ground; non-taxonomic observation.
GAZP_8,GAZP,8_7,2013,77,1,822,UN_ID_FD,unknown_sp,0.5,species,cover,0.25,m2,Fine debris; non-taxonomic observation.
GAZP_8,GAZP,8_7,2013,77,1,823,UN_ID_BG,unknown_sp,37.5,species,cover,0.25,m2,Bare ground; non-taxonomic observation.
GAZP_8,GAZP,8_7,2013,77,1,823,UN_ID_FD,unknown_sp,0.5,species,cover,0.25,m2,Fine debris; non-taxonomic observation.
GAZP_8,GAZP,8_7,2013,77,2,826,UN_ID_BG,unknown_sp,62.5,species,cover,0.25,m2,Bare ground; non-taxonomic observation.
GAZP_8,GAZP,8_7,2013,77,2,826,UN_ID_FD,unknown_sp,0.5,species,cover,0.25,m2,Fine debris; non-taxonomic observation.
GAZP_8,GAZP,8_7,2013,77,3,828,UN_ID_BG,unknown_sp,97.5,species,cover,0.25,m2,Bare ground; non-taxonomic observation.
GAZP_8,GAZP,8_7,2013,77,3,828,UN_ID_FD,unknown_sp,0.1,species,cover,0.25,m2,Fine debris; non-taxonomic observation.
GAZP_8,GAZP,8_7,2013,77,3,829,UN_ID_BG,unknown_sp,97.5,species,cover,0.25,m2,Bare ground; non-taxonomic observation.
GAZP_8,GAZP,8_7,2013,77,3,829,UN_ID_FD,unknown_sp,0.1,species,cover,0.25,m2,Fine debris; non-taxonomic observation.
GAZP_8,GAZP,8_7,2013,77,3,830,UN_ID_BG,unknown_sp,97.5,species,cover,0.25,m2,Bare ground; non-taxonomic observation.
GAZP_8,GAZP,8_7,2013,77,3,830,UN_ID_CD,unknown_sp,0.1,species,cover,0.25,m2,Meaning could not be determined from the source data.
GAZP_8,GAZP,8_7,2013,77,3,830,UN_ID_FD,unknown_sp,0.1,species,cover,0.25,m2,Fine debris; non-taxonomic observation.
GAZP_8,GAZP,8_8,2014,177,1,831,UN_ID_BG,unknown_sp,15,species,cover,0.25,m2,Bare ground; non-taxonomic observation.
GAZP_8,GAZP,8_8,2014,177,1,832,UN_ID_BG,unknown_sp,37.5,species,cover,0.25,m2,Bare ground; non-taxonomic observation.
GAZP_8,GAZP,8_8,2014,177,1,833,UN_ID_BG,unknown_sp,15,species,cover,0.25,m2,Bare ground; non-taxonomic observation.
GAZP_8,GAZP,8_8,2014,177,2,834,UN_ID_BG,unknown_sp,37.5,species,cover,0.25,m2,Bare ground; non-taxonomic observation.
GAZP_8,GAZP,8_8,2014,177,2,835,UN_ID_BG,unknown_sp,62.5,species,cover,0.25,m2,Bare ground; non-taxonomic observation.
GAZP_8,GAZP,8_8,2014,177,2,836,UN_ID_BG,unknown_sp,62.5,species,cover,0.25,m2,Bare ground; non-taxonomic observation.
GAZP_8,GAZP,8_8,2014,177,3,837,UN_ID_BG,unknown_sp,85,species,cover,0.25,m2,Bare ground; non-taxonomic observation.
GAZP_8,GAZP,8_8,2014,177,3,838,UN_ID_BG,unknown_sp,15,species,cover,0.25,m2,Bare ground; non-taxonomic observation.
GAZP_8,GAZP,8_8,2014,177,3,839,UN_ID_BG,unknown_sp,85,species,cover,0.25,m2,Bare ground; non-taxonomic observation.
GAZP_8,GAZP,8_8,2012,18,1,831,UN_ID_BG,unknown_sp,97.5,species,cover,0.25,m2,Bare ground; non-taxonomic observation.
GAZP_8,GAZP,8_8,2012,18,1,831,UN_ID_FD,unknown_sp,0.1,species,cover,0.25,m2,Fine debris; non-taxonomic observation.
GAZP_8,GAZP,8_8,2012,18,1,831,UN_ID_TC,unknown_sp,0.1,species,cover,0.25,m2,Total cover; non-taxonomic observation.
GAZP_8,GAZP,8_8,2012,18,1,831,UN_ID_TS,unknown_sp,0.1,species,cover,0.25,m2,Triticale seeds; non-taxonomic observation.
GAZP_8,GAZP,8_8,2012,18,1,832,UN_ID_BG,unknown_sp,97.5,species,cover,0.25,m2,Bare ground; non-taxonomic observation.
GAZP_8,GAZP,8_8,2012,18,1,832,UN_ID_FD,unknown_sp,0.1,species,cover,0.25,m2,Fine debris; non-taxonomic observation.
GAZP_8,GAZP,8_8,2012,18,1,832,UN_ID_TC,unknown_sp,0.1,species,cover,0.25,m2,Total cover; non-taxonomic observation.
GAZP_8,GAZP,8_8,2012,18,1,833,UN_ID_BG,unknown_sp,97.5,species,cover,0.25,m2,Bare ground; non-taxonomic observation.
GAZP_8,GAZP,8_8,2012,18,1,833,UN_ID_FD,unknown_sp,0.1,species,cover,0.25,m2,Fine debris; non-taxonomic observation.
GAZP_8,GAZP,8_8,2012,18,1,833,UN_ID_TC,unknown_sp,0.1,species,cover,0.25,m2,Total cover; non-taxonomic observation.
GAZP_8,GAZP,8_8,2012,18,2,834,UN_ID_BG,unknown_sp,97.5,species,cover,0.25,m2,Bare ground; non-taxonomic observation.
GAZP_8,GAZP,8_8,2012,18,2,834,UN_ID_FD,unknown_sp,0.1,species,cover,0.25,m2,Fine debris; non-taxonomic observation.
GAZP_8,GAZP,8_8,2012,18,2,834,UN_ID_TC,unknown_sp,0.1,species,cover,0.25,m2,Total cover; non-taxonomic observation.
GAZP_8,GAZP,8_8,2012,18,2,835,UN_ID_BG,unknown_sp,97.5,species,cover,0.25,m2,Bare ground; non-taxonomic observation.
GAZP_8,GAZP,8_8,2012,18,2,835,UN_ID_FD,unknown_sp,0.1,species,cover,0.25,m2,Fine debris; non-taxonomic observation.
GAZP_8,GAZP,8_8,2012,18,2,836,UN_ID_BG,unknown_sp,97.5,species,cover,0.25,m2,Bare ground; non-taxonomic observation.
GAZP_8,GAZP,8_8,2012,18,2,836,UN_ID_FD,unknown_sp,0.1,species,cover,0.25,m2,Fine debris; non-taxonomic observation.
GAZP_8,GAZP,8_8,2012,18,2,836,UN_ID_TC,unknown_sp,0.1,species,cover,0.25,m2,Total cover; non-taxonomic observation.
GAZP_8,GAZP,8_8,2012,18,3,837,UN_ID_BG,unknown_sp,97.5,species,cover,0.25,m2,Bare ground; non-taxonomic observation.
GAZP_8,GAZP,8_8,2012,18,3,837,UN_ID_FD,unknown_sp,0.1,species,cover,0.25,m2,Fine debris; non-taxonomic observation.
GAZP_8,GAZP,8_8,2012,18,3,838,UN_ID_BG,unknown_sp,97.5,species,cover,0.25,m2,Bare ground; non-taxonomic observation.
GAZP_8,GAZP,8_8,2012,18,3,838,UN_ID_CD,unknown_sp,0.5,species,cover,0.25,m2,Meaning could not be determined from the source data.
GAZP_8,GAZP,8_8,2012,18,3,838,UN_ID_FD,unknown_sp,0.1,species,cover,0.25,m2,Fine debris; non-taxonomic observation.
GAZP_8,GAZP,8_8,2012,18,3,839,UN_ID_BG,unknown_sp,97.5,species,cover,0.25,m2,Bare ground; non-taxonomic observation.
GAZP_8,GAZP,8_8,2012,18,3,839,UN_ID_FD,unknown_sp,0.1,species,cover,0.25,m2,Fine debris; non-taxonomic observation.
GAZP_8,GAZP,8_8,2013,77,1,831,UN_ID_BG,unknown_sp,85,species,cover,0.25,m2,Bare ground; non-taxonomic observation.
GAZP_8,GAZP,8_8,2013,77,1,831,UN_ID_FD,unknown_sp,0.5,species,cover,0.25,m2,Fine debris; non-taxonomic observation.
GAZP_8,GAZP,8_8,2013,77,1,832,UN_ID_BG,unknown_sp,62.5,species,cover,0.25,m2,Bare ground; non-taxonomic observation.
GAZP_8,GAZP,8_8,2013,77,1,832,UN_ID_FD,unknown_sp,0.5,species,cover,0.25,m2,Fine debris; non-taxonomic observation.
GAZP_8,GAZP,8_8,2013,77,2,835,UN_ID_BG,unknown_sp,62.5,species,cover,0.25,m2,Bare ground; non-taxonomic observation.
GAZP_8,GAZP,8_8,2013,77,2,835,UN_ID_FD,unknown_sp,0.5,species,cover,0.25,m2,Fine debris; non-taxonomic observation.
GAZP_8,GAZP,8_8,2013,77,3,837,UN_ID_BG,unknown_sp,97.5,species,cover,0.25,m2,Bare ground; non-taxonomic observation.
GAZP_8,GAZP,8_8,2013,77,3,837,UN_ID_FD,unknown_sp,0.1,species,cover,0.25,m2,Fine debris; non-taxonomic observation.
GAZP_8,GAZP,8_8,2013,77,3,838,UN_ID_BG,unknown_sp,85,species,cover,0.25,m2,Bare ground; non-taxonomic observation.
GAZP_8,GAZP,8_8,2013,77,3,838,UN_ID_CD,unknown_sp,0.5,species,cover,0.25,m2,Meaning could not be determined from the source data.
GAZP_8,GAZP,8_8,2013,77,3,838,UN_ID_FD,unknown_sp,0.1,species,cover,0.25,m2,Fine debris; non-taxonomic observation.
GAZP_8,GAZP,8_8,2013,77,3,839,UN_ID_BG,unknown_sp,97.5,species,cover,0.25,m2,Bare ground; non-taxonomic observation.
GAZP_8,GAZP,8_8,2013,77,3,839,UN_ID_FD,unknown_sp,0.1,species,cover,0.25,m2,Fine debris; non-taxonomic observation.
GAZP_8,GAZP,8_9,2014,177,1,840,UN_ID_BG,unknown_sp,15,species,cover,0.25,m2,Bare ground; non-taxonomic observation.
GAZP_8,GAZP,8_9,2014,177,1,841,UN_ID_BG,unknown_sp,62.5,species,cover,0.25,m2,Bare ground; non-taxonomic observation.
GAZP_8,GAZP,8_9,2014,177,1,842,UN_ID_BG,unknown_sp,3,species,cover,0.25,m2,Bare ground; non-taxonomic observation.
GAZP_8,GAZP,8_9,2014,177,2,843,UN_ID_BG,unknown_sp,15,species,cover,0.25,m2,Bare ground; non-taxonomic observation.
GAZP_8,GAZP,8_9,2014,177,2,844,UN_ID_BG,unknown_sp,62.5,species,cover,0.25,m2,Bare ground; non-taxonomic observation.
GAZP_8,GAZP,8_9,2014,177,2,845,UN_ID_BG,unknown_sp,37.5,species,cover,0.25,m2,Bare ground; non-taxonomic observation.
GAZP_8,GAZP,8_9,2014,177,3,846,UN_ID_BG,unknown_sp,62.5,species,cover,0.25,m2,Bare ground; non-taxonomic observation.
GAZP_8,GAZP,8_9,2014,177,3,847,UN_ID_BG,unknown_sp,85,species,cover,0.25,m2,Bare ground; non-taxonomic observation.
GAZP_8,GAZP,8_9,2014,177,3,848,UN_ID_BG,unknown_sp,97.5,species,cover,0.25,m2,Bare ground; non-taxonomic observation.
GAZP_8,GAZP,8_9,2012,18,1,840,UN_ID_BG,unknown_sp,97.5,species,cover,0.25,m2,Bare ground; non-taxonomic observation.
GAZP_8,GAZP,8_9,2012,18,1,840,UN_ID_FD,unknown_sp,0.1,species,cover,0.25,m2,Fine debris; non-taxonomic observation.
GAZP_8,GAZP,8_9,2012,18,1,840,UN_ID_TC,unknown_sp,0.1,species,cover,0.25,m2,Total cover; non-taxonomic observation.
GAZP_8,GAZP,8_9,2012,18,1,840,UN_ID_TS,unknown_sp,0.1,species,cover,0.25,m2,Triticale seeds; non-taxonomic observation.
GAZP_8,GAZP,8_9,2012,18,1,841,UN_ID_BG,unknown_sp,97.5,species,cover,0.25,m2,Bare ground; non-taxonomic observation.
GAZP_8,GAZP,8_9,2012,18,1,841,UN_ID_FD,unknown_sp,0.1,species,cover,0.25,m2,Fine debris; non-taxonomic observation.
GAZP_8,GAZP,8_9,2012,18,1,841,UN_ID_TC,unknown_sp,0.1,species,cover,0.25,m2,Total cover; non-taxonomic observation.
GAZP_8,GAZP,8_9,2012,18,1,842,UN_ID_BG,unknown_sp,97.5,species,cover,0.25,m2,Bare ground; non-taxonomic observation.
GAZP_8,GAZP,8_9,2012,18,1,842,UN_ID_FD,unknown_sp,0.1,species,cover,0.25,m2,Fine debris; non-taxonomic observation.
GAZP_8,GAZP,8_9,2012,18,1,842,UN_ID_TC,unknown_sp,0.1,species,cover,0.25,m2,Total cover; non-taxonomic observation.
GAZP_8,GAZP,8_9,2012,18,2,843,UN_ID_BG,unknown_sp,97.5,species,cover,0.25,m2,Bare ground; non-taxonomic observation.
GAZP_8,GAZP,8_9,2012,18,2,843,UN_ID_FD,unknown_sp,0.1,species,cover,0.25,m2,Fine debris; non-taxonomic observation.
GAZP_8,GAZP,8_9,2012,18,2,843,UN_ID_TC,unknown_sp,0.1,species,cover,0.25,m2,Total cover; non-taxonomic observation.
GAZP_8,GAZP,8_9,2012,18,2,844,UN_ID_BG,unknown_sp,97.5,species,cover,0.25,m2,Bare ground; non-taxonomic observation.
GAZP_8,GAZP,8_9,2012,18,2,844,UN_ID_FD,unknown_sp,0.1,species,cover,0.25,m2,Fine debris; non-taxonomic observation.
GAZP_8,GAZP,8_9,2012,18,2,845,UN_ID_BG,unknown_sp,97.5,species,cover,0.25,m2,Bare ground; non-taxonomic observation.
GAZP_8,GAZP,8_9,2012,18,2,845,UN_ID_FD,unknown_sp,0.1,species,cover,0.25,m2,Fine debris; non-taxonomic observation.
GAZP_8,GAZP,8_9,2012,18,2,845,UN_ID_TC,unknown_sp,0.1,species,cover,0.25,m2,Total cover; non-taxonomic observation.
GAZP_8,GAZP,8_9,2012,18,3,846,UN_ID_BG,unknown_sp,97.5,species,cover,0.25,m2,Bare ground; non-taxonomic observation.
GAZP_8,GAZP,8_9,2012,18,3,846,UN_ID_FD,unknown_sp,0.1,species,cover,0.25,m2,Fine debris; non-taxonomic observation.
GAZP_8,GAZP,8_9,2012,18,3,847,UN_ID_BG,unknown_sp,97.5,species,cover,0.25,m2,Bare ground; non-taxonomic observation.
GAZP_8,GAZP,8_9,2012,18,3,847,UN_ID_CD,unknown_sp,0.5,species,cover,0.25,m2,Meaning could not be determined from the source data.
GAZP_8,GAZP,8_9,2012,18,3,847,UN_ID_FD,unknown_sp,0.1,species,cover,0.25,m2,Fine debris; non-taxonomic observation.
GAZP_8,GAZP,8_9,2012,18,3,848,UN_ID_BG,unknown_sp,97.5,species,cover,0.25,m2,Bare ground; non-taxonomic observation.
GAZP_8,GAZP,8_9,2012,18,3,848,UN_ID_FD,unknown_sp,0.1,species,cover,0.25,m2,Fine debris; non-taxonomic observation.
GAZP_8,GAZP,8_9,2013,77,1,840,UN_ID_BG,unknown_sp,62.5,species,cover,0.25,m2,Bare ground; non-taxonomic observation.
GAZP_8,GAZP,8_9,2013,77,1,840,UN_ID_FD,unknown_sp,0.5,species,cover,0.25,m2,Fine debris; non-taxonomic observation.
GAZP_8,GAZP,8_9,2013,77,1,841,UN_ID_BG,unknown_sp,62.5,species,cover,0.25,m2,Bare ground; non-taxonomic observation.
GAZP_8,GAZP,8_9,2013,77,1,841,UN_ID_FD,unknown_sp,0.5,species,cover,0.25,m2,Fine debris; non-taxonomic observation.
GAZP_8,GAZP,8_9,2013,77,3,846,UN_ID_BG,unknown_sp,97.5,species,cover,0.25,m2,Bare ground; non-taxonomic observation.
GAZP_8,GAZP,8_9,2013,77,3,846,UN_ID_FD,unknown_sp,0.1,species,cover,0.25,m2,Fine debris; non-taxonomic observation.
GAZP_8,GAZP,8_9,2013,77,3,847,UN_ID_BG,unknown_sp,85,species,cover,0.25,m2,Bare ground; non-taxonomic observation.
GAZP_8,GAZP,8_9,2013,77,3,847,UN_ID_CD,unknown_sp,0.5,species,cover,0.25,m2,Meaning could not be determined from the source data.
GAZP_8,GAZP,8_9,2013,77,3,847,UN_ID_FD,unknown_sp,0.1,species,cover,0.25,m2,Fine debris; non-taxonomic observation.
GAZP_8,GAZP,8_9,2013,77,3,848,UN_ID_BG,unknown_sp,97.5,species,cover,0.25,m2,Bare ground; non-taxonomic observation.
GAZP_8,GAZP,8_9,2013,77,3,848,UN_ID_FD,unknown_sp,0.1,species,cover,0.25,m2,Fine debris; non-taxonomic observation.
