veg_resultid,areaid,time_since_restoration,year,month,day,speciesid,cultivarid,individualid,origin,level,response,metric,notes
1,1,6,2016,,,2726,,,native,species,150,density,
2,2,6,2016,,,2435,,,native,species,187,density,
3,3,6,2016,,,5986,,,native,species,82,density,
4,4,6,2016,,,2435,,,native,species,208,density,
5,5,6,2016,,,2435,,,native,species,227,density,
6,6,6,2016,,,5985,,,native,species,179,density,
7,7,6,2016,,,5985,,,native,species,128,density,
8,8,6,2016,,,5985,,,native,species,143,density,
9,9,6,2016,,,5986,,,native,species,110,density,
10,10,6,2016,,,5986,,,native,species,116,density,
11,11,6,2016,,,5986,,,native,species,134,density,
12,12,6,2016,,,5985,,,native,species,160,density,
13,13,6,2016,,,5985,,,native,species,198,density,
14,14,6,2016,,,5985,,,native,species,176,density,
15,15,6,2016,,,5986,,,native,species,120,density,
16,16,6,2016,,,5986,,,native,species,174,density,
17,17,6,2016,,,2435,,,native,species,252,density,
18,18,6,2016,,,2437,,,native,species,349,density,
19,19,6,2016,,,2437,,,native,species,392,density,
20,20,6,2016,,,2437,,,native,species,400,density,
21,21,6,2016,,,2437,,,native,species,413,density,
22,22,6,2016,,,2437,,,native,species,404,density,
23,23,6,2016,,,2726,,,native,species,129,density,
24,24,6,2016,,,2437,,,native,species,440,density,
25,25,6,2016,,,2726,,,native,species,106,density,
26,26,6,2016,,,2726,,,native,species,112,density,
27,27,6,2016,,,2726,,,native,species,119,density,
28,28,6,2016,,,2435,,,native,species,202,density,
29,29,6,2016,,,2726,,,native,species,116,density,
30,30,6,2016,,,2435,,,native,species,201,density,
31,31,6,2016,,,2435,,,native,species,127,density,
32,32,6,2016,,,2435,,,native,species,282,density,
33,33,6,2016,,,2435,,,native,species,274,density,
34,34,6,2016,,,5986,,,native,species,243,density,
35,35,6,2016,,,5986,,,native,species,202,density,
36,36,6,2016,,,5986,,,native,species,311,density,
37,37,6,2016,,,2437,,,native,species,216,density,
38,38,6,2016,,,2726,,,native,species,75,density,
39,39,6,2016,,,2726,,,native,species,144,density,
40,40,6,2016,,,5985,,,native,species,187,density,
41,41,6,2016,,,2435,,,native,species,228,density,
42,42,6,2016,,,5986,,,native,species,195,density,
43,43,6,2016,,,5985,,,native,species,163,density,
44,44,6,2016,,,5985,,,native,species,217,density,
45,45,6,2016,,,2726,,,native,species,110,density,
46,46,6,2016,,,2435,,,native,species,264,density,
47,47,6,2016,,,5986,,,native,species,191,density,
48,48,6,2016,,,5985,,,native,species,241,density,
49,49,6,2016,,,5986,,,native,species,190,density,
50,50,6,2016,,,5986,,,native,species,268,density,
51,51,6,2016,,,5985,,,native,species,251,density,
52,52,6,2016,,,5985,,,native,species,184,density,
53,53,6,2016,,,2726,,,native,species,92,density,
54,54,6,2016,,,2437,,,native,species,164,density,
55,55,6,2016,,,2437,,,native,species,188,density,
56,56,6,2016,,,2437,,,native,species,188,density,
57,57,6,2016,,,2437,,,native,species,219,density,
58,58,6,2016,,,2437,,,native,species,210,density,
59,59,6,2016,,,2437,,,native,species,304,density,
60,60,6,2016,,,2726,,,native,species,144,density,
61,61,6,2016,,,2726,,,native,species,140,density,
62,62,6,2016,,,2435,,,native,species,249,density,
63,63,6,2016,,,2726,,,native,species,96,density,
64,64,6,2016,,,5985,,,native,species,156,density,
65,65,6,2016,,,2435,,,native,species,209,density,
66,66,6,2016,,,5986,,,native,species,215,density,
67,67,6,2016,,,2435,,,native,species,214,density,
68,68,6,2016,,,5986,,,native,species,139,density,
69,69,6,2016,,,2435,,,native,species,271,density,
70,70,6,2016,,,5986,,,native,species,154,density,
71,71,6,2016,,,5986,,,native,species,227,density,
72,72,6,2016,,,5985,,,native,species,242,density,
73,73,6,2016,,,5985,,,native,species,175,density,
74,74,6,2016,,,2726,,,native,species,113,density,
75,75,6,2016,,,2726,,,native,species,165,density,
76,76,6,2016,,,2726,,,native,species,170,density,
77,77,6,2016,,,2726,,,native,species,181,density,
78,78,6,2016,,,2435,,,native,species,250,density,
79,79,6,2016,,,2435,,,native,species,242,density,
80,80,6,2016,,,5986,,,native,species,230,density,
81,81,6,2016,,,2435,,,native,species,274,density,
82,82,6,2016,,,2435,,,native,species,433,density,
83,83,6,2016,,,2437,,,native,species,316,density,
84,84,6,2016,,,2437,,,native,species,320,density,
85,85,6,2016,,,2437,,,native,species,348,density,
86,86,6,2016,,,2437,,,native,species,396,density,
87,87,6,2016,,,2437,,,native,species,378,density,
88,88,6,2016,,,5985,,,native,species,209,density,
89,89,6,2016,,,2437,,,native,species,381,density,
90,90,6,2016,,,2726,,,native,species,94,density,
91,91,6,2016,,,5985,,,native,species,185,density,
92,92,6,2016,,,5986,,,native,species,177,density,
93,93,6,2016,,,2726,,,native,species,157,density,
94,94,6,2016,,,5985,,,native,species,185,density,
95,95,6,2016,,,5985,,,native,species,187,density,
96,96,6,2016,,,2726,,,native,species,19,density,
97,97,6,2016,,,5985,,,native,species,109,density,
98,98,6,2016,,,5986,,,native,species,61,density,
99,99,6,2016,,,2726,,,native,species,40,density,
100,100,6,2016,,,5985,,,native,species,77,density,
101,101,6,2016,,,2726,,,native,species,89,density,
102,102,6,2016,,,5986,,,native,species,120,density,
103,103,6,2016,,,5986,,,native,species,88,density,
104,104,6,2016,,,5985,,,native,species,115,density,
105,105,6,2016,,,5986,,,native,species,115,density,
106,106,6,2016,,,5985,,,native,species,126,density,
107,107,6,2016,,,2435,,,native,species,154,density,
108,108,6,2016,,,2435,,,native,species,114,density,
109,109,6,2016,,,5986,,,native,species,117,density,
110,110,6,2016,,,5985,,,native,species,119,density,
111,111,6,2016,,,2435,,,native,species,103,density,
112,112,6,2016,,,2435,,,native,species,181,density,
113,113,6,2016,,,2437,,,native,species,60,density,
114,114,6,2016,,,2437,,,native,species,168,density,
115,115,6,2016,,,2437,,,native,species,243,density,
116,116,6,2016,,,2437,,,native,species,225,density,
117,117,6,2016,,,2437,,,native,species,244,density,
118,118,6,2016,,,2726,,,native,species,23,density,
119,119,6,2016,,,2437,,,native,species,320,density,
120,120,6,2016,,,2726,,,native,species,47,density,
121,121,6,2016,,,2726,,,native,species,94,density,
122,122,6,2016,,,5986,,,native,species,103,density,
123,123,6,2016,,,2435,,,native,species,72,density,
124,124,6,2016,,,2435,,,native,species,119,density,
125,125,6,2016,,,5985,,,native,species,130,density,
126,126,6,2016,,,2435,,,native,species,28,density,
127,127,6,2016,,,5986,,,native,species,169,density,
128,128,6,2016,,,2435,,,native,species,79,density,
129,129,6,2016,,,5985,,,native,species,164,density,
130,130,6,2016,,,2435,,,native,species,124,density,
131,131,6,2016,,,2726,,,native,species,81,density,
132,132,6,2016,,,5985,,,native,species,145,density,
133,133,6,2016,,,5986,,,native,species,150,density,
134,134,6,2016,,,5985,,,native,species,155,density,
135,135,6,2016,,,5985,,,native,species,190,density,
136,136,6,2016,,,5986,,,native,species,208,density,
137,137,6,2016,,,2726,,,native,species,121,density,
138,138,6,2016,,,5986,,,native,species,204,density,
139,139,6,2016,,,5986,,,native,species,127,density,
140,140,6,2016,,,5985,,,native,species,182,density,
141,141,6,2016,,,5985,,,native,species,205,density,
142,142,6,2016,,,5986,,,native,species,176,density,
143,143,6,2016,,,2437,,,native,species,91,density,
144,144,6,2016,,,2437,,,native,species,102,density,
145,145,6,2016,,,2437,,,native,species,110,density,
146,146,6,2016,,,2437,,,native,species,104,density,
147,147,6,2016,,,2437,,,native,species,122,density,
148,148,6,2016,,,2726,,,native,species,77,density,
149,149,6,2016,,,2437,,,native,species,181,density,
150,150,6,2016,,,2726,,,native,species,95,density,
151,151,6,2016,,,2726,,,native,species,46,density,
152,152,6,2016,,,2726,,,native,species,53,density,
153,153,6,2016,,,2435,,,native,species,63,density,
154,154,6,2016,,,2435,,,native,species,29,density,
155,155,6,2016,,,2435,,,native,species,39,density,
156,156,6,2016,,,2726,,,native,species,131,density,
157,157,6,2016,,,5985,,,native,species,176,density,
158,158,6,2016,,,5986,,,native,species,206,density,
159,159,6,2016,,,5986,,,native,species,183,density,
160,160,6,2016,,,5985,,,native,species,194,density,
161,161,6,2016,,,5986,,,native,species,122,density,
162,162,6,2016,,,2437,,,native,species,279,density,
163,163,6,2016,,,2726,,,native,species,50,density,
164,164,6,2016,,,2726,,,native,species,114,density,
165,165,6,2016,,,5985,,,native,species,169,density,
166,166,6,2016,,,5986,,,native,species,128,density,
167,167,6,2016,,,2726,,,native,species,72,density,
168,168,6,2016,,,5985,,,native,species,159,density,
169,169,6,2016,,,5986,,,native,species,186,density,
170,170,6,2016,,,2435,,,native,species,231,density,
171,171,6,2016,,,5986,,,native,species,163,density,
172,172,6,2016,,,2435,,,native,species,273,density,
173,173,6,2016,,,2435,,,native,species,226,density,
174,174,6,2016,,,2437,,,native,species,287,density,
175,175,6,2016,,,2437,,,native,species,315,density,
176,176,6,2016,,,2437,,,native,species,302,density,
177,177,6,2016,,,2437,,,native,species,321,density,
178,178,6,2016,,,2726,,,native,species,58,density,
179,179,6,2016,,,2437,,,native,species,395,density,
180,180,6,2016,,,2435,,,native,species,163,density,
181,181,6,2016,,,2726,,,native,species,90,density,
182,182,6,2016,,,5985,,,native,species,192,density,
183,183,6,2016,,,2435,,,native,species,214,density,
184,184,6,2016,,,2435,,,native,species,238,density,
185,185,6,2016,,,5985,,,native,species,148,density,
186,186,6,2016,,,2726,,,native,species,15,density,
187,187,6,2016,,,2435,,,native,species,70,density,
188,188,6,2016,,,2435,,,native,species,100,density,
189,189,6,2016,,,2726,,,native,species,73,density,
190,190,6,2016,,,5985,,,native,species,158,density,
191,191,6,2016,,,2435,,,native,species,152,density,
192,192,6,2016,,,2435,,,native,species,146,density,
193,193,6,2016,,,5985,,,native,species,206,density,
194,194,6,2016,,,2435,,,native,species,190,density,
195,195,6,2016,,,5986,,,native,species,183,density,
196,196,6,2016,,,5986,,,native,species,200,density,
197,197,6,2016,,,2726,,,native,species,127,density,
198,198,6,2016,,,5985,,,native,species,206,density,
199,199,6,2016,,,5985,,,native,species,201,density,
200,200,6,2016,,,2435,,,native,species,209,density,
201,201,6,2016,,,5985,,,native,species,123,density,
202,202,6,2016,,,5986,,,native,species,193,density,
203,203,6,2016,,,2437,,,native,species,119,density,
204,204,6,2016,,,5986,,,native,species,203,density,
205,205,6,2016,,,2437,,,native,species,128,density,
206,206,6,2016,,,2437,,,native,species,217,density,
207,207,6,2016,,,2437,,,native,species,212,density,
208,208,6,2016,,,2726,,,native,species,65,density,
209,209,6,2016,,,2437,,,native,species,245,density,
210,210,6,2016,,,2726,,,native,species,72,density,
211,211,6,2016,,,5986,,,native,species,232,density,
212,212,6,2016,,,5986,,,native,species,200,density,
213,213,6,2016,,,5985,,,native,species,181,density,
214,214,6,2016,,,2437,,,native,species,194,density,
215,215,6,2016,,,2726,,,native,species,34,density,
216,216,6,2016,,,5985,,,native,species,36,density,
217,217,6,2016,,,2435,,,native,species,0,density,
218,218,6,2016,,,2726,,,native,species,0,density,
219,219,6,2016,,,2726,,,native,species,12,density,
220,220,6,2016,,,5985,,,native,species,32,density,
221,221,6,2016,,,2435,,,native,species,26,density,
222,222,6,2016,,,5986,,,native,species,45,density,
223,223,6,2016,,,5986,,,native,species,70,density,
224,224,6,2016,,,2437,,,native,species,39,density,
225,225,6,2016,,,2726,,,native,species,68,density,
226,226,6,2016,,,5985,,,native,species,123,density,
227,227,6,2016,,,5985,,,native,species,158,density,
228,228,6,2016,,,2435,,,native,species,98,density,
229,229,6,2016,,,2726,,,native,species,93,density,
230,230,6,2016,,,5986,,,native,species,139,density,
231,231,6,2016,,,5986,,,native,species,245,density,
232,232,6,2016,,,5985,,,native,species,135,density,
233,233,6,2016,,,5986,,,native,species,135,density,
234,234,6,2016,,,2435,,,native,species,210,density,
235,235,6,2016,,,2437,,,native,species,100,density,
236,236,6,2016,,,2437,,,native,species,225,density,
237,237,6,2016,,,2437,,,native,species,233,density,
238,238,6,2016,,,5985,,,native,species,119,density,
239,239,6,2016,,,2437,,,native,species,90,density,
240,240,6,2016,,,2437,,,native,species,356,density,
241,241,6,2016,,,5986,,,native,species,206,density,
242,242,6,2016,,,2726,,,native,species,25,density,
243,243,6,2016,,,2726,,,native,species,42,density,
244,244,6,2016,,,5986,,,native,species,185,density,
245,245,6,2016,,,2435,,,native,species,172,density,
246,246,6,2016,,,2435,,,native,species,192,density,
247,247,6,2016,,,2435,,,native,species,29,density,
248,248,6,2016,,,5985,,,native,species,71,density,
249,249,6,2016,,,2726,,,native,species,0,density,
250,250,6,2016,,,5985,,,native,species,14,density,
251,251,6,2016,,,2435,,,native,species,2,density,
252,252,6,2016,,,5985,,,native,species,1,density,
253,253,6,2016,,,5985,,,native,species,3,density,
254,254,6,2016,,,2435,,,native,species,6,density,
255,255,6,2016,,,5985,,,native,species,6,density,
256,256,6,2016,,,2435,,,native,species,8,density,
257,257,6,2016,,,2726,,,native,species,9,density,
258,258,6,2016,,,2726,,,native,species,40,density,
259,259,6,2016,,,5986,,,native,species,16,density,
260,260,6,2016,,,5986,,,native,species,92,density,
261,261,6,2016,,,2435,,,native,species,31,density,
262,262,6,2016,,,5986,,,native,species,16,density,
263,263,6,2016,,,2726,,,native,species,16,density,
264,264,6,2016,,,2437,,,native,species,6,density,
265,265,6,2016,,,2437,,,native,species,7,density,
266,266,6,2016,,,5986,,,native,species,25,density,
267,267,6,2016,,,2726,,,native,species,16,density,
268,268,6,2016,,,2437,,,native,species,12,density,
269,269,6,2016,,,2726,,,native,species,0,density,
270,270,6,2016,,,2435,,,native,species,26,density,
271,271,6,2016,,,5986,,,native,species,59,density,
272,272,6,2016,,,5985,,,native,species,58,density,
273,273,6,2016,,,2435,,,native,species,43,density,
274,274,6,2016,,,5986,,,native,species,92,density,
275,275,6,2016,,,5985,,,native,species,97,density,
276,276,6,2016,,,2437,,,native,species,28,density,
277,277,6,2016,,,2437,,,native,species,41,density,
278,278,6,2016,,,2437,,,native,species,58,density,
279,279,6,2016,,,2437,,,native,species,106,density,
280,280,6,2016,,,2726,,,native,species,0,density,
281,281,6,2016,,,2437,,,native,species,116,density,
282,282,6,2016,,,5986,,,native,species,2,density,
283,283,6,2016,,,2726,,,native,species,9,density,
284,284,6,2016,,,5986,,,native,species,13,density,
285,285,6,2016,,,5985,,,native,species,18,density,
286,286,6,2016,,,2435,,,native,species,38,density,
287,287,6,2016,,,2435,,,native,species,35,density,
288,288,6,2016,,,5986,,,native,species,20,density,
289,289,6,2016,,,2435,,,native,species,36,density,
290,290,6,2016,,,2435,,,native,species,54,density,
291,291,6,2016,,,5985,,,native,species,186,density,
292,292,6,2016,,,2435,,,native,species,125,density,
293,293,6,2016,,,5985,,,native,species,14,density,
294,294,6,2016,,,5985,,,native,species,15,density,
295,295,6,2016,,,5986,,,native,species,33,density,
296,296,6,2016,,,5985,,,native,species,82,density,
297,297,6,2016,,,5986,,,native,species,109,density,
298,298,6,2016,,,2726,,,native,species,2,density,
299,299,6,2016,,,5986,,,native,species,102,density,
300,300,6,2016,,,5985,,,native,species,142,density,
301,301,6,2016,,,5986,,,native,species,177,density,
302,302,6,2016,,,2437,,,native,species,41,density,
303,303,6,2016,,,2437,,,native,species,36,density,
304,304,6,2016,,,5985,,,native,species,180,density,
305,305,6,2016,,,5986,,,native,species,189,density,
306,306,6,2016,,,2437,,,native,species,112,density,
307,307,6,2016,,,2437,,,native,species,153,density,
308,308,6,2016,,,2437,,,native,species,148,density,
309,309,6,2016,,,2435,,,native,species,25,density,
310,310,6,2016,,,2437,,,native,species,187,density,
311,311,6,2016,,,2726,,,native,species,35,density,
312,312,6,2016,,,2726,,,native,species,49,density,
313,313,6,2016,,,2435,,,native,species,28,density,
314,314,6,2016,,,2726,,,native,species,44,density,
315,315,6,2016,,,2726,,,native,species,1,density,
316,316,6,2016,,,2726,,,native,species,12,density,
317,317,6,2016,,,2726,,,native,species,99,density,
318,318,6,2016,,,2435,,,native,species,0,density,
319,319,6,2016,,,2437,,,native,species,0,density,
320,320,6,2016,,,2437,,,native,species,0,density,
321,321,6,2016,,,2726,,,native,species,0,density,
322,322,6,2016,,,5985,,,native,species,0,density,
323,323,6,2016,,,5985,,,native,species,0,density,
324,324,6,2016,,,5986,,,native,species,0,density,
325,325,6,2016,,,5986,,,native,species,0,density,
326,326,6,2016,,,2726,,,native,species,63,density,
327,327,6,2016,,,5986,,,native,species,73,density,
328,328,6,2016,,,2726,,,native,species,91,density,
329,329,6,2016,,,5986,,,native,species,114,density,
330,330,6,2016,,,5986,,,native,species,98,density,
331,331,6,2016,,,5986,,,native,species,133,density,
332,332,6,2016,,,2435,,,native,species,227,density,
333,333,6,2016,,,5985,,,native,species,137,density,
334,334,6,2016,,,2435,,,native,species,233,density,
335,335,6,2016,,,2437,,,native,species,236,density,
336,336,6,2016,,,2437,,,native,species,327,density,
337,337,6,2016,,,2437,,,native,species,336,density,
338,338,6,2016,,,2437,,,native,species,346,density,
339,339,6,2016,,,2726,,,native,species,116,density,
340,340,6,2016,,,2435,,,native,species,216,density,
341,341,6,2016,,,5985,,,native,species,93,density,
342,342,6,2016,,,5985,,,native,species,151,density,
343,343,6,2016,,,2435,,,native,species,191,density,
344,344,6,2016,,,5985,,,native,species,172,density,
345,345,6,2016,,,2435,,,native,species,0,density,
346,346,6,2016,,,2726,,,native,species,37,density,
347,347,6,2016,,,2435,,,native,species,166,density,
348,348,6,2016,,,2726,,,native,species,26,density,
349,349,6,2016,,,2726,,,native,species,39,density,
350,350,6,2016,,,5985,,,native,species,49,density,
351,351,6,2016,,,5986,,,native,species,139,density,
352,352,6,2016,,,5985,,,native,species,161,density,
353,353,6,2016,,,2726,,,native,species,39,density,
354,354,6,2016,,,5986,,,native,species,90,density,
355,355,6,2016,,,5986,,,native,species,129,density,
356,356,6,2016,,,5985,,,native,species,127,density,
357,357,6,2016,,,5986,,,native,species,111,density,
358,358,6,2016,,,2435,,,native,species,108,density,
359,359,6,2016,,,5986,,,native,species,166,density,
360,360,6,2016,,,5985,,,native,species,164,density,
361,361,6,2016,,,2435,,,native,species,127,density,
362,362,6,2016,,,5985,,,native,species,173,density,
363,363,6,2016,,,2437,,,native,species,225,density,
364,364,6,2016,,,2437,,,native,species,326,density,
365,365,6,2016,,,2437,,,native,species,343,density,
366,366,6,2016,,,2437,,,native,species,381,density,
367,367,6,2016,,,2437,,,native,species,355,density,
368,368,6,2016,,,2726,,,native,species,21,density,
369,369,6,2016,,,2437,,,native,species,379,density,
370,370,6,2016,,,2726,,,native,species,28,density,
371,371,6,2016,,,2435,,,native,species,125,density,
372,372,6,2016,,,5985,,,native,species,114,density,
373,373,6,2016,,,5986,,,native,species,115,density,
374,374,6,2016,,,2435,,,native,species,103,density,
375,375,6,2016,,,2435,,,native,species,175,density,
376,376,6,2016,,,5985,,,native,species,8,density,
377,377,6,2016,,,2435,,,native,species,0,density,
378,378,6,2016,,,2726,,,native,species,0,density,
379,379,6,2016,,,5985,,,native,species,2,density,
380,380,6,2016,,,5986,,,native,species,7,density,
381,381,6,2016,,,2435,,,native,species,9,density,
382,382,6,2016,,,2726,,,native,species,15,density,
383,383,6,2016,,,2437,,,native,species,21,density,
384,384,6,2016,,,2726,,,native,species,42,density,
385,385,6,2016,,,2435,,,native,species,86,density,
386,386,6,2016,,,2435,,,native,species,94,density,
387,387,6,2016,,,2726,,,native,species,36,density,
388,388,6,2016,,,2435,,,native,species,93,density,
389,389,6,2016,,,2437,,,native,species,40,density,
390,390,6,2016,,,5985,,,native,species,146,density,
391,391,6,2016,,,5986,,,native,species,127,density,
392,392,6,2016,,,5986,,,native,species,206,density,
393,393,6,2016,,,5985,,,native,species,158,density,
394,394,6,2016,,,2437,,,native,species,157,density,
395,395,6,2016,,,2437,,,native,species,152,density,
396,396,6,2016,,,2437,,,native,species,213,density,
397,397,6,2016,,,2437,,,native,species,244,density,
398,398,6,2016,,,5986,,,native,species,178,density,
399,399,6,2016,,,2726,,,native,species,0,density,
400,400,6,2016,,,5986,,,native,species,18,density,
401,401,6,2016,,,2726,,,native,species,23,density,
402,402,6,2016,,,2435,,,native,species,75,density,
403,403,6,2016,,,5985,,,native,species,150,density,
404,404,6,2016,,,5986,,,native,species,138,density,
405,405,6,2016,,,5985,,,native,species,143,density,
406,406,6,2016,,,2726,,,native,species,86,density,
407,407,6,2016,,,2726,,,native,species,109,density,
408,408,6,2016,,,5986,,,native,species,97,density,
409,409,6,2016,,,5985,,,native,species,100,density,
410,410,6,2016,,,5985,,,native,species,199,density,
411,411,6,2016,,,2435,,,native,species,112,density,
412,412,6,2016,,,2437,,,native,species,25,density,
413,413,6,2016,,,5986,,,native,species,217,density,
414,414,6,2016,,,2726,,,native,species,71,density,
415,415,6,2016,,,5985,,,native,species,82,density,
416,416,6,2016,,,2435,,,native,species,60,density,
417,417,6,2016,,,2726,,,native,species,87,density,
418,418,6,2016,,,5985,,,native,species,89,density,
419,419,6,2016,,,2435,,,native,species,72,density,
420,420,6,2016,,,5986,,,native,species,103,density,
421,421,6,2016,,,5986,,,native,species,112,density,
422,422,6,2016,,,5986,,,native,species,109,density,
423,423,6,2016,,,5985,,,native,species,141,density,
424,424,6,2016,,,5986,,,native,species,149,density,
425,425,6,2016,,,2437,,,native,species,114,density,
426,426,6,2016,,,2437,,,native,species,102,density,
427,427,6,2016,,,2437,,,native,species,135,density,
428,428,6,2016,,,2726,,,native,species,87,density,
429,429,6,2016,,,2437,,,native,species,206,density,
430,430,6,2016,,,2435,,,native,species,143,density,
431,431,6,2016,,,2437,,,native,species,158,density,
432,432,6,2016,,,2726,,,native,species,80,density,
433,433,6,2016,,,2435,,,native,species,99,density,
434,434,6,2016,,,2435,,,native,species,89,density,
435,435,6,2016,,,5985,,,native,species,152,density,
436,436,6,2016,,,2435,,,native,species,264,density,
437,437,6,2016,,,5985,,,native,species,136,density,
438,438,6,2016,,,2726,,,native,species,64,density,
439,439,6,2016,,,5985,,,native,species,161,density,
440,440,6,2016,,,2726,,,native,species,61,density,
441,441,6,2016,,,5986,,,native,species,125,density,
442,442,6,2016,,,5986,,,native,species,133,density,
443,443,6,2016,,,5985,,,native,species,106,density,
444,444,6,2016,,,2435,,,native,species,259,density,
445,445,6,2016,,,2435,,,native,species,274,density,
446,446,6,2016,,,5986,,,native,species,93,density,
447,447,6,2016,,,2726,,,native,species,61,density,
448,448,6,2016,,,5985,,,native,species,131,density,
449,449,6,2016,,,5985,,,native,species,154,density,
450,450,6,2016,,,5986,,,native,species,146,density,
451,451,6,2016,,,5986,,,native,species,151,density,
452,452,6,2016,,,5986,,,native,species,122,density,
453,453,6,2016,,,2437,,,native,species,348,density,
454,454,6,2016,,,2437,,,native,species,337,density,
455,455,6,2016,,,2437,,,native,species,321,density,
456,456,6,2016,,,2437,,,native,species,382,density,
457,457,6,2016,,,2437,,,native,species,420,density,
458,458,6,2016,,,2435,,,native,species,218,density,
459,459,6,2016,,,2437,,,native,species,310,density,
460,460,6,2016,,,2435,,,native,species,197,density,
461,461,6,2016,,,2726,,,native,species,59,density,
462,462,6,2016,,,2726,,,native,species,57,density,
463,463,6,2016,,,2726,,,native,species,69,density,
464,464,6,2016,,,2435,,,native,species,190,density,
465,465,6,2016,,,5985,,,native,species,116,density,
466,466,6,2016,,,2726,,,native,species,124,density,
467,467,6,2016,,,2435,,,native,species,222,density,
468,468,6,2016,,,5985,,,native,species,158,density,
469,469,6,2016,,,2435,,,native,species,279,density,
470,470,6,2016,,,5985,,,native,species,191,density,
471,471,6,2016,,,5985,,,native,species,215,density,
472,472,6,2016,,,5986,,,native,species,267,density,
473,473,6,2016,,,2435,,,native,species,223,density,
474,474,6,2016,,,5985,,,native,species,145,density,
475,475,6,2016,,,2437,,,native,species,239,density,
476,476,6,2016,,,5986,,,native,species,151,density,
477,477,6,2016,,,2726,,,native,species,61,density,
478,478,6,2016,,,5986,,,native,species,169,density,
479,479,6,2016,,,5985,,,native,species,149,density,
480,480,6,2016,,,5986,,,native,species,112,density,
481,481,6,2016,,,5986,,,native,species,174,density,
482,482,6,2016,,,5985,,,native,species,172,density,
483,483,6,2016,,,5986,,,native,species,181,density,
484,484,6,2016,,,2437,,,native,species,172,density,
485,485,6,2016,,,2437,,,native,species,256,density,
486,486,6,2016,,,2437,,,native,species,229,density,
487,487,6,2016,,,2437,,,native,species,236,density,
488,488,6,2016,,,2726,,,native,species,61,density,
489,489,6,2016,,,2437,,,native,species,267,density,
490,490,6,2016,,,2726,,,native,species,109,density,
491,491,6,2016,,,2435,,,native,species,174,density,
492,492,6,2016,,,2726,,,native,species,129,density,
493,493,6,2016,,,2435,,,native,species,203,density,
494,494,6,2016,,,2726,,,native,species,91,density,
495,495,6,2016,,,2435,,,native,species,178,density,
496,496,6,2016,,,2726,,,native,species,164,density,
497,497,6,2016,,,2726,,,native,species,143,density,
498,498,6,2016,,,5985,,,native,species,218,density,
499,499,6,2016,,,5986,,,native,species,199,density,
500,500,6,2016,,,5985,,,native,species,247,density,
501,501,6,2016,,,2726,,,native,species,140,density,
502,502,6,2016,,,5985,,,native,species,240,density,
503,503,6,2016,,,2435,,,native,species,276,density,
504,504,6,2016,,,2435,,,native,species,266,density,
505,505,6,2016,,,2435,,,native,species,288,density,
506,506,6,2016,,,5985,,,native,species,182,density,
507,507,6,2016,,,5985,,,native,species,149,density,
508,508,6,2016,,,2435,,,native,species,306,density,
509,509,6,2016,,,2435,,,native,species,292,density,
510,510,6,2016,,,5986,,,native,species,156,density,
511,511,6,2016,,,2726,,,native,species,162,density,
512,512,6,2016,,,2435,,,native,species,685,density,
513,513,6,2016,,,2437,,,native,species,238,density,
514,514,6,2016,,,2437,,,native,species,368,density,
515,515,6,2016,,,2437,,,native,species,380,density,
516,516,6,2016,,,2437,,,native,species,366,density,
517,517,6,2016,,,2437,,,native,species,419,density,
518,518,6,2016,,,2726,,,native,species,143,density,
519,519,6,2016,,,2437,,,native,species,419,density,
520,520,6,2016,,,2726,,,native,species,148,density,
521,521,6,2016,,,5986,,,native,species,163,density,
522,522,6,2016,,,5986,,,native,species,287,density,
523,523,6,2016,,,5986,,,native,species,275,density,
524,524,6,2016,,,5986,,,native,species,112,density,
525,525,6,2016,,,5985,,,native,species,293,density,
526,526,6,2016,,,2726,,,native,species,15,density,
527,527,6,2016,,,2726,,,native,species,34,density,
528,528,6,2016,,,5986,,,native,species,52,density,
529,529,6,2016,,,2726,,,native,species,29,density,
530,530,6,2016,,,2726,,,native,species,28,density,
531,531,6,2016,,,5986,,,native,species,63,density,
532,532,6,2016,,,5986,,,native,species,99,density,
533,533,6,2016,,,5986,,,native,species,105,density,
534,534,6,2016,,,5985,,,native,species,100,density,
535,535,6,2016,,,5985,,,native,species,140,density,
536,536,6,2016,,,5985,,,native,species,135,density,
537,537,6,2016,,,2435,,,native,species,130,density,
538,538,6,2016,,,5985,,,native,species,168,density,
539,539,6,2016,,,2435,,,native,species,141,density,
540,540,6,2016,,,2435,,,native,species,167,density,
541,541,6,2016,,,2435,,,native,species,202,density,
542,542,6,2016,,,2437,,,native,species,252,density,
543,543,6,2016,,,2437,,,native,species,275,density,
544,544,6,2016,,,2437,,,native,species,319,density,
545,545,6,2016,,,2437,,,native,species,329,density,
546,546,6,2016,,,2437,,,native,species,344,density,
547,547,6,2016,,,2437,,,native,species,347,density,
548,548,6,2016,,,2726,,,native,species,15,density,
549,549,6,2016,,,5986,,,native,species,137,density,
550,550,6,2016,,,2726,,,native,species,18,density,
551,551,6,2016,,,5986,,,native,species,71,density,
552,552,6,2016,,,2435,,,native,species,84,density,
553,553,6,2016,,,2435,,,native,species,128,density,
554,554,6,2016,,,5985,,,native,species,127,density,
555,555,6,2016,,,5985,,,native,species,128,density,
556,556,6,2016,,,2726,,,native,species,39,density,
557,557,6,2016,,,2726,,,native,species,30,density,
558,558,6,2016,,,2435,,,native,species,35,density,
559,559,6,2016,,,2435,,,native,species,59,density,
560,560,6,2016,,,5985,,,native,species,159,density,
561,561,6,2016,,,2435,,,native,species,149,density,
562,562,6,2016,,,5986,,,native,species,113,density,
563,563,6,2016,,,2435,,,native,species,77,density,
564,564,6,2016,,,5985,,,native,species,137,density,
565,565,6,2016,,,5986,,,native,species,132,density,
566,566,6,2016,,,5986,,,native,species,131,density,
567,567,6,2016,,,2726,,,native,species,69,density,
568,568,6,2016,,,5985,,,native,species,126,density,
569,569,6,2016,,,5985,,,native,species,153,density,
570,570,6,2016,,,5986,,,native,species,133,density,
571,571,6,2016,,,5985,,,native,species,175,density,
572,572,6,2016,,,5986,,,native,species,152,density,
573,573,6,2016,,,2437,,,native,species,119,density,
574,574,6,2016,,,2437,,,native,species,136,density,
575,575,6,2016,,,2437,,,native,species,130,density,
576,576,6,2016,,,2437,,,native,species,144,density,
577,577,6,2016,,,2437,,,native,species,167,density,
578,578,6,2016,,,2726,,,native,species,69,density,
579,579,6,2016,,,2437,,,native,species,222,density,
580,580,6,2016,,,5986,,,native,species,107,density,
581,581,6,2016,,,2435,,,native,species,177,density,
582,582,6,2016,,,5985,,,native,species,106,density,
583,583,6,2016,,,2726,,,native,species,91,density,
584,584,6,2016,,,2726,,,native,species,80,density,
585,585,6,2016,,,2435,,,native,species,89,density,
586,586,6,2016,,,2726,,,native,species,59,density,
587,587,6,2016,,,2435,,,native,species,222,density,
588,588,6,2016,,,2726,,,native,species,64,density,
589,589,6,2016,,,2726,,,native,species,148,density,
590,590,6,2016,,,2435,,,native,species,286,density,
591,591,6,2016,,,5986,,,native,species,137,density,
592,592,6,2016,,,2726,,,native,species,98,density,
593,593,6,2016,,,5985,,,native,species,156,density,
594,594,6,2016,,,5985,,,native,species,160,density,
595,595,6,2016,,,2437,,,native,species,318,density,
596,596,6,2016,,,2437,,,native,species,261,density,
597,597,6,2016,,,2726,,,native,species,159,density,
598,598,6,2016,,,5985,,,native,species,91,density,
599,599,6,2016,,,5986,,,native,species,132,density,
600,600,6,2016,,,2435,,,native,species,223,density,
601,601,6,2016,,,5985,,,native,species,161,density,
602,602,6,2016,,,5985,,,native,species,173,density,
603,603,6,2016,,,5986,,,native,species,138,density,
604,604,6,2016,,,5986,,,native,species,144,density,
605,605,6,2016,,,5986,,,native,species,153,density,
606,606,6,2016,,,5985,,,native,species,224,density,
607,607,6,2016,,,5986,,,native,species,159,density,
608,608,6,2016,,,2726,,,native,species,83,density,
609,609,6,2016,,,2437,,,native,species,330,density,
610,610,6,2016,,,2437,,,native,species,318,density,
611,611,6,2016,,,2437,,,native,species,336,density,
612,612,6,2016,,,2437,,,native,species,406,density,
613,613,6,2016,,,2437,,,native,species,367,density,
614,614,6,2016,,,2435,,,native,species,295,density,
615,615,6,2016,,,2437,,,native,species,406,density,
616,616,6,2016,,,5985,,,native,species,134,density,
617,617,6,2016,,,5986,,,native,species,127,density,
618,618,6,2016,,,5986,,,native,species,151,density,
619,619,6,2016,,,2435,,,native,species,267,density,
620,620,6,2016,,,5985,,,native,species,202,density,
621,621,6,2016,,,2726,,,native,species,105,density,
622,622,6,2016,,,2435,,,native,species,271,density,
623,623,6,2016,,,2435,,,native,species,147,density,
624,624,6,2016,,,2726,,,native,species,70,density,
625,625,6,2016,,,2435,,,native,species,223,density,
626,626,17,2008,,,7156,,,mixed,plot,8,density,
627,627,17,2008,,,7156,,,mixed,plot,0,density,
628,628,17,2008,,,7156,,,mixed,plot,0,density,
629,629,17,2008,,,7156,,,mixed,plot,1,density,
630,630,17,2008,,,7156,,,mixed,plot,4,density,
631,631,17,2008,,,7156,,,mixed,plot,2,density,
632,632,17,2008,,,7156,,,mixed,plot,1,density,
633,633,17,2008,,,7156,,,mixed,plot,3,density,
634,626,25,2008,,,7156,,,mixed,plot,0,density,
635,627,25,2008,,,7156,,,mixed,plot,0,density,
636,628,25,2008,,,7156,,,mixed,plot,0,density,
637,629,25,2008,,,7156,,,mixed,plot,0,density,
638,630,25,2008,,,7156,,,mixed,plot,0,density,
639,631,25,2008,,,7156,,,mixed,plot,0,density,
640,632,25,2008,,,7156,,,mixed,plot,0,density,
641,633,25,2008,,,7156,,,mixed,plot,0,density,
642,634,17,2008,,,7156,,,mixed,plot,0,density,
643,635,17,2008,,,7156,,,mixed,plot,0,density,
644,636,17,2008,,,7156,,,mixed,plot,0,density,
645,637,17,2008,,,7156,,,mixed,plot,0,density,
646,638,17,2008,,,7156,,,mixed,plot,0,density,
647,639,17,2008,,,7156,,,mixed,plot,0,density,
648,640,17,2008,,,7156,,,mixed,plot,0,density,
649,641,17,2008,,,7156,,,mixed,plot,0,density,
650,634,25,2008,,,7156,,,mixed,plot,0,density,
651,635,25,2008,,,7156,,,mixed,plot,1,density,
652,636,25,2008,,,7156,,,mixed,plot,0,density,
653,637,25,2008,,,7156,,,mixed,plot,0,density,
654,638,25,2008,,,7156,,,mixed,plot,0,density,
655,639,25,2008,,,7156,,,mixed,plot,0,density,
656,640,25,2008,,,7156,,,mixed,plot,0,density,
657,641,25,2008,,,7156,,,mixed,plot,0,density,
658,642,17,2008,,,7156,,,mixed,plot,1,density,
659,643,17,2008,,,7156,,,mixed,plot,0,density,
660,644,17,2008,,,7156,,,mixed,plot,2,density,
661,645,17,2008,,,7156,,,mixed,plot,1,density,
662,646,17,2008,,,7156,,,mixed,plot,0,density,
663,647,17,2008,,,7156,,,mixed,plot,2,density,
664,648,17,2008,,,7156,,,mixed,plot,3,density,
665,649,17,2008,,,7156,,,mixed,plot,1,density,
666,642,25,2008,,,7156,,,mixed,plot,0,density,
667,643,25,2008,,,7156,,,mixed,plot,0,density,
668,644,25,2008,,,7156,,,mixed,plot,0,density,
669,645,25,2008,,,7156,,,mixed,plot,0,density,
670,646,25,2008,,,7156,,,mixed,plot,0,density,
671,647,25,2008,,,7156,,,mixed,plot,2,density,
672,648,25,2008,,,7156,,,mixed,plot,5,density,
673,649,25,2008,,,7156,,,mixed,plot,0,density,
674,650,17,2008,,,7156,,,mixed,plot,7,density,
675,651,17,2008,,,7156,,,mixed,plot,19,density,
676,652,17,2008,,,7156,,,mixed,plot,17,density,
677,653,17,2008,,,7156,,,mixed,plot,27,density,
678,654,17,2008,,,7156,,,mixed,plot,19,density,
679,655,17,2008,,,7156,,,mixed,plot,17,density,
680,656,17,2008,,,7156,,,mixed,plot,11,density,
681,657,17,2008,,,7156,,,mixed,plot,11,density,
682,650,25,2008,,,7156,,,mixed,plot,3,density,
683,651,25,2008,,,7156,,,mixed,plot,7,density,
684,652,25,2008,,,7156,,,mixed,plot,5,density,
685,653,25,2008,,,7156,,,mixed,plot,9,density,
686,654,25,2008,,,7156,,,mixed,plot,4,density,
687,655,25,2008,,,7156,,,mixed,plot,4,density,
688,656,25,2008,,,7156,,,mixed,plot,1,density,
689,657,25,2008,,,7156,,,mixed,plot,1,density,
690,658,17,2008,,,7156,,,mixed,plot,8,density,
691,659,17,2008,,,7156,,,mixed,plot,4,density,
692,660,17,2008,,,7156,,,mixed,plot,8,density,
693,661,17,2008,,,7156,,,mixed,plot,20,density,
694,662,17,2008,,,7156,,,mixed,plot,14,density,
695,663,17,2008,,,7156,,,mixed,plot,13,density,
696,664,17,2008,,,7156,,,mixed,plot,6,density,
697,665,17,2008,,,7156,,,mixed,plot,7,density,
698,658,25,2008,,,7156,,,mixed,plot,4,density,
699,659,25,2008,,,7156,,,mixed,plot,2,density,
700,660,25,2008,,,7156,,,mixed,plot,4,density,
701,661,25,2008,,,7156,,,mixed,plot,7,density,
702,662,25,2008,,,7156,,,mixed,plot,6,density,
703,663,25,2008,,,7156,,,mixed,plot,7,density,
704,664,25,2008,,,7156,,,mixed,plot,1,density,
705,665,25,2008,,,7156,,,mixed,plot,1,density,
706,666,17,2008,,,7156,,,mixed,plot,1,density,
707,667,17,2008,,,7156,,,mixed,plot,0,density,
708,668,17,2008,,,7156,,,mixed,plot,0,density,
709,669,17,2008,,,7156,,,mixed,plot,1,density,
710,670,17,2008,,,7156,,,mixed,plot,0,density,
711,671,17,2008,,,7156,,,mixed,plot,3,density,
712,672,17,2008,,,7156,,,mixed,plot,0,density,
713,673,17,2008,,,7156,,,mixed,plot,0,density,
714,666,25,2008,,,7156,,,mixed,plot,0,density,
715,667,25,2008,,,7156,,,mixed,plot,1,density,
716,668,25,2008,,,7156,,,mixed,plot,0,density,
717,669,25,2008,,,7156,,,mixed,plot,1,density,
718,670,25,2008,,,7156,,,mixed,plot,0,density,
719,671,25,2008,,,7156,,,mixed,plot,1,density,
720,672,25,2008,,,7156,,,mixed,plot,0,density,
721,673,25,2008,,,7156,,,mixed,plot,0,density,
722,674,17,2008,,,7156,,,mixed,plot,0,density,
723,675,17,2008,,,7156,,,mixed,plot,0,density,
724,676,17,2008,,,7156,,,mixed,plot,4,density,
725,677,17,2008,,,7156,,,mixed,plot,1,density,
726,678,17,2008,,,7156,,,mixed,plot,2,density,
727,679,17,2008,,,7156,,,mixed,plot,2,density,
728,680,17,2008,,,7156,,,mixed,plot,0,density,
729,681,17,2008,,,7156,,,mixed,plot,2,density,
730,674,25,2008,,,7156,,,mixed,plot,0,density,
731,675,25,2008,,,7156,,,mixed,plot,0,density,
732,676,25,2008,,,7156,,,mixed,plot,0,density,
733,677,25,2008,,,7156,,,mixed,plot,0,density,
734,678,25,2008,,,7156,,,mixed,plot,2,density,
735,679,25,2008,,,7156,,,mixed,plot,0,density,
736,680,25,2008,,,7156,,,mixed,plot,0,density,
737,681,25,2008,,,7156,,,mixed,plot,1,density,
738,682,17,2008,,,7156,,,mixed,plot,6,density,
739,683,17,2008,,,7156,,,mixed,plot,19,density,
740,684,17,2008,,,7156,,,mixed,plot,13,density,
741,685,17,2008,,,7156,,,mixed,plot,27,density,
742,686,17,2008,,,7156,,,mixed,plot,32,density,
743,687,17,2008,,,7156,,,mixed,plot,13,density,
744,688,17,2008,,,7156,,,mixed,plot,8,density,
745,689,17,2008,,,7156,,,mixed,plot,5,density,
746,682,25,2008,,,7156,,,mixed,plot,3,density,
747,683,25,2008,,,7156,,,mixed,plot,9,density,
748,684,25,2008,,,7156,,,mixed,plot,5,density,
749,685,25,2008,,,7156,,,mixed,plot,13,density,
750,686,25,2008,,,7156,,,mixed,plot,9,density,
751,687,25,2008,,,7156,,,mixed,plot,2,density,
752,688,25,2008,,,7156,,,mixed,plot,2,density,
753,689,25,2008,,,7156,,,mixed,plot,0,density,
754,690,17,2008,,,7156,,,mixed,plot,2,density,
755,691,17,2008,,,7156,,,mixed,plot,0,density,
756,692,17,2008,,,7156,,,mixed,plot,2,density,
757,693,17,2008,,,7156,,,mixed,plot,0,density,
758,694,17,2008,,,7156,,,mixed,plot,0,density,
759,695,17,2008,,,7156,,,mixed,plot,4,density,
760,696,17,2008,,,7156,,,mixed,plot,1,density,
761,697,17,2008,,,7156,,,mixed,plot,0,density,
762,690,25,2008,,,7156,,,mixed,plot,1,density,
763,691,25,2008,,,7156,,,mixed,plot,0,density,
764,692,25,2008,,,7156,,,mixed,plot,0,density,
765,693,25,2008,,,7156,,,mixed,plot,1,density,
766,694,25,2008,,,7156,,,mixed,plot,1,density,
767,695,25,2008,,,7156,,,mixed,plot,3,density,
768,696,25,2008,,,7156,,,mixed,plot,0,density,
769,697,25,2008,,,7156,,,mixed,plot,1,density,
770,698,17,2008,,,7156,,,mixed,plot,7,density,
771,699,17,2008,,,7156,,,mixed,plot,19,density,
772,700,17,2008,,,7156,,,mixed,plot,22,density,
773,701,17,2008,,,7156,,,mixed,plot,12,density,
774,702,17,2008,,,7156,,,mixed,plot,7,density,
775,703,17,2008,,,7156,,,mixed,plot,9,density,
776,704,17,2008,,,7156,,,mixed,plot,8,density,
777,705,17,2008,,,7156,,,mixed,plot,3,density,
778,698,25,2008,,,7156,,,mixed,plot,5,density,
779,699,25,2008,,,7156,,,mixed,plot,10,density,
780,700,25,2008,,,7156,,,mixed,plot,10,density,
781,701,25,2008,,,7156,,,mixed,plot,9,density,
782,702,25,2008,,,7156,,,mixed,plot,4,density,
783,703,25,2008,,,7156,,,mixed,plot,5,density,
784,704,25,2008,,,7156,,,mixed,plot,1,density,
785,705,25,2008,,,7156,,,mixed,plot,1,density,
786,706,19,2008,,,7156,,,mixed,plot,1,density,
787,707,19,2008,,,7156,,,mixed,plot,4,density,
788,708,19,2008,,,7156,,,mixed,plot,6,density,
789,709,19,2008,,,7156,,,mixed,plot,3,density,
790,710,19,2008,,,7156,,,mixed,plot,4,density,
791,711,19,2008,,,7156,,,mixed,plot,6,density,
792,712,19,2008,,,7156,,,mixed,plot,14,density,
793,713,19,2008,,,7156,,,mixed,plot,3,density,
794,706,27,2008,,,7156,,,mixed,plot,2,density,
795,707,27,2008,,,7156,,,mixed,plot,0,density,
796,708,27,2008,,,7156,,,mixed,plot,1,density,
797,709,27,2008,,,7156,,,mixed,plot,0,density,
798,710,27,2008,,,7156,,,mixed,plot,2,density,
799,711,27,2008,,,7156,,,mixed,plot,0,density,
800,712,27,2008,,,7156,,,mixed,plot,4,density,
801,713,27,2008,,,7156,,,mixed,plot,1,density,
802,714,17,2008,,,7156,,,mixed,plot,21,density,
803,715,17,2008,,,7156,,,mixed,plot,37,density,
804,716,17,2008,,,7156,,,mixed,plot,20,density,
805,717,17,2008,,,7156,,,mixed,plot,22,density,
806,718,17,2008,,,7156,,,mixed,plot,10,density,
807,719,17,2008,,,7156,,,mixed,plot,26,density,
808,720,17,2008,,,7156,,,mixed,plot,23,density,
809,721,17,2008,,,7156,,,mixed,plot,6,density,
810,714,25,2008,,,7156,,,mixed,plot,9,density,
811,715,25,2008,,,7156,,,mixed,plot,5,density,
812,716,25,2008,,,7156,,,mixed,plot,4,density,
813,717,25,2008,,,7156,,,mixed,plot,13,density,
814,718,25,2008,,,7156,,,mixed,plot,3,density,
815,719,25,2008,,,7156,,,mixed,plot,12,density,
816,720,25,2008,,,7156,,,mixed,plot,11,density,
817,721,25,2008,,,7156,,,mixed,plot,3,density,
818,722,19,2008,,,7156,,,mixed,plot,21,density,
819,723,19,2008,,,7156,,,mixed,plot,28,density,
820,724,19,2008,,,7156,,,mixed,plot,13,density,
821,725,19,2008,,,7156,,,mixed,plot,12,density,
822,726,19,2008,,,7156,,,mixed,plot,10,density,
823,727,19,2008,,,7156,,,mixed,plot,13,density,
824,728,19,2008,,,7156,,,mixed,plot,8,density,
825,729,19,2008,,,7156,,,mixed,plot,27,density,
826,722,27,2008,,,7156,,,mixed,plot,18,density,
827,723,27,2008,,,7156,,,mixed,plot,19,density,
828,724,27,2008,,,7156,,,mixed,plot,12,density,
829,725,27,2008,,,7156,,,mixed,plot,14,density,
830,726,27,2008,,,7156,,,mixed,plot,8,density,
831,727,27,2008,,,7156,,,mixed,plot,13,density,
832,728,27,2008,,,7156,,,mixed,plot,6,density,
833,729,27,2008,,,7156,,,mixed,plot,21,density,
834,730,19,2008,,,7156,,,mixed,plot,35,density,
835,731,19,2008,,,7156,,,mixed,plot,28,density,
836,732,19,2008,,,7156,,,mixed,plot,28,density,
837,733,19,2008,,,7156,,,mixed,plot,28,density,
838,734,19,2008,,,7156,,,mixed,plot,28,density,
839,735,19,2008,,,7156,,,mixed,plot,32,density,
840,736,19,2008,,,7156,,,mixed,plot,15,density,
841,737,19,2008,,,7156,,,mixed,plot,23,density,
842,730,27,2008,,,7156,,,mixed,plot,16,density,
843,731,27,2008,,,7156,,,mixed,plot,11,density,
844,732,27,2008,,,7156,,,mixed,plot,17,density,
845,733,27,2008,,,7156,,,mixed,plot,17,density,
846,734,27,2008,,,7156,,,mixed,plot,15,density,
847,735,27,2008,,,7156,,,mixed,plot,10,density,
848,736,27,2008,,,7156,,,mixed,plot,4,density,
849,737,27,2008,,,7156,,,mixed,plot,11,density,
850,738,19,2008,,,7156,,,mixed,plot,32,density,
851,739,19,2008,,,7156,,,mixed,plot,35,density,
852,740,19,2008,,,7156,,,mixed,plot,32,density,
853,741,19,2008,,,7156,,,mixed,plot,45,density,
854,742,19,2008,,,7156,,,mixed,plot,22,density,
855,743,19,2008,,,7156,,,mixed,plot,34,density,
856,744,19,2008,,,7156,,,mixed,plot,16,density,
857,745,19,2008,,,7156,,,mixed,plot,33,density,
858,738,27,2008,,,7156,,,mixed,plot,22,density,
859,739,27,2008,,,7156,,,mixed,plot,27,density,
860,740,27,2008,,,7156,,,mixed,plot,22,density,
861,741,27,2008,,,7156,,,mixed,plot,24,density,
862,742,27,2008,,,7156,,,mixed,plot,12,density,
863,743,27,2008,,,7156,,,mixed,plot,25,density,
864,744,27,2008,,,7156,,,mixed,plot,12,density,
865,745,27,2008,,,7156,,,mixed,plot,18,density,
866,746,19,2008,,,7156,,,mixed,plot,18,density,
867,747,19,2008,,,7156,,,mixed,plot,17,density,
868,748,19,2008,,,7156,,,mixed,plot,20,density,
869,749,19,2008,,,7156,,,mixed,plot,15,density,
870,750,19,2008,,,7156,,,mixed,plot,11,density,
871,751,19,2008,,,7156,,,mixed,plot,30,density,
872,752,19,2008,,,7156,,,mixed,plot,9,density,
873,753,19,2008,,,7156,,,mixed,plot,18,density,
874,746,27,2008,,,7156,,,mixed,plot,12,density,
875,747,27,2008,,,7156,,,mixed,plot,14,density,
876,748,27,2008,,,7156,,,mixed,plot,11,density,
877,749,27,2008,,,7156,,,mixed,plot,11,density,
878,750,27,2008,,,7156,,,mixed,plot,7,density,
879,751,27,2008,,,7156,,,mixed,plot,13,density,
880,752,27,2008,,,7156,,,mixed,plot,8,density,
881,753,27,2008,,,7156,,,mixed,plot,17,density,
882,754,19,2008,,,7156,,,mixed,plot,18,density,
883,755,19,2008,,,7156,,,mixed,plot,33,density,
884,756,19,2008,,,7156,,,mixed,plot,9,density,
885,757,19,2008,,,7156,,,mixed,plot,15,density,
886,758,19,2008,,,7156,,,mixed,plot,14,density,
887,759,19,2008,,,7156,,,mixed,plot,17,density,
888,760,19,2008,,,7156,,,mixed,plot,13,density,
889,761,19,2008,,,7156,,,mixed,plot,19,density,
890,754,27,2008,,,7156,,,mixed,plot,8,density,
891,755,27,2008,,,7156,,,mixed,plot,27,density,
892,756,27,2008,,,7156,,,mixed,plot,6,density,
893,757,27,2008,,,7156,,,mixed,plot,9,density,
894,758,27,2008,,,7156,,,mixed,plot,14,density,
895,759,27,2008,,,7156,,,mixed,plot,11,density,
896,760,27,2008,,,7156,,,mixed,plot,11,density,
897,761,27,2008,,,7156,,,mixed,plot,15,density,
898,762,19,2008,,,7156,,,mixed,plot,30,density,
899,763,19,2008,,,7156,,,mixed,plot,24,density,
900,764,19,2008,,,7156,,,mixed,plot,27,density,
901,765,19,2008,,,7156,,,mixed,plot,30,density,
902,766,19,2008,,,7156,,,mixed,plot,34,density,
903,767,19,2008,,,7156,,,mixed,plot,30,density,
904,768,19,2008,,,7156,,,mixed,plot,35,density,
905,769,19,2008,,,7156,,,mixed,plot,23,density,
906,762,27,2008,,,7156,,,mixed,plot,22,density,
907,763,27,2008,,,7156,,,mixed,plot,14,density,
908,764,27,2008,,,7156,,,mixed,plot,21,density,
909,765,27,2008,,,7156,,,mixed,plot,22,density,
910,766,27,2008,,,7156,,,mixed,plot,14,density,
911,767,27,2008,,,7156,,,mixed,plot,13,density,
912,768,27,2008,,,7156,,,mixed,plot,26,density,
913,769,27,2008,,,7156,,,mixed,plot,11,density,
914,770,19,2008,,,7156,,,mixed,plot,37,density,
915,771,19,2008,,,7156,,,mixed,plot,21,density,
916,772,19,2008,,,7156,,,mixed,plot,23,density,
917,773,19,2008,,,7156,,,mixed,plot,15,density,
918,774,19,2008,,,7156,,,mixed,plot,15,density,
919,775,19,2008,,,7156,,,mixed,plot,9,density,
920,776,19,2008,,,7156,,,mixed,plot,24,density,
921,777,19,2008,,,7156,,,mixed,plot,15,density,
922,770,27,2008,,,7156,,,mixed,plot,32,density,
923,771,27,2008,,,7156,,,mixed,plot,17,density,
924,772,27,2008,,,7156,,,mixed,plot,16,density,
925,773,27,2008,,,7156,,,mixed,plot,14,density,
926,774,27,2008,,,7156,,,mixed,plot,10,density,
927,775,27,2008,,,7156,,,mixed,plot,7,density,
928,776,27,2008,,,7156,,,mixed,plot,21,density,
929,777,27,2008,,,7156,,,mixed,plot,9,density,
930,778,19,2008,,,7156,,,mixed,plot,47,density,
931,779,19,2008,,,7156,,,mixed,plot,30,density,
932,780,19,2008,,,7156,,,mixed,plot,26,density,
933,781,19,2008,,,7156,,,mixed,plot,41,density,
934,782,19,2008,,,7156,,,mixed,plot,19,density,
935,783,19,2008,,,7156,,,mixed,plot,27,density,
936,784,19,2008,,,7156,,,mixed,plot,36,density,
937,785,19,2008,,,7156,,,mixed,plot,10,density,
938,778,27,2008,,,7156,,,mixed,plot,27,density,
939,779,27,2008,,,7156,,,mixed,plot,21,density,
940,780,27,2008,,,7156,,,mixed,plot,20,density,
941,781,27,2008,,,7156,,,mixed,plot,32,density,
942,782,27,2008,,,7156,,,mixed,plot,13,density,
943,783,27,2008,,,7156,,,mixed,plot,20,density,
944,784,27,2008,,,7156,,,mixed,plot,24,density,
945,785,27,2008,,,7156,,,mixed,plot,9,density,
946,786,21,2008,,,7156,,,mixed,plot,0,density,
947,787,21,2008,,,7156,,,mixed,plot,0,density,
948,788,21,2008,,,7156,,,mixed,plot,0,density,
949,789,21,2008,,,7156,,,mixed,plot,0,density,
950,790,21,2008,,,7156,,,mixed,plot,0,density,
951,791,21,2008,,,7156,,,mixed,plot,0,density,
952,792,21,2008,,,7156,,,mixed,plot,0,density,
953,793,21,2008,,,7156,,,mixed,plot,2,density,
954,786,29,2008,,,7156,,,mixed,plot,0,density,
955,787,29,2008,,,7156,,,mixed,plot,0,density,
956,788,29,2008,,,7156,,,mixed,plot,0,density,
957,789,29,2008,,,7156,,,mixed,plot,0,density,
958,790,29,2008,,,7156,,,mixed,plot,1,density,
959,791,29,2008,,,7156,,,mixed,plot,0,density,
960,792,29,2008,,,7156,,,mixed,plot,4,density,
961,793,29,2008,,,7156,,,mixed,plot,0,density,
962,794,21,2008,,,7156,,,mixed,plot,2,density,
963,795,21,2008,,,7156,,,mixed,plot,1,density,
964,796,21,2008,,,7156,,,mixed,plot,2,density,
965,797,21,2008,,,7156,,,mixed,plot,1,density,
966,798,21,2008,,,7156,,,mixed,plot,2,density,
967,799,21,2008,,,7156,,,mixed,plot,3,density,
968,800,21,2008,,,7156,,,mixed,plot,6,density,
969,801,21,2008,,,7156,,,mixed,plot,8,density,
970,794,29,2008,,,7156,,,mixed,plot,6,density,
971,795,29,2008,,,7156,,,mixed,plot,1,density,
972,796,29,2008,,,7156,,,mixed,plot,1,density,
973,797,29,2008,,,7156,,,mixed,plot,1,density,
974,798,29,2008,,,7156,,,mixed,plot,1,density,
975,799,29,2008,,,7156,,,mixed,plot,3,density,
976,800,29,2008,,,7156,,,mixed,plot,3,density,
977,801,29,2008,,,7156,,,mixed,plot,8,density,
978,802,17,2008,,,7156,,,mixed,plot,16,density,
979,803,17,2008,,,7156,,,mixed,plot,38,density,
980,804,17,2008,,,7156,,,mixed,plot,2,density,
981,805,17,2008,,,7156,,,mixed,plot,8,density,
982,806,17,2008,,,7156,,,mixed,plot,18,density,
983,807,17,2008,,,7156,,,mixed,plot,3,density,
984,808,17,2008,,,7156,,,mixed,plot,3,density,
985,809,17,2008,,,7156,,,mixed,plot,3,density,
986,802,25,2008,,,7156,,,mixed,plot,4,density,
987,803,25,2008,,,7156,,,mixed,plot,4,density,
988,804,25,2008,,,7156,,,mixed,plot,2,density,
989,805,25,2008,,,7156,,,mixed,plot,1,density,
990,806,25,2008,,,7156,,,mixed,plot,8,density,
991,807,25,2008,,,7156,,,mixed,plot,2,density,
992,808,25,2008,,,7156,,,mixed,plot,2,density,
993,809,25,2008,,,7156,,,mixed,plot,0,density,
994,810,21,2008,,,7156,,,mixed,plot,106,density,
995,811,21,2008,,,7156,,,mixed,plot,20,density,
996,812,21,2008,,,7156,,,mixed,plot,19,density,
997,813,21,2008,,,7156,,,mixed,plot,16,density,
998,814,21,2008,,,7156,,,mixed,plot,23,density,
999,815,21,2008,,,7156,,,mixed,plot,26,density,
1000,816,21,2008,,,7156,,,mixed,plot,26,density,
1001,817,21,2008,,,7156,,,mixed,plot,10,density,
1002,810,29,2008,,,7156,,,mixed,plot,9,density,
1003,811,29,2008,,,7156,,,mixed,plot,10,density,
1004,812,29,2008,,,7156,,,mixed,plot,14,density,
1005,813,29,2008,,,7156,,,mixed,plot,14,density,
1006,814,29,2008,,,7156,,,mixed,plot,14,density,
1007,815,29,2008,,,7156,,,mixed,plot,23,density,
1008,816,29,2008,,,7156,,,mixed,plot,16,density,
1009,817,29,2008,,,7156,,,mixed,plot,8,density,
1010,818,21,2008,,,7156,,,mixed,plot,10,density,
1011,819,21,2008,,,7156,,,mixed,plot,9,density,
1012,820,21,2008,,,7156,,,mixed,plot,11,density,
1013,821,21,2008,,,7156,,,mixed,plot,32,density,
1014,822,21,2008,,,7156,,,mixed,plot,40,density,
1015,823,21,2008,,,7156,,,mixed,plot,31,density,
1016,824,21,2008,,,7156,,,mixed,plot,27,density,
1017,825,21,2008,,,7156,,,mixed,plot,47,density,
1018,818,29,2008,,,7156,,,mixed,plot,5,density,
1019,819,29,2008,,,7156,,,mixed,plot,7,density,
1020,820,29,2008,,,7156,,,mixed,plot,6,density,
1021,821,29,2008,,,7156,,,mixed,plot,21,density,
1022,822,29,2008,,,7156,,,mixed,plot,17,density,
1023,823,29,2008,,,7156,,,mixed,plot,9,density,
1024,824,29,2008,,,7156,,,mixed,plot,18,density,
1025,825,29,2008,,,7156,,,mixed,plot,21,density,
1026,826,21,2008,,,7156,,,mixed,plot,2,density,
1027,827,21,2008,,,7156,,,mixed,plot,3,density,
1028,828,21,2008,,,7156,,,mixed,plot,2,density,
1029,829,21,2008,,,7156,,,mixed,plot,0,density,
1030,830,21,2008,,,7156,,,mixed,plot,4,density,
1031,831,21,2008,,,7156,,,mixed,plot,2,density,
1032,832,21,2008,,,7156,,,mixed,plot,4,density,
1033,833,21,2008,,,7156,,,mixed,plot,6,density,
1034,826,29,2008,,,7156,,,mixed,plot,0,density,
1035,827,29,2008,,,7156,,,mixed,plot,0,density,
1036,828,29,2008,,,7156,,,mixed,plot,0,density,
1037,829,29,2008,,,7156,,,mixed,plot,1,density,
1038,830,29,2008,,,7156,,,mixed,plot,0,density,
1039,831,29,2008,,,7156,,,mixed,plot,1,density,
1040,832,29,2008,,,7156,,,mixed,plot,4,density,
1041,833,29,2008,,,7156,,,mixed,plot,3,density,
1042,834,21,2008,,,7156,,,mixed,plot,0,density,
1043,835,21,2008,,,7156,,,mixed,plot,3,density,
1044,836,21,2008,,,7156,,,mixed,plot,3,density,
1045,837,21,2008,,,7156,,,mixed,plot,2,density,
1046,838,21,2008,,,7156,,,mixed,plot,3,density,
1047,839,21,2008,,,7156,,,mixed,plot,7,density,
1048,840,21,2008,,,7156,,,mixed,plot,9,density,
1049,841,21,2008,,,7156,,,mixed,plot,5,density,
1050,834,29,2008,,,7156,,,mixed,plot,0,density,
1051,835,29,2008,,,7156,,,mixed,plot,2,density,
1052,836,29,2008,,,7156,,,mixed,plot,2,density,
1053,837,29,2008,,,7156,,,mixed,plot,3,density,
1054,838,29,2008,,,7156,,,mixed,plot,2,density,
1055,839,29,2008,,,7156,,,mixed,plot,6,density,
1056,840,29,2008,,,7156,,,mixed,plot,5,density,
1057,841,29,2008,,,7156,,,mixed,plot,2,density,
1058,842,21,2008,,,7156,,,mixed,plot,17,density,
1059,843,21,2008,,,7156,,,mixed,plot,22,density,
1060,844,21,2008,,,7156,,,mixed,plot,15,density,
1061,845,21,2008,,,7156,,,mixed,plot,14,density,
1062,846,21,2008,,,7156,,,mixed,plot,29,density,
1063,847,21,2008,,,7156,,,mixed,plot,30,density,
1064,848,21,2008,,,7156,,,mixed,plot,22,density,
1065,849,21,2008,,,7156,,,mixed,plot,20,density,
1066,842,29,2008,,,7156,,,mixed,plot,14,density,
1067,843,29,2008,,,7156,,,mixed,plot,13,density,
1068,844,29,2008,,,7156,,,mixed,plot,8,density,
1069,845,29,2008,,,7156,,,mixed,plot,9,density,
1070,846,29,2008,,,7156,,,mixed,plot,24,density,
1071,847,29,2008,,,7156,,,mixed,plot,19,density,
1072,848,29,2008,,,7156,,,mixed,plot,14,density,
1073,849,29,2008,,,7156,,,mixed,plot,16,density,
1074,850,21,2008,,,7156,,,mixed,plot,4,density,
1075,851,21,2008,,,7156,,,mixed,plot,4,density,
1076,852,21,2008,,,7156,,,mixed,plot,2,density,
1077,853,21,2008,,,7156,,,mixed,plot,1,density,
1078,854,21,2008,,,7156,,,mixed,plot,10,density,
1079,855,21,2008,,,7156,,,mixed,plot,3,density,
1080,856,21,2008,,,7156,,,mixed,plot,1,density,
1081,857,21,2008,,,7156,,,mixed,plot,5,density,
1082,850,29,2008,,,7156,,,mixed,plot,0,density,
1083,851,29,2008,,,7156,,,mixed,plot,6,density,
1084,852,29,2008,,,7156,,,mixed,plot,2,density,
1085,853,29,2008,,,7156,,,mixed,plot,1,density,
1086,854,29,2008,,,7156,,,mixed,plot,6,density,
1087,855,29,2008,,,7156,,,mixed,plot,1,density,
1088,856,29,2008,,,7156,,,mixed,plot,3,density,
1089,857,29,2008,,,7156,,,mixed,plot,3,density,
1090,858,21,2008,,,7156,,,mixed,plot,14,density,
1091,859,21,2008,,,7156,,,mixed,plot,20,density,
1092,860,21,2008,,,7156,,,mixed,plot,22,density,
1093,861,21,2008,,,7156,,,mixed,plot,25,density,
1094,862,21,2008,,,7156,,,mixed,plot,30,density,
1095,863,21,2008,,,7156,,,mixed,plot,21,density,
1096,864,21,2008,,,7156,,,mixed,plot,22,density,
1097,865,21,2008,,,7156,,,mixed,plot,25,density,
1098,858,29,2008,,,7156,,,mixed,plot,6,density,
1099,859,29,2008,,,7156,,,mixed,plot,12,density,
1100,860,29,2008,,,7156,,,mixed,plot,16,density,
1101,861,29,2008,,,7156,,,mixed,plot,15,density,
1102,862,29,2008,,,7156,,,mixed,plot,16,density,
1103,863,29,2008,,,7156,,,mixed,plot,12,density,
1104,864,29,2008,,,7156,,,mixed,plot,0,density,
1105,865,29,2008,,,7156,,,mixed,plot,19,density,
1106,866,17,2008,,,7156,,,mixed,plot,27,density,
1107,867,17,2008,,,7156,,,mixed,plot,6,density,
1108,868,17,2008,,,7156,,,mixed,plot,15,density,
1109,869,17,2008,,,7156,,,mixed,plot,4,density,
1110,870,17,2008,,,7156,,,mixed,plot,4,density,
1111,871,17,2008,,,7156,,,mixed,plot,9,density,
1112,872,17,2008,,,7156,,,mixed,plot,2,density,
1113,873,17,2008,,,7156,,,mixed,plot,17,density,
1114,866,25,2008,,,7156,,,mixed,plot,12,density,
1115,867,25,2008,,,7156,,,mixed,plot,2,density,
1116,868,25,2008,,,7156,,,mixed,plot,2,density,
1117,869,25,2008,,,7156,,,mixed,plot,2,density,
1118,870,25,2008,,,7156,,,mixed,plot,3,density,
1119,871,25,2008,,,7156,,,mixed,plot,9,density,
1120,872,25,2008,,,7156,,,mixed,plot,1,density,
1121,873,25,2008,,,7156,,,mixed,plot,8,density,
1122,874,17,2008,,,7156,,,mixed,plot,44,density,
1123,875,17,2008,,,7156,,,mixed,plot,42,density,
1124,876,17,2008,,,7156,,,mixed,plot,29,density,
1125,877,17,2008,,,7156,,,mixed,plot,15,density,
1126,878,17,2008,,,7156,,,mixed,plot,37,density,
1127,879,17,2008,,,7156,,,mixed,plot,38,density,
1128,880,17,2008,,,7156,,,mixed,plot,32,density,
1129,881,17,2008,,,7156,,,mixed,plot,25,density,
1130,874,25,2008,,,7156,,,mixed,plot,19,density,
1131,875,25,2008,,,7156,,,mixed,plot,21,density,
1132,876,25,2008,,,7156,,,mixed,plot,6,density,
1133,877,25,2008,,,7156,,,mixed,plot,8,density,
1134,878,25,2008,,,7156,,,mixed,plot,20,density,
1135,879,25,2008,,,7156,,,mixed,plot,18,density,
1136,880,25,2008,,,7156,,,mixed,plot,14,density,
1137,881,25,2008,,,7156,,,mixed,plot,4,density,
1138,882,17,2008,,,7156,,,mixed,plot,34,density,
1139,883,17,2008,,,7156,,,mixed,plot,28,density,
1140,884,17,2008,,,7156,,,mixed,plot,23,density,
1141,885,17,2008,,,7156,,,mixed,plot,28,density,
1142,886,17,2008,,,7156,,,mixed,plot,33,density,
1143,887,17,2008,,,7156,,,mixed,plot,24,density,
1144,888,17,2008,,,7156,,,mixed,plot,29,density,
1145,889,17,2008,,,7156,,,mixed,plot,17,density,
1146,882,25,2008,,,7156,,,mixed,plot,24,density,
1147,883,25,2008,,,7156,,,mixed,plot,4,density,
1148,884,25,2008,,,7156,,,mixed,plot,11,density,
1149,885,25,2008,,,7156,,,mixed,plot,3,density,
1150,886,25,2008,,,7156,,,mixed,plot,13,density,
1151,887,25,2008,,,7156,,,mixed,plot,9,density,
1152,888,25,2008,,,7156,,,mixed,plot,26,density,
1153,889,25,2008,,,7156,,,mixed,plot,11,density,
1154,890,17,2008,,,7156,,,mixed,plot,8,density,
1155,891,17,2008,,,7156,,,mixed,plot,3,density,
1156,892,17,2008,,,7156,,,mixed,plot,2,density,
1157,893,17,2008,,,7156,,,mixed,plot,2,density,
1158,894,17,2008,,,7156,,,mixed,plot,3,density,
1159,895,17,2008,,,7156,,,mixed,plot,6,density,
1160,896,17,2008,,,7156,,,mixed,plot,1,density,
1161,897,17,2008,,,7156,,,mixed,plot,8,density,
1162,890,25,2008,,,7156,,,mixed,plot,5,density,
1163,891,25,2008,,,7156,,,mixed,plot,4,density,
1164,892,25,2008,,,7156,,,mixed,plot,1,density,
1165,893,25,2008,,,7156,,,mixed,plot,1,density,
1166,894,25,2008,,,7156,,,mixed,plot,5,density,
1167,895,25,2008,,,7156,,,mixed,plot,6,density,
1168,896,25,2008,,,7156,,,mixed,plot,7,density,
1169,897,25,2008,,,7156,,,mixed,plot,11,density,
1170,898,17,2008,,,7156,,,mixed,plot,47,density,
1171,899,17,2008,,,7156,,,mixed,plot,22,density,
1172,900,17,2008,,,7156,,,mixed,plot,24,density,
1173,901,17,2008,,,7156,,,mixed,plot,32,density,
1174,902,17,2008,,,7156,,,mixed,plot,15,density,
1175,903,17,2008,,,7156,,,mixed,plot,32,density,
1176,904,17,2008,,,7156,,,mixed,plot,25,density,
1177,905,17,2008,,,7156,,,mixed,plot,18,density,
1178,898,25,2008,,,7156,,,mixed,plot,22,density,
1179,899,25,2008,,,7156,,,mixed,plot,8,density,
1180,900,25,2008,,,7156,,,mixed,plot,6,density,
1181,901,25,2008,,,7156,,,mixed,plot,11,density,
1182,902,25,2008,,,7156,,,mixed,plot,7,density,
1183,903,25,2008,,,7156,,,mixed,plot,14,density,
1184,904,25,2008,,,7156,,,mixed,plot,11,density,
1185,905,25,2008,,,7156,,,mixed,plot,2,density,
1186,906,17,2008,,,7156,,,mixed,plot,7,density,
1187,907,17,2008,,,7156,,,mixed,plot,5,density,
1188,908,17,2008,,,7156,,,mixed,plot,1,density,
1189,909,17,2008,,,7156,,,mixed,plot,20,density,
1190,910,17,2008,,,7156,,,mixed,plot,3,density,
1191,911,17,2008,,,7156,,,mixed,plot,5,density,
1192,912,17,2008,,,7156,,,mixed,plot,8,density,
1193,913,17,2008,,,7156,,,mixed,plot,4,density,
1194,906,25,2008,,,7156,,,mixed,plot,2,density,
1195,907,25,2008,,,7156,,,mixed,plot,4,density,
1196,908,25,2008,,,7156,,,mixed,plot,2,density,
1197,909,25,2008,,,7156,,,mixed,plot,5,density,
1198,910,25,2008,,,7156,,,mixed,plot,4,density,
1199,911,25,2008,,,7156,,,mixed,plot,7,density,
1200,912,25,2008,,,7156,,,mixed,plot,12,density,
1201,913,25,2008,,,7156,,,mixed,plot,9,density,
1202,914,12,2008,,,5317,,,native,species,264,density,
1203,915,12,2008,,,5317,,,native,species,335,density,
1204,916,12,2008,,,5317,,,native,species,243,density,
1205,917,12,2008,,,5573,,,native,species,129,density,
1206,918,12,2008,,,5573,,,native,species,92,density,
1207,919,12,2008,,,5573,,,native,species,92,density,
1208,920,12,2008,,,5583,,,native,species,65,density,
1209,921,12,2008,,,5583,,,native,species,69,density,
1210,922,12,2008,,,5583,,,native,species,54,density,
1211,914,24,2008,,,5317,,,native,species,169,density,
1212,915,24,2008,,,5317,,,native,species,262,density,
1213,916,24,2008,,,5317,,,native,species,123,density,
1214,917,24,2008,,,5573,,,native,species,98,density,
1215,918,24,2008,,,5573,,,native,species,56,density,
1216,919,24,2008,,,5573,,,native,species,45,density,
1217,920,24,2008,,,5583,,,native,species,40,density,
1218,921,24,2008,,,5583,,,native,species,52,density,
1219,922,24,2008,,,5583,,,native,species,36,density,
1220,914,76,2009,,,5317,,,native,species,142,density,
1221,915,76,2009,,,5317,,,native,species,197,density,
1222,916,76,2009,,,5317,,,native,species,74,density,
1223,917,76,2009,,,5573,,,native,species,65,density,
1224,918,76,2009,,,5573,,,native,species,45,density,
1225,919,76,2009,,,5573,,,native,species,34,density,
1226,920,76,2009,,,5583,,,native,species,32,density,
1227,921,76,2009,,,5583,,,native,species,39,density,
1228,922,76,2009,,,5583,,,native,species,23,density,
1229,923,12,2009,,,5317,,,native,species,32,density,
1230,924,12,2009,,,5317,,,native,species,70,density,
1231,925,12,2009,,,5317,,,native,species,99,density,
1232,926,12,2009,,,5573,,,native,species,59,density,
1233,927,12,2009,,,5573,,,native,species,126,density,
1234,928,12,2009,,,5573,,,native,species,111,density,
1235,929,12,2009,,,5583,,,native,species,23,density,
1236,930,12,2009,,,5583,,,native,species,16,density,
1237,931,12,2009,,,5583,,,native,species,20,density,
1238,923,24,2009,,,5317,,,native,species,31,density,
1239,924,24,2009,,,5317,,,native,species,45,density,
1240,925,24,2009,,,5317,,,native,species,33,density,
1241,926,24,2009,,,5573,,,native,species,55,density,
1242,927,24,2009,,,5573,,,native,species,110,density,
1243,928,24,2009,,,5573,,,native,species,94,density,
1244,929,24,2009,,,5583,,,native,species,20,density,
1245,930,24,2009,,,5583,,,native,species,15,density,
1246,931,24,2009,,,5583,,,native,species,20,density,
1247,923,76,2010,,,5317,,,native,species,20,density,
1248,924,76,2010,,,5317,,,native,species,21,density,
1249,925,76,2010,,,5317,,,native,species,12,density,
1250,926,76,2010,,,5573,,,native,species,19,density,
1251,927,76,2010,,,5573,,,native,species,24,density,
1252,928,76,2010,,,5573,,,native,species,13,density,
1253,929,76,2010,,,5583,,,native,species,8,density,
1254,930,76,2010,,,5583,,,native,species,4,density,
1255,931,76,2010,,,5583,,,native,species,4,density,
1256,932,12,2010,,,5317,,,native,species,240,density,
1257,933,12,2010,,,5317,,,native,species,209,density,
1258,934,12,2010,,,5317,,,native,species,84,density,
1259,935,12,2010,,,5573,,,native,species,27,density,
1260,936,12,2010,,,5573,,,native,species,13,density,
1261,937,12,2010,,,5573,,,native,species,10,density,
1262,938,12,2010,,,5583,,,native,species,120,density,
1263,939,12,2010,,,5583,,,native,species,21,density,
1264,940,12,2010,,,5583,,,native,species,80,density,
1265,932,24,2010,,,5317,,,native,species,137,density,
1266,933,24,2010,,,5317,,,native,species,161,density,
1267,934,24,2010,,,5317,,,native,species,48,density,
1268,935,24,2010,,,5573,,,native,species,7,density,
1269,936,24,2010,,,5573,,,native,species,1,density,
1270,937,24,2010,,,5573,,,native,species,2,density,
1271,938,24,2010,,,5583,,,native,species,30,density,
1272,939,24,2010,,,5583,,,native,species,9,density,
1273,940,24,2010,,,5583,,,native,species,27,density,
1274,932,76,2011,,,5317,,,native,species,130,density,
1275,933,76,2011,,,5317,,,native,species,151,density,
1276,934,76,2011,,,5317,,,native,species,46,density,
1277,935,76,2011,,,5573,,,native,species,5,density,
1278,936,76,2011,,,5573,,,native,species,0,density,
1279,937,76,2011,,,5573,,,native,species,1,density,
1280,938,76,2011,,,5583,,,native,species,26,density,
1281,939,76,2011,,,5583,,,native,species,7,density,
1282,940,76,2011,,,5583,,,native,species,25,density,
1283,941,884,2012,6,,465,,,native,species,0,density,
1284,941,884,2012,6,,484,,,native,species,0,density,
1285,941,884,2012,6,,1686,,,native,species,0,density,
1286,941,884,2012,6,,1687,,,native,species,0,density,
1287,941,884,2012,6,,712,,,native,species,0,density,
1288,941,884,2012,6,,1741,,,native,species,0,density,
1289,942,884,2012,6,,465,,,native,species,0,density,
1290,942,884,2012,6,,484,,,native,species,0,density,
1291,942,884,2012,6,,1686,,,native,species,0,density,
1292,942,884,2012,6,,1687,,,native,species,0,density,
1293,942,884,2012,6,,712,,,native,species,0,density,
1294,942,884,2012,6,,1741,,,native,species,0,density,
1295,943,884,2012,6,,465,,,native,species,0,density,
1296,943,884,2012,6,,484,,,native,species,0.99999993262,density,
1297,943,884,2012,6,,1686,,,native,species,0,density,
1298,943,884,2012,6,,1687,,,native,species,0,density,
1299,943,884,2012,6,,712,,,native,species,0,density,
1300,943,884,2012,6,,1741,,,native,species,0,density,
1301,944,468,2012,6,,465,,,native,species,0,density,
1302,944,468,2012,6,,484,,,native,species,5.00000008354,density,
1303,944,468,2012,6,,1686,,,native,species,0,density,
1304,944,468,2012,6,,1687,,,native,species,0,density,
1305,944,468,2012,6,,712,,,native,species,0.99999993262,density,
1306,944,468,2012,6,,1741,,,native,species,9.00000002424,density,
1307,945,468,2012,6,,465,,,native,species,0,density,
1308,945,468,2012,6,,484,,,native,species,34.0000000215,density,
1309,945,468,2012,6,,1686,,,native,species,0,density,
1310,945,468,2012,6,,1687,,,native,species,0,density,
1311,945,468,2012,6,,712,,,native,species,0.99999993262,density,
1312,945,468,2012,6,,1741,,,native,species,24.00000006464,density,
1313,946,468,2012,6,,465,,,native,species,0,density,
1314,946,468,2012,6,,484,,,native,species,3.9999999407,density,
1315,946,468,2012,6,,1686,,,native,species,0,density,
1316,946,468,2012,6,,1687,,,native,species,0,density,
1317,946,468,2012,6,,712,,,native,species,0,density,
1318,946,468,2012,6,,1741,,,native,species,5.00000008354,density,
1319,947,624,2012,6,,465,,,native,species,0,density,
1320,947,624,2012,6,,484,,,native,species,0,density,
1321,947,624,2012,6,,1686,,,native,species,0,density,
1322,947,624,2012,6,,1687,,,native,species,0,density,
1323,947,624,2012,6,,712,,,native,species,0,density,
1324,947,624,2012,6,,1741,,,native,species,0,density,
1325,948,624,2012,6,,465,,,native,species,0,density,
1326,948,624,2012,6,,484,,,native,species,0,density,
1327,948,624,2012,6,,1686,,,native,species,3.00000000808,density,
1328,948,624,2012,6,,1687,,,native,species,0,density,
1329,948,624,2012,6,,712,,,native,species,0,density,
1330,948,624,2012,6,,1741,,,native,species,0,density,
1331,949,624,2012,6,,465,,,native,species,0,density,
1332,949,624,2012,6,,484,,,native,species,0,density,
1333,949,624,2012,6,,1686,,,native,species,3.00000000808,density,
1334,949,624,2012,6,,1687,,,native,species,0,density,
1335,949,624,2012,6,,712,,,native,species,0,density,
1336,949,624,2012,6,,1741,,,native,species,0,density,
1337,950,624,2012,6,,465,,,native,species,0,density,
1338,950,624,2012,6,,484,,,native,species,0.99999993262,density,
1339,950,624,2012,6,,1686,,,native,species,0.99999993262,density,
1340,950,624,2012,6,,1687,,,native,species,0,density,
1341,950,624,2012,6,,712,,,native,species,0,density,
1342,950,624,2012,6,,1741,,,native,species,2.00000007546,density,
1343,951,624,2012,6,,465,,,native,species,0,density,
1344,951,624,2012,6,,484,,,native,species,0,density,
1345,951,624,2012,6,,1686,,,native,species,0.99999993262,density,
1346,951,624,2012,6,,1687,,,native,species,0,density,
1347,951,624,2012,6,,712,,,native,species,0,density,
1348,951,624,2012,6,,1741,,,native,species,3.9999999407,density,
1349,952,624,2012,6,,465,,,native,species,0,density,
1350,952,624,2012,6,,484,,,native,species,3.00000000808,density,
1351,952,624,2012,6,,1686,,,native,species,0.99999993262,density,
1352,952,624,2012,6,,1687,,,native,species,0,density,
1353,952,624,2012,6,,712,,,native,species,0,density,
1354,952,624,2012,6,,1741,,,native,species,0.99999993262,density,
1355,953,624,2012,6,,465,,,native,species,0.99999993262,density,
1356,953,624,2012,6,,484,,,native,species,0,density,
1357,953,624,2012,6,,1686,,,native,species,9.00000002424,density,
1358,953,624,2012,6,,1687,,,native,species,18.00000004848,density,
1359,953,624,2012,6,,712,,,native,species,2.00000007546,density,
1360,953,624,2012,6,,1741,,,native,species,3.00000000808,density,
1361,954,624,2012,6,,465,,,native,species,0,density,
1362,954,624,2012,6,,484,,,native,species,0,density,
1363,954,624,2012,6,,1686,,,native,species,0,density,
1364,954,624,2012,6,,1687,,,native,species,0,density,
1365,954,624,2012,6,,712,,,native,species,0,density,
1366,954,624,2012,6,,1741,,,native,species,3.00000000808,density,
1367,955,624,2012,6,,465,,,native,species,0,density,
1368,955,624,2012,6,,484,,,native,species,0,density,
1369,955,624,2012,6,,1686,,,native,species,0,density,
1370,955,624,2012,6,,1687,,,native,species,0,density,
1371,955,624,2012,6,,712,,,native,species,16.999999905640003,density,
1372,955,624,2012,6,,1741,,,native,species,0.99999993262,density,
1373,956,624,2012,6,,465,,,native,species,0,density,
1374,956,624,2012,6,,484,,,native,species,0,density,
1375,956,624,2012,6,,1686,,,native,species,0,density,
1376,956,624,2012,6,,1687,,,native,species,0,density,
1377,956,624,2012,6,,712,,,native,species,0,density,
1378,956,624,2012,6,,1741,,,native,species,0,density,
1379,957,624,2012,6,,465,,,native,species,0,density,
1380,957,624,2012,6,,484,,,native,species,0,density,
1381,957,624,2012,6,,1686,,,native,species,0,density,
1382,957,624,2012,6,,1687,,,native,species,0,density,
1383,957,624,2012,6,,712,,,native,species,0,density,
1384,957,624,2012,6,,1741,,,native,species,0,density,
1385,958,624,2012,6,,465,,,native,species,0,density,
1386,958,624,2012,6,,484,,,native,species,0,density,
1387,958,624,2012,6,,1686,,,native,species,0,density,
1388,958,624,2012,6,,1687,,,native,species,0,density,
1389,958,624,2012,6,,712,,,native,species,0,density,
1390,958,624,2012,6,,1741,,,native,species,0,density,
1391,959,624,2012,6,,465,,,native,species,0,density,
1392,959,624,2012,6,,484,,,native,species,39.00000010504,density,
1393,959,624,2012,6,,1686,,,native,species,0,density,
1394,959,624,2012,6,,1687,,,native,species,0,density,
1395,959,624,2012,6,,712,,,native,species,0,density,
1396,959,624,2012,6,,1741,,,native,species,2.00000007546,density,
1397,960,624,2012,6,,465,,,native,species,0.99999993262,density,
1398,960,624,2012,6,,484,,,native,species,0,density,
1399,960,624,2012,6,,1686,,,native,species,0,density,
1400,960,624,2012,6,,1687,,,native,species,0,density,
1401,960,624,2012,6,,712,,,native,species,0,density,
1402,960,624,2012,6,,1741,,,native,species,2.00000007546,density,
1403,961,624,2012,6,,465,,,native,species,0,density,
1404,961,624,2012,6,,484,,,native,species,0,density,
1405,961,624,2012,6,,1686,,,native,species,0.99999993262,density,
1406,961,624,2012,6,,1687,,,native,species,0,density,
1407,961,624,2012,6,,712,,,native,species,0,density,
1408,961,624,2012,6,,1741,,,native,species,3.00000000808,density,
1409,962,624,2012,6,,465,,,native,species,0,density,
1410,962,624,2012,6,,484,,,native,species,0,density,
1411,962,624,2012,6,,1686,,,native,species,0,density,
1412,962,624,2012,6,,1687,,,native,species,0,density,
1413,962,624,2012,6,,712,,,native,species,0,density,
1414,962,624,2012,6,,1741,,,native,species,0,density,
1415,963,624,2012,6,,465,,,native,species,0,density,
1416,963,624,2012,6,,484,,,native,species,0,density,
1417,963,624,2012,6,,1686,,,native,species,0,density,
1418,963,624,2012,6,,1687,,,native,species,0,density,
1419,963,624,2012,6,,712,,,native,species,0,density,
1420,963,624,2012,6,,1741,,,native,species,0.99999993262,density,
1421,964,624,2012,6,,465,,,native,species,0,density,
1422,964,624,2012,6,,484,,,native,species,0,density,
1423,964,624,2012,6,,1686,,,native,species,0,density,
1424,964,624,2012,6,,1687,,,native,species,0,density,
1425,964,624,2012,6,,712,,,native,species,0,density,
1426,964,624,2012,6,,1741,,,native,species,0,density,
1427,965,624,2012,6,,465,,,native,species,0,density,
1428,965,624,2012,6,,484,,,native,species,0,density,
1429,965,624,2012,6,,1686,,,native,species,0.99999993262,density,
1430,965,624,2012,6,,1687,,,native,species,0,density,
1431,965,624,2012,6,,712,,,native,species,0,density,
1432,965,624,2012,6,,1741,,,native,species,0,density,
1433,966,624,2012,6,,465,,,native,species,5.00000008354,density,
1434,966,624,2012,6,,484,,,native,species,3.00000000808,density,
1435,966,624,2012,6,,1686,,,native,species,0,density,
1436,966,624,2012,6,,1687,,,native,species,0,density,
1437,966,624,2012,6,,712,,,native,species,0.99999993262,density,
1438,966,624,2012,6,,1741,,,native,species,25.999999929879998,density,
1439,967,624,2012,6,,465,,,native,species,0,density,
1440,967,624,2012,6,,484,,,native,species,0,density,
1441,967,624,2012,6,,1686,,,native,species,0,density,
1442,967,624,2012,6,,1687,,,native,species,0,density,
1443,967,624,2012,6,,712,,,native,species,0,density,
1444,967,624,2012,6,,1741,,,native,species,0.99999993262,density,
1445,968,624,2012,6,,465,,,native,species,0,density,
1446,968,624,2012,6,,484,,,native,species,0,density,
1447,968,624,2012,6,,1686,,,native,species,0,density,
1448,968,624,2012,6,,1687,,,native,species,0,density,
1449,968,624,2012,6,,712,,,native,species,0,density,
1450,968,624,2012,6,,1741,,,native,species,0,density,
1451,969,624,2012,6,,465,,,native,species,0,density,
1452,969,624,2012,6,,484,,,native,species,0,density,
1453,969,624,2012,6,,1686,,,native,species,0,density,
1454,969,624,2012,6,,1687,,,native,species,0,density,
1455,969,624,2012,6,,712,,,native,species,0,density,
1456,969,624,2012,6,,1741,,,native,species,3.9999999407,density,
1457,970,572,2012,6,,465,,,native,species,2.00000007546,density,
1458,970,572,2012,6,,484,,,native,species,77.99999999986001,density,
1459,970,572,2012,6,,1686,,,native,species,0,density,
1460,970,572,2012,6,,1687,,,native,species,0,density,
1461,970,572,2012,6,,712,,,native,species,0,density,
1462,970,572,2012,6,,1741,,,native,species,0,density,
1463,971,572,2012,6,,465,,,native,species,0.99999993262,density,
1464,971,572,2012,6,,484,,,native,species,212.99999994302001,density,
1465,971,572,2012,6,,1686,,,native,species,0,density,
1466,971,572,2012,6,,1687,,,native,species,0,density,
1467,971,572,2012,6,,712,,,native,species,0,density,
1468,971,572,2012,6,,1741,,,native,species,0,density,
1469,972,572,2012,6,,465,,,native,species,0,density,
1470,972,572,2012,6,,484,,,native,species,34.99999995412,density,
1471,972,572,2012,6,,1686,,,native,species,0,density,
1472,972,572,2012,6,,1687,,,native,species,0,density,
1473,972,572,2012,6,,712,,,native,species,0,density,
1474,972,572,2012,6,,1741,,,native,species,0,density,
1475,973,468,2012,6,,465,,,native,species,0,density,
1476,973,468,2012,6,,484,,,native,species,0.99999993262,density,
1477,973,468,2012,6,,1686,,,native,species,0,density,
1478,973,468,2012,6,,1687,,,native,species,0,density,
1479,973,468,2012,6,,712,,,native,species,0,density,
1480,973,468,2012,6,,1741,,,native,species,2.00000007546,density,
1481,974,468,2012,6,,465,,,native,species,0.99999993262,density,
1482,974,468,2012,6,,484,,,native,species,34.99999995412,density,
1483,974,468,2012,6,,1686,,,native,species,0,density,
1484,974,468,2012,6,,1687,,,native,species,0,density,
1485,974,468,2012,6,,712,,,native,species,0,density,
1486,974,468,2012,6,,1741,,,native,species,16.999999905640003,density,
1487,975,572,2012,6,,465,,,native,species,0,density,
1488,975,572,2012,6,,484,,,native,species,0,density,
1489,975,572,2012,6,,1686,,,native,species,0,density,
1490,975,572,2012,6,,1687,,,native,species,0,density,
1491,975,572,2012,6,,712,,,native,species,0,density,
1492,975,572,2012,6,,1741,,,native,species,0,density,
1493,976,572,2012,6,,465,,,native,species,0,density,
1494,976,572,2012,6,,484,,,native,species,0,density,
1495,976,572,2012,6,,1686,,,native,species,0,density,
1496,976,572,2012,6,,1687,,,native,species,0,density,
1497,976,572,2012,6,,712,,,native,species,0,density,
1498,976,572,2012,6,,1741,,,native,species,0,density,
1499,977,572,2012,6,,465,,,native,species,0,density,
1500,977,572,2012,6,,484,,,native,species,0,density,
1501,977,572,2012,6,,1686,,,native,species,0,density,
1502,977,572,2012,6,,1687,,,native,species,0,density,
1503,977,572,2012,6,,712,,,native,species,0,density,
1504,977,572,2012,6,,1741,,,native,species,0,density,
1505,978,572,2012,6,,465,,,native,species,0,density,
1506,978,572,2012,6,,484,,,native,species,0,density,
1507,978,572,2012,6,,1686,,,native,species,0,density,
1508,978,572,2012,6,,1687,,,native,species,0,density,
1509,978,572,2012,6,,712,,,native,species,0,density,
1510,978,572,2012,6,,1741,,,native,species,0,density,
1511,979,572,2012,6,,465,,,native,species,0,density,
1512,979,572,2012,6,,484,,,native,species,0,density,
1513,979,572,2012,6,,1686,,,native,species,0,density,
1514,979,572,2012,6,,1687,,,native,species,0,density,
1515,979,572,2012,6,,712,,,native,species,0,density,
1516,979,572,2012,6,,1741,,,native,species,0,density,
1517,980,572,2012,6,,465,,,native,species,0,density,
1518,980,572,2012,6,,484,,,native,species,0,density,
1519,980,572,2012,6,,1686,,,native,species,0,density,
1520,980,572,2012,6,,1687,,,native,species,0,density,
1521,980,572,2012,6,,712,,,native,species,0,density,
1522,980,572,2012,6,,1741,,,native,species,0,density,
1523,981,572,2012,6,,465,,,native,species,0,density,
1524,981,572,2012,6,,484,,,native,species,13.99999989756,density,
1525,981,572,2012,6,,1686,,,native,species,0,density,
1526,981,572,2012,6,,1687,,,native,species,0,density,
1527,981,572,2012,6,,712,,,native,species,0,density,
1528,981,572,2012,6,,1741,,,native,species,3.9999999407,density,
1529,982,572,2012,6,,465,,,native,species,0,density,
1530,982,572,2012,6,,484,,,native,species,0,density,
1531,982,572,2012,6,,1686,,,native,species,0,density,
1532,982,572,2012,6,,1687,,,native,species,0,density,
1533,982,572,2012,6,,712,,,native,species,0,density,
1534,982,572,2012,6,,1741,,,native,species,21.000000056559998,density,
1535,983,572,2012,6,,465,,,native,species,0,density,
1536,983,572,2012,6,,484,,,native,species,0,density,
1537,983,572,2012,6,,1686,,,native,species,0,density,
1538,983,572,2012,6,,1687,,,native,species,0,density,
1539,983,572,2012,6,,712,,,native,species,0,density,
1540,983,572,2012,6,,1741,,,native,species,0,density,
1541,984,572,2012,6,,465,,,native,species,0.99999993262,density,
1542,984,572,2012,6,,484,,,native,species,0.99999993262,density,
1543,984,572,2012,6,,1686,,,native,species,0,density,
1544,984,572,2012,6,,1687,,,native,species,0,density,
1545,984,572,2012,6,,712,,,native,species,0,density,
1546,984,572,2012,6,,1741,,,native,species,34.0000000215,density,
1547,985,572,2012,6,,465,,,native,species,11.000000099700001,density,
1548,985,572,2012,6,,484,,,native,species,0,density,
1549,985,572,2012,6,,1686,,,native,species,0,density,
1550,985,572,2012,6,,1687,,,native,species,0,density,
1551,985,572,2012,6,,712,,,native,species,0,density,
1552,985,572,2012,6,,1741,,,native,species,75.9999999244,density,
1553,986,572,2012,6,,465,,,native,species,0,density,
1554,986,572,2012,6,,484,,,native,species,0,density,
1555,986,572,2012,6,,1686,,,native,species,0,density,
1556,986,572,2012,6,,1687,,,native,species,0,density,
1557,986,572,2012,6,,712,,,native,species,0,density,
1558,986,572,2012,6,,1741,,,native,species,0,density,
1559,987,572,2012,6,,465,,,native,species,0,density,
1560,987,572,2012,6,,484,,,native,species,0,density,
1561,987,572,2012,6,,1686,,,native,species,0,density,
1562,987,572,2012,6,,1687,,,native,species,0,density,
1563,987,572,2012,6,,712,,,native,species,0,density,
1564,987,572,2012,6,,1741,,,native,species,0,density,
1565,988,520,2012,6,,465,,,native,species,5.00000008354,density,
1566,988,520,2012,6,,484,,,native,species,16.999999905640003,density,
1567,988,520,2012,6,,1686,,,native,species,0,density,
1568,988,520,2012,6,,1687,,,native,species,0,density,
1569,988,520,2012,6,,712,,,native,species,0,density,
1570,988,520,2012,6,,1741,,,native,species,0,density,
1571,989,520,2012,6,,465,,,native,species,0,density,
1572,989,520,2012,6,,484,,,native,species,24.00000006464,density,
1573,989,520,2012,6,,1686,,,native,species,0,density,
1574,989,520,2012,6,,1687,,,native,species,0,density,
1575,989,520,2012,6,,712,,,native,species,0,density,
1576,989,520,2012,6,,1741,,,native,species,0,density,
1577,990,520,2012,6,,465,,,native,species,0,density,
1578,990,520,2012,6,,484,,,native,species,0,density,
1579,990,520,2012,6,,1686,,,native,species,0,density,
1580,990,520,2012,6,,1687,,,native,species,0,density,
1581,990,520,2012,6,,712,,,native,species,0,density,
1582,990,520,2012,6,,1741,,,native,species,0,density,
1583,991,832,2012,6,,465,,,native,species,0,density,
1584,991,832,2012,6,,484,,,native,species,0,density,
1585,991,832,2012,6,,1686,,,native,species,0,density,
1586,991,832,2012,6,,1687,,,native,species,0,density,
1587,991,832,2012,6,,712,,,native,species,0,density,
1588,991,832,2012,6,,1741,,,native,species,0,density,
1589,992,832,2012,6,,465,,,native,species,0,density,
1590,992,832,2012,6,,484,,,native,species,0,density,
1591,992,832,2012,6,,1686,,,native,species,0,density,
1592,992,832,2012,6,,1687,,,native,species,0,density,
1593,992,832,2012,6,,712,,,native,species,0,density,
1594,992,832,2012,6,,1741,,,native,species,0,density,
1595,993,832,2012,6,,465,,,native,species,0,density,
1596,993,832,2012,6,,484,,,native,species,0,density,
1597,993,832,2012,6,,1686,,,native,species,0,density,
1598,993,832,2012,6,,1687,,,native,species,0,density,
1599,993,832,2012,6,,712,,,native,species,0,density,
1600,993,832,2012,6,,1741,,,native,species,0,density,
1601,994,520,2012,6,,465,,,native,species,0,density,
1602,994,520,2012,6,,484,,,native,species,0,density,
1603,994,520,2012,6,,1686,,,native,species,0,density,
1604,994,520,2012,6,,1687,,,native,species,0,density,
1605,994,520,2012,6,,712,,,native,species,0,density,
1606,994,520,2012,6,,1741,,,native,species,0,density,
1607,995,520,2012,6,,465,,,native,species,0,density,
1608,995,520,2012,6,,484,,,native,species,0,density,
1609,995,520,2012,6,,1686,,,native,species,0,density,
1610,995,520,2012,6,,1687,,,native,species,0,density,
1611,995,520,2012,6,,712,,,native,species,0,density,
1612,995,520,2012,6,,1741,,,native,species,0,density,
1613,996,520,2012,6,,465,,,native,species,0,density,
1614,996,520,2012,6,,484,,,native,species,0,density,
1615,996,520,2012,6,,1686,,,native,species,0,density,
1616,996,520,2012,6,,1687,,,native,species,0,density,
1617,996,520,2012,6,,712,,,native,species,0,density,
1618,996,520,2012,6,,1741,,,native,species,0,density,
1619,997,520,2012,6,,465,,,native,species,0,density,
1620,997,520,2012,6,,484,,,native,species,0,density,
1621,997,520,2012,6,,1686,,,native,species,0,density,
1622,997,520,2012,6,,1687,,,native,species,0,density,
1623,997,520,2012,6,,712,,,native,species,0,density,
1624,997,520,2012,6,,1741,,,native,species,0,density,
1625,998,520,2012,6,,465,,,native,species,0,density,
1626,998,520,2012,6,,484,,,native,species,0,density,
1627,998,520,2012,6,,1686,,,native,species,0,density,
1628,998,520,2012,6,,1687,,,native,species,0,density,
1629,998,520,2012,6,,712,,,native,species,0,density,
1630,998,520,2012,6,,1741,,,native,species,0,density,
1631,999,468,2012,6,,465,,,native,species,3.9999999407,density,
1632,999,468,2012,6,,484,,,native,species,24.00000006464,density,
1633,999,468,2012,6,,1686,,,native,species,0,density,
1634,999,468,2012,6,,1687,,,native,species,0,density,
1635,999,468,2012,6,,712,,,native,species,8.000000091619999,density,
1636,999,468,2012,6,,1741,,,native,species,3.9999999407,density,
1637,1000,468,2012,6,,465,,,native,species,0,density,
1638,1000,468,2012,6,,484,,,native,species,0,density,
1639,1000,468,2012,6,,1686,,,native,species,0,density,
1640,1000,468,2012,6,,1687,,,native,species,0,density,
1641,1000,468,2012,6,,712,,,native,species,0,density,
1642,1000,468,2012,6,,1741,,,native,species,5.00000008354,density,
1643,1001,468,2012,6,,465,,,native,species,0,density,
1644,1001,468,2012,6,,484,,,native,species,0,density,
1645,1001,468,2012,6,,1686,,,native,species,0,density,
1646,1001,468,2012,6,,1687,,,native,species,0,density,
1647,1001,468,2012,6,,712,,,native,species,0,density,
1648,1001,468,2012,6,,1741,,,native,species,0,density,
1649,1002,520,2012,6,,465,,,native,species,0,density,
1650,1002,520,2012,6,,484,,,native,species,0,density,
1651,1002,520,2012,6,,1686,,,native,species,0,density,
1652,1002,520,2012,6,,1687,,,native,species,0,density,
1653,1002,520,2012,6,,712,,,native,species,0,density,
1654,1002,520,2012,6,,1741,,,native,species,0,density,
1655,1003,520,2012,6,,465,,,native,species,0,density,
1656,1003,520,2012,6,,484,,,native,species,0,density,
1657,1003,520,2012,6,,1686,,,native,species,0,density,
1658,1003,520,2012,6,,1687,,,native,species,0,density,
1659,1003,520,2012,6,,712,,,native,species,0,density,
1660,1003,520,2012,6,,1741,,,native,species,0,density,
1661,1004,520,2012,6,,465,,,native,species,0,density,
1662,1004,520,2012,6,,484,,,native,species,0,density,
1663,1004,520,2012,6,,1686,,,native,species,0,density,
1664,1004,520,2012,6,,1687,,,native,species,0,density,
1665,1004,520,2012,6,,712,,,native,species,0,density,
1666,1004,520,2012,6,,1741,,,native,species,0,density,
1667,1005,520,2012,6,,465,,,native,species,0,density,
1668,1005,520,2012,6,,484,,,native,species,0,density,
1669,1005,520,2012,6,,1686,,,native,species,0,density,
1670,1005,520,2012,6,,1687,,,native,species,0,density,
1671,1005,520,2012,6,,712,,,native,species,0,density,
1672,1005,520,2012,6,,1741,,,native,species,0,density,
1673,1006,520,2012,6,,465,,,native,species,0,density,
1674,1006,520,2012,6,,484,,,native,species,0,density,
1675,1006,520,2012,6,,1686,,,native,species,0,density,
1676,1006,520,2012,6,,1687,,,native,species,0,density,
1677,1006,520,2012,6,,712,,,native,species,0,density,
1678,1006,520,2012,6,,1741,,,native,species,0,density,
1679,1007,520,2012,6,,465,,,native,species,0,density,
1680,1007,520,2012,6,,484,,,native,species,0,density,
1681,1007,520,2012,6,,1686,,,native,species,0,density,
1682,1007,520,2012,6,,1687,,,native,species,0,density,
1683,1007,520,2012,6,,712,,,native,species,0,density,
1684,1007,520,2012,6,,1741,,,native,species,0,density,
1685,1008,520,2012,6,,465,,,native,species,12.999999964939999,density,
1686,1008,520,2012,6,,484,,,native,species,21.99999998918,density,
1687,1008,520,2012,6,,1686,,,native,species,6.00000001616,density,
1688,1008,520,2012,6,,1687,,,native,species,0,density,
1689,1008,520,2012,6,,712,,,native,species,134.00000001054,density,
1690,1008,520,2012,6,,1741,,,native,species,34.99999995412,density,
1691,1009,520,2012,6,,465,,,native,species,62.00000002684,density,
1692,1009,520,2012,6,,484,,,native,species,28.00000000534,density,
1693,1009,520,2012,6,,1686,,,native,species,8.000000091619999,density,
1694,1009,520,2012,6,,1687,,,native,species,0,density,
1695,1009,520,2012,6,,712,,,native,species,49.000000061899996,density,
1696,1009,520,2012,6,,1741,,,native,species,3.9999999407,density,
1697,1010,520,2012,6,,465,,,native,species,0,density,
1698,1010,520,2012,6,,484,,,native,species,0,density,
1699,1010,520,2012,6,,1686,,,native,species,0,density,
1700,1010,520,2012,6,,1687,,,native,species,0,density,
1701,1010,520,2012,6,,712,,,native,species,0,density,
1702,1010,520,2012,6,,1741,,,native,species,0,density,
1703,1011,260,2012,6,,465,,,native,species,0,density,
1704,1011,260,2012,6,,484,,,native,species,0,density,
1705,1011,260,2012,6,,1686,,,native,species,0,density,
1706,1011,260,2012,6,,1687,,,native,species,0,density,
1707,1011,260,2012,6,,712,,,native,species,0,density,
1708,1011,260,2012,6,,1741,,,native,species,0,density,
1709,1012,260,2012,6,,465,,,native,species,0,density,
1710,1012,260,2012,6,,484,,,native,species,0,density,
1711,1012,260,2012,6,,1686,,,native,species,0,density,
1712,1012,260,2012,6,,1687,,,native,species,0,density,
1713,1012,260,2012,6,,712,,,native,species,0,density,
1714,1012,260,2012,6,,1741,,,native,species,0,density,
1715,1013,260,2012,6,,465,,,native,species,21.000000056559998,density,
1716,1013,260,2012,6,,484,,,native,species,0,density,
1717,1013,260,2012,6,,1686,,,native,species,0.99999993262,density,
1718,1013,260,2012,6,,1687,,,native,species,0,density,
1719,1013,260,2012,6,,712,,,native,species,0,density,
1720,1013,260,2012,6,,1741,,,native,species,0,density,
1721,1014,208,2012,6,,465,,,native,species,28.00000000534,density,
1722,1014,208,2012,6,,484,,,native,species,81.99999994056,density,
1723,1014,208,2012,6,,1686,,,native,species,3.9999999407,density,
1724,1014,208,2012,6,,1687,,,native,species,0,density,
1725,1014,208,2012,6,,712,,,native,species,0,density,
1726,1014,208,2012,6,,1741,,,native,species,0.99999993262,density,
1727,1015,208,2012,6,,465,,,native,species,62.00000002684,density,
1728,1015,208,2012,6,,484,,,native,species,52.00000006998,density,
1729,1015,208,2012,6,,1686,,,native,species,0,density,
1730,1015,208,2012,6,,1687,,,native,species,0,density,
1731,1015,208,2012,6,,712,,,native,species,0,density,
1732,1015,208,2012,6,,1741,,,native,species,0,density,
1733,1016,208,2012,6,,465,,,native,species,3.00000000808,density,
1734,1016,208,2012,6,,484,,,native,species,71.9999999837,density,
1735,1016,208,2012,6,,1686,,,native,species,0,density,
1736,1016,208,2012,6,,1687,,,native,species,0,density,
1737,1016,208,2012,6,,712,,,native,species,0,density,
1738,1016,208,2012,6,,1741,,,native,species,0.99999993262,density,
1739,1017,780,2012,6,,465,,,native,species,36.00000009696,density,
1740,1017,780,2012,6,,484,,,native,species,0,density,
1741,1017,780,2012,6,,1686,,,native,species,0,density,
1742,1017,780,2012,6,,1687,,,native,species,0,density,
1743,1017,780,2012,6,,712,,,native,species,0,density,
1744,1017,780,2012,6,,1741,,,native,species,0,density,
1745,1018,780,2012,6,,465,,,native,species,68.99999997562,density,
1746,1018,780,2012,6,,484,,,native,species,0,density,
1747,1018,780,2012,6,,1686,,,native,species,0,density,
1748,1018,780,2012,6,,1687,,,native,species,0,density,
1749,1018,780,2012,6,,712,,,native,species,0,density,
1750,1018,780,2012,6,,1741,,,native,species,0,density,
1751,1019,780,2012,6,,465,,,native,species,0,density,
1752,1019,780,2012,6,,484,,,native,species,0,density,
1753,1019,780,2012,6,,1686,,,native,species,0,density,
1754,1019,780,2012,6,,1687,,,native,species,0,density,
1755,1019,780,2012,6,,712,,,native,species,0,density,
1756,1019,780,2012,6,,1741,,,native,species,0,density,
1757,1020,728,2012,6,,465,,,native,species,0,density,
1758,1020,728,2012,6,,484,,,native,species,0,density,
1759,1020,728,2012,6,,1686,,,native,species,0,density,
1760,1020,728,2012,6,,1687,,,native,species,0,density,
1761,1020,728,2012,6,,712,,,native,species,0,density,
1762,1020,728,2012,6,,1741,,,native,species,0,density,
1763,1021,728,2012,6,,465,,,native,species,3.00000000808,density,
1764,1021,728,2012,6,,484,,,native,species,5.00000008354,density,
1765,1021,728,2012,6,,1686,,,native,species,0,density,
1766,1021,728,2012,6,,1687,,,native,species,0,density,
1767,1021,728,2012,6,,712,,,native,species,0,density,
1768,1021,728,2012,6,,1741,,,native,species,0,density,
1769,1022,728,2012,6,,465,,,native,species,0,density,
1770,1022,728,2012,6,,484,,,native,species,71.9999999837,density,
1771,1022,728,2012,6,,1686,,,native,species,0,density,
1772,1022,728,2012,6,,1687,,,native,species,0,density,
1773,1022,728,2012,6,,712,,,native,species,0,density,
1774,1022,728,2012,6,,1741,,,native,species,0,density,
1775,1023,728,2012,6,,465,,,native,species,37.00000002958,density,
1776,1023,728,2012,6,,484,,,native,species,72.99999991632001,density,
1777,1023,728,2012,6,,1686,,,native,species,0,density,
1778,1023,728,2012,6,,1687,,,native,species,0,density,
1779,1023,728,2012,6,,712,,,native,species,0,density,
1780,1023,728,2012,6,,1741,,,native,species,2.00000007546,density,
1781,1024,728,2012,6,,465,,,native,species,18.00000004848,density,
1782,1024,728,2012,6,,484,,,native,species,49.000000061899996,density,
1783,1024,728,2012,6,,1686,,,native,species,0,density,
1784,1024,728,2012,6,,1687,,,native,species,0,density,
1785,1024,728,2012,6,,712,,,native,species,0.99999993262,density,
1786,1024,728,2012,6,,1741,,,native,species,0,density,
1787,1025,728,2012,6,,465,,,native,species,0,density,
1788,1025,728,2012,6,,484,,,native,species,6.00000001616,density,
1789,1025,728,2012,6,,1686,,,native,species,0,density,
1790,1025,728,2012,6,,1687,,,native,species,0,density,
1791,1025,728,2012,6,,712,,,native,species,0,density,
1792,1025,728,2012,6,,1741,,,native,species,0,density,
1793,1026,676,2012,6,,465,,,native,species,0,density,
1794,1026,676,2012,6,,484,,,native,species,0,density,
1795,1026,676,2012,6,,1686,,,native,species,0,density,
1796,1026,676,2012,6,,1687,,,native,species,0,density,
1797,1026,676,2012,6,,712,,,native,species,0,density,
1798,1026,676,2012,6,,1741,,,native,species,0,density,
1799,1027,676,2012,6,,465,,,native,species,0,density,
1800,1027,676,2012,6,,484,,,native,species,0,density,
1801,1027,676,2012,6,,1686,,,native,species,0,density,
1802,1027,676,2012,6,,1687,,,native,species,0,density,
1803,1027,676,2012,6,,712,,,native,species,0,density,
1804,1027,676,2012,6,,1741,,,native,species,0,density,
1805,1028,676,2012,6,,465,,,native,species,0,density,
1806,1028,676,2012,6,,484,,,native,species,0,density,
1807,1028,676,2012,6,,1686,,,native,species,0,density,
1808,1028,676,2012,6,,1687,,,native,species,0,density,
1809,1028,676,2012,6,,712,,,native,species,0,density,
1810,1028,676,2012,6,,1741,,,native,species,3.9999999407,density,
1811,1029,624,2012,6,,465,,,native,species,0,density,
1812,1029,624,2012,6,,484,,,native,species,0,density,
1813,1029,624,2012,6,,1686,,,native,species,0,density,
1814,1029,624,2012,6,,1687,,,native,species,0,density,
1815,1029,624,2012,6,,712,,,native,species,0,density,
1816,1029,624,2012,6,,1741,,,native,species,0,density,
1817,1030,624,2012,6,,465,,,native,species,0,density,
1818,1030,624,2012,6,,484,,,native,species,0,density,
1819,1030,624,2012,6,,1686,,,native,species,0,density,
1820,1030,624,2012,6,,1687,,,native,species,0,density,
1821,1030,624,2012,6,,712,,,native,species,0,density,
1822,1030,624,2012,6,,1741,,,native,species,0,density,
1823,1031,624,2012,6,,465,,,native,species,0,density,
1824,1031,624,2012,6,,484,,,native,species,0,density,
1825,1031,624,2012,6,,1686,,,native,species,0,density,
1826,1031,624,2012,6,,1687,,,native,species,0,density,
1827,1031,624,2012,6,,712,,,native,species,0,density,
1828,1031,624,2012,6,,1741,,,native,species,0,density,
1829,1032,468,2012,6,,465,,,native,species,0,density,
1830,1032,468,2012,6,,484,,,native,species,0,density,
1831,1032,468,2012,6,,1686,,,native,species,0,density,
1832,1032,468,2012,6,,1687,,,native,species,0,density,
1833,1032,468,2012,6,,712,,,native,species,0,density,
1834,1032,468,2012,6,,1741,,,native,species,3.00000000808,density,
1835,1033,468,2012,6,,465,,,native,species,0,density,
1836,1033,468,2012,6,,484,,,native,species,0,density,
1837,1033,468,2012,6,,1686,,,native,species,0,density,
1838,1033,468,2012,6,,1687,,,native,species,0,density,
1839,1033,468,2012,6,,712,,,native,species,0,density,
1840,1033,468,2012,6,,1741,,,native,species,24.999999997259998,density,
1841,1034,468,2012,6,,465,,,native,species,0.99999993262,density,
1842,1034,468,2012,6,,484,,,native,species,0,density,
1843,1034,468,2012,6,,1686,,,native,species,0,density,
1844,1034,468,2012,6,,1687,,,native,species,0,density,
1845,1034,468,2012,6,,712,,,native,species,0,density,
1846,1034,468,2012,6,,1741,,,native,species,3.9999999407,density,
1847,1035,624,2012,6,,465,,,native,species,0,density,
1848,1035,624,2012,6,,484,,,native,species,0,density,
1849,1035,624,2012,6,,1686,,,native,species,15.0000000404,density,
1850,1035,624,2012,6,,1687,,,native,species,0,density,
1851,1035,624,2012,6,,712,,,native,species,0,density,
1852,1035,624,2012,6,,1741,,,native,species,0,density,
1853,1036,624,2012,6,,465,,,native,species,0,density,
1854,1036,624,2012,6,,484,,,native,species,0,density,
1855,1036,624,2012,6,,1686,,,native,species,0,density,
1856,1036,624,2012,6,,1687,,,native,species,0,density,
1857,1036,624,2012,6,,712,,,native,species,0,density,
1858,1036,624,2012,6,,1741,,,native,species,0,density,
1859,1037,624,2012,6,,465,,,native,species,2.00000007546,density,
1860,1037,624,2012,6,,484,,,native,species,0,density,
1861,1037,624,2012,6,,1686,,,native,species,0.99999993262,density,
1862,1037,624,2012,6,,1687,,,native,species,0,density,
1863,1037,624,2012,6,,712,,,native,species,0,density,
1864,1037,624,2012,6,,1741,,,native,species,0,density,
1865,1038,52,2012,6,,465,,,native,species,0,density,
1866,1038,52,2012,6,,484,,,native,species,0,density,
1867,1038,52,2012,6,,1686,,,native,species,0.99999993262,density,
1868,1038,52,2012,6,,1687,,,native,species,0,density,
1869,1038,52,2012,6,,712,,,native,species,0,density,
1870,1038,52,2012,6,,1741,,,native,species,0,density,
1871,1039,52,2012,6,,465,,,native,species,0,density,
1872,1039,52,2012,6,,484,,,native,species,0,density,
1873,1039,52,2012,6,,1686,,,native,species,0,density,
1874,1039,52,2012,6,,1687,,,native,species,0,density,
1875,1039,52,2012,6,,712,,,native,species,0,density,
1876,1039,52,2012,6,,1741,,,native,species,0,density,
1877,1040,52,2012,6,,465,,,native,species,5.00000008354,density,
1878,1040,52,2012,6,,484,,,native,species,0,density,
1879,1040,52,2012,6,,1686,,,native,species,8.000000091619999,density,
1880,1040,52,2012,6,,1687,,,native,species,0,density,
1881,1040,52,2012,6,,712,,,native,species,0,density,
1882,1040,52,2012,6,,1741,,,native,species,0,density,
1883,1041,624,2012,6,,465,,,native,species,0,density,
1884,1041,624,2012,6,,484,,,native,species,0,density,
1885,1041,624,2012,6,,1686,,,native,species,0,density,
1886,1041,624,2012,6,,1687,,,native,species,0,density,
1887,1041,624,2012,6,,712,,,native,species,0,density,
1888,1041,624,2012,6,,1741,,,native,species,0,density,
1889,1042,624,2012,6,,465,,,native,species,0,density,
1890,1042,624,2012,6,,484,,,native,species,0,density,
1891,1042,624,2012,6,,1686,,,native,species,0,density,
1892,1042,624,2012,6,,1687,,,native,species,0,density,
1893,1042,624,2012,6,,712,,,native,species,0,density,
1894,1042,624,2012,6,,1741,,,native,species,0,density,
1895,1043,624,2012,6,,465,,,native,species,0,density,
1896,1043,624,2012,6,,484,,,native,species,0,density,
1897,1043,624,2012,6,,1686,,,native,species,0,density,
1898,1043,624,2012,6,,1687,,,native,species,0,density,
1899,1043,624,2012,6,,712,,,native,species,0,density,
1900,1043,624,2012,6,,1741,,,native,species,0,density,
1901,1044,624,2012,6,,465,,,native,species,0,density,
1902,1044,624,2012,6,,484,,,native,species,0,density,
1903,1044,624,2012,6,,1686,,,native,species,0,density,
1904,1044,624,2012,6,,1687,,,native,species,0,density,
1905,1044,624,2012,6,,712,,,native,species,0,density,
1906,1044,624,2012,6,,1741,,,native,species,0,density,
1907,1045,624,2012,6,,465,,,native,species,0,density,
1908,1045,624,2012,6,,484,,,native,species,0.99999993262,density,
1909,1045,624,2012,6,,1686,,,native,species,0,density,
1910,1045,624,2012,6,,1687,,,native,species,0,density,
1911,1045,624,2012,6,,712,,,native,species,0,density,
1912,1045,624,2012,6,,1741,,,native,species,0,density,
1913,1046,624,2012,6,,465,,,native,species,0,density,
1914,1046,624,2012,6,,484,,,native,species,0,density,
1915,1046,624,2012,6,,1686,,,native,species,0,density,
1916,1046,624,2012,6,,1687,,,native,species,0,density,
1917,1046,624,2012,6,,712,,,native,species,0,density,
1918,1046,624,2012,6,,1741,,,native,species,0,density,
1919,1047,416,2012,6,,465,,,native,species,0,density,
1920,1047,416,2012,6,,484,,,native,species,0,density,
1921,1047,416,2012,6,,1686,,,native,species,0,density,
1922,1047,416,2012,6,,1687,,,native,species,0,density,
1923,1047,416,2012,6,,712,,,native,species,0,density,
1924,1047,416,2012,6,,1741,,,native,species,0,density,
1925,1048,416,2012,6,,465,,,native,species,0,density,
1926,1048,416,2012,6,,484,,,native,species,0,density,
1927,1048,416,2012,6,,1686,,,native,species,0,density,
1928,1048,416,2012,6,,1687,,,native,species,0,density,
1929,1048,416,2012,6,,712,,,native,species,0,density,
1930,1048,416,2012,6,,1741,,,native,species,0,density,
1931,1049,416,2012,6,,465,,,native,species,9.00000002424,density,
1932,1049,416,2012,6,,484,,,native,species,0,density,
1933,1049,416,2012,6,,1686,,,native,species,0,density,
1934,1049,416,2012,6,,1687,,,native,species,0,density,
1935,1049,416,2012,6,,712,,,native,species,0,density,
1936,1049,416,2012,6,,1741,,,native,species,2.00000007546,density,
1937,1050,416,2012,6,,465,,,native,species,8.000000091619999,density,
1938,1050,416,2012,6,,484,,,native,species,0,density,
1939,1050,416,2012,6,,1686,,,native,species,0,density,
1940,1050,416,2012,6,,1687,,,native,species,0,density,
1941,1050,416,2012,6,,712,,,native,species,0,density,
1942,1050,416,2012,6,,1741,,,native,species,6.99999994878,density,
1943,1051,416,2012,6,,465,,,native,species,11.000000099700001,density,
1944,1051,416,2012,6,,484,,,native,species,0,density,
1945,1051,416,2012,6,,1686,,,native,species,0,density,
1946,1051,416,2012,6,,1687,,,native,species,0,density,
1947,1051,416,2012,6,,712,,,native,species,0,density,
1948,1051,416,2012,6,,1741,,,native,species,3.9999999407,density,
1949,1052,416,2012,6,,465,,,native,species,9.99999995686,density,
1950,1052,416,2012,6,,484,,,native,species,0,density,
1951,1052,416,2012,6,,1686,,,native,species,9.99999995686,density,
1952,1052,416,2012,6,,1687,,,native,species,0,density,
1953,1052,416,2012,6,,712,,,native,species,0,density,
1954,1052,416,2012,6,,1741,,,native,species,15.99999997302,density,
1955,1053,728,2012,6,,465,,,native,species,0,density,
1956,1053,728,2012,6,,484,,,native,species,6.00000001616,density,
1957,1053,728,2012,6,,1686,,,native,species,3.9999999407,density,
1958,1053,728,2012,6,,1687,,,native,species,0,density,
1959,1053,728,2012,6,,712,,,native,species,0,density,
1960,1053,728,2012,6,,1741,,,native,species,0,density,
1961,1054,416,2012,6,,465,,,native,species,3.00000000808,density,
1962,1054,416,2012,6,,484,,,native,species,11.000000099700001,density,
1963,1054,416,2012,6,,1686,,,native,species,3.00000000808,density,
1964,1054,416,2012,6,,1687,,,native,species,0,density,
1965,1054,416,2012,6,,712,,,native,species,0,density,
1966,1054,416,2012,6,,1741,,,native,species,6.99999994878,density,
1967,1055,416,2012,6,,465,,,native,species,0,density,
1968,1055,416,2012,6,,484,,,native,species,0,density,
1969,1055,416,2012,6,,1686,,,native,species,2.00000007546,density,
1970,1055,416,2012,6,,1687,,,native,species,0,density,
1971,1055,416,2012,6,,712,,,native,species,0,density,
1972,1055,416,2012,6,,1741,,,native,species,8.000000091619999,density,
1973,1056,416,2012,6,,465,,,native,species,0,density,
1974,1056,416,2012,6,,484,,,native,species,0,density,
1975,1056,416,2012,6,,1686,,,native,species,0,density,
1976,1056,416,2012,6,,1687,,,native,species,0,density,
1977,1056,416,2012,6,,712,,,native,species,0,density,
1978,1056,416,2012,6,,1741,,,native,species,0.99999993262,density,
1979,1057,416,2012,6,,465,,,native,species,0.99999993262,density,
1980,1057,416,2012,6,,484,,,native,species,0,density,
1981,1057,416,2012,6,,1686,,,native,species,0,density,
1982,1057,416,2012,6,,1687,,,native,species,0,density,
1983,1057,416,2012,6,,712,,,native,species,0,density,
1984,1057,416,2012,6,,1741,,,native,species,0,density,
1985,1058,416,2012,6,,465,,,native,species,0,density,
1986,1058,416,2012,6,,484,,,native,species,0,density,
1987,1058,416,2012,6,,1686,,,native,species,0,density,
1988,1058,416,2012,6,,1687,,,native,species,0,density,
1989,1058,416,2012,6,,712,,,native,species,0,density,
1990,1058,416,2012,6,,1741,,,native,species,0,density,
1991,1059,416,2012,6,,465,,,native,species,0,density,
1992,1059,416,2012,6,,484,,,native,species,0,density,
1993,1059,416,2012,6,,1686,,,native,species,0,density,
1994,1059,416,2012,6,,1687,,,native,species,0,density,
1995,1059,416,2012,6,,712,,,native,species,0,density,
1996,1059,416,2012,6,,1741,,,native,species,0.99999993262,density,
1997,1060,728,2012,6,,465,,,native,species,0,density,
1998,1060,728,2012,6,,484,,,native,species,0,density,
1999,1060,728,2012,6,,1686,,,native,species,0,density,
2000,1060,728,2012,6,,1687,,,native,species,0,density,
2001,1060,728,2012,6,,712,,,native,species,0,density,
2002,1060,728,2012,6,,1741,,,native,species,0,density,
2003,1061,728,2012,6,,465,,,native,species,0,density,
2004,1061,728,2012,6,,484,,,native,species,0,density,
2005,1061,728,2012,6,,1686,,,native,species,0,density,
2006,1061,728,2012,6,,1687,,,native,species,0,density,
2007,1061,728,2012,6,,712,,,native,species,0,density,
2008,1061,728,2012,6,,1741,,,native,species,0,density,
2009,1062,728,2012,6,,465,,,native,species,0,density,
2010,1062,728,2012,6,,484,,,native,species,0,density,
2011,1062,728,2012,6,,1686,,,native,species,0,density,
2012,1062,728,2012,6,,1687,,,native,species,0,density,
2013,1062,728,2012,6,,712,,,native,species,0,density,
2014,1062,728,2012,6,,1741,,,native,species,0,density,
2015,1063,468,2012,6,,465,,,native,species,119.99999990276001,density,
2016,1063,468,2012,6,,484,,,native,species,68.99999997562,density,
2017,1063,468,2012,6,,1686,,,native,species,0,density,
2018,1063,468,2012,6,,1687,,,native,species,0,density,
2019,1063,468,2012,6,,712,,,native,species,0,density,
2020,1063,468,2012,6,,1741,,,native,species,2.00000007546,density,
2021,1064,468,2012,6,,465,,,native,species,0,density,
2022,1064,468,2012,6,,484,,,native,species,0,density,
2023,1064,468,2012,6,,1686,,,native,species,0,density,
2024,1064,468,2012,6,,1687,,,native,species,0,density,
2025,1064,468,2012,6,,712,,,native,species,0,density,
2026,1064,468,2012,6,,1741,,,native,species,30.0000000808,density,
2027,1065,468,2012,6,,465,,,native,species,0,density,
2028,1065,468,2012,6,,484,,,native,species,0,density,
2029,1065,468,2012,6,,1686,,,native,species,0,density,
2030,1065,468,2012,6,,1687,,,native,species,0,density,
2031,1065,468,2012,6,,712,,,native,species,0,density,
2032,1065,468,2012,6,,1741,,,native,species,0,density,
2033,1066,624,2012,6,,465,,,native,species,0,density,
2034,1066,624,2012,6,,484,,,native,species,0,density,
2035,1066,624,2012,6,,1686,,,native,species,0.99999993262,density,
2036,1066,624,2012,6,,1687,,,native,species,0,density,
2037,1066,624,2012,6,,712,,,native,species,0,density,
2038,1066,624,2012,6,,1741,,,native,species,3.9999999407,density,
2039,1067,624,2012,6,,465,,,native,species,0,density,
2040,1067,624,2012,6,,484,,,native,species,0,density,
2041,1067,624,2012,6,,1686,,,native,species,0,density,
2042,1067,624,2012,6,,1687,,,native,species,0,density,
2043,1067,624,2012,6,,712,,,native,species,0,density,
2044,1067,624,2012,6,,1741,,,native,species,2.00000007546,density,
2045,1068,624,2012,6,,465,,,native,species,0,density,
2046,1068,624,2012,6,,484,,,native,species,0,density,
2047,1068,624,2012,6,,1686,,,native,species,0,density,
2048,1068,624,2012,6,,1687,,,native,species,0,density,
2049,1068,624,2012,6,,712,,,native,species,0,density,
2050,1068,624,2012,6,,1741,,,native,species,3.00000000808,density,
2051,1069,624,2012,6,,465,,,native,species,0,density,
2052,1069,624,2012,6,,484,,,native,species,2.00000007546,density,
2053,1069,624,2012,6,,1686,,,native,species,0,density,
2054,1069,624,2012,6,,1687,,,native,species,0,density,
2055,1069,624,2012,6,,712,,,native,species,0,density,
2056,1069,624,2012,6,,1741,,,native,species,3.00000000808,density,
2057,1070,624,2012,6,,465,,,native,species,0,density,
2058,1070,624,2012,6,,484,,,native,species,0,density,
2059,1070,624,2012,6,,1686,,,native,species,0,density,
2060,1070,624,2012,6,,1687,,,native,species,0,density,
2061,1070,624,2012,6,,712,,,native,species,0,density,
2062,1070,624,2012,6,,1741,,,native,species,0,density,
2063,1071,676,2012,6,,465,,,native,species,0,density,
2064,1071,676,2012,6,,484,,,native,species,0,density,
2065,1071,676,2012,6,,1686,,,native,species,0,density,
2066,1071,676,2012,6,,1687,,,native,species,0,density,
2067,1071,676,2012,6,,712,,,native,species,0,density,
2068,1071,676,2012,6,,1741,,,native,species,0,density,
2069,1072,676,2012,6,,465,,,native,species,0,density,
2070,1072,676,2012,6,,484,,,native,species,0,density,
2071,1072,676,2012,6,,1686,,,native,species,0,density,
2072,1072,676,2012,6,,1687,,,native,species,0,density,
2073,1072,676,2012,6,,712,,,native,species,0,density,
2074,1072,676,2012,6,,1741,,,native,species,0,density,
2075,1073,676,2012,6,,465,,,native,species,0,density,
2076,1073,676,2012,6,,484,,,native,species,0,density,
2077,1073,676,2012,6,,1686,,,native,species,0,density,
2078,1073,676,2012,6,,1687,,,native,species,0,density,
2079,1073,676,2012,6,,712,,,native,species,0,density,
2080,1073,676,2012,6,,1741,,,native,species,0,density,
2081,1074,416,2012,6,,465,,,native,species,0,density,
2082,1074,416,2012,6,,484,,,native,species,0,density,
2083,1074,416,2012,6,,1686,,,native,species,0,density,
2084,1074,416,2012,6,,1687,,,native,species,0,density,
2085,1074,416,2012,6,,712,,,native,species,0,density,
2086,1074,416,2012,6,,1741,,,native,species,0,density,
2087,1075,416,2012,6,,465,,,native,species,0,density,
2088,1075,416,2012,6,,484,,,native,species,0,density,
2089,1075,416,2012,6,,1686,,,native,species,0,density,
2090,1075,416,2012,6,,1687,,,native,species,0,density,
2091,1075,416,2012,6,,712,,,native,species,0,density,
2092,1075,416,2012,6,,1741,,,native,species,0,density,
2093,1076,416,2012,6,,465,,,native,species,0,density,
2094,1076,416,2012,6,,484,,,native,species,0,density,
2095,1076,416,2012,6,,1686,,,native,species,0,density,
2096,1076,416,2012,6,,1687,,,native,species,0,density,
2097,1076,416,2012,6,,712,,,native,species,0,density,
2098,1076,416,2012,6,,1741,,,native,species,0.99999993262,density,
2099,1077,676,2012,6,,465,,,native,species,0,density,
2100,1077,676,2012,6,,484,,,native,species,0,density,
2101,1077,676,2012,6,,1686,,,native,species,0,density,
2102,1077,676,2012,6,,1687,,,native,species,0,density,
2103,1077,676,2012,6,,712,,,native,species,0,density,
2104,1077,676,2012,6,,1741,,,native,species,3.00000000808,density,
2105,1078,676,2012,6,,465,,,native,species,0,density,
2106,1078,676,2012,6,,484,,,native,species,0,density,
2107,1078,676,2012,6,,1686,,,native,species,0,density,
2108,1078,676,2012,6,,1687,,,native,species,0,density,
2109,1078,676,2012,6,,712,,,native,species,0,density,
2110,1078,676,2012,6,,1741,,,native,species,5.00000008354,density,
2111,1079,676,2012,6,,465,,,native,species,0,density,
2112,1079,676,2012,6,,484,,,native,species,12.999999964939999,density,
2113,1079,676,2012,6,,1686,,,native,species,0,density,
2114,1079,676,2012,6,,1687,,,native,species,0,density,
2115,1079,676,2012,6,,712,,,native,species,0,density,
2116,1079,676,2012,6,,1741,,,native,species,16.999999905640003,density,
2117,1080,572,2012,6,,465,,,native,species,0,density,
2118,1080,572,2012,6,,484,,,native,species,0,density,
2119,1080,572,2012,6,,1686,,,native,species,0,density,
2120,1080,572,2012,6,,1687,,,native,species,0,density,
2121,1080,572,2012,6,,712,,,native,species,0,density,
2122,1080,572,2012,6,,1741,,,native,species,61.000000094220006,density,
2123,1081,572,2012,6,,465,,,native,species,0,density,
2124,1081,572,2012,6,,484,,,native,species,0,density,
2125,1081,572,2012,6,,1686,,,native,species,0,density,
2126,1081,572,2012,6,,1687,,,native,species,0,density,
2127,1081,572,2012,6,,712,,,native,species,0,density,
2128,1081,572,2012,6,,1741,,,native,species,11.000000099700001,density,
2129,1082,572,2012,6,,465,,,native,species,0,density,
2130,1082,572,2012,6,,484,,,native,species,0,density,
2131,1082,572,2012,6,,1686,,,native,species,0,density,
2132,1082,572,2012,6,,1687,,,native,species,0,density,
2133,1082,572,2012,6,,712,,,native,species,0,density,
2134,1082,572,2012,6,,1741,,,native,species,31.99999994604,density,
2135,1083,1196,2012,6,,465,,,native,species,0,density,
2136,1083,1196,2012,6,,484,,,native,species,11.000000099700001,density,
2137,1083,1196,2012,6,,1686,,,native,species,0,density,
2138,1083,1196,2012,6,,1687,,,native,species,0,density,
2139,1083,1196,2012,6,,712,,,native,species,0,density,
2140,1083,1196,2012,6,,1741,,,native,species,0.99999993262,density,
2141,1084,1196,2012,6,,465,,,native,species,0,density,
2142,1084,1196,2012,6,,484,,,native,species,0,density,
2143,1084,1196,2012,6,,1686,,,native,species,0,density,
2144,1084,1196,2012,6,,1687,,,native,species,0,density,
2145,1084,1196,2012,6,,712,,,native,species,0,density,
2146,1084,1196,2012,6,,1741,,,native,species,0,density,
2147,1085,936,2012,6,,465,,,native,species,0,density,
2148,1085,936,2012,6,,484,,,native,species,0,density,
2149,1085,936,2012,6,,1686,,,native,species,3.00000000808,density,
2150,1085,936,2012,6,,1687,,,native,species,0,density,
2151,1085,936,2012,6,,712,,,native,species,0,density,
2152,1085,936,2012,6,,1741,,,native,species,3.9999999407,density,
2153,1086,936,2012,6,,465,,,native,species,0,density,
2154,1086,936,2012,6,,484,,,native,species,0,density,
2155,1086,936,2012,6,,1686,,,native,species,0,density,
2156,1086,936,2012,6,,1687,,,native,species,0,density,
2157,1086,936,2012,6,,712,,,native,species,0,density,
2158,1086,936,2012,6,,1741,,,native,species,34.0000000215,density,
2159,1087,676,2012,6,,465,,,native,species,0,density,
2160,1087,676,2012,6,,484,,,native,species,19.99999991372,density,
2161,1087,676,2012,6,,1686,,,native,species,0,density,
2162,1087,676,2012,6,,1687,,,native,species,0,density,
2163,1087,676,2012,6,,712,,,native,species,0,density,
2164,1087,676,2012,6,,1741,,,native,species,0,density,
2165,1088,676,2012,6,,465,,,native,species,0,density,
2166,1088,676,2012,6,,484,,,native,species,11.000000099700001,density,
2167,1088,676,2012,6,,1686,,,native,species,2.00000007546,density,
2168,1088,676,2012,6,,1687,,,native,species,0,density,
2169,1088,676,2012,6,,712,,,native,species,0,density,
2170,1088,676,2012,6,,1741,,,native,species,30.0000000808,density,
2171,1089,364,2012,6,,465,,,native,species,0,density,
2172,1089,364,2012,6,,484,,,native,species,16.999999905640003,density,
2173,1089,364,2012,6,,1686,,,native,species,0,density,
2174,1089,364,2012,6,,1687,,,native,species,0,density,
2175,1089,364,2012,6,,712,,,native,species,0,density,
2176,1089,364,2012,6,,1741,,,native,species,0,density,
2177,1090,364,2012,6,,465,,,native,species,0,density,
2178,1090,364,2012,6,,484,,,native,species,0.99999993262,density,
2179,1090,364,2012,6,,1686,,,native,species,0,density,
2180,1090,364,2012,6,,1687,,,native,species,0,density,
2181,1090,364,2012,6,,712,,,native,species,0,density,
2182,1090,364,2012,6,,1741,,,native,species,0,density,
2183,1091,364,2012,6,,465,,,native,species,0.99999993262,density,
2184,1091,364,2012,6,,484,,,native,species,8.000000091619999,density,
2185,1091,364,2012,6,,1686,,,native,species,0,density,
2186,1091,364,2012,6,,1687,,,native,species,0,density,
2187,1091,364,2012,6,,712,,,native,species,0,density,
2188,1091,364,2012,6,,1741,,,native,species,3.9999999407,density,
2189,1092,780,2012,6,,465,,,native,species,0,density,
2190,1092,780,2012,6,,484,,,native,species,0,density,
2191,1092,780,2012,6,,1686,,,native,species,9.00000002424,density,
2192,1092,780,2012,6,,1687,,,native,species,0,density,
2193,1092,780,2012,6,,712,,,native,species,0,density,
2194,1092,780,2012,6,,1741,,,native,species,155.00000006710002,density,
2195,1093,780,2012,6,,465,,,native,species,0,density,
2196,1093,780,2012,6,,484,,,native,species,0,density,
2197,1093,780,2012,6,,1686,,,native,species,3.9999999407,density,
2198,1093,780,2012,6,,1687,,,native,species,0,density,
2199,1093,780,2012,6,,712,,,native,species,0,density,
2200,1093,780,2012,6,,1741,,,native,species,81.00000000794,density,
2201,1094,416,2012,6,,465,,,native,species,0,density,
2202,1094,416,2012,6,,484,,,native,species,0,density,
2203,1094,416,2012,6,,1686,,,native,species,62.00000002684,density,
2204,1094,416,2012,6,,1687,,,native,species,0,density,
2205,1094,416,2012,6,,712,,,native,species,0,density,
2206,1094,416,2012,6,,1741,,,native,species,0,density,
2207,1095,416,2012,6,,465,,,native,species,0,density,
2208,1095,416,2012,6,,484,,,native,species,0,density,
2209,1095,416,2012,6,,1686,,,native,species,44.99999991098,density,
2210,1095,416,2012,6,,1687,,,native,species,0,density,
2211,1095,416,2012,6,,712,,,native,species,0,density,
2212,1095,416,2012,6,,1741,,,native,species,0,density,
2213,1096,156,2012,6,,465,,,native,species,0,density,
2214,1096,156,2012,6,,484,,,native,species,0,density,
2215,1096,156,2012,6,,1686,,,native,species,0,density,
2216,1096,156,2012,6,,1687,,,native,species,0,density,
2217,1096,156,2012,6,,712,,,native,species,0,density,
2218,1096,156,2012,6,,1741,,,native,species,0,density,
2219,1097,156,2012,6,,465,,,native,species,0,density,
2220,1097,156,2012,6,,484,,,native,species,0,density,
2221,1097,156,2012,6,,1686,,,native,species,0,density,
2222,1097,156,2012,6,,1687,,,native,species,0,density,
2223,1097,156,2012,6,,712,,,native,species,0,density,
2224,1097,156,2012,6,,1741,,,native,species,0,density,
2225,1098,260,2012,6,,465,,,native,species,0,density,
2226,1098,260,2012,6,,484,,,native,species,0,density,
2227,1098,260,2012,6,,1686,,,native,species,3.00000000808,density,
2228,1098,260,2012,6,,1687,,,native,species,0,density,
2229,1098,260,2012,6,,712,,,native,species,0,density,
2230,1098,260,2012,6,,1741,,,native,species,0,density,
2231,1099,260,2012,6,,465,,,native,species,0,density,
2232,1099,260,2012,6,,484,,,native,species,0,density,
2233,1099,260,2012,6,,1686,,,native,species,0,density,
2234,1099,260,2012,6,,1687,,,native,species,0,density,
2235,1099,260,2012,6,,712,,,native,species,0,density,
2236,1099,260,2012,6,,1741,,,native,species,0,density,
2237,1100,208,2012,6,,465,,,native,species,9.99999995686,density,
2238,1100,208,2012,6,,484,,,native,species,0,density,
2239,1100,208,2012,6,,1686,,,native,species,90.9999999648,density,
2240,1100,208,2012,6,,1687,,,native,species,0,density,
2241,1100,208,2012,6,,712,,,native,species,0,density,
2242,1100,208,2012,6,,1741,,,native,species,0,density,
2243,1101,208,2012,6,,465,,,native,species,0,density,
2244,1101,208,2012,6,,484,,,native,species,0,density,
2245,1101,208,2012,6,,1686,,,native,species,0,density,
2246,1101,208,2012,6,,1687,,,native,species,0,density,
2247,1101,208,2012,6,,712,,,native,species,0,density,
2248,1101,208,2012,6,,1741,,,native,species,0,density,
2249,1102,884,2012,6,,465,,,native,species,0,density,
2250,1102,884,2012,6,,484,,,native,species,22.9999999218,density,
2251,1102,884,2012,6,,1686,,,native,species,0,density,
2252,1102,884,2012,6,,1687,,,native,species,0,density,
2253,1102,884,2012,6,,712,,,native,species,0,density,
2254,1102,884,2012,6,,1741,,,native,species,0,density,
2255,1103,884,2012,6,,465,,,native,species,0,density,
2256,1103,884,2012,6,,484,,,native,species,9.00000002424,density,
2257,1103,884,2012,6,,1686,,,native,species,0,density,
2258,1103,884,2012,6,,1687,,,native,species,0,density,
2259,1103,884,2012,6,,712,,,native,species,0,density,
2260,1103,884,2012,6,,1741,,,native,species,0,density,
2261,1104,832,2012,6,,465,,,native,species,0,density,
2262,1104,832,2012,6,,484,,,native,species,0,density,
2263,1104,832,2012,6,,1686,,,native,species,0,density,
2264,1104,832,2012,6,,1687,,,native,species,0,density,
2265,1104,832,2012,6,,712,,,native,species,0,density,
2266,1104,832,2012,6,,1741,,,native,species,0,density,
2267,1105,832,2012,6,,465,,,native,species,0,density,
2268,1105,832,2012,6,,484,,,native,species,0,density,
2269,1105,832,2012,6,,1686,,,native,species,0,density,
2270,1105,832,2012,6,,1687,,,native,species,0,density,
2271,1105,832,2012,6,,712,,,native,species,0,density,
2272,1105,832,2012,6,,1741,,,native,species,0,density,
2273,1106,676,2012,6,,465,,,native,species,0,density,
2274,1106,676,2012,6,,484,,,native,species,12.00000003232,density,
2275,1106,676,2012,6,,1686,,,native,species,0,density,
2276,1106,676,2012,6,,1687,,,native,species,0,density,
2277,1106,676,2012,6,,712,,,native,species,0,density,
2278,1106,676,2012,6,,1741,,,native,species,15.0000000404,density,
2279,1107,676,2012,6,,465,,,native,species,0,density,
2280,1107,676,2012,6,,484,,,native,species,8.000000091619999,density,
2281,1107,676,2012,6,,1686,,,native,species,8.000000091619999,density,
2282,1107,676,2012,6,,1687,,,native,species,0,density,
2283,1107,676,2012,6,,712,,,native,species,0,density,
2284,1107,676,2012,6,,1741,,,native,species,0,density,
2285,1108,468,2012,6,,465,,,native,species,0,density,
2286,1108,468,2012,6,,484,,,native,species,0.99999993262,density,
2287,1108,468,2012,6,,1686,,,native,species,102.0000000645,density,
2288,1108,468,2012,6,,1687,,,native,species,0,density,
2289,1108,468,2012,6,,712,,,native,species,0,density,
2290,1108,468,2012,6,,1741,,,native,species,0,density,
2291,1109,468,2012,6,,465,,,native,species,0,density,
2292,1109,468,2012,6,,484,,,native,species,0,density,
2293,1109,468,2012,6,,1686,,,native,species,59.00000001876,density,
2294,1109,468,2012,6,,1687,,,native,species,0,density,
2295,1109,468,2012,6,,712,,,native,species,0,density,
2296,1109,468,2012,6,,1741,,,native,species,0,density,
2297,1110,572,2012,6,,465,,,native,species,0,density,
2298,1110,572,2012,6,,484,,,native,species,3.9999999407,density,
2299,1110,572,2012,6,,1686,,,native,species,11.000000099700001,density,
2300,1110,572,2012,6,,1687,,,native,species,0,density,
2301,1110,572,2012,6,,712,,,native,species,0,density,
2302,1110,572,2012,6,,1741,,,native,species,12.999999964939999,density,
2303,1111,572,2012,6,,465,,,native,species,0,density,
2304,1111,572,2012,6,,484,,,native,species,0,density,
2305,1111,572,2012,6,,1686,,,native,species,21.99999998918,density,
2306,1111,572,2012,6,,1687,,,native,species,0,density,
2307,1111,572,2012,6,,712,,,native,species,0,density,
2308,1111,572,2012,6,,1741,,,native,species,44.99999991098,density,
2309,1112,468,2012,6,,465,,,native,species,0,density,
2310,1112,468,2012,6,,484,,,native,species,0,density,
2311,1112,468,2012,6,,1686,,,native,species,0,density,
2312,1112,468,2012,6,,1687,,,native,species,0,density,
2313,1112,468,2012,6,,712,,,native,species,0,density,
2314,1112,468,2012,6,,1741,,,native,species,2.00000007546,density,
2315,1113,468,2012,6,,465,,,native,species,0.99999993262,density,
2316,1113,468,2012,6,,484,,,native,species,0,density,
2317,1113,468,2012,6,,1686,,,native,species,0,density,
2318,1113,468,2012,6,,1687,,,native,species,0,density,
2319,1113,468,2012,6,,712,,,native,species,0,density,
2320,1113,468,2012,6,,1741,,,native,species,18.9999999811,density,
2321,1114,468,2012,6,,465,,,native,species,0.99999993262,density,
2322,1114,468,2012,6,,484,,,native,species,0,density,
2323,1114,468,2012,6,,1686,,,native,species,0,density,
2324,1114,468,2012,6,,1687,,,native,species,0,density,
2325,1114,468,2012,6,,712,,,native,species,0,density,
2326,1114,468,2012,6,,1741,,,native,species,37.9999999622,density,
2327,1115,572,2012,6,,465,,,native,species,0,density,
2328,1115,572,2012,6,,484,,,native,species,0,density,
2329,1115,572,2012,6,,1686,,,native,species,80.00000007532,density,
2330,1115,572,2012,6,,1687,,,native,species,0,density,
2331,1115,572,2012,6,,712,,,native,species,0,density,
2332,1115,572,2012,6,,1741,,,native,species,99.99999998903999,density,
2333,1116,572,2012,6,,465,,,native,species,0,density,
2334,1116,572,2012,6,,484,,,native,species,0,density,
2335,1116,572,2012,6,,1686,,,native,species,64.0000001023,density,
2336,1116,572,2012,6,,1687,,,native,species,0,density,
2337,1116,572,2012,6,,712,,,native,species,0,density,
2338,1116,572,2012,6,,1741,,,native,species,102.99999999712,density,
2339,1117,520,2012,6,,465,,,native,species,0,density,
2340,1117,520,2012,6,,484,,,native,species,0,density,
2341,1117,520,2012,6,,1686,,,native,species,5.00000008354,density,
2342,1117,520,2012,6,,1687,,,native,species,0,density,
2343,1117,520,2012,6,,712,,,native,species,0,density,
2344,1117,520,2012,6,,1741,,,native,species,0,density,
2345,1118,520,2012,6,,465,,,native,species,21.99999998918,density,
2346,1118,520,2012,6,,484,,,native,species,0,density,
2347,1118,520,2012,6,,1686,,,native,species,11.000000099700001,density,
2348,1118,520,2012,6,,1687,,,native,species,0,density,
2349,1118,520,2012,6,,712,,,native,species,0,density,
2350,1118,520,2012,6,,1741,,,native,species,0,density,
2351,1119,520,2012,6,,465,,,native,species,0,density,
2352,1119,520,2012,6,,484,,,native,species,0,density,
2353,1119,520,2012,6,,1686,,,native,species,87.0000000241,density,
2354,1119,520,2012,6,,1687,,,native,species,0,density,
2355,1119,520,2012,6,,712,,,native,species,0,density,
2356,1119,520,2012,6,,1741,,,native,species,0,density,
2357,1120,520,2012,6,,465,,,native,species,0,density,
2358,1120,520,2012,6,,484,,,native,species,0,density,
2359,1120,520,2012,6,,1686,,,native,species,143.9999999674,density,
2360,1120,520,2012,6,,1687,,,native,species,0,density,
2361,1120,520,2012,6,,712,,,native,species,0,density,
2362,1120,520,2012,6,,1741,,,native,species,0,density,
2363,1121,780,2012,6,,465,,,native,species,0,density,
2364,1121,780,2012,6,,484,,,native,species,0.99999993262,density,
2365,1121,780,2012,6,,1686,,,native,species,0,density,
2366,1121,780,2012,6,,1687,,,native,species,0,density,
2367,1121,780,2012,6,,712,,,native,species,0,density,
2368,1121,780,2012,6,,1741,,,native,species,43.99999997836,density,
2369,1122,780,2012,6,,465,,,native,species,0,density,
2370,1122,780,2012,6,,484,,,native,species,0,density,
2371,1122,780,2012,6,,1686,,,native,species,0,density,
2372,1122,780,2012,6,,1687,,,native,species,0,density,
2373,1122,780,2012,6,,712,,,native,species,0,density,
2374,1122,780,2012,6,,1741,,,native,species,5.00000008354,density,
2375,1123,728,2012,6,,465,,,native,species,0,density,
2376,1123,728,2012,6,,484,,,native,species,0,density,
2377,1123,728,2012,6,,1686,,,native,species,28.00000000534,density,
2378,1123,728,2012,6,,1687,,,native,species,0,density,
2379,1123,728,2012,6,,712,,,native,species,0,density,
2380,1123,728,2012,6,,1741,,,native,species,21.99999998918,density,
2381,1124,728,2012,6,,465,,,native,species,0,density,
2382,1124,728,2012,6,,484,,,native,species,0,density,
2383,1124,728,2012,6,,1686,,,native,species,25.999999929879998,density,
2384,1124,728,2012,6,,1687,,,native,species,0,density,
2385,1124,728,2012,6,,712,,,native,species,0,density,
2386,1124,728,2012,6,,1741,,,native,species,33.00000008888,density,
2387,1125,624,2012,6,,465,,,native,species,0,density,
2388,1125,624,2012,6,,484,,,native,species,2.00000007546,density,
2389,1125,624,2012,6,,1686,,,native,species,21.000000056559998,density,
2390,1125,624,2012,6,,1687,,,native,species,0,density,
2391,1125,624,2012,6,,712,,,native,species,0,density,
2392,1125,624,2012,6,,1741,,,native,species,158.00000007518,density,
2393,1126,624,2012,6,,465,,,native,species,0,density,
2394,1126,624,2012,6,,484,,,native,species,3.00000000808,density,
2395,1126,624,2012,6,,1686,,,native,species,25.999999929879998,density,
2396,1126,624,2012,6,,1687,,,native,species,0,density,
2397,1126,624,2012,6,,712,,,native,species,0,density,
2398,1126,624,2012,6,,1741,,,native,species,56.9999999433,density,
2399,1127,780,2012,6,,465,,,native,species,0,density,
2400,1127,780,2012,6,,484,,,native,species,0,density,
2401,1127,780,2012,6,,1686,,,native,species,0,density,
2402,1127,780,2012,6,,1687,,,native,species,0,density,
2403,1127,780,2012,6,,712,,,native,species,0,density,
2404,1127,780,2012,6,,1741,,,native,species,3.9999999407,density,
2405,1128,780,2012,6,,465,,,native,species,0,density,
2406,1128,780,2012,6,,484,,,native,species,0,density,
2407,1128,780,2012,6,,1686,,,native,species,0,density,
2408,1128,780,2012,6,,1687,,,native,species,0,density,
2409,1128,780,2012,6,,712,,,native,species,0,density,
2410,1128,780,2012,6,,1741,,,native,species,24.999999997259998,density,
2411,1129,780,2012,6,,465,,,native,species,0,density,
2412,1129,780,2012,6,,484,,,native,species,0,density,
2413,1129,780,2012,6,,1686,,,native,species,0,density,
2414,1129,780,2012,6,,1687,,,native,species,0,density,
2415,1129,780,2012,6,,712,,,native,species,0,density,
2416,1129,780,2012,6,,1741,,,native,species,24.00000006464,density,
2417,1130,780,2012,6,,465,,,native,species,0,density,
2418,1130,780,2012,6,,484,,,native,species,0,density,
2419,1130,780,2012,6,,1686,,,native,species,2.00000007546,density,
2420,1130,780,2012,6,,1687,,,native,species,0,density,
2421,1130,780,2012,6,,712,,,native,species,0,density,
2422,1130,780,2012,6,,1741,,,native,species,40.99999997028,density,
2423,1131,728,2012,6,,465,,,native,species,9.99999995686,density,
2424,1131,728,2012,6,,484,,,native,species,25.999999929879998,density,
2425,1131,728,2012,6,,1686,,,native,species,0.99999993262,density,
2426,1131,728,2012,6,,1687,,,native,species,0,density,
2427,1131,728,2012,6,,712,,,native,species,0,density,
2428,1131,728,2012,6,,1741,,,native,species,9.00000002424,density,
2429,1132,728,2012,6,,465,,,native,species,0,density,
2430,1132,728,2012,6,,484,,,native,species,0,density,
2431,1132,728,2012,6,,1686,,,native,species,12.999999964939999,density,
2432,1132,728,2012,6,,1687,,,native,species,0,density,
2433,1132,728,2012,6,,712,,,native,species,0,density,
2434,1132,728,2012,6,,1741,,,native,species,9.00000002424,density,
2435,1133,676,2012,6,,465,,,native,species,0,density,
2436,1133,676,2012,6,,484,,,native,species,2.00000007546,density,
2437,1133,676,2012,6,,1686,,,native,species,12.00000003232,density,
2438,1133,676,2012,6,,1687,,,native,species,0,density,
2439,1133,676,2012,6,,712,,,native,species,0,density,
2440,1133,676,2012,6,,1741,,,native,species,2.00000007546,density,
2441,1134,676,2012,6,,465,,,native,species,0,density,
2442,1134,676,2012,6,,484,,,native,species,199.00000004545998,density,
2443,1134,676,2012,6,,1686,,,native,species,6.99999994878,density,
2444,1134,676,2012,6,,1687,,,native,species,0,density,
2445,1134,676,2012,6,,712,,,native,species,0,density,
2446,1134,676,2012,6,,1741,,,native,species,124.9999999863,density,
2447,1135,364,2012,6,,465,,,native,species,3.9999999407,density,
2448,1135,364,2012,6,,484,,,native,species,2.00000007546,density,
2449,1135,364,2012,6,,1686,,,native,species,0,density,
2450,1135,364,2012,6,,1687,,,native,species,0,density,
2451,1135,364,2012,6,,712,,,native,species,0,density,
2452,1135,364,2012,6,,1741,,,native,species,0,density,
2453,1136,364,2012,6,,465,,,native,species,0.99999993262,density,
2454,1136,364,2012,6,,484,,,native,species,0,density,
2455,1136,364,2012,6,,1686,,,native,species,0,density,
2456,1136,364,2012,6,,1687,,,native,species,0,density,
2457,1136,364,2012,6,,712,,,native,species,0,density,
2458,1136,364,2012,6,,1741,,,native,species,0,density,
2459,1137,364,2012,6,,465,,,native,species,5.00000008354,density,
2460,1137,364,2012,6,,484,,,native,species,2.00000007546,density,
2461,1137,364,2012,6,,1686,,,native,species,0,density,
2462,1137,364,2012,6,,1687,,,native,species,0,density,
2463,1137,364,2012,6,,712,,,native,species,0,density,
2464,1137,364,2012,6,,1741,,,native,species,0,density,
2465,1138,624,2012,6,,465,,,native,species,0,density,
2466,1138,624,2012,6,,484,,,native,species,56.00000001068,density,
2467,1138,624,2012,6,,1686,,,native,species,0.99999993262,density,
2468,1138,624,2012,6,,1687,,,native,species,0,density,
2469,1138,624,2012,6,,712,,,native,species,0,density,
2470,1138,624,2012,6,,1741,,,native,species,8.000000091619999,density,
2471,1139,624,2012,6,,465,,,native,species,0,density,
2472,1139,624,2012,6,,484,,,native,species,74.99999999178,density,
2473,1139,624,2012,6,,1686,,,native,species,2.00000007546,density,
2474,1139,624,2012,6,,1687,,,native,species,0,density,
2475,1139,624,2012,6,,712,,,native,species,0,density,
2476,1139,624,2012,6,,1741,,,native,species,37.00000002958,density,
2477,1140,624,2012,6,,465,,,native,species,0,density,
2478,1140,624,2012,6,,484,,,native,species,0,density,
2479,1140,624,2012,6,,1686,,,native,species,15.99999997302,density,
2480,1140,624,2012,6,,1687,,,native,species,0,density,
2481,1140,624,2012,6,,712,,,native,species,0,density,
2482,1140,624,2012,6,,1741,,,native,species,86.00000009147999,density,
2483,1141,624,2012,6,,465,,,native,species,0,density,
2484,1141,624,2012,6,,484,,,native,species,0,density,
2485,1141,624,2012,6,,1686,,,native,species,21.99999998918,density,
2486,1141,624,2012,6,,1687,,,native,species,0,density,
2487,1141,624,2012,6,,712,,,native,species,0,density,
2488,1141,624,2012,6,,1741,,,native,species,124.9999999863,density,
2489,1142,468,2012,6,,465,,,native,species,0,density,
2490,1142,468,2012,6,,484,,,native,species,0,density,
2491,1142,468,2012,6,,1686,,,native,species,0,density,
2492,1142,468,2012,6,,1687,,,native,species,0,density,
2493,1142,468,2012,6,,712,,,native,species,0,density,
2494,1142,468,2012,6,,1741,,,native,species,3.9999999407,density,
2495,1143,468,2012,6,,465,,,native,species,0,density,
2496,1143,468,2012,6,,484,,,native,species,0,density,
2497,1143,468,2012,6,,1686,,,native,species,3.00000000808,density,
2498,1143,468,2012,6,,1687,,,native,species,0,density,
2499,1143,468,2012,6,,712,,,native,species,0,density,
2500,1143,468,2012,6,,1741,,,native,species,0,density,
2501,1144,312,2012,6,,465,,,native,species,0,density,
2502,1144,312,2012,6,,484,,,native,species,0,density,
2503,1144,312,2012,6,,1686,,,native,species,0,density,
2504,1144,312,2012,6,,1687,,,native,species,0,density,
2505,1144,312,2012,6,,712,,,native,species,0,density,
2506,1144,312,2012,6,,1741,,,native,species,0,density,
2507,1145,312,2012,6,,465,,,native,species,0,density,
2508,1145,312,2012,6,,484,,,native,species,0,density,
2509,1145,312,2012,6,,1686,,,native,species,0,density,
2510,1145,312,2012,6,,1687,,,native,species,0,density,
2511,1145,312,2012,6,,712,,,native,species,0,density,
2512,1145,312,2012,6,,1741,,,native,species,0,density,
2513,1146,208,2012,6,,465,,,native,species,6.99999994878,density,
2514,1146,208,2012,6,,484,,,native,species,0,density,
2515,1146,208,2012,6,,1686,,,native,species,11.000000099700001,density,
2516,1146,208,2012,6,,1687,,,native,species,0,density,
2517,1146,208,2012,6,,712,,,native,species,0,density,
2518,1146,208,2012,6,,1741,,,native,species,0,density,
2519,1147,208,2012,6,,465,,,native,species,61.000000094220006,density,
2520,1147,208,2012,6,,484,,,native,species,0.99999993262,density,
2521,1147,208,2012,6,,1686,,,native,species,40.00000003766,density,
2522,1147,208,2012,6,,1687,,,native,species,0,density,
2523,1147,208,2012,6,,712,,,native,species,0,density,
2524,1147,208,2012,6,,1741,,,native,species,0,density,
2525,1148,468,2012,6,,465,,,native,species,0.99999993262,density,
2526,1148,468,2012,6,,484,,,native,species,0,density,
2527,1148,468,2012,6,,1686,,,native,species,34.99999995412,density,
2528,1148,468,2012,6,,1687,,,native,species,0,density,
2529,1148,468,2012,6,,712,,,native,species,0,density,
2530,1148,468,2012,6,,1741,,,native,species,0,density,
2531,1149,468,2012,6,,465,,,native,species,0,density,
2532,1149,468,2012,6,,484,,,native,species,0,density,
2533,1149,468,2012,6,,1686,,,native,species,6.00000001616,density,
2534,1149,468,2012,6,,1687,,,native,species,0,density,
2535,1149,468,2012,6,,712,,,native,species,0,density,
2536,1149,468,2012,6,,1741,,,native,species,9.99999995686,density,
2537,1150,156,2012,6,,465,,,native,species,0.99999993262,density,
2538,1150,156,2012,6,,484,,,native,species,0,density,
2539,1150,156,2012,6,,1686,,,native,species,31.00000001342,density,
2540,1150,156,2012,6,,1687,,,native,species,0,density,
2541,1150,156,2012,6,,712,,,native,species,0,density,
2542,1150,156,2012,6,,1741,,,native,species,0.99999993262,density,
2543,1151,156,2012,6,,465,,,native,species,0,density,
2544,1151,156,2012,6,,484,,,native,species,0,density,
2545,1151,156,2012,6,,1686,,,native,species,18.9999999811,density,
2546,1151,156,2012,6,,1687,,,native,species,0,density,
2547,1151,156,2012,6,,712,,,native,species,0,density,
2548,1151,156,2012,6,,1741,,,native,species,0,density,
2549,1152,52,2012,6,,465,,,native,species,0,density,
2550,1152,52,2012,6,,484,,,native,species,0,density,
2551,1152,52,2012,6,,1686,,,native,species,405.0000000397,density,
2552,1152,52,2012,6,,1687,,,native,species,0,density,
2553,1152,52,2012,6,,712,,,native,species,0,density,
2554,1152,52,2012,6,,1741,,,native,species,18.9999999811,density,
2555,1153,52,2012,6,,465,,,native,species,0,density,
2556,1153,52,2012,6,,484,,,native,species,0,density,
2557,1153,52,2012,6,,1686,,,native,species,486.99999998026,density,
2558,1153,52,2012,6,,1687,,,native,species,0,density,
2559,1153,52,2012,6,,712,,,native,species,0,density,
2560,1153,52,2012,6,,1741,,,native,species,22.9999999218,density,
2561,1154,52,2012,6,,465,,,native,species,0,density,
2562,1154,52,2012,6,,484,,,native,species,0,density,
2563,1154,52,2012,6,,1686,,,native,species,396.99999994808,density,
2564,1154,52,2012,6,,1687,,,native,species,0,density,
2565,1154,52,2012,6,,712,,,native,species,0,density,
2566,1154,52,2012,6,,1741,,,native,species,47.99999991906,density,
2567,1155,468,2012,6,,465,,,native,species,0.99999993262,density,
2568,1155,468,2012,6,,484,,,native,species,0.99999993262,density,
2569,1155,468,2012,6,,1686,,,native,species,0,density,
2570,1155,468,2012,6,,1687,,,native,species,0,density,
2571,1155,468,2012,6,,712,,,native,species,0,density,
2572,1155,468,2012,6,,1741,,,native,species,6.00000001616,density,
2573,1156,468,2012,6,,465,,,native,species,0,density,
2574,1156,468,2012,6,,484,,,native,species,0,density,
2575,1156,468,2012,6,,1686,,,native,species,2.00000007546,density,
2576,1156,468,2012,6,,1687,,,native,species,0,density,
2577,1156,468,2012,6,,712,,,native,species,0,density,
2578,1156,468,2012,6,,1741,,,native,species,0,density,
2579,1157,468,2012,6,,465,,,native,species,25.999999929879998,density,
2580,1157,468,2012,6,,484,,,native,species,21.000000056559998,density,
2581,1157,468,2012,6,,1686,,,native,species,0.99999993262,density,
2582,1157,468,2012,6,,1687,,,native,species,0,density,
2583,1157,468,2012,6,,712,,,native,species,0,density,
2584,1157,468,2012,6,,1741,,,native,species,6.99999994878,density,
2585,1158,52,2012,6,,465,,,native,species,0,density,
2586,1158,52,2012,6,,484,,,native,species,0.99999993262,density,
2587,1158,52,2012,6,,1686,,,native,species,0,density,
2588,1158,52,2012,6,,1687,,,native,species,0,density,
2589,1158,52,2012,6,,712,,,native,species,0,density,
2590,1158,52,2012,6,,1741,,,native,species,0,density,
2591,1159,52,2012,6,,465,,,native,species,0,density,
2592,1159,52,2012,6,,484,,,native,species,0,density,
2593,1159,52,2012,6,,1686,,,native,species,0,density,
2594,1159,52,2012,6,,1687,,,native,species,0,density,
2595,1159,52,2012,6,,712,,,native,species,0,density,
2596,1159,52,2012,6,,1741,,,native,species,0,density,
2597,1160,52,2012,6,,465,,,native,species,0,density,
2598,1160,52,2012,6,,484,,,native,species,0,density,
2599,1160,52,2012,6,,1686,,,native,species,308.00000005874,density,
2600,1160,52,2012,6,,1687,,,native,species,0,density,
2601,1160,52,2012,6,,712,,,native,species,0,density,
2602,1160,52,2012,6,,1741,,,native,species,21.000000056559998,density,
2603,1161,52,2012,6,,465,,,native,species,0,density,
2604,1161,52,2012,6,,484,,,native,species,0,density,
2605,1161,52,2012,6,,1686,,,native,species,252.00000004805997,density,
2606,1161,52,2012,6,,1687,,,native,species,0,density,
2607,1161,52,2012,6,,712,,,native,species,0,density,
2608,1161,52,2012,6,,1741,,,native,species,25.999999929879998,density,
2609,1162,52,2012,6,,465,,,native,species,0,density,
2610,1162,52,2012,6,,484,,,native,species,0,density,
2611,1162,52,2012,6,,1686,,,native,species,268.9999999537,density,
2612,1162,52,2012,6,,1687,,,native,species,0,density,
2613,1162,52,2012,6,,712,,,native,species,0,density,
2614,1162,52,2012,6,,1741,,,native,species,24.999999997259998,density,
2615,1163,52,2012,6,,465,,,native,species,0,density,
2616,1163,52,2012,6,,484,,,native,species,0,density,
2617,1163,52,2012,6,,1686,,,native,species,27.000000072720002,density,
2618,1163,52,2012,6,,1687,,,native,species,0,density,
2619,1163,52,2012,6,,712,,,native,species,0,density,
2620,1163,52,2012,6,,1741,,,native,species,15.99999997302,density,
2621,1164,52,2012,6,,465,,,native,species,0,density,
2622,1164,52,2012,6,,484,,,native,species,0,density,
2623,1164,52,2012,6,,1686,,,native,species,0.99999993262,density,
2624,1164,52,2012,6,,1687,,,native,species,0,density,
2625,1164,52,2012,6,,712,,,native,species,0,density,
2626,1164,52,2012,6,,1741,,,native,species,2.00000007546,density,
2627,1165,52,2012,6,,465,,,native,species,0,density,
2628,1165,52,2012,6,,484,,,native,species,0,density,
2629,1165,52,2012,6,,1686,,,native,species,59.00000001876,density,
2630,1165,52,2012,6,,1687,,,native,species,0,density,
2631,1165,52,2012,6,,712,,,native,species,0,density,
2632,1165,52,2012,6,,1741,,,native,species,0,density,
2633,1166,52,2012,6,,465,,,native,species,0,density,
2634,1166,52,2012,6,,484,,,native,species,0,density,
2635,1166,52,2012,6,,1686,,,native,species,90.00000003218,density,
2636,1166,52,2012,6,,1687,,,native,species,0,density,
2637,1166,52,2012,6,,712,,,native,species,0,density,
2638,1166,52,2012,6,,1741,,,native,species,3.9999999407,density,
2639,1167,156,2012,6,,465,,,native,species,0,density,
2640,1167,156,2012,6,,484,,,native,species,0.99999993262,density,
2641,1167,156,2012,6,,1686,,,native,species,0.99999993262,density,
2642,1167,156,2012,6,,1687,,,native,species,0,density,
2643,1167,156,2012,6,,712,,,native,species,0,density,
2644,1167,156,2012,6,,1741,,,native,species,0,density,
2645,1168,156,2012,6,,465,,,native,species,0,density,
2646,1168,156,2012,6,,484,,,native,species,3.9999999407,density,
2647,1168,156,2012,6,,1686,,,native,species,18.00000004848,density,
2648,1168,156,2012,6,,1687,,,native,species,0,density,
2649,1168,156,2012,6,,712,,,native,species,0,density,
2650,1168,156,2012,6,,1741,,,native,species,0,density,
2651,1169,156,2012,6,,465,,,native,species,0,density,
2652,1169,156,2012,6,,484,,,native,species,0,density,
2653,1169,156,2012,6,,1686,,,native,species,59.00000001876,density,
2654,1169,156,2012,6,,1687,,,native,species,0,density,
2655,1169,156,2012,6,,712,,,native,species,0,density,
2656,1169,156,2012,6,,1741,,,native,species,0,density,
2657,1170,156,2012,6,,465,,,native,species,0,density,
2658,1170,156,2012,6,,484,,,native,species,0,density,
2659,1170,156,2012,6,,1686,,,native,species,13.99999989756,density,
2660,1170,156,2012,6,,1687,,,native,species,0,density,
2661,1170,156,2012,6,,712,,,native,species,0,density,
2662,1170,156,2012,6,,1741,,,native,species,0,density,
2663,1171,156,2012,6,,465,,,native,species,0,density,
2664,1171,156,2012,6,,484,,,native,species,0,density,
2665,1171,156,2012,6,,1686,,,native,species,0,density,
2666,1171,156,2012,6,,1687,,,native,species,0,density,
2667,1171,156,2012,6,,712,,,native,species,0,density,
2668,1171,156,2012,6,,1741,,,native,species,0,density,
2669,1172,156,2012,6,,465,,,native,species,0,density,
2670,1172,156,2012,6,,484,,,native,species,0,density,
2671,1172,156,2012,6,,1686,,,native,species,3.00000000808,density,
2672,1172,156,2012,6,,1687,,,native,species,0,density,
2673,1172,156,2012,6,,712,,,native,species,0,density,
2674,1172,156,2012,6,,1741,,,native,species,0,density,
2675,1173,156,2012,6,,465,,,native,species,0,density,
2676,1173,156,2012,6,,484,,,native,species,0,density,
2677,1173,156,2012,6,,1686,,,native,species,0,density,
2678,1173,156,2012,6,,1687,,,native,species,0,density,
2679,1173,156,2012,6,,712,,,native,species,0,density,
2680,1173,156,2012,6,,1741,,,native,species,0,density,
2681,1174,156,2012,6,,465,,,native,species,0,density,
2682,1174,156,2012,6,,484,,,native,species,0,density,
2683,1174,156,2012,6,,1686,,,native,species,2.00000007546,density,
2684,1174,156,2012,6,,1687,,,native,species,0,density,
2685,1174,156,2012,6,,712,,,native,species,0,density,
2686,1174,156,2012,6,,1741,,,native,species,0,density,
2687,1175,364,2012,6,,465,,,native,species,6.00000001616,density,
2688,1175,364,2012,6,,484,,,native,species,12.999999964939999,density,
2689,1175,364,2012,6,,1686,,,native,species,0,density,
2690,1175,364,2012,6,,1687,,,native,species,0,density,
2691,1175,364,2012,6,,712,,,native,species,21.99999998918,density,
2692,1175,364,2012,6,,1741,,,native,species,0,density,
2693,1176,364,2012,6,,465,,,native,species,3.9999999407,density,
2694,1176,364,2012,6,,484,,,native,species,2.00000007546,density,
2695,1176,364,2012,6,,1686,,,native,species,0,density,
2696,1176,364,2012,6,,1687,,,native,species,0,density,
2697,1176,364,2012,6,,712,,,native,species,0,density,
2698,1176,364,2012,6,,1741,,,native,species,3.00000000808,density,
2699,1177,364,2012,6,,465,,,native,species,0,density,
2700,1177,364,2012,6,,484,,,native,species,0.99999993262,density,
2701,1177,364,2012,6,,1686,,,native,species,0,density,
2702,1177,364,2012,6,,1687,,,native,species,0,density,
2703,1177,364,2012,6,,712,,,native,species,0.99999993262,density,
2704,1177,364,2012,6,,1741,,,native,species,2.00000007546,density,
2705,1178,156,2012,6,,465,,,native,species,0,density,
2706,1178,156,2012,6,,484,,,native,species,0,density,
2707,1178,156,2012,6,,1686,,,native,species,39.00000010504,density,
2708,1178,156,2012,6,,1687,,,native,species,0,density,
2709,1178,156,2012,6,,712,,,native,species,0,density,
2710,1178,156,2012,6,,1741,,,native,species,0,density,
2711,1179,156,2012,6,,465,,,native,species,0,density,
2712,1179,156,2012,6,,484,,,native,species,0.99999993262,density,
2713,1179,156,2012,6,,1686,,,native,species,5.00000008354,density,
2714,1179,156,2012,6,,1687,,,native,species,0,density,
2715,1179,156,2012,6,,712,,,native,species,0,density,
2716,1179,156,2012,6,,1741,,,native,species,0,density,
2717,1180,156,2012,6,,465,,,native,species,0,density,
2718,1180,156,2012,6,,484,,,native,species,0,density,
2719,1180,156,2012,6,,1686,,,native,species,0.99999993262,density,
2720,1180,156,2012,6,,1687,,,native,species,0,density,
2721,1180,156,2012,6,,712,,,native,species,0,density,
2722,1180,156,2012,6,,1741,,,native,species,0,density,
2723,1181,156,2012,6,,465,,,native,species,0,density,
2724,1181,156,2012,6,,484,,,native,species,0,density,
2725,1181,156,2012,6,,1686,,,native,species,3.00000000808,density,
2726,1181,156,2012,6,,1687,,,native,species,0,density,
2727,1181,156,2012,6,,712,,,native,species,0,density,
2728,1181,156,2012,6,,1741,,,native,species,0,density,
2729,1182,156,2012,6,,465,,,native,species,0,density,
2730,1182,156,2012,6,,484,,,native,species,0,density,
2731,1182,156,2012,6,,1686,,,native,species,28.99999993796,density,
2732,1182,156,2012,6,,1687,,,native,species,0,density,
2733,1182,156,2012,6,,712,,,native,species,0,density,
2734,1182,156,2012,6,,1741,,,native,species,0,density,
2735,1183,156,2012,6,,465,,,native,species,0,density,
2736,1183,156,2012,6,,484,,,native,species,0,density,
2737,1183,156,2012,6,,1686,,,native,species,2.00000007546,density,
2738,1183,156,2012,6,,1687,,,native,species,0,density,
2739,1183,156,2012,6,,712,,,native,species,0,density,
2740,1183,156,2012,6,,1741,,,native,species,40.00000003766,density,
2741,1184,52,2012,6,,465,,,native,species,0,density,
2742,1184,52,2012,6,,484,,,native,species,0,density,
2743,1184,52,2012,6,,1686,,,native,species,0,density,
2744,1184,52,2012,6,,1687,,,native,species,0,density,
2745,1184,52,2012,6,,712,,,native,species,0,density,
2746,1184,52,2012,6,,1741,,,native,species,0,density,
2747,1185,52,2012,6,,465,,,native,species,0,density,
2748,1185,52,2012,6,,484,,,native,species,0,density,
2749,1185,52,2012,6,,1686,,,native,species,0,density,
2750,1185,52,2012,6,,1687,,,native,species,0,density,
2751,1185,52,2012,6,,712,,,native,species,0,density,
2752,1185,52,2012,6,,1741,,,native,species,0,density,
2753,1186,884,2012,6,,465,,,native,species,0,density,
2754,1186,884,2012,6,,484,,,native,species,0,density,
2755,1186,884,2012,6,,1686,,,native,species,0,density,
2756,1186,884,2012,6,,1687,,,native,species,0,density,
2757,1186,884,2012,6,,712,,,native,species,0,density,
2758,1186,884,2012,6,,1741,,,native,species,0,density,
2759,1187,884,2012,6,,465,,,native,species,0,density,
2760,1187,884,2012,6,,484,,,native,species,0,density,
2761,1187,884,2012,6,,1686,,,native,species,0,density,
2762,1187,884,2012,6,,1687,,,native,species,0,density,
2763,1187,884,2012,6,,712,,,native,species,0,density,
2764,1187,884,2012,6,,1741,,,native,species,0,density,
2765,1188,884,2012,6,,465,,,native,species,0,density,
2766,1188,884,2012,6,,484,,,native,species,0,density,
2767,1188,884,2012,6,,1686,,,native,species,0,density,
2768,1188,884,2012,6,,1687,,,native,species,0,density,
2769,1188,884,2012,6,,712,,,native,species,0,density,
2770,1188,884,2012,6,,1741,,,native,species,0,density,
2771,1189,468,2012,6,,465,,,native,species,0,density,
2772,1189,468,2012,6,,484,,,native,species,0,density,
2773,1189,468,2012,6,,1686,,,native,species,0,density,
2774,1189,468,2012,6,,1687,,,native,species,0,density,
2775,1189,468,2012,6,,712,,,native,species,0,density,
2776,1189,468,2012,6,,1741,,,native,species,24.00000006464,density,
2777,1190,468,2012,6,,465,,,native,species,11.000000099700001,density,
2778,1190,468,2012,6,,484,,,native,species,106.99999993782001,density,
2779,1190,468,2012,6,,1686,,,native,species,0,density,
2780,1190,468,2012,6,,1687,,,native,species,0,density,
2781,1190,468,2012,6,,712,,,native,species,0,density,
2782,1190,468,2012,6,,1741,,,native,species,78.99999993248,density,
2783,1191,416,2012,6,,465,,,native,species,0,density,
2784,1191,416,2012,6,,484,,,native,species,0,density,
2785,1191,416,2012,6,,1686,,,native,species,0,density,
2786,1191,416,2012,6,,1687,,,native,species,0,density,
2787,1191,416,2012,6,,712,,,native,species,0,density,
2788,1191,416,2012,6,,1741,,,native,species,0,density,
2789,1192,416,2012,6,,465,,,native,species,3.00000000808,density,
2790,1192,416,2012,6,,484,,,native,species,3.9999999407,density,
2791,1192,416,2012,6,,1686,,,native,species,2.00000007546,density,
2792,1192,416,2012,6,,1687,,,native,species,0,density,
2793,1192,416,2012,6,,712,,,native,species,43.000000045739995,density,
2794,1192,416,2012,6,,1741,,,native,species,105.00000007258,density,
2795,1193,416,2012,6,,465,,,native,species,9.00000002424,density,
2796,1193,416,2012,6,,484,,,native,species,15.99999997302,density,
2797,1193,416,2012,6,,1686,,,native,species,0,density,
2798,1193,416,2012,6,,1687,,,native,species,0,density,
2799,1193,416,2012,6,,712,,,native,species,0,density,
2800,1193,416,2012,6,,1741,,,native,species,137.99999995124,density,
2801,1194,416,2012,6,,465,,,native,species,28.00000000534,density,
2802,1194,416,2012,6,,484,,,native,species,214.00000008586,density,
2803,1194,416,2012,6,,1686,,,native,species,0,density,
2804,1194,416,2012,6,,1687,,,native,species,0,density,
2805,1194,416,2012,6,,712,,,native,species,0.99999993262,density,
2806,1194,416,2012,6,,1741,,,native,species,0,density,
2807,1195,364,2012,6,,465,,,native,species,2.00000007546,density,
2808,1195,364,2012,6,,484,,,native,species,15.99999997302,density,
2809,1195,364,2012,6,,1686,,,native,species,2.00000007546,density,
2810,1195,364,2012,6,,1687,,,native,species,0,density,
2811,1195,364,2012,6,,712,,,native,species,6.00000001616,density,
2812,1195,364,2012,6,,1741,,,native,species,231.99999992411998,density,
2813,1196,364,2012,6,,465,,,native,species,165.00000002395998,density,
2814,1196,364,2012,6,,484,,,native,species,122.99999991083999,density,
2815,1196,364,2012,6,,1686,,,native,species,21.000000056559998,density,
2816,1196,364,2012,6,,1687,,,native,species,0,density,
2817,1196,364,2012,6,,712,,,native,species,44.99999991098,density,
2818,1196,364,2012,6,,1741,,,native,species,105.00000007258,density,
2819,1197,364,2012,6,,465,,,native,species,21.99999998918,density,
2820,1197,364,2012,6,,484,,,native,species,0,density,
2821,1197,364,2012,6,,1686,,,native,species,3.00000000808,density,
2822,1197,364,2012,6,,1687,,,native,species,0,density,
2823,1197,364,2012,6,,712,,,native,species,0,density,
2824,1197,364,2012,6,,1741,,,native,species,2.00000007546,density,
2825,1198,468,2012,6,,465,,,native,species,0,density,
2826,1198,468,2012,6,,484,,,native,species,71.00000005108001,density,
2827,1198,468,2012,6,,1686,,,native,species,0,density,
2828,1198,468,2012,6,,1687,,,native,species,0,density,
2829,1198,468,2012,6,,712,,,native,species,0,density,
2830,1198,468,2012,6,,1741,,,native,species,49.999999994519996,density,
2831,1199,468,2012,6,,465,,,native,species,56.00000001068,density,
2832,1199,468,2012,6,,484,,,native,species,0,density,
2833,1199,468,2012,6,,1686,,,native,species,0.99999993262,density,
2834,1199,468,2012,6,,1687,,,native,species,0,density,
2835,1199,468,2012,6,,712,,,native,species,6.99999994878,density,
2836,1199,468,2012,6,,1741,,,native,species,0,density,
2837,1200,468,2012,6,,465,,,native,species,0,density,
2838,1200,468,2012,6,,484,,,native,species,0,density,
2839,1200,468,2012,6,,1686,,,native,species,0,density,
2840,1200,468,2012,6,,1687,,,native,species,0,density,
2841,1200,468,2012,6,,712,,,native,species,0,density,
2842,1200,468,2012,6,,1741,,,native,species,0,density,
2843,1201,468,2012,6,,465,,,native,species,0,density,
2844,1201,468,2012,6,,484,,,native,species,0,density,
2845,1201,468,2012,6,,1686,,,native,species,0,density,
2846,1201,468,2012,6,,1687,,,native,species,0,density,
2847,1201,468,2012,6,,712,,,native,species,0,density,
2848,1201,468,2012,6,,1741,,,native,species,3.00000000808,density,
2849,1202,1040,2012,6,,465,,,native,species,28.99999993796,density,
2850,1202,1040,2012,6,,484,,,native,species,5.00000008354,density,
2851,1202,1040,2012,6,,1686,,,native,species,0,density,
2852,1202,1040,2012,6,,1687,,,native,species,0,density,
2853,1202,1040,2012,6,,712,,,native,species,0,density,
2854,1202,1040,2012,6,,1741,,,native,species,0,density,
2855,1203,988,2012,6,,465,,,native,species,34.0000000215,density,
2856,1203,988,2012,6,,484,,,native,species,49.999999994519996,density,
2857,1203,988,2012,6,,1686,,,native,species,0,density,
2858,1203,988,2012,6,,1687,,,native,species,0,density,
2859,1203,988,2012,6,,712,,,native,species,80.00000007532,density,
2860,1203,988,2012,6,,1741,,,native,species,0,density,
2861,1204,988,2012,6,,465,,,native,species,0,density,
2862,1204,988,2012,6,,484,,,native,species,34.0000000215,density,
2863,1204,988,2012,6,,1686,,,native,species,0,density,
2864,1204,988,2012,6,,1687,,,native,species,0,density,
2865,1204,988,2012,6,,712,,,native,species,174.0000000482,density,
2866,1204,988,2012,6,,1741,,,native,species,0,density,
2867,1205,988,2012,6,,465,,,native,species,3.00000000808,density,
2868,1205,988,2012,6,,484,,,native,species,40.99999997028,density,
2869,1205,988,2012,6,,1686,,,native,species,0.99999993262,density,
2870,1205,988,2012,6,,1687,,,native,species,0,density,
2871,1205,988,2012,6,,712,,,native,species,149.99999998356,density,
2872,1205,988,2012,6,,1741,,,native,species,0,density,
2873,1206,988,2012,6,,465,,,native,species,0,density,
2874,1206,988,2012,6,,484,,,native,species,0,density,
2875,1206,988,2012,6,,1686,,,native,species,0,density,
2876,1206,988,2012,6,,1687,,,native,species,0,density,
2877,1206,988,2012,6,,712,,,native,species,0,density,
2878,1206,988,2012,6,,1741,,,native,species,0,density,
2879,1207,988,2012,6,,465,,,native,species,0,density,
2880,1207,988,2012,6,,484,,,native,species,0,density,
2881,1207,988,2012,6,,1686,,,native,species,0,density,
2882,1207,988,2012,6,,1687,,,native,species,0,density,
2883,1207,988,2012,6,,712,,,native,species,0,density,
2884,1207,988,2012,6,,1741,,,native,species,0,density,
2885,1208,988,2012,6,,465,,,native,species,0,density,
2886,1208,988,2012,6,,484,,,native,species,0,density,
2887,1208,988,2012,6,,1686,,,native,species,0,density,
2888,1208,988,2012,6,,1687,,,native,species,0,density,
2889,1208,988,2012,6,,712,,,native,species,0,density,
2890,1208,988,2012,6,,1741,,,native,species,0,density,
2891,1209,780,2012,6,,465,,,native,species,0,density,
2892,1209,780,2012,6,,484,,,native,species,0,density,
2893,1209,780,2012,6,,1686,,,native,species,0,density,
2894,1209,780,2012,6,,1687,,,native,species,0,density,
2895,1209,780,2012,6,,712,,,native,species,0,density,
2896,1209,780,2012,6,,1741,,,native,species,0,density,
2897,1210,780,2012,6,,465,,,native,species,0,density,
2898,1210,780,2012,6,,484,,,native,species,0,density,
2899,1210,780,2012,6,,1686,,,native,species,3.00000000808,density,
2900,1210,780,2012,6,,1687,,,native,species,0,density,
2901,1210,780,2012,6,,712,,,native,species,0,density,
2902,1210,780,2012,6,,1741,,,native,species,0,density,
2903,1211,468,2012,6,,465,,,native,species,0,density,
2904,1211,468,2012,6,,484,,,native,species,2.00000007546,density,
2905,1211,468,2012,6,,1686,,,native,species,0,density,
2906,1211,468,2012,6,,1687,,,native,species,0,density,
2907,1211,468,2012,6,,712,,,native,species,0,density,
2908,1211,468,2012,6,,1741,,,native,species,6.00000001616,density,
2909,1212,468,2012,6,,465,,,native,species,0,density,
2910,1212,468,2012,6,,484,,,native,species,0,density,
2911,1212,468,2012,6,,1686,,,native,species,0,density,
2912,1212,468,2012,6,,1687,,,native,species,0,density,
2913,1212,468,2012,6,,712,,,native,species,0,density,
2914,1212,468,2012,6,,1741,,,native,species,0,density,
2915,1213,468,2012,6,,465,,,native,species,5.00000008354,density,
2916,1213,468,2012,6,,484,,,native,species,3.00000000808,density,
2917,1213,468,2012,6,,1686,,,native,species,0,density,
2918,1213,468,2012,6,,1687,,,native,species,0,density,
2919,1213,468,2012,6,,712,,,native,species,0,density,
2920,1213,468,2012,6,,1741,,,native,species,0,density,
2921,1214,676,2012,6,,465,,,native,species,21.000000056559998,density,
2922,1214,676,2012,6,,484,,,native,species,0,density,
2923,1214,676,2012,6,,1686,,,native,species,0,density,
2924,1214,676,2012,6,,1687,,,native,species,0,density,
2925,1214,676,2012,6,,712,,,native,species,0,density,
2926,1214,676,2012,6,,1741,,,native,species,0,density,
2927,1215,676,2012,6,,465,,,native,species,0,density,
2928,1215,676,2012,6,,484,,,native,species,0,density,
2929,1215,676,2012,6,,1686,,,native,species,0,density,
2930,1215,676,2012,6,,1687,,,native,species,0,density,
2931,1215,676,2012,6,,712,,,native,species,0,density,
2932,1215,676,2012,6,,1741,,,native,species,0,density,
2933,1216,676,2012,6,,465,,,native,species,0,density,
2934,1216,676,2012,6,,484,,,native,species,0,density,
2935,1216,676,2012,6,,1686,,,native,species,0,density,
2936,1216,676,2012,6,,1687,,,native,species,0,density,
2937,1216,676,2012,6,,712,,,native,species,0,density,
2938,1216,676,2012,6,,1741,,,native,species,2.00000007546,density,
2939,1217,364,2012,6,,465,,,native,species,0,density,
2940,1217,364,2012,6,,484,,,native,species,0,density,
2941,1217,364,2012,6,,1686,,,native,species,0,density,
2942,1217,364,2012,6,,1687,,,native,species,0,density,
2943,1217,364,2012,6,,712,,,native,species,0,density,
2944,1217,364,2012,6,,1741,,,native,species,0,density,
2945,1218,364,2012,6,,465,,,native,species,0,density,
2946,1218,364,2012,6,,484,,,native,species,0,density,
2947,1218,364,2012,6,,1686,,,native,species,0,density,
2948,1218,364,2012,6,,1687,,,native,species,0,density,
2949,1218,364,2012,6,,712,,,native,species,0,density,
2950,1218,364,2012,6,,1741,,,native,species,0,density,
2951,1219,416,2012,6,,465,,,native,species,253.9999999133,density,
2952,1219,416,2012,6,,484,,,native,species,28.00000000534,density,
2953,1219,416,2012,6,,1686,,,native,species,0,density,
2954,1219,416,2012,6,,1687,,,native,species,0,density,
2955,1219,416,2012,6,,712,,,native,species,3.9999999407,density,
2956,1219,416,2012,6,,1741,,,native,species,0.99999993262,density,
2957,1220,416,2012,6,,465,,,native,species,0.99999993262,density,
2958,1220,416,2012,6,,484,,,native,species,58.000000086140005,density,
2959,1220,416,2012,6,,1686,,,native,species,0,density,
2960,1220,416,2012,6,,1687,,,native,species,0,density,
2961,1220,416,2012,6,,712,,,native,species,0.99999993262,density,
2962,1220,416,2012,6,,1741,,,native,species,0,density,
2963,1221,416,2012,6,,465,,,native,species,56.00000001068,density,
2964,1221,416,2012,6,,484,,,native,species,311.00000006682,density,
2965,1221,416,2012,6,,1686,,,native,species,0,density,
2966,1221,416,2012,6,,1687,,,native,species,0,density,
2967,1221,416,2012,6,,712,,,native,species,0.99999993262,density,
2968,1221,416,2012,6,,1741,,,native,species,0,density,
2969,1222,468,2012,6,,465,,,native,species,0,density,
2970,1222,468,2012,6,,484,,,native,species,0,density,
2971,1222,468,2012,6,,1686,,,native,species,0,density,
2972,1222,468,2012,6,,1687,,,native,species,0,density,
2973,1222,468,2012,6,,712,,,native,species,0,density,
2974,1222,468,2012,6,,1741,,,native,species,0,density,
2975,1223,468,2012,6,,465,,,native,species,0,density,
2976,1223,468,2012,6,,484,,,native,species,0,density,
2977,1223,468,2012,6,,1686,,,native,species,0,density,
2978,1223,468,2012,6,,1687,,,native,species,0,density,
2979,1223,468,2012,6,,712,,,native,species,0,density,
2980,1223,468,2012,6,,1741,,,native,species,0,density,
2981,1224,468,2012,6,,465,,,native,species,0,density,
2982,1224,468,2012,6,,484,,,native,species,3.00000000808,density,
2983,1224,468,2012,6,,1686,,,native,species,0,density,
2984,1224,468,2012,6,,1687,,,native,species,0,density,
2985,1224,468,2012,6,,712,,,native,species,0,density,
2986,1224,468,2012,6,,1741,,,native,species,0.99999993262,density,
2987,1225,676,2012,6,,465,,,native,species,0,density,
2988,1225,676,2012,6,,484,,,native,species,24.999999997259998,density,
2989,1225,676,2012,6,,1686,,,native,species,0,density,
2990,1225,676,2012,6,,1687,,,native,species,0,density,
2991,1225,676,2012,6,,712,,,native,species,0,density,
2992,1225,676,2012,6,,1741,,,native,species,2.00000007546,density,
2993,1226,676,2012,6,,465,,,native,species,6.99999994878,density,
2994,1226,676,2012,6,,484,,,native,species,25.999999929879998,density,
2995,1226,676,2012,6,,1686,,,native,species,0.99999993262,density,
2996,1226,676,2012,6,,1687,,,native,species,0,density,
2997,1226,676,2012,6,,712,,,native,species,0.99999993262,density,
2998,1226,676,2012,6,,1741,,,native,species,12.999999964939999,density,
2999,1227,676,2012,6,,465,,,native,species,0,density,
3000,1227,676,2012,6,,484,,,native,species,8.000000091619999,density,
3001,1227,676,2012,6,,1686,,,native,species,0,density,
3002,1227,676,2012,6,,1687,,,native,species,0,density,
3003,1227,676,2012,6,,712,,,native,species,0,density,
3004,1227,676,2012,6,,1741,,,native,species,0.99999993262,density,
3005,1228,676,2012,6,,465,,,native,species,0,density,
3006,1228,676,2012,6,,484,,,native,species,75.9999999244,density,
3007,1228,676,2012,6,,1686,,,native,species,0,density,
3008,1228,676,2012,6,,1687,,,native,species,0,density,
3009,1228,676,2012,6,,712,,,native,species,0,density,
3010,1228,676,2012,6,,1741,,,native,species,6.00000001616,density,
3011,1229,364,2012,6,,465,,,native,species,0,density,
3012,1229,364,2012,6,,484,,,native,species,9.99999995686,density,
3013,1229,364,2012,6,,1686,,,native,species,0,density,
3014,1229,364,2012,6,,1687,,,native,species,0,density,
3015,1229,364,2012,6,,712,,,native,species,0,density,
3016,1229,364,2012,6,,1741,,,native,species,0,density,
3017,1230,364,2012,6,,465,,,native,species,0.99999993262,density,
3018,1230,364,2012,6,,484,,,native,species,0,density,
3019,1230,364,2012,6,,1686,,,native,species,0,density,
3020,1230,364,2012,6,,1687,,,native,species,0,density,
3021,1230,364,2012,6,,712,,,native,species,0,density,
3022,1230,364,2012,6,,1741,,,native,species,0,density,
3023,1231,364,2012,6,,465,,,native,species,0,density,
3024,1231,364,2012,6,,484,,,native,species,0,density,
3025,1231,364,2012,6,,1686,,,native,species,0,density,
3026,1231,364,2012,6,,1687,,,native,species,0,density,
3027,1231,364,2012,6,,712,,,native,species,0,density,
3028,1231,364,2012,6,,1741,,,native,species,0,density,
3029,1232,364,2012,6,,465,,,native,species,11.000000099700001,density,
3030,1232,364,2012,6,,484,,,native,species,16.999999905640003,density,
3031,1232,364,2012,6,,1686,,,native,species,0,density,
3032,1232,364,2012,6,,1687,,,native,species,0,density,
3033,1232,364,2012,6,,712,,,native,species,3.9999999407,density,
3034,1232,364,2012,6,,1741,,,native,species,0,density,
3035,1233,364,2012,6,,465,,,native,species,12.00000003232,density,
3036,1233,364,2012,6,,484,,,native,species,6.00000001616,density,
3037,1233,364,2012,6,,1686,,,native,species,0,density,
3038,1233,364,2012,6,,1687,,,native,species,0,density,
3039,1233,364,2012,6,,712,,,native,species,2.00000007546,density,
3040,1233,364,2012,6,,1741,,,native,species,0,density,
3041,1234,364,2012,6,,465,,,native,species,0,density,
3042,1234,364,2012,6,,484,,,native,species,0,density,
3043,1234,364,2012,6,,1686,,,native,species,0,density,
3044,1234,364,2012,6,,1687,,,native,species,0,density,
3045,1234,364,2012,6,,712,,,native,species,0,density,
3046,1234,364,2012,6,,1741,,,native,species,0,density,
3047,1235,364,2012,6,,465,,,native,species,0,density,
3048,1235,364,2012,6,,484,,,native,species,0,density,
3049,1235,364,2012,6,,1686,,,native,species,0,density,
3050,1235,364,2012,6,,1687,,,native,species,0,density,
3051,1235,364,2012,6,,712,,,native,species,0,density,
3052,1235,364,2012,6,,1741,,,native,species,0,density,
3053,1236,364,2012,6,,465,,,native,species,3.9999999407,density,
3054,1236,364,2012,6,,484,,,native,species,0,density,
3055,1236,364,2012,6,,1686,,,native,species,0,density,
3056,1236,364,2012,6,,1687,,,native,species,0,density,
3057,1236,364,2012,6,,712,,,native,species,0,density,
3058,1236,364,2012,6,,1741,,,native,species,0,density,
3059,1237,364,2012,6,,465,,,native,species,24.999999997259998,density,
3060,1237,364,2012,6,,484,,,native,species,0.99999993262,density,
3061,1237,364,2012,6,,1686,,,native,species,0,density,
3062,1237,364,2012,6,,1687,,,native,species,0,density,
3063,1237,364,2012,6,,712,,,native,species,0,density,
3064,1237,364,2012,6,,1741,,,native,species,0,density,
3065,1238,780,2012,6,,465,,,native,species,0,density,
3066,1238,780,2012,6,,484,,,native,species,0,density,
3067,1238,780,2012,6,,1686,,,native,species,3.9999999407,density,
3068,1238,780,2012,6,,1687,,,native,species,0,density,
3069,1238,780,2012,6,,712,,,native,species,0,density,
3070,1238,780,2012,6,,1741,,,native,species,0,density,
3071,1239,780,2012,6,,465,,,native,species,0,density,
3072,1239,780,2012,6,,484,,,native,species,0,density,
3073,1239,780,2012,6,,1686,,,native,species,0,density,
3074,1239,780,2012,6,,1687,,,native,species,0,density,
3075,1239,780,2012,6,,712,,,native,species,0,density,
3076,1239,780,2012,6,,1741,,,native,species,0,density,
3077,1240,780,2012,6,,465,,,native,species,0,density,
3078,1240,780,2012,6,,484,,,native,species,0,density,
3079,1240,780,2012,6,,1686,,,native,species,0,density,
3080,1240,780,2012,6,,1687,,,native,species,0,density,
3081,1240,780,2012,6,,712,,,native,species,0,density,
3082,1240,780,2012,6,,1741,,,native,species,0,density,
3083,1241,468,2012,6,,465,,,native,species,61.000000094220006,density,
3084,1241,468,2012,6,,484,,,native,species,0,density,
3085,1241,468,2012,6,,1686,,,native,species,0,density,
3086,1241,468,2012,6,,1687,,,native,species,0,density,
3087,1241,468,2012,6,,712,,,native,species,46.99999998644,density,
3088,1241,468,2012,6,,1741,,,native,species,28.99999993796,density,
3089,1242,468,2012,6,,465,,,native,species,0.99999993262,density,
3090,1242,468,2012,6,,484,,,native,species,0.99999993262,density,
3091,1242,468,2012,6,,1686,,,native,species,0,density,
3092,1242,468,2012,6,,1687,,,native,species,0,density,
3093,1242,468,2012,6,,712,,,native,species,3.00000000808,density,
3094,1242,468,2012,6,,1741,,,native,species,106.99999993782001,density,
3095,1243,468,2012,6,,465,,,native,species,0,density,
3096,1243,468,2012,6,,484,,,native,species,0,density,
3097,1243,468,2012,6,,1686,,,native,species,0,density,
3098,1243,468,2012,6,,1687,,,native,species,0,density,
3099,1243,468,2012,6,,712,,,native,species,0,density,
3100,1243,468,2012,6,,1741,,,native,species,25.999999929879998,density,
3101,1244,832,2012,6,,465,,,native,species,0,density,
3102,1244,832,2012,6,,484,,,native,species,0,density,
3103,1244,832,2012,6,,1686,,,native,species,0,density,
3104,1244,832,2012,6,,1687,,,native,species,0,density,
3105,1244,832,2012,6,,712,,,native,species,0,density,
3106,1244,832,2012,6,,1741,,,native,species,0,density,
3107,1245,832,2012,6,,465,,,native,species,0,density,
3108,1245,832,2012,6,,484,,,native,species,0,density,
3109,1245,832,2012,6,,1686,,,native,species,0,density,
3110,1245,832,2012,6,,1687,,,native,species,0,density,
3111,1245,832,2012,6,,712,,,native,species,0,density,
3112,1245,832,2012,6,,1741,,,native,species,0,density,
3113,1246,832,2012,6,,465,,,native,species,5.00000008354,density,
3114,1246,832,2012,6,,484,,,native,species,0,density,
3115,1246,832,2012,6,,1686,,,native,species,2.00000007546,density,
3116,1246,832,2012,6,,1687,,,native,species,0,density,
3117,1246,832,2012,6,,712,,,native,species,0,density,
3118,1246,832,2012,6,,1741,,,native,species,0,density,
3119,1247,780,2012,6,,465,,,native,species,0,density,
3120,1247,780,2012,6,,484,,,native,species,0,density,
3121,1247,780,2012,6,,1686,,,native,species,0,density,
3122,1247,780,2012,6,,1687,,,native,species,0,density,
3123,1247,780,2012,6,,712,,,native,species,0,density,
3124,1247,780,2012,6,,1741,,,native,species,0,density,
3125,1248,780,2012,6,,465,,,native,species,0,density,
3126,1248,780,2012,6,,484,,,native,species,0,density,
3127,1248,780,2012,6,,1686,,,native,species,0,density,
3128,1248,780,2012,6,,1687,,,native,species,0,density,
3129,1248,780,2012,6,,712,,,native,species,0,density,
3130,1248,780,2012,6,,1741,,,native,species,0,density,
3131,1249,780,2012,6,,465,,,native,species,0,density,
3132,1249,780,2012,6,,484,,,native,species,0,density,
3133,1249,780,2012,6,,1686,,,native,species,0,density,
3134,1249,780,2012,6,,1687,,,native,species,0,density,
3135,1249,780,2012,6,,712,,,native,species,0,density,
3136,1249,780,2012,6,,1741,,,native,species,0,density,
3137,1250,676,2012,6,,465,,,native,species,0,density,
3138,1250,676,2012,6,,484,,,native,species,24.999999997259998,density,
3139,1250,676,2012,6,,1686,,,native,species,0,density,
3140,1250,676,2012,6,,1687,,,native,species,0,density,
3141,1250,676,2012,6,,712,,,native,species,0,density,
3142,1250,676,2012,6,,1741,,,native,species,3.00000000808,density,
3143,1251,676,2012,6,,465,,,native,species,0,density,
3144,1251,676,2012,6,,484,,,native,species,9.99999995686,density,
3145,1251,676,2012,6,,1686,,,native,species,0,density,
3146,1251,676,2012,6,,1687,,,native,species,0,density,
3147,1251,676,2012,6,,712,,,native,species,0,density,
3148,1251,676,2012,6,,1741,,,native,species,2.00000007546,density,
3149,1252,676,2012,6,,465,,,native,species,0,density,
3150,1252,676,2012,6,,484,,,native,species,0,density,
3151,1252,676,2012,6,,1686,,,native,species,0,density,
3152,1252,676,2012,6,,1687,,,native,species,0,density,
3153,1252,676,2012,6,,712,,,native,species,0,density,
3154,1252,676,2012,6,,1741,,,native,species,0,density,
3155,1253,676,2012,6,,465,,,native,species,0,density,
3156,1253,676,2012,6,,484,,,native,species,0,density,
3157,1253,676,2012,6,,1686,,,native,species,0,density,
3158,1253,676,2012,6,,1687,,,native,species,0,density,
3159,1253,676,2012,6,,712,,,native,species,0,density,
3160,1253,676,2012,6,,1741,,,native,species,0,density,
3161,1254,676,2012,6,,465,,,native,species,12.00000003232,density,
3162,1254,676,2012,6,,484,,,native,species,0,density,
3163,1254,676,2012,6,,1686,,,native,species,0,density,
3164,1254,676,2012,6,,1687,,,native,species,0,density,
3165,1254,676,2012,6,,712,,,native,species,0,density,
3166,1254,676,2012,6,,1741,,,native,species,0,density,
3167,1255,676,2012,6,,465,,,native,species,0,density,
3168,1255,676,2012,6,,484,,,native,species,0,density,
3169,1255,676,2012,6,,1686,,,native,species,0,density,
3170,1255,676,2012,6,,1687,,,native,species,0,density,
3171,1255,676,2012,6,,712,,,native,species,0,density,
3172,1255,676,2012,6,,1741,,,native,species,0,density,
3173,1256,676,2012,6,,465,,,native,species,2.00000007546,density,
3174,1256,676,2012,6,,484,,,native,species,40.00000003766,density,
3175,1256,676,2012,6,,1686,,,native,species,0,density,
3176,1256,676,2012,6,,1687,,,native,species,0,density,
3177,1256,676,2012,6,,712,,,native,species,0.99999993262,density,
3178,1256,676,2012,6,,1741,,,native,species,36.00000009696,density,
3179,1257,676,2012,6,,465,,,native,species,0,density,
3180,1257,676,2012,6,,484,,,native,species,0,density,
3181,1257,676,2012,6,,1686,,,native,species,0,density,
3182,1257,676,2012,6,,1687,,,native,species,0,density,
3183,1257,676,2012,6,,712,,,native,species,0,density,
3184,1257,676,2012,6,,1741,,,native,species,0,density,
3185,1258,676,2012,6,,465,,,native,species,0,density,
3186,1258,676,2012,6,,484,,,native,species,16.999999905640003,density,
3187,1258,676,2012,6,,1686,,,native,species,0,density,
3188,1258,676,2012,6,,1687,,,native,species,0,density,
3189,1258,676,2012,6,,712,,,native,species,0,density,
3190,1258,676,2012,6,,1741,,,native,species,9.00000002424,density,
3191,1259,364,2012,6,,465,,,native,species,0,density,
3192,1259,364,2012,6,,484,,,native,species,15.99999997302,density,
3193,1259,364,2012,6,,1686,,,native,species,0,density,
3194,1259,364,2012,6,,1687,,,native,species,0,density,
3195,1259,364,2012,6,,712,,,native,species,0,density,
3196,1259,364,2012,6,,1741,,,native,species,0.99999993262,density,
3197,1260,364,2012,6,,465,,,native,species,0,density,
3198,1260,364,2012,6,,484,,,native,species,81.00000000794,density,
3199,1260,364,2012,6,,1686,,,native,species,0,density,
3200,1260,364,2012,6,,1687,,,native,species,0,density,
3201,1260,364,2012,6,,712,,,native,species,0,density,
3202,1260,364,2012,6,,1741,,,native,species,0,density,
3203,1261,364,2012,6,,465,,,native,species,0,density,
3204,1261,364,2012,6,,484,,,native,species,6.99999994878,density,
3205,1261,364,2012,6,,1686,,,native,species,0,density,
3206,1261,364,2012,6,,1687,,,native,species,0,density,
3207,1261,364,2012,6,,712,,,native,species,0,density,
3208,1261,364,2012,6,,1741,,,native,species,3.00000000808,density,
3209,1262,468,2012,6,,465,,,native,species,0,density,
3210,1262,468,2012,6,,484,,,native,species,0,density,
3211,1262,468,2012,6,,1686,,,native,species,0,density,
3212,1262,468,2012,6,,1687,,,native,species,0,density,
3213,1262,468,2012,6,,712,,,native,species,0,density,
3214,1262,468,2012,6,,1741,,,native,species,6.99999994878,density,
3215,1263,468,2012,6,,465,,,native,species,0,density,
3216,1263,468,2012,6,,484,,,native,species,0,density,
3217,1263,468,2012,6,,1686,,,native,species,0,density,
3218,1263,468,2012,6,,1687,,,native,species,0,density,
3219,1263,468,2012,6,,712,,,native,species,0,density,
3220,1263,468,2012,6,,1741,,,native,species,5.00000008354,density,
3221,1264,468,2012,6,,465,,,native,species,0,density,
3222,1264,468,2012,6,,484,,,native,species,0,density,
3223,1264,468,2012,6,,1686,,,native,species,0,density,
3224,1264,468,2012,6,,1687,,,native,species,0,density,
3225,1264,468,2012,6,,712,,,native,species,0,density,
3226,1264,468,2012,6,,1741,,,native,species,5.00000008354,density,
3227,1265,364,2012,6,,465,,,native,species,0,density,
3228,1265,364,2012,6,,484,,,native,species,0,density,
3229,1265,364,2012,6,,1686,,,native,species,0,density,
3230,1265,364,2012,6,,1687,,,native,species,0,density,
3231,1265,364,2012,6,,712,,,native,species,0,density,
3232,1265,364,2012,6,,1741,,,native,species,0,density,
3233,1266,364,2012,6,,465,,,native,species,0.99999993262,density,
3234,1266,364,2012,6,,484,,,native,species,0,density,
3235,1266,364,2012,6,,1686,,,native,species,0,density,
3236,1266,364,2012,6,,1687,,,native,species,0,density,
3237,1266,364,2012,6,,712,,,native,species,0,density,
3238,1266,364,2012,6,,1741,,,native,species,0,density,
3239,1267,364,2012,6,,465,,,native,species,12.999999964939999,density,
3240,1267,364,2012,6,,484,,,native,species,15.99999997302,density,
3241,1267,364,2012,6,,1686,,,native,species,0,density,
3242,1267,364,2012,6,,1687,,,native,species,0,density,
3243,1267,364,2012,6,,712,,,native,species,96.99999998096,density,
3244,1267,364,2012,6,,1741,,,native,species,0,density,
3245,1268,468,2012,6,,465,,,native,species,3.9999999407,density,
3246,1268,468,2012,6,,484,,,native,species,2.00000007546,density,
3247,1268,468,2012,6,,1686,,,native,species,0,density,
3248,1268,468,2012,6,,1687,,,native,species,0,density,
3249,1268,468,2012,6,,712,,,native,species,0,density,
3250,1268,468,2012,6,,1741,,,native,species,2.00000007546,density,
3251,1269,364,2012,6,,465,,,native,species,0.99999993262,density,
3252,1269,364,2012,6,,484,,,native,species,84.99999994864,density,
3253,1269,364,2012,6,,1686,,,native,species,0,density,
3254,1269,364,2012,6,,1687,,,native,species,0,density,
3255,1269,364,2012,6,,712,,,native,species,81.99999994056,density,
3256,1269,364,2012,6,,1741,,,native,species,50.999999927139996,density,
3257,1270,364,2012,6,,465,,,native,species,2.00000007546,density,
3258,1270,364,2012,6,,484,,,native,species,108.00000008066002,density,
3259,1270,364,2012,6,,1686,,,native,species,0,density,
3260,1270,364,2012,6,,1687,,,native,species,0,density,
3261,1270,364,2012,6,,712,,,native,species,103.99999992974,density,
3262,1270,364,2012,6,,1741,,,native,species,86.00000009147999,density,
3263,1271,364,2012,6,,465,,,native,species,0,density,
3264,1271,364,2012,6,,484,,,native,species,261.0000000723,density,
3265,1271,364,2012,6,,1686,,,native,species,2.00000007546,density,
3266,1271,364,2012,6,,1687,,,native,species,0,density,
3267,1271,364,2012,6,,712,,,native,species,131.99999993508,density,
3268,1271,364,2012,6,,1741,,,native,species,59.999999951380005,density,
3269,1272,520,2012,6,,465,,,native,species,0,density,
3270,1272,520,2012,6,,484,,,native,species,0.99999993262,density,
3271,1272,520,2012,6,,1686,,,native,species,0.99999993262,density,
3272,1272,520,2012,6,,1687,,,native,species,0,density,
3273,1272,520,2012,6,,712,,,native,species,153.99999992426,density,
3274,1272,520,2012,6,,1741,,,native,species,0,density,
3275,1273,520,2012,6,,465,,,native,species,9.99999995686,density,
3276,1273,520,2012,6,,484,,,native,species,2.00000007546,density,
3277,1273,520,2012,6,,1686,,,native,species,6.00000001616,density,
3278,1273,520,2012,6,,1687,,,native,species,0,density,
3279,1273,520,2012,6,,712,,,native,species,49.999999994519996,density,
3280,1273,520,2012,6,,1741,,,native,species,0,density,
3281,1274,520,2012,6,,465,,,native,species,6.99999994878,density,
3282,1274,520,2012,6,,484,,,native,species,15.99999997302,density,
3283,1274,520,2012,6,,1686,,,native,species,18.9999999811,density,
3284,1274,520,2012,6,,1687,,,native,species,0,density,
3285,1274,520,2012,6,,712,,,native,species,65.00000003491999,density,
3286,1274,520,2012,6,,1741,,,native,species,0.99999993262,density,
3287,1275,520,2012,6,,465,,,native,species,15.0000000404,density,
3288,1275,520,2012,6,,484,,,native,species,61.000000094220006,density,
3289,1275,520,2012,6,,1686,,,native,species,0,density,
3290,1275,520,2012,6,,1687,,,native,species,0,density,
3291,1275,520,2012,6,,712,,,native,species,196.00000003738,density,
3292,1275,520,2012,6,,1741,,,native,species,0,density,
3293,1276,416,2012,6,,465,,,native,species,3.00000000808,density,
3294,1276,416,2012,6,,484,,,native,species,2.00000007546,density,
3295,1276,416,2012,6,,1686,,,native,species,0,density,
3296,1276,416,2012,6,,1687,,,native,species,0,density,
3297,1276,416,2012,6,,712,,,native,species,0,density,
3298,1276,416,2012,6,,1741,,,native,species,0.99999993262,density,
3299,1277,416,2012,6,,465,,,native,species,0,density,
3300,1277,416,2012,6,,484,,,native,species,0,density,
3301,1277,416,2012,6,,1686,,,native,species,0,density,
3302,1277,416,2012,6,,1687,,,native,species,0,density,
3303,1277,416,2012,6,,712,,,native,species,0,density,
3304,1277,416,2012,6,,1741,,,native,species,0,density,
3305,1278,416,2012,6,,465,,,native,species,0,density,
3306,1278,416,2012,6,,484,,,native,species,0,density,
3307,1278,416,2012,6,,1686,,,native,species,0,density,
3308,1278,416,2012,6,,1687,,,native,species,0,density,
3309,1278,416,2012,6,,712,,,native,species,0,density,
3310,1278,416,2012,6,,1741,,,native,species,0,density,
3311,1279,468,2012,6,,465,,,native,species,24.00000006464,density,
3312,1279,468,2012,6,,484,,,native,species,0,density,
3313,1279,468,2012,6,,1686,,,native,species,0,density,
3314,1279,468,2012,6,,1687,,,native,species,0,density,
3315,1279,468,2012,6,,712,,,native,species,0,density,
3316,1279,468,2012,6,,1741,,,native,species,0,density,
3317,1280,468,2012,6,,465,,,native,species,0,density,
3318,1280,468,2012,6,,484,,,native,species,0,density,
3319,1280,468,2012,6,,1686,,,native,species,6.99999994878,density,
3320,1280,468,2012,6,,1687,,,native,species,0,density,
3321,1280,468,2012,6,,712,,,native,species,30.0000000808,density,
3322,1280,468,2012,6,,1741,,,native,species,142.00000010216002,density,
3323,1281,468,2012,6,,465,,,native,species,2.00000007546,density,
3324,1281,468,2012,6,,484,,,native,species,0.99999993262,density,
3325,1281,468,2012,6,,1686,,,native,species,0,density,
3326,1281,468,2012,6,,1687,,,native,species,0,density,
3327,1281,468,2012,6,,712,,,native,species,68.99999997562,density,
3328,1281,468,2012,6,,1741,,,native,species,9.00000002424,density,
3329,1282,468,2012,6,,465,,,native,species,36.00000009696,density,
3330,1282,468,2012,6,,484,,,native,species,0,density,
3331,1282,468,2012,6,,1686,,,native,species,0,density,
3332,1282,468,2012,6,,1687,,,native,species,0,density,
3333,1282,468,2012,6,,712,,,native,species,53.999999935219996,density,
3334,1282,468,2012,6,,1741,,,native,species,298.00000010188,density,
3335,1283,468,2012,6,,465,,,native,species,9.99999995686,density,
3336,1283,468,2012,6,,484,,,native,species,6.99999994878,density,
3337,1283,468,2012,6,,1686,,,native,species,3.9999999407,density,
3338,1283,468,2012,6,,1687,,,native,species,0,density,
3339,1283,468,2012,6,,712,,,native,species,161.00000008326,density,
3340,1283,468,2012,6,,1741,,,native,species,15.99999997302,density,
3341,1284,468,2012,6,,465,,,native,species,9.00000002424,density,
3342,1284,468,2012,6,,484,,,native,species,0.99999993262,density,
3343,1284,468,2012,6,,1686,,,native,species,37.9999999622,density,
3344,1284,468,2012,6,,1687,,,native,species,0,density,
3345,1284,468,2012,6,,712,,,native,species,59.00000001876,density,
3346,1284,468,2012,6,,1741,,,native,species,243.00000002382,density,
3347,1285,468,2012,6,,465,,,native,species,16.999999905640003,density,
3348,1285,468,2012,6,,484,,,native,species,3.00000000808,density,
3349,1285,468,2012,6,,1686,,,native,species,0,density,
3350,1285,468,2012,6,,1687,,,native,species,0,density,
3351,1285,468,2012,6,,712,,,native,species,155.00000006710002,density,
3352,1285,468,2012,6,,1741,,,native,species,0,density,
3353,1286,260,2012,6,,465,,,native,species,0,density,
3354,1286,260,2012,6,,484,,,native,species,0,density,
3355,1286,260,2012,6,,1686,,,native,species,0,density,
3356,1286,260,2012,6,,1687,,,native,species,0,density,
3357,1286,260,2012,6,,712,,,native,species,0,density,
3358,1286,260,2012,6,,1741,,,native,species,0,density,
3359,1287,260,2012,6,,465,,,native,species,0,density,
3360,1287,260,2012,6,,484,,,native,species,0,density,
3361,1287,260,2012,6,,1686,,,native,species,0,density,
3362,1287,260,2012,6,,1687,,,native,species,0,density,
3363,1287,260,2012,6,,712,,,native,species,0,density,
3364,1287,260,2012,6,,1741,,,native,species,0,density,
3365,1288,260,2012,6,,465,,,native,species,0,density,
3366,1288,260,2012,6,,484,,,native,species,0,density,
3367,1288,260,2012,6,,1686,,,native,species,0,density,
3368,1288,260,2012,6,,1687,,,native,species,0,density,
3369,1288,260,2012,6,,712,,,native,species,0,density,
3370,1288,260,2012,6,,1741,,,native,species,0,density,
3371,1289,260,2012,6,,465,,,native,species,0,density,
3372,1289,260,2012,6,,484,,,native,species,0,density,
3373,1289,260,2012,6,,1686,,,native,species,0,density,
3374,1289,260,2012,6,,1687,,,native,species,0,density,
3375,1289,260,2012,6,,712,,,native,species,0,density,
3376,1289,260,2012,6,,1741,,,native,species,0,density,
3377,1290,260,2012,6,,465,,,native,species,0,density,
3378,1290,260,2012,6,,484,,,native,species,0,density,
3379,1290,260,2012,6,,1686,,,native,species,0,density,
3380,1290,260,2012,6,,1687,,,native,species,0,density,
3381,1290,260,2012,6,,712,,,native,species,0,density,
3382,1290,260,2012,6,,1741,,,native,species,0,density,
3383,1291,260,2012,6,,465,,,native,species,0,density,
3384,1291,260,2012,6,,484,,,native,species,0,density,
3385,1291,260,2012,6,,1686,,,native,species,0,density,
3386,1291,260,2012,6,,1687,,,native,species,0,density,
3387,1291,260,2012,6,,712,,,native,species,0,density,
3388,1291,260,2012,6,,1741,,,native,species,0,density,
3389,1292,468,2012,6,,465,,,native,species,5.00000008354,density,
3390,1292,468,2012,6,,484,,,native,species,0,density,
3391,1292,468,2012,6,,1686,,,native,species,0,density,
3392,1292,468,2012,6,,1687,,,native,species,0,density,
3393,1292,468,2012,6,,712,,,native,species,0,density,
3394,1292,468,2012,6,,1741,,,native,species,2.00000007546,density,
3395,1293,468,2012,6,,465,,,native,species,0.99999993262,density,
3396,1293,468,2012,6,,484,,,native,species,0,density,
3397,1293,468,2012,6,,1686,,,native,species,0,density,
3398,1293,468,2012,6,,1687,,,native,species,0,density,
3399,1293,468,2012,6,,712,,,native,species,0,density,
3400,1293,468,2012,6,,1741,,,native,species,0.99999993262,density,
3401,1294,468,2012,6,,465,,,native,species,8.000000091619999,density,
3402,1294,468,2012,6,,484,,,native,species,0,density,
3403,1294,468,2012,6,,1686,,,native,species,0,density,
3404,1294,468,2012,6,,1687,,,native,species,0,density,
3405,1294,468,2012,6,,712,,,native,species,0,density,
3406,1294,468,2012,6,,1741,,,native,species,0.99999993262,density,
3407,1295,260,2012,6,,465,,,native,species,0,density,
3408,1295,260,2012,6,,484,,,native,species,0,density,
3409,1295,260,2012,6,,1686,,,native,species,0,density,
3410,1295,260,2012,6,,1687,,,native,species,0,density,
3411,1295,260,2012,6,,712,,,native,species,0,density,
3412,1295,260,2012,6,,1741,,,native,species,0,density,
3413,1296,260,2012,6,,465,,,native,species,0,density,
3414,1296,260,2012,6,,484,,,native,species,0,density,
3415,1296,260,2012,6,,1686,,,native,species,0,density,
3416,1296,260,2012,6,,1687,,,native,species,0,density,
3417,1296,260,2012,6,,712,,,native,species,0,density,
3418,1296,260,2012,6,,1741,,,native,species,0,density,
3419,1297,1040,2012,6,,465,,,native,species,0,density,
3420,1297,1040,2012,6,,484,,,native,species,93.00000004025999,density,
3421,1297,1040,2012,6,,1686,,,native,species,0.99999993262,density,
3422,1297,1040,2012,6,,1687,,,native,species,0,density,
3423,1297,1040,2012,6,,712,,,native,species,5.00000008354,density,
3424,1297,1040,2012,6,,1741,,,native,species,66.99999990015999,density,
3425,1298,936,2012,6,,465,,,native,species,0,density,
3426,1298,936,2012,6,,484,,,native,species,0,density,
3427,1298,936,2012,6,,1686,,,native,species,0,density,
3428,1298,936,2012,6,,1687,,,native,species,0,density,
3429,1298,936,2012,6,,712,,,native,species,0,density,
3430,1298,936,2012,6,,1741,,,native,species,0,density,
3431,1299,936,2012,6,,465,,,native,species,0,density,
3432,1299,936,2012,6,,484,,,native,species,0,density,
3433,1299,936,2012,6,,1686,,,native,species,0,density,
3434,1299,936,2012,6,,1687,,,native,species,0,density,
3435,1299,936,2012,6,,712,,,native,species,0,density,
3436,1299,936,2012,6,,1741,,,native,species,0,density,
3437,1300,936,2012,6,,465,,,native,species,0,density,
3438,1300,936,2012,6,,484,,,native,species,0,density,
3439,1300,936,2012,6,,1686,,,native,species,0,density,
3440,1300,936,2012,6,,1687,,,native,species,0,density,
3441,1300,936,2012,6,,712,,,native,species,0,density,
3442,1300,936,2012,6,,1741,,,native,species,0,density,
3443,1301,832,2012,6,,465,,,native,species,0,density,
3444,1301,832,2012,6,,484,,,native,species,0.99999993262,density,
3445,1301,832,2012,6,,1686,,,native,species,0,density,
3446,1301,832,2012,6,,1687,,,native,species,0,density,
3447,1301,832,2012,6,,712,,,native,species,0,density,
3448,1301,832,2012,6,,1741,,,native,species,0,density,
3449,1302,832,2012,6,,465,,,native,species,0,density,
3450,1302,832,2012,6,,484,,,native,species,0,density,
3451,1302,832,2012,6,,1686,,,native,species,0,density,
3452,1302,832,2012,6,,1687,,,native,species,0,density,
3453,1302,832,2012,6,,712,,,native,species,0,density,
3454,1302,832,2012,6,,1741,,,native,species,0,density,
3455,1303,832,2012,6,,465,,,native,species,0,density,
3456,1303,832,2012,6,,484,,,native,species,0,density,
3457,1303,832,2012,6,,1686,,,native,species,0,density,
3458,1303,832,2012,6,,1687,,,native,species,0,density,
3459,1303,832,2012,6,,712,,,native,species,0,density,
3460,1303,832,2012,6,,1741,,,native,species,0,density,
3461,1304,416,2012,6,,465,,,native,species,2.00000007546,density,
3462,1304,416,2012,6,,484,,,native,species,2.00000007546,density,
3463,1304,416,2012,6,,1686,,,native,species,0,density,
3464,1304,416,2012,6,,1687,,,native,species,0,density,
3465,1304,416,2012,6,,712,,,native,species,0,density,
3466,1304,416,2012,6,,1741,,,native,species,0.99999993262,density,
3467,1305,416,2012,6,,465,,,native,species,24.999999997259998,density,
3468,1305,416,2012,6,,484,,,native,species,0.99999993262,density,
3469,1305,416,2012,6,,1686,,,native,species,2.00000007546,density,
3470,1305,416,2012,6,,1687,,,native,species,0,density,
3471,1305,416,2012,6,,712,,,native,species,0,density,
3472,1305,416,2012,6,,1741,,,native,species,12.00000003232,density,
3473,1306,416,2012,6,,465,,,native,species,24.999999997259998,density,
3474,1306,416,2012,6,,484,,,native,species,0,density,
3475,1306,416,2012,6,,1686,,,native,species,0,density,
3476,1306,416,2012,6,,1687,,,native,species,0,density,
3477,1306,416,2012,6,,712,,,native,species,0,density,
3478,1306,416,2012,6,,1741,,,native,species,0,density,
3479,1307,416,2012,6,,465,,,native,species,0,density,
3480,1307,416,2012,6,,484,,,native,species,0,density,
3481,1307,416,2012,6,,1686,,,native,species,0,density,
3482,1307,416,2012,6,,1687,,,native,species,0,density,
3483,1307,416,2012,6,,712,,,native,species,0,density,
3484,1307,416,2012,6,,1741,,,native,species,0,density,
3485,1308,416,2012,6,,465,,,native,species,0,density,
3486,1308,416,2012,6,,484,,,native,species,0,density,
3487,1308,416,2012,6,,1686,,,native,species,0,density,
3488,1308,416,2012,6,,1687,,,native,species,0,density,
3489,1308,416,2012,6,,712,,,native,species,0,density,
3490,1308,416,2012,6,,1741,,,native,species,0,density,
3491,1309,156,2012,6,,465,,,native,species,0,density,
3492,1309,156,2012,6,,484,,,native,species,0,density,
3493,1309,156,2012,6,,1686,,,native,species,21.99999998918,density,
3494,1309,156,2012,6,,1687,,,native,species,0,density,
3495,1309,156,2012,6,,712,,,native,species,0,density,
3496,1309,156,2012,6,,1741,,,native,species,0,density,
3497,1310,156,2012,6,,465,,,native,species,0,density,
3498,1310,156,2012,6,,484,,,native,species,0,density,
3499,1310,156,2012,6,,1686,,,native,species,77.99999999986001,density,
3500,1310,156,2012,6,,1687,,,native,species,0,density,
3501,1310,156,2012,6,,712,,,native,species,0,density,
3502,1310,156,2012,6,,1741,,,native,species,0,density,
3503,1311,156,2012,6,,465,,,native,species,0,density,
3504,1311,156,2012,6,,484,,,native,species,0,density,
3505,1311,156,2012,6,,1686,,,native,species,118.00000003752,density,
3506,1311,156,2012,6,,1687,,,native,species,0,density,
3507,1311,156,2012,6,,712,,,native,species,0,density,
3508,1311,156,2012,6,,1741,,,native,species,0,density,
3509,1312,156,2012,6,,465,,,native,species,0.99999993262,density,
3510,1312,156,2012,6,,484,,,native,species,0,density,
3511,1312,156,2012,6,,1686,,,native,species,0,density,
3512,1312,156,2012,6,,1687,,,native,species,0,density,
3513,1312,156,2012,6,,712,,,native,species,0,density,
3514,1312,156,2012,6,,1741,,,native,species,0,density,
3515,1313,156,2012,6,,465,,,native,species,149.00000005094,density,
3516,1313,156,2012,6,,484,,,native,species,0,density,
3517,1313,156,2012,6,,1686,,,native,species,3.9999999407,density,
3518,1313,156,2012,6,,1687,,,native,species,0,density,
3519,1313,156,2012,6,,712,,,native,species,0,density,
3520,1313,156,2012,6,,1741,,,native,species,0,density,
3521,1314,156,2012,6,,465,,,native,species,37.00000002958,density,
3522,1314,156,2012,6,,484,,,native,species,0,density,
3523,1314,156,2012,6,,1686,,,native,species,3.00000000808,density,
3524,1314,156,2012,6,,1687,,,native,species,0,density,
3525,1314,156,2012,6,,712,,,native,species,22.9999999218,density,
3526,1314,156,2012,6,,1741,,,native,species,0,density,
3527,1315,104,2012,6,,465,,,native,species,40.00000003766,density,
3528,1315,104,2012,6,,484,,,native,species,0,density,
3529,1315,104,2012,6,,1686,,,native,species,99.99999998903999,density,
3530,1315,104,2012,6,,1687,,,native,species,0,density,
3531,1315,104,2012,6,,712,,,native,species,0,density,
3532,1315,104,2012,6,,1741,,,native,species,0,density,
3533,1316,104,2012,6,,465,,,native,species,0,density,
3534,1316,104,2012,6,,484,,,native,species,0,density,
3535,1316,104,2012,6,,1686,,,native,species,15.0000000404,density,
3536,1316,104,2012,6,,1687,,,native,species,0,density,
3537,1316,104,2012,6,,712,,,native,species,0,density,
3538,1316,104,2012,6,,1741,,,native,species,0,density,
3539,1317,104,2012,6,,465,,,native,species,0,density,
3540,1317,104,2012,6,,484,,,native,species,0,density,
3541,1317,104,2012,6,,1686,,,native,species,0,density,
3542,1317,104,2012,6,,1687,,,native,species,0,density,
3543,1317,104,2012,6,,712,,,native,species,0,density,
3544,1317,104,2012,6,,1741,,,native,species,0,density,
3545,1318,104,2012,6,,465,,,native,species,40.00000003766,density,
3546,1318,104,2012,6,,484,,,native,species,0,density,
3547,1318,104,2012,6,,1686,,,native,species,0,density,
3548,1318,104,2012,6,,1687,,,native,species,0,density,
3549,1318,104,2012,6,,712,,,native,species,0,density,
3550,1318,104,2012,6,,1741,,,native,species,2.00000007546,density,
3551,1319,104,2012,6,,465,,,native,species,93.00000004025999,density,
3552,1319,104,2012,6,,484,,,native,species,9.99999995686,density,
3553,1319,104,2012,6,,1686,,,native,species,64.0000001023,density,
3554,1319,104,2012,6,,1687,,,native,species,0,density,
3555,1319,104,2012,6,,712,,,native,species,0,density,
3556,1319,104,2012,6,,1741,,,native,species,6.99999994878,density,
3557,1320,104,2012,6,,465,,,native,species,15.0000000404,density,
3558,1320,104,2012,6,,484,,,native,species,0.99999993262,density,
3559,1320,104,2012,6,,1686,,,native,species,49.999999994519996,density,
3560,1320,104,2012,6,,1687,,,native,species,0,density,
3561,1320,104,2012,6,,712,,,native,species,0.99999993262,density,
3562,1320,104,2012,6,,1741,,,native,species,0,density,
3563,1321,468,2012,6,,465,,,native,species,0.99999993262,density,
3564,1321,468,2012,6,,484,,,native,species,0,density,
3565,1321,468,2012,6,,1686,,,native,species,0,density,
3566,1321,468,2012,6,,1687,,,native,species,0,density,
3567,1321,468,2012,6,,712,,,native,species,0,density,
3568,1321,468,2012,6,,1741,,,native,species,0,density,
3569,1322,52,2012,6,,465,,,native,species,0,density,
3570,1322,52,2012,6,,484,,,native,species,0,density,
3571,1322,52,2012,6,,1686,,,native,species,0,density,
3572,1322,52,2012,6,,1687,,,native,species,0,density,
3573,1322,52,2012,6,,712,,,native,species,0,density,
3574,1322,52,2012,6,,1741,,,native,species,0,density,
3575,1323,52,2012,6,,465,,,native,species,0,density,
3576,1323,52,2012,6,,484,,,native,species,0,density,
3577,1323,52,2012,6,,1686,,,native,species,0,density,
3578,1323,52,2012,6,,1687,,,native,species,0,density,
3579,1323,52,2012,6,,712,,,native,species,0,density,
3580,1323,52,2012,6,,1741,,,native,species,0,density,
3581,1324,52,2012,6,,465,,,native,species,0,density,
3582,1324,52,2012,6,,484,,,native,species,0,density,
3583,1324,52,2012,6,,1686,,,native,species,0,density,
3584,1324,52,2012,6,,1687,,,native,species,0,density,
3585,1324,52,2012,6,,712,,,native,species,0,density,
3586,1324,52,2012,6,,1741,,,native,species,0,density,
3587,1325,52,2012,6,,465,,,native,species,0,density,
3588,1325,52,2012,6,,484,,,native,species,0,density,
3589,1325,52,2012,6,,1686,,,native,species,0,density,
3590,1325,52,2012,6,,1687,,,native,species,0,density,
3591,1325,52,2012,6,,712,,,native,species,0,density,
3592,1325,52,2012,6,,1741,,,native,species,0,density,
3593,1326,52,2012,6,,465,,,native,species,0,density,
3594,1326,52,2012,6,,484,,,native,species,0,density,
3595,1326,52,2012,6,,1686,,,native,species,0,density,
3596,1326,52,2012,6,,1687,,,native,species,0,density,
3597,1326,52,2012,6,,712,,,native,species,0,density,
3598,1326,52,2012,6,,1741,,,native,species,0,density,
3599,1327,52,2012,6,,465,,,native,species,0,density,
3600,1327,52,2012,6,,484,,,native,species,0,density,
3601,1327,52,2012,6,,1686,,,native,species,0,density,
3602,1327,52,2012,6,,1687,,,native,species,0,density,
3603,1327,52,2012,6,,712,,,native,species,0,density,
3604,1327,52,2012,6,,1741,,,native,species,0,density,
3605,1328,624,2012,6,,465,,,native,species,0,density,
3606,1328,624,2012,6,,484,,,native,species,0,density,
3607,1328,624,2012,6,,1686,,,native,species,0.99999993262,density,
3608,1328,624,2012,6,,1687,,,native,species,0,density,
3609,1328,624,2012,6,,712,,,native,species,0,density,
3610,1328,624,2012,6,,1741,,,native,species,0,density,
3611,1329,624,2012,6,,465,,,native,species,0,density,
3612,1329,624,2012,6,,484,,,native,species,0,density,
3613,1329,624,2012,6,,1686,,,native,species,0.99999993262,density,
3614,1329,624,2012,6,,1687,,,native,species,0,density,
3615,1329,624,2012,6,,712,,,native,species,0,density,
3616,1329,624,2012,6,,1741,,,native,species,0,density,
3617,1330,624,2012,6,,465,,,native,species,0,density,
3618,1330,624,2012,6,,484,,,native,species,0,density,
3619,1330,624,2012,6,,1686,,,native,species,2.00000007546,density,
3620,1330,624,2012,6,,1687,,,native,species,0,density,
3621,1330,624,2012,6,,712,,,native,species,0,density,
3622,1330,624,2012,6,,1741,,,native,species,0,density,
3623,1331,624,2012,6,,465,,,native,species,0,density,
3624,1331,624,2012,6,,484,,,native,species,0,density,
3625,1331,624,2012,6,,1686,,,native,species,0.99999993262,density,
3626,1331,624,2012,6,,1687,,,native,species,0,density,
3627,1331,624,2012,6,,712,,,native,species,0,density,
3628,1331,624,2012,6,,1741,,,native,species,0,density,
3629,1332,624,2012,6,,465,,,native,species,0,density,
3630,1332,624,2012,6,,484,,,native,species,0,density,
3631,1332,624,2012,6,,1686,,,native,species,0.99999993262,density,
3632,1332,624,2012,6,,1687,,,native,species,0,density,
3633,1332,624,2012,6,,712,,,native,species,0,density,
3634,1332,624,2012,6,,1741,,,native,species,0,density,
3635,1333,312,2012,6,,465,,,native,species,0,density,
3636,1333,312,2012,6,,484,,,native,species,0,density,
3637,1333,312,2012,6,,1686,,,native,species,0,density,
3638,1333,312,2012,6,,1687,,,native,species,0,density,
3639,1333,312,2012,6,,712,,,native,species,0,density,
3640,1333,312,2012,6,,1741,,,native,species,0,density,
3641,1334,312,2012,6,,465,,,native,species,0.99999993262,density,
3642,1334,312,2012,6,,484,,,native,species,0,density,
3643,1334,312,2012,6,,1686,,,native,species,0,density,
3644,1334,312,2012,6,,1687,,,native,species,0,density,
3645,1334,312,2012,6,,712,,,native,species,0,density,
3646,1334,312,2012,6,,1741,,,native,species,2.00000007546,density,
3647,1335,572,2012,6,,465,,,native,species,3.9999999407,density,
3648,1335,572,2012,6,,484,,,native,species,0,density,
3649,1335,572,2012,6,,1686,,,native,species,0,density,
3650,1335,572,2012,6,,1687,,,native,species,0,density,
3651,1335,572,2012,6,,712,,,native,species,0,density,
3652,1335,572,2012,6,,1741,,,native,species,71.00000005108001,density,
3653,1336,572,2012,6,,465,,,native,species,0,density,
3654,1336,572,2012,6,,484,,,native,species,0,density,
3655,1336,572,2012,6,,1686,,,native,species,0,density,
3656,1336,572,2012,6,,1687,,,native,species,0,density,
3657,1336,572,2012,6,,712,,,native,species,0,density,
3658,1336,572,2012,6,,1741,,,native,species,25.999999929879998,density,
3659,1337,572,2012,6,,465,,,native,species,6.00000001616,density,
3660,1337,572,2012,6,,484,,,native,species,0,density,
3661,1337,572,2012,6,,1686,,,native,species,0,density,
3662,1337,572,2012,6,,1687,,,native,species,0,density,
3663,1337,572,2012,6,,712,,,native,species,0,density,
3664,1337,572,2012,6,,1741,,,native,species,58.000000086140005,density,
3665,1338,312,2012,6,,465,,,native,species,3.00000000808,density,
3666,1338,312,2012,6,,484,,,native,species,2.00000007546,density,
3667,1338,312,2012,6,,1686,,,native,species,0,density,
3668,1338,312,2012,6,,1687,,,native,species,0,density,
3669,1338,312,2012,6,,712,,,native,species,0,density,
3670,1338,312,2012,6,,1741,,,native,species,2.00000007546,density,
3671,1339,312,2012,6,,465,,,native,species,0,density,
3672,1339,312,2012,6,,484,,,native,species,0,density,
3673,1339,312,2012,6,,1686,,,native,species,0,density,
3674,1339,312,2012,6,,1687,,,native,species,0,density,
3675,1339,312,2012,6,,712,,,native,species,0,density,
3676,1339,312,2012,6,,1741,,,native,species,0.99999993262,density,
3677,1340,312,2012,6,,465,,,native,species,6.99999994878,density,
3678,1340,312,2012,6,,484,,,native,species,2.00000007546,density,
3679,1340,312,2012,6,,1686,,,native,species,0,density,
3680,1340,312,2012,6,,1687,,,native,species,0,density,
3681,1340,312,2012,6,,712,,,native,species,0,density,
3682,1340,312,2012,6,,1741,,,native,species,0.99999993262,density,
3683,1341,312,2012,6,,465,,,native,species,0,density,
3684,1341,312,2012,6,,484,,,native,species,0,density,
3685,1341,312,2012,6,,1686,,,native,species,0,density,
3686,1341,312,2012,6,,1687,,,native,species,0,density,
3687,1341,312,2012,6,,712,,,native,species,0,density,
3688,1341,312,2012,6,,1741,,,native,species,2.00000007546,density,
3689,1342,312,2012,6,,465,,,native,species,0.99999993262,density,
3690,1342,312,2012,6,,484,,,native,species,0,density,
3691,1342,312,2012,6,,1686,,,native,species,0,density,
3692,1342,312,2012,6,,1687,,,native,species,0,density,
3693,1342,312,2012,6,,712,,,native,species,0,density,
3694,1342,312,2012,6,,1741,,,native,species,8.000000091619999,density,
3695,1343,572,2012,6,,465,,,native,species,0,density,
3696,1343,572,2012,6,,484,,,native,species,0,density,
3697,1343,572,2012,6,,1686,,,native,species,0,density,
3698,1343,572,2012,6,,1687,,,native,species,0,density,
3699,1343,572,2012,6,,712,,,native,species,0,density,
3700,1343,572,2012,6,,1741,,,native,species,2.00000007546,density,
3701,1344,468,2012,6,,465,,,native,species,0,density,
3702,1344,468,2012,6,,484,,,native,species,0,density,
3703,1344,468,2012,6,,1686,,,native,species,0,density,
3704,1344,468,2012,6,,1687,,,native,species,0,density,
3705,1344,468,2012,6,,712,,,native,species,0,density,
3706,1344,468,2012,6,,1741,,,native,species,0,density,
3707,1345,468,2012,6,,465,,,native,species,3.9999999407,density,
3708,1345,468,2012,6,,484,,,native,species,0,density,
3709,1345,468,2012,6,,1686,,,native,species,0,density,
3710,1345,468,2012,6,,1687,,,native,species,0,density,
3711,1345,468,2012,6,,712,,,native,species,0,density,
3712,1345,468,2012,6,,1741,,,native,species,0.99999993262,density,
3713,1346,312,2012,6,,465,,,native,species,0,density,
3714,1346,312,2012,6,,484,,,native,species,0,density,
3715,1346,312,2012,6,,1686,,,native,species,0,density,
3716,1346,312,2012,6,,1687,,,native,species,0,density,
3717,1346,312,2012,6,,712,,,native,species,0,density,
3718,1346,312,2012,6,,1741,,,native,species,0,density,
3719,1347,312,2012,6,,465,,,native,species,0.99999993262,density,
3720,1347,312,2012,6,,484,,,native,species,0,density,
3721,1347,312,2012,6,,1686,,,native,species,0.99999993262,density,
3722,1347,312,2012,6,,1687,,,native,species,0,density,
3723,1347,312,2012,6,,712,,,native,species,0,density,
3724,1347,312,2012,6,,1741,,,native,species,3.00000000808,density,
3725,1348,312,2012,6,,465,,,native,species,0,density,
3726,1348,312,2012,6,,484,,,native,species,0,density,
3727,1348,312,2012,6,,1686,,,native,species,0,density,
3728,1348,312,2012,6,,1687,,,native,species,0,density,
3729,1348,312,2012,6,,712,,,native,species,0,density,
3730,1348,312,2012,6,,1741,,,native,species,31.00000001342,density,
3731,1349,312,2012,6,,465,,,native,species,0,density,
3732,1349,312,2012,6,,484,,,native,species,0,density,
3733,1349,312,2012,6,,1686,,,native,species,0,density,
3734,1349,312,2012,6,,1687,,,native,species,0,density,
3735,1349,312,2012,6,,712,,,native,species,0,density,
3736,1349,312,2012,6,,1741,,,native,species,0,density,
3737,1350,312,2012,6,,465,,,native,species,0,density,
3738,1350,312,2012,6,,484,,,native,species,0,density,
3739,1350,312,2012,6,,1686,,,native,species,0,density,
3740,1350,312,2012,6,,1687,,,native,species,0,density,
3741,1350,312,2012,6,,712,,,native,species,0,density,
3742,1350,312,2012,6,,1741,,,native,species,0,density,
3743,1351,312,2012,6,,465,,,native,species,0,density,
3744,1351,312,2012,6,,484,,,native,species,0,density,
3745,1351,312,2012,6,,1686,,,native,species,0,density,
3746,1351,312,2012,6,,1687,,,native,species,0,density,
3747,1351,312,2012,6,,712,,,native,species,0,density,
3748,1351,312,2012,6,,1741,,,native,species,0,density,
3749,1352,312,2012,6,,465,,,native,species,0,density,
3750,1352,312,2012,6,,484,,,native,species,0,density,
3751,1352,312,2012,6,,1686,,,native,species,0,density,
3752,1352,312,2012,6,,1687,,,native,species,0,density,
3753,1352,312,2012,6,,712,,,native,species,0,density,
3754,1352,312,2012,6,,1741,,,native,species,0,density,
3755,1353,312,2012,6,,465,,,native,species,0,density,
3756,1353,312,2012,6,,484,,,native,species,0,density,
3757,1353,312,2012,6,,1686,,,native,species,0,density,
3758,1353,312,2012,6,,1687,,,native,species,0,density,
3759,1353,312,2012,6,,712,,,native,species,0,density,
3760,1353,312,2012,6,,1741,,,native,species,0,density,
3761,1354,312,2012,6,,465,,,native,species,0.99999993262,density,
3762,1354,312,2012,6,,484,,,native,species,0,density,
3763,1354,312,2012,6,,1686,,,native,species,0,density,
3764,1354,312,2012,6,,1687,,,native,species,0,density,
3765,1354,312,2012,6,,712,,,native,species,0,density,
3766,1354,312,2012,6,,1741,,,native,species,0,density,
3767,1355,312,2012,6,,465,,,native,species,0,density,
3768,1355,312,2012,6,,484,,,native,species,0,density,
3769,1355,312,2012,6,,1686,,,native,species,0,density,
3770,1355,312,2012,6,,1687,,,native,species,0,density,
3771,1355,312,2012,6,,712,,,native,species,0,density,
3772,1355,312,2012,6,,1741,,,native,species,0,density,
3773,1356,312,2012,6,,465,,,native,species,0,density,
3774,1356,312,2012,6,,484,,,native,species,0,density,
3775,1356,312,2012,6,,1686,,,native,species,0,density,
3776,1356,312,2012,6,,1687,,,native,species,0,density,
3777,1356,312,2012,6,,712,,,native,species,0,density,
3778,1356,312,2012,6,,1741,,,native,species,0,density,
3779,1357,312,2012,6,,465,,,native,species,0.99999993262,density,
3780,1357,312,2012,6,,484,,,native,species,0,density,
3781,1357,312,2012,6,,1686,,,native,species,0,density,
3782,1357,312,2012,6,,1687,,,native,species,0,density,
3783,1357,312,2012,6,,712,,,native,species,0,density,
3784,1357,312,2012,6,,1741,,,native,species,2.00000007546,density,
3785,1358,312,2012,6,,465,,,native,species,0,density,
3786,1358,312,2012,6,,484,,,native,species,0,density,
3787,1358,312,2012,6,,1686,,,native,species,0,density,
3788,1358,312,2012,6,,1687,,,native,species,0,density,
3789,1358,312,2012,6,,712,,,native,species,0,density,
3790,1358,312,2012,6,,1741,,,native,species,0,density,
3791,1359,104,2012,6,,465,,,native,species,0,density,
3792,1359,104,2012,6,,484,,,native,species,0,density,
3793,1359,104,2012,6,,1686,,,native,species,0,density,
3794,1359,104,2012,6,,1687,,,native,species,0,density,
3795,1359,104,2012,6,,712,,,native,species,0,density,
3796,1359,104,2012,6,,1741,,,native,species,0,density,
3797,1360,104,2012,6,,465,,,native,species,0,density,
3798,1360,104,2012,6,,484,,,native,species,0,density,
3799,1360,104,2012,6,,1686,,,native,species,0,density,
3800,1360,104,2012,6,,1687,,,native,species,0,density,
3801,1360,104,2012,6,,712,,,native,species,0,density,
3802,1360,104,2012,6,,1741,,,native,species,0,density,
3803,1361,104,2012,6,,465,,,native,species,0,density,
3804,1361,104,2012,6,,484,,,native,species,0,density,
3805,1361,104,2012,6,,1686,,,native,species,0,density,
3806,1361,104,2012,6,,1687,,,native,species,0,density,
3807,1361,104,2012,6,,712,,,native,species,0,density,
3808,1361,104,2012,6,,1741,,,native,species,0,density,
3809,1362,884,2012,6,,465,,,native,species,0,density,
3810,1362,884,2012,6,,484,,,native,species,0,density,
3811,1362,884,2012,6,,1686,,,native,species,0,density,
3812,1362,884,2012,6,,1687,,,native,species,0,density,
3813,1362,884,2012,6,,712,,,native,species,0,density,
3814,1362,884,2012,6,,1741,,,native,species,0,density,
3815,1363,884,2012,6,,465,,,native,species,0,density,
3816,1363,884,2012,6,,484,,,native,species,0.99999993262,density,
3817,1363,884,2012,6,,1686,,,native,species,0,density,
3818,1363,884,2012,6,,1687,,,native,species,0,density,
3819,1363,884,2012,6,,712,,,native,species,0,density,
3820,1363,884,2012,6,,1741,,,native,species,0,density,
3821,1364,884,2012,6,,465,,,native,species,0,density,
3822,1364,884,2012,6,,484,,,native,species,0,density,
3823,1364,884,2012,6,,1686,,,native,species,0,density,
3824,1364,884,2012,6,,1687,,,native,species,0,density,
3825,1364,884,2012,6,,712,,,native,species,0,density,
3826,1364,884,2012,6,,1741,,,native,species,0,density,
3827,1365,624,2012,6,,465,,,native,species,0,density,
3828,1365,624,2012,6,,484,,,native,species,0,density,
3829,1365,624,2012,6,,1686,,,native,species,0,density,
3830,1365,624,2012,6,,1687,,,native,species,0,density,
3831,1365,624,2012,6,,712,,,native,species,0,density,
3832,1365,624,2012,6,,1741,,,native,species,0.99999993262,density,
3833,1366,624,2012,6,,465,,,native,species,0,density,
3834,1366,624,2012,6,,484,,,native,species,0,density,
3835,1366,624,2012,6,,1686,,,native,species,2.00000007546,density,
3836,1366,624,2012,6,,1687,,,native,species,0,density,
3837,1366,624,2012,6,,712,,,native,species,0,density,
3838,1366,624,2012,6,,1741,,,native,species,0.99999993262,density,
3839,1367,312,2012,6,,465,,,native,species,12.00000003232,density,
3840,1367,312,2012,6,,484,,,native,species,0,density,
3841,1367,312,2012,6,,1686,,,native,species,2.00000007546,density,
3842,1367,312,2012,6,,1687,,,native,species,0,density,
3843,1367,312,2012,6,,712,,,native,species,0,density,
3844,1367,312,2012,6,,1741,,,native,species,6.00000001616,density,
3845,1368,312,2012,6,,465,,,native,species,3.9999999407,density,
3846,1368,312,2012,6,,484,,,native,species,6.00000001616,density,
3847,1368,312,2012,6,,1686,,,native,species,3.9999999407,density,
3848,1368,312,2012,6,,1687,,,native,species,0,density,
3849,1368,312,2012,6,,712,,,native,species,0,density,
3850,1368,312,2012,6,,1741,,,native,species,3.9999999407,density,
3851,1369,312,2012,6,,465,,,native,species,21.99999998918,density,
3852,1369,312,2012,6,,484,,,native,species,0,density,
3853,1369,312,2012,6,,1686,,,native,species,6.99999994878,density,
3854,1369,312,2012,6,,1687,,,native,species,0,density,
3855,1369,312,2012,6,,712,,,native,species,0,density,
3856,1369,312,2012,6,,1741,,,native,species,0.99999993262,density,
3857,1370,572,2012,6,,465,,,native,species,2.00000007546,density,
3858,1370,572,2012,6,,484,,,native,species,0,density,
3859,1370,572,2012,6,,1686,,,native,species,0,density,
3860,1370,572,2012,6,,1687,,,native,species,0,density,
3861,1370,572,2012,6,,712,,,native,species,0,density,
3862,1370,572,2012,6,,1741,,,native,species,12.00000003232,density,
3863,1371,572,2012,6,,465,,,native,species,0,density,
3864,1371,572,2012,6,,484,,,native,species,0,density,
3865,1371,572,2012,6,,1686,,,native,species,0,density,
3866,1371,572,2012,6,,1687,,,native,species,0,density,
3867,1371,572,2012,6,,712,,,native,species,0,density,
3868,1371,572,2012,6,,1741,,,native,species,6.00000001616,density,
3869,1372,572,2012,6,,465,,,native,species,0,density,
3870,1372,572,2012,6,,484,,,native,species,0,density,
3871,1372,572,2012,6,,1686,,,native,species,0.99999993262,density,
3872,1372,572,2012,6,,1687,,,native,species,0,density,
3873,1372,572,2012,6,,712,,,native,species,0,density,
3874,1372,572,2012,6,,1741,,,native,species,21.99999998918,density,
3875,1373,676,2012,6,,465,,,native,species,0,density,
3876,1373,676,2012,6,,484,,,native,species,0,density,
3877,1373,676,2012,6,,1686,,,native,species,0,density,
3878,1373,676,2012,6,,1687,,,native,species,0,density,
3879,1373,676,2012,6,,712,,,native,species,0,density,
3880,1373,676,2012,6,,1741,,,native,species,0,density,
3881,1374,676,2012,6,,465,,,native,species,0,density,
3882,1374,676,2012,6,,484,,,native,species,0,density,
3883,1374,676,2012,6,,1686,,,native,species,0,density,
3884,1374,676,2012,6,,1687,,,native,species,0,density,
3885,1374,676,2012,6,,712,,,native,species,0,density,
3886,1374,676,2012,6,,1741,,,native,species,0,density,
3887,1375,676,2012,6,,465,,,native,species,0,density,
3888,1375,676,2012,6,,484,,,native,species,0,density,
3889,1375,676,2012,6,,1686,,,native,species,0,density,
3890,1375,676,2012,6,,1687,,,native,species,0,density,
3891,1375,676,2012,6,,712,,,native,species,0,density,
3892,1375,676,2012,6,,1741,,,native,species,0,density,
3893,1376,572,2012,6,,465,,,native,species,0,density,
3894,1376,572,2012,6,,484,,,native,species,0,density,
3895,1376,572,2012,6,,1686,,,native,species,0,density,
3896,1376,572,2012,6,,1687,,,native,species,0,density,
3897,1376,572,2012,6,,712,,,native,species,0,density,
3898,1376,572,2012,6,,1741,,,native,species,0,density,
3899,1377,572,2012,6,,465,,,native,species,0,density,
3900,1377,572,2012,6,,484,,,native,species,0,density,
3901,1377,572,2012,6,,1686,,,native,species,0,density,
3902,1377,572,2012,6,,1687,,,native,species,0,density,
3903,1377,572,2012,6,,712,,,native,species,0,density,
3904,1377,572,2012,6,,1741,,,native,species,0.99999993262,density,
3905,1378,572,2012,6,,465,,,native,species,0,density,
3906,1378,572,2012,6,,484,,,native,species,0,density,
3907,1378,572,2012,6,,1686,,,native,species,0,density,
3908,1378,572,2012,6,,1687,,,native,species,0,density,
3909,1378,572,2012,6,,712,,,native,species,0,density,
3910,1378,572,2012,6,,1741,,,native,species,3.9999999407,density,
3911,1379,572,2012,6,,465,,,native,species,0,density,
3912,1379,572,2012,6,,484,,,native,species,0,density,
3913,1379,572,2012,6,,1686,,,native,species,0,density,
3914,1379,572,2012,6,,1687,,,native,species,0,density,
3915,1379,572,2012,6,,712,,,native,species,0,density,
3916,1379,572,2012,6,,1741,,,native,species,0.99999993262,density,
3917,1380,572,2012,6,,465,,,native,species,0,density,
3918,1380,572,2012,6,,484,,,native,species,0,density,
3919,1380,572,2012,6,,1686,,,native,species,0,density,
3920,1380,572,2012,6,,1687,,,native,species,0,density,
3921,1380,572,2012,6,,712,,,native,species,0,density,
3922,1380,572,2012,6,,1741,,,native,species,2.00000007546,density,
3923,1381,572,2012,6,,465,,,native,species,0,density,
3924,1381,572,2012,6,,484,,,native,species,0,density,
3925,1381,572,2012,6,,1686,,,native,species,13.99999989756,density,
3926,1381,572,2012,6,,1687,,,native,species,3.00000000808,density,
3927,1381,572,2012,6,,712,,,native,species,0,density,
3928,1381,572,2012,6,,1741,,,native,species,9.00000002424,density,
3929,1382,572,2012,6,,465,,,native,species,0,density,
3930,1382,572,2012,6,,484,,,native,species,0,density,
3931,1382,572,2012,6,,1686,,,native,species,2.00000007546,density,
3932,1382,572,2012,6,,1687,,,native,species,0,density,
3933,1382,572,2012,6,,712,,,native,species,0,density,
3934,1382,572,2012,6,,1741,,,native,species,24.00000006464,density,
3935,1383,572,2012,6,,465,,,native,species,0,density,
3936,1383,572,2012,6,,484,,,native,species,0,density,
3937,1383,572,2012,6,,1686,,,native,species,2.00000007546,density,
3938,1383,572,2012,6,,1687,,,native,species,0.99999993262,density,
3939,1383,572,2012,6,,712,,,native,species,0,density,
3940,1383,572,2012,6,,1741,,,native,species,72.99999991632001,density,
3941,1384,572,2012,6,,465,,,native,species,0,density,
3942,1384,572,2012,6,,484,,,native,species,0,density,
3943,1384,572,2012,6,,1686,,,native,species,0,density,
3944,1384,572,2012,6,,1687,,,native,species,0,density,
3945,1384,572,2012,6,,712,,,native,species,0,density,
3946,1384,572,2012,6,,1741,,,native,species,0,density,
3947,1385,468,2012,6,,465,,,native,species,0,density,
3948,1385,468,2012,6,,484,,,native,species,0,density,
3949,1385,468,2012,6,,1686,,,native,species,0,density,
3950,1385,468,2012,6,,1687,,,native,species,0,density,
3951,1385,468,2012,6,,712,,,native,species,0,density,
3952,1385,468,2012,6,,1741,,,native,species,6.99999994878,density,
3953,1386,468,2012,6,,465,,,native,species,0.99999993262,density,
3954,1386,468,2012,6,,484,,,native,species,0,density,
3955,1386,468,2012,6,,1686,,,native,species,0,density,
3956,1386,468,2012,6,,1687,,,native,species,0,density,
3957,1386,468,2012,6,,712,,,native,species,0,density,
3958,1386,468,2012,6,,1741,,,native,species,0,density,
3959,1387,468,2012,6,,465,,,native,species,0,density,
3960,1387,468,2012,6,,484,,,native,species,0,density,
3961,1387,468,2012,6,,1686,,,native,species,0,density,
3962,1387,468,2012,6,,1687,,,native,species,0,density,
3963,1387,468,2012,6,,712,,,native,species,0,density,
3964,1387,468,2012,6,,1741,,,native,species,0.99999993262,density,
3965,1388,260,2012,6,,465,,,native,species,0,density,
3966,1388,260,2012,6,,484,,,native,species,0,density,
3967,1388,260,2012,6,,1686,,,native,species,0,density,
3968,1388,260,2012,6,,1687,,,native,species,0,density,
3969,1388,260,2012,6,,712,,,native,species,0,density,
3970,1388,260,2012,6,,1741,,,native,species,0,density,
3971,1389,260,2012,6,,465,,,native,species,0,density,
3972,1389,260,2012,6,,484,,,native,species,0,density,
3973,1389,260,2012,6,,1686,,,native,species,0,density,
3974,1389,260,2012,6,,1687,,,native,species,0,density,
3975,1389,260,2012,6,,712,,,native,species,0,density,
3976,1389,260,2012,6,,1741,,,native,species,0,density,
3977,1390,260,2012,6,,465,,,native,species,0,density,
3978,1390,260,2012,6,,484,,,native,species,0,density,
3979,1390,260,2012,6,,1686,,,native,species,0,density,
3980,1390,260,2012,6,,1687,,,native,species,0,density,
3981,1390,260,2012,6,,712,,,native,species,0,density,
3982,1390,260,2012,6,,1741,,,native,species,0,density,
3983,1391,208,2012,6,,465,,,native,species,0.99999993262,density,
3984,1391,208,2012,6,,484,,,native,species,6.99999994878,density,
3985,1391,208,2012,6,,1686,,,native,species,0,density,
3986,1391,208,2012,6,,1687,,,native,species,0,density,
3987,1391,208,2012,6,,712,,,native,species,0,density,
3988,1391,208,2012,6,,1741,,,native,species,0,density,
3989,1392,208,2012,6,,465,,,native,species,0,density,
3990,1392,208,2012,6,,484,,,native,species,18.00000004848,density,
3991,1392,208,2012,6,,1686,,,native,species,0,density,
3992,1392,208,2012,6,,1687,,,native,species,0,density,
3993,1392,208,2012,6,,712,,,native,species,0,density,
3994,1392,208,2012,6,,1741,,,native,species,0,density,
3995,1393,208,2012,6,,465,,,native,species,0,density,
3996,1393,208,2012,6,,484,,,native,species,0,density,
3997,1393,208,2012,6,,1686,,,native,species,0,density,
3998,1393,208,2012,6,,1687,,,native,species,0,density,
3999,1393,208,2012,6,,712,,,native,species,0,density,
4000,1393,208,2012,6,,1741,,,native,species,0,density,
4001,1394,1040,2012,6,,465,,,native,species,0,density,
4002,1394,1040,2012,6,,484,,,native,species,0,density,
4003,1394,1040,2012,6,,1686,,,native,species,0,density,
4004,1394,1040,2012,6,,1687,,,native,species,0,density,
4005,1394,1040,2012,6,,712,,,native,species,0,density,
4006,1394,1040,2012,6,,1741,,,native,species,0,density,
4007,1395,1040,2012,6,,465,,,native,species,9.99999995686,density,
4008,1395,1040,2012,6,,484,,,native,species,0,density,
4009,1395,1040,2012,6,,1686,,,native,species,0,density,
4010,1395,1040,2012,6,,1687,,,native,species,0,density,
4011,1395,1040,2012,6,,712,,,native,species,0,density,
4012,1395,1040,2012,6,,1741,,,native,species,0,density,
4013,1396,1040,2012,6,,465,,,native,species,27.000000072720002,density,
4014,1396,1040,2012,6,,484,,,native,species,61.000000094220006,density,
4015,1396,1040,2012,6,,1686,,,native,species,0,density,
4016,1396,1040,2012,6,,1687,,,native,species,0,density,
4017,1396,1040,2012,6,,712,,,native,species,0,density,
4018,1396,1040,2012,6,,1741,,,native,species,0,density,
4019,1397,1040,2012,6,,465,,,native,species,5.00000008354,density,
4020,1397,1040,2012,6,,484,,,native,species,0,density,
4021,1397,1040,2012,6,,1686,,,native,species,5.00000008354,density,
4022,1397,1040,2012,6,,1687,,,native,species,0,density,
4023,1397,1040,2012,6,,712,,,native,species,0,density,
4024,1397,1040,2012,6,,1741,,,native,species,0,density,
4025,1398,1040,2012,6,,465,,,native,species,0,density,
4026,1398,1040,2012,6,,484,,,native,species,0,density,
4027,1398,1040,2012,6,,1686,,,native,species,0.99999993262,density,
4028,1398,1040,2012,6,,1687,,,native,species,0,density,
4029,1398,1040,2012,6,,712,,,native,species,0,density,
4030,1398,1040,2012,6,,1741,,,native,species,0,density,
4031,1399,1040,2012,6,,465,,,native,species,59.999999951380005,density,
4032,1399,1040,2012,6,,484,,,native,species,0,density,
4033,1399,1040,2012,6,,1686,,,native,species,0,density,
4034,1399,1040,2012,6,,1687,,,native,species,0,density,
4035,1399,1040,2012,6,,712,,,native,species,0,density,
4036,1399,1040,2012,6,,1741,,,native,species,0,density,
4037,1400,624,2012,6,,465,,,native,species,0,density,
4038,1400,624,2012,6,,484,,,native,species,0,density,
4039,1400,624,2012,6,,1686,,,native,species,0,density,
4040,1400,624,2012,6,,1687,,,native,species,0,density,
4041,1400,624,2012,6,,712,,,native,species,0,density,
4042,1400,624,2012,6,,1741,,,native,species,0.99999993262,density,
4043,1401,624,2012,6,,465,,,native,species,5.00000008354,density,
4044,1401,624,2012,6,,484,,,native,species,0.99999993262,density,
4045,1401,624,2012,6,,1686,,,native,species,0,density,
4046,1401,624,2012,6,,1687,,,native,species,0,density,
4047,1401,624,2012,6,,712,,,native,species,0,density,
4048,1401,624,2012,6,,1741,,,native,species,0.99999993262,density,
4049,1402,624,2012,6,,465,,,native,species,0,density,
4050,1402,624,2012,6,,484,,,native,species,0,density,
4051,1402,624,2012,6,,1686,,,native,species,0,density,
4052,1402,624,2012,6,,1687,,,native,species,0,density,
4053,1402,624,2012,6,,712,,,native,species,0,density,
4054,1402,624,2012,6,,1741,,,native,species,2.00000007546,density,
