seedingid,treatmentid,mix,speciesid,cultivarid,type,rate,unit,viability,origin,source,seed_distance,seed_mixid,notes
1,1,known,2435,,seeding,56.25,seeds/m2,,native,,,1,
2,1,known,2437,,seeding,62.5,seeds/m2,,native,,,1,
3,1,known,2726,,seeding,62.5,seeds/m2,,native,,,1,
4,1,known,5985,,seeding,62.5,seeds/m2,,native,,,1,
5,1,known,5986,,seeding,100,seeds/m2,,native,,,1,
6,3,known,2435,,seeding,56.25,seeds/m2,,native,,,2,
7,3,known,2437,,seeding,62.5,seeds/m2,,native,,,2,
8,3,known,2726,,seeding,62.5,seeds/m2,,native,,,2,
9,3,known,5985,,seeding,62.5,seeds/m2,,native,,,2,
10,3,known,5986,,seeding,100,seeds/m2,,native,,,2,
11,5,known,2435,,seeding,56.25,seeds/m2,,native,,,3,
12,5,known,2437,,seeding,62.5,seeds/m2,,native,,,3,
13,5,known,2726,,seeding,62.5,seeds/m2,,native,,,3,
14,5,known,5985,,seeding,62.5,seeds/m2,,native,,,3,
15,5,known,5986,,seeding,100,seeds/m2,,native,,,3,
16,7,known,2435,,seeding,56.25,seeds/m2,,native,,,4,
17,7,known,2437,,seeding,62.5,seeds/m2,,native,,,4,
18,7,known,2726,,seeding,62.5,seeds/m2,,native,,,4,
19,7,known,5985,,seeding,62.5,seeds/m2,,native,,,4,
20,7,known,5986,,seeding,100,seeds/m2,,native,,,4,
21,9,known,2435,,seeding,56.25,seeds/m2,,native,,,5,
22,9,known,2437,,seeding,62.5,seeds/m2,,native,,,5,
23,9,known,2726,,seeding,62.5,seeds/m2,,native,,,5,
24,9,known,5985,,seeding,62.5,seeds/m2,,native,,,5,
25,9,known,5986,,seeding,100,seeds/m2,,native,,,5,
26,11,known,2435,,seeding,56.25,seeds/m2,,native,,,6,
27,11,known,2437,,seeding,62.5,seeds/m2,,native,,,6,
28,11,known,2726,,seeding,62.5,seeds/m2,,native,,,6,
29,11,known,5985,,seeding,62.5,seeds/m2,,native,,,6,
30,11,known,5986,,seeding,100,seeds/m2,,native,,,6,
31,13,known,2435,,seeding,56.25,seeds/m2,,native,,,7,
32,13,known,2437,,seeding,62.5,seeds/m2,,native,,,7,
33,13,known,2726,,seeding,62.5,seeds/m2,,native,,,7,
34,13,known,5985,,seeding,62.5,seeds/m2,,native,,,7,
35,13,known,5986,,seeding,100,seeds/m2,,native,,,7,
36,15,known,2435,,seeding,56.25,seeds/m2,,native,,,8,
37,15,known,2437,,seeding,62.5,seeds/m2,,native,,,8,
38,15,known,2726,,seeding,62.5,seeds/m2,,native,,,8,
39,15,known,5985,,seeding,62.5,seeds/m2,,native,,,8,
40,15,known,5986,,seeding,100,seeds/m2,,native,,,8,
41,17,known,2435,,seeding,56.25,seeds/m2,,native,,,9,
42,17,known,2437,,seeding,62.5,seeds/m2,,native,,,9,
43,17,known,2726,,seeding,62.5,seeds/m2,,native,,,9,
44,17,known,5985,,seeding,62.5,seeds/m2,,native,,,9,
45,17,known,5986,,seeding,100,seeds/m2,,native,,,9,
46,19,known,2435,,seeding,56.25,seeds/m2,,native,,,10,
47,19,known,2437,,seeding,62.5,seeds/m2,,native,,,10,
48,19,known,2726,,seeding,62.5,seeds/m2,,native,,,10,
49,19,known,5985,,seeding,62.5,seeds/m2,,native,,,10,
50,19,known,5986,,seeding,100,seeds/m2,,native,,,10,
51,21,known,2435,,seeding,56.25,seeds/m2,,native,,,11,
52,21,known,2437,,seeding,62.5,seeds/m2,,native,,,11,
53,21,known,2726,,seeding,62.5,seeds/m2,,native,,,11,
54,21,known,5985,,seeding,62.5,seeds/m2,,native,,,11,
55,21,known,5986,,seeding,100,seeds/m2,,native,,,11,
56,23,known,2435,,seeding,56.25,seeds/m2,,native,,,12,
57,23,known,2437,,seeding,62.5,seeds/m2,,native,,,12,
58,23,known,2726,,seeding,62.5,seeds/m2,,native,,,12,
59,23,known,5985,,seeding,62.5,seeds/m2,,native,,,12,
60,23,known,5986,,seeding,100,seeds/m2,,native,,,12,
61,25,known,2435,,seeding,56.25,seeds/m2,,native,,,13,
62,25,known,2437,,seeding,62.5,seeds/m2,,native,,,13,
63,25,known,2726,,seeding,62.5,seeds/m2,,native,,,13,
64,25,known,5985,,seeding,62.5,seeds/m2,,native,,,13,
65,25,known,5986,,seeding,100,seeds/m2,,native,,,13,
66,27,known,2435,,seeding,56.25,seeds/m2,,native,,,14,
67,27,known,2437,,seeding,62.5,seeds/m2,,native,,,14,
68,27,known,2726,,seeding,62.5,seeds/m2,,native,,,14,
69,27,known,5985,,seeding,62.5,seeds/m2,,native,,,14,
70,27,known,5986,,seeding,100,seeds/m2,,native,,,14,
71,29,known,2435,,seeding,56.25,seeds/m2,,native,,,15,
72,29,known,2437,,seeding,62.5,seeds/m2,,native,,,15,
73,29,known,2726,,seeding,62.5,seeds/m2,,native,,,15,
74,29,known,5985,,seeding,62.5,seeds/m2,,native,,,15,
75,29,known,5986,,seeding,100,seeds/m2,,native,,,15,
76,31,known,2435,,seeding,56.25,seeds/m2,,native,,,16,
77,31,known,2437,,seeding,62.5,seeds/m2,,native,,,16,
78,31,known,2726,,seeding,62.5,seeds/m2,,native,,,16,
79,31,known,5985,,seeding,62.5,seeds/m2,,native,,,16,
80,31,known,5986,,seeding,100,seeds/m2,,native,,,16,
81,33,known,2435,,seeding,56.25,seeds/m2,,native,,,17,
82,33,known,2437,,seeding,62.5,seeds/m2,,native,,,17,
83,33,known,2726,,seeding,62.5,seeds/m2,,native,,,17,
84,33,known,5985,,seeding,62.5,seeds/m2,,native,,,17,
85,33,known,5986,,seeding,100,seeds/m2,,native,,,17,
86,35,known,2435,,seeding,56.25,seeds/m2,,native,,,18,
87,35,known,2437,,seeding,62.5,seeds/m2,,native,,,18,
88,35,known,2726,,seeding,62.5,seeds/m2,,native,,,18,
89,35,known,5985,,seeding,62.5,seeds/m2,,native,,,18,
90,35,known,5986,,seeding,100,seeds/m2,,native,,,18,
91,37,known,2435,,seeding,56.25,seeds/m2,,native,,,19,
92,37,known,2437,,seeding,62.5,seeds/m2,,native,,,19,
93,37,known,2726,,seeding,62.5,seeds/m2,,native,,,19,
94,37,known,5985,,seeding,62.5,seeds/m2,,native,,,19,
95,37,known,5986,,seeding,100,seeds/m2,,native,,,19,
96,39,known,2435,,seeding,56.25,seeds/m2,,native,,,20,
97,39,known,2437,,seeding,62.5,seeds/m2,,native,,,20,
98,39,known,2726,,seeding,62.5,seeds/m2,,native,,,20,
99,39,known,5985,,seeding,62.5,seeds/m2,,native,,,20,
100,39,known,5986,,seeding,100,seeds/m2,,native,,,20,
101,43,known,387,,seeding,3,seeds/m2,PLS,native,,,21,
102,43,known,4276,,seeding,3,seeds/m2,PLS,exotic,,,21,
103,43,known,5317,,seeding,180,seeds/m2,PLS,exotic,,,21,
104,43,known,5583,,seeding,37,seeds/m2,PLS,native,,,21,
105,43,known,5707,,seeding,37,seeds/m2,PLS,native,,,21,
106,44,known,387,,seeding,3,seeds/m2,PLS,native,,,22,
107,44,known,4276,,seeding,3,seeds/m2,PLS,exotic,,,22,
108,44,known,5317,,seeding,180,seeds/m2,PLS,exotic,,,22,
109,44,known,5583,,seeding,37,seeds/m2,PLS,native,,,22,
110,44,known,5707,,seeding,37,seeds/m2,PLS,native,,,22,
111,45,known,387,,seeding,3,seeds/m2,PLS,native,,,23,
112,45,known,4276,,seeding,3,seeds/m2,PLS,exotic,,,23,
113,45,known,5317,,seeding,180,seeds/m2,PLS,exotic,,,23,
114,45,known,5583,,seeding,37,seeds/m2,PLS,native,,,23,
115,45,known,5707,,seeding,37,seeds/m2,PLS,native,,,23,
116,54,known,387,,seeding,3,seeds/m2,PLS,native,,,24,
117,54,known,4276,,seeding,3,seeds/m2,PLS,exotic,,,24,
118,54,known,5317,,seeding,180,seeds/m2,PLS,exotic,,,24,
119,54,known,5583,,seeding,37,seeds/m2,PLS,native,,,24,
120,54,known,5707,,seeding,37,seeds/m2,PLS,native,,,24,
121,63,known,387,,seeding,3,seeds/m2,PLS,native,,,25,
122,63,known,4276,,seeding,3,seeds/m2,PLS,exotic,,,25,
123,63,known,5317,,seeding,180,seeds/m2,PLS,exotic,,,25,
124,63,known,5583,,seeding,37,seeds/m2,PLS,native,,,25,
125,63,known,5707,,seeding,37,seeds/m2,PLS,native,,,25,
126,64,known,387,,seeding,3,seeds/m2,PLS,native,,,26,
127,64,known,4276,,seeding,3,seeds/m2,PLS,exotic,,,26,
128,64,known,5317,,seeding,180,seeds/m2,PLS,exotic,,,26,
129,64,known,5583,,seeding,37,seeds/m2,PLS,native,,,26,
130,64,known,5707,,seeding,37,seeds/m2,PLS,native,,,26,
131,65,known,387,,seeding,3,seeds/m2,PLS,native,,,27,
132,65,known,4276,,seeding,3,seeds/m2,PLS,exotic,,,27,
133,65,known,5317,,seeding,180,seeds/m2,PLS,exotic,,,27,
134,65,known,5583,,seeding,37,seeds/m2,PLS,native,,,27,
135,65,known,5707,,seeding,37,seeds/m2,PLS,native,,,27,
136,74,known,387,,seeding,3,seeds/m2,PLS,native,,,28,
137,74,known,4276,,seeding,3,seeds/m2,PLS,exotic,,,28,
138,74,known,5317,,seeding,180,seeds/m2,PLS,exotic,,,28,
139,74,known,5583,,seeding,37,seeds/m2,PLS,native,,,28,
140,74,known,5707,,seeding,37,seeds/m2,PLS,native,,,28,
141,84,known,387,,seeding,9,seeds/m2,PLS,native,,,29,
142,84,known,2826,,seeding,9,seeds/m2,PLS,native,,,29,
143,84,known,5317,,seeding,206,seeds/m2,PLS,exotic,,,29,
144,84,known,5582,,seeding,103,seeds/m2,PLS,native,,,29,
145,84,known,5583,,seeding,103,seeds/m2,PLS,native,,,29,
146,85,known,387,,seeding,4,seeds/m2,PLS,native,,,30,
147,85,known,4276,,seeding,4,seeds/m2,PLS,exotic,,,30,
148,85,known,5317,,seeding,159,seeds/m2,PLS,exotic,,,30,
149,85,known,5318,,seeding,81,seeds/m2,PLS,exotic,,,30,
150,85,known,5583,,seeding,81,seeds/m2,PLS,native,,,30,
151,85,known,5707,,seeding,41,seeds/m2,PLS,native,,,30,
152,86,known,387,,seeding,4,seeds/m2,PLS,native,,,31,
153,86,known,4276,,seeding,4,seeds/m2,PLS,exotic,,,31,
154,86,known,5317,,seeding,159,seeds/m2,PLS,exotic,,,31,
155,86,known,5318,,seeding,81,seeds/m2,PLS,exotic,,,31,
156,86,known,5583,,seeding,81,seeds/m2,PLS,native,,,31,
157,86,known,5707,,seeding,41,seeds/m2,PLS,native,,,31,
158,87,known,387,,seeding,4,seeds/m2,PLS,native,,,32,
159,87,known,4276,,seeding,4,seeds/m2,PLS,exotic,,,32,
160,87,known,5317,,seeding,159,seeds/m2,PLS,exotic,,,32,
161,87,known,5318,,seeding,81,seeds/m2,PLS,exotic,,,32,
162,87,known,5583,,seeding,81,seeds/m2,PLS,native,,,32,
163,87,known,5707,,seeding,41,seeds/m2,PLS,native,,,32,
164,96,known,387,,seeding,4,seeds/m2,PLS,native,,,33,
165,96,known,4276,,seeding,4,seeds/m2,PLS,exotic,,,33,
166,96,known,5317,,seeding,159,seeds/m2,PLS,exotic,,,33,
167,96,known,5318,,seeding,81,seeds/m2,PLS,exotic,,,33,
168,96,known,5583,,seeding,81,seeds/m2,PLS,native,,,33,
169,96,known,5707,,seeding,41,seeds/m2,PLS,native,,,33,
170,105,known,387,,seeding,4,seeds/m2,PLS,native,,,34,
171,105,known,4276,,seeding,4,seeds/m2,PLS,exotic,,,34,
172,105,known,5317,,seeding,159,seeds/m2,PLS,exotic,,,34,
173,105,known,5318,,seeding,81,seeds/m2,PLS,exotic,,,34,
174,105,known,5583,,seeding,81,seeds/m2,PLS,native,,,34,
175,105,known,5707,,seeding,41,seeds/m2,PLS,native,,,34,
176,106,known,387,,seeding,4,seeds/m2,PLS,native,,,35,
177,106,known,4276,,seeding,4,seeds/m2,PLS,exotic,,,35,
178,106,known,5317,,seeding,159,seeds/m2,PLS,exotic,,,35,
179,106,known,5318,,seeding,81,seeds/m2,PLS,exotic,,,35,
180,106,known,5583,,seeding,81,seeds/m2,PLS,native,,,35,
181,106,known,5707,,seeding,41,seeds/m2,PLS,native,,,35,
182,107,known,387,,seeding,4,seeds/m2,PLS,native,,,36,
183,107,known,4276,,seeding,4,seeds/m2,PLS,exotic,,,36,
184,107,known,5317,,seeding,159,seeds/m2,PLS,exotic,,,36,
185,107,known,5318,,seeding,81,seeds/m2,PLS,exotic,,,36,
186,107,known,5583,,seeding,81,seeds/m2,PLS,native,,,36,
187,107,known,5707,,seeding,41,seeds/m2,PLS,native,,,36,
188,116,known,387,,seeding,4,seeds/m2,PLS,native,,,37,
189,116,known,4276,,seeding,4,seeds/m2,PLS,exotic,,,37,
190,116,known,5317,,seeding,159,seeds/m2,PLS,exotic,,,37,
191,116,known,5318,,seeding,81,seeds/m2,PLS,exotic,,,37,
192,116,known,5583,,seeding,81,seeds/m2,PLS,native,,,37,
193,116,known,5707,,seeding,41,seeds/m2,PLS,native,,,37,
194,126,known,387,,seeding,3,seeds/m2,PLS,native,,,38,
195,126,known,5317,,seeding,117,seeds/m2,PLS,exotic,,,38,
196,126,known,5583,,seeding,117,seeds/m2,PLS,native,,,38,
197,126,known,5588,,seeding,34,seeds/m2,PLS,native,,,38,
198,126,known,5881,,seeding,37,seeds/m2,PLS,native,,,38,
199,127,known,387,,seeding,9,seeds/m2,PLS,native,,,39,
200,127,known,2826,,seeding,9,seeds/m2,PLS,native,,,39,
201,127,known,5317,,seeding,206,seeds/m2,PLS,exotic,,,39,
202,127,known,5582,,seeding,103,seeds/m2,PLS,native,,,39,
203,127,known,5583,,seeding,103,seeds/m2,PLS,native,,,39,
204,128,known,387,,seeding,3,seeds/m2,PLS,native,,,40,
205,128,known,5317,,seeding,117,seeds/m2,PLS,exotic,,,40,
206,128,known,5583,,seeding,117,seeds/m2,PLS,native,,,40,
207,128,known,5588,,seeding,34,seeds/m2,PLS,native,,,40,
208,128,known,5881,,seeding,37,seeds/m2,PLS,native,,,40,
209,129,known,387,,seeding,3,seeds/m2,PLS,native,,,41,
210,129,known,5317,,seeding,117,seeds/m2,PLS,exotic,,,41,
211,129,known,5583,,seeding,117,seeds/m2,PLS,native,,,41,
212,129,known,5588,,seeding,34,seeds/m2,PLS,native,,,41,
213,129,known,5881,,seeding,37,seeds/m2,PLS,native,,,41,
214,138,known,387,,seeding,3,seeds/m2,PLS,native,,,42,
215,138,known,5317,,seeding,117,seeds/m2,PLS,exotic,,,42,
216,138,known,5583,,seeding,117,seeds/m2,PLS,native,,,42,
217,138,known,5588,,seeding,34,seeds/m2,PLS,native,,,42,
218,138,known,5881,,seeding,37,seeds/m2,PLS,native,,,42,
219,147,known,387,,seeding,3,seeds/m2,PLS,native,,,43,
220,147,known,5317,,seeding,117,seeds/m2,PLS,exotic,,,43,
221,147,known,5583,,seeding,117,seeds/m2,PLS,native,,,43,
222,147,known,5588,,seeding,34,seeds/m2,PLS,native,,,43,
223,147,known,5881,,seeding,37,seeds/m2,PLS,native,,,43,
224,148,known,387,,seeding,3,seeds/m2,PLS,native,,,44,
225,148,known,5317,,seeding,117,seeds/m2,PLS,exotic,,,44,
226,148,known,5583,,seeding,117,seeds/m2,PLS,native,,,44,
227,148,known,5588,,seeding,34,seeds/m2,PLS,native,,,44,
228,148,known,5881,,seeding,37,seeds/m2,PLS,native,,,44,
229,149,known,387,,seeding,3,seeds/m2,PLS,native,,,45,
230,149,known,5317,,seeding,117,seeds/m2,PLS,exotic,,,45,
231,149,known,5583,,seeding,117,seeds/m2,PLS,native,,,45,
232,149,known,5588,,seeding,34,seeds/m2,PLS,native,,,45,
233,149,known,5881,,seeding,37,seeds/m2,PLS,native,,,45,
234,158,known,387,,seeding,3,seeds/m2,PLS,native,,,46,
235,158,known,5317,,seeding,117,seeds/m2,PLS,exotic,,,46,
236,158,known,5583,,seeding,117,seeds/m2,PLS,native,,,46,
237,158,known,5588,,seeding,34,seeds/m2,PLS,native,,,46,
238,158,known,5881,,seeding,37,seeds/m2,PLS,native,,,46,
239,167,known,387,,seeding,9,seeds/m2,PLS,native,,,47,
240,167,known,2826,,seeding,9,seeds/m2,PLS,native,,,47,
241,167,known,5317,,seeding,206,seeds/m2,PLS,exotic,,,47,
242,167,known,5582,,seeding,103,seeds/m2,PLS,native,,,47,
243,167,known,5583,,seeding,103,seeds/m2,PLS,native,,,47,
244,176,known,387,,seeding,9,seeds/m2,PLS,native,,,48,
245,176,known,2826,,seeding,9,seeds/m2,PLS,native,,,48,
246,176,known,5317,,seeding,206,seeds/m2,PLS,exotic,,,48,
247,176,known,5582,,seeding,103,seeds/m2,PLS,native,,,48,
248,176,known,5583,,seeding,103,seeds/m2,PLS,native,,,48,
249,185,known,387,,seeding,9,seeds/m2,PLS,native,,,49,
250,185,known,2826,,seeding,9,seeds/m2,PLS,native,,,49,
251,185,known,5317,,seeding,206,seeds/m2,PLS,exotic,,,49,
252,185,known,5582,,seeding,103,seeds/m2,PLS,native,,,49,
253,185,known,5583,,seeding,103,seeds/m2,PLS,native,,,49,
254,186,known,387,,seeding,9,seeds/m2,PLS,native,,,50,
255,186,known,2826,,seeding,9,seeds/m2,PLS,native,,,50,
256,186,known,5317,,seeding,206,seeds/m2,PLS,exotic,,,50,
257,186,known,5582,,seeding,103,seeds/m2,PLS,native,,,50,
258,186,known,5583,,seeding,103,seeds/m2,PLS,native,,,50,
259,187,known,387,,seeding,9,seeds/m2,PLS,native,,,51,
260,187,known,2826,,seeding,9,seeds/m2,PLS,native,,,51,
261,187,known,5317,,seeding,206,seeds/m2,PLS,exotic,,,51,
262,187,known,5582,,seeding,103,seeds/m2,PLS,native,,,51,
263,187,known,5583,,seeding,103,seeds/m2,PLS,native,,,51,
264,196,known,387,,seeding,9,seeds/m2,PLS,native,,,52,
265,196,known,2826,,seeding,9,seeds/m2,PLS,native,,,52,
266,196,known,5317,,seeding,206,seeds/m2,PLS,exotic,,,52,
267,196,known,5582,,seeding,103,seeds/m2,PLS,native,,,52,
268,196,known,5583,,seeding,103,seeds/m2,PLS,native,,,52,
269,205,known,5317,,seeding,500,seeds/m2,PLS,native,,,53,
270,205,known,5573,,seeding,500,seeds/m2,PLS,native,,,53,
271,205,known,5583,,seeding,500,seeds/m2,PLS,native,,,53,
272,206,known,5317,,seeding,350,seeds/m2,PLS,native,,,54,
273,206,known,5573,,seeding,650,seeds/m2,PLS,native,,,54,
274,206,known,5583,,seeding,650,seeds/m2,PLS,native,,,54,
275,207,known,5317,,seeding,350,seeds/m2,PLS,native,,,55,
276,207,known,5573,,seeding,650,seeds/m2,PLS,native,,,55,
277,207,known,5583,,seeding,650,seeds/m2,PLS,native,,,55,
278,208,known,387,,seeding,143,seeds/m2,PLS,native,,,56,
279,208,known,457,,seeding,7,seeds/m2,PLS,native,,,56,
280,208,known,2174,,seeding,5,seeds/m2,PLS,native,,,56,
281,208,known,2529,,seeding,33,seeds/m2,PLS,exotic,,,56,
282,208,known,2887,,seeding,18,seeds/m2,PLS,exotic,,,56,
283,208,known,5568,,seeding,25,seeds/m2,PLS,native,,,56,
284,208,known,5577,,seeding,87,seeds/m2,PLS,native,,,56,
285,208,known,5582,,seeding,171,seeds/m2,PLS,native,,,56,
286,208,known,5763,,seeding,79,seeds/m2,PLS,native,,,56,
287,208,known,6402,,seeding,3,seeds/m2,PLS,native,,,56,
288,209,known,387,,seeding,144,seeds/m2,PLS,native,,,57,
289,209,known,457,,seeding,11,seeds/m2,PLS,native,,,57,
290,209,known,465,,seeding,141,seeds/m2,PLS,native,,,57,
291,209,known,469,,seeding,102,seeds/m2,PLS,exotic,,,57,
292,209,known,484,,seeding,87,seeds/m2,PLS,native,,,57,
293,209,known,2041,,seeding,36,seeds/m2,PLS,native,,,57,
294,209,known,3082,,seeding,3,seeds/m2,PLS,exotic,,,57,
295,209,known,5415,,seeding,58,seeds/m2,PLS,native,,,57,
296,209,known,5568,,seeding,37,seeds/m2,PLS,native,,,57,
297,209,known,5582,,seeding,214,seeds/m2,PLS,native,,,57,
298,209,known,5585,,seeding,134,seeds/m2,PLS,native,,,57,
299,209,known,5707,,seeding,83,seeds/m2,PLS,native,,,57,
300,209,known,5763,,seeding,138,seeds/m2,PLS,native,,,57,
301,209,known,5801,,seeding,112,seeds/m2,PLS,native,,,57,
302,209,known,5881,,seeding,110,seeds/m2,PLS,native,,,57,
303,210,known,387,,seeding,82,seeds/m2,PLS,native,,,58,
304,210,known,457,,seeding,9,seeds/m2,PLS,native,,,58,
305,210,known,465,,seeding,65,seeds/m2,PLS,native,,,58,
306,210,known,469,,seeding,6,seeds/m2,PLS,exotic,,,58,
307,210,known,484,,seeding,40,seeds/m2,PLS,native,,,58,
308,210,known,2174,,seeding,8,seeds/m2,PLS,native,,,58,
309,210,known,2640,,seeding,10,seeds/m2,PLS,native,,,58,
310,210,known,5415,,seeding,59,seeds/m2,PLS,native,,,58,
311,210,known,5568,,seeding,29,seeds/m2,PLS,native,,,58,
312,210,known,5582,,seeding,120,seeds/m2,PLS,native,,,58,
313,210,known,5585,,seeding,47,seeds/m2,PLS,native,,,58,
314,210,known,5698,,seeding,14,seeds/m2,PLS,native,,,58,
315,210,known,5763,,seeding,27,seeds/m2,PLS,native,,,58,
316,210,known,5881,,seeding,40,seeds/m2,PLS,native,,,58,
317,210,known,5881,,seeding,51,seeds/m2,PLS,native,,,58,
318,210,known,6402,,seeding,7,seeds/m2,PLS,native,,,58,
319,211,known,387,,seeding,94,seeds/m2,PLS,native,,,59,
320,211,known,465,,seeding,204,seeds/m2,PLS,native,,,59,
321,211,known,469,,seeding,4,seeds/m2,PLS,exotic,,,59,
322,211,known,484,,seeding,56,seeds/m2,PLS,native,,,59,
323,211,known,689,,seeding,0,seeds/m2,PLS,native,,,59,
324,211,known,3010,,seeding,1,seeds/m2,PLS,native,,,59,
325,211,known,4575,,seeding,7,seeds/m2,PLS,native,,,59,
326,211,known,5415,,seeding,68,seeds/m2,PLS,native,,,59,
327,211,known,5416,,seeding,243,seeds/m2,PLS,native,,,59,
328,211,known,5573,,seeding,17,seeds/m2,PLS,native,,,59,
329,211,known,5582,,seeding,83,seeds/m2,PLS,native,,,59,
330,211,known,5583,,seeding,34,seeds/m2,PLS,native,,,59,
331,211,known,5763,,seeding,21,seeds/m2,PLS,native,,,59,
332,211,known,5901,,seeding,128,seeds/m2,PLS,native,,,59,
333,211,known,5952,,seeding,48,seeds/m2,PLS,native,,,59,
334,211,known,6517,,seeding,3,seeds/m2,PLS,native,,,59,
335,212,known,387,,seeding,94,seeds/m2,PLS,native,,,60,
336,212,known,465,,seeding,204,seeds/m2,PLS,native,,,60,
337,212,known,469,,seeding,4,seeds/m2,PLS,exotic,,,60,
338,212,known,484,,seeding,56,seeds/m2,PLS,native,,,60,
339,212,known,689,,seeding,0,seeds/m2,PLS,native,,,60,
340,212,known,3010,,seeding,1,seeds/m2,PLS,native,,,60,
341,212,known,4575,,seeding,7,seeds/m2,PLS,native,,,60,
342,212,known,5415,,seeding,68,seeds/m2,PLS,native,,,60,
343,212,known,5416,,seeding,243,seeds/m2,PLS,native,,,60,
344,212,known,5573,,seeding,17,seeds/m2,PLS,native,,,60,
345,212,known,5582,,seeding,83,seeds/m2,PLS,native,,,60,
346,212,known,5583,,seeding,34,seeds/m2,PLS,native,,,60,
347,212,known,5763,,seeding,21,seeds/m2,PLS,native,,,60,
348,212,known,5901,,seeding,128,seeds/m2,PLS,native,,,60,
349,212,known,5952,,seeding,48,seeds/m2,PLS,native,,,60,
350,212,known,6517,,seeding,3,seeds/m2,PLS,native,,,60,
351,213,known,387,,seeding,80,seeds/m2,PLS,native,,,61,
352,213,known,484,,seeding,58,seeds/m2,PLS,native,,,61,
353,213,known,1102,,seeding,5,seeds/m2,PLS,native,,,61,
354,213,known,1686,,seeding,13,seeds/m2,PLS,native,,,61,
355,213,known,1741,,seeding,9,seeds/m2,PLS,native,,,61,
356,213,known,2640,,seeding,10,seeds/m2,PLS,native,,,61,
357,213,known,2887,,seeding,11,seeds/m2,PLS,exotic,,,61,
358,213,known,5415,,seeding,59,seeds/m2,PLS,native,,,61,
359,213,known,5416,,seeding,136,seeds/m2,PLS,native,,,61,
360,213,known,5582,,seeding,78,seeds/m2,PLS,native,,,61,
361,213,known,5583,,seeding,17,seeds/m2,PLS,native,,,61,
362,213,known,5585,,seeding,48,seeds/m2,PLS,native,,,61,
363,213,known,5698,,seeding,6,seeds/m2,PLS,native,,,61,
364,213,known,5763,,seeding,40,seeds/m2,PLS,native,,,61,
365,213,known,5901,,seeding,101,seeds/m2,PLS,native,,,61,
366,213,known,5952,,seeding,30,seeds/m2,PLS,native,,,61,
367,214,known,387,,seeding,80,seeds/m2,PLS,native,,,62,
368,214,known,484,,seeding,58,seeds/m2,PLS,native,,,62,
369,214,known,1102,,seeding,5,seeds/m2,PLS,native,,,62,
370,214,known,1686,,seeding,13,seeds/m2,PLS,native,,,62,
371,214,known,1741,,seeding,9,seeds/m2,PLS,native,,,62,
372,214,known,2640,,seeding,10,seeds/m2,PLS,native,,,62,
373,214,known,2887,,seeding,11,seeds/m2,PLS,exotic,,,62,
374,214,known,5415,,seeding,59,seeds/m2,PLS,native,,,62,
375,214,known,5416,,seeding,136,seeds/m2,PLS,native,,,62,
376,214,known,5582,,seeding,78,seeds/m2,PLS,native,,,62,
377,214,known,5583,,seeding,17,seeds/m2,PLS,native,,,62,
378,214,known,5585,,seeding,48,seeds/m2,PLS,native,,,62,
379,214,known,5698,,seeding,6,seeds/m2,PLS,native,,,62,
380,214,known,5763,,seeding,40,seeds/m2,PLS,native,,,62,
381,214,known,5901,,seeding,101,seeds/m2,PLS,native,,,62,
382,214,known,5952,,seeding,30,seeds/m2,PLS,native,,,62,
383,215,known,387,,seeding,80,seeds/m2,PLS,native,,,63,
384,215,known,484,,seeding,58,seeds/m2,PLS,native,,,63,
385,215,known,1102,,seeding,5,seeds/m2,PLS,native,,,63,
386,215,known,1686,,seeding,13,seeds/m2,PLS,native,,,63,
387,215,known,1741,,seeding,9,seeds/m2,PLS,native,,,63,
388,215,known,2640,,seeding,10,seeds/m2,PLS,native,,,63,
389,215,known,2887,,seeding,11,seeds/m2,PLS,exotic,,,63,
390,215,known,5415,,seeding,59,seeds/m2,PLS,native,,,63,
391,215,known,5416,,seeding,136,seeds/m2,PLS,native,,,63,
392,215,known,5582,,seeding,78,seeds/m2,PLS,native,,,63,
393,215,known,5583,,seeding,17,seeds/m2,PLS,native,,,63,
394,215,known,5585,,seeding,48,seeds/m2,PLS,native,,,63,
395,215,known,5698,,seeding,6,seeds/m2,PLS,native,,,63,
396,215,known,5763,,seeding,40,seeds/m2,PLS,native,,,63,
397,215,known,5901,,seeding,101,seeds/m2,PLS,native,,,63,
398,215,known,5952,,seeding,30,seeds/m2,PLS,native,,,63,
399,216,known,387,,seeding,80,seeds/m2,PLS,native,,,64,
400,216,known,484,,seeding,58,seeds/m2,PLS,native,,,64,
401,216,known,1102,,seeding,5,seeds/m2,PLS,native,,,64,
402,216,known,1686,,seeding,13,seeds/m2,PLS,native,,,64,
403,216,known,1741,,seeding,9,seeds/m2,PLS,native,,,64,
404,216,known,2640,,seeding,10,seeds/m2,PLS,native,,,64,
405,216,known,2887,,seeding,11,seeds/m2,PLS,exotic,,,64,
406,216,known,5415,,seeding,59,seeds/m2,PLS,native,,,64,
407,216,known,5416,,seeding,136,seeds/m2,PLS,native,,,64,
408,216,known,5582,,seeding,78,seeds/m2,PLS,native,,,64,
409,216,known,5583,,seeding,17,seeds/m2,PLS,native,,,64,
410,216,known,5585,,seeding,48,seeds/m2,PLS,native,,,64,
411,216,known,5698,,seeding,6,seeds/m2,PLS,native,,,64,
412,216,known,5763,,seeding,40,seeds/m2,PLS,native,,,64,
413,216,known,5901,,seeding,101,seeds/m2,PLS,native,,,64,
414,216,known,5952,,seeding,30,seeds/m2,PLS,native,,,64,
415,217,known,387,,seeding,94,seeds/m2,PLS,native,,,65,
416,217,known,465,,seeding,204,seeds/m2,PLS,native,,,65,
417,217,known,469,,seeding,4,seeds/m2,PLS,exotic,,,65,
418,217,known,484,,seeding,56,seeds/m2,PLS,native,,,65,
419,217,known,689,,seeding,0,seeds/m2,PLS,native,,,65,
420,217,known,3010,,seeding,1,seeds/m2,PLS,native,,,65,
421,217,known,4575,,seeding,7,seeds/m2,PLS,native,,,65,
422,217,known,5415,,seeding,68,seeds/m2,PLS,native,,,65,
423,217,known,5416,,seeding,243,seeds/m2,PLS,native,,,65,
424,217,known,5573,,seeding,17,seeds/m2,PLS,native,,,65,
425,217,known,5582,,seeding,83,seeds/m2,PLS,native,,,65,
426,217,known,5583,,seeding,34,seeds/m2,PLS,native,,,65,
427,217,known,5763,,seeding,21,seeds/m2,PLS,native,,,65,
428,217,known,5901,,seeding,128,seeds/m2,PLS,native,,,65,
429,217,known,5952,,seeding,48,seeds/m2,PLS,native,,,65,
430,217,known,6517,,seeding,3,seeds/m2,PLS,native,,,65,
431,218,known,387,,seeding,80,seeds/m2,PLS,native,,,66,
432,218,known,484,,seeding,58,seeds/m2,PLS,native,,,66,
433,218,known,1102,,seeding,5,seeds/m2,PLS,native,,,66,
434,218,known,1686,,seeding,13,seeds/m2,PLS,native,,,66,
435,218,known,1741,,seeding,9,seeds/m2,PLS,native,,,66,
436,218,known,2640,,seeding,10,seeds/m2,PLS,native,,,66,
437,218,known,2887,,seeding,11,seeds/m2,PLS,exotic,,,66,
438,218,known,5415,,seeding,59,seeds/m2,PLS,native,,,66,
439,218,known,5416,,seeding,136,seeds/m2,PLS,native,,,66,
440,218,known,5582,,seeding,78,seeds/m2,PLS,native,,,66,
441,218,known,5583,,seeding,17,seeds/m2,PLS,native,,,66,
442,218,known,5585,,seeding,48,seeds/m2,PLS,native,,,66,
443,218,known,5698,,seeding,6,seeds/m2,PLS,native,,,66,
444,218,known,5763,,seeding,40,seeds/m2,PLS,native,,,66,
445,218,known,5901,,seeding,101,seeds/m2,PLS,native,,,66,
446,218,known,5952,,seeding,30,seeds/m2,PLS,native,,,66,
447,219,known,469,,seeding,51,seeds/m2,PLS,exotic,,,67,
448,219,known,484,,seeding,26,seeds/m2,PLS,native,,,67,
449,219,known,712,,seeding,23,seeds/m2,PLS,native,,,67,
450,219,known,1686,,seeding,69,seeds/m2,PLS,native,,,67,
451,219,known,1687,,seeding,11,seeds/m2,PLS,native,,,67,
452,219,known,1741,,seeding,28,seeds/m2,PLS,native,,,67,
453,219,known,5415,,seeding,19,seeds/m2,PLS,native,,,67,
454,219,known,5416,,seeding,53,seeds/m2,PLS,native,,,67,
455,219,known,5583,,seeding,26,seeds/m2,PLS,native,,,67,
456,219,known,5901,,seeding,42,seeds/m2,PLS,native,,,67,
457,219,known,5952,,seeding,28,seeds/m2,PLS,native,,,67,
458,220,known,276,,seeding,6,seeds/m2,PLS,native,,,68,
459,220,known,387,,seeding,144,seeds/m2,PLS,native,,,68,
460,220,known,457,,seeding,11,seeds/m2,PLS,native,,,68,
461,220,known,465,,seeding,141,seeds/m2,PLS,native,,,68,
462,220,known,469,,seeding,102,seeds/m2,PLS,exotic,,,68,
463,220,known,484,,seeding,303,seeds/m2,PLS,native,,,68,
464,220,known,712,,seeding,140,seeds/m2,PLS,native,,,68,
465,220,known,1686,,seeding,20,seeds/m2,PLS,native,,,68,
466,220,known,2041,,seeding,127,seeds/m2,PLS,native,,,68,
467,220,known,2640,,seeding,70,seeds/m2,PLS,native,,,68,
468,220,known,3082,,seeding,3,seeds/m2,PLS,exotic,,,68,
469,220,known,4575,,seeding,68,seeds/m2,PLS,native,,,68,
470,220,known,5415,,seeding,58,seeds/m2,PLS,native,,,68,
471,220,known,5416,,seeding,129,seeds/m2,PLS,native,,,68,
472,220,known,5568,,seeding,37,seeds/m2,PLS,native,,,68,
473,220,known,5582,,seeding,279,seeds/m2,PLS,native,,,68,
474,220,known,5583,,seeding,55,seeds/m2,PLS,native,,,68,
475,220,known,5585,,seeding,134,seeds/m2,PLS,native,,,68,
476,220,known,5707,,seeding,83,seeds/m2,PLS,native,,,68,
477,220,known,5763,,seeding,177,seeds/m2,PLS,native,,,68,
478,220,known,5765,,seeding,48,seeds/m2,PLS,native,,,68,
479,220,known,5801,,seeding,198,seeds/m2,PLS,native,,,68,
480,220,known,5881,,seeding,110,seeds/m2,PLS,native,,,68,
481,220,known,5938,,seeding,1121,seeds/m2,PLS,native,,,68,
482,220,known,6282,,seeding,30,seeds/m2,PLS,native,,,68,
483,221,known,387,,seeding,23,seeds/m2,PLS,native,,,69,
484,221,known,484,,seeding,13,seeds/m2,PLS,native,,,69,
485,221,known,1102,,seeding,12,seeds/m2,PLS,native,,,69,
486,221,known,1686,,seeding,16,seeds/m2,PLS,native,,,69,
487,221,known,1741,,seeding,7,seeds/m2,PLS,native,,,69,
488,221,known,2640,,seeding,14,seeds/m2,PLS,native,,,69,
489,221,known,2887,,seeding,9,seeds/m2,PLS,exotic,,,69,
490,221,known,5415,,seeding,105,seeds/m2,PLS,native,,,69,
491,221,known,5416,,seeding,295,seeds/m2,PLS,native,,,69,
492,221,known,5582,,seeding,61,seeds/m2,PLS,native,,,69,
493,221,known,5585,,seeding,41,seeds/m2,PLS,native,,,69,
494,221,known,5698,,seeding,14,seeds/m2,PLS,native,,,69,
495,221,known,5763,,seeding,38,seeds/m2,PLS,native,,,69,
496,221,known,5901,,seeding,237,seeds/m2,PLS,native,,,69,
497,221,known,5952,,seeding,35,seeds/m2,PLS,native,,,69,
498,222,known,469,,seeding,51,seeds/m2,PLS,exotic,,,70,
499,222,known,484,,seeding,26,seeds/m2,PLS,native,,,70,
500,222,known,712,,seeding,23,seeds/m2,PLS,native,,,70,
501,222,known,1686,,seeding,69,seeds/m2,PLS,native,,,70,
502,222,known,1687,,seeding,11,seeds/m2,PLS,native,,,70,
503,222,known,1741,,seeding,28,seeds/m2,PLS,native,,,70,
504,222,known,5415,,seeding,19,seeds/m2,PLS,native,,,70,
505,222,known,5416,,seeding,53,seeds/m2,PLS,native,,,70,
506,222,known,5583,,seeding,26,seeds/m2,PLS,native,,,70,
507,222,known,5901,,seeding,42,seeds/m2,PLS,native,,,70,
508,222,known,5952,,seeding,28,seeds/m2,PLS,native,,,70,
509,223,known,387,,seeding,23,seeds/m2,PLS,native,,,71,
510,223,known,484,,seeding,13,seeds/m2,PLS,native,,,71,
511,223,known,1102,,seeding,12,seeds/m2,PLS,native,,,71,
512,223,known,1686,,seeding,16,seeds/m2,PLS,native,,,71,
513,223,known,1741,,seeding,7,seeds/m2,PLS,native,,,71,
514,223,known,2640,,seeding,14,seeds/m2,PLS,native,,,71,
515,223,known,2887,,seeding,9,seeds/m2,PLS,exotic,,,71,
516,223,known,5415,,seeding,105,seeds/m2,PLS,native,,,71,
517,223,known,5416,,seeding,295,seeds/m2,PLS,native,,,71,
518,223,known,5582,,seeding,61,seeds/m2,PLS,native,,,71,
519,223,known,5585,,seeding,41,seeds/m2,PLS,native,,,71,
520,223,known,5698,,seeding,14,seeds/m2,PLS,native,,,71,
521,223,known,5763,,seeding,38,seeds/m2,PLS,native,,,71,
522,223,known,5901,,seeding,237,seeds/m2,PLS,native,,,71,
523,223,known,5952,,seeding,35,seeds/m2,PLS,native,,,71,
524,224,known,387,,seeding,29,seeds/m2,PLS,native,,,72,
525,224,known,457,,seeding,8,seeds/m2,PLS,native,,,72,
526,224,known,469,,seeding,10,seeds/m2,PLS,exotic,,,72,
527,224,known,2174,,seeding,14,seeds/m2,PLS,native,,,72,
528,224,known,2640,,seeding,19,seeds/m2,PLS,native,,,72,
529,224,known,5415,,seeding,59,seeds/m2,PLS,native,,,72,
530,224,known,5568,,seeding,53,seeds/m2,PLS,native,,,72,
531,224,known,5582,,seeding,112,seeds/m2,PLS,native,,,72,
532,224,known,5698,,seeding,27,seeds/m2,PLS,native,,,72,
533,224,known,5881,,seeding,74,seeds/m2,PLS,native,,,72,
534,224,known,6402,,seeding,12,seeds/m2,PLS,native,,,72,
535,225,known,387,,seeding,23,seeds/m2,PLS,native,,,73,
536,225,known,484,,seeding,13,seeds/m2,PLS,native,,,73,
537,225,known,1102,,seeding,12,seeds/m2,PLS,native,,,73,
538,225,known,1686,,seeding,16,seeds/m2,PLS,native,,,73,
539,225,known,1741,,seeding,7,seeds/m2,PLS,native,,,73,
540,225,known,2640,,seeding,14,seeds/m2,PLS,native,,,73,
541,225,known,2887,,seeding,9,seeds/m2,PLS,exotic,,,73,
542,225,known,5415,,seeding,105,seeds/m2,PLS,native,,,73,
543,225,known,5416,,seeding,295,seeds/m2,PLS,native,,,73,
544,225,known,5582,,seeding,61,seeds/m2,PLS,native,,,73,
545,225,known,5585,,seeding,41,seeds/m2,PLS,native,,,73,
546,225,known,5698,,seeding,14,seeds/m2,PLS,native,,,73,
547,225,known,5763,,seeding,38,seeds/m2,PLS,native,,,73,
548,225,known,5901,,seeding,237,seeds/m2,PLS,native,,,73,
549,225,known,5952,,seeding,35,seeds/m2,PLS,native,,,73,
550,226,known,469,,seeding,51,seeds/m2,PLS,exotic,,,74,
551,226,known,484,,seeding,26,seeds/m2,PLS,native,,,74,
552,226,known,712,,seeding,23,seeds/m2,PLS,native,,,74,
553,226,known,1686,,seeding,69,seeds/m2,PLS,native,,,74,
554,226,known,1687,,seeding,11,seeds/m2,PLS,native,,,74,
555,226,known,1741,,seeding,28,seeds/m2,PLS,native,,,74,
556,226,known,5415,,seeding,19,seeds/m2,PLS,native,,,74,
557,226,known,5416,,seeding,53,seeds/m2,PLS,native,,,74,
558,226,known,5583,,seeding,26,seeds/m2,PLS,native,,,74,
559,226,known,5901,,seeding,42,seeds/m2,PLS,native,,,74,
560,226,known,5952,,seeding,28,seeds/m2,PLS,native,,,74,
561,227,known,387,,seeding,23,seeds/m2,PLS,native,,,75,
562,227,known,484,,seeding,30,seeds/m2,PLS,native,,,75,
563,227,known,1102,,seeding,12,seeds/m2,PLS,native,,,75,
564,227,known,1686,,seeding,53,seeds/m2,PLS,native,,,75,
565,227,known,1741,,seeding,21,seeds/m2,PLS,native,,,75,
566,227,known,2640,,seeding,14,seeds/m2,PLS,native,,,75,
567,227,known,2887,,seeding,9,seeds/m2,PLS,exotic,,,75,
568,227,known,5415,,seeding,105,seeds/m2,PLS,native,,,75,
569,227,known,5416,,seeding,295,seeds/m2,PLS,native,,,75,
570,227,known,5577,,seeding,19,seeds/m2,PLS,native,,,75,
571,227,known,5582,,seeding,61,seeds/m2,PLS,native,,,75,
572,227,known,5583,,seeding,27,seeds/m2,PLS,native,,,75,
573,227,known,5585,,seeding,41,seeds/m2,PLS,native,,,75,
574,227,known,5698,,seeding,14,seeds/m2,PLS,native,,,75,
575,227,known,5763,,seeding,38,seeds/m2,PLS,native,,,75,
576,227,known,5901,,seeding,237,seeds/m2,PLS,native,,,75,
577,227,known,5952,,seeding,35,seeds/m2,PLS,native,,,75,
578,228,known,484,,seeding,54,seeds/m2,PLS,native,,,76,
579,228,known,1686,,seeding,20,seeds/m2,PLS,native,,,76,
580,228,known,2640,,seeding,9,seeds/m2,PLS,native,,,76,
581,228,known,2887,,seeding,18,seeds/m2,PLS,exotic,,,76,
582,228,known,5416,,seeding,172,seeds/m2,PLS,native,,,76,
583,228,known,5577,,seeding,43,seeds/m2,PLS,native,,,76,
584,228,known,5582,,seeding,171,seeds/m2,PLS,native,,,76,
585,228,known,5583,,seeding,83,seeds/m2,PLS,native,,,76,
586,228,known,5585,,seeding,100,seeds/m2,PLS,native,,,76,
587,228,known,5763,,seeding,118,seeds/m2,PLS,native,,,76,
588,228,known,5765,,seeding,32,seeds/m2,PLS,native,,,76,
589,228,known,5932,,seeding,431,seeds/m2,PLS,native,,,76,
590,229,known,387,,seeding,23,seeds/m2,PLS,native,,,77,
591,229,known,484,,seeding,30,seeds/m2,PLS,native,,,77,
592,229,known,1102,,seeding,12,seeds/m2,PLS,native,,,77,
593,229,known,1686,,seeding,53,seeds/m2,PLS,native,,,77,
594,229,known,1741,,seeding,21,seeds/m2,PLS,native,,,77,
595,229,known,2640,,seeding,14,seeds/m2,PLS,native,,,77,
596,229,known,2887,,seeding,9,seeds/m2,PLS,exotic,,,77,
597,229,known,5415,,seeding,105,seeds/m2,PLS,native,,,77,
598,229,known,5416,,seeding,295,seeds/m2,PLS,native,,,77,
599,229,known,5577,,seeding,19,seeds/m2,PLS,native,,,77,
600,229,known,5582,,seeding,61,seeds/m2,PLS,native,,,77,
601,229,known,5583,,seeding,27,seeds/m2,PLS,native,,,77,
602,229,known,5585,,seeding,41,seeds/m2,PLS,native,,,77,
603,229,known,5698,,seeding,14,seeds/m2,PLS,native,,,77,
604,229,known,5763,,seeding,38,seeds/m2,PLS,native,,,77,
605,229,known,5901,,seeding,237,seeds/m2,PLS,native,,,77,
606,229,known,5952,,seeding,35,seeds/m2,PLS,native,,,77,
607,230,known,276,,seeding,16,seeds/m2,PLS,native,,,78,
608,230,known,469,,seeding,183,seeds/m2,PLS,exotic,,,78,
609,230,known,484,,seeding,190,seeds/m2,PLS,native,,,78,
610,230,known,692,,seeding,60,seeds/m2,PLS,native,,,78,
611,230,known,712,,seeding,14,seeds/m2,PLS,native,,,78,
612,230,known,1686,,seeding,13,seeds/m2,PLS,native,,,78,
613,230,known,2640,,seeding,29,seeds/m2,PLS,native,,,78,
614,230,known,5416,,seeding,41,seeds/m2,PLS,native,,,78,
615,230,known,5485,,seeding,135,seeds/m2,PLS,native,,,78,
616,230,known,5573,,seeding,13,seeds/m2,PLS,native,,,78,
617,230,known,5583,,seeding,13,seeds/m2,PLS,native,,,78,
618,230,known,5765,,seeding,27,seeds/m2,PLS,native,,,78,
619,230,known,5901,,seeding,46,seeds/m2,PLS,native,,,78,
620,230,known,5952,,seeding,11,seeds/m2,PLS,native,,,78,
621,231,known,276,,seeding,12,seeds/m2,PLS,native,,,79,
622,231,known,387,,seeding,142,seeds/m2,PLS,native,,,79,
623,231,known,465,,seeding,349,seeds/m2,PLS,native,,,79,
624,231,known,484,,seeding,305,seeds/m2,PLS,native,,,79,
625,231,known,712,,seeding,94,seeds/m2,PLS,native,,,79,
626,231,known,1686,,seeding,30,seeds/m2,PLS,native,,,79,
627,231,known,1687,,seeding,37,seeds/m2,PLS,native,,,79,
628,231,known,2041,,seeding,62,seeds/m2,PLS,native,,,79,
629,231,known,2637,,seeding,175,seeds/m2,PLS,native,,,79,
630,231,known,3010,,seeding,1,seeds/m2,PLS,native,,,79,
631,231,known,3082,,seeding,3,seeds/m2,PLS,exotic,,,79,
632,231,known,4575,,seeding,26,seeds/m2,PLS,native,,,79,
633,231,known,5415,,seeding,58,seeds/m2,PLS,native,,,79,
634,231,known,5416,,seeding,173,seeds/m2,PLS,native,,,79,
635,231,known,5568,,seeding,37,seeds/m2,PLS,native,,,79,
636,231,known,5573,,seeding,30,seeds/m2,PLS,native,,,79,
637,231,known,5582,,seeding,257,seeds/m2,PLS,native,,,79,
638,231,known,5583,,seeding,70,seeds/m2,PLS,native,,,79,
639,231,known,5585,,seeding,84,seeds/m2,PLS,native,,,79,
640,231,known,5707,,seeding,83,seeds/m2,PLS,native,,,79,
641,231,known,5763,,seeding,119,seeds/m2,PLS,native,,,79,
642,231,known,5765,,seeding,32,seeds/m2,PLS,native,,,79,
643,231,known,5801,,seeding,243,seeds/m2,PLS,native,,,79,
644,231,known,5901,,seeding,86,seeds/m2,PLS,native,,,79,
645,231,known,5938,,seeding,1136,seeds/m2,PLS,native,,,79,
646,231,known,5952,,seeding,49,seeds/m2,PLS,native,,,79,
647,231,known,6517,,seeding,4,seeds/m2,PLS,native,,,79,
648,232,known,387,,seeding,23,seeds/m2,PLS,native,,,80,
649,232,known,484,,seeding,30,seeds/m2,PLS,native,,,80,
650,232,known,1102,,seeding,12,seeds/m2,PLS,native,,,80,
651,232,known,1686,,seeding,53,seeds/m2,PLS,native,,,80,
652,232,known,1741,,seeding,21,seeds/m2,PLS,native,,,80,
653,232,known,2640,,seeding,14,seeds/m2,PLS,native,,,80,
654,232,known,2887,,seeding,9,seeds/m2,PLS,exotic,,,80,
655,232,known,5415,,seeding,105,seeds/m2,PLS,native,,,80,
656,232,known,5416,,seeding,295,seeds/m2,PLS,native,,,80,
657,232,known,5577,,seeding,19,seeds/m2,PLS,native,,,80,
658,232,known,5582,,seeding,61,seeds/m2,PLS,native,,,80,
659,232,known,5583,,seeding,27,seeds/m2,PLS,native,,,80,
660,232,known,5585,,seeding,41,seeds/m2,PLS,native,,,80,
661,232,known,5698,,seeding,14,seeds/m2,PLS,native,,,80,
662,232,known,5763,,seeding,38,seeds/m2,PLS,native,,,80,
663,232,known,5901,,seeding,237,seeds/m2,PLS,native,,,80,
664,232,known,5952,,seeding,35,seeds/m2,PLS,native,,,80,
665,233,known,387,,seeding,23,seeds/m2,PLS,native,,,81,
666,233,known,484,,seeding,30,seeds/m2,PLS,native,,,81,
667,233,known,1102,,seeding,12,seeds/m2,PLS,native,,,81,
668,233,known,1686,,seeding,53,seeds/m2,PLS,native,,,81,
669,233,known,1741,,seeding,21,seeds/m2,PLS,native,,,81,
670,233,known,2640,,seeding,14,seeds/m2,PLS,native,,,81,
671,233,known,2887,,seeding,9,seeds/m2,PLS,exotic,,,81,
672,233,known,5415,,seeding,105,seeds/m2,PLS,native,,,81,
673,233,known,5416,,seeding,295,seeds/m2,PLS,native,,,81,
674,233,known,5577,,seeding,19,seeds/m2,PLS,native,,,81,
675,233,known,5582,,seeding,61,seeds/m2,PLS,native,,,81,
676,233,known,5583,,seeding,27,seeds/m2,PLS,native,,,81,
677,233,known,5585,,seeding,41,seeds/m2,PLS,native,,,81,
678,233,known,5698,,seeding,14,seeds/m2,PLS,native,,,81,
679,233,known,5763,,seeding,38,seeds/m2,PLS,native,,,81,
680,233,known,5901,,seeding,237,seeds/m2,PLS,native,,,81,
681,233,known,5952,,seeding,35,seeds/m2,PLS,native,,,81,
682,234,known,276,,seeding,10,seeds/m2,PLS,native,,,82,
683,234,known,469,,seeding,459,seeds/m2,PLS,exotic,,,82,
684,234,known,484,,seeding,30,seeds/m2,PLS,native,,,82,
685,234,known,1102,,seeding,149,seeds/m2,PLS,native,,,82,
686,234,known,1686,,seeding,14,seeds/m2,PLS,native,,,82,
687,234,known,2640,,seeding,36,seeds/m2,PLS,native,,,82,
688,234,known,4575,,seeding,16,seeds/m2,PLS,native,,,82,
689,234,known,5416,,seeding,68,seeds/m2,PLS,native,,,82,
690,234,known,5485,,seeding,136,seeds/m2,PLS,native,,,82,
691,234,known,5568,,seeding,10,seeds/m2,PLS,native,,,82,
692,234,known,5573,,seeding,13,seeds/m2,PLS,native,,,82,
693,234,known,5583,,seeding,26,seeds/m2,PLS,native,,,82,
694,234,known,5801,,seeding,116,seeds/m2,PLS,native,,,82,
695,234,known,5881,,seeding,206,seeds/m2,PLS,native,,,82,
696,234,known,5938,,seeding,1334,seeds/m2,PLS,native,,,82,
697,234,known,5952,,seeding,11,seeds/m2,PLS,native,,,82,
698,235,known,387,,seeding,85,seeds/m2,PLS,native,,,83,
699,235,known,469,,seeding,151,seeds/m2,PLS,exotic,,,83,
700,235,known,484,,seeding,256,seeds/m2,PLS,native,,,83,
701,235,known,712,,seeding,23,seeds/m2,PLS,native,,,83,
702,235,known,1102,,seeding,85,seeds/m2,PLS,native,,,83,
703,235,known,1686,,seeding,35,seeds/m2,PLS,native,,,83,
704,235,known,1741,,seeding,15,seeds/m2,PLS,native,,,83,
705,235,known,2861,,seeding,91,seeds/m2,PLS,exotic,,,83,
706,235,known,5577,,seeding,22,seeds/m2,PLS,native,,,83,
707,235,known,5582,,seeding,75,seeds/m2,PLS,native,,,83,
708,235,known,5583,,seeding,14,seeds/m2,PLS,native,,,83,
709,235,known,5698,,seeding,103,seeds/m2,PLS,native,,,83,
710,235,known,5763,,seeding,98,seeds/m2,PLS,native,,,83,
711,235,known,5765,,seeding,29,seeds/m2,PLS,native,,,83,
712,236,known,387,,seeding,85,seeds/m2,PLS,native,,,84,
713,236,known,469,,seeding,151,seeds/m2,PLS,exotic,,,84,
714,236,known,484,,seeding,256,seeds/m2,PLS,native,,,84,
715,236,known,712,,seeding,23,seeds/m2,PLS,native,,,84,
716,236,known,1102,,seeding,85,seeds/m2,PLS,native,,,84,
717,236,known,1686,,seeding,35,seeds/m2,PLS,native,,,84,
718,236,known,1741,,seeding,15,seeds/m2,PLS,native,,,84,
719,236,known,2861,,seeding,91,seeds/m2,PLS,exotic,,,84,
720,236,known,5577,,seeding,22,seeds/m2,PLS,native,,,84,
721,236,known,5582,,seeding,75,seeds/m2,PLS,native,,,84,
722,236,known,5583,,seeding,14,seeds/m2,PLS,native,,,84,
723,236,known,5698,,seeding,103,seeds/m2,PLS,native,,,84,
724,236,known,5763,,seeding,98,seeds/m2,PLS,native,,,84,
725,236,known,5765,,seeding,29,seeds/m2,PLS,native,,,84,
726,237,known,484,,seeding,54,seeds/m2,PLS,native,,,85,
727,237,known,1686,,seeding,20,seeds/m2,PLS,native,,,85,
728,237,known,1741,,seeding,10,seeds/m2,PLS,native,,,85,
729,237,known,2640,,seeding,9,seeds/m2,PLS,native,,,85,
730,237,known,2887,,seeding,18,seeds/m2,PLS,exotic,,,85,
731,237,known,5416,,seeding,172,seeds/m2,PLS,native,,,85,
732,237,known,5577,,seeding,43,seeds/m2,PLS,native,,,85,
733,237,known,5582,,seeding,171,seeds/m2,PLS,native,,,85,
734,237,known,5583,,seeding,83,seeds/m2,PLS,native,,,85,
735,237,known,5585,,seeding,100,seeds/m2,PLS,native,,,85,
736,237,known,5763,,seeding,118,seeds/m2,PLS,native,,,85,
737,237,known,5765,,seeding,63,seeds/m2,PLS,native,,,85,
738,237,known,5932,,seeding,431,seeds/m2,PLS,native,,,85,
739,238,known,387,,seeding,142,seeds/m2,PLS,native,,,86,
740,238,known,465,,seeding,349,seeds/m2,PLS,native,,,86,
741,238,known,484,,seeding,86,seeds/m2,PLS,native,,,86,
742,238,known,3010,,seeding,1,seeds/m2,PLS,native,,,86,
743,238,known,4575,,seeding,8,seeds/m2,PLS,native,,,86,
744,238,known,5415,,seeding,58,seeds/m2,PLS,native,,,86,
745,238,known,5416,,seeding,86,seeds/m2,PLS,native,,,86,
746,238,known,5573,,seeding,30,seeds/m2,PLS,native,,,86,
747,238,known,5582,,seeding,85,seeds/m2,PLS,native,,,86,
748,238,known,5583,,seeding,28,seeds/m2,PLS,native,,,86,
749,238,known,5901,,seeding,86,seeds/m2,PLS,native,,,86,
750,238,known,5952,,seeding,49,seeds/m2,PLS,native,,,86,
751,238,known,6517,,seeding,4,seeds/m2,PLS,native,,,86,
752,239,known,387,,seeding,114,seeds/m2,PLS,native,,,87,
753,239,known,484,,seeding,87,seeds/m2,PLS,native,,,87,
754,239,known,1686,,seeding,10,seeds/m2,PLS,native,,,87,
755,239,known,1741,,seeding,10,seeds/m2,PLS,native,,,87,
756,239,known,2640,,seeding,7,seeds/m2,PLS,native,,,87,
757,239,known,2887,,seeding,12,seeds/m2,PLS,exotic,,,87,
758,239,known,5415,,seeding,23,seeds/m2,PLS,native,,,87,
759,239,known,5416,,seeding,17,seeds/m2,PLS,native,,,87,
760,239,known,5582,,seeding,86,seeds/m2,PLS,native,,,87,
761,239,known,5583,,seeding,28,seeds/m2,PLS,native,,,87,
762,239,known,5585,,seeding,50,seeds/m2,PLS,native,,,87,
763,239,known,5763,,seeding,39,seeds/m2,PLS,native,,,87,
764,239,known,5952,,seeding,25,seeds/m2,PLS,native,,,87,
765,240,known,387,,seeding,114,seeds/m2,PLS,native,,,88,
766,240,known,484,,seeding,87,seeds/m2,PLS,native,,,88,
767,240,known,1686,,seeding,10,seeds/m2,PLS,native,,,88,
768,240,known,1741,,seeding,10,seeds/m2,PLS,native,,,88,
769,240,known,2640,,seeding,7,seeds/m2,PLS,native,,,88,
770,240,known,2887,,seeding,12,seeds/m2,PLS,exotic,,,88,
771,240,known,5415,,seeding,23,seeds/m2,PLS,native,,,88,
772,240,known,5416,,seeding,17,seeds/m2,PLS,native,,,88,
773,240,known,5582,,seeding,86,seeds/m2,PLS,native,,,88,
774,240,known,5583,,seeding,28,seeds/m2,PLS,native,,,88,
775,240,known,5585,,seeding,50,seeds/m2,PLS,native,,,88,
776,240,known,5763,,seeding,39,seeds/m2,PLS,native,,,88,
777,240,known,5952,,seeding,25,seeds/m2,PLS,native,,,88,
778,241,known,387,,seeding,80,seeds/m2,PLS,native,,,89,
779,241,known,484,,seeding,58,seeds/m2,PLS,native,,,89,
780,241,known,1102,,seeding,5,seeds/m2,PLS,native,,,89,
781,241,known,1686,,seeding,13,seeds/m2,PLS,native,,,89,
782,241,known,1741,,seeding,9,seeds/m2,PLS,native,,,89,
783,241,known,2640,,seeding,10,seeds/m2,PLS,native,,,89,
784,241,known,2887,,seeding,11,seeds/m2,PLS,exotic,,,89,
785,241,known,5415,,seeding,59,seeds/m2,PLS,native,,,89,
786,241,known,5416,,seeding,136,seeds/m2,PLS,native,,,89,
787,241,known,5582,,seeding,78,seeds/m2,PLS,native,,,89,
788,241,known,5583,,seeding,17,seeds/m2,PLS,native,,,89,
789,241,known,5585,,seeding,48,seeds/m2,PLS,native,,,89,
790,241,known,5698,,seeding,6,seeds/m2,PLS,native,,,89,
791,241,known,5763,,seeding,40,seeds/m2,PLS,native,,,89,
792,241,known,5901,,seeding,101,seeds/m2,PLS,native,,,89,
793,241,known,5952,,seeding,30,seeds/m2,PLS,native,,,89,
794,242,known,387,,seeding,142,seeds/m2,PLS,native,,,90,
795,242,known,465,,seeding,349,seeds/m2,PLS,native,,,90,
796,242,known,484,,seeding,86,seeds/m2,PLS,native,,,90,
797,242,known,1686,,seeding,30,seeds/m2,PLS,native,,,90,
798,242,known,2640,,seeding,70,seeds/m2,PLS,native,,,90,
799,242,known,3010,,seeding,1,seeds/m2,PLS,native,,,90,
800,242,known,4575,,seeding,8,seeds/m2,PLS,native,,,90,
801,242,known,5415,,seeding,58,seeds/m2,PLS,native,,,90,
802,242,known,5416,,seeding,86,seeds/m2,PLS,native,,,90,
803,242,known,5573,,seeding,30,seeds/m2,PLS,native,,,90,
804,242,known,5577,,seeding,33,seeds/m2,PLS,native,,,90,
805,242,known,5582,,seeding,171,seeds/m2,PLS,native,,,90,
806,242,known,5583,,seeding,69,seeds/m2,PLS,native,,,90,
807,242,known,5585,,seeding,50,seeds/m2,PLS,native,,,90,
808,242,known,5763,,seeding,79,seeds/m2,PLS,native,,,90,
809,242,known,5901,,seeding,86,seeds/m2,PLS,native,,,90,
810,242,known,5952,,seeding,49,seeds/m2,PLS,native,,,90,
811,242,known,6517,,seeding,4,seeds/m2,PLS,native,,,90,
812,243,known,387,,seeding,80,seeds/m2,PLS,native,,,91,
813,243,known,484,,seeding,58,seeds/m2,PLS,native,,,91,
814,243,known,1102,,seeding,5,seeds/m2,PLS,native,,,91,
815,243,known,1686,,seeding,13,seeds/m2,PLS,native,,,91,
816,243,known,1741,,seeding,9,seeds/m2,PLS,native,,,91,
817,243,known,2640,,seeding,10,seeds/m2,PLS,native,,,91,
818,243,known,2887,,seeding,11,seeds/m2,PLS,exotic,,,91,
819,243,known,5415,,seeding,59,seeds/m2,PLS,native,,,91,
820,243,known,5416,,seeding,136,seeds/m2,PLS,native,,,91,
821,243,known,5582,,seeding,78,seeds/m2,PLS,native,,,91,
822,243,known,5583,,seeding,17,seeds/m2,PLS,native,,,91,
823,243,known,5585,,seeding,48,seeds/m2,PLS,native,,,91,
824,243,known,5698,,seeding,6,seeds/m2,PLS,native,,,91,
825,243,known,5763,,seeding,40,seeds/m2,PLS,native,,,91,
826,243,known,5901,,seeding,101,seeds/m2,PLS,native,,,91,
827,243,known,5952,,seeding,30,seeds/m2,PLS,native,,,91,
828,244,known,387,,seeding,80,seeds/m2,PLS,native,,,92,
829,244,known,484,,seeding,58,seeds/m2,PLS,native,,,92,
830,244,known,1102,,seeding,90,seeds/m2,PLS,native,,,92,
831,244,known,1686,,seeding,47,seeds/m2,PLS,native,,,92,
832,244,known,1741,,seeding,9,seeds/m2,PLS,native,,,92,
833,244,known,2640,,seeding,10,seeds/m2,PLS,native,,,92,
834,244,known,2861,,seeding,91,seeds/m2,PLS,exotic,,,92,
835,244,known,2887,,seeding,11,seeds/m2,PLS,exotic,,,92,
836,244,known,5415,,seeding,59,seeds/m2,PLS,native,,,92,
837,244,known,5416,,seeding,136,seeds/m2,PLS,native,,,92,
838,244,known,5577,,seeding,22,seeds/m2,PLS,native,,,92,
839,244,known,5582,,seeding,153,seeds/m2,PLS,native,,,92,
840,244,known,5583,,seeding,31,seeds/m2,PLS,native,,,92,
841,244,known,5585,,seeding,48,seeds/m2,PLS,native,,,92,
842,244,known,5698,,seeding,109,seeds/m2,PLS,native,,,92,
843,244,known,5763,,seeding,139,seeds/m2,PLS,native,,,92,
844,244,known,5765,,seeding,29,seeds/m2,PLS,native,,,92,
845,244,known,5901,,seeding,101,seeds/m2,PLS,native,,,92,
846,244,known,5952,,seeding,30,seeds/m2,PLS,native,,,92,
847,245,known,387,,seeding,80,seeds/m2,PLS,native,,,93,
848,245,known,484,,seeding,58,seeds/m2,PLS,native,,,93,
849,245,known,1102,,seeding,5,seeds/m2,PLS,native,,,93,
850,245,known,1686,,seeding,13,seeds/m2,PLS,native,,,93,
851,245,known,1741,,seeding,9,seeds/m2,PLS,native,,,93,
852,245,known,2640,,seeding,10,seeds/m2,PLS,native,,,93,
853,245,known,2887,,seeding,11,seeds/m2,PLS,exotic,,,93,
854,245,known,5415,,seeding,59,seeds/m2,PLS,native,,,93,
855,245,known,5416,,seeding,136,seeds/m2,PLS,native,,,93,
856,245,known,5582,,seeding,78,seeds/m2,PLS,native,,,93,
857,245,known,5583,,seeding,17,seeds/m2,PLS,native,,,93,
858,245,known,5585,,seeding,48,seeds/m2,PLS,native,,,93,
859,245,known,5698,,seeding,6,seeds/m2,PLS,native,,,93,
860,245,known,5763,,seeding,40,seeds/m2,PLS,native,,,93,
861,245,known,5901,,seeding,101,seeds/m2,PLS,native,,,93,
862,245,known,5952,,seeding,30,seeds/m2,PLS,native,,,93,
863,246,known,387,,seeding,80,seeds/m2,PLS,native,,,94,
864,246,known,484,,seeding,58,seeds/m2,PLS,native,,,94,
865,246,known,1102,,seeding,5,seeds/m2,PLS,native,,,94,
866,246,known,1686,,seeding,13,seeds/m2,PLS,native,,,94,
867,246,known,1741,,seeding,9,seeds/m2,PLS,native,,,94,
868,246,known,2640,,seeding,10,seeds/m2,PLS,native,,,94,
869,246,known,2887,,seeding,11,seeds/m2,PLS,exotic,,,94,
870,246,known,5415,,seeding,59,seeds/m2,PLS,native,,,94,
871,246,known,5416,,seeding,136,seeds/m2,PLS,native,,,94,
872,246,known,5582,,seeding,78,seeds/m2,PLS,native,,,94,
873,246,known,5583,,seeding,17,seeds/m2,PLS,native,,,94,
874,246,known,5585,,seeding,48,seeds/m2,PLS,native,,,94,
875,246,known,5698,,seeding,6,seeds/m2,PLS,native,,,94,
876,246,known,5763,,seeding,40,seeds/m2,PLS,native,,,94,
877,246,known,5901,,seeding,101,seeds/m2,PLS,native,,,94,
878,246,known,5952,,seeding,30,seeds/m2,PLS,native,,,94,
879,247,known,387,,seeding,315,seeds/m2,PLS,native,,,95,
880,247,known,457,,seeding,11,seeds/m2,PLS,native,,,95,
881,247,known,465,,seeding,141,seeds/m2,PLS,native,,,95,
882,247,known,469,,seeding,1121,seeds/m2,PLS,exotic,,,95,
883,247,known,484,,seeding,1385,seeds/m2,PLS,native,,,95,
884,247,known,712,,seeding,93,seeds/m2,PLS,native,,,95,
885,247,known,1741,,seeding,20,seeds/m2,PLS,native,,,95,
886,247,known,2041,,seeding,36,seeds/m2,PLS,native,,,95,
887,247,known,3082,,seeding,3,seeds/m2,PLS,exotic,,,95,
888,247,known,5415,,seeding,58,seeds/m2,PLS,native,,,95,
889,247,known,5568,,seeding,37,seeds/m2,PLS,native,,,95,
890,247,known,5582,,seeding,214,seeds/m2,PLS,native,,,95,
891,247,known,5585,,seeding,134,seeds/m2,PLS,native,,,95,
892,247,known,5707,,seeding,83,seeds/m2,PLS,native,,,95,
893,247,known,5763,,seeding,138,seeds/m2,PLS,native,,,95,
894,247,known,5801,,seeding,112,seeds/m2,PLS,native,,,95,
895,247,known,5881,,seeding,110,seeds/m2,PLS,native,,,95,
896,248,known,387,,seeding,429,seeds/m2,PLS,native,,,96,
897,248,known,465,,seeding,1750,seeds/m2,PLS,native,,,96,
898,248,known,484,,seeding,1384,seeds/m2,PLS,native,,,96,
899,248,known,712,,seeding,93,seeds/m2,PLS,native,,,96,
900,248,known,1686,,seeding,30,seeds/m2,PLS,native,,,96,
901,248,known,1741,,seeding,20,seeds/m2,PLS,native,,,96,
902,248,known,2640,,seeding,70,seeds/m2,PLS,native,,,96,
903,248,known,3010,,seeding,1,seeds/m2,PLS,native,,,96,
904,248,known,4575,,seeding,8,seeds/m2,PLS,native,,,96,
905,248,known,5415,,seeding,58,seeds/m2,PLS,native,,,96,
906,248,known,5416,,seeding,86,seeds/m2,PLS,native,,,96,
907,248,known,5573,,seeding,30,seeds/m2,PLS,native,,,96,
908,248,known,5577,,seeding,33,seeds/m2,PLS,native,,,96,
909,248,known,5582,,seeding,171,seeds/m2,PLS,native,,,96,
910,248,known,5583,,seeding,69,seeds/m2,PLS,native,,,96,
911,248,known,5585,,seeding,50,seeds/m2,PLS,native,,,96,
912,248,known,5763,,seeding,79,seeds/m2,PLS,native,,,96,
913,248,known,5901,,seeding,86,seeds/m2,PLS,native,,,96,
914,248,known,5952,,seeding,49,seeds/m2,PLS,native,,,96,
915,248,known,6517,,seeding,4,seeds/m2,PLS,native,,,96,
916,249,known,387,,seeding,142,seeds/m2,PLS,native,,,97,
917,249,known,465,,seeding,349,seeds/m2,PLS,native,,,97,
918,249,known,484,,seeding,86,seeds/m2,PLS,native,,,97,
919,249,known,3010,,seeding,1,seeds/m2,PLS,native,,,97,
920,249,known,4575,,seeding,8,seeds/m2,PLS,native,,,97,
921,249,known,5415,,seeding,58,seeds/m2,PLS,native,,,97,
922,249,known,5416,,seeding,86,seeds/m2,PLS,native,,,97,
923,249,known,5573,,seeding,30,seeds/m2,PLS,native,,,97,
924,249,known,5582,,seeding,85,seeds/m2,PLS,native,,,97,
925,249,known,5583,,seeding,28,seeds/m2,PLS,native,,,97,
926,249,known,5901,,seeding,86,seeds/m2,PLS,native,,,97,
927,249,known,5952,,seeding,49,seeds/m2,PLS,native,,,97,
928,249,known,6517,,seeding,4,seeds/m2,PLS,native,,,97,
929,250,known,387,,seeding,429,seeds/m2,PLS,native,,,98,
930,250,known,465,,seeding,1750,seeds/m2,PLS,native,,,98,
931,250,known,484,,seeding,1384,seeds/m2,PLS,native,,,98,
932,250,known,712,,seeding,93,seeds/m2,PLS,native,,,98,
933,250,known,1686,,seeding,30,seeds/m2,PLS,native,,,98,
934,250,known,1741,,seeding,20,seeds/m2,PLS,native,,,98,
935,250,known,2640,,seeding,70,seeds/m2,PLS,native,,,98,
936,250,known,3010,,seeding,1,seeds/m2,PLS,native,,,98,
937,250,known,4575,,seeding,8,seeds/m2,PLS,native,,,98,
938,250,known,5415,,seeding,58,seeds/m2,PLS,native,,,98,
939,250,known,5416,,seeding,86,seeds/m2,PLS,native,,,98,
940,250,known,5573,,seeding,30,seeds/m2,PLS,native,,,98,
941,250,known,5577,,seeding,33,seeds/m2,PLS,native,,,98,
942,250,known,5582,,seeding,171,seeds/m2,PLS,native,,,98,
943,250,known,5583,,seeding,69,seeds/m2,PLS,native,,,98,
944,250,known,5585,,seeding,50,seeds/m2,PLS,native,,,98,
945,250,known,5763,,seeding,79,seeds/m2,PLS,native,,,98,
946,250,known,5901,,seeding,86,seeds/m2,PLS,native,,,98,
947,250,known,5952,,seeding,49,seeds/m2,PLS,native,,,98,
948,250,known,6517,,seeding,4,seeds/m2,PLS,native,,,98,
949,251,known,387,,seeding,401,seeds/m2,PLS,native,,,99,
950,251,known,465,,seeding,1401,seeds/m2,PLS,native,,,99,
951,251,known,484,,seeding,1385,seeds/m2,PLS,native,,,99,
952,251,known,712,,seeding,93,seeds/m2,PLS,native,,,99,
953,251,known,1686,,seeding,39,seeds/m2,PLS,native,,,99,
954,251,known,1741,,seeding,31,seeds/m2,PLS,native,,,99,
955,251,known,2640,,seeding,77,seeds/m2,PLS,native,,,99,
956,251,known,2887,,seeding,12,seeds/m2,PLS,exotic,,,99,
957,251,known,5415,,seeding,23,seeds/m2,PLS,native,,,99,
958,251,known,5416,,seeding,17,seeds/m2,PLS,native,,,99,
959,251,known,5577,,seeding,33,seeds/m2,PLS,native,,,99,
960,251,known,5582,,seeding,171,seeds/m2,PLS,native,,,99,
961,251,known,5583,,seeding,69,seeds/m2,PLS,native,,,99,
962,251,known,5585,,seeding,100,seeds/m2,PLS,native,,,99,
963,251,known,5763,,seeding,118,seeds/m2,PLS,native,,,99,
964,251,known,5952,,seeding,25,seeds/m2,PLS,native,,,99,
965,252,known,387,,seeding,114,seeds/m2,PLS,native,,,100,
966,252,known,484,,seeding,87,seeds/m2,PLS,native,,,100,
967,252,known,1686,,seeding,10,seeds/m2,PLS,native,,,100,
968,252,known,1741,,seeding,10,seeds/m2,PLS,native,,,100,
969,252,known,2640,,seeding,7,seeds/m2,PLS,native,,,100,
970,252,known,2887,,seeding,12,seeds/m2,PLS,exotic,,,100,
971,252,known,5415,,seeding,23,seeds/m2,PLS,native,,,100,
972,252,known,5416,,seeding,17,seeds/m2,PLS,native,,,100,
973,252,known,5582,,seeding,86,seeds/m2,PLS,native,,,100,
974,252,known,5583,,seeding,28,seeds/m2,PLS,native,,,100,
975,252,known,5585,,seeding,50,seeds/m2,PLS,native,,,100,
976,252,known,5763,,seeding,39,seeds/m2,PLS,native,,,100,
977,252,known,5952,,seeding,25,seeds/m2,PLS,native,,,100,
978,253,known,276,,seeding,6,seeds/m2,PLS,native,,,101,
979,253,known,387,,seeding,114,seeds/m2,PLS,native,,,101,
980,253,known,484,,seeding,303,seeds/m2,PLS,native,,,101,
981,253,known,712,,seeding,140,seeds/m2,PLS,native,,,101,
982,253,known,1686,,seeding,59,seeds/m2,PLS,native,,,101,
983,253,known,1741,,seeding,10,seeds/m2,PLS,native,,,101,
984,253,known,2041,,seeding,91,seeds/m2,PLS,native,,,101,
985,253,known,2640,,seeding,147,seeds/m2,PLS,native,,,101,
986,253,known,2887,,seeding,12,seeds/m2,PLS,exotic,,,101,
987,253,known,4575,,seeding,68,seeds/m2,PLS,native,,,101,
988,253,known,5415,,seeding,23,seeds/m2,PLS,native,,,101,
989,253,known,5416,,seeding,147,seeds/m2,PLS,native,,,101,
990,253,known,5577,,seeding,33,seeds/m2,PLS,native,,,101,
991,253,known,5582,,seeding,235,seeds/m2,PLS,native,,,101,
992,253,known,5583,,seeding,125,seeds/m2,PLS,native,,,101,
993,253,known,5585,,seeding,100,seeds/m2,PLS,native,,,101,
994,253,known,5763,,seeding,157,seeds/m2,PLS,native,,,101,
995,253,known,5765,,seeding,48,seeds/m2,PLS,native,,,101,
996,253,known,5801,,seeding,86,seeds/m2,PLS,native,,,101,
997,253,known,5938,,seeding,1121,seeds/m2,PLS,native,,,101,
998,253,known,5952,,seeding,25,seeds/m2,PLS,native,,,101,
999,253,known,6282,,seeding,30,seeds/m2,PLS,native,,,101,
1000,254,known,387,,seeding,94,seeds/m2,PLS,native,,,102,
1001,254,known,465,,seeding,204,seeds/m2,PLS,native,,,102,
1002,254,known,469,,seeding,4,seeds/m2,PLS,exotic,,,102,
1003,254,known,484,,seeding,56,seeds/m2,PLS,native,,,102,
1004,254,known,689,,seeding,0,seeds/m2,PLS,native,,,102,
1005,254,known,3010,,seeding,1,seeds/m2,PLS,native,,,102,
1006,254,known,4575,,seeding,7,seeds/m2,PLS,native,,,102,
1007,254,known,5415,,seeding,68,seeds/m2,PLS,native,,,102,
1008,254,known,5416,,seeding,243,seeds/m2,PLS,native,,,102,
1009,254,known,5573,,seeding,17,seeds/m2,PLS,native,,,102,
1010,254,known,5582,,seeding,83,seeds/m2,PLS,native,,,102,
1011,254,known,5583,,seeding,34,seeds/m2,PLS,native,,,102,
1012,254,known,5763,,seeding,21,seeds/m2,PLS,native,,,102,
1013,254,known,5901,,seeding,128,seeds/m2,PLS,native,,,102,
1014,254,known,5952,,seeding,48,seeds/m2,PLS,native,,,102,
1015,254,known,6517,,seeding,3,seeds/m2,PLS,native,,,102,
1016,255,known,387,,seeding,80,seeds/m2,PLS,native,,,103,
1017,255,known,484,,seeding,58,seeds/m2,PLS,native,,,103,
1018,255,known,1102,,seeding,5,seeds/m2,PLS,native,,,103,
1019,255,known,1686,,seeding,13,seeds/m2,PLS,native,,,103,
1020,255,known,1741,,seeding,9,seeds/m2,PLS,native,,,103,
1021,255,known,2640,,seeding,10,seeds/m2,PLS,native,,,103,
1022,255,known,2887,,seeding,11,seeds/m2,PLS,exotic,,,103,
1023,255,known,5415,,seeding,59,seeds/m2,PLS,native,,,103,
1024,255,known,5416,,seeding,136,seeds/m2,PLS,native,,,103,
1025,255,known,5582,,seeding,78,seeds/m2,PLS,native,,,103,
1026,255,known,5583,,seeding,17,seeds/m2,PLS,native,,,103,
1027,255,known,5585,,seeding,48,seeds/m2,PLS,native,,,103,
1028,255,known,5698,,seeding,6,seeds/m2,PLS,native,,,103,
1029,255,known,5763,,seeding,40,seeds/m2,PLS,native,,,103,
1030,255,known,5901,,seeding,101,seeds/m2,PLS,native,,,103,
1031,255,known,5952,,seeding,30,seeds/m2,PLS,native,,,103,
1032,256,known,387,,seeding,80,seeds/m2,PLS,native,,,104,
1033,256,known,484,,seeding,58,seeds/m2,PLS,native,,,104,
1034,256,known,1102,,seeding,5,seeds/m2,PLS,native,,,104,
1035,256,known,1686,,seeding,13,seeds/m2,PLS,native,,,104,
1036,256,known,1741,,seeding,9,seeds/m2,PLS,native,,,104,
1037,256,known,2640,,seeding,10,seeds/m2,PLS,native,,,104,
1038,256,known,2887,,seeding,11,seeds/m2,PLS,exotic,,,104,
1039,256,known,5415,,seeding,59,seeds/m2,PLS,native,,,104,
1040,256,known,5416,,seeding,136,seeds/m2,PLS,native,,,104,
1041,256,known,5582,,seeding,78,seeds/m2,PLS,native,,,104,
1042,256,known,5583,,seeding,17,seeds/m2,PLS,native,,,104,
1043,256,known,5585,,seeding,48,seeds/m2,PLS,native,,,104,
1044,256,known,5698,,seeding,6,seeds/m2,PLS,native,,,104,
1045,256,known,5763,,seeding,40,seeds/m2,PLS,native,,,104,
1046,256,known,5901,,seeding,101,seeds/m2,PLS,native,,,104,
1047,256,known,5952,,seeding,30,seeds/m2,PLS,native,,,104,
1048,257,known,387,,seeding,144,seeds/m2,PLS,native,,,105,
1049,257,known,457,,seeding,11,seeds/m2,PLS,native,,,105,
1050,257,known,465,,seeding,141,seeds/m2,PLS,native,,,105,
1051,257,known,469,,seeding,102,seeds/m2,PLS,exotic,,,105,
1052,257,known,484,,seeding,87,seeds/m2,PLS,native,,,105,
1053,257,known,5415,,seeding,58,seeds/m2,PLS,native,,,105,
1054,257,known,5582,,seeding,129,seeds/m2,PLS,native,,,105,
1055,257,known,5585,,seeding,101,seeds/m2,PLS,native,,,105,
1056,257,known,5763,,seeding,59,seeds/m2,PLS,native,,,105,
1057,257,known,5881,,seeding,110,seeds/m2,PLS,native,,,105,
1058,258,known,387,,seeding,401,seeds/m2,PLS,native,,,106,
1059,258,known,469,,seeding,1019,seeds/m2,PLS,exotic,,,106,
1060,258,known,484,,seeding,1384,seeds/m2,PLS,native,,,106,
1061,258,known,712,,seeding,93,seeds/m2,PLS,native,,,106,
1062,258,known,1686,,seeding,39,seeds/m2,PLS,native,,,106,
1063,258,known,1741,,seeding,31,seeds/m2,PLS,native,,,106,
1064,258,known,2640,,seeding,77,seeds/m2,PLS,native,,,106,
1065,258,known,2887,,seeding,12,seeds/m2,PLS,exotic,,,106,
1066,258,known,5415,,seeding,23,seeds/m2,PLS,native,,,106,
1067,258,known,5416,,seeding,17,seeds/m2,PLS,native,,,106,
1068,258,known,5577,,seeding,33,seeds/m2,PLS,native,,,106,
1069,258,known,5582,,seeding,171,seeds/m2,PLS,native,,,106,
1070,258,known,5583,,seeding,69,seeds/m2,PLS,native,,,106,
1071,258,known,5585,,seeding,100,seeds/m2,PLS,native,,,106,
1072,258,known,5763,,seeding,118,seeds/m2,PLS,native,,,106,
1073,258,known,5952,,seeding,25,seeds/m2,PLS,native,,,106,
1074,259,known,387,,seeding,114,seeds/m2,PLS,native,,,107,
1075,259,known,484,,seeding,87,seeds/m2,PLS,native,,,107,
1076,259,known,1686,,seeding,10,seeds/m2,PLS,native,,,107,
1077,259,known,1741,,seeding,10,seeds/m2,PLS,native,,,107,
1078,259,known,2640,,seeding,7,seeds/m2,PLS,native,,,107,
1079,259,known,2887,,seeding,12,seeds/m2,PLS,exotic,,,107,
1080,259,known,5415,,seeding,23,seeds/m2,PLS,native,,,107,
1081,259,known,5416,,seeding,17,seeds/m2,PLS,native,,,107,
1082,259,known,5582,,seeding,86,seeds/m2,PLS,native,,,107,
1083,259,known,5583,,seeding,28,seeds/m2,PLS,native,,,107,
1084,259,known,5585,,seeding,50,seeds/m2,PLS,native,,,107,
1085,259,known,5763,,seeding,39,seeds/m2,PLS,native,,,107,
1086,259,known,5952,,seeding,25,seeds/m2,PLS,native,,,107,
1087,260,known,387,,seeding,23,seeds/m2,PLS,native,,,108,
1088,260,known,484,,seeding,13,seeds/m2,PLS,native,,,108,
1089,260,known,1102,,seeding,12,seeds/m2,PLS,native,,,108,
1090,260,known,1686,,seeding,16,seeds/m2,PLS,native,,,108,
1091,260,known,1741,,seeding,7,seeds/m2,PLS,native,,,108,
1092,260,known,2640,,seeding,14,seeds/m2,PLS,native,,,108,
1093,260,known,2887,,seeding,9,seeds/m2,PLS,exotic,,,108,
1094,260,known,5415,,seeding,105,seeds/m2,PLS,native,,,108,
1095,260,known,5416,,seeding,295,seeds/m2,PLS,native,,,108,
1096,260,known,5582,,seeding,61,seeds/m2,PLS,native,,,108,
1097,260,known,5585,,seeding,41,seeds/m2,PLS,native,,,108,
1098,260,known,5698,,seeding,14,seeds/m2,PLS,native,,,108,
1099,260,known,5763,,seeding,38,seeds/m2,PLS,native,,,108,
1100,260,known,5901,,seeding,237,seeds/m2,PLS,native,,,108,
1101,260,known,5952,,seeding,35,seeds/m2,PLS,native,,,108,
1102,261,unknown,,,seeding,,,,,,,109,Source rate value: unknown
1103,262,known,469,,seeding,306,seeds/m2,PLS,exotic,,,110,
1104,262,known,484,,seeding,866,seeds/m2,PLS,native,,,110,
1105,262,known,712,,seeding,70,seeds/m2,PLS,native,,,110,
1106,262,known,1741,,seeding,20,seeds/m2,PLS,native,,,110,
1107,262,known,5577,,seeding,65,seeds/m2,PLS,native,,,110,
1108,262,known,5582,,seeding,128,seeds/m2,PLS,native,,,110,
1109,262,known,5583,,seeding,55,seeds/m2,PLS,native,,,110,
1110,262,known,5644,,seeding,467,seeds/m2,PLS,exotic,,,110,
1111,262,known,5698,,seeding,83,seeds/m2,PLS,native,,,110,
1112,262,known,5763,,seeding,118,seeds/m2,PLS,native,,,110,
1113,262,known,5765,,seeding,64,seeds/m2,PLS,native,,,110,
1114,262,known,5801,,seeding,194,seeds/m2,PLS,native,,,110,
1115,262,known,5901,,seeding,216,seeds/m2,PLS,native,,,110,
1116,262,known,5952,,seeding,17,seeds/m2,PLS,native,,,110,
1117,263,known,387,,seeding,406,seeds/m2,PLS,native,,,111,
1118,263,known,484,,seeding,512,seeds/m2,PLS,native,,,111,
1119,263,known,1102,,seeding,67,seeds/m2,PLS,native,,,111,
1120,263,known,1686,,seeding,47,seeds/m2,PLS,native,,,111,
1121,263,known,1741,,seeding,48,seeds/m2,PLS,native,,,111,
1122,263,known,2640,,seeding,41,seeds/m2,PLS,native,,,111,
1123,263,known,4276,,seeding,57,seeds/m2,PLS,exotic,,,111,
1124,263,known,4575,,seeding,27,seeds/m2,PLS,native,,,111,
1125,263,known,5415,,seeding,138,seeds/m2,PLS,native,,,111,
1126,263,known,5577,,seeding,111,seeds/m2,PLS,native,,,111,
1127,263,known,5582,,seeding,219,seeds/m2,PLS,native,,,111,
1128,263,known,5583,,seeding,11,seeds/m2,PLS,native,,,111,
1129,263,known,5644,,seeding,661,seeds/m2,PLS,exotic,,,111,
1130,263,known,5698,,seeding,341,seeds/m2,PLS,native,,,111,
1131,263,known,5707,,seeding,131,seeds/m2,PLS,native,,,111,
1132,263,known,5763,,seeding,201,seeds/m2,PLS,native,,,111,
1133,263,known,5765,,seeding,125,seeds/m2,PLS,native,,,111,
1134,263,known,5801,,seeding,204,seeds/m2,PLS,native,,,111,
1135,263,known,5952,,seeding,88,seeds/m2,PLS,native,,,111,
1136,264,known,387,,seeding,368,seeds/m2,PLS,native,,,112,
1137,264,known,457,,seeding,9,seeds/m2,PLS,native,,,112,
1138,264,known,465,,seeding,65,seeds/m2,PLS,native,,,112,
1139,264,known,469,,seeding,107,seeds/m2,PLS,exotic,,,112,
1140,264,known,484,,seeding,1338,seeds/m2,PLS,native,,,112,
1141,264,known,712,,seeding,93,seeds/m2,PLS,native,,,112,
1142,264,known,1686,,seeding,30,seeds/m2,PLS,native,,,112,
1143,264,known,1741,,seeding,20,seeds/m2,PLS,native,,,112,
1144,264,known,2174,,seeding,8,seeds/m2,PLS,native,,,112,
1145,264,known,2640,,seeding,63,seeds/m2,PLS,native,,,112,
1146,264,known,5415,,seeding,59,seeds/m2,PLS,native,,,112,
1147,264,known,5568,,seeding,29,seeds/m2,PLS,native,,,112,
1148,264,known,5577,,seeding,33,seeds/m2,PLS,native,,,112,
1149,264,known,5582,,seeding,206,seeds/m2,PLS,native,,,112,
1150,264,known,5583,,seeding,42,seeds/m2,PLS,native,,,112,
1151,264,known,5585,,seeding,97,seeds/m2,PLS,native,,,112,
1152,264,known,5698,,seeding,14,seeds/m2,PLS,native,,,112,
1153,264,known,5763,,seeding,106,seeds/m2,PLS,native,,,112,
1154,264,known,5881,,seeding,40,seeds/m2,PLS,native,,,112,
1155,264,known,5881,,seeding,51,seeds/m2,PLS,native,,,112,
1156,264,known,6402,,seeding,7,seeds/m2,PLS,native,,,112,
1157,265,known,387,,seeding,270,seeds/m2,PLS,native,,,113,
1158,265,known,484,,seeding,340,seeds/m2,PLS,native,,,113,
1159,265,known,1686,,seeding,31,seeds/m2,PLS,native,,,113,
1160,265,known,1741,,seeding,32,seeds/m2,PLS,native,,,113,
1161,265,known,2640,,seeding,28,seeds/m2,PLS,native,,,113,
1162,265,known,4276,,seeding,38,seeds/m2,PLS,exotic,,,113,
1163,265,known,4575,,seeding,27,seeds/m2,PLS,native,,,113,
1164,265,known,5415,,seeding,91,seeds/m2,PLS,native,,,113,
1165,265,known,5577,,seeding,102,seeds/m2,PLS,native,,,113,
1166,265,known,5582,,seeding,202,seeds/m2,PLS,native,,,113,
1167,265,known,5644,,seeding,587,seeds/m2,PLS,exotic,,,113,
1168,265,known,5698,,seeding,324,seeds/m2,PLS,native,,,113,
1169,265,known,5707,,seeding,131,seeds/m2,PLS,native,,,113,
1170,265,known,5763,,seeding,186,seeds/m2,PLS,native,,,113,
1171,265,known,5765,,seeding,100,seeds/m2,PLS,native,,,113,
1172,265,known,5801,,seeding,136,seeds/m2,PLS,native,,,113,
1173,265,known,5952,,seeding,78,seeds/m2,PLS,native,,,113,
1174,266,known,387,,seeding,238,seeds/m2,PLS,native,,,114,
1175,266,known,469,,seeding,635,seeds/m2,PLS,exotic,,,114,
1176,266,known,1686,,seeding,25,seeds/m2,PLS,native,,,114,
1177,266,known,2041,,seeding,45,seeds/m2,PLS,native,,,114,
1178,266,known,2640,,seeding,22,seeds/m2,PLS,native,,,114,
1179,266,known,2861,,seeding,38,seeds/m2,PLS,exotic,,,114,
1180,266,known,3082,,seeding,4,seeds/m2,PLS,exotic,,,114,
1181,266,known,4276,,seeding,33,seeds/m2,PLS,exotic,,,114,
1182,266,known,4575,,seeding,14,seeds/m2,PLS,native,,,114,
1183,266,known,5582,,seeding,133,seeds/m2,PLS,native,,,114,
1184,266,known,5585,,seeding,69,seeds/m2,PLS,native,,,114,
1185,266,known,5707,,seeding,43,seeds/m2,PLS,native,,,114,
1186,266,known,5763,,seeding,82,seeds/m2,PLS,native,,,114,
1187,266,known,5881,,seeding,241,seeds/m2,PLS,native,,,114,
1188,267,known,387,,seeding,401,seeds/m2,PLS,native,,,115,
1189,267,known,484,,seeding,476,seeds/m2,PLS,native,,,115,
1190,267,known,1102,,seeding,187,seeds/m2,PLS,native,,,115,
1191,267,known,1686,,seeding,20,seeds/m2,PLS,native,,,115,
1192,267,known,1741,,seeding,29,seeds/m2,PLS,native,,,115,
1193,267,known,2640,,seeding,17,seeds/m2,PLS,native,,,115,
1194,267,known,4276,,seeding,24,seeds/m2,PLS,exotic,,,115,
1195,267,known,5415,,seeding,58,seeds/m2,PLS,native,,,115,
1196,267,known,5577,,seeding,22,seeds/m2,PLS,native,,,115,
1197,267,known,5582,,seeding,21,seeds/m2,PLS,native,,,115,
1198,267,known,5583,,seeding,14,seeds/m2,PLS,native,,,115,
1199,267,known,5644,,seeding,93,seeds/m2,PLS,exotic,,,115,
1200,267,known,5698,,seeding,21,seeds/m2,PLS,native,,,115,
1201,267,known,5763,,seeding,20,seeds/m2,PLS,native,,,115,
1202,267,known,5765,,seeding,32,seeds/m2,PLS,native,,,115,
1203,267,known,5801,,seeding,86,seeds/m2,PLS,native,,,115,
1204,267,known,5932,,seeding,345,seeds/m2,PLS,native,,,115,
1205,268,known,387,,seeding,229,seeds/m2,PLS,native,,,116,
1206,268,known,484,,seeding,260,seeds/m2,PLS,native,,,116,
1207,268,known,1102,,seeding,102,seeds/m2,PLS,native,,,116,
1208,268,known,1686,,seeding,24,seeds/m2,PLS,native,,,116,
1209,268,known,1741,,seeding,8,seeds/m2,PLS,native,,,116,
1210,268,known,2041,,seeding,25,seeds/m2,PLS,native,,,116,
1211,268,known,2861,,seeding,73,seeds/m2,PLS,exotic,,,116,
1212,268,known,3082,,seeding,1,seeds/m2,PLS,exotic,,,116,
1213,268,known,4276,,seeding,16,seeds/m2,PLS,exotic,,,116,
1214,268,known,5582,,seeding,86,seeds/m2,PLS,native,,,116,
1215,268,known,5585,,seeding,33,seeds/m2,PLS,native,,,116,
1216,268,known,5707,,seeding,42,seeds/m2,PLS,native,,,116,
1217,268,known,5763,,seeding,79,seeds/m2,PLS,native,,,116,
1218,268,known,5881,,seeding,116,seeds/m2,PLS,native,,,116,
1219,268,known,5932,,seeding,345,seeds/m2,PLS,native,,,116,
1220,269,known,387,,seeding,172,seeds/m2,PLS,native,,,117,
1221,269,known,465,,seeding,280,seeds/m2,PLS,native,,,117,
1222,269,known,484,,seeding,260,seeds/m2,PLS,native,,,117,
1223,269,known,1102,,seeding,85,seeds/m2,PLS,native,,,117,
1224,269,known,1688,,seeding,30,seeds/m2,PLS,native,,,117,
1225,269,known,1741,,seeding,10,seeds/m2,PLS,native,,,117,
1226,269,known,2041,,seeding,73,seeds/m2,PLS,native,,,117,
1227,269,known,2861,,seeding,121,seeds/m2,PLS,exotic,,,117,
1228,269,known,3082,,seeding,3,seeds/m2,PLS,exotic,,,117,
1229,269,known,4276,,seeding,48,seeds/m2,PLS,exotic,,,117,
1230,269,known,5582,,seeding,171,seeds/m2,PLS,native,,,117,
1231,269,known,5585,,seeding,54,seeds/m2,PLS,native,,,117,
1232,269,known,5707,,seeding,67,seeds/m2,PLS,native,,,117,
1233,269,known,5763,,seeding,142,seeds/m2,PLS,native,,,117,
1234,269,known,5881,,seeding,185,seeds/m2,PLS,native,,,117,
1235,269,known,5932,,seeding,302,seeds/m2,PLS,native,,,117,
1236,270,known,387,,seeding,277,seeds/m2,PLS,native,,,118,
1237,270,known,465,,seeding,1128,seeds/m2,PLS,native,,,118,
1238,270,known,484,,seeding,2439,seeds/m2,PLS,native,,,118,
1239,270,known,712,,seeding,150,seeds/m2,PLS,native,,,118,
1240,270,known,1102,,seeding,82,seeds/m2,PLS,native,,,118,
1241,270,known,1686,,seeding,10,seeds/m2,PLS,native,,,118,
1242,270,known,1688,,seeding,10,seeds/m2,PLS,native,,,118,
1243,270,known,1741,,seeding,132,seeds/m2,PLS,native,,,118,
1244,270,known,2887,,seeding,2,seeds/m2,PLS,exotic,,,118,
1245,270,known,4275,,seeding,26,seeds/m2,PLS,native,,,118,
1246,270,known,5415,,seeding,94,seeds/m2,PLS,native,,,118,
1247,270,known,5577,,seeding,105,seeds/m2,PLS,native,,,118,
1248,270,known,5582,,seeding,207,seeds/m2,PLS,native,,,118,
1249,270,known,5583,,seeding,89,seeds/m2,PLS,native,,,118,
1250,270,known,5644,,seeding,752,seeds/m2,PLS,exotic,,,118,
1251,270,known,5698,,seeding,133,seeds/m2,PLS,native,,,118,
1252,270,known,5763,,seeding,190,seeds/m2,PLS,native,,,118,
1253,270,known,5765,,seeding,102,seeds/m2,PLS,native,,,118,
1254,270,known,5801,,seeding,555,seeds/m2,PLS,native,,,118,
1255,270,known,5901,,seeding,417,seeds/m2,PLS,native,,,118,
1256,270,known,5952,,seeding,28,seeds/m2,PLS,native,,,118,
1257,271,known,387,,seeding,85,seeds/m2,PLS,native,,,119,
1258,271,known,465,,seeding,208,seeds/m2,PLS,native,,,119,
1259,271,known,484,,seeding,1154,seeds/m2,PLS,native,,,119,
1260,271,known,712,,seeding,69,seeds/m2,PLS,native,,,119,
1261,271,known,1686,,seeding,15,seeds/m2,PLS,native,,,119,
1262,271,known,1741,,seeding,45,seeds/m2,PLS,native,,,119,
1263,271,known,2640,,seeding,5,seeds/m2,PLS,native,,,119,
1264,271,known,4275,,seeding,8,seeds/m2,PLS,native,,,119,
1265,271,known,4575,,seeding,5,seeds/m2,PLS,native,,,119,
1266,271,known,5415,,seeding,17,seeds/m2,PLS,native,,,119,
1267,271,known,5577,,seeding,16,seeds/m2,PLS,native,,,119,
1268,271,known,5582,,seeding,32,seeds/m2,PLS,native,,,119,
1269,271,known,5583,,seeding,21,seeds/m2,PLS,native,,,119,
1270,271,known,5644,,seeding,138,seeds/m2,PLS,exotic,,,119,
1271,271,known,5698,,seeding,31,seeds/m2,PLS,native,,,119,
1272,271,known,5763,,seeding,29,seeds/m2,PLS,native,,,119,
1273,271,known,5765,,seeding,47,seeds/m2,PLS,native,,,119,
1274,271,known,5801,,seeding,319,seeds/m2,PLS,native,,,119,
1275,271,known,5901,,seeding,255,seeds/m2,PLS,native,,,119,
1276,271,known,5952,,seeding,18,seeds/m2,PLS,native,,,119,
1277,272,known,387,,seeding,99,seeds/m2,PLS,native,,,120,
1278,272,known,484,,seeding,125,seeds/m2,PLS,native,,,120,
1279,272,known,1102,,seeding,49,seeds/m2,PLS,native,,,120,
1280,272,known,1686,,seeding,11,seeds/m2,PLS,native,,,120,
1281,272,known,1741,,seeding,12,seeds/m2,PLS,native,,,120,
1282,272,known,2640,,seeding,10,seeds/m2,PLS,native,,,120,
1283,272,known,4276,,seeding,14,seeds/m2,PLS,exotic,,,120,
1284,272,known,5415,,seeding,34,seeds/m2,PLS,native,,,120,
1285,272,known,5577,,seeding,6,seeds/m2,PLS,native,,,120,
1286,272,known,5582,,seeding,12,seeds/m2,PLS,native,,,120,
1287,272,known,5583,,seeding,8,seeds/m2,PLS,native,,,120,
1288,272,known,5644,,seeding,54,seeds/m2,PLS,exotic,,,120,
1289,272,known,5698,,seeding,12,seeds/m2,PLS,native,,,120,
1290,272,known,5763,,seeding,11,seeds/m2,PLS,native,,,120,
1291,272,known,5765,,seeding,18,seeds/m2,PLS,native,,,120,
1292,272,known,5801,,seeding,50,seeds/m2,PLS,native,,,120,
1293,272,known,5952,,seeding,7,seeds/m2,PLS,native,,,120,
1294,273,known,387,,seeding,401,seeds/m2,PLS,native,,,121,
1295,273,known,465,,seeding,841,seeds/m2,PLS,native,,,121,
1296,273,known,484,,seeding,216,seeds/m2,PLS,native,,,121,
1297,273,known,1686,,seeding,43,seeds/m2,PLS,native,,,121,
1298,273,known,1687,,seeding,18,seeds/m2,PLS,native,,,121,
1299,273,known,1741,,seeding,20,seeds/m2,PLS,native,,,121,
1300,273,known,2640,,seeding,32,seeds/m2,PLS,native,,,121,
1301,273,known,2851,,seeding,30,seeds/m2,PLS,exotic,,,121,
1302,273,known,4276,,seeding,24,seeds/m2,PLS,exotic,,,121,
1303,273,known,4575,,seeding,37,seeds/m2,PLS,native,,,121,
1304,273,known,5415,,seeding,58,seeds/m2,PLS,native,,,121,
1305,273,known,5577,,seeding,119,seeds/m2,PLS,native,,,121,
1306,273,known,5582,,seeding,128,seeds/m2,PLS,native,,,121,
1307,273,known,5583,,seeding,83,seeds/m2,PLS,native,,,121,
1308,273,known,5585,,seeding,40,seeds/m2,PLS,native,,,121,
1309,273,known,5644,,seeding,374,seeds/m2,PLS,exotic,,,121,
1310,273,known,5698,,seeding,330,seeds/m2,PLS,native,,,121,
1311,273,known,5707,,seeding,83,seeds/m2,PLS,native,,,121,
1312,273,known,5763,,seeding,142,seeds/m2,PLS,native,,,121,
1313,273,known,5765,,seeding,64,seeds/m2,PLS,native,,,121,
1314,273,known,5801,,seeding,86,seeds/m2,PLS,native,,,121,
1315,273,known,5952,,seeding,50,seeds/m2,PLS,native,,,121,
1316,274,known,387,,seeding,172,seeds/m2,PLS,native,,,122,
1317,274,known,465,,seeding,140,seeds/m2,PLS,native,,,122,
1318,274,known,484,,seeding,1515,seeds/m2,PLS,native,,,122,
1319,274,known,712,,seeding,93,seeds/m2,PLS,native,,,122,
1320,274,known,1102,,seeding,85,seeds/m2,PLS,native,,,122,
1321,274,known,1686,,seeding,20,seeds/m2,PLS,native,,,122,
1322,274,known,1741,,seeding,82,seeds/m2,PLS,native,,,122,
1323,274,known,2640,,seeding,18,seeds/m2,PLS,native,,,122,
1324,274,known,4276,,seeding,24,seeds/m2,PLS,exotic,,,122,
1325,274,known,5415,,seeding,58,seeds/m2,PLS,native,,,122,
1326,274,known,5577,,seeding,109,seeds/m2,PLS,native,,,122,
1327,274,known,5582,,seeding,21,seeds/m2,PLS,native,,,122,
1328,274,known,5583,,seeding,55,seeds/m2,PLS,native,,,122,
1329,274,known,5644,,seeding,93,seeds/m2,PLS,exotic,,,122,
1330,274,known,5698,,seeding,206,seeds/m2,PLS,native,,,122,
1331,274,known,5763,,seeding,118,seeds/m2,PLS,native,,,122,
1332,274,known,5765,,seeding,64,seeds/m2,PLS,native,,,122,
1333,274,known,5801,,seeding,345,seeds/m2,PLS,native,,,122,
1334,274,known,5901,,seeding,259,seeds/m2,PLS,native,,,122,
1335,275,known,387,,seeding,94,seeds/m2,PLS,native,,,123,
1336,275,known,465,,seeding,204,seeds/m2,PLS,native,,,123,
1337,275,known,469,,seeding,4,seeds/m2,PLS,exotic,,,123,
1338,275,known,484,,seeding,56,seeds/m2,PLS,native,,,123,
1339,275,known,689,,seeding,0,seeds/m2,PLS,native,,,123,
1340,275,known,1686,,seeding,30,seeds/m2,PLS,native,,,123,
1341,275,known,2640,,seeding,70,seeds/m2,PLS,native,,,123,
1342,275,known,3010,,seeding,1,seeds/m2,PLS,native,,,123,
1343,275,known,4575,,seeding,7,seeds/m2,PLS,native,,,123,
1344,275,known,5415,,seeding,68,seeds/m2,PLS,native,,,123,
1345,275,known,5416,,seeding,243,seeds/m2,PLS,native,,,123,
1346,275,known,5573,,seeding,17,seeds/m2,PLS,native,,,123,
1347,275,known,5577,,seeding,33,seeds/m2,PLS,native,,,123,
1348,275,known,5582,,seeding,169,seeds/m2,PLS,native,,,123,
1349,275,known,5583,,seeding,75,seeds/m2,PLS,native,,,123,
1350,275,known,5585,,seeding,50,seeds/m2,PLS,native,,,123,
1351,275,known,5763,,seeding,100,seeds/m2,PLS,native,,,123,
1352,275,known,5901,,seeding,128,seeds/m2,PLS,native,,,123,
1353,275,known,5952,,seeding,48,seeds/m2,PLS,native,,,123,
1354,275,known,6517,,seeding,3,seeds/m2,PLS,native,,,123,
1355,276,known,387,,seeding,172,seeds/m2,PLS,native,,,124,
1356,276,known,465,,seeding,140,seeds/m2,PLS,native,,,124,
1357,276,known,484,,seeding,1515,seeds/m2,PLS,native,,,124,
1358,276,known,712,,seeding,93,seeds/m2,PLS,native,,,124,
1359,276,known,1102,,seeding,85,seeds/m2,PLS,native,,,124,
1360,276,known,1686,,seeding,20,seeds/m2,PLS,native,,,124,
1361,276,known,1741,,seeding,82,seeds/m2,PLS,native,,,124,
1362,276,known,2640,,seeding,18,seeds/m2,PLS,native,,,124,
1363,276,known,4276,,seeding,24,seeds/m2,PLS,exotic,,,124,
1364,276,known,5415,,seeding,58,seeds/m2,PLS,native,,,124,
1365,276,known,5577,,seeding,109,seeds/m2,PLS,native,,,124,
1366,276,known,5582,,seeding,21,seeds/m2,PLS,native,,,124,
1367,276,known,5583,,seeding,55,seeds/m2,PLS,native,,,124,
1368,276,known,5644,,seeding,93,seeds/m2,PLS,exotic,,,124,
1369,276,known,5698,,seeding,206,seeds/m2,PLS,native,,,124,
1370,276,known,5763,,seeding,118,seeds/m2,PLS,native,,,124,
1371,276,known,5765,,seeding,64,seeds/m2,PLS,native,,,124,
1372,276,known,5801,,seeding,345,seeds/m2,PLS,native,,,124,
1373,276,known,5901,,seeding,259,seeds/m2,PLS,native,,,124,
1374,277,known,387,,seeding,229,seeds/m2,PLS,native,,,125,
1375,277,known,465,,seeding,841,seeds/m2,PLS,native,,,125,
1376,277,known,1686,,seeding,24,seeds/m2,PLS,native,,,125,
1377,277,known,1687,,seeding,18,seeds/m2,PLS,native,,,125,
1378,277,known,2640,,seeding,14,seeds/m2,PLS,native,,,125,
1379,277,known,2851,,seeding,30,seeds/m2,PLS,exotic,,,125,
1380,277,known,4575,,seeding,20,seeds/m2,PLS,native,,,125,
1381,277,known,5577,,seeding,54,seeds/m2,PLS,native,,,125,
1382,277,known,5583,,seeding,83,seeds/m2,PLS,native,,,125,
1383,277,known,5585,,seeding,40,seeds/m2,PLS,native,,,125,
1384,277,known,5698,,seeding,124,seeds/m2,PLS,native,,,125,
1385,277,known,5763,,seeding,24,seeds/m2,PLS,native,,,125,
1386,278,known,387,,seeding,229,seeds/m2,PLS,native,,,126,
1387,278,known,465,,seeding,841,seeds/m2,PLS,native,,,126,
1388,278,known,1686,,seeding,24,seeds/m2,PLS,native,,,126,
1389,278,known,1687,,seeding,18,seeds/m2,PLS,native,,,126,
1390,278,known,2640,,seeding,14,seeds/m2,PLS,native,,,126,
1391,278,known,2851,,seeding,30,seeds/m2,PLS,exotic,,,126,
1392,278,known,4575,,seeding,20,seeds/m2,PLS,native,,,126,
1393,278,known,5577,,seeding,54,seeds/m2,PLS,native,,,126,
1394,278,known,5583,,seeding,83,seeds/m2,PLS,native,,,126,
1395,278,known,5585,,seeding,40,seeds/m2,PLS,native,,,126,
1396,278,known,5698,,seeding,124,seeds/m2,PLS,native,,,126,
1397,278,known,5763,,seeding,24,seeds/m2,PLS,native,,,126,
1398,279,known,387,,seeding,270,seeds/m2,PLS,native,,,127,
1399,279,known,484,,seeding,340,seeds/m2,PLS,native,,,127,
1400,279,known,1686,,seeding,31,seeds/m2,PLS,native,,,127,
1401,279,known,1741,,seeding,32,seeds/m2,PLS,native,,,127,
1402,279,known,2640,,seeding,28,seeds/m2,PLS,native,,,127,
1403,279,known,4276,,seeding,38,seeds/m2,PLS,exotic,,,127,
1404,279,known,4575,,seeding,27,seeds/m2,PLS,native,,,127,
1405,279,known,5415,,seeding,91,seeds/m2,PLS,native,,,127,
1406,279,known,5577,,seeding,102,seeds/m2,PLS,native,,,127,
1407,279,known,5582,,seeding,202,seeds/m2,PLS,native,,,127,
1408,279,known,5644,,seeding,587,seeds/m2,PLS,exotic,,,127,
1409,279,known,5698,,seeding,324,seeds/m2,PLS,native,,,127,
1410,279,known,5707,,seeding,131,seeds/m2,PLS,native,,,127,
1411,279,known,5763,,seeding,186,seeds/m2,PLS,native,,,127,
1412,279,known,5765,,seeding,100,seeds/m2,PLS,native,,,127,
1413,279,known,5801,,seeding,136,seeds/m2,PLS,native,,,127,
1414,279,known,5952,,seeding,78,seeds/m2,PLS,native,,,127,
1415,280,known,387,,seeding,270,seeds/m2,PLS,native,,,128,
1416,280,known,484,,seeding,340,seeds/m2,PLS,native,,,128,
1417,280,known,1686,,seeding,31,seeds/m2,PLS,native,,,128,
1418,280,known,1741,,seeding,32,seeds/m2,PLS,native,,,128,
1419,280,known,2640,,seeding,28,seeds/m2,PLS,native,,,128,
1420,280,known,4276,,seeding,38,seeds/m2,PLS,exotic,,,128,
1421,280,known,4575,,seeding,27,seeds/m2,PLS,native,,,128,
1422,280,known,5415,,seeding,91,seeds/m2,PLS,native,,,128,
1423,280,known,5577,,seeding,102,seeds/m2,PLS,native,,,128,
1424,280,known,5582,,seeding,202,seeds/m2,PLS,native,,,128,
1425,280,known,5644,,seeding,587,seeds/m2,PLS,exotic,,,128,
1426,280,known,5698,,seeding,324,seeds/m2,PLS,native,,,128,
1427,280,known,5707,,seeding,131,seeds/m2,PLS,native,,,128,
1428,280,known,5763,,seeding,186,seeds/m2,PLS,native,,,128,
1429,280,known,5765,,seeding,100,seeds/m2,PLS,native,,,128,
1430,280,known,5801,,seeding,136,seeds/m2,PLS,native,,,128,
1431,280,known,5952,,seeding,78,seeds/m2,PLS,native,,,128,
1432,281,known,387,,seeding,172,seeds/m2,PLS,native,,,129,
1433,281,known,465,,seeding,140,seeds/m2,PLS,native,,,129,
1434,281,known,484,,seeding,5046,seeds/m2,PLS,native,,,129,
1435,281,known,712,,seeding,93,seeds/m2,PLS,native,,,129,
1436,281,known,1102,,seeding,85,seeds/m2,PLS,native,,,129,
1437,281,known,1686,,seeding,20,seeds/m2,PLS,native,,,129,
1438,281,known,1741,,seeding,82,seeds/m2,PLS,native,,,129,
1439,281,known,2640,,seeding,18,seeds/m2,PLS,native,,,129,
1440,281,known,4276,,seeding,24,seeds/m2,PLS,exotic,,,129,
1441,281,known,5415,,seeding,58,seeds/m2,PLS,native,,,129,
1442,281,known,5577,,seeding,109,seeds/m2,PLS,native,,,129,
1443,281,known,5582,,seeding,128,seeds/m2,PLS,native,,,129,
1444,281,known,5583,,seeding,55,seeds/m2,PLS,native,,,129,
1445,281,known,5644,,seeding,112,seeds/m2,PLS,exotic,,,129,
1446,281,known,5698,,seeding,206,seeds/m2,PLS,native,,,129,
1447,281,known,5763,,seeding,118,seeds/m2,PLS,native,,,129,
1448,281,known,5765,,seeding,64,seeds/m2,PLS,native,,,129,
1449,281,known,5801,,seeding,345,seeds/m2,PLS,native,,,129,
1450,281,known,5901,,seeding,259,seeds/m2,PLS,native,,,129,
1451,282,known,387,,seeding,270,seeds/m2,PLS,native,,,130,
1452,282,known,484,,seeding,340,seeds/m2,PLS,native,,,130,
1453,282,known,1686,,seeding,31,seeds/m2,PLS,native,,,130,
1454,282,known,1741,,seeding,32,seeds/m2,PLS,native,,,130,
1455,282,known,2640,,seeding,28,seeds/m2,PLS,native,,,130,
1456,282,known,4276,,seeding,38,seeds/m2,PLS,exotic,,,130,
1457,282,known,4575,,seeding,27,seeds/m2,PLS,native,,,130,
1458,282,known,5415,,seeding,91,seeds/m2,PLS,native,,,130,
1459,282,known,5577,,seeding,102,seeds/m2,PLS,native,,,130,
1460,282,known,5582,,seeding,202,seeds/m2,PLS,native,,,130,
1461,282,known,5644,,seeding,587,seeds/m2,PLS,exotic,,,130,
1462,282,known,5698,,seeding,324,seeds/m2,PLS,native,,,130,
1463,282,known,5707,,seeding,131,seeds/m2,PLS,native,,,130,
1464,282,known,5763,,seeding,186,seeds/m2,PLS,native,,,130,
1465,282,known,5765,,seeding,100,seeds/m2,PLS,native,,,130,
1466,282,known,5801,,seeding,136,seeds/m2,PLS,native,,,130,
1467,282,known,5952,,seeding,78,seeds/m2,PLS,native,,,130,
1468,283,known,387,,seeding,270,seeds/m2,PLS,native,,,131,
1469,283,known,484,,seeding,340,seeds/m2,PLS,native,,,131,
1470,283,known,1686,,seeding,31,seeds/m2,PLS,native,,,131,
1471,283,known,1741,,seeding,32,seeds/m2,PLS,native,,,131,
1472,283,known,2640,,seeding,28,seeds/m2,PLS,native,,,131,
1473,283,known,4276,,seeding,38,seeds/m2,PLS,exotic,,,131,
1474,283,known,4575,,seeding,27,seeds/m2,PLS,native,,,131,
1475,283,known,5415,,seeding,91,seeds/m2,PLS,native,,,131,
1476,283,known,5577,,seeding,102,seeds/m2,PLS,native,,,131,
1477,283,known,5582,,seeding,202,seeds/m2,PLS,native,,,131,
1478,283,known,5644,,seeding,587,seeds/m2,PLS,exotic,,,131,
1479,283,known,5698,,seeding,324,seeds/m2,PLS,native,,,131,
1480,283,known,5707,,seeding,131,seeds/m2,PLS,native,,,131,
1481,283,known,5763,,seeding,186,seeds/m2,PLS,native,,,131,
1482,283,known,5765,,seeding,100,seeds/m2,PLS,native,,,131,
1483,283,known,5801,,seeding,136,seeds/m2,PLS,native,,,131,
1484,283,known,5952,,seeding,78,seeds/m2,PLS,native,,,131,
1485,284,known,387,,seeding,270,seeds/m2,PLS,native,,,132,
1486,284,known,484,,seeding,340,seeds/m2,PLS,native,,,132,
1487,284,known,1686,,seeding,31,seeds/m2,PLS,native,,,132,
1488,284,known,1741,,seeding,32,seeds/m2,PLS,native,,,132,
1489,284,known,2640,,seeding,28,seeds/m2,PLS,native,,,132,
1490,284,known,4276,,seeding,38,seeds/m2,PLS,exotic,,,132,
1491,284,known,4575,,seeding,27,seeds/m2,PLS,native,,,132,
1492,284,known,5415,,seeding,91,seeds/m2,PLS,native,,,132,
1493,284,known,5577,,seeding,102,seeds/m2,PLS,native,,,132,
1494,284,known,5582,,seeding,202,seeds/m2,PLS,native,,,132,
1495,284,known,5644,,seeding,587,seeds/m2,PLS,exotic,,,132,
1496,284,known,5698,,seeding,324,seeds/m2,PLS,native,,,132,
1497,284,known,5707,,seeding,131,seeds/m2,PLS,native,,,132,
1498,284,known,5763,,seeding,186,seeds/m2,PLS,native,,,132,
1499,284,known,5765,,seeding,100,seeds/m2,PLS,native,,,132,
1500,284,known,5801,,seeding,136,seeds/m2,PLS,native,,,132,
1501,284,known,5952,,seeding,78,seeds/m2,PLS,native,,,132,
1502,285,known,387,,seeding,99,seeds/m2,PLS,native,,,133,
1503,285,known,484,,seeding,125,seeds/m2,PLS,native,,,133,
1504,285,known,1102,,seeding,49,seeds/m2,PLS,native,,,133,
1505,285,known,1686,,seeding,11,seeds/m2,PLS,native,,,133,
1506,285,known,1741,,seeding,12,seeds/m2,PLS,native,,,133,
1507,285,known,2640,,seeding,10,seeds/m2,PLS,native,,,133,
1508,285,known,4276,,seeding,14,seeds/m2,PLS,exotic,,,133,
1509,285,known,5415,,seeding,34,seeds/m2,PLS,native,,,133,
1510,285,known,5577,,seeding,6,seeds/m2,PLS,native,,,133,
1511,285,known,5582,,seeding,12,seeds/m2,PLS,native,,,133,
1512,285,known,5583,,seeding,8,seeds/m2,PLS,native,,,133,
1513,285,known,5644,,seeding,54,seeds/m2,PLS,exotic,,,133,
1514,285,known,5698,,seeding,12,seeds/m2,PLS,native,,,133,
1515,285,known,5763,,seeding,11,seeds/m2,PLS,native,,,133,
1516,285,known,5765,,seeding,18,seeds/m2,PLS,native,,,133,
1517,285,known,5801,,seeding,50,seeds/m2,PLS,native,,,133,
1518,285,known,5952,,seeding,7,seeds/m2,PLS,native,,,133,
1519,286,known,387,,seeding,380,seeds/m2,PLS,native,,,134,
1520,286,known,465,,seeding,204,seeds/m2,PLS,native,,,134,
1521,286,known,469,,seeding,106,seeds/m2,PLS,exotic,,,134,
1522,286,known,484,,seeding,1354,seeds/m2,PLS,native,,,134,
1523,286,known,689,,seeding,0,seeds/m2,PLS,native,,,134,
1524,286,known,712,,seeding,93,seeds/m2,PLS,native,,,134,
1525,286,known,1686,,seeding,30,seeds/m2,PLS,native,,,134,
1526,286,known,1741,,seeding,20,seeds/m2,PLS,native,,,134,
1527,286,known,2640,,seeding,53,seeds/m2,PLS,native,,,134,
1528,286,known,3010,,seeding,1,seeds/m2,PLS,native,,,134,
1529,286,known,4575,,seeding,7,seeds/m2,PLS,native,,,134,
1530,286,known,5415,,seeding,68,seeds/m2,PLS,native,,,134,
1531,286,known,5416,,seeding,243,seeds/m2,PLS,native,,,134,
1532,286,known,5573,,seeding,17,seeds/m2,PLS,native,,,134,
1533,286,known,5577,,seeding,33,seeds/m2,PLS,native,,,134,
1534,286,known,5582,,seeding,169,seeds/m2,PLS,native,,,134,
1535,286,known,5583,,seeding,75,seeds/m2,PLS,native,,,134,
1536,286,known,5585,,seeding,50,seeds/m2,PLS,native,,,134,
1537,286,known,5763,,seeding,100,seeds/m2,PLS,native,,,134,
1538,286,known,5901,,seeding,128,seeds/m2,PLS,native,,,134,
1539,286,known,5952,,seeding,48,seeds/m2,PLS,native,,,134,
1540,286,known,6517,,seeding,3,seeds/m2,PLS,native,,,134,
1541,287,known,387,,seeding,99,seeds/m2,PLS,native,,,135,
1542,287,known,484,,seeding,125,seeds/m2,PLS,native,,,135,
1543,287,known,1102,,seeding,49,seeds/m2,PLS,native,,,135,
1544,287,known,1686,,seeding,11,seeds/m2,PLS,native,,,135,
1545,287,known,1741,,seeding,12,seeds/m2,PLS,native,,,135,
1546,287,known,2640,,seeding,10,seeds/m2,PLS,native,,,135,
1547,287,known,4276,,seeding,14,seeds/m2,PLS,exotic,,,135,
1548,287,known,5415,,seeding,179,seeds/m2,PLS,native,,,135,
1549,287,known,5416,,seeding,108,seeds/m2,PLS,native,,,135,
1550,287,known,5485,,seeding,129,seeds/m2,PLS,native,,,135,
1551,287,known,5577,,seeding,6,seeds/m2,PLS,native,,,135,
1552,287,known,5582,,seeding,12,seeds/m2,PLS,native,,,135,
1553,287,known,5583,,seeding,8,seeds/m2,PLS,native,,,135,
1554,287,known,5644,,seeding,54,seeds/m2,PLS,exotic,,,135,
1555,287,known,5698,,seeding,12,seeds/m2,PLS,native,,,135,
1556,287,known,5763,,seeding,11,seeds/m2,PLS,native,,,135,
1557,287,known,5765,,seeding,18,seeds/m2,PLS,native,,,135,
1558,287,known,5801,,seeding,50,seeds/m2,PLS,native,,,135,
1559,287,known,5938,,seeding,1400,seeds/m2,PLS,native,,,135,
1560,287,known,5952,,seeding,7,seeds/m2,PLS,native,,,135,
1561,288,known,387,,seeding,172,seeds/m2,PLS,native,,,136,
1562,288,known,469,,seeding,102,seeds/m2,PLS,exotic,,,136,
1563,288,known,484,,seeding,2575,seeds/m2,PLS,native,,,136,
1564,288,known,712,,seeding,93,seeds/m2,PLS,native,,,136,
1565,288,known,1102,,seeding,85,seeds/m2,PLS,native,,,136,
1566,288,known,1686,,seeding,20,seeds/m2,PLS,native,,,136,
1567,288,known,1741,,seeding,82,seeds/m2,PLS,native,,,136,
1568,288,known,2640,,seeding,18,seeds/m2,PLS,native,,,136,
1569,288,known,4276,,seeding,24,seeds/m2,PLS,exotic,,,136,
1570,288,known,5415,,seeding,58,seeds/m2,PLS,native,,,136,
1571,288,known,5577,,seeding,22,seeds/m2,PLS,native,,,136,
1572,288,known,5582,,seeding,21,seeds/m2,PLS,native,,,136,
1573,288,known,5583,,seeding,14,seeds/m2,PLS,native,,,136,
1574,288,known,5644,,seeding,93,seeds/m2,PLS,exotic,,,136,
1575,288,known,5698,,seeding,21,seeds/m2,PLS,native,,,136,
1576,288,known,5763,,seeding,20,seeds/m2,PLS,native,,,136,
1577,288,known,5765,,seeding,32,seeds/m2,PLS,native,,,136,
1578,288,known,5801,,seeding,345,seeds/m2,PLS,native,,,136,
1579,288,known,5901,,seeding,259,seeds/m2,PLS,native,,,136,
1580,289,known,387,,seeding,229,seeds/m2,PLS,native,,,137,
1581,289,known,465,,seeding,841,seeds/m2,PLS,native,,,137,
1582,289,known,1686,,seeding,24,seeds/m2,PLS,native,,,137,
1583,289,known,1687,,seeding,18,seeds/m2,PLS,native,,,137,
1584,289,known,2640,,seeding,14,seeds/m2,PLS,native,,,137,
1585,289,known,2851,,seeding,30,seeds/m2,PLS,exotic,,,137,
1586,289,known,4575,,seeding,20,seeds/m2,PLS,native,,,137,
1587,289,known,5577,,seeding,54,seeds/m2,PLS,native,,,137,
1588,289,known,5583,,seeding,83,seeds/m2,PLS,native,,,137,
1589,289,known,5585,,seeding,40,seeds/m2,PLS,native,,,137,
1590,289,known,5698,,seeding,124,seeds/m2,PLS,native,,,137,
1591,289,known,5763,,seeding,24,seeds/m2,PLS,native,,,137,
1592,290,known,1624,,seeding,11,seeds/m2,PLS,native,,,138,
1593,290,known,1686,,seeding,16,seeds/m2,PLS,native,,,138,
1594,290,known,1687,,seeding,12,seeds/m2,PLS,native,,,138,
1595,290,known,2861,,seeding,73,seeds/m2,PLS,exotic,,,138,
1596,290,known,5577,,seeding,43,seeds/m2,PLS,native,,,138,
1597,290,known,5583,,seeding,72,seeds/m2,PLS,native,,,138,
1598,290,known,5585,,seeding,40,seeds/m2,PLS,native,,,138,
1599,290,known,5763,,seeding,24,seeds/m2,PLS,native,,,138,
1600,290,known,5881,,seeding,139,seeds/m2,PLS,native,,,138,
1601,291,known,387,,seeding,172,seeds/m2,PLS,native,,,139,
1602,291,known,465,,seeding,280,seeds/m2,PLS,native,,,139,
1603,291,known,484,,seeding,260,seeds/m2,PLS,native,,,139,
1604,291,known,1102,,seeding,85,seeds/m2,PLS,native,,,139,
1605,291,known,1688,,seeding,30,seeds/m2,PLS,native,,,139,
1606,291,known,1741,,seeding,10,seeds/m2,PLS,native,,,139,
1607,291,known,2041,,seeding,73,seeds/m2,PLS,native,,,139,
1608,291,known,2861,,seeding,121,seeds/m2,PLS,exotic,,,139,
1609,291,known,3082,,seeding,3,seeds/m2,PLS,exotic,,,139,
1610,291,known,4276,,seeding,48,seeds/m2,PLS,exotic,,,139,
1611,291,known,5582,,seeding,171,seeds/m2,PLS,native,,,139,
1612,291,known,5585,,seeding,54,seeds/m2,PLS,native,,,139,
1613,291,known,5707,,seeding,67,seeds/m2,PLS,native,,,139,
1614,291,known,5763,,seeding,142,seeds/m2,PLS,native,,,139,
1615,291,known,5881,,seeding,185,seeds/m2,PLS,native,,,139,
1616,291,known,5932,,seeding,302,seeds/m2,PLS,native,,,139,
1617,292,known,387,,seeding,454,seeds/m2,PLS,native,,,140,
1618,292,known,484,,seeding,523,seeds/m2,PLS,native,,,140,
1619,292,known,692,,seeding,55,seeds/m2,PLS,native,,,140,
1620,292,known,1686,,seeding,48,seeds/m2,PLS,native,,,140,
1621,292,known,1687,,seeding,35,seeds/m2,PLS,native,,,140,
1622,292,known,1741,,seeding,25,seeds/m2,PLS,native,,,140,
1623,292,known,2851,,seeding,61,seeds/m2,PLS,exotic,,,140,
1624,292,known,3082,,seeding,7,seeds/m2,PLS,exotic,,,140,
1625,292,known,4575,,seeding,27,seeds/m2,PLS,native,,,140,
1626,292,known,5582,,seeding,259,seeds/m2,PLS,native,,,140,
1627,292,known,5583,,seeding,56,seeds/m2,PLS,native,,,140,
1628,292,known,5585,,seeding,81,seeds/m2,PLS,native,,,140,
1629,292,known,5707,,seeding,84,seeds/m2,PLS,native,,,140,
1630,292,known,5763,,seeding,159,seeds/m2,PLS,native,,,140,
1631,293,known,387,,seeding,229,seeds/m2,PLS,native,,,141,
1632,293,known,484,,seeding,173,seeds/m2,PLS,native,,,141,
1633,293,known,781,,seeding,4,seeds/m2,PLS,native,,,141,
1634,293,known,1624,,seeding,11,seeds/m2,PLS,native,,,141,
1635,293,known,1686,,seeding,16,seeds/m2,PLS,native,,,141,
1636,293,known,1687,,seeding,12,seeds/m2,PLS,native,,,141,
1637,293,known,2640,,seeding,7,seeds/m2,PLS,native,,,141,
1638,293,known,2861,,seeding,73,seeds/m2,PLS,exotic,,,141,
1639,293,known,5577,,seeding,43,seeds/m2,PLS,native,,,141,
1640,293,known,5583,,seeding,72,seeds/m2,PLS,native,,,141,
1641,293,known,5585,,seeding,40,seeds/m2,PLS,native,,,141,
1642,293,known,5763,,seeding,24,seeds/m2,PLS,native,,,141,
1643,293,known,5881,,seeding,139,seeds/m2,PLS,native,,,141,
1644,294,known,387,,seeding,229,seeds/m2,PLS,native,,,142,
1645,294,known,484,,seeding,260,seeds/m2,PLS,native,,,142,
1646,294,known,1102,,seeding,102,seeds/m2,PLS,native,,,142,
1647,294,known,1686,,seeding,24,seeds/m2,PLS,native,,,142,
1648,294,known,1741,,seeding,12,seeds/m2,PLS,native,,,142,
1649,294,known,2041,,seeding,44,seeds/m2,PLS,native,,,142,
1650,294,known,2861,,seeding,73,seeds/m2,PLS,exotic,,,142,
1651,294,known,4276,,seeding,32,seeds/m2,PLS,exotic,,,142,
1652,294,known,5582,,seeding,107,seeds/m2,PLS,native,,,142,
1653,294,known,5585,,seeding,33,seeds/m2,PLS,native,,,142,
1654,294,known,5707,,seeding,42,seeds/m2,PLS,native,,,142,
1655,294,known,5763,,seeding,79,seeds/m2,PLS,native,,,142,
1656,294,known,5881,,seeding,232,seeds/m2,PLS,native,,,142,
1657,294,known,5932,,seeding,345,seeds/m2,PLS,native,,,142,
1658,295,known,387,,seeding,229,seeds/m2,PLS,native,,,143,
1659,295,known,484,,seeding,260,seeds/m2,PLS,native,,,143,
1660,295,known,781,,seeding,4,seeds/m2,PLS,native,,,143,
1661,295,known,1624,,seeding,18,seeds/m2,PLS,native,,,143,
1662,295,known,1686,,seeding,24,seeds/m2,PLS,native,,,143,
1663,295,known,1687,,seeding,18,seeds/m2,PLS,native,,,143,
1664,295,known,2640,,seeding,14,seeds/m2,PLS,native,,,143,
1665,295,known,2861,,seeding,73,seeds/m2,PLS,exotic,,,143,
1666,295,known,5577,,seeding,54,seeds/m2,PLS,native,,,143,
1667,295,known,5583,,seeding,83,seeds/m2,PLS,native,,,143,
1668,295,known,5585,,seeding,40,seeds/m2,PLS,native,,,143,
1669,295,known,5763,,seeding,24,seeds/m2,PLS,native,,,143,
1670,295,known,5881,,seeding,139,seeds/m2,PLS,native,,,143,
1671,296,known,387,,seeding,229,seeds/m2,PLS,native,,,144,
1672,296,known,484,,seeding,260,seeds/m2,PLS,native,,,144,
1673,296,known,1102,,seeding,102,seeds/m2,PLS,native,,,144,
1674,296,known,1686,,seeding,24,seeds/m2,PLS,native,,,144,
1675,296,known,1741,,seeding,12,seeds/m2,PLS,native,,,144,
1676,296,known,2041,,seeding,44,seeds/m2,PLS,native,,,144,
1677,296,known,2861,,seeding,73,seeds/m2,PLS,exotic,,,144,
1678,296,known,4276,,seeding,32,seeds/m2,PLS,exotic,,,144,
1679,296,known,5582,,seeding,107,seeds/m2,PLS,native,,,144,
1680,296,known,5585,,seeding,33,seeds/m2,PLS,native,,,144,
1681,296,known,5707,,seeding,42,seeds/m2,PLS,native,,,144,
1682,296,known,5763,,seeding,79,seeds/m2,PLS,native,,,144,
1683,296,known,5881,,seeding,232,seeds/m2,PLS,native,,,144,
1684,296,known,5932,,seeding,345,seeds/m2,PLS,native,,,144,
1685,297,known,387,,seeding,80,seeds/m2,PLS,native,,,145,
1686,297,known,484,,seeding,58,seeds/m2,PLS,native,,,145,
1687,297,known,1102,,seeding,5,seeds/m2,PLS,native,,,145,
1688,297,known,1686,,seeding,43,seeds/m2,PLS,native,,,145,
1689,297,known,1741,,seeding,9,seeds/m2,PLS,native,,,145,
1690,297,known,2640,,seeding,80,seeds/m2,PLS,native,,,145,
1691,297,known,2887,,seeding,11,seeds/m2,PLS,exotic,,,145,
1692,297,known,5415,,seeding,59,seeds/m2,PLS,native,,,145,
1693,297,known,5416,,seeding,136,seeds/m2,PLS,native,,,145,
1694,297,known,5577,,seeding,33,seeds/m2,PLS,native,,,145,
1695,297,known,5582,,seeding,164,seeds/m2,PLS,native,,,145,
1696,297,known,5583,,seeding,59,seeds/m2,PLS,native,,,145,
1697,297,known,5585,,seeding,98,seeds/m2,PLS,native,,,145,
1698,297,known,5698,,seeding,6,seeds/m2,PLS,native,,,145,
1699,297,known,5763,,seeding,119,seeds/m2,PLS,native,,,145,
1700,297,known,5901,,seeding,101,seeds/m2,PLS,native,,,145,
1701,297,known,5952,,seeding,30,seeds/m2,PLS,native,,,145,
1702,298,known,387,,seeding,229,seeds/m2,PLS,native,,,146,
1703,298,known,484,,seeding,2164,seeds/m2,PLS,native,,,146,
1704,298,known,712,,seeding,56,seeds/m2,PLS,native,,,146,
1705,298,known,781,,seeding,9,seeds/m2,PLS,native,,,146,
1706,298,known,817,,seeding,2,seeds/m2,PLS,native,,,146,
1707,298,known,1102,,seeding,255,seeds/m2,PLS,native,,,146,
1708,298,known,1624,,seeding,18,seeds/m2,PLS,native,,,146,
1709,298,known,2637,,seeding,52,seeds/m2,PLS,native,,,146,
1710,298,known,2640,,seeding,21,seeds/m2,PLS,native,,,146,
1711,298,known,2861,,seeding,91,seeds/m2,PLS,exotic,,,146,
1712,298,known,4575,,seeding,7,seeds/m2,PLS,native,,,146,
1713,298,known,5583,,seeding,33,seeds/m2,PLS,native,,,146,
1714,298,known,5698,,seeding,124,seeds/m2,PLS,native,,,146,
1715,298,known,5765,,seeding,38,seeds/m2,PLS,native,,,146,
1716,298,known,5932,,seeding,345,seeds/m2,PLS,native,,,146,
1717,298,known,5938,,seeding,673,seeds/m2,PLS,native,,,146,
1718,299,known,387,,seeding,229,seeds/m2,PLS,native,,,147,
1719,299,known,484,,seeding,2164,seeds/m2,PLS,native,,,147,
1720,299,known,712,,seeding,56,seeds/m2,PLS,native,,,147,
1721,299,known,781,,seeding,9,seeds/m2,PLS,native,,,147,
1722,299,known,817,,seeding,2,seeds/m2,PLS,native,,,147,
1723,299,known,1102,,seeding,255,seeds/m2,PLS,native,,,147,
1724,299,known,1624,,seeding,18,seeds/m2,PLS,native,,,147,
1725,299,known,2637,,seeding,52,seeds/m2,PLS,native,,,147,
1726,299,known,2640,,seeding,21,seeds/m2,PLS,native,,,147,
1727,299,known,2861,,seeding,91,seeds/m2,PLS,exotic,,,147,
1728,299,known,4575,,seeding,7,seeds/m2,PLS,native,,,147,
1729,299,known,5583,,seeding,33,seeds/m2,PLS,native,,,147,
1730,299,known,5698,,seeding,124,seeds/m2,PLS,native,,,147,
1731,299,known,5765,,seeding,38,seeds/m2,PLS,native,,,147,
1732,299,known,5932,,seeding,345,seeds/m2,PLS,native,,,147,
1733,299,known,5938,,seeding,673,seeds/m2,PLS,native,,,147,
1734,300,known,387,,seeding,229,seeds/m2,PLS,native,,,148,
1735,300,known,484,,seeding,260,seeds/m2,PLS,native,,,148,
1736,300,known,781,,seeding,4,seeds/m2,PLS,native,,,148,
1737,300,known,1624,,seeding,18,seeds/m2,PLS,native,,,148,
1738,300,known,1686,,seeding,24,seeds/m2,PLS,native,,,148,
1739,300,known,1687,,seeding,18,seeds/m2,PLS,native,,,148,
1740,300,known,2640,,seeding,14,seeds/m2,PLS,native,,,148,
1741,300,known,2861,,seeding,73,seeds/m2,PLS,exotic,,,148,
1742,300,known,5577,,seeding,54,seeds/m2,PLS,native,,,148,
1743,300,known,5583,,seeding,83,seeds/m2,PLS,native,,,148,
1744,300,known,5585,,seeding,40,seeds/m2,PLS,native,,,148,
1745,300,known,5763,,seeding,24,seeds/m2,PLS,native,,,148,
1746,300,known,5881,,seeding,139,seeds/m2,PLS,native,,,148,
1747,301,known,387,,seeding,424,seeds/m2,PLS,native,,,149,
1748,301,known,484,,seeding,481,seeds/m2,PLS,native,,,149,
1749,301,known,781,,seeding,3,seeds/m2,PLS,native,,,149,
1750,301,known,1102,,seeding,126,seeds/m2,PLS,native,,,149,
1751,301,known,1624,,seeding,11,seeds/m2,PLS,native,,,149,
1752,301,known,1686,,seeding,16,seeds/m2,PLS,native,,,149,
1753,301,known,1687,,seeding,11,seeds/m2,PLS,native,,,149,
1754,301,known,1741,,seeding,15,seeds/m2,PLS,native,,,149,
1755,301,known,2041,,seeding,3,seeds/m2,PLS,native,,,149,
1756,301,known,2640,,seeding,9,seeds/m2,PLS,native,,,149,
1757,301,known,2861,,seeding,49,seeds/m2,PLS,exotic,,,149,
1758,301,known,4276,,seeding,2,seeds/m2,PLS,exotic,,,149,
1759,301,known,5577,,seeding,33,seeds/m2,PLS,native,,,149,
1760,301,known,5582,,seeding,6,seeds/m2,PLS,native,,,149,
1761,301,known,5583,,seeding,51,seeds/m2,PLS,native,,,149,
1762,301,known,5585,,seeding,27,seeds/m2,PLS,native,,,149,
1763,301,known,5707,,seeding,2,seeds/m2,PLS,native,,,149,
1764,301,known,5763,,seeding,19,seeds/m2,PLS,native,,,149,
1765,301,known,5881,,seeding,287,seeds/m2,PLS,native,,,149,
1766,301,known,5932,,seeding,426,seeds/m2,PLS,native,,,149,
1767,302,known,387,,seeding,229,seeds/m2,PLS,native,,,150,
1768,302,known,484,,seeding,260,seeds/m2,PLS,native,,,150,
1769,302,known,1102,,seeding,102,seeds/m2,PLS,native,,,150,
1770,302,known,1686,,seeding,24,seeds/m2,PLS,native,,,150,
1771,302,known,1741,,seeding,12,seeds/m2,PLS,native,,,150,
1772,302,known,2041,,seeding,44,seeds/m2,PLS,native,,,150,
1773,302,known,2861,,seeding,73,seeds/m2,PLS,exotic,,,150,
1774,302,known,4276,,seeding,32,seeds/m2,PLS,exotic,,,150,
1775,302,known,5582,,seeding,107,seeds/m2,PLS,native,,,150,
1776,302,known,5585,,seeding,33,seeds/m2,PLS,native,,,150,
1777,302,known,5707,,seeding,42,seeds/m2,PLS,native,,,150,
1778,302,known,5763,,seeding,79,seeds/m2,PLS,native,,,150,
1779,302,known,5881,,seeding,232,seeds/m2,PLS,native,,,150,
1780,302,known,5932,,seeding,345,seeds/m2,PLS,native,,,150,
1781,303,known,387,,seeding,229,seeds/m2,PLS,native,,,151,
1782,303,known,484,,seeding,260,seeds/m2,PLS,native,,,151,
1783,303,known,1102,,seeding,102,seeds/m2,PLS,native,,,151,
1784,303,known,1686,,seeding,24,seeds/m2,PLS,native,,,151,
1785,303,known,1741,,seeding,12,seeds/m2,PLS,native,,,151,
1786,303,known,2041,,seeding,44,seeds/m2,PLS,native,,,151,
1787,303,known,2861,,seeding,73,seeds/m2,PLS,exotic,,,151,
1788,303,known,4276,,seeding,32,seeds/m2,PLS,exotic,,,151,
1789,303,known,5582,,seeding,107,seeds/m2,PLS,native,,,151,
1790,303,known,5585,,seeding,33,seeds/m2,PLS,native,,,151,
1791,303,known,5707,,seeding,42,seeds/m2,PLS,native,,,151,
1792,303,known,5763,,seeding,79,seeds/m2,PLS,native,,,151,
1793,303,known,5881,,seeding,232,seeds/m2,PLS,native,,,151,
1794,303,known,5932,,seeding,345,seeds/m2,PLS,native,,,151,
1795,304,known,387,,seeding,229,seeds/m2,PLS,native,,,152,
1796,304,known,484,,seeding,173,seeds/m2,PLS,native,,,152,
1797,304,known,781,,seeding,4,seeds/m2,PLS,native,,,152,
1798,304,known,1624,,seeding,11,seeds/m2,PLS,native,,,152,
1799,304,known,1686,,seeding,16,seeds/m2,PLS,native,,,152,
1800,304,known,1687,,seeding,12,seeds/m2,PLS,native,,,152,
1801,304,known,2640,,seeding,7,seeds/m2,PLS,native,,,152,
1802,304,known,2861,,seeding,73,seeds/m2,PLS,exotic,,,152,
1803,304,known,5577,,seeding,43,seeds/m2,PLS,native,,,152,
1804,304,known,5583,,seeding,72,seeds/m2,PLS,native,,,152,
1805,304,known,5585,,seeding,40,seeds/m2,PLS,native,,,152,
1806,304,known,5763,,seeding,24,seeds/m2,PLS,native,,,152,
1807,304,known,5881,,seeding,139,seeds/m2,PLS,native,,,152,
1808,305,known,387,,seeding,229,seeds/m2,PLS,native,,,153,
1809,305,known,484,,seeding,173,seeds/m2,PLS,native,,,153,
1810,305,known,781,,seeding,4,seeds/m2,PLS,native,,,153,
1811,305,known,1624,,seeding,11,seeds/m2,PLS,native,,,153,
1812,305,known,1686,,seeding,16,seeds/m2,PLS,native,,,153,
1813,305,known,1687,,seeding,12,seeds/m2,PLS,native,,,153,
1814,305,known,2640,,seeding,7,seeds/m2,PLS,native,,,153,
1815,305,known,2861,,seeding,73,seeds/m2,PLS,exotic,,,153,
1816,305,known,5577,,seeding,43,seeds/m2,PLS,native,,,153,
1817,305,known,5583,,seeding,72,seeds/m2,PLS,native,,,153,
1818,305,known,5585,,seeding,40,seeds/m2,PLS,native,,,153,
1819,305,known,5763,,seeding,24,seeds/m2,PLS,native,,,153,
1820,305,known,5881,,seeding,139,seeds/m2,PLS,native,,,153,
1821,306,known,387,,seeding,229,seeds/m2,PLS,native,,,154,
1822,306,known,484,,seeding,260,seeds/m2,PLS,native,,,154,
1823,306,known,1102,,seeding,102,seeds/m2,PLS,native,,,154,
1824,306,known,1686,,seeding,24,seeds/m2,PLS,native,,,154,
1825,306,known,1741,,seeding,8,seeds/m2,PLS,native,,,154,
1826,306,known,2041,,seeding,25,seeds/m2,PLS,native,,,154,
1827,306,known,2861,,seeding,73,seeds/m2,PLS,exotic,,,154,
1828,306,known,3082,,seeding,1,seeds/m2,PLS,exotic,,,154,
1829,306,known,4276,,seeding,16,seeds/m2,PLS,exotic,,,154,
1830,306,known,5582,,seeding,86,seeds/m2,PLS,native,,,154,
1831,306,known,5585,,seeding,33,seeds/m2,PLS,native,,,154,
1832,306,known,5707,,seeding,42,seeds/m2,PLS,native,,,154,
1833,306,known,5763,,seeding,79,seeds/m2,PLS,native,,,154,
1834,306,known,5881,,seeding,116,seeds/m2,PLS,native,,,154,
1835,306,known,5932,,seeding,345,seeds/m2,PLS,native,,,154,
1836,307,known,387,,seeding,229,seeds/m2,PLS,native,,,155,
1837,307,known,484,,seeding,173,seeds/m2,PLS,native,,,155,
1838,307,known,781,,seeding,4,seeds/m2,PLS,native,,,155,
1839,307,known,1624,,seeding,11,seeds/m2,PLS,native,,,155,
1840,307,known,1686,,seeding,16,seeds/m2,PLS,native,,,155,
1841,307,known,1687,,seeding,12,seeds/m2,PLS,native,,,155,
1842,307,known,2640,,seeding,7,seeds/m2,PLS,native,,,155,
1843,307,known,2861,,seeding,73,seeds/m2,PLS,exotic,,,155,
1844,307,known,5577,,seeding,43,seeds/m2,PLS,native,,,155,
1845,307,known,5583,,seeding,72,seeds/m2,PLS,native,,,155,
1846,307,known,5585,,seeding,40,seeds/m2,PLS,native,,,155,
1847,307,known,5763,,seeding,24,seeds/m2,PLS,native,,,155,
1848,307,known,5881,,seeding,139,seeds/m2,PLS,native,,,155,
1849,308,known,387,,seeding,380,seeds/m2,PLS,native,,,156,
1850,308,known,465,,seeding,204,seeds/m2,PLS,native,,,156,
1851,308,known,469,,seeding,106,seeds/m2,PLS,exotic,,,156,
1852,308,known,484,,seeding,1354,seeds/m2,PLS,native,,,156,
1853,308,known,689,,seeding,0,seeds/m2,PLS,native,,,156,
1854,308,known,712,,seeding,93,seeds/m2,PLS,native,,,156,
1855,308,known,1686,,seeding,30,seeds/m2,PLS,native,,,156,
1856,308,known,1741,,seeding,20,seeds/m2,PLS,native,,,156,
1857,308,known,2640,,seeding,53,seeds/m2,PLS,native,,,156,
1858,308,known,3010,,seeding,1,seeds/m2,PLS,native,,,156,
1859,308,known,4575,,seeding,7,seeds/m2,PLS,native,,,156,
1860,308,known,5415,,seeding,68,seeds/m2,PLS,native,,,156,
1861,308,known,5416,,seeding,243,seeds/m2,PLS,native,,,156,
1862,308,known,5573,,seeding,17,seeds/m2,PLS,native,,,156,
1863,308,known,5577,,seeding,33,seeds/m2,PLS,native,,,156,
1864,308,known,5582,,seeding,169,seeds/m2,PLS,native,,,156,
1865,308,known,5583,,seeding,75,seeds/m2,PLS,native,,,156,
1866,308,known,5585,,seeding,50,seeds/m2,PLS,native,,,156,
1867,308,known,5763,,seeding,100,seeds/m2,PLS,native,,,156,
1868,308,known,5901,,seeding,128,seeds/m2,PLS,native,,,156,
1869,308,known,5952,,seeding,48,seeds/m2,PLS,native,,,156,
1870,308,known,6517,,seeding,3,seeds/m2,PLS,native,,,156,
1871,309,known,387,,seeding,229,seeds/m2,PLS,native,,,157,
1872,309,known,484,,seeding,260,seeds/m2,PLS,native,,,157,
1873,309,known,1102,,seeding,102,seeds/m2,PLS,native,,,157,
1874,309,known,1686,,seeding,24,seeds/m2,PLS,native,,,157,
1875,309,known,1741,,seeding,8,seeds/m2,PLS,native,,,157,
1876,309,known,2041,,seeding,25,seeds/m2,PLS,native,,,157,
1877,309,known,2861,,seeding,73,seeds/m2,PLS,exotic,,,157,
1878,309,known,3082,,seeding,1,seeds/m2,PLS,exotic,,,157,
1879,309,known,4276,,seeding,16,seeds/m2,PLS,exotic,,,157,
1880,309,known,5582,,seeding,86,seeds/m2,PLS,native,,,157,
1881,309,known,5585,,seeding,33,seeds/m2,PLS,native,,,157,
1882,309,known,5707,,seeding,42,seeds/m2,PLS,native,,,157,
1883,309,known,5763,,seeding,79,seeds/m2,PLS,native,,,157,
1884,309,known,5881,,seeding,116,seeds/m2,PLS,native,,,157,
1885,309,known,5932,,seeding,345,seeds/m2,PLS,native,,,157,
1886,310,known,387,,seeding,229,seeds/m2,PLS,native,,,158,
1887,310,known,484,,seeding,173,seeds/m2,PLS,native,,,158,
1888,310,known,781,,seeding,4,seeds/m2,PLS,native,,,158,
1889,310,known,1624,,seeding,11,seeds/m2,PLS,native,,,158,
1890,310,known,1686,,seeding,16,seeds/m2,PLS,native,,,158,
1891,310,known,1687,,seeding,12,seeds/m2,PLS,native,,,158,
1892,310,known,2640,,seeding,7,seeds/m2,PLS,native,,,158,
1893,310,known,2861,,seeding,73,seeds/m2,PLS,exotic,,,158,
1894,310,known,5577,,seeding,43,seeds/m2,PLS,native,,,158,
1895,310,known,5583,,seeding,72,seeds/m2,PLS,native,,,158,
1896,310,known,5585,,seeding,40,seeds/m2,PLS,native,,,158,
1897,310,known,5763,,seeding,24,seeds/m2,PLS,native,,,158,
1898,310,known,5881,,seeding,139,seeds/m2,PLS,native,,,158,
1899,311,known,387,,seeding,229,seeds/m2,PLS,native,,,159,
1900,311,known,484,,seeding,173,seeds/m2,PLS,native,,,159,
1901,311,known,781,,seeding,4,seeds/m2,PLS,native,,,159,
1902,311,known,1624,,seeding,11,seeds/m2,PLS,native,,,159,
1903,311,known,1686,,seeding,16,seeds/m2,PLS,native,,,159,
1904,311,known,1687,,seeding,12,seeds/m2,PLS,native,,,159,
1905,311,known,2640,,seeding,7,seeds/m2,PLS,native,,,159,
1906,311,known,2861,,seeding,73,seeds/m2,PLS,exotic,,,159,
1907,311,known,5577,,seeding,43,seeds/m2,PLS,native,,,159,
1908,311,known,5583,,seeding,72,seeds/m2,PLS,native,,,159,
1909,311,known,5585,,seeding,40,seeds/m2,PLS,native,,,159,
1910,311,known,5763,,seeding,24,seeds/m2,PLS,native,,,159,
1911,311,known,5881,,seeding,139,seeds/m2,PLS,native,,,159,
1912,312,known,387,,seeding,229,seeds/m2,PLS,native,,,160,
1913,312,known,484,,seeding,2164,seeds/m2,PLS,native,,,160,
1914,312,known,712,,seeding,56,seeds/m2,PLS,native,,,160,
1915,312,known,781,,seeding,9,seeds/m2,PLS,native,,,160,
1916,312,known,817,,seeding,2,seeds/m2,PLS,native,,,160,
1917,312,known,1102,,seeding,255,seeds/m2,PLS,native,,,160,
1918,312,known,1624,,seeding,18,seeds/m2,PLS,native,,,160,
1919,312,known,2637,,seeding,52,seeds/m2,PLS,native,,,160,
1920,312,known,2640,,seeding,21,seeds/m2,PLS,native,,,160,
1921,312,known,2861,,seeding,91,seeds/m2,PLS,exotic,,,160,
1922,312,known,4575,,seeding,7,seeds/m2,PLS,native,,,160,
1923,312,known,5583,,seeding,33,seeds/m2,PLS,native,,,160,
1924,312,known,5698,,seeding,124,seeds/m2,PLS,native,,,160,
1925,312,known,5765,,seeding,38,seeds/m2,PLS,native,,,160,
1926,312,known,5932,,seeding,345,seeds/m2,PLS,native,,,160,
1927,312,known,5938,,seeding,673,seeds/m2,PLS,native,,,160,
1928,313,known,484,,seeding,54,seeds/m2,PLS,native,,,161,
1929,313,known,1686,,seeding,20,seeds/m2,PLS,native,,,161,
1930,313,known,2640,,seeding,9,seeds/m2,PLS,native,,,161,
1931,313,known,2887,,seeding,18,seeds/m2,PLS,exotic,,,161,
1932,313,known,5416,,seeding,172,seeds/m2,PLS,native,,,161,
1933,313,known,5577,,seeding,43,seeds/m2,PLS,native,,,161,
1934,313,known,5582,,seeding,171,seeds/m2,PLS,native,,,161,
1935,313,known,5583,,seeding,83,seeds/m2,PLS,native,,,161,
1936,313,known,5585,,seeding,100,seeds/m2,PLS,native,,,161,
1937,313,known,5763,,seeding,118,seeds/m2,PLS,native,,,161,
1938,313,known,5765,,seeding,32,seeds/m2,PLS,native,,,161,
1939,313,known,5932,,seeding,431,seeds/m2,PLS,native,,,161,
1940,314,known,387,,seeding,200,seeds/m2,PLS,native,,,162,
1941,314,known,457,,seeding,139,seeds/m2,PLS,native,,,162,
1942,314,known,469,,seeding,1029,seeds/m2,PLS,exotic,,,162,
1943,314,known,1741,,seeding,20,seeds/m2,PLS,native,,,162,
1944,314,known,2041,,seeding,36,seeds/m2,PLS,native,,,162,
1945,314,known,2174,,seeding,14,seeds/m2,PLS,native,,,162,
1946,314,known,2640,,seeding,19,seeds/m2,PLS,native,,,162,
1947,314,known,3082,,seeding,3,seeds/m2,PLS,exotic,,,162,
1948,314,known,5415,,seeding,59,seeds/m2,PLS,native,,,162,
1949,314,known,5568,,seeding,91,seeds/m2,PLS,native,,,162,
1950,314,known,5582,,seeding,198,seeds/m2,PLS,native,,,162,
1951,314,known,5585,,seeding,33,seeds/m2,PLS,native,,,162,
1952,314,known,5698,,seeding,27,seeds/m2,PLS,native,,,162,
1953,314,known,5707,,seeding,83,seeds/m2,PLS,native,,,162,
1954,314,known,5763,,seeding,79,seeds/m2,PLS,native,,,162,
1955,314,known,5801,,seeding,112,seeds/m2,PLS,native,,,162,
1956,314,known,5881,,seeding,74,seeds/m2,PLS,native,,,162,
1957,314,known,6402,,seeding,12,seeds/m2,PLS,native,,,162,
1958,315,known,387,,seeding,200,seeds/m2,PLS,native,,,163,
1959,315,known,457,,seeding,139,seeds/m2,PLS,native,,,163,
1960,315,known,469,,seeding,1029,seeds/m2,PLS,exotic,,,163,
1961,315,known,1741,,seeding,20,seeds/m2,PLS,native,,,163,
1962,315,known,2041,,seeding,36,seeds/m2,PLS,native,,,163,
1963,315,known,2174,,seeding,14,seeds/m2,PLS,native,,,163,
1964,315,known,2640,,seeding,19,seeds/m2,PLS,native,,,163,
1965,315,known,3082,,seeding,3,seeds/m2,PLS,exotic,,,163,
1966,315,known,5415,,seeding,59,seeds/m2,PLS,native,,,163,
1967,315,known,5568,,seeding,91,seeds/m2,PLS,native,,,163,
1968,315,known,5582,,seeding,198,seeds/m2,PLS,native,,,163,
1969,315,known,5585,,seeding,33,seeds/m2,PLS,native,,,163,
1970,315,known,5698,,seeding,27,seeds/m2,PLS,native,,,163,
1971,315,known,5707,,seeding,83,seeds/m2,PLS,native,,,163,
1972,315,known,5763,,seeding,79,seeds/m2,PLS,native,,,163,
1973,315,known,5801,,seeding,112,seeds/m2,PLS,native,,,163,
1974,315,known,5881,,seeding,74,seeds/m2,PLS,native,,,163,
1975,315,known,6402,,seeding,12,seeds/m2,PLS,native,,,163,
1976,316,known,465,,seeding,701,seeds/m2,PLS,native,,,164,
1977,316,known,469,,seeding,51,seeds/m2,PLS,exotic,,,164,
1978,316,known,484,,seeding,199,seeds/m2,PLS,native,,,164,
1979,316,known,712,,seeding,23,seeds/m2,PLS,native,,,164,
1980,316,known,1686,,seeding,69,seeds/m2,PLS,native,,,164,
1981,316,known,1687,,seeding,11,seeds/m2,PLS,native,,,164,
1982,316,known,1741,,seeding,28,seeds/m2,PLS,native,,,164,
1983,316,known,5415,,seeding,19,seeds/m2,PLS,native,,,164,
1984,316,known,5416,,seeding,53,seeds/m2,PLS,native,,,164,
1985,316,known,5582,,seeding,171,seeds/m2,PLS,native,,,164,
1986,316,known,5583,,seeding,109,seeds/m2,PLS,native,,,164,
1987,316,known,5585,,seeding,100,seeds/m2,PLS,native,,,164,
1988,316,known,5763,,seeding,79,seeds/m2,PLS,native,,,164,
1989,316,known,5765,,seeding,64,seeds/m2,PLS,native,,,164,
1990,316,known,5901,,seeding,42,seeds/m2,PLS,native,,,164,
1991,316,known,5938,,seeding,2242,seeds/m2,PLS,native,,,164,
1992,316,known,5952,,seeding,28,seeds/m2,PLS,native,,,164,
1993,316,known,6517,,seeding,9,seeds/m2,PLS,native,,,164,
1994,317,known,276,,seeding,16,seeds/m2,PLS,native,,,165,
1995,317,known,469,,seeding,51,seeds/m2,PLS,exotic,,,165,
1996,317,known,484,,seeding,26,seeds/m2,PLS,native,,,165,
1997,317,known,712,,seeding,93,seeds/m2,PLS,native,,,165,
1998,317,known,1686,,seeding,69,seeds/m2,PLS,native,,,165,
1999,317,known,1687,,seeding,48,seeds/m2,PLS,native,,,165,
2000,317,known,1688,,seeding,34,seeds/m2,PLS,native,,,165,
2001,317,known,1741,,seeding,28,seeds/m2,PLS,native,,,165,
2002,317,known,2041,,seeding,18,seeds/m2,PLS,native,,,165,
2003,317,known,2637,,seeding,151,seeds/m2,PLS,native,,,165,
2004,317,known,4575,,seeding,25,seeds/m2,PLS,native,,,165,
2005,317,known,5415,,seeding,19,seeds/m2,PLS,native,,,165,
2006,317,known,5416,,seeding,182,seeds/m2,PLS,native,,,165,
2007,317,known,5582,,seeding,107,seeds/m2,PLS,native,,,165,
2008,317,known,5583,,seeding,67,seeds/m2,PLS,native,,,165,
2009,317,known,5585,,seeding,50,seeds/m2,PLS,native,,,165,
2010,317,known,5763,,seeding,79,seeds/m2,PLS,native,,,165,
2011,317,known,5765,,seeding,40,seeds/m2,PLS,native,,,165,
2012,317,known,5801,,seeding,86,seeds/m2,PLS,native,,,165,
2013,317,known,5901,,seeding,42,seeds/m2,PLS,native,,,165,
2014,317,known,5938,,seeding,1121,seeds/m2,PLS,native,,,165,
2015,317,known,5952,,seeding,28,seeds/m2,PLS,native,,,165,
2016,318,known,387,,seeding,309,seeds/m2,PLS,native,,,166,
2017,318,known,469,,seeding,112,seeds/m2,PLS,exotic,,,166,
2018,318,known,484,,seeding,1311,seeds/m2,PLS,native,,,166,
2019,318,known,689,,seeding,0,seeds/m2,PLS,native,,,166,
2020,318,known,712,,seeding,93,seeds/m2,PLS,native,,,166,
2021,318,known,1686,,seeding,30,seeds/m2,PLS,native,,,166,
2022,318,known,1741,,seeding,20,seeds/m2,PLS,native,,,166,
2023,318,known,2640,,seeding,53,seeds/m2,PLS,native,,,166,
2024,318,known,4575,,seeding,5,seeds/m2,PLS,native,,,166,
2025,318,known,5415,,seeding,79,seeds/m2,PLS,native,,,166,
2026,318,known,5416,,seeding,442,seeds/m2,PLS,native,,,166,
2027,318,known,5577,,seeding,33,seeds/m2,PLS,native,,,166,
2028,318,known,5582,,seeding,162,seeds/m2,PLS,native,,,166,
2029,318,known,5583,,seeding,82,seeds/m2,PLS,native,,,166,
2030,318,known,5585,,seeding,50,seeds/m2,PLS,native,,,166,
2031,318,known,5763,,seeding,127,seeds/m2,PLS,native,,,166,
2032,318,known,5901,,seeding,177,seeds/m2,PLS,native,,,166,
2033,318,known,5952,,seeding,44,seeds/m2,PLS,native,,,166,
2034,319,known,387,,seeding,200,seeds/m2,PLS,native,,,167,
2035,319,known,457,,seeding,139,seeds/m2,PLS,native,,,167,
2036,319,known,469,,seeding,1029,seeds/m2,PLS,exotic,,,167,
2037,319,known,1741,,seeding,20,seeds/m2,PLS,native,,,167,
2038,319,known,2041,,seeding,36,seeds/m2,PLS,native,,,167,
2039,319,known,2174,,seeding,14,seeds/m2,PLS,native,,,167,
2040,319,known,2640,,seeding,19,seeds/m2,PLS,native,,,167,
2041,319,known,3082,,seeding,3,seeds/m2,PLS,exotic,,,167,
2042,319,known,5415,,seeding,59,seeds/m2,PLS,native,,,167,
2043,319,known,5568,,seeding,91,seeds/m2,PLS,native,,,167,
2044,319,known,5582,,seeding,198,seeds/m2,PLS,native,,,167,
2045,319,known,5585,,seeding,33,seeds/m2,PLS,native,,,167,
2046,319,known,5698,,seeding,27,seeds/m2,PLS,native,,,167,
2047,319,known,5707,,seeding,83,seeds/m2,PLS,native,,,167,
2048,319,known,5763,,seeding,79,seeds/m2,PLS,native,,,167,
2049,319,known,5801,,seeding,112,seeds/m2,PLS,native,,,167,
2050,319,known,5881,,seeding,74,seeds/m2,PLS,native,,,167,
2051,319,known,6402,,seeding,12,seeds/m2,PLS,native,,,167,
2052,320,known,387,,seeding,309,seeds/m2,PLS,native,,,168,
2053,320,known,465,,seeding,701,seeds/m2,PLS,native,,,168,
2054,320,known,484,,seeding,13,seeds/m2,PLS,native,,,168,
2055,320,known,712,,seeding,47,seeds/m2,PLS,native,,,168,
2056,320,known,1102,,seeding,12,seeds/m2,PLS,native,,,168,
2057,320,known,1686,,seeding,46,seeds/m2,PLS,native,,,168,
2058,320,known,1741,,seeding,17,seeds/m2,PLS,native,,,168,
2059,320,known,2640,,seeding,84,seeds/m2,PLS,native,,,168,
2060,320,known,2887,,seeding,9,seeds/m2,PLS,exotic,,,168,
2061,320,known,5415,,seeding,105,seeds/m2,PLS,native,,,168,
2062,320,known,5416,,seeding,295,seeds/m2,PLS,native,,,168,
2063,320,known,5577,,seeding,33,seeds/m2,PLS,native,,,168,
2064,320,known,5582,,seeding,147,seeds/m2,PLS,native,,,168,
2065,320,known,5583,,seeding,42,seeds/m2,PLS,native,,,168,
2066,320,known,5585,,seeding,91,seeds/m2,PLS,native,,,168,
2067,320,known,5698,,seeding,14,seeds/m2,PLS,native,,,168,
2068,320,known,5763,,seeding,117,seeds/m2,PLS,native,,,168,
2069,320,known,5901,,seeding,237,seeds/m2,PLS,native,,,168,
2070,320,known,5952,,seeding,35,seeds/m2,PLS,native,,,168,
2071,321,known,387,,seeding,172,seeds/m2,PLS,native,,,169,
2072,321,known,484,,seeding,151,seeds/m2,PLS,native,,,169,
2073,321,known,1686,,seeding,11,seeds/m2,PLS,native,,,169,
2074,321,known,1741,,seeding,11,seeds/m2,PLS,native,,,169,
2075,321,known,2640,,seeding,11,seeds/m2,PLS,native,,,169,
2076,321,known,2887,,seeding,6,seeds/m2,PLS,exotic,,,169,
2077,321,known,5415,,seeding,35,seeds/m2,PLS,native,,,169,
2078,321,known,5416,,seeding,26,seeds/m2,PLS,native,,,169,
2079,321,known,5582,,seeding,75,seeds/m2,PLS,native,,,169,
2080,321,known,5583,,seeding,35,seeds/m2,PLS,native,,,169,
2081,321,known,5585,,seeding,42,seeds/m2,PLS,native,,,169,
2082,321,known,5763,,seeding,49,seeds/m2,PLS,native,,,169,
2083,321,known,5952,,seeding,31,seeds/m2,PLS,native,,,169,
2084,322,known,387,,seeding,172,seeds/m2,PLS,native,,,170,
2085,322,known,484,,seeding,252,seeds/m2,PLS,native,,,170,
2086,322,known,712,,seeding,22,seeds/m2,PLS,native,,,170,
2087,322,known,1686,,seeding,11,seeds/m2,PLS,native,,,170,
2088,322,known,1741,,seeding,11,seeds/m2,PLS,native,,,170,
2089,322,known,2640,,seeding,11,seeds/m2,PLS,native,,,170,
2090,322,known,2887,,seeding,6,seeds/m2,PLS,exotic,,,170,
2091,322,known,5415,,seeding,35,seeds/m2,PLS,native,,,170,
2092,322,known,5416,,seeding,26,seeds/m2,PLS,native,,,170,
2093,322,known,5582,,seeding,75,seeds/m2,PLS,native,,,170,
2094,322,known,5583,,seeding,35,seeds/m2,PLS,native,,,170,
2095,322,known,5585,,seeding,42,seeds/m2,PLS,native,,,170,
2096,322,known,5763,,seeding,49,seeds/m2,PLS,native,,,170,
2097,322,known,5952,,seeding,31,seeds/m2,PLS,native,,,170,
2098,322,known,6517,,seeding,2,seeds/m2,PLS,native,,,170,
2099,322,known,7042,,seeding,,,,native,,,170,Source rate value: unknown
2100,322,known,7067,,seeding,,,PLS,native,,,170,Source rate value: unknown
2101,323,known,387,,seeding,172,seeds/m2,PLS,native,,,171,
2102,323,known,484,,seeding,151,seeds/m2,PLS,native,,,171,
2103,323,known,1686,,seeding,11,seeds/m2,PLS,native,,,171,
2104,323,known,1741,,seeding,11,seeds/m2,PLS,native,,,171,
2105,323,known,2640,,seeding,11,seeds/m2,PLS,native,,,171,
2106,323,known,2887,,seeding,6,seeds/m2,PLS,exotic,,,171,
2107,323,known,5415,,seeding,35,seeds/m2,PLS,native,,,171,
2108,323,known,5416,,seeding,26,seeds/m2,PLS,native,,,171,
2109,323,known,5582,,seeding,75,seeds/m2,PLS,native,,,171,
2110,323,known,5583,,seeding,35,seeds/m2,PLS,native,,,171,
2111,323,known,5585,,seeding,42,seeds/m2,PLS,native,,,171,
2112,323,known,5763,,seeding,49,seeds/m2,PLS,native,,,171,
2113,323,known,5952,,seeding,31,seeds/m2,PLS,native,,,171,
2114,324,known,1686,,seeding,20,seeds/m2,PLS,native,,,172,
2115,324,known,2640,,seeding,9,seeds/m2,PLS,native,,,172,
2116,324,known,2887,,seeding,18,seeds/m2,PLS,exotic,,,172,
2117,324,known,5416,,seeding,172,seeds/m2,PLS,native,,,172,
2118,324,known,5577,,seeding,65,seeds/m2,PLS,native,,,172,
2119,324,known,5582,,seeding,86,seeds/m2,PLS,native,,,172,
2120,324,known,5583,,seeding,83,seeds/m2,PLS,native,,,172,
2121,324,known,5585,,seeding,100,seeds/m2,PLS,native,,,172,
2122,324,known,5763,,seeding,79,seeds/m2,PLS,native,,,172,
2123,324,known,5765,,seeding,32,seeds/m2,PLS,native,,,172,
2124,324,known,5901,,seeding,86,seeds/m2,PLS,native,,,172,
2125,324,known,5932,,seeding,431,seeds/m2,PLS,native,,,172,
2126,325,known,387,,seeding,315,seeds/m2,PLS,native,,,173,
2127,325,known,457,,seeding,142,seeds/m2,PLS,native,,,173,
2128,325,known,465,,seeding,141,seeds/m2,PLS,native,,,173,
2129,325,known,469,,seeding,1121,seeds/m2,PLS,exotic,,,173,
2130,325,known,484,,seeding,87,seeds/m2,PLS,native,,,173,
2131,325,known,1741,,seeding,20,seeds/m2,PLS,native,,,173,
2132,325,known,2041,,seeding,36,seeds/m2,PLS,native,,,173,
2133,325,known,3082,,seeding,3,seeds/m2,PLS,exotic,,,173,
2134,325,known,5415,,seeding,58,seeds/m2,PLS,native,,,173,
2135,325,known,5568,,seeding,37,seeds/m2,PLS,native,,,173,
2136,325,known,5582,,seeding,214,seeds/m2,PLS,native,,,173,
2137,325,known,5585,,seeding,134,seeds/m2,PLS,native,,,173,
2138,325,known,5707,,seeding,83,seeds/m2,PLS,native,,,173,
2139,325,known,5763,,seeding,138,seeds/m2,PLS,native,,,173,
2140,325,known,5801,,seeding,112,seeds/m2,PLS,native,,,173,
2141,325,known,5881,,seeding,110,seeds/m2,PLS,native,,,173,
2142,326,known,387,,seeding,144,seeds/m2,PLS,native,,,174,
2143,326,known,457,,seeding,11,seeds/m2,PLS,native,,,174,
2144,326,known,465,,seeding,141,seeds/m2,PLS,native,,,174,
2145,326,known,469,,seeding,102,seeds/m2,PLS,exotic,,,174,
2146,326,known,484,,seeding,87,seeds/m2,PLS,native,,,174,
2147,326,known,5415,,seeding,58,seeds/m2,PLS,native,,,174,
2148,326,known,5582,,seeding,129,seeds/m2,PLS,native,,,174,
2149,326,known,5585,,seeding,101,seeds/m2,PLS,native,,,174,
2150,326,known,5763,,seeding,59,seeds/m2,PLS,native,,,174,
2151,326,known,5881,,seeding,110,seeds/m2,PLS,native,,,174,
2152,327,known,387,,seeding,430,seeds/m2,PLS,native,,,175,
2153,327,known,457,,seeding,11,seeds/m2,PLS,native,,,175,
2154,327,known,465,,seeding,141,seeds/m2,PLS,native,,,175,
2155,327,known,469,,seeding,204,seeds/m2,PLS,exotic,,,175,
2156,327,known,484,,seeding,1385,seeds/m2,PLS,native,,,175,
2157,327,known,712,,seeding,93,seeds/m2,PLS,native,,,175,
2158,327,known,1686,,seeding,30,seeds/m2,PLS,native,,,175,
2159,327,known,1741,,seeding,20,seeds/m2,PLS,native,,,175,
2160,327,known,2640,,seeding,53,seeds/m2,PLS,native,,,175,
2161,327,known,5415,,seeding,58,seeds/m2,PLS,native,,,175,
2162,327,known,5577,,seeding,33,seeds/m2,PLS,native,,,175,
2163,327,known,5582,,seeding,214,seeds/m2,PLS,native,,,175,
2164,327,known,5583,,seeding,42,seeds/m2,PLS,native,,,175,
2165,327,known,5585,,seeding,151,seeds/m2,PLS,native,,,175,
2166,327,known,5763,,seeding,138,seeds/m2,PLS,native,,,175,
2167,327,known,5881,,seeding,110,seeds/m2,PLS,native,,,175,
2168,328,known,276,,seeding,49,seeds/m2,PLS,native,,,176,
2169,328,known,465,,seeding,980,seeds/m2,PLS,native,,,176,
2170,328,known,484,,seeding,1297,seeds/m2,PLS,native,,,176,
2171,328,known,712,,seeding,279,seeds/m2,PLS,native,,,176,
2172,328,known,1686,,seeding,30,seeds/m2,PLS,native,,,176,
2173,328,known,1687,,seeding,7,seeds/m2,PLS,native,,,176,
2174,328,known,1741,,seeding,31,seeds/m2,PLS,native,,,176,
2175,328,known,2041,,seeding,36,seeds/m2,PLS,native,,,176,
2176,328,known,2637,,seeding,302,seeds/m2,PLS,native,,,176,
2177,328,known,2640,,seeding,70,seeds/m2,PLS,native,,,176,
2178,328,known,4575,,seeding,51,seeds/m2,PLS,native,,,176,
2179,328,known,5416,,seeding,215,seeds/m2,PLS,native,,,176,
2180,328,known,5485,,seeding,155,seeds/m2,PLS,native,,,176,
2181,328,known,5573,,seeding,24,seeds/m2,PLS,native,,,176,
2182,328,known,5582,,seeding,86,seeds/m2,PLS,native,,,176,
2183,328,known,5583,,seeding,28,seeds/m2,PLS,native,,,176,
2184,328,known,5765,,seeding,63,seeds/m2,PLS,native,,,176,
2185,328,known,5901,,seeding,215,seeds/m2,PLS,native,,,176,
2186,328,known,5938,,seeding,2241,seeds/m2,PLS,native,,,176,
2187,328,known,5952,,seeding,25,seeds/m2,PLS,native,,,176,
2188,329,known,276,,seeding,13,seeds/m2,PLS,native,,,177,
2189,329,known,484,,seeding,436,seeds/m2,PLS,native,,,177,
2190,329,known,712,,seeding,141,seeds/m2,PLS,native,,,177,
2191,329,known,1686,,seeding,50,seeds/m2,PLS,native,,,177,
2192,329,known,1687,,seeding,45,seeds/m2,PLS,native,,,177,
2193,329,known,1741,,seeding,31,seeds/m2,PLS,native,,,177,
2194,329,known,2041,,seeding,26,seeds/m2,PLS,native,,,177,
2195,329,known,2637,,seeding,175,seeds/m2,PLS,native,,,177,
2196,329,known,4575,,seeding,17,seeds/m2,PLS,native,,,177,
2197,329,known,5416,,seeding,174,seeds/m2,PLS,native,,,177,
2198,329,known,5582,,seeding,172,seeds/m2,PLS,native,,,177,
2199,329,known,5583,,seeding,42,seeds/m2,PLS,native,,,177,
2200,329,known,5585,,seeding,51,seeds/m2,PLS,native,,,177,
2201,329,known,5763,,seeding,40,seeds/m2,PLS,native,,,177,
2202,329,known,5765,,seeding,32,seeds/m2,PLS,native,,,177,
2203,329,known,5801,,seeding,131,seeds/m2,PLS,native,,,177,
2204,329,known,5901,,seeding,86,seeds/m2,PLS,native,,,177,
2205,329,known,5938,,seeding,1136,seeds/m2,PLS,native,,,177,
2206,330,known,276,,seeding,1,seeds/m2,PLS,native,,,178,
2207,330,known,484,,seeding,216,seeds/m2,PLS,native,,,178,
2208,330,known,712,,seeding,47,seeds/m2,PLS,native,,,178,
2209,330,known,1686,,seeding,20,seeds/m2,PLS,native,,,178,
2210,330,known,1687,,seeding,7,seeds/m2,PLS,native,,,178,
2211,330,known,1741,,seeding,31,seeds/m2,PLS,native,,,178,
2212,330,known,5416,,seeding,86,seeds/m2,PLS,native,,,178,
2213,330,known,5582,,seeding,86,seeds/m2,PLS,native,,,178,
2214,330,known,5901,,seeding,86,seeds/m2,PLS,native,,,178,
2215,331,known,387,,seeding,142,seeds/m2,PLS,native,,,179,
2216,331,known,465,,seeding,349,seeds/m2,PLS,native,,,179,
2217,331,known,484,,seeding,86,seeds/m2,PLS,native,,,179,
2218,331,known,3010,,seeding,1,seeds/m2,PLS,native,,,179,
2219,331,known,4575,,seeding,8,seeds/m2,PLS,native,,,179,
2220,331,known,5415,,seeding,58,seeds/m2,PLS,native,,,179,
2221,331,known,5416,,seeding,86,seeds/m2,PLS,native,,,179,
2222,331,known,5573,,seeding,30,seeds/m2,PLS,native,,,179,
2223,331,known,5582,,seeding,85,seeds/m2,PLS,native,,,179,
2224,331,known,5583,,seeding,28,seeds/m2,PLS,native,,,179,
2225,331,known,5901,,seeding,86,seeds/m2,PLS,native,,,179,
2226,331,known,5952,,seeding,49,seeds/m2,PLS,native,,,179,
2227,331,known,6517,,seeding,4,seeds/m2,PLS,native,,,179,
2228,332,known,387,,seeding,142,seeds/m2,PLS,native,,,180,
2229,332,known,465,,seeding,349,seeds/m2,PLS,native,,,180,
2230,332,known,484,,seeding,86,seeds/m2,PLS,native,,,180,
2231,332,known,1102,,seeding,255,seeds/m2,PLS,native,,,180,
2232,332,known,1686,,seeding,30,seeds/m2,PLS,native,,,180,
2233,332,known,3010,,seeding,1,seeds/m2,PLS,native,,,180,
2234,332,known,4575,,seeding,8,seeds/m2,PLS,native,,,180,
2235,332,known,5415,,seeding,58,seeds/m2,PLS,native,,,180,
2236,332,known,5416,,seeding,86,seeds/m2,PLS,native,,,180,
2237,332,known,5573,,seeding,30,seeds/m2,PLS,native,,,180,
2238,332,known,5577,,seeding,65,seeds/m2,PLS,native,,,180,
2239,332,known,5582,,seeding,256,seeds/m2,PLS,native,,,180,
2240,332,known,5583,,seeding,111,seeds/m2,PLS,native,,,180,
2241,332,known,5585,,seeding,100,seeds/m2,PLS,native,,,180,
2242,332,known,5763,,seeding,157,seeds/m2,PLS,native,,,180,
2243,332,known,5901,,seeding,86,seeds/m2,PLS,native,,,180,
2244,332,known,5952,,seeding,49,seeds/m2,PLS,native,,,180,
2245,332,known,6517,,seeding,4,seeds/m2,PLS,native,,,180,
2246,333,known,387,,seeding,429,seeds/m2,PLS,native,,,181,
2247,333,known,465,,seeding,349,seeds/m2,PLS,native,,,181,
2248,333,known,469,,seeding,102,seeds/m2,PLS,exotic,,,181,
2249,333,known,484,,seeding,1384,seeds/m2,PLS,native,,,181,
2250,333,known,712,,seeding,93,seeds/m2,PLS,native,,,181,
2251,333,known,1686,,seeding,30,seeds/m2,PLS,native,,,181,
2252,333,known,1741,,seeding,20,seeds/m2,PLS,native,,,181,
2253,333,known,2640,,seeding,53,seeds/m2,PLS,native,,,181,
2254,333,known,3010,,seeding,1,seeds/m2,PLS,native,,,181,
2255,333,known,4575,,seeding,8,seeds/m2,PLS,native,,,181,
2256,333,known,5415,,seeding,58,seeds/m2,PLS,native,,,181,
2257,333,known,5416,,seeding,86,seeds/m2,PLS,native,,,181,
2258,333,known,5573,,seeding,30,seeds/m2,PLS,native,,,181,
2259,333,known,5577,,seeding,33,seeds/m2,PLS,native,,,181,
2260,333,known,5582,,seeding,171,seeds/m2,PLS,native,,,181,
2261,333,known,5583,,seeding,69,seeds/m2,PLS,native,,,181,
2262,333,known,5585,,seeding,50,seeds/m2,PLS,native,,,181,
2263,333,known,5763,,seeding,79,seeds/m2,PLS,native,,,181,
2264,333,known,5901,,seeding,86,seeds/m2,PLS,native,,,181,
2265,333,known,5952,,seeding,49,seeds/m2,PLS,native,,,181,
2266,333,known,6517,,seeding,4,seeds/m2,PLS,native,,,181,
2267,334,known,387,,seeding,401,seeds/m2,PLS,native,,,182,
2268,334,known,469,,seeding,102,seeds/m2,PLS,exotic,,,182,
2269,334,known,484,,seeding,1384,seeds/m2,PLS,native,,,182,
2270,334,known,712,,seeding,93,seeds/m2,PLS,native,,,182,
2271,334,known,1686,,seeding,39,seeds/m2,PLS,native,,,182,
2272,334,known,1741,,seeding,31,seeds/m2,PLS,native,,,182,
2273,334,known,2640,,seeding,60,seeds/m2,PLS,native,,,182,
2274,334,known,2887,,seeding,12,seeds/m2,PLS,exotic,,,182,
2275,334,known,5415,,seeding,23,seeds/m2,PLS,native,,,182,
2276,334,known,5416,,seeding,17,seeds/m2,PLS,native,,,182,
2277,334,known,5577,,seeding,33,seeds/m2,PLS,native,,,182,
2278,334,known,5582,,seeding,171,seeds/m2,PLS,native,,,182,
2279,334,known,5583,,seeding,69,seeds/m2,PLS,native,,,182,
2280,334,known,5585,,seeding,100,seeds/m2,PLS,native,,,182,
2281,334,known,5763,,seeding,118,seeds/m2,PLS,native,,,182,
2282,334,known,5952,,seeding,25,seeds/m2,PLS,native,,,182,
2283,335,known,484,,seeding,54,seeds/m2,PLS,native,,,183,
2284,335,known,1686,,seeding,20,seeds/m2,PLS,native,,,183,
2285,335,known,1741,,seeding,10,seeds/m2,PLS,native,,,183,
2286,335,known,2640,,seeding,9,seeds/m2,PLS,native,,,183,
2287,335,known,2887,,seeding,18,seeds/m2,PLS,exotic,,,183,
2288,335,known,5416,,seeding,172,seeds/m2,PLS,native,,,183,
2289,335,known,5577,,seeding,43,seeds/m2,PLS,native,,,183,
2290,335,known,5582,,seeding,171,seeds/m2,PLS,native,,,183,
2291,335,known,5583,,seeding,83,seeds/m2,PLS,native,,,183,
2292,335,known,5585,,seeding,100,seeds/m2,PLS,native,,,183,
2293,335,known,5763,,seeding,118,seeds/m2,PLS,native,,,183,
2294,335,known,5765,,seeding,63,seeds/m2,PLS,native,,,183,
2295,335,known,5932,,seeding,431,seeds/m2,PLS,native,,,183,
2296,336,known,387,,seeding,286,seeds/m2,PLS,native,,,184,
2297,336,known,465,,seeding,701,seeds/m2,PLS,native,,,184,
2298,336,known,712,,seeding,47,seeds/m2,PLS,native,,,184,
2299,336,known,1686,,seeding,30,seeds/m2,PLS,native,,,184,
2300,336,known,1741,,seeding,10,seeds/m2,PLS,native,,,184,
2301,336,known,2640,,seeding,70,seeds/m2,PLS,native,,,184,
2302,336,known,5577,,seeding,33,seeds/m2,PLS,native,,,184,
2303,336,known,5582,,seeding,86,seeds/m2,PLS,native,,,184,
2304,336,known,5583,,seeding,42,seeds/m2,PLS,native,,,184,
2305,336,known,5585,,seeding,50,seeds/m2,PLS,native,,,184,
2306,336,known,5763,,seeding,79,seeds/m2,PLS,native,,,184,
2307,337,known,484,,seeding,54,seeds/m2,PLS,native,,,185,
2308,337,known,1686,,seeding,20,seeds/m2,PLS,native,,,185,
2309,337,known,1741,,seeding,10,seeds/m2,PLS,native,,,185,
2310,337,known,2640,,seeding,9,seeds/m2,PLS,native,,,185,
2311,337,known,2887,,seeding,18,seeds/m2,PLS,exotic,,,185,
2312,337,known,5416,,seeding,172,seeds/m2,PLS,native,,,185,
2313,337,known,5577,,seeding,43,seeds/m2,PLS,native,,,185,
2314,337,known,5582,,seeding,171,seeds/m2,PLS,native,,,185,
2315,337,known,5583,,seeding,83,seeds/m2,PLS,native,,,185,
2316,337,known,5585,,seeding,100,seeds/m2,PLS,native,,,185,
2317,337,known,5763,,seeding,118,seeds/m2,PLS,native,,,185,
2318,337,known,5765,,seeding,63,seeds/m2,PLS,native,,,185,
2319,337,known,5932,,seeding,431,seeds/m2,PLS,native,,,185,
2320,338,known,484,,seeding,54,seeds/m2,PLS,native,,,186,
2321,338,known,1686,,seeding,20,seeds/m2,PLS,native,,,186,
2322,338,known,1741,,seeding,10,seeds/m2,PLS,native,,,186,
2323,338,known,2640,,seeding,9,seeds/m2,PLS,native,,,186,
2324,338,known,2887,,seeding,18,seeds/m2,PLS,exotic,,,186,
2325,338,known,5416,,seeding,172,seeds/m2,PLS,native,,,186,
2326,338,known,5577,,seeding,43,seeds/m2,PLS,native,,,186,
2327,338,known,5582,,seeding,171,seeds/m2,PLS,native,,,186,
2328,338,known,5583,,seeding,83,seeds/m2,PLS,native,,,186,
2329,338,known,5585,,seeding,100,seeds/m2,PLS,native,,,186,
2330,338,known,5763,,seeding,118,seeds/m2,PLS,native,,,186,
2331,338,known,5765,,seeding,63,seeds/m2,PLS,native,,,186,
2332,338,known,5932,,seeding,431,seeds/m2,PLS,native,,,186,
2333,339,known,387,,seeding,144,seeds/m2,PLS,native,,,187,
2334,339,known,457,,seeding,11,seeds/m2,PLS,native,,,187,
2335,339,known,465,,seeding,141,seeds/m2,PLS,native,,,187,
2336,339,known,469,,seeding,102,seeds/m2,PLS,exotic,,,187,
2337,339,known,484,,seeding,87,seeds/m2,PLS,native,,,187,
2338,339,known,5415,,seeding,58,seeds/m2,PLS,native,,,187,
2339,339,known,5582,,seeding,129,seeds/m2,PLS,native,,,187,
2340,339,known,5585,,seeding,101,seeds/m2,PLS,native,,,187,
2341,339,known,5763,,seeding,59,seeds/m2,PLS,native,,,187,
2342,339,known,5881,,seeding,110,seeds/m2,PLS,native,,,187,
2343,340,known,276,,seeding,1,seeds/m2,PLS,native,,,188,
2344,340,known,484,,seeding,216,seeds/m2,PLS,native,,,188,
2345,340,known,712,,seeding,47,seeds/m2,PLS,native,,,188,
2346,340,known,1686,,seeding,20,seeds/m2,PLS,native,,,188,
2347,340,known,1687,,seeding,7,seeds/m2,PLS,native,,,188,
2348,340,known,1741,,seeding,31,seeds/m2,PLS,native,,,188,
2349,340,known,5416,,seeding,86,seeds/m2,PLS,native,,,188,
2350,340,known,5582,,seeding,86,seeds/m2,PLS,native,,,188,
2351,340,known,5901,,seeding,86,seeds/m2,PLS,native,,,188,
2352,341,known,276,,seeding,1,seeds/m2,PLS,native,,,189,
2353,341,known,484,,seeding,216,seeds/m2,PLS,native,,,189,
2354,341,known,712,,seeding,47,seeds/m2,PLS,native,,,189,
2355,341,known,1686,,seeding,20,seeds/m2,PLS,native,,,189,
2356,341,known,1687,,seeding,7,seeds/m2,PLS,native,,,189,
2357,341,known,1741,,seeding,31,seeds/m2,PLS,native,,,189,
2358,341,known,5416,,seeding,86,seeds/m2,PLS,native,,,189,
2359,341,known,5582,,seeding,86,seeds/m2,PLS,native,,,189,
2360,341,known,5901,,seeding,86,seeds/m2,PLS,native,,,189,
2361,342,known,387,,seeding,142,seeds/m2,PLS,native,,,190,
2362,342,known,465,,seeding,349,seeds/m2,PLS,native,,,190,
2363,342,known,484,,seeding,86,seeds/m2,PLS,native,,,190,
2364,342,known,3010,,seeding,1,seeds/m2,PLS,native,,,190,
2365,342,known,4575,,seeding,8,seeds/m2,PLS,native,,,190,
2366,342,known,5415,,seeding,58,seeds/m2,PLS,native,,,190,
2367,342,known,5416,,seeding,86,seeds/m2,PLS,native,,,190,
2368,342,known,5573,,seeding,30,seeds/m2,PLS,native,,,190,
2369,342,known,5582,,seeding,85,seeds/m2,PLS,native,,,190,
2370,342,known,5583,,seeding,28,seeds/m2,PLS,native,,,190,
2371,342,known,5901,,seeding,86,seeds/m2,PLS,native,,,190,
2372,342,known,5952,,seeding,49,seeds/m2,PLS,native,,,190,
2373,342,known,6517,,seeding,4,seeds/m2,PLS,native,,,190,
2374,343,known,387,,seeding,23,seeds/m2,PLS,native,,,191,
2375,343,known,484,,seeding,13,seeds/m2,PLS,native,,,191,
2376,343,known,1102,,seeding,267,seeds/m2,PLS,native,,,191,
2377,343,known,1686,,seeding,46,seeds/m2,PLS,native,,,191,
2378,343,known,1741,,seeding,7,seeds/m2,PLS,native,,,191,
2379,343,known,2640,,seeding,14,seeds/m2,PLS,native,,,191,
2380,343,known,2887,,seeding,9,seeds/m2,PLS,exotic,,,191,
2381,343,known,5415,,seeding,105,seeds/m2,PLS,native,,,191,
2382,343,known,5416,,seeding,295,seeds/m2,PLS,native,,,191,
2383,343,known,5577,,seeding,65,seeds/m2,PLS,native,,,191,
2384,343,known,5582,,seeding,232,seeds/m2,PLS,native,,,191,
2385,343,known,5583,,seeding,83,seeds/m2,PLS,native,,,191,
2386,343,known,5585,,seeding,141,seeds/m2,PLS,native,,,191,
2387,343,known,5698,,seeding,14,seeds/m2,PLS,native,,,191,
2388,343,known,5763,,seeding,196,seeds/m2,PLS,native,,,191,
2389,343,known,5901,,seeding,237,seeds/m2,PLS,native,,,191,
2390,343,known,5952,,seeding,35,seeds/m2,PLS,native,,,191,
2391,344,known,387,,seeding,309,seeds/m2,PLS,native,,,192,
2392,344,known,465,,seeding,701,seeds/m2,PLS,native,,,192,
2393,344,known,484,,seeding,13,seeds/m2,PLS,native,,,192,
2394,344,known,712,,seeding,47,seeds/m2,PLS,native,,,192,
2395,344,known,1102,,seeding,12,seeds/m2,PLS,native,,,192,
2396,344,known,1686,,seeding,46,seeds/m2,PLS,native,,,192,
2397,344,known,1741,,seeding,17,seeds/m2,PLS,native,,,192,
2398,344,known,2640,,seeding,84,seeds/m2,PLS,native,,,192,
2399,344,known,2887,,seeding,9,seeds/m2,PLS,exotic,,,192,
2400,344,known,5415,,seeding,105,seeds/m2,PLS,native,,,192,
2401,344,known,5416,,seeding,295,seeds/m2,PLS,native,,,192,
2402,344,known,5577,,seeding,33,seeds/m2,PLS,native,,,192,
2403,344,known,5582,,seeding,147,seeds/m2,PLS,native,,,192,
2404,344,known,5583,,seeding,42,seeds/m2,PLS,native,,,192,
2405,344,known,5585,,seeding,91,seeds/m2,PLS,native,,,192,
2406,344,known,5698,,seeding,14,seeds/m2,PLS,native,,,192,
2407,344,known,5763,,seeding,117,seeds/m2,PLS,native,,,192,
2408,344,known,5901,,seeding,237,seeds/m2,PLS,native,,,192,
2409,344,known,5952,,seeding,35,seeds/m2,PLS,native,,,192,
2410,345,known,387,,seeding,309,seeds/m2,PLS,native,,,193,
2411,345,known,469,,seeding,102,seeds/m2,PLS,exotic,,,193,
2412,345,known,484,,seeding,1328,seeds/m2,PLS,native,,,193,
2413,345,known,712,,seeding,93,seeds/m2,PLS,native,,,193,
2414,345,known,1102,,seeding,12,seeds/m2,PLS,native,,,193,
2415,345,known,1686,,seeding,83,seeds/m2,PLS,native,,,193,
2416,345,known,1741,,seeding,41,seeds/m2,PLS,native,,,193,
2417,345,known,2640,,seeding,66,seeds/m2,PLS,native,,,193,
2418,345,known,2887,,seeding,9,seeds/m2,PLS,exotic,,,193,
2419,345,known,5415,,seeding,105,seeds/m2,PLS,native,,,193,
2420,345,known,5416,,seeding,295,seeds/m2,PLS,native,,,193,
2421,345,known,5577,,seeding,52,seeds/m2,PLS,native,,,193,
2422,345,known,5582,,seeding,147,seeds/m2,PLS,native,,,193,
2423,345,known,5583,,seeding,69,seeds/m2,PLS,native,,,193,
2424,345,known,5585,,seeding,91,seeds/m2,PLS,native,,,193,
2425,345,known,5698,,seeding,14,seeds/m2,PLS,native,,,193,
2426,345,known,5763,,seeding,117,seeds/m2,PLS,native,,,193,
2427,345,known,5901,,seeding,237,seeds/m2,PLS,native,,,193,
2428,345,known,5952,,seeding,35,seeds/m2,PLS,native,,,193,
2429,346,known,387,,seeding,429,seeds/m2,PLS,native,,,194,
2430,346,known,465,,seeding,1049,seeds/m2,PLS,native,,,194,
2431,346,known,484,,seeding,86,seeds/m2,PLS,native,,,194,
2432,346,known,712,,seeding,47,seeds/m2,PLS,native,,,194,
2433,346,known,1686,,seeding,30,seeds/m2,PLS,native,,,194,
2434,346,known,1741,,seeding,10,seeds/m2,PLS,native,,,194,
2435,346,known,2640,,seeding,70,seeds/m2,PLS,native,,,194,
2436,346,known,3010,,seeding,1,seeds/m2,PLS,native,,,194,
2437,346,known,4575,,seeding,8,seeds/m2,PLS,native,,,194,
2438,346,known,5415,,seeding,58,seeds/m2,PLS,native,,,194,
2439,346,known,5416,,seeding,86,seeds/m2,PLS,native,,,194,
2440,346,known,5573,,seeding,30,seeds/m2,PLS,native,,,194,
2441,346,known,5577,,seeding,33,seeds/m2,PLS,native,,,194,
2442,346,known,5582,,seeding,171,seeds/m2,PLS,native,,,194,
2443,346,known,5583,,seeding,69,seeds/m2,PLS,native,,,194,
2444,346,known,5585,,seeding,50,seeds/m2,PLS,native,,,194,
2445,346,known,5763,,seeding,79,seeds/m2,PLS,native,,,194,
2446,346,known,5901,,seeding,86,seeds/m2,PLS,native,,,194,
2447,346,known,5952,,seeding,49,seeds/m2,PLS,native,,,194,
2448,346,known,6517,,seeding,4,seeds/m2,PLS,native,,,194,
2449,347,known,387,,seeding,441,seeds/m2,PLS,native,,,195,
2450,347,known,469,,seeding,744,seeds/m2,PLS,exotic,,,195,
2451,347,known,484,,seeding,1432,seeds/m2,PLS,native,,,195,
2452,347,known,712,,seeding,190,seeds/m2,PLS,native,,,195,
2453,347,known,1686,,seeding,30,seeds/m2,PLS,native,,,195,
2454,347,known,1741,,seeding,38,seeds/m2,PLS,native,,,195,
2455,347,known,2640,,seeding,53,seeds/m2,PLS,native,,,195,
2456,347,known,3082,,seeding,2,seeds/m2,PLS,exotic,,,195,
2457,347,known,4575,,seeding,20,seeds/m2,PLS,native,,,195,
2458,347,known,5416,,seeding,91,seeds/m2,PLS,native,,,195,
2459,347,known,5485,,seeding,224,seeds/m2,PLS,native,,,195,
2460,347,known,5577,,seeding,33,seeds/m2,PLS,native,,,195,
2461,347,known,5582,,seeding,86,seeds/m2,PLS,native,,,195,
2462,347,known,5583,,seeding,42,seeds/m2,PLS,native,,,195,
2463,347,known,5585,,seeding,50,seeds/m2,PLS,native,,,195,
2464,347,known,5763,,seeding,79,seeds/m2,PLS,native,,,195,
2465,347,known,5801,,seeding,96,seeds/m2,PLS,native,,,195,
2466,348,known,387,,seeding,378,seeds/m2,PLS,native,,,196,
2467,348,known,457,,seeding,38,seeds/m2,PLS,native,,,196,
2468,348,known,469,,seeding,285,seeds/m2,PLS,exotic,,,196,
2469,348,known,484,,seeding,1298,seeds/m2,PLS,native,,,196,
2470,348,known,712,,seeding,93,seeds/m2,PLS,native,,,196,
2471,348,known,1686,,seeding,30,seeds/m2,PLS,native,,,196,
2472,348,known,1741,,seeding,30,seeds/m2,PLS,native,,,196,
2473,348,known,2041,,seeding,7,seeds/m2,PLS,native,,,196,
2474,348,known,2640,,seeding,53,seeds/m2,PLS,native,,,196,
2475,348,known,3082,,seeding,3,seeds/m2,PLS,exotic,,,196,
2476,348,known,5568,,seeding,12,seeds/m2,PLS,native,,,196,
2477,348,known,5577,,seeding,33,seeds/m2,PLS,native,,,196,
2478,348,known,5582,,seeding,169,seeds/m2,PLS,native,,,196,
2479,348,known,5583,,seeding,42,seeds/m2,PLS,native,,,196,
2480,348,known,5585,,seeding,66,seeds/m2,PLS,native,,,196,
2481,348,known,5707,,seeding,61,seeds/m2,PLS,native,,,196,
2482,348,known,5763,,seeding,155,seeds/m2,PLS,native,,,196,
2483,348,known,5801,,seeding,90,seeds/m2,PLS,native,,,196,
2484,349,known,276,,seeding,16,seeds/m2,PLS,native,,,197,
2485,349,known,469,,seeding,183,seeds/m2,PLS,exotic,,,197,
2486,349,known,484,,seeding,190,seeds/m2,PLS,native,,,197,
2487,349,known,692,,seeding,60,seeds/m2,PLS,native,,,197,
2488,349,known,712,,seeding,14,seeds/m2,PLS,native,,,197,
2489,349,known,1686,,seeding,13,seeds/m2,PLS,native,,,197,
2490,349,known,2640,,seeding,29,seeds/m2,PLS,native,,,197,
2491,349,known,5416,,seeding,41,seeds/m2,PLS,native,,,197,
2492,349,known,5485,,seeding,135,seeds/m2,PLS,native,,,197,
2493,349,known,5573,,seeding,13,seeds/m2,PLS,native,,,197,
2494,349,known,5583,,seeding,13,seeds/m2,PLS,native,,,197,
2495,349,known,5765,,seeding,27,seeds/m2,PLS,native,,,197,
2496,349,known,5901,,seeding,46,seeds/m2,PLS,native,,,197,
2497,349,known,5952,,seeding,11,seeds/m2,PLS,native,,,197,
2498,350,known,276,,seeding,16,seeds/m2,PLS,native,,,198,
2499,350,known,469,,seeding,183,seeds/m2,PLS,exotic,,,198,
2500,350,known,484,,seeding,190,seeds/m2,PLS,native,,,198,
2501,350,known,692,,seeding,60,seeds/m2,PLS,native,,,198,
2502,350,known,712,,seeding,14,seeds/m2,PLS,native,,,198,
2503,350,known,1686,,seeding,13,seeds/m2,PLS,native,,,198,
2504,350,known,2640,,seeding,29,seeds/m2,PLS,native,,,198,
2505,350,known,5416,,seeding,41,seeds/m2,PLS,native,,,198,
2506,350,known,5485,,seeding,135,seeds/m2,PLS,native,,,198,
2507,350,known,5573,,seeding,13,seeds/m2,PLS,native,,,198,
2508,350,known,5583,,seeding,13,seeds/m2,PLS,native,,,198,
2509,350,known,5765,,seeding,27,seeds/m2,PLS,native,,,198,
2510,350,known,5901,,seeding,46,seeds/m2,PLS,native,,,198,
2511,350,known,5952,,seeding,11,seeds/m2,PLS,native,,,198,
2512,351,known,387,,seeding,255,seeds/m2,PLS,native,,,199,
2513,351,known,465,,seeding,1250,seeds/m2,PLS,native,,,199,
2514,351,known,484,,seeding,772,seeds/m2,PLS,native,,,199,
2515,351,known,712,,seeding,83,seeds/m2,PLS,native,,,199,
2516,351,known,1686,,seeding,56,seeds/m2,PLS,native,,,199,
2517,351,known,1741,,seeding,18,seeds/m2,PLS,native,,,199,
2518,351,known,2640,,seeding,101,seeds/m2,PLS,native,,,199,
2519,351,known,5577,,seeding,62,seeds/m2,PLS,native,,,199,
2520,351,known,5582,,seeding,162,seeds/m2,PLS,native,,,199,
2521,351,known,5583,,seeding,79,seeds/m2,PLS,native,,,199,
2522,351,known,5585,,seeding,95,seeds/m2,PLS,native,,,199,
2523,351,known,5763,,seeding,149,seeds/m2,PLS,native,,,199,
2524,352,known,276,,seeding,15,seeds/m2,PLS,native,,,200,
2525,352,known,465,,seeding,980,seeds/m2,PLS,native,,,200,
2526,352,known,484,,seeding,1081,seeds/m2,PLS,native,,,200,
2527,352,known,712,,seeding,93,seeds/m2,PLS,native,,,200,
2528,352,known,1686,,seeding,10,seeds/m2,PLS,native,,,200,
2529,352,known,2640,,seeding,70,seeds/m2,PLS,native,,,200,
2530,352,known,5416,,seeding,129,seeds/m2,PLS,native,,,200,
2531,352,known,5485,,seeding,155,seeds/m2,PLS,native,,,200,
2532,352,known,5573,,seeding,24,seeds/m2,PLS,native,,,200,
2533,352,known,5583,,seeding,28,seeds/m2,PLS,native,,,200,
2534,352,known,5765,,seeding,63,seeds/m2,PLS,native,,,200,
2535,352,known,5901,,seeding,129,seeds/m2,PLS,native,,,200,
2536,352,known,5952,,seeding,25,seeds/m2,PLS,native,,,200,
2537,353,known,387,,seeding,286,seeds/m2,PLS,native,,,201,
2538,353,known,465,,seeding,701,seeds/m2,PLS,native,,,201,
2539,353,known,712,,seeding,47,seeds/m2,PLS,native,,,201,
2540,353,known,1686,,seeding,30,seeds/m2,PLS,native,,,201,
2541,353,known,1741,,seeding,10,seeds/m2,PLS,native,,,201,
2542,353,known,2640,,seeding,70,seeds/m2,PLS,native,,,201,
2543,353,known,5577,,seeding,33,seeds/m2,PLS,native,,,201,
2544,353,known,5582,,seeding,86,seeds/m2,PLS,native,,,201,
2545,353,known,5583,,seeding,42,seeds/m2,PLS,native,,,201,
2546,353,known,5585,,seeding,50,seeds/m2,PLS,native,,,201,
2547,353,known,5763,,seeding,79,seeds/m2,PLS,native,,,201,
2548,354,known,276,,seeding,15,seeds/m2,PLS,native,,,202,
2549,354,known,465,,seeding,980,seeds/m2,PLS,native,,,202,
2550,354,known,484,,seeding,1081,seeds/m2,PLS,native,,,202,
2551,354,known,712,,seeding,93,seeds/m2,PLS,native,,,202,
2552,354,known,1686,,seeding,10,seeds/m2,PLS,native,,,202,
2553,354,known,2640,,seeding,70,seeds/m2,PLS,native,,,202,
2554,354,known,5416,,seeding,129,seeds/m2,PLS,native,,,202,
2555,354,known,5485,,seeding,155,seeds/m2,PLS,native,,,202,
2556,354,known,5573,,seeding,24,seeds/m2,PLS,native,,,202,
2557,354,known,5583,,seeding,28,seeds/m2,PLS,native,,,202,
2558,354,known,5765,,seeding,63,seeds/m2,PLS,native,,,202,
2559,354,known,5901,,seeding,129,seeds/m2,PLS,native,,,202,
2560,354,known,5952,,seeding,25,seeds/m2,PLS,native,,,202,
2561,355,known,387,,seeding,86,seeds/m2,PLS,native,,,203,
2562,355,known,469,,seeding,153,seeds/m2,PLS,exotic,,,203,
2563,355,known,484,,seeding,260,seeds/m2,PLS,native,,,203,
2564,355,known,1102,,seeding,85,seeds/m2,PLS,native,,,203,
2565,355,known,1686,,seeding,35,seeds/m2,PLS,native,,,203,
2566,355,known,1741,,seeding,5,seeds/m2,PLS,native,,,203,
2567,355,known,2861,,seeding,91,seeds/m2,PLS,exotic,,,203,
2568,355,known,5577,,seeding,22,seeds/m2,PLS,native,,,203,
2569,355,known,5582,,seeding,75,seeds/m2,PLS,native,,,203,
2570,355,known,5583,,seeding,14,seeds/m2,PLS,native,,,203,
2571,355,known,5698,,seeding,103,seeds/m2,PLS,native,,,203,
2572,355,known,5763,,seeding,98,seeds/m2,PLS,native,,,203,
2573,355,known,5765,,seeding,29,seeds/m2,PLS,native,,,203,
2574,356,known,387,,seeding,86,seeds/m2,PLS,native,,,204,
2575,356,known,469,,seeding,153,seeds/m2,PLS,exotic,,,204,
2576,356,known,484,,seeding,260,seeds/m2,PLS,native,,,204,
2577,356,known,1102,,seeding,85,seeds/m2,PLS,native,,,204,
2578,356,known,1686,,seeding,35,seeds/m2,PLS,native,,,204,
2579,356,known,1741,,seeding,5,seeds/m2,PLS,native,,,204,
2580,356,known,2861,,seeding,91,seeds/m2,PLS,exotic,,,204,
2581,356,known,5577,,seeding,22,seeds/m2,PLS,native,,,204,
2582,356,known,5582,,seeding,75,seeds/m2,PLS,native,,,204,
2583,356,known,5583,,seeding,14,seeds/m2,PLS,native,,,204,
2584,356,known,5698,,seeding,103,seeds/m2,PLS,native,,,204,
2585,356,known,5763,,seeding,98,seeds/m2,PLS,native,,,204,
2586,356,known,5765,,seeding,29,seeds/m2,PLS,native,,,204,
2587,357,known,387,,seeding,401,seeds/m2,PLS,native,,,205,
2588,357,known,465,,seeding,701,seeds/m2,PLS,native,,,205,
2589,357,known,484,,seeding,87,seeds/m2,PLS,native,,,205,
2590,357,known,712,,seeding,47,seeds/m2,PLS,native,,,205,
2591,357,known,1686,,seeding,39,seeds/m2,PLS,native,,,205,
2592,357,known,1741,,seeding,20,seeds/m2,PLS,native,,,205,
2593,357,known,2640,,seeding,77,seeds/m2,PLS,native,,,205,
2594,357,known,2887,,seeding,12,seeds/m2,PLS,exotic,,,205,
2595,357,known,5415,,seeding,23,seeds/m2,PLS,native,,,205,
2596,357,known,5416,,seeding,17,seeds/m2,PLS,native,,,205,
2597,357,known,5577,,seeding,33,seeds/m2,PLS,native,,,205,
2598,357,known,5582,,seeding,171,seeds/m2,PLS,native,,,205,
2599,357,known,5583,,seeding,69,seeds/m2,PLS,native,,,205,
2600,357,known,5585,,seeding,100,seeds/m2,PLS,native,,,205,
2601,357,known,5763,,seeding,118,seeds/m2,PLS,native,,,205,
2602,357,known,5952,,seeding,25,seeds/m2,PLS,native,,,205,
2603,358,known,387,,seeding,86,seeds/m2,PLS,native,,,206,
2604,358,known,469,,seeding,153,seeds/m2,PLS,exotic,,,206,
2605,358,known,484,,seeding,260,seeds/m2,PLS,native,,,206,
2606,358,known,1102,,seeding,85,seeds/m2,PLS,native,,,206,
2607,358,known,1686,,seeding,35,seeds/m2,PLS,native,,,206,
2608,358,known,1741,,seeding,5,seeds/m2,PLS,native,,,206,
2609,358,known,2861,,seeding,91,seeds/m2,PLS,exotic,,,206,
2610,358,known,5577,,seeding,22,seeds/m2,PLS,native,,,206,
2611,358,known,5582,,seeding,75,seeds/m2,PLS,native,,,206,
2612,358,known,5583,,seeding,14,seeds/m2,PLS,native,,,206,
2613,358,known,5698,,seeding,103,seeds/m2,PLS,native,,,206,
2614,358,known,5763,,seeding,98,seeds/m2,PLS,native,,,206,
2615,358,known,5765,,seeding,29,seeds/m2,PLS,native,,,206,
2616,359,known,276,,seeding,16,seeds/m2,PLS,native,,,207,
2617,359,known,469,,seeding,183,seeds/m2,PLS,exotic,,,207,
2618,359,known,484,,seeding,190,seeds/m2,PLS,native,,,207,
2619,359,known,712,,seeding,14,seeds/m2,PLS,native,,,207,
2620,359,known,1102,,seeding,222,seeds/m2,PLS,native,,,207,
2621,359,known,1686,,seeding,13,seeds/m2,PLS,native,,,207,
2622,359,known,2640,,seeding,29,seeds/m2,PLS,native,,,207,
2623,359,known,5416,,seeding,41,seeds/m2,PLS,native,,,207,
2624,359,known,5485,,seeding,135,seeds/m2,PLS,native,,,207,
2625,359,known,5573,,seeding,13,seeds/m2,PLS,native,,,207,
2626,359,known,5583,,seeding,13,seeds/m2,PLS,native,,,207,
2627,359,known,5765,,seeding,27,seeds/m2,PLS,native,,,207,
2628,359,known,5901,,seeding,46,seeds/m2,PLS,native,,,207,
2629,359,known,5952,,seeding,11,seeds/m2,PLS,native,,,207,
2630,360,known,484,,seeding,54,seeds/m2,PLS,native,,,208,
2631,360,known,1686,,seeding,20,seeds/m2,PLS,native,,,208,
2632,360,known,1741,,seeding,10,seeds/m2,PLS,native,,,208,
2633,360,known,2640,,seeding,9,seeds/m2,PLS,native,,,208,
2634,360,known,2887,,seeding,18,seeds/m2,PLS,exotic,,,208,
2635,360,known,5416,,seeding,172,seeds/m2,PLS,native,,,208,
2636,360,known,5577,,seeding,43,seeds/m2,PLS,native,,,208,
2637,360,known,5582,,seeding,171,seeds/m2,PLS,native,,,208,
2638,360,known,5583,,seeding,83,seeds/m2,PLS,native,,,208,
2639,360,known,5585,,seeding,100,seeds/m2,PLS,native,,,208,
2640,360,known,5763,,seeding,118,seeds/m2,PLS,native,,,208,
2641,360,known,5765,,seeding,63,seeds/m2,PLS,native,,,208,
2642,360,known,5932,,seeding,431,seeds/m2,PLS,native,,,208,
2643,361,known,484,,seeding,54,seeds/m2,PLS,native,,,209,
2644,361,known,1686,,seeding,20,seeds/m2,PLS,native,,,209,
2645,361,known,2640,,seeding,9,seeds/m2,PLS,native,,,209,
2646,361,known,2887,,seeding,18,seeds/m2,PLS,exotic,,,209,
2647,361,known,5416,,seeding,172,seeds/m2,PLS,native,,,209,
2648,361,known,5577,,seeding,43,seeds/m2,PLS,native,,,209,
2649,361,known,5582,,seeding,171,seeds/m2,PLS,native,,,209,
2650,361,known,5583,,seeding,83,seeds/m2,PLS,native,,,209,
2651,361,known,5585,,seeding,100,seeds/m2,PLS,native,,,209,
2652,361,known,5763,,seeding,118,seeds/m2,PLS,native,,,209,
2653,361,known,5765,,seeding,32,seeds/m2,PLS,native,,,209,
2654,361,known,5932,,seeding,431,seeds/m2,PLS,native,,,209,
2655,362,known,387,,seeding,286,seeds/m2,PLS,native,,,210,
2656,362,known,469,,seeding,1019,seeds/m2,PLS,exotic,,,210,
2657,362,known,484,,seeding,1298,seeds/m2,PLS,native,,,210,
2658,362,known,712,,seeding,93,seeds/m2,PLS,native,,,210,
2659,362,known,1686,,seeding,30,seeds/m2,PLS,native,,,210,
2660,362,known,1741,,seeding,20,seeds/m2,PLS,native,,,210,
2661,362,known,2640,,seeding,70,seeds/m2,PLS,native,,,210,
2662,362,known,5577,,seeding,33,seeds/m2,PLS,native,,,210,
2663,362,known,5582,,seeding,86,seeds/m2,PLS,native,,,210,
2664,362,known,5583,,seeding,42,seeds/m2,PLS,native,,,210,
2665,362,known,5585,,seeding,50,seeds/m2,PLS,native,,,210,
2666,362,known,5763,,seeding,79,seeds/m2,PLS,native,,,210,
2667,363,known,387,,seeding,255,seeds/m2,PLS,native,,,211,
2668,363,known,465,,seeding,1250,seeds/m2,PLS,native,,,211,
2669,363,known,484,,seeding,772,seeds/m2,PLS,native,,,211,
2670,363,known,712,,seeding,83,seeds/m2,PLS,native,,,211,
2671,363,known,1686,,seeding,26,seeds/m2,PLS,native,,,211,
2672,363,known,1741,,seeding,18,seeds/m2,PLS,native,,,211,
2673,363,known,2640,,seeding,31,seeds/m2,PLS,native,,,211,
2674,363,known,5577,,seeding,29,seeds/m2,PLS,native,,,211,
2675,363,known,5582,,seeding,76,seeds/m2,PLS,native,,,211,
2676,363,known,5583,,seeding,37,seeds/m2,PLS,native,,,211,
2677,363,known,5585,,seeding,45,seeds/m2,PLS,native,,,211,
2678,363,known,5763,,seeding,70,seeds/m2,PLS,native,,,211,
2679,364,known,387,,seeding,85,seeds/m2,PLS,native,,,212,
2680,364,known,469,,seeding,151,seeds/m2,PLS,exotic,,,212,
2681,364,known,484,,seeding,256,seeds/m2,PLS,native,,,212,
2682,364,known,712,,seeding,23,seeds/m2,PLS,native,,,212,
2683,364,known,1102,,seeding,85,seeds/m2,PLS,native,,,212,
2684,364,known,1686,,seeding,35,seeds/m2,PLS,native,,,212,
2685,364,known,1741,,seeding,15,seeds/m2,PLS,native,,,212,
2686,364,known,2861,,seeding,91,seeds/m2,PLS,exotic,,,212,
2687,364,known,5577,,seeding,22,seeds/m2,PLS,native,,,212,
2688,364,known,5582,,seeding,75,seeds/m2,PLS,native,,,212,
2689,364,known,5583,,seeding,14,seeds/m2,PLS,native,,,212,
2690,364,known,5698,,seeding,103,seeds/m2,PLS,native,,,212,
2691,364,known,5763,,seeding,98,seeds/m2,PLS,native,,,212,
2692,364,known,5765,,seeding,29,seeds/m2,PLS,native,,,212,
2693,365,known,387,,seeding,85,seeds/m2,PLS,native,,,213,
2694,365,known,469,,seeding,151,seeds/m2,PLS,exotic,,,213,
2695,365,known,484,,seeding,256,seeds/m2,PLS,native,,,213,
2696,365,known,712,,seeding,23,seeds/m2,PLS,native,,,213,
2697,365,known,1102,,seeding,85,seeds/m2,PLS,native,,,213,
2698,365,known,1686,,seeding,35,seeds/m2,PLS,native,,,213,
2699,365,known,1741,,seeding,15,seeds/m2,PLS,native,,,213,
2700,365,known,2861,,seeding,91,seeds/m2,PLS,exotic,,,213,
2701,365,known,5577,,seeding,22,seeds/m2,PLS,native,,,213,
2702,365,known,5582,,seeding,75,seeds/m2,PLS,native,,,213,
2703,365,known,5583,,seeding,14,seeds/m2,PLS,native,,,213,
2704,365,known,5698,,seeding,103,seeds/m2,PLS,native,,,213,
2705,365,known,5763,,seeding,98,seeds/m2,PLS,native,,,213,
2706,365,known,5765,,seeding,29,seeds/m2,PLS,native,,,213,
2707,366,known,387,,seeding,85,seeds/m2,PLS,native,,,214,
2708,366,known,469,,seeding,151,seeds/m2,PLS,exotic,,,214,
2709,366,known,484,,seeding,256,seeds/m2,PLS,native,,,214,
2710,366,known,712,,seeding,23,seeds/m2,PLS,native,,,214,
2711,366,known,1102,,seeding,85,seeds/m2,PLS,native,,,214,
2712,366,known,1686,,seeding,35,seeds/m2,PLS,native,,,214,
2713,366,known,1741,,seeding,15,seeds/m2,PLS,native,,,214,
2714,366,known,2861,,seeding,91,seeds/m2,PLS,exotic,,,214,
2715,366,known,5577,,seeding,22,seeds/m2,PLS,native,,,214,
2716,366,known,5582,,seeding,75,seeds/m2,PLS,native,,,214,
2717,366,known,5583,,seeding,14,seeds/m2,PLS,native,,,214,
2718,366,known,5698,,seeding,103,seeds/m2,PLS,native,,,214,
2719,366,known,5763,,seeding,98,seeds/m2,PLS,native,,,214,
2720,366,known,5765,,seeding,29,seeds/m2,PLS,native,,,214,
2721,367,known,387,,seeding,85,seeds/m2,PLS,native,,,215,
2722,367,known,469,,seeding,151,seeds/m2,PLS,exotic,,,215,
2723,367,known,484,,seeding,256,seeds/m2,PLS,native,,,215,
2724,367,known,712,,seeding,23,seeds/m2,PLS,native,,,215,
2725,367,known,1102,,seeding,85,seeds/m2,PLS,native,,,215,
2726,367,known,1686,,seeding,35,seeds/m2,PLS,native,,,215,
2727,367,known,1741,,seeding,15,seeds/m2,PLS,native,,,215,
2728,367,known,2861,,seeding,91,seeds/m2,PLS,exotic,,,215,
2729,367,known,5577,,seeding,22,seeds/m2,PLS,native,,,215,
2730,367,known,5582,,seeding,75,seeds/m2,PLS,native,,,215,
2731,367,known,5583,,seeding,14,seeds/m2,PLS,native,,,215,
2732,367,known,5698,,seeding,103,seeds/m2,PLS,native,,,215,
2733,367,known,5763,,seeding,98,seeds/m2,PLS,native,,,215,
2734,367,known,5765,,seeding,29,seeds/m2,PLS,native,,,215,
2735,368,known,387,,seeding,429,seeds/m2,PLS,native,,,216,
2736,368,known,465,,seeding,1049,seeds/m2,PLS,native,,,216,
2737,368,known,484,,seeding,86,seeds/m2,PLS,native,,,216,
2738,368,known,712,,seeding,47,seeds/m2,PLS,native,,,216,
2739,368,known,1686,,seeding,30,seeds/m2,PLS,native,,,216,
2740,368,known,1741,,seeding,10,seeds/m2,PLS,native,,,216,
2741,368,known,2640,,seeding,70,seeds/m2,PLS,native,,,216,
2742,368,known,3010,,seeding,1,seeds/m2,PLS,native,,,216,
2743,368,known,4575,,seeding,8,seeds/m2,PLS,native,,,216,
2744,368,known,5415,,seeding,58,seeds/m2,PLS,native,,,216,
2745,368,known,5416,,seeding,86,seeds/m2,PLS,native,,,216,
2746,368,known,5573,,seeding,30,seeds/m2,PLS,native,,,216,
2747,368,known,5577,,seeding,33,seeds/m2,PLS,native,,,216,
2748,368,known,5582,,seeding,171,seeds/m2,PLS,native,,,216,
2749,368,known,5583,,seeding,69,seeds/m2,PLS,native,,,216,
2750,368,known,5585,,seeding,50,seeds/m2,PLS,native,,,216,
2751,368,known,5763,,seeding,79,seeds/m2,PLS,native,,,216,
2752,368,known,5901,,seeding,86,seeds/m2,PLS,native,,,216,
2753,368,known,5952,,seeding,49,seeds/m2,PLS,native,,,216,
2754,368,known,6517,,seeding,4,seeds/m2,PLS,native,,,216,
2755,369,known,387,,seeding,85,seeds/m2,PLS,native,,,217,
2756,369,known,469,,seeding,151,seeds/m2,PLS,exotic,,,217,
2757,369,known,484,,seeding,256,seeds/m2,PLS,native,,,217,
2758,369,known,712,,seeding,23,seeds/m2,PLS,native,,,217,
2759,369,known,1102,,seeding,85,seeds/m2,PLS,native,,,217,
2760,369,known,1686,,seeding,35,seeds/m2,PLS,native,,,217,
2761,369,known,1741,,seeding,15,seeds/m2,PLS,native,,,217,
2762,369,known,2861,,seeding,91,seeds/m2,PLS,exotic,,,217,
2763,369,known,5577,,seeding,22,seeds/m2,PLS,native,,,217,
2764,369,known,5582,,seeding,75,seeds/m2,PLS,native,,,217,
2765,369,known,5583,,seeding,14,seeds/m2,PLS,native,,,217,
2766,369,known,5698,,seeding,103,seeds/m2,PLS,native,,,217,
2767,369,known,5763,,seeding,98,seeds/m2,PLS,native,,,217,
2768,369,known,5765,,seeding,29,seeds/m2,PLS,native,,,217,
2769,370,known,387,,seeding,85,seeds/m2,PLS,native,,,218,
2770,370,known,469,,seeding,151,seeds/m2,PLS,exotic,,,218,
2771,370,known,484,,seeding,256,seeds/m2,PLS,native,,,218,
2772,370,known,712,,seeding,23,seeds/m2,PLS,native,,,218,
2773,370,known,1102,,seeding,85,seeds/m2,PLS,native,,,218,
2774,370,known,1686,,seeding,35,seeds/m2,PLS,native,,,218,
2775,370,known,1741,,seeding,15,seeds/m2,PLS,native,,,218,
2776,370,known,2861,,seeding,91,seeds/m2,PLS,exotic,,,218,
2777,370,known,5577,,seeding,22,seeds/m2,PLS,native,,,218,
2778,370,known,5582,,seeding,75,seeds/m2,PLS,native,,,218,
2779,370,known,5583,,seeding,14,seeds/m2,PLS,native,,,218,
2780,370,known,5698,,seeding,103,seeds/m2,PLS,native,,,218,
2781,370,known,5763,,seeding,98,seeds/m2,PLS,native,,,218,
2782,370,known,5765,,seeding,29,seeds/m2,PLS,native,,,218,
2783,371,known,276,,seeding,1,seeds/m2,PLS,native,,,219,
2784,371,known,484,,seeding,219,seeds/m2,PLS,native,,,219,
2785,371,known,712,,seeding,47,seeds/m2,PLS,native,,,219,
2786,371,known,1686,,seeding,20,seeds/m2,PLS,native,,,219,
2787,371,known,1687,,seeding,7,seeds/m2,PLS,native,,,219,
2788,371,known,1741,,seeding,31,seeds/m2,PLS,native,,,219,
2789,371,known,4275,,seeding,13,seeds/m2,PLS,native,,,219,
2790,371,known,5416,,seeding,86,seeds/m2,PLS,native,,,219,
2791,371,known,5582,,seeding,85,seeds/m2,PLS,native,,,219,
2792,371,known,5901,,seeding,86,seeds/m2,PLS,native,,,219,
2793,372,known,276,,seeding,1,seeds/m2,PLS,native,,,220,
2794,372,known,484,,seeding,219,seeds/m2,PLS,native,,,220,
2795,372,known,712,,seeding,47,seeds/m2,PLS,native,,,220,
2796,372,known,1686,,seeding,20,seeds/m2,PLS,native,,,220,
2797,372,known,1687,,seeding,7,seeds/m2,PLS,native,,,220,
2798,372,known,1741,,seeding,31,seeds/m2,PLS,native,,,220,
2799,372,known,4275,,seeding,13,seeds/m2,PLS,native,,,220,
2800,372,known,5416,,seeding,86,seeds/m2,PLS,native,,,220,
2801,372,known,5582,,seeding,85,seeds/m2,PLS,native,,,220,
2802,372,known,5901,,seeding,86,seeds/m2,PLS,native,,,220,
2803,373,known,387,,seeding,80,seeds/m2,PLS,native,,,221,
2804,373,known,484,,seeding,58,seeds/m2,PLS,native,,,221,
2805,373,known,1102,,seeding,5,seeds/m2,PLS,native,,,221,
2806,373,known,1686,,seeding,13,seeds/m2,PLS,native,,,221,
2807,373,known,1741,,seeding,9,seeds/m2,PLS,native,,,221,
2808,373,known,2640,,seeding,10,seeds/m2,PLS,native,,,221,
2809,373,known,2887,,seeding,11,seeds/m2,PLS,exotic,,,221,
2810,373,known,5415,,seeding,59,seeds/m2,PLS,native,,,221,
2811,373,known,5416,,seeding,136,seeds/m2,PLS,native,,,221,
2812,373,known,5582,,seeding,78,seeds/m2,PLS,native,,,221,
2813,373,known,5583,,seeding,17,seeds/m2,PLS,native,,,221,
2814,373,known,5585,,seeding,48,seeds/m2,PLS,native,,,221,
2815,373,known,5698,,seeding,6,seeds/m2,PLS,native,,,221,
2816,373,known,5763,,seeding,40,seeds/m2,PLS,native,,,221,
2817,373,known,5901,,seeding,101,seeds/m2,PLS,native,,,221,
2818,373,known,5952,,seeding,30,seeds/m2,PLS,native,,,221,
2819,374,known,387,,seeding,29,seeds/m2,PLS,native,,,222,
2820,374,known,457,,seeding,8,seeds/m2,PLS,native,,,222,
2821,374,known,469,,seeding,10,seeds/m2,PLS,exotic,,,222,
2822,374,known,1102,,seeding,102,seeds/m2,PLS,native,,,222,
2823,374,known,1624,,seeding,9,seeds/m2,PLS,native,,,222,
2824,374,known,1686,,seeding,20,seeds/m2,PLS,native,,,222,
2825,374,known,2174,,seeding,14,seeds/m2,PLS,native,,,222,
2826,374,known,2640,,seeding,19,seeds/m2,PLS,native,,,222,
2827,374,known,2861,,seeding,121,seeds/m2,PLS,exotic,,,222,
2828,374,known,3082,,seeding,1,seeds/m2,PLS,exotic,,,222,
2829,374,known,5415,,seeding,59,seeds/m2,PLS,native,,,222,
2830,374,known,5568,,seeding,53,seeds/m2,PLS,native,,,222,
2831,374,known,5577,,seeding,27,seeds/m2,PLS,native,,,222,
2832,374,known,5582,,seeding,177,seeds/m2,PLS,native,,,222,
2833,374,known,5583,,seeding,35,seeds/m2,PLS,native,,,222,
2834,374,known,5585,,seeding,25,seeds/m2,PLS,native,,,222,
2835,374,known,5698,,seeding,27,seeds/m2,PLS,native,,,222,
2836,374,known,5763,,seeding,59,seeds/m2,PLS,native,,,222,
2837,374,known,5881,,seeding,248,seeds/m2,PLS,native,,,222,
2838,374,known,5952,,seeding,25,seeds/m2,PLS,native,,,222,
2839,374,known,6402,,seeding,12,seeds/m2,PLS,native,,,222,
2840,375,known,469,,seeding,51,seeds/m2,PLS,exotic,,,223,
2841,375,known,484,,seeding,26,seeds/m2,PLS,native,,,223,
2842,375,known,712,,seeding,23,seeds/m2,PLS,native,,,223,
2843,375,known,1686,,seeding,69,seeds/m2,PLS,native,,,223,
2844,375,known,1687,,seeding,11,seeds/m2,PLS,native,,,223,
2845,375,known,1741,,seeding,28,seeds/m2,PLS,native,,,223,
2846,375,known,5415,,seeding,19,seeds/m2,PLS,native,,,223,
2847,375,known,5416,,seeding,53,seeds/m2,PLS,native,,,223,
2848,375,known,5583,,seeding,26,seeds/m2,PLS,native,,,223,
2849,375,known,5901,,seeding,42,seeds/m2,PLS,native,,,223,
2850,375,known,5952,,seeding,28,seeds/m2,PLS,native,,,223,
2851,376,known,387,,seeding,23,seeds/m2,PLS,native,,,224,
2852,376,known,469,,seeding,10,seeds/m2,PLS,exotic,,,224,
2853,376,known,484,,seeding,13,seeds/m2,PLS,native,,,224,
2854,376,known,689,,seeding,0,seeds/m2,PLS,native,,,224,
2855,376,known,1102,,seeding,102,seeds/m2,PLS,native,,,224,
2856,376,known,1624,,seeding,9,seeds/m2,PLS,native,,,224,
2857,376,known,1686,,seeding,20,seeds/m2,PLS,native,,,224,
2858,376,known,2861,,seeding,121,seeds/m2,PLS,exotic,,,224,
2859,376,known,3082,,seeding,1,seeds/m2,PLS,exotic,,,224,
2860,376,known,4575,,seeding,5,seeds/m2,PLS,native,,,224,
2861,376,known,5415,,seeding,79,seeds/m2,PLS,native,,,224,
2862,376,known,5416,,seeding,442,seeds/m2,PLS,native,,,224,
2863,376,known,5577,,seeding,27,seeds/m2,PLS,native,,,224,
2864,376,known,5582,,seeding,141,seeds/m2,PLS,native,,,224,
2865,376,known,5583,,seeding,75,seeds/m2,PLS,native,,,224,
2866,376,known,5585,,seeding,25,seeds/m2,PLS,native,,,224,
2867,376,known,5763,,seeding,107,seeds/m2,PLS,native,,,224,
2868,376,known,5881,,seeding,174,seeds/m2,PLS,native,,,224,
2869,376,known,5901,,seeding,177,seeds/m2,PLS,native,,,224,
2870,376,known,5952,,seeding,69,seeds/m2,PLS,native,,,224,
2871,377,known,387,,seeding,23,seeds/m2,PLS,native,,,225,
2872,377,known,484,,seeding,13,seeds/m2,PLS,native,,,225,
2873,377,known,1102,,seeding,114,seeds/m2,PLS,native,,,225,
2874,377,known,1624,,seeding,9,seeds/m2,PLS,native,,,225,
2875,377,known,1686,,seeding,36,seeds/m2,PLS,native,,,225,
2876,377,known,1741,,seeding,7,seeds/m2,PLS,native,,,225,
2877,377,known,2640,,seeding,14,seeds/m2,PLS,native,,,225,
2878,377,known,2861,,seeding,121,seeds/m2,PLS,exotic,,,225,
2879,377,known,2887,,seeding,9,seeds/m2,PLS,exotic,,,225,
2880,377,known,3082,,seeding,1,seeds/m2,PLS,exotic,,,225,
2881,377,known,5415,,seeding,105,seeds/m2,PLS,native,,,225,
2882,377,known,5416,,seeding,295,seeds/m2,PLS,native,,,225,
2883,377,known,5577,,seeding,27,seeds/m2,PLS,native,,,225,
2884,377,known,5582,,seeding,125,seeds/m2,PLS,native,,,225,
2885,377,known,5583,,seeding,35,seeds/m2,PLS,native,,,225,
2886,377,known,5585,,seeding,66,seeds/m2,PLS,native,,,225,
2887,377,known,5698,,seeding,14,seeds/m2,PLS,native,,,225,
2888,377,known,5763,,seeding,97,seeds/m2,PLS,native,,,225,
2889,377,known,5881,,seeding,174,seeds/m2,PLS,native,,,225,
2890,377,known,5901,,seeding,237,seeds/m2,PLS,native,,,225,
2891,377,known,5952,,seeding,60,seeds/m2,PLS,native,,,225,
2892,378,known,387,,seeding,23,seeds/m2,PLS,native,,,226,
2893,378,known,484,,seeding,13,seeds/m2,PLS,native,,,226,
2894,378,known,1102,,seeding,12,seeds/m2,PLS,native,,,226,
2895,378,known,1686,,seeding,16,seeds/m2,PLS,native,,,226,
2896,378,known,1741,,seeding,7,seeds/m2,PLS,native,,,226,
2897,378,known,2640,,seeding,14,seeds/m2,PLS,native,,,226,
2898,378,known,2887,,seeding,9,seeds/m2,PLS,exotic,,,226,
2899,378,known,5415,,seeding,105,seeds/m2,PLS,native,,,226,
2900,378,known,5416,,seeding,295,seeds/m2,PLS,native,,,226,
2901,378,known,5582,,seeding,61,seeds/m2,PLS,native,,,226,
2902,378,known,5585,,seeding,41,seeds/m2,PLS,native,,,226,
2903,378,known,5698,,seeding,14,seeds/m2,PLS,native,,,226,
2904,378,known,5763,,seeding,38,seeds/m2,PLS,native,,,226,
2905,378,known,5901,,seeding,237,seeds/m2,PLS,native,,,226,
2906,378,known,5952,,seeding,35,seeds/m2,PLS,native,,,226,
2907,379,known,387,,seeding,401,seeds/m2,PLS,native,,,227,
2908,379,known,465,,seeding,701,seeds/m2,PLS,native,,,227,
2909,379,known,484,,seeding,87,seeds/m2,PLS,native,,,227,
2910,379,known,712,,seeding,47,seeds/m2,PLS,native,,,227,
2911,379,known,1686,,seeding,39,seeds/m2,PLS,native,,,227,
2912,379,known,1741,,seeding,20,seeds/m2,PLS,native,,,227,
2913,379,known,2640,,seeding,77,seeds/m2,PLS,native,,,227,
2914,379,known,2887,,seeding,12,seeds/m2,PLS,exotic,,,227,
2915,379,known,5415,,seeding,23,seeds/m2,PLS,native,,,227,
2916,379,known,5416,,seeding,17,seeds/m2,PLS,native,,,227,
2917,379,known,5577,,seeding,33,seeds/m2,PLS,native,,,227,
2918,379,known,5582,,seeding,171,seeds/m2,PLS,native,,,227,
2919,379,known,5583,,seeding,69,seeds/m2,PLS,native,,,227,
2920,379,known,5585,,seeding,100,seeds/m2,PLS,native,,,227,
2921,379,known,5763,,seeding,118,seeds/m2,PLS,native,,,227,
2922,379,known,5952,,seeding,25,seeds/m2,PLS,native,,,227,
2923,380,known,469,,seeding,51,seeds/m2,PLS,exotic,,,228,
2924,380,known,484,,seeding,26,seeds/m2,PLS,native,,,228,
2925,380,known,712,,seeding,23,seeds/m2,PLS,native,,,228,
2926,380,known,1102,,seeding,102,seeds/m2,PLS,native,,,228,
2927,380,known,1624,,seeding,9,seeds/m2,PLS,native,,,228,
2928,380,known,1686,,seeding,88,seeds/m2,PLS,native,,,228,
2929,380,known,1687,,seeding,11,seeds/m2,PLS,native,,,228,
2930,380,known,1741,,seeding,28,seeds/m2,PLS,native,,,228,
2931,380,known,2861,,seeding,121,seeds/m2,PLS,exotic,,,228,
2932,380,known,3082,,seeding,1,seeds/m2,PLS,exotic,,,228,
2933,380,known,5415,,seeding,19,seeds/m2,PLS,native,,,228,
2934,380,known,5416,,seeding,53,seeds/m2,PLS,native,,,228,
2935,380,known,5577,,seeding,27,seeds/m2,PLS,native,,,228,
2936,380,known,5582,,seeding,64,seeds/m2,PLS,native,,,228,
2937,380,known,5583,,seeding,60,seeds/m2,PLS,native,,,228,
2938,380,known,5585,,seeding,25,seeds/m2,PLS,native,,,228,
2939,380,known,5763,,seeding,59,seeds/m2,PLS,native,,,228,
2940,380,known,5881,,seeding,174,seeds/m2,PLS,native,,,228,
2941,380,known,5901,,seeding,42,seeds/m2,PLS,native,,,228,
2942,380,known,5952,,seeding,53,seeds/m2,PLS,native,,,228,
2943,381,known,387,,seeding,23,seeds/m2,PLS,native,,,229,
2944,381,known,469,,seeding,10,seeds/m2,PLS,exotic,,,229,
2945,381,known,484,,seeding,13,seeds/m2,PLS,native,,,229,
2946,381,known,689,,seeding,0,seeds/m2,PLS,native,,,229,
2947,381,known,1102,,seeding,102,seeds/m2,PLS,native,,,229,
2948,381,known,1624,,seeding,9,seeds/m2,PLS,native,,,229,
2949,381,known,1686,,seeding,20,seeds/m2,PLS,native,,,229,
2950,381,known,2861,,seeding,121,seeds/m2,PLS,exotic,,,229,
2951,381,known,3082,,seeding,1,seeds/m2,PLS,exotic,,,229,
2952,381,known,4575,,seeding,5,seeds/m2,PLS,native,,,229,
2953,381,known,5415,,seeding,79,seeds/m2,PLS,native,,,229,
2954,381,known,5416,,seeding,442,seeds/m2,PLS,native,,,229,
2955,381,known,5577,,seeding,27,seeds/m2,PLS,native,,,229,
2956,381,known,5582,,seeding,141,seeds/m2,PLS,native,,,229,
2957,381,known,5583,,seeding,75,seeds/m2,PLS,native,,,229,
2958,381,known,5585,,seeding,25,seeds/m2,PLS,native,,,229,
2959,381,known,5763,,seeding,107,seeds/m2,PLS,native,,,229,
2960,381,known,5881,,seeding,174,seeds/m2,PLS,native,,,229,
2961,381,known,5901,,seeding,177,seeds/m2,PLS,native,,,229,
2962,381,known,5952,,seeding,69,seeds/m2,PLS,native,,,229,
2963,382,known,387,,seeding,23,seeds/m2,PLS,native,,,230,
2964,382,known,469,,seeding,10,seeds/m2,PLS,exotic,,,230,
2965,382,known,484,,seeding,13,seeds/m2,PLS,native,,,230,
2966,382,known,689,,seeding,0,seeds/m2,PLS,native,,,230,
2967,382,known,1102,,seeding,102,seeds/m2,PLS,native,,,230,
2968,382,known,1624,,seeding,9,seeds/m2,PLS,native,,,230,
2969,382,known,1686,,seeding,20,seeds/m2,PLS,native,,,230,
2970,382,known,2861,,seeding,121,seeds/m2,PLS,exotic,,,230,
2971,382,known,3082,,seeding,1,seeds/m2,PLS,exotic,,,230,
2972,382,known,4575,,seeding,5,seeds/m2,PLS,native,,,230,
2973,382,known,5415,,seeding,79,seeds/m2,PLS,native,,,230,
2974,382,known,5416,,seeding,442,seeds/m2,PLS,native,,,230,
2975,382,known,5577,,seeding,27,seeds/m2,PLS,native,,,230,
2976,382,known,5582,,seeding,141,seeds/m2,PLS,native,,,230,
2977,382,known,5583,,seeding,75,seeds/m2,PLS,native,,,230,
2978,382,known,5585,,seeding,25,seeds/m2,PLS,native,,,230,
2979,382,known,5763,,seeding,107,seeds/m2,PLS,native,,,230,
2980,382,known,5881,,seeding,174,seeds/m2,PLS,native,,,230,
2981,382,known,5901,,seeding,177,seeds/m2,PLS,native,,,230,
2982,382,known,5952,,seeding,69,seeds/m2,PLS,native,,,230,
2983,383,known,387,,seeding,23,seeds/m2,PLS,native,,,231,
2984,383,known,469,,seeding,10,seeds/m2,PLS,exotic,,,231,
2985,383,known,484,,seeding,13,seeds/m2,PLS,native,,,231,
2986,383,known,689,,seeding,0,seeds/m2,PLS,native,,,231,
2987,383,known,1102,,seeding,102,seeds/m2,PLS,native,,,231,
2988,383,known,1624,,seeding,9,seeds/m2,PLS,native,,,231,
2989,383,known,1686,,seeding,20,seeds/m2,PLS,native,,,231,
2990,383,known,2861,,seeding,121,seeds/m2,PLS,exotic,,,231,
2991,383,known,3082,,seeding,1,seeds/m2,PLS,exotic,,,231,
2992,383,known,4575,,seeding,5,seeds/m2,PLS,native,,,231,
2993,383,known,5415,,seeding,79,seeds/m2,PLS,native,,,231,
2994,383,known,5416,,seeding,442,seeds/m2,PLS,native,,,231,
2995,383,known,5577,,seeding,27,seeds/m2,PLS,native,,,231,
2996,383,known,5582,,seeding,141,seeds/m2,PLS,native,,,231,
2997,383,known,5583,,seeding,75,seeds/m2,PLS,native,,,231,
2998,383,known,5585,,seeding,25,seeds/m2,PLS,native,,,231,
2999,383,known,5763,,seeding,107,seeds/m2,PLS,native,,,231,
3000,383,known,5881,,seeding,174,seeds/m2,PLS,native,,,231,
3001,383,known,5901,,seeding,177,seeds/m2,PLS,native,,,231,
3002,383,known,5952,,seeding,69,seeds/m2,PLS,native,,,231,
3003,384,known,387,,seeding,23,seeds/m2,PLS,native,,,232,
3004,384,known,484,,seeding,13,seeds/m2,PLS,native,,,232,
3005,384,known,1102,,seeding,114,seeds/m2,PLS,native,,,232,
3006,384,known,1624,,seeding,9,seeds/m2,PLS,native,,,232,
3007,384,known,1686,,seeding,36,seeds/m2,PLS,native,,,232,
3008,384,known,1741,,seeding,7,seeds/m2,PLS,native,,,232,
3009,384,known,2640,,seeding,14,seeds/m2,PLS,native,,,232,
3010,384,known,2861,,seeding,121,seeds/m2,PLS,exotic,,,232,
3011,384,known,2887,,seeding,9,seeds/m2,PLS,exotic,,,232,
3012,384,known,3082,,seeding,1,seeds/m2,PLS,exotic,,,232,
3013,384,known,5415,,seeding,105,seeds/m2,PLS,native,,,232,
3014,384,known,5416,,seeding,295,seeds/m2,PLS,native,,,232,
3015,384,known,5577,,seeding,27,seeds/m2,PLS,native,,,232,
3016,384,known,5582,,seeding,125,seeds/m2,PLS,native,,,232,
3017,384,known,5583,,seeding,35,seeds/m2,PLS,native,,,232,
3018,384,known,5585,,seeding,66,seeds/m2,PLS,native,,,232,
3019,384,known,5698,,seeding,14,seeds/m2,PLS,native,,,232,
3020,384,known,5763,,seeding,97,seeds/m2,PLS,native,,,232,
3021,384,known,5881,,seeding,174,seeds/m2,PLS,native,,,232,
3022,384,known,5901,,seeding,237,seeds/m2,PLS,native,,,232,
3023,384,known,5952,,seeding,60,seeds/m2,PLS,native,,,232,
3024,385,known,387,,seeding,85,seeds/m2,PLS,native,,,233,
3025,385,known,469,,seeding,151,seeds/m2,PLS,exotic,,,233,
3026,385,known,484,,seeding,256,seeds/m2,PLS,native,,,233,
3027,385,known,712,,seeding,23,seeds/m2,PLS,native,,,233,
3028,385,known,1102,,seeding,85,seeds/m2,PLS,native,,,233,
3029,385,known,1686,,seeding,35,seeds/m2,PLS,native,,,233,
3030,385,known,1741,,seeding,15,seeds/m2,PLS,native,,,233,
3031,385,known,2861,,seeding,91,seeds/m2,PLS,exotic,,,233,
3032,385,known,5577,,seeding,22,seeds/m2,PLS,native,,,233,
3033,385,known,5582,,seeding,75,seeds/m2,PLS,native,,,233,
3034,385,known,5583,,seeding,14,seeds/m2,PLS,native,,,233,
3035,385,known,5698,,seeding,103,seeds/m2,PLS,native,,,233,
3036,385,known,5763,,seeding,98,seeds/m2,PLS,native,,,233,
3037,385,known,5765,,seeding,29,seeds/m2,PLS,native,,,233,
3038,386,known,484,,seeding,54,seeds/m2,PLS,native,,,234,
3039,386,known,1686,,seeding,20,seeds/m2,PLS,native,,,234,
3040,386,known,2640,,seeding,9,seeds/m2,PLS,native,,,234,
3041,386,known,2887,,seeding,18,seeds/m2,PLS,exotic,,,234,
3042,386,known,5416,,seeding,172,seeds/m2,PLS,native,,,234,
3043,386,known,5577,,seeding,43,seeds/m2,PLS,native,,,234,
3044,386,known,5582,,seeding,171,seeds/m2,PLS,native,,,234,
3045,386,known,5583,,seeding,83,seeds/m2,PLS,native,,,234,
3046,386,known,5585,,seeding,100,seeds/m2,PLS,native,,,234,
3047,386,known,5763,,seeding,118,seeds/m2,PLS,native,,,234,
3048,386,known,5765,,seeding,32,seeds/m2,PLS,native,,,234,
3049,386,known,5932,,seeding,431,seeds/m2,PLS,native,,,234,
3050,387,known,387,,seeding,80,seeds/m2,PLS,native,,,235,
3051,387,known,484,,seeding,58,seeds/m2,PLS,native,,,235,
3052,387,known,1102,,seeding,5,seeds/m2,PLS,native,,,235,
3053,387,known,1686,,seeding,13,seeds/m2,PLS,native,,,235,
3054,387,known,1741,,seeding,9,seeds/m2,PLS,native,,,235,
3055,387,known,2640,,seeding,10,seeds/m2,PLS,native,,,235,
3056,387,known,2887,,seeding,11,seeds/m2,PLS,exotic,,,235,
3057,387,known,5415,,seeding,59,seeds/m2,PLS,native,,,235,
3058,387,known,5416,,seeding,136,seeds/m2,PLS,native,,,235,
3059,387,known,5582,,seeding,78,seeds/m2,PLS,native,,,235,
3060,387,known,5583,,seeding,17,seeds/m2,PLS,native,,,235,
3061,387,known,5585,,seeding,48,seeds/m2,PLS,native,,,235,
3062,387,known,5698,,seeding,6,seeds/m2,PLS,native,,,235,
3063,387,known,5763,,seeding,40,seeds/m2,PLS,native,,,235,
3064,387,known,5901,,seeding,101,seeds/m2,PLS,native,,,235,
3065,387,known,5952,,seeding,30,seeds/m2,PLS,native,,,235,
3066,388,known,387,,seeding,223,seeds/m2,PLS,native,,,236,
3067,388,known,484,,seeding,167,seeds/m2,PLS,native,,,236,
3068,388,known,712,,seeding,14,seeds/m2,PLS,native,,,236,
3069,388,known,1102,,seeding,107,seeds/m2,PLS,native,,,236,
3070,388,known,1624,,seeding,9,seeds/m2,PLS,native,,,236,
3071,388,known,1686,,seeding,33,seeds/m2,PLS,native,,,236,
3072,388,known,1741,,seeding,12,seeds/m2,PLS,native,,,236,
3073,388,known,2640,,seeding,10,seeds/m2,PLS,native,,,236,
3074,388,known,2861,,seeding,121,seeds/m2,PLS,exotic,,,236,
3075,388,known,2887,,seeding,11,seeds/m2,PLS,exotic,,,236,
3076,388,known,3082,,seeding,1,seeds/m2,PLS,exotic,,,236,
3077,388,known,5415,,seeding,59,seeds/m2,PLS,native,,,236,
3078,388,known,5416,,seeding,136,seeds/m2,PLS,native,,,236,
3079,388,known,5577,,seeding,27,seeds/m2,PLS,native,,,236,
3080,388,known,5582,,seeding,143,seeds/m2,PLS,native,,,236,
3081,388,known,5583,,seeding,52,seeds/m2,PLS,native,,,236,
3082,388,known,5585,,seeding,73,seeds/m2,PLS,native,,,236,
3083,388,known,5698,,seeding,6,seeds/m2,PLS,native,,,236,
3084,388,known,5763,,seeding,99,seeds/m2,PLS,native,,,236,
3085,388,known,5881,,seeding,174,seeds/m2,PLS,native,,,236,
3086,388,known,5901,,seeding,101,seeds/m2,PLS,native,,,236,
3087,388,known,5952,,seeding,55,seeds/m2,PLS,native,,,236,
3088,389,known,469,,seeding,51,seeds/m2,PLS,exotic,,,237,
3089,389,known,484,,seeding,26,seeds/m2,PLS,native,,,237,
3090,389,known,712,,seeding,23,seeds/m2,PLS,native,,,237,
3091,389,known,1686,,seeding,69,seeds/m2,PLS,native,,,237,
3092,389,known,1687,,seeding,11,seeds/m2,PLS,native,,,237,
3093,389,known,1741,,seeding,28,seeds/m2,PLS,native,,,237,
3094,389,known,5415,,seeding,19,seeds/m2,PLS,native,,,237,
3095,389,known,5416,,seeding,53,seeds/m2,PLS,native,,,237,
3096,389,known,5583,,seeding,26,seeds/m2,PLS,native,,,237,
3097,389,known,5901,,seeding,42,seeds/m2,PLS,native,,,237,
3098,389,known,5952,,seeding,28,seeds/m2,PLS,native,,,237,
3099,390,known,387,,seeding,144,seeds/m2,PLS,native,,,238,
3100,390,known,457,,seeding,11,seeds/m2,PLS,native,,,238,
3101,390,known,465,,seeding,141,seeds/m2,PLS,native,,,238,
3102,390,known,469,,seeding,102,seeds/m2,PLS,exotic,,,238,
3103,390,known,484,,seeding,87,seeds/m2,PLS,native,,,238,
3104,390,known,5415,,seeding,58,seeds/m2,PLS,native,,,238,
3105,390,known,5582,,seeding,129,seeds/m2,PLS,native,,,238,
3106,390,known,5585,,seeding,101,seeds/m2,PLS,native,,,238,
3107,390,known,5763,,seeding,59,seeds/m2,PLS,native,,,238,
3108,390,known,5881,,seeding,110,seeds/m2,PLS,native,,,238,
3109,391,known,469,,seeding,51,seeds/m2,PLS,exotic,,,239,
3110,391,known,484,,seeding,26,seeds/m2,PLS,native,,,239,
3111,391,known,712,,seeding,23,seeds/m2,PLS,native,,,239,
3112,391,known,1686,,seeding,69,seeds/m2,PLS,native,,,239,
3113,391,known,1687,,seeding,11,seeds/m2,PLS,native,,,239,
3114,391,known,1741,,seeding,28,seeds/m2,PLS,native,,,239,
3115,391,known,5415,,seeding,19,seeds/m2,PLS,native,,,239,
3116,391,known,5416,,seeding,53,seeds/m2,PLS,native,,,239,
3117,391,known,5583,,seeding,26,seeds/m2,PLS,native,,,239,
3118,391,known,5901,,seeding,42,seeds/m2,PLS,native,,,239,
3119,391,known,5952,,seeding,28,seeds/m2,PLS,native,,,239,
3120,392,known,469,,seeding,51,seeds/m2,PLS,exotic,,,240,
3121,392,known,484,,seeding,26,seeds/m2,PLS,native,,,240,
3122,392,known,712,,seeding,23,seeds/m2,PLS,native,,,240,
3123,392,known,1686,,seeding,69,seeds/m2,PLS,native,,,240,
3124,392,known,1687,,seeding,11,seeds/m2,PLS,native,,,240,
3125,392,known,1741,,seeding,28,seeds/m2,PLS,native,,,240,
3126,392,known,5415,,seeding,19,seeds/m2,PLS,native,,,240,
3127,392,known,5416,,seeding,53,seeds/m2,PLS,native,,,240,
3128,392,known,5583,,seeding,26,seeds/m2,PLS,native,,,240,
3129,392,known,5901,,seeding,42,seeds/m2,PLS,native,,,240,
3130,392,known,5952,,seeding,28,seeds/m2,PLS,native,,,240,
3131,393,known,387,,seeding,23,seeds/m2,PLS,native,,,241,
3132,393,known,469,,seeding,10,seeds/m2,PLS,exotic,,,241,
3133,393,known,484,,seeding,13,seeds/m2,PLS,native,,,241,
3134,393,known,689,,seeding,0,seeds/m2,PLS,native,,,241,
3135,393,known,4575,,seeding,5,seeds/m2,PLS,native,,,241,
3136,393,known,5415,,seeding,79,seeds/m2,PLS,native,,,241,
3137,393,known,5416,,seeding,442,seeds/m2,PLS,native,,,241,
3138,393,known,5582,,seeding,77,seeds/m2,PLS,native,,,241,
3139,393,known,5583,,seeding,40,seeds/m2,PLS,native,,,241,
3140,393,known,5763,,seeding,48,seeds/m2,PLS,native,,,241,
3141,393,known,5901,,seeding,177,seeds/m2,PLS,native,,,241,
3142,393,known,5952,,seeding,44,seeds/m2,PLS,native,,,241,
3143,394,known,387,,seeding,23,seeds/m2,PLS,native,,,242,
3144,394,known,484,,seeding,13,seeds/m2,PLS,native,,,242,
3145,394,known,1102,,seeding,12,seeds/m2,PLS,native,,,242,
3146,394,known,1686,,seeding,16,seeds/m2,PLS,native,,,242,
3147,394,known,1741,,seeding,7,seeds/m2,PLS,native,,,242,
3148,394,known,2640,,seeding,14,seeds/m2,PLS,native,,,242,
3149,394,known,2887,,seeding,9,seeds/m2,PLS,exotic,,,242,
3150,394,known,5415,,seeding,105,seeds/m2,PLS,native,,,242,
3151,394,known,5416,,seeding,295,seeds/m2,PLS,native,,,242,
3152,394,known,5582,,seeding,61,seeds/m2,PLS,native,,,242,
3153,394,known,5585,,seeding,41,seeds/m2,PLS,native,,,242,
3154,394,known,5698,,seeding,14,seeds/m2,PLS,native,,,242,
3155,394,known,5763,,seeding,38,seeds/m2,PLS,native,,,242,
3156,394,known,5901,,seeding,237,seeds/m2,PLS,native,,,242,
3157,394,known,5952,,seeding,35,seeds/m2,PLS,native,,,242,
3158,395,known,387,,seeding,309,seeds/m2,PLS,native,,,243,
3159,395,known,465,,seeding,701,seeds/m2,PLS,native,,,243,
3160,395,known,484,,seeding,13,seeds/m2,PLS,native,,,243,
3161,395,known,712,,seeding,47,seeds/m2,PLS,native,,,243,
3162,395,known,1102,,seeding,12,seeds/m2,PLS,native,,,243,
3163,395,known,1686,,seeding,46,seeds/m2,PLS,native,,,243,
3164,395,known,1741,,seeding,17,seeds/m2,PLS,native,,,243,
3165,395,known,2640,,seeding,84,seeds/m2,PLS,native,,,243,
3166,395,known,2887,,seeding,9,seeds/m2,PLS,exotic,,,243,
3167,395,known,5415,,seeding,105,seeds/m2,PLS,native,,,243,
3168,395,known,5416,,seeding,295,seeds/m2,PLS,native,,,243,
3169,395,known,5577,,seeding,33,seeds/m2,PLS,native,,,243,
3170,395,known,5582,,seeding,147,seeds/m2,PLS,native,,,243,
3171,395,known,5583,,seeding,42,seeds/m2,PLS,native,,,243,
3172,395,known,5585,,seeding,91,seeds/m2,PLS,native,,,243,
3173,395,known,5698,,seeding,14,seeds/m2,PLS,native,,,243,
3174,395,known,5763,,seeding,117,seeds/m2,PLS,native,,,243,
3175,395,known,5901,,seeding,237,seeds/m2,PLS,native,,,243,
3176,395,known,5952,,seeding,35,seeds/m2,PLS,native,,,243,
3177,396,known,387,,seeding,85,seeds/m2,PLS,native,,,244,
3178,396,known,469,,seeding,151,seeds/m2,PLS,exotic,,,244,
3179,396,known,484,,seeding,256,seeds/m2,PLS,native,,,244,
3180,396,known,712,,seeding,23,seeds/m2,PLS,native,,,244,
3181,396,known,1102,,seeding,85,seeds/m2,PLS,native,,,244,
3182,396,known,1686,,seeding,35,seeds/m2,PLS,native,,,244,
3183,396,known,1741,,seeding,15,seeds/m2,PLS,native,,,244,
3184,396,known,2861,,seeding,91,seeds/m2,PLS,exotic,,,244,
3185,396,known,5577,,seeding,22,seeds/m2,PLS,native,,,244,
3186,396,known,5582,,seeding,75,seeds/m2,PLS,native,,,244,
3187,396,known,5583,,seeding,14,seeds/m2,PLS,native,,,244,
3188,396,known,5698,,seeding,103,seeds/m2,PLS,native,,,244,
3189,396,known,5763,,seeding,98,seeds/m2,PLS,native,,,244,
3190,396,known,5765,,seeding,29,seeds/m2,PLS,native,,,244,
3191,397,known,387,,seeding,85,seeds/m2,PLS,native,,,245,
3192,397,known,469,,seeding,151,seeds/m2,PLS,exotic,,,245,
3193,397,known,484,,seeding,256,seeds/m2,PLS,native,,,245,
3194,397,known,712,,seeding,23,seeds/m2,PLS,native,,,245,
3195,397,known,1102,,seeding,85,seeds/m2,PLS,native,,,245,
3196,397,known,1686,,seeding,35,seeds/m2,PLS,native,,,245,
3197,397,known,1741,,seeding,15,seeds/m2,PLS,native,,,245,
3198,397,known,2861,,seeding,91,seeds/m2,PLS,exotic,,,245,
3199,397,known,5577,,seeding,22,seeds/m2,PLS,native,,,245,
3200,397,known,5582,,seeding,75,seeds/m2,PLS,native,,,245,
3201,397,known,5583,,seeding,14,seeds/m2,PLS,native,,,245,
3202,397,known,5698,,seeding,103,seeds/m2,PLS,native,,,245,
3203,397,known,5763,,seeding,98,seeds/m2,PLS,native,,,245,
3204,397,known,5765,,seeding,29,seeds/m2,PLS,native,,,245,
3205,398,unknown,,,seeding,35.0828535422174,kg/ha,,,,,246,
3206,399,known,387,,seeding,172,seeds/m2,PLS,native,,,247,
3207,399,known,484,,seeding,151,seeds/m2,PLS,native,,,247,
3208,399,known,1686,,seeding,11,seeds/m2,PLS,native,,,247,
3209,399,known,1741,,seeding,11,seeds/m2,PLS,native,,,247,
3210,399,known,2640,,seeding,11,seeds/m2,PLS,native,,,247,
3211,399,known,2887,,seeding,6,seeds/m2,PLS,exotic,,,247,
3212,399,known,5415,,seeding,35,seeds/m2,PLS,native,,,247,
3213,399,known,5416,,seeding,26,seeds/m2,PLS,native,,,247,
3214,399,known,5582,,seeding,75,seeds/m2,PLS,native,,,247,
3215,399,known,5583,,seeding,35,seeds/m2,PLS,native,,,247,
3216,399,known,5585,,seeding,42,seeds/m2,PLS,native,,,247,
3217,399,known,5763,,seeding,49,seeds/m2,PLS,native,,,247,
3218,399,known,5952,,seeding,31,seeds/m2,PLS,native,,,247,
3219,400,known,387,,seeding,82,seeds/m2,PLS,native,,,248,
3220,400,known,457,,seeding,9,seeds/m2,PLS,native,,,248,
3221,400,known,465,,seeding,65,seeds/m2,PLS,native,,,248,
3222,400,known,469,,seeding,6,seeds/m2,PLS,exotic,,,248,
3223,400,known,484,,seeding,40,seeds/m2,PLS,native,,,248,
3224,400,known,2174,,seeding,8,seeds/m2,PLS,native,,,248,
3225,400,known,2640,,seeding,10,seeds/m2,PLS,native,,,248,
3226,400,known,5415,,seeding,59,seeds/m2,PLS,native,,,248,
3227,400,known,5568,,seeding,29,seeds/m2,PLS,native,,,248,
3228,400,known,5582,,seeding,120,seeds/m2,PLS,native,,,248,
3229,400,known,5585,,seeding,47,seeds/m2,PLS,native,,,248,
3230,400,known,5698,,seeding,14,seeds/m2,PLS,native,,,248,
3231,400,known,5763,,seeding,27,seeds/m2,PLS,native,,,248,
3232,400,known,5881,,seeding,40,seeds/m2,PLS,native,,,248,
3233,400,known,5881,,seeding,51,seeds/m2,PLS,native,,,248,
3234,400,known,6402,,seeding,7,seeds/m2,PLS,native,,,248,
